target_label,standard_type,bao_label,molecule_chembl_id,scaffold_id,split
fxr,EC50,single protein format,CHEMBL1552,C1CCC2C(C1)CCC1C3CCCC3CCC21,development
fxr,EC50,single protein format,CHEMBL240597,C1CCC2C(C1)CCC1C3CCCC3CCC21,development
fxr,EC50,single protein format,CHEMBL3137829,C1CCC2C(C1)CCC1C3CCCC3CCC21,development
fxr,EC50,single protein format,CHEMBL185878,C1CCC2C(C1)CCC1C3CCCC3CCC21,development
fxr,EC50,single protein format,CHEMBL3138184,C1CCC2C(C1)CCC1C3CCCC3CCC21,development
fxr,EC50,single protein format,CHEMBL566315,C1CCC2C(C1)CCC1C3CCCC3CCC21,development
fxr,EC50,single protein format,CHEMBL318457,C(=Cc1ccc(OCc2conc2-c2ccccc2)cc1)c1ccccc1,development
fxr,EC50,single protein format,CHEMBL3137829,C1CCC2C(C1)CCC1C3CCCC3CCC21,development
fxr,EC50,single protein format,CHEMBL240597,C1CCC2C(C1)CCC1C3CCCC3CCC21,development
fxr,EC50,single protein format,CHEMBL566315,C1CCC2C(C1)CCC1C3CCCC3CCC21,development
fxr,EC50,single protein format,CHEMBL3138184,C1CCC2C(C1)CCC1C3CCCC3CCC21,development
fxr,EC50,single protein format,CHEMBL101381,C(=Cc1ccc(OCc2conc2-c2ccccc2)cc1)c1ccccc1,development
fxr,EC50,single protein format,CHEMBL103394,C(=Cc1ccc(OCc2conc2-c2ccccc2)cc1)c1ccccc1,development
fxr,EC50,single protein format,CHEMBL240597,C1CCC2C(C1)CCC1C3CCCC3CCC21,development
fxr,EC50,single protein format,CHEMBL318457,C(=Cc1ccc(OCc2conc2-c2ccccc2)cc1)c1ccccc1,development
fxr,EC50,single protein format,CHEMBL101327,C(=Cc1ccc(OCc2conc2-c2ccccc2)cc1)c1ccccc1,development
fxr,EC50,single protein format,CHEMBL319606,C(=Cc1ccc(OCc2conc2-c2ccccc2)cc1)c1ccccc1,development
fxr,EC50,single protein format,CHEMBL319544,C(=Cc1ccc(OCc2conc2-c2ccccc2)cc1)c1ccccc1,development
fxr,EC50,single protein format,CHEMBL319861,C(=Cc1ccc(OCc2conc2-c2ccccc2)cc1)c1ccccc1,development
fxr,EC50,single protein format,CHEMBL419721,C(=Cc1ccc(OCc2conc2-c2ccccc2)cc1)c1ccccc1,development
fxr,EC50,single protein format,CHEMBL101547,C(=Cc1ccc(OCc2conc2-c2ccccc2)cc1)c1ccccc1,development
fxr,EC50,single protein format,CHEMBL240597,C1CCC2C(C1)CCC1C3CCCC3CCC21,development
fxr,EC50,single protein format,CHEMBL318457,C(=Cc1ccc(OCc2conc2-c2ccccc2)cc1)c1ccccc1,development
fxr,EC50,single protein format,CHEMBL3137829,C1CCC2C(C1)CCC1C3CCCC3CCC21,development
fxr,EC50,single protein format,CHEMBL566315,C1CCC2C(C1)CCC1C3CCCC3CCC21,development
fxr,EC50,single protein format,CHEMBL3138060,C1CCC2C(C1)CCC1C3CCCC3CCC21,development
fxr,EC50,single protein format,CHEMBL3138046,C1CCC2C(C1)CCC1C3CCCC3CCC21,development
fxr,EC50,single protein format,CHEMBL3138036,C1CCC2C(C1)CCC1C3CCCC3CCC21,development
fxr,EC50,single protein format,CHEMBL3138054,C1CCC2C(C1)CCC1C3CCCC3CCC21,development
fxr,EC50,single protein format,CHEMBL3138311,C1CCC2C(C1)CCC1C3CCCC3CCC21,development
fxr,EC50,single protein format,CHEMBL3138327,C1CCC2C(C1)CCC1C3CCCC3CCC21,development
fxr,EC50,single protein format,CHEMBL270311,C1CCC2C(C1)CCC1C3CCCC3CCC21,development
fxr,EC50,single protein format,CHEMBL3138037,C1CCC2C(C1)CCC1C3CCCC3CCC21,development
fxr,EC50,single protein format,CHEMBL3138406,C1CCC2C(C1)CCC1C3CCCC3CCC21,development
fxr,EC50,single protein format,CHEMBL3138040,C1CCC2C(C1)CCC1C3CCCC3CCC21,development
fxr,EC50,single protein format,CHEMBL3138043,C1CCC2C(C1)CCC1C3CCCC3CCC21,development
fxr,EC50,single protein format,CHEMBL3138041,C1CCC2C(C1)CCC1C2CCC2C(CC3CC3)CCC21,development
fxr,EC50,single protein format,CHEMBL3138035,C1CCC2C(C1)CCC1C2CCC2C(CC3CC3)CCC21,development
fxr,EC50,single protein format,CHEMBL3138044,C1CCC2C(C1)CCC1C3CCCC3CCC21,development
fxr,EC50,single protein format,CHEMBL3138403,C1CCC2C(C1)CCC1C3CCCC3CCC21,development
fxr,EC50,single protein format,CHEMBL3138034,O=c1[nH]c(=O)n(CCCC2CCC3C2CCC2C4CCCCC4CCC32)o1,development
fxr,EC50,single protein format,CHEMBL3138058,C1CCC2C(C1)CCC1C3CCCC3CCC21,development
fxr,EC50,single protein format,CHEMBL3138038,C1CCC2C(C1)CCC1C3CCCC3CCC21,development
fxr,EC50,single protein format,CHEMBL193099,C(=Cc1ccc(CNc2ccccc2)cc1)c1ccccc1,development
fxr,EC50,single protein format,CHEMBL193148,O=C(C1CCCCC1)N(Cc1ccc(C=Cc2ccccc2)cc1)c1ccccc1,development
fxr,EC50,single protein format,CHEMBL189944,C(=Cc1ccc(CNc2ccccc2)cc1)c1ccccc1,development
fxr,EC50,single protein format,CHEMBL189425,C(=Cc1ccc(CNc2ccccc2)cc1)c1ccccc1,development
fxr,EC50,single protein format,CHEMBL192701,C(=Cc1ccc(CNc2ccccc2)cc1)c1ccccc1,development
fxr,EC50,single protein format,CHEMBL447784,C(=Cc1ccc(CNc2ccccc2)cc1)c1ccccc1,development
fxr,EC50,single protein format,CHEMBL189728,O=C(C1CCCCC1)N(Cc1ccc(C=Cc2ccccc2)cc1)c1ccccc1,development
fxr,EC50,single protein format,CHEMBL190440,C(=Cc1ccc(CNc2ccccc2)cc1)c1ccccc1,development
fxr,EC50,single protein format,CHEMBL190553,C(=Cc1ccc(CNc2ccccc2)cc1)c1ccccc1,development
fxr,EC50,single protein format,CHEMBL190499,C(=Cc1ccc(CNc2ccccc2)cc1)c1ccccc1,development
fxr,EC50,single protein format,CHEMBL427528,O=C(C1CCCCC1)N(Cc1ccc(C=Cc2ccccc2)cc1)c1ccccc1,development
fxr,EC50,single protein format,CHEMBL192772,C(=Cc1ccc(CNc2ccccc2)cc1)c1ccccc1,development
fxr,EC50,single protein format,CHEMBL364810,C(=Cc1ccc(CNc2ccccc2)cc1)c1ccccc1,development
fxr,EC50,single protein format,CHEMBL194004,C(=Cc1ccc(CNc2ccccc2)cc1)c1ccccc1,development
fxr,EC50,single protein format,CHEMBL370742,O=C(C1CCCCC1)N(Cc1ccc(C=Cc2ccccn2)cc1)c1ccccc1,development
fxr,EC50,single protein format,CHEMBL364289,C(=Cc1ccccn1)c1ccc(CNc2ccccc2)cc1,development
fxr,EC50,single protein format,CHEMBL372916,O=C(C1CCCCC1)N(Cc1ccc(C=Cc2cncs2)cc1)c1ccccc1,development
fxr,EC50,single protein format,CHEMBL192932,C(=Cc1cncs1)c1ccc(CNc2ccccc2)cc1,development
fxr,EC50,single protein format,CHEMBL365028,O=C(C1CCCCC1)N(Cc1ccc(-c2ccccc2)cc1)c1ccccc1,development
fxr,EC50,single protein format,CHEMBL372258,c1ccc(NCc2ccc(-c3ccccc3)cc2)cc1,development
fxr,EC50,single protein format,CHEMBL187456,O=C(C1CCCCC1)N(Cc1ccc(-c2ccccc2)cc1)c1ccccc1,development
fxr,EC50,single protein format,CHEMBL187456,O=C(C1CCCCC1)N(Cc1ccc(-c2ccccc2)cc1)c1ccccc1,development
fxr,EC50,single protein format,CHEMBL187456,O=C(C1CCCCC1)N(Cc1ccc(-c2ccccc2)cc1)c1ccccc1,development
fxr,EC50,single protein format,CHEMBL191097,c1ccc(NCc2ccc(-c3ccccc3)cc2)cc1,development
fxr,EC50,single protein format,CHEMBL364746,O=C(C1CCCCC1)N(Cc1ccc(-c2ccccc2)cc1)c1ccccc1,development
fxr,EC50,single protein format,CHEMBL190166,c1ccc(NCc2ccc(-c3ccccc3)cc2)cc1,development
fxr,EC50,single protein format,CHEMBL189930,O=C(C1CCCCC1)N(Cc1ccc(-c2ccccc2)cc1)c1ccccc1,development
fxr,EC50,single protein format,CHEMBL188141,c1ccc(NCc2ccc(-c3ccccc3)cc2)cc1,development
fxr,EC50,single protein format,CHEMBL190844,O=C(C1CCCCC1)N(Cc1ccc(-c2ccccc2)cc1)c1ccccc1,development
fxr,EC50,single protein format,CHEMBL189224,c1ccc(NCc2ccc(-c3ccccc3)cc2)cc1,development
fxr,EC50,single protein format,CHEMBL189155,c1ccc(NCc2ccc(-c3ccccc3)cc2)cc1,development
fxr,EC50,single protein format,CHEMBL190421,c1ccc(NCc2ccc(-c3ccccc3)cc2)cc1,development
fxr,EC50,single protein format,CHEMBL364749,O=C(C1CCCCC1)N(Cc1ccc(-c2ccccc2)cc1)c1ccccc1,development
fxr,EC50,single protein format,CHEMBL373308,c1ccc(NCc2ccc(-c3ccccc3)cc2)cc1,development
fxr,EC50,single protein format,CHEMBL191439,c1ccc(NCc2ccc(-c3ccccc3)cc2)cc1,development
fxr,EC50,single protein format,CHEMBL191578,O=C(C1CCCCC1)N(Cc1ccc(-c2ccc3c(c2)OCO3)cc1)c1ccccc1,development
fxr,EC50,single protein format,CHEMBL371360,c1ccc(NCc2ccc(-c3ccc4c(c3)OCO4)cc2)cc1,development
fxr,EC50,single protein format,CHEMBL371360,c1ccc(NCc2ccc(-c3ccc4c(c3)OCO4)cc2)cc1,development
fxr,EC50,single protein format,CHEMBL191236,c1ccc(NCc2ccc(-c3ccc4c(c3)OCO4)cc2)cc1,development
fxr,EC50,single protein format,CHEMBL371385,O=C(C1CCCCC1)N(Cc1ccc(-c2ccccc2)cc1)c1ccccc1,development
fxr,EC50,single protein format,CHEMBL192752,c1ccc(NCc2ccc(-c3ccccc3)cc2)cc1,development
fxr,EC50,single protein format,CHEMBL190566,c1ccc(NCc2ccc(-c3ccccc3)cc2)cc1,development
fxr,EC50,single protein format,CHEMBL426273,O=C(C1CCCCC1)N(Cc1ccc(-c2ccccc2)cc1)c1ccccc1,development
fxr,EC50,single protein format,CHEMBL363212,c1ccc(NCc2ccc(-c3ccccc3)cc2)cc1,development
fxr,EC50,single protein format,CHEMBL192966,O=C(C1CCCCC1)N(Cc1ccc(-c2ccccc2)cc1)c1ccccc1,development
fxr,EC50,single protein format,CHEMBL190508,c1ccc(NCc2ccc(-c3ccccc3)cc2)cc1,development
fxr,EC50,single protein format,CHEMBL363132,c1ccc(NCc2ccc(-c3ccccc3)cc2)cc1,development
fxr,EC50,single protein format,CHEMBL192270,O=C(C1CCCCC1)N(Cc1ccc(-c2ccccc2)cc1)c1ccccc1,development
fxr,EC50,single protein format,CHEMBL192769,O=C(C1CCCCC1)N(Cc1ccccc1)c1ccccc1,development
fxr,EC50,single protein format,CHEMBL190304,O=C(C1CCCCC1)N(Cc1ccccc1)c1ccccc1,development
fxr,EC50,single protein format,CHEMBL435492,O=C(c1ccccc1)N(Cc1ccccc1)c1ccccc1,development
fxr,EC50,single protein format,CHEMBL189309,O=C(c1ccco1)N(Cc1ccccc1)c1ccccc1,development
fxr,EC50,single protein format,CHEMBL190181,c1ccc(CNc2ccccc2)cc1,development
fxr,EC50,single protein format,CHEMBL189741,O=C(C1CCCCC1)N(Cc1ccc2c(c1)OCC=C2)c1ccccc1,development
fxr,EC50,single protein format,CHEMBL189265,O=C(C1CCCCC1)N(Cc1ccccc1)c1ccccc1,development
fxr,EC50,single protein format,CHEMBL191741,O=C(C1CCCCC1)N(Cc1ccccc1)c1ccccc1,development
fxr,EC50,single protein format,CHEMBL191984,O=C(C1CCCCC1)N(Cc1ccc(-c2ccccc2)cc1)c1ccccc1,development
fxr,EC50,single protein format,CHEMBL364008,O=C(C1CCCCC1)N(Cc1ccc(-c2ccccc2)cc1)c1ccccc1,development
fxr,EC50,single protein format,CHEMBL189897,O=C(C1CCCCC1)N(Cc1ccc(-c2cccs2)cc1)c1ccccc1,development
fxr,EC50,single protein format,CHEMBL189685,O=C(C1CCCCC1)N(Cc1ccc(-c2cccs2)cc1)c1ccccc1,development
fxr,EC50,single protein format,CHEMBL192070,O=C(C1CCCCC1)N(Cc1ccc(C=Cc2ccccc2)cc1)c1ccccc1,development
fxr,EC50,single protein format,CHEMBL440208,O=C(C1CCCCC1)N(Cc1ccccc1)c1ccccc1,development
fxr,EC50,single protein format,CHEMBL192174,O=C(C1CCCCC1)N(Cc1ccccc1)c1ccccc1,development
fxr,EC50,single protein format,CHEMBL192174,O=C(C1CCCCC1)N(Cc1ccccc1)c1ccccc1,development
fxr,EC50,single protein format,CHEMBL194054,O=C(C1CCCCC1)N(Cc1ccccc1)c1ccccc1,development
fxr,EC50,single protein format,CHEMBL192852,O=C(C1CCCCC1)N(Cc1ccccc1)c1ccccc1,development
fxr,EC50,single protein format,CHEMBL189735,O=C(C1CCCCC1)N(Cc1ccc(C=Cc2ccccc2)cc1)c1ccccc1,development
fxr,EC50,single protein format,CHEMBL189735,O=C(C1CCCCC1)N(Cc1ccc(C=Cc2ccccc2)cc1)c1ccccc1,development
fxr,EC50,single protein format,CHEMBL371414,O=C(C1CCCCC1)N(Cc1ccc(C=Cc2ccccc2)cc1)c1ccccc1,development
fxr,EC50,single protein format,CHEMBL371414,O=C(C1CCCCC1)N(Cc1ccc(C=Cc2ccccc2)cc1)c1ccccc1,development
fxr,EC50,single protein format,CHEMBL370479,C(=Cc1ccc(CNc2ccccc2)cc1)c1ccccc1,development
fxr,EC50,single protein format,CHEMBL370479,C(=Cc1ccc(CNc2ccccc2)cc1)c1ccccc1,development
fxr,EC50,single protein format,CHEMBL425374,C(=Cc1ccc(CNc2ccccc2)cc1)c1ccccc1,development
fxr,EC50,single protein format,CHEMBL425374,C(=Cc1ccc(CNc2ccccc2)cc1)c1ccccc1,development
fxr,EC50,single protein format,CHEMBL371346,C(=Cc1ccc(CNc2ccccc2)cc1)c1ccccc1,development
fxr,EC50,single protein format,CHEMBL371346,C(=Cc1ccc(CNc2ccccc2)cc1)c1ccccc1,development
fxr,EC50,single protein format,CHEMBL363873,C(=Cc1ccc(CNc2ccccc2)cc1)c1ccccc1,development
fxr,EC50,single protein format,CHEMBL363873,C(=Cc1ccc(CNc2ccccc2)cc1)c1ccccc1,development
fxr,EC50,single protein format,CHEMBL190830,O=C(C1CCCCC1)N(Cc1ccc(C=Cc2ccccc2)cc1)c1ccccc1,development
fxr,EC50,single protein format,CHEMBL190830,O=C(C1CCCCC1)N(Cc1ccc(C=Cc2ccccc2)cc1)c1ccccc1,development
fxr,EC50,single protein format,CHEMBL364915,c1ccc(NCc2ccc(-c3ccccc3)cc2)cc1,development
fxr,EC50,single protein format,CHEMBL364915,c1ccc(NCc2ccc(-c3ccccc3)cc2)cc1,development
fxr,EC50,single protein format,CHEMBL365791,c1ccc(NCc2ccc(-c3ccccc3)cc2)cc1,development
fxr,EC50,single protein format,CHEMBL365791,c1ccc(NCc2ccc(-c3ccccc3)cc2)cc1,development
fxr,EC50,single protein format,CHEMBL362898,c1ccc(NCc2ccc(-c3ccccc3)cc2)cc1,development
fxr,EC50,single protein format,CHEMBL362898,c1ccc(NCc2ccc(-c3ccccc3)cc2)cc1,development
fxr,EC50,single protein format,CHEMBL191379,O=C(C1CCCCC1)N(Cc1ccc(-c2ccccc2)cc1)c1ccccc1,development
fxr,EC50,single protein format,CHEMBL191379,O=C(C1CCCCC1)N(Cc1ccc(-c2ccccc2)cc1)c1ccccc1,development
fxr,EC50,single protein format,CHEMBL425555,c1ccc(NCc2ccc(-c3ccccc3)cc2)cc1,development
fxr,EC50,single protein format,CHEMBL425555,c1ccc(NCc2ccc(-c3ccccc3)cc2)cc1,development
fxr,EC50,single protein format,CHEMBL194104,O=C(C1CCCCC1)N(Cc1ccc(-c2ccccc2)cc1)c1ccccc1,development
fxr,EC50,single protein format,CHEMBL194104,O=C(C1CCCCC1)N(Cc1ccc(-c2ccccc2)cc1)c1ccccc1,development
fxr,EC50,single protein format,CHEMBL364932,O=C(C1CCCCC1)N(Cc1ccc(-c2ccccc2)cc1)c1ccccc1,development
fxr,EC50,single protein format,CHEMBL364932,O=C(C1CCCCC1)N(Cc1ccc(-c2ccccc2)cc1)c1ccccc1,development
fxr,EC50,single protein format,CHEMBL189432,c1ccc(NCc2ccc(-c3ccccc3)cc2)cc1,development
fxr,EC50,single protein format,CHEMBL189432,c1ccc(NCc2ccc(-c3ccccc3)cc2)cc1,development
fxr,EC50,single protein format,CHEMBL240597,C1CCC2C(C1)CCC1C3CCCC3CCC21,development
fxr,EC50,single protein format,CHEMBL240597,C1CCC2C(C1)CCC1C3CCCC3CCC21,development
fxr,EC50,single protein format,CHEMBL318457,C(=Cc1ccc(OCc2conc2-c2ccccc2)cc1)c1ccccc1,development
fxr,EC50,single protein format,CHEMBL189941,O=C(C1CCCCC1)N(Cc1ccc(-c2ccccc2)cc1)c1ccccc1,development
fxr,EC50,single protein format,CHEMBL364715,O=C(C1CCCCC1)N(Cc1ccc(-c2ccc3c(c2)OCO3)cc1)c1ccccc1,development
fxr,EC50,single protein format,CHEMBL193020,O=C(C1CCCCC1)N(Cc1ccc(C=Cc2ccccc2)cc1)c1ccccc1,development
fxr,EC50,single protein format,CHEMBL566315,C1CCC2C(C1)CCC1C3CCCC3CCC21,development
fxr,EC50,single protein format,CHEMBL197473,O=C(C1CC1)N(Cc1ccc2c(c1)OCC=C2)c1ccccc1,development
fxr,EC50,single protein format,CHEMBL192966,O=C(C1CCCCC1)N(Cc1ccc(-c2ccccc2)cc1)c1ccccc1,development
fxr,EC50,single protein format,CHEMBL197473,O=C(C1CC1)N(Cc1ccc2c(c1)OCC=C2)c1ccccc1,development
fxr,EC50,single protein format,CHEMBL192966,O=C(C1CCCCC1)N(Cc1ccc(-c2ccccc2)cc1)c1ccccc1,development
fxr,EC50,single protein format,CHEMBL466831,C(=Cc1ccc(OCc2conc2-c2ccccc2)cc1)c1ccccc1,development
fxr,EC50,single protein format,CHEMBL513828,C(=Cc1ccc(OCc2conc2-c2ccccc2)cc1)c1ccccc1,development
fxr,EC50,single protein format,CHEMBL466868,C(=Cc1ccc(OCc2conc2-c2ccccc2)cc1)c1ccccc1,development
fxr,EC50,single protein format,CHEMBL466867,C(=Cc1ccc(OCc2c(-c3ccccc3)noc2C2CCCC2)cc1)c1ccccc1,development
fxr,EC50,single protein format,CHEMBL468110,C(=Cc1ccc(OCc2c(-c3ccccc3)noc2C2CCC2)cc1)c1ccccc1,development
fxr,EC50,single protein format,CHEMBL467906,C(=Cc1ccc(OCc2conc2C2CC2c2ccccc2)cc1)c1ccccc1,development
fxr,EC50,single protein format,CHEMBL468734,C(=Cc1ccc(OCc2conc2CSc2nnn[nH]2)cc1)c1ccccc1,development
fxr,EC50,single protein format,CHEMBL466439,C(=Cc1ccc(OCc2conc2COc2cccc3ccccc23)cc1)c1ccccc1,development
fxr,EC50,single protein format,CHEMBL466232,C(=Cc1ccc(OCc2conc2COc2ccccc2)cc1)c1ccccc1,development
fxr,EC50,single protein format,CHEMBL466641,C(=Cc1ccc(OCc2conc2COc2ccccc2)cc1)c1ccccc1,development
fxr,EC50,single protein format,CHEMBL467054,C(=Cc1ccc(OCc2conc2COc2ccccc2)cc1)c1ccccc1,development
fxr,EC50,single protein format,CHEMBL467053,C(=Cc1ccc(OCc2conc2COc2ccccc2)cc1)c1ccccc1,development
fxr,EC50,single protein format,CHEMBL523368,C(=Cc1ccc(OCc2conc2COc2ccccc2)cc1)c1ccccc1,development
fxr,EC50,single protein format,CHEMBL437481,C(=Cc1ccc(OCc2conc2COc2ccccc2)cc1)c1ccccc1,development
fxr,EC50,single protein format,CHEMBL522153,C(=Cc1ccc(OCc2conc2COc2ccccc2)cc1)c1ccccc1,development
fxr,EC50,single protein format,CHEMBL492963,C(=Cc1ccc(OCc2conc2COc2ccccc2)cc1)c1ccccc1,development
fxr,EC50,single protein format,CHEMBL494195,C(=Cc1ccc(OCc2conc2COc2ccccc2)cc1)c1ccccc1,development
fxr,EC50,single protein format,CHEMBL494194,C(=Cc1ccc(OCc2conc2COc2ccccc2)cc1)c1ccccc1,development
fxr,EC50,single protein format,CHEMBL495365,C(=Cc1ccc(OCc2conc2COc2ccccc2)cc1)c1ccccc1,development
fxr,EC50,single protein format,CHEMBL468939,C(=Cc1ccc(OCc2conc2COc2ccccc2)cc1)c1ccccc1,development
fxr,EC50,single protein format,CHEMBL466227,C(=Cc1ccc(OCc2conc2COc2ccccc2)cc1)c1ccccc1,development
fxr,EC50,single protein format,CHEMBL466026,C(=Cc1ccc(OCc2conc2COc2ccccc2)cc1)c1ccccc1,development
fxr,EC50,single protein format,CHEMBL511261,C(=Cc1ccc(OCc2conc2COc2ccccc2)cc1)c1ccccc1,development
fxr,EC50,single protein format,CHEMBL469128,C(=Cc1ccc(OCc2conc2COc2ccccc2)cc1)c1ccccc1,development
fxr,EC50,single protein format,CHEMBL512469,O=S(=O)(Cc1nocc1COc1ccc(C=Cc2ccccc2)cc1)c1ccccc1,development
fxr,EC50,single protein format,CHEMBL468714,C(=Cc1ccc(OCc2conc2C[SH+]c2ccccc2)cc1)c1ccccc1,development
fxr,EC50,single protein format,CHEMBL466620,C(=Cc1ccc(OCc2conc2CNc2ccncc2)cc1)c1ccccc1,development
fxr,EC50,single protein format,CHEMBL466452,C(=Cc1ccc(OCc2conc2CNc2ccccc2)cc1)c1ccccc1,development
fxr,EC50,single protein format,CHEMBL466451,C(=Cc1ccc(OCc2conc2COc2ccccc2)cc1)c1ccccc1,development
fxr,EC50,single protein format,CHEMBL466248,C(=Cc1ccc(OCc2conc2COc2ccccc2)cc1)c1ccccc1,development
fxr,EC50,single protein format,CHEMBL466233,C(=Cc1ccc(OCc2cnoc2)cc1)c1ccccc1,development
fxr,EC50,single protein format,CHEMBL513475,C(=Cc1ccc(OCc2cnoc2)cc1)c1ccccc1,development
fxr,EC50,single protein format,CHEMBL467060,C(=Cc1ccc(OCc2conc2CCCc2ccccc2)cc1)c1ccccc1,development
fxr,EC50,single protein format,CHEMBL469135,C(=Cc1ccc(OCc2conc2-c2ccncc2)cc1)c1ccccc1,development
fxr,EC50,single protein format,CHEMBL318457,C(=Cc1ccc(OCc2conc2-c2ccccc2)cc1)c1ccccc1,development
fxr,EC50,single protein format,CHEMBL318457,C(=Cc1ccc(OCc2conc2-c2ccccc2)cc1)c1ccccc1,development
fxr,EC50,single protein format,CHEMBL558267,c1ccc(-c2cc3cc(OCc4conc4-c4ccccc4)ccc3s2)cc1,development
fxr,EC50,single protein format,CHEMBL560805,c1ccc(-c2cc3cc(OCc4conc4-c4ccccc4)ccc3s2)cc1,development
fxr,EC50,single protein format,CHEMBL558143,c1ccc(-c2cc3ccc(OCc4conc4-c4ccccc4)cc3s2)cc1,development
fxr,EC50,single protein format,CHEMBL551019,c1ccc(-c2cc3ccc(OCc4conc4-c4ccccc4)cc3s2)cc1,development
fxr,EC50,single protein format,CHEMBL551344,c1ccc(-c2nc3ccc(OCc4conc4-c4ccccc4)cc3s2)cc1,development
fxr,EC50,single protein format,CHEMBL558724,c1ccc(-c2cc3cc(OCc4conc4-c4ccccc4)ccc3[nH]2)cc1,development
fxr,EC50,single protein format,CHEMBL559554,c1ccc(-c2ccc3cc(OCc4conc4-c4ccccc4)ccc3c2)cc1,development
fxr,EC50,single protein format,CHEMBL551345,c1ccc(-c2ccc3cc(OCc4conc4-c4ccccc4)ccc3c2)cc1,development
fxr,EC50,single protein format,CHEMBL564917,O=C1c2ccc(OCc3conc3-c3ccccc3)cc2CN1c1ccccc1,development
fxr,EC50,single protein format,CHEMBL558662,O=C1Cc2cc(OCc3conc3-c3ccccc3)ccc2CN1c1ccccc1,development
fxr,EC50,single protein format,CHEMBL563241,c1ccc(-c2ccc3nc(NCc4conc4-c4ccccc4)sc3c2)cc1,development
fxr,EC50,single protein format,CHEMBL556311,c1ccc(-c2ccc3oc(CCc4conc4-c4ccccc4)nc3c2)cc1,development
fxr,EC50,single protein format,CHEMBL562086,c1ccc(Cn2ccc3cc(OCc4conc4-c4ccccc4)ccc32)cc1,development
fxr,EC50,single protein format,CHEMBL560147,c1ccc(Cn2ccc3cc(OCc4conc4-c4ccccc4)ccc32)cc1,development
fxr,EC50,single protein format,CHEMBL552352,c1ccc(Cc2c[nH]c3cc(OCc4conc4-c4ccccc4)ccc23)cc1,development
fxr,EC50,single protein format,CHEMBL562011,O=C(c1ccccc1)n1ccc2cc(OCc3conc3-c3ccccc3)ccc21,development
fxr,EC50,single protein format,CHEMBL2094007,c1ccc(Cc2c[nH]c3ccc(OCc4conc4-c4ccccc4)cc23)cc1,development
fxr,EC50,single protein format,CHEMBL554727,c1ccc(Nc2cccc3cc(OCc4conc4-c4ccccc4)ccc23)cc1,development
fxr,EC50,single protein format,CHEMBL559890,c1ccc(Nc2cccc3nc(CCc4conc4-c4ccccc4)oc23)cc1,development
fxr,EC50,single protein format,CHEMBL1209059,c1ccc(-c2nocc2COc2ccccn2)cc1,development
fxr,EC50,single protein format,CHEMBL1209060,c1ccc(-c2nocc2COc2ccc3ccccc3n2)cc1,development
fxr,EC50,single protein format,CHEMBL1209061,c1ccc(-c2nocc2COc2ccccn2)cc1,development
fxr,EC50,single protein format,CHEMBL1209108,c1ccc(CNc2ccc(OCc3conc3-c3ccccc3)nc2)cc1,development
fxr,EC50,single protein format,CHEMBL1209109,c1ccc(CNc2ccc(OCc3conc3-c3ccccc3)nc2)cc1,development
fxr,EC50,single protein format,CHEMBL1209110,c1ccc(CNc2ccc(OCc3conc3-c3ccccc3)nc2)cc1,development
fxr,EC50,single protein format,CHEMBL1209111,c1ccc(CNc2ccc(OCc3conc3-c3ccccc3)nc2)cc1,development
fxr,EC50,single protein format,CHEMBL1209112,c1ccc(CNc2ccc(OCc3conc3-c3ccccc3)nc2)cc1,development
fxr,EC50,single protein format,CHEMBL1209113,c1ccc(CNc2ccc(OCc3conc3-c3ccccc3)nc2)cc1,development
fxr,EC50,single protein format,CHEMBL1209169,c1ccc(CNc2ccc(OCc3conc3-c3ccccc3)nc2)cc1,development
fxr,EC50,single protein format,CHEMBL1209171,c1ccc(CNc2ccc(OCc3conc3-c3ccccc3)nc2)cc1,development
fxr,EC50,single protein format,CHEMBL1209172,c1ccc(CNc2ccc(OCc3conc3-c3ccccc3)nc2)cc1,development
fxr,EC50,single protein format,CHEMBL1209227,c1ccc(CNc2ccc(OCc3conc3-c3ccccc3)cn2)cc1,development
fxr,EC50,single protein format,CHEMBL1209228,c1ccc(CNc2ccc(OCc3conc3-c3ccccc3)cn2)cc1,development
fxr,EC50,single protein format,CHEMBL1209292,c1ccc(OCc2ccc(OCc3c(-c4ccccc4)noc3C3CC3)nc2)cc1,development
fxr,EC50,single protein format,CHEMBL1209293,c1ccc(OCc2ccc(OCc3c(-c4ccccc4)noc3C3CC3)nc2)cc1,development
fxr,EC50,single protein format,CHEMBL1209294,c1ccc(OCc2ccc(OCc3c(-c4ccccc4)noc3C3CC3)nc2)cc1,development
fxr,EC50,single protein format,CHEMBL1209364,c1ccc(OCc2ccc(OCc3c(-c4ccccc4)noc3C3CC3)nc2)cc1,development
fxr,EC50,single protein format,CHEMBL1209365,c1ccc(OCc2ccc(OCc3c(-c4ccccc4)noc3C3CC3)nc2)cc1,development
fxr,EC50,single protein format,CHEMBL318457,C(=Cc1ccc(OCc2conc2-c2ccccc2)cc1)c1ccccc1,development
fxr,EC50,single protein format,CHEMBL240597,C1CCC2C(C1)CCC1C3CCCC3CCC21,development
fxr,EC50,single protein format,CHEMBL566315,C1CCC2C(C1)CCC1C3CCCC3CCC21,development
fxr,EC50,single protein format,CHEMBL3138092,O=C(NCCCC1CCC2C1CCC1C3CCCCC3CCC21)OCC=Cc1ccccc1,development
fxr,EC50,single protein format,CHEMBL1765565,O=C(NCCCC1CCC2C1CCC1C3CCCCC3CCC21)OCC=Cc1ccccc1,development
fxr,EC50,single protein format,CHEMBL318457,C(=Cc1ccc(OCc2conc2-c2ccccc2)cc1)c1ccccc1,development
fxr,EC50,single protein format,CHEMBL1834966,c1ccc(-c2nocc2COc2ccc(-c3nc4ccccc4[nH]3)cc2)cc1,development
fxr,EC50,single protein format,CHEMBL1672448,c1ccc(-c2nocc2COc2ccc(-c3ccc4ncccc4c3)cc2)cc1,development
fxr,EC50,single protein format,CHEMBL476302,c1ccc(-c2nocc2COc2ccc(-c3ccc4ccccc4c3)cc2)cc1,development
fxr,EC50,single protein format,CHEMBL1834967,c1ccc(-c2nocc2COc2ccc(-c3ccc4c(c3)CCCC4)cc2)cc1,development
fxr,EC50,single protein format,CHEMBL1834968,c1ccc(-c2nocc2COc2ccc(-c3ccc4ccsc4c3)cc2)cc1,development
fxr,EC50,single protein format,CHEMBL1835044,c1ccc(-c2nocc2COc2ccc(-c3ccc4cc[nH]c4c3)cc2)cc1,development
fxr,EC50,single protein format,CHEMBL1835045,c1ccc(-c2nocc2COc2ccc(Cn3ccc4ccccc43)cc2)cc1,development
fxr,EC50,single protein format,CHEMBL1835047,c1ccc(-c2nocc2COc2ccc(-c3ccc4sccc4c3)cc2)cc1,development
fxr,EC50,single protein format,CHEMBL1833985,c1ccc(-c2nocc2COc2ccc(-c3ccc4cc[nH]c4c3)cc2)cc1,development
fxr,EC50,single protein format,CHEMBL1835049,c1ccc(-c2nocc2COc2ccc(-c3ccc4[nH]ccc4c3)cc2)cc1,development
fxr,EC50,single protein format,CHEMBL1835050,c1ccc(-c2nocc2COc2ccc(-c3ccc4sccc4n3)cc2)cc1,development
fxr,EC50,single protein format,CHEMBL1835051,c1ccc(-c2nocc2COc2ccc(-c3ccc4c(c3)CCC4)cc2)cc1,development
fxr,EC50,single protein format,CHEMBL2037335,O=C1CSC(c2ccc(Oc3ccccc3)cc2)c2cnn(-c3ccccc3)c2N1,development
fxr,EC50,single protein format,CHEMBL2037334,O=C1CSC(c2ccc(Oc3ccccc3)cc2)c2cnn(-c3ccccc3)c2N1,development
fxr,EC50,single protein format,CHEMBL2037333,O=C1CSC(c2ccc(Oc3ccccc3)cc2)c2cnn(-c3ccccc3)c2N1,development
fxr,EC50,single protein format,CHEMBL2037332,O=C1CSC(c2ccc(Oc3ccccc3)cc2)c2cnn(-c3ccccc3)c2N1,development
fxr,EC50,single protein format,CHEMBL2037331,O=C1CSC(c2ccc(Oc3ccccc3)cc2)c2cnn(-c3ccccc3)c2N1,development
fxr,EC50,single protein format,CHEMBL2037330,O=C1CSC(c2ccc(Oc3ccccc3)cc2)c2cnn(-c3ccccc3)c2N1,development
fxr,EC50,single protein format,CHEMBL2037329,O=C1CSC(c2ccc(Oc3ccccc3)cc2)c2cnn(-c3ccccc3)c2N1,development
fxr,EC50,single protein format,CHEMBL2037328,O=C1CSC(c2ccc(Oc3ccccc3)cc2)c2cnn(-c3ccccc3)c2N1,development
fxr,EC50,single protein format,CHEMBL2037327,O=C1CSC(c2ccc(Oc3ccccc3)cc2)c2cnn(-c3ccccc3)c2N1,development
fxr,EC50,single protein format,CHEMBL2037326,O=C1CSC(c2ccc(Oc3ccccc3)cc2)c2cnn(-c3ccccc3)c2N1,development
fxr,EC50,single protein format,CHEMBL2037325,O=C1CSC(c2ccc(Oc3ccccc3)cc2)c2cnn(-c3ccccc3)c2N1,development
fxr,EC50,single protein format,CHEMBL2037324,O=C1CSC(c2ccc(Oc3ccccc3)cc2)c2cnn(-c3ccccc3)c2N1,development
fxr,EC50,single protein format,CHEMBL2037316,O=C1CSC(c2ccc(Oc3ccccc3)cc2)c2cnn(-c3ccccc3)c2N1,development
fxr,EC50,single protein format,CHEMBL2037315,O=C1CSC(c2ccc(Oc3ccccc3)cc2)c2cnn(-c3ccccc3)c2N1,development
fxr,EC50,single protein format,CHEMBL2037314,O=C1CSC(c2ccc(Oc3ccccc3)cc2)c2cnn(-c3ccccc3)c2N1,development
fxr,EC50,single protein format,CHEMBL2037313,O=C1CSC(c2ccc(Oc3ccccc3)cc2)c2cnn(-c3ccccc3)c2N1,development
fxr,EC50,single protein format,CHEMBL2037312,O=C1CSC(c2ccc(-c3cc4ccccc4o3)cc2)c2cnn(-c3ccccc3)c2N1,development
fxr,EC50,single protein format,CHEMBL2037305,O=C1CSC(c2ccc(-c3ccco3)cc2)c2cnn(-c3ccccc3)c2N1,development
fxr,EC50,single protein format,CHEMBL2037311,O=C1CSC(c2ccc(-c3ccsc3)cc2)c2cnn(-c3ccccc3)c2N1,development
fxr,EC50,single protein format,CHEMBL2037310,O=C1CSC(c2ccc(-c3cccs3)cc2)c2cnn(-c3ccccc3)c2N1,development
fxr,EC50,single protein format,CHEMBL2037190,O=C1CSC(c2ccc(-c3ccccc3)cc2)c2cnn(-c3ccccc3)c2N1,development
fxr,EC50,single protein format,CHEMBL2037189,O=C1CSC(c2ccc(-c3ccccc3)cc2)c2cnn(-c3ccccc3)c2N1,development
fxr,EC50,single protein format,CHEMBL2037188,O=C1CSC(c2ccc(-c3ccccc3)cc2)c2cnn(-c3ccccc3)c2N1,development
fxr,EC50,single protein format,CHEMBL2037187,O=C1CSC(c2ccc(-c3ccccc3)cc2)c2cnn(-c3ccccc3)c2N1,development
fxr,EC50,single protein format,CHEMBL2037186,O=C1CSC(c2ccc(-c3ccccc3)cc2)c2cnn(-c3ccccc3)c2N1,development
fxr,EC50,single protein format,CHEMBL2158163,O=C(NC(Cc1ccccc1)C(=O)Nc1ccccc1)c1ccccc1,development
fxr,EC50,single protein format,CHEMBL318457,C(=Cc1ccc(OCc2conc2-c2ccccc2)cc1)c1ccccc1,development
fxr,EC50,single protein format,CHEMBL318457,C(=Cc1ccc(OCc2conc2-c2ccccc2)cc1)c1ccccc1,development
fxr,EC50,single protein format,CHEMBL318457,C(=Cc1ccc(OCc2conc2-c2ccccc2)cc1)c1ccccc1,development
fxr,EC50,single protein format,CHEMBL318457,C(=Cc1ccc(OCc2conc2-c2ccccc2)cc1)c1ccccc1,development
fxr,EC50,single protein format,CHEMBL2398209,O=C1CSC(c2ccc(Oc3ccccc3)cc2)c2cnn(-c3ccccc3)c2N1,development
fxr,EC50,single protein format,CHEMBL2398208,O=C1CSC(c2ccc(Oc3ccccc3)cc2)c2cnn(-c3ccccc3)c2N1,development
fxr,EC50,single protein format,CHEMBL2398207,O=C1CSC(c2ccc(Oc3ccccc3)cc2)c2cnn(-c3ccccc3)c2N1,development
fxr,EC50,single protein format,CHEMBL2037313,O=C1CSC(c2ccc(Oc3ccccc3)cc2)c2cnn(-c3ccccc3)c2N1,development
fxr,EC50,single protein format,CHEMBL2037313,O=C1CSC(c2ccc(Oc3ccccc3)cc2)c2cnn(-c3ccccc3)c2N1,development
fxr,EC50,single protein format,CHEMBL318457,C(=Cc1ccc(OCc2conc2-c2ccccc2)cc1)c1ccccc1,development
fxr,EC50,single protein format,CHEMBL318457,C(=Cc1ccc(OCc2conc2-c2ccccc2)cc1)c1ccccc1,development
fxr,EC50,single protein format,CHEMBL318457,C(=Cc1ccc(OCc2conc2-c2ccccc2)cc1)c1ccccc1,development
fxr,EC50,single protein format,CHEMBL3357418,C(=Cc1ccc(OCc2[nH]cnc2COc2ccccc2)cc1)c1ccccc1,development
fxr,EC50,single protein format,CHEMBL3357417,C(=Cc1ccc(OCc2cocc2COc2ccccc2)cc1)c1ccccc1,development
fxr,EC50,single protein format,CHEMBL3357416,O=c1occ(COc2ccc(C=Cc3ccccc3)cc2)n1CCc1ccccc1,development
fxr,EC50,single protein format,CHEMBL3357415,O=c1occ(COc2ccc(C=Cc3ccccc3)cc2)n1Cc1ccccc1,development
fxr,EC50,single protein format,CHEMBL3357420,C(=Cc1ccc(OCc2[nH]nnc2-c2ccccc2)cc1)c1ccccc1,development
fxr,EC50,single protein format,CHEMBL3357421,C(=Cc1ccc(OCc2cnnn2-c2ccccc2)cc1)c1ccccc1,development
fxr,EC50,single protein format,CHEMBL3357422,C(=Cc1ccc(OCc2ccnn2-c2ccccc2)cc1)c1ccccc1,development
fxr,EC50,single protein format,CHEMBL566315,C1CCC2C(C1)CCC1C3CCCC3CCC21,development
fxr,EC50,single protein format,CHEMBL318457,C(=Cc1ccc(OCc2conc2-c2ccccc2)cc1)c1ccccc1,development
fxr,EC50,single protein format,CHEMBL318457,C(=Cc1ccc(OCc2conc2-c2ccccc2)cc1)c1ccccc1,development
fxr,EC50,single protein format,CHEMBL566315,C1CCC2C(C1)CCC1C3CCCC3CCC21,development
fxr,EC50,single protein format,CHEMBL3746388,c1ccc(-c2noc(C3CC3)c2COC2CCN(c3ccc4cc[nH]c4c3)CC2)cc1,development
fxr,EC50,single protein format,CHEMBL318457,C(=Cc1ccc(OCc2conc2-c2ccccc2)cc1)c1ccccc1,development
fxr,EC50,single protein format,CHEMBL3793436,c1ccc(Cc2cnc(SCCOc3ccc(-n4ccnc4)cc3)n2-c2ccccc2)cc1,development
fxr,EC50,single protein format,CHEMBL241106,O=C1C=CCC=CCCC=CC=CC=CCCCC=CC=CCC(c2cscn2)O1,development
fxr,EC50,single protein format,CHEMBL240597,C1CCC2C(C1)CCC1C3CCCC3CCC21,development
fxr,EC50,single protein format,CHEMBL3823077,c1ccc(-c2noc(C3CC3)c2COc2ccc(C3CC3c3ccccc3)cc2)cc1,development
fxr,EC50,single protein format,CHEMBL3823213,c1ccc(-c2noc(C3CC3)c2COc2ccc(C3CC3c3ccccc3)cc2)cc1,development
fxr,EC50,single protein format,CHEMBL3824337,c1ccc(-c2noc(C3CC3)c2COc2ccc(C3CC3c3ccc4cn[nH]c4c3)cc2)cc1,development
fxr,EC50,single protein format,CHEMBL3822755,c1ccc(-c2noc(C3CC3)c2COc2ccc(C3CC3c3ccn[nH]3)cc2)cc1,development
fxr,EC50,single protein format,CHEMBL3822798,c1ccc(-c2noc(C3CC3)c2COc2ccc(C3CC3c3ccn[nH]3)cc2)cc1,development
fxr,EC50,single protein format,CHEMBL3824163,c1ccc(-c2noc(C3CC3)c2COc2ccc(C3CC3c3cccnc3)cc2)cc1,development
fxr,EC50,single protein format,CHEMBL3823070,c1ccc(-c2noc(C3CC3)c2COc2ccc(C3CC3c3cccnc3)cc2)cc1,development
fxr,EC50,single protein format,CHEMBL3824162,c1ccc(-c2noc(C3CC3)c2COc2ccc(C3CC3c3ccccc3)cc2)cc1,development
fxr,EC50,single protein format,CHEMBL3824077,c1ccc(-c2noc(C3CC3)c2COc2ccc(C3CC3c3ccccc3)cc2)cc1,development
fxr,EC50,single protein format,CHEMBL3822597,c1ccc(-c2noc(C3CC3)c2COc2ccc(C3CC3c3ccccc3)cc2)cc1,development
fxr,EC50,single protein format,CHEMBL3822464,c1ccc(-c2noc(C3CC3)c2COc2ccc(C3CC3c3ccccc3)cc2)cc1,development
fxr,EC50,single protein format,CHEMBL3822773,c1ccc(-c2noc(C3CC3)c2COc2ccc(C3CC3c3ccccc3)cc2)cc1,development
fxr,EC50,single protein format,CHEMBL3822803,c1ccc(-c2noc(C3CC3)c2COc2ccc(C3CC3c3ccccc3)cc2)cc1,development
fxr,EC50,single protein format,CHEMBL318457,C(=Cc1ccc(OCc2conc2-c2ccccc2)cc1)c1ccccc1,development
fxr,EC50,single protein format,CHEMBL3823312,c1ccc(-c2noc(C3CC3)c2COc2ccc(C3CC3c3ccc(-c4nnn[nH]4)nc3)cc2)cc1,development
fxr,EC50,single protein format,CHEMBL3822935,c1ccc(-c2noc(C3CC3)c2COc2ccc(C3CC3c3ccccc3)cc2)cc1,development
fxr,EC50,single protein format,CHEMBL3822953,c1ccc(-c2noc(C3CC3)c2COc2ccc(C3CC3c3ccccc3)cc2)cc1,development
fxr,EC50,single protein format,CHEMBL3822859,c1ccc(-c2noc(C3CC3)c2COc2ccc(C3CC(c4ccccc4)C3)cc2)cc1,development
fxr,EC50,single protein format,CHEMBL3823491,c1ccc(-c2noc(C3CC3)c2COc2ccc(C3CC(c4ccccc4)C3)cc2)cc1,development
fxr,EC50,single protein format,CHEMBL3822901,c1ccc(-c2noc(C3CC3)c2COc2ccc(C3CC(c4ccccc4)C3)cc2)cc1,development
fxr,EC50,single protein format,CHEMBL3823938,c1ccc(-c2noc(C3CC3)c2COc2ccc(C3CC(c4ccccc4)C3)cc2)cc1,development
fxr,EC50,single protein format,CHEMBL3823637,c1ccc(-c2noc(C3CC3)c2COc2ccc(C3CC(c4ccccc4)C3)cc2)cc1,development
fxr,EC50,single protein format,CHEMBL3823688,c1ccc(-c2noc(C3CC3)c2COc2ccc(C3CC(c4ccccc4)C3)cc2)cc1,development
fxr,EC50,single protein format,CHEMBL3823467,c1ccc(-c2noc(C3CC3)c2COc2ccc(C3CC(c4ccccc4)C3)cc2)cc1,development
fxr,EC50,single protein format,CHEMBL3824207,c1ccc(-c2noc(C3CC3)c2COc2ccc(C3CC(c4ccn[nH]4)C3)cc2)cc1,development
fxr,EC50,single protein format,CHEMBL240597,C1CCC2C(C1)CCC1C3CCCC3CCC21,development
fxr,EC50,single protein format,CHEMBL240597,C1CCC2C(C1)CCC1C3CCCC3CCC21,development
fxr,EC50,single protein format,CHEMBL566315,C1CCC2C(C1)CCC1C3CCCC3CCC21,development
fxr,EC50,single protein format,CHEMBL270311,C1CCC2C(C1)CCC1C3CCCC3CCC21,development
fxr,EC50,single protein format,CHEMBL4167134,O=c1[nH]c(=O)n(CCCC2CCC3C2CCC2C4CCCCC4CCC32)o1,development
fxr,EC50,single protein format,CHEMBL240597,C1CCC2C(C1)CCC1C3CCCC3CCC21,development
fxr,EC50,single protein format,CHEMBL4160181,C1CCC(OC2CCC3C(CCC4C5CCCC5CCC34)C2)OC1,development
fxr,EC50,single protein format,CHEMBL406393,C1CCC2C(C1)CCC1C3CCCC3CCC21,development
fxr,EC50,single protein format,CHEMBL4168102,C1CCC(OC2CCC3C(CCC4C5CCCC5CCC34)C2)OC1,development
fxr,EC50,single protein format,CHEMBL4170402,C1CCC(OC2CCC3C(CCC4C5CCCC5CCC34)C2)OC1,development
fxr,EC50,single protein format,CHEMBL205596,C1CCC2C(C1)CCC1C3CCCC3CCC21,development
fxr,EC50,single protein format,CHEMBL4159764,C1CCC(OC2CCC3C(CCC4C5CCCC5CCC34)C2)OC1,development
fxr,EC50,single protein format,CHEMBL240597,C1CCC2C(C1)CCC1C3CCCC3CCC21,development
fxr,EC50,single protein format,CHEMBL4292861,c1ccc(N2CC(c3ccc(OCc4c(-c5ccncc5)noc4C4CC4)cc3)C2)nc1,development
fxr,EC50,single protein format,CHEMBL4292861,c1ccc(N2CC(c3ccc(OCc4c(-c5ccncc5)noc4C4CC4)cc3)C2)nc1,development
fxr,EC50,single protein format,CHEMBL240597,C1CCC2C(C1)CCC1C3CCCC3CCC21,development
fxr,EC50,single protein format,CHEMBL566315,C1CCC2C(C1)CCC1C3CCCC3CCC21,development
fxr,EC50,single protein format,CHEMBL319544,C(=Cc1ccc(OCc2conc2-c2ccccc2)cc1)c1ccccc1,development
fxr,EC50,single protein format,CHEMBL3822773,c1ccc(-c2noc(C3CC3)c2COc2ccc(C3CC3c3ccccc3)cc2)cc1,development
fxr,EC50,single protein format,CHEMBL318457,C(=Cc1ccc(OCc2conc2-c2ccccc2)cc1)c1ccccc1,development
fxr,EC50,single protein format,CHEMBL402063,C=C1C(=O)CC2C1CCC1C3CCC(=O)C=C3CCC21,development
fxr,EC50,single protein format,CHEMBL402063,C=C1C(=O)CC2C1CCC1C3CCC(=O)C=C3CCC21,development
fxr,EC50,single protein format,CHEMBL402063,C=C1C(=O)CC2C1CCC1C3CCC(=O)C=C3CCC21,development
fxr,EC50,single protein format,CHEMBL402063,C=C1C(=O)CC2C1CCC1C3CCC(=O)C=C3CCC21,development
fxr,EC50,single protein format,CHEMBL402063,C=C1C(=O)CC2C1CCC1C3CCC(=O)C=C3CCC21,development
fxr,EC50,single protein format,CHEMBL402063,C=C1C(=O)CC2C1CCC1C3CCC(=O)C=C3CCC21,development
fxr,EC50,single protein format,CHEMBL240597,C1CCC2C(C1)CCC1C3CCCC3CCC21,development
fxr,EC50,single protein format,CHEMBL4473498,O=C(NCc1ccccc1)c1n[nH]c2c1COc1ccccc1-2,development
fxr,EC50,single protein format,CHEMBL4514834,O=C(NCc1ccccc1)c1n[nH]c2c1COc1ccccc1-2,development
fxr,EC50,single protein format,CHEMBL4451515,O=C(NCc1ccccc1)c1n[nH]c2c1COc1ccccc1-2,development
fxr,EC50,single protein format,CHEMBL4571319,O=C(NCc1ccccc1)c1n[nH]c2c1COc1ccccc1-2,development
fxr,EC50,single protein format,CHEMBL4559492,O=C(NCC1CCCCC1)c1n[nH]c2c1COc1ccccc1-2,development
fxr,EC50,single protein format,CHEMBL4441366,O=C(NCc1ccccn1)c1n[nH]c2c1COc1ccccc1-2,development
fxr,EC50,single protein format,CHEMBL4519279,O=C(NCc1ccccc1)c1n[nH]c2c1COc1ccccc1-2,development
fxr,EC50,single protein format,CHEMBL4577381,O=C(NCc1ccccc1)c1n[nH]c2c1COc1ccc(C3CC3)cc1-2,development
fxr,EC50,single protein format,CHEMBL4553359,O=C(NCc1ccccc1)c1n[nH]c2c1COc1ccccc1-2,development
fxr,EC50,single protein format,CHEMBL4452699,O=C(NCc1ccccc1)c1n[nH]c2c1COc1ccccc1-2,development
fxr,EC50,single protein format,CHEMBL4472502,O=C(NCc1ccccc1)c1n[nH]c2c1COc1ccccc1-2,development
fxr,EC50,single protein format,CHEMBL4562405,O=C(NCc1ccccc1)c1n[nH]c2c1COc1ccccc1-2,development
fxr,EC50,single protein format,CHEMBL4447977,O=C(NCc1ccccc1)c1n[nH]c2c1COc1ccccc1-2,development
fxr,EC50,single protein format,CHEMBL4298169,c1ccc(-c2noc(C3CC3)c2COC2CC3CCC(C2)N3c2nc3ccccc3s2)cc1,development
fxr,EC50,single protein format,CHEMBL566315,C1CCC2C(C1)CCC1C3CCCC3CCC21,development
fxr,EC50,single protein format,CHEMBL318457,C(=Cc1ccc(OCc2conc2-c2ccccc2)cc1)c1ccccc1,development
fxr,EC50,single protein format,CHEMBL4639724,c1ccc(-c2nocc2COc2ccc(-c3nc4ccccc4[nH]3)cc2)cc1,development
fxr,EC50,single protein format,CHEMBL4636869,c1ccc(-c2nocc2COc2ccc(-c3nc4ccccc4[nH]3)cc2)cc1,development
fxr,EC50,single protein format,CHEMBL4632880,c1ccc(-c2nocc2COc2ccc(-c3nc4ccccc4[nH]3)cc2)cc1,development
fxr,EC50,single protein format,CHEMBL4638567,c1ccc(-c2nocc2COc2ccc(-c3nc4ccccc4[nH]3)cc2)cc1,development
fxr,EC50,single protein format,CHEMBL4637834,c1ccc(-c2nocc2COc2ccc(-c3nc4ccccc4[nH]3)cc2)cc1,development
fxr,EC50,single protein format,CHEMBL4641850,c1ccc(-c2nocc2COc2ccc(-c3nc4ccccc4n3C3CC3)cc2)cc1,development
fxr,EC50,single protein format,CHEMBL4647235,c1ccc(-c2nocc2COc2ccc(-c3nc4ccccc4n3C3CCCCCC3)cc2)cc1,development
fxr,EC50,single protein format,CHEMBL4648303,c1ccc(-c2nocc2COc2ccc(-c3nc4ccccc4[nH]3)cc2)cc1,development
fxr,EC50,single protein format,CHEMBL4632780,c1ccc(-c2nocc2COc2ccc(-c3nc4ccccc4[nH]3)cc2)cc1,development
fxr,EC50,single protein format,CHEMBL4642737,c1ccc(-c2nocc2COc2ccc(-c3nc4ccccc4n3CC3CC3)cc2)cc1,development
fxr,EC50,single protein format,CHEMBL4638213,c1ccc(-c2nocc2COc2ccc(-c3nc4ccccc4n3CC3CCCCC3)cc2)cc1,development
fxr,EC50,single protein format,CHEMBL4647755,c1ccc(-c2nocc2COc2ccc(-c3nc4ccccc4n3-c3ccccc3)cc2)cc1,development
fxr,EC50,single protein format,CHEMBL4639094,c1ccc(-c2nocc2COc2ccc(-c3nc4ccccc4[nH]3)cc2)cc1,development
fxr,EC50,single protein format,CHEMBL4637878,c1ccc(-c2nocc2COc2ccc(-c3nc4ccccc4[nH]3)cc2)cc1,development
fxr,EC50,single protein format,CHEMBL4636623,c1ccc(-c2nocc2COc2ccc(-c3nc4ccccc4n3CC3CCCCC3)cc2)cc1,development
fxr,EC50,single protein format,CHEMBL240597,C1CCC2C(C1)CCC1C3CCCC3CCC21,development
fxr,EC50,single protein format,CHEMBL566315,C1CCC2C(C1)CCC1C3CCCC3CCC21,development
fxr,EC50,single protein format,CHEMBL4758064,C1CCC2C(C1)CCC1C3CCCC3CCC21,development
fxr,EC50,single protein format,CHEMBL4758363,C1CCC2C(C1)CCC1C3CCCC3CCC21,development
fxr,EC50,single protein format,CHEMBL4740844,C1CCC2C(C1)CCC1C3CCCC3CCC21,development
fxr,EC50,single protein format,CHEMBL567835,C1CCC2C(C1)CCC1C3CCCC3CCC21,development
fxr,EC50,single protein format,CHEMBL4740500,C1CCC2C(C1)CCC1C3CCCC3CCC21,development
fxr,EC50,single protein format,CHEMBL4790262,C1CCC2C(C1)CCC1C3CCCC3CCC21,development
fxr,EC50,single protein format,CHEMBL4745499,c1ccc(-c2noc(C3CC3)c2COCC2CCN(c3ccccc3)CC2)cc1,development
fxr,EC50,single protein format,CHEMBL4786636,c1ccc(-c2noc(C3CC3)c2COCC2CCN(c3ccc4ccccc4c3)CC2)cc1,development
fxr,EC50,single protein format,CHEMBL4745008,c1ccc(-c2noc(C3CC3)c2COCC2CCN(c3cccnc3)CC2)cc1,development
fxr,EC50,single protein format,CHEMBL4751890,c1ccc(-c2noc(C3CC3)c2COCC2CCN(c3ccc4cc[nH]c4c3)CC2)cc1,development
fxr,EC50,single protein format,CHEMBL4763612,c1ccc(-c2noc(C3CC3)c2COCC2CCN(c3nc4ccccc4s3)CC2)cc1,development
fxr,EC50,single protein format,CHEMBL4778910,c1ccc(-c2noc(C3CC3)c2COCC2CCN(c3nc4ccccc4s3)CC2)cc1,development
fxr,EC50,single protein format,CHEMBL4777088,c1ccc(-c2noc(C3CC3)c2COCC2CCN(c3n[nH]c4ccccc34)CC2)cc1,development
fxr,EC50,single protein format,CHEMBL4747240,c1ccc(-c2noc(C3CC3)c2COCC2CCN(c3ccc4cc[nH]c4c3)CC2)cc1,development
fxr,EC50,single protein format,CHEMBL4756996,c1ccc(-c2noc(C3CC3)c2COCC2CCN(c3ccc4ccoc4c3)CC2)cc1,development
fxr,EC50,single protein format,CHEMBL4776080,c1ccc(-c2noc(C3CC3)c2COCC2CCN(c3ccc4cc[nH]c4c3)CC2)cc1,development
fxr,EC50,single protein format,CHEMBL566315,C1CCC2C(C1)CCC1C3CCCC3CCC21,development
fxr,EC50,single protein format,CHEMBL3746388,c1ccc(-c2noc(C3CC3)c2COC2CCN(c3ccc4cc[nH]c4c3)CC2)cc1,development
fxr,EC50,single protein format,CHEMBL4741830,c1ccc(-c2noc(C3CC3)c2COCC2CCN(c3ccc4cc[nH]c4c3)CC2)cc1,development
fxr,EC50,single protein format,CHEMBL4800066,c1ccc(-c2noc(C3CC3)c2COCC2CCN(c3ccc4cc[nH]c4c3)CC2)cc1,development
fxr,EC50,single protein format,CHEMBL4763935,c1ccc(-c2noc(C3CC3)c2COCC2CCN(c3ccc4cc[nH]c4c3)CC2)cc1,development
fxr,EC50,single protein format,CHEMBL4743486,c1ccc(-c2noc(C3CC3)c2COCC2CCN(c3ccc4cc[nH]c4c3)CC2)cc1,development
fxr,EC50,single protein format,CHEMBL4763830,c1ccc(-c2noc(C3CC3)c2COCC2CCN(c3ccc4cc[nH]c4c3)CC2)cc1,development
fxr,EC50,single protein format,CHEMBL4753607,c1ccc(-c2noc(C3CC3)c2COCC2CCN(c3ccc4cc[nH]c4c3)CC2)cc1,development
fxr,EC50,single protein format,CHEMBL4778597,c1ccc(-c2noc(C3CC3)c2COCC2CCN(c3ccc4cc[nH]c4c3)CC2)cc1,development
fxr,EC50,single protein format,CHEMBL4753329,c1ccc(-c2noc(C3CC3)c2COCC2CCN(c3ccc4cc[nH]c4c3)CC2)cc1,development
fxr,EC50,single protein format,CHEMBL4749142,c1ccc(-c2noc(C3CC3)c2COCC2CCN(c3ccc4cc[nH]c4c3)CC2)cc1,development
fxr,EC50,single protein format,CHEMBL4778278,c1ccc(-c2noc(C3CC3)c2COCC2CCN(c3nc4ccccc4s3)CC2)cc1,development
fxr,EC50,single protein format,CHEMBL4791913,c1ccc(-c2noc(C3CC3)c2COCC2CCN(c3nc4ccccc4s3)CC2)cc1,development
fxr,EC50,single protein format,CHEMBL4742812,c1ccc(-c2noc(C3CC3)c2COCC2CCN(c3nc4ccccc4s3)CC2)cc1,development
fxr,EC50,single protein format,CHEMBL4751112,c1ccc(-c2noc(C3CC3)c2COCC2CCN(c3nc4ccccc4s3)CC2)cc1,development
fxr,EC50,single protein format,CHEMBL4791413,c1ccc(-c2noc(C3CC3)c2COCC2CCN(c3nc4ccccc4s3)CC2)cc1,development
fxr,EC50,single protein format,CHEMBL4760686,c1ccc(-c2noc(C3CC3)c2COCC2CCN(c3nc4ccccc4s3)CC2)cc1,development
fxr,EC50,single protein format,CHEMBL4750348,c1ccc(-c2noc(C3CC3)c2COCC2CCN(c3nc4ccccc4s3)CC2)cc1,development
fxr,EC50,single protein format,CHEMBL4751757,c1ccc(-c2noc(C3CC3)c2COCC2CC3CCC(C2)N3c2ccc3cc[nH]c3c2)cc1,development
fxr,EC50,single protein format,CHEMBL4781153,c1ccc(-c2noc(C3CC3)c2COCC2CC3CCC(C2)N3c2ccc3cc[nH]c3c2)cc1,development
fxr,EC50,single protein format,CHEMBL4747855,c1ccc(-c2noc(C3CC3)c2COCC2CC3CCC(C2)N3c2nc3ccccc3s2)cc1,development
fxr,EC50,single protein format,CHEMBL4874150,c1ccc(CCn2c(-c3ccc(OCc4conc4-c4ccccc4)cc3)nc3ccccc32)cc1,development
fxr,EC50,single protein format,CHEMBL4854082,O=C(Nc1ccccc1C(=O)Nc1ccccc1)c1ccccc1,development
fxr,EC50,single protein format,CHEMBL318457,C(=Cc1ccc(OCc2conc2-c2ccccc2)cc1)c1ccccc1,development
fxr,EC50,single protein format,CHEMBL4865925,c1ccc(OCc2ccc(OCc3c(-c4ccccc4)noc3C3CC3)cc2)cc1,development
fxr,EC50,single protein format,CHEMBL4860451,O=C(Nc1ccccc1)c1ccc(Oc2ccccc2)cc1,development
fxr,EC50,single protein format,CHEMBL4870317,O=C(Nc1ccccc1)c1ccc(Oc2ccccc2)cc1,development
fxr,EC50,single protein format,CHEMBL4855848,O=C(Nc1ccccc1)c1ccccc1,development
fxr,EC50,single protein format,CHEMBL4852351,O=C(Nc1ccccc1)c1ccccc1,development
fxr,EC50,single protein format,CHEMBL4873620,O=C(Nc1ccccc1)c1ccccc1,development
fxr,EC50,single protein format,CHEMBL4868734,O=C(Nc1ccccc1)c1ccccc1,development
fxr,EC50,single protein format,CHEMBL4851251,O=C(Nc1ccccc1)c1ccccc1,development
fxr,EC50,single protein format,CHEMBL4865947,O=C(Nc1ccccc1)c1ccccc1,development
fxr,EC50,single protein format,CHEMBL4877241,O=C(Nc1ccccc1)c1ccccc1,development
fxr,EC50,single protein format,CHEMBL4866211,O=C(Nc1ccccc1)c1ccccc1,development
fxr,EC50,single protein format,CHEMBL4876646,O=C(Nc1ccccc1)c1ccccc1,development
fxr,EC50,single protein format,CHEMBL4863958,O=C(Nc1ccccc1)c1ccccc1,development
fxr,EC50,single protein format,CHEMBL4872627,O=C(Nc1ccccc1)c1ccccc1,development
fxr,EC50,single protein format,CHEMBL4876494,O=C(Nc1ccccc1)c1ccccc1,development
fxr,EC50,single protein format,CHEMBL4853653,O=C(Nc1ccccc1)c1ccc(OCC2CC2)cc1,development
fxr,EC50,single protein format,CHEMBL4870713,O=C(Nc1ccccc1)c1ccc(OCc2ccccc2)cc1,development
fxr,EC50,single protein format,CHEMBL4858538,O=C(Nc1ccccc1)c1ccc(OCc2ccccc2)cc1,development
fxr,EC50,single protein format,CHEMBL4852555,O=C(Nc1ccccc1)c1ccc(OCc2ccccc2)cc1,development
fxr,EC50,single protein format,CHEMBL4876049,O=C(Nc1ccccc1)c1ccc(OCc2cccc(-c3ccccc3)c2)cc1,development
fxr,EC50,single protein format,CHEMBL4869052,O=C(Nc1ccccc1)c1ccc(OCc2cccc(-c3ccccc3)c2)cc1,development
fxr,EC50,single protein format,CHEMBL4851956,O=C(Nc1ccccc1)c1cccc(OCc2ccccc2)c1,development
fxr,EC50,single protein format,CHEMBL4873474,O=C(Nc1ccccc1)c1cccc(OCc2ccccc2)c1,development
fxr,EC50,single protein format,CHEMBL4867411,O=C(Nc1ccccc1)c1cccc(OCc2ccccc2)c1,development
fxr,EC50,single protein format,CHEMBL4864546,O=C(Nc1ccccc1)c1cnc(-c2ccccc2)s1,development
fxr,EC50,single protein format,CHEMBL4847633,O=C(Nc1ccccc1)c1nc(-c2ccccc2)cs1,development
fxr,EC50,single protein format,CHEMBL4872750,O=C(Nc1ccccc1)c1cccc(-c2cccc(OCc3ccccc3)c2)c1,development
fxr,EC50,single protein format,CHEMBL4863475,O=C(Nc1ccccc1)c1cccc(-c2cccc(OCCc3ccccc3)c2)c1,development
fxr,EC50,single protein format,CHEMBL4870766,C(=CC1CCN(c2nc3ccccc3s2)CC1)c1c(-c2ccccc2)noc1C1CC1,development
fxr,EC50,single protein format,CHEMBL4858977,C(=CC1C2CN(c3nc4ccccc4s3)CC12)c1c(-c2ccccc2)noc1C1CC1,development
fxr,EC50,single protein format,CHEMBL4846941,C1=C(c2c(-c3ccccc3)noc2C2CC2)CC12CCN(c1nc3ccccc3s1)CC2,development
fxr,EC50,single protein format,CHEMBL4872481,C1=C(c2c(-c3ccccc3)noc2C2CC2)CC12CCN(c1ccc3ncccc3c1)CC2,development
fxr,EC50,single protein format,CHEMBL4868096,C1=C(c2c(-c3ccccc3)noc2C2CC2)CC12CCN(c1ccc3ncccc3c1)CC2,development
fxr,EC50,single protein format,CHEMBL4858615,C1=C(c2c(-c3ccncc3)noc2C2CC2)CC12CCN(c1ccc3ncccc3c1)CC2,development
fxr,EC50,single protein format,CHEMBL4862974,C1=C(c2c(-c3ccncc3)noc2C2CC2)CC12CCN(c1ccc3ncccc3c1)CC2,development
fxr,EC50,single protein format,CHEMBL5182040,c1ccc(-c2noc(C3CC3)c2COc2ccc3c(c2)CCc2ccccc2O3)cc1,development
fxr,EC50,single protein format,CHEMBL5177412,c1ccc(-c2noc(C3CC3)c2COc2ccc3c(n2)CCc2ccccc2O3)cc1,development
fxr,EC50,single protein format,CHEMBL5187438,c1ccc(-c2noc(C3CC3)c2COc2cnc3c(c2)CCc2ccccc2O3)cc1,development
fxr,EC50,single protein format,CHEMBL5180624,c1ccc(-c2noc(C3CC3)c2COc2cc3c(cn2)Oc2ccccc2CC3)cc1,development
fxr,EC50,single protein format,CHEMBL5179385,c1ccc(-c2noc(C3CC3)c2COc2ncc3c(n2)CCc2ccccc2O3)cc1,development
fxr,EC50,single protein format,CHEMBL5197435,c1ccc(-c2noc(C3CC3)c2COc2ccc3c(n2)COc2ccccc2O3)cc1,development
fxr,EC50,single protein format,CHEMBL5203186,c1ccc(-c2noc(C3CC3)c2COc2ccc3c(n2)CCc2ccccc2O3)cc1,development
fxr,EC50,single protein format,CHEMBL5198538,C1=Cc2nc(OCc3c(-c4ccccc4)noc3C3CC3)ccc2Oc2ccccc21,development
fxr,EC50,single protein format,CHEMBL5208710,C1=Cc2nc(OCc3c(-c4ccccc4)noc3C3CC3)ccc2Oc2ccccc21,development
fxr,EC50,single protein format,CHEMBL5202185,C1=Cc2nc(OCc3c(-c4ccccc4)noc3C3CC3)ccc2Oc2ccccc21,development
fxr,EC50,single protein format,CHEMBL5183931,c1ccc(-c2noc(C3CC3)c2COc2ccc3c(n2)CCc2ccccc2O3)cc1,development
fxr,EC50,single protein format,CHEMBL5169368,C1=Cc2nc(OCc3c(-c4ccccc4)noc3C3CC3)ccc2Oc2ccccc21,development
fxr,EC50,single protein format,CHEMBL5171962,c1ccc(-c2noc(C3CC3)c2COc2ccc3c(n2)C2(CC2)Cc2ccccc2O3)cc1,development
fxr,EC50,single protein format,CHEMBL318457,C(=Cc1ccc(OCc2conc2-c2ccccc2)cc1)c1ccccc1,development
fxr,EC50,single protein format,CHEMBL4062567,c1ccc(-c2noc(C3CC3)c2COC2CC3CCC(C2)N3c2nc3ccccc3s2)cc1,development
fxr,EC50,single protein format,CHEMBL4854082,O=C(Nc1ccccc1C(=O)Nc1ccccc1)c1ccccc1,development
fxr,EC50,single protein format,CHEMBL4066332,O=C(NCc1ccccc1)c1ccccc1,development
fxr,EC50,single protein format,CHEMBL5287066,O=C(N1CCN(c2ccccc2)CC1)C12CC3CC(CC(C3)C1)C2,development
fxr,EC50,single protein format,CHEMBL5284954,O=C(N1CCN(c2ccccc2)CC1)C12CC3CC(CC(C3)C1)C2,development
fxr,EC50,single protein format,CHEMBL5269689,O=C(N1CCN(c2ccccc2)CC1)C12CC3CC(CC(C3)C1)C2,development
fxr,EC50,single protein format,CHEMBL5290473,c1ccc(-c2noc(C3CC3)c2COC2CC3CCC(C2)N3c2nc3ccccc3s2)cc1,development
fxr,EC50,single protein format,CHEMBL197194,O=C(Nc1ccc(-c2ccccc2)cc1)C1=CCCC1,development
fxr,EC50,single protein format,CHEMBL4066332,O=C(NCc1ccccc1)c1ccccc1,development
fxr,EC50,single protein format,CHEMBL21333,O=C(Nc1cccc2c(=O)cc(-c3nnn[nH]3)oc12)c1ccc(OCCCCc2ccccc2)cc1,development
fxr,EC50,single protein format,CHEMBL5267517,O=C1CCc2cc(OCc3c(-c4ccccc4)noc3C3CC3)ccc2N1c1ccc2cc[nH]c2c1,development
fxr,EC50,single protein format,CHEMBL5281579,O=C1CCc2cc(OCc3c(-c4ccccc4)noc3C3CC3)ccc2N1c1ccc2cn[nH]c2c1,development
fxr,EC50,single protein format,CHEMBL5270235,O=C1CCc2cc(OCc3c(-c4ccccc4)noc3C3CC3)ccc2N1c1ccccn1,development
fxr,EC50,single protein format,CHEMBL5273113,O=C1CCc2cc(OCc3c(-c4ccccc4)noc3C3CC3)ccc2N1c1ccccn1,development
fxr,EC50,single protein format,CHEMBL5278159,O=C1CCc2cc(OCc3c(-c4ccccc4)noc3C3CC3)ccc2N1c1ccccn1,development
fxr,EC50,single protein format,CHEMBL5287502,O=C1CCc2cc(OCc3c(-c4ccccc4)noc3C3CC3)ccc2N1c1ccccc1,development
fxr,EC50,single protein format,CHEMBL4643030,c1ccc(-c2nocc2COc2ccc(-c3nc4ccccc4[nH]3)cc2)cc1,development
fxr,EC50,single protein format,CHEMBL4632854,c1ccc(-c2nocc2COc2ccc(-c3nc4ccccc4[nH]3)cc2)cc1,development
fxr,EC50,single protein format,CHEMBL4642141,c1ccc(-c2nocc2COc2ccc(-c3nc4ccccc4[nH]3)cc2)cc1,development
fxr,EC50,single protein format,CHEMBL4643503,c1ccc(-c2nocc2COc2ccc(-c3nc4ccccc4[nH]3)cc2)cc1,development
fxr,EC50,single protein format,CHEMBL5268480,c1ccc(-c2noc(C3CC3)c2COC2COC3(CCN(c4nc5ccccc5s4)CC3)C2)cc1,development
fxr,EC50,single protein format,CHEMBL5275893,c1ccc(-c2noc(C3CC3)c2COC2COC3(CCN(c4ccccn4)CC3)C2)cc1,development
fxr,EC50,single protein format,CHEMBL5266961,c1ccc(-c2noc(C3CC3)c2COC2COC3(CCN(c4ccccn4)CC3)C2)cc1,development
fxr,EC50,single protein format,CHEMBL5273044,c1ccc(-c2noc(C3CC3)c2COC2COC3(CCN(c4ccccn4)CC3)C2)cc1,development
fxr,EC50,single protein format,CHEMBL5267427,c1ccc(-c2noc(C3CC3)c2COc2ccc3c(n2)CCc2ccccc2O3)cc1,development
fxr,EC50,single protein format,CHEMBL5275615,c1ccc(-c2noc(C3CC3)c2COc2ccc3c(n2)C2(CC2)Cc2ccccc2O3)cc1,development
fxr,EC50,single protein format,CHEMBL5265828,c1ccc(-c2noc(C3CC3)c2COc2ccc3c(n2)C2(CC2)Cc2ccccc2O3)cc1,development
fxr,EC50,single protein format,CHEMBL5268384,c1ccc(-c2noc(C3CC3)c2COc2ccc3c(n2)CCc2ccccc2O3)cc1,development
fxr,EC50,single protein format,CHEMBL5282289,C1CCC2C(C1)CCC1C3CCCC3CCC21,development
fxr,EC50,single protein format,CHEMBL5286559,C1CCC2C(C1)CCC1C3CCCC3CCC21,development
fxr,EC50,single protein format,CHEMBL5288616,O=C(NCCCC1CCC2C1CCC1C3CCCCC3CCC21)NS(=O)(=O)c1ccccc1,development
fxr,EC50,single protein format,CHEMBL5274488,O=C(NCCCC1CCC2C1CCC1C3CCCCC3CCC21)NS(=O)(=O)c1ccccc1,development
fxr,EC50,single protein format,CHEMBL5280183,O=C(CCCC1CCC2C1CCC1C3CCCCC3CCC21)NS(=O)(=O)c1ccccc1,development
fxr,EC50,single protein format,CHEMBL5288227,O=C(CCCC1CCC2C1CCC1C3CCCCC3CCC21)NS(=O)(=O)c1ccccc1,development
fxr,EC50,single protein format,CHEMBL5277919,c1ccc(-c2ccc(Cn3ccc(OCc4conc4-c4ccccc4)n3)cc2)cc1,development
fxr,EC50,single protein format,CHEMBL5269003,c1ccc(-c2nocc2COc2ccn(-c3ccccc3)n2)cc1,development
fxr,EC50,single protein format,CHEMBL5267828,c1ccc2sc(N3CCC(OCc4c(C5CCCCC5)noc4C4CC4)CC3)nc2c1,development
fxr,EC50,single protein format,CHEMBL5267828,c1ccc2sc(N3CCC(OCc4c(C5CCCCC5)noc4C4CC4)CC3)nc2c1,development
fxr,EC50,single protein format,CHEMBL4062760,c1ccc(-c2noc(C3CC3)c2COC2CCN(c3nc4ccccc4s3)CC2)cc1,development
fxr,EC50,single protein format,CHEMBL5284858,O=C(Nc1cccc2c1ncn2-c1ccccc1)c1ccccc1,development
fxr,EC50,single protein format,CHEMBL5290209,O=C(Cc1ccccc1)Nc1cccc2c1ncn2-c1ccccc1,development
fxr,EC50,single protein format,CHEMBL5274685,O=C(Cc1ccccc1)Nc1cccc2c1ncn2Cc1ccccc1,development
fxr,EC50,single protein format,CHEMBL5270869,O=C(Cc1ccccc1)Nc1cccc2c1ncn2-c1ccccc1,development
fxr,EC50,single protein format,CHEMBL5273507,O=C(Cc1ccccc1)Nc1cccc2c1ncn2Cc1ccccc1,development
fxr,EC50,single protein format,CHEMBL5276891,c1ccc(Cn2cnc3c(-c4ccccc4)cccc32)cc1,development
fxr,EC50,single protein format,CHEMBL5287214,c1ccc(Cn2cnc3c(-c4ccccc4)cccc32)cc1,development
fxr,EC50,single protein format,CHEMBL566315,C1CCC2C(C1)CCC1C3CCCC3CCC21,development
fxr,EC50,single protein format,CHEMBL318457,C(=Cc1ccc(OCc2conc2-c2ccccc2)cc1)c1ccccc1,development
fxr,EC50,single protein format,CHEMBL5400252,C1CCC2C(C1)CCC1C3CCCC3CCC21,development
fxr,EC50,single protein format,CHEMBL566315,C1CCC2C(C1)CCC1C3CCCC3CCC21,development
fxr,EC50,single protein format,CHEMBL5429160,C1CCC(OC2CCC3C(CCC4C5CCCC5CCC34)C2)OC1,development
fxr,EC50,single protein format,CHEMBL3342086,C1CCC2C(C1)CCC1C3CCCC3CCC21,development
fxr,EC50,single protein format,CHEMBL566315,C1CCC2C(C1)CCC1C3CCCC3CCC21,development
fxr,EC50,single protein format,CHEMBL205596,C1CCC2C(C1)CCC1C3CCCC3CCC21,development
fxr,EC50,single protein format,CHEMBL5425544,C1CCC2C(C1)CCC1C3CCCC3CCC21,development
fxr,EC50,single protein format,CHEMBL5438844,C1CCC2C(C1)CCC1C3CCCC3CCC21,development
fxr,EC50,single protein format,CHEMBL5433595,C1CCC2C(C1)CCC1C3CCCC3CCC21,development
fxr,EC50,single protein format,CHEMBL5408411,C1CCC2C(C1)CCC1C3CCCC3CCC21,development
fxr,EC50,single protein format,CHEMBL5420121,C1CCC2C(C1)CCC1C3CCCC3CCC21,development
fxr,EC50,single protein format,CHEMBL5437734,C1CCC2C(C1)CCC1C3CCCC3CCC21,development
fxr,EC50,single protein format,CHEMBL5396857,C1CCC2C(C1)CCC1C3CCCC3CCC21,development
fxr,EC50,single protein format,CHEMBL5409189,C1CCC2C(C1)CCC1C3CCCC3CCC21,development
fxr,EC50,single protein format,CHEMBL5436516,C1CCC2C(C1)CCC1C3CCCC3CCC21,development
fxr,EC50,single protein format,CHEMBL318457,C(=Cc1ccc(OCc2conc2-c2ccccc2)cc1)c1ccccc1,development
fxr,EC50,single protein format,CHEMBL5420029,c1ccc(-c2ccc(OCc3c(-c4ccccc4)noc3C3CC3)cc2)cc1,development
fxr,EC50,single protein format,CHEMBL5419154,c1ccc(-c2ccc(OCc3c(-c4ccccc4)noc3C3CC3)cc2)cc1,development
fxr,EC50,single protein format,CHEMBL5420842,c1ccc(-c2ccc(OCc3c(-c4ccccc4)noc3C3CC3)cc2)cc1,development
fxr,EC50,single protein format,CHEMBL5439051,c1ccc(-c2ccc(OCc3c(-c4ccccc4)noc3C3CC3)cc2)cc1,development
fxr,EC50,single protein format,CHEMBL5394417,c1ccc(-c2ccc(OCc3c(-c4ccccc4)noc3C3CC3)cc2)cc1,development
fxr,EC50,single protein format,CHEMBL5429880,c1ccc(-c2ccc(OCc3c(-c4ccccc4)noc3C3CC3)cc2)cc1,development
fxr,EC50,single protein format,CHEMBL5420532,c1ccc(-c2ccc(OCc3c(-c4ccccc4)noc3C3CC3)cc2)cc1,development
fxr,EC50,single protein format,CHEMBL5409694,c1ccc(-c2ccc(OCc3c(-c4ccccc4)noc3C3CC3)cc2)cc1,development
fxr,EC50,single protein format,CHEMBL5435407,c1ccc(-c2ccc(OCc3c(-c4ccccc4)noc3C3CC3)cc2)cc1,development
fxr,EC50,single protein format,CHEMBL5411250,c1ccc(-c2ccc(OCc3c(-c4ccccc4)noc3C3CC3)cc2)cc1,development
fxr,EC50,single protein format,CHEMBL5417068,c1ccc(-c2ccc(OCc3c(-c4ccccc4)noc3C3CC3)cc2)cc1,development
fxr,EC50,single protein format,CHEMBL5409448,c1ccc(-c2ccc(OCc3c(-c4ccccc4)noc3C3CC3)cc2)cc1,development
fxr,EC50,single protein format,CHEMBL5412521,c1ccc(-c2ccc(OCc3c(-c4ccccc4)noc3C3CC3)cc2)cc1,development
fxr,EC50,single protein format,CHEMBL5418217,c1ccc(-c2ccc(OCc3conc3-c3ccccc3)cc2)cc1,development
fxr,EC50,single protein format,CHEMBL5422288,c1ccc(-c2ccc(OCc3conc3-c3ccccc3)cc2)cc1,development
fxr,EC50,single protein format,CHEMBL5440592,c1ccc(-c2ccc(OCc3conc3-c3ccccc3)cc2)cc1,development
fxr,EC50,single protein format,CHEMBL5415126,c1ccc(-c2ccc(OCc3conc3-c3ccccc3)cc2)cc1,development
fxr,EC50,single protein format,CHEMBL5396467,c1ccc(-c2noc(C3CC3)c2COc2ccc(-c3cccc(C4CC4)c3)cc2)cc1,development
fxr,EC50,single protein format,CHEMBL5413853,c1ccc(-c2ccc(OCc3c(-c4ccccc4)noc3C3CC3)cc2)cc1,development
fxr,EC50,single protein format,CHEMBL5437008,c1ccc(-c2ccc(OCc3c(-c4ccccc4)noc3C3CC3)cc2)cc1,development
fxr,EC50,single protein format,CHEMBL5401006,c1ccc(-c2ccc(OCc3c(-c4ccccc4)noc3C3CC3)cc2)cc1,development
fxr,EC50,single protein format,CHEMBL5402010,c1ccc(-c2ccc(OCc3c(-c4ccccc4)noc3C3CC3)cc2)cc1,development
fxr,EC50,single protein format,CHEMBL5436041,c1ccc(-c2ccc(OCc3c(-c4ccccc4)noc3C3CC3)cc2)cc1,development
fxr,EC50,single protein format,CHEMBL5407927,c1ccc(-c2ccc(OCc3c(-c4ccccc4)noc3C3CC3)cc2)cc1,development
fxr,EC50,single protein format,CHEMBL5393982,c1ccc(-c2ccc(OCc3c(-c4ccccc4)noc3C3CC3)cc2)cc1,development
fxr,EC50,single protein format,CHEMBL5394780,c1ccc(-c2ccc(OCc3c(-c4ccccc4)noc3C3CC3)cc2)cc1,development
fxr,EC50,single protein format,CHEMBL5439401,c1ccc(-c2ccc(OCc3c(-c4ccccc4)noc3C3CC3)cc2)cc1,development
fxr,EC50,single protein format,CHEMBL5406213,c1ccc(-c2ccc(OCc3c(-c4ccccc4)noc3C3CC3)cc2)cc1,development
fxr,EC50,single protein format,CHEMBL5419544,c1ccc(-c2nocc2COc2ccc(-c3cccc(C4CC4)c3)cc2)cc1,development
fxr,EC50,single protein format,CHEMBL5432375,c1ccc(-c2noc(C3CC3)c2COc2ccc(-c3cccc(C4CC4)c3)cc2)cc1,development
fxr,EC50,single protein format,CHEMBL5437656,c1ccc(-c2noc(C3CC3)c2COc2ccc(-c3cccc(C4CC4)c3)cc2)cc1,development
fxr,EC50,single protein format,CHEMBL5408547,c1ccc(-c2nocc2COc2ccc(-c3cccc(C4CC4)c3)cc2)cc1,development
fxr,EC50,single protein format,CHEMBL5425382,c1ccc(-c2ccc(OCc3c(-c4ccccc4)noc3C3CC3)cc2)cc1,development
fxr,EC50,single protein format,CHEMBL5396259,c1ccc(-c2ccc(OCc3c(-c4ccccc4)noc3C3CC3)cc2)cc1,development
fxr,EC50,single protein format,CHEMBL5400218,c1ccc(-c2nocc2CN2CCN(c3cc4ccccc4[nH]3)CC2)cc1,development
fxr,EC50,single protein format,CHEMBL5433391,c1ccc(-c2nocc2CN2CCN(c3nc4ccccc4s3)CC2)cc1,development
fxr,EC50,single protein format,CHEMBL318457,C(=Cc1ccc(OCc2conc2-c2ccccc2)cc1)c1ccccc1,development
fxr,EC50,single protein format,CHEMBL5412701,C1CCC2C(C1)CCC1C3CCCC3CCC21,development
fxr,EC50,single protein format,CHEMBL5401893,c1ccc(-c2nocc2CN2CCC(c3nc4ccccc4s3)C2)cc1,development
fxr,EC50,single protein format,CHEMBL5424257,c1ccc(-c2nocc2CN2CCC(c3nc4ccccc4s3)CC2)cc1,development
fxr,EC50,single protein format,CHEMBL5432874,c1ccc(-c2nocc2CC2CCN(c3nc4ccccc4s3)CC2)cc1,development
fxr,EC50,single protein format,CHEMBL5412609,c1ccc(-c2nocc2CN2CCCN(c3conc3-c3ccccc3)CC2)cc1,development
fxr,EC50,single protein format,CHEMBL5433843,c1ccc(-c2nocc2CN2CCN(c3nc4ccccc4s3)CC2)cc1,development
fxr,EC50,single protein format,CHEMBL5433507,c1ccc(-c2nocc2CN2CCN(c3nc4ccccc4s3)CC2)cc1,development
fxr,EC50,single protein format,CHEMBL5433336,c1ccc(-c2nocc2CN2CCN(c3nc4ccccc4s3)CC2)cc1,development
fxr,EC50,single protein format,CHEMBL5428287,c1ccc(-c2nocc2CN2CCN(c3nc4ccccc4s3)CC2)cc1,development
fxr,EC50,single protein format,CHEMBL5422021,c1ccc(-c2noc(C3CC3)c2CN2CCN(c3nc4ccccc4s3)CC2)cc1,development
fxr,EC50,single protein format,CHEMBL5425846,c1ccc(-c2noc(C3CC3)c2CN2CCN(c3nc4ccccc4s3)CC2)cc1,development
fxr,EC50,single protein format,CHEMBL5406974,c1ccc(-c2noc(C3CC3)c2CN2CCN(c3nc4ccccc4s3)CC2)cc1,development
fxr,EC50,single protein format,CHEMBL5409962,c1ccc(-c2noc(C3CC3)c2CN2CCN(c3nc4ccccc4s3)CC2)cc1,development
fxr,EC50,single protein format,CHEMBL5401788,O=C1C2CCCCC2C(=O)N1CC(=O)N1CCC(Nc2ccccc2)c2ccccc21,development
fxr,EC50,single protein format,CHEMBL5428556,O=C(N1CCN(c2ccccc2)CC1)C12CC3CC(CC(C3)C1)C2,development
fxr,EC50,single protein format,CHEMBL566315,C1CCC2C(C1)CCC1C3CCCC3CCC21,development
fxr,EC50,single protein format,CHEMBL5400252,C1CCC2C(C1)CCC1C3CCCC3CCC21,development
fxr,EC50,single protein format,CHEMBL5564635,c1ccc(-c2noc(C3CC3)c2COC2CC3(CCN(c4ccc5cc[nH]c5c4)CC3)C2)cc1,development
fxr,EC50,single protein format,CHEMBL5561797,c1ccc(-c2noc(C3CC3)c2COC2CC3(CCN(c4ccc5cc[nH]c5c4)CC3)C2)cc1,development
fxr,EC50,single protein format,CHEMBL5558528,c1ccc(-c2noc(C3CC3)c2COC2CC3(CCN(c4ccc5cc[nH]c5c4)CC3)C2)cc1,development
fxr,EC50,single protein format,CHEMBL5555964,c1ccc(-c2noc(C3CC3)c2COC2CC3CN(c4ccc5cc[nH]c5c4)CC3C2)cc1,development
fxr,EC50,single protein format,CHEMBL5549875,c1ccc(-c2noc(C3CC3)c2COC2CC3CN(c4ccc5cc[nH]c5c4)CC3C2)cc1,development
fxr,EC50,single protein format,CHEMBL5561496,c1ccc(-c2noc(C3CC3)c2COC2CC3CN(c4ccc5cc[nH]c5c4)CC3C2)cc1,development
fxr,EC50,single protein format,CHEMBL5556116,c1ccc(-c2noc(C3CC3)c2COCC2CC3(CCN(c4ccc5cc[nH]c5c4)CC3)C2)cc1,development
fxr,EC50,single protein format,CHEMBL5561681,c1ccc(-c2noc(C3CC3)c2COCC2CC3(CCN(c4ccc5cc[nH]c5c4)CC3)C2)cc1,development
fxr,EC50,single protein format,CHEMBL5560179,c1ccc(-c2noc(C3CC3)c2COCC2CC3(CCN(c4ccc5cc[nH]c5c4)CC3)C2)cc1,development
fxr,EC50,single protein format,CHEMBL5564138,c1ccc(-c2noc(C3CC3)c2COCC2CC3(C2)CN(c2ccc4cc[nH]c4c2)C3)cc1,development
fxr,EC50,single protein format,CHEMBL5565429,c1ccc(-c2noc(C3CC3)c2COCC2CC3(C2)CN(c2ccc4cc[nH]c4c2)C3)cc1,development
fxr,EC50,single protein format,CHEMBL5542969,c1ccc(-c2noc(C3CC3)c2COCC2CC3(C2)CN(c2ccc4cc[nH]c4c2)C3)cc1,development
fxr,EC50,single protein format,CHEMBL5561445,c1ccc(-c2noc(C3CC3)c2COCC2CC3CN(c4ccc5cc[nH]c5c4)CC3C2)cc1,development
fxr,EC50,single protein format,CHEMBL5563833,c1ccc(-c2noc(C3CC3)c2COCC2CC3CN(c4ccc5cc[nH]c5c4)CC3C2)cc1,development
fxr,EC50,single protein format,CHEMBL5563110,c1ccc(-c2noc(C3CC3)c2COCC2CC3CN(c4ccc5cc[nH]c5c4)CC3C2)cc1,development
fxr,EC50,single protein format,CHEMBL5555199,c1ccc(-c2noc(C3CC3)c2COCC2CC3CCC(C2)N3c2nc3ccccc3s2)cc1,development
fxr,EC50,single protein format,CHEMBL3746388,c1ccc(-c2noc(C3CC3)c2COC2CCN(c3ccc4cc[nH]c4c3)CC2)cc1,development
fxr,EC50,single protein format,CHEMBL5564776,c1ccc(-c2noc(C3CC3)c2COC2CC3(CCN(c4ccc5cc[nH]c5c4)CC3)C2)cc1,development
fxr,EC50,single protein format,CHEMBL5561500,c1ccc(-c2noc(C3CC3)c2COC2CC3(CCN(c4ccc5ccsc5c4)CC3)C2)cc1,development
fxr,EC50,single protein format,CHEMBL5560140,c1ccc(-c2noc(C3CC3)c2COC2CC3(CCN(c4nc5ccccc5s4)CC3)C2)cc1,development
fxr,EC50,single protein format,CHEMBL5561278,c1ccc(-c2noc(C3CC3)c2COC2CC3(CCN(c4nc5ccccc5s4)CC3)C2)cc1,development
fxr,EC50,single protein format,CHEMBL5568192,c1ccc(-c2noc(C3CC3)c2COCC2CC3(CCN(c4ccc5ccsc5c4)CC3)C2)cc1,development
fxr,EC50,single protein format,CHEMBL5558721,c1ccc(-c2noc(C3CC3)c2COCC2CC3(CCN(c4ccc5ccoc5c4)CC3)C2)cc1,development
fxr,EC50,single protein format,CHEMBL5559957,c1ccc(-c2noc(C3CC3)c2COCC2CC3(CCN(c4ccc5cc[nH]c5c4)CC3)C2)cc1,development
fxr,EC50,single protein format,CHEMBL5561027,c1ccc(-c2noc(C3CC3)c2COCC2CC3(CCN(c4ccc5cc[nH]c5c4)CC3)C2)cc1,development
fxr,EC50,single protein format,CHEMBL5557829,c1ccc(-c2noc(C3CC3)c2COCC2CC3(CCN(c4ccc5ccsc5c4)CC3)C2)cc1,development
fxr,EC50,single protein format,CHEMBL5558779,c1ccc(-c2noc(C3CC3)c2COCC2CC3(CCN(c4ccc5ccsc5c4)CC3)C2)cc1,development
fxr,EC50,single protein format,CHEMBL5560772,c1ccc(-c2noc(C3CC3)c2COCC2CC3(CCN(c4ccc5cc[nH]c5c4)CC3)C2)cc1,development
fxr,EC50,single protein format,CHEMBL5559067,c1ccc(-c2noc(C3CC3)c2COCC2CC3(CCN(c4ccc5cc[nH]c5c4)CC3)C2)cc1,development
fxr,EC50,single protein format,CHEMBL4591419,c1ccc(OCc2ccc(OCc3conc3-c3ccccc3)cc2)cc1,development
fxr,EC50,single protein format,CHEMBL5634022,O=S(=O)(Nc1ccc(COc2ccccc2)cc1)c1ccccc1,development
fxr,EC50,single protein format,CHEMBL5633131,O=C(Nc1ccc(-c2ccccc2)cc1)c1ccccc1,development
fxr,EC50,single protein format,CHEMBL5182040,c1ccc(-c2noc(C3CC3)c2COc2ccc3c(c2)CCc2ccccc2O3)cc1,development
fxr,EC50,single protein format,CHEMBL5847445,c1ccc(-c2noc(C3CC3)c2COc2ccc3c(c2)Oc2ccccc2CC3)cc1,development
fxr,EC50,single protein format,CHEMBL5182040,c1ccc(-c2noc(C3CC3)c2COc2ccc3c(c2)CCc2ccccc2O3)cc1,development
fxr,EC50,single protein format,CHEMBL6038906,c1ccc(-n2nccc2COc2ccc3c(n2)CCc2ccccc2O3)cc1,development
fxr,EC50,single protein format,CHEMBL5177412,c1ccc(-c2noc(C3CC3)c2COc2ccc3c(n2)CCc2ccccc2O3)cc1,development
fxr,EC50,single protein format,CHEMBL5848635,c1ccc(-c2noc(C3CC3)c2COc2ccc3c(n2)CCc2ccccc2O3)cc1,development
fxr,EC50,single protein format,CHEMBL5180624,c1ccc(-c2noc(C3CC3)c2COc2cc3c(cn2)Oc2ccccc2CC3)cc1,development
fxr,EC50,single protein format,CHEMBL5892221,O=C1c2ccccc2CCc2cc(OCc3cnnn3-c3ccccc3)ccc21,development
fxr,EC50,single protein format,CHEMBL5836789,c1ccc(-c2noc(C3CC3)c2COc2ccc3c(n2)CCc2ccccc2O3)cc1,development
fxr,EC50,single protein format,CHEMBL5962094,c1ccc(-c2noc(C3CC3)c2COc2ccc3c(c2)SCc2ccccc2O3)cc1,development
fxr,EC50,single protein format,CHEMBL5177412,c1ccc(-c2noc(C3CC3)c2COc2ccc3c(n2)CCc2ccccc2O3)cc1,development
fxr,EC50,single protein format,CHEMBL5959336,c1ccc(-c2noc(C3CC3)c2COc2ccc3c(c2)[SH+]Cc2ccccc2O3)cc1,development
fxr,EC50,single protein format,CHEMBL5891190,c1ccc(-c2noc(C3CC3)c2COc2ccc3c(n2)CCCc2ccccc2O3)cc1,development
fxr,EC50,single protein format,CHEMBL5944408,c1ccc(-c2noc(C3CC3)c2COc2ccc3c(c2)CCc2ccccc2C32CC2)cc1,development
fxr,EC50,single protein format,CHEMBL5906441,c1ccc(-c2noc(C3CC3)c2COc2ccc3c(n2)CCc2ccccc2O3)cc1,development
fxr,EC50,single protein format,CHEMBL5888252,O=S1(=O)c2ccccc2CCc2cc(OCc3c(-c4ccccc4)noc3C3CC3)ccc21,development
fxr,EC50,single protein format,CHEMBL5917646,c1ccc(-c2noc(C3CC3)c2COc2cc3c(cn2)Oc2cccnc2CC3)cc1,development
fxr,EC50,single protein format,CHEMBL5169368,C1=Cc2nc(OCc3c(-c4ccccc4)noc3C3CC3)ccc2Oc2ccccc21,development
fxr,EC50,single protein format,CHEMBL5197435,c1ccc(-c2noc(C3CC3)c2COc2ccc3c(n2)COc2ccccc2O3)cc1,development
fxr,EC50,single protein format,CHEMBL5833322,c1ccc(-c2noc(C3CC3)c2COc2ccc3c(n2)C2CC2c2ccccc2O3)cc1,development
fxr,EC50,single protein format,CHEMBL5181381,c1ccc(-c2noc(C3CC3)c2COc2ccc3c(n2)CCc2ccccc2O3)cc1,development
fxr,EC50,single protein format,CHEMBL5208710,C1=Cc2nc(OCc3c(-c4ccccc4)noc3C3CC3)ccc2Oc2ccccc21,development
fxr,EC50,single protein format,CHEMBL6026784,c1ccc(-c2noc(C3CC3)c2COc2ccc3c(n2)CCc2ccccc2O3)cc1,development
fxr,EC50,single protein format,CHEMBL6065275,c1ccc(-c2noc(C3CC3)c2COc2ccc3c(n2)CCc2ccccc2O3)cc1,development
fxr,EC50,single protein format,CHEMBL5203186,c1ccc(-c2noc(C3CC3)c2COc2ccc3c(n2)CCc2ccccc2O3)cc1,development
fxr,EC50,single protein format,CHEMBL5198538,C1=Cc2nc(OCc3c(-c4ccccc4)noc3C3CC3)ccc2Oc2ccccc21,development
fxr,EC50,single protein format,CHEMBL5937641,O=C(OC1CC2CC1CN2c1nc2ccccc2s1)c1c(-c2ccccc2)noc1C1CC1,development
fxr,EC50,single protein format,CHEMBL5946758,O=C(OC1CC2CC1CN2c1nc2ccccc2s1)c1c(-c2ccccc2)noc1C1CC1,development
fxr,EC50,single protein format,CHEMBL5884941,O=C(OC1CC2CC1CN2c1nc2ccccc2s1)c1c(-c2ccccc2)noc1C1CC1,development
fxr,EC50,single protein format,CHEMBL5768301,O=C(OC1CC2CC1CN2c1nc2c(C3CC3)cccc2s1)c1c(-c2ccccc2)noc1C1CC1,development
fxr,EC50,single protein format,CHEMBL5754401,O=C(OC1CC2CC1CN2c1nc2ccccc2s1)c1c(-c2ccccc2)noc1C1CC1,development
fxr,EC50,single protein format,CHEMBL5989597,O=C(OC1CC2CC1CN2c1nc2ccccc2s1)c1c(-c2ccccc2)noc1C1CC1,development
fxr,EC50,single protein format,CHEMBL6029282,O=C(OC1CC2CC1CN2c1nc2ccccc2s1)c1c(-c2ccccc2)noc1C1CC1,development
fxr,EC50,single protein format,CHEMBL5908582,O=C(OC1CC2CC1CN2c1nc2ccccc2s1)c1c(-c2ccccc2)noc1C1CC1,development
fxr,EC50,single protein format,CHEMBL5745639,O=C(OC1CC2CC1CN2c1nc2ccccc2s1)c1c(-c2ccccc2)noc1C1CC1,development
fxr,EC50,single protein format,CHEMBL5793983,O=C(OC1CC2CC1CN2c1nc2ccccc2s1)c1c(-c2ccccc2)noc1C1CC1,development
fxr,EC50,single protein format,CHEMBL5921897,c1ccc2sc(N3CC4CC3CC4OCc3c(C4CCCCC4)noc3C3CC3)nc2c1,development
fxr,EC50,single protein format,CHEMBL6062951,c1ccc2sc(N3CC4CC3CC4OCc3c(C4CCCCC4)noc3C3CC3)nc2c1,development
fxr,EC50,single protein format,CHEMBL5803727,c1ccc2sc(N3CC4CC3CC4OCc3c(C4CCOCC4)noc3C3CC3)nc2c1,development
fxr,EC50,single protein format,CHEMBL5885394,c1ccc(-c2noc(C3CC3)c2COC2CC3CC2CN3c2nc3ccc(-c4nn[nH]n4)cc3s2)cc1,development
fxr,EC50,single protein format,CHEMBL5796388,c1ccc(-c2noc(C3CC3)c2COC2CC3CC2CN3c2nc3ccc(-c4nn[nH]n4)cc3s2)cc1,development
fxr,EC50,single protein format,CHEMBL6057538,O=C(NS(=O)(=O)C1CC1)c1ccc2nc(N3CC4CC3CC4OCc3c(-c4ccccc4)noc3C3CC3)sc2c1,development
fxr,EC50,single protein format,CHEMBL5796527,O=C(OC1CC2CC1CN2c1nc2ccccc2s1)c1c(-c2ccccc2)noc1C1CC1,development
fxr,EC50,single protein format,CHEMBL5781642,O=C(OC1CC2CC1CN2c1nc2ccccc2s1)c1c(-c2ccccc2)noc1C1CC1,development
fxr,EC50,single protein format,CHEMBL5927213,O=C(NS(=O)(=O)C1CC1)c1ccc2nc(N3CC4CC3CC4OC(=O)c3c(-c4ccccc4)noc3C3CC3)sc2c1,development
fxr,EC50,single protein format,CHEMBL5766069,O=C(OC1CC2CC1CN2c1nc2ccccc2s1)c1c(-c2ccccc2)noc1C1CC1,development
fxr,EC50,single protein format,CHEMBL5955335,O=C(OC1CC2CC1CN2c1ccccc1)c1c(-c2ccccc2)noc1C1CC1,development
fxr,EC50,single protein format,CHEMBL5826300,O=C(OC1CC2CC1CN2c1ccccc1)c1c(-c2ccccc2)noc1C1CC1,development
fxr,EC50,single protein format,CHEMBL5813433,O=C(OC1CC2CC1CN2c1ccccc1)c1c(-c2ccccc2)noc1C1CC1,development
fxr,EC50,single protein format,CHEMBL6029102,O=C(OC1CC2CC1CN2c1ccccc1)c1c(-c2ccccc2)noc1C1CC1,development
fxr,EC50,single protein format,CHEMBL5921000,O=C(OC1CC2CC1CN2c1ccccc1)c1c(-c2ccccc2)noc1C1CC1,development
fxr,EC50,single protein format,CHEMBL5982579,O=C(NS(=O)(=O)C1CC1)c1ccc(N2CC3CC2CC3OC(=O)c2c(-c3ccccc3)noc2C2CC2)cc1,development
fxr,EC50,single protein format,CHEMBL5974663,O=C(OC1CC2CC1CN2c1ccccc1)c1c(-c2ccccc2)noc1C1CC1,development
fxr,EC50,single protein format,CHEMBL5852004,O=C(OC1CC2CC1CN2c1ccccc1)c1c(-c2ccccc2)noc1C1CC1,development
fxr,EC50,single protein format,CHEMBL5922674,c1ccc(-c2noc(C3CC3)c2COC2CC3CC2CN3c2ccccc2)cc1,development
fxr,EC50,single protein format,CHEMBL5968344,c1ccc(-c2noc(C3CC3)c2COC2CC3CC2CN3c2ccccc2)cc1,development
fxr,EC50,single protein format,CHEMBL5942319,c1ccc(-c2noc(C3CC3)c2COC2CC3CC2CN3c2ccccc2)cc1,development
fxr,EC50,single protein format,CHEMBL6009113,c1ccc(-c2noc(C3CC3)c2COC2CC3CC2CN3c2ccccn2)cc1,development
fxr,EC50,single protein format,CHEMBL6009113,c1ccc(-c2noc(C3CC3)c2COC2CC3CC2CN3c2ccccn2)cc1,development
fxr,EC50,single protein format,CHEMBL5814527,c1ccc(-c2noc(C3CC3)c2COC2CC3CC2CN3c2ccccc2)cc1,development
fxr,EC50,single protein format,CHEMBL5985885,c1ccc(-c2noc(C3CC3)c2COC2CC3CC2CN3c2ccccc2)cc1,development
fxr,EC50,single protein format,CHEMBL5775224,c1ccc(-c2noc(C3CC3)c2COC2CC3CC2CN3c2ccccc2)cc1,development
fxr,EC50,single protein format,CHEMBL5850470,c1ccc(-c2noc(C3CC3)c2COC2CC3CC2CN3c2ccccc2)cc1,development
fxr,EC50,single protein format,CHEMBL5830694,O=C(NS(=O)(=O)C1CC1)c1ccc(N2CC3CC2CC3OCc2c(-c3ccccc3)noc2C2CC2)cc1,development
fxr,EC50,single protein format,CHEMBL6027148,c1ccc(-c2noc(C3CC3)c2COC2CC3CC2CN3c2ccccc2)cc1,development
fxr,EC50,single protein format,CHEMBL6015767,O=C(NS(=O)(=O)C1CC1)c1ccc(N2CC3CC2CC3OCc2c(-c3ccccc3)noc2C2CC2)cc1,development
fxr,EC50,single protein format,CHEMBL5893728,c1ccc(-c2noc(C3CC3)c2COC2CC3CC2N(c2nc4ccccc4s2)C3)cc1,development
fxr,EC50,single protein format,CHEMBL6055223,c1ccc(-c2noc(C3CC3)c2COC2CC3CC2CN3c2ccccc2)cc1,development
fxr,EC50,single protein format,CHEMBL5807919,c1ccc(-c2noc(C3CC3)c2COC2CC3CC2CN3c2ccccc2)cc1,development
fxr,EC50,single protein format,CHEMBL5824375,c1ccc(-c2noc(C3CC3)c2COC2CC3CC2CN3c2ccccc2)cc1,development
fxr,EC50,single protein format,CHEMBL6016337,c1ccc(-c2noc(C3CC3)c2COC2CC3CC2CN3c2ccccc2)cc1,development
fxr,EC50,single protein format,CHEMBL5911663,c1ccc(-c2noc(C3CC3)c2COC2CC3CC2CN3c2ccccc2)cc1,development
fxr,EC50,single protein format,CHEMBL5993370,c1ccc(-c2noc(C3CC3)c2COC2CC3CC2CN3c2ccccc2)cc1,development
fxr,EC50,single protein format,CHEMBL5873765,c1ccc(-c2noc(C3CC3)c2COC2CC3CC2CN3c2ccccc2)cc1,development
fxr,EC50,single protein format,CHEMBL5789829,c1ccc(-c2noc(C3CC3)c2COC2CC3CC2CN3c2ccccc2C2CC2)cc1,development
fxr,EC50,single protein format,CHEMBL5889337,c1ccc(-c2noc(C3CC3)c2COC2CC3CC2CN3c2ccccc2)cc1,development
fxr,EC50,single protein format,CHEMBL6022184,c1ccc(-c2noc(C3CC3)c2COC2CC3CC2CN3c2ccccc2)cc1,development
fxr,EC50,single protein format,CHEMBL6065780,c1ccc(-c2noc(C3CC3)c2COC2CC3CC2CN3c2ccccc2)cc1,development
fxr,EC50,single protein format,CHEMBL5843614,c1ccc(-c2noc(C3CC3)c2COC2CC3CC2CN3c2ccccc2)cc1,development
fxr,EC50,single protein format,CHEMBL6011860,c1ccc(-c2noc(C3CC3)c2COC2CC3CC2CN3c2ccccc2)cc1,development
fxr,EC50,single protein format,CHEMBL5742297,c1ccc(-c2noc(C3CC3)c2COC2CC3CC2CN3c2ccccc2)cc1,development
fxr,EC50,single protein format,CHEMBL5912129,c1ccc(-c2noc(C3CC3)c2COC2CC3CC2CN3c2ccccc2)cc1,development
fxr,EC50,single protein format,CHEMBL6059035,c1ccc(-c2noc(C3CC3)c2COC2CC3CC2CN3c2ccccc2)cc1,development
fxr,EC50,single protein format,CHEMBL5771581,c1ccc(-c2noc(C3CC3)c2COC2CC3CC2CN3c2ccccc2)cc1,development
fxr,EC50,single protein format,CHEMBL5771352,c1ccc(-c2noc(C3CC3)c2COC2CC3CC2CN3c2ccccc2)cc1,development
fxr,EC50,single protein format,CHEMBL5985519,c1ccc(-c2noc(C3CC3)c2COC2CC3CC2CN3c2ccccc2)cc1,development
fxr,EC50,single protein format,CHEMBL5774938,c1ccc(-c2noc(C3CC3)c2COC2CC3CC2CN3c2ccccc2)cc1,development
fxr,EC50,single protein format,CHEMBL5993244,c1ccc(-c2noc(C3CC3)c2COC2CC3CC2CN3c2ccccc2)cc1,development
fxr,EC50,single protein format,CHEMBL5876378,c1ccc(-c2noc(C3CC3)c2COC2CC3CC2CN3c2ccccc2)cc1,development
fxr,EC50,single protein format,CHEMBL5983078,c1ccc(-c2noc(C3CC3)c2COC2CC3CC2CN3c2ccccc2)cc1,development
fxr,EC50,single protein format,CHEMBL5969888,c1ccc(-c2noc(C3CC3)c2COC2CC3CC2CN3c2ccccc2)cc1,development
fxr,EC50,single protein format,CHEMBL5782456,c1ccc(N2CC3CC2CC3OCc2c(C3CCC4(CC3)CC4)noc2C2CC2)cc1,development
fxr,EC50,single protein format,CHEMBL5930908,c1ccc(N2CC3CC2CC3OCc2c(C3CCC4(CC3)CC4)noc2C2CC2)cc1,development
fxr,EC50,single protein format,CHEMBL5941456,c1ccc(-c2noc(C3CC3)c2COC2CC3CC2C[NH+]3c2ccccc2)cc1,development
fxr,EC50,single protein format,CHEMBL6037690,c1ccc(-c2noc(C3CC3)c2COC2CC3CC2CN3c2ccccn2)cc1,development
fxr,EC50,single protein format,CHEMBL5957130,c1ccc(-c2noc(C3CC3)c2COC2CC3CC2CN3c2ccccn2)cc1,development
fxr,EC50,single protein format,CHEMBL5993321,c1ccc(-c2noc(C3CC3)c2COC2CC3CC2CN3c2ccccc2)cc1,development
fxr,EC50,single protein format,CHEMBL5834130,c1ccc(-c2noc(C3CC3)c2COC2CC3CC2CN3c2ccccc2)cc1,development
fxr,EC50,single protein format,CHEMBL5848952,c1ccc(-c2noc(C3CC3)c2COC2CC3CC2CN3c2ccccc2)cc1,development
fxr,EC50,single protein format,CHEMBL5826511,c1ccc(-c2noc(C3CC3)c2COC2CC3CC2CN3c2ccc(-c3nn[nH]n3)cc2)cc1,development
fxr,EC50,single protein format,CHEMBL6048214,O=C1NCc2cc(N3CC4CC3CC4OCc3c(-c4ccccc4)noc3C3CC3)ccc21,development
fxr,EC50,single protein format,CHEMBL5902488,O=C1NCCc2cc(N3CC4CC3CC4OCc3c(-c4ccccc4)noc3C3CC3)ccc21,development
fxr,EC50,single protein format,CHEMBL5744445,c1ccc(-c2noc(C3CC3)c2COC2CC3CC2CN3c2ccc3c(c2)CCCC3)cc1,development
fxr,EC50,single protein format,CHEMBL5920380,c1ccc(-c2noc(C3CC3)c2COC2CC3CC2CN3c2ccc3c(c2)CCCC3)cc1,development
fxr,EC50,single protein format,CHEMBL6020656,O=c1[nH]c2cc(N3CC4CC3CC4OCc3c(-c4ccccc4)noc3C3CC3)ccc2o1,development
fxr,EC50,single protein format,CHEMBL6054540,O=C1OCc2cc(N3CC4CC3CC4OCc3c(-c4ccccc4)noc3C3CC3)ccc21,development
fxr,EC50,single protein format,CHEMBL5973774,c1ccc(-c2noc(C3CC3)c2COC2CC3CC2CN3c2ccccc2)cc1,development
fxr,EC50,single protein format,CHEMBL5749063,c1ccc(-c2noc(C3CC3)c2COC2CC3CC2CN3c2ccccc2)cc1,development
fxr,EC50,single protein format,CHEMBL5863880,c1ccc(-c2noc(C3CC3)c2COC2CC3CC2CN3c2ccccc2)cc1,development
fxr,EC50,single protein format,CHEMBL5844432,c1ccc(-c2noc(C3CC3)c2COC2CC3CC2CN3c2ncccn2)cc1,development
fxr,EC50,single protein format,CHEMBL5916908,c1ccc(-c2noc(C3CC3)c2COC2CC3CC2CN3c2ccccc2)cc1,development
fxr,EC50,single protein format,CHEMBL5974741,c1ccc(-c2noc(C3CC3)c2COC2CC3CC2CN3c2ccccc2)cc1,development
fxr,EC50,single protein format,CHEMBL5984847,c1ccc(-c2noc(C3CC3)c2COC2CC3CC2CN3c2ccccc2)cc1,development
fxr,EC50,single protein format,CHEMBL5804597,c1ccc(-c2noc(C3CC3)c2COC2CC3CC2CN3c2ccc(C3CC3)cc2)cc1,development
fxr,EC50,single protein format,CHEMBL5987714,c1ccc(-c2noc(C3CC3)c2COC2CC3CC2CN3c2ccc(C3CCC3)cc2)cc1,development
fxr,EC50,single protein format,CHEMBL5943126,c1ccc(-c2noc(C3CC3)c2COC2CC3CC2CN3c2ccc(C3CCC3)cc2)cc1,development
fxr,EC50,single protein format,CHEMBL5869374,c1ccc(-c2noc(C3CC3)c2COC2CC3CC2CN3c2ccccc2)cc1,development
fxr,EC50,single protein format,CHEMBL5940692,c1ccc(-c2noc(C3CC3)c2COC2CC3CC2CN3c2ccccc2)cc1,development
fxr,EC50,single protein format,CHEMBL5854824,c1ccc(-c2noc(C3CC3)c2COC2CC3CC2CN3c2ccccc2)cc1,development
fxr,EC50,single protein format,CHEMBL6032103,c1ccc(-c2noc(C3CC3)c2COC2CC3CC2CN3c2ccccc2)cc1,development
fxr,EC50,single protein format,CHEMBL5870915,c1ccc(-c2noc(C3CC3)c2COC2CC3CC2CN3c2ccccc2)cc1,development
fxr,EC50,single protein format,CHEMBL6061303,c1ccc(-c2noc(C3CC3)c2COC2CC3CC2CN3c2ccccc2)cc1,development
fxr,EC50,single protein format,CHEMBL5751482,c1ccc(-c2noc(C3CC3)c2COC2CC3CC2CN3c2ccccc2)cc1,development
fxr,EC50,single protein format,CHEMBL5869728,c1ccc(-c2noc(C3CC3)c2COC2CC3CC2CN3c2ccccc2)cc1,development
fxr,EC50,single protein format,CHEMBL5959311,c1ccc(-c2noc(C3CC3)c2COC2CC3CC2CN3c2ccc(CN3CCC3)cc2)cc1,development
fxr,EC50,single protein format,CHEMBL5852005,c1ccc(-c2noc(C3CC3)c2COC2CC3CC2CN3c2ccccc2)cc1,development
fxr,EC50,single protein format,CHEMBL5846438,c1ccc(-c2noc(C3CC3)c2COC2CC3CC2CN3c2ccc(CCc3nn[nH]n3)cc2)cc1,development
fxr,EC50,single protein format,CHEMBL5882146,c1ccc(-c2noc(C3CC3)c2COC2CC3CC2CN3c2ccccc2)cc1,development
fxr,EC50,single protein format,CHEMBL6049423,O=C(NCc1nn[nH]n1)c1ccc(N2CC3CC2CC3OCc2c(-c3ccccc3)noc2C2CC2)cc1,development
fxr,EC50,single protein format,CHEMBL5916216,c1ccc(-c2noc(C3CC3)c2COC2CC3CC2CN3c2ccccc2)cc1,development
fxr,EC50,single protein format,CHEMBL5883465,c1ccc(-c2noc(C3CC3)c2COC2CC3CC2CN3c2ccccc2)cc1,development
fxr,EC50,single protein format,CHEMBL6013996,c1ccc(-c2noc(C3CC3)c2COC2CC3CC2CN3c2ccccc2)cc1,development
fxr,EC50,single protein format,CHEMBL6037861,c1ccc(-c2noc(C3CC3)c2COC2CC3CC2CN3c2ccccc2)cc1,development
fxr,EC50,single protein format,CHEMBL6062605,c1ccc(-c2noc(C3CC3)c2COC2CC3CC2CN3c2ccccc2)cc1,development
fxr,EC50,single protein format,CHEMBL6045396,c1ccc(-c2noc(C3CC3)c2COC2CC3CC2CN3c2ccccc2)cc1,development
fxr,EC50,single protein format,CHEMBL6020871,O=C(NCCS(=O)(=O)C1CC1)c1ccc(N2CC3CC2CC3OCc2c(-c3ccccc3)noc2C2CC2)cc1,development
fxr,EC50,single protein format,CHEMBL5986019,O=C(NCCS(=O)(=O)C1CCOCC1)c1ccc(N2CC3CC2CC3OCc2c(-c3ccccc3)noc2C2CC2)cc1,development
fxr,EC50,single protein format,CHEMBL5811505,c1ccc(-c2noc(C3CC3)c2COC2CC3CC2CN3c2ccccc2)cc1,development
fxr,EC50,single protein format,CHEMBL5993843,c1ccc(-c2noc(C3CC3)c2COC2CC3CC2CN3c2ccccc2)cc1,development
fxr,EC50,single protein format,CHEMBL5914386,c1ccc(-c2noc(C3CC3)c2COC2CC3CC2CN3c2ccccc2)cc1,development
fxr,EC50,single protein format,CHEMBL5966342,c1ccc(-c2noc(C3CC3)c2COC2CC3CC2CN3c2ccccc2)cc1,development
fxr,EC50,single protein format,CHEMBL6035271,c1ccc(-c2noc(C3CC3)c2COC2CC3CC2CN3c2ccccc2)cc1,development
fxr,EC50,single protein format,CHEMBL6001136,c1ccc(-c2noc(C3CC3)c2COC2CC3CC2CN3c2nncs2)cc1,development
fxr,EC50,single protein format,CHEMBL5976091,c1ccc(-c2noc(C3CC3)c2COC2CC3CC2CN3c2ccon2)cc1,development
fxr,EC50,single protein format,CHEMBL5928207,O=C(NS(=O)(=O)C1CCOCC1)c1ccccc1N1CC2CC1CC2OCc1c(-c2ccccc2)noc1C1CC1,development
fxr,EC50,single protein format,CHEMBL5933967,O=C(NS(=O)(=O)C1CCC1)c1ccc(N2CC3CC2CC3OCc2c(-c3ccccc3)noc2C2CC2)cc1,development
fxr,EC50,single protein format,CHEMBL5826402,O=C(NS(=O)(=O)C1COC1)c1ccc(N2CC3CC2CC3OCc2c(-c3ccccc3)noc2C2CC2)cc1,development
fxr,EC50,single protein format,CHEMBL5822769,O=C(NS(=O)(=O)C1CCOC1)c1ccc(N2CC3CC2CC3OCc2c(-c3ccccc3)noc2C2CC2)cc1,development
fxr,EC50,single protein format,CHEMBL6008118,O=C(NS(=O)(=O)C1CCNCC1)c1ccc(N2CC3CC2CC3OCc2c(-c3ccccc3)noc2C2CC2)cc1,development
fxr,EC50,single protein format,CHEMBL5844977,O=C(NS(=O)(=O)c1cn[nH]c1)c1ccc(N2CC3CC2CC3OCc2c(-c3ccccc3)noc2C2CC2)cc1,development
fxr,EC50,single protein format,CHEMBL5949388,c1ccc(-c2noc(C3CC3)c2COC2CC3CC2CN3c2ccccc2)cc1,development
fxr,EC50,single protein format,CHEMBL5933928,c1ccc(-c2noc(C3CC3)c2COC2CC3CC2CN3c2ccccc2)cc1,development
fxr,EC50,single protein format,CHEMBL5985960,c1ccc(-c2noc(C3CC3)c2COC2CC3CC2CN3c2ccccc2)cc1,development
fxr,EC50,single protein format,CHEMBL5803443,c1ccc(-c2noc(C3CC3)c2COC2CC3CC2CN3c2ccccc2)cc1,development
fxr,EC50,single protein format,CHEMBL5800611,c1ccc(-c2noc(C3CC3)c2COC2CC3CC2CN3c2ccccc2)cc1,development
fxr,EC50,single protein format,CHEMBL5950914,O=C(NS(=O)(=O)C1CC1)c1ccc(N2CC3CC2CC3OCc2c(-c3ccccc3)noc2C2CC2)cc1,development
fxr,EC50,single protein format,CHEMBL6031719,O=C(NS(=O)(=O)C1CC1)c1ccc(N2CC3CC2CC3OCc2c(-c3ccccc3)noc2C2CC2)cc1,development
fxr,EC50,single protein format,CHEMBL5764262,O=C(NS(=O)(=O)C1CC1)c1ccc(N2CC3CC2CC3OCc2c(-c3ccccc3)noc2C2CC2)cc1,development
fxr,EC50,single protein format,CHEMBL5915020,c1ccc(-c2noc(C3CC3)c2COC2CC3CC2CN3c2ccccc2)cc1,development
fxr,EC50,single protein format,CHEMBL5933853,O=C(NS(=O)(=O)C1CC1)c1ccc(N2CC3CC2CC3OC(=O)c2c(-c3ccccc3)noc2C2CC2)cc1,development
fxr,EC50,single protein format,CHEMBL5803005,c1ccc(-c2noc(C3CC3)c2COC2CC3CC2CN3c2ccccc2)cc1,development
fxr,EC50,single protein format,CHEMBL5810598,c1ccc(-c2noc(C3CC3)c2COC2CC3CC2CN3c2ccccc2)cc1,development
fxr,EC50,single protein format,CHEMBL5966560,O=C(NS(=O)(=O)C1CC1)c1ccc(N2CC3CC2CC3OCc2c(-c3ccccc3)noc2C2CC2)cc1,development
fxr,EC50,single protein format,CHEMBL5938636,O=C(NS(=O)(=O)C1CCOCC1)c1ccc(N2CC3CC2CC3OCc2c(-c3ccccc3)noc2C2CC2)cc1,development
fxr,EC50,single protein format,CHEMBL5790034,c1ccc(-c2noc(C3CC3)c2COC2CC3CC2CN3c2ccccn2)cc1,development
fxr,EC50,single protein format,CHEMBL6053208,O=C(NS(=O)(=O)C1CC1)c1ccc(N2CC3CC2CC3OCc2c(-c3ccccc3)noc2C2CC2)nc1,development
fxr,EC50,single protein format,CHEMBL5979397,c1ccc(-c2noc(C3CC3)c2COC2CC3CC2CN3c2ccccn2)cc1,development
fxr,EC50,single protein format,CHEMBL5881438,O=C(NS(=O)(=O)C1CC1)c1ccc(N2CC3CC2CC3OCc2c(-c3ccccc3)noc2C2CC2)nc1,development
fxr,EC50,single protein format,CHEMBL5832730,O=C(NS(=O)(=O)C1CCOCC1)c1ccc(N2CC3CC2CC3OCc2c(-c3ccccc3)noc2C2CC2)cc1,development
fxr,EC50,single protein format,CHEMBL5994679,O=C(NS(=O)(=O)C1CC1)c1ccc(N2CC3CC2CC3OCc2c(-c3ccccc3)noc2C2CC2)nc1,development
fxr,EC50,single protein format,CHEMBL5770046,c1ccc(-c2noc(C3CC3)c2COC2CC3CC2CN3c2ccccc2)cc1,development
fxr,EC50,single protein format,CHEMBL5877952,c1ccc(-c2noc(C3CC3)c2COC2CC3CC2CN3c2ccccc2)cc1,development
fxr,EC50,single protein format,CHEMBL5924209,O=C(NS(=O)(=O)CCOC(=O)C1CC1)c1ccc(N2CC3CC2CC3OCc2c(-c3ccccc3)noc2C2CC2)cc1,development
fxr,EC50,single protein format,CHEMBL6042489,c1ccc(-c2noc(C3CC3)c2COC2CC3CC2CN3c2ccccc2)cc1,development
fxr,EC50,single protein format,CHEMBL5991022,c1ccc(-c2noc(C3CC3)c2COC2CC3CC2CN3c2ccccc2)cc1,development
fxr,EC50,single protein format,CHEMBL5765769,c1ccc(-c2noc(C3CC3)c2COC2CC3CC2CN3c2ccccc2)cc1,development
fxr,EC50,single protein format,CHEMBL5912676,c1ccc(-c2noc(C3CC3)c2COC2CC3CC2CN3c2ccccc2)cc1,development
fxr,EC50,single protein format,CHEMBL5794992,c1ccc(-c2noc(C3CC3)c2COC2CC3CC2CN3c2ccccc2)cc1,development
fxr,EC50,single protein format,CHEMBL5832886,c1ccc(-c2noc(C3CC3)c2COC2CC3CC2CN3c2ccccc2)cc1,development
fxr,EC50,single protein format,CHEMBL5808924,c1ccc(-c2noc(C3CC3)c2COC2CC3CC2CN3c2ccccc2)cc1,development
fxr,EC50,single protein format,CHEMBL5826086,c1ccc(-c2noc(C3CC3)c2COC2CC3CC2CN3c2ccccc2)cc1,development
fxr,EC50,single protein format,CHEMBL6020018,c1ccc(-c2noc(C3CC3)c2COC2CC3CC2CN3c2ccccc2)cc1,development
fxr,EC50,single protein format,CHEMBL5958209,c1ccc(-c2noc(C3CC3)c2COC2CC3CC2CN3c2ccccc2)cc1,development
fxr,EC50,single protein format,CHEMBL5965579,c1ccc(-c2noc(C3CC3)c2COC2CC3CC2CN3c2ccccc2)cc1,development
fxr,EC50,single protein format,CHEMBL5893870,c1ccc(-c2noc(C3CC3)c2COC2CC3CC2CN3c2ccccc2)cc1,development
fxr,EC50,single protein format,CHEMBL5927834,O=C(NS(=O)(=O)CCCCCCCCCCN1CCC1)c1ccc(N2CC3CC2CC3OCc2c(-c3ccccc3)noc2C2CC2)cc1,development
fxr,EC50,single protein format,CHEMBL5823603,O=C(NS(=O)(=O)C1CC1)c1ccc(N2CC3CC2CC3OCc2c(C3CCC4(CC3)CC4)noc2C2CC2)cc1,development
fxr,EC50,single protein format,CHEMBL5900567,O=C(NS(=O)(=O)C1CC1)c1ccc(N2CC3CC2CC3OCc2c(C3CCC4(CC3)CC4)noc2C2CC2)cc1,development
fxr,EC50,single protein format,CHEMBL5778721,O=C(NS(=O)(=O)C1CCOCC1)c1ccc(N2CC3CC2CC3OCc2c(C3CCC4(CC3)CC4)noc2C2CC2)cc1,development
fxr,EC50,single protein format,CHEMBL5744511,O=C(NS(=O)(=O)C1CC1)c1ccc(N2CC3CC2CC3OCc2c(-c3ccccc3)noc2C2CC2)cc1,development
fxr,EC50,single protein format,CHEMBL5983102,O=C(NS(=O)(=O)C1CC1)c1ccc(N2CC3CC2CC3OCc2c(-c3ccccc3)noc2C2CC2)cc1,development
fxr,EC50,single protein format,CHEMBL5861487,O=C(NS(=O)(=O)C1CC1)c1ccc([NH+]2CC3CC2CC3OCc2c(-c3ccccc3)noc2C2CC2)cc1,development
fxr,EC50,single protein format,CHEMBL6038882,O=C(CCc1ccc(N2CC3CC2CC3OCc2c(-c3ccccc3)noc2C2CC2)cc1)NS(=O)(=O)C1CCOCC1,development
fxr,EC50,single protein format,CHEMBL5827637,c1ccc(-c2noc(C3CC3)c2COC2CC3CC2CN3c2ccccc2)cc1,development
fxr,EC50,single protein format,CHEMBL5895518,O=C(CCc1ccc(N2CC3CC2CC3OCc2c(-c3ccccc3)noc2C2CC2)cc1)NS(=O)(=O)C1CC1,development
fxr,EC50,single protein format,CHEMBL6008322,O=C(CCc1ccc(N2CC3CC2CC3OCc2c(-c3ccccc3)noc2C2CC2)cc1)NS(=O)(=O)C1CCOCC1,development
fxr,EC50,single protein format,CHEMBL5804887,c1ccc(-c2noc(C3CC3)c2COC2CC3CC2CN3c2ccccc2)cc1,development
fxr,EC50,single protein format,CHEMBL5889245,O=C(CCc1ccc(N2CC3CC2CC3OCc2c(-c3ccccc3)noc2C2CC2)cc1)NS(=O)(=O)C1CC1,development
fxr,EC50,single protein format,CHEMBL5755141,c1ccc(-c2noc(C3CC3)c2COC2CC3CC2CN3c2ccccc2)cc1,development
fxr,EC50,single protein format,CHEMBL5859848,O=C(CCc1ccc(N2CC3CC2CC3OCc2c(-c3ccccc3)noc2C2CC2)cc1)NS(=O)(=O)C1CC1,development
fxr,EC50,single protein format,CHEMBL5826308,O=C(CCc1ccc(N2CC3CC2CC3OCc2c(-c3ccccc3)noc2C2CC2)cc1)NS(=O)(=O)C1CCOCC1,development
fxr,EC50,single protein format,CHEMBL5777573,O=C1C2CC(CC2OCc2c(-c3ccccc3)noc2C2CC2)N1c1ccccc1,development
fxr,EC50,single protein format,CHEMBL6040403,c1ccc(-c2noc(C3CC3)c2COC2CC3CC2CN3c2nc3c(C4CCC4)cccc3s2)cc1,development
fxr,EC50,single protein format,CHEMBL6014744,c1ccc(-c2noc(C3CC3)c2COC2CC3CC2CN3c2nc3c(C4CCCC4)cccc3s2)cc1,development
fxr,EC50,single protein format,CHEMBL5858429,c1ccc(-c2noc(C3CC3)c2COC2CC3CC2CN3c2nc3c(C4CCOC4)cccc3s2)cc1,development
fxr,EC50,single protein format,CHEMBL5814754,c1ccc(-c2noc(C3CC3)c2COC2CC3CC2CN3c2nc3c(C4CCOC4)cccc3s2)cc1,development
fxr,EC50,single protein format,CHEMBL5868301,c1ccc(-c2noc(C3CC3)c2COC2CC3CC2CN3c2nc3c(C4CCOC4)cccc3s2)cc1,development
fxr,EC50,single protein format,CHEMBL5778224,c1ccc(-c2noc(C3CC3)c2COC2CC3CC2CN3c2nc3c(C4CCOCC4)cccc3s2)cc1,development
fxr,EC50,single protein format,CHEMBL5824825,c1ccc(-c2noc(C3CC3)c2COC2CC3CC2CN3c2nc3c(C4CC5CCC(C4)O5)cccc3s2)cc1,development
fxr,EC50,single protein format,CHEMBL6023202,c1ccc(-c2noc(C3CC3)c2COC2CC3CC2CN3c2nc3c(C4CC5(CCOCC5)C4)cccc3s2)cc1,development
fxr,EC50,single protein format,CHEMBL5773375,c1ccc(-c2noc(C3CC3)c2COC2CC3CC2CN3c2nc3c(C4CCCOCC4)cccc3s2)cc1,development
fxr,EC50,single protein format,CHEMBL6000684,c1ccc(-c2noc(C3CC3)c2COC2CC3CC2CN3c2nc3c(C4CCOCC4)cccc3s2)cc1,development
fxr,EC50,single protein format,CHEMBL5788058,c1ccc(-c2noc(C3CC3)c2COC2CC3CC2CN3c2nc3c(C4CCOC4)cccc3s2)cc1,development
fxr,EC50,single protein format,CHEMBL5762996,c1ccc(-c2noc(C3CC3)c2COC2CC3CC2CN3c2nc3c(C4CCOC4)cccc3s2)cc1,development
fxr,EC50,single protein format,CHEMBL5878334,c1ccc(-c2noc(C3CC3)c2COC2CC3CC2CN3c2nc3c(C4CCOCC4)cccc3s2)cc1,development
fxr,EC50,single protein format,CHEMBL5774690,c1ccc(-c2noc(C3CC3)c2COC2CC3CC2CN3c2nc3c(C4CCOC4)cccc3s2)cc1,development
fxr,EC50,single protein format,CHEMBL5938536,c1ccc(-c2noc(C3CC3)c2COC2CC3CC2CN3c2nc3c(C4CCOC4)cccc3s2)cc1,development
fxr,EC50,single protein format,CHEMBL5941746,c1ccc2sc(N3CC4CC3CC4OCc3c(C4CCC5(CC4)CC5)noc3C3CC3)nc2c1,development
fxr,EC50,single protein format,CHEMBL5888131,c1cc(OC2CC2)c2nc(N3CC4CC3CC4OCc3c(C4CCC5(CC4)CC5)noc3C3CC3)sc2c1,development
fxr,EC50,single protein format,CHEMBL5792422,c1cc(C2CCOCC2)c2nc(N3CC4CC3CC4OCc3c(C4CCC5(CC4)CC5)noc3C3CC3)sc2c1,development
fxr,EC50,single protein format,CHEMBL5905893,c1cc(C2CCOC2)c2nc(N3CC4CC3CC4OCc3c(C4CCC5(CC4)CC5)noc3C3CC3)sc2c1,development
fxr,EC50,single protein format,CHEMBL5896289,c1cc(C2CCOC2)c2nc(N3CC4CC3CC4OCc3c(C4CCC5(CC4)CC5)noc3C3CC3)sc2c1,development
fxr,EC50,single protein format,CHEMBL6041657,c1cc(C2CCC2)c2nc(N3CC4CC3CC4OCc3c(C4CCC5(CC4)CC5)noc3C3CC3)sc2c1,development
fxr,EC50,single protein format,CHEMBL6022944,c1cc(C2CCCC2)c2nc(N3CC4CC3CC4OCc3c(C4CCC5(CC4)CC5)noc3C3CC3)sc2c1,development
fxr,EC50,single protein format,CHEMBL5841814,c1ccc(-c2noc(C3CC3)c2COC2CC3CC2CN3c2nc3c(C4CCC4)cccc3s2)cc1,development
fxr,EC50,single protein format,CHEMBL6038428,c1ccc(-c2noc(C3CC3)c2COC2CC3CC2CN3c2nc3c(C4CCCC4)cccc3s2)cc1,development
fxr,EC50,single protein format,CHEMBL5740334,O=C1C2CC(CC2OCc2c(-c3ccccc3)noc2C2CC2)N1c1nc2ccccc2s1,development
fxr,EC50,single protein format,CHEMBL5879274,O=C1C2CC(CC2OCc2c(-c3ccccc3)noc2C2CC2)N1c1nc2c(C3CC3)cccc2s1,development
fxr,EC50,single protein format,CHEMBL6003997,O=C1C2CC(CC2OCc2c(-c3ccccc3)noc2C2CC2)N1c1nc2c(C3CC4(CCOCC4)C3)cccc2s1,development
fxr,EC50,single protein format,CHEMBL5858399,O=C1C2CC(CC2OCc2c(-c3ccccc3)noc2C2CC2)N1c1nc2c(OC3CCOC3)cccc2s1,development
fxr,EC50,single protein format,CHEMBL5853997,O=C1C2CC(CC2OCc2c(-c3ccccc3)noc2C2CC2)N1c1ccccc1,development
fxr,EC50,single protein format,CHEMBL5783226,O=C1C2CC(CC2OCc2c(-c3ccccc3)noc2C2CC2)N1c1ccccc1,development
fxr,EC50,single protein format,CHEMBL5900684,O=C1C2CC(CC2OCc2c(-c3ccccc3)noc2C2CC2)N1c1ccccc1,development
fxr,EC50,single protein format,CHEMBL5947274,O=C1C2CC(CC2OCc2c(-c3ccccc3)noc2C2CC2)N1c1ccccc1,development
fxr,EC50,single protein format,CHEMBL6005927,O=C1C2CC(CC2OCc2c(-c3ccccc3)noc2C2CC2)N1c1ccccc1,development
fxr,EC50,single protein format,CHEMBL5987528,O=C1C2CC(CC2OCc2c(-c3ccccc3)noc2C2CC2)N1c1ccccc1,development
fxr,EC50,single protein format,CHEMBL5944386,O=C1C2CC(CC2OCc2c(-c3ccccc3)noc2C2CC2)N1c1ccccc1,development
fxr,EC50,single protein format,CHEMBL5907887,O=C1C2CC(CC2OCc2c(-c3ccccc3)noc2C2CC2)N1c1ccccc1,development
fxr,EC50,single protein format,CHEMBL5938200,O=C1C2CC(CC2OCc2c(-c3ccccc3)noc2C2CC2)N1c1ccc2c(c1)CCC2,development
fxr,EC50,single protein format,CHEMBL5925828,O=C1C2CC(CC2OCc2c(-c3ccccc3)noc2C2CC2)N1c1ccc2c(c1)CCC2,development
fxr,EC50,single protein format,CHEMBL5979568,O=C1C2CC(CC2OCc2c(-c3ccccc3)noc2C2CC2)N1c1ccccc1,development
fxr,EC50,single protein format,CHEMBL5839551,O=C1C2CC(CC2OCc2c(-c3ccccc3)noc2C2CC2)N1c1ccccc1,development
fxr,EC50,single protein format,CHEMBL5918755,O=C1C2CC(CC2OCc2c(-c3ccccc3)noc2C2CC2)N1c1ccccc1,development
fxr,EC50,single protein format,CHEMBL6054972,O=C1C2CC(CC2OCc2c(-c3ccccc3)noc2C2CC2)N1c1ccccc1,development
fxr,EC50,single protein format,CHEMBL5969094,O=C1C2CC(CC2OCc2c(-c3ccccc3)noc2C2CC2)N1c1ccccc1,development
fxr,EC50,single protein format,CHEMBL5985299,O=C1C2CC(CC2OCc2c(-c3ccccc3)noc2C2CC2)N1c1cccc(C2CC2)c1,development
fxr,EC50,single protein format,CHEMBL5748925,O=C1C2CC(CC2OCc2c(-c3ccccc3)noc2C2CC2)N1c1cccc(C2CC2)c1,development
fxr,EC50,single protein format,CHEMBL6015696,O=C1C2CC(CC2OCc2c(-c3ccccc3)noc2C2CC2)N1c1ccccn1,development
fxr,EC50,single protein format,CHEMBL5827120,O=C1C2CC(CC2OCc2c(-c3ccccc3)noc2C2CC2)N1c1cncnc1,development
fxr,EC50,single protein format,CHEMBL6000183,O=C1C2CC(CC2OCc2c(-c3ccccc3)noc2C2CC2)N1c1cnccn1,development
fxr,EC50,single protein format,CHEMBL5949782,O=C1C2CC(CC2OCc2c(-c3ccccc3)noc2C2CC2)N1c1cccnn1,development
fxr,EC50,single protein format,CHEMBL6025293,O=C(NS(=O)(=O)C1CCOCC1)c1ccc(N2C(=O)C3CC2CC3OCc2c(-c3ccccc3)noc2C2CC2)cc1,development
fxr,EC50,single protein format,CHEMBL5986161,O=C(NS(=O)(=O)C1CCOCC1)c1ccc(N2C(=O)C3CC2CC3OCc2c(-c3ccccc3)noc2C2CC2)cc1,development
fxr,EC50,single protein format,CHEMBL6000103,O=C(NS(=O)(=O)C1CCOCC1)c1ccc(N2C(=O)C3CC2CC3OCc2c(-c3ccccc3)noc2C2CC2)cc1,development
fxr,EC50,single protein format,CHEMBL5868324,O=C(NS(=O)(=O)CC1CCOCC1)c1ccc(N2C(=O)C3CC2CC3OCc2c(-c3ccccc3)noc2C2CC2)cc1,development
fxr,EC50,single protein format,CHEMBL5739561,O=C(NS(=O)(=O)C1CCOC1)c1ccc(N2C(=O)C3CC2CC3OCc2c(-c3ccccc3)noc2C2CC2)cc1,development
fxr,EC50,single protein format,CHEMBL5767898,O=C(NS(=O)(=O)CC1CCOC1)c1ccc(N2C(=O)C3CC2CC3OCc2c(-c3ccccc3)noc2C2CC2)cc1,development
fxr,EC50,single protein format,CHEMBL5802257,O=C(NS(=O)(=O)C1CCOCC1)c1ccc(N2C(=O)C3CC2CC3OCc2c(-c3ccccc3)noc2C2CC2)cc1,development
fxr,EC50,single protein format,CHEMBL5915953,O=C(NS(=O)(=O)CC1CCOCC1)c1ccc(N2C(=O)C3CC2CC3OCc2c(-c3ccccc3)noc2C2CC2)cc1,development
fxr,EC50,single protein format,CHEMBL5844670,O=C(NS(=O)(=O)C1CCOC1)c1ccc(N2C(=O)C3CC2CC3OCc2c(-c3ccccc3)noc2C2CC2)cc1,development
fxr,EC50,single protein format,CHEMBL5912830,O=C(NS(=O)(=O)CC1CCOC1)c1ccc(N2C(=O)C3CC2CC3OCc2c(-c3ccccc3)noc2C2CC2)cc1,development
fxr,EC50,single protein format,CHEMBL5946058,O=C(NS(=O)(=O)C1CCCC1)c1ccc(N2C(=O)C3CC2CC3OCc2c(-c3ccccc3)noc2C2CC2)cc1,development
fxr,EC50,single protein format,CHEMBL6019152,O=C(NS(=O)(=O)C1CCCC1)c1ccc(N2C(=O)C3CC2CC3OCc2c(-c3ccccc3)noc2C2CC2)cc1,development
fxr,EC50,single protein format,CHEMBL6026945,O=C(OC1CCCC1)c1ccc(N2C(=O)C3CC2CC3OCc2c(-c3ccccc3)noc2C2CC2)cc1,development
fxr,EC50,single protein format,CHEMBL5847867,O=C(NS(=O)(=O)C1CCCC1)c1ccc(N2C(=O)C3CC2CC3OCc2c(-c3ccccc3)noc2C2CC2)cc1,development
fxr,EC50,single protein format,CHEMBL5778050,O=C(OC1CCCC1)c1ccc(N2C(=O)C3CC2CC3OCc2c(-c3ccccc3)noc2C2CC2)cc1,development
fxr,EC50,single protein format,CHEMBL5753828,O=C(NS(=O)(=O)C1CCCC1)c1ccc(N2C(=O)C3CC2CC3OCc2c(-c3ccccc3)noc2C2CC2)cn1,development
fxr,EC50,single protein format,CHEMBL5921239,O=C(NS(=O)(=O)C1CCCC1)c1ccc(N2C(=O)C3CC2CC3OCc2c(-c3ccccc3)noc2C2CC2)cn1,development
fxr,EC50,single protein format,CHEMBL5794452,O=C(NS(=O)(=O)C1CCCC1)c1ccc(N2C(=O)C3CC2CC3OCc2c(-c3ccccc3)noc2C2CC2)cn1,development
fxr,EC50,single protein format,CHEMBL6011843,O=C(NS(=O)(=O)C1CC1)c1ccc(N2C(=O)C3CC2CC3OCc2c(-c3ccccc3)noc2C2CC2)cn1,development
fxr,EC50,single protein format,CHEMBL6028003,O=C(NS(=O)(=O)C1CCOCC1)c1ccc(N2C(=O)C3CC2CC3OCc2c(-c3ccccc3)noc2C2CC2)cn1,development
fxr,EC50,single protein format,CHEMBL5878248,O=C(NS(=O)(=O)C1CCCC1)c1ccc(N2C(=O)C3CC2CC3OCc2c(-c3ccccc3)noc2C2CC2)cn1,development
fxr,EC50,single protein format,CHEMBL5956346,O=C(NS(=O)(=O)C1CCOCC1)c1ccc(N2C(=O)C3CC2CC3OCc2c(-c3ccccc3)noc2C2CC2)cn1,development
fxr,EC50,single protein format,CHEMBL5741888,O=C(NS(=O)(=O)C1CC1)c1ccc(N2C(=O)C3CC2CC3OCc2c(-c3ccccc3)noc2C2CC2)cn1,development
fxr,EC50,single protein format,CHEMBL6005149,O=C(NS(=O)(=O)C1CCCC1)c1ccc(N2C(=O)C3CC2CC3OCc2c(-c3ccccc3)noc2C2CC2)cn1,development
fxr,EC50,single protein format,CHEMBL5931588,O=C(NS(=O)(=O)C1CCOCC1)c1ccc(N2C(=O)C3CC2CC3OCc2c(-c3ccccc3)noc2C2CC2)cn1,development
fxr,EC50,single protein format,CHEMBL6049778,O=C1C2CC(CC2OCc2c(-c3ccccc3)noc2C2CC2)N1c1ccccc1,development
fxr,EC50,single protein format,CHEMBL5843606,O=C1C2CC(CC2OCc2c(-c3ccccc3)noc2C2CC2)N1c1ccccc1,development
fxr,EC50,single protein format,CHEMBL6040065,c1ccc(-c2noc(C3CC3)c2COC2CC3CC2CN3c2ccccc2)cc1,development
fxr,EC50,single protein format,CHEMBL6042278,c1ccc(-c2noc(C3CC3)c2COC2CC3CC2CN3c2ccccc2)cc1,development
fxr,EC50,single protein format,CHEMBL6046657,c1ccc(-c2noc(C3CC3)c2COC2CC3CC2CN3c2ccccc2)cc1,development
fxr,EC50,single protein format,CHEMBL6054764,c1ccc(-c2noc(C3CC3)c2COC2CC3CC2CN3c2ccccc2)cc1,development
fxr,EC50,single protein format,CHEMBL5844970,c1ccc(-c2noc(C3CC3)c2COC2CC3CC2CN3c2ccccc2)cc1,development
fxr,EC50,single protein format,CHEMBL5906649,c1ccc(-c2noc(C3CC3)c2COC2CC3CC2CN3c2ccccc2)cc1,development
fxr,EC50,single protein format,CHEMBL5793719,c1ccc(-c2noc(C3CC3)c2COC2CC3CC2CN3c2ccccc2)cc1,development
fxr,EC50,single protein format,CHEMBL5767061,c1ccc(-c2noc(C3CC3)c2COC2CC3CC2CN3c2ccccn2)cc1,development
fxr,EC50,single protein format,CHEMBL6009655,c1ccc(-c2noc(C3CC3)c2COC2CC3CC2CN3c2ccccn2)cc1,development
fxr,EC50,single protein format,CHEMBL5855180,O=C(NS(=O)(=O)C1CCOCC1)c1ccc(N2CC3CC2CC3OCc2c(-c3ccccc3)noc2C2CC2)cn1,development
fxr,EC50,single protein format,CHEMBL5761919,O=C(NS(=O)(=O)C1CCOCC1)c1ccc(N2CC3CC2CC3OCc2c(-c3ccccc3)noc2C2CC2)cn1,development
fxr,EC50,single protein format,CHEMBL5962612,O=C(NS(=O)(=O)C1CCOCC1)c1ccc(N2CC3CC2CC3OCc2c(-c3ccccc3)noc2C2CC2)nc1,development
fxr,EC50,single protein format,CHEMBL5790986,O=C(NS(=O)(=O)C1CCOCC1)c1ccc(N2CC3CC2CC3OCc2c(-c3ccccc3)noc2C2CC2)nc1,development
fxr,EC50,single protein format,CHEMBL5817084,O=C(OC1CC2CCC(C1)N2c1nc2ccccc2s1)c1c(C2CCC3(CC2)CC3)noc1C1CC1,development
fxr,EC50,single protein format,CHEMBL5834226,O=C(OC1CC2CCC(C1)N2c1nc2ccccc2s1)c1conc1-c1ccccc1,development
fxr,EC50,single protein format,CHEMBL5760735,O=C(OC1CC2CCC(C1)N2c1nc2ccccc2s1)c1c(-c2ccccc2)noc1C1CCC1,development
fxr,EC50,single protein format,CHEMBL5837700,O=C(OC1CC2CCC(C1)N2c1nc2ccccc2s1)c1conc1-c1ccccc1,development
fxr,EC50,single protein format,CHEMBL6058801,O=C(OC1CC2CCC(C1)N2c1ccc2cc[nH]c2c1)c1c(-c2ccccc2)noc1C1CC1,development
fxr,EC50,single protein format,CHEMBL5953528,O=C1CNc2cc(N3C4CCC3CC(OC(=O)c3c(-c5ccccc5)noc3C3CC3)C4)ccc21,development
fxr,EC50,single protein format,CHEMBL5787726,O=C(OC1CC2CCC(C1)N2c1nc2ccccc2[nH]1)c1c(-c2ccccc2)noc1C1CC1,development
fxr,EC50,single protein format,CHEMBL5912109,O=C(Cc1c(-c2ccccc2)noc1C1CC1)OC1CC2CCC(C1)N2c1nc2ccccc2s1,development
fxr,EC50,single protein format,CHEMBL6007337,O=C(OC1CC2CCC(C1)N2c1ccccc1)c1c(-c2ccccc2)noc1C1CC1,development
fxr,EC50,single protein format,CHEMBL6036175,O=C(OC1CC2CCC(C1)N2c1ccccc1)c1c(-c2ccccc2)noc1C1CC1,development
fxr,EC50,single protein format,CHEMBL5995907,O=C(OC1CC2CCC(C1)N2c1ccccc1)c1c(-c2ccccc2)noc1C1CC1,development
fxr,EC50,single protein format,CHEMBL5828489,O=C(OC1CC2CCC(C1)N2c1ccccc1)c1c(-c2ccccc2)noc1C1CC1,development
fxr,EC50,single protein format,CHEMBL5750852,O=C(OC1CC2CCC(C1)N2c1ccccc1)c1c(-c2ccccc2)noc1C1CC1,development
fxr,EC50,single protein format,CHEMBL5850084,O=C(OC1CC2CCC(C1)N2c1ccccc1)c1c(-c2ccccc2)noc1C1CC1,development
fxr,EC50,single protein format,CHEMBL5953133,O=C(OC1CC2CCC(C1)N2c1ccccc1)c1c(-c2ccccc2)noc1C1CC1,development
fxr,EC50,single protein format,CHEMBL5779447,O=C(OC1CC2CCC(C1)N2c1ccccc1)c1c(-c2ccccc2)noc1C1CC1,development
fxr,EC50,single protein format,CHEMBL5799501,O=C(OC1CC2CCC(C1)N2c1ccccc1)c1c(-c2ccccc2)noc1C1CC1,development
fxr,EC50,single protein format,CHEMBL5887745,O=C(OC1CC2CCC(C1)N2c1ccccc1)c1c(-c2ccccc2)noc1C1CC1,development
fxr,EC50,single protein format,CHEMBL6196031,O=C(OC1CC2CCC(C1)N2c1ccccc1)c1c(-c2ccccc2)noc1C1CC1,development
fxr,EC50,single protein format,CHEMBL5744638,O=C(OC1CC2CCC(C1)N2c1ccccc1)c1c(-c2ccccc2)noc1C1CC1,development
fxr,EC50,single protein format,CHEMBL6196032,O=C(OC1CC2CCC(C1)N2c1ccccc1)c1c(-c2ccccc2)noc1C1CC1,development
fxr,EC50,single protein format,CHEMBL5958120,O=C(OC1CC2CCC(C1)N2c1ccccc1)c1c(-c2ccccc2)noc1C1CC1,development
fxr,EC50,single protein format,CHEMBL5879914,O=C(NS(=O)(=O)C1CC1)c1ccc(N2C3CCC2CC(OC(=O)c2c(-c4ccccc4)noc2C2CC2)C3)cc1,development
fxr,EC50,single protein format,CHEMBL5922563,O=C(OC1CC2CCC(C1)N2c1ccccc1)c1c(-c2ccccc2)noc1C1CC1,development
fxr,EC50,single protein format,CHEMBL6054814,O=C(OC1CC2CCC(C1)N2c1ccccc1)c1c(-c2ccccc2)noc1C1CC1,development
fxr,EC50,single protein format,CHEMBL5747937,O=C(OC1CC2CCC(C1)N2c1ccccc1)c1c(-c2ccccc2)noc1C1CC1,development
fxr,EC50,single protein format,CHEMBL5816134,O=C(OC1CC2CCC(C1)N2S(=O)(=O)c1ccccc1)c1c(-c2ccccc2)noc1C1CC1,development
fxr,EC50,single protein format,CHEMBL6051339,O=C(OC1CC2CCC(C1)N2c1nc2ccccc2s1)c1c(C23CCC(CC2)CC3)noc1C1CC1,development
fxr,EC50,single protein format,CHEMBL566315,C1CCC2C(C1)CCC1C3CCCC3CCC21,development
fxr,EC50,single protein format,CHEMBL5267427,c1ccc(-c2noc(C3CC3)c2COc2ccc3c(n2)CCc2ccccc2O3)cc1,development
fxr,EC50,single protein format,CHEMBL5275615,c1ccc(-c2noc(C3CC3)c2COc2ccc3c(n2)C2(CC2)Cc2ccccc2O3)cc1,development
fxr,EC50,single protein format,CHEMBL5265828,c1ccc(-c2noc(C3CC3)c2COc2ccc3c(n2)C2(CC2)Cc2ccccc2O3)cc1,development
fxr,EC50,single protein format,CHEMBL5268384,c1ccc(-c2noc(C3CC3)c2COc2ccc3c(n2)CCc2ccccc2O3)cc1,development
fxr,EC50,single protein format,CHEMBL318457,C(=Cc1ccc(OCc2conc2-c2ccccc2)cc1)c1ccccc1,development
fxr,EC50,single protein format,CHEMBL4591419,c1ccc(OCc2ccc(OCc3conc3-c3ccccc3)cc2)cc1,development
fxr,EC50,single protein format,CHEMBL4588863,c1ccc(OCc2ccc(OCc3conc3-c3ccccc3)cc2)cc1,development
fxr,EC50,single protein format,CHEMBL4445722,c1ccc(-c2ccc(OCc3conc3-c3ccccc3)cc2)cc1,development
fxr,EC50,single protein format,CHEMBL4591419,c1ccc(OCc2ccc(OCc3conc3-c3ccccc3)cc2)cc1,development
fxr,EC50,single protein format,CHEMBL4588863,c1ccc(OCc2ccc(OCc3conc3-c3ccccc3)cc2)cc1,development
fxr,EC50,single protein format,CHEMBL4445722,c1ccc(-c2ccc(OCc3conc3-c3ccccc3)cc2)cc1,development
fxr,EC50,single protein format,CHEMBL6120333,c1ccc(-c2ccc(OCc3ccc(OCc4conc4-c4ccccc4)cc3)cc2)cc1,development
fxr,EC50,single protein format,CHEMBL6083109,c1ccc(OCc2cccc(OCc3conc3-c3ccccc3)c2)cc1,development
fxr,EC50,single protein format,CHEMBL6083108,c1ccc(OCc2cccc(OCc3conc3-c3ccccc3)c2)cc1,development
fxr,EC50,single protein format,CHEMBL6101820,c1ccc(-c2ccc(OCc3cccc(OCc4conc4-c4ccccc4)c3)cc2)cc1,development
fxr,EC50,single protein format,CHEMBL6114912,c1ccc(-c2ccc(OCc3conc3-c3ccccc3)cc2)cc1,development
fxr,EC50,single protein format,CHEMBL6102218,c1ccc(-c2ccc(OCc3conc3-c3ccccc3)cc2)cc1,development
fxr,EC50,single protein format,CHEMBL6102548,c1ccc(-c2ccc(OCc3conc3-c3ccccc3)cc2)cc1,development
fxr,EC50,single protein format,CHEMBL6078507,c1ccc(-c2ccc(OCc3conc3-c3ccccc3)cc2)cc1,development
fxr,EC50,single protein format,CHEMBL6101988,c1ccc(-c2ccc(OCc3conc3-c3ccccc3)cc2)cc1,development
fxr,EC50,single protein format,CHEMBL6120230,c1ccc(-c2ccc(OCc3conc3-c3ccccc3)cc2)cc1,development
fxr,EC50,single protein format,CHEMBL6134519,c1ccc(-c2ccc(OCc3conc3-c3ccccc3)cc2)cc1,development
fxr,EC50,single protein format,CHEMBL6102492,c1ccc(OCc2ccc(OCc3conc3-c3ccccc3)cc2)cc1,development
fxr,EC50,single protein format,CHEMBL6096604,c1ccc(-c2ccc(OCc3conc3-c3ccccc3)cc2)cc1,development
fxr,EC50,single protein format,CHEMBL6091798,c1ccc(-c2ccc(OCc3conc3-c3ccccc3)cc2)cc1,development
fxr,EC50,single protein format,CHEMBL6103234,c1ccc(-c2ccc(OCc3conc3-c3ccccc3)cc2)cc1,development
fxr,EC50,single protein format,CHEMBL6133073,c1ccc(-c2ccc(OCc3conc3-c3ccccc3)cc2)cc1,development
fxr,EC50,single protein format,CHEMBL6091767,c1ccc(-c2ccc(OCc3conc3-c3ccccc3)cc2)cc1,development
fxr,EC50,single protein format,CHEMBL6078316,c1ccc(-c2ccc(OCc3conc3-c3ccccc3)cc2)cc1,development
fxr,EC50,single protein format,CHEMBL6074549,c1ccc(-c2ccc(OCc3conc3-c3ccccc3)cc2)cc1,development
fxr,EC50,single protein format,CHEMBL6074482,c1ccc(-c2ccc(OCc3conc3-c3ccccc3)cc2)cc1,development
fxr,EC50,single protein format,CHEMBL6108957,c1ccc(OCc2ccc(OCc3conc3-c3ccccc3)cc2)cc1,development
fxr,EC50,single protein format,CHEMBL6102829,c1ccc(OCc2ccc(OCc3conc3-c3ccccc3)cc2)cc1,development
fxr,EC50,single protein format,CHEMBL6103438,c1ccc(OCc2ccc(OCc3conc3-c3ccccc3)cc2)cc1,development
fxr,EC50,single protein format,CHEMBL6102803,c1ccc(OCc2ccc(OCc3conc3-c3ccccc3)cc2)cc1,development
fxr,EC50,single protein format,CHEMBL318457,C(=Cc1ccc(OCc2conc2-c2ccccc2)cc1)c1ccccc1,development
fxr,EC50,single protein format,CHEMBL318457,C(=Cc1ccc(OCc2conc2-c2ccccc2)cc1)c1ccccc1,development
fxr,EC50,single protein format,CHEMBL6160526,c1ccc(-c2nocc2COc2ccc(-c3nc4ccccc4[nH]3)cc2)cc1,development
fxr,EC50,single protein format,CHEMBL6133358,c1ccc(-c2noc(C3CC3)c2COC2CC3CCC(C2)N3c2nc3ccccc3s2)cc1,development
fxr,EC50,single protein format,CHEMBL5271104,O=C(Nc1ccccc1)c1ccccc1,development
fxr,EC50,single protein format,CHEMBL6145182,O=C(Nc1ccncc1)c1ccc(Oc2ccccc2)cc1,development
fxr,EC50,single protein format,CHEMBL192966,O=C(C1CCCCC1)N(Cc1ccc(-c2ccccc2)cc1)c1ccccc1,development
fxr,EC50,single protein format,CHEMBL6166742,c1ccc(OCC2CCN(Cc3c(-c4ccccc4)noc3C3CC3)CC2)cc1,development
fxr,EC50,single protein format,CHEMBL6167003,O=C(Nc1ccccc1)C1CCN(Cc2c(-c3ccccc3)noc2C2CC2)CC1,development
fxr,EC50,single protein format,CHEMBL6152822,O=C(Nc1ccccc1)N1CCN(Cc2c(-c3ccccc3)noc2C2CC2)CC1,development
fxr,EC50,single protein format,CHEMBL6148548,c1ccc(CN2CCN(Cc3c(-c4ccccc4)noc3C3CC3)CC2)cc1,development
fxr,EC50,single protein format,CHEMBL4865925,c1ccc(OCc2ccc(OCc3c(-c4ccccc4)noc3C3CC3)cc2)cc1,development
fxr,EC50,single protein format,CHEMBL318457,C(=Cc1ccc(OCc2conc2-c2ccccc2)cc1)c1ccccc1,development
fxr,EC50,single protein format,CHEMBL6144678,c1ccc(OCC2CCN(Cc3c(-c4ccccc4)noc3C3CC3)CC2)cc1,development
fxr,EC50,single protein format,CHEMBL6144208,c1ccc(OCC2CCN(Cc3c(-c4ccccc4)noc3C3CC3)CC2)cc1,development
fxr,EC50,single protein format,CHEMBL6149935,c1ccc(OCC2CCN(Cc3c(-c4ccccc4)noc3C3CC3)CC2)cc1,development
fxr,EC50,single protein format,CHEMBL6149640,c1ccc(OCC2CCN(Cc3c(-c4ccccc4)noc3C3CC3)CC2)cc1,development
fxr,EC50,single protein format,CHEMBL6149878,c1ccc(OCC2CCN(Cc3c(-c4ccccc4)noc3C3CC3)CC2)cc1,development
fxr,EC50,single protein format,CHEMBL6141683,c1ccc(OCC2CCN(Cc3c(-c4ccccc4)noc3C3CC3)CC2)cc1,development
fxr,EC50,single protein format,CHEMBL6149799,c1ccc(-c2noc(C3CC3)c2CN2CCC(Cc3ccc4ccoc4c3)CC2)cc1,development
fxr,EC50,single protein format,CHEMBL6150473,c1ccc(-c2noc(C3CC3)c2CN2CCC(COc3ccc4c(c3)OCC4)CC2)cc1,development
fxr,EC50,single protein format,CHEMBL6144347,c1ccc(-c2noc(C3CC3)c2CN2CCC(Cn3ccc4ccccc43)CC2)cc1,development
fxr,EC50,single protein format,CHEMBL6147174,c1ccc(OCC2CCN(Cc3c(-c4ccccc4)noc3C3CC3)CC2)cc1,development
fxr,EC50,single protein format,CHEMBL6163312,c1ccc(OCC2CCN(Cc3c(-c4ccccc4)noc3C3CC3)CC2)cc1,development
fxr,EC50,single protein format,CHEMBL6163719,c1ccc(OCC2CCN(Cc3c(-c4ccccc4)noc3C3CC3)CC2)cc1,development
fxr,EC50,single protein format,CHEMBL6165362,c1ccc(OCC2CCN(Cc3c(-c4ccccc4)noc3C3CC3)CC2)cc1,development
fxr,EC50,single protein format,CHEMBL6146584,c1ccc(OCC2CCN(Cc3c(-c4ccccc4)noc3C3CC3)CC2)cc1,development
fxr,EC50,single protein format,CHEMBL6167592,c1ccc(OCC2CCN(Cc3c(-c4ccccc4)noc3C3CC3)CC2)cc1,development
fxr,EC50,single protein format,CHEMBL6148390,c1ccc(OCC2CCN(Cc3conc3-c3ccccc3)CC2)cc1,development
fxr,EC50,single protein format,CHEMBL6164606,c1ccc(OCC2CCN(Cc3conc3-c3ccccc3)CC2)cc1,development
fxr,EC50,single protein format,CHEMBL6145565,c1ccc(OCC2CCN(Cc3c(-c4ccccc4)noc3C3CC3)CC2)cc1,development
fxr,EC50,single protein format,CHEMBL6161792,c1ccc(OCC2CCN(Cc3conc3-c3ccccc3)CC2)cc1,development
fxr,EC50,single protein format,CHEMBL6143401,c1ccc(OCC2CCN(Cc3conc3-c3ccccc3)CC2)cc1,development
fxr,EC50,single protein format,CHEMBL6151613,c1ccc(OCC2CCN(Cc3c(-c4ccccc4)noc3C3CC3)CC2)cc1,development
fxr,EC50,single protein format,CHEMBL6167996,c1ccc(OCC2CCN(Cc3conc3-c3ccccc3)CC2)cc1,development
fxr,EC50,single protein format,CHEMBL6164620,c1ccc(OCC2CCN(Cc3conc3-c3ccccc3)CC2)cc1,development
fxr,EC50,single protein format,CHEMBL6146849,c1ccc(OCC2CCN(Cc3conc3-c3ccccc3)CC2)cc1,development
fxr,EC50,single protein format,CHEMBL6164082,c1ccc(OCC2CCN(Cc3c(-c4ccccc4)noc3C3CC3)CC2)cc1,development
fxr,EC50,single protein format,CHEMBL6162266,c1ccc(OCC2CCN(Cc3conc3-c3ccccc3)CC2)cc1,development
fxr,EC50,single protein format,CHEMBL566315,C1CCC2C(C1)CCC1C3CCCC3CCC21,development
fxr,EC50,single protein format,CHEMBL5093975,O=C(NCc1ccccc1)c1ccccc1,development
fxr,EC50,single protein format,CHEMBL4633499,c1ccc(NCc2ccc(OCc3conc3-c3ccccc3)cc2)cc1,development
fxr,EC50,single protein format,CHEMBL6167160,O=C(Nc1ccccn1)c1ccc(OCCCc2ccccc2)cc1,development
fxr,EC50,single protein format,CHEMBL5290209,O=C(Cc1ccccc1)Nc1cccc2c1ncn2-c1ccccc1,development
fxr,EC50,single protein format,CHEMBL6096604,c1ccc(-c2ccc(OCc3conc3-c3ccccc3)cc2)cc1,development
fxr,EC50,single protein format,CHEMBL6144920,c1ccc(-c2noc(C3CC3)c2COc2ccc(-c3cn4ccccc4n3)cc2)cc1,development
fxr,EC50,single protein format,CHEMBL6151098,c1ccc(-c2ccc(OCc3c(-c4ccccc4)noc3C3CC3)cc2)cc1,development
fxr,EC50,single protein format,CHEMBL6167170,c1ccc(-c2ccc(OCc3c(-c4ccccc4)noc3C3CC3)cc2)cc1,development
fxr,EC50,single protein format,CHEMBL6164754,c1ccc(-c2ccc(OCc3c(-c4ccccc4)noc3C3CC3)cc2)cc1,development
fxr,EC50,single protein format,CHEMBL6149417,c1ccc(-c2ccc(OCc3c(-c4ccccc4)noc3C3CC3)cc2)cc1,development
fxr,EC50,single protein format,CHEMBL6149794,c1ccc(-c2ccc(OCc3c(-c4ccccc4)noc3C3CC3)cc2)cc1,development
fxr,EC50,single protein format,CHEMBL6163659,c1ccc(-c2ccc(OCc3c(-c4ccccc4)noc3C3CC3)cc2)cc1,development
fxr,EC50,single protein format,CHEMBL6144521,c1ccc(-c2ccc(OCc3c(-c4ccccc4)noc3C3CC3)cc2)cc1,development
fxr,EC50,single protein format,CHEMBL6151098,c1ccc(-c2ccc(OCc3c(-c4ccccc4)noc3C3CC3)cc2)cc1,development
fxr,EC50,single protein format,CHEMBL6171799,c1ccc(-c2ccc(OCc3c(-c4ccccc4)noc3C3CC3)cc2)cc1,development
fxr,EC50,single protein format,CHEMBL5435407,c1ccc(-c2ccc(OCc3c(-c4ccccc4)noc3C3CC3)cc2)cc1,development
fxr,EC50,single protein format,CHEMBL566315,C1CCC2C(C1)CCC1C3CCCC3CCC21,development
fxr,EC50,single protein format,CHEMBL318457,C(=Cc1ccc(OCc2conc2-c2ccccc2)cc1)c1ccccc1,development
fxr,EC50,single protein format,CHEMBL6170791,c1ccc(-c2noc(C3CC3)c2COc2ccc(-c3cn4ccccc4n3)cc2)cc1,development
fxr,EC50,single protein format,CHEMBL6144920,c1ccc(-c2noc(C3CC3)c2COc2ccc(-c3cn4ccccc4n3)cc2)cc1,development
fxr,EC50,single protein format,CHEMBL6151601,c1ccc(-c2ccc(OCc3c(-c4ccccc4)noc3C3CC3)cc2)cc1,development
fxr,EC50,single protein format,CHEMBL6169829,c1ccc(-c2ccc(OCc3c(-c4ccccc4)noc3C3CC3)cc2)cc1,development
fxr,EC50,single protein format,CHEMBL6161190,c1ccc(-c2ccc(OCc3c(-c4ccccc4)noc3C3CC3)cc2)cc1,development
fxr,EC50,single protein format,CHEMBL6168272,c1ccc(-c2ccc(OCc3c(-c4ccccc4)noc3C3CC3)cc2)cc1,development
fxr,EC50,single protein format,CHEMBL6150865,c1ccc(-c2ccc(OCc3c(-c4ccccc4)noc3C3CC3)cc2)cc1,development
fxr,EC50,single protein format,CHEMBL6161168,c1ccc(-c2ccc(OCc3c(-c4ccccc4)noc3C3CC3)cc2)cc1,development
fxr,EC50,single protein format,CHEMBL6161765,c1ccc(-c2ccc(OCc3c(-c4ccccc4)noc3C3CC3)cc2)cc1,development
fxr,EC50,single protein format,CHEMBL6173130,c1ccc(-c2ccc(OCc3c(-c4ccccc4)noc3C3CC3)cn2)cc1,development
fxr,EC50,single protein format,CHEMBL6164310,c1ccc(-c2ccc(OCc3c(-c4ccccc4)noc3C3CC3)cc2)cc1,development
fxr,EC50,single protein format,CHEMBL6150857,c1ccc(-c2ccc(OCc3conc3-c3ccccc3)cc2)cc1,development
fxr,EC50,single protein format,CHEMBL5411250,c1ccc(-c2ccc(OCc3c(-c4ccccc4)noc3C3CC3)cc2)cc1,development
fxr,EC50,single protein format,CHEMBL6150471,c1ccc(-c2ccc(OCc3conc3-c3ccccc3)cc2)cc1,development
fxr,EC50,single protein format,CHEMBL6171497,c1ccc(-c2ccc(OCc3c(-c4ccccc4)noc3C3CC3)cc2)cc1,development
fxr,EC50,single protein format,CHEMBL6163571,c1ccc(-c2ccc(OCc3c(-c4ccccc4)noc3C3CC3)cc2)cc1,development
fxr,EC50,single protein format,CHEMBL6144628,c1ccc(-c2ccc(OCc3c(-c4ccccc4)noc3C3CC3)cc2)cc1,development
fxr,EC50,single protein format,CHEMBL6120784,c1ccc(-c2ccc(OCc3c(-c4ccccc4)noc3C3CC3)cc2)cc1,development
fxr,EC50,single protein format,CHEMBL6174453,c1ccc(-c2ccc(OCc3c(-c4ccccc4)noc3C3CC3)cc2)cc1,development
fxr,EC50,single protein format,CHEMBL6149822,c1ccc(-c2ccc(OCc3c(-c4ccccc4)noc3C3CC3)cc2)cc1,development
fxr,EC50,single protein format,CHEMBL6174331,c1ccc(-c2ccc(OCc3c(-c4ccccc4)noc3C3CC3)cc2)cc1,development
fxr,EC50,single protein format,CHEMBL6173787,O=C(NC1CC1)c1cccc(-c2ccc(OCc3c(-c4ccccc4)noc3C3CC3)cc2)c1,development
fxr,EC50,single protein format,CHEMBL566315,C1CCC2C(C1)CCC1C3CCCC3CCC21,development
fxr,EC50,single protein format,CHEMBL318457,C(=Cc1ccc(OCc2conc2-c2ccccc2)cc1)c1ccccc1,development
fxr,EC50,single protein format,CHEMBL3746388,c1ccc(-c2noc(C3CC3)c2COC2CCN(c3ccc4cc[nH]c4c3)CC2)cc1,development
fxr,EC50,single protein format,CHEMBL318280,C(=Cc1ccc(OCc2conc2Cc2ccccc2)cc1)c1ccccc1,locked_test
fxr,EC50,single protein format,CHEMBL193213,O=C(C1CCCCC1)N(c1ccccc1)c1ccc2ccccc2c1,locked_test
fxr,EC50,single protein format,CHEMBL373297,O=C(c1ccccc1)N(Cc1ccc2c(c1)OCC1CC21)c1ccccc1,locked_test
fxr,EC50,single protein format,CHEMBL512070,C(=Cc1ccc(OCc2conc2COc2ccc3ccccc3c2)cc1)c1ccccc1,locked_test
fxr,EC50,single protein format,CHEMBL466621,C(=Cc1ccc(OCc2conc2CSc2ccccc2)cc1)c1ccccc1,locked_test
fxr,EC50,single protein format,CHEMBL467269,C(=Cc1ccc(OCc2conc2CCc2ccccc2)cc1)c1ccccc1,locked_test
fxr,EC50,single protein format,CHEMBL468304,C(=Cc1ccc(OCc2conc2CCc2ccccc2)cc1)c1ccccc1,locked_test
fxr,EC50,single protein format,CHEMBL468303,C(=Cc1ccc(OCc2conc2Cc2ccccc2)cc1)c1ccccc1,locked_test
fxr,EC50,single protein format,CHEMBL559950,O=C1c2ccc(OCc3conc3-c3ccccc3)cc2CCN1c1ccccc1,locked_test
fxr,EC50,single protein format,CHEMBL549310,O=S(=O)(c1ccccc1)n1ccc2cc(OCc3conc3-c3ccccc3)ccc21,locked_test
fxr,EC50,single protein format,CHEMBL550070,c1ccc(Cn2cnc3cc(OCc4conc4-c4ccccc4)ccc32)cc1,locked_test
fxr,EC50,single protein format,CHEMBL1208794,O=C(Nc1ccc(OCc2conc2-c2ccccc2)nc1)c1ccccc1,locked_test
fxr,EC50,single protein format,CHEMBL1209002,O=C(Nc1ccc(OCc2conc2-c2ccccc2)nc1)c1ccccc1,locked_test
fxr,EC50,single protein format,CHEMBL1209003,O=C(Nc1ccc(OCc2conc2-c2ccccc2)nc1)c1ccccc1,locked_test
fxr,EC50,single protein format,CHEMBL1209058,O=C(Nc1ccc(OCc2conc2-c2ccccc2)nc1)c1ccccc1,locked_test
fxr,EC50,single protein format,CHEMBL1209170,c1ccc(CNc2ccc(OCc3c(-c4ccccc4)noc3C3CC3)nc2)cc1,locked_test
fxr,EC50,single protein format,CHEMBL1209173,c1ccc(CNc2ccc(OCc3c(-c4ccccc4)noc3C3CC3)nc2)cc1,locked_test
fxr,EC50,single protein format,CHEMBL1209174,c1ccc(CNc2ccc(OCc3c(-c4ccccc4)noc3C3CC3)nc2)cc1,locked_test
fxr,EC50,single protein format,CHEMBL1209175,c1ccc(CNc2ccc(OCc3c(-c4ccccc4)noc3C3CC3)nc2)cc1,locked_test
fxr,EC50,single protein format,CHEMBL1209229,c1ccc(NCc2ccc(OCc3c(-c4ccccc4)noc3C3CC3)nc2)cc1,locked_test
fxr,EC50,single protein format,CHEMBL1209230,c1ccc(NCc2ccc(OCc3c(-c4ccccc4)noc3C3CC3)nc2)cc1,locked_test
fxr,EC50,single protein format,CHEMBL1835046,c1ccc(-c2nocc2COc2ccc(Sc3cccc4sccc34)cc2)cc1,locked_test
fxr,EC50,single protein format,CHEMBL1835048,c1ccc(-c2nocc2COc2ccc(-c3ccc4occc4c3)cc2)cc1,locked_test
fxr,EC50,single protein format,CHEMBL2037306,O=C1CSC(c2ccc(-c3ccoc3)cc2)c2cnn(-c3ccccc3)c2N1,locked_test
fxr,EC50,single protein format,CHEMBL2037185,O=C1CSC(c2ccccc2)c2cnn(-c3ccccc3)c2N1,locked_test
fxr,EC50,single protein format,CHEMBL3357419,C(=Cc1ccc(OCc2cncn2CCc2ccccc2)cc1)c1ccccc1,locked_test
fxr,EC50,single protein format,CHEMBL3822477,c1ccc(-c2noc(C3CC3)c2COc2ccc(C3CC(c4ccc5cn[nH]c5c4)C3)cc2)cc1,locked_test
fxr,EC50,single protein format,CHEMBL3823564,c1ccc(-c2noc(C3CC3)c2COc2ccc(C3CN(c4ccccc4)C3)cc2)cc1,locked_test
fxr,EC50,single protein format,CHEMBL3823517,c1ccc(-c2noc(C3CC3)c2COc2ccc(C3CN(c4cccnc4)C3)cc2)cc1,locked_test
fxr,EC50,single protein format,CHEMBL2398426,O=C(NNC(=S)Nc1ccc(-c2c3ccc(=O)cc-3oc3ccccc23)cc1)c1cccc(C=Cc2ccc(OCc3conc3-c3ccccc3)cc2)c1,locked_test
fxr,EC50,single protein format,CHEMBL4277969,c1ccc(-c2noc(C3CC3)c2COc2ccc(C3CN(c4ccccn4)C3)cc2)cc1,locked_test
fxr,EC50,single protein format,CHEMBL4277969,c1ccc(-c2noc(C3CC3)c2COc2ccc(C3CN(c4ccccn4)C3)cc2)cc1,locked_test
fxr,EC50,single protein format,CHEMBL4280310,c1ccc(-c2noc(C3CC3)c2COc2ccc(C3CN(c4ccccn4)C3)cc2)cc1,locked_test
fxr,EC50,single protein format,CHEMBL4280310,c1ccc(-c2noc(C3CC3)c2COc2ccc(C3CN(c4ccccn4)C3)cc2)cc1,locked_test
fxr,EC50,single protein format,CHEMBL4286228,c1ccc(-c2noc(C3CC3)c2COc2ccc(C3CN(c4ccccn4)C3)cc2)cc1,locked_test
fxr,EC50,single protein format,CHEMBL4286228,c1ccc(-c2noc(C3CC3)c2COc2ccc(C3CN(c4ccccn4)C3)cc2)cc1,locked_test
fxr,EC50,single protein format,CHEMBL4297613,c1ccc(-c2noc(C3CC3)c2COc2ccc(C3CN(c4ccccn4)C3)cc2)cc1,locked_test
fxr,EC50,single protein format,CHEMBL4590255,O=C(NCc1ccccc1)c1[nH]nc2c1COc1ccccc1-2,locked_test
fxr,EC50,single protein format,CHEMBL4297626,O=C(c1n[nH]c2c1COc1ccccc1-2)N(Cc1ccccc1)Cc1ccccc1,locked_test
fxr,EC50,single protein format,CHEMBL4589802,O=C(CN(Cc1ccccc1)C(=O)c1n[nH]c2c1COc1ccccc1-2)Nc1ccccc1,locked_test
fxr,EC50,single protein format,CHEMBL4449035,O=C(c1n[nH]c2c1COc1ccccc1-2)N(CCNc1ccccc1)Cc1ccccc1,locked_test
fxr,EC50,single protein format,CHEMBL4644859,c1ccc(Cn2c(-c3ccc(OCc4conc4-c4ccccc4)cc3)nc3ccccc32)cc1,locked_test
fxr,EC50,single protein format,CHEMBL4800163,c1ccc(-c2noc(C3CC3)c2COCC2CCN(c3ccc4ccsc4c3)CC2)cc1,locked_test
fxr,EC50,single protein format,CHEMBL4757540,c1ccc(-c2noc(C3CC3)c2COCC2CCN(c3ccc4ccsc4c3)CC2)cc1,locked_test
fxr,EC50,single protein format,CHEMBL4746270,c1ccc(-c2noc(C3CC3)c2COCC2CCN(c3ccc4ccsc4c3)CC2)cc1,locked_test
fxr,EC50,single protein format,CHEMBL4779832,c1ccc(-c2noc(C3CC3)c2COCC2CCN(c3ccc4ccsc4c3)CC2)cc1,locked_test
fxr,EC50,single protein format,CHEMBL4780363,c1ccc(-c2noc(C3CC3)c2COCC2CCN(c3ccc4ccsc4c3)CC2)cc1,locked_test
fxr,EC50,single protein format,CHEMBL4743594,c1ccc(-c2noc(C3CC3)c2COCC2CCN(c3ccc4ccsc4c3)CC2)cc1,locked_test
fxr,EC50,single protein format,CHEMBL4794704,c1ccc(-c2noc(C3CC3)c2COCC2CC3CCC(C2)N3c2ccc3ccsc3c2)cc1,locked_test
fxr,EC50,single protein format,CHEMBL4846767,O=C(Nc1ccccc1)c1cccc(OCC2CC2)c1,locked_test
fxr,EC50,single protein format,CHEMBL4863387,O=C(Nc1ccccc1)c1cccc(-c2ccccc2)c1,locked_test
fxr,EC50,single protein format,CHEMBL4869657,O=C(Nc1ccccc1)c1cccc(-c2ccccc2)c1,locked_test
fxr,EC50,single protein format,CHEMBL4847135,O=C(Nc1ccccc1)c1csc(-c2ccccc2)n1,locked_test
fxr,EC50,single protein format,CHEMBL4875018,O=C(Nc1ccccc1)c1cccc(-c2ccccc2)c1,locked_test
fxr,EC50,single protein format,CHEMBL4858153,O=C(Nc1ccccc1)c1cccc(-c2cccc(OCC3CC3)c2)c1,locked_test
fxr,EC50,single protein format,CHEMBL4870156,C1=C(c2c(-c3ccncc3)noc2C2CC2)CC12CCN(c1nc3ccccc3s1)CC2,locked_test
fxr,EC50,single protein format,CHEMBL5272711,c1ccc(CNc2ccc(OCc3c(-c4ccccc4)noc3C3CC3)nc2)cc1,locked_test
fxr,EC50,single protein format,CHEMBL5285178,c1ccc(-c2nc(N3CCC(OCc4c(C5CCCCC5)noc4C4CC4)CC3)no2)cc1,locked_test
fxr,EC50,single protein format,CHEMBL5282114,c1ccc(-c2noc(C3CC3)c2COC2CC3CCC(C2)N3c2ccc3ccccc3c2)cc1,locked_test
fxr,EC50,single protein format,CHEMBL5287596,O=C(Nc1cccc2c1ncn2Cc1ccccc1)c1ccccc1,locked_test
fxr,EC50,single protein format,CHEMBL5287821,c1ccc(-c2cccc3c2ncn3-c2ccccc2)cc1,locked_test
fxr,EC50,single protein format,CHEMBL5399923,O=C1CCC2C(CCC3C4CCCC4CCC23)C1,locked_test
fxr,EC50,single protein format,CHEMBL5406838,c1ccc(-c2noc(C3CC3)c2COc2ccc(-c3ccc(C4CC4)cc3)cc2)cc1,locked_test
fxr,EC50,single protein format,CHEMBL5422211,c1ccc(-c2noc(C3CC3)c2COC2CCN(c3ccc(C4CC4)cc3)CC2)cc1,locked_test
fxr,EC50,single protein format,CHEMBL5408182,c1ccc(-c2noc(C3CC3)c2COC2CCN(c3ccccc3)CC2)cc1,locked_test
fxr,EC50,single protein format,CHEMBL5425506,c1ccc(-c2nocc2CN2CCN(c3nc4ccccc4o3)CC2)cc1,locked_test
fxr,EC50,single protein format,CHEMBL5556964,c1ccc(-c2noc(C3CC3)c2COC2CC3(C2)CN(c2ccc4cc[nH]c4c2)C3)cc1,locked_test
fxr,EC50,single protein format,CHEMBL5567573,c1ccc(-c2noc(C3CC3)c2COC2CC3(C2)CN(c2ccc4cc[nH]c4c2)C3)cc1,locked_test
fxr,EC50,single protein format,CHEMBL5555480,c1ccc(-c2noc(C3CC3)c2COC2CC3(C2)CN(c2ccc4cc[nH]c4c2)C3)cc1,locked_test
fxr,EC50,single protein format,CHEMBL5563946,c1ccc(-c2noc(C3CC3)c2COCC2CC3(CCN(c4nc5ccccc5s4)CC3)C2)cc1,locked_test
fxr,EC50,single protein format,CHEMBL5568180,c1ccc(-c2noc(C3CC3)c2COCC2CC3(CCN(c4nc5ccccc5s4)CC3)C2)cc1,locked_test
fxr,EC50,single protein format,CHEMBL5557131,c1ccc(-c2noc(C3CC3)c2COCC2CC3(CCN(c4nc5ccccc5s4)CC3)C2)cc1,locked_test
fxr,EC50,single protein format,CHEMBL5632402,O=S(=O)(Nc1ccc(-c2ccccc2)cc1)c1ccccc1,locked_test
fxr,EC50,single protein format,CHEMBL5631699,O=S(=O)(Nc1ccc(-c2nccs2)cc1)c1ccccc1,locked_test
fxr,EC50,single protein format,CHEMBL5632919,O=S(=O)(Nc1ccc(-c2ccccc2)cc1)c1ccccc1,locked_test
fxr,EC50,single protein format,CHEMBL5632756,O=S(=O)(Nc1ccc(-c2ccccc2)cc1)c1ccccc1,locked_test
fxr,EC50,single protein format,CHEMBL5633031,O=S(=O)(Nc1ccc(-c2ccccc2)cc1)c1ccccc1,locked_test
fxr,EC50,single protein format,CHEMBL5633111,O=S(=O)(Nc1ccc(-c2ccccc2)cc1)c1ccccc1,locked_test
fxr,EC50,single protein format,CHEMBL5632550,O=S(=O)(Nc1ccc(-c2ccccc2)cc1)c1ccccc1,locked_test
fxr,EC50,single protein format,CHEMBL5632435,O=S(=O)(c1ccccc1)N(CC1CC1)c1ccc(-c2ccccc2)cc1,locked_test
fxr,EC50,single protein format,CHEMBL5764074,O=S1(=O)Cc2ccccc2Oc2ccc(OCc3c(-c4ccccc4)noc3C3CC3)cc21,locked_test
fxr,EC50,single protein format,CHEMBL5951247,O=C(OC1CC2CC1CN2c1nc2ccccc2s1)c1c(C23CCC(CC2)CC3)noc1C1CC1,locked_test
fxr,EC50,single protein format,CHEMBL5951383,c1ccc(-c2noc(C3CC3)c2COC2CC3CC2CN3c2nc3ccccc3s2)cc1,locked_test
fxr,EC50,single protein format,CHEMBL5897290,c1ccc(-c2noc(C3CC3)c2COC2CC3CC2CN3c2nc3ccccc3s2)cc1,locked_test
fxr,EC50,single protein format,CHEMBL5849790,c1ccc(-c2noc(C3CC3)c2COC2CC3CC2CN3c2nc3c(C4CC4)cccc3s2)cc1,locked_test
fxr,EC50,single protein format,CHEMBL5918325,c1ccc(-c2noc(C3CC3)c2COC2CC3CC2CN3c2nc3ccccc3s2)cc1,locked_test
fxr,EC50,single protein format,CHEMBL5963798,c1ccc(-c2noc(C3CC3)c2COC2CC3CC2CN3c2nc3ccccc3s2)cc1,locked_test
fxr,EC50,single protein format,CHEMBL5900166,c1ccc(-c2noc(C3CC3)c2COC2CC3CC2CN3c2nc3ccccc3s2)cc1,locked_test
fxr,EC50,single protein format,CHEMBL5942305,c1ccc(-c2noc(C3CC3)c2COC2CC3CC2CN3c2nc3ccccc3s2)cc1,locked_test
fxr,EC50,single protein format,CHEMBL5952788,c1ccc(-c2noc(C3CC3)c2COC2CC3CC2CN3c2nc3ccccc3s2)cc1,locked_test
fxr,EC50,single protein format,CHEMBL5991222,c1ccc(-c2noc(C3CC3)c2COC2CC3CC2CN3c2nc3ccccc3s2)cc1,locked_test
fxr,EC50,single protein format,CHEMBL5752408,c1ccc(-c2noc(C3CC3)c2COC2CC3CC2CN3c2nc3ccccc3s2)cc1,locked_test
fxr,EC50,single protein format,CHEMBL5844705,c1ccc(-c2noc(C3CC3)c2COC2CC3CC2CN3c2nc3ccccc3s2)cc1,locked_test
fxr,EC50,single protein format,CHEMBL5812162,c1ccc(-c2noc(C3CC3)c2COC2CC3CC2CN3c2nc3ccccc3s2)cc1,locked_test
fxr,EC50,single protein format,CHEMBL6005703,c1ccc(-c2noc(C3CC3)c2COC2CC3CC2CN3c2nc3ccccc3s2)cc1,locked_test
fxr,EC50,single protein format,CHEMBL5992907,c1ccc(-c2noc(C3CC3)c2COC2CC3CC2CN3c2nc3ccccc3s2)cc1,locked_test
fxr,EC50,single protein format,CHEMBL5743725,c1ccc(-c2noc(C3CC3)c2COC2CC3CC2CN3c2nc3ccccc3s2)cc1,locked_test
fxr,EC50,single protein format,CHEMBL5960649,O=C(OC1CC2CC1CN2c1ccc(-c2nn[nH]n2)cc1)c1c(-c2ccccc2)noc1C1CC1,locked_test
fxr,EC50,single protein format,CHEMBL6063826,O=C(OC1CC2CC1CN2c1ccc(-c2nn[nH]n2)cc1)c1c(-c2ccccc2)noc1C1CC1,locked_test
fxr,EC50,single protein format,CHEMBL5982330,O=C(OC1CC2CC1N(c1nc3ccccc3s1)C2)c1c(-c2ccccc2)noc1C1CC1,locked_test
fxr,EC50,single protein format,CHEMBL6023415,c1ccc(-c2noc(C3CC3)c2COC2CC3CC2CN3c2cccnc2)cc1,locked_test
fxr,EC50,single protein format,CHEMBL5819707,O=C(NS(=O)(=O)C1CCCCC1)c1ccc(N2CC3CC2CC3OCc2c(-c3ccccc3)noc2C2CC2)cc1,locked_test
fxr,EC50,single protein format,CHEMBL6035537,O=C(NS(=O)(=O)CC1CCOC1)c1ccc(N2CC3CC2CC3OCc2c(-c3ccccc3)noc2C2CC2)cc1,locked_test
fxr,EC50,single protein format,CHEMBL5942305,c1ccc(-c2noc(C3CC3)c2COC2CC3CC2CN3c2nc3ccccc3s2)cc1,locked_test
fxr,EC50,single protein format,CHEMBL5766143,O=C(NS(=O)(=O)C1CCCCC1)c1ccc(N2CC3CC2CC3OCc2c(-c3ccccc3)noc2C2CC2)cc1,locked_test
fxr,EC50,single protein format,CHEMBL5770723,O=C(NS(=O)(=O)C1CCCCC1)c1ccc(N2CC3CC2CC3OCc2c(-c3ccccc3)noc2C2CC2)cc1,locked_test
fxr,EC50,single protein format,CHEMBL5940106,O=C(NS(=O)(=O)C1CC1)c1cc(N2CC3CC2CC3OCc2c(-c3ccccc3)noc2C2CC2)[nH]n1,locked_test
fxr,EC50,single protein format,CHEMBL5964152,c1ccc(-c2noc(C3CC3)c2COC2CC3CC2CN3c2nc3ccccc3s2)cc1,locked_test
fxr,EC50,single protein format,CHEMBL5885419,c1ccc(-c2noc(C3CC3)c2COC2CC3CC2CN3c2nc3ccccc3s2)cc1,locked_test
fxr,EC50,single protein format,CHEMBL6042554,c1ccc(-c2noc(C3CC3)c2COC2CC3CC2CN3c2nc3ccccc3s2)cc1,locked_test
fxr,EC50,single protein format,CHEMBL5914973,c1ccc(-c2noc(C3CC3)c2COC2CC3CC2CN3c2nc3c(OC4CC4)cccc3s2)cc1,locked_test
fxr,EC50,single protein format,CHEMBL5834138,c1ccc(-c2noc(C3CC3)c2COC2CC3CC2CN3c2nc3c(OC4CCOC4)cccc3s2)cc1,locked_test
fxr,EC50,single protein format,CHEMBL5858442,c1ccc(-c2noc(C3CC3)c2COC2CC3CC2CN3c2nc3c(OC4CCOC4)cccc3s2)cc1,locked_test
fxr,EC50,single protein format,CHEMBL5856487,c1ccc(-c2noc(C3CC3)c2COC2CC3CC2CN3c2nc3ccccc3s2)cc1,locked_test
fxr,EC50,single protein format,CHEMBL5798117,c1ccc(-c2noc(C3CC3)c2COC2CC3CC2CN3c2nc3c(OC4CC4)cccc3s2)cc1,locked_test
fxr,EC50,single protein format,CHEMBL5855565,c1ccc(-c2noc(C3CC3)c2COC2CC3CC2CN3c2nc3c(OC4CCOC4)cccc3s2)cc1,locked_test
fxr,EC50,single protein format,CHEMBL6018752,c1ccc(-c2noc(C3CC3)c2COC2CC3CC2CN3c2nc3c(OC4CCOC4)cccc3s2)cc1,locked_test
fxr,EC50,single protein format,CHEMBL5857591,c1ccc(-c2noc(C3CC3)c2COC2CC3CC2CN3c2nc3ccccc3s2)cc1,locked_test
fxr,EC50,single protein format,CHEMBL6017184,c1ccc(-c2noc(C3CC3)c2COC2CC3CC2CN3c2nc3c(OC4CC4)cccc3s2)cc1,locked_test
fxr,EC50,single protein format,CHEMBL5908698,c1ccc(-c2noc(C3CC3)c2COC2CC3CC2CN3c2nc3c(OC4CCOC4)cccc3s2)cc1,locked_test
fxr,EC50,single protein format,CHEMBL5910508,c1ccc(-c2noc(C3CC3)c2COC2CC3CC2CN3c2nc3c(OC4CCOC4)cccc3s2)cc1,locked_test
fxr,EC50,single protein format,CHEMBL5985505,c1ccc(-c2noc(C3CC3)c2COC2CC3CC2CN3c2nc3ccccc3s2)cc1,locked_test
fxr,EC50,single protein format,CHEMBL5973546,c1ccc(-c2noc(C3CC3)c2COC2CC3CC2CN3c2nc3ccccc3s2)cc1,locked_test
fxr,EC50,single protein format,CHEMBL5798670,c1ccc(-c2noc(C3CC3)c2COC2CC3CC2CN3c2nc3ccccc3s2)cc1,locked_test
fxr,EC50,single protein format,CHEMBL5813893,c1ccc(-c2noc(C3CC3)c2COC2CC3CC2CN3c2nc3ccccc3s2)cc1,locked_test
fxr,EC50,single protein format,CHEMBL5828458,c1ccc(-c2noc(C3CC3)c2COC2CC3CC2CN3c2nc3ccccc3s2)cc1,locked_test
fxr,EC50,single protein format,CHEMBL6061704,c1ccc(-c2noc(C3CC3)c2COC2CC3CC2CN3c2nc3ccccc3s2)cc1,locked_test
fxr,EC50,single protein format,CHEMBL5796882,c1ccc(-c2noc(C3CC3)c2COC2CC3CC2CN3c2nc3ccccc3s2)cc1,locked_test
fxr,EC50,single protein format,CHEMBL6047783,O=C1C2CC(CC2OCc2c(-c3ccccc3)noc2C2CC2)N1c1nc2c(C3CCC3)cccc2s1,locked_test
fxr,EC50,single protein format,CHEMBL5873200,O=C1C2CC(CC2OCc2c(-c3ccccc3)noc2C2CC2)N1c1nc2c(OC3CC3)cccc2s1,locked_test
fxr,EC50,single protein format,CHEMBL6012585,O=C1C2CC(CC2OCc2c(-c3ccccc3)noc2C2CC2)N1c1nc2c(C3CCOCC3)cccc2s1,locked_test
fxr,EC50,single protein format,CHEMBL6004005,O=C1C2CC(CC2OCc2c(-c3ccccc3)noc2C2CC2)N1c1nc2c(C3CCOC3)cccc2s1,locked_test
fxr,EC50,single protein format,CHEMBL5910508,c1ccc(-c2noc(C3CC3)c2COC2CC3CC2CN3c2nc3c(OC4CCOC4)cccc3s2)cc1,locked_test
fxr,EC50,single protein format,CHEMBL6001252,O=C1C2CC(CC2OCc2c(-c3ccccc3C3CC3)noc2C2CC2)N1c1ccccc1,locked_test
fxr,EC50,single protein format,CHEMBL5769850,O=C1C2CC(CC2OCc2c(-c3ccccc3)noc2C2CC2)N1c1cccnc1,locked_test
fxr,EC50,single protein format,CHEMBL5897762,O=C1C2CC(CC2OCc2c(-c3ccccc3)noc2C2CC2)N1c1cccnc1,locked_test
fxr,EC50,single protein format,CHEMBL5932279,O=C1C2CC(CC2OCc2c(-c3ccccc3)noc2C2CC2)N1c1cccnc1,locked_test
fxr,EC50,single protein format,CHEMBL5890566,O=C(NS(=O)(=O)C1CC1)c1ccc(N2C(=O)C3CC2CC3OCc2c(-c3ccccc3)noc2C2CC2)cc1,locked_test
fxr,EC50,single protein format,CHEMBL5762021,O=C(NS(=O)(=O)CCC1CCOC1)c1ccc(N2C(=O)C3CC2CC3OCc2c(-c3ccccc3)noc2C2CC2)cc1,locked_test
fxr,EC50,single protein format,CHEMBL5888650,O=C(NS(=O)(=O)C1CC1)c1ccc(N2C(=O)C3CC2CC3OCc2c(-c3ccccc3)noc2C2CC2)cc1,locked_test
fxr,EC50,single protein format,CHEMBL6052065,O=C(NS(=O)(=O)CCC1CCOC1)c1ccc(N2C(=O)C3CC2CC3OCc2c(-c3ccccc3)noc2C2CC2)cc1,locked_test
fxr,EC50,single protein format,CHEMBL6019813,c1ccc(-c2noc(C3CC3)c2COC2CC3CC2CN3c2cccnc2)cc1,locked_test
fxr,EC50,single protein format,CHEMBL6024498,c1ccc(-c2noc(C3CC3)c2COC2CC3CC2CN3c2cccnc2)cc1,locked_test
fxr,EC50,single protein format,CHEMBL5905155,O=C(OC1CC2CCC(C1)N2c1nc2ccccc2s1)c1c(-c2ccccc2)noc1C1CC1,locked_test
fxr,EC50,single protein format,CHEMBL6028770,O=C(OC1CC2CCC(C1)N2c1nc2ccccc2s1)c1c(-c2ccccc2)noc1C1CC1,locked_test
fxr,EC50,single protein format,CHEMBL5834437,O=C(OC1CC2CCC(C1)N2c1nc2ccccc2s1)c1c(-c2ccccc2)noc1C1CC1,locked_test
fxr,EC50,single protein format,CHEMBL5886258,O=C(OC1CC2CCC(C1)N2c1nc2ccccc2s1)c1c(-c2ccccc2)noc1C1CC1,locked_test
fxr,EC50,single protein format,CHEMBL6005810,O=C(OC1CC2CCC(C1)N2c1nc2ccccc2s1)c1c(-c2ccccc2)noc1C1CC1,locked_test
fxr,EC50,single protein format,CHEMBL5754708,O=C(OC1CC2CCC(C1)N2c1nc2ccccc2s1)c1c(-c2ccccc2)noc1C1CC1,locked_test
fxr,EC50,single protein format,CHEMBL5868882,O=C(OC1CC2CCC(C1)N2c1nc2ccccc2s1)c1c(-c2ccccc2)noc1C1CC1,locked_test
fxr,EC50,single protein format,CHEMBL5998460,O=C(OC1CC2CCC(C1)N2c1nc2ccccc2s1)c1c(-c2ccccc2)noc1C1CC1,locked_test
fxr,EC50,single protein format,CHEMBL5845395,O=C(OC1CC2CCC(C1)N2c1nc2ccccc2s1)c1c(-c2ccccc2)noc1C1CC1,locked_test
fxr,EC50,single protein format,CHEMBL5945066,O=C(OC1CC2CCC(C1)N2c1nc2ccccc2s1)c1c(-c2ccccc2)noc1C1CC1,locked_test
fxr,EC50,single protein format,CHEMBL5745424,O=C(OC1CC2CCC(C1)N2c1nc2ccccc2s1)c1c(-c2ccccc2)noc1C1CC1,locked_test
fxr,EC50,single protein format,CHEMBL5911960,O=C(OC1CC2CCC(C1)N2c1nc2c(C3CC3)cccc2s1)c1c(-c2ccccc2)noc1C1CC1,locked_test
fxr,EC50,single protein format,CHEMBL5926401,O=C(OC1CC2CCC(C1)N2c1nc2ccccc2s1)c1c(-c2ccccc2)noc1C1CC1,locked_test
fxr,EC50,single protein format,CHEMBL5843374,O=C(OC1CC2CCC(C1)N2c1nc2ccccc2s1)c1c(-c2ccccc2)noc1C1CC1,locked_test
fxr,EC50,single protein format,CHEMBL5817765,O=C(OC1CC2CCC(C1)N2c1nc2ccccc2s1)c1c(-c2ccccc2)noc1C1CC1,locked_test
fxr,EC50,single protein format,CHEMBL5858355,O=C(OC1CC2CCC(C1)N2c1nc2ccccc2s1)c1c(-c2ccccc2)noc1C1CC1,locked_test
fxr,EC50,single protein format,CHEMBL5958049,O=C(OC1CC2CCC(C1)N2c1nc2ccccc2s1)c1c(-c2ccccc2)noc1C1CC1,locked_test
fxr,EC50,single protein format,CHEMBL5779460,O=C(OC1CC2CCC(C1)N2c1nc2ccccc2s1)c1c(-c2ccccc2)noc1C1CC1,locked_test
fxr,EC50,single protein format,CHEMBL5862921,O=C(OC1CC2CCC(C1)N2c1nc2ccccc2s1)c1c(-c2ccccc2)noc1C1CC1,locked_test
fxr,EC50,single protein format,CHEMBL5851623,O=C(OC1CC2CCC(C1)N2c1nc2ccccc2s1)c1c(-c2ccccc2)noc1C1CC1,locked_test
fxr,EC50,single protein format,CHEMBL5892127,O=C(OC1CC2CCC(C1)N2c1ccc2cnoc2c1)c1c(-c2ccccc2)noc1C1CC1,locked_test
fxr,EC50,single protein format,CHEMBL5988123,O=C(NS(=O)(=O)CC1CC1)c1ccc(N2C3CCC2CC(OC(=O)c2c(-c4ccccc4)noc2C2CC2)C3)cc1,locked_test
fxr,EC50,single protein format,CHEMBL6032419,O=C(OC1CC2CCC(C1)N2c1cncnc1)c1c(-c2ccccc2)noc1C1CC1,locked_test
fxr,EC50,single protein format,CHEMBL6036024,O=C(OC1CC2CCC(C1)N2c1nc2ccccc2s1)c1c(-c2ccccc2)noc1C1CC1,locked_test
fxr,EC50,single protein format,CHEMBL5948947,O=C(OC1CC2CCC(C1)N2c1nc2ccccc2s1)c1c(-c2ccccc2)noc1C1CC1,locked_test
fxr,EC50,single protein format,CHEMBL5943575,O=C(OC1CC2CCC(C1)N2c1nc2ccccc2s1)c1c(-c2ccccc2)noc1C1CC1,locked_test
fxr,EC50,single protein format,CHEMBL5948019,O=C(OC1CC2CCC(C1)N2c1nc2ccccc2s1)c1c(-c2ccccc2)noc1C1CC1,locked_test
fxr,EC50,single protein format,CHEMBL5964154,O=C(OC1CC2CCC(C1)N2c1nc2ccccc2s1)c1c(-c2ccccc2)noc1C1CC1,locked_test
fxr,EC50,single protein format,CHEMBL6151791,c1ccc(-c2noc(C3CC3)c2CN2CCC(Cc3cccnc3)CC2)cc1,locked_test
fxr,EC50,single protein format,CHEMBL6145229,c1ccc(-c2noc(C3CC3)c2COc2ccc(-c3ccccn3)cc2)cc1,locked_test
fxr,EC50,single protein format,CHEMBL6164522,c1ccc(-c2noc(C3CC3)c2COc2ccc(-c3cccs3)cc2)cc1,locked_test
fxr,EC50,single protein format,CHEMBL4297613,c1ccc(-c2noc(C3CC3)c2COc2ccc(C3CN(c4ccccn4)C3)cc2)cc1,locked_test
thrb,IC50,single protein format,CHEMBL112087,c1ccc(Cc2cccc(-c3ccccc3)c2)cc1,development
thrb,IC50,single protein format,CHEMBL557,c1ccc(Oc2ccccc2)cc1,development
thrb,IC50,single protein format,CHEMBL39174,c1ccc(Oc2ccccc2)cc1,development
thrb,IC50,single protein format,CHEMBL291053,c1ccc(Oc2ccccc2)cc1,development
thrb,IC50,single protein format,CHEMBL40738,c1ccc(Oc2ccccc2)cc1,development
thrb,IC50,single protein format,CHEMBL289965,c1ccc(Oc2ccccc2)cc1,development
thrb,IC50,single protein format,CHEMBL41036,c1ccc(Oc2ccccc2)cc1,development
thrb,IC50,single protein format,CHEMBL41632,c1ccc(Oc2ccccc2)cc1,development
thrb,IC50,single protein format,CHEMBL289343,c1ccc(Oc2ccccc2)cc1,development
thrb,IC50,single protein format,CHEMBL418432,c1ccc(Oc2ccccc2)cc1,development
thrb,IC50,single protein format,CHEMBL41314,c1ccc(Oc2ccccc2)cc1,development
thrb,IC50,single protein format,CHEMBL120799,c1ccc(-c2c(-c3ccccn3)nn3c2CCC3)cc1,development
thrb,IC50,single protein format,CHEMBL120718,c1ccc(-c2c(-c3ccccn3)nn3c2CCC3)cc1,development
thrb,IC50,single protein format,CHEMBL325405,c1ccc(-c2nn3c(c2-c2ccnc4ccccc24)CCC3)nc1,development
thrb,IC50,single protein format,CHEMBL118339,c1ccc(-c2c(-c3ccccn3)nn3c2CCC3)cc1,development
thrb,IC50,single protein format,CHEMBL121790,c1ccc(-c2c(-c3ccccn3)nn3c2CCC3)cc1,development
thrb,IC50,single protein format,CHEMBL332344,c1ccc(-c2nn3c(c2-c2ccnc4ccccc24)CCC3)nc1,development
thrb,IC50,single protein format,CHEMBL121795,c1ccc(-c2nn3c(c2-c2ccnc4ccccc24)CCC3)nc1,development
thrb,IC50,single protein format,CHEMBL119976,c1ccc(-c2nn3c(c2-c2ccnc4ccccc24)CCC3)nc1,development
thrb,IC50,single protein format,CHEMBL119936,c1ccc(-c2nn3c(c2-c2ccnc4ccccc24)CCC3)nc1,development
thrb,IC50,single protein format,CHEMBL120907,c1ccc(-c2c(-c3ccccn3)nn3c2CCC3)cc1,development
thrb,IC50,single protein format,CHEMBL120211,c1ccc(-c2c(-c3ccccn3)nn3c2CCC3)cc1,development
thrb,IC50,single protein format,CHEMBL121554,c1ccc(-c2nn3c(c2-c2ccnc4ccccc24)CCC3)nc1,development
thrb,IC50,single protein format,CHEMBL331703,c1ccc(-c2nn3c(c2-c2ccnc4ccccc24)CCC3)nc1,development
thrb,IC50,single protein format,CHEMBL120245,c1ccc(-c2nn3c(c2-c2ccnc4ccccc24)CCC3)nc1,development
thrb,IC50,single protein format,CHEMBL120587,c1ccc(-c2nn3c(c2-c2ccnc4ccccc24)CCC3)nc1,development
thrb,IC50,single protein format,CHEMBL333798,c1ccc(-c2c(-c3ccccn3)nn3c2CCC3)cc1,development
thrb,IC50,single protein format,CHEMBL122414,c1ccc(-c2c(-c3ccccn3)nn3c2CCC3)cc1,development
thrb,IC50,single protein format,CHEMBL122583,c1ccc(-c2nn3c(c2-c2ccnc4ccccc24)CCC3)nc1,development
thrb,IC50,single protein format,CHEMBL122524,c1ccc(-c2c(-c3ccccn3)nn3c2CCC3)cc1,development
thrb,IC50,single protein format,CHEMBL330814,c1ccc(-c2c(-c3ccccn3)nn3c2CCC3)cc1,development
thrb,IC50,single protein format,CHEMBL193198,c1ccc(Oc2ccccc2)cc1,development
thrb,IC50,single protein format,CHEMBL193198,c1ccc(Oc2ccccc2)cc1,development
thrb,IC50,single protein format,CHEMBL425557,O=C(c1ccccc1)c1coc2ccccc12,development
thrb,IC50,single protein format,CHEMBL157885,c1ccc(Cc2coc3ccccc23)cc1,development
thrb,IC50,single protein format,CHEMBL157885,c1ccc(Cc2coc3ccccc23)cc1,development
thrb,IC50,single protein format,CHEMBL192346,c1ccccc1,development
thrb,IC50,single protein format,CHEMBL192490,c1ccccc1,development
thrb,IC50,single protein format,CHEMBL193152,c1ccccc1,development
thrb,IC50,single protein format,CHEMBL192508,c1ccccc1,development
thrb,IC50,single protein format,CHEMBL192639,c1ccccc1,development
thrb,IC50,single protein format,CHEMBL192639,c1ccccc1,development
thrb,IC50,single protein format,CHEMBL425366,c1ccccc1,development
thrb,IC50,single protein format,CHEMBL425366,c1ccccc1,development
thrb,IC50,single protein format,CHEMBL195855,c1ccccc1,development
thrb,IC50,single protein format,CHEMBL195556,c1ccccc1,development
thrb,IC50,single protein format,CHEMBL195556,c1ccccc1,development
thrb,IC50,single protein format,CHEMBL192426,c1ccccc1,development
thrb,IC50,single protein format,CHEMBL1544,c1ccc(Oc2ccccc2)cc1,development
thrb,IC50,single protein format,CHEMBL41036,c1ccc(Oc2ccccc2)cc1,development
thrb,IC50,single protein format,CHEMBL193851,c1ccc(Oc2ccccc2)cc1,development
thrb,IC50,single protein format,CHEMBL371245,c1ccc(Oc2ccccc2)cc1,development
thrb,IC50,single protein format,CHEMBL195327,c1ccc(-c2cccc3ccccc23)cc1,development
thrb,IC50,single protein format,CHEMBL195079,c1ccc(-c2cccc3ccccc23)cc1,development
thrb,IC50,single protein format,CHEMBL193864,c1ccc(-c2cccc3ccccc23)cc1,development
thrb,IC50,single protein format,CHEMBL198875,c1ccc(-c2cccc3ccccc23)cc1,development
thrb,IC50,single protein format,CHEMBL198367,c1ccc(-c2cccc3ccccc23)cc1,development
thrb,IC50,single protein format,CHEMBL194242,c1ccc(-c2cccc3ccccc23)cc1,development
thrb,IC50,single protein format,CHEMBL372428,c1ccc(-c2cccc3ccccc23)cc1,development
thrb,IC50,single protein format,CHEMBL193615,c1ccc(-c2cccc3ccccc23)cc1,development
thrb,IC50,single protein format,CHEMBL196613,c1ccc(-c2cccc3c(-c4ccccc4)cccc23)cc1,development
thrb,IC50,single protein format,CHEMBL196642,c1ccc(-c2cccc3ccccc23)cc1,development
thrb,IC50,single protein format,CHEMBL202521,c1ccc(Oc2ccccc2)cc1,development
thrb,IC50,single protein format,CHEMBL202336,c1ccc(Oc2ccccc2)cc1,development
thrb,IC50,single protein format,CHEMBL204609,c1ccc(Oc2ccccc2)cc1,development
thrb,IC50,single protein format,CHEMBL205171,c1ccc(Oc2ccccc2)cc1,development
thrb,IC50,single protein format,CHEMBL381937,c1ccc(Oc2ccccc2)cc1,development
thrb,IC50,single protein format,CHEMBL202940,c1ccc(Oc2ccccc2)cc1,development
thrb,IC50,single protein format,CHEMBL557,c1ccc(Oc2ccccc2)cc1,development
thrb,IC50,single protein format,CHEMBL203555,c1ccc(Oc2ccc3ncccc3c2)cc1,development
thrb,IC50,single protein format,CHEMBL251439,O=c1cc[nH]c2ccc(Oc3ccccc3)cc12,development
thrb,IC50,single protein format,CHEMBL250880,O=c1cc[nH]c2ccc(Oc3ccccc3)cc12,development
thrb,IC50,single protein format,CHEMBL378593,c1ccc(Oc2ccc3ncccc3c2)cc1,development
thrb,IC50,single protein format,CHEMBL203828,c1ccc(Oc2ccc3c(c2)CCC3)cc1,development
thrb,IC50,single protein format,CHEMBL203777,c1ccc(Oc2ccc3[nH]ccc3c2)cc1,development
thrb,IC50,single protein format,CHEMBL425939,c1ccc(Oc2ccc3[nH]ccc3c2)cc1,development
thrb,IC50,single protein format,CHEMBL193198,c1ccc(Oc2ccccc2)cc1,development
thrb,IC50,single protein format,CHEMBL217221,C(=Cc1cccc(Oc2ccccc2)c1)c1ccncc1,development
thrb,IC50,single protein format,CHEMBL1544,c1ccc(Oc2ccccc2)cc1,development
thrb,IC50,single protein format,CHEMBL202336,c1ccc(Oc2ccccc2)cc1,development
thrb,IC50,single protein format,CHEMBL204609,c1ccc(Oc2ccccc2)cc1,development
thrb,IC50,single protein format,CHEMBL205171,c1ccc(Oc2ccccc2)cc1,development
thrb,IC50,single protein format,CHEMBL381937,c1ccc(Oc2ccccc2)cc1,development
thrb,IC50,single protein format,CHEMBL202940,c1ccc(Oc2ccccc2)cc1,development
thrb,IC50,single protein format,CHEMBL202521,c1ccc(Oc2ccccc2)cc1,development
thrb,IC50,single protein format,CHEMBL235835,O=C(NCCc1ccccc1)c1cccc(Oc2ccccc2)c1,development
thrb,IC50,single protein format,CHEMBL238179,O=C(NCCc1ccccn1)c1cccc(Oc2ccccc2)c1,development
thrb,IC50,single protein format,CHEMBL392925,O=C(NCCc1ccccc1)c1cccc(Oc2ccccc2)c1,development
thrb,IC50,single protein format,CHEMBL238178,O=C(NCCc1ccccc1)c1cccc(Oc2ccccc2)c1,development
thrb,IC50,single protein format,CHEMBL237958,O=C(NCCc1ccccc1)c1cccc(Oc2ccccc2)c1,development
thrb,IC50,single protein format,CHEMBL235177,O=C(NCC(c1ccccc1)c1ccccc1)c1cccc(Oc2ccccc2)c1,development
thrb,IC50,single protein format,CHEMBL429078,O=C(NCCCCc1ccccc1)c1cccc(Oc2ccccc2)c1,development
thrb,IC50,single protein format,CHEMBL235609,O=C(NCCc1ccccc1)c1cccc(Oc2ccccc2)c1,development
thrb,IC50,single protein format,CHEMBL391945,O=C(NC(=O)c1cccc(Oc2ccccc2)c1)c1ccccc1,development
thrb,IC50,single protein format,CHEMBL235608,O=C(Nc1ccccc1)c1cccc(Oc2ccccc2)c1,development
thrb,IC50,single protein format,CHEMBL394199,c1ccc(Oc2cccc(Oc3cccc(-c4ccccc4)c3)c2)cc1,development
thrb,IC50,single protein format,CHEMBL396304,c1ccc(Oc2cccc(C3CCCCC3)c2)cc1,development
thrb,IC50,single protein format,CHEMBL235164,c1ccc(Oc2cccc(-c3nccs3)c2)cc1,development
thrb,IC50,single protein format,CHEMBL237936,c1ccc(Oc2cccc(-c3cncnc3)c2)cc1,development
thrb,IC50,single protein format,CHEMBL428729,c1ccc(Oc2cccc(-c3ccncc3)c2)cc1,development
thrb,IC50,single protein format,CHEMBL237721,c1ccc(Oc2cccc(-c3ccccn3)c2)cc1,development
thrb,IC50,single protein format,CHEMBL236864,c1ccc(Oc2cccc(-c3ccccc3)c2)cc1,development
thrb,IC50,single protein format,CHEMBL236863,c1ccc(Oc2cccc(-c3ccccc3)c2)cc1,development
thrb,IC50,single protein format,CHEMBL236648,c1ccc(Oc2cccc(-c3ccccc3)c2)cc1,development
thrb,IC50,single protein format,CHEMBL236438,c1ccc(Oc2cccc(-c3ccccc3)c2)cc1,development
thrb,IC50,single protein format,CHEMBL236436,c1ccc(Oc2cccc(-c3ccccc3)c2)cc1,development
thrb,IC50,single protein format,CHEMBL394644,c1ccc(Oc2cccc(-c3ccccc3)c2)cc1,development
thrb,IC50,single protein format,CHEMBL442082,c1ccc(Oc2cccc(-c3cccc(-c4ccccc4)c3)c2)cc1,development
thrb,IC50,single protein format,CHEMBL393489,c1ccc(Oc2cccc(-c3ccccc3)c2)cc1,development
thrb,IC50,single protein format,CHEMBL398571,c1ccc(Oc2cccc(-c3ccccc3)c2)cc1,development
thrb,IC50,single protein format,CHEMBL442243,c1ccc(Oc2cccc(-c3ccccc3)c2)cc1,development
thrb,IC50,single protein format,CHEMBL235788,c1ccc(Oc2cccc(-c3ccccc3)c2)cc1,development
thrb,IC50,single protein format,CHEMBL124819,O=C(c1cccc(Oc2ccc(-n3ncc(=O)[nH]c3=O)cc2)c1)N1CCOCC1,development
thrb,IC50,single protein format,CHEMBL413699,O=C(NC1CCCCC1)c1cccc(Oc2ccc(-n3ncc(=O)[nH]c3=O)cc2)c1,development
thrb,IC50,single protein format,CHEMBL125242,O=C(c1cccc(Oc2ccc(-n3ncc(=O)[nH]c3=O)cc2)c1)N1CCCCC1,development
thrb,IC50,single protein format,CHEMBL125242,O=C(c1cccc(Oc2ccc(-n3ncc(=O)[nH]c3=O)cc2)c1)N1CCCCC1,development
thrb,IC50,single protein format,CHEMBL125946,O=c1cnn(-c2ccc(Oc3cccc(S(=O)(=O)N4C5CCC4CC4(CCCO4)C5)c3)cc2)c(=O)[nH]1,development
thrb,IC50,single protein format,CHEMBL125317,O=c1cnn(-c2ccc(Oc3cccc(S(=O)(=O)N4C5CCC4CC4(C5)OCCO4)c3)cc2)c(=O)[nH]1,development
thrb,IC50,single protein format,CHEMBL237096,O=c1cnn(-c2ccc(Oc3cccc(S(=O)(=O)N4CCc5ccccc54)c3)cc2)c(=O)[nH]1,development
thrb,IC50,single protein format,CHEMBL124039,O=c1cnn(-c2ccc(Oc3cccc(S(=O)(=O)NC4CCC4)c3)cc2)c(=O)[nH]1,development
thrb,IC50,single protein format,CHEMBL340158,O=c1cnn(-c2ccc(Oc3cccc(S(=O)(=O)NC4CCCCC4)c3)cc2)c(=O)[nH]1,development
thrb,IC50,single protein format,CHEMBL124145,O=c1cnn(-c2ccc(Oc3cccc(S(=O)(=O)N4CCOCC4)c3)cc2)c(=O)[nH]1,development
thrb,IC50,single protein format,CHEMBL124126,O=c1cnn(-c2ccc(Oc3cccc(S(=O)(=O)N4CCCCC4)c3)cc2)c(=O)[nH]1,development
thrb,IC50,single protein format,CHEMBL125728,O=c1cnn(-c2ccc(Oc3cccc(S(=O)(=O)N4CCCCC4)c3)cc2)c(=O)[nH]1,development
thrb,IC50,single protein format,CHEMBL333650,O=c1cnn(-c2ccc(Oc3cccc(S(=O)(=O)N4CCCCC4)c3)cc2)c(=O)[nH]1,development
thrb,IC50,single protein format,CHEMBL192426,c1ccccc1,development
thrb,IC50,single protein format,CHEMBL195556,c1ccccc1,development
thrb,IC50,single protein format,CHEMBL195855,c1ccccc1,development
thrb,IC50,single protein format,CHEMBL425366,c1ccccc1,development
thrb,IC50,single protein format,CHEMBL192639,c1ccccc1,development
thrb,IC50,single protein format,CHEMBL192508,c1ccccc1,development
thrb,IC50,single protein format,CHEMBL193152,c1ccccc1,development
thrb,IC50,single protein format,CHEMBL192490,c1ccccc1,development
thrb,IC50,single protein format,CHEMBL192346,c1ccccc1,development
thrb,IC50,single protein format,CHEMBL157885,c1ccc(Cc2coc3ccccc23)cc1,development
thrb,IC50,single protein format,CHEMBL193198,c1ccc(Oc2ccccc2)cc1,development
thrb,IC50,single protein format,CHEMBL425557,O=C(c1ccccc1)c1coc2ccccc12,development
thrb,IC50,single protein format,CHEMBL418432,c1ccc(Oc2ccccc2)cc1,development
thrb,IC50,single protein format,CHEMBL41036,c1ccc(Oc2ccccc2)cc1,development
thrb,IC50,single protein format,CHEMBL40738,c1ccc(Oc2ccccc2)cc1,development
thrb,IC50,single protein format,CHEMBL39174,c1ccc(Oc2ccccc2)cc1,development
thrb,IC50,single protein format,CHEMBL289965,c1ccc(Oc2ccccc2)cc1,development
thrb,IC50,single protein format,CHEMBL289343,c1ccc(Oc2ccccc2)cc1,development
thrb,IC50,single protein format,CHEMBL291053,c1ccc(Oc2ccccc2)cc1,development
thrb,IC50,single protein format,CHEMBL235173,c1ccc(Oc2ccccc2)cc1,development
thrb,IC50,single protein format,CHEMBL41632,c1ccc(Oc2ccccc2)cc1,development
thrb,IC50,single protein format,CHEMBL126693,O=c1cnn(-c2ccc(Oc3cccc(S(=O)(=O)Nc4ccccc4)c3)cc2)c(=O)[nH]1,development
thrb,IC50,single protein format,CHEMBL402713,c1ccc(COc2ccccc2)cc1,development
thrb,IC50,single protein format,CHEMBL250513,c1ccc(COc2ccccc2)cc1,development
thrb,IC50,single protein format,CHEMBL250308,c1ccc(COc2ccccc2)cc1,development
thrb,IC50,single protein format,CHEMBL250307,c1ccc(COc2ccccc2)cc1,development
thrb,IC50,single protein format,CHEMBL250104,c1ccc(COc2ccccc2)cc1,development
thrb,IC50,single protein format,CHEMBL250103,c1ccc(COc2ccccc2)cc1,development
thrb,IC50,single protein format,CHEMBL250101,c1ccc(COc2ccccc2)cc1,development
thrb,IC50,single protein format,CHEMBL249897,c1ccc(COc2ccccc2)cc1,development
thrb,IC50,single protein format,CHEMBL249895,c1ccc(COc2ccccc2)cc1,development
thrb,IC50,single protein format,CHEMBL402714,c1ccc(COc2ccccc2)cc1,development
thrb,IC50,single protein format,CHEMBL237936,c1ccc(Oc2cccc(-c3cncnc3)c2)cc1,development
thrb,IC50,single protein format,CHEMBL251439,O=c1cc[nH]c2ccc(Oc3ccccc3)cc12,development
thrb,IC50,single protein format,CHEMBL378593,c1ccc(Oc2ccc3ncccc3c2)cc1,development
thrb,IC50,single protein format,CHEMBL425366,c1ccccc1,development
thrb,IC50,single protein format,CHEMBL192490,c1ccccc1,development
thrb,IC50,single protein format,CHEMBL235608,O=C(Nc1ccccc1)c1cccc(Oc2ccccc2)c1,development
thrb,IC50,single protein format,CHEMBL251090,c1ccc(Cc2cccc(Oc3ccccc3)c2)cc1,development
thrb,IC50,single protein format,CHEMBL236863,c1ccc(Oc2cccc(-c3ccccc3)c2)cc1,development
thrb,IC50,single protein format,CHEMBL236436,c1ccc(Oc2cccc(-c3ccccc3)c2)cc1,development
thrb,IC50,single protein format,CHEMBL442082,c1ccc(Oc2cccc(-c3cccc(-c4ccccc4)c3)c2)cc1,development
thrb,IC50,single protein format,CHEMBL442280,c1ccc(Oc2cccc(-c3ccccc3)c2)cc1,development
thrb,IC50,single protein format,CHEMBL235788,c1ccc(Oc2cccc(-c3ccccc3)c2)cc1,development
thrb,IC50,single protein format,CHEMBL289965,c1ccc(Oc2ccccc2)cc1,development
thrb,IC50,single protein format,CHEMBL41314,c1ccc(Oc2ccccc2)cc1,development
thrb,IC50,single protein format,CHEMBL418432,c1ccc(Oc2ccccc2)cc1,development
thrb,IC50,single protein format,CHEMBL40738,c1ccc(Oc2ccccc2)cc1,development
thrb,IC50,single protein format,CHEMBL289343,c1ccc(Oc2ccccc2)cc1,development
thrb,IC50,single protein format,CHEMBL203555,c1ccc(Oc2ccc3ncccc3c2)cc1,development
thrb,IC50,single protein format,CHEMBL250880,O=c1cc[nH]c2ccc(Oc3ccccc3)cc12,development
thrb,IC50,single protein format,CHEMBL401392,c1ccc(Oc2ccc3c(c2)CCN3)cc1,development
thrb,IC50,single protein format,CHEMBL203777,c1ccc(Oc2ccc3[nH]ccc3c2)cc1,development
thrb,IC50,single protein format,CHEMBL425939,c1ccc(Oc2ccc3[nH]ccc3c2)cc1,development
thrb,IC50,single protein format,CHEMBL202336,c1ccc(Oc2ccccc2)cc1,development
thrb,IC50,single protein format,CHEMBL204609,c1ccc(Oc2ccccc2)cc1,development
thrb,IC50,single protein format,CHEMBL205171,c1ccc(Oc2ccccc2)cc1,development
thrb,IC50,single protein format,CHEMBL202940,c1ccc(Oc2ccccc2)cc1,development
thrb,IC50,single protein format,CHEMBL202521,c1ccc(Oc2ccccc2)cc1,development
thrb,IC50,single protein format,CHEMBL195556,c1ccccc1,development
thrb,IC50,single protein format,CHEMBL193152,c1ccccc1,development
thrb,IC50,single protein format,CHEMBL192508,c1ccccc1,development
thrb,IC50,single protein format,CHEMBL195855,c1ccccc1,development
thrb,IC50,single protein format,CHEMBL291053,c1ccc(Oc2ccccc2)cc1,development
thrb,IC50,single protein format,CHEMBL252717,c1ccc(OC2CCCCC2)cc1,development
thrb,IC50,single protein format,CHEMBL253123,c1ccc(OC2CCCCC2)cc1,development
thrb,IC50,single protein format,CHEMBL41632,c1ccc(Oc2ccccc2)cc1,development
thrb,IC50,single protein format,CHEMBL192426,c1ccccc1,development
thrb,IC50,single protein format,CHEMBL192639,c1ccccc1,development
thrb,IC50,single protein format,CHEMBL557,c1ccc(Oc2ccccc2)cc1,development
thrb,IC50,single protein format,CHEMBL236864,c1ccc(Oc2cccc(-c3ccccc3)c2)cc1,development
thrb,IC50,single protein format,CHEMBL237721,c1ccc(Oc2cccc(-c3ccccn3)c2)cc1,development
thrb,IC50,single protein format,CHEMBL235177,O=C(NCC(c1ccccc1)c1ccccc1)c1cccc(Oc2ccccc2)c1,development
thrb,IC50,single protein format,CHEMBL249445,O=C(NCc1ccccc1)c1cccc(Oc2ccccc2)c1,development
thrb,IC50,single protein format,CHEMBL392925,O=C(NCCc1ccccc1)c1cccc(Oc2ccccc2)c1,development
thrb,IC50,single protein format,CHEMBL39174,c1ccc(Oc2ccccc2)cc1,development
thrb,IC50,single protein format,CHEMBL394644,c1ccc(Oc2cccc(-c3ccccc3)c2)cc1,development
thrb,IC50,single protein format,CHEMBL238178,O=C(NCCc1ccccc1)c1cccc(Oc2ccccc2)c1,development
thrb,IC50,single protein format,CHEMBL429078,O=C(NCCCCc1ccccc1)c1cccc(Oc2ccccc2)c1,development
thrb,IC50,single protein format,CHEMBL393489,c1ccc(Oc2cccc(-c3ccccc3)c2)cc1,development
thrb,IC50,single protein format,CHEMBL238179,O=C(NCCc1ccccn1)c1cccc(Oc2ccccc2)c1,development
thrb,IC50,single protein format,CHEMBL251456,c1ccc(Oc2cccc(-c3ccccc3)c2)cc1,development
thrb,IC50,single protein format,CHEMBL237958,O=C(NCCc1ccccc1)c1cccc(Oc2ccccc2)c1,development
thrb,IC50,single protein format,CHEMBL442243,c1ccc(Oc2cccc(-c3ccccc3)c2)cc1,development
thrb,IC50,single protein format,CHEMBL254607,O=C(NCc1ccccc1)c1cccc(Oc2ccccc2)c1,development
thrb,IC50,single protein format,CHEMBL236438,c1ccc(Oc2cccc(-c3ccccc3)c2)cc1,development
thrb,IC50,single protein format,CHEMBL235609,O=C(NCCc1ccccc1)c1cccc(Oc2ccccc2)c1,development
thrb,IC50,single protein format,CHEMBL41036,c1ccc(Oc2ccccc2)cc1,development
thrb,IC50,single protein format,CHEMBL236648,c1ccc(Oc2cccc(-c3ccccc3)c2)cc1,development
thrb,IC50,single protein format,CHEMBL235164,c1ccc(Oc2cccc(-c3nccs3)c2)cc1,development
thrb,IC50,single protein format,CHEMBL394199,c1ccc(Oc2cccc(Oc3cccc(-c4ccccc4)c3)c2)cc1,development
thrb,IC50,single protein format,CHEMBL428729,c1ccc(Oc2cccc(-c3ccncc3)c2)cc1,development
thrb,IC50,single protein format,CHEMBL2348912,O=C(NCCCC(=O)N(Cc1ccccc1)Cc1ccccc1)c1ccccc1,development
thrb,IC50,single protein format,CHEMBL2348887,O=C(CCNC(=O)c1ccccc1)Nc1ccccc1,development
thrb,IC50,single protein format,CHEMBL2348884,O=C(CCNC(=O)c1ccccc1)NC12CC3CC(CC(C3)C1)C2,development
thrb,IC50,single protein format,CHEMBL2348870,O=C(NCC(=O)N(Cc1ccccc1)c1ccccc1)c1ccccc1,development
thrb,IC50,single protein format,CHEMBL2348869,O=C(CNC(=O)c1ccccc1)Nc1ccccc1,development
thrb,IC50,single protein format,CHEMBL2348868,O=C(CNC(=O)c1ccccc1)Nc1ccccc1,development
thrb,IC50,single protein format,CHEMBL2348867,O=C(NCC(=O)N1CCc2ccccc2C1)c1ccccc1,development
thrb,IC50,single protein format,CHEMBL3126378,c1ccc(Cn2ccc3ccccc32)cc1,development
thrb,IC50,single protein format,CHEMBL3126377,c1ccc(Cn2ccc3ccccc32)cc1,development
thrb,IC50,single protein format,CHEMBL3126376,c1ccc(Cn2ccc3ccccc32)cc1,development
thrb,IC50,single protein format,CHEMBL3126375,c1ccc(Cn2ccc3ccccc32)cc1,development
thrb,IC50,single protein format,CHEMBL3126374,c1ccc(Cn2ccc3ccccc32)cc1,development
thrb,IC50,single protein format,CHEMBL3126372,c1ccc(Cn2ccc3ccccc32)cc1,development
thrb,IC50,single protein format,CHEMBL3126371,c1ccc(Cn2ccc3ccccc32)cc1,development
thrb,IC50,single protein format,CHEMBL3126370,c1ccc(Cn2ccc3ccccc32)cc1,development
thrb,IC50,single protein format,CHEMBL3126369,c1ccc(Cn2ccc3ccccc32)cc1,development
thrb,IC50,single protein format,CHEMBL3126368,c1ccc(Cn2ccc3ccccc32)cc1,development
thrb,IC50,single protein format,CHEMBL3126367,c1ccc(Cn2ccc3ccccc32)cc1,development
thrb,IC50,single protein format,CHEMBL1544,c1ccc(Oc2ccccc2)cc1,development
thrb,IC50,single protein format,CHEMBL4785385,O=C(c1ccc2oc(NCc3ccccc3)nc2c1)N1CCCC1,development
thrb,IC50,single protein format,CHEMBL4746879,O=C(NCC1CCOC1)c1ccc2oc(NCc3ccccc3)nc2c1,development
thrb,IC50,single protein format,CHEMBL4744424,O=C(c1ccc2oc(NCc3ccccc3)nc2c1)N1CCCC1,development
thrb,IC50,single protein format,CHEMBL4780106,O=C(c1ccc2oc(NCc3ccccc3)nc2c1)N1CCCC1,development
thrb,IC50,single protein format,CHEMBL4800526,O=C(c1ccc2oc(NCc3ccccc3)nc2c1)N1CCOCC1,development
thrb,IC50,single protein format,CHEMBL4740641,O=C(c1ccc2oc(NCc3ccccc3)nc2c1)N1CCOCC1,development
thrb,IC50,single protein format,CHEMBL4763516,O=C(c1ccc2oc(NCc3ccccc3)nc2c1)N1CCCCC1,development
thrb,IC50,single protein format,CHEMBL4779404,O=C(c1ccc2oc(NCc3ccccc3)nc2c1)N1CCCCC1,development
thrb,IC50,single protein format,CHEMBL4778975,O=C(c1ccc2oc(NCc3ccccc3)nc2c1)N1CCCCC1,development
thrb,IC50,single protein format,CHEMBL4760114,O=C(c1ccc2oc(NCc3ccccc3)nc2c1)N1CCCCC1,development
thrb,IC50,single protein format,CHEMBL4746084,O=C(c1ccc2oc(NCc3ccccc3)nc2c1)N1CCCCC1,development
thrb,IC50,single protein format,CHEMBL4756958,O=C(c1ccc2oc(NCc3ccccn3)nc2c1)N1CCCCC1,development
thrb,IC50,single protein format,CHEMBL4741434,O=C(c1ccc2oc(NCc3cccnc3)nc2c1)N1CCCCC1,development
thrb,IC50,single protein format,CHEMBL4744699,O=C(c1ccc2oc(NCc3ccncc3)nc2c1)N1CCCCC1,development
thrb,IC50,single protein format,CHEMBL4796324,O=C(c1ccc2oc(NCc3ccccn3)nc2c1)N1CCCCC1,development
thrb,IC50,single protein format,CHEMBL4781058,O=C(c1ccc2oc(NCc3ccccc3)nc2c1)N1CCCCC1,development
thrb,IC50,single protein format,CHEMBL4793674,O=C(c1ccc2oc(NCc3ccccc3)nc2c1)N1CCCCC1,development
thrb,IC50,single protein format,CHEMBL4762088,O=C(c1ccc2oc(NCc3ccccc3)nc2c1)N1CCCCC1,development
thrb,IC50,single protein format,CHEMBL4761797,O=C(c1ccc2oc(NCc3ccccc3)nc2c1)N1CCCCC1,development
thrb,IC50,single protein format,CHEMBL4759022,O=C(c1ccc2oc(NCc3ccccc3)nc2c1)N1CCCCC1,development
thrb,IC50,single protein format,CHEMBL4754997,O=C(c1ccc2oc(NC3(c4ccccc4)CC3)nc2c1)N1CCCCC1,development
thrb,IC50,single protein format,CHEMBL4763344,O=C(c1ccc2oc(NC3(c4ccccc4)CCC3)nc2c1)N1CCCCC1,development
thrb,IC50,single protein format,CHEMBL4754577,O=C(c1ccc2nc(NCc3ccccc3)nn2c1)N1CCCCC1,development
thrb,IC50,single protein format,CHEMBL4748308,O=C(c1ccc2oc(NCc3ccccc3)nc2c1)N1CCCCC1,development
thrb,IC50,single protein format,CHEMBL4748308,O=C(c1ccc2oc(NCc3ccccc3)nc2c1)N1CCCCC1,development
thrb,IC50,single protein format,CHEMBL4780902,O=C(c1ccc2oc(NCc3ccccc3)nc2c1)N1CCCCC1,development
thrb,IC50,single protein format,CHEMBL4783934,O=C(c1ccc2oc(NCc3ccccc3)nc2c1)N1CCCCC1C1CC1,development
thrb,IC50,single protein format,CHEMBL4761137,O=C(c1ccc2oc(NCc3ccccc3)nc2c1)N1CCCCC1,development
thrb,IC50,single protein format,CHEMBL4787137,O=C(c1ccc2oc(NCc3ccccc3)nc2c1)N1CCCCC1,development
thrb,IC50,single protein format,CHEMBL4787137,O=C(c1ccc2oc(NCc3ccccc3)nc2c1)N1CCCCC1,development
thrb,IC50,single protein format,CHEMBL4745256,O=C(c1ccc2oc(NCc3ccccc3)nc2c1)N1CCOCC1,development
thrb,IC50,single protein format,CHEMBL4754786,O=C(c1ccc2oc(NCc3ccccc3)nc2c1)N1CCOCC1,development
thrb,IC50,single protein format,CHEMBL4749829,O=C(c1ccc2oc(NCc3ccccc3)nc2c1)N1CCOCC1,development
thrb,IC50,single protein format,CHEMBL4760241,O=C(c1ccc2oc(NCc3ccccc3)nc2c1)N1CCOCC1,development
thrb,IC50,single protein format,CHEMBL4786634,O=C(c1ccc2oc(NCc3ccccc3)nc2c1)N1CCOCC1,development
thrb,IC50,single protein format,CHEMBL4758225,O=C(c1ccc2oc(NCc3ccccc3)nc2c1)N1CCOCC1,development
thrb,IC50,single protein format,CHEMBL4776051,O=C(c1ccc2oc(NCc3ccccc3)nc2c1)N1CCOCC1C1CCC1,development
thrb,IC50,single protein format,CHEMBL4796689,O=C(c1ccc2oc(NCc3ccccn3)nc2c1)N1CCOCC1,development
thrb,IC50,single protein format,CHEMBL4758628,O=C(c1ccc2oc(NCc3ccccn3)nc2c1)N1CCOCC1,development
thrb,IC50,single protein format,CHEMBL4776950,O=C(c1ccc2nc(NCc3ccccc3)nn2c1)N1CCOCC1,development
thrb,IC50,single protein format,CHEMBL4761266,O=C(c1ccc2nc(NCc3ccccc3)nn2c1)N1CCOCC1,development
thrb,IC50,single protein format,CHEMBL4793166,O=C(c1ccc2nc(NCc3ccccc3)nn2c1)N1CCOCC1C1CCC1,development
thrb,IC50,single protein format,CHEMBL4114879,O=C(c1ccc2oc(NCc3ccccc3)nc2c1)N1CCOCC1,development
thrb,IC50,single protein format,CHEMBL4763593,O=C(c1ccc2oc(NCc3ccccc3)nc2c1)N1CCOCC1,development
thrb,IC50,single protein format,CHEMBL4114862,O=C(c1ccc2oc(NCc3ccccc3)nc2c1)N1CCOCC1C1CCC1,development
thrb,IC50,single protein format,CHEMBL4758258,O=C(Cc1ccccc1)NCC(=O)Nc1nc(-c2ccccc2)cn1-c1ccccc1,development
thrb,IC50,single protein format,CHEMBL4756371,O=C(NCC1CCOC1)c1ccc2oc(NCc3ccccc3)nc2c1,development
thrb,IC50,single protein format,CHEMBL4746517,O=C(NCC1CCOC1)c1ccc2oc(NCc3ccccc3)nc2c1,development
thrb,IC50,single protein format,CHEMBL4776500,O=C(NCC1CCOC1)c1ccc2oc(NCc3ccccc3)nc2c1,development
thrb,IC50,single protein format,CHEMBL4753159,O=C(NCC1CCOC1)c1ccc2oc(NCc3ccccc3)nc2c1,development
thrb,IC50,single protein format,CHEMBL4748636,O=C(NCC1CCOC1)c1ccc2oc(NCc3ccccc3)nc2c1,development
thrb,IC50,single protein format,CHEMBL4757512,O=C(NCc1ccccc1)c1ccc2cn(CCN3CCOC3=O)nc2c1,development
thrb,IC50,single protein format,CHEMBL109279,C(#Cc1cccc(Cc2ccccc2)c1)c1ccccc1,locked_test
thrb,IC50,single protein format,CHEMBL192142,c1ccc(OCC2CCCCC2)cc1,locked_test
thrb,IC50,single protein format,CHEMBL192142,c1ccc(OCC2CCCCC2)cc1,locked_test
thrb,IC50,single protein format,CHEMBL192427,c1ccc(OCC2CCCCC2)cc1,locked_test
thrb,IC50,single protein format,CHEMBL192427,c1ccc(OCC2CCCCC2)cc1,locked_test
thrb,IC50,single protein format,CHEMBL217298,c1ccc(OCC2CCCCC2)cc1,locked_test
thrb,IC50,single protein format,CHEMBL235816,O=C(NCCCc1ccccc1)c1cccc(Oc2ccccc2)c1,locked_test
thrb,IC50,single protein format,CHEMBL235607,c1ccc(Oc2cccc(Oc3ccccc3)c2)cc1,locked_test
thrb,IC50,single protein format,CHEMBL235385,c1ccc(Oc2cccc(Oc3ccccc3)c2)cc1,locked_test
thrb,IC50,single protein format,CHEMBL235166,c1ccc(Oc2cccc(Oc3ccccc3)c2)cc1,locked_test
thrb,IC50,single protein format,CHEMBL394176,c1ccc(Oc2cccc(Oc3ccccc3)c2)cc1,locked_test
thrb,IC50,single protein format,CHEMBL235384,c1ccc(Oc2cccc(Oc3ccccc3)c2)cc1,locked_test
thrb,IC50,single protein format,CHEMBL235383,c1ccc(Oc2cccc(Oc3ccccc3)c2)cc1,locked_test
thrb,IC50,single protein format,CHEMBL235165,c1ccc(Oc2cccc(Oc3ccccc3)c2)cc1,locked_test
thrb,IC50,single protein format,CHEMBL237722,c1ccc(Oc2cccc(-c3cccnc3)c2)cc1,locked_test
thrb,IC50,single protein format,CHEMBL124205,O=C(NC1CCC2CC1C2)c1cccc(Oc2ccc(-n3ncc(=O)[nH]c3=O)cc2)c1,locked_test
thrb,IC50,single protein format,CHEMBL124205,O=C(NC1CCC2CC1C2)c1cccc(Oc2ccc(-n3ncc(=O)[nH]c3=O)cc2)c1,locked_test
thrb,IC50,single protein format,CHEMBL237529,O=C(NC1CC2CCC1C2)c1cccc(Oc2ccc(-n3ncc(=O)[nH]c3=O)cc2)c1,locked_test
thrb,IC50,single protein format,CHEMBL124318,O=C(NC1CCC1)c1cccc(Oc2ccc(-n3ncc(=O)[nH]c3=O)cc2)c1,locked_test
thrb,IC50,single protein format,CHEMBL192427,c1ccc(OCC2CCCCC2)cc1,locked_test
thrb,IC50,single protein format,CHEMBL192142,c1ccc(OCC2CCCCC2)cc1,locked_test
thrb,IC50,single protein format,CHEMBL235385,c1ccc(Oc2cccc(Oc3ccccc3)c2)cc1,locked_test
thrb,IC50,single protein format,CHEMBL235166,c1ccc(Oc2cccc(Oc3ccccc3)c2)cc1,locked_test
thrb,IC50,single protein format,CHEMBL235607,c1ccc(Oc2cccc(Oc3ccccc3)c2)cc1,locked_test
thrb,IC50,single protein format,CHEMBL235384,c1ccc(Oc2cccc(Oc3ccccc3)c2)cc1,locked_test
thrb,IC50,single protein format,CHEMBL235383,c1ccc(Oc2cccc(Oc3ccccc3)c2)cc1,locked_test
thrb,IC50,single protein format,CHEMBL235165,c1ccc(Oc2cccc(Oc3ccccc3)c2)cc1,locked_test
thrb,IC50,single protein format,CHEMBL237722,c1ccc(Oc2cccc(-c3cccnc3)c2)cc1,locked_test
thrb,IC50,single protein format,CHEMBL235816,O=C(NCCCc1ccccc1)c1cccc(Oc2ccccc2)c1,locked_test
thrb,IC50,single protein format,CHEMBL2348905,O=C(CCCNC(=O)c1ccccc1)NC12CC3CC(CC(C3)C1)C2,locked_test
thrb,IC50,single protein format,CHEMBL2348882,O=C(NCC(=O)N1CCCCC1)c1ccccc1,locked_test
thrb,IC50,single protein format,CHEMBL2348874,O=C(NCC(=O)N(Cc1ccccc1)Cc1ccccc1)c1ccccc1,locked_test
thrb,IC50,single protein format,CHEMBL2348872,O=C(CNC(=O)c1ccccc1)NCc1ccccc1,locked_test
thrb,IC50,single protein format,CHEMBL2348871,O=C(CNC(=O)c1ccccc1)NCc1ccccc1,locked_test
thrb,IC50,single protein format,CHEMBL2348866,O=C(CNC(=O)c1ccccc1)NC12CC3CC(CC(C3)C1)C2,locked_test
thrb,IC50,single protein format,CHEMBL4763095,O=C(c1ccc2nc(NCc3ccccc3)oc2c1)N1CCCCC1,locked_test
thrb,IC50,single protein format,CHEMBL4793547,O=C(c1ccc2oc(NCc3ccccn3)nc2c1)N1CCOCC1C1CCC1,locked_test
thrb,IC50,single protein format,CHEMBL4759089,O=C(NCc1ccccc1)c1ccc2cn(CCn3cccn3)nc2c1,locked_test
thrb,IC50,single protein format,CHEMBL4751951,O=C(NCc1ccccc1)c1ccc2cn(CCn3cccn3)nc2c1,locked_test
thrb,IC50,single protein format,CHEMBL4761070,O=C(NCc1ccccc1)c1ccc2cn(CCn3cccn3)nc2c1,locked_test
thrb,IC50,single protein format,CHEMBL4750567,O=C(NCC1CN(c2ccc(-c3ccc[nH]c3=O)cc2)C(=O)O1)c1cccs1,locked_test
thra,IC50,single protein format,CHEMBL109279,C(#Cc1cccc(Cc2ccccc2)c1)c1ccccc1,development
thra,IC50,single protein format,CHEMBL112087,c1ccc(Cc2cccc(-c3ccccc3)c2)cc1,development
thra,IC50,single protein format,CHEMBL83953,N=C(NS(=O)(=O)c1ccc(Oc2ccccc2)cc1)c1ccccn1,development
thra,IC50,single protein format,CHEMBL82131,O=C(Nc1ccc(Cc2ccc(NC(=O)c3ccccc3)cc2)cc1)c1ccccc1,development
thra,IC50,single protein format,CHEMBL85322,O=C(CSc1ccc(Cc2n[nH]c(=O)c3ccccc23)[nH]1)c1ccccc1,development
thra,IC50,single protein format,CHEMBL83829,N=C(NS(=O)(=O)c1ccc(Oc2ccccc2)cc1)c1ccccc1,development
thra,IC50,single protein format,CHEMBL425557,O=C(c1ccccc1)c1coc2ccccc12,development
thra,IC50,single protein format,CHEMBL192346,c1ccccc1,development
thra,IC50,single protein format,CHEMBL192490,c1ccccc1,development
thra,IC50,single protein format,CHEMBL193152,c1ccccc1,development
thra,IC50,single protein format,CHEMBL192508,c1ccccc1,development
thra,IC50,single protein format,CHEMBL192639,c1ccccc1,development
thra,IC50,single protein format,CHEMBL192639,c1ccccc1,development
thra,IC50,single protein format,CHEMBL425366,c1ccccc1,development
thra,IC50,single protein format,CHEMBL425366,c1ccccc1,development
thra,IC50,single protein format,CHEMBL192142,c1ccc(OCC2CCCCC2)cc1,development
thra,IC50,single protein format,CHEMBL192142,c1ccc(OCC2CCCCC2)cc1,development
thra,IC50,single protein format,CHEMBL195855,c1ccccc1,development
thra,IC50,single protein format,CHEMBL195556,c1ccccc1,development
thra,IC50,single protein format,CHEMBL195556,c1ccccc1,development
thra,IC50,single protein format,CHEMBL192426,c1ccccc1,development
thra,IC50,single protein format,CHEMBL192427,c1ccc(OCC2CCCCC2)cc1,development
thra,IC50,single protein format,CHEMBL192427,c1ccc(OCC2CCCCC2)cc1,development
thra,IC50,single protein format,CHEMBL195327,c1ccc(-c2cccc3ccccc23)cc1,development
thra,IC50,single protein format,CHEMBL195079,c1ccc(-c2cccc3ccccc23)cc1,development
thra,IC50,single protein format,CHEMBL193864,c1ccc(-c2cccc3ccccc23)cc1,development
thra,IC50,single protein format,CHEMBL198875,c1ccc(-c2cccc3ccccc23)cc1,development
thra,IC50,single protein format,CHEMBL198367,c1ccc(-c2cccc3ccccc23)cc1,development
thra,IC50,single protein format,CHEMBL194242,c1ccc(-c2cccc3ccccc23)cc1,development
thra,IC50,single protein format,CHEMBL372428,c1ccc(-c2cccc3ccccc23)cc1,development
thra,IC50,single protein format,CHEMBL193615,c1ccc(-c2cccc3ccccc23)cc1,development
thra,IC50,single protein format,CHEMBL196613,c1ccc(-c2cccc3c(-c4ccccc4)cccc23)cc1,development
thra,IC50,single protein format,CHEMBL196642,c1ccc(-c2cccc3ccccc23)cc1,development
thra,IC50,single protein format,CHEMBL203555,c1ccc(Oc2ccc3ncccc3c2)cc1,development
thra,IC50,single protein format,CHEMBL378593,c1ccc(Oc2ccc3ncccc3c2)cc1,development
thra,IC50,single protein format,CHEMBL203828,c1ccc(Oc2ccc3c(c2)CCC3)cc1,development
thra,IC50,single protein format,CHEMBL203777,c1ccc(Oc2ccc3[nH]ccc3c2)cc1,development
thra,IC50,single protein format,CHEMBL425939,c1ccc(Oc2ccc3[nH]ccc3c2)cc1,development
thra,IC50,single protein format,CHEMBL217298,c1ccc(OCC2CCCCC2)cc1,development
thra,IC50,single protein format,CHEMBL217221,C(=Cc1cccc(Oc2ccccc2)c1)c1ccncc1,development
thra,IC50,single protein format,CHEMBL235252,O=C(CCNCCc1ccccc1)c1ccccc1,development
thra,IC50,single protein format,CHEMBL396873,c1ccccc1,development
thra,IC50,single protein format,CHEMBL428375,O=C(CCN(C1CCCCC1)C1CCCCC1)c1ccccc1,development
thra,IC50,single protein format,CHEMBL236134,O=C(CCNCc1ccco1)c1ccccc1,development
thra,IC50,single protein format,CHEMBL236033,c1ccccc1,development
thra,IC50,single protein format,CHEMBL396086,c1ccccc1,development
thra,IC50,single protein format,CHEMBL236133,O=C(CCN1CCCCC1)c1ccccc1,development
thra,IC50,single protein format,CHEMBL236131,c1ccccc1,development
thra,IC50,single protein format,CHEMBL235922,c1ccccc1,development
thra,IC50,single protein format,CHEMBL237605,c1ccccc1,development
thra,IC50,single protein format,CHEMBL396089,c1ccccc1,development
thra,IC50,single protein format,CHEMBL237601,c1ccccc1,development
thra,IC50,single protein format,CHEMBL237600,c1ccccc1,development
thra,IC50,single protein format,CHEMBL237456,c1ccccc1,development
thra,IC50,single protein format,CHEMBL394678,C1CCCCC1,development
thra,IC50,single protein format,CHEMBL237241,c1ccccc1,development
thra,IC50,single protein format,CHEMBL237035,c1ccccc1,development
thra,IC50,single protein format,CHEMBL237600,c1ccccc1,development
thra,IC50,single protein format,CHEMBL237611,c1ccccc1,development
thra,IC50,single protein format,CHEMBL235113,c1ccccc1,development
thra,IC50,single protein format,CHEMBL237823,c1ccccc1,development
thra,IC50,single protein format,CHEMBL235904,c1ccccc1,development
thra,IC50,single protein format,CHEMBL398106,c1ccccc1,development
thra,IC50,single protein format,CHEMBL236543,O=C(c1ccccc1)C1CO1,development
thra,IC50,single protein format,CHEMBL395602,c1ccccc1,development
thra,IC50,single protein format,CHEMBL236339,c1ccccc1,development
thra,IC50,single protein format,CHEMBL236338,c1ccccc1,development
thra,IC50,single protein format,CHEMBL235491,c1ccccc1,development
thra,IC50,single protein format,CHEMBL402713,c1ccc(COc2ccccc2)cc1,development
thra,IC50,single protein format,CHEMBL250513,c1ccc(COc2ccccc2)cc1,development
thra,IC50,single protein format,CHEMBL250308,c1ccc(COc2ccccc2)cc1,development
thra,IC50,single protein format,CHEMBL250307,c1ccc(COc2ccccc2)cc1,development
thra,IC50,single protein format,CHEMBL250104,c1ccc(COc2ccccc2)cc1,development
thra,IC50,single protein format,CHEMBL250103,c1ccc(COc2ccccc2)cc1,development
thra,IC50,single protein format,CHEMBL250101,c1ccc(COc2ccccc2)cc1,development
thra,IC50,single protein format,CHEMBL249897,c1ccc(COc2ccccc2)cc1,development
thra,IC50,single protein format,CHEMBL249895,c1ccc(COc2ccccc2)cc1,development
thra,IC50,single protein format,CHEMBL402714,c1ccc(COc2ccccc2)cc1,development
thra,IC50,single protein format,CHEMBL237936,c1ccc(Oc2cccc(-c3cncnc3)c2)cc1,development
thra,IC50,single protein format,CHEMBL378593,c1ccc(Oc2ccc3ncccc3c2)cc1,development
thra,IC50,single protein format,CHEMBL425366,c1ccccc1,development
thra,IC50,single protein format,CHEMBL192490,c1ccccc1,development
thra,IC50,single protein format,CHEMBL235608,O=C(Nc1ccccc1)c1cccc(Oc2ccccc2)c1,development
thra,IC50,single protein format,CHEMBL251090,c1ccc(Cc2cccc(Oc3ccccc3)c2)cc1,development
thra,IC50,single protein format,CHEMBL236863,c1ccc(Oc2cccc(-c3ccccc3)c2)cc1,development
thra,IC50,single protein format,CHEMBL236436,c1ccc(Oc2cccc(-c3ccccc3)c2)cc1,development
thra,IC50,single protein format,CHEMBL442280,c1ccc(Oc2cccc(-c3ccccc3)c2)cc1,development
thra,IC50,single protein format,CHEMBL235788,c1ccc(Oc2cccc(-c3ccccc3)c2)cc1,development
thra,IC50,single protein format,CHEMBL203555,c1ccc(Oc2ccc3ncccc3c2)cc1,development
thra,IC50,single protein format,CHEMBL401392,c1ccc(Oc2ccc3c(c2)CCN3)cc1,development
thra,IC50,single protein format,CHEMBL203777,c1ccc(Oc2ccc3[nH]ccc3c2)cc1,development
thra,IC50,single protein format,CHEMBL425939,c1ccc(Oc2ccc3[nH]ccc3c2)cc1,development
thra,IC50,single protein format,CHEMBL195556,c1ccccc1,development
thra,IC50,single protein format,CHEMBL193152,c1ccccc1,development
thra,IC50,single protein format,CHEMBL192508,c1ccccc1,development
thra,IC50,single protein format,CHEMBL195855,c1ccccc1,development
thra,IC50,single protein format,CHEMBL252717,c1ccc(OC2CCCCC2)cc1,development
thra,IC50,single protein format,CHEMBL253123,c1ccc(OC2CCCCC2)cc1,development
thra,IC50,single protein format,CHEMBL192426,c1ccccc1,development
thra,IC50,single protein format,CHEMBL192639,c1ccccc1,development
thra,IC50,single protein format,CHEMBL236864,c1ccc(Oc2cccc(-c3ccccc3)c2)cc1,development
thra,IC50,single protein format,CHEMBL235385,c1ccc(Oc2cccc(Oc3ccccc3)c2)cc1,development
thra,IC50,single protein format,CHEMBL237721,c1ccc(Oc2cccc(-c3ccccn3)c2)cc1,development
thra,IC50,single protein format,CHEMBL235166,c1ccc(Oc2cccc(Oc3ccccc3)c2)cc1,development
thra,IC50,single protein format,CHEMBL249445,O=C(NCc1ccccc1)c1cccc(Oc2ccccc2)c1,development
thra,IC50,single protein format,CHEMBL392925,O=C(NCCc1ccccc1)c1cccc(Oc2ccccc2)c1,development
thra,IC50,single protein format,CHEMBL235607,c1ccc(Oc2cccc(Oc3ccccc3)c2)cc1,development
thra,IC50,single protein format,CHEMBL394644,c1ccc(Oc2cccc(-c3ccccc3)c2)cc1,development
thra,IC50,single protein format,CHEMBL238178,O=C(NCCc1ccccc1)c1cccc(Oc2ccccc2)c1,development
thra,IC50,single protein format,CHEMBL429078,O=C(NCCCCc1ccccc1)c1cccc(Oc2ccccc2)c1,development
thra,IC50,single protein format,CHEMBL393489,c1ccc(Oc2cccc(-c3ccccc3)c2)cc1,development
thra,IC50,single protein format,CHEMBL238179,O=C(NCCc1ccccn1)c1cccc(Oc2ccccc2)c1,development
thra,IC50,single protein format,CHEMBL235384,c1ccc(Oc2cccc(Oc3ccccc3)c2)cc1,development
thra,IC50,single protein format,CHEMBL251456,c1ccc(Oc2cccc(-c3ccccc3)c2)cc1,development
thra,IC50,single protein format,CHEMBL237958,O=C(NCCc1ccccc1)c1cccc(Oc2ccccc2)c1,development
thra,IC50,single protein format,CHEMBL235383,c1ccc(Oc2cccc(Oc3ccccc3)c2)cc1,development
thra,IC50,single protein format,CHEMBL442243,c1ccc(Oc2cccc(-c3ccccc3)c2)cc1,development
thra,IC50,single protein format,CHEMBL235165,c1ccc(Oc2cccc(Oc3ccccc3)c2)cc1,development
thra,IC50,single protein format,CHEMBL254607,O=C(NCc1ccccc1)c1cccc(Oc2ccccc2)c1,development
thra,IC50,single protein format,CHEMBL236438,c1ccc(Oc2cccc(-c3ccccc3)c2)cc1,development
thra,IC50,single protein format,CHEMBL235609,O=C(NCCc1ccccc1)c1cccc(Oc2ccccc2)c1,development
thra,IC50,single protein format,CHEMBL237722,c1ccc(Oc2cccc(-c3cccnc3)c2)cc1,development
thra,IC50,single protein format,CHEMBL235816,O=C(NCCCc1ccccc1)c1cccc(Oc2ccccc2)c1,development
thra,IC50,single protein format,CHEMBL236648,c1ccc(Oc2cccc(-c3ccccc3)c2)cc1,development
thra,IC50,single protein format,CHEMBL235164,c1ccc(Oc2cccc(-c3nccs3)c2)cc1,development
thra,IC50,single protein format,CHEMBL394199,c1ccc(Oc2cccc(Oc3cccc(-c4ccccc4)c3)c2)cc1,development
thra,IC50,single protein format,CHEMBL428729,c1ccc(Oc2cccc(-c3ccncc3)c2)cc1,development
thra,IC50,single protein format,CHEMBL2348891,O=C(NCCC(=O)N(Cc1ccccc1)Cc1ccccc1)c1ccccc1,development
thra,IC50,single protein format,CHEMBL2348890,O=C(CCNC(=O)c1ccccc1)NCc1ccccc1,development
thra,IC50,single protein format,CHEMBL2348887,O=C(CCNC(=O)c1ccccc1)Nc1ccccc1,development
thra,IC50,single protein format,CHEMBL2348886,O=C(CCNC(=O)c1ccccc1)Nc1ccccc1,development
thra,IC50,single protein format,CHEMBL2348882,O=C(NCC(=O)N1CCCCC1)c1ccccc1,development
thra,IC50,single protein format,CHEMBL2348881,O=C(NCC(=O)N1CCCCC1)c1ccccc1,development
thra,IC50,single protein format,CHEMBL2348879,O=C(NCC(=O)N1CCN(c2ccccc2)CC1)c1ccccc1,development
thra,IC50,single protein format,CHEMBL2348874,O=C(NCC(=O)N(Cc1ccccc1)Cc1ccccc1)c1ccccc1,development
thra,IC50,single protein format,CHEMBL2348866,O=C(CNC(=O)c1ccccc1)NC12CC3CC(CC(C3)C1)C2,development
thra,IC50,single protein format,CHEMBL86271,c1ccc(Oc2ccccc2)cc1,locked_test
thra,IC50,single protein format,CHEMBL557,c1ccc(Oc2ccccc2)cc1,locked_test
thra,IC50,single protein format,CHEMBL39174,c1ccc(Oc2ccccc2)cc1,locked_test
thra,IC50,single protein format,CHEMBL291053,c1ccc(Oc2ccccc2)cc1,locked_test
thra,IC50,single protein format,CHEMBL40738,c1ccc(Oc2ccccc2)cc1,locked_test
thra,IC50,single protein format,CHEMBL289965,c1ccc(Oc2ccccc2)cc1,locked_test
thra,IC50,single protein format,CHEMBL41036,c1ccc(Oc2ccccc2)cc1,locked_test
thra,IC50,single protein format,CHEMBL41632,c1ccc(Oc2ccccc2)cc1,locked_test
thra,IC50,single protein format,CHEMBL289343,c1ccc(Oc2ccccc2)cc1,locked_test
thra,IC50,single protein format,CHEMBL418432,c1ccc(Oc2ccccc2)cc1,locked_test
thra,IC50,single protein format,CHEMBL41314,c1ccc(Oc2ccccc2)cc1,locked_test
thra,IC50,single protein format,CHEMBL193198,c1ccc(Oc2ccccc2)cc1,locked_test
thra,IC50,single protein format,CHEMBL193198,c1ccc(Oc2ccccc2)cc1,locked_test
thra,IC50,single protein format,CHEMBL157885,c1ccc(Cc2coc3ccccc23)cc1,locked_test
thra,IC50,single protein format,CHEMBL157885,c1ccc(Cc2coc3ccccc23)cc1,locked_test
thra,IC50,single protein format,CHEMBL1544,c1ccc(Oc2ccccc2)cc1,locked_test
thra,IC50,single protein format,CHEMBL41036,c1ccc(Oc2ccccc2)cc1,locked_test
thra,IC50,single protein format,CHEMBL193851,c1ccc(Oc2ccccc2)cc1,locked_test
thra,IC50,single protein format,CHEMBL371245,c1ccc(Oc2ccccc2)cc1,locked_test
thra,IC50,single protein format,CHEMBL202521,c1ccc(Oc2ccccc2)cc1,locked_test
thra,IC50,single protein format,CHEMBL202336,c1ccc(Oc2ccccc2)cc1,locked_test
thra,IC50,single protein format,CHEMBL204609,c1ccc(Oc2ccccc2)cc1,locked_test
thra,IC50,single protein format,CHEMBL205171,c1ccc(Oc2ccccc2)cc1,locked_test
thra,IC50,single protein format,CHEMBL381937,c1ccc(Oc2ccccc2)cc1,locked_test
thra,IC50,single protein format,CHEMBL202940,c1ccc(Oc2ccccc2)cc1,locked_test
thra,IC50,single protein format,CHEMBL557,c1ccc(Oc2ccccc2)cc1,locked_test
thra,IC50,single protein format,CHEMBL251439,O=c1cc[nH]c2ccc(Oc3ccccc3)cc12,locked_test
thra,IC50,single protein format,CHEMBL250880,O=c1cc[nH]c2ccc(Oc3ccccc3)cc12,locked_test
thra,IC50,single protein format,CHEMBL193198,c1ccc(Oc2ccccc2)cc1,locked_test
thra,IC50,single protein format,CHEMBL236132,O=C(CCN1CCOCC1)c1ccccc1,locked_test
thra,IC50,single protein format,CHEMBL394913,c1ccc2c(c1)CCCC2,locked_test
thra,IC50,single protein format,CHEMBL251439,O=c1cc[nH]c2ccc(Oc3ccccc3)cc12,locked_test
thra,IC50,single protein format,CHEMBL442082,c1ccc(Oc2cccc(-c3cccc(-c4ccccc4)c3)c2)cc1,locked_test
thra,IC50,single protein format,CHEMBL289965,c1ccc(Oc2ccccc2)cc1,locked_test
thra,IC50,single protein format,CHEMBL41314,c1ccc(Oc2ccccc2)cc1,locked_test
thra,IC50,single protein format,CHEMBL418432,c1ccc(Oc2ccccc2)cc1,locked_test
thra,IC50,single protein format,CHEMBL40738,c1ccc(Oc2ccccc2)cc1,locked_test
thra,IC50,single protein format,CHEMBL289343,c1ccc(Oc2ccccc2)cc1,locked_test
thra,IC50,single protein format,CHEMBL250880,O=c1cc[nH]c2ccc(Oc3ccccc3)cc12,locked_test
thra,IC50,single protein format,CHEMBL202336,c1ccc(Oc2ccccc2)cc1,locked_test
thra,IC50,single protein format,CHEMBL204609,c1ccc(Oc2ccccc2)cc1,locked_test
thra,IC50,single protein format,CHEMBL205171,c1ccc(Oc2ccccc2)cc1,locked_test
thra,IC50,single protein format,CHEMBL202940,c1ccc(Oc2ccccc2)cc1,locked_test
thra,IC50,single protein format,CHEMBL202521,c1ccc(Oc2ccccc2)cc1,locked_test
thra,IC50,single protein format,CHEMBL291053,c1ccc(Oc2ccccc2)cc1,locked_test
thra,IC50,single protein format,CHEMBL41632,c1ccc(Oc2ccccc2)cc1,locked_test
thra,IC50,single protein format,CHEMBL557,c1ccc(Oc2ccccc2)cc1,locked_test
thra,IC50,single protein format,CHEMBL235177,O=C(NCC(c1ccccc1)c1ccccc1)c1cccc(Oc2ccccc2)c1,locked_test
thra,IC50,single protein format,CHEMBL39174,c1ccc(Oc2ccccc2)cc1,locked_test
thra,IC50,single protein format,CHEMBL41036,c1ccc(Oc2ccccc2)cc1,locked_test
thra,IC50,single protein format,CHEMBL2348912,O=C(NCCCC(=O)N(Cc1ccccc1)Cc1ccccc1)c1ccccc1,locked_test
thra,IC50,single protein format,CHEMBL2348884,O=C(CCNC(=O)c1ccccc1)NC12CC3CC(CC(C3)C1)C2,locked_test
thra,IC50,single protein format,CHEMBL2348875,O=C(NCC(=O)N1CCC(c2ccccc2)CC1)c1ccccc1,locked_test
thra,IC50,single protein format,CHEMBL2348869,O=C(CNC(=O)c1ccccc1)Nc1ccccc1,locked_test
thra,IC50,single protein format,CHEMBL2348868,O=C(CNC(=O)c1ccccc1)Nc1ccccc1,locked_test
thra,IC50,single protein format,CHEMBL3126377,c1ccc(Cn2ccc3ccccc32)cc1,locked_test
thra,IC50,single protein format,CHEMBL3126375,c1ccc(Cn2ccc3ccccc32)cc1,locked_test
thra,IC50,single protein format,CHEMBL3126374,c1ccc(Cn2ccc3ccccc32)cc1,locked_test
thra,IC50,single protein format,CHEMBL3126372,c1ccc(Cn2ccc3ccccc32)cc1,locked_test
thra,IC50,single protein format,CHEMBL3126371,c1ccc(Cn2ccc3ccccc32)cc1,locked_test
thra,IC50,single protein format,CHEMBL3126370,c1ccc(Cn2ccc3ccccc32)cc1,locked_test
thra,IC50,single protein format,CHEMBL3126369,c1ccc(Cn2ccc3ccccc32)cc1,locked_test
thra,IC50,single protein format,CHEMBL3126368,c1ccc(Cn2ccc3ccccc32)cc1,locked_test
thra,IC50,single protein format,CHEMBL3126367,c1ccc(Cn2ccc3ccccc32)cc1,locked_test
thra,IC50,single protein format,CHEMBL1544,c1ccc(Oc2ccccc2)cc1,locked_test
