scope,split,model,molecule_id,y_true,prediction
spa_family,random,descriptor_rf,CHEMBL3617742,7.250263684430939,6.461869393326844
spa_family,random,descriptor_rf,CHEMBL3623462,6.640164517660112,6.87241474529363
spa_family,random,descriptor_rf,CHEMBL5750822,7.11975822410452,7.165318404249322
spa_family,random,descriptor_rf,CHEMBL5788930,6.991399828238082,6.805278805742258
spa_family,random,descriptor_rf,CHEMBL5802991,7.050122295963125,5.756017592126919
spa_family,random,descriptor_rf,CHEMBL5824348,7.519993057042849,6.904170318532617
spa_family,random,descriptor_rf,CHEMBL5839177,7.270025714300444,7.177396337085122
spa_family,random,descriptor_rf,CHEMBL5870379,7.219682687859849,6.812281366021842
spa_family,random,descriptor_rf,CHEMBL5874193,5.789949150124863,6.179156315222966
spa_family,random,descriptor_rf,CHEMBL5876796,6.199970640755866,6.678428109471563
spa_family,random,descriptor_rf,CHEMBL5881362,7.1700533040583645,5.756017592126919
spa_family,random,descriptor_rf,CHEMBL5903895,6.0,5.557238628648396
spa_family,random,descriptor_rf,CHEMBL5917748,6.801342913045577,7.1062890380377475
spa_family,random,descriptor_rf,CHEMBL5923558,7.0400051616715835,6.74310506755689
spa_family,random,descriptor_rf,CHEMBL5969695,7.259637310505756,6.7758420657679155
spa_family,random,descriptor_rf,CHEMBL5972322,5.430041181903406,5.875317476652426
spa_family,random,descriptor_rf,CHEMBL5990353,7.100179497572904,7.158106812083614
spa_family,random,descriptor_rf,CHEMBL5997576,7.259637310505756,7.363385553904961
spa_family,random,descriptor_rf,CHEMBL6003285,7.459670525209126,7.279934767738178
spa_family,random,descriptor_rf,CHEMBL6032013,7.279840696594043,7.200873004370196
spa_family,random,descriptor_rf,CHEMBL6034162,7.369572124974976,7.345658784470082
spa_family,random,ecfp_rf,CHEMBL3617742,7.250263684430939,6.620763471014992
spa_family,random,ecfp_rf,CHEMBL3623462,6.640164517660112,6.496615998207607
spa_family,random,ecfp_rf,CHEMBL5750822,7.11975822410452,6.917008187497998
spa_family,random,ecfp_rf,CHEMBL5788930,6.991399828238082,6.827002369442311
spa_family,random,ecfp_rf,CHEMBL5802991,7.050122295963125,6.403041767703387
spa_family,random,ecfp_rf,CHEMBL5824348,7.519993057042849,7.056414760861653
spa_family,random,ecfp_rf,CHEMBL5839177,7.270025714300444,7.049443246894233
spa_family,random,ecfp_rf,CHEMBL5870379,7.219682687859849,6.915700360653509
spa_family,random,ecfp_rf,CHEMBL5874193,5.789949150124863,6.224502544712285
spa_family,random,ecfp_rf,CHEMBL5876796,6.199970640755866,6.378178956131296
spa_family,random,ecfp_rf,CHEMBL5881362,7.1700533040583645,6.734534602696358
spa_family,random,ecfp_rf,CHEMBL5903895,6.0,6.279409275884369
spa_family,random,ecfp_rf,CHEMBL5917748,6.801342913045577,6.568259823685109
spa_family,random,ecfp_rf,CHEMBL5923558,7.0400051616715835,6.863596438804718
spa_family,random,ecfp_rf,CHEMBL5969695,7.259637310505756,7.00690632209283
spa_family,random,ecfp_rf,CHEMBL5972322,5.430041181903406,6.4844501712278495
spa_family,random,ecfp_rf,CHEMBL5990353,7.100179497572904,6.935037881955623
spa_family,random,ecfp_rf,CHEMBL5997576,7.259637310505756,7.256363396896551
spa_family,random,ecfp_rf,CHEMBL6003285,7.459670525209126,6.64896720405326
spa_family,random,ecfp_rf,CHEMBL6032013,7.279840696594043,6.899977348606705
spa_family,random,ecfp_rf,CHEMBL6034162,7.369572124974976,7.220505499644383
spa_family,random,ecfp_ridge,CHEMBL3617742,7.250263684430939,7.164638519287109
spa_family,random,ecfp_ridge,CHEMBL3623462,6.640164517660112,6.733584403991699
spa_family,random,ecfp_ridge,CHEMBL5750822,7.11975822410452,6.930322647094727
spa_family,random,ecfp_ridge,CHEMBL5788930,6.991399828238082,6.713016033172607
spa_family,random,ecfp_ridge,CHEMBL5802991,7.050122295963125,6.770358085632324
spa_family,random,ecfp_ridge,CHEMBL5824348,7.519993057042849,7.1830925941467285
spa_family,random,ecfp_ridge,CHEMBL5839177,7.270025714300444,7.381037712097168
spa_family,random,ecfp_ridge,CHEMBL5870379,7.219682687859849,6.962001800537109
spa_family,random,ecfp_ridge,CHEMBL5874193,5.789949150124863,6.152352809906006
spa_family,random,ecfp_ridge,CHEMBL5876796,6.199970640755866,6.343232154846191
spa_family,random,ecfp_ridge,CHEMBL5881362,7.1700533040583645,6.800649166107178
spa_family,random,ecfp_ridge,CHEMBL5903895,6.0,5.874445915222168
spa_family,random,ecfp_ridge,CHEMBL5917748,6.801342913045577,6.887679576873779
spa_family,random,ecfp_ridge,CHEMBL5923558,7.0400051616715835,6.89625358581543
spa_family,random,ecfp_ridge,CHEMBL5969695,7.259637310505756,7.381880283355713
spa_family,random,ecfp_ridge,CHEMBL5972322,5.430041181903406,6.015254020690918
spa_family,random,ecfp_ridge,CHEMBL5990353,7.100179497572904,7.163730621337891
spa_family,random,ecfp_ridge,CHEMBL5997576,7.259637310505756,7.917229175567627
spa_family,random,ecfp_ridge,CHEMBL6003285,7.459670525209126,6.814492225646973
spa_family,random,ecfp_ridge,CHEMBL6032013,7.279840696594043,7.468911170959473
spa_family,random,ecfp_ridge,CHEMBL6034162,7.369572124974976,7.881562232971191
spa_family,random,ecfp_xgb,CHEMBL3617742,7.250263684430939,7.115706443786621
spa_family,random,ecfp_xgb,CHEMBL3623462,6.640164517660112,6.593654632568359
spa_family,random,ecfp_xgb,CHEMBL5750822,7.11975822410452,7.020073413848877
spa_family,random,ecfp_xgb,CHEMBL5788930,6.991399828238082,6.845410346984863
spa_family,random,ecfp_xgb,CHEMBL5802991,7.050122295963125,6.7171502113342285
spa_family,random,ecfp_xgb,CHEMBL5824348,7.519993057042849,7.268495082855225
spa_family,random,ecfp_xgb,CHEMBL5839177,7.270025714300444,7.30747127532959
spa_family,random,ecfp_xgb,CHEMBL5870379,7.219682687859849,7.027420520782471
spa_family,random,ecfp_xgb,CHEMBL5874193,5.789949150124863,6.172813415527344
spa_family,random,ecfp_xgb,CHEMBL5876796,6.199970640755866,6.348740577697754
spa_family,random,ecfp_xgb,CHEMBL5881362,7.1700533040583645,6.943301677703857
spa_family,random,ecfp_xgb,CHEMBL5903895,6.0,6.050415992736816
spa_family,random,ecfp_xgb,CHEMBL5917748,6.801342913045577,6.619832992553711
spa_family,random,ecfp_xgb,CHEMBL5923558,7.0400051616715835,6.946871757507324
spa_family,random,ecfp_xgb,CHEMBL5969695,7.259637310505756,7.265855312347412
spa_family,random,ecfp_xgb,CHEMBL5972322,5.430041181903406,6.194849491119385
spa_family,random,ecfp_xgb,CHEMBL5990353,7.100179497572904,7.059762001037598
spa_family,random,ecfp_xgb,CHEMBL5997576,7.259637310505756,7.515824794769287
spa_family,random,ecfp_xgb,CHEMBL6003285,7.459670525209126,6.925451278686523
spa_family,random,ecfp_xgb,CHEMBL6032013,7.279840696594043,7.360610485076904
spa_family,random,ecfp_xgb,CHEMBL6034162,7.369572124974976,7.533499240875244
spa_family,random,mean,CHEMBL3617742,7.250263684430939,6.6491864143860235
spa_family,random,mean,CHEMBL3623462,6.640164517660112,6.6491864143860235
spa_family,random,mean,CHEMBL5750822,7.11975822410452,6.6491864143860235
spa_family,random,mean,CHEMBL5788930,6.991399828238082,6.6491864143860235
spa_family,random,mean,CHEMBL5802991,7.050122295963125,6.6491864143860235
spa_family,random,mean,CHEMBL5824348,7.519993057042849,6.6491864143860235
spa_family,random,mean,CHEMBL5839177,7.270025714300444,6.6491864143860235
spa_family,random,mean,CHEMBL5870379,7.219682687859849,6.6491864143860235
spa_family,random,mean,CHEMBL5874193,5.789949150124863,6.6491864143860235
spa_family,random,mean,CHEMBL5876796,6.199970640755866,6.6491864143860235
spa_family,random,mean,CHEMBL5881362,7.1700533040583645,6.6491864143860235
spa_family,random,mean,CHEMBL5903895,6.0,6.6491864143860235
spa_family,random,mean,CHEMBL5917748,6.801342913045577,6.6491864143860235
spa_family,random,mean,CHEMBL5923558,7.0400051616715835,6.6491864143860235
spa_family,random,mean,CHEMBL5969695,7.259637310505756,6.6491864143860235
spa_family,random,mean,CHEMBL5972322,5.430041181903406,6.6491864143860235
spa_family,random,mean,CHEMBL5990353,7.100179497572904,6.6491864143860235
spa_family,random,mean,CHEMBL5997576,7.259637310505756,6.6491864143860235
spa_family,random,mean,CHEMBL6003285,7.459670525209126,6.6491864143860235
spa_family,random,mean,CHEMBL6032013,7.279840696594043,6.6491864143860235
spa_family,random,mean,CHEMBL6034162,7.369572124974976,6.6491864143860235
spa_family,random,median,CHEMBL3617742,7.250263684430939,6.744754304853016
spa_family,random,median,CHEMBL3623462,6.640164517660112,6.744754304853016
spa_family,random,median,CHEMBL5750822,7.11975822410452,6.744754304853016
spa_family,random,median,CHEMBL5788930,6.991399828238082,6.744754304853016
spa_family,random,median,CHEMBL5802991,7.050122295963125,6.744754304853016
spa_family,random,median,CHEMBL5824348,7.519993057042849,6.744754304853016
spa_family,random,median,CHEMBL5839177,7.270025714300444,6.744754304853016
spa_family,random,median,CHEMBL5870379,7.219682687859849,6.744754304853016
spa_family,random,median,CHEMBL5874193,5.789949150124863,6.744754304853016
spa_family,random,median,CHEMBL5876796,6.199970640755866,6.744754304853016
spa_family,random,median,CHEMBL5881362,7.1700533040583645,6.744754304853016
spa_family,random,median,CHEMBL5903895,6.0,6.744754304853016
spa_family,random,median,CHEMBL5917748,6.801342913045577,6.744754304853016
spa_family,random,median,CHEMBL5923558,7.0400051616715835,6.744754304853016
spa_family,random,median,CHEMBL5969695,7.259637310505756,6.744754304853016
spa_family,random,median,CHEMBL5972322,5.430041181903406,6.744754304853016
spa_family,random,median,CHEMBL5990353,7.100179497572904,6.744754304853016
spa_family,random,median,CHEMBL5997576,7.259637310505756,6.744754304853016
spa_family,random,median,CHEMBL6003285,7.459670525209126,6.744754304853016
spa_family,random,median,CHEMBL6032013,7.279840696594043,6.744754304853016
spa_family,random,median,CHEMBL6034162,7.369572124974976,6.744754304853016
spa_family,scaffold,descriptor_rf,CHEMBL3617746,7.519993057042849,6.6529004285199616
spa_family,scaffold,descriptor_rf,CHEMBL3623462,6.640164517660112,6.810356365359684
spa_family,scaffold,descriptor_rf,CHEMBL5749645,6.690369832574102,6.0873082770121565
spa_family,scaffold,descriptor_rf,CHEMBL5796900,5.0499760934766735,6.359176398620649
spa_family,scaffold,descriptor_rf,CHEMBL5802991,7.050122295963125,6.359176398620649
spa_family,scaffold,descriptor_rf,CHEMBL5829181,6.991399828238082,7.013380847105296
spa_family,scaffold,descriptor_rf,CHEMBL5838148,5.669992299127241,6.828028888494977
spa_family,scaffold,descriptor_rf,CHEMBL5839177,7.270025714300444,7.034559174026467
spa_family,scaffold,descriptor_rf,CHEMBL5876718,7.259637310505756,7.032444469598077
spa_family,scaffold,descriptor_rf,CHEMBL5902131,6.219682687859849,6.815655078701359
spa_family,scaffold,descriptor_rf,CHEMBL5917748,6.801342913045577,7.065287320532995
spa_family,scaffold,descriptor_rf,CHEMBL5943600,7.199970640755866,7.0916977828931795
spa_family,scaffold,descriptor_rf,CHEMBL5949442,5.860120913598763,7.045670445229409
spa_family,scaffold,descriptor_rf,CHEMBL5985038,7.400116927926312,7.109866019799189
spa_family,scaffold,descriptor_rf,CHEMBL5993582,5.250031916490597,6.0873082770121565
spa_family,scaffold,descriptor_rf,CHEMBL6032013,7.279840696594043,7.121795061830933
spa_family,scaffold,descriptor_rf,CHEMBL6039031,7.1598939055432425,6.844533870528043
spa_family,scaffold,descriptor_rf,CHEMBL6058681,7.1598939055432425,6.844533870528043
spa_family,scaffold,ecfp_rf,CHEMBL3617746,7.519993057042849,6.944809182310631
spa_family,scaffold,ecfp_rf,CHEMBL3623462,6.640164517660112,6.3164568435976225
spa_family,scaffold,ecfp_rf,CHEMBL5749645,6.690369832574102,6.52679049315409
spa_family,scaffold,ecfp_rf,CHEMBL5796900,5.0499760934766735,6.540550003754179
spa_family,scaffold,ecfp_rf,CHEMBL5802991,7.050122295963125,6.656918165604583
spa_family,scaffold,ecfp_rf,CHEMBL5829181,6.991399828238082,6.600228963424029
spa_family,scaffold,ecfp_rf,CHEMBL5838148,5.669992299127241,6.702873594362149
spa_family,scaffold,ecfp_rf,CHEMBL5839177,7.270025714300444,7.00921940765634
spa_family,scaffold,ecfp_rf,CHEMBL5876718,7.259637310505756,7.008520132536287
spa_family,scaffold,ecfp_rf,CHEMBL5902131,6.219682687859849,6.367493834835224
spa_family,scaffold,ecfp_rf,CHEMBL5917748,6.801342913045577,6.649374099007768
spa_family,scaffold,ecfp_rf,CHEMBL5943600,7.199970640755866,6.870556635195696
spa_family,scaffold,ecfp_rf,CHEMBL5949442,5.860120913598763,6.82105642459143
spa_family,scaffold,ecfp_rf,CHEMBL5985038,7.400116927926312,6.611553721715392
spa_family,scaffold,ecfp_rf,CHEMBL5993582,5.250031916490597,6.278406948340911
spa_family,scaffold,ecfp_rf,CHEMBL6032013,7.279840696594043,6.8950272898187475
spa_family,scaffold,ecfp_rf,CHEMBL6039031,7.1598939055432425,6.553408200403715
spa_family,scaffold,ecfp_rf,CHEMBL6058681,7.1598939055432425,6.553408200403715
spa_family,scaffold,ecfp_ridge,CHEMBL3617746,7.519993057042849,7.030318260192871
spa_family,scaffold,ecfp_ridge,CHEMBL3623462,6.640164517660112,6.4593024253845215
spa_family,scaffold,ecfp_ridge,CHEMBL5749645,6.690369832574102,6.693657875061035
spa_family,scaffold,ecfp_ridge,CHEMBL5796900,5.0499760934766735,6.398863792419434
spa_family,scaffold,ecfp_ridge,CHEMBL5802991,7.050122295963125,6.961184024810791
spa_family,scaffold,ecfp_ridge,CHEMBL5829181,6.991399828238082,6.662852764129639
spa_family,scaffold,ecfp_ridge,CHEMBL5838148,5.669992299127241,6.584018707275391
spa_family,scaffold,ecfp_ridge,CHEMBL5839177,7.270025714300444,7.192966938018799
spa_family,scaffold,ecfp_ridge,CHEMBL5876718,7.259637310505756,7.230417251586914
spa_family,scaffold,ecfp_ridge,CHEMBL5902131,6.219682687859849,6.200972080230713
spa_family,scaffold,ecfp_ridge,CHEMBL5917748,6.801342913045577,6.714339256286621
spa_family,scaffold,ecfp_ridge,CHEMBL5943600,7.199970640755866,7.176219940185547
spa_family,scaffold,ecfp_ridge,CHEMBL5949442,5.860120913598763,6.8515448570251465
spa_family,scaffold,ecfp_ridge,CHEMBL5985038,7.400116927926312,6.653652667999268
spa_family,scaffold,ecfp_ridge,CHEMBL5993582,5.250031916490597,6.063957691192627
spa_family,scaffold,ecfp_ridge,CHEMBL6032013,7.279840696594043,7.167020320892334
spa_family,scaffold,ecfp_ridge,CHEMBL6039031,7.1598939055432425,6.922029495239258
spa_family,scaffold,ecfp_ridge,CHEMBL6058681,7.1598939055432425,6.922029495239258
spa_family,scaffold,ecfp_xgb,CHEMBL3617746,7.519993057042849,6.90070104598999
spa_family,scaffold,ecfp_xgb,CHEMBL3623462,6.640164517660112,5.983169078826904
spa_family,scaffold,ecfp_xgb,CHEMBL5749645,6.690369832574102,6.180979251861572
spa_family,scaffold,ecfp_xgb,CHEMBL5796900,5.0499760934766735,6.110917568206787
spa_family,scaffold,ecfp_xgb,CHEMBL5802991,7.050122295963125,6.693440914154053
spa_family,scaffold,ecfp_xgb,CHEMBL5829181,6.991399828238082,6.586120128631592
spa_family,scaffold,ecfp_xgb,CHEMBL5838148,5.669992299127241,7.04768180847168
spa_family,scaffold,ecfp_xgb,CHEMBL5839177,7.270025714300444,7.2061896324157715
spa_family,scaffold,ecfp_xgb,CHEMBL5876718,7.259637310505756,7.195605278015137
spa_family,scaffold,ecfp_xgb,CHEMBL5902131,6.219682687859849,5.640659332275391
spa_family,scaffold,ecfp_xgb,CHEMBL5917748,6.801342913045577,6.447173118591309
spa_family,scaffold,ecfp_xgb,CHEMBL5943600,7.199970640755866,7.100724220275879
spa_family,scaffold,ecfp_xgb,CHEMBL5949442,5.860120913598763,7.002484321594238
spa_family,scaffold,ecfp_xgb,CHEMBL5985038,7.400116927926312,6.276915550231934
spa_family,scaffold,ecfp_xgb,CHEMBL5993582,5.250031916490597,5.91364049911499
spa_family,scaffold,ecfp_xgb,CHEMBL6032013,7.279840696594043,7.037818908691406
spa_family,scaffold,ecfp_xgb,CHEMBL6039031,7.1598939055432425,6.7381391525268555
spa_family,scaffold,ecfp_xgb,CHEMBL6058681,7.1598939055432425,6.7381391525268555
spa_family,scaffold,mean,CHEMBL3617746,7.519993057042849,6.705670827646236
spa_family,scaffold,mean,CHEMBL3623462,6.640164517660112,6.705670827646236
spa_family,scaffold,mean,CHEMBL5749645,6.690369832574102,6.705670827646236
spa_family,scaffold,mean,CHEMBL5796900,5.0499760934766735,6.705670827646236
spa_family,scaffold,mean,CHEMBL5802991,7.050122295963125,6.705670827646236
spa_family,scaffold,mean,CHEMBL5829181,6.991399828238082,6.705670827646236
spa_family,scaffold,mean,CHEMBL5838148,5.669992299127241,6.705670827646236
spa_family,scaffold,mean,CHEMBL5839177,7.270025714300444,6.705670827646236
spa_family,scaffold,mean,CHEMBL5876718,7.259637310505756,6.705670827646236
spa_family,scaffold,mean,CHEMBL5902131,6.219682687859849,6.705670827646236
spa_family,scaffold,mean,CHEMBL5917748,6.801342913045577,6.705670827646236
spa_family,scaffold,mean,CHEMBL5943600,7.199970640755866,6.705670827646236
spa_family,scaffold,mean,CHEMBL5949442,5.860120913598763,6.705670827646236
spa_family,scaffold,mean,CHEMBL5985038,7.400116927926312,6.705670827646236
spa_family,scaffold,mean,CHEMBL5993582,5.250031916490597,6.705670827646236
spa_family,scaffold,mean,CHEMBL6032013,7.279840696594043,6.705670827646236
spa_family,scaffold,mean,CHEMBL6039031,7.1598939055432425,6.705670827646236
spa_family,scaffold,mean,CHEMBL6058681,7.1598939055432425,6.705670827646236
spa_family,scaffold,median,CHEMBL3617746,7.519993057042849,6.790484985457369
spa_family,scaffold,median,CHEMBL3623462,6.640164517660112,6.790484985457369
spa_family,scaffold,median,CHEMBL5749645,6.690369832574102,6.790484985457369
spa_family,scaffold,median,CHEMBL5796900,5.0499760934766735,6.790484985457369
spa_family,scaffold,median,CHEMBL5802991,7.050122295963125,6.790484985457369
spa_family,scaffold,median,CHEMBL5829181,6.991399828238082,6.790484985457369
spa_family,scaffold,median,CHEMBL5838148,5.669992299127241,6.790484985457369
spa_family,scaffold,median,CHEMBL5839177,7.270025714300444,6.790484985457369
spa_family,scaffold,median,CHEMBL5876718,7.259637310505756,6.790484985457369
spa_family,scaffold,median,CHEMBL5902131,6.219682687859849,6.790484985457369
spa_family,scaffold,median,CHEMBL5917748,6.801342913045577,6.790484985457369
spa_family,scaffold,median,CHEMBL5943600,7.199970640755866,6.790484985457369
spa_family,scaffold,median,CHEMBL5949442,5.860120913598763,6.790484985457369
spa_family,scaffold,median,CHEMBL5985038,7.400116927926312,6.790484985457369
spa_family,scaffold,median,CHEMBL5993582,5.250031916490597,6.790484985457369
spa_family,scaffold,median,CHEMBL6032013,7.279840696594043,6.790484985457369
spa_family,scaffold,median,CHEMBL6039031,7.1598939055432425,6.790484985457369
spa_family,scaffold,median,CHEMBL6058681,7.1598939055432425,6.790484985457369
full_length_stated,random,descriptor_rf,CHEMBL4126662,6.522878745280337,6.464349213137787
full_length_stated,random,descriptor_rf,CHEMBL4126768,7.443697499232712,6.256341319159462
full_length_stated,random,descriptor_rf,CHEMBL4128043,6.886056647693163,6.8085058013413615
full_length_stated,random,descriptor_rf,CHEMBL4128261,7.522878745280337,6.693371305001902
full_length_stated,random,descriptor_rf,CHEMBL4129012,7.657577319177793,6.8085058013413615
full_length_stated,random,descriptor_rf,CHEMBL4129046,7.301029995663981,6.394722947499619
full_length_stated,random,descriptor_rf,CHEMBL4129083,5.860120913598763,6.338183259653783
full_length_stated,random,descriptor_rf,CHEMBL4129199,6.795880017344075,7.341173901034001
full_length_stated,random,descriptor_rf,CHEMBL4129242,7.102372908709558,6.574299945801308
full_length_stated,random,descriptor_rf,CHEMBL4130174,6.229147988357855,6.530310658929863
full_length_stated,random,descriptor_rf,CHEMBL4439986,5.958607314841775,5.4714887520299165
full_length_stated,random,descriptor_rf,CHEMBL4440104,7.013228265733755,6.585687420611903
full_length_stated,random,descriptor_rf,CHEMBL4442092,6.455931955649724,5.601280876747646
full_length_stated,random,descriptor_rf,CHEMBL4445590,6.716698771296451,6.913330476874561
full_length_stated,random,descriptor_rf,CHEMBL4449818,7.267606240177032,6.930244768366376
full_length_stated,random,descriptor_rf,CHEMBL4458935,4.301029995663981,5.409849361892676
full_length_stated,random,descriptor_rf,CHEMBL4553437,7.886056647693163,7.630748581579761
full_length_stated,random,descriptor_rf,CHEMBL4565279,6.671620396561262,6.913330476874561
full_length_stated,random,descriptor_rf,CHEMBL4575998,7.161150909262744,6.585687420611903
full_length_stated,random,descriptor_rf,CHEMBL5758153,5.700057099977233,6.367198247305407
full_length_stated,random,descriptor_rf,CHEMBL5766844,5.756961951313706,5.421599282744577
full_length_stated,random,descriptor_rf,CHEMBL5769493,6.149966742310231,6.76376607764286
full_length_stated,random,descriptor_rf,CHEMBL5779572,6.100179497572904,6.134637782199061
full_length_stated,random,descriptor_rf,CHEMBL5803121,6.259637310505756,6.5787785391149916
full_length_stated,random,descriptor_rf,CHEMBL5816706,4.576754126063192,5.388686968025471
full_length_stated,random,descriptor_rf,CHEMBL5845249,6.480172006224281,6.134637782199061
full_length_stated,random,descriptor_rf,CHEMBL5865379,6.939302159646388,6.866312667687468
full_length_stated,random,descriptor_rf,CHEMBL5870379,7.219682687859849,6.7815886735043085
full_length_stated,random,descriptor_rf,CHEMBL5876796,6.199970640755866,6.761519453347607
full_length_stated,random,descriptor_rf,CHEMBL5880138,5.739928612014925,6.429826521771177
full_length_stated,random,descriptor_rf,CHEMBL5883848,5.756961951313706,5.681551840281561
full_length_stated,random,descriptor_rf,CHEMBL5918198,6.809668301829708,7.058788466410515
full_length_stated,random,descriptor_rf,CHEMBL5929792,6.619788758288394,6.650869053962028
full_length_stated,random,descriptor_rf,CHEMBL5976399,5.756961951313706,6.098361518288827
full_length_stated,random,descriptor_rf,CHEMBL5985038,7.400116927926312,7.200103522409478
full_length_stated,random,descriptor_rf,CHEMBL6018771,5.756961951313706,5.553517738953512
full_length_stated,random,descriptor_rf,CHEMBL6032013,7.279840696594043,7.198567976565615
full_length_stated,random,descriptor_rf,CHEMBL6049457,7.369572124974976,7.433795588454162
full_length_stated,random,descriptor_rf,CHEMBL6056257,6.480172006224281,6.134637782199061
full_length_stated,random,descriptor_rf,CHEMBL6056422,6.199970640755866,6.018110159468161
full_length_stated,random,descriptor_rf,CHEMBL6060551,4.576754126063192,5.474163110973958
full_length_stated,random,descriptor_rf,CHEMBL6063093,4.576754126063192,5.224909941013042
full_length_stated,random,ecfp_rf,CHEMBL4126662,6.522878745280337,6.500278310477335
full_length_stated,random,ecfp_rf,CHEMBL4126768,7.443697499232712,6.950581215805336
full_length_stated,random,ecfp_rf,CHEMBL4128043,6.886056647693163,6.5284234077621335
full_length_stated,random,ecfp_rf,CHEMBL4128261,7.522878745280337,6.4534793700636355
full_length_stated,random,ecfp_rf,CHEMBL4129012,7.657577319177793,6.609329788968524
full_length_stated,random,ecfp_rf,CHEMBL4129046,7.301029995663981,6.969360706740142
full_length_stated,random,ecfp_rf,CHEMBL4129083,5.860120913598763,6.4646823024627595
full_length_stated,random,ecfp_rf,CHEMBL4129199,6.795880017344075,6.7548693653976395
full_length_stated,random,ecfp_rf,CHEMBL4129242,7.102372908709558,6.818709017814242
full_length_stated,random,ecfp_rf,CHEMBL4130174,6.229147988357855,6.93762878311097
full_length_stated,random,ecfp_rf,CHEMBL4439986,5.958607314841775,5.9709015034532085
full_length_stated,random,ecfp_rf,CHEMBL4440104,7.013228265733755,6.597380392530557
full_length_stated,random,ecfp_rf,CHEMBL4442092,6.455931955649724,6.403837345399788
full_length_stated,random,ecfp_rf,CHEMBL4445590,6.716698771296451,6.661729605329415
full_length_stated,random,ecfp_rf,CHEMBL4449818,7.267606240177032,6.475536230417157
full_length_stated,random,ecfp_rf,CHEMBL4458935,4.301029995663981,5.999491294931501
full_length_stated,random,ecfp_rf,CHEMBL4553437,7.886056647693163,7.047703003375264
full_length_stated,random,ecfp_rf,CHEMBL4565279,6.671620396561262,6.633110949321171
full_length_stated,random,ecfp_rf,CHEMBL4575998,7.161150909262744,6.638624475902375
full_length_stated,random,ecfp_rf,CHEMBL5758153,5.700057099977233,6.392093876290419
full_length_stated,random,ecfp_rf,CHEMBL5766844,5.756961951313706,5.49397603509542
full_length_stated,random,ecfp_rf,CHEMBL5769493,6.149966742310231,6.494882827301491
full_length_stated,random,ecfp_rf,CHEMBL5779572,6.100179497572904,6.2784119317671285
full_length_stated,random,ecfp_rf,CHEMBL5803121,6.259637310505756,6.529598706142311
full_length_stated,random,ecfp_rf,CHEMBL5816706,4.576754126063192,5.39007407798241
full_length_stated,random,ecfp_rf,CHEMBL5845249,6.480172006224281,6.424429522464699
full_length_stated,random,ecfp_rf,CHEMBL5865379,6.939302159646388,6.664845203749281
full_length_stated,random,ecfp_rf,CHEMBL5870379,7.219682687859849,6.940143776900282
full_length_stated,random,ecfp_rf,CHEMBL5876796,6.199970640755866,6.50006338165322
full_length_stated,random,ecfp_rf,CHEMBL5880138,5.739928612014925,6.1655741129346735
full_length_stated,random,ecfp_rf,CHEMBL5883848,5.756961951313706,5.6325273225729555
full_length_stated,random,ecfp_rf,CHEMBL5918198,6.809668301829708,6.711550282832641
full_length_stated,random,ecfp_rf,CHEMBL5929792,6.619788758288394,6.802298901651545
full_length_stated,random,ecfp_rf,CHEMBL5976399,5.756961951313706,5.382196795444312
full_length_stated,random,ecfp_rf,CHEMBL5985038,7.400116927926312,6.7512874669842535
full_length_stated,random,ecfp_rf,CHEMBL6018771,5.756961951313706,5.226456106754134
full_length_stated,random,ecfp_rf,CHEMBL6032013,7.279840696594043,6.925250983958104
full_length_stated,random,ecfp_rf,CHEMBL6049457,7.369572124974976,7.041653425065719
full_length_stated,random,ecfp_rf,CHEMBL6056257,6.480172006224281,6.424429522464699
full_length_stated,random,ecfp_rf,CHEMBL6056422,6.199970640755866,6.286751802985444
full_length_stated,random,ecfp_rf,CHEMBL6060551,4.576754126063192,5.207726136807399
full_length_stated,random,ecfp_rf,CHEMBL6063093,4.576754126063192,5.399916804112728
full_length_stated,random,ecfp_ridge,CHEMBL4126662,6.522878745280337,7.439307689666748
full_length_stated,random,ecfp_ridge,CHEMBL4126768,7.443697499232712,7.442995548248291
full_length_stated,random,ecfp_ridge,CHEMBL4128043,6.886056647693163,7.355659484863281
full_length_stated,random,ecfp_ridge,CHEMBL4128261,7.522878745280337,7.168785572052002
full_length_stated,random,ecfp_ridge,CHEMBL4129012,7.657577319177793,7.447231292724609
full_length_stated,random,ecfp_ridge,CHEMBL4129046,7.301029995663981,6.892989158630371
full_length_stated,random,ecfp_ridge,CHEMBL4129083,5.860120913598763,7.436203479766846
full_length_stated,random,ecfp_ridge,CHEMBL4129199,6.795880017344075,6.177799701690674
full_length_stated,random,ecfp_ridge,CHEMBL4129242,7.102372908709558,6.574523448944092
full_length_stated,random,ecfp_ridge,CHEMBL4130174,6.229147988357855,7.33199405670166
full_length_stated,random,ecfp_ridge,CHEMBL4439986,5.958607314841775,5.922944068908691
full_length_stated,random,ecfp_ridge,CHEMBL4440104,7.013228265733755,6.716525554656982
full_length_stated,random,ecfp_ridge,CHEMBL4442092,6.455931955649724,6.797511100769043
full_length_stated,random,ecfp_ridge,CHEMBL4445590,6.716698771296451,7.371013641357422
full_length_stated,random,ecfp_ridge,CHEMBL4449818,7.267606240177032,6.880444049835205
full_length_stated,random,ecfp_ridge,CHEMBL4458935,4.301029995663981,6.673966884613037
full_length_stated,random,ecfp_ridge,CHEMBL4553437,7.886056647693163,8.271928787231445
full_length_stated,random,ecfp_ridge,CHEMBL4565279,6.671620396561262,7.042636871337891
full_length_stated,random,ecfp_ridge,CHEMBL4575998,7.161150909262744,7.080839157104492
full_length_stated,random,ecfp_ridge,CHEMBL5758153,5.700057099977233,6.130932807922363
full_length_stated,random,ecfp_ridge,CHEMBL5766844,5.756961951313706,6.045382499694824
full_length_stated,random,ecfp_ridge,CHEMBL5769493,6.149966742310231,6.333261966705322
full_length_stated,random,ecfp_ridge,CHEMBL5779572,6.100179497572904,5.951738357543945
full_length_stated,random,ecfp_ridge,CHEMBL5803121,6.259637310505756,6.390806198120117
full_length_stated,random,ecfp_ridge,CHEMBL5816706,4.576754126063192,4.86298942565918
full_length_stated,random,ecfp_ridge,CHEMBL5845249,6.480172006224281,6.45299768447876
full_length_stated,random,ecfp_ridge,CHEMBL5865379,6.939302159646388,6.8451690673828125
full_length_stated,random,ecfp_ridge,CHEMBL5870379,7.219682687859849,6.94029426574707
full_length_stated,random,ecfp_ridge,CHEMBL5876796,6.199970640755866,6.254270553588867
full_length_stated,random,ecfp_ridge,CHEMBL5880138,5.739928612014925,5.771013259887695
full_length_stated,random,ecfp_ridge,CHEMBL5883848,5.756961951313706,5.640269756317139
full_length_stated,random,ecfp_ridge,CHEMBL5918198,6.809668301829708,6.926799774169922
full_length_stated,random,ecfp_ridge,CHEMBL5929792,6.619788758288394,6.509592533111572
full_length_stated,random,ecfp_ridge,CHEMBL5976399,5.756961951313706,6.229649543762207
full_length_stated,random,ecfp_ridge,CHEMBL5985038,7.400116927926312,6.884553909301758
full_length_stated,random,ecfp_ridge,CHEMBL6018771,5.756961951313706,5.093654155731201
full_length_stated,random,ecfp_ridge,CHEMBL6032013,7.279840696594043,7.206272125244141
full_length_stated,random,ecfp_ridge,CHEMBL6049457,7.369572124974976,7.615629196166992
full_length_stated,random,ecfp_ridge,CHEMBL6056257,6.480172006224281,6.45299768447876
full_length_stated,random,ecfp_ridge,CHEMBL6056422,6.199970640755866,5.876206874847412
full_length_stated,random,ecfp_ridge,CHEMBL6060551,4.576754126063192,5.155941009521484
full_length_stated,random,ecfp_ridge,CHEMBL6063093,4.576754126063192,4.64609956741333
full_length_stated,random,ecfp_xgb,CHEMBL4126662,6.522878745280337,6.62542200088501
full_length_stated,random,ecfp_xgb,CHEMBL4126768,7.443697499232712,7.33886194229126
full_length_stated,random,ecfp_xgb,CHEMBL4128043,6.886056647693163,6.630743503570557
full_length_stated,random,ecfp_xgb,CHEMBL4128261,7.522878745280337,6.654834270477295
full_length_stated,random,ecfp_xgb,CHEMBL4129012,7.657577319177793,7.000792026519775
full_length_stated,random,ecfp_xgb,CHEMBL4129046,7.301029995663981,7.460291862487793
full_length_stated,random,ecfp_xgb,CHEMBL4129083,5.860120913598763,6.733958721160889
full_length_stated,random,ecfp_xgb,CHEMBL4129199,6.795880017344075,6.301242828369141
full_length_stated,random,ecfp_xgb,CHEMBL4129242,7.102372908709558,6.595419883728027
full_length_stated,random,ecfp_xgb,CHEMBL4130174,6.229147988357855,7.26317834854126
full_length_stated,random,ecfp_xgb,CHEMBL4439986,5.958607314841775,5.91825532913208
full_length_stated,random,ecfp_xgb,CHEMBL4440104,7.013228265733755,7.039416790008545
full_length_stated,random,ecfp_xgb,CHEMBL4442092,6.455931955649724,6.245107173919678
full_length_stated,random,ecfp_xgb,CHEMBL4445590,6.716698771296451,7.230933666229248
full_length_stated,random,ecfp_xgb,CHEMBL4449818,7.267606240177032,7.156398296356201
full_length_stated,random,ecfp_xgb,CHEMBL4458935,4.301029995663981,5.5739874839782715
full_length_stated,random,ecfp_xgb,CHEMBL4553437,7.886056647693163,7.841430187225342
full_length_stated,random,ecfp_xgb,CHEMBL4565279,6.671620396561262,7.063956260681152
full_length_stated,random,ecfp_xgb,CHEMBL4575998,7.161150909262744,7.197249889373779
full_length_stated,random,ecfp_xgb,CHEMBL5758153,5.700057099977233,6.059990882873535
full_length_stated,random,ecfp_xgb,CHEMBL5766844,5.756961951313706,5.313446998596191
full_length_stated,random,ecfp_xgb,CHEMBL5769493,6.149966742310231,6.174732685089111
full_length_stated,random,ecfp_xgb,CHEMBL5779572,6.100179497572904,5.949364185333252
full_length_stated,random,ecfp_xgb,CHEMBL5803121,6.259637310505756,6.316014289855957
full_length_stated,random,ecfp_xgb,CHEMBL5816706,4.576754126063192,5.0084075927734375
full_length_stated,random,ecfp_xgb,CHEMBL5845249,6.480172006224281,6.206319332122803
full_length_stated,random,ecfp_xgb,CHEMBL5865379,6.939302159646388,6.814512729644775
full_length_stated,random,ecfp_xgb,CHEMBL5870379,7.219682687859849,7.07858419418335
full_length_stated,random,ecfp_xgb,CHEMBL5876796,6.199970640755866,6.192626476287842
full_length_stated,random,ecfp_xgb,CHEMBL5880138,5.739928612014925,5.657256603240967
full_length_stated,random,ecfp_xgb,CHEMBL5883848,5.756961951313706,5.8825788497924805
full_length_stated,random,ecfp_xgb,CHEMBL5918198,6.809668301829708,6.827226161956787
full_length_stated,random,ecfp_xgb,CHEMBL5929792,6.619788758288394,6.774694442749023
full_length_stated,random,ecfp_xgb,CHEMBL5976399,5.756961951313706,5.313016414642334
full_length_stated,random,ecfp_xgb,CHEMBL5985038,7.400116927926312,6.679120063781738
full_length_stated,random,ecfp_xgb,CHEMBL6018771,5.756961951313706,4.838581085205078
full_length_stated,random,ecfp_xgb,CHEMBL6032013,7.279840696594043,7.168123722076416
full_length_stated,random,ecfp_xgb,CHEMBL6049457,7.369572124974976,7.483590126037598
full_length_stated,random,ecfp_xgb,CHEMBL6056257,6.480172006224281,6.206319332122803
full_length_stated,random,ecfp_xgb,CHEMBL6056422,6.199970640755866,6.060625076293945
full_length_stated,random,ecfp_xgb,CHEMBL6060551,4.576754126063192,4.792715072631836
full_length_stated,random,ecfp_xgb,CHEMBL6063093,4.576754126063192,5.164827346801758
full_length_stated,random,mean,CHEMBL4126662,6.522878745280337,6.4671410169488235
full_length_stated,random,mean,CHEMBL4126768,7.443697499232712,6.4671410169488235
full_length_stated,random,mean,CHEMBL4128043,6.886056647693163,6.4671410169488235
full_length_stated,random,mean,CHEMBL4128261,7.522878745280337,6.4671410169488235
full_length_stated,random,mean,CHEMBL4129012,7.657577319177793,6.4671410169488235
full_length_stated,random,mean,CHEMBL4129046,7.301029995663981,6.4671410169488235
full_length_stated,random,mean,CHEMBL4129083,5.860120913598763,6.4671410169488235
full_length_stated,random,mean,CHEMBL4129199,6.795880017344075,6.4671410169488235
full_length_stated,random,mean,CHEMBL4129242,7.102372908709558,6.4671410169488235
full_length_stated,random,mean,CHEMBL4130174,6.229147988357855,6.4671410169488235
full_length_stated,random,mean,CHEMBL4439986,5.958607314841775,6.4671410169488235
full_length_stated,random,mean,CHEMBL4440104,7.013228265733755,6.4671410169488235
full_length_stated,random,mean,CHEMBL4442092,6.455931955649724,6.4671410169488235
full_length_stated,random,mean,CHEMBL4445590,6.716698771296451,6.4671410169488235
full_length_stated,random,mean,CHEMBL4449818,7.267606240177032,6.4671410169488235
full_length_stated,random,mean,CHEMBL4458935,4.301029995663981,6.4671410169488235
full_length_stated,random,mean,CHEMBL4553437,7.886056647693163,6.4671410169488235
full_length_stated,random,mean,CHEMBL4565279,6.671620396561262,6.4671410169488235
full_length_stated,random,mean,CHEMBL4575998,7.161150909262744,6.4671410169488235
full_length_stated,random,mean,CHEMBL5758153,5.700057099977233,6.4671410169488235
full_length_stated,random,mean,CHEMBL5766844,5.756961951313706,6.4671410169488235
full_length_stated,random,mean,CHEMBL5769493,6.149966742310231,6.4671410169488235
full_length_stated,random,mean,CHEMBL5779572,6.100179497572904,6.4671410169488235
full_length_stated,random,mean,CHEMBL5803121,6.259637310505756,6.4671410169488235
full_length_stated,random,mean,CHEMBL5816706,4.576754126063192,6.4671410169488235
full_length_stated,random,mean,CHEMBL5845249,6.480172006224281,6.4671410169488235
full_length_stated,random,mean,CHEMBL5865379,6.939302159646388,6.4671410169488235
full_length_stated,random,mean,CHEMBL5870379,7.219682687859849,6.4671410169488235
full_length_stated,random,mean,CHEMBL5876796,6.199970640755866,6.4671410169488235
full_length_stated,random,mean,CHEMBL5880138,5.739928612014925,6.4671410169488235
full_length_stated,random,mean,CHEMBL5883848,5.756961951313706,6.4671410169488235
full_length_stated,random,mean,CHEMBL5918198,6.809668301829708,6.4671410169488235
full_length_stated,random,mean,CHEMBL5929792,6.619788758288394,6.4671410169488235
full_length_stated,random,mean,CHEMBL5976399,5.756961951313706,6.4671410169488235
full_length_stated,random,mean,CHEMBL5985038,7.400116927926312,6.4671410169488235
full_length_stated,random,mean,CHEMBL6018771,5.756961951313706,6.4671410169488235
full_length_stated,random,mean,CHEMBL6032013,7.279840696594043,6.4671410169488235
full_length_stated,random,mean,CHEMBL6049457,7.369572124974976,6.4671410169488235
full_length_stated,random,mean,CHEMBL6056257,6.480172006224281,6.4671410169488235
full_length_stated,random,mean,CHEMBL6056422,6.199970640755866,6.4671410169488235
full_length_stated,random,mean,CHEMBL6060551,4.576754126063192,6.4671410169488235
full_length_stated,random,mean,CHEMBL6063093,4.576754126063192,6.4671410169488235
full_length_stated,random,median,CHEMBL4126662,6.522878745280337,6.694669918455061
full_length_stated,random,median,CHEMBL4126768,7.443697499232712,6.694669918455061
full_length_stated,random,median,CHEMBL4128043,6.886056647693163,6.694669918455061
full_length_stated,random,median,CHEMBL4128261,7.522878745280337,6.694669918455061
full_length_stated,random,median,CHEMBL4129012,7.657577319177793,6.694669918455061
full_length_stated,random,median,CHEMBL4129046,7.301029995663981,6.694669918455061
full_length_stated,random,median,CHEMBL4129083,5.860120913598763,6.694669918455061
full_length_stated,random,median,CHEMBL4129199,6.795880017344075,6.694669918455061
full_length_stated,random,median,CHEMBL4129242,7.102372908709558,6.694669918455061
full_length_stated,random,median,CHEMBL4130174,6.229147988357855,6.694669918455061
full_length_stated,random,median,CHEMBL4439986,5.958607314841775,6.694669918455061
full_length_stated,random,median,CHEMBL4440104,7.013228265733755,6.694669918455061
full_length_stated,random,median,CHEMBL4442092,6.455931955649724,6.694669918455061
full_length_stated,random,median,CHEMBL4445590,6.716698771296451,6.694669918455061
full_length_stated,random,median,CHEMBL4449818,7.267606240177032,6.694669918455061
full_length_stated,random,median,CHEMBL4458935,4.301029995663981,6.694669918455061
full_length_stated,random,median,CHEMBL4553437,7.886056647693163,6.694669918455061
full_length_stated,random,median,CHEMBL4565279,6.671620396561262,6.694669918455061
full_length_stated,random,median,CHEMBL4575998,7.161150909262744,6.694669918455061
full_length_stated,random,median,CHEMBL5758153,5.700057099977233,6.694669918455061
full_length_stated,random,median,CHEMBL5766844,5.756961951313706,6.694669918455061
full_length_stated,random,median,CHEMBL5769493,6.149966742310231,6.694669918455061
full_length_stated,random,median,CHEMBL5779572,6.100179497572904,6.694669918455061
full_length_stated,random,median,CHEMBL5803121,6.259637310505756,6.694669918455061
full_length_stated,random,median,CHEMBL5816706,4.576754126063192,6.694669918455061
full_length_stated,random,median,CHEMBL5845249,6.480172006224281,6.694669918455061
full_length_stated,random,median,CHEMBL5865379,6.939302159646388,6.694669918455061
full_length_stated,random,median,CHEMBL5870379,7.219682687859849,6.694669918455061
full_length_stated,random,median,CHEMBL5876796,6.199970640755866,6.694669918455061
full_length_stated,random,median,CHEMBL5880138,5.739928612014925,6.694669918455061
full_length_stated,random,median,CHEMBL5883848,5.756961951313706,6.694669918455061
full_length_stated,random,median,CHEMBL5918198,6.809668301829708,6.694669918455061
full_length_stated,random,median,CHEMBL5929792,6.619788758288394,6.694669918455061
full_length_stated,random,median,CHEMBL5976399,5.756961951313706,6.694669918455061
full_length_stated,random,median,CHEMBL5985038,7.400116927926312,6.694669918455061
full_length_stated,random,median,CHEMBL6018771,5.756961951313706,6.694669918455061
full_length_stated,random,median,CHEMBL6032013,7.279840696594043,6.694669918455061
full_length_stated,random,median,CHEMBL6049457,7.369572124974976,6.694669918455061
full_length_stated,random,median,CHEMBL6056257,6.480172006224281,6.694669918455061
full_length_stated,random,median,CHEMBL6056422,6.199970640755866,6.694669918455061
full_length_stated,random,median,CHEMBL6060551,4.576754126063192,6.694669918455061
full_length_stated,random,median,CHEMBL6063093,4.576754126063192,6.694669918455061
full_length_stated,scaffold,descriptor_rf,CHEMBL3617743,6.749579997691106,6.8393176279716466
full_length_stated,scaffold,descriptor_rf,CHEMBL3617745,5.230032198670558,6.582447371353586
full_length_stated,scaffold,descriptor_rf,CHEMBL3617746,7.519993057042849,6.735378360504713
full_length_stated,scaffold,descriptor_rf,CHEMBL4126126,7.376750709602099,6.539818919832577
full_length_stated,scaffold,descriptor_rf,CHEMBL4126387,6.522878745280337,5.747484156545846
full_length_stated,scaffold,descriptor_rf,CHEMBL4126535,5.958607314841775,6.697113848889429
full_length_stated,scaffold,descriptor_rf,CHEMBL4126984,7.3872161432802645,6.73978432450354
full_length_stated,scaffold,descriptor_rf,CHEMBL4127623,7.698970004336019,7.089463946133183
full_length_stated,scaffold,descriptor_rf,CHEMBL4127999,6.346787486224656,6.532548083658914
full_length_stated,scaffold,descriptor_rf,CHEMBL4129240,7.080921907623926,7.008017204310899
full_length_stated,scaffold,descriptor_rf,CHEMBL4129812,6.698970004336019,6.48024533485529
full_length_stated,scaffold,descriptor_rf,CHEMBL4466578,7.481486060122112,7.500133872218553
full_length_stated,scaffold,descriptor_rf,CHEMBL4553437,7.886056647693163,7.615818688610752
full_length_stated,scaffold,descriptor_rf,CHEMBL4575847,7.585026652029182,7.0497923886443745
full_length_stated,scaffold,descriptor_rf,CHEMBL5760930,7.369572124974976,7.046874104845893
full_length_stated,scaffold,descriptor_rf,CHEMBL5769493,6.149966742310231,6.748908829978708
full_length_stated,scaffold,descriptor_rf,CHEMBL5779572,6.100179497572904,6.6291475034026215
full_length_stated,scaffold,descriptor_rf,CHEMBL5788711,7.449771646944906,7.046874104845893
full_length_stated,scaffold,descriptor_rf,CHEMBL5802102,7.690369832574102,6.86439403331774
full_length_stated,scaffold,descriptor_rf,CHEMBL5816706,4.576754126063192,5.335843727732798
full_length_stated,scaffold,descriptor_rf,CHEMBL5822742,7.549750891680639,6.999613404822362
full_length_stated,scaffold,descriptor_rf,CHEMBL5824348,7.519993057042849,6.793472663692533
full_length_stated,scaffold,descriptor_rf,CHEMBL5827707,7.39040559077478,6.773295749402155
full_length_stated,scaffold,descriptor_rf,CHEMBL5829181,6.991399828238082,7.071998703701929
full_length_stated,scaffold,descriptor_rf,CHEMBL5839177,7.270025714300444,6.996167521906314
full_length_stated,scaffold,descriptor_rf,CHEMBL5845249,6.480172006224281,6.6291475034026215
full_length_stated,scaffold,descriptor_rf,CHEMBL5853285,5.756961951313706,5.75126983593961
full_length_stated,scaffold,descriptor_rf,CHEMBL5855781,7.259637310505756,6.98441913603823
full_length_stated,scaffold,descriptor_rf,CHEMBL5863699,5.26003230324049,5.866583492420331
full_length_stated,scaffold,descriptor_rf,CHEMBL5867199,7.480172006224281,7.046874104845893
full_length_stated,scaffold,descriptor_rf,CHEMBL5874193,5.789949150124863,6.198679833923055
full_length_stated,scaffold,descriptor_rf,CHEMBL5876718,7.259637310505756,7.047542271810468
full_length_stated,scaffold,descriptor_rf,CHEMBL5887129,5.869988050328096,6.274917272279183
full_length_stated,scaffold,descriptor_rf,CHEMBL5892433,7.019996628416254,6.8393176279716466
full_length_stated,scaffold,descriptor_rf,CHEMBL5896558,6.640164517660112,6.899100982130423
full_length_stated,scaffold,descriptor_rf,CHEMBL5903895,6.0,5.992144059154022
full_length_stated,scaffold,descriptor_rf,CHEMBL5922011,7.4698003017969175,7.037491503892396
full_length_stated,scaffold,descriptor_rf,CHEMBL5922687,6.100179497572904,6.6291475034026215
full_length_stated,scaffold,descriptor_rf,CHEMBL5943600,7.199970640755866,7.0865025138662014
full_length_stated,scaffold,descriptor_rf,CHEMBL5957211,7.480172006224281,7.046874104845893
full_length_stated,scaffold,descriptor_rf,CHEMBL5974575,7.34008379993015,6.98441913603823
full_length_stated,scaffold,descriptor_rf,CHEMBL5985038,7.400116927926312,6.980747753496322
full_length_stated,scaffold,descriptor_rf,CHEMBL5997576,7.259637310505756,7.027318832392085
full_length_stated,scaffold,descriptor_rf,CHEMBL6003285,7.459670525209126,6.999613404822362
full_length_stated,scaffold,descriptor_rf,CHEMBL6006978,6.690369832574102,6.431535236418094
full_length_stated,scaffold,descriptor_rf,CHEMBL6032013,7.279840696594043,6.9375665945438545
full_length_stated,scaffold,descriptor_rf,CHEMBL6034162,7.369572124974976,7.060984857026235
full_length_stated,scaffold,descriptor_rf,CHEMBL6049457,7.369572124974976,7.046874104845893
full_length_stated,scaffold,descriptor_rf,CHEMBL6052926,5.189969213594161,6.582447371353586
full_length_stated,scaffold,descriptor_rf,CHEMBL6056257,6.480172006224281,6.6291475034026215
full_length_stated,scaffold,ecfp_rf,CHEMBL3617743,6.749579997691106,6.416798550594679
full_length_stated,scaffold,ecfp_rf,CHEMBL3617745,5.230032198670558,6.476322434624955
full_length_stated,scaffold,ecfp_rf,CHEMBL3617746,7.519993057042849,6.906534457562777
full_length_stated,scaffold,ecfp_rf,CHEMBL4126126,7.376750709602099,6.865681388390654
full_length_stated,scaffold,ecfp_rf,CHEMBL4126387,6.522878745280337,6.496581939467225
full_length_stated,scaffold,ecfp_rf,CHEMBL4126535,5.958607314841775,6.488262972082004
full_length_stated,scaffold,ecfp_rf,CHEMBL4126984,7.3872161432802645,6.841966313243018
full_length_stated,scaffold,ecfp_rf,CHEMBL4127623,7.698970004336019,6.882784682877333
full_length_stated,scaffold,ecfp_rf,CHEMBL4127999,6.346787486224656,6.874987042690631
full_length_stated,scaffold,ecfp_rf,CHEMBL4129240,7.080921907623926,6.499163502736716
full_length_stated,scaffold,ecfp_rf,CHEMBL4129812,6.698970004336019,6.5227156788414895
full_length_stated,scaffold,ecfp_rf,CHEMBL4466578,7.481486060122112,6.681684264827802
full_length_stated,scaffold,ecfp_rf,CHEMBL4553437,7.886056647693163,6.93497987206026
full_length_stated,scaffold,ecfp_rf,CHEMBL4575847,7.585026652029182,6.7681872258834925
full_length_stated,scaffold,ecfp_rf,CHEMBL5760930,7.369572124974976,6.845958587774917
full_length_stated,scaffold,ecfp_rf,CHEMBL5769493,6.149966742310231,6.411003549915306
full_length_stated,scaffold,ecfp_rf,CHEMBL5779572,6.100179497572904,6.619297277476619
full_length_stated,scaffold,ecfp_rf,CHEMBL5788711,7.449771646944906,6.776133694175834
full_length_stated,scaffold,ecfp_rf,CHEMBL5802102,7.690369832574102,6.8870223418179055
full_length_stated,scaffold,ecfp_rf,CHEMBL5816706,4.576754126063192,5.3885362932715255
full_length_stated,scaffold,ecfp_rf,CHEMBL5822742,7.549750891680639,6.504155999204346
full_length_stated,scaffold,ecfp_rf,CHEMBL5824348,7.519993057042849,6.6775255416750285
full_length_stated,scaffold,ecfp_rf,CHEMBL5827707,7.39040559077478,6.562398074124319
full_length_stated,scaffold,ecfp_rf,CHEMBL5829181,6.991399828238082,6.714359153980435
full_length_stated,scaffold,ecfp_rf,CHEMBL5839177,7.270025714300444,6.994999566187306
full_length_stated,scaffold,ecfp_rf,CHEMBL5845249,6.480172006224281,6.778818542318798
full_length_stated,scaffold,ecfp_rf,CHEMBL5853285,5.756961951313706,5.2853565088268
full_length_stated,scaffold,ecfp_rf,CHEMBL5855781,7.259637310505756,6.811007822886416
full_length_stated,scaffold,ecfp_rf,CHEMBL5863699,5.26003230324049,6.233873477679574
full_length_stated,scaffold,ecfp_rf,CHEMBL5867199,7.480172006224281,6.837481752639426
full_length_stated,scaffold,ecfp_rf,CHEMBL5874193,5.789949150124863,6.309271757334005
full_length_stated,scaffold,ecfp_rf,CHEMBL5876718,7.259637310505756,6.993828185952282
full_length_stated,scaffold,ecfp_rf,CHEMBL5887129,5.869988050328096,6.51813507329136
full_length_stated,scaffold,ecfp_rf,CHEMBL5892433,7.019996628416254,6.466140532708811
full_length_stated,scaffold,ecfp_rf,CHEMBL5896558,6.640164517660112,6.462246693770684
full_length_stated,scaffold,ecfp_rf,CHEMBL5903895,6.0,6.398389392933605
full_length_stated,scaffold,ecfp_rf,CHEMBL5922011,7.4698003017969175,6.802231832141328
full_length_stated,scaffold,ecfp_rf,CHEMBL5922687,6.100179497572904,6.619297277476619
full_length_stated,scaffold,ecfp_rf,CHEMBL5943600,7.199970640755866,6.873363647227642
full_length_stated,scaffold,ecfp_rf,CHEMBL5957211,7.480172006224281,6.837481752639426
full_length_stated,scaffold,ecfp_rf,CHEMBL5974575,7.34008379993015,6.797142946754544
full_length_stated,scaffold,ecfp_rf,CHEMBL5985038,7.400116927926312,6.751462737965613
full_length_stated,scaffold,ecfp_rf,CHEMBL5997576,7.259637310505756,6.94480208501286
full_length_stated,scaffold,ecfp_rf,CHEMBL6003285,7.459670525209126,6.47654095019342
full_length_stated,scaffold,ecfp_rf,CHEMBL6006978,6.690369832574102,6.479060657136802
full_length_stated,scaffold,ecfp_rf,CHEMBL6032013,7.279840696594043,6.918527214486126
full_length_stated,scaffold,ecfp_rf,CHEMBL6034162,7.369572124974976,6.944647024090573
full_length_stated,scaffold,ecfp_rf,CHEMBL6049457,7.369572124974976,6.845958587774917
full_length_stated,scaffold,ecfp_rf,CHEMBL6052926,5.189969213594161,6.611276598565486
full_length_stated,scaffold,ecfp_rf,CHEMBL6056257,6.480172006224281,6.778818542318798
full_length_stated,scaffold,ecfp_ridge,CHEMBL3617743,6.749579997691106,6.273688793182373
full_length_stated,scaffold,ecfp_ridge,CHEMBL3617745,5.230032198670558,5.591597557067871
full_length_stated,scaffold,ecfp_ridge,CHEMBL3617746,7.519993057042849,7.169990539550781
full_length_stated,scaffold,ecfp_ridge,CHEMBL4126126,7.376750709602099,7.080476760864258
full_length_stated,scaffold,ecfp_ridge,CHEMBL4126387,6.522878745280337,6.9735822677612305
full_length_stated,scaffold,ecfp_ridge,CHEMBL4126535,5.958607314841775,6.874022006988525
full_length_stated,scaffold,ecfp_ridge,CHEMBL4126984,7.3872161432802645,7.302822113037109
full_length_stated,scaffold,ecfp_ridge,CHEMBL4127623,7.698970004336019,7.8867316246032715
full_length_stated,scaffold,ecfp_ridge,CHEMBL4127999,6.346787486224656,7.086917400360107
full_length_stated,scaffold,ecfp_ridge,CHEMBL4129240,7.080921907623926,5.636772632598877
full_length_stated,scaffold,ecfp_ridge,CHEMBL4129812,6.698970004336019,7.1512250900268555
full_length_stated,scaffold,ecfp_ridge,CHEMBL4466578,7.481486060122112,6.976963520050049
full_length_stated,scaffold,ecfp_ridge,CHEMBL4553437,7.886056647693163,8.411409378051758
full_length_stated,scaffold,ecfp_ridge,CHEMBL4575847,7.585026652029182,7.893881797790527
full_length_stated,scaffold,ecfp_ridge,CHEMBL5760930,7.369572124974976,6.991919040679932
full_length_stated,scaffold,ecfp_ridge,CHEMBL5769493,6.149966742310231,6.270979404449463
full_length_stated,scaffold,ecfp_ridge,CHEMBL5779572,6.100179497572904,5.919258117675781
full_length_stated,scaffold,ecfp_ridge,CHEMBL5788711,7.449771646944906,6.8075785636901855
full_length_stated,scaffold,ecfp_ridge,CHEMBL5802102,7.690369832574102,6.881590843200684
full_length_stated,scaffold,ecfp_ridge,CHEMBL5816706,4.576754126063192,4.738629341125488
full_length_stated,scaffold,ecfp_ridge,CHEMBL5822742,7.549750891680639,6.5057692527771
full_length_stated,scaffold,ecfp_ridge,CHEMBL5824348,7.519993057042849,6.431816577911377
full_length_stated,scaffold,ecfp_ridge,CHEMBL5827707,7.39040559077478,5.8860321044921875
full_length_stated,scaffold,ecfp_ridge,CHEMBL5829181,6.991399828238082,6.8690924644470215
full_length_stated,scaffold,ecfp_ridge,CHEMBL5839177,7.270025714300444,7.465303897857666
full_length_stated,scaffold,ecfp_ridge,CHEMBL5845249,6.480172006224281,6.288585662841797
full_length_stated,scaffold,ecfp_ridge,CHEMBL5853285,5.756961951313706,6.2273101806640625
full_length_stated,scaffold,ecfp_ridge,CHEMBL5855781,7.259637310505756,6.942111015319824
full_length_stated,scaffold,ecfp_ridge,CHEMBL5863699,5.26003230324049,5.21329402923584
full_length_stated,scaffold,ecfp_ridge,CHEMBL5867199,7.480172006224281,7.098382949829102
full_length_stated,scaffold,ecfp_ridge,CHEMBL5874193,5.789949150124863,6.0685200691223145
full_length_stated,scaffold,ecfp_ridge,CHEMBL5876718,7.259637310505756,7.54575252532959
full_length_stated,scaffold,ecfp_ridge,CHEMBL5887129,5.869988050328096,6.591806888580322
full_length_stated,scaffold,ecfp_ridge,CHEMBL5892433,7.019996628416254,6.3494977951049805
full_length_stated,scaffold,ecfp_ridge,CHEMBL5896558,6.640164517660112,6.478906631469727
full_length_stated,scaffold,ecfp_ridge,CHEMBL5903895,6.0,5.695971965789795
full_length_stated,scaffold,ecfp_ridge,CHEMBL5922011,7.4698003017969175,6.776775360107422
full_length_stated,scaffold,ecfp_ridge,CHEMBL5922687,6.100179497572904,5.919258117675781
full_length_stated,scaffold,ecfp_ridge,CHEMBL5943600,7.199970640755866,7.238165855407715
full_length_stated,scaffold,ecfp_ridge,CHEMBL5957211,7.480172006224281,7.098382949829102
full_length_stated,scaffold,ecfp_ridge,CHEMBL5974575,7.34008379993015,6.866302490234375
full_length_stated,scaffold,ecfp_ridge,CHEMBL5985038,7.400116927926312,6.934762477874756
full_length_stated,scaffold,ecfp_ridge,CHEMBL5997576,7.259637310505756,7.257352828979492
full_length_stated,scaffold,ecfp_ridge,CHEMBL6003285,7.459670525209126,6.399305820465088
full_length_stated,scaffold,ecfp_ridge,CHEMBL6006978,6.690369832574102,6.550678730010986
full_length_stated,scaffold,ecfp_ridge,CHEMBL6032013,7.279840696594043,7.303835868835449
full_length_stated,scaffold,ecfp_ridge,CHEMBL6034162,7.369572124974976,7.2265496253967285
full_length_stated,scaffold,ecfp_ridge,CHEMBL6049457,7.369572124974976,6.991919040679932
full_length_stated,scaffold,ecfp_ridge,CHEMBL6052926,5.189969213594161,5.805907249450684
full_length_stated,scaffold,ecfp_ridge,CHEMBL6056257,6.480172006224281,6.288585662841797
full_length_stated,scaffold,ecfp_xgb,CHEMBL3617743,6.749579997691106,6.727973461151123
full_length_stated,scaffold,ecfp_xgb,CHEMBL3617745,5.230032198670558,5.831790924072266
full_length_stated,scaffold,ecfp_xgb,CHEMBL3617746,7.519993057042849,7.138158321380615
full_length_stated,scaffold,ecfp_xgb,CHEMBL4126126,7.376750709602099,7.361775875091553
full_length_stated,scaffold,ecfp_xgb,CHEMBL4126387,6.522878745280337,6.454007148742676
full_length_stated,scaffold,ecfp_xgb,CHEMBL4126535,5.958607314841775,6.671441078186035
full_length_stated,scaffold,ecfp_xgb,CHEMBL4126984,7.3872161432802645,7.160365104675293
full_length_stated,scaffold,ecfp_xgb,CHEMBL4127623,7.698970004336019,7.531466007232666
full_length_stated,scaffold,ecfp_xgb,CHEMBL4127999,6.346787486224656,7.283998012542725
full_length_stated,scaffold,ecfp_xgb,CHEMBL4129240,7.080921907623926,5.224757194519043
full_length_stated,scaffold,ecfp_xgb,CHEMBL4129812,6.698970004336019,6.64152717590332
full_length_stated,scaffold,ecfp_xgb,CHEMBL4466578,7.481486060122112,6.887451648712158
full_length_stated,scaffold,ecfp_xgb,CHEMBL4553437,7.886056647693163,7.847935199737549
full_length_stated,scaffold,ecfp_xgb,CHEMBL4575847,7.585026652029182,6.8141984939575195
full_length_stated,scaffold,ecfp_xgb,CHEMBL5760930,7.369572124974976,7.315779209136963
full_length_stated,scaffold,ecfp_xgb,CHEMBL5769493,6.149966742310231,6.168886184692383
full_length_stated,scaffold,ecfp_xgb,CHEMBL5779572,6.100179497572904,6.1444411277771
full_length_stated,scaffold,ecfp_xgb,CHEMBL5788711,7.449771646944906,7.011898517608643
full_length_stated,scaffold,ecfp_xgb,CHEMBL5802102,7.690369832574102,7.104806900024414
full_length_stated,scaffold,ecfp_xgb,CHEMBL5816706,4.576754126063192,5.038074016571045
full_length_stated,scaffold,ecfp_xgb,CHEMBL5822742,7.549750891680639,6.843015193939209
full_length_stated,scaffold,ecfp_xgb,CHEMBL5824348,7.519993057042849,6.6916422843933105
full_length_stated,scaffold,ecfp_xgb,CHEMBL5827707,7.39040559077478,6.386912822723389
full_length_stated,scaffold,ecfp_xgb,CHEMBL5829181,6.991399828238082,6.948449611663818
full_length_stated,scaffold,ecfp_xgb,CHEMBL5839177,7.270025714300444,7.350561618804932
full_length_stated,scaffold,ecfp_xgb,CHEMBL5845249,6.480172006224281,6.691589832305908
full_length_stated,scaffold,ecfp_xgb,CHEMBL5853285,5.756961951313706,5.8604302406311035
full_length_stated,scaffold,ecfp_xgb,CHEMBL5855781,7.259637310505756,7.022858142852783
full_length_stated,scaffold,ecfp_xgb,CHEMBL5863699,5.26003230324049,5.600986957550049
full_length_stated,scaffold,ecfp_xgb,CHEMBL5867199,7.480172006224281,7.081830978393555
full_length_stated,scaffold,ecfp_xgb,CHEMBL5874193,5.789949150124863,5.855452537536621
full_length_stated,scaffold,ecfp_xgb,CHEMBL5876718,7.259637310505756,7.3779449462890625
full_length_stated,scaffold,ecfp_xgb,CHEMBL5887129,5.869988050328096,6.520949363708496
full_length_stated,scaffold,ecfp_xgb,CHEMBL5892433,7.019996628416254,6.6717705726623535
full_length_stated,scaffold,ecfp_xgb,CHEMBL5896558,6.640164517660112,6.303274631500244
full_length_stated,scaffold,ecfp_xgb,CHEMBL5903895,6.0,6.182713031768799
full_length_stated,scaffold,ecfp_xgb,CHEMBL5922011,7.4698003017969175,6.975816249847412
full_length_stated,scaffold,ecfp_xgb,CHEMBL5922687,6.100179497572904,6.1444411277771
full_length_stated,scaffold,ecfp_xgb,CHEMBL5943600,7.199970640755866,7.169378280639648
full_length_stated,scaffold,ecfp_xgb,CHEMBL5957211,7.480172006224281,7.081830978393555
full_length_stated,scaffold,ecfp_xgb,CHEMBL5974575,7.34008379993015,7.209643363952637
full_length_stated,scaffold,ecfp_xgb,CHEMBL5985038,7.400116927926312,6.901697158813477
full_length_stated,scaffold,ecfp_xgb,CHEMBL5997576,7.259637310505756,7.200354099273682
full_length_stated,scaffold,ecfp_xgb,CHEMBL6003285,7.459670525209126,6.939028739929199
full_length_stated,scaffold,ecfp_xgb,CHEMBL6006978,6.690369832574102,6.437676429748535
full_length_stated,scaffold,ecfp_xgb,CHEMBL6032013,7.279840696594043,7.2117204666137695
full_length_stated,scaffold,ecfp_xgb,CHEMBL6034162,7.369572124974976,7.1606550216674805
full_length_stated,scaffold,ecfp_xgb,CHEMBL6049457,7.369572124974976,7.315779209136963
full_length_stated,scaffold,ecfp_xgb,CHEMBL6052926,5.189969213594161,6.237464904785156
full_length_stated,scaffold,ecfp_xgb,CHEMBL6056257,6.480172006224281,6.691589832305908
full_length_stated,scaffold,mean,CHEMBL3617743,6.749579997691106,6.338720330778329
full_length_stated,scaffold,mean,CHEMBL3617745,5.230032198670558,6.338720330778329
full_length_stated,scaffold,mean,CHEMBL3617746,7.519993057042849,6.338720330778329
full_length_stated,scaffold,mean,CHEMBL4126126,7.376750709602099,6.338720330778329
full_length_stated,scaffold,mean,CHEMBL4126387,6.522878745280337,6.338720330778329
full_length_stated,scaffold,mean,CHEMBL4126535,5.958607314841775,6.338720330778329
full_length_stated,scaffold,mean,CHEMBL4126984,7.3872161432802645,6.338720330778329
full_length_stated,scaffold,mean,CHEMBL4127623,7.698970004336019,6.338720330778329
full_length_stated,scaffold,mean,CHEMBL4127999,6.346787486224656,6.338720330778329
full_length_stated,scaffold,mean,CHEMBL4129240,7.080921907623926,6.338720330778329
full_length_stated,scaffold,mean,CHEMBL4129812,6.698970004336019,6.338720330778329
full_length_stated,scaffold,mean,CHEMBL4466578,7.481486060122112,6.338720330778329
full_length_stated,scaffold,mean,CHEMBL4553437,7.886056647693163,6.338720330778329
full_length_stated,scaffold,mean,CHEMBL4575847,7.585026652029182,6.338720330778329
full_length_stated,scaffold,mean,CHEMBL5760930,7.369572124974976,6.338720330778329
full_length_stated,scaffold,mean,CHEMBL5769493,6.149966742310231,6.338720330778329
full_length_stated,scaffold,mean,CHEMBL5779572,6.100179497572904,6.338720330778329
full_length_stated,scaffold,mean,CHEMBL5788711,7.449771646944906,6.338720330778329
full_length_stated,scaffold,mean,CHEMBL5802102,7.690369832574102,6.338720330778329
full_length_stated,scaffold,mean,CHEMBL5816706,4.576754126063192,6.338720330778329
full_length_stated,scaffold,mean,CHEMBL5822742,7.549750891680639,6.338720330778329
full_length_stated,scaffold,mean,CHEMBL5824348,7.519993057042849,6.338720330778329
full_length_stated,scaffold,mean,CHEMBL5827707,7.39040559077478,6.338720330778329
full_length_stated,scaffold,mean,CHEMBL5829181,6.991399828238082,6.338720330778329
full_length_stated,scaffold,mean,CHEMBL5839177,7.270025714300444,6.338720330778329
full_length_stated,scaffold,mean,CHEMBL5845249,6.480172006224281,6.338720330778329
full_length_stated,scaffold,mean,CHEMBL5853285,5.756961951313706,6.338720330778329
full_length_stated,scaffold,mean,CHEMBL5855781,7.259637310505756,6.338720330778329
full_length_stated,scaffold,mean,CHEMBL5863699,5.26003230324049,6.338720330778329
full_length_stated,scaffold,mean,CHEMBL5867199,7.480172006224281,6.338720330778329
full_length_stated,scaffold,mean,CHEMBL5874193,5.789949150124863,6.338720330778329
full_length_stated,scaffold,mean,CHEMBL5876718,7.259637310505756,6.338720330778329
full_length_stated,scaffold,mean,CHEMBL5887129,5.869988050328096,6.338720330778329
full_length_stated,scaffold,mean,CHEMBL5892433,7.019996628416254,6.338720330778329
full_length_stated,scaffold,mean,CHEMBL5896558,6.640164517660112,6.338720330778329
full_length_stated,scaffold,mean,CHEMBL5903895,6.0,6.338720330778329
full_length_stated,scaffold,mean,CHEMBL5922011,7.4698003017969175,6.338720330778329
full_length_stated,scaffold,mean,CHEMBL5922687,6.100179497572904,6.338720330778329
full_length_stated,scaffold,mean,CHEMBL5943600,7.199970640755866,6.338720330778329
full_length_stated,scaffold,mean,CHEMBL5957211,7.480172006224281,6.338720330778329
full_length_stated,scaffold,mean,CHEMBL5974575,7.34008379993015,6.338720330778329
full_length_stated,scaffold,mean,CHEMBL5985038,7.400116927926312,6.338720330778329
full_length_stated,scaffold,mean,CHEMBL5997576,7.259637310505756,6.338720330778329
full_length_stated,scaffold,mean,CHEMBL6003285,7.459670525209126,6.338720330778329
full_length_stated,scaffold,mean,CHEMBL6006978,6.690369832574102,6.338720330778329
full_length_stated,scaffold,mean,CHEMBL6032013,7.279840696594043,6.338720330778329
full_length_stated,scaffold,mean,CHEMBL6034162,7.369572124974976,6.338720330778329
full_length_stated,scaffold,mean,CHEMBL6049457,7.369572124974976,6.338720330778329
full_length_stated,scaffold,mean,CHEMBL6052926,5.189969213594161,6.338720330778329
full_length_stated,scaffold,mean,CHEMBL6056257,6.480172006224281,6.338720330778329
full_length_stated,scaffold,median,CHEMBL3617743,6.749579997691106,6.515758525723032
full_length_stated,scaffold,median,CHEMBL3617745,5.230032198670558,6.515758525723032
full_length_stated,scaffold,median,CHEMBL3617746,7.519993057042849,6.515758525723032
full_length_stated,scaffold,median,CHEMBL4126126,7.376750709602099,6.515758525723032
full_length_stated,scaffold,median,CHEMBL4126387,6.522878745280337,6.515758525723032
full_length_stated,scaffold,median,CHEMBL4126535,5.958607314841775,6.515758525723032
full_length_stated,scaffold,median,CHEMBL4126984,7.3872161432802645,6.515758525723032
full_length_stated,scaffold,median,CHEMBL4127623,7.698970004336019,6.515758525723032
full_length_stated,scaffold,median,CHEMBL4127999,6.346787486224656,6.515758525723032
full_length_stated,scaffold,median,CHEMBL4129240,7.080921907623926,6.515758525723032
full_length_stated,scaffold,median,CHEMBL4129812,6.698970004336019,6.515758525723032
full_length_stated,scaffold,median,CHEMBL4466578,7.481486060122112,6.515758525723032
full_length_stated,scaffold,median,CHEMBL4553437,7.886056647693163,6.515758525723032
full_length_stated,scaffold,median,CHEMBL4575847,7.585026652029182,6.515758525723032
full_length_stated,scaffold,median,CHEMBL5760930,7.369572124974976,6.515758525723032
full_length_stated,scaffold,median,CHEMBL5769493,6.149966742310231,6.515758525723032
full_length_stated,scaffold,median,CHEMBL5779572,6.100179497572904,6.515758525723032
full_length_stated,scaffold,median,CHEMBL5788711,7.449771646944906,6.515758525723032
full_length_stated,scaffold,median,CHEMBL5802102,7.690369832574102,6.515758525723032
full_length_stated,scaffold,median,CHEMBL5816706,4.576754126063192,6.515758525723032
full_length_stated,scaffold,median,CHEMBL5822742,7.549750891680639,6.515758525723032
full_length_stated,scaffold,median,CHEMBL5824348,7.519993057042849,6.515758525723032
full_length_stated,scaffold,median,CHEMBL5827707,7.39040559077478,6.515758525723032
full_length_stated,scaffold,median,CHEMBL5829181,6.991399828238082,6.515758525723032
full_length_stated,scaffold,median,CHEMBL5839177,7.270025714300444,6.515758525723032
full_length_stated,scaffold,median,CHEMBL5845249,6.480172006224281,6.515758525723032
full_length_stated,scaffold,median,CHEMBL5853285,5.756961951313706,6.515758525723032
full_length_stated,scaffold,median,CHEMBL5855781,7.259637310505756,6.515758525723032
full_length_stated,scaffold,median,CHEMBL5863699,5.26003230324049,6.515758525723032
full_length_stated,scaffold,median,CHEMBL5867199,7.480172006224281,6.515758525723032
full_length_stated,scaffold,median,CHEMBL5874193,5.789949150124863,6.515758525723032
full_length_stated,scaffold,median,CHEMBL5876718,7.259637310505756,6.515758525723032
full_length_stated,scaffold,median,CHEMBL5887129,5.869988050328096,6.515758525723032
full_length_stated,scaffold,median,CHEMBL5892433,7.019996628416254,6.515758525723032
full_length_stated,scaffold,median,CHEMBL5896558,6.640164517660112,6.515758525723032
full_length_stated,scaffold,median,CHEMBL5903895,6.0,6.515758525723032
full_length_stated,scaffold,median,CHEMBL5922011,7.4698003017969175,6.515758525723032
full_length_stated,scaffold,median,CHEMBL5922687,6.100179497572904,6.515758525723032
full_length_stated,scaffold,median,CHEMBL5943600,7.199970640755866,6.515758525723032
full_length_stated,scaffold,median,CHEMBL5957211,7.480172006224281,6.515758525723032
full_length_stated,scaffold,median,CHEMBL5974575,7.34008379993015,6.515758525723032
full_length_stated,scaffold,median,CHEMBL5985038,7.400116927926312,6.515758525723032
full_length_stated,scaffold,median,CHEMBL5997576,7.259637310505756,6.515758525723032
full_length_stated,scaffold,median,CHEMBL6003285,7.459670525209126,6.515758525723032
full_length_stated,scaffold,median,CHEMBL6006978,6.690369832574102,6.515758525723032
full_length_stated,scaffold,median,CHEMBL6032013,7.279840696594043,6.515758525723032
full_length_stated,scaffold,median,CHEMBL6034162,7.369572124974976,6.515758525723032
full_length_stated,scaffold,median,CHEMBL6049457,7.369572124974976,6.515758525723032
full_length_stated,scaffold,median,CHEMBL6052926,5.189969213594161,6.515758525723032
full_length_stated,scaffold,median,CHEMBL6056257,6.480172006224281,6.515758525723032
all_ic50_nM,random,descriptor_rf,CHEMBL1256380,5.066006836168758,4.777925873360585
all_ic50_nM,random,descriptor_rf,CHEMBL175247,4.513461485534417,5.213462652294942
all_ic50_nM,random,descriptor_rf,CHEMBL1834179,6.522878745280337,5.647909514412006
all_ic50_nM,random,descriptor_rf,CHEMBL1834187,6.06246936830415,6.137447416925334
all_ic50_nM,random,descriptor_rf,CHEMBL213458,6.866461091629782,6.037837476979295
all_ic50_nM,random,descriptor_rf,CHEMBL213635,6.134303940083929,6.644122065814449
all_ic50_nM,random,descriptor_rf,CHEMBL214037,7.267606240177032,6.93670957546372
all_ic50_nM,random,descriptor_rf,CHEMBL2165409,5.0,4.9315187841180474
all_ic50_nM,random,descriptor_rf,CHEMBL2165410,4.958607314841775,4.930591759115989
all_ic50_nM,random,descriptor_rf,CHEMBL2322357,7.301029995663981,7.032858328813354
all_ic50_nM,random,descriptor_rf,CHEMBL2322363,7.154901959985743,6.8547916011425
all_ic50_nM,random,descriptor_rf,CHEMBL2322366,6.522878745280337,6.395640468710449
all_ic50_nM,random,descriptor_rf,CHEMBL261706,4.605023280445436,5.715885131613344
all_ic50_nM,random,descriptor_rf,CHEMBL3617741,7.319664486585437,6.885949791992264
all_ic50_nM,random,descriptor_rf,CHEMBL3623456,7.698970004336019,6.300390304893746
all_ic50_nM,random,descriptor_rf,CHEMBL3623462,6.640164517660112,6.885949791992264
all_ic50_nM,random,descriptor_rf,CHEMBL3639606,7.259637310505756,6.876626326400372
all_ic50_nM,random,descriptor_rf,CHEMBL3646804,8.221848749616356,7.834954795613747
all_ic50_nM,random,descriptor_rf,CHEMBL3657586,6.638272163982407,6.386689715460296
all_ic50_nM,random,descriptor_rf,CHEMBL3657594,6.903089986991944,6.585604431739053
all_ic50_nM,random,descriptor_rf,CHEMBL3661636,7.346787486224656,6.751814141500744
all_ic50_nM,random,descriptor_rf,CHEMBL3661639,6.494850021680094,6.468576786038054
all_ic50_nM,random,descriptor_rf,CHEMBL3661641,5.1249387366083,6.576762026984134
all_ic50_nM,random,descriptor_rf,CHEMBL3661643,4.600620521847371,6.872840247690856
all_ic50_nM,random,descriptor_rf,CHEMBL3661649,6.958607314841775,6.720145976401308
all_ic50_nM,random,descriptor_rf,CHEMBL3661650,6.7447274948966935,6.9817210488585975
all_ic50_nM,random,descriptor_rf,CHEMBL3661652,7.301029995663981,7.076754504042942
all_ic50_nM,random,descriptor_rf,CHEMBL3661655,7.3979400086720375,6.618437806838496
all_ic50_nM,random,descriptor_rf,CHEMBL3661659,5.705533773838407,6.375030545373791
all_ic50_nM,random,descriptor_rf,CHEMBL3661661,7.455931955649724,6.991274775655247
all_ic50_nM,random,descriptor_rf,CHEMBL3661663,7.522878745280337,6.95069606965588
all_ic50_nM,random,descriptor_rf,CHEMBL3661666,6.638272163982407,6.725023954759044
all_ic50_nM,random,descriptor_rf,CHEMBL3661678,7.3979400086720375,6.877635047082699
all_ic50_nM,random,descriptor_rf,CHEMBL3661680,6.886056647693163,6.842417226951655
all_ic50_nM,random,descriptor_rf,CHEMBL3661681,7.455931955649724,6.742960293178685
all_ic50_nM,random,descriptor_rf,CHEMBL3661683,7.455931955649724,7.031753751718059
all_ic50_nM,random,descriptor_rf,CHEMBL3661692,7.3979400086720375,6.9137574983120915
all_ic50_nM,random,descriptor_rf,CHEMBL3661706,7.070581074285707,7.049138425263077
all_ic50_nM,random,descriptor_rf,CHEMBL3661708,6.886056647693163,6.733537441491778
all_ic50_nM,random,descriptor_rf,CHEMBL3661709,7.823908740944319,7.175312670035156
all_ic50_nM,random,descriptor_rf,CHEMBL3661711,5.826813731587726,6.404931050882421
all_ic50_nM,random,descriptor_rf,CHEMBL3661719,7.045757490560675,6.608137908199614
all_ic50_nM,random,descriptor_rf,CHEMBL3661726,4.483068191131987,5.532408623659378
all_ic50_nM,random,descriptor_rf,CHEMBL3661732,6.522878745280337,6.573269768621891
all_ic50_nM,random,descriptor_rf,CHEMBL3661734,6.346787486224656,6.331819651054288
all_ic50_nM,random,descriptor_rf,CHEMBL3661735,6.102372908709558,6.337881155318076
all_ic50_nM,random,descriptor_rf,CHEMBL3661741,5.91721462968355,6.635884939277337
all_ic50_nM,random,descriptor_rf,CHEMBL3661748,6.585026652029182,6.888434303432506
all_ic50_nM,random,descriptor_rf,CHEMBL3661758,7.522878745280337,6.999073354077298
all_ic50_nM,random,descriptor_rf,CHEMBL3661759,7.045757490560675,6.911739672861234
all_ic50_nM,random,descriptor_rf,CHEMBL3661760,7.2441251443275085,6.3937446808620555
all_ic50_nM,random,descriptor_rf,CHEMBL3661762,7.041773025725037,6.385412750712372
all_ic50_nM,random,descriptor_rf,CHEMBL3661763,7.3979400086720375,6.600448247282272
all_ic50_nM,random,descriptor_rf,CHEMBL3661769,7.221848749616356,6.428041149914737
all_ic50_nM,random,descriptor_rf,CHEMBL3661771,7.045757490560675,7.0653144159510015
all_ic50_nM,random,descriptor_rf,CHEMBL3661772,7.154901959985743,6.8435204895825965
all_ic50_nM,random,descriptor_rf,CHEMBL3661774,6.619788758288394,7.043897358892378
all_ic50_nM,random,descriptor_rf,CHEMBL3661778,5.675717544702307,6.353683022024698
all_ic50_nM,random,descriptor_rf,CHEMBL3661783,6.838631997765025,6.8964412766840395
all_ic50_nM,random,descriptor_rf,CHEMBL3661788,7.154901959985743,7.025925827265309
all_ic50_nM,random,descriptor_rf,CHEMBL3661793,6.356547323513812,6.557790713812626
all_ic50_nM,random,descriptor_rf,CHEMBL3661794,6.3979400086720375,6.360523881728189
all_ic50_nM,random,descriptor_rf,CHEMBL3661798,6.151810883008602,6.557790713812626
all_ic50_nM,random,descriptor_rf,CHEMBL3661799,5.97469413473523,6.139538332696665
all_ic50_nM,random,descriptor_rf,CHEMBL3661803,7.346787486224656,7.0653144159510015
all_ic50_nM,random,descriptor_rf,CHEMBL3661807,6.522878745280337,6.292699622730347
all_ic50_nM,random,descriptor_rf,CHEMBL3661816,7.045757490560675,6.559191149193334
all_ic50_nM,random,descriptor_rf,CHEMBL3661818,6.769551078621726,7.070379487182428
all_ic50_nM,random,descriptor_rf,CHEMBL3661820,7.259637310505756,6.9449421133436395
all_ic50_nM,random,descriptor_rf,CHEMBL3661826,7.259637310505756,6.871358130190487
all_ic50_nM,random,descriptor_rf,CHEMBL3661828,6.958607314841775,6.603002311294457
all_ic50_nM,random,descriptor_rf,CHEMBL3661833,5.787812395596042,7.116231085158189
all_ic50_nM,random,descriptor_rf,CHEMBL3661839,7.301029995663981,7.303213925071138
all_ic50_nM,random,descriptor_rf,CHEMBL3661844,6.657577319177793,6.988160529360815
all_ic50_nM,random,descriptor_rf,CHEMBL3661845,7.698970004336019,6.9128735356290045
all_ic50_nM,random,descriptor_rf,CHEMBL3666468,6.7447274948966935,7.136062479052757
all_ic50_nM,random,descriptor_rf,CHEMBL3666470,7.045757490560675,6.499359103850852
all_ic50_nM,random,descriptor_rf,CHEMBL3666486,7.221848749616356,6.229254308267508
all_ic50_nM,random,descriptor_rf,CHEMBL3666489,5.042871802323186,5.6432329680410875
all_ic50_nM,random,descriptor_rf,CHEMBL3666497,5.997833938243493,5.679954828965748
all_ic50_nM,random,descriptor_rf,CHEMBL3666506,5.4179366370882915,6.190310602383938
all_ic50_nM,random,descriptor_rf,CHEMBL3666507,5.488116639021126,5.884617117714353
all_ic50_nM,random,descriptor_rf,CHEMBL3666508,7.6020599913279625,6.013932340851339
all_ic50_nM,random,descriptor_rf,CHEMBL3666526,6.7447274948966935,6.815969318454969
all_ic50_nM,random,descriptor_rf,CHEMBL3666528,5.9299621333922445,6.212567921874766
all_ic50_nM,random,descriptor_rf,CHEMBL3666532,6.657577319177793,7.070388361596281
all_ic50_nM,random,descriptor_rf,CHEMBL3666539,6.782516055786093,6.5299665078521425
all_ic50_nM,random,descriptor_rf,CHEMBL3666544,7.045757490560675,6.908791171558896
all_ic50_nM,random,descriptor_rf,CHEMBL3666547,6.853871964321762,6.5917795856363055
all_ic50_nM,random,descriptor_rf,CHEMBL3666548,6.481486060122113,6.538943519456263
all_ic50_nM,random,descriptor_rf,CHEMBL3666550,6.341988603342887,6.603866036877104
all_ic50_nM,random,descriptor_rf,CHEMBL3666563,6.443697499232712,6.1870050820597795
all_ic50_nM,random,descriptor_rf,CHEMBL3666567,6.508638306165727,6.624170204397992
all_ic50_nM,random,descriptor_rf,CHEMBL3666582,5.052223291535261,5.764767124434287
all_ic50_nM,random,descriptor_rf,CHEMBL3666591,6.585026652029182,7.0416379949060595
all_ic50_nM,random,descriptor_rf,CHEMBL3666608,7.455931955649724,7.243502719171455
all_ic50_nM,random,descriptor_rf,CHEMBL3666611,7.3979400086720375,7.472233888586552
all_ic50_nM,random,descriptor_rf,CHEMBL3666612,7.259637310505756,7.177482566290824
all_ic50_nM,random,descriptor_rf,CHEMBL3666621,7.1249387366083,6.784942740016248
all_ic50_nM,random,descriptor_rf,CHEMBL3666628,7.187086643357144,7.172275905877803
all_ic50_nM,random,descriptor_rf,CHEMBL3666631,6.437707135543525,6.859851570386314
all_ic50_nM,random,descriptor_rf,CHEMBL3666634,7.221848749616356,7.368912609177905
all_ic50_nM,random,descriptor_rf,CHEMBL3666639,7.3979400086720375,7.173210034149946
all_ic50_nM,random,descriptor_rf,CHEMBL3666641,6.4089353929735005,6.904868328819342
all_ic50_nM,random,descriptor_rf,CHEMBL3666644,6.978810700930062,6.831784603359774
all_ic50_nM,random,descriptor_rf,CHEMBL3666645,7.154901959985743,7.205333493925419
all_ic50_nM,random,descriptor_rf,CHEMBL3666657,6.356547323513812,6.831784603359774
all_ic50_nM,random,descriptor_rf,CHEMBL3666659,7.301029995663981,6.731889365356235
all_ic50_nM,random,descriptor_rf,CHEMBL3666662,6.769551078621726,7.039699980908408
all_ic50_nM,random,descriptor_rf,CHEMBL3666665,6.346787486224656,6.905700547299118
all_ic50_nM,random,descriptor_rf,CHEMBL3666668,6.7447274948966935,6.788911971090236
all_ic50_nM,random,descriptor_rf,CHEMBL3666675,6.619788758288394,7.066562461701959
all_ic50_nM,random,descriptor_rf,CHEMBL3666678,6.886056647693163,5.827813315564418
all_ic50_nM,random,descriptor_rf,CHEMBL3706851,4.636388020107856,4.441704913393457
all_ic50_nM,random,descriptor_rf,CHEMBL3706853,4.251037138743839,4.559817942018724
all_ic50_nM,random,descriptor_rf,CHEMBL376206,6.7121982700697735,6.43994752562629
all_ic50_nM,random,descriptor_rf,CHEMBL377865,6.995678626217358,6.406280580439638
all_ic50_nM,random,descriptor_rf,CHEMBL3891688,6.958607314841775,7.540915194018012
all_ic50_nM,random,descriptor_rf,CHEMBL3892601,7.3979400086720375,7.116534692607947
all_ic50_nM,random,descriptor_rf,CHEMBL3892817,7.267606240177032,6.532650900134452
all_ic50_nM,random,descriptor_rf,CHEMBL3892973,7.3872161432802645,6.468115350472711
all_ic50_nM,random,descriptor_rf,CHEMBL3893117,7.7447274948966935,7.464163120680167
all_ic50_nM,random,descriptor_rf,CHEMBL3894320,6.267606240177032,7.272081260242427
all_ic50_nM,random,descriptor_rf,CHEMBL3895704,8.045757490560675,7.355311030728409
all_ic50_nM,random,descriptor_rf,CHEMBL3896474,6.638272163982407,6.304916448897963
all_ic50_nM,random,descriptor_rf,CHEMBL3896940,7.1487416512809245,6.678078141644915
all_ic50_nM,random,descriptor_rf,CHEMBL3898740,6.721246399047171,6.455623315613583
all_ic50_nM,random,descriptor_rf,CHEMBL3900209,7.619788758288394,7.62997579823983
all_ic50_nM,random,descriptor_rf,CHEMBL3901975,7.5376020021010435,7.080954630791673
all_ic50_nM,random,descriptor_rf,CHEMBL3902566,7.1249387366083,6.986078481207573
all_ic50_nM,random,descriptor_rf,CHEMBL3905078,7.619788758288394,7.190611207991348
all_ic50_nM,random,descriptor_rf,CHEMBL3907287,7.431798275933005,6.9944655051254605
all_ic50_nM,random,descriptor_rf,CHEMBL3907446,7.142667503568732,7.62997579823983
all_ic50_nM,random,descriptor_rf,CHEMBL3907499,7.2441251443275085,6.966186065578957
all_ic50_nM,random,descriptor_rf,CHEMBL3908254,7.229147988357855,6.879454373492484
all_ic50_nM,random,descriptor_rf,CHEMBL3908483,7.229147988357855,6.956614151416351
all_ic50_nM,random,descriptor_rf,CHEMBL3911378,7.026872146400302,6.761807099655609
all_ic50_nM,random,descriptor_rf,CHEMBL3911823,7.356547323513812,7.487238886813072
all_ic50_nM,random,descriptor_rf,CHEMBL3914145,6.958607314841775,7.36116498656392
all_ic50_nM,random,descriptor_rf,CHEMBL3918324,7.468521082957745,7.466558906513454
all_ic50_nM,random,descriptor_rf,CHEMBL3921854,7.142667503568732,7.563376856004739
all_ic50_nM,random,descriptor_rf,CHEMBL3922051,6.950781977329818,6.490070948121049
all_ic50_nM,random,descriptor_rf,CHEMBL3922296,7.318758762624412,7.2702632444861255
all_ic50_nM,random,descriptor_rf,CHEMBL3923173,7.337242168318426,7.365950662810546
all_ic50_nM,random,descriptor_rf,CHEMBL3924864,6.568636235841013,6.455623315613583
all_ic50_nM,random,descriptor_rf,CHEMBL3928810,7.318758762624412,7.267081655065513
all_ic50_nM,random,descriptor_rf,CHEMBL3929509,6.958607314841775,7.217317558856647
all_ic50_nM,random,descriptor_rf,CHEMBL3930427,7.107905397309519,7.041240433798698
all_ic50_nM,random,descriptor_rf,CHEMBL3930576,7.366531544420414,6.827841650371054
all_ic50_nM,random,descriptor_rf,CHEMBL3933902,7.275724130399211,7.500460020376233
all_ic50_nM,random,descriptor_rf,CHEMBL3936764,7.0,7.2682259817928525
all_ic50_nM,random,descriptor_rf,CHEMBL3938900,6.688246138944246,6.254736654754976
all_ic50_nM,random,descriptor_rf,CHEMBL3943160,5.772113295386326,6.765149772374122
all_ic50_nM,random,descriptor_rf,CHEMBL3944122,7.698970004336019,7.5208711461544
all_ic50_nM,random,descriptor_rf,CHEMBL3947026,7.00436480540245,6.590589256079353
all_ic50_nM,random,descriptor_rf,CHEMBL3947610,7.698970004336019,7.4625622572062715
all_ic50_nM,random,descriptor_rf,CHEMBL3949302,7.619788758288394,7.491514720742502
all_ic50_nM,random,descriptor_rf,CHEMBL3954707,7.187086643357144,7.398934785463578
all_ic50_nM,random,descriptor_rf,CHEMBL3956986,7.443697499232712,7.385516097534106
all_ic50_nM,random,descriptor_rf,CHEMBL3959137,6.749579997691106,7.352541097231842
all_ic50_nM,random,descriptor_rf,CHEMBL3959828,6.337242168318426,6.718935853688808
all_ic50_nM,random,descriptor_rf,CHEMBL3960022,7.886056647693163,6.7288956570879
all_ic50_nM,random,descriptor_rf,CHEMBL3960666,8.045757490560675,7.338735359189375
all_ic50_nM,random,descriptor_rf,CHEMBL3966134,7.721246399047171,7.420921054266405
all_ic50_nM,random,descriptor_rf,CHEMBL3970635,7.318758762624412,7.288228286505936
all_ic50_nM,random,descriptor_rf,CHEMBL3970842,7.309803919971486,7.142459928280866
all_ic50_nM,random,descriptor_rf,CHEMBL3971732,7.795880017344075,7.346096799126821
all_ic50_nM,random,descriptor_rf,CHEMBL3971908,7.00436480540245,7.7430552257626015
all_ic50_nM,random,descriptor_rf,CHEMBL3971978,7.7447274948966935,6.863232257004495
all_ic50_nM,random,descriptor_rf,CHEMBL3975014,7.494850021680094,6.740178746373275
all_ic50_nM,random,descriptor_rf,CHEMBL3975312,7.6777807052660805,7.420921054266405
all_ic50_nM,random,descriptor_rf,CHEMBL3977322,7.013228265733755,6.879090696804088
all_ic50_nM,random,descriptor_rf,CHEMBL3982115,7.022276394711152,7.344390094520678
all_ic50_nM,random,descriptor_rf,CHEMBL3984143,7.0,7.445108127017949
all_ic50_nM,random,descriptor_rf,CHEMBL4081526,5.07727454200674,5.547966790086088
all_ic50_nM,random,descriptor_rf,CHEMBL4081658,6.795880017344075,5.9672221010810755
all_ic50_nM,random,descriptor_rf,CHEMBL4099536,4.899629454882437,5.5908887385506505
all_ic50_nM,random,descriptor_rf,CHEMBL4106711,5.94692155651658,6.57907124620005
all_ic50_nM,random,descriptor_rf,CHEMBL4113870,7.026872146400302,6.2248661434206705
all_ic50_nM,random,descriptor_rf,CHEMBL4125982,6.102372908709558,6.343921010731438
all_ic50_nM,random,descriptor_rf,CHEMBL4126535,5.958607314841775,6.786405118960461
all_ic50_nM,random,descriptor_rf,CHEMBL4127027,7.161150909262744,6.6266167247002
all_ic50_nM,random,descriptor_rf,CHEMBL4129083,5.860120913598763,6.350668740287794
all_ic50_nM,random,descriptor_rf,CHEMBL4129431,7.481486060122112,6.204173337762374
all_ic50_nM,random,descriptor_rf,CHEMBL4129575,7.494850021680094,6.204173337762374
all_ic50_nM,random,descriptor_rf,CHEMBL4129812,6.698970004336019,6.809561426857482
all_ic50_nM,random,descriptor_rf,CHEMBL4130221,6.259637310505756,6.662484323998776
all_ic50_nM,random,descriptor_rf,CHEMBL4130300,6.6020599913279625,6.998360874767262
all_ic50_nM,random,descriptor_rf,CHEMBL4444430,5.7447274948966935,5.775732662038718
all_ic50_nM,random,descriptor_rf,CHEMBL4575847,7.585026652029182,6.580998668176646
all_ic50_nM,random,descriptor_rf,CHEMBL470981,4.040624663424157,5.929184507638436
all_ic50_nM,random,descriptor_rf,CHEMBL5749645,6.690369832574102,6.180394869275726
all_ic50_nM,random,descriptor_rf,CHEMBL5756160,7.026872146400302,7.510765561656615
all_ic50_nM,random,descriptor_rf,CHEMBL5768401,6.920818753952375,6.836215879893244
all_ic50_nM,random,descriptor_rf,CHEMBL5788711,7.449771646944906,7.411004861932053
all_ic50_nM,random,descriptor_rf,CHEMBL5788930,6.991399828238082,6.695186604273815
all_ic50_nM,random,descriptor_rf,CHEMBL5802102,7.690369832574102,7.080948050552533
all_ic50_nM,random,descriptor_rf,CHEMBL5816706,4.576754126063192,5.0378705523846
all_ic50_nM,random,descriptor_rf,CHEMBL5838148,5.669992299127241,6.76218163270628
all_ic50_nM,random,descriptor_rf,CHEMBL5839177,7.270025714300444,7.106733870396444
all_ic50_nM,random,descriptor_rf,CHEMBL5858978,7.229884705212898,6.76218163270628
all_ic50_nM,random,descriptor_rf,CHEMBL5863279,7.179798540514359,7.011430481693626
all_ic50_nM,random,descriptor_rf,CHEMBL5863699,5.26003230324049,6.446756561043478
all_ic50_nM,random,descriptor_rf,CHEMBL5880138,5.739928612014925,6.344533611241756
all_ic50_nM,random,descriptor_rf,CHEMBL5888326,5.756961951313706,5.480027371659495
all_ic50_nM,random,descriptor_rf,CHEMBL5922687,6.100179497572904,6.3147087304495715
all_ic50_nM,random,descriptor_rf,CHEMBL5925383,5.756961951313706,6.375559051551756
all_ic50_nM,random,descriptor_rf,CHEMBL5929854,7.100179497572904,7.011430481693626
all_ic50_nM,random,descriptor_rf,CHEMBL5942995,6.610833915635467,6.655228324389314
all_ic50_nM,random,descriptor_rf,CHEMBL5944042,6.110138278741812,6.384085684502699
all_ic50_nM,random,descriptor_rf,CHEMBL5949442,5.860120913598763,7.03540107244082
all_ic50_nM,random,descriptor_rf,CHEMBL5955561,5.756961951313706,5.374293409892567
all_ic50_nM,random,descriptor_rf,CHEMBL5971397,4.576754126063192,5.729084651484379
all_ic50_nM,random,descriptor_rf,CHEMBL5972322,5.430041181903406,6.441562704480813
all_ic50_nM,random,descriptor_rf,CHEMBL5985038,7.400116927926312,7.166765378130359
all_ic50_nM,random,descriptor_rf,CHEMBL5990353,7.100179497572904,7.050801433478617
all_ic50_nM,random,descriptor_rf,CHEMBL5993582,5.250031916490597,6.180394869275726
all_ic50_nM,random,descriptor_rf,CHEMBL6035580,7.179798540514359,7.135591802104244
all_ic50_nM,random,descriptor_rf,CHEMBL6039031,7.1598939055432425,6.736280968183601
all_ic50_nM,random,descriptor_rf,CHEMBL6040423,5.36997914888659,6.527737881795413
all_ic50_nM,random,descriptor_rf,CHEMBL6046039,4.576754126063192,5.740239248393236
all_ic50_nM,random,descriptor_rf,CHEMBL6052895,6.489454989793388,6.655228324389314
all_ic50_nM,random,descriptor_rf,CHEMBL6058681,7.1598939055432425,6.736280968183601
all_ic50_nM,random,descriptor_rf,CHEMBL6063093,4.576754126063192,5.740239248393236
all_ic50_nM,random,ecfp_rf,CHEMBL1256380,5.066006836168758,4.901300603811873
all_ic50_nM,random,ecfp_rf,CHEMBL175247,4.513461485534417,5.06959447568068
all_ic50_nM,random,ecfp_rf,CHEMBL1834179,6.522878745280337,6.166288472648326
all_ic50_nM,random,ecfp_rf,CHEMBL1834187,6.06246936830415,6.214668828818352
all_ic50_nM,random,ecfp_rf,CHEMBL213458,6.866461091629782,6.463820794146436
all_ic50_nM,random,ecfp_rf,CHEMBL213635,6.134303940083929,6.560110384298676
all_ic50_nM,random,ecfp_rf,CHEMBL214037,7.267606240177032,6.622003859464608
all_ic50_nM,random,ecfp_rf,CHEMBL2165409,5.0,5.502103111427109
all_ic50_nM,random,ecfp_rf,CHEMBL2165410,4.958607314841775,5.257258951221177
all_ic50_nM,random,ecfp_rf,CHEMBL2322357,7.301029995663981,6.190863482125199
all_ic50_nM,random,ecfp_rf,CHEMBL2322363,7.154901959985743,6.616148261544687
all_ic50_nM,random,ecfp_rf,CHEMBL2322366,6.522878745280337,6.659659669920117
all_ic50_nM,random,ecfp_rf,CHEMBL261706,4.605023280445436,5.020805835082357
all_ic50_nM,random,ecfp_rf,CHEMBL3617741,7.319664486585437,6.98037311341029
all_ic50_nM,random,ecfp_rf,CHEMBL3623456,7.698970004336019,6.902916875692067
all_ic50_nM,random,ecfp_rf,CHEMBL3623462,6.640164517660112,6.480937467914771
all_ic50_nM,random,ecfp_rf,CHEMBL3639606,7.259637310505756,6.994417196214329
all_ic50_nM,random,ecfp_rf,CHEMBL3646804,8.221848749616356,7.487917687178606
all_ic50_nM,random,ecfp_rf,CHEMBL3657586,6.638272163982407,6.612617936744337
all_ic50_nM,random,ecfp_rf,CHEMBL3657594,6.903089986991944,6.148199255228727
all_ic50_nM,random,ecfp_rf,CHEMBL3661636,7.346787486224656,6.758946025279618
all_ic50_nM,random,ecfp_rf,CHEMBL3661639,6.494850021680094,6.634755323786682
all_ic50_nM,random,ecfp_rf,CHEMBL3661641,5.1249387366083,6.759643732311908
all_ic50_nM,random,ecfp_rf,CHEMBL3661643,4.600620521847371,6.734850910518692
all_ic50_nM,random,ecfp_rf,CHEMBL3661649,6.958607314841775,6.925687662258697
all_ic50_nM,random,ecfp_rf,CHEMBL3661650,6.7447274948966935,6.861621894893985
all_ic50_nM,random,ecfp_rf,CHEMBL3661652,7.301029995663981,6.962468003167347
all_ic50_nM,random,ecfp_rf,CHEMBL3661655,7.3979400086720375,6.8042503428659895
all_ic50_nM,random,ecfp_rf,CHEMBL3661659,5.705533773838407,5.9942014514597
all_ic50_nM,random,ecfp_rf,CHEMBL3661661,7.455931955649724,7.00468575408332
all_ic50_nM,random,ecfp_rf,CHEMBL3661663,7.522878745280337,6.998667732471835
all_ic50_nM,random,ecfp_rf,CHEMBL3661666,6.638272163982407,6.514821369621112
all_ic50_nM,random,ecfp_rf,CHEMBL3661678,7.3979400086720375,6.989390306526336
all_ic50_nM,random,ecfp_rf,CHEMBL3661680,6.886056647693163,6.97839931002228
all_ic50_nM,random,ecfp_rf,CHEMBL3661681,7.455931955649724,6.965560949836684
all_ic50_nM,random,ecfp_rf,CHEMBL3661683,7.455931955649724,6.918362838625152
all_ic50_nM,random,ecfp_rf,CHEMBL3661692,7.3979400086720375,6.451266238781917
all_ic50_nM,random,ecfp_rf,CHEMBL3661706,7.070581074285707,6.949081589922259
all_ic50_nM,random,ecfp_rf,CHEMBL3661708,6.886056647693163,6.511929996664972
all_ic50_nM,random,ecfp_rf,CHEMBL3661709,7.823908740944319,6.83562624297963
all_ic50_nM,random,ecfp_rf,CHEMBL3661711,5.826813731587726,6.62320351716909
all_ic50_nM,random,ecfp_rf,CHEMBL3661719,7.045757490560675,6.642976758611763
all_ic50_nM,random,ecfp_rf,CHEMBL3661726,4.483068191131987,5.723805099130339
all_ic50_nM,random,ecfp_rf,CHEMBL3661732,6.522878745280337,6.2640711441218055
all_ic50_nM,random,ecfp_rf,CHEMBL3661734,6.346787486224656,6.08963031102633
all_ic50_nM,random,ecfp_rf,CHEMBL3661735,6.102372908709558,6.333844419978527
all_ic50_nM,random,ecfp_rf,CHEMBL3661741,5.91721462968355,6.306909774127911
all_ic50_nM,random,ecfp_rf,CHEMBL3661748,6.585026652029182,6.527527670425576
all_ic50_nM,random,ecfp_rf,CHEMBL3661758,7.522878745280337,7.069312935061828
all_ic50_nM,random,ecfp_rf,CHEMBL3661759,7.045757490560675,6.650393301464096
all_ic50_nM,random,ecfp_rf,CHEMBL3661760,7.2441251443275085,6.9717874327507445
all_ic50_nM,random,ecfp_rf,CHEMBL3661762,7.041773025725037,6.639421832790336
all_ic50_nM,random,ecfp_rf,CHEMBL3661763,7.3979400086720375,7.016462203521614
all_ic50_nM,random,ecfp_rf,CHEMBL3661769,7.221848749616356,6.927856546470097
all_ic50_nM,random,ecfp_rf,CHEMBL3661771,7.045757490560675,6.891507365186464
all_ic50_nM,random,ecfp_rf,CHEMBL3661772,7.154901959985743,6.930459371260796
all_ic50_nM,random,ecfp_rf,CHEMBL3661774,6.619788758288394,6.9750024202978835
all_ic50_nM,random,ecfp_rf,CHEMBL3661778,5.675717544702307,6.373551765699874
all_ic50_nM,random,ecfp_rf,CHEMBL3661783,6.838631997765025,6.613399276008076
all_ic50_nM,random,ecfp_rf,CHEMBL3661788,7.154901959985743,6.747592668157918
all_ic50_nM,random,ecfp_rf,CHEMBL3661793,6.356547323513812,6.268643073638745
all_ic50_nM,random,ecfp_rf,CHEMBL3661794,6.3979400086720375,6.098401814784241
all_ic50_nM,random,ecfp_rf,CHEMBL3661798,6.151810883008602,6.0958242608437505
all_ic50_nM,random,ecfp_rf,CHEMBL3661799,5.97469413473523,5.936067045703242
all_ic50_nM,random,ecfp_rf,CHEMBL3661803,7.346787486224656,7.05569783459732
all_ic50_nM,random,ecfp_rf,CHEMBL3661807,6.522878745280337,6.313638961942327
all_ic50_nM,random,ecfp_rf,CHEMBL3661816,7.045757490560675,6.875538593950082
all_ic50_nM,random,ecfp_rf,CHEMBL3661818,6.769551078621726,7.018416520732113
all_ic50_nM,random,ecfp_rf,CHEMBL3661820,7.259637310505756,7.0543965256989045
all_ic50_nM,random,ecfp_rf,CHEMBL3661826,7.259637310505756,6.991058788641871
all_ic50_nM,random,ecfp_rf,CHEMBL3661828,6.958607314841775,6.7353476627734485
all_ic50_nM,random,ecfp_rf,CHEMBL3661833,5.787812395596042,6.472717497357523
all_ic50_nM,random,ecfp_rf,CHEMBL3661839,7.301029995663981,7.0938054332179155
all_ic50_nM,random,ecfp_rf,CHEMBL3661844,6.657577319177793,6.86010385619191
all_ic50_nM,random,ecfp_rf,CHEMBL3661845,7.698970004336019,6.8586525208042195
all_ic50_nM,random,ecfp_rf,CHEMBL3666468,6.7447274948966935,6.885345607090535
all_ic50_nM,random,ecfp_rf,CHEMBL3666470,7.045757490560675,6.632612972633333
all_ic50_nM,random,ecfp_rf,CHEMBL3666486,7.221848749616356,6.595583765361273
all_ic50_nM,random,ecfp_rf,CHEMBL3666489,5.042871802323186,5.809714479709176
all_ic50_nM,random,ecfp_rf,CHEMBL3666497,5.997833938243493,5.912223687136068
all_ic50_nM,random,ecfp_rf,CHEMBL3666506,5.4179366370882915,5.98727585225347
all_ic50_nM,random,ecfp_rf,CHEMBL3666507,5.488116639021126,5.729162581401497
all_ic50_nM,random,ecfp_rf,CHEMBL3666508,7.6020599913279625,6.584313553043232
all_ic50_nM,random,ecfp_rf,CHEMBL3666526,6.7447274948966935,6.38146755793355
all_ic50_nM,random,ecfp_rf,CHEMBL3666528,5.9299621333922445,6.205904219153846
all_ic50_nM,random,ecfp_rf,CHEMBL3666532,6.657577319177793,6.967927456794614
all_ic50_nM,random,ecfp_rf,CHEMBL3666539,6.782516055786093,6.670649359959026
all_ic50_nM,random,ecfp_rf,CHEMBL3666544,7.045757490560675,6.82990153467542
all_ic50_nM,random,ecfp_rf,CHEMBL3666547,6.853871964321762,6.712025980949224
all_ic50_nM,random,ecfp_rf,CHEMBL3666548,6.481486060122113,6.287462266216756
all_ic50_nM,random,ecfp_rf,CHEMBL3666550,6.341988603342887,6.069196035407566
all_ic50_nM,random,ecfp_rf,CHEMBL3666563,6.443697499232712,6.38470087465642
all_ic50_nM,random,ecfp_rf,CHEMBL3666567,6.508638306165727,6.265747921422283
all_ic50_nM,random,ecfp_rf,CHEMBL3666582,5.052223291535261,5.664269468176471
all_ic50_nM,random,ecfp_rf,CHEMBL3666591,6.585026652029182,6.929561851826381
all_ic50_nM,random,ecfp_rf,CHEMBL3666608,7.455931955649724,7.2133435639463706
all_ic50_nM,random,ecfp_rf,CHEMBL3666611,7.3979400086720375,7.150825006448407
all_ic50_nM,random,ecfp_rf,CHEMBL3666612,7.259637310505756,6.791323836048833
all_ic50_nM,random,ecfp_rf,CHEMBL3666621,7.1249387366083,6.940033053177888
all_ic50_nM,random,ecfp_rf,CHEMBL3666628,7.187086643357144,7.122201396228337
all_ic50_nM,random,ecfp_rf,CHEMBL3666631,6.437707135543525,6.555446636332112
all_ic50_nM,random,ecfp_rf,CHEMBL3666634,7.221848749616356,7.35006145498057
all_ic50_nM,random,ecfp_rf,CHEMBL3666639,7.3979400086720375,7.067769791084191
all_ic50_nM,random,ecfp_rf,CHEMBL3666641,6.4089353929735005,6.762810450895766
all_ic50_nM,random,ecfp_rf,CHEMBL3666644,6.978810700930062,6.506195279051466
all_ic50_nM,random,ecfp_rf,CHEMBL3666645,7.154901959985743,6.865310412761945
all_ic50_nM,random,ecfp_rf,CHEMBL3666657,6.356547323513812,6.698132729948463
all_ic50_nM,random,ecfp_rf,CHEMBL3666659,7.301029995663981,6.697506472456966
all_ic50_nM,random,ecfp_rf,CHEMBL3666662,6.769551078621726,7.110177098181448
all_ic50_nM,random,ecfp_rf,CHEMBL3666665,6.346787486224656,6.95713060231696
all_ic50_nM,random,ecfp_rf,CHEMBL3666668,6.7447274948966935,6.477753630542737
all_ic50_nM,random,ecfp_rf,CHEMBL3666675,6.619788758288394,6.87976583485936
all_ic50_nM,random,ecfp_rf,CHEMBL3666678,6.886056647693163,6.300947726603594
all_ic50_nM,random,ecfp_rf,CHEMBL3706851,4.636388020107856,4.502013452118166
all_ic50_nM,random,ecfp_rf,CHEMBL3706853,4.251037138743839,4.487145074131111
all_ic50_nM,random,ecfp_rf,CHEMBL376206,6.7121982700697735,6.567948972276984
all_ic50_nM,random,ecfp_rf,CHEMBL377865,6.995678626217358,6.536905128122204
all_ic50_nM,random,ecfp_rf,CHEMBL3891688,6.958607314841775,7.345346722310661
all_ic50_nM,random,ecfp_rf,CHEMBL3892601,7.3979400086720375,7.4775061193418875
all_ic50_nM,random,ecfp_rf,CHEMBL3892817,7.267606240177032,7.021535115051457
all_ic50_nM,random,ecfp_rf,CHEMBL3892973,7.3872161432802645,7.318257391215392
all_ic50_nM,random,ecfp_rf,CHEMBL3893117,7.7447274948966935,7.237067012282466
all_ic50_nM,random,ecfp_rf,CHEMBL3894320,6.267606240177032,6.733766913476686
all_ic50_nM,random,ecfp_rf,CHEMBL3895704,8.045757490560675,7.7536787790749475
all_ic50_nM,random,ecfp_rf,CHEMBL3896474,6.638272163982407,6.461648845152889
all_ic50_nM,random,ecfp_rf,CHEMBL3896940,7.1487416512809245,7.053727271953069
all_ic50_nM,random,ecfp_rf,CHEMBL3898740,6.721246399047171,6.391626630576335
all_ic50_nM,random,ecfp_rf,CHEMBL3900209,7.619788758288394,7.209090116496181
all_ic50_nM,random,ecfp_rf,CHEMBL3901975,7.5376020021010435,7.423051412108191
all_ic50_nM,random,ecfp_rf,CHEMBL3902566,7.1249387366083,7.225056624568033
all_ic50_nM,random,ecfp_rf,CHEMBL3905078,7.619788758288394,7.430932323743426
all_ic50_nM,random,ecfp_rf,CHEMBL3907287,7.431798275933005,7.0366809830370025
all_ic50_nM,random,ecfp_rf,CHEMBL3907446,7.142667503568732,7.384186234813796
all_ic50_nM,random,ecfp_rf,CHEMBL3907499,7.2441251443275085,6.937849724885277
all_ic50_nM,random,ecfp_rf,CHEMBL3908254,7.229147988357855,7.000205376626588
all_ic50_nM,random,ecfp_rf,CHEMBL3908483,7.229147988357855,6.951234817452112
all_ic50_nM,random,ecfp_rf,CHEMBL3911378,7.026872146400302,6.810435252673387
all_ic50_nM,random,ecfp_rf,CHEMBL3911823,7.356547323513812,7.629524173123103
all_ic50_nM,random,ecfp_rf,CHEMBL3914145,6.958607314841775,7.3392812343961396
all_ic50_nM,random,ecfp_rf,CHEMBL3918324,7.468521082957745,7.483506615583755
all_ic50_nM,random,ecfp_rf,CHEMBL3921854,7.142667503568732,7.091479983502417
all_ic50_nM,random,ecfp_rf,CHEMBL3922051,6.950781977329818,7.234445839523799
all_ic50_nM,random,ecfp_rf,CHEMBL3922296,7.318758762624412,7.50057994834983
all_ic50_nM,random,ecfp_rf,CHEMBL3923173,7.337242168318426,7.300455286044687
all_ic50_nM,random,ecfp_rf,CHEMBL3924864,6.568636235841013,6.391626630576335
all_ic50_nM,random,ecfp_rf,CHEMBL3928810,7.318758762624412,7.058736452479981
all_ic50_nM,random,ecfp_rf,CHEMBL3929509,6.958607314841775,7.036406444732115
all_ic50_nM,random,ecfp_rf,CHEMBL3930427,7.107905397309519,6.942901019075214
all_ic50_nM,random,ecfp_rf,CHEMBL3930576,7.366531544420414,7.492461600134141
all_ic50_nM,random,ecfp_rf,CHEMBL3933902,7.275724130399211,7.390458309090201
all_ic50_nM,random,ecfp_rf,CHEMBL3936764,7.0,7.043328314921052
all_ic50_nM,random,ecfp_rf,CHEMBL3938900,6.688246138944246,6.308795923228537
all_ic50_nM,random,ecfp_rf,CHEMBL3943160,5.772113295386326,6.641911104185197
all_ic50_nM,random,ecfp_rf,CHEMBL3944122,7.698970004336019,7.591508595515657
all_ic50_nM,random,ecfp_rf,CHEMBL3947026,7.00436480540245,6.7182489916096735
all_ic50_nM,random,ecfp_rf,CHEMBL3947610,7.698970004336019,7.543091586319651
all_ic50_nM,random,ecfp_rf,CHEMBL3949302,7.619788758288394,7.41791414172574
all_ic50_nM,random,ecfp_rf,CHEMBL3954707,7.187086643357144,7.525507809698349
all_ic50_nM,random,ecfp_rf,CHEMBL3956986,7.443697499232712,7.438970456657957
all_ic50_nM,random,ecfp_rf,CHEMBL3959137,6.749579997691106,7.221693022101047
all_ic50_nM,random,ecfp_rf,CHEMBL3959828,6.337242168318426,6.061470938881341
all_ic50_nM,random,ecfp_rf,CHEMBL3960022,7.886056647693163,7.500232365736917
all_ic50_nM,random,ecfp_rf,CHEMBL3960666,8.045757490560675,7.590470236832156
all_ic50_nM,random,ecfp_rf,CHEMBL3966134,7.721246399047171,7.4964820557249965
all_ic50_nM,random,ecfp_rf,CHEMBL3970635,7.318758762624412,7.6303199174349166
all_ic50_nM,random,ecfp_rf,CHEMBL3970842,7.309803919971486,7.145525208140037
all_ic50_nM,random,ecfp_rf,CHEMBL3971732,7.795880017344075,7.517360415786075
all_ic50_nM,random,ecfp_rf,CHEMBL3971908,7.00436480540245,7.1988325463032306
all_ic50_nM,random,ecfp_rf,CHEMBL3971978,7.7447274948966935,7.434496122287446
all_ic50_nM,random,ecfp_rf,CHEMBL3975014,7.494850021680094,6.356190434619215
all_ic50_nM,random,ecfp_rf,CHEMBL3975312,7.6777807052660805,7.1541334414762074
all_ic50_nM,random,ecfp_rf,CHEMBL3977322,7.013228265733755,6.914445143780618
all_ic50_nM,random,ecfp_rf,CHEMBL3982115,7.022276394711152,7.2386870769362845
all_ic50_nM,random,ecfp_rf,CHEMBL3984143,7.0,7.0801546147253935
all_ic50_nM,random,ecfp_rf,CHEMBL4081526,5.07727454200674,5.500368591181068
all_ic50_nM,random,ecfp_rf,CHEMBL4081658,6.795880017344075,5.742166180512339
all_ic50_nM,random,ecfp_rf,CHEMBL4099536,4.899629454882437,5.58579774059524
all_ic50_nM,random,ecfp_rf,CHEMBL4106711,5.94692155651658,6.583332292782513
all_ic50_nM,random,ecfp_rf,CHEMBL4113870,7.026872146400302,6.74861520970751
all_ic50_nM,random,ecfp_rf,CHEMBL4125982,6.102372908709558,6.377500338673552
all_ic50_nM,random,ecfp_rf,CHEMBL4126535,5.958607314841775,6.55249061015829
all_ic50_nM,random,ecfp_rf,CHEMBL4127027,7.161150909262744,6.531349084263681
all_ic50_nM,random,ecfp_rf,CHEMBL4129083,5.860120913598763,6.542119383647844
all_ic50_nM,random,ecfp_rf,CHEMBL4129431,7.481486060122112,6.7899044699017255
all_ic50_nM,random,ecfp_rf,CHEMBL4129575,7.494850021680094,7.057164365265865
all_ic50_nM,random,ecfp_rf,CHEMBL4129812,6.698970004336019,6.594639028495808
all_ic50_nM,random,ecfp_rf,CHEMBL4130221,6.259637310505756,6.586295510081482
all_ic50_nM,random,ecfp_rf,CHEMBL4130300,6.6020599913279625,6.587735896505037
all_ic50_nM,random,ecfp_rf,CHEMBL4444430,5.7447274948966935,6.053952605322781
all_ic50_nM,random,ecfp_rf,CHEMBL4575847,7.585026652029182,7.072033347681419
all_ic50_nM,random,ecfp_rf,CHEMBL470981,4.040624663424157,5.878550745997292
all_ic50_nM,random,ecfp_rf,CHEMBL5749645,6.690369832574102,6.756510078742134
all_ic50_nM,random,ecfp_rf,CHEMBL5756160,7.026872146400302,7.298900092083313
all_ic50_nM,random,ecfp_rf,CHEMBL5768401,6.920818753952375,6.906444073674484
all_ic50_nM,random,ecfp_rf,CHEMBL5788711,7.449771646944906,7.1768996808421575
all_ic50_nM,random,ecfp_rf,CHEMBL5788930,6.991399828238082,6.85007930855522
all_ic50_nM,random,ecfp_rf,CHEMBL5802102,7.690369832574102,7.2508280112607295
all_ic50_nM,random,ecfp_rf,CHEMBL5816706,4.576754126063192,5.47986147051514
all_ic50_nM,random,ecfp_rf,CHEMBL5838148,5.669992299127241,6.699407299811066
all_ic50_nM,random,ecfp_rf,CHEMBL5839177,7.270025714300444,7.092743291576843
all_ic50_nM,random,ecfp_rf,CHEMBL5858978,7.229884705212898,7.089408870556902
all_ic50_nM,random,ecfp_rf,CHEMBL5863279,7.179798540514359,7.037602372414863
all_ic50_nM,random,ecfp_rf,CHEMBL5863699,5.26003230324049,6.118295931258264
all_ic50_nM,random,ecfp_rf,CHEMBL5880138,5.739928612014925,6.267019219951542
all_ic50_nM,random,ecfp_rf,CHEMBL5888326,5.756961951313706,5.1403547846606
all_ic50_nM,random,ecfp_rf,CHEMBL5922687,6.100179497572904,6.278562990637828
all_ic50_nM,random,ecfp_rf,CHEMBL5925383,5.756961951313706,5.262484733360278
all_ic50_nM,random,ecfp_rf,CHEMBL5929854,7.100179497572904,7.027399793786904
all_ic50_nM,random,ecfp_rf,CHEMBL5942995,6.610833915635467,6.862513385610328
all_ic50_nM,random,ecfp_rf,CHEMBL5944042,6.110138278741812,6.736450830045529
all_ic50_nM,random,ecfp_rf,CHEMBL5949442,5.860120913598763,6.688651642745851
all_ic50_nM,random,ecfp_rf,CHEMBL5955561,5.756961951313706,5.22928902879664
all_ic50_nM,random,ecfp_rf,CHEMBL5971397,4.576754126063192,5.727789517512356
all_ic50_nM,random,ecfp_rf,CHEMBL5972322,5.430041181903406,6.70643047741109
all_ic50_nM,random,ecfp_rf,CHEMBL5985038,7.400116927926312,6.767478032940603
all_ic50_nM,random,ecfp_rf,CHEMBL5990353,7.100179497572904,6.990248565360906
all_ic50_nM,random,ecfp_rf,CHEMBL5993582,5.250031916490597,6.364237954070169
all_ic50_nM,random,ecfp_rf,CHEMBL6035580,7.179798540514359,6.914892122698709
all_ic50_nM,random,ecfp_rf,CHEMBL6039031,7.1598939055432425,6.619723750469153
all_ic50_nM,random,ecfp_rf,CHEMBL6040423,5.36997914888659,6.294326686334415
all_ic50_nM,random,ecfp_rf,CHEMBL6046039,4.576754126063192,5.64217401922758
all_ic50_nM,random,ecfp_rf,CHEMBL6052895,6.489454989793388,6.820472401988344
all_ic50_nM,random,ecfp_rf,CHEMBL6058681,7.1598939055432425,6.619723750469153
all_ic50_nM,random,ecfp_rf,CHEMBL6063093,4.576754126063192,5.647442628760699
all_ic50_nM,random,ecfp_ridge,CHEMBL1256380,5.066006836168758,5.413013458251953
all_ic50_nM,random,ecfp_ridge,CHEMBL175247,4.513461485534417,5.24841833114624
all_ic50_nM,random,ecfp_ridge,CHEMBL1834179,6.522878745280337,6.561568260192871
all_ic50_nM,random,ecfp_ridge,CHEMBL1834187,6.06246936830415,6.394218444824219
all_ic50_nM,random,ecfp_ridge,CHEMBL213458,6.866461091629782,6.557206153869629
all_ic50_nM,random,ecfp_ridge,CHEMBL213635,6.134303940083929,8.145001411437988
all_ic50_nM,random,ecfp_ridge,CHEMBL214037,7.267606240177032,6.736935615539551
all_ic50_nM,random,ecfp_ridge,CHEMBL2165409,5.0,1.3794922828674316
all_ic50_nM,random,ecfp_ridge,CHEMBL2165410,4.958607314841775,4.134047508239746
all_ic50_nM,random,ecfp_ridge,CHEMBL2322357,7.301029995663981,8.028039932250977
all_ic50_nM,random,ecfp_ridge,CHEMBL2322363,7.154901959985743,5.4622721672058105
all_ic50_nM,random,ecfp_ridge,CHEMBL2322366,6.522878745280337,6.302618503570557
all_ic50_nM,random,ecfp_ridge,CHEMBL261706,4.605023280445436,4.84836483001709
all_ic50_nM,random,ecfp_ridge,CHEMBL3617741,7.319664486585437,6.902623176574707
all_ic50_nM,random,ecfp_ridge,CHEMBL3623456,7.698970004336019,6.572289943695068
all_ic50_nM,random,ecfp_ridge,CHEMBL3623462,6.640164517660112,6.671455383300781
all_ic50_nM,random,ecfp_ridge,CHEMBL3639606,7.259637310505756,7.517298698425293
all_ic50_nM,random,ecfp_ridge,CHEMBL3646804,8.221848749616356,6.666778564453125
all_ic50_nM,random,ecfp_ridge,CHEMBL3657586,6.638272163982407,6.783574104309082
all_ic50_nM,random,ecfp_ridge,CHEMBL3657594,6.903089986991944,6.564573764801025
all_ic50_nM,random,ecfp_ridge,CHEMBL3661636,7.346787486224656,6.7549519538879395
all_ic50_nM,random,ecfp_ridge,CHEMBL3661639,6.494850021680094,7.148044586181641
all_ic50_nM,random,ecfp_ridge,CHEMBL3661641,5.1249387366083,6.746188163757324
all_ic50_nM,random,ecfp_ridge,CHEMBL3661643,4.600620521847371,7.759955406188965
all_ic50_nM,random,ecfp_ridge,CHEMBL3661649,6.958607314841775,7.426850318908691
all_ic50_nM,random,ecfp_ridge,CHEMBL3661650,6.7447274948966935,7.04844856262207
all_ic50_nM,random,ecfp_ridge,CHEMBL3661652,7.301029995663981,7.085302352905273
all_ic50_nM,random,ecfp_ridge,CHEMBL3661655,7.3979400086720375,7.6496405601501465
all_ic50_nM,random,ecfp_ridge,CHEMBL3661659,5.705533773838407,6.185721397399902
all_ic50_nM,random,ecfp_ridge,CHEMBL3661661,7.455931955649724,6.898270606994629
all_ic50_nM,random,ecfp_ridge,CHEMBL3661663,7.522878745280337,7.757358551025391
all_ic50_nM,random,ecfp_ridge,CHEMBL3661666,6.638272163982407,6.410910129547119
all_ic50_nM,random,ecfp_ridge,CHEMBL3661678,7.3979400086720375,7.34407901763916
all_ic50_nM,random,ecfp_ridge,CHEMBL3661680,6.886056647693163,6.827219009399414
all_ic50_nM,random,ecfp_ridge,CHEMBL3661681,7.455931955649724,6.627588272094727
all_ic50_nM,random,ecfp_ridge,CHEMBL3661683,7.455931955649724,7.326325416564941
all_ic50_nM,random,ecfp_ridge,CHEMBL3661692,7.3979400086720375,6.92318868637085
all_ic50_nM,random,ecfp_ridge,CHEMBL3661706,7.070581074285707,7.0168538093566895
all_ic50_nM,random,ecfp_ridge,CHEMBL3661708,6.886056647693163,6.68826150894165
all_ic50_nM,random,ecfp_ridge,CHEMBL3661709,7.823908740944319,7.1199235916137695
all_ic50_nM,random,ecfp_ridge,CHEMBL3661711,5.826813731587726,7.478573799133301
all_ic50_nM,random,ecfp_ridge,CHEMBL3661719,7.045757490560675,7.919165134429932
all_ic50_nM,random,ecfp_ridge,CHEMBL3661726,4.483068191131987,4.810011386871338
all_ic50_nM,random,ecfp_ridge,CHEMBL3661732,6.522878745280337,5.862467288970947
all_ic50_nM,random,ecfp_ridge,CHEMBL3661734,6.346787486224656,6.120319366455078
all_ic50_nM,random,ecfp_ridge,CHEMBL3661735,6.102372908709558,6.234449863433838
all_ic50_nM,random,ecfp_ridge,CHEMBL3661741,5.91721462968355,6.702338218688965
all_ic50_nM,random,ecfp_ridge,CHEMBL3661748,6.585026652029182,7.033129692077637
all_ic50_nM,random,ecfp_ridge,CHEMBL3661758,7.522878745280337,7.193633079528809
all_ic50_nM,random,ecfp_ridge,CHEMBL3661759,7.045757490560675,6.908804893493652
all_ic50_nM,random,ecfp_ridge,CHEMBL3661760,7.2441251443275085,7.2128472328186035
all_ic50_nM,random,ecfp_ridge,CHEMBL3661762,7.041773025725037,6.746469497680664
all_ic50_nM,random,ecfp_ridge,CHEMBL3661763,7.3979400086720375,6.790635108947754
all_ic50_nM,random,ecfp_ridge,CHEMBL3661769,7.221848749616356,6.634652137756348
all_ic50_nM,random,ecfp_ridge,CHEMBL3661771,7.045757490560675,7.12553071975708
all_ic50_nM,random,ecfp_ridge,CHEMBL3661772,7.154901959985743,7.0376505851745605
all_ic50_nM,random,ecfp_ridge,CHEMBL3661774,6.619788758288394,7.0321879386901855
all_ic50_nM,random,ecfp_ridge,CHEMBL3661778,5.675717544702307,6.19056510925293
all_ic50_nM,random,ecfp_ridge,CHEMBL3661783,6.838631997765025,7.053788185119629
all_ic50_nM,random,ecfp_ridge,CHEMBL3661788,7.154901959985743,7.351037502288818
all_ic50_nM,random,ecfp_ridge,CHEMBL3661793,6.356547323513812,6.348465919494629
all_ic50_nM,random,ecfp_ridge,CHEMBL3661794,6.3979400086720375,6.340403079986572
all_ic50_nM,random,ecfp_ridge,CHEMBL3661798,6.151810883008602,5.160572528839111
all_ic50_nM,random,ecfp_ridge,CHEMBL3661799,5.97469413473523,4.787143707275391
all_ic50_nM,random,ecfp_ridge,CHEMBL3661803,7.346787486224656,7.302492141723633
all_ic50_nM,random,ecfp_ridge,CHEMBL3661807,6.522878745280337,6.843835830688477
all_ic50_nM,random,ecfp_ridge,CHEMBL3661816,7.045757490560675,7.256011009216309
all_ic50_nM,random,ecfp_ridge,CHEMBL3661818,6.769551078621726,7.194889545440674
all_ic50_nM,random,ecfp_ridge,CHEMBL3661820,7.259637310505756,6.908707141876221
all_ic50_nM,random,ecfp_ridge,CHEMBL3661826,7.259637310505756,7.002927303314209
all_ic50_nM,random,ecfp_ridge,CHEMBL3661828,6.958607314841775,6.853475093841553
all_ic50_nM,random,ecfp_ridge,CHEMBL3661833,5.787812395596042,6.185612678527832
all_ic50_nM,random,ecfp_ridge,CHEMBL3661839,7.301029995663981,7.111963748931885
all_ic50_nM,random,ecfp_ridge,CHEMBL3661844,6.657577319177793,6.9188666343688965
all_ic50_nM,random,ecfp_ridge,CHEMBL3661845,7.698970004336019,6.351231575012207
all_ic50_nM,random,ecfp_ridge,CHEMBL3666468,6.7447274948966935,6.581550598144531
all_ic50_nM,random,ecfp_ridge,CHEMBL3666470,7.045757490560675,6.972977638244629
all_ic50_nM,random,ecfp_ridge,CHEMBL3666486,7.221848749616356,7.140601634979248
all_ic50_nM,random,ecfp_ridge,CHEMBL3666489,5.042871802323186,5.685111999511719
all_ic50_nM,random,ecfp_ridge,CHEMBL3666497,5.997833938243493,3.3059704303741455
all_ic50_nM,random,ecfp_ridge,CHEMBL3666506,5.4179366370882915,5.9798173904418945
all_ic50_nM,random,ecfp_ridge,CHEMBL3666507,5.488116639021126,4.804083824157715
all_ic50_nM,random,ecfp_ridge,CHEMBL3666508,7.6020599913279625,6.800193786621094
all_ic50_nM,random,ecfp_ridge,CHEMBL3666526,6.7447274948966935,6.561485767364502
all_ic50_nM,random,ecfp_ridge,CHEMBL3666528,5.9299621333922445,5.343025207519531
all_ic50_nM,random,ecfp_ridge,CHEMBL3666532,6.657577319177793,7.097900867462158
all_ic50_nM,random,ecfp_ridge,CHEMBL3666539,6.782516055786093,6.664186477661133
all_ic50_nM,random,ecfp_ridge,CHEMBL3666544,7.045757490560675,7.320464134216309
all_ic50_nM,random,ecfp_ridge,CHEMBL3666547,6.853871964321762,6.514738082885742
all_ic50_nM,random,ecfp_ridge,CHEMBL3666548,6.481486060122113,7.2350029945373535
all_ic50_nM,random,ecfp_ridge,CHEMBL3666550,6.341988603342887,6.489206314086914
all_ic50_nM,random,ecfp_ridge,CHEMBL3666563,6.443697499232712,6.388208866119385
all_ic50_nM,random,ecfp_ridge,CHEMBL3666567,6.508638306165727,6.342960834503174
all_ic50_nM,random,ecfp_ridge,CHEMBL3666582,5.052223291535261,5.824156761169434
all_ic50_nM,random,ecfp_ridge,CHEMBL3666591,6.585026652029182,7.037390232086182
all_ic50_nM,random,ecfp_ridge,CHEMBL3666608,7.455931955649724,7.371625900268555
all_ic50_nM,random,ecfp_ridge,CHEMBL3666611,7.3979400086720375,7.0245490074157715
all_ic50_nM,random,ecfp_ridge,CHEMBL3666612,7.259637310505756,6.720442295074463
all_ic50_nM,random,ecfp_ridge,CHEMBL3666621,7.1249387366083,6.620824337005615
all_ic50_nM,random,ecfp_ridge,CHEMBL3666628,7.187086643357144,7.038516521453857
all_ic50_nM,random,ecfp_ridge,CHEMBL3666631,6.437707135543525,5.311007976531982
all_ic50_nM,random,ecfp_ridge,CHEMBL3666634,7.221848749616356,7.511146545410156
all_ic50_nM,random,ecfp_ridge,CHEMBL3666639,7.3979400086720375,7.307534217834473
all_ic50_nM,random,ecfp_ridge,CHEMBL3666641,6.4089353929735005,6.527638912200928
all_ic50_nM,random,ecfp_ridge,CHEMBL3666644,6.978810700930062,6.480647087097168
all_ic50_nM,random,ecfp_ridge,CHEMBL3666645,7.154901959985743,7.1546430587768555
all_ic50_nM,random,ecfp_ridge,CHEMBL3666657,6.356547323513812,6.633569717407227
all_ic50_nM,random,ecfp_ridge,CHEMBL3666659,7.301029995663981,6.763184547424316
all_ic50_nM,random,ecfp_ridge,CHEMBL3666662,6.769551078621726,6.860668182373047
all_ic50_nM,random,ecfp_ridge,CHEMBL3666665,6.346787486224656,6.477899074554443
all_ic50_nM,random,ecfp_ridge,CHEMBL3666668,6.7447274948966935,6.863682270050049
all_ic50_nM,random,ecfp_ridge,CHEMBL3666675,6.619788758288394,6.949123382568359
all_ic50_nM,random,ecfp_ridge,CHEMBL3666678,6.886056647693163,6.622002601623535
all_ic50_nM,random,ecfp_ridge,CHEMBL3706851,4.636388020107856,4.284172058105469
all_ic50_nM,random,ecfp_ridge,CHEMBL3706853,4.251037138743839,4.058424472808838
all_ic50_nM,random,ecfp_ridge,CHEMBL376206,6.7121982700697735,8.267833709716797
all_ic50_nM,random,ecfp_ridge,CHEMBL377865,6.995678626217358,9.017767906188965
all_ic50_nM,random,ecfp_ridge,CHEMBL3891688,6.958607314841775,7.291123390197754
all_ic50_nM,random,ecfp_ridge,CHEMBL3892601,7.3979400086720375,7.4381513595581055
all_ic50_nM,random,ecfp_ridge,CHEMBL3892817,7.267606240177032,7.343156814575195
all_ic50_nM,random,ecfp_ridge,CHEMBL3892973,7.3872161432802645,7.515446186065674
all_ic50_nM,random,ecfp_ridge,CHEMBL3893117,7.7447274948966935,7.54982852935791
all_ic50_nM,random,ecfp_ridge,CHEMBL3894320,6.267606240177032,6.169195652008057
all_ic50_nM,random,ecfp_ridge,CHEMBL3895704,8.045757490560675,8.026954650878906
all_ic50_nM,random,ecfp_ridge,CHEMBL3896474,6.638272163982407,6.400925636291504
all_ic50_nM,random,ecfp_ridge,CHEMBL3896940,7.1487416512809245,7.130659103393555
all_ic50_nM,random,ecfp_ridge,CHEMBL3898740,6.721246399047171,6.243957996368408
all_ic50_nM,random,ecfp_ridge,CHEMBL3900209,7.619788758288394,7.666084289550781
all_ic50_nM,random,ecfp_ridge,CHEMBL3901975,7.5376020021010435,7.643259048461914
all_ic50_nM,random,ecfp_ridge,CHEMBL3902566,7.1249387366083,6.714972972869873
all_ic50_nM,random,ecfp_ridge,CHEMBL3905078,7.619788758288394,8.339254379272461
all_ic50_nM,random,ecfp_ridge,CHEMBL3907287,7.431798275933005,7.810677528381348
all_ic50_nM,random,ecfp_ridge,CHEMBL3907446,7.142667503568732,6.974766254425049
all_ic50_nM,random,ecfp_ridge,CHEMBL3907499,7.2441251443275085,7.111510753631592
all_ic50_nM,random,ecfp_ridge,CHEMBL3908254,7.229147988357855,6.987804889678955
all_ic50_nM,random,ecfp_ridge,CHEMBL3908483,7.229147988357855,7.127561569213867
all_ic50_nM,random,ecfp_ridge,CHEMBL3911378,7.026872146400302,7.207934379577637
all_ic50_nM,random,ecfp_ridge,CHEMBL3911823,7.356547323513812,7.699472427368164
all_ic50_nM,random,ecfp_ridge,CHEMBL3914145,6.958607314841775,7.070018768310547
all_ic50_nM,random,ecfp_ridge,CHEMBL3918324,7.468521082957745,7.388588905334473
all_ic50_nM,random,ecfp_ridge,CHEMBL3921854,7.142667503568732,6.7955756187438965
all_ic50_nM,random,ecfp_ridge,CHEMBL3922051,6.950781977329818,6.819886207580566
all_ic50_nM,random,ecfp_ridge,CHEMBL3922296,7.318758762624412,7.132746696472168
all_ic50_nM,random,ecfp_ridge,CHEMBL3923173,7.337242168318426,7.1861772537231445
all_ic50_nM,random,ecfp_ridge,CHEMBL3924864,6.568636235841013,6.243957996368408
all_ic50_nM,random,ecfp_ridge,CHEMBL3928810,7.318758762624412,7.237306594848633
all_ic50_nM,random,ecfp_ridge,CHEMBL3929509,6.958607314841775,7.189271926879883
all_ic50_nM,random,ecfp_ridge,CHEMBL3930427,7.107905397309519,6.997600555419922
all_ic50_nM,random,ecfp_ridge,CHEMBL3930576,7.366531544420414,7.369603157043457
all_ic50_nM,random,ecfp_ridge,CHEMBL3933902,7.275724130399211,7.268998146057129
all_ic50_nM,random,ecfp_ridge,CHEMBL3936764,7.0,7.141642093658447
all_ic50_nM,random,ecfp_ridge,CHEMBL3938900,6.688246138944246,6.9833784103393555
all_ic50_nM,random,ecfp_ridge,CHEMBL3943160,5.772113295386326,5.876582145690918
all_ic50_nM,random,ecfp_ridge,CHEMBL3944122,7.698970004336019,7.90604305267334
all_ic50_nM,random,ecfp_ridge,CHEMBL3947026,7.00436480540245,6.874530792236328
all_ic50_nM,random,ecfp_ridge,CHEMBL3947610,7.698970004336019,7.88047981262207
all_ic50_nM,random,ecfp_ridge,CHEMBL3949302,7.619788758288394,7.658257484436035
all_ic50_nM,random,ecfp_ridge,CHEMBL3954707,7.187086643357144,7.856073379516602
all_ic50_nM,random,ecfp_ridge,CHEMBL3956986,7.443697499232712,7.4620513916015625
all_ic50_nM,random,ecfp_ridge,CHEMBL3959137,6.749579997691106,7.123638153076172
all_ic50_nM,random,ecfp_ridge,CHEMBL3959828,6.337242168318426,4.323357582092285
all_ic50_nM,random,ecfp_ridge,CHEMBL3960022,7.886056647693163,7.404142379760742
all_ic50_nM,random,ecfp_ridge,CHEMBL3960666,8.045757490560675,7.753694534301758
all_ic50_nM,random,ecfp_ridge,CHEMBL3966134,7.721246399047171,7.75190544128418
all_ic50_nM,random,ecfp_ridge,CHEMBL3970635,7.318758762624412,7.73024320602417
all_ic50_nM,random,ecfp_ridge,CHEMBL3970842,7.309803919971486,7.054589748382568
all_ic50_nM,random,ecfp_ridge,CHEMBL3971732,7.795880017344075,7.490720748901367
all_ic50_nM,random,ecfp_ridge,CHEMBL3971908,7.00436480540245,7.291823387145996
all_ic50_nM,random,ecfp_ridge,CHEMBL3971978,7.7447274948966935,7.649462699890137
all_ic50_nM,random,ecfp_ridge,CHEMBL3975014,7.494850021680094,7.414032459259033
all_ic50_nM,random,ecfp_ridge,CHEMBL3975312,7.6777807052660805,6.87878942489624
all_ic50_nM,random,ecfp_ridge,CHEMBL3977322,7.013228265733755,7.312362194061279
all_ic50_nM,random,ecfp_ridge,CHEMBL3982115,7.022276394711152,7.101975440979004
all_ic50_nM,random,ecfp_ridge,CHEMBL3984143,7.0,7.080679416656494
all_ic50_nM,random,ecfp_ridge,CHEMBL4081526,5.07727454200674,5.005043983459473
all_ic50_nM,random,ecfp_ridge,CHEMBL4081658,6.795880017344075,7.255186080932617
all_ic50_nM,random,ecfp_ridge,CHEMBL4099536,4.899629454882437,5.741596221923828
all_ic50_nM,random,ecfp_ridge,CHEMBL4106711,5.94692155651658,6.581080436706543
all_ic50_nM,random,ecfp_ridge,CHEMBL4113870,7.026872146400302,6.868069648742676
all_ic50_nM,random,ecfp_ridge,CHEMBL4125982,6.102372908709558,7.060110092163086
all_ic50_nM,random,ecfp_ridge,CHEMBL4126535,5.958607314841775,6.863539218902588
all_ic50_nM,random,ecfp_ridge,CHEMBL4127027,7.161150909262744,6.842201232910156
all_ic50_nM,random,ecfp_ridge,CHEMBL4129083,5.860120913598763,7.384343147277832
all_ic50_nM,random,ecfp_ridge,CHEMBL4129431,7.481486060122112,6.9715895652771
all_ic50_nM,random,ecfp_ridge,CHEMBL4129575,7.494850021680094,7.048278331756592
all_ic50_nM,random,ecfp_ridge,CHEMBL4129812,6.698970004336019,6.761679649353027
all_ic50_nM,random,ecfp_ridge,CHEMBL4130221,6.259637310505756,6.366550445556641
all_ic50_nM,random,ecfp_ridge,CHEMBL4130300,6.6020599913279625,7.311444282531738
all_ic50_nM,random,ecfp_ridge,CHEMBL4444430,5.7447274948966935,4.915031433105469
all_ic50_nM,random,ecfp_ridge,CHEMBL4575847,7.585026652029182,8.396646499633789
all_ic50_nM,random,ecfp_ridge,CHEMBL470981,4.040624663424157,6.213491439819336
all_ic50_nM,random,ecfp_ridge,CHEMBL5749645,6.690369832574102,6.633294582366943
all_ic50_nM,random,ecfp_ridge,CHEMBL5756160,7.026872146400302,7.059017181396484
all_ic50_nM,random,ecfp_ridge,CHEMBL5768401,6.920818753952375,6.794095993041992
all_ic50_nM,random,ecfp_ridge,CHEMBL5788711,7.449771646944906,7.304237365722656
all_ic50_nM,random,ecfp_ridge,CHEMBL5788930,6.991399828238082,6.893757343292236
all_ic50_nM,random,ecfp_ridge,CHEMBL5802102,7.690369832574102,7.530666351318359
all_ic50_nM,random,ecfp_ridge,CHEMBL5816706,4.576754126063192,4.365677356719971
all_ic50_nM,random,ecfp_ridge,CHEMBL5838148,5.669992299127241,5.737807273864746
all_ic50_nM,random,ecfp_ridge,CHEMBL5839177,7.270025714300444,7.313216686248779
all_ic50_nM,random,ecfp_ridge,CHEMBL5858978,7.229884705212898,7.051291465759277
all_ic50_nM,random,ecfp_ridge,CHEMBL5863279,7.179798540514359,7.1932854652404785
all_ic50_nM,random,ecfp_ridge,CHEMBL5863699,5.26003230324049,5.0297393798828125
all_ic50_nM,random,ecfp_ridge,CHEMBL5880138,5.739928612014925,5.746255874633789
all_ic50_nM,random,ecfp_ridge,CHEMBL5888326,5.756961951313706,4.567920207977295
all_ic50_nM,random,ecfp_ridge,CHEMBL5922687,6.100179497572904,5.931611061096191
all_ic50_nM,random,ecfp_ridge,CHEMBL5925383,5.756961951313706,6.0645976066589355
all_ic50_nM,random,ecfp_ridge,CHEMBL5929854,7.100179497572904,7.310323715209961
all_ic50_nM,random,ecfp_ridge,CHEMBL5942995,6.610833915635467,6.6201581954956055
all_ic50_nM,random,ecfp_ridge,CHEMBL5944042,6.110138278741812,6.374765396118164
all_ic50_nM,random,ecfp_ridge,CHEMBL5949442,5.860120913598763,5.980875492095947
all_ic50_nM,random,ecfp_ridge,CHEMBL5955561,5.756961951313706,4.197061538696289
all_ic50_nM,random,ecfp_ridge,CHEMBL5971397,4.576754126063192,5.934385776519775
all_ic50_nM,random,ecfp_ridge,CHEMBL5972322,5.430041181903406,6.131697654724121
all_ic50_nM,random,ecfp_ridge,CHEMBL5985038,7.400116927926312,6.776938438415527
all_ic50_nM,random,ecfp_ridge,CHEMBL5990353,7.100179497572904,7.242700576782227
all_ic50_nM,random,ecfp_ridge,CHEMBL5993582,5.250031916490597,6.205437183380127
all_ic50_nM,random,ecfp_ridge,CHEMBL6035580,7.179798540514359,7.031896114349365
all_ic50_nM,random,ecfp_ridge,CHEMBL6039031,7.1598939055432425,6.8173065185546875
all_ic50_nM,random,ecfp_ridge,CHEMBL6040423,5.36997914888659,5.46174955368042
all_ic50_nM,random,ecfp_ridge,CHEMBL6046039,4.576754126063192,5.1285905838012695
all_ic50_nM,random,ecfp_ridge,CHEMBL6052895,6.489454989793388,6.737196445465088
all_ic50_nM,random,ecfp_ridge,CHEMBL6058681,7.1598939055432425,6.8173065185546875
all_ic50_nM,random,ecfp_ridge,CHEMBL6063093,4.576754126063192,5.1320600509643555
all_ic50_nM,random,ecfp_xgb,CHEMBL1256380,5.066006836168758,4.414310932159424
all_ic50_nM,random,ecfp_xgb,CHEMBL175247,4.513461485534417,4.4217529296875
all_ic50_nM,random,ecfp_xgb,CHEMBL1834179,6.522878745280337,6.362022399902344
all_ic50_nM,random,ecfp_xgb,CHEMBL1834187,6.06246936830415,6.235325813293457
all_ic50_nM,random,ecfp_xgb,CHEMBL213458,6.866461091629782,6.567781448364258
all_ic50_nM,random,ecfp_xgb,CHEMBL213635,6.134303940083929,6.884787082672119
all_ic50_nM,random,ecfp_xgb,CHEMBL214037,7.267606240177032,6.659853458404541
all_ic50_nM,random,ecfp_xgb,CHEMBL2165409,5.0,5.146924018859863
all_ic50_nM,random,ecfp_xgb,CHEMBL2165410,4.958607314841775,4.728854656219482
all_ic50_nM,random,ecfp_xgb,CHEMBL2322357,7.301029995663981,6.46497917175293
all_ic50_nM,random,ecfp_xgb,CHEMBL2322363,7.154901959985743,6.397655010223389
all_ic50_nM,random,ecfp_xgb,CHEMBL2322366,6.522878745280337,6.667906761169434
all_ic50_nM,random,ecfp_xgb,CHEMBL261706,4.605023280445436,4.966768741607666
all_ic50_nM,random,ecfp_xgb,CHEMBL3617741,7.319664486585437,7.167657852172852
all_ic50_nM,random,ecfp_xgb,CHEMBL3623456,7.698970004336019,7.165564060211182
all_ic50_nM,random,ecfp_xgb,CHEMBL3623462,6.640164517660112,6.691407680511475
all_ic50_nM,random,ecfp_xgb,CHEMBL3639606,7.259637310505756,7.119814395904541
all_ic50_nM,random,ecfp_xgb,CHEMBL3646804,8.221848749616356,8.022024154663086
all_ic50_nM,random,ecfp_xgb,CHEMBL3657586,6.638272163982407,6.490796089172363
all_ic50_nM,random,ecfp_xgb,CHEMBL3657594,6.903089986991944,6.190406799316406
all_ic50_nM,random,ecfp_xgb,CHEMBL3661636,7.346787486224656,6.7995100021362305
all_ic50_nM,random,ecfp_xgb,CHEMBL3661639,6.494850021680094,6.837423801422119
all_ic50_nM,random,ecfp_xgb,CHEMBL3661641,5.1249387366083,6.810176372528076
all_ic50_nM,random,ecfp_xgb,CHEMBL3661643,4.600620521847371,7.069082260131836
all_ic50_nM,random,ecfp_xgb,CHEMBL3661649,6.958607314841775,7.009524345397949
all_ic50_nM,random,ecfp_xgb,CHEMBL3661650,6.7447274948966935,7.0431060791015625
all_ic50_nM,random,ecfp_xgb,CHEMBL3661652,7.301029995663981,7.040655136108398
all_ic50_nM,random,ecfp_xgb,CHEMBL3661655,7.3979400086720375,7.1111297607421875
all_ic50_nM,random,ecfp_xgb,CHEMBL3661659,5.705533773838407,6.197098731994629
all_ic50_nM,random,ecfp_xgb,CHEMBL3661661,7.455931955649724,7.13062047958374
all_ic50_nM,random,ecfp_xgb,CHEMBL3661663,7.522878745280337,7.246864318847656
all_ic50_nM,random,ecfp_xgb,CHEMBL3661666,6.638272163982407,6.509485244750977
all_ic50_nM,random,ecfp_xgb,CHEMBL3661678,7.3979400086720375,7.008157253265381
all_ic50_nM,random,ecfp_xgb,CHEMBL3661680,6.886056647693163,6.945623397827148
all_ic50_nM,random,ecfp_xgb,CHEMBL3661681,7.455931955649724,6.919809818267822
all_ic50_nM,random,ecfp_xgb,CHEMBL3661683,7.455931955649724,7.077465534210205
all_ic50_nM,random,ecfp_xgb,CHEMBL3661692,7.3979400086720375,6.728631019592285
all_ic50_nM,random,ecfp_xgb,CHEMBL3661706,7.070581074285707,7.072898864746094
all_ic50_nM,random,ecfp_xgb,CHEMBL3661708,6.886056647693163,6.714395999908447
all_ic50_nM,random,ecfp_xgb,CHEMBL3661709,7.823908740944319,7.003444194793701
all_ic50_nM,random,ecfp_xgb,CHEMBL3661711,5.826813731587726,6.571882247924805
all_ic50_nM,random,ecfp_xgb,CHEMBL3661719,7.045757490560675,6.8137335777282715
all_ic50_nM,random,ecfp_xgb,CHEMBL3661726,4.483068191131987,5.7788543701171875
all_ic50_nM,random,ecfp_xgb,CHEMBL3661732,6.522878745280337,6.119041919708252
all_ic50_nM,random,ecfp_xgb,CHEMBL3661734,6.346787486224656,5.883169651031494
all_ic50_nM,random,ecfp_xgb,CHEMBL3661735,6.102372908709558,6.14042854309082
all_ic50_nM,random,ecfp_xgb,CHEMBL3661741,5.91721462968355,6.134585857391357
all_ic50_nM,random,ecfp_xgb,CHEMBL3661748,6.585026652029182,6.40679407119751
all_ic50_nM,random,ecfp_xgb,CHEMBL3661758,7.522878745280337,7.144151210784912
all_ic50_nM,random,ecfp_xgb,CHEMBL3661759,7.045757490560675,6.8483099937438965
all_ic50_nM,random,ecfp_xgb,CHEMBL3661760,7.2441251443275085,7.000061988830566
all_ic50_nM,random,ecfp_xgb,CHEMBL3661762,7.041773025725037,6.89184045791626
all_ic50_nM,random,ecfp_xgb,CHEMBL3661763,7.3979400086720375,7.0654296875
all_ic50_nM,random,ecfp_xgb,CHEMBL3661769,7.221848749616356,6.955689907073975
all_ic50_nM,random,ecfp_xgb,CHEMBL3661771,7.045757490560675,6.891463756561279
all_ic50_nM,random,ecfp_xgb,CHEMBL3661772,7.154901959985743,6.998085975646973
all_ic50_nM,random,ecfp_xgb,CHEMBL3661774,6.619788758288394,6.991898536682129
all_ic50_nM,random,ecfp_xgb,CHEMBL3661778,5.675717544702307,6.227392196655273
all_ic50_nM,random,ecfp_xgb,CHEMBL3661783,6.838631997765025,6.809231281280518
all_ic50_nM,random,ecfp_xgb,CHEMBL3661788,7.154901959985743,7.1465744972229
all_ic50_nM,random,ecfp_xgb,CHEMBL3661793,6.356547323513812,6.1615424156188965
all_ic50_nM,random,ecfp_xgb,CHEMBL3661794,6.3979400086720375,6.076936721801758
all_ic50_nM,random,ecfp_xgb,CHEMBL3661798,6.151810883008602,5.671965599060059
all_ic50_nM,random,ecfp_xgb,CHEMBL3661799,5.97469413473523,5.4228010177612305
all_ic50_nM,random,ecfp_xgb,CHEMBL3661803,7.346787486224656,7.129313945770264
all_ic50_nM,random,ecfp_xgb,CHEMBL3661807,6.522878745280337,6.282351970672607
all_ic50_nM,random,ecfp_xgb,CHEMBL3661816,7.045757490560675,7.122830390930176
all_ic50_nM,random,ecfp_xgb,CHEMBL3661818,6.769551078621726,7.178378582000732
all_ic50_nM,random,ecfp_xgb,CHEMBL3661820,7.259637310505756,7.14780330657959
all_ic50_nM,random,ecfp_xgb,CHEMBL3661826,7.259637310505756,7.017694473266602
all_ic50_nM,random,ecfp_xgb,CHEMBL3661828,6.958607314841775,6.7657318115234375
all_ic50_nM,random,ecfp_xgb,CHEMBL3661833,5.787812395596042,6.451516628265381
all_ic50_nM,random,ecfp_xgb,CHEMBL3661839,7.301029995663981,7.190816402435303
all_ic50_nM,random,ecfp_xgb,CHEMBL3661844,6.657577319177793,6.924260139465332
all_ic50_nM,random,ecfp_xgb,CHEMBL3661845,7.698970004336019,6.923464298248291
all_ic50_nM,random,ecfp_xgb,CHEMBL3666468,6.7447274948966935,7.175311088562012
all_ic50_nM,random,ecfp_xgb,CHEMBL3666470,7.045757490560675,6.784265041351318
all_ic50_nM,random,ecfp_xgb,CHEMBL3666486,7.221848749616356,6.80619478225708
all_ic50_nM,random,ecfp_xgb,CHEMBL3666489,5.042871802323186,5.482482433319092
all_ic50_nM,random,ecfp_xgb,CHEMBL3666497,5.997833938243493,5.347106456756592
all_ic50_nM,random,ecfp_xgb,CHEMBL3666506,5.4179366370882915,5.787054061889648
all_ic50_nM,random,ecfp_xgb,CHEMBL3666507,5.488116639021126,5.129419803619385
all_ic50_nM,random,ecfp_xgb,CHEMBL3666508,7.6020599913279625,6.538337230682373
all_ic50_nM,random,ecfp_xgb,CHEMBL3666526,6.7447274948966935,6.376701354980469
all_ic50_nM,random,ecfp_xgb,CHEMBL3666528,5.9299621333922445,6.321028232574463
all_ic50_nM,random,ecfp_xgb,CHEMBL3666532,6.657577319177793,7.02893590927124
all_ic50_nM,random,ecfp_xgb,CHEMBL3666539,6.782516055786093,6.544624328613281
all_ic50_nM,random,ecfp_xgb,CHEMBL3666544,7.045757490560675,7.138883113861084
all_ic50_nM,random,ecfp_xgb,CHEMBL3666547,6.853871964321762,6.821270942687988
all_ic50_nM,random,ecfp_xgb,CHEMBL3666548,6.481486060122113,6.270582675933838
all_ic50_nM,random,ecfp_xgb,CHEMBL3666550,6.341988603342887,6.303199291229248
all_ic50_nM,random,ecfp_xgb,CHEMBL3666563,6.443697499232712,6.450371742248535
all_ic50_nM,random,ecfp_xgb,CHEMBL3666567,6.508638306165727,6.346346378326416
all_ic50_nM,random,ecfp_xgb,CHEMBL3666582,5.052223291535261,5.116064071655273
all_ic50_nM,random,ecfp_xgb,CHEMBL3666591,6.585026652029182,7.0577778816223145
all_ic50_nM,random,ecfp_xgb,CHEMBL3666608,7.455931955649724,7.2861409187316895
all_ic50_nM,random,ecfp_xgb,CHEMBL3666611,7.3979400086720375,7.315366268157959
all_ic50_nM,random,ecfp_xgb,CHEMBL3666612,7.259637310505756,6.883875846862793
all_ic50_nM,random,ecfp_xgb,CHEMBL3666621,7.1249387366083,6.78320837020874
all_ic50_nM,random,ecfp_xgb,CHEMBL3666628,7.187086643357144,7.208603858947754
all_ic50_nM,random,ecfp_xgb,CHEMBL3666631,6.437707135543525,5.896304607391357
all_ic50_nM,random,ecfp_xgb,CHEMBL3666634,7.221848749616356,7.393212795257568
all_ic50_nM,random,ecfp_xgb,CHEMBL3666639,7.3979400086720375,7.354307651519775
all_ic50_nM,random,ecfp_xgb,CHEMBL3666641,6.4089353929735005,7.058032512664795
all_ic50_nM,random,ecfp_xgb,CHEMBL3666644,6.978810700930062,6.661190986633301
all_ic50_nM,random,ecfp_xgb,CHEMBL3666645,7.154901959985743,6.831958770751953
all_ic50_nM,random,ecfp_xgb,CHEMBL3666657,6.356547323513812,6.772965431213379
all_ic50_nM,random,ecfp_xgb,CHEMBL3666659,7.301029995663981,6.831246852874756
all_ic50_nM,random,ecfp_xgb,CHEMBL3666662,6.769551078621726,7.092838764190674
all_ic50_nM,random,ecfp_xgb,CHEMBL3666665,6.346787486224656,6.712986469268799
all_ic50_nM,random,ecfp_xgb,CHEMBL3666668,6.7447274948966935,6.508647441864014
all_ic50_nM,random,ecfp_xgb,CHEMBL3666675,6.619788758288394,6.920297145843506
all_ic50_nM,random,ecfp_xgb,CHEMBL3666678,6.886056647693163,6.289478778839111
all_ic50_nM,random,ecfp_xgb,CHEMBL3706851,4.636388020107856,4.562768459320068
all_ic50_nM,random,ecfp_xgb,CHEMBL3706853,4.251037138743839,4.470303535461426
all_ic50_nM,random,ecfp_xgb,CHEMBL376206,6.7121982700697735,6.909053802490234
all_ic50_nM,random,ecfp_xgb,CHEMBL377865,6.995678626217358,6.925036430358887
all_ic50_nM,random,ecfp_xgb,CHEMBL3891688,6.958607314841775,7.422040939331055
all_ic50_nM,random,ecfp_xgb,CHEMBL3892601,7.3979400086720375,7.524580478668213
all_ic50_nM,random,ecfp_xgb,CHEMBL3892817,7.267606240177032,7.331802845001221
all_ic50_nM,random,ecfp_xgb,CHEMBL3892973,7.3872161432802645,7.436990737915039
all_ic50_nM,random,ecfp_xgb,CHEMBL3893117,7.7447274948966935,7.4485297203063965
all_ic50_nM,random,ecfp_xgb,CHEMBL3894320,6.267606240177032,6.318654537200928
all_ic50_nM,random,ecfp_xgb,CHEMBL3895704,8.045757490560675,7.8900675773620605
all_ic50_nM,random,ecfp_xgb,CHEMBL3896474,6.638272163982407,6.444146633148193
all_ic50_nM,random,ecfp_xgb,CHEMBL3896940,7.1487416512809245,7.124907493591309
all_ic50_nM,random,ecfp_xgb,CHEMBL3898740,6.721246399047171,6.324095726013184
all_ic50_nM,random,ecfp_xgb,CHEMBL3900209,7.619788758288394,7.45772123336792
all_ic50_nM,random,ecfp_xgb,CHEMBL3901975,7.5376020021010435,7.563638210296631
all_ic50_nM,random,ecfp_xgb,CHEMBL3902566,7.1249387366083,7.094266891479492
all_ic50_nM,random,ecfp_xgb,CHEMBL3905078,7.619788758288394,7.52924108505249
all_ic50_nM,random,ecfp_xgb,CHEMBL3907287,7.431798275933005,6.9672369956970215
all_ic50_nM,random,ecfp_xgb,CHEMBL3907446,7.142667503568732,7.39192533493042
all_ic50_nM,random,ecfp_xgb,CHEMBL3907499,7.2441251443275085,6.520880699157715
all_ic50_nM,random,ecfp_xgb,CHEMBL3908254,7.229147988357855,6.845209121704102
all_ic50_nM,random,ecfp_xgb,CHEMBL3908483,7.229147988357855,6.972934722900391
all_ic50_nM,random,ecfp_xgb,CHEMBL3911378,7.026872146400302,7.003897666931152
all_ic50_nM,random,ecfp_xgb,CHEMBL3911823,7.356547323513812,7.673755168914795
all_ic50_nM,random,ecfp_xgb,CHEMBL3914145,6.958607314841775,7.384660720825195
all_ic50_nM,random,ecfp_xgb,CHEMBL3918324,7.468521082957745,7.669109344482422
all_ic50_nM,random,ecfp_xgb,CHEMBL3921854,7.142667503568732,6.974966526031494
all_ic50_nM,random,ecfp_xgb,CHEMBL3922051,6.950781977329818,7.157097816467285
all_ic50_nM,random,ecfp_xgb,CHEMBL3922296,7.318758762624412,7.548025608062744
all_ic50_nM,random,ecfp_xgb,CHEMBL3923173,7.337242168318426,7.311398029327393
all_ic50_nM,random,ecfp_xgb,CHEMBL3924864,6.568636235841013,6.324095726013184
all_ic50_nM,random,ecfp_xgb,CHEMBL3928810,7.318758762624412,7.1140947341918945
all_ic50_nM,random,ecfp_xgb,CHEMBL3929509,6.958607314841775,7.110199928283691
all_ic50_nM,random,ecfp_xgb,CHEMBL3930427,7.107905397309519,6.906609058380127
all_ic50_nM,random,ecfp_xgb,CHEMBL3930576,7.366531544420414,7.535287380218506
all_ic50_nM,random,ecfp_xgb,CHEMBL3933902,7.275724130399211,7.396763324737549
all_ic50_nM,random,ecfp_xgb,CHEMBL3936764,7.0,6.843678951263428
all_ic50_nM,random,ecfp_xgb,CHEMBL3938900,6.688246138944246,6.709974765777588
all_ic50_nM,random,ecfp_xgb,CHEMBL3943160,5.772113295386326,6.423062801361084
all_ic50_nM,random,ecfp_xgb,CHEMBL3944122,7.698970004336019,7.835577964782715
all_ic50_nM,random,ecfp_xgb,CHEMBL3947026,7.00436480540245,6.745209693908691
all_ic50_nM,random,ecfp_xgb,CHEMBL3947610,7.698970004336019,7.725300312042236
all_ic50_nM,random,ecfp_xgb,CHEMBL3949302,7.619788758288394,7.579694747924805
all_ic50_nM,random,ecfp_xgb,CHEMBL3954707,7.187086643357144,7.554784297943115
all_ic50_nM,random,ecfp_xgb,CHEMBL3956986,7.443697499232712,7.467771530151367
all_ic50_nM,random,ecfp_xgb,CHEMBL3959137,6.749579997691106,7.183988571166992
all_ic50_nM,random,ecfp_xgb,CHEMBL3959828,6.337242168318426,5.450568675994873
all_ic50_nM,random,ecfp_xgb,CHEMBL3960022,7.886056647693163,7.562182426452637
all_ic50_nM,random,ecfp_xgb,CHEMBL3960666,8.045757490560675,7.772856712341309
all_ic50_nM,random,ecfp_xgb,CHEMBL3966134,7.721246399047171,7.817653656005859
all_ic50_nM,random,ecfp_xgb,CHEMBL3970635,7.318758762624412,7.841089248657227
all_ic50_nM,random,ecfp_xgb,CHEMBL3970842,7.309803919971486,7.169765472412109
all_ic50_nM,random,ecfp_xgb,CHEMBL3971732,7.795880017344075,7.71026086807251
all_ic50_nM,random,ecfp_xgb,CHEMBL3971908,7.00436480540245,7.2071099281311035
all_ic50_nM,random,ecfp_xgb,CHEMBL3971978,7.7447274948966935,7.528159141540527
all_ic50_nM,random,ecfp_xgb,CHEMBL3975014,7.494850021680094,6.264251232147217
all_ic50_nM,random,ecfp_xgb,CHEMBL3975312,7.6777807052660805,7.285891532897949
all_ic50_nM,random,ecfp_xgb,CHEMBL3977322,7.013228265733755,7.047971725463867
all_ic50_nM,random,ecfp_xgb,CHEMBL3982115,7.022276394711152,7.2320075035095215
all_ic50_nM,random,ecfp_xgb,CHEMBL3984143,7.0,7.11176061630249
all_ic50_nM,random,ecfp_xgb,CHEMBL4081526,5.07727454200674,5.234169006347656
all_ic50_nM,random,ecfp_xgb,CHEMBL4081658,6.795880017344075,5.906075477600098
all_ic50_nM,random,ecfp_xgb,CHEMBL4099536,4.899629454882437,5.5412092208862305
all_ic50_nM,random,ecfp_xgb,CHEMBL4106711,5.94692155651658,6.850040435791016
all_ic50_nM,random,ecfp_xgb,CHEMBL4113870,7.026872146400302,6.384088516235352
all_ic50_nM,random,ecfp_xgb,CHEMBL4125982,6.102372908709558,6.409758567810059
all_ic50_nM,random,ecfp_xgb,CHEMBL4126535,5.958607314841775,6.442564964294434
all_ic50_nM,random,ecfp_xgb,CHEMBL4127027,7.161150909262744,6.271114349365234
all_ic50_nM,random,ecfp_xgb,CHEMBL4129083,5.860120913598763,6.464320182800293
all_ic50_nM,random,ecfp_xgb,CHEMBL4129431,7.481486060122112,6.795689582824707
all_ic50_nM,random,ecfp_xgb,CHEMBL4129575,7.494850021680094,7.287450313568115
all_ic50_nM,random,ecfp_xgb,CHEMBL4129812,6.698970004336019,6.613114833831787
all_ic50_nM,random,ecfp_xgb,CHEMBL4130221,6.259637310505756,6.608524799346924
all_ic50_nM,random,ecfp_xgb,CHEMBL4130300,6.6020599913279625,6.515965461730957
all_ic50_nM,random,ecfp_xgb,CHEMBL4444430,5.7447274948966935,5.246516227722168
all_ic50_nM,random,ecfp_xgb,CHEMBL4575847,7.585026652029182,7.363154888153076
all_ic50_nM,random,ecfp_xgb,CHEMBL470981,4.040624663424157,4.476749897003174
all_ic50_nM,random,ecfp_xgb,CHEMBL5749645,6.690369832574102,6.7231879234313965
all_ic50_nM,random,ecfp_xgb,CHEMBL5756160,7.026872146400302,7.194538116455078
all_ic50_nM,random,ecfp_xgb,CHEMBL5768401,6.920818753952375,6.9700398445129395
all_ic50_nM,random,ecfp_xgb,CHEMBL5788711,7.449771646944906,7.358831882476807
all_ic50_nM,random,ecfp_xgb,CHEMBL5788930,6.991399828238082,6.887206077575684
all_ic50_nM,random,ecfp_xgb,CHEMBL5802102,7.690369832574102,7.40421724319458
all_ic50_nM,random,ecfp_xgb,CHEMBL5816706,4.576754126063192,5.16196870803833
all_ic50_nM,random,ecfp_xgb,CHEMBL5838148,5.669992299127241,6.561417102813721
all_ic50_nM,random,ecfp_xgb,CHEMBL5839177,7.270025714300444,7.260021209716797
all_ic50_nM,random,ecfp_xgb,CHEMBL5858978,7.229884705212898,7.1968302726745605
all_ic50_nM,random,ecfp_xgb,CHEMBL5863279,7.179798540514359,7.135826110839844
all_ic50_nM,random,ecfp_xgb,CHEMBL5863699,5.26003230324049,5.666073799133301
all_ic50_nM,random,ecfp_xgb,CHEMBL5880138,5.739928612014925,5.991230010986328
all_ic50_nM,random,ecfp_xgb,CHEMBL5888326,5.756961951313706,4.721850872039795
all_ic50_nM,random,ecfp_xgb,CHEMBL5922687,6.100179497572904,6.02945613861084
all_ic50_nM,random,ecfp_xgb,CHEMBL5925383,5.756961951313706,5.039741516113281
all_ic50_nM,random,ecfp_xgb,CHEMBL5929854,7.100179497572904,7.200209617614746
all_ic50_nM,random,ecfp_xgb,CHEMBL5942995,6.610833915635467,6.8308844566345215
all_ic50_nM,random,ecfp_xgb,CHEMBL5944042,6.110138278741812,6.755148410797119
all_ic50_nM,random,ecfp_xgb,CHEMBL5949442,5.860120913598763,6.502072811126709
all_ic50_nM,random,ecfp_xgb,CHEMBL5955561,5.756961951313706,5.01383638381958
all_ic50_nM,random,ecfp_xgb,CHEMBL5971397,4.576754126063192,5.6696624755859375
all_ic50_nM,random,ecfp_xgb,CHEMBL5972322,5.430041181903406,6.605854034423828
all_ic50_nM,random,ecfp_xgb,CHEMBL5985038,7.400116927926312,6.569222450256348
all_ic50_nM,random,ecfp_xgb,CHEMBL5990353,7.100179497572904,7.165836811065674
all_ic50_nM,random,ecfp_xgb,CHEMBL5993582,5.250031916490597,6.039495944976807
all_ic50_nM,random,ecfp_xgb,CHEMBL6035580,7.179798540514359,6.960644245147705
all_ic50_nM,random,ecfp_xgb,CHEMBL6039031,7.1598939055432425,6.77984619140625
all_ic50_nM,random,ecfp_xgb,CHEMBL6040423,5.36997914888659,6.014711380004883
all_ic50_nM,random,ecfp_xgb,CHEMBL6046039,4.576754126063192,5.690011501312256
all_ic50_nM,random,ecfp_xgb,CHEMBL6052895,6.489454989793388,6.787358283996582
all_ic50_nM,random,ecfp_xgb,CHEMBL6058681,7.1598939055432425,6.77984619140625
all_ic50_nM,random,ecfp_xgb,CHEMBL6063093,4.576754126063192,5.753623962402344
all_ic50_nM,random,mean,CHEMBL1256380,5.066006836168758,6.679976828015843
all_ic50_nM,random,mean,CHEMBL175247,4.513461485534417,6.679976828015843
all_ic50_nM,random,mean,CHEMBL1834179,6.522878745280337,6.679976828015843
all_ic50_nM,random,mean,CHEMBL1834187,6.06246936830415,6.679976828015843
all_ic50_nM,random,mean,CHEMBL213458,6.866461091629782,6.679976828015843
all_ic50_nM,random,mean,CHEMBL213635,6.134303940083929,6.679976828015843
all_ic50_nM,random,mean,CHEMBL214037,7.267606240177032,6.679976828015843
all_ic50_nM,random,mean,CHEMBL2165409,5.0,6.679976828015843
all_ic50_nM,random,mean,CHEMBL2165410,4.958607314841775,6.679976828015843
all_ic50_nM,random,mean,CHEMBL2322357,7.301029995663981,6.679976828015843
all_ic50_nM,random,mean,CHEMBL2322363,7.154901959985743,6.679976828015843
all_ic50_nM,random,mean,CHEMBL2322366,6.522878745280337,6.679976828015843
all_ic50_nM,random,mean,CHEMBL261706,4.605023280445436,6.679976828015843
all_ic50_nM,random,mean,CHEMBL3617741,7.319664486585437,6.679976828015843
all_ic50_nM,random,mean,CHEMBL3623456,7.698970004336019,6.679976828015843
all_ic50_nM,random,mean,CHEMBL3623462,6.640164517660112,6.679976828015843
all_ic50_nM,random,mean,CHEMBL3639606,7.259637310505756,6.679976828015843
all_ic50_nM,random,mean,CHEMBL3646804,8.221848749616356,6.679976828015843
all_ic50_nM,random,mean,CHEMBL3657586,6.638272163982407,6.679976828015843
all_ic50_nM,random,mean,CHEMBL3657594,6.903089986991944,6.679976828015843
all_ic50_nM,random,mean,CHEMBL3661636,7.346787486224656,6.679976828015843
all_ic50_nM,random,mean,CHEMBL3661639,6.494850021680094,6.679976828015843
all_ic50_nM,random,mean,CHEMBL3661641,5.1249387366083,6.679976828015843
all_ic50_nM,random,mean,CHEMBL3661643,4.600620521847371,6.679976828015843
all_ic50_nM,random,mean,CHEMBL3661649,6.958607314841775,6.679976828015843
all_ic50_nM,random,mean,CHEMBL3661650,6.7447274948966935,6.679976828015843
all_ic50_nM,random,mean,CHEMBL3661652,7.301029995663981,6.679976828015843
all_ic50_nM,random,mean,CHEMBL3661655,7.3979400086720375,6.679976828015843
all_ic50_nM,random,mean,CHEMBL3661659,5.705533773838407,6.679976828015843
all_ic50_nM,random,mean,CHEMBL3661661,7.455931955649724,6.679976828015843
all_ic50_nM,random,mean,CHEMBL3661663,7.522878745280337,6.679976828015843
all_ic50_nM,random,mean,CHEMBL3661666,6.638272163982407,6.679976828015843
all_ic50_nM,random,mean,CHEMBL3661678,7.3979400086720375,6.679976828015843
all_ic50_nM,random,mean,CHEMBL3661680,6.886056647693163,6.679976828015843
all_ic50_nM,random,mean,CHEMBL3661681,7.455931955649724,6.679976828015843
all_ic50_nM,random,mean,CHEMBL3661683,7.455931955649724,6.679976828015843
all_ic50_nM,random,mean,CHEMBL3661692,7.3979400086720375,6.679976828015843
all_ic50_nM,random,mean,CHEMBL3661706,7.070581074285707,6.679976828015843
all_ic50_nM,random,mean,CHEMBL3661708,6.886056647693163,6.679976828015843
all_ic50_nM,random,mean,CHEMBL3661709,7.823908740944319,6.679976828015843
all_ic50_nM,random,mean,CHEMBL3661711,5.826813731587726,6.679976828015843
all_ic50_nM,random,mean,CHEMBL3661719,7.045757490560675,6.679976828015843
all_ic50_nM,random,mean,CHEMBL3661726,4.483068191131987,6.679976828015843
all_ic50_nM,random,mean,CHEMBL3661732,6.522878745280337,6.679976828015843
all_ic50_nM,random,mean,CHEMBL3661734,6.346787486224656,6.679976828015843
all_ic50_nM,random,mean,CHEMBL3661735,6.102372908709558,6.679976828015843
all_ic50_nM,random,mean,CHEMBL3661741,5.91721462968355,6.679976828015843
all_ic50_nM,random,mean,CHEMBL3661748,6.585026652029182,6.679976828015843
all_ic50_nM,random,mean,CHEMBL3661758,7.522878745280337,6.679976828015843
all_ic50_nM,random,mean,CHEMBL3661759,7.045757490560675,6.679976828015843
all_ic50_nM,random,mean,CHEMBL3661760,7.2441251443275085,6.679976828015843
all_ic50_nM,random,mean,CHEMBL3661762,7.041773025725037,6.679976828015843
all_ic50_nM,random,mean,CHEMBL3661763,7.3979400086720375,6.679976828015843
all_ic50_nM,random,mean,CHEMBL3661769,7.221848749616356,6.679976828015843
all_ic50_nM,random,mean,CHEMBL3661771,7.045757490560675,6.679976828015843
all_ic50_nM,random,mean,CHEMBL3661772,7.154901959985743,6.679976828015843
all_ic50_nM,random,mean,CHEMBL3661774,6.619788758288394,6.679976828015843
all_ic50_nM,random,mean,CHEMBL3661778,5.675717544702307,6.679976828015843
all_ic50_nM,random,mean,CHEMBL3661783,6.838631997765025,6.679976828015843
all_ic50_nM,random,mean,CHEMBL3661788,7.154901959985743,6.679976828015843
all_ic50_nM,random,mean,CHEMBL3661793,6.356547323513812,6.679976828015843
all_ic50_nM,random,mean,CHEMBL3661794,6.3979400086720375,6.679976828015843
all_ic50_nM,random,mean,CHEMBL3661798,6.151810883008602,6.679976828015843
all_ic50_nM,random,mean,CHEMBL3661799,5.97469413473523,6.679976828015843
all_ic50_nM,random,mean,CHEMBL3661803,7.346787486224656,6.679976828015843
all_ic50_nM,random,mean,CHEMBL3661807,6.522878745280337,6.679976828015843
all_ic50_nM,random,mean,CHEMBL3661816,7.045757490560675,6.679976828015843
all_ic50_nM,random,mean,CHEMBL3661818,6.769551078621726,6.679976828015843
all_ic50_nM,random,mean,CHEMBL3661820,7.259637310505756,6.679976828015843
all_ic50_nM,random,mean,CHEMBL3661826,7.259637310505756,6.679976828015843
all_ic50_nM,random,mean,CHEMBL3661828,6.958607314841775,6.679976828015843
all_ic50_nM,random,mean,CHEMBL3661833,5.787812395596042,6.679976828015843
all_ic50_nM,random,mean,CHEMBL3661839,7.301029995663981,6.679976828015843
all_ic50_nM,random,mean,CHEMBL3661844,6.657577319177793,6.679976828015843
all_ic50_nM,random,mean,CHEMBL3661845,7.698970004336019,6.679976828015843
all_ic50_nM,random,mean,CHEMBL3666468,6.7447274948966935,6.679976828015843
all_ic50_nM,random,mean,CHEMBL3666470,7.045757490560675,6.679976828015843
all_ic50_nM,random,mean,CHEMBL3666486,7.221848749616356,6.679976828015843
all_ic50_nM,random,mean,CHEMBL3666489,5.042871802323186,6.679976828015843
all_ic50_nM,random,mean,CHEMBL3666497,5.997833938243493,6.679976828015843
all_ic50_nM,random,mean,CHEMBL3666506,5.4179366370882915,6.679976828015843
all_ic50_nM,random,mean,CHEMBL3666507,5.488116639021126,6.679976828015843
all_ic50_nM,random,mean,CHEMBL3666508,7.6020599913279625,6.679976828015843
all_ic50_nM,random,mean,CHEMBL3666526,6.7447274948966935,6.679976828015843
all_ic50_nM,random,mean,CHEMBL3666528,5.9299621333922445,6.679976828015843
all_ic50_nM,random,mean,CHEMBL3666532,6.657577319177793,6.679976828015843
all_ic50_nM,random,mean,CHEMBL3666539,6.782516055786093,6.679976828015843
all_ic50_nM,random,mean,CHEMBL3666544,7.045757490560675,6.679976828015843
all_ic50_nM,random,mean,CHEMBL3666547,6.853871964321762,6.679976828015843
all_ic50_nM,random,mean,CHEMBL3666548,6.481486060122113,6.679976828015843
all_ic50_nM,random,mean,CHEMBL3666550,6.341988603342887,6.679976828015843
all_ic50_nM,random,mean,CHEMBL3666563,6.443697499232712,6.679976828015843
all_ic50_nM,random,mean,CHEMBL3666567,6.508638306165727,6.679976828015843
all_ic50_nM,random,mean,CHEMBL3666582,5.052223291535261,6.679976828015843
all_ic50_nM,random,mean,CHEMBL3666591,6.585026652029182,6.679976828015843
all_ic50_nM,random,mean,CHEMBL3666608,7.455931955649724,6.679976828015843
all_ic50_nM,random,mean,CHEMBL3666611,7.3979400086720375,6.679976828015843
all_ic50_nM,random,mean,CHEMBL3666612,7.259637310505756,6.679976828015843
all_ic50_nM,random,mean,CHEMBL3666621,7.1249387366083,6.679976828015843
all_ic50_nM,random,mean,CHEMBL3666628,7.187086643357144,6.679976828015843
all_ic50_nM,random,mean,CHEMBL3666631,6.437707135543525,6.679976828015843
all_ic50_nM,random,mean,CHEMBL3666634,7.221848749616356,6.679976828015843
all_ic50_nM,random,mean,CHEMBL3666639,7.3979400086720375,6.679976828015843
all_ic50_nM,random,mean,CHEMBL3666641,6.4089353929735005,6.679976828015843
all_ic50_nM,random,mean,CHEMBL3666644,6.978810700930062,6.679976828015843
all_ic50_nM,random,mean,CHEMBL3666645,7.154901959985743,6.679976828015843
all_ic50_nM,random,mean,CHEMBL3666657,6.356547323513812,6.679976828015843
all_ic50_nM,random,mean,CHEMBL3666659,7.301029995663981,6.679976828015843
all_ic50_nM,random,mean,CHEMBL3666662,6.769551078621726,6.679976828015843
all_ic50_nM,random,mean,CHEMBL3666665,6.346787486224656,6.679976828015843
all_ic50_nM,random,mean,CHEMBL3666668,6.7447274948966935,6.679976828015843
all_ic50_nM,random,mean,CHEMBL3666675,6.619788758288394,6.679976828015843
all_ic50_nM,random,mean,CHEMBL3666678,6.886056647693163,6.679976828015843
all_ic50_nM,random,mean,CHEMBL3706851,4.636388020107856,6.679976828015843
all_ic50_nM,random,mean,CHEMBL3706853,4.251037138743839,6.679976828015843
all_ic50_nM,random,mean,CHEMBL376206,6.7121982700697735,6.679976828015843
all_ic50_nM,random,mean,CHEMBL377865,6.995678626217358,6.679976828015843
all_ic50_nM,random,mean,CHEMBL3891688,6.958607314841775,6.679976828015843
all_ic50_nM,random,mean,CHEMBL3892601,7.3979400086720375,6.679976828015843
all_ic50_nM,random,mean,CHEMBL3892817,7.267606240177032,6.679976828015843
all_ic50_nM,random,mean,CHEMBL3892973,7.3872161432802645,6.679976828015843
all_ic50_nM,random,mean,CHEMBL3893117,7.7447274948966935,6.679976828015843
all_ic50_nM,random,mean,CHEMBL3894320,6.267606240177032,6.679976828015843
all_ic50_nM,random,mean,CHEMBL3895704,8.045757490560675,6.679976828015843
all_ic50_nM,random,mean,CHEMBL3896474,6.638272163982407,6.679976828015843
all_ic50_nM,random,mean,CHEMBL3896940,7.1487416512809245,6.679976828015843
all_ic50_nM,random,mean,CHEMBL3898740,6.721246399047171,6.679976828015843
all_ic50_nM,random,mean,CHEMBL3900209,7.619788758288394,6.679976828015843
all_ic50_nM,random,mean,CHEMBL3901975,7.5376020021010435,6.679976828015843
all_ic50_nM,random,mean,CHEMBL3902566,7.1249387366083,6.679976828015843
all_ic50_nM,random,mean,CHEMBL3905078,7.619788758288394,6.679976828015843
all_ic50_nM,random,mean,CHEMBL3907287,7.431798275933005,6.679976828015843
all_ic50_nM,random,mean,CHEMBL3907446,7.142667503568732,6.679976828015843
all_ic50_nM,random,mean,CHEMBL3907499,7.2441251443275085,6.679976828015843
all_ic50_nM,random,mean,CHEMBL3908254,7.229147988357855,6.679976828015843
all_ic50_nM,random,mean,CHEMBL3908483,7.229147988357855,6.679976828015843
all_ic50_nM,random,mean,CHEMBL3911378,7.026872146400302,6.679976828015843
all_ic50_nM,random,mean,CHEMBL3911823,7.356547323513812,6.679976828015843
all_ic50_nM,random,mean,CHEMBL3914145,6.958607314841775,6.679976828015843
all_ic50_nM,random,mean,CHEMBL3918324,7.468521082957745,6.679976828015843
all_ic50_nM,random,mean,CHEMBL3921854,7.142667503568732,6.679976828015843
all_ic50_nM,random,mean,CHEMBL3922051,6.950781977329818,6.679976828015843
all_ic50_nM,random,mean,CHEMBL3922296,7.318758762624412,6.679976828015843
all_ic50_nM,random,mean,CHEMBL3923173,7.337242168318426,6.679976828015843
all_ic50_nM,random,mean,CHEMBL3924864,6.568636235841013,6.679976828015843
all_ic50_nM,random,mean,CHEMBL3928810,7.318758762624412,6.679976828015843
all_ic50_nM,random,mean,CHEMBL3929509,6.958607314841775,6.679976828015843
all_ic50_nM,random,mean,CHEMBL3930427,7.107905397309519,6.679976828015843
all_ic50_nM,random,mean,CHEMBL3930576,7.366531544420414,6.679976828015843
all_ic50_nM,random,mean,CHEMBL3933902,7.275724130399211,6.679976828015843
all_ic50_nM,random,mean,CHEMBL3936764,7.0,6.679976828015843
all_ic50_nM,random,mean,CHEMBL3938900,6.688246138944246,6.679976828015843
all_ic50_nM,random,mean,CHEMBL3943160,5.772113295386326,6.679976828015843
all_ic50_nM,random,mean,CHEMBL3944122,7.698970004336019,6.679976828015843
all_ic50_nM,random,mean,CHEMBL3947026,7.00436480540245,6.679976828015843
all_ic50_nM,random,mean,CHEMBL3947610,7.698970004336019,6.679976828015843
all_ic50_nM,random,mean,CHEMBL3949302,7.619788758288394,6.679976828015843
all_ic50_nM,random,mean,CHEMBL3954707,7.187086643357144,6.679976828015843
all_ic50_nM,random,mean,CHEMBL3956986,7.443697499232712,6.679976828015843
all_ic50_nM,random,mean,CHEMBL3959137,6.749579997691106,6.679976828015843
all_ic50_nM,random,mean,CHEMBL3959828,6.337242168318426,6.679976828015843
all_ic50_nM,random,mean,CHEMBL3960022,7.886056647693163,6.679976828015843
all_ic50_nM,random,mean,CHEMBL3960666,8.045757490560675,6.679976828015843
all_ic50_nM,random,mean,CHEMBL3966134,7.721246399047171,6.679976828015843
all_ic50_nM,random,mean,CHEMBL3970635,7.318758762624412,6.679976828015843
all_ic50_nM,random,mean,CHEMBL3970842,7.309803919971486,6.679976828015843
all_ic50_nM,random,mean,CHEMBL3971732,7.795880017344075,6.679976828015843
all_ic50_nM,random,mean,CHEMBL3971908,7.00436480540245,6.679976828015843
all_ic50_nM,random,mean,CHEMBL3971978,7.7447274948966935,6.679976828015843
all_ic50_nM,random,mean,CHEMBL3975014,7.494850021680094,6.679976828015843
all_ic50_nM,random,mean,CHEMBL3975312,7.6777807052660805,6.679976828015843
all_ic50_nM,random,mean,CHEMBL3977322,7.013228265733755,6.679976828015843
all_ic50_nM,random,mean,CHEMBL3982115,7.022276394711152,6.679976828015843
all_ic50_nM,random,mean,CHEMBL3984143,7.0,6.679976828015843
all_ic50_nM,random,mean,CHEMBL4081526,5.07727454200674,6.679976828015843
all_ic50_nM,random,mean,CHEMBL4081658,6.795880017344075,6.679976828015843
all_ic50_nM,random,mean,CHEMBL4099536,4.899629454882437,6.679976828015843
all_ic50_nM,random,mean,CHEMBL4106711,5.94692155651658,6.679976828015843
all_ic50_nM,random,mean,CHEMBL4113870,7.026872146400302,6.679976828015843
all_ic50_nM,random,mean,CHEMBL4125982,6.102372908709558,6.679976828015843
all_ic50_nM,random,mean,CHEMBL4126535,5.958607314841775,6.679976828015843
all_ic50_nM,random,mean,CHEMBL4127027,7.161150909262744,6.679976828015843
all_ic50_nM,random,mean,CHEMBL4129083,5.860120913598763,6.679976828015843
all_ic50_nM,random,mean,CHEMBL4129431,7.481486060122112,6.679976828015843
all_ic50_nM,random,mean,CHEMBL4129575,7.494850021680094,6.679976828015843
all_ic50_nM,random,mean,CHEMBL4129812,6.698970004336019,6.679976828015843
all_ic50_nM,random,mean,CHEMBL4130221,6.259637310505756,6.679976828015843
all_ic50_nM,random,mean,CHEMBL4130300,6.6020599913279625,6.679976828015843
all_ic50_nM,random,mean,CHEMBL4444430,5.7447274948966935,6.679976828015843
all_ic50_nM,random,mean,CHEMBL4575847,7.585026652029182,6.679976828015843
all_ic50_nM,random,mean,CHEMBL470981,4.040624663424157,6.679976828015843
all_ic50_nM,random,mean,CHEMBL5749645,6.690369832574102,6.679976828015843
all_ic50_nM,random,mean,CHEMBL5756160,7.026872146400302,6.679976828015843
all_ic50_nM,random,mean,CHEMBL5768401,6.920818753952375,6.679976828015843
all_ic50_nM,random,mean,CHEMBL5788711,7.449771646944906,6.679976828015843
all_ic50_nM,random,mean,CHEMBL5788930,6.991399828238082,6.679976828015843
all_ic50_nM,random,mean,CHEMBL5802102,7.690369832574102,6.679976828015843
all_ic50_nM,random,mean,CHEMBL5816706,4.576754126063192,6.679976828015843
all_ic50_nM,random,mean,CHEMBL5838148,5.669992299127241,6.679976828015843
all_ic50_nM,random,mean,CHEMBL5839177,7.270025714300444,6.679976828015843
all_ic50_nM,random,mean,CHEMBL5858978,7.229884705212898,6.679976828015843
all_ic50_nM,random,mean,CHEMBL5863279,7.179798540514359,6.679976828015843
all_ic50_nM,random,mean,CHEMBL5863699,5.26003230324049,6.679976828015843
all_ic50_nM,random,mean,CHEMBL5880138,5.739928612014925,6.679976828015843
all_ic50_nM,random,mean,CHEMBL5888326,5.756961951313706,6.679976828015843
all_ic50_nM,random,mean,CHEMBL5922687,6.100179497572904,6.679976828015843
all_ic50_nM,random,mean,CHEMBL5925383,5.756961951313706,6.679976828015843
all_ic50_nM,random,mean,CHEMBL5929854,7.100179497572904,6.679976828015843
all_ic50_nM,random,mean,CHEMBL5942995,6.610833915635467,6.679976828015843
all_ic50_nM,random,mean,CHEMBL5944042,6.110138278741812,6.679976828015843
all_ic50_nM,random,mean,CHEMBL5949442,5.860120913598763,6.679976828015843
all_ic50_nM,random,mean,CHEMBL5955561,5.756961951313706,6.679976828015843
all_ic50_nM,random,mean,CHEMBL5971397,4.576754126063192,6.679976828015843
all_ic50_nM,random,mean,CHEMBL5972322,5.430041181903406,6.679976828015843
all_ic50_nM,random,mean,CHEMBL5985038,7.400116927926312,6.679976828015843
all_ic50_nM,random,mean,CHEMBL5990353,7.100179497572904,6.679976828015843
all_ic50_nM,random,mean,CHEMBL5993582,5.250031916490597,6.679976828015843
all_ic50_nM,random,mean,CHEMBL6035580,7.179798540514359,6.679976828015843
all_ic50_nM,random,mean,CHEMBL6039031,7.1598939055432425,6.679976828015843
all_ic50_nM,random,mean,CHEMBL6040423,5.36997914888659,6.679976828015843
all_ic50_nM,random,mean,CHEMBL6046039,4.576754126063192,6.679976828015843
all_ic50_nM,random,mean,CHEMBL6052895,6.489454989793388,6.679976828015843
all_ic50_nM,random,mean,CHEMBL6058681,7.1598939055432425,6.679976828015843
all_ic50_nM,random,mean,CHEMBL6063093,4.576754126063192,6.679976828015843
all_ic50_nM,random,median,CHEMBL1256380,5.066006836168758,6.886056647693163
all_ic50_nM,random,median,CHEMBL175247,4.513461485534417,6.886056647693163
all_ic50_nM,random,median,CHEMBL1834179,6.522878745280337,6.886056647693163
all_ic50_nM,random,median,CHEMBL1834187,6.06246936830415,6.886056647693163
all_ic50_nM,random,median,CHEMBL213458,6.866461091629782,6.886056647693163
all_ic50_nM,random,median,CHEMBL213635,6.134303940083929,6.886056647693163
all_ic50_nM,random,median,CHEMBL214037,7.267606240177032,6.886056647693163
all_ic50_nM,random,median,CHEMBL2165409,5.0,6.886056647693163
all_ic50_nM,random,median,CHEMBL2165410,4.958607314841775,6.886056647693163
all_ic50_nM,random,median,CHEMBL2322357,7.301029995663981,6.886056647693163
all_ic50_nM,random,median,CHEMBL2322363,7.154901959985743,6.886056647693163
all_ic50_nM,random,median,CHEMBL2322366,6.522878745280337,6.886056647693163
all_ic50_nM,random,median,CHEMBL261706,4.605023280445436,6.886056647693163
all_ic50_nM,random,median,CHEMBL3617741,7.319664486585437,6.886056647693163
all_ic50_nM,random,median,CHEMBL3623456,7.698970004336019,6.886056647693163
all_ic50_nM,random,median,CHEMBL3623462,6.640164517660112,6.886056647693163
all_ic50_nM,random,median,CHEMBL3639606,7.259637310505756,6.886056647693163
all_ic50_nM,random,median,CHEMBL3646804,8.221848749616356,6.886056647693163
all_ic50_nM,random,median,CHEMBL3657586,6.638272163982407,6.886056647693163
all_ic50_nM,random,median,CHEMBL3657594,6.903089986991944,6.886056647693163
all_ic50_nM,random,median,CHEMBL3661636,7.346787486224656,6.886056647693163
all_ic50_nM,random,median,CHEMBL3661639,6.494850021680094,6.886056647693163
all_ic50_nM,random,median,CHEMBL3661641,5.1249387366083,6.886056647693163
all_ic50_nM,random,median,CHEMBL3661643,4.600620521847371,6.886056647693163
all_ic50_nM,random,median,CHEMBL3661649,6.958607314841775,6.886056647693163
all_ic50_nM,random,median,CHEMBL3661650,6.7447274948966935,6.886056647693163
all_ic50_nM,random,median,CHEMBL3661652,7.301029995663981,6.886056647693163
all_ic50_nM,random,median,CHEMBL3661655,7.3979400086720375,6.886056647693163
all_ic50_nM,random,median,CHEMBL3661659,5.705533773838407,6.886056647693163
all_ic50_nM,random,median,CHEMBL3661661,7.455931955649724,6.886056647693163
all_ic50_nM,random,median,CHEMBL3661663,7.522878745280337,6.886056647693163
all_ic50_nM,random,median,CHEMBL3661666,6.638272163982407,6.886056647693163
all_ic50_nM,random,median,CHEMBL3661678,7.3979400086720375,6.886056647693163
all_ic50_nM,random,median,CHEMBL3661680,6.886056647693163,6.886056647693163
all_ic50_nM,random,median,CHEMBL3661681,7.455931955649724,6.886056647693163
all_ic50_nM,random,median,CHEMBL3661683,7.455931955649724,6.886056647693163
all_ic50_nM,random,median,CHEMBL3661692,7.3979400086720375,6.886056647693163
all_ic50_nM,random,median,CHEMBL3661706,7.070581074285707,6.886056647693163
all_ic50_nM,random,median,CHEMBL3661708,6.886056647693163,6.886056647693163
all_ic50_nM,random,median,CHEMBL3661709,7.823908740944319,6.886056647693163
all_ic50_nM,random,median,CHEMBL3661711,5.826813731587726,6.886056647693163
all_ic50_nM,random,median,CHEMBL3661719,7.045757490560675,6.886056647693163
all_ic50_nM,random,median,CHEMBL3661726,4.483068191131987,6.886056647693163
all_ic50_nM,random,median,CHEMBL3661732,6.522878745280337,6.886056647693163
all_ic50_nM,random,median,CHEMBL3661734,6.346787486224656,6.886056647693163
all_ic50_nM,random,median,CHEMBL3661735,6.102372908709558,6.886056647693163
all_ic50_nM,random,median,CHEMBL3661741,5.91721462968355,6.886056647693163
all_ic50_nM,random,median,CHEMBL3661748,6.585026652029182,6.886056647693163
all_ic50_nM,random,median,CHEMBL3661758,7.522878745280337,6.886056647693163
all_ic50_nM,random,median,CHEMBL3661759,7.045757490560675,6.886056647693163
all_ic50_nM,random,median,CHEMBL3661760,7.2441251443275085,6.886056647693163
all_ic50_nM,random,median,CHEMBL3661762,7.041773025725037,6.886056647693163
all_ic50_nM,random,median,CHEMBL3661763,7.3979400086720375,6.886056647693163
all_ic50_nM,random,median,CHEMBL3661769,7.221848749616356,6.886056647693163
all_ic50_nM,random,median,CHEMBL3661771,7.045757490560675,6.886056647693163
all_ic50_nM,random,median,CHEMBL3661772,7.154901959985743,6.886056647693163
all_ic50_nM,random,median,CHEMBL3661774,6.619788758288394,6.886056647693163
all_ic50_nM,random,median,CHEMBL3661778,5.675717544702307,6.886056647693163
all_ic50_nM,random,median,CHEMBL3661783,6.838631997765025,6.886056647693163
all_ic50_nM,random,median,CHEMBL3661788,7.154901959985743,6.886056647693163
all_ic50_nM,random,median,CHEMBL3661793,6.356547323513812,6.886056647693163
all_ic50_nM,random,median,CHEMBL3661794,6.3979400086720375,6.886056647693163
all_ic50_nM,random,median,CHEMBL3661798,6.151810883008602,6.886056647693163
all_ic50_nM,random,median,CHEMBL3661799,5.97469413473523,6.886056647693163
all_ic50_nM,random,median,CHEMBL3661803,7.346787486224656,6.886056647693163
all_ic50_nM,random,median,CHEMBL3661807,6.522878745280337,6.886056647693163
all_ic50_nM,random,median,CHEMBL3661816,7.045757490560675,6.886056647693163
all_ic50_nM,random,median,CHEMBL3661818,6.769551078621726,6.886056647693163
all_ic50_nM,random,median,CHEMBL3661820,7.259637310505756,6.886056647693163
all_ic50_nM,random,median,CHEMBL3661826,7.259637310505756,6.886056647693163
all_ic50_nM,random,median,CHEMBL3661828,6.958607314841775,6.886056647693163
all_ic50_nM,random,median,CHEMBL3661833,5.787812395596042,6.886056647693163
all_ic50_nM,random,median,CHEMBL3661839,7.301029995663981,6.886056647693163
all_ic50_nM,random,median,CHEMBL3661844,6.657577319177793,6.886056647693163
all_ic50_nM,random,median,CHEMBL3661845,7.698970004336019,6.886056647693163
all_ic50_nM,random,median,CHEMBL3666468,6.7447274948966935,6.886056647693163
all_ic50_nM,random,median,CHEMBL3666470,7.045757490560675,6.886056647693163
all_ic50_nM,random,median,CHEMBL3666486,7.221848749616356,6.886056647693163
all_ic50_nM,random,median,CHEMBL3666489,5.042871802323186,6.886056647693163
all_ic50_nM,random,median,CHEMBL3666497,5.997833938243493,6.886056647693163
all_ic50_nM,random,median,CHEMBL3666506,5.4179366370882915,6.886056647693163
all_ic50_nM,random,median,CHEMBL3666507,5.488116639021126,6.886056647693163
all_ic50_nM,random,median,CHEMBL3666508,7.6020599913279625,6.886056647693163
all_ic50_nM,random,median,CHEMBL3666526,6.7447274948966935,6.886056647693163
all_ic50_nM,random,median,CHEMBL3666528,5.9299621333922445,6.886056647693163
all_ic50_nM,random,median,CHEMBL3666532,6.657577319177793,6.886056647693163
all_ic50_nM,random,median,CHEMBL3666539,6.782516055786093,6.886056647693163
all_ic50_nM,random,median,CHEMBL3666544,7.045757490560675,6.886056647693163
all_ic50_nM,random,median,CHEMBL3666547,6.853871964321762,6.886056647693163
all_ic50_nM,random,median,CHEMBL3666548,6.481486060122113,6.886056647693163
all_ic50_nM,random,median,CHEMBL3666550,6.341988603342887,6.886056647693163
all_ic50_nM,random,median,CHEMBL3666563,6.443697499232712,6.886056647693163
all_ic50_nM,random,median,CHEMBL3666567,6.508638306165727,6.886056647693163
all_ic50_nM,random,median,CHEMBL3666582,5.052223291535261,6.886056647693163
all_ic50_nM,random,median,CHEMBL3666591,6.585026652029182,6.886056647693163
all_ic50_nM,random,median,CHEMBL3666608,7.455931955649724,6.886056647693163
all_ic50_nM,random,median,CHEMBL3666611,7.3979400086720375,6.886056647693163
all_ic50_nM,random,median,CHEMBL3666612,7.259637310505756,6.886056647693163
all_ic50_nM,random,median,CHEMBL3666621,7.1249387366083,6.886056647693163
all_ic50_nM,random,median,CHEMBL3666628,7.187086643357144,6.886056647693163
all_ic50_nM,random,median,CHEMBL3666631,6.437707135543525,6.886056647693163
all_ic50_nM,random,median,CHEMBL3666634,7.221848749616356,6.886056647693163
all_ic50_nM,random,median,CHEMBL3666639,7.3979400086720375,6.886056647693163
all_ic50_nM,random,median,CHEMBL3666641,6.4089353929735005,6.886056647693163
all_ic50_nM,random,median,CHEMBL3666644,6.978810700930062,6.886056647693163
all_ic50_nM,random,median,CHEMBL3666645,7.154901959985743,6.886056647693163
all_ic50_nM,random,median,CHEMBL3666657,6.356547323513812,6.886056647693163
all_ic50_nM,random,median,CHEMBL3666659,7.301029995663981,6.886056647693163
all_ic50_nM,random,median,CHEMBL3666662,6.769551078621726,6.886056647693163
all_ic50_nM,random,median,CHEMBL3666665,6.346787486224656,6.886056647693163
all_ic50_nM,random,median,CHEMBL3666668,6.7447274948966935,6.886056647693163
all_ic50_nM,random,median,CHEMBL3666675,6.619788758288394,6.886056647693163
all_ic50_nM,random,median,CHEMBL3666678,6.886056647693163,6.886056647693163
all_ic50_nM,random,median,CHEMBL3706851,4.636388020107856,6.886056647693163
all_ic50_nM,random,median,CHEMBL3706853,4.251037138743839,6.886056647693163
all_ic50_nM,random,median,CHEMBL376206,6.7121982700697735,6.886056647693163
all_ic50_nM,random,median,CHEMBL377865,6.995678626217358,6.886056647693163
all_ic50_nM,random,median,CHEMBL3891688,6.958607314841775,6.886056647693163
all_ic50_nM,random,median,CHEMBL3892601,7.3979400086720375,6.886056647693163
all_ic50_nM,random,median,CHEMBL3892817,7.267606240177032,6.886056647693163
all_ic50_nM,random,median,CHEMBL3892973,7.3872161432802645,6.886056647693163
all_ic50_nM,random,median,CHEMBL3893117,7.7447274948966935,6.886056647693163
all_ic50_nM,random,median,CHEMBL3894320,6.267606240177032,6.886056647693163
all_ic50_nM,random,median,CHEMBL3895704,8.045757490560675,6.886056647693163
all_ic50_nM,random,median,CHEMBL3896474,6.638272163982407,6.886056647693163
all_ic50_nM,random,median,CHEMBL3896940,7.1487416512809245,6.886056647693163
all_ic50_nM,random,median,CHEMBL3898740,6.721246399047171,6.886056647693163
all_ic50_nM,random,median,CHEMBL3900209,7.619788758288394,6.886056647693163
all_ic50_nM,random,median,CHEMBL3901975,7.5376020021010435,6.886056647693163
all_ic50_nM,random,median,CHEMBL3902566,7.1249387366083,6.886056647693163
all_ic50_nM,random,median,CHEMBL3905078,7.619788758288394,6.886056647693163
all_ic50_nM,random,median,CHEMBL3907287,7.431798275933005,6.886056647693163
all_ic50_nM,random,median,CHEMBL3907446,7.142667503568732,6.886056647693163
all_ic50_nM,random,median,CHEMBL3907499,7.2441251443275085,6.886056647693163
all_ic50_nM,random,median,CHEMBL3908254,7.229147988357855,6.886056647693163
all_ic50_nM,random,median,CHEMBL3908483,7.229147988357855,6.886056647693163
all_ic50_nM,random,median,CHEMBL3911378,7.026872146400302,6.886056647693163
all_ic50_nM,random,median,CHEMBL3911823,7.356547323513812,6.886056647693163
all_ic50_nM,random,median,CHEMBL3914145,6.958607314841775,6.886056647693163
all_ic50_nM,random,median,CHEMBL3918324,7.468521082957745,6.886056647693163
all_ic50_nM,random,median,CHEMBL3921854,7.142667503568732,6.886056647693163
all_ic50_nM,random,median,CHEMBL3922051,6.950781977329818,6.886056647693163
all_ic50_nM,random,median,CHEMBL3922296,7.318758762624412,6.886056647693163
all_ic50_nM,random,median,CHEMBL3923173,7.337242168318426,6.886056647693163
all_ic50_nM,random,median,CHEMBL3924864,6.568636235841013,6.886056647693163
all_ic50_nM,random,median,CHEMBL3928810,7.318758762624412,6.886056647693163
all_ic50_nM,random,median,CHEMBL3929509,6.958607314841775,6.886056647693163
all_ic50_nM,random,median,CHEMBL3930427,7.107905397309519,6.886056647693163
all_ic50_nM,random,median,CHEMBL3930576,7.366531544420414,6.886056647693163
all_ic50_nM,random,median,CHEMBL3933902,7.275724130399211,6.886056647693163
all_ic50_nM,random,median,CHEMBL3936764,7.0,6.886056647693163
all_ic50_nM,random,median,CHEMBL3938900,6.688246138944246,6.886056647693163
all_ic50_nM,random,median,CHEMBL3943160,5.772113295386326,6.886056647693163
all_ic50_nM,random,median,CHEMBL3944122,7.698970004336019,6.886056647693163
all_ic50_nM,random,median,CHEMBL3947026,7.00436480540245,6.886056647693163
all_ic50_nM,random,median,CHEMBL3947610,7.698970004336019,6.886056647693163
all_ic50_nM,random,median,CHEMBL3949302,7.619788758288394,6.886056647693163
all_ic50_nM,random,median,CHEMBL3954707,7.187086643357144,6.886056647693163
all_ic50_nM,random,median,CHEMBL3956986,7.443697499232712,6.886056647693163
all_ic50_nM,random,median,CHEMBL3959137,6.749579997691106,6.886056647693163
all_ic50_nM,random,median,CHEMBL3959828,6.337242168318426,6.886056647693163
all_ic50_nM,random,median,CHEMBL3960022,7.886056647693163,6.886056647693163
all_ic50_nM,random,median,CHEMBL3960666,8.045757490560675,6.886056647693163
all_ic50_nM,random,median,CHEMBL3966134,7.721246399047171,6.886056647693163
all_ic50_nM,random,median,CHEMBL3970635,7.318758762624412,6.886056647693163
all_ic50_nM,random,median,CHEMBL3970842,7.309803919971486,6.886056647693163
all_ic50_nM,random,median,CHEMBL3971732,7.795880017344075,6.886056647693163
all_ic50_nM,random,median,CHEMBL3971908,7.00436480540245,6.886056647693163
all_ic50_nM,random,median,CHEMBL3971978,7.7447274948966935,6.886056647693163
all_ic50_nM,random,median,CHEMBL3975014,7.494850021680094,6.886056647693163
all_ic50_nM,random,median,CHEMBL3975312,7.6777807052660805,6.886056647693163
all_ic50_nM,random,median,CHEMBL3977322,7.013228265733755,6.886056647693163
all_ic50_nM,random,median,CHEMBL3982115,7.022276394711152,6.886056647693163
all_ic50_nM,random,median,CHEMBL3984143,7.0,6.886056647693163
all_ic50_nM,random,median,CHEMBL4081526,5.07727454200674,6.886056647693163
all_ic50_nM,random,median,CHEMBL4081658,6.795880017344075,6.886056647693163
all_ic50_nM,random,median,CHEMBL4099536,4.899629454882437,6.886056647693163
all_ic50_nM,random,median,CHEMBL4106711,5.94692155651658,6.886056647693163
all_ic50_nM,random,median,CHEMBL4113870,7.026872146400302,6.886056647693163
all_ic50_nM,random,median,CHEMBL4125982,6.102372908709558,6.886056647693163
all_ic50_nM,random,median,CHEMBL4126535,5.958607314841775,6.886056647693163
all_ic50_nM,random,median,CHEMBL4127027,7.161150909262744,6.886056647693163
all_ic50_nM,random,median,CHEMBL4129083,5.860120913598763,6.886056647693163
all_ic50_nM,random,median,CHEMBL4129431,7.481486060122112,6.886056647693163
all_ic50_nM,random,median,CHEMBL4129575,7.494850021680094,6.886056647693163
all_ic50_nM,random,median,CHEMBL4129812,6.698970004336019,6.886056647693163
all_ic50_nM,random,median,CHEMBL4130221,6.259637310505756,6.886056647693163
all_ic50_nM,random,median,CHEMBL4130300,6.6020599913279625,6.886056647693163
all_ic50_nM,random,median,CHEMBL4444430,5.7447274948966935,6.886056647693163
all_ic50_nM,random,median,CHEMBL4575847,7.585026652029182,6.886056647693163
all_ic50_nM,random,median,CHEMBL470981,4.040624663424157,6.886056647693163
all_ic50_nM,random,median,CHEMBL5749645,6.690369832574102,6.886056647693163
all_ic50_nM,random,median,CHEMBL5756160,7.026872146400302,6.886056647693163
all_ic50_nM,random,median,CHEMBL5768401,6.920818753952375,6.886056647693163
all_ic50_nM,random,median,CHEMBL5788711,7.449771646944906,6.886056647693163
all_ic50_nM,random,median,CHEMBL5788930,6.991399828238082,6.886056647693163
all_ic50_nM,random,median,CHEMBL5802102,7.690369832574102,6.886056647693163
all_ic50_nM,random,median,CHEMBL5816706,4.576754126063192,6.886056647693163
all_ic50_nM,random,median,CHEMBL5838148,5.669992299127241,6.886056647693163
all_ic50_nM,random,median,CHEMBL5839177,7.270025714300444,6.886056647693163
all_ic50_nM,random,median,CHEMBL5858978,7.229884705212898,6.886056647693163
all_ic50_nM,random,median,CHEMBL5863279,7.179798540514359,6.886056647693163
all_ic50_nM,random,median,CHEMBL5863699,5.26003230324049,6.886056647693163
all_ic50_nM,random,median,CHEMBL5880138,5.739928612014925,6.886056647693163
all_ic50_nM,random,median,CHEMBL5888326,5.756961951313706,6.886056647693163
all_ic50_nM,random,median,CHEMBL5922687,6.100179497572904,6.886056647693163
all_ic50_nM,random,median,CHEMBL5925383,5.756961951313706,6.886056647693163
all_ic50_nM,random,median,CHEMBL5929854,7.100179497572904,6.886056647693163
all_ic50_nM,random,median,CHEMBL5942995,6.610833915635467,6.886056647693163
all_ic50_nM,random,median,CHEMBL5944042,6.110138278741812,6.886056647693163
all_ic50_nM,random,median,CHEMBL5949442,5.860120913598763,6.886056647693163
all_ic50_nM,random,median,CHEMBL5955561,5.756961951313706,6.886056647693163
all_ic50_nM,random,median,CHEMBL5971397,4.576754126063192,6.886056647693163
all_ic50_nM,random,median,CHEMBL5972322,5.430041181903406,6.886056647693163
all_ic50_nM,random,median,CHEMBL5985038,7.400116927926312,6.886056647693163
all_ic50_nM,random,median,CHEMBL5990353,7.100179497572904,6.886056647693163
all_ic50_nM,random,median,CHEMBL5993582,5.250031916490597,6.886056647693163
all_ic50_nM,random,median,CHEMBL6035580,7.179798540514359,6.886056647693163
all_ic50_nM,random,median,CHEMBL6039031,7.1598939055432425,6.886056647693163
all_ic50_nM,random,median,CHEMBL6040423,5.36997914888659,6.886056647693163
all_ic50_nM,random,median,CHEMBL6046039,4.576754126063192,6.886056647693163
all_ic50_nM,random,median,CHEMBL6052895,6.489454989793388,6.886056647693163
all_ic50_nM,random,median,CHEMBL6058681,7.1598939055432425,6.886056647693163
all_ic50_nM,random,median,CHEMBL6063093,4.576754126063192,6.886056647693163
all_ic50_nM,scaffold,descriptor_rf,CHEMBL151,4.204119982655925,5.533000316018211
all_ic50_nM,scaffold,descriptor_rf,CHEMBL187265,4.748361779551788,5.440718063556966
all_ic50_nM,scaffold,descriptor_rf,CHEMBL213583,7.167491087293763,6.750393067190126
all_ic50_nM,scaffold,descriptor_rf,CHEMBL213634,7.721246399047171,6.596855606593237
all_ic50_nM,scaffold,descriptor_rf,CHEMBL214037,7.267606240177032,6.67323687820241
all_ic50_nM,scaffold,descriptor_rf,CHEMBL2322357,7.301029995663981,6.697735391114648
all_ic50_nM,scaffold,descriptor_rf,CHEMBL2322358,7.455931955649724,6.697735391114648
all_ic50_nM,scaffold,descriptor_rf,CHEMBL260553,5.906578314837765,5.592771703950949
all_ic50_nM,scaffold,descriptor_rf,CHEMBL261706,4.605023280445436,5.728702965883672
all_ic50_nM,scaffold,descriptor_rf,CHEMBL322740,3.844663962534938,4.0464107111043806
all_ic50_nM,scaffold,descriptor_rf,CHEMBL323197,5.2564902352715706,5.595160077446329
all_ic50_nM,scaffold,descriptor_rf,CHEMBL361025,4.387428045934824,5.452614550574399
all_ic50_nM,scaffold,descriptor_rf,CHEMBL3617744,7.030048545212567,6.880429514841795
all_ic50_nM,scaffold,descriptor_rf,CHEMBL3623462,6.640164517660112,7.096783051960743
all_ic50_nM,scaffold,descriptor_rf,CHEMBL3623463,7.031517051446065,6.788245502773625
all_ic50_nM,scaffold,descriptor_rf,CHEMBL3657586,6.638272163982407,6.748820264870064
all_ic50_nM,scaffold,descriptor_rf,CHEMBL3657588,6.221848749616356,6.807977975010059
all_ic50_nM,scaffold,descriptor_rf,CHEMBL3657592,6.443697499232712,6.894846014168168
all_ic50_nM,scaffold,descriptor_rf,CHEMBL3657594,6.903089986991944,6.68921279425379
all_ic50_nM,scaffold,descriptor_rf,CHEMBL3661631,6.769551078621726,6.910107865523181
all_ic50_nM,scaffold,descriptor_rf,CHEMBL3661632,6.431798275933005,6.407999863462545
all_ic50_nM,scaffold,descriptor_rf,CHEMBL3661633,6.585026652029182,6.892117814125322
all_ic50_nM,scaffold,descriptor_rf,CHEMBL3661634,6.580044251510242,6.924070761754761
all_ic50_nM,scaffold,descriptor_rf,CHEMBL3661635,6.7447274948966935,6.823478043866838
all_ic50_nM,scaffold,descriptor_rf,CHEMBL3661638,5.142969201727376,6.665913861085089
all_ic50_nM,scaffold,descriptor_rf,CHEMBL3661652,7.301029995663981,6.821586213566373
all_ic50_nM,scaffold,descriptor_rf,CHEMBL3661661,7.455931955649724,6.832506050632525
all_ic50_nM,scaffold,descriptor_rf,CHEMBL3661663,7.522878745280337,6.84545085473302
all_ic50_nM,scaffold,descriptor_rf,CHEMBL3661684,7.346787486224656,5.683436265458595
all_ic50_nM,scaffold,descriptor_rf,CHEMBL3661686,6.698970004336019,6.941588464737209
all_ic50_nM,scaffold,descriptor_rf,CHEMBL3661688,5.274088367704952,7.112950000407661
all_ic50_nM,scaffold,descriptor_rf,CHEMBL3661689,5.838631997765025,6.310802995591423
all_ic50_nM,scaffold,descriptor_rf,CHEMBL3661690,5.266000713461613,6.694219426904013
all_ic50_nM,scaffold,descriptor_rf,CHEMBL3661691,6.508638306165727,6.387275632477298
all_ic50_nM,scaffold,descriptor_rf,CHEMBL3661695,5.655607726314889,6.958389478144552
all_ic50_nM,scaffold,descriptor_rf,CHEMBL3661698,5.279014255846261,6.608543274854579
all_ic50_nM,scaffold,descriptor_rf,CHEMBL3661702,6.045757490560675,5.966867109166878
all_ic50_nM,scaffold,descriptor_rf,CHEMBL3661721,6.455931955649724,6.700382127298226
all_ic50_nM,scaffold,descriptor_rf,CHEMBL3661723,5.638272163982407,6.555309298201604
all_ic50_nM,scaffold,descriptor_rf,CHEMBL3661740,6.1938200260161125,6.559788270450067
all_ic50_nM,scaffold,descriptor_rf,CHEMBL3661811,6.080921907623926,6.484389784013902
all_ic50_nM,scaffold,descriptor_rf,CHEMBL3661813,6.102372908709558,6.172634303503128
all_ic50_nM,scaffold,descriptor_rf,CHEMBL3661835,7.522878745280337,7.234800213543183
all_ic50_nM,scaffold,descriptor_rf,CHEMBL3661836,7.221848749616356,6.962011118640055
all_ic50_nM,scaffold,descriptor_rf,CHEMBL3661837,7.096910013008056,7.237221002051117
all_ic50_nM,scaffold,descriptor_rf,CHEMBL3661838,7.0,7.086287408148942
all_ic50_nM,scaffold,descriptor_rf,CHEMBL3661839,7.301029995663981,7.343057062220274
all_ic50_nM,scaffold,descriptor_rf,CHEMBL3661840,7.301029995663981,7.207382430727079
all_ic50_nM,scaffold,descriptor_rf,CHEMBL3661841,6.920818753952375,6.927326520751011
all_ic50_nM,scaffold,descriptor_rf,CHEMBL3661842,7.301029995663981,7.139058025760455
all_ic50_nM,scaffold,descriptor_rf,CHEMBL3661843,6.920818753952375,7.260812149896845
all_ic50_nM,scaffold,descriptor_rf,CHEMBL3661844,6.657577319177793,7.126463144642736
all_ic50_nM,scaffold,descriptor_rf,CHEMBL3666475,5.455931955649724,7.027550068621508
all_ic50_nM,scaffold,descriptor_rf,CHEMBL3666478,6.6020599913279625,6.794594060757173
all_ic50_nM,scaffold,descriptor_rf,CHEMBL3666482,4.519131076312832,6.682788609458883
all_ic50_nM,scaffold,descriptor_rf,CHEMBL3666484,5.8696662315049934,6.532900095231314
all_ic50_nM,scaffold,descriptor_rf,CHEMBL3666493,6.154901959985743,5.996949921600548
all_ic50_nM,scaffold,descriptor_rf,CHEMBL3666494,4.373659632624958,6.643327798113981
all_ic50_nM,scaffold,descriptor_rf,CHEMBL3666495,4.5215778122599195,6.155408719416064
all_ic50_nM,scaffold,descriptor_rf,CHEMBL3666497,5.997833938243493,5.8884216893639785
all_ic50_nM,scaffold,descriptor_rf,CHEMBL3666503,6.431798275933005,6.617933500725739
all_ic50_nM,scaffold,descriptor_rf,CHEMBL3666505,5.966576244513051,6.583840334424275
all_ic50_nM,scaffold,descriptor_rf,CHEMBL3666507,5.488116639021126,6.1356231273616215
all_ic50_nM,scaffold,descriptor_rf,CHEMBL3666508,7.6020599913279625,5.722792016157556
all_ic50_nM,scaffold,descriptor_rf,CHEMBL3666516,7.6020599913279625,6.820348533171831
all_ic50_nM,scaffold,descriptor_rf,CHEMBL3666529,6.468521082957745,6.805123746167043
all_ic50_nM,scaffold,descriptor_rf,CHEMBL3666531,6.214670164989233,6.498452584381439
all_ic50_nM,scaffold,descriptor_rf,CHEMBL3666532,6.657577319177793,6.822612460722803
all_ic50_nM,scaffold,descriptor_rf,CHEMBL3666533,5.052076380168273,5.797285422382898
all_ic50_nM,scaffold,descriptor_rf,CHEMBL3666534,6.920818753952375,6.931226291798329
all_ic50_nM,scaffold,descriptor_rf,CHEMBL3666535,7.070581074285707,6.671314808778132
all_ic50_nM,scaffold,descriptor_rf,CHEMBL3666539,6.782516055786093,6.703988487350542
all_ic50_nM,scaffold,descriptor_rf,CHEMBL3666542,7.096910013008056,7.019018214741153
all_ic50_nM,scaffold,descriptor_rf,CHEMBL3666548,6.481486060122113,6.785583465320092
all_ic50_nM,scaffold,descriptor_rf,CHEMBL3666549,6.522878745280337,6.278388173196698
all_ic50_nM,scaffold,descriptor_rf,CHEMBL3666567,6.508638306165727,6.730852427498788
all_ic50_nM,scaffold,descriptor_rf,CHEMBL3666577,6.376750709602099,6.190534834569647
all_ic50_nM,scaffold,descriptor_rf,CHEMBL3666589,7.187086643357144,7.195235030321104
all_ic50_nM,scaffold,descriptor_rf,CHEMBL3666590,6.8696662315049934,7.195235030321104
all_ic50_nM,scaffold,descriptor_rf,CHEMBL3666591,6.585026652029182,7.192514198839766
all_ic50_nM,scaffold,descriptor_rf,CHEMBL3666592,7.301029995663981,7.310150408048122
all_ic50_nM,scaffold,descriptor_rf,CHEMBL3666596,6.585026652029182,7.074050421711404
all_ic50_nM,scaffold,descriptor_rf,CHEMBL3666621,7.1249387366083,6.882631091931959
all_ic50_nM,scaffold,descriptor_rf,CHEMBL3666622,7.221848749616356,7.05208246743545
all_ic50_nM,scaffold,descriptor_rf,CHEMBL3666623,7.096910013008056,7.1734251293569535
all_ic50_nM,scaffold,descriptor_rf,CHEMBL3666624,7.3979400086720375,7.3519861676672384
all_ic50_nM,scaffold,descriptor_rf,CHEMBL3666633,7.301029995663981,7.363879343042559
all_ic50_nM,scaffold,descriptor_rf,CHEMBL3666634,7.221848749616356,7.356812259468198
all_ic50_nM,scaffold,descriptor_rf,CHEMBL3666635,6.958607314841775,7.42234530658121
all_ic50_nM,scaffold,descriptor_rf,CHEMBL3666636,7.301029995663981,7.379936968379594
all_ic50_nM,scaffold,descriptor_rf,CHEMBL3666640,6.309803919971486,7.234800213543183
all_ic50_nM,scaffold,descriptor_rf,CHEMBL3666643,6.8696662315049934,6.914422947891529
all_ic50_nM,scaffold,descriptor_rf,CHEMBL3666644,6.978810700930062,6.681317916089411
all_ic50_nM,scaffold,descriptor_rf,CHEMBL3666655,6.978810700930062,7.243862992790868
all_ic50_nM,scaffold,descriptor_rf,CHEMBL3666656,6.107905397309519,6.908389679998253
all_ic50_nM,scaffold,descriptor_rf,CHEMBL3666657,6.356547323513812,6.681317916089411
all_ic50_nM,scaffold,descriptor_rf,CHEMBL3666658,7.187086643357144,6.676242406064285
all_ic50_nM,scaffold,descriptor_rf,CHEMBL3666659,7.301029995663981,6.90582293366496
all_ic50_nM,scaffold,descriptor_rf,CHEMBL3666661,5.7423214251308154,6.837463912010538
all_ic50_nM,scaffold,descriptor_rf,CHEMBL3666664,5.94692155651658,7.41930055376532
all_ic50_nM,scaffold,descriptor_rf,CHEMBL3666665,6.346787486224656,7.173553892508539
all_ic50_nM,scaffold,descriptor_rf,CHEMBL3666666,6.638272163982407,7.443754678214797
all_ic50_nM,scaffold,descriptor_rf,CHEMBL3666675,6.619788758288394,7.194146955946837
all_ic50_nM,scaffold,descriptor_rf,CHEMBL3666676,7.0,7.197614306760967
all_ic50_nM,scaffold,descriptor_rf,CHEMBL3666682,6.7447274948966935,7.2003977704169895
all_ic50_nM,scaffold,descriptor_rf,CHEMBL3666685,7.522878745280337,6.997684556305526
all_ic50_nM,scaffold,descriptor_rf,CHEMBL3666686,7.045757490560675,6.997684556305526
all_ic50_nM,scaffold,descriptor_rf,CHEMBL3706848,4.508638306165727,5.390645496144942
all_ic50_nM,scaffold,descriptor_rf,CHEMBL373985,6.137868620686962,6.750393067190126
all_ic50_nM,scaffold,descriptor_rf,CHEMBL375390,7.2839966563652006,6.47369837859534
all_ic50_nM,scaffold,descriptor_rf,CHEMBL3890268,7.050609993355087,7.0132112282401105
all_ic50_nM,scaffold,descriptor_rf,CHEMBL3892113,7.5376020021010435,7.3402099088161865
all_ic50_nM,scaffold,descriptor_rf,CHEMBL3892817,7.267606240177032,6.480530115005297
all_ic50_nM,scaffold,descriptor_rf,CHEMBL3892834,7.455931955649724,7.301774468526579
all_ic50_nM,scaffold,descriptor_rf,CHEMBL3893018,7.3979400086720375,7.367950110351385
all_ic50_nM,scaffold,descriptor_rf,CHEMBL3894066,7.292429823902063,7.481978083243886
all_ic50_nM,scaffold,descriptor_rf,CHEMBL3896940,7.1487416512809245,6.684420898009358
all_ic50_nM,scaffold,descriptor_rf,CHEMBL3899214,7.214670164989233,7.505899680457288
all_ic50_nM,scaffold,descriptor_rf,CHEMBL3899430,7.259637310505756,7.056208542174032
all_ic50_nM,scaffold,descriptor_rf,CHEMBL3899622,7.3979400086720375,6.496437445000845
all_ic50_nM,scaffold,descriptor_rf,CHEMBL3900209,7.619788758288394,7.305044234235748
all_ic50_nM,scaffold,descriptor_rf,CHEMBL3901443,7.301029995663981,6.432036103668147
all_ic50_nM,scaffold,descriptor_rf,CHEMBL3902566,7.1249387366083,7.2616284884721445
all_ic50_nM,scaffold,descriptor_rf,CHEMBL3903013,6.356547323513812,7.443518373094153
all_ic50_nM,scaffold,descriptor_rf,CHEMBL3903102,7.187086643357144,7.4837208786707645
all_ic50_nM,scaffold,descriptor_rf,CHEMBL3906844,6.991399828238082,6.660556302261525
all_ic50_nM,scaffold,descriptor_rf,CHEMBL3907287,7.431798275933005,7.156346108587015
all_ic50_nM,scaffold,descriptor_rf,CHEMBL3908254,7.229147988357855,6.944181795019448
all_ic50_nM,scaffold,descriptor_rf,CHEMBL3908480,6.070070439915412,6.816699576052207
all_ic50_nM,scaffold,descriptor_rf,CHEMBL3908483,7.229147988357855,6.824110359592066
all_ic50_nM,scaffold,descriptor_rf,CHEMBL3909325,6.468521082957745,7.298055845855451
all_ic50_nM,scaffold,descriptor_rf,CHEMBL3915492,7.200659450546418,7.312488662798515
all_ic50_nM,scaffold,descriptor_rf,CHEMBL3915942,6.958607314841775,7.2616284884721445
all_ic50_nM,scaffold,descriptor_rf,CHEMBL3915984,7.173925197299173,7.5107892012402555
all_ic50_nM,scaffold,descriptor_rf,CHEMBL3917301,7.698970004336019,7.213085083245278
all_ic50_nM,scaffold,descriptor_rf,CHEMBL3921234,7.366531544420414,7.232446948074505
all_ic50_nM,scaffold,descriptor_rf,CHEMBL3921854,7.142667503568732,7.5342827996050765
all_ic50_nM,scaffold,descriptor_rf,CHEMBL3923704,7.221848749616356,6.984137341338949
all_ic50_nM,scaffold,descriptor_rf,CHEMBL3924337,7.431798275933005,7.118240916200186
all_ic50_nM,scaffold,descriptor_rf,CHEMBL3926590,7.481486060122112,6.718783054303976
all_ic50_nM,scaffold,descriptor_rf,CHEMBL3926883,7.522878745280337,7.305044234235748
all_ic50_nM,scaffold,descriptor_rf,CHEMBL3927639,7.920818753952375,6.796806343735751
all_ic50_nM,scaffold,descriptor_rf,CHEMBL3928445,6.853871964321762,7.69034551333749
all_ic50_nM,scaffold,descriptor_rf,CHEMBL3928845,7.619788758288394,6.9963359061286985
all_ic50_nM,scaffold,descriptor_rf,CHEMBL3929884,6.853871964321762,7.51533312694891
all_ic50_nM,scaffold,descriptor_rf,CHEMBL3930059,7.6020599913279625,7.207382430727079
all_ic50_nM,scaffold,descriptor_rf,CHEMBL3930427,7.107905397309519,6.987816049230927
all_ic50_nM,scaffold,descriptor_rf,CHEMBL3932119,7.698970004336019,7.305044234235748
all_ic50_nM,scaffold,descriptor_rf,CHEMBL3932303,7.309803919971486,6.687155253049827
all_ic50_nM,scaffold,descriptor_rf,CHEMBL3933279,7.236572006437063,7.443518373094153
all_ic50_nM,scaffold,descriptor_rf,CHEMBL3933387,6.376750709602099,6.422766135677229
all_ic50_nM,scaffold,descriptor_rf,CHEMBL3934120,4.301029995663981,6.317663039911076
all_ic50_nM,scaffold,descriptor_rf,CHEMBL3936427,7.060480747381382,6.944181795019448
all_ic50_nM,scaffold,descriptor_rf,CHEMBL3936432,7.2441251443275085,6.921336228007265
all_ic50_nM,scaffold,descriptor_rf,CHEMBL3936764,7.0,7.7028889107454965
all_ic50_nM,scaffold,descriptor_rf,CHEMBL3939411,7.251811972993799,7.308298820721858
all_ic50_nM,scaffold,descriptor_rf,CHEMBL3940841,7.455931955649724,7.07237871761286
all_ic50_nM,scaffold,descriptor_rf,CHEMBL3941006,7.0655015487564325,7.3402099088161865
all_ic50_nM,scaffold,descriptor_rf,CHEMBL3943541,6.6777807052660805,6.293627880172478
all_ic50_nM,scaffold,descriptor_rf,CHEMBL3943938,6.721246399047171,7.69034551333749
all_ic50_nM,scaffold,descriptor_rf,CHEMBL3944341,5.809668301829708,5.386321022227111
all_ic50_nM,scaffold,descriptor_rf,CHEMBL3945221,7.6777807052660805,5.43886029528698
all_ic50_nM,scaffold,descriptor_rf,CHEMBL3946637,7.3979400086720375,6.700806699062895
all_ic50_nM,scaffold,descriptor_rf,CHEMBL3950209,7.2076083105017466,6.718783054303976
all_ic50_nM,scaffold,descriptor_rf,CHEMBL3954321,7.721246399047171,6.69610930463154
all_ic50_nM,scaffold,descriptor_rf,CHEMBL3957597,6.958607314841775,7.389694403521357
all_ic50_nM,scaffold,descriptor_rf,CHEMBL3959137,6.749579997691106,7.370645635760647
all_ic50_nM,scaffold,descriptor_rf,CHEMBL3961413,7.6020599913279625,7.212965727104812
all_ic50_nM,scaffold,descriptor_rf,CHEMBL3964640,4.301029995663981,6.06908416046059
all_ic50_nM,scaffold,descriptor_rf,CHEMBL3965791,7.823908740944319,7.231337005519246
all_ic50_nM,scaffold,descriptor_rf,CHEMBL3967912,7.585026652029182,7.481978083243886
all_ic50_nM,scaffold,descriptor_rf,CHEMBL3968574,6.823908740944319,6.362997119361189
all_ic50_nM,scaffold,descriptor_rf,CHEMBL3969857,6.337242168318426,7.7028889107454965
all_ic50_nM,scaffold,descriptor_rf,CHEMBL3971369,7.42021640338319,7.1887788755361575
all_ic50_nM,scaffold,descriptor_rf,CHEMBL3972130,6.769551078621726,7.307880737156394
all_ic50_nM,scaffold,descriptor_rf,CHEMBL3975312,7.6777807052660805,7.595112825828753
all_ic50_nM,scaffold,descriptor_rf,CHEMBL3976292,6.229147988357855,6.841823808710621
all_ic50_nM,scaffold,descriptor_rf,CHEMBL3977322,7.013228265733755,6.873307071957424
all_ic50_nM,scaffold,descriptor_rf,CHEMBL3978130,6.920818753952375,7.389694403521357
all_ic50_nM,scaffold,descriptor_rf,CHEMBL3982115,7.022276394711152,7.3402099088161865
all_ic50_nM,scaffold,descriptor_rf,CHEMBL3984143,7.0,7.468611764151472
all_ic50_nM,scaffold,descriptor_rf,CHEMBL3984313,6.958607314841775,7.384948918351155
all_ic50_nM,scaffold,descriptor_rf,CHEMBL3985033,6.0,6.422766135677229
all_ic50_nM,scaffold,descriptor_rf,CHEMBL4126247,7.698970004336019,6.862783219845874
all_ic50_nM,scaffold,descriptor_rf,CHEMBL4126304,7.337242168318426,6.997766677625391
all_ic50_nM,scaffold,descriptor_rf,CHEMBL4126387,6.522878745280337,6.571031670717259
all_ic50_nM,scaffold,descriptor_rf,CHEMBL4126610,6.85078088734462,6.6542609549002965
all_ic50_nM,scaffold,descriptor_rf,CHEMBL4126768,7.443697499232712,6.436079848022988
all_ic50_nM,scaffold,descriptor_rf,CHEMBL4127027,7.161150909262744,6.615140525189177
all_ic50_nM,scaffold,descriptor_rf,CHEMBL4127623,7.698970004336019,6.862783219845874
all_ic50_nM,scaffold,descriptor_rf,CHEMBL4127995,6.309803919971486,6.673138105266782
all_ic50_nM,scaffold,descriptor_rf,CHEMBL4128143,7.552841968657781,6.88489942547905
all_ic50_nM,scaffold,descriptor_rf,CHEMBL4128202,5.050122295963125,6.408101139392752
all_ic50_nM,scaffold,descriptor_rf,CHEMBL4129046,7.301029995663981,6.500546982605171
all_ic50_nM,scaffold,descriptor_rf,CHEMBL4129240,7.080921907623926,7.007277152380084
all_ic50_nM,scaffold,descriptor_rf,CHEMBL4129431,7.481486060122112,6.492482514625968
all_ic50_nM,scaffold,descriptor_rf,CHEMBL4130174,6.229147988357855,6.7189088555364185
all_ic50_nM,scaffold,descriptor_rf,CHEMBL4130264,6.443697499232712,6.492482514625968
all_ic50_nM,scaffold,descriptor_rf,CHEMBL4439223,5.906578314837764,6.1906902274503155
all_ic50_nM,scaffold,descriptor_rf,CHEMBL4442092,6.455931955649724,5.226609845767209
all_ic50_nM,scaffold,descriptor_rf,CHEMBL4454062,6.879975113943676,6.1906902274503155
all_ic50_nM,scaffold,descriptor_rf,CHEMBL4455553,5.508638306165727,6.173845222292959
all_ic50_nM,scaffold,descriptor_rf,CHEMBL4457855,6.716134018725965,6.1906902274503155
all_ic50_nM,scaffold,descriptor_rf,CHEMBL4462401,7.726728668260934,7.021743305179718
all_ic50_nM,scaffold,descriptor_rf,CHEMBL454580,5.481486060122113,5.537331631605385
all_ic50_nM,scaffold,descriptor_rf,CHEMBL4548362,6.718889266142824,6.947720357373113
all_ic50_nM,scaffold,descriptor_rf,CHEMBL45627,4.886056647693163,4.316680751135967
all_ic50_nM,scaffold,descriptor_rf,CHEMBL4570684,7.209025170813341,7.021743305179718
all_ic50_nM,scaffold,descriptor_rf,CHEMBL561643,4.391046300724137,6.552166725184358
all_ic50_nM,scaffold,descriptor_rf,CHEMBL5756160,7.026872146400302,7.495046886020195
all_ic50_nM,scaffold,descriptor_rf,CHEMBL5758153,5.700057099977233,6.728510348899177
all_ic50_nM,scaffold,descriptor_rf,CHEMBL5774258,7.455931955649724,5.856069125646485
all_ic50_nM,scaffold,descriptor_rf,CHEMBL5786448,5.3799681048737025,6.691125222347209
all_ic50_nM,scaffold,descriptor_rf,CHEMBL5794684,7.657577319177793,5.764297403510244
all_ic50_nM,scaffold,descriptor_rf,CHEMBL5796900,5.0499760934766735,6.728510348899177
all_ic50_nM,scaffold,descriptor_rf,CHEMBL5810763,7.638272163982407,6.472963176174495
all_ic50_nM,scaffold,descriptor_rf,CHEMBL5838148,5.669992299127241,6.841224090240124
all_ic50_nM,scaffold,descriptor_rf,CHEMBL5855185,7.698970004336019,6.326255503564913
all_ic50_nM,scaffold,descriptor_rf,CHEMBL5860543,7.070070439915412,6.88927594074337
all_ic50_nM,scaffold,descriptor_rf,CHEMBL5860899,5.756961951313706,6.0963585831649345
all_ic50_nM,scaffold,descriptor_rf,CHEMBL5863279,7.179798540514359,7.040678306985197
all_ic50_nM,scaffold,descriptor_rf,CHEMBL5871625,7.795880017344075,6.173147859350638
all_ic50_nM,scaffold,descriptor_rf,CHEMBL5902131,6.219682687859849,6.952180850382081
all_ic50_nM,scaffold,descriptor_rf,CHEMBL5917748,6.801342913045577,7.165765124800509
all_ic50_nM,scaffold,descriptor_rf,CHEMBL5923464,7.823908740944319,6.248868537784508
all_ic50_nM,scaffold,descriptor_rf,CHEMBL5949442,5.860120913598763,7.03882531752808
all_ic50_nM,scaffold,descriptor_rf,CHEMBL5985038,7.400116927926312,7.2489487502144785
all_ic50_nM,scaffold,descriptor_rf,CHEMBL5993582,5.250031916490597,6.691125222347209
all_ic50_nM,scaffold,descriptor_rf,CHEMBL6030711,7.199970640755866,7.076026024845445
all_ic50_nM,scaffold,descriptor_rf,CHEMBL6032013,7.279840696594043,7.208653197343616
all_ic50_nM,scaffold,descriptor_rf,CHEMBL6039031,7.1598939055432425,6.89426663926687
all_ic50_nM,scaffold,descriptor_rf,CHEMBL6046039,4.576754126063192,5.770970171409159
all_ic50_nM,scaffold,descriptor_rf,CHEMBL6050591,7.721246399047171,6.239886987724624
all_ic50_nM,scaffold,descriptor_rf,CHEMBL6058681,7.1598939055432425,6.89426663926687
all_ic50_nM,scaffold,descriptor_rf,CHEMBL6063093,4.576754126063192,5.770970171409159
all_ic50_nM,scaffold,ecfp_rf,CHEMBL151,4.204119982655925,5.27939826462076
all_ic50_nM,scaffold,ecfp_rf,CHEMBL187265,4.748361779551788,5.024036536527811
all_ic50_nM,scaffold,ecfp_rf,CHEMBL213583,7.167491087293763,6.404531742505829
all_ic50_nM,scaffold,ecfp_rf,CHEMBL213634,7.721246399047171,6.252718268797987
all_ic50_nM,scaffold,ecfp_rf,CHEMBL214037,7.267606240177032,6.4163097527378214
all_ic50_nM,scaffold,ecfp_rf,CHEMBL2322357,7.301029995663981,6.109122723153304
all_ic50_nM,scaffold,ecfp_rf,CHEMBL2322358,7.455931955649724,6.0172204079824025
all_ic50_nM,scaffold,ecfp_rf,CHEMBL260553,5.906578314837765,4.960528724170288
all_ic50_nM,scaffold,ecfp_rf,CHEMBL261706,4.605023280445436,4.9095841171371335
all_ic50_nM,scaffold,ecfp_rf,CHEMBL322740,3.844663962534938,4.442387194412773
all_ic50_nM,scaffold,ecfp_rf,CHEMBL323197,5.2564902352715706,4.933574507109963
all_ic50_nM,scaffold,ecfp_rf,CHEMBL361025,4.387428045934824,5.290231769616522
all_ic50_nM,scaffold,ecfp_rf,CHEMBL3617744,7.030048545212567,6.8703897626882355
all_ic50_nM,scaffold,ecfp_rf,CHEMBL3623462,6.640164517660112,6.429258261629804
all_ic50_nM,scaffold,ecfp_rf,CHEMBL3623463,7.031517051446065,5.889050905421807
all_ic50_nM,scaffold,ecfp_rf,CHEMBL3657586,6.638272163982407,6.801323781369093
all_ic50_nM,scaffold,ecfp_rf,CHEMBL3657588,6.221848749616356,6.859887979850858
all_ic50_nM,scaffold,ecfp_rf,CHEMBL3657592,6.443697499232712,6.585745663121144
all_ic50_nM,scaffold,ecfp_rf,CHEMBL3657594,6.903089986991944,6.67017187192337
all_ic50_nM,scaffold,ecfp_rf,CHEMBL3661631,6.769551078621726,7.234831059896949
all_ic50_nM,scaffold,ecfp_rf,CHEMBL3661632,6.431798275933005,6.573942384674321
all_ic50_nM,scaffold,ecfp_rf,CHEMBL3661633,6.585026652029182,6.831575274593621
all_ic50_nM,scaffold,ecfp_rf,CHEMBL3661634,6.580044251510242,6.772799211938561
all_ic50_nM,scaffold,ecfp_rf,CHEMBL3661635,6.7447274948966935,6.620706345553925
all_ic50_nM,scaffold,ecfp_rf,CHEMBL3661638,5.142969201727376,6.857407897467819
all_ic50_nM,scaffold,ecfp_rf,CHEMBL3661652,7.301029995663981,6.955406297678612
all_ic50_nM,scaffold,ecfp_rf,CHEMBL3661661,7.455931955649724,7.011565564331513
all_ic50_nM,scaffold,ecfp_rf,CHEMBL3661663,7.522878745280337,6.975380866725567
all_ic50_nM,scaffold,ecfp_rf,CHEMBL3661684,7.346787486224656,7.020439030218781
all_ic50_nM,scaffold,ecfp_rf,CHEMBL3661686,6.698970004336019,6.82059034892093
all_ic50_nM,scaffold,ecfp_rf,CHEMBL3661688,5.274088367704952,6.518297635974662
all_ic50_nM,scaffold,ecfp_rf,CHEMBL3661689,5.838631997765025,6.468407957768196
all_ic50_nM,scaffold,ecfp_rf,CHEMBL3661690,5.266000713461613,6.590403806134027
all_ic50_nM,scaffold,ecfp_rf,CHEMBL3661691,6.508638306165727,6.599867373564303
all_ic50_nM,scaffold,ecfp_rf,CHEMBL3661695,5.655607726314889,6.786106388053367
all_ic50_nM,scaffold,ecfp_rf,CHEMBL3661698,5.279014255846261,6.403551895058121
all_ic50_nM,scaffold,ecfp_rf,CHEMBL3661702,6.045757490560675,6.58961937181806
all_ic50_nM,scaffold,ecfp_rf,CHEMBL3661721,6.455931955649724,6.167364887749048
all_ic50_nM,scaffold,ecfp_rf,CHEMBL3661723,5.638272163982407,6.00474967346879
all_ic50_nM,scaffold,ecfp_rf,CHEMBL3661740,6.1938200260161125,6.252763988089922
all_ic50_nM,scaffold,ecfp_rf,CHEMBL3661811,6.080921907623926,6.254198718803317
all_ic50_nM,scaffold,ecfp_rf,CHEMBL3661813,6.102372908709558,6.171287580791077
all_ic50_nM,scaffold,ecfp_rf,CHEMBL3661835,7.522878745280337,6.712150705555492
all_ic50_nM,scaffold,ecfp_rf,CHEMBL3661836,7.221848749616356,7.154490572235648
all_ic50_nM,scaffold,ecfp_rf,CHEMBL3661837,7.096910013008056,7.144358439079194
all_ic50_nM,scaffold,ecfp_rf,CHEMBL3661838,7.0,6.761045378384526
all_ic50_nM,scaffold,ecfp_rf,CHEMBL3661839,7.301029995663981,7.130006503342243
all_ic50_nM,scaffold,ecfp_rf,CHEMBL3661840,7.301029995663981,6.729325647130519
all_ic50_nM,scaffold,ecfp_rf,CHEMBL3661841,6.920818753952375,6.7616135976096405
all_ic50_nM,scaffold,ecfp_rf,CHEMBL3661842,7.301029995663981,6.735965346238367
all_ic50_nM,scaffold,ecfp_rf,CHEMBL3661843,6.920818753952375,7.096208585033397
all_ic50_nM,scaffold,ecfp_rf,CHEMBL3661844,6.657577319177793,6.656309297635255
all_ic50_nM,scaffold,ecfp_rf,CHEMBL3666475,5.455931955649724,5.993889065130279
all_ic50_nM,scaffold,ecfp_rf,CHEMBL3666478,6.6020599913279625,6.057191481959838
all_ic50_nM,scaffold,ecfp_rf,CHEMBL3666482,4.519131076312832,5.971749738303823
all_ic50_nM,scaffold,ecfp_rf,CHEMBL3666484,5.8696662315049934,6.1126905216455425
all_ic50_nM,scaffold,ecfp_rf,CHEMBL3666493,6.154901959985743,5.923029331685153
all_ic50_nM,scaffold,ecfp_rf,CHEMBL3666494,4.373659632624958,6.2352744736813115
all_ic50_nM,scaffold,ecfp_rf,CHEMBL3666495,4.5215778122599195,5.979404629550128
all_ic50_nM,scaffold,ecfp_rf,CHEMBL3666497,5.997833938243493,5.935751225862645
all_ic50_nM,scaffold,ecfp_rf,CHEMBL3666503,6.431798275933005,5.904641375842332
all_ic50_nM,scaffold,ecfp_rf,CHEMBL3666505,5.966576244513051,5.91473658452412
all_ic50_nM,scaffold,ecfp_rf,CHEMBL3666507,5.488116639021126,6.070270904789329
all_ic50_nM,scaffold,ecfp_rf,CHEMBL3666508,7.6020599913279625,6.653406820189241
all_ic50_nM,scaffold,ecfp_rf,CHEMBL3666516,7.6020599913279625,7.024340139225733
all_ic50_nM,scaffold,ecfp_rf,CHEMBL3666529,6.468521082957745,7.055508667156971
all_ic50_nM,scaffold,ecfp_rf,CHEMBL3666531,6.214670164989233,7.054735441874177
all_ic50_nM,scaffold,ecfp_rf,CHEMBL3666532,6.657577319177793,6.9602484694175
all_ic50_nM,scaffold,ecfp_rf,CHEMBL3666533,5.052076380168273,7.046299858912627
all_ic50_nM,scaffold,ecfp_rf,CHEMBL3666534,6.920818753952375,6.9882212505053705
all_ic50_nM,scaffold,ecfp_rf,CHEMBL3666535,7.070581074285707,6.930833359499967
all_ic50_nM,scaffold,ecfp_rf,CHEMBL3666539,6.782516055786093,6.798216858917967
all_ic50_nM,scaffold,ecfp_rf,CHEMBL3666542,7.096910013008056,7.03423600771379
all_ic50_nM,scaffold,ecfp_rf,CHEMBL3666548,6.481486060122113,6.265065588391432
all_ic50_nM,scaffold,ecfp_rf,CHEMBL3666549,6.522878745280337,5.852682883866922
all_ic50_nM,scaffold,ecfp_rf,CHEMBL3666567,6.508638306165727,6.2666623059831075
all_ic50_nM,scaffold,ecfp_rf,CHEMBL3666577,6.376750709602099,6.290032338260566
all_ic50_nM,scaffold,ecfp_rf,CHEMBL3666589,7.187086643357144,6.832021199046766
all_ic50_nM,scaffold,ecfp_rf,CHEMBL3666590,6.8696662315049934,6.879455325433075
all_ic50_nM,scaffold,ecfp_rf,CHEMBL3666591,6.585026652029182,7.248073224395854
all_ic50_nM,scaffold,ecfp_rf,CHEMBL3666592,7.301029995663981,7.221278035598306
all_ic50_nM,scaffold,ecfp_rf,CHEMBL3666596,6.585026652029182,6.6563041941730745
all_ic50_nM,scaffold,ecfp_rf,CHEMBL3666621,7.1249387366083,6.948245578016494
all_ic50_nM,scaffold,ecfp_rf,CHEMBL3666622,7.221848749616356,6.981486673704359
all_ic50_nM,scaffold,ecfp_rf,CHEMBL3666623,7.096910013008056,6.919519077943583
all_ic50_nM,scaffold,ecfp_rf,CHEMBL3666624,7.3979400086720375,7.225611121671492
all_ic50_nM,scaffold,ecfp_rf,CHEMBL3666633,7.301029995663981,7.4005427024771535
all_ic50_nM,scaffold,ecfp_rf,CHEMBL3666634,7.221848749616356,7.432509364460791
all_ic50_nM,scaffold,ecfp_rf,CHEMBL3666635,6.958607314841775,7.292721028404776
all_ic50_nM,scaffold,ecfp_rf,CHEMBL3666636,7.301029995663981,7.249349458699771
all_ic50_nM,scaffold,ecfp_rf,CHEMBL3666640,6.309803919971486,6.660047521165591
all_ic50_nM,scaffold,ecfp_rf,CHEMBL3666643,6.8696662315049934,6.626564895257178
all_ic50_nM,scaffold,ecfp_rf,CHEMBL3666644,6.978810700930062,6.601304179392254
all_ic50_nM,scaffold,ecfp_rf,CHEMBL3666655,6.978810700930062,6.800479936435817
all_ic50_nM,scaffold,ecfp_rf,CHEMBL3666656,6.107905397309519,6.734680245274828
all_ic50_nM,scaffold,ecfp_rf,CHEMBL3666657,6.356547323513812,6.770430073054648
all_ic50_nM,scaffold,ecfp_rf,CHEMBL3666658,7.187086643357144,6.748043122973799
all_ic50_nM,scaffold,ecfp_rf,CHEMBL3666659,7.301029995663981,6.763131272968857
all_ic50_nM,scaffold,ecfp_rf,CHEMBL3666661,5.7423214251308154,6.795943815663464
all_ic50_nM,scaffold,ecfp_rf,CHEMBL3666664,5.94692155651658,7.139293541150212
all_ic50_nM,scaffold,ecfp_rf,CHEMBL3666665,6.346787486224656,7.251792648566348
all_ic50_nM,scaffold,ecfp_rf,CHEMBL3666666,6.638272163982407,7.203866285211801
all_ic50_nM,scaffold,ecfp_rf,CHEMBL3666675,6.619788758288394,6.682110029373238
all_ic50_nM,scaffold,ecfp_rf,CHEMBL3666676,7.0,7.1592833284622674
all_ic50_nM,scaffold,ecfp_rf,CHEMBL3666682,6.7447274948966935,7.098867770577766
all_ic50_nM,scaffold,ecfp_rf,CHEMBL3666685,7.522878745280337,6.480678955192694
all_ic50_nM,scaffold,ecfp_rf,CHEMBL3666686,7.045757490560675,6.480678955192694
all_ic50_nM,scaffold,ecfp_rf,CHEMBL3706848,4.508638306165727,4.471842195602648
all_ic50_nM,scaffold,ecfp_rf,CHEMBL373985,6.137868620686962,6.350118304825336
all_ic50_nM,scaffold,ecfp_rf,CHEMBL375390,7.2839966563652006,6.431488200650846
all_ic50_nM,scaffold,ecfp_rf,CHEMBL3890268,7.050609993355087,7.081932216537446
all_ic50_nM,scaffold,ecfp_rf,CHEMBL3892113,7.5376020021010435,7.239083166362732
all_ic50_nM,scaffold,ecfp_rf,CHEMBL3892817,7.267606240177032,6.981012134559031
all_ic50_nM,scaffold,ecfp_rf,CHEMBL3892834,7.455931955649724,7.418623824950278
all_ic50_nM,scaffold,ecfp_rf,CHEMBL3893018,7.3979400086720375,7.354441909275982
all_ic50_nM,scaffold,ecfp_rf,CHEMBL3894066,7.292429823902063,7.129322078953498
all_ic50_nM,scaffold,ecfp_rf,CHEMBL3896940,7.1487416512809245,7.039408242352478
all_ic50_nM,scaffold,ecfp_rf,CHEMBL3899214,7.214670164989233,7.098439331284428
all_ic50_nM,scaffold,ecfp_rf,CHEMBL3899430,7.259637310505756,7.032612513866502
all_ic50_nM,scaffold,ecfp_rf,CHEMBL3899622,7.3979400086720375,7.34947184350685
all_ic50_nM,scaffold,ecfp_rf,CHEMBL3900209,7.619788758288394,7.155187011297552
all_ic50_nM,scaffold,ecfp_rf,CHEMBL3901443,7.301029995663981,6.517361827700056
all_ic50_nM,scaffold,ecfp_rf,CHEMBL3902566,7.1249387366083,7.19310498515619
all_ic50_nM,scaffold,ecfp_rf,CHEMBL3903013,6.356547323513812,7.169682279611059
all_ic50_nM,scaffold,ecfp_rf,CHEMBL3903102,7.187086643357144,7.593586275795163
all_ic50_nM,scaffold,ecfp_rf,CHEMBL3906844,6.991399828238082,7.215240079883163
all_ic50_nM,scaffold,ecfp_rf,CHEMBL3907287,7.431798275933005,7.141638462522213
all_ic50_nM,scaffold,ecfp_rf,CHEMBL3908254,7.229147988357855,7.089241394918174
all_ic50_nM,scaffold,ecfp_rf,CHEMBL3908480,6.070070439915412,7.06932061729888
all_ic50_nM,scaffold,ecfp_rf,CHEMBL3908483,7.229147988357855,6.975884748330918
all_ic50_nM,scaffold,ecfp_rf,CHEMBL3909325,6.468521082957745,7.168191573602887
all_ic50_nM,scaffold,ecfp_rf,CHEMBL3915492,7.200659450546418,7.031846486103545
all_ic50_nM,scaffold,ecfp_rf,CHEMBL3915942,6.958607314841775,7.05674654751496
all_ic50_nM,scaffold,ecfp_rf,CHEMBL3915984,7.173925197299173,7.215830143127093
all_ic50_nM,scaffold,ecfp_rf,CHEMBL3917301,7.698970004336019,7.277089722070948
all_ic50_nM,scaffold,ecfp_rf,CHEMBL3921234,7.366531544420414,6.97123414486872
all_ic50_nM,scaffold,ecfp_rf,CHEMBL3921854,7.142667503568732,7.084606027086311
all_ic50_nM,scaffold,ecfp_rf,CHEMBL3923704,7.221848749616356,7.0512430060331175
all_ic50_nM,scaffold,ecfp_rf,CHEMBL3924337,7.431798275933005,7.564273626054341
all_ic50_nM,scaffold,ecfp_rf,CHEMBL3926590,7.481486060122112,7.187577583261582
all_ic50_nM,scaffold,ecfp_rf,CHEMBL3926883,7.522878745280337,7.255827293016418
all_ic50_nM,scaffold,ecfp_rf,CHEMBL3927639,7.920818753952375,7.31409110339667
all_ic50_nM,scaffold,ecfp_rf,CHEMBL3928445,6.853871964321762,7.079898343382626
all_ic50_nM,scaffold,ecfp_rf,CHEMBL3928845,7.619788758288394,6.903548995871054
all_ic50_nM,scaffold,ecfp_rf,CHEMBL3929884,6.853871964321762,7.03447645722146
all_ic50_nM,scaffold,ecfp_rf,CHEMBL3930059,7.6020599913279625,7.185290256956245
all_ic50_nM,scaffold,ecfp_rf,CHEMBL3930427,7.107905397309519,7.060922405729986
all_ic50_nM,scaffold,ecfp_rf,CHEMBL3932119,7.698970004336019,7.19758551607154
all_ic50_nM,scaffold,ecfp_rf,CHEMBL3932303,7.309803919971486,6.965510170671448
all_ic50_nM,scaffold,ecfp_rf,CHEMBL3933279,7.236572006437063,7.146266730852398
all_ic50_nM,scaffold,ecfp_rf,CHEMBL3933387,6.376750709602099,6.4220811499518184
all_ic50_nM,scaffold,ecfp_rf,CHEMBL3934120,4.301029995663981,6.939790315813624
all_ic50_nM,scaffold,ecfp_rf,CHEMBL3936427,7.060480747381382,7.065778957672513
all_ic50_nM,scaffold,ecfp_rf,CHEMBL3936432,7.2441251443275085,7.061073364102801
all_ic50_nM,scaffold,ecfp_rf,CHEMBL3936764,7.0,7.1257226715944855
all_ic50_nM,scaffold,ecfp_rf,CHEMBL3939411,7.251811972993799,7.071978632648272
all_ic50_nM,scaffold,ecfp_rf,CHEMBL3940841,7.455931955649724,7.430424944767538
all_ic50_nM,scaffold,ecfp_rf,CHEMBL3941006,7.0655015487564325,7.225412005749547
all_ic50_nM,scaffold,ecfp_rf,CHEMBL3943541,6.6777807052660805,7.20235096919884
all_ic50_nM,scaffold,ecfp_rf,CHEMBL3943938,6.721246399047171,7.154249764581397
all_ic50_nM,scaffold,ecfp_rf,CHEMBL3944341,5.809668301829708,5.9770892659093375
all_ic50_nM,scaffold,ecfp_rf,CHEMBL3945221,7.6777807052660805,7.197783417420823
all_ic50_nM,scaffold,ecfp_rf,CHEMBL3946637,7.3979400086720375,6.90378518652439
all_ic50_nM,scaffold,ecfp_rf,CHEMBL3950209,7.2076083105017466,7.111235232783861
all_ic50_nM,scaffold,ecfp_rf,CHEMBL3954321,7.721246399047171,7.237468862111568
all_ic50_nM,scaffold,ecfp_rf,CHEMBL3957597,6.958607314841775,7.217840135528228
all_ic50_nM,scaffold,ecfp_rf,CHEMBL3959137,6.749579997691106,7.2432987932328405
all_ic50_nM,scaffold,ecfp_rf,CHEMBL3961413,7.6020599913279625,7.335795935899782
all_ic50_nM,scaffold,ecfp_rf,CHEMBL3964640,4.301029995663981,6.378244279562901
all_ic50_nM,scaffold,ecfp_rf,CHEMBL3965791,7.823908740944319,7.5258392714778
all_ic50_nM,scaffold,ecfp_rf,CHEMBL3967912,7.585026652029182,7.0898053052392855
all_ic50_nM,scaffold,ecfp_rf,CHEMBL3968574,6.823908740944319,7.193942499656184
all_ic50_nM,scaffold,ecfp_rf,CHEMBL3969857,6.337242168318426,7.131657488995536
all_ic50_nM,scaffold,ecfp_rf,CHEMBL3971369,7.42021640338319,7.254856562908622
all_ic50_nM,scaffold,ecfp_rf,CHEMBL3972130,6.769551078621726,7.196884932924736
all_ic50_nM,scaffold,ecfp_rf,CHEMBL3975312,7.6777807052660805,7.105393481078513
all_ic50_nM,scaffold,ecfp_rf,CHEMBL3976292,6.229147988357855,6.972813970227344
all_ic50_nM,scaffold,ecfp_rf,CHEMBL3977322,7.013228265733755,6.874653455936355
all_ic50_nM,scaffold,ecfp_rf,CHEMBL3978130,6.920818753952375,7.218353742239524
all_ic50_nM,scaffold,ecfp_rf,CHEMBL3982115,7.022276394711152,7.28686427480455
all_ic50_nM,scaffold,ecfp_rf,CHEMBL3984143,7.0,7.067786226951128
all_ic50_nM,scaffold,ecfp_rf,CHEMBL3984313,6.958607314841775,7.160730867728679
all_ic50_nM,scaffold,ecfp_rf,CHEMBL3985033,6.0,6.453622647247688
all_ic50_nM,scaffold,ecfp_rf,CHEMBL4126247,7.698970004336019,7.123201171184047
all_ic50_nM,scaffold,ecfp_rf,CHEMBL4126304,7.337242168318426,6.87247159207306
all_ic50_nM,scaffold,ecfp_rf,CHEMBL4126387,6.522878745280337,6.520849791617494
all_ic50_nM,scaffold,ecfp_rf,CHEMBL4126610,6.85078088734462,6.606157502790517
all_ic50_nM,scaffold,ecfp_rf,CHEMBL4126768,7.443697499232712,6.901564752286861
all_ic50_nM,scaffold,ecfp_rf,CHEMBL4127027,7.161150909262744,6.417345952896464
all_ic50_nM,scaffold,ecfp_rf,CHEMBL4127623,7.698970004336019,6.975947769955484
all_ic50_nM,scaffold,ecfp_rf,CHEMBL4127995,6.309803919971486,6.574176348231826
all_ic50_nM,scaffold,ecfp_rf,CHEMBL4128143,7.552841968657781,6.8394936386499054
all_ic50_nM,scaffold,ecfp_rf,CHEMBL4128202,5.050122295963125,6.397754644804762
all_ic50_nM,scaffold,ecfp_rf,CHEMBL4129046,7.301029995663981,6.92041177937933
all_ic50_nM,scaffold,ecfp_rf,CHEMBL4129240,7.080921907623926,6.441285486554192
all_ic50_nM,scaffold,ecfp_rf,CHEMBL4129431,7.481486060122112,6.731982046380191
all_ic50_nM,scaffold,ecfp_rf,CHEMBL4130174,6.229147988357855,6.775601293590404
all_ic50_nM,scaffold,ecfp_rf,CHEMBL4130264,6.443697499232712,6.369829362162391
all_ic50_nM,scaffold,ecfp_rf,CHEMBL4439223,5.906578314837764,6.6942423706538685
all_ic50_nM,scaffold,ecfp_rf,CHEMBL4442092,6.455931955649724,6.098591944002965
all_ic50_nM,scaffold,ecfp_rf,CHEMBL4454062,6.879975113943676,6.71248231717082
all_ic50_nM,scaffold,ecfp_rf,CHEMBL4455553,5.508638306165727,6.650223043681856
all_ic50_nM,scaffold,ecfp_rf,CHEMBL4457855,6.716134018725965,6.696771700775037
all_ic50_nM,scaffold,ecfp_rf,CHEMBL4462401,7.726728668260934,6.874790151101754
all_ic50_nM,scaffold,ecfp_rf,CHEMBL454580,5.481486060122113,5.011870805847925
all_ic50_nM,scaffold,ecfp_rf,CHEMBL4548362,6.718889266142824,6.896564981175653
all_ic50_nM,scaffold,ecfp_rf,CHEMBL45627,4.886056647693163,5.196986205354652
all_ic50_nM,scaffold,ecfp_rf,CHEMBL4570684,7.209025170813341,6.704877538455816
all_ic50_nM,scaffold,ecfp_rf,CHEMBL561643,4.391046300724137,4.937402711279895
all_ic50_nM,scaffold,ecfp_rf,CHEMBL5756160,7.026872146400302,7.203019024790755
all_ic50_nM,scaffold,ecfp_rf,CHEMBL5758153,5.700057099977233,6.645738021111092
all_ic50_nM,scaffold,ecfp_rf,CHEMBL5774258,7.455931955649724,6.60859501965227
all_ic50_nM,scaffold,ecfp_rf,CHEMBL5786448,5.3799681048737025,6.406278906420789
all_ic50_nM,scaffold,ecfp_rf,CHEMBL5794684,7.657577319177793,6.679455631045733
all_ic50_nM,scaffold,ecfp_rf,CHEMBL5796900,5.0499760934766735,6.727451719486736
all_ic50_nM,scaffold,ecfp_rf,CHEMBL5810763,7.638272163982407,7.051586811218471
all_ic50_nM,scaffold,ecfp_rf,CHEMBL5838148,5.669992299127241,6.819982607821898
all_ic50_nM,scaffold,ecfp_rf,CHEMBL5855185,7.698970004336019,7.070721110574463
all_ic50_nM,scaffold,ecfp_rf,CHEMBL5860543,7.070070439915412,6.945559961077045
all_ic50_nM,scaffold,ecfp_rf,CHEMBL5860899,5.756961951313706,5.679190705021964
all_ic50_nM,scaffold,ecfp_rf,CHEMBL5863279,7.179798540514359,6.955341346453901
all_ic50_nM,scaffold,ecfp_rf,CHEMBL5871625,7.795880017344075,6.892459665781727
all_ic50_nM,scaffold,ecfp_rf,CHEMBL5902131,6.219682687859849,6.39808151641039
all_ic50_nM,scaffold,ecfp_rf,CHEMBL5917748,6.801342913045577,6.695363835471095
all_ic50_nM,scaffold,ecfp_rf,CHEMBL5923464,7.823908740944319,7.0965819860894825
all_ic50_nM,scaffold,ecfp_rf,CHEMBL5949442,5.860120913598763,6.944566414276448
all_ic50_nM,scaffold,ecfp_rf,CHEMBL5985038,7.400116927926312,6.716346098857973
all_ic50_nM,scaffold,ecfp_rf,CHEMBL5993582,5.250031916490597,6.331659003244613
all_ic50_nM,scaffold,ecfp_rf,CHEMBL6030711,7.199970640755866,6.896547324913111
all_ic50_nM,scaffold,ecfp_rf,CHEMBL6032013,7.279840696594043,6.982063066584012
all_ic50_nM,scaffold,ecfp_rf,CHEMBL6039031,7.1598939055432425,6.616217858355116
all_ic50_nM,scaffold,ecfp_rf,CHEMBL6046039,4.576754126063192,5.60349831157688
all_ic50_nM,scaffold,ecfp_rf,CHEMBL6050591,7.721246399047171,6.907615431663636
all_ic50_nM,scaffold,ecfp_rf,CHEMBL6058681,7.1598939055432425,6.616217858355116
all_ic50_nM,scaffold,ecfp_rf,CHEMBL6063093,4.576754126063192,5.611220603467043
all_ic50_nM,scaffold,ecfp_ridge,CHEMBL151,4.204119982655925,5.509213924407959
all_ic50_nM,scaffold,ecfp_ridge,CHEMBL187265,4.748361779551788,5.951982021331787
all_ic50_nM,scaffold,ecfp_ridge,CHEMBL213583,7.167491087293763,6.015898704528809
all_ic50_nM,scaffold,ecfp_ridge,CHEMBL213634,7.721246399047171,5.0809478759765625
all_ic50_nM,scaffold,ecfp_ridge,CHEMBL214037,7.267606240177032,4.754150867462158
all_ic50_nM,scaffold,ecfp_ridge,CHEMBL2322357,7.301029995663981,7.899939060211182
all_ic50_nM,scaffold,ecfp_ridge,CHEMBL2322358,7.455931955649724,6.891676902770996
all_ic50_nM,scaffold,ecfp_ridge,CHEMBL260553,5.906578314837765,3.9745700359344482
all_ic50_nM,scaffold,ecfp_ridge,CHEMBL261706,4.605023280445436,5.243868350982666
all_ic50_nM,scaffold,ecfp_ridge,CHEMBL322740,3.844663962534938,3.582354784011841
all_ic50_nM,scaffold,ecfp_ridge,CHEMBL323197,5.2564902352715706,4.934530258178711
all_ic50_nM,scaffold,ecfp_ridge,CHEMBL361025,4.387428045934824,5.281863212585449
all_ic50_nM,scaffold,ecfp_ridge,CHEMBL3617744,7.030048545212567,6.982909202575684
all_ic50_nM,scaffold,ecfp_ridge,CHEMBL3623462,6.640164517660112,6.7429518699646
all_ic50_nM,scaffold,ecfp_ridge,CHEMBL3623463,7.031517051446065,5.606987476348877
all_ic50_nM,scaffold,ecfp_ridge,CHEMBL3657586,6.638272163982407,6.74263858795166
all_ic50_nM,scaffold,ecfp_ridge,CHEMBL3657588,6.221848749616356,6.550798416137695
all_ic50_nM,scaffold,ecfp_ridge,CHEMBL3657592,6.443697499232712,6.605185031890869
all_ic50_nM,scaffold,ecfp_ridge,CHEMBL3657594,6.903089986991944,6.741540908813477
all_ic50_nM,scaffold,ecfp_ridge,CHEMBL3661631,6.769551078621726,6.945854663848877
all_ic50_nM,scaffold,ecfp_ridge,CHEMBL3661632,6.431798275933005,6.916847229003906
all_ic50_nM,scaffold,ecfp_ridge,CHEMBL3661633,6.585026652029182,7.251095294952393
all_ic50_nM,scaffold,ecfp_ridge,CHEMBL3661634,6.580044251510242,6.877339839935303
all_ic50_nM,scaffold,ecfp_ridge,CHEMBL3661635,6.7447274948966935,7.452230930328369
all_ic50_nM,scaffold,ecfp_ridge,CHEMBL3661638,5.142969201727376,6.236593246459961
all_ic50_nM,scaffold,ecfp_ridge,CHEMBL3661652,7.301029995663981,7.126082897186279
all_ic50_nM,scaffold,ecfp_ridge,CHEMBL3661661,7.455931955649724,7.7082719802856445
all_ic50_nM,scaffold,ecfp_ridge,CHEMBL3661663,7.522878745280337,7.746293067932129
all_ic50_nM,scaffold,ecfp_ridge,CHEMBL3661684,7.346787486224656,7.072779655456543
all_ic50_nM,scaffold,ecfp_ridge,CHEMBL3661686,6.698970004336019,6.828189373016357
all_ic50_nM,scaffold,ecfp_ridge,CHEMBL3661688,5.274088367704952,6.60905122756958
all_ic50_nM,scaffold,ecfp_ridge,CHEMBL3661689,5.838631997765025,5.720322608947754
all_ic50_nM,scaffold,ecfp_ridge,CHEMBL3661690,5.266000713461613,6.517711639404297
all_ic50_nM,scaffold,ecfp_ridge,CHEMBL3661691,6.508638306165727,6.371349334716797
all_ic50_nM,scaffold,ecfp_ridge,CHEMBL3661695,5.655607726314889,6.615659713745117
all_ic50_nM,scaffold,ecfp_ridge,CHEMBL3661698,5.279014255846261,5.619083404541016
all_ic50_nM,scaffold,ecfp_ridge,CHEMBL3661702,6.045757490560675,6.945781707763672
all_ic50_nM,scaffold,ecfp_ridge,CHEMBL3661721,6.455931955649724,6.676323890686035
all_ic50_nM,scaffold,ecfp_ridge,CHEMBL3661723,5.638272163982407,6.215129852294922
all_ic50_nM,scaffold,ecfp_ridge,CHEMBL3661740,6.1938200260161125,6.985084533691406
all_ic50_nM,scaffold,ecfp_ridge,CHEMBL3661811,6.080921907623926,4.234206199645996
all_ic50_nM,scaffold,ecfp_ridge,CHEMBL3661813,6.102372908709558,4.199880123138428
all_ic50_nM,scaffold,ecfp_ridge,CHEMBL3661835,7.522878745280337,7.034476280212402
all_ic50_nM,scaffold,ecfp_ridge,CHEMBL3661836,7.221848749616356,7.312714099884033
all_ic50_nM,scaffold,ecfp_ridge,CHEMBL3661837,7.096910013008056,7.3557634353637695
all_ic50_nM,scaffold,ecfp_ridge,CHEMBL3661838,7.0,7.2903733253479
all_ic50_nM,scaffold,ecfp_ridge,CHEMBL3661839,7.301029995663981,6.996685981750488
all_ic50_nM,scaffold,ecfp_ridge,CHEMBL3661840,7.301029995663981,6.931295394897461
all_ic50_nM,scaffold,ecfp_ridge,CHEMBL3661841,6.920818753952375,7.208653450012207
all_ic50_nM,scaffold,ecfp_ridge,CHEMBL3661842,7.301029995663981,7.247323989868164
all_ic50_nM,scaffold,ecfp_ridge,CHEMBL3661843,6.920818753952375,7.314221382141113
all_ic50_nM,scaffold,ecfp_ridge,CHEMBL3661844,6.657577319177793,7.240472793579102
all_ic50_nM,scaffold,ecfp_ridge,CHEMBL3666475,5.455931955649724,6.38568639755249
all_ic50_nM,scaffold,ecfp_ridge,CHEMBL3666478,6.6020599913279625,7.009045600891113
all_ic50_nM,scaffold,ecfp_ridge,CHEMBL3666482,4.519131076312832,5.430166721343994
all_ic50_nM,scaffold,ecfp_ridge,CHEMBL3666484,5.8696662315049934,6.091843128204346
all_ic50_nM,scaffold,ecfp_ridge,CHEMBL3666493,6.154901959985743,6.151676654815674
all_ic50_nM,scaffold,ecfp_ridge,CHEMBL3666494,4.373659632624958,5.456274032592773
all_ic50_nM,scaffold,ecfp_ridge,CHEMBL3666495,4.5215778122599195,5.846877574920654
all_ic50_nM,scaffold,ecfp_ridge,CHEMBL3666497,5.997833938243493,3.2948410511016846
all_ic50_nM,scaffold,ecfp_ridge,CHEMBL3666503,6.431798275933005,6.133459091186523
all_ic50_nM,scaffold,ecfp_ridge,CHEMBL3666505,5.966576244513051,5.954349040985107
all_ic50_nM,scaffold,ecfp_ridge,CHEMBL3666507,5.488116639021126,5.9434661865234375
all_ic50_nM,scaffold,ecfp_ridge,CHEMBL3666508,7.6020599913279625,6.725628852844238
all_ic50_nM,scaffold,ecfp_ridge,CHEMBL3666516,7.6020599913279625,7.500048637390137
all_ic50_nM,scaffold,ecfp_ridge,CHEMBL3666529,6.468521082957745,7.685216903686523
all_ic50_nM,scaffold,ecfp_ridge,CHEMBL3666531,6.214670164989233,6.745429515838623
all_ic50_nM,scaffold,ecfp_ridge,CHEMBL3666532,6.657577319177793,7.155340194702148
all_ic50_nM,scaffold,ecfp_ridge,CHEMBL3666533,5.052076380168273,6.755446910858154
all_ic50_nM,scaffold,ecfp_ridge,CHEMBL3666534,6.920818753952375,7.365715503692627
all_ic50_nM,scaffold,ecfp_ridge,CHEMBL3666535,7.070581074285707,7.179757118225098
all_ic50_nM,scaffold,ecfp_ridge,CHEMBL3666539,6.782516055786093,6.64166784286499
all_ic50_nM,scaffold,ecfp_ridge,CHEMBL3666542,7.096910013008056,7.316934108734131
all_ic50_nM,scaffold,ecfp_ridge,CHEMBL3666548,6.481486060122113,7.333166599273682
all_ic50_nM,scaffold,ecfp_ridge,CHEMBL3666549,6.522878745280337,5.865015029907227
all_ic50_nM,scaffold,ecfp_ridge,CHEMBL3666567,6.508638306165727,6.6798553466796875
all_ic50_nM,scaffold,ecfp_ridge,CHEMBL3666577,6.376750709602099,6.191683769226074
all_ic50_nM,scaffold,ecfp_ridge,CHEMBL3666589,7.187086643357144,6.911665916442871
all_ic50_nM,scaffold,ecfp_ridge,CHEMBL3666590,6.8696662315049934,7.039909839630127
all_ic50_nM,scaffold,ecfp_ridge,CHEMBL3666591,6.585026652029182,7.108425140380859
all_ic50_nM,scaffold,ecfp_ridge,CHEMBL3666592,7.301029995663981,7.2324018478393555
all_ic50_nM,scaffold,ecfp_ridge,CHEMBL3666596,6.585026652029182,6.8944478034973145
all_ic50_nM,scaffold,ecfp_ridge,CHEMBL3666621,7.1249387366083,6.862241744995117
all_ic50_nM,scaffold,ecfp_ridge,CHEMBL3666622,7.221848749616356,7.2009477615356445
all_ic50_nM,scaffold,ecfp_ridge,CHEMBL3666623,7.096910013008056,7.718613147735596
all_ic50_nM,scaffold,ecfp_ridge,CHEMBL3666624,7.3979400086720375,7.663740158081055
all_ic50_nM,scaffold,ecfp_ridge,CHEMBL3666633,7.301029995663981,7.6333208084106445
all_ic50_nM,scaffold,ecfp_ridge,CHEMBL3666634,7.221848749616356,7.674862861633301
all_ic50_nM,scaffold,ecfp_ridge,CHEMBL3666635,6.958607314841775,7.559572219848633
all_ic50_nM,scaffold,ecfp_ridge,CHEMBL3666636,7.301029995663981,7.609472274780273
all_ic50_nM,scaffold,ecfp_ridge,CHEMBL3666640,6.309803919971486,7.310318470001221
all_ic50_nM,scaffold,ecfp_ridge,CHEMBL3666643,6.8696662315049934,6.206348896026611
all_ic50_nM,scaffold,ecfp_ridge,CHEMBL3666644,6.978810700930062,6.860121726989746
all_ic50_nM,scaffold,ecfp_ridge,CHEMBL3666655,6.978810700930062,6.563188552856445
all_ic50_nM,scaffold,ecfp_ridge,CHEMBL3666656,6.107905397309519,6.409691333770752
all_ic50_nM,scaffold,ecfp_ridge,CHEMBL3666657,6.356547323513812,7.212285041809082
all_ic50_nM,scaffold,ecfp_ridge,CHEMBL3666658,7.187086643357144,5.881892204284668
all_ic50_nM,scaffold,ecfp_ridge,CHEMBL3666659,7.301029995663981,6.451983451843262
all_ic50_nM,scaffold,ecfp_ridge,CHEMBL3666661,5.7423214251308154,5.9374237060546875
all_ic50_nM,scaffold,ecfp_ridge,CHEMBL3666664,5.94692155651658,6.961296081542969
all_ic50_nM,scaffold,ecfp_ridge,CHEMBL3666665,6.346787486224656,6.390433311462402
all_ic50_nM,scaffold,ecfp_ridge,CHEMBL3666666,6.638272163982407,6.578489780426025
all_ic50_nM,scaffold,ecfp_ridge,CHEMBL3666675,6.619788758288394,6.88139533996582
all_ic50_nM,scaffold,ecfp_ridge,CHEMBL3666676,7.0,7.282402038574219
all_ic50_nM,scaffold,ecfp_ridge,CHEMBL3666682,6.7447274948966935,6.955143928527832
all_ic50_nM,scaffold,ecfp_ridge,CHEMBL3666685,7.522878745280337,7.619370460510254
all_ic50_nM,scaffold,ecfp_ridge,CHEMBL3666686,7.045757490560675,7.619370460510254
all_ic50_nM,scaffold,ecfp_ridge,CHEMBL3706848,4.508638306165727,3.5407097339630127
all_ic50_nM,scaffold,ecfp_ridge,CHEMBL373985,6.137868620686962,5.916618347167969
all_ic50_nM,scaffold,ecfp_ridge,CHEMBL375390,7.2839966563652006,5.496606349945068
all_ic50_nM,scaffold,ecfp_ridge,CHEMBL3890268,7.050609993355087,7.674429893493652
all_ic50_nM,scaffold,ecfp_ridge,CHEMBL3892113,7.5376020021010435,7.378870964050293
all_ic50_nM,scaffold,ecfp_ridge,CHEMBL3892817,7.267606240177032,7.255334854125977
all_ic50_nM,scaffold,ecfp_ridge,CHEMBL3892834,7.455931955649724,7.349678993225098
all_ic50_nM,scaffold,ecfp_ridge,CHEMBL3893018,7.3979400086720375,7.758041858673096
all_ic50_nM,scaffold,ecfp_ridge,CHEMBL3894066,7.292429823902063,7.269440174102783
all_ic50_nM,scaffold,ecfp_ridge,CHEMBL3896940,7.1487416512809245,7.071341037750244
all_ic50_nM,scaffold,ecfp_ridge,CHEMBL3899214,7.214670164989233,7.419618606567383
all_ic50_nM,scaffold,ecfp_ridge,CHEMBL3899430,7.259637310505756,7.437992095947266
all_ic50_nM,scaffold,ecfp_ridge,CHEMBL3899622,7.3979400086720375,7.604860305786133
all_ic50_nM,scaffold,ecfp_ridge,CHEMBL3900209,7.619788758288394,7.551686763763428
all_ic50_nM,scaffold,ecfp_ridge,CHEMBL3901443,7.301029995663981,6.8906378746032715
all_ic50_nM,scaffold,ecfp_ridge,CHEMBL3902566,7.1249387366083,7.310085296630859
all_ic50_nM,scaffold,ecfp_ridge,CHEMBL3903013,6.356547323513812,7.396406650543213
all_ic50_nM,scaffold,ecfp_ridge,CHEMBL3903102,7.187086643357144,7.312790870666504
all_ic50_nM,scaffold,ecfp_ridge,CHEMBL3906844,6.991399828238082,6.846514701843262
all_ic50_nM,scaffold,ecfp_ridge,CHEMBL3907287,7.431798275933005,8.55335807800293
all_ic50_nM,scaffold,ecfp_ridge,CHEMBL3908254,7.229147988357855,7.566653251647949
all_ic50_nM,scaffold,ecfp_ridge,CHEMBL3908480,6.070070439915412,7.225654602050781
all_ic50_nM,scaffold,ecfp_ridge,CHEMBL3908483,7.229147988357855,6.970422744750977
all_ic50_nM,scaffold,ecfp_ridge,CHEMBL3909325,6.468521082957745,6.8321332931518555
all_ic50_nM,scaffold,ecfp_ridge,CHEMBL3915492,7.200659450546418,6.806924819946289
all_ic50_nM,scaffold,ecfp_ridge,CHEMBL3915942,6.958607314841775,7.139650344848633
all_ic50_nM,scaffold,ecfp_ridge,CHEMBL3915984,7.173925197299173,7.330934524536133
all_ic50_nM,scaffold,ecfp_ridge,CHEMBL3917301,7.698970004336019,7.659295558929443
all_ic50_nM,scaffold,ecfp_ridge,CHEMBL3921234,7.366531544420414,6.354982376098633
all_ic50_nM,scaffold,ecfp_ridge,CHEMBL3921854,7.142667503568732,7.170538902282715
all_ic50_nM,scaffold,ecfp_ridge,CHEMBL3923704,7.221848749616356,7.480712413787842
all_ic50_nM,scaffold,ecfp_ridge,CHEMBL3924337,7.431798275933005,7.214977741241455
all_ic50_nM,scaffold,ecfp_ridge,CHEMBL3926590,7.481486060122112,7.346011161804199
all_ic50_nM,scaffold,ecfp_ridge,CHEMBL3926883,7.522878745280337,7.134738922119141
all_ic50_nM,scaffold,ecfp_ridge,CHEMBL3927639,7.920818753952375,8.089813232421875
all_ic50_nM,scaffold,ecfp_ridge,CHEMBL3928445,6.853871964321762,7.313459873199463
all_ic50_nM,scaffold,ecfp_ridge,CHEMBL3928845,7.619788758288394,6.806039810180664
all_ic50_nM,scaffold,ecfp_ridge,CHEMBL3929884,6.853871964321762,7.556931018829346
all_ic50_nM,scaffold,ecfp_ridge,CHEMBL3930059,7.6020599913279625,7.654559135437012
all_ic50_nM,scaffold,ecfp_ridge,CHEMBL3930427,7.107905397309519,7.560042858123779
all_ic50_nM,scaffold,ecfp_ridge,CHEMBL3932119,7.698970004336019,7.0577712059021
all_ic50_nM,scaffold,ecfp_ridge,CHEMBL3932303,7.309803919971486,7.3329267501831055
all_ic50_nM,scaffold,ecfp_ridge,CHEMBL3933279,7.236572006437063,7.422229766845703
all_ic50_nM,scaffold,ecfp_ridge,CHEMBL3933387,6.376750709602099,5.3124542236328125
all_ic50_nM,scaffold,ecfp_ridge,CHEMBL3934120,4.301029995663981,5.79603385925293
all_ic50_nM,scaffold,ecfp_ridge,CHEMBL3936427,7.060480747381382,6.951817989349365
all_ic50_nM,scaffold,ecfp_ridge,CHEMBL3936432,7.2441251443275085,6.964348793029785
all_ic50_nM,scaffold,ecfp_ridge,CHEMBL3936764,7.0,7.500757694244385
all_ic50_nM,scaffold,ecfp_ridge,CHEMBL3939411,7.251811972993799,7.707047939300537
all_ic50_nM,scaffold,ecfp_ridge,CHEMBL3940841,7.455931955649724,7.549592018127441
all_ic50_nM,scaffold,ecfp_ridge,CHEMBL3941006,7.0655015487564325,6.884955406188965
all_ic50_nM,scaffold,ecfp_ridge,CHEMBL3943541,6.6777807052660805,7.287912368774414
all_ic50_nM,scaffold,ecfp_ridge,CHEMBL3943938,6.721246399047171,7.902455806732178
all_ic50_nM,scaffold,ecfp_ridge,CHEMBL3944341,5.809668301829708,5.87913703918457
all_ic50_nM,scaffold,ecfp_ridge,CHEMBL3945221,7.6777807052660805,7.019330978393555
all_ic50_nM,scaffold,ecfp_ridge,CHEMBL3946637,7.3979400086720375,7.232008934020996
all_ic50_nM,scaffold,ecfp_ridge,CHEMBL3950209,7.2076083105017466,7.154032230377197
all_ic50_nM,scaffold,ecfp_ridge,CHEMBL3954321,7.721246399047171,7.416985988616943
all_ic50_nM,scaffold,ecfp_ridge,CHEMBL3957597,6.958607314841775,7.1731953620910645
all_ic50_nM,scaffold,ecfp_ridge,CHEMBL3959137,6.749579997691106,7.096624374389648
all_ic50_nM,scaffold,ecfp_ridge,CHEMBL3961413,7.6020599913279625,7.704551696777344
all_ic50_nM,scaffold,ecfp_ridge,CHEMBL3964640,4.301029995663981,5.292184352874756
all_ic50_nM,scaffold,ecfp_ridge,CHEMBL3965791,7.823908740944319,7.657748222351074
all_ic50_nM,scaffold,ecfp_ridge,CHEMBL3967912,7.585026652029182,7.192471981048584
all_ic50_nM,scaffold,ecfp_ridge,CHEMBL3968574,6.823908740944319,7.00494909286499
all_ic50_nM,scaffold,ecfp_ridge,CHEMBL3969857,6.337242168318426,6.975974082946777
all_ic50_nM,scaffold,ecfp_ridge,CHEMBL3971369,7.42021640338319,7.684292793273926
all_ic50_nM,scaffold,ecfp_ridge,CHEMBL3972130,6.769551078621726,7.307896614074707
all_ic50_nM,scaffold,ecfp_ridge,CHEMBL3975312,7.6777807052660805,7.3107075691223145
all_ic50_nM,scaffold,ecfp_ridge,CHEMBL3976292,6.229147988357855,6.891315460205078
all_ic50_nM,scaffold,ecfp_ridge,CHEMBL3977322,7.013228265733755,7.193338394165039
all_ic50_nM,scaffold,ecfp_ridge,CHEMBL3978130,6.920818753952375,6.981215953826904
all_ic50_nM,scaffold,ecfp_ridge,CHEMBL3982115,7.022276394711152,6.961923122406006
all_ic50_nM,scaffold,ecfp_ridge,CHEMBL3984143,7.0,7.221023082733154
all_ic50_nM,scaffold,ecfp_ridge,CHEMBL3984313,6.958607314841775,7.762330055236816
all_ic50_nM,scaffold,ecfp_ridge,CHEMBL3985033,6.0,5.285500526428223
all_ic50_nM,scaffold,ecfp_ridge,CHEMBL4126247,7.698970004336019,7.4770002365112305
all_ic50_nM,scaffold,ecfp_ridge,CHEMBL4126304,7.337242168318426,7.392222881317139
all_ic50_nM,scaffold,ecfp_ridge,CHEMBL4126387,6.522878745280337,6.671939849853516
all_ic50_nM,scaffold,ecfp_ridge,CHEMBL4126610,6.85078088734462,6.6044020652771
all_ic50_nM,scaffold,ecfp_ridge,CHEMBL4126768,7.443697499232712,7.198397636413574
all_ic50_nM,scaffold,ecfp_ridge,CHEMBL4127027,7.161150909262744,6.601557731628418
all_ic50_nM,scaffold,ecfp_ridge,CHEMBL4127623,7.698970004336019,7.51241397857666
all_ic50_nM,scaffold,ecfp_ridge,CHEMBL4127995,6.309803919971486,6.294284343719482
all_ic50_nM,scaffold,ecfp_ridge,CHEMBL4128143,7.552841968657781,7.276834011077881
all_ic50_nM,scaffold,ecfp_ridge,CHEMBL4128202,5.050122295963125,5.203805923461914
all_ic50_nM,scaffold,ecfp_ridge,CHEMBL4129046,7.301029995663981,6.480710983276367
all_ic50_nM,scaffold,ecfp_ridge,CHEMBL4129240,7.080921907623926,5.437097072601318
all_ic50_nM,scaffold,ecfp_ridge,CHEMBL4129431,7.481486060122112,6.526609420776367
all_ic50_nM,scaffold,ecfp_ridge,CHEMBL4130174,6.229147988357855,6.352010250091553
all_ic50_nM,scaffold,ecfp_ridge,CHEMBL4130264,6.443697499232712,5.911264419555664
all_ic50_nM,scaffold,ecfp_ridge,CHEMBL4439223,5.906578314837764,7.413775444030762
all_ic50_nM,scaffold,ecfp_ridge,CHEMBL4442092,6.455931955649724,6.679267883300781
all_ic50_nM,scaffold,ecfp_ridge,CHEMBL4454062,6.879975113943676,7.417507171630859
all_ic50_nM,scaffold,ecfp_ridge,CHEMBL4455553,5.508638306165727,6.860236644744873
all_ic50_nM,scaffold,ecfp_ridge,CHEMBL4457855,6.716134018725965,7.621046543121338
all_ic50_nM,scaffold,ecfp_ridge,CHEMBL4462401,7.726728668260934,7.909669876098633
all_ic50_nM,scaffold,ecfp_ridge,CHEMBL454580,5.481486060122113,4.60418701171875
all_ic50_nM,scaffold,ecfp_ridge,CHEMBL4548362,6.718889266142824,7.632973670959473
all_ic50_nM,scaffold,ecfp_ridge,CHEMBL45627,4.886056647693163,6.026037216186523
all_ic50_nM,scaffold,ecfp_ridge,CHEMBL4570684,7.209025170813341,7.1861162185668945
all_ic50_nM,scaffold,ecfp_ridge,CHEMBL561643,4.391046300724137,8.132951736450195
all_ic50_nM,scaffold,ecfp_ridge,CHEMBL5756160,7.026872146400302,7.08632230758667
all_ic50_nM,scaffold,ecfp_ridge,CHEMBL5758153,5.700057099977233,6.32451868057251
all_ic50_nM,scaffold,ecfp_ridge,CHEMBL5774258,7.455931955649724,5.410582542419434
all_ic50_nM,scaffold,ecfp_ridge,CHEMBL5786448,5.3799681048737025,5.9991230964660645
all_ic50_nM,scaffold,ecfp_ridge,CHEMBL5794684,7.657577319177793,5.837849140167236
all_ic50_nM,scaffold,ecfp_ridge,CHEMBL5796900,5.0499760934766735,6.295718669891357
all_ic50_nM,scaffold,ecfp_ridge,CHEMBL5810763,7.638272163982407,5.699517250061035
all_ic50_nM,scaffold,ecfp_ridge,CHEMBL5838148,5.669992299127241,6.3565993309021
all_ic50_nM,scaffold,ecfp_ridge,CHEMBL5855185,7.698970004336019,5.517879486083984
all_ic50_nM,scaffold,ecfp_ridge,CHEMBL5860543,7.070070439915412,6.859564781188965
all_ic50_nM,scaffold,ecfp_ridge,CHEMBL5860899,5.756961951313706,5.692120552062988
all_ic50_nM,scaffold,ecfp_ridge,CHEMBL5863279,7.179798540514359,7.086031436920166
all_ic50_nM,scaffold,ecfp_ridge,CHEMBL5871625,7.795880017344075,5.650170803070068
all_ic50_nM,scaffold,ecfp_ridge,CHEMBL5902131,6.219682687859849,6.514860153198242
all_ic50_nM,scaffold,ecfp_ridge,CHEMBL5917748,6.801342913045577,6.919826507568359
all_ic50_nM,scaffold,ecfp_ridge,CHEMBL5923464,7.823908740944319,5.661333084106445
all_ic50_nM,scaffold,ecfp_ridge,CHEMBL5949442,5.860120913598763,6.735106468200684
all_ic50_nM,scaffold,ecfp_ridge,CHEMBL5985038,7.400116927926312,6.954248428344727
all_ic50_nM,scaffold,ecfp_ridge,CHEMBL5993582,5.250031916490597,6.281249523162842
all_ic50_nM,scaffold,ecfp_ridge,CHEMBL6030711,7.199970640755866,7.02482795715332
all_ic50_nM,scaffold,ecfp_ridge,CHEMBL6032013,7.279840696594043,7.3592143058776855
all_ic50_nM,scaffold,ecfp_ridge,CHEMBL6039031,7.1598939055432425,6.796627998352051
all_ic50_nM,scaffold,ecfp_ridge,CHEMBL6046039,4.576754126063192,4.8507490158081055
all_ic50_nM,scaffold,ecfp_ridge,CHEMBL6050591,7.721246399047171,5.8342180252075195
all_ic50_nM,scaffold,ecfp_ridge,CHEMBL6058681,7.1598939055432425,6.796627998352051
all_ic50_nM,scaffold,ecfp_ridge,CHEMBL6063093,4.576754126063192,4.85905647277832
all_ic50_nM,scaffold,ecfp_xgb,CHEMBL151,4.204119982655925,5.304958343505859
all_ic50_nM,scaffold,ecfp_xgb,CHEMBL187265,4.748361779551788,4.427004814147949
all_ic50_nM,scaffold,ecfp_xgb,CHEMBL213583,7.167491087293763,6.614843368530273
all_ic50_nM,scaffold,ecfp_xgb,CHEMBL213634,7.721246399047171,5.982117652893066
all_ic50_nM,scaffold,ecfp_xgb,CHEMBL214037,7.267606240177032,6.109094619750977
all_ic50_nM,scaffold,ecfp_xgb,CHEMBL2322357,7.301029995663981,6.286592960357666
all_ic50_nM,scaffold,ecfp_xgb,CHEMBL2322358,7.455931955649724,5.795263290405273
all_ic50_nM,scaffold,ecfp_xgb,CHEMBL260553,5.906578314837765,4.387869358062744
all_ic50_nM,scaffold,ecfp_xgb,CHEMBL261706,4.605023280445436,4.19660758972168
all_ic50_nM,scaffold,ecfp_xgb,CHEMBL322740,3.844663962534938,4.082635402679443
all_ic50_nM,scaffold,ecfp_xgb,CHEMBL323197,5.2564902352715706,4.389416217803955
all_ic50_nM,scaffold,ecfp_xgb,CHEMBL361025,4.387428045934824,5.045992851257324
all_ic50_nM,scaffold,ecfp_xgb,CHEMBL3617744,7.030048545212567,6.9984354972839355
all_ic50_nM,scaffold,ecfp_xgb,CHEMBL3623462,6.640164517660112,6.496560096740723
all_ic50_nM,scaffold,ecfp_xgb,CHEMBL3623463,7.031517051446065,5.680520057678223
all_ic50_nM,scaffold,ecfp_xgb,CHEMBL3657586,6.638272163982407,6.867215633392334
all_ic50_nM,scaffold,ecfp_xgb,CHEMBL3657588,6.221848749616356,6.944512367248535
all_ic50_nM,scaffold,ecfp_xgb,CHEMBL3657592,6.443697499232712,6.676464557647705
all_ic50_nM,scaffold,ecfp_xgb,CHEMBL3657594,6.903089986991944,6.7553863525390625
all_ic50_nM,scaffold,ecfp_xgb,CHEMBL3661631,6.769551078621726,7.112731456756592
all_ic50_nM,scaffold,ecfp_xgb,CHEMBL3661632,6.431798275933005,6.5702595710754395
all_ic50_nM,scaffold,ecfp_xgb,CHEMBL3661633,6.585026652029182,7.001339435577393
all_ic50_nM,scaffold,ecfp_xgb,CHEMBL3661634,6.580044251510242,6.8426432609558105
all_ic50_nM,scaffold,ecfp_xgb,CHEMBL3661635,6.7447274948966935,6.712764263153076
all_ic50_nM,scaffold,ecfp_xgb,CHEMBL3661638,5.142969201727376,7.0360517501831055
all_ic50_nM,scaffold,ecfp_xgb,CHEMBL3661652,7.301029995663981,6.997715950012207
all_ic50_nM,scaffold,ecfp_xgb,CHEMBL3661661,7.455931955649724,7.289938926696777
all_ic50_nM,scaffold,ecfp_xgb,CHEMBL3661663,7.522878745280337,7.261716842651367
all_ic50_nM,scaffold,ecfp_xgb,CHEMBL3661684,7.346787486224656,7.11029052734375
all_ic50_nM,scaffold,ecfp_xgb,CHEMBL3661686,6.698970004336019,6.804949760437012
all_ic50_nM,scaffold,ecfp_xgb,CHEMBL3661688,5.274088367704952,6.545248985290527
all_ic50_nM,scaffold,ecfp_xgb,CHEMBL3661689,5.838631997765025,6.106776237487793
all_ic50_nM,scaffold,ecfp_xgb,CHEMBL3661690,5.266000713461613,6.725466728210449
all_ic50_nM,scaffold,ecfp_xgb,CHEMBL3661691,6.508638306165727,6.627438068389893
all_ic50_nM,scaffold,ecfp_xgb,CHEMBL3661695,5.655607726314889,6.491029739379883
all_ic50_nM,scaffold,ecfp_xgb,CHEMBL3661698,5.279014255846261,6.542433738708496
all_ic50_nM,scaffold,ecfp_xgb,CHEMBL3661702,6.045757490560675,6.630978584289551
all_ic50_nM,scaffold,ecfp_xgb,CHEMBL3661721,6.455931955649724,6.151270866394043
all_ic50_nM,scaffold,ecfp_xgb,CHEMBL3661723,5.638272163982407,6.056636333465576
all_ic50_nM,scaffold,ecfp_xgb,CHEMBL3661740,6.1938200260161125,6.075056552886963
all_ic50_nM,scaffold,ecfp_xgb,CHEMBL3661811,6.080921907623926,5.639044284820557
all_ic50_nM,scaffold,ecfp_xgb,CHEMBL3661813,6.102372908709558,5.385821342468262
all_ic50_nM,scaffold,ecfp_xgb,CHEMBL3661835,7.522878745280337,7.00332498550415
all_ic50_nM,scaffold,ecfp_xgb,CHEMBL3661836,7.221848749616356,7.281947135925293
all_ic50_nM,scaffold,ecfp_xgb,CHEMBL3661837,7.096910013008056,7.366087913513184
all_ic50_nM,scaffold,ecfp_xgb,CHEMBL3661838,7.0,7.109795093536377
all_ic50_nM,scaffold,ecfp_xgb,CHEMBL3661839,7.301029995663981,7.265193462371826
all_ic50_nM,scaffold,ecfp_xgb,CHEMBL3661840,7.301029995663981,6.971820831298828
all_ic50_nM,scaffold,ecfp_xgb,CHEMBL3661841,6.920818753952375,6.876826286315918
all_ic50_nM,scaffold,ecfp_xgb,CHEMBL3661842,7.301029995663981,7.024325370788574
all_ic50_nM,scaffold,ecfp_xgb,CHEMBL3661843,6.920818753952375,7.190196514129639
all_ic50_nM,scaffold,ecfp_xgb,CHEMBL3661844,6.657577319177793,6.8076558113098145
all_ic50_nM,scaffold,ecfp_xgb,CHEMBL3666475,5.455931955649724,5.6441264152526855
all_ic50_nM,scaffold,ecfp_xgb,CHEMBL3666478,6.6020599913279625,5.808666706085205
all_ic50_nM,scaffold,ecfp_xgb,CHEMBL3666482,4.519131076312832,5.644976615905762
all_ic50_nM,scaffold,ecfp_xgb,CHEMBL3666484,5.8696662315049934,5.67396879196167
all_ic50_nM,scaffold,ecfp_xgb,CHEMBL3666493,6.154901959985743,5.920443058013916
all_ic50_nM,scaffold,ecfp_xgb,CHEMBL3666494,4.373659632624958,5.965890407562256
all_ic50_nM,scaffold,ecfp_xgb,CHEMBL3666495,4.5215778122599195,5.560969352722168
all_ic50_nM,scaffold,ecfp_xgb,CHEMBL3666497,5.997833938243493,5.107614994049072
all_ic50_nM,scaffold,ecfp_xgb,CHEMBL3666503,6.431798275933005,5.7783379554748535
all_ic50_nM,scaffold,ecfp_xgb,CHEMBL3666505,5.966576244513051,5.700915336608887
all_ic50_nM,scaffold,ecfp_xgb,CHEMBL3666507,5.488116639021126,5.787214279174805
all_ic50_nM,scaffold,ecfp_xgb,CHEMBL3666508,7.6020599913279625,6.842844009399414
all_ic50_nM,scaffold,ecfp_xgb,CHEMBL3666516,7.6020599913279625,7.235650062561035
all_ic50_nM,scaffold,ecfp_xgb,CHEMBL3666529,6.468521082957745,7.07864236831665
all_ic50_nM,scaffold,ecfp_xgb,CHEMBL3666531,6.214670164989233,7.101257801055908
all_ic50_nM,scaffold,ecfp_xgb,CHEMBL3666532,6.657577319177793,7.249675273895264
all_ic50_nM,scaffold,ecfp_xgb,CHEMBL3666533,5.052076380168273,7.128318786621094
all_ic50_nM,scaffold,ecfp_xgb,CHEMBL3666534,6.920818753952375,7.2180867195129395
all_ic50_nM,scaffold,ecfp_xgb,CHEMBL3666535,7.070581074285707,6.896411418914795
all_ic50_nM,scaffold,ecfp_xgb,CHEMBL3666539,6.782516055786093,6.605484962463379
all_ic50_nM,scaffold,ecfp_xgb,CHEMBL3666542,7.096910013008056,7.189198017120361
all_ic50_nM,scaffold,ecfp_xgb,CHEMBL3666548,6.481486060122113,6.410262107849121
all_ic50_nM,scaffold,ecfp_xgb,CHEMBL3666549,6.522878745280337,5.781829833984375
all_ic50_nM,scaffold,ecfp_xgb,CHEMBL3666567,6.508638306165727,6.440321445465088
all_ic50_nM,scaffold,ecfp_xgb,CHEMBL3666577,6.376750709602099,6.393472194671631
all_ic50_nM,scaffold,ecfp_xgb,CHEMBL3666589,7.187086643357144,6.934165954589844
all_ic50_nM,scaffold,ecfp_xgb,CHEMBL3666590,6.8696662315049934,7.026836395263672
all_ic50_nM,scaffold,ecfp_xgb,CHEMBL3666591,6.585026652029182,7.255003452301025
all_ic50_nM,scaffold,ecfp_xgb,CHEMBL3666592,7.301029995663981,7.268838405609131
all_ic50_nM,scaffold,ecfp_xgb,CHEMBL3666596,6.585026652029182,6.9140119552612305
all_ic50_nM,scaffold,ecfp_xgb,CHEMBL3666621,7.1249387366083,6.928155422210693
all_ic50_nM,scaffold,ecfp_xgb,CHEMBL3666622,7.221848749616356,6.980320453643799
all_ic50_nM,scaffold,ecfp_xgb,CHEMBL3666623,7.096910013008056,7.109128475189209
all_ic50_nM,scaffold,ecfp_xgb,CHEMBL3666624,7.3979400086720375,7.228490352630615
all_ic50_nM,scaffold,ecfp_xgb,CHEMBL3666633,7.301029995663981,7.407501697540283
all_ic50_nM,scaffold,ecfp_xgb,CHEMBL3666634,7.221848749616356,7.419435024261475
all_ic50_nM,scaffold,ecfp_xgb,CHEMBL3666635,6.958607314841775,7.416627883911133
all_ic50_nM,scaffold,ecfp_xgb,CHEMBL3666636,7.301029995663981,7.414116859436035
all_ic50_nM,scaffold,ecfp_xgb,CHEMBL3666640,6.309803919971486,6.867619037628174
all_ic50_nM,scaffold,ecfp_xgb,CHEMBL3666643,6.8696662315049934,6.918665409088135
all_ic50_nM,scaffold,ecfp_xgb,CHEMBL3666644,6.978810700930062,6.857452392578125
all_ic50_nM,scaffold,ecfp_xgb,CHEMBL3666655,6.978810700930062,6.910892009735107
all_ic50_nM,scaffold,ecfp_xgb,CHEMBL3666656,6.107905397309519,7.041354656219482
all_ic50_nM,scaffold,ecfp_xgb,CHEMBL3666657,6.356547323513812,6.7436933517456055
all_ic50_nM,scaffold,ecfp_xgb,CHEMBL3666658,7.187086643357144,6.894770622253418
all_ic50_nM,scaffold,ecfp_xgb,CHEMBL3666659,7.301029995663981,6.764919757843018
all_ic50_nM,scaffold,ecfp_xgb,CHEMBL3666661,5.7423214251308154,6.885159015655518
all_ic50_nM,scaffold,ecfp_xgb,CHEMBL3666664,5.94692155651658,7.184150695800781
all_ic50_nM,scaffold,ecfp_xgb,CHEMBL3666665,6.346787486224656,6.982323169708252
all_ic50_nM,scaffold,ecfp_xgb,CHEMBL3666666,6.638272163982407,7.066793918609619
all_ic50_nM,scaffold,ecfp_xgb,CHEMBL3666675,6.619788758288394,6.667169570922852
all_ic50_nM,scaffold,ecfp_xgb,CHEMBL3666676,7.0,7.245156288146973
all_ic50_nM,scaffold,ecfp_xgb,CHEMBL3666682,6.7447274948966935,7.1076436042785645
all_ic50_nM,scaffold,ecfp_xgb,CHEMBL3666685,7.522878745280337,6.819148063659668
all_ic50_nM,scaffold,ecfp_xgb,CHEMBL3666686,7.045757490560675,6.819148063659668
all_ic50_nM,scaffold,ecfp_xgb,CHEMBL3706848,4.508638306165727,4.678915500640869
all_ic50_nM,scaffold,ecfp_xgb,CHEMBL373985,6.137868620686962,6.609337329864502
all_ic50_nM,scaffold,ecfp_xgb,CHEMBL375390,7.2839966563652006,6.685375690460205
all_ic50_nM,scaffold,ecfp_xgb,CHEMBL3890268,7.050609993355087,7.0807037353515625
all_ic50_nM,scaffold,ecfp_xgb,CHEMBL3892113,7.5376020021010435,7.187732696533203
all_ic50_nM,scaffold,ecfp_xgb,CHEMBL3892817,7.267606240177032,7.186155796051025
all_ic50_nM,scaffold,ecfp_xgb,CHEMBL3892834,7.455931955649724,7.625069618225098
all_ic50_nM,scaffold,ecfp_xgb,CHEMBL3893018,7.3979400086720375,7.512560844421387
all_ic50_nM,scaffold,ecfp_xgb,CHEMBL3894066,7.292429823902063,7.225088119506836
all_ic50_nM,scaffold,ecfp_xgb,CHEMBL3896940,7.1487416512809245,7.054071426391602
all_ic50_nM,scaffold,ecfp_xgb,CHEMBL3899214,7.214670164989233,7.225065231323242
all_ic50_nM,scaffold,ecfp_xgb,CHEMBL3899430,7.259637310505756,6.922835350036621
all_ic50_nM,scaffold,ecfp_xgb,CHEMBL3899622,7.3979400086720375,7.489645957946777
all_ic50_nM,scaffold,ecfp_xgb,CHEMBL3900209,7.619788758288394,7.233668804168701
all_ic50_nM,scaffold,ecfp_xgb,CHEMBL3901443,7.301029995663981,6.809670925140381
all_ic50_nM,scaffold,ecfp_xgb,CHEMBL3902566,7.1249387366083,7.064932346343994
all_ic50_nM,scaffold,ecfp_xgb,CHEMBL3903013,6.356547323513812,6.9305830001831055
all_ic50_nM,scaffold,ecfp_xgb,CHEMBL3903102,7.187086643357144,7.678833484649658
all_ic50_nM,scaffold,ecfp_xgb,CHEMBL3906844,6.991399828238082,7.133066177368164
all_ic50_nM,scaffold,ecfp_xgb,CHEMBL3907287,7.431798275933005,7.105718612670898
all_ic50_nM,scaffold,ecfp_xgb,CHEMBL3908254,7.229147988357855,7.166019916534424
all_ic50_nM,scaffold,ecfp_xgb,CHEMBL3908480,6.070070439915412,7.170022964477539
all_ic50_nM,scaffold,ecfp_xgb,CHEMBL3908483,7.229147988357855,6.917325496673584
all_ic50_nM,scaffold,ecfp_xgb,CHEMBL3909325,6.468521082957745,6.904710292816162
all_ic50_nM,scaffold,ecfp_xgb,CHEMBL3915492,7.200659450546418,7.050269603729248
all_ic50_nM,scaffold,ecfp_xgb,CHEMBL3915942,6.958607314841775,6.836694240570068
all_ic50_nM,scaffold,ecfp_xgb,CHEMBL3915984,7.173925197299173,7.066242694854736
all_ic50_nM,scaffold,ecfp_xgb,CHEMBL3917301,7.698970004336019,7.423064708709717
all_ic50_nM,scaffold,ecfp_xgb,CHEMBL3921234,7.366531544420414,5.564488410949707
all_ic50_nM,scaffold,ecfp_xgb,CHEMBL3921854,7.142667503568732,7.1958327293396
all_ic50_nM,scaffold,ecfp_xgb,CHEMBL3923704,7.221848749616356,7.075407981872559
all_ic50_nM,scaffold,ecfp_xgb,CHEMBL3924337,7.431798275933005,7.670501232147217
all_ic50_nM,scaffold,ecfp_xgb,CHEMBL3926590,7.481486060122112,7.0981268882751465
all_ic50_nM,scaffold,ecfp_xgb,CHEMBL3926883,7.522878745280337,7.236905574798584
all_ic50_nM,scaffold,ecfp_xgb,CHEMBL3927639,7.920818753952375,7.361555099487305
all_ic50_nM,scaffold,ecfp_xgb,CHEMBL3928445,6.853871964321762,7.051685810089111
all_ic50_nM,scaffold,ecfp_xgb,CHEMBL3928845,7.619788758288394,6.596390247344971
all_ic50_nM,scaffold,ecfp_xgb,CHEMBL3929884,6.853871964321762,7.085357666015625
all_ic50_nM,scaffold,ecfp_xgb,CHEMBL3930059,7.6020599913279625,7.501383304595947
all_ic50_nM,scaffold,ecfp_xgb,CHEMBL3930427,7.107905397309519,7.296844482421875
all_ic50_nM,scaffold,ecfp_xgb,CHEMBL3932119,7.698970004336019,7.0718207359313965
all_ic50_nM,scaffold,ecfp_xgb,CHEMBL3932303,7.309803919971486,7.128737449645996
all_ic50_nM,scaffold,ecfp_xgb,CHEMBL3933279,7.236572006437063,7.083649635314941
all_ic50_nM,scaffold,ecfp_xgb,CHEMBL3933387,6.376750709602099,6.279123783111572
all_ic50_nM,scaffold,ecfp_xgb,CHEMBL3934120,4.301029995663981,5.089129447937012
all_ic50_nM,scaffold,ecfp_xgb,CHEMBL3936427,7.060480747381382,7.045644760131836
all_ic50_nM,scaffold,ecfp_xgb,CHEMBL3936432,7.2441251443275085,7.075345993041992
all_ic50_nM,scaffold,ecfp_xgb,CHEMBL3936764,7.0,6.992037773132324
all_ic50_nM,scaffold,ecfp_xgb,CHEMBL3939411,7.251811972993799,7.289053440093994
all_ic50_nM,scaffold,ecfp_xgb,CHEMBL3940841,7.455931955649724,7.632046222686768
all_ic50_nM,scaffold,ecfp_xgb,CHEMBL3941006,7.0655015487564325,6.986172199249268
all_ic50_nM,scaffold,ecfp_xgb,CHEMBL3943541,6.6777807052660805,7.1808648109436035
all_ic50_nM,scaffold,ecfp_xgb,CHEMBL3943938,6.721246399047171,7.127325057983398
all_ic50_nM,scaffold,ecfp_xgb,CHEMBL3944341,5.809668301829708,5.979949474334717
all_ic50_nM,scaffold,ecfp_xgb,CHEMBL3945221,7.6777807052660805,7.168652057647705
all_ic50_nM,scaffold,ecfp_xgb,CHEMBL3946637,7.3979400086720375,6.99237060546875
all_ic50_nM,scaffold,ecfp_xgb,CHEMBL3950209,7.2076083105017466,7.170718193054199
all_ic50_nM,scaffold,ecfp_xgb,CHEMBL3954321,7.721246399047171,7.235265254974365
all_ic50_nM,scaffold,ecfp_xgb,CHEMBL3957597,6.958607314841775,6.982086658477783
all_ic50_nM,scaffold,ecfp_xgb,CHEMBL3959137,6.749579997691106,7.179257392883301
all_ic50_nM,scaffold,ecfp_xgb,CHEMBL3961413,7.6020599913279625,7.356715202331543
all_ic50_nM,scaffold,ecfp_xgb,CHEMBL3964640,4.301029995663981,5.561155319213867
all_ic50_nM,scaffold,ecfp_xgb,CHEMBL3965791,7.823908740944319,7.5871968269348145
all_ic50_nM,scaffold,ecfp_xgb,CHEMBL3967912,7.585026652029182,7.07352876663208
all_ic50_nM,scaffold,ecfp_xgb,CHEMBL3968574,6.823908740944319,6.935537338256836
all_ic50_nM,scaffold,ecfp_xgb,CHEMBL3969857,6.337242168318426,7.043294906616211
all_ic50_nM,scaffold,ecfp_xgb,CHEMBL3971369,7.42021640338319,7.572425365447998
all_ic50_nM,scaffold,ecfp_xgb,CHEMBL3972130,6.769551078621726,6.979888439178467
all_ic50_nM,scaffold,ecfp_xgb,CHEMBL3975312,7.6777807052660805,7.246894359588623
all_ic50_nM,scaffold,ecfp_xgb,CHEMBL3976292,6.229147988357855,7.150972843170166
all_ic50_nM,scaffold,ecfp_xgb,CHEMBL3977322,7.013228265733755,6.876387596130371
all_ic50_nM,scaffold,ecfp_xgb,CHEMBL3978130,6.920818753952375,7.135132312774658
all_ic50_nM,scaffold,ecfp_xgb,CHEMBL3982115,7.022276394711152,7.199224948883057
all_ic50_nM,scaffold,ecfp_xgb,CHEMBL3984143,7.0,7.0856218338012695
all_ic50_nM,scaffold,ecfp_xgb,CHEMBL3984313,6.958607314841775,7.2393317222595215
all_ic50_nM,scaffold,ecfp_xgb,CHEMBL3985033,6.0,6.118473529815674
all_ic50_nM,scaffold,ecfp_xgb,CHEMBL4126247,7.698970004336019,7.606204032897949
all_ic50_nM,scaffold,ecfp_xgb,CHEMBL4126304,7.337242168318426,7.089090824127197
all_ic50_nM,scaffold,ecfp_xgb,CHEMBL4126387,6.522878745280337,6.266049861907959
all_ic50_nM,scaffold,ecfp_xgb,CHEMBL4126610,6.85078088734462,6.63953161239624
all_ic50_nM,scaffold,ecfp_xgb,CHEMBL4126768,7.443697499232712,7.067957401275635
all_ic50_nM,scaffold,ecfp_xgb,CHEMBL4127027,7.161150909262744,6.08220911026001
all_ic50_nM,scaffold,ecfp_xgb,CHEMBL4127623,7.698970004336019,7.377253532409668
all_ic50_nM,scaffold,ecfp_xgb,CHEMBL4127995,6.309803919971486,6.505855083465576
all_ic50_nM,scaffold,ecfp_xgb,CHEMBL4128143,7.552841968657781,6.823795795440674
all_ic50_nM,scaffold,ecfp_xgb,CHEMBL4128202,5.050122295963125,5.62543249130249
all_ic50_nM,scaffold,ecfp_xgb,CHEMBL4129046,7.301029995663981,7.004518985748291
all_ic50_nM,scaffold,ecfp_xgb,CHEMBL4129240,7.080921907623926,6.046092510223389
all_ic50_nM,scaffold,ecfp_xgb,CHEMBL4129431,7.481486060122112,6.712559700012207
all_ic50_nM,scaffold,ecfp_xgb,CHEMBL4130174,6.229147988357855,6.866749286651611
all_ic50_nM,scaffold,ecfp_xgb,CHEMBL4130264,6.443697499232712,6.451866149902344
all_ic50_nM,scaffold,ecfp_xgb,CHEMBL4439223,5.906578314837764,6.499116897583008
all_ic50_nM,scaffold,ecfp_xgb,CHEMBL4442092,6.455931955649724,5.823707580566406
all_ic50_nM,scaffold,ecfp_xgb,CHEMBL4454062,6.879975113943676,6.548258304595947
all_ic50_nM,scaffold,ecfp_xgb,CHEMBL4455553,5.508638306165727,6.424004077911377
all_ic50_nM,scaffold,ecfp_xgb,CHEMBL4457855,6.716134018725965,6.4824538230896
all_ic50_nM,scaffold,ecfp_xgb,CHEMBL4462401,7.726728668260934,6.854861259460449
all_ic50_nM,scaffold,ecfp_xgb,CHEMBL454580,5.481486060122113,4.149420261383057
all_ic50_nM,scaffold,ecfp_xgb,CHEMBL4548362,6.718889266142824,6.748049736022949
all_ic50_nM,scaffold,ecfp_xgb,CHEMBL45627,4.886056647693163,4.386443138122559
all_ic50_nM,scaffold,ecfp_xgb,CHEMBL4570684,7.209025170813341,6.346308708190918
all_ic50_nM,scaffold,ecfp_xgb,CHEMBL561643,4.391046300724137,4.378211498260498
all_ic50_nM,scaffold,ecfp_xgb,CHEMBL5756160,7.026872146400302,7.0883049964904785
all_ic50_nM,scaffold,ecfp_xgb,CHEMBL5758153,5.700057099977233,6.590815544128418
all_ic50_nM,scaffold,ecfp_xgb,CHEMBL5774258,7.455931955649724,5.143301486968994
all_ic50_nM,scaffold,ecfp_xgb,CHEMBL5786448,5.3799681048737025,6.003063678741455
all_ic50_nM,scaffold,ecfp_xgb,CHEMBL5794684,7.657577319177793,5.259461402893066
all_ic50_nM,scaffold,ecfp_xgb,CHEMBL5796900,5.0499760934766735,6.659557342529297
all_ic50_nM,scaffold,ecfp_xgb,CHEMBL5810763,7.638272163982407,5.214194297790527
all_ic50_nM,scaffold,ecfp_xgb,CHEMBL5838148,5.669992299127241,6.810926914215088
all_ic50_nM,scaffold,ecfp_xgb,CHEMBL5855185,7.698970004336019,4.992733001708984
all_ic50_nM,scaffold,ecfp_xgb,CHEMBL5860543,7.070070439915412,7.041270732879639
all_ic50_nM,scaffold,ecfp_xgb,CHEMBL5860899,5.756961951313706,5.568540096282959
all_ic50_nM,scaffold,ecfp_xgb,CHEMBL5863279,7.179798540514359,7.020066738128662
all_ic50_nM,scaffold,ecfp_xgb,CHEMBL5871625,7.795880017344075,5.464709758758545
all_ic50_nM,scaffold,ecfp_xgb,CHEMBL5902131,6.219682687859849,6.086270809173584
all_ic50_nM,scaffold,ecfp_xgb,CHEMBL5917748,6.801342913045577,6.587075710296631
all_ic50_nM,scaffold,ecfp_xgb,CHEMBL5923464,7.823908740944319,5.173822402954102
all_ic50_nM,scaffold,ecfp_xgb,CHEMBL5949442,5.860120913598763,7.016823768615723
all_ic50_nM,scaffold,ecfp_xgb,CHEMBL5985038,7.400116927926312,6.659970283508301
all_ic50_nM,scaffold,ecfp_xgb,CHEMBL5993582,5.250031916490597,6.148457050323486
all_ic50_nM,scaffold,ecfp_xgb,CHEMBL6030711,7.199970640755866,7.020961761474609
all_ic50_nM,scaffold,ecfp_xgb,CHEMBL6032013,7.279840696594043,7.051126003265381
all_ic50_nM,scaffold,ecfp_xgb,CHEMBL6039031,7.1598939055432425,6.680582523345947
all_ic50_nM,scaffold,ecfp_xgb,CHEMBL6046039,4.576754126063192,5.647340774536133
all_ic50_nM,scaffold,ecfp_xgb,CHEMBL6050591,7.721246399047171,5.117859840393066
all_ic50_nM,scaffold,ecfp_xgb,CHEMBL6058681,7.1598939055432425,6.680582523345947
all_ic50_nM,scaffold,ecfp_xgb,CHEMBL6063093,4.576754126063192,5.7539381980896
all_ic50_nM,scaffold,mean,CHEMBL151,4.204119982655925,6.6849896500709995
all_ic50_nM,scaffold,mean,CHEMBL187265,4.748361779551788,6.6849896500709995
all_ic50_nM,scaffold,mean,CHEMBL213583,7.167491087293763,6.6849896500709995
all_ic50_nM,scaffold,mean,CHEMBL213634,7.721246399047171,6.6849896500709995
all_ic50_nM,scaffold,mean,CHEMBL214037,7.267606240177032,6.6849896500709995
all_ic50_nM,scaffold,mean,CHEMBL2322357,7.301029995663981,6.6849896500709995
all_ic50_nM,scaffold,mean,CHEMBL2322358,7.455931955649724,6.6849896500709995
all_ic50_nM,scaffold,mean,CHEMBL260553,5.906578314837765,6.6849896500709995
all_ic50_nM,scaffold,mean,CHEMBL261706,4.605023280445436,6.6849896500709995
all_ic50_nM,scaffold,mean,CHEMBL322740,3.844663962534938,6.6849896500709995
all_ic50_nM,scaffold,mean,CHEMBL323197,5.2564902352715706,6.6849896500709995
all_ic50_nM,scaffold,mean,CHEMBL361025,4.387428045934824,6.6849896500709995
all_ic50_nM,scaffold,mean,CHEMBL3617744,7.030048545212567,6.6849896500709995
all_ic50_nM,scaffold,mean,CHEMBL3623462,6.640164517660112,6.6849896500709995
all_ic50_nM,scaffold,mean,CHEMBL3623463,7.031517051446065,6.6849896500709995
all_ic50_nM,scaffold,mean,CHEMBL3657586,6.638272163982407,6.6849896500709995
all_ic50_nM,scaffold,mean,CHEMBL3657588,6.221848749616356,6.6849896500709995
all_ic50_nM,scaffold,mean,CHEMBL3657592,6.443697499232712,6.6849896500709995
all_ic50_nM,scaffold,mean,CHEMBL3657594,6.903089986991944,6.6849896500709995
all_ic50_nM,scaffold,mean,CHEMBL3661631,6.769551078621726,6.6849896500709995
all_ic50_nM,scaffold,mean,CHEMBL3661632,6.431798275933005,6.6849896500709995
all_ic50_nM,scaffold,mean,CHEMBL3661633,6.585026652029182,6.6849896500709995
all_ic50_nM,scaffold,mean,CHEMBL3661634,6.580044251510242,6.6849896500709995
all_ic50_nM,scaffold,mean,CHEMBL3661635,6.7447274948966935,6.6849896500709995
all_ic50_nM,scaffold,mean,CHEMBL3661638,5.142969201727376,6.6849896500709995
all_ic50_nM,scaffold,mean,CHEMBL3661652,7.301029995663981,6.6849896500709995
all_ic50_nM,scaffold,mean,CHEMBL3661661,7.455931955649724,6.6849896500709995
all_ic50_nM,scaffold,mean,CHEMBL3661663,7.522878745280337,6.6849896500709995
all_ic50_nM,scaffold,mean,CHEMBL3661684,7.346787486224656,6.6849896500709995
all_ic50_nM,scaffold,mean,CHEMBL3661686,6.698970004336019,6.6849896500709995
all_ic50_nM,scaffold,mean,CHEMBL3661688,5.274088367704952,6.6849896500709995
all_ic50_nM,scaffold,mean,CHEMBL3661689,5.838631997765025,6.6849896500709995
all_ic50_nM,scaffold,mean,CHEMBL3661690,5.266000713461613,6.6849896500709995
all_ic50_nM,scaffold,mean,CHEMBL3661691,6.508638306165727,6.6849896500709995
all_ic50_nM,scaffold,mean,CHEMBL3661695,5.655607726314889,6.6849896500709995
all_ic50_nM,scaffold,mean,CHEMBL3661698,5.279014255846261,6.6849896500709995
all_ic50_nM,scaffold,mean,CHEMBL3661702,6.045757490560675,6.6849896500709995
all_ic50_nM,scaffold,mean,CHEMBL3661721,6.455931955649724,6.6849896500709995
all_ic50_nM,scaffold,mean,CHEMBL3661723,5.638272163982407,6.6849896500709995
all_ic50_nM,scaffold,mean,CHEMBL3661740,6.1938200260161125,6.6849896500709995
all_ic50_nM,scaffold,mean,CHEMBL3661811,6.080921907623926,6.6849896500709995
all_ic50_nM,scaffold,mean,CHEMBL3661813,6.102372908709558,6.6849896500709995
all_ic50_nM,scaffold,mean,CHEMBL3661835,7.522878745280337,6.6849896500709995
all_ic50_nM,scaffold,mean,CHEMBL3661836,7.221848749616356,6.6849896500709995
all_ic50_nM,scaffold,mean,CHEMBL3661837,7.096910013008056,6.6849896500709995
all_ic50_nM,scaffold,mean,CHEMBL3661838,7.0,6.6849896500709995
all_ic50_nM,scaffold,mean,CHEMBL3661839,7.301029995663981,6.6849896500709995
all_ic50_nM,scaffold,mean,CHEMBL3661840,7.301029995663981,6.6849896500709995
all_ic50_nM,scaffold,mean,CHEMBL3661841,6.920818753952375,6.6849896500709995
all_ic50_nM,scaffold,mean,CHEMBL3661842,7.301029995663981,6.6849896500709995
all_ic50_nM,scaffold,mean,CHEMBL3661843,6.920818753952375,6.6849896500709995
all_ic50_nM,scaffold,mean,CHEMBL3661844,6.657577319177793,6.6849896500709995
all_ic50_nM,scaffold,mean,CHEMBL3666475,5.455931955649724,6.6849896500709995
all_ic50_nM,scaffold,mean,CHEMBL3666478,6.6020599913279625,6.6849896500709995
all_ic50_nM,scaffold,mean,CHEMBL3666482,4.519131076312832,6.6849896500709995
all_ic50_nM,scaffold,mean,CHEMBL3666484,5.8696662315049934,6.6849896500709995
all_ic50_nM,scaffold,mean,CHEMBL3666493,6.154901959985743,6.6849896500709995
all_ic50_nM,scaffold,mean,CHEMBL3666494,4.373659632624958,6.6849896500709995
all_ic50_nM,scaffold,mean,CHEMBL3666495,4.5215778122599195,6.6849896500709995
all_ic50_nM,scaffold,mean,CHEMBL3666497,5.997833938243493,6.6849896500709995
all_ic50_nM,scaffold,mean,CHEMBL3666503,6.431798275933005,6.6849896500709995
all_ic50_nM,scaffold,mean,CHEMBL3666505,5.966576244513051,6.6849896500709995
all_ic50_nM,scaffold,mean,CHEMBL3666507,5.488116639021126,6.6849896500709995
all_ic50_nM,scaffold,mean,CHEMBL3666508,7.6020599913279625,6.6849896500709995
all_ic50_nM,scaffold,mean,CHEMBL3666516,7.6020599913279625,6.6849896500709995
all_ic50_nM,scaffold,mean,CHEMBL3666529,6.468521082957745,6.6849896500709995
all_ic50_nM,scaffold,mean,CHEMBL3666531,6.214670164989233,6.6849896500709995
all_ic50_nM,scaffold,mean,CHEMBL3666532,6.657577319177793,6.6849896500709995
all_ic50_nM,scaffold,mean,CHEMBL3666533,5.052076380168273,6.6849896500709995
all_ic50_nM,scaffold,mean,CHEMBL3666534,6.920818753952375,6.6849896500709995
all_ic50_nM,scaffold,mean,CHEMBL3666535,7.070581074285707,6.6849896500709995
all_ic50_nM,scaffold,mean,CHEMBL3666539,6.782516055786093,6.6849896500709995
all_ic50_nM,scaffold,mean,CHEMBL3666542,7.096910013008056,6.6849896500709995
all_ic50_nM,scaffold,mean,CHEMBL3666548,6.481486060122113,6.6849896500709995
all_ic50_nM,scaffold,mean,CHEMBL3666549,6.522878745280337,6.6849896500709995
all_ic50_nM,scaffold,mean,CHEMBL3666567,6.508638306165727,6.6849896500709995
all_ic50_nM,scaffold,mean,CHEMBL3666577,6.376750709602099,6.6849896500709995
all_ic50_nM,scaffold,mean,CHEMBL3666589,7.187086643357144,6.6849896500709995
all_ic50_nM,scaffold,mean,CHEMBL3666590,6.8696662315049934,6.6849896500709995
all_ic50_nM,scaffold,mean,CHEMBL3666591,6.585026652029182,6.6849896500709995
all_ic50_nM,scaffold,mean,CHEMBL3666592,7.301029995663981,6.6849896500709995
all_ic50_nM,scaffold,mean,CHEMBL3666596,6.585026652029182,6.6849896500709995
all_ic50_nM,scaffold,mean,CHEMBL3666621,7.1249387366083,6.6849896500709995
all_ic50_nM,scaffold,mean,CHEMBL3666622,7.221848749616356,6.6849896500709995
all_ic50_nM,scaffold,mean,CHEMBL3666623,7.096910013008056,6.6849896500709995
all_ic50_nM,scaffold,mean,CHEMBL3666624,7.3979400086720375,6.6849896500709995
all_ic50_nM,scaffold,mean,CHEMBL3666633,7.301029995663981,6.6849896500709995
all_ic50_nM,scaffold,mean,CHEMBL3666634,7.221848749616356,6.6849896500709995
all_ic50_nM,scaffold,mean,CHEMBL3666635,6.958607314841775,6.6849896500709995
all_ic50_nM,scaffold,mean,CHEMBL3666636,7.301029995663981,6.6849896500709995
all_ic50_nM,scaffold,mean,CHEMBL3666640,6.309803919971486,6.6849896500709995
all_ic50_nM,scaffold,mean,CHEMBL3666643,6.8696662315049934,6.6849896500709995
all_ic50_nM,scaffold,mean,CHEMBL3666644,6.978810700930062,6.6849896500709995
all_ic50_nM,scaffold,mean,CHEMBL3666655,6.978810700930062,6.6849896500709995
all_ic50_nM,scaffold,mean,CHEMBL3666656,6.107905397309519,6.6849896500709995
all_ic50_nM,scaffold,mean,CHEMBL3666657,6.356547323513812,6.6849896500709995
all_ic50_nM,scaffold,mean,CHEMBL3666658,7.187086643357144,6.6849896500709995
all_ic50_nM,scaffold,mean,CHEMBL3666659,7.301029995663981,6.6849896500709995
all_ic50_nM,scaffold,mean,CHEMBL3666661,5.7423214251308154,6.6849896500709995
all_ic50_nM,scaffold,mean,CHEMBL3666664,5.94692155651658,6.6849896500709995
all_ic50_nM,scaffold,mean,CHEMBL3666665,6.346787486224656,6.6849896500709995
all_ic50_nM,scaffold,mean,CHEMBL3666666,6.638272163982407,6.6849896500709995
all_ic50_nM,scaffold,mean,CHEMBL3666675,6.619788758288394,6.6849896500709995
all_ic50_nM,scaffold,mean,CHEMBL3666676,7.0,6.6849896500709995
all_ic50_nM,scaffold,mean,CHEMBL3666682,6.7447274948966935,6.6849896500709995
all_ic50_nM,scaffold,mean,CHEMBL3666685,7.522878745280337,6.6849896500709995
all_ic50_nM,scaffold,mean,CHEMBL3666686,7.045757490560675,6.6849896500709995
all_ic50_nM,scaffold,mean,CHEMBL3706848,4.508638306165727,6.6849896500709995
all_ic50_nM,scaffold,mean,CHEMBL373985,6.137868620686962,6.6849896500709995
all_ic50_nM,scaffold,mean,CHEMBL375390,7.2839966563652006,6.6849896500709995
all_ic50_nM,scaffold,mean,CHEMBL3890268,7.050609993355087,6.6849896500709995
all_ic50_nM,scaffold,mean,CHEMBL3892113,7.5376020021010435,6.6849896500709995
all_ic50_nM,scaffold,mean,CHEMBL3892817,7.267606240177032,6.6849896500709995
all_ic50_nM,scaffold,mean,CHEMBL3892834,7.455931955649724,6.6849896500709995
all_ic50_nM,scaffold,mean,CHEMBL3893018,7.3979400086720375,6.6849896500709995
all_ic50_nM,scaffold,mean,CHEMBL3894066,7.292429823902063,6.6849896500709995
all_ic50_nM,scaffold,mean,CHEMBL3896940,7.1487416512809245,6.6849896500709995
all_ic50_nM,scaffold,mean,CHEMBL3899214,7.214670164989233,6.6849896500709995
all_ic50_nM,scaffold,mean,CHEMBL3899430,7.259637310505756,6.6849896500709995
all_ic50_nM,scaffold,mean,CHEMBL3899622,7.3979400086720375,6.6849896500709995
all_ic50_nM,scaffold,mean,CHEMBL3900209,7.619788758288394,6.6849896500709995
all_ic50_nM,scaffold,mean,CHEMBL3901443,7.301029995663981,6.6849896500709995
all_ic50_nM,scaffold,mean,CHEMBL3902566,7.1249387366083,6.6849896500709995
all_ic50_nM,scaffold,mean,CHEMBL3903013,6.356547323513812,6.6849896500709995
all_ic50_nM,scaffold,mean,CHEMBL3903102,7.187086643357144,6.6849896500709995
all_ic50_nM,scaffold,mean,CHEMBL3906844,6.991399828238082,6.6849896500709995
all_ic50_nM,scaffold,mean,CHEMBL3907287,7.431798275933005,6.6849896500709995
all_ic50_nM,scaffold,mean,CHEMBL3908254,7.229147988357855,6.6849896500709995
all_ic50_nM,scaffold,mean,CHEMBL3908480,6.070070439915412,6.6849896500709995
all_ic50_nM,scaffold,mean,CHEMBL3908483,7.229147988357855,6.6849896500709995
all_ic50_nM,scaffold,mean,CHEMBL3909325,6.468521082957745,6.6849896500709995
all_ic50_nM,scaffold,mean,CHEMBL3915492,7.200659450546418,6.6849896500709995
all_ic50_nM,scaffold,mean,CHEMBL3915942,6.958607314841775,6.6849896500709995
all_ic50_nM,scaffold,mean,CHEMBL3915984,7.173925197299173,6.6849896500709995
all_ic50_nM,scaffold,mean,CHEMBL3917301,7.698970004336019,6.6849896500709995
all_ic50_nM,scaffold,mean,CHEMBL3921234,7.366531544420414,6.6849896500709995
all_ic50_nM,scaffold,mean,CHEMBL3921854,7.142667503568732,6.6849896500709995
all_ic50_nM,scaffold,mean,CHEMBL3923704,7.221848749616356,6.6849896500709995
all_ic50_nM,scaffold,mean,CHEMBL3924337,7.431798275933005,6.6849896500709995
all_ic50_nM,scaffold,mean,CHEMBL3926590,7.481486060122112,6.6849896500709995
all_ic50_nM,scaffold,mean,CHEMBL3926883,7.522878745280337,6.6849896500709995
all_ic50_nM,scaffold,mean,CHEMBL3927639,7.920818753952375,6.6849896500709995
all_ic50_nM,scaffold,mean,CHEMBL3928445,6.853871964321762,6.6849896500709995
all_ic50_nM,scaffold,mean,CHEMBL3928845,7.619788758288394,6.6849896500709995
all_ic50_nM,scaffold,mean,CHEMBL3929884,6.853871964321762,6.6849896500709995
all_ic50_nM,scaffold,mean,CHEMBL3930059,7.6020599913279625,6.6849896500709995
all_ic50_nM,scaffold,mean,CHEMBL3930427,7.107905397309519,6.6849896500709995
all_ic50_nM,scaffold,mean,CHEMBL3932119,7.698970004336019,6.6849896500709995
all_ic50_nM,scaffold,mean,CHEMBL3932303,7.309803919971486,6.6849896500709995
all_ic50_nM,scaffold,mean,CHEMBL3933279,7.236572006437063,6.6849896500709995
all_ic50_nM,scaffold,mean,CHEMBL3933387,6.376750709602099,6.6849896500709995
all_ic50_nM,scaffold,mean,CHEMBL3934120,4.301029995663981,6.6849896500709995
all_ic50_nM,scaffold,mean,CHEMBL3936427,7.060480747381382,6.6849896500709995
all_ic50_nM,scaffold,mean,CHEMBL3936432,7.2441251443275085,6.6849896500709995
all_ic50_nM,scaffold,mean,CHEMBL3936764,7.0,6.6849896500709995
all_ic50_nM,scaffold,mean,CHEMBL3939411,7.251811972993799,6.6849896500709995
all_ic50_nM,scaffold,mean,CHEMBL3940841,7.455931955649724,6.6849896500709995
all_ic50_nM,scaffold,mean,CHEMBL3941006,7.0655015487564325,6.6849896500709995
all_ic50_nM,scaffold,mean,CHEMBL3943541,6.6777807052660805,6.6849896500709995
all_ic50_nM,scaffold,mean,CHEMBL3943938,6.721246399047171,6.6849896500709995
all_ic50_nM,scaffold,mean,CHEMBL3944341,5.809668301829708,6.6849896500709995
all_ic50_nM,scaffold,mean,CHEMBL3945221,7.6777807052660805,6.6849896500709995
all_ic50_nM,scaffold,mean,CHEMBL3946637,7.3979400086720375,6.6849896500709995
all_ic50_nM,scaffold,mean,CHEMBL3950209,7.2076083105017466,6.6849896500709995
all_ic50_nM,scaffold,mean,CHEMBL3954321,7.721246399047171,6.6849896500709995
all_ic50_nM,scaffold,mean,CHEMBL3957597,6.958607314841775,6.6849896500709995
all_ic50_nM,scaffold,mean,CHEMBL3959137,6.749579997691106,6.6849896500709995
all_ic50_nM,scaffold,mean,CHEMBL3961413,7.6020599913279625,6.6849896500709995
all_ic50_nM,scaffold,mean,CHEMBL3964640,4.301029995663981,6.6849896500709995
all_ic50_nM,scaffold,mean,CHEMBL3965791,7.823908740944319,6.6849896500709995
all_ic50_nM,scaffold,mean,CHEMBL3967912,7.585026652029182,6.6849896500709995
all_ic50_nM,scaffold,mean,CHEMBL3968574,6.823908740944319,6.6849896500709995
all_ic50_nM,scaffold,mean,CHEMBL3969857,6.337242168318426,6.6849896500709995
all_ic50_nM,scaffold,mean,CHEMBL3971369,7.42021640338319,6.6849896500709995
all_ic50_nM,scaffold,mean,CHEMBL3972130,6.769551078621726,6.6849896500709995
all_ic50_nM,scaffold,mean,CHEMBL3975312,7.6777807052660805,6.6849896500709995
all_ic50_nM,scaffold,mean,CHEMBL3976292,6.229147988357855,6.6849896500709995
all_ic50_nM,scaffold,mean,CHEMBL3977322,7.013228265733755,6.6849896500709995
all_ic50_nM,scaffold,mean,CHEMBL3978130,6.920818753952375,6.6849896500709995
all_ic50_nM,scaffold,mean,CHEMBL3982115,7.022276394711152,6.6849896500709995
all_ic50_nM,scaffold,mean,CHEMBL3984143,7.0,6.6849896500709995
all_ic50_nM,scaffold,mean,CHEMBL3984313,6.958607314841775,6.6849896500709995
all_ic50_nM,scaffold,mean,CHEMBL3985033,6.0,6.6849896500709995
all_ic50_nM,scaffold,mean,CHEMBL4126247,7.698970004336019,6.6849896500709995
all_ic50_nM,scaffold,mean,CHEMBL4126304,7.337242168318426,6.6849896500709995
all_ic50_nM,scaffold,mean,CHEMBL4126387,6.522878745280337,6.6849896500709995
all_ic50_nM,scaffold,mean,CHEMBL4126610,6.85078088734462,6.6849896500709995
all_ic50_nM,scaffold,mean,CHEMBL4126768,7.443697499232712,6.6849896500709995
all_ic50_nM,scaffold,mean,CHEMBL4127027,7.161150909262744,6.6849896500709995
all_ic50_nM,scaffold,mean,CHEMBL4127623,7.698970004336019,6.6849896500709995
all_ic50_nM,scaffold,mean,CHEMBL4127995,6.309803919971486,6.6849896500709995
all_ic50_nM,scaffold,mean,CHEMBL4128143,7.552841968657781,6.6849896500709995
all_ic50_nM,scaffold,mean,CHEMBL4128202,5.050122295963125,6.6849896500709995
all_ic50_nM,scaffold,mean,CHEMBL4129046,7.301029995663981,6.6849896500709995
all_ic50_nM,scaffold,mean,CHEMBL4129240,7.080921907623926,6.6849896500709995
all_ic50_nM,scaffold,mean,CHEMBL4129431,7.481486060122112,6.6849896500709995
all_ic50_nM,scaffold,mean,CHEMBL4130174,6.229147988357855,6.6849896500709995
all_ic50_nM,scaffold,mean,CHEMBL4130264,6.443697499232712,6.6849896500709995
all_ic50_nM,scaffold,mean,CHEMBL4439223,5.906578314837764,6.6849896500709995
all_ic50_nM,scaffold,mean,CHEMBL4442092,6.455931955649724,6.6849896500709995
all_ic50_nM,scaffold,mean,CHEMBL4454062,6.879975113943676,6.6849896500709995
all_ic50_nM,scaffold,mean,CHEMBL4455553,5.508638306165727,6.6849896500709995
all_ic50_nM,scaffold,mean,CHEMBL4457855,6.716134018725965,6.6849896500709995
all_ic50_nM,scaffold,mean,CHEMBL4462401,7.726728668260934,6.6849896500709995
all_ic50_nM,scaffold,mean,CHEMBL454580,5.481486060122113,6.6849896500709995
all_ic50_nM,scaffold,mean,CHEMBL4548362,6.718889266142824,6.6849896500709995
all_ic50_nM,scaffold,mean,CHEMBL45627,4.886056647693163,6.6849896500709995
all_ic50_nM,scaffold,mean,CHEMBL4570684,7.209025170813341,6.6849896500709995
all_ic50_nM,scaffold,mean,CHEMBL561643,4.391046300724137,6.6849896500709995
all_ic50_nM,scaffold,mean,CHEMBL5756160,7.026872146400302,6.6849896500709995
all_ic50_nM,scaffold,mean,CHEMBL5758153,5.700057099977233,6.6849896500709995
all_ic50_nM,scaffold,mean,CHEMBL5774258,7.455931955649724,6.6849896500709995
all_ic50_nM,scaffold,mean,CHEMBL5786448,5.3799681048737025,6.6849896500709995
all_ic50_nM,scaffold,mean,CHEMBL5794684,7.657577319177793,6.6849896500709995
all_ic50_nM,scaffold,mean,CHEMBL5796900,5.0499760934766735,6.6849896500709995
all_ic50_nM,scaffold,mean,CHEMBL5810763,7.638272163982407,6.6849896500709995
all_ic50_nM,scaffold,mean,CHEMBL5838148,5.669992299127241,6.6849896500709995
all_ic50_nM,scaffold,mean,CHEMBL5855185,7.698970004336019,6.6849896500709995
all_ic50_nM,scaffold,mean,CHEMBL5860543,7.070070439915412,6.6849896500709995
all_ic50_nM,scaffold,mean,CHEMBL5860899,5.756961951313706,6.6849896500709995
all_ic50_nM,scaffold,mean,CHEMBL5863279,7.179798540514359,6.6849896500709995
all_ic50_nM,scaffold,mean,CHEMBL5871625,7.795880017344075,6.6849896500709995
all_ic50_nM,scaffold,mean,CHEMBL5902131,6.219682687859849,6.6849896500709995
all_ic50_nM,scaffold,mean,CHEMBL5917748,6.801342913045577,6.6849896500709995
all_ic50_nM,scaffold,mean,CHEMBL5923464,7.823908740944319,6.6849896500709995
all_ic50_nM,scaffold,mean,CHEMBL5949442,5.860120913598763,6.6849896500709995
all_ic50_nM,scaffold,mean,CHEMBL5985038,7.400116927926312,6.6849896500709995
all_ic50_nM,scaffold,mean,CHEMBL5993582,5.250031916490597,6.6849896500709995
all_ic50_nM,scaffold,mean,CHEMBL6030711,7.199970640755866,6.6849896500709995
all_ic50_nM,scaffold,mean,CHEMBL6032013,7.279840696594043,6.6849896500709995
all_ic50_nM,scaffold,mean,CHEMBL6039031,7.1598939055432425,6.6849896500709995
all_ic50_nM,scaffold,mean,CHEMBL6046039,4.576754126063192,6.6849896500709995
all_ic50_nM,scaffold,mean,CHEMBL6050591,7.721246399047171,6.6849896500709995
all_ic50_nM,scaffold,mean,CHEMBL6058681,7.1598939055432425,6.6849896500709995
all_ic50_nM,scaffold,mean,CHEMBL6063093,4.576754126063192,6.6849896500709995
all_ic50_nM,scaffold,median,CHEMBL151,4.204119982655925,6.886056647693163
all_ic50_nM,scaffold,median,CHEMBL187265,4.748361779551788,6.886056647693163
all_ic50_nM,scaffold,median,CHEMBL213583,7.167491087293763,6.886056647693163
all_ic50_nM,scaffold,median,CHEMBL213634,7.721246399047171,6.886056647693163
all_ic50_nM,scaffold,median,CHEMBL214037,7.267606240177032,6.886056647693163
all_ic50_nM,scaffold,median,CHEMBL2322357,7.301029995663981,6.886056647693163
all_ic50_nM,scaffold,median,CHEMBL2322358,7.455931955649724,6.886056647693163
all_ic50_nM,scaffold,median,CHEMBL260553,5.906578314837765,6.886056647693163
all_ic50_nM,scaffold,median,CHEMBL261706,4.605023280445436,6.886056647693163
all_ic50_nM,scaffold,median,CHEMBL322740,3.844663962534938,6.886056647693163
all_ic50_nM,scaffold,median,CHEMBL323197,5.2564902352715706,6.886056647693163
all_ic50_nM,scaffold,median,CHEMBL361025,4.387428045934824,6.886056647693163
all_ic50_nM,scaffold,median,CHEMBL3617744,7.030048545212567,6.886056647693163
all_ic50_nM,scaffold,median,CHEMBL3623462,6.640164517660112,6.886056647693163
all_ic50_nM,scaffold,median,CHEMBL3623463,7.031517051446065,6.886056647693163
all_ic50_nM,scaffold,median,CHEMBL3657586,6.638272163982407,6.886056647693163
all_ic50_nM,scaffold,median,CHEMBL3657588,6.221848749616356,6.886056647693163
all_ic50_nM,scaffold,median,CHEMBL3657592,6.443697499232712,6.886056647693163
all_ic50_nM,scaffold,median,CHEMBL3657594,6.903089986991944,6.886056647693163
all_ic50_nM,scaffold,median,CHEMBL3661631,6.769551078621726,6.886056647693163
all_ic50_nM,scaffold,median,CHEMBL3661632,6.431798275933005,6.886056647693163
all_ic50_nM,scaffold,median,CHEMBL3661633,6.585026652029182,6.886056647693163
all_ic50_nM,scaffold,median,CHEMBL3661634,6.580044251510242,6.886056647693163
all_ic50_nM,scaffold,median,CHEMBL3661635,6.7447274948966935,6.886056647693163
all_ic50_nM,scaffold,median,CHEMBL3661638,5.142969201727376,6.886056647693163
all_ic50_nM,scaffold,median,CHEMBL3661652,7.301029995663981,6.886056647693163
all_ic50_nM,scaffold,median,CHEMBL3661661,7.455931955649724,6.886056647693163
all_ic50_nM,scaffold,median,CHEMBL3661663,7.522878745280337,6.886056647693163
all_ic50_nM,scaffold,median,CHEMBL3661684,7.346787486224656,6.886056647693163
all_ic50_nM,scaffold,median,CHEMBL3661686,6.698970004336019,6.886056647693163
all_ic50_nM,scaffold,median,CHEMBL3661688,5.274088367704952,6.886056647693163
all_ic50_nM,scaffold,median,CHEMBL3661689,5.838631997765025,6.886056647693163
all_ic50_nM,scaffold,median,CHEMBL3661690,5.266000713461613,6.886056647693163
all_ic50_nM,scaffold,median,CHEMBL3661691,6.508638306165727,6.886056647693163
all_ic50_nM,scaffold,median,CHEMBL3661695,5.655607726314889,6.886056647693163
all_ic50_nM,scaffold,median,CHEMBL3661698,5.279014255846261,6.886056647693163
all_ic50_nM,scaffold,median,CHEMBL3661702,6.045757490560675,6.886056647693163
all_ic50_nM,scaffold,median,CHEMBL3661721,6.455931955649724,6.886056647693163
all_ic50_nM,scaffold,median,CHEMBL3661723,5.638272163982407,6.886056647693163
all_ic50_nM,scaffold,median,CHEMBL3661740,6.1938200260161125,6.886056647693163
all_ic50_nM,scaffold,median,CHEMBL3661811,6.080921907623926,6.886056647693163
all_ic50_nM,scaffold,median,CHEMBL3661813,6.102372908709558,6.886056647693163
all_ic50_nM,scaffold,median,CHEMBL3661835,7.522878745280337,6.886056647693163
all_ic50_nM,scaffold,median,CHEMBL3661836,7.221848749616356,6.886056647693163
all_ic50_nM,scaffold,median,CHEMBL3661837,7.096910013008056,6.886056647693163
all_ic50_nM,scaffold,median,CHEMBL3661838,7.0,6.886056647693163
all_ic50_nM,scaffold,median,CHEMBL3661839,7.301029995663981,6.886056647693163
all_ic50_nM,scaffold,median,CHEMBL3661840,7.301029995663981,6.886056647693163
all_ic50_nM,scaffold,median,CHEMBL3661841,6.920818753952375,6.886056647693163
all_ic50_nM,scaffold,median,CHEMBL3661842,7.301029995663981,6.886056647693163
all_ic50_nM,scaffold,median,CHEMBL3661843,6.920818753952375,6.886056647693163
all_ic50_nM,scaffold,median,CHEMBL3661844,6.657577319177793,6.886056647693163
all_ic50_nM,scaffold,median,CHEMBL3666475,5.455931955649724,6.886056647693163
all_ic50_nM,scaffold,median,CHEMBL3666478,6.6020599913279625,6.886056647693163
all_ic50_nM,scaffold,median,CHEMBL3666482,4.519131076312832,6.886056647693163
all_ic50_nM,scaffold,median,CHEMBL3666484,5.8696662315049934,6.886056647693163
all_ic50_nM,scaffold,median,CHEMBL3666493,6.154901959985743,6.886056647693163
all_ic50_nM,scaffold,median,CHEMBL3666494,4.373659632624958,6.886056647693163
all_ic50_nM,scaffold,median,CHEMBL3666495,4.5215778122599195,6.886056647693163
all_ic50_nM,scaffold,median,CHEMBL3666497,5.997833938243493,6.886056647693163
all_ic50_nM,scaffold,median,CHEMBL3666503,6.431798275933005,6.886056647693163
all_ic50_nM,scaffold,median,CHEMBL3666505,5.966576244513051,6.886056647693163
all_ic50_nM,scaffold,median,CHEMBL3666507,5.488116639021126,6.886056647693163
all_ic50_nM,scaffold,median,CHEMBL3666508,7.6020599913279625,6.886056647693163
all_ic50_nM,scaffold,median,CHEMBL3666516,7.6020599913279625,6.886056647693163
all_ic50_nM,scaffold,median,CHEMBL3666529,6.468521082957745,6.886056647693163
all_ic50_nM,scaffold,median,CHEMBL3666531,6.214670164989233,6.886056647693163
all_ic50_nM,scaffold,median,CHEMBL3666532,6.657577319177793,6.886056647693163
all_ic50_nM,scaffold,median,CHEMBL3666533,5.052076380168273,6.886056647693163
all_ic50_nM,scaffold,median,CHEMBL3666534,6.920818753952375,6.886056647693163
all_ic50_nM,scaffold,median,CHEMBL3666535,7.070581074285707,6.886056647693163
all_ic50_nM,scaffold,median,CHEMBL3666539,6.782516055786093,6.886056647693163
all_ic50_nM,scaffold,median,CHEMBL3666542,7.096910013008056,6.886056647693163
all_ic50_nM,scaffold,median,CHEMBL3666548,6.481486060122113,6.886056647693163
all_ic50_nM,scaffold,median,CHEMBL3666549,6.522878745280337,6.886056647693163
all_ic50_nM,scaffold,median,CHEMBL3666567,6.508638306165727,6.886056647693163
all_ic50_nM,scaffold,median,CHEMBL3666577,6.376750709602099,6.886056647693163
all_ic50_nM,scaffold,median,CHEMBL3666589,7.187086643357144,6.886056647693163
all_ic50_nM,scaffold,median,CHEMBL3666590,6.8696662315049934,6.886056647693163
all_ic50_nM,scaffold,median,CHEMBL3666591,6.585026652029182,6.886056647693163
all_ic50_nM,scaffold,median,CHEMBL3666592,7.301029995663981,6.886056647693163
all_ic50_nM,scaffold,median,CHEMBL3666596,6.585026652029182,6.886056647693163
all_ic50_nM,scaffold,median,CHEMBL3666621,7.1249387366083,6.886056647693163
all_ic50_nM,scaffold,median,CHEMBL3666622,7.221848749616356,6.886056647693163
all_ic50_nM,scaffold,median,CHEMBL3666623,7.096910013008056,6.886056647693163
all_ic50_nM,scaffold,median,CHEMBL3666624,7.3979400086720375,6.886056647693163
all_ic50_nM,scaffold,median,CHEMBL3666633,7.301029995663981,6.886056647693163
all_ic50_nM,scaffold,median,CHEMBL3666634,7.221848749616356,6.886056647693163
all_ic50_nM,scaffold,median,CHEMBL3666635,6.958607314841775,6.886056647693163
all_ic50_nM,scaffold,median,CHEMBL3666636,7.301029995663981,6.886056647693163
all_ic50_nM,scaffold,median,CHEMBL3666640,6.309803919971486,6.886056647693163
all_ic50_nM,scaffold,median,CHEMBL3666643,6.8696662315049934,6.886056647693163
all_ic50_nM,scaffold,median,CHEMBL3666644,6.978810700930062,6.886056647693163
all_ic50_nM,scaffold,median,CHEMBL3666655,6.978810700930062,6.886056647693163
all_ic50_nM,scaffold,median,CHEMBL3666656,6.107905397309519,6.886056647693163
all_ic50_nM,scaffold,median,CHEMBL3666657,6.356547323513812,6.886056647693163
all_ic50_nM,scaffold,median,CHEMBL3666658,7.187086643357144,6.886056647693163
all_ic50_nM,scaffold,median,CHEMBL3666659,7.301029995663981,6.886056647693163
all_ic50_nM,scaffold,median,CHEMBL3666661,5.7423214251308154,6.886056647693163
all_ic50_nM,scaffold,median,CHEMBL3666664,5.94692155651658,6.886056647693163
all_ic50_nM,scaffold,median,CHEMBL3666665,6.346787486224656,6.886056647693163
all_ic50_nM,scaffold,median,CHEMBL3666666,6.638272163982407,6.886056647693163
all_ic50_nM,scaffold,median,CHEMBL3666675,6.619788758288394,6.886056647693163
all_ic50_nM,scaffold,median,CHEMBL3666676,7.0,6.886056647693163
all_ic50_nM,scaffold,median,CHEMBL3666682,6.7447274948966935,6.886056647693163
all_ic50_nM,scaffold,median,CHEMBL3666685,7.522878745280337,6.886056647693163
all_ic50_nM,scaffold,median,CHEMBL3666686,7.045757490560675,6.886056647693163
all_ic50_nM,scaffold,median,CHEMBL3706848,4.508638306165727,6.886056647693163
all_ic50_nM,scaffold,median,CHEMBL373985,6.137868620686962,6.886056647693163
all_ic50_nM,scaffold,median,CHEMBL375390,7.2839966563652006,6.886056647693163
all_ic50_nM,scaffold,median,CHEMBL3890268,7.050609993355087,6.886056647693163
all_ic50_nM,scaffold,median,CHEMBL3892113,7.5376020021010435,6.886056647693163
all_ic50_nM,scaffold,median,CHEMBL3892817,7.267606240177032,6.886056647693163
all_ic50_nM,scaffold,median,CHEMBL3892834,7.455931955649724,6.886056647693163
all_ic50_nM,scaffold,median,CHEMBL3893018,7.3979400086720375,6.886056647693163
all_ic50_nM,scaffold,median,CHEMBL3894066,7.292429823902063,6.886056647693163
all_ic50_nM,scaffold,median,CHEMBL3896940,7.1487416512809245,6.886056647693163
all_ic50_nM,scaffold,median,CHEMBL3899214,7.214670164989233,6.886056647693163
all_ic50_nM,scaffold,median,CHEMBL3899430,7.259637310505756,6.886056647693163
all_ic50_nM,scaffold,median,CHEMBL3899622,7.3979400086720375,6.886056647693163
all_ic50_nM,scaffold,median,CHEMBL3900209,7.619788758288394,6.886056647693163
all_ic50_nM,scaffold,median,CHEMBL3901443,7.301029995663981,6.886056647693163
all_ic50_nM,scaffold,median,CHEMBL3902566,7.1249387366083,6.886056647693163
all_ic50_nM,scaffold,median,CHEMBL3903013,6.356547323513812,6.886056647693163
all_ic50_nM,scaffold,median,CHEMBL3903102,7.187086643357144,6.886056647693163
all_ic50_nM,scaffold,median,CHEMBL3906844,6.991399828238082,6.886056647693163
all_ic50_nM,scaffold,median,CHEMBL3907287,7.431798275933005,6.886056647693163
all_ic50_nM,scaffold,median,CHEMBL3908254,7.229147988357855,6.886056647693163
all_ic50_nM,scaffold,median,CHEMBL3908480,6.070070439915412,6.886056647693163
all_ic50_nM,scaffold,median,CHEMBL3908483,7.229147988357855,6.886056647693163
all_ic50_nM,scaffold,median,CHEMBL3909325,6.468521082957745,6.886056647693163
all_ic50_nM,scaffold,median,CHEMBL3915492,7.200659450546418,6.886056647693163
all_ic50_nM,scaffold,median,CHEMBL3915942,6.958607314841775,6.886056647693163
all_ic50_nM,scaffold,median,CHEMBL3915984,7.173925197299173,6.886056647693163
all_ic50_nM,scaffold,median,CHEMBL3917301,7.698970004336019,6.886056647693163
all_ic50_nM,scaffold,median,CHEMBL3921234,7.366531544420414,6.886056647693163
all_ic50_nM,scaffold,median,CHEMBL3921854,7.142667503568732,6.886056647693163
all_ic50_nM,scaffold,median,CHEMBL3923704,7.221848749616356,6.886056647693163
all_ic50_nM,scaffold,median,CHEMBL3924337,7.431798275933005,6.886056647693163
all_ic50_nM,scaffold,median,CHEMBL3926590,7.481486060122112,6.886056647693163
all_ic50_nM,scaffold,median,CHEMBL3926883,7.522878745280337,6.886056647693163
all_ic50_nM,scaffold,median,CHEMBL3927639,7.920818753952375,6.886056647693163
all_ic50_nM,scaffold,median,CHEMBL3928445,6.853871964321762,6.886056647693163
all_ic50_nM,scaffold,median,CHEMBL3928845,7.619788758288394,6.886056647693163
all_ic50_nM,scaffold,median,CHEMBL3929884,6.853871964321762,6.886056647693163
all_ic50_nM,scaffold,median,CHEMBL3930059,7.6020599913279625,6.886056647693163
all_ic50_nM,scaffold,median,CHEMBL3930427,7.107905397309519,6.886056647693163
all_ic50_nM,scaffold,median,CHEMBL3932119,7.698970004336019,6.886056647693163
all_ic50_nM,scaffold,median,CHEMBL3932303,7.309803919971486,6.886056647693163
all_ic50_nM,scaffold,median,CHEMBL3933279,7.236572006437063,6.886056647693163
all_ic50_nM,scaffold,median,CHEMBL3933387,6.376750709602099,6.886056647693163
all_ic50_nM,scaffold,median,CHEMBL3934120,4.301029995663981,6.886056647693163
all_ic50_nM,scaffold,median,CHEMBL3936427,7.060480747381382,6.886056647693163
all_ic50_nM,scaffold,median,CHEMBL3936432,7.2441251443275085,6.886056647693163
all_ic50_nM,scaffold,median,CHEMBL3936764,7.0,6.886056647693163
all_ic50_nM,scaffold,median,CHEMBL3939411,7.251811972993799,6.886056647693163
all_ic50_nM,scaffold,median,CHEMBL3940841,7.455931955649724,6.886056647693163
all_ic50_nM,scaffold,median,CHEMBL3941006,7.0655015487564325,6.886056647693163
all_ic50_nM,scaffold,median,CHEMBL3943541,6.6777807052660805,6.886056647693163
all_ic50_nM,scaffold,median,CHEMBL3943938,6.721246399047171,6.886056647693163
all_ic50_nM,scaffold,median,CHEMBL3944341,5.809668301829708,6.886056647693163
all_ic50_nM,scaffold,median,CHEMBL3945221,7.6777807052660805,6.886056647693163
all_ic50_nM,scaffold,median,CHEMBL3946637,7.3979400086720375,6.886056647693163
all_ic50_nM,scaffold,median,CHEMBL3950209,7.2076083105017466,6.886056647693163
all_ic50_nM,scaffold,median,CHEMBL3954321,7.721246399047171,6.886056647693163
all_ic50_nM,scaffold,median,CHEMBL3957597,6.958607314841775,6.886056647693163
all_ic50_nM,scaffold,median,CHEMBL3959137,6.749579997691106,6.886056647693163
all_ic50_nM,scaffold,median,CHEMBL3961413,7.6020599913279625,6.886056647693163
all_ic50_nM,scaffold,median,CHEMBL3964640,4.301029995663981,6.886056647693163
all_ic50_nM,scaffold,median,CHEMBL3965791,7.823908740944319,6.886056647693163
all_ic50_nM,scaffold,median,CHEMBL3967912,7.585026652029182,6.886056647693163
all_ic50_nM,scaffold,median,CHEMBL3968574,6.823908740944319,6.886056647693163
all_ic50_nM,scaffold,median,CHEMBL3969857,6.337242168318426,6.886056647693163
all_ic50_nM,scaffold,median,CHEMBL3971369,7.42021640338319,6.886056647693163
all_ic50_nM,scaffold,median,CHEMBL3972130,6.769551078621726,6.886056647693163
all_ic50_nM,scaffold,median,CHEMBL3975312,7.6777807052660805,6.886056647693163
all_ic50_nM,scaffold,median,CHEMBL3976292,6.229147988357855,6.886056647693163
all_ic50_nM,scaffold,median,CHEMBL3977322,7.013228265733755,6.886056647693163
all_ic50_nM,scaffold,median,CHEMBL3978130,6.920818753952375,6.886056647693163
all_ic50_nM,scaffold,median,CHEMBL3982115,7.022276394711152,6.886056647693163
all_ic50_nM,scaffold,median,CHEMBL3984143,7.0,6.886056647693163
all_ic50_nM,scaffold,median,CHEMBL3984313,6.958607314841775,6.886056647693163
all_ic50_nM,scaffold,median,CHEMBL3985033,6.0,6.886056647693163
all_ic50_nM,scaffold,median,CHEMBL4126247,7.698970004336019,6.886056647693163
all_ic50_nM,scaffold,median,CHEMBL4126304,7.337242168318426,6.886056647693163
all_ic50_nM,scaffold,median,CHEMBL4126387,6.522878745280337,6.886056647693163
all_ic50_nM,scaffold,median,CHEMBL4126610,6.85078088734462,6.886056647693163
all_ic50_nM,scaffold,median,CHEMBL4126768,7.443697499232712,6.886056647693163
all_ic50_nM,scaffold,median,CHEMBL4127027,7.161150909262744,6.886056647693163
all_ic50_nM,scaffold,median,CHEMBL4127623,7.698970004336019,6.886056647693163
all_ic50_nM,scaffold,median,CHEMBL4127995,6.309803919971486,6.886056647693163
all_ic50_nM,scaffold,median,CHEMBL4128143,7.552841968657781,6.886056647693163
all_ic50_nM,scaffold,median,CHEMBL4128202,5.050122295963125,6.886056647693163
all_ic50_nM,scaffold,median,CHEMBL4129046,7.301029995663981,6.886056647693163
all_ic50_nM,scaffold,median,CHEMBL4129240,7.080921907623926,6.886056647693163
all_ic50_nM,scaffold,median,CHEMBL4129431,7.481486060122112,6.886056647693163
all_ic50_nM,scaffold,median,CHEMBL4130174,6.229147988357855,6.886056647693163
all_ic50_nM,scaffold,median,CHEMBL4130264,6.443697499232712,6.886056647693163
all_ic50_nM,scaffold,median,CHEMBL4439223,5.906578314837764,6.886056647693163
all_ic50_nM,scaffold,median,CHEMBL4442092,6.455931955649724,6.886056647693163
all_ic50_nM,scaffold,median,CHEMBL4454062,6.879975113943676,6.886056647693163
all_ic50_nM,scaffold,median,CHEMBL4455553,5.508638306165727,6.886056647693163
all_ic50_nM,scaffold,median,CHEMBL4457855,6.716134018725965,6.886056647693163
all_ic50_nM,scaffold,median,CHEMBL4462401,7.726728668260934,6.886056647693163
all_ic50_nM,scaffold,median,CHEMBL454580,5.481486060122113,6.886056647693163
all_ic50_nM,scaffold,median,CHEMBL4548362,6.718889266142824,6.886056647693163
all_ic50_nM,scaffold,median,CHEMBL45627,4.886056647693163,6.886056647693163
all_ic50_nM,scaffold,median,CHEMBL4570684,7.209025170813341,6.886056647693163
all_ic50_nM,scaffold,median,CHEMBL561643,4.391046300724137,6.886056647693163
all_ic50_nM,scaffold,median,CHEMBL5756160,7.026872146400302,6.886056647693163
all_ic50_nM,scaffold,median,CHEMBL5758153,5.700057099977233,6.886056647693163
all_ic50_nM,scaffold,median,CHEMBL5774258,7.455931955649724,6.886056647693163
all_ic50_nM,scaffold,median,CHEMBL5786448,5.3799681048737025,6.886056647693163
all_ic50_nM,scaffold,median,CHEMBL5794684,7.657577319177793,6.886056647693163
all_ic50_nM,scaffold,median,CHEMBL5796900,5.0499760934766735,6.886056647693163
all_ic50_nM,scaffold,median,CHEMBL5810763,7.638272163982407,6.886056647693163
all_ic50_nM,scaffold,median,CHEMBL5838148,5.669992299127241,6.886056647693163
all_ic50_nM,scaffold,median,CHEMBL5855185,7.698970004336019,6.886056647693163
all_ic50_nM,scaffold,median,CHEMBL5860543,7.070070439915412,6.886056647693163
all_ic50_nM,scaffold,median,CHEMBL5860899,5.756961951313706,6.886056647693163
all_ic50_nM,scaffold,median,CHEMBL5863279,7.179798540514359,6.886056647693163
all_ic50_nM,scaffold,median,CHEMBL5871625,7.795880017344075,6.886056647693163
all_ic50_nM,scaffold,median,CHEMBL5902131,6.219682687859849,6.886056647693163
all_ic50_nM,scaffold,median,CHEMBL5917748,6.801342913045577,6.886056647693163
all_ic50_nM,scaffold,median,CHEMBL5923464,7.823908740944319,6.886056647693163
all_ic50_nM,scaffold,median,CHEMBL5949442,5.860120913598763,6.886056647693163
all_ic50_nM,scaffold,median,CHEMBL5985038,7.400116927926312,6.886056647693163
all_ic50_nM,scaffold,median,CHEMBL5993582,5.250031916490597,6.886056647693163
all_ic50_nM,scaffold,median,CHEMBL6030711,7.199970640755866,6.886056647693163
all_ic50_nM,scaffold,median,CHEMBL6032013,7.279840696594043,6.886056647693163
all_ic50_nM,scaffold,median,CHEMBL6039031,7.1598939055432425,6.886056647693163
all_ic50_nM,scaffold,median,CHEMBL6046039,4.576754126063192,6.886056647693163
all_ic50_nM,scaffold,median,CHEMBL6050591,7.721246399047171,6.886056647693163
all_ic50_nM,scaffold,median,CHEMBL6058681,7.1598939055432425,6.886056647693163
all_ic50_nM,scaffold,median,CHEMBL6063093,4.576754126063192,6.886056647693163
full_length_stated,time,mean,CHEMBL4125752,7.552841968657781,6.308116641514952
full_length_stated,time,mean,CHEMBL4125794,5.070070439915412,6.308116641514952
full_length_stated,time,mean,CHEMBL4125929,6.522878745280337,6.308116641514952
full_length_stated,time,mean,CHEMBL4125982,6.102372908709558,6.308116641514952
full_length_stated,time,mean,CHEMBL4126126,7.376750709602099,6.308116641514952
full_length_stated,time,mean,CHEMBL4126247,7.698970004336019,6.308116641514952
full_length_stated,time,mean,CHEMBL4126304,7.337242168318426,6.308116641514952
full_length_stated,time,mean,CHEMBL4126387,6.522878745280337,6.308116641514952
full_length_stated,time,mean,CHEMBL4126535,5.958607314841775,6.308116641514952
full_length_stated,time,mean,CHEMBL4126572,6.920818753952375,6.308116641514952
full_length_stated,time,mean,CHEMBL4126662,6.522878745280337,6.308116641514952
full_length_stated,time,mean,CHEMBL4126768,7.443697499232712,6.308116641514952
full_length_stated,time,mean,CHEMBL4126910,6.769551078621726,6.308116641514952
full_length_stated,time,mean,CHEMBL4126984,7.3872161432802645,6.308116641514952
full_length_stated,time,mean,CHEMBL4127027,7.161150909262744,6.308116641514952
full_length_stated,time,mean,CHEMBL4127223,5.059981844992337,6.308116641514952
full_length_stated,time,mean,CHEMBL4127363,6.337242168318426,6.308116641514952
full_length_stated,time,mean,CHEMBL4127608,7.292429823902063,6.308116641514952
full_length_stated,time,mean,CHEMBL4127623,7.698970004336019,6.308116641514952
full_length_stated,time,mean,CHEMBL4127681,6.229147988357855,6.308116641514952
full_length_stated,time,mean,CHEMBL4127804,7.638272163982407,6.308116641514952
full_length_stated,time,mean,CHEMBL4127964,7.6020599913279625,6.308116641514952
full_length_stated,time,mean,CHEMBL4127999,6.346787486224656,6.308116641514952
full_length_stated,time,mean,CHEMBL4128043,6.886056647693163,6.308116641514952
full_length_stated,time,mean,CHEMBL4128143,7.552841968657781,6.308116641514952
full_length_stated,time,mean,CHEMBL4128202,5.050122295963125,6.308116641514952
full_length_stated,time,mean,CHEMBL4128261,7.522878745280337,6.308116641514952
full_length_stated,time,mean,CHEMBL4128608,4.480172006224281,6.308116641514952
full_length_stated,time,mean,CHEMBL4128858,6.337242168318426,6.308116641514952
full_length_stated,time,mean,CHEMBL4129012,7.657577319177793,6.308116641514952
full_length_stated,time,mean,CHEMBL4129046,7.301029995663981,6.308116641514952
full_length_stated,time,mean,CHEMBL4129083,5.860120913598763,6.308116641514952
full_length_stated,time,mean,CHEMBL4129199,6.795880017344075,6.308116641514952
full_length_stated,time,mean,CHEMBL4129240,7.080921907623926,6.308116641514952
full_length_stated,time,mean,CHEMBL4129242,7.102372908709558,6.308116641514952
full_length_stated,time,mean,CHEMBL4129431,7.481486060122112,6.308116641514952
full_length_stated,time,mean,CHEMBL4129575,7.494850021680094,6.308116641514952
full_length_stated,time,mean,CHEMBL4129812,6.698970004336019,6.308116641514952
full_length_stated,time,mean,CHEMBL4130174,6.229147988357855,6.308116641514952
full_length_stated,time,mean,CHEMBL4130221,6.259637310505756,6.308116641514952
full_length_stated,time,mean,CHEMBL4130264,6.443697499232712,6.308116641514952
full_length_stated,time,mean,CHEMBL4130300,6.6020599913279625,6.308116641514952
full_length_stated,time,mean,CHEMBL4439223,6.508638306165727,6.308116641514952
full_length_stated,time,mean,CHEMBL4439986,5.958607314841775,6.308116641514952
full_length_stated,time,mean,CHEMBL4440024,7.920818753952375,6.308116641514952
full_length_stated,time,mean,CHEMBL4440104,7.013228265733755,6.308116641514952
full_length_stated,time,mean,CHEMBL4442092,6.455931955649724,6.308116641514952
full_length_stated,time,mean,CHEMBL4444430,5.7447274948966935,6.308116641514952
full_length_stated,time,mean,CHEMBL4445590,6.716698771296451,6.308116641514952
full_length_stated,time,mean,CHEMBL4447234,4.301029995663981,6.308116641514952
full_length_stated,time,mean,CHEMBL4449818,7.267606240177032,6.308116641514952
full_length_stated,time,mean,CHEMBL4450081,8.0,6.308116641514952
full_length_stated,time,mean,CHEMBL4454062,6.958607314841775,6.308116641514952
full_length_stated,time,mean,CHEMBL4455553,5.508638306165727,6.308116641514952
full_length_stated,time,mean,CHEMBL4457855,6.958607314841775,6.308116641514952
full_length_stated,time,mean,CHEMBL4458935,4.301029995663981,6.308116641514952
full_length_stated,time,mean,CHEMBL4462401,7.494850021680094,6.308116641514952
full_length_stated,time,mean,CHEMBL4466578,7.481486060122112,6.308116641514952
full_length_stated,time,mean,CHEMBL4471793,4.455931955649724,6.308116641514952
full_length_stated,time,mean,CHEMBL4518496,7.494850021680094,6.308116641514952
full_length_stated,time,mean,CHEMBL4529391,7.795880017344075,6.308116641514952
full_length_stated,time,mean,CHEMBL4548362,6.847711655616943,6.308116641514952
full_length_stated,time,mean,CHEMBL4553437,7.886056647693163,6.308116641514952
full_length_stated,time,mean,CHEMBL4565279,6.671620396561262,6.308116641514952
full_length_stated,time,mean,CHEMBL4570684,7.2441251443275085,6.308116641514952
full_length_stated,time,mean,CHEMBL4575847,7.585026652029182,6.308116641514952
full_length_stated,time,mean,CHEMBL4575998,7.161150909262744,6.308116641514952
full_length_stated,time,mean,CHEMBL4581195,5.943095148663527,6.308116641514952
full_length_stated,time,mean,CHEMBL5749984,7.259637310505756,6.308116641514952
full_length_stated,time,mean,CHEMBL5867199,7.480172006224281,6.308116641514952
full_length_stated,time,mean,CHEMBL5922687,6.100179497572904,6.308116641514952
full_length_stated,time,mean,CHEMBL5955545,6.110138278741812,6.308116641514952
full_length_stated,time,mean,CHEMBL6049457,7.369572124974976,6.308116641514952
full_length_stated,time,mean,CHEMBL6056257,6.480172006224281,6.308116641514952
full_length_stated,time,mean,CHEMBL6058681,7.1598939055432425,6.308116641514952
full_length_stated,time,ecfp_rf,CHEMBL4125752,7.552841968657781,6.650326195765209
full_length_stated,time,ecfp_rf,CHEMBL4125794,5.070070439915412,6.629904948848581
full_length_stated,time,ecfp_rf,CHEMBL4125929,6.522878745280337,6.732652211080873
full_length_stated,time,ecfp_rf,CHEMBL4125982,6.102372908709558,6.653143269870935
full_length_stated,time,ecfp_rf,CHEMBL4126126,7.376750709602099,6.641089908591409
full_length_stated,time,ecfp_rf,CHEMBL4126247,7.698970004336019,6.817557302206692
full_length_stated,time,ecfp_rf,CHEMBL4126304,7.337242168318426,6.684940181335687
full_length_stated,time,ecfp_rf,CHEMBL4126387,6.522878745280337,6.623019263268105
full_length_stated,time,ecfp_rf,CHEMBL4126535,5.958607314841775,6.6676934184015915
full_length_stated,time,ecfp_rf,CHEMBL4126572,6.920818753952375,6.276264526701075
full_length_stated,time,ecfp_rf,CHEMBL4126662,6.522878745280337,6.717714152338734
full_length_stated,time,ecfp_rf,CHEMBL4126768,7.443697499232712,6.775543834420528
full_length_stated,time,ecfp_rf,CHEMBL4126910,6.769551078621726,6.747450178899914
full_length_stated,time,ecfp_rf,CHEMBL4126984,7.3872161432802645,6.396566956016841
full_length_stated,time,ecfp_rf,CHEMBL4127027,7.161150909262744,6.510792827661788
full_length_stated,time,ecfp_rf,CHEMBL4127223,5.059981844992337,6.55426439507275
full_length_stated,time,ecfp_rf,CHEMBL4127363,6.337242168318426,6.593108492459429
full_length_stated,time,ecfp_rf,CHEMBL4127608,7.292429823902063,6.806012908177803
full_length_stated,time,ecfp_rf,CHEMBL4127623,7.698970004336019,6.660302784689891
full_length_stated,time,ecfp_rf,CHEMBL4127681,6.229147988357855,6.0950900003288355
full_length_stated,time,ecfp_rf,CHEMBL4127804,7.638272163982407,6.653790870274991
full_length_stated,time,ecfp_rf,CHEMBL4127964,7.6020599913279625,6.938771596152228
full_length_stated,time,ecfp_rf,CHEMBL4127999,6.346787486224656,6.721772015771624
full_length_stated,time,ecfp_rf,CHEMBL4128043,6.886056647693163,6.735166707990439
full_length_stated,time,ecfp_rf,CHEMBL4128143,7.552841968657781,6.868272444709906
full_length_stated,time,ecfp_rf,CHEMBL4128202,5.050122295963125,6.646902762949404
full_length_stated,time,ecfp_rf,CHEMBL4128261,7.522878745280337,6.684495495665863
full_length_stated,time,ecfp_rf,CHEMBL4128608,4.480172006224281,6.64279901362407
full_length_stated,time,ecfp_rf,CHEMBL4128858,6.337242168318426,6.676824600330748
full_length_stated,time,ecfp_rf,CHEMBL4129012,7.657577319177793,6.8201613675584305
full_length_stated,time,ecfp_rf,CHEMBL4129046,7.301029995663981,6.656109275127176
full_length_stated,time,ecfp_rf,CHEMBL4129083,5.860120913598763,6.591227327862486
full_length_stated,time,ecfp_rf,CHEMBL4129199,6.795880017344075,6.362277299120282
full_length_stated,time,ecfp_rf,CHEMBL4129240,7.080921907623926,6.6820120710624735
full_length_stated,time,ecfp_rf,CHEMBL4129242,7.102372908709558,6.732652211080873
full_length_stated,time,ecfp_rf,CHEMBL4129431,7.481486060122112,6.334503254802694
full_length_stated,time,ecfp_rf,CHEMBL4129575,7.494850021680094,6.645901767715879
full_length_stated,time,ecfp_rf,CHEMBL4129812,6.698970004336019,6.671267048633003
full_length_stated,time,ecfp_rf,CHEMBL4130174,6.229147988357855,6.774383216411222
full_length_stated,time,ecfp_rf,CHEMBL4130221,6.259637310505756,6.676824600330748
full_length_stated,time,ecfp_rf,CHEMBL4130264,6.443697499232712,6.06808059541611
full_length_stated,time,ecfp_rf,CHEMBL4130300,6.6020599913279625,6.684495495665863
full_length_stated,time,ecfp_rf,CHEMBL4439223,6.508638306165727,6.347108991254718
full_length_stated,time,ecfp_rf,CHEMBL4439986,5.958607314841775,6.063002609618111
full_length_stated,time,ecfp_rf,CHEMBL4440024,7.920818753952375,6.307044053988528
full_length_stated,time,ecfp_rf,CHEMBL4440104,7.013228265733755,6.034620574140126
full_length_stated,time,ecfp_rf,CHEMBL4442092,6.455931955649724,6.12140100866845
full_length_stated,time,ecfp_rf,CHEMBL4444430,5.7447274948966935,6.114267265587282
full_length_stated,time,ecfp_rf,CHEMBL4445590,6.716698771296451,6.157868712826086
full_length_stated,time,ecfp_rf,CHEMBL4447234,4.301029995663981,6.114267265587282
full_length_stated,time,ecfp_rf,CHEMBL4449818,7.267606240177032,5.923985208471493
full_length_stated,time,ecfp_rf,CHEMBL4450081,8.0,6.016264089056306
full_length_stated,time,ecfp_rf,CHEMBL4454062,6.958607314841775,6.254575231335966
full_length_stated,time,ecfp_rf,CHEMBL4455553,5.508638306165727,6.273265958713844
full_length_stated,time,ecfp_rf,CHEMBL4457855,6.958607314841775,6.263156184816676
full_length_stated,time,ecfp_rf,CHEMBL4458935,4.301029995663981,6.033236038908346
full_length_stated,time,ecfp_rf,CHEMBL4462401,7.494850021680094,6.2470520749768355
full_length_stated,time,ecfp_rf,CHEMBL4466578,7.481486060122112,6.187764217928936
full_length_stated,time,ecfp_rf,CHEMBL4471793,4.455931955649724,6.0532846029275555
full_length_stated,time,ecfp_rf,CHEMBL4518496,7.494850021680094,6.077858768131018
full_length_stated,time,ecfp_rf,CHEMBL4529391,7.795880017344075,6.300284595796851
full_length_stated,time,ecfp_rf,CHEMBL4548362,6.847711655616943,6.224789218372459
full_length_stated,time,ecfp_rf,CHEMBL4553437,7.886056647693163,6.3536248965074495
full_length_stated,time,ecfp_rf,CHEMBL4565279,6.671620396561262,6.139650224157696
full_length_stated,time,ecfp_rf,CHEMBL4570684,7.2441251443275085,6.03637779597291
full_length_stated,time,ecfp_rf,CHEMBL4575847,7.585026652029182,6.311017047183077
full_length_stated,time,ecfp_rf,CHEMBL4575998,7.161150909262744,6.0550364881325045
full_length_stated,time,ecfp_rf,CHEMBL4581195,5.943095148663527,6.063002609618111
full_length_stated,time,ecfp_rf,CHEMBL5749984,7.259637310505756,7.030816064121365
full_length_stated,time,ecfp_rf,CHEMBL5867199,7.480172006224281,7.165269354092855
full_length_stated,time,ecfp_rf,CHEMBL5922687,6.100179497572904,6.271120339679662
full_length_stated,time,ecfp_rf,CHEMBL5955545,6.110138278741812,6.502365871884107
full_length_stated,time,ecfp_rf,CHEMBL6049457,7.369572124974976,6.98692678903459
full_length_stated,time,ecfp_rf,CHEMBL6056257,6.480172006224281,6.379359076390124
full_length_stated,time,ecfp_rf,CHEMBL6058681,7.1598939055432425,6.686077455584677
full_length_stated,time,ecfp_xgb,CHEMBL4125752,7.552841968657781,6.646174907684326
full_length_stated,time,ecfp_xgb,CHEMBL4125794,5.070070439915412,6.129146575927734
full_length_stated,time,ecfp_xgb,CHEMBL4125929,6.522878745280337,6.51790189743042
full_length_stated,time,ecfp_xgb,CHEMBL4125982,6.102372908709558,6.400735378265381
full_length_stated,time,ecfp_xgb,CHEMBL4126126,7.376750709602099,6.678706169128418
full_length_stated,time,ecfp_xgb,CHEMBL4126247,7.698970004336019,6.653670787811279
full_length_stated,time,ecfp_xgb,CHEMBL4126304,7.337242168318426,6.43670129776001
full_length_stated,time,ecfp_xgb,CHEMBL4126387,6.522878745280337,6.424555778503418
full_length_stated,time,ecfp_xgb,CHEMBL4126535,5.958607314841775,6.307160377502441
full_length_stated,time,ecfp_xgb,CHEMBL4126572,6.920818753952375,6.006524562835693
full_length_stated,time,ecfp_xgb,CHEMBL4126662,6.522878745280337,6.596602916717529
full_length_stated,time,ecfp_xgb,CHEMBL4126768,7.443697499232712,6.529026985168457
full_length_stated,time,ecfp_xgb,CHEMBL4126910,6.769551078621726,6.456627368927002
full_length_stated,time,ecfp_xgb,CHEMBL4126984,7.3872161432802645,6.439939498901367
full_length_stated,time,ecfp_xgb,CHEMBL4127027,7.161150909262744,6.070032119750977
full_length_stated,time,ecfp_xgb,CHEMBL4127223,5.059981844992337,6.461795806884766
full_length_stated,time,ecfp_xgb,CHEMBL4127363,6.337242168318426,6.452826976776123
full_length_stated,time,ecfp_xgb,CHEMBL4127608,7.292429823902063,6.499876976013184
full_length_stated,time,ecfp_xgb,CHEMBL4127623,7.698970004336019,6.790123462677002
full_length_stated,time,ecfp_xgb,CHEMBL4127681,6.229147988357855,5.217662811279297
full_length_stated,time,ecfp_xgb,CHEMBL4127804,7.638272163982407,6.896142959594727
full_length_stated,time,ecfp_xgb,CHEMBL4127964,7.6020599913279625,6.799391269683838
full_length_stated,time,ecfp_xgb,CHEMBL4127999,6.346787486224656,6.379854679107666
full_length_stated,time,ecfp_xgb,CHEMBL4128043,6.886056647693163,6.662171363830566
full_length_stated,time,ecfp_xgb,CHEMBL4128143,7.552841968657781,6.577763080596924
full_length_stated,time,ecfp_xgb,CHEMBL4128202,5.050122295963125,6.43971061706543
full_length_stated,time,ecfp_xgb,CHEMBL4128261,7.522878745280337,6.316745758056641
full_length_stated,time,ecfp_xgb,CHEMBL4128608,4.480172006224281,6.382907390594482
full_length_stated,time,ecfp_xgb,CHEMBL4128858,6.337242168318426,6.279171466827393
full_length_stated,time,ecfp_xgb,CHEMBL4129012,7.657577319177793,6.564622402191162
full_length_stated,time,ecfp_xgb,CHEMBL4129046,7.301029995663981,6.62718391418457
full_length_stated,time,ecfp_xgb,CHEMBL4129083,5.860120913598763,6.307668685913086
full_length_stated,time,ecfp_xgb,CHEMBL4129199,6.795880017344075,5.5940093994140625
full_length_stated,time,ecfp_xgb,CHEMBL4129240,7.080921907623926,6.316745758056641
full_length_stated,time,ecfp_xgb,CHEMBL4129242,7.102372908709558,6.51790189743042
full_length_stated,time,ecfp_xgb,CHEMBL4129431,7.481486060122112,5.974596977233887
full_length_stated,time,ecfp_xgb,CHEMBL4129575,7.494850021680094,6.297171115875244
full_length_stated,time,ecfp_xgb,CHEMBL4129812,6.698970004336019,6.257805347442627
full_length_stated,time,ecfp_xgb,CHEMBL4130174,6.229147988357855,6.386836051940918
full_length_stated,time,ecfp_xgb,CHEMBL4130221,6.259637310505756,6.279171466827393
full_length_stated,time,ecfp_xgb,CHEMBL4130264,6.443697499232712,5.288985729217529
full_length_stated,time,ecfp_xgb,CHEMBL4130300,6.6020599913279625,6.316745758056641
full_length_stated,time,ecfp_xgb,CHEMBL4439223,6.508638306165727,6.159512996673584
full_length_stated,time,ecfp_xgb,CHEMBL4439986,5.958607314841775,5.83670711517334
full_length_stated,time,ecfp_xgb,CHEMBL4440024,7.920818753952375,5.988985538482666
full_length_stated,time,ecfp_xgb,CHEMBL4440104,7.013228265733755,5.38325834274292
full_length_stated,time,ecfp_xgb,CHEMBL4442092,6.455931955649724,5.507649898529053
full_length_stated,time,ecfp_xgb,CHEMBL4444430,5.7447274948966935,5.506992816925049
full_length_stated,time,ecfp_xgb,CHEMBL4445590,6.716698771296451,5.65158748626709
full_length_stated,time,ecfp_xgb,CHEMBL4447234,4.301029995663981,5.506992816925049
full_length_stated,time,ecfp_xgb,CHEMBL4449818,7.267606240177032,5.304117202758789
full_length_stated,time,ecfp_xgb,CHEMBL4450081,8.0,5.3318963050842285
full_length_stated,time,ecfp_xgb,CHEMBL4454062,6.958607314841775,6.064546585083008
full_length_stated,time,ecfp_xgb,CHEMBL4455553,5.508638306165727,6.2810821533203125
full_length_stated,time,ecfp_xgb,CHEMBL4457855,6.958607314841775,6.218501091003418
full_length_stated,time,ecfp_xgb,CHEMBL4458935,4.301029995663981,5.684347629547119
full_length_stated,time,ecfp_xgb,CHEMBL4462401,7.494850021680094,6.134516716003418
full_length_stated,time,ecfp_xgb,CHEMBL4466578,7.481486060122112,5.490452766418457
full_length_stated,time,ecfp_xgb,CHEMBL4471793,4.455931955649724,5.565163612365723
full_length_stated,time,ecfp_xgb,CHEMBL4518496,7.494850021680094,5.521144390106201
full_length_stated,time,ecfp_xgb,CHEMBL4529391,7.795880017344075,6.146945953369141
full_length_stated,time,ecfp_xgb,CHEMBL4548362,6.847711655616943,5.977445125579834
full_length_stated,time,ecfp_xgb,CHEMBL4553437,7.886056647693163,6.211392402648926
full_length_stated,time,ecfp_xgb,CHEMBL4565279,6.671620396561262,5.484205722808838
full_length_stated,time,ecfp_xgb,CHEMBL4570684,7.2441251443275085,5.3787384033203125
full_length_stated,time,ecfp_xgb,CHEMBL4575847,7.585026652029182,5.994589805603027
full_length_stated,time,ecfp_xgb,CHEMBL4575998,7.161150909262744,5.556025505065918
full_length_stated,time,ecfp_xgb,CHEMBL4581195,5.943095148663527,5.83670711517334
full_length_stated,time,ecfp_xgb,CHEMBL5749984,7.259637310505756,7.291822910308838
full_length_stated,time,ecfp_xgb,CHEMBL5867199,7.480172006224281,7.487171173095703
full_length_stated,time,ecfp_xgb,CHEMBL5922687,6.100179497572904,5.986359596252441
full_length_stated,time,ecfp_xgb,CHEMBL5955545,6.110138278741812,6.152141571044922
full_length_stated,time,ecfp_xgb,CHEMBL6049457,7.369572124974976,7.428323268890381
full_length_stated,time,ecfp_xgb,CHEMBL6056257,6.480172006224281,6.484305381774902
full_length_stated,time,ecfp_xgb,CHEMBL6058681,7.1598939055432425,7.13571310043335
