scope,split,model,seed,molecule_id,y_true,prediction
canonical_single_assay,random,mean,20260912,CHEMBL3617742,7.250263684430939,6.712476013408585
canonical_single_assay,random,mean,20260912,CHEMBL3623462,6.640164517660112,6.712476013408585
canonical_single_assay,random,mean,20260912,CHEMBL5758153,5.700057099977233,6.712476013408585
canonical_single_assay,random,mean,20260912,CHEMBL5779572,6.100179497572904,6.712476013408585
canonical_single_assay,random,mean,20260912,CHEMBL5791788,6.649751981665837,6.712476013408585
canonical_single_assay,random,mean,20260912,CHEMBL5803121,6.259637310505756,6.712476013408585
canonical_single_assay,random,mean,20260912,CHEMBL5827707,7.39040559077478,6.712476013408585
canonical_single_assay,random,mean,20260912,CHEMBL5845249,6.480172006224281,6.712476013408585
canonical_single_assay,random,mean,20260912,CHEMBL5881362,7.1700533040583645,6.712476013408585
canonical_single_assay,random,mean,20260912,CHEMBL5892433,7.019996628416254,6.712476013408585
canonical_single_assay,random,mean,20260912,CHEMBL5903895,6.0,6.712476013408585
canonical_single_assay,random,mean,20260912,CHEMBL5917086,6.624244974864979,6.712476013408585
canonical_single_assay,random,mean,20260912,CHEMBL5938748,6.790484985457369,6.712476013408585
canonical_single_assay,random,mean,20260912,CHEMBL5963009,6.82102305270683,6.712476013408585
canonical_single_assay,random,mean,20260912,CHEMBL5974575,7.34008379993015,6.712476013408585
canonical_single_assay,random,mean,20260912,CHEMBL5977971,7.34008379993015,6.712476013408585
canonical_single_assay,random,mean,20260912,CHEMBL5993582,5.250031916490597,6.712476013408585
canonical_single_assay,random,mean,20260912,CHEMBL6003285,7.459670525209126,6.712476013408585
canonical_single_assay,random,mean,20260912,CHEMBL6006978,6.690369832574102,6.712476013408585
canonical_single_assay,random,mean,20260912,CHEMBL6040423,5.36997914888659,6.712476013408585
canonical_single_assay,random,median,20260912,CHEMBL3617742,7.250263684430939,6.885799820648497
canonical_single_assay,random,median,20260912,CHEMBL3623462,6.640164517660112,6.885799820648497
canonical_single_assay,random,median,20260912,CHEMBL5758153,5.700057099977233,6.885799820648497
canonical_single_assay,random,median,20260912,CHEMBL5779572,6.100179497572904,6.885799820648497
canonical_single_assay,random,median,20260912,CHEMBL5791788,6.649751981665837,6.885799820648497
canonical_single_assay,random,median,20260912,CHEMBL5803121,6.259637310505756,6.885799820648497
canonical_single_assay,random,median,20260912,CHEMBL5827707,7.39040559077478,6.885799820648497
canonical_single_assay,random,median,20260912,CHEMBL5845249,6.480172006224281,6.885799820648497
canonical_single_assay,random,median,20260912,CHEMBL5881362,7.1700533040583645,6.885799820648497
canonical_single_assay,random,median,20260912,CHEMBL5892433,7.019996628416254,6.885799820648497
canonical_single_assay,random,median,20260912,CHEMBL5903895,6.0,6.885799820648497
canonical_single_assay,random,median,20260912,CHEMBL5917086,6.624244974864979,6.885799820648497
canonical_single_assay,random,median,20260912,CHEMBL5938748,6.790484985457369,6.885799820648497
canonical_single_assay,random,median,20260912,CHEMBL5963009,6.82102305270683,6.885799820648497
canonical_single_assay,random,median,20260912,CHEMBL5974575,7.34008379993015,6.885799820648497
canonical_single_assay,random,median,20260912,CHEMBL5977971,7.34008379993015,6.885799820648497
canonical_single_assay,random,median,20260912,CHEMBL5993582,5.250031916490597,6.885799820648497
canonical_single_assay,random,median,20260912,CHEMBL6003285,7.459670525209126,6.885799820648497
canonical_single_assay,random,median,20260912,CHEMBL6006978,6.690369832574102,6.885799820648497
canonical_single_assay,random,median,20260912,CHEMBL6040423,5.36997914888659,6.885799820648497
canonical_single_assay,random,descriptor_rf,20260912,CHEMBL3617742,7.250263684430939,6.428402172641493
canonical_single_assay,random,descriptor_rf,20260912,CHEMBL3623462,6.640164517660112,6.7469274082819
canonical_single_assay,random,descriptor_rf,20260912,CHEMBL5758153,5.700057099977233,6.146962113254912
canonical_single_assay,random,descriptor_rf,20260912,CHEMBL5779572,6.100179497572904,6.371850751021652
canonical_single_assay,random,descriptor_rf,20260912,CHEMBL5791788,6.649751981665837,6.359977554244804
canonical_single_assay,random,descriptor_rf,20260912,CHEMBL5803121,6.259637310505756,6.635072928819971
canonical_single_assay,random,descriptor_rf,20260912,CHEMBL5827707,7.39040559077478,7.110123693262418
canonical_single_assay,random,descriptor_rf,20260912,CHEMBL5845249,6.480172006224281,6.371850751021652
canonical_single_assay,random,descriptor_rf,20260912,CHEMBL5881362,7.1700533040583645,6.146962113254912
canonical_single_assay,random,descriptor_rf,20260912,CHEMBL5892433,7.019996628416254,6.764345212894562
canonical_single_assay,random,descriptor_rf,20260912,CHEMBL5903895,6.0,5.472652777759365
canonical_single_assay,random,descriptor_rf,20260912,CHEMBL5917086,6.624244974864979,6.514097508771335
canonical_single_assay,random,descriptor_rf,20260912,CHEMBL5938748,6.790484985457369,6.634801368769721
canonical_single_assay,random,descriptor_rf,20260912,CHEMBL5963009,6.82102305270683,6.858301767447591
canonical_single_assay,random,descriptor_rf,20260912,CHEMBL5974575,7.34008379993015,7.146745781055552
canonical_single_assay,random,descriptor_rf,20260912,CHEMBL5977971,7.34008379993015,6.6448917772573095
canonical_single_assay,random,descriptor_rf,20260912,CHEMBL5993582,5.250031916490597,6.1780378903968725
canonical_single_assay,random,descriptor_rf,20260912,CHEMBL6003285,7.459670525209126,7.238411339920263
canonical_single_assay,random,descriptor_rf,20260912,CHEMBL6006978,6.690369832574102,6.197102296325114
canonical_single_assay,random,descriptor_rf,20260912,CHEMBL6040423,5.36997914888659,5.793892445263771
canonical_single_assay,random,ecfp_rf,20260912,CHEMBL3617742,7.250263684430939,6.498219802295412
canonical_single_assay,random,ecfp_rf,20260912,CHEMBL3623462,6.640164517660112,6.326252451255091
canonical_single_assay,random,ecfp_rf,20260912,CHEMBL5758153,5.700057099977233,6.300958570913814
canonical_single_assay,random,ecfp_rf,20260912,CHEMBL5779572,6.100179497572904,6.403313215750224
canonical_single_assay,random,ecfp_rf,20260912,CHEMBL5791788,6.649751981665837,6.567241188486139
canonical_single_assay,random,ecfp_rf,20260912,CHEMBL5803121,6.259637310505756,6.4834829268890655
canonical_single_assay,random,ecfp_rf,20260912,CHEMBL5827707,7.39040559077478,6.72221848131951
canonical_single_assay,random,ecfp_rf,20260912,CHEMBL5845249,6.480172006224281,6.472593001638758
canonical_single_assay,random,ecfp_rf,20260912,CHEMBL5881362,7.1700533040583645,6.742432571706166
canonical_single_assay,random,ecfp_rf,20260912,CHEMBL5892433,7.019996628416254,6.801885472628837
canonical_single_assay,random,ecfp_rf,20260912,CHEMBL5903895,6.0,6.210980774257219
canonical_single_assay,random,ecfp_rf,20260912,CHEMBL5917086,6.624244974864979,6.6879782398260454
canonical_single_assay,random,ecfp_rf,20260912,CHEMBL5938748,6.790484985457369,6.764996634151216
canonical_single_assay,random,ecfp_rf,20260912,CHEMBL5963009,6.82102305270683,6.971377984949697
canonical_single_assay,random,ecfp_rf,20260912,CHEMBL5974575,7.34008379993015,6.733264496235677
canonical_single_assay,random,ecfp_rf,20260912,CHEMBL5977971,7.34008379993015,6.676396482939009
canonical_single_assay,random,ecfp_rf,20260912,CHEMBL5993582,5.250031916490597,6.230790035905463
canonical_single_assay,random,ecfp_rf,20260912,CHEMBL6003285,7.459670525209126,6.615660096190857
canonical_single_assay,random,ecfp_rf,20260912,CHEMBL6006978,6.690369832574102,6.359560646911906
canonical_single_assay,random,ecfp_rf,20260912,CHEMBL6040423,5.36997914888659,6.193707156923906
canonical_single_assay,random,ecfp_ridge,20260912,CHEMBL3617742,7.250263684430939,7.183470249176025
canonical_single_assay,random,ecfp_ridge,20260912,CHEMBL3623462,6.640164517660112,6.513852596282959
canonical_single_assay,random,ecfp_ridge,20260912,CHEMBL5758153,5.700057099977233,5.943081855773926
canonical_single_assay,random,ecfp_ridge,20260912,CHEMBL5779572,6.100179497572904,5.8212995529174805
canonical_single_assay,random,ecfp_ridge,20260912,CHEMBL5791788,6.649751981665837,6.156857967376709
canonical_single_assay,random,ecfp_ridge,20260912,CHEMBL5803121,6.259637310505756,6.4252238273620605
canonical_single_assay,random,ecfp_ridge,20260912,CHEMBL5827707,7.39040559077478,6.799804210662842
canonical_single_assay,random,ecfp_ridge,20260912,CHEMBL5845249,6.480172006224281,5.888662338256836
canonical_single_assay,random,ecfp_ridge,20260912,CHEMBL5881362,7.1700533040583645,6.909874439239502
canonical_single_assay,random,ecfp_ridge,20260912,CHEMBL5892433,7.019996628416254,6.845948219299316
canonical_single_assay,random,ecfp_ridge,20260912,CHEMBL5903895,6.0,5.385398864746094
canonical_single_assay,random,ecfp_ridge,20260912,CHEMBL5917086,6.624244974864979,6.618485927581787
canonical_single_assay,random,ecfp_ridge,20260912,CHEMBL5938748,6.790484985457369,6.432317733764648
canonical_single_assay,random,ecfp_ridge,20260912,CHEMBL5963009,6.82102305270683,6.8343000411987305
canonical_single_assay,random,ecfp_ridge,20260912,CHEMBL5974575,7.34008379993015,7.175637722015381
canonical_single_assay,random,ecfp_ridge,20260912,CHEMBL5977971,7.34008379993015,7.458930015563965
canonical_single_assay,random,ecfp_ridge,20260912,CHEMBL5993582,5.250031916490597,6.024286270141602
canonical_single_assay,random,ecfp_ridge,20260912,CHEMBL6003285,7.459670525209126,6.921553134918213
canonical_single_assay,random,ecfp_ridge,20260912,CHEMBL6006978,6.690369832574102,6.434397220611572
canonical_single_assay,random,ecfp_ridge,20260912,CHEMBL6040423,5.36997914888659,5.721155643463135
canonical_single_assay,random,ecfp_xgb,20260912,CHEMBL3617742,7.250263684430939,6.815666675567627
canonical_single_assay,random,ecfp_xgb,20260912,CHEMBL3623462,6.640164517660112,6.42413854598999
canonical_single_assay,random,ecfp_xgb,20260912,CHEMBL5758153,5.700057099977233,5.80178165435791
canonical_single_assay,random,ecfp_xgb,20260912,CHEMBL5779572,6.100179497572904,5.957120418548584
canonical_single_assay,random,ecfp_xgb,20260912,CHEMBL5791788,6.649751981665837,6.133636474609375
canonical_single_assay,random,ecfp_xgb,20260912,CHEMBL5803121,6.259637310505756,6.275139331817627
canonical_single_assay,random,ecfp_xgb,20260912,CHEMBL5827707,7.39040559077478,7.078526496887207
canonical_single_assay,random,ecfp_xgb,20260912,CHEMBL5845249,6.480172006224281,6.0090250968933105
canonical_single_assay,random,ecfp_xgb,20260912,CHEMBL5881362,7.1700533040583645,6.965595245361328
canonical_single_assay,random,ecfp_xgb,20260912,CHEMBL5892433,7.019996628416254,7.0614914894104
canonical_single_assay,random,ecfp_xgb,20260912,CHEMBL5903895,6.0,5.641918659210205
canonical_single_assay,random,ecfp_xgb,20260912,CHEMBL5917086,6.624244974864979,6.600383758544922
canonical_single_assay,random,ecfp_xgb,20260912,CHEMBL5938748,6.790484985457369,6.636307239532471
canonical_single_assay,random,ecfp_xgb,20260912,CHEMBL5963009,6.82102305270683,7.063197135925293
canonical_single_assay,random,ecfp_xgb,20260912,CHEMBL5974575,7.34008379993015,7.058030128479004
canonical_single_assay,random,ecfp_xgb,20260912,CHEMBL5977971,7.34008379993015,7.1491241455078125
canonical_single_assay,random,ecfp_xgb,20260912,CHEMBL5993582,5.250031916490597,6.03254508972168
canonical_single_assay,random,ecfp_xgb,20260912,CHEMBL6003285,7.459670525209126,7.0903000831604
canonical_single_assay,random,ecfp_xgb,20260912,CHEMBL6006978,6.690369832574102,6.252695083618164
canonical_single_assay,random,ecfp_xgb,20260912,CHEMBL6040423,5.36997914888659,5.918550968170166
canonical_single_assay,scaffold,mean,20260912,CHEMBL3617741,7.319664486585437,6.67605315410286
canonical_single_assay,scaffold,mean,20260912,CHEMBL3617746,7.519993057042849,6.67605315410286
canonical_single_assay,scaffold,mean,20260912,CHEMBL5749645,6.690369832574102,6.67605315410286
canonical_single_assay,scaffold,mean,20260912,CHEMBL5758153,5.700057099977233,6.67605315410286
canonical_single_assay,scaffold,mean,20260912,CHEMBL5768401,6.920818753952375,6.67605315410286
canonical_single_assay,scaffold,mean,20260912,CHEMBL5786448,5.3799681048737025,6.67605315410286
canonical_single_assay,scaffold,mean,20260912,CHEMBL5796900,5.0499760934766735,6.67605315410286
canonical_single_assay,scaffold,mean,20260912,CHEMBL5802991,7.050122295963125,6.67605315410286
canonical_single_assay,scaffold,mean,20260912,CHEMBL5829181,6.991399828238082,6.67605315410286
canonical_single_assay,scaffold,mean,20260912,CHEMBL5839177,7.270025714300444,6.67605315410286
canonical_single_assay,scaffold,mean,20260912,CHEMBL5876718,7.259637310505756,6.67605315410286
canonical_single_assay,scaffold,mean,20260912,CHEMBL5902131,6.219682687859849,6.67605315410286
canonical_single_assay,scaffold,mean,20260912,CHEMBL5917748,6.801342913045577,6.67605315410286
canonical_single_assay,scaffold,mean,20260912,CHEMBL5929792,6.619788758288394,6.67605315410286
canonical_single_assay,scaffold,mean,20260912,CHEMBL5943600,7.199970640755866,6.67605315410286
canonical_single_assay,scaffold,mean,20260912,CHEMBL5976657,7.089909454405932,6.67605315410286
canonical_single_assay,scaffold,mean,20260912,CHEMBL5985038,7.400116927926312,6.67605315410286
canonical_single_assay,scaffold,mean,20260912,CHEMBL6032013,7.279840696594043,6.67605315410286
canonical_single_assay,scaffold,median,20260912,CHEMBL3617741,7.319664486585437,6.785188448708658
canonical_single_assay,scaffold,median,20260912,CHEMBL3617746,7.519993057042849,6.785188448708658
canonical_single_assay,scaffold,median,20260912,CHEMBL5749645,6.690369832574102,6.785188448708658
canonical_single_assay,scaffold,median,20260912,CHEMBL5758153,5.700057099977233,6.785188448708658
canonical_single_assay,scaffold,median,20260912,CHEMBL5768401,6.920818753952375,6.785188448708658
canonical_single_assay,scaffold,median,20260912,CHEMBL5786448,5.3799681048737025,6.785188448708658
canonical_single_assay,scaffold,median,20260912,CHEMBL5796900,5.0499760934766735,6.785188448708658
canonical_single_assay,scaffold,median,20260912,CHEMBL5802991,7.050122295963125,6.785188448708658
canonical_single_assay,scaffold,median,20260912,CHEMBL5829181,6.991399828238082,6.785188448708658
canonical_single_assay,scaffold,median,20260912,CHEMBL5839177,7.270025714300444,6.785188448708658
canonical_single_assay,scaffold,median,20260912,CHEMBL5876718,7.259637310505756,6.785188448708658
canonical_single_assay,scaffold,median,20260912,CHEMBL5902131,6.219682687859849,6.785188448708658
canonical_single_assay,scaffold,median,20260912,CHEMBL5917748,6.801342913045577,6.785188448708658
canonical_single_assay,scaffold,median,20260912,CHEMBL5929792,6.619788758288394,6.785188448708658
canonical_single_assay,scaffold,median,20260912,CHEMBL5943600,7.199970640755866,6.785188448708658
canonical_single_assay,scaffold,median,20260912,CHEMBL5976657,7.089909454405932,6.785188448708658
canonical_single_assay,scaffold,median,20260912,CHEMBL5985038,7.400116927926312,6.785188448708658
canonical_single_assay,scaffold,median,20260912,CHEMBL6032013,7.279840696594043,6.785188448708658
canonical_single_assay,scaffold,descriptor_rf,20260912,CHEMBL3617741,7.319664486585437,6.386028121880224
canonical_single_assay,scaffold,descriptor_rf,20260912,CHEMBL3617746,7.519993057042849,6.6963609542090206
canonical_single_assay,scaffold,descriptor_rf,20260912,CHEMBL5749645,6.690369832574102,6.01455862175717
canonical_single_assay,scaffold,descriptor_rf,20260912,CHEMBL5758153,5.700057099977233,6.601432077116844
canonical_single_assay,scaffold,descriptor_rf,20260912,CHEMBL5768401,6.920818753952375,6.706766823353151
canonical_single_assay,scaffold,descriptor_rf,20260912,CHEMBL5786448,5.3799681048737025,6.01455862175717
canonical_single_assay,scaffold,descriptor_rf,20260912,CHEMBL5796900,5.0499760934766735,6.601432077116844
canonical_single_assay,scaffold,descriptor_rf,20260912,CHEMBL5802991,7.050122295963125,6.601432077116844
canonical_single_assay,scaffold,descriptor_rf,20260912,CHEMBL5829181,6.991399828238082,7.021223243333297
canonical_single_assay,scaffold,descriptor_rf,20260912,CHEMBL5839177,7.270025714300444,7.0640628991112875
canonical_single_assay,scaffold,descriptor_rf,20260912,CHEMBL5876718,7.259637310505756,7.062957242591983
canonical_single_assay,scaffold,descriptor_rf,20260912,CHEMBL5902131,6.219682687859849,6.770774703263944
canonical_single_assay,scaffold,descriptor_rf,20260912,CHEMBL5917748,6.801342913045577,7.052785993025762
canonical_single_assay,scaffold,descriptor_rf,20260912,CHEMBL5929792,6.619788758288394,6.76219658401071
canonical_single_assay,scaffold,descriptor_rf,20260912,CHEMBL5943600,7.199970640755866,7.08022806410804
canonical_single_assay,scaffold,descriptor_rf,20260912,CHEMBL5976657,7.089909454405932,6.256341383621323
canonical_single_assay,scaffold,descriptor_rf,20260912,CHEMBL5985038,7.400116927926312,7.099371122088283
canonical_single_assay,scaffold,descriptor_rf,20260912,CHEMBL6032013,7.279840696594043,7.118905503828873
canonical_single_assay,scaffold,ecfp_rf,20260912,CHEMBL3617741,7.319664486585437,6.613118089340846
canonical_single_assay,scaffold,ecfp_rf,20260912,CHEMBL3617746,7.519993057042849,6.924213998914285
canonical_single_assay,scaffold,ecfp_rf,20260912,CHEMBL5749645,6.690369832574102,6.427096072131529
canonical_single_assay,scaffold,ecfp_rf,20260912,CHEMBL5758153,5.700057099977233,6.562137310789018
canonical_single_assay,scaffold,ecfp_rf,20260912,CHEMBL5768401,6.920818753952375,6.8223788696835515
canonical_single_assay,scaffold,ecfp_rf,20260912,CHEMBL5786448,5.3799681048737025,6.26618771011789
canonical_single_assay,scaffold,ecfp_rf,20260912,CHEMBL5796900,5.0499760934766735,6.555832989131858
canonical_single_assay,scaffold,ecfp_rf,20260912,CHEMBL5802991,7.050122295963125,6.671010588780917
canonical_single_assay,scaffold,ecfp_rf,20260912,CHEMBL5829181,6.991399828238082,6.479106325392203
canonical_single_assay,scaffold,ecfp_rf,20260912,CHEMBL5839177,7.270025714300444,7.003040449476228
canonical_single_assay,scaffold,ecfp_rf,20260912,CHEMBL5876718,7.259637310505756,6.998917827968663
canonical_single_assay,scaffold,ecfp_rf,20260912,CHEMBL5902131,6.219682687859849,6.3262448238783024
canonical_single_assay,scaffold,ecfp_rf,20260912,CHEMBL5917748,6.801342913045577,6.6962721973254204
canonical_single_assay,scaffold,ecfp_rf,20260912,CHEMBL5929792,6.619788758288394,6.640377907267292
canonical_single_assay,scaffold,ecfp_rf,20260912,CHEMBL5943600,7.199970640755866,6.816939158917772
canonical_single_assay,scaffold,ecfp_rf,20260912,CHEMBL5976657,7.089909454405932,6.643295817332151
canonical_single_assay,scaffold,ecfp_rf,20260912,CHEMBL5985038,7.400116927926312,6.491922168074041
canonical_single_assay,scaffold,ecfp_rf,20260912,CHEMBL6032013,7.279840696594043,6.823225462797326
canonical_single_assay,scaffold,ecfp_ridge,20260912,CHEMBL3617741,7.319664486585437,7.169589042663574
canonical_single_assay,scaffold,ecfp_ridge,20260912,CHEMBL3617746,7.519993057042849,7.033082008361816
canonical_single_assay,scaffold,ecfp_ridge,20260912,CHEMBL5749645,6.690369832574102,6.609332084655762
canonical_single_assay,scaffold,ecfp_ridge,20260912,CHEMBL5758153,5.700057099977233,6.08366584777832
canonical_single_assay,scaffold,ecfp_ridge,20260912,CHEMBL5768401,6.920818753952375,6.7155656814575195
canonical_single_assay,scaffold,ecfp_ridge,20260912,CHEMBL5786448,5.3799681048737025,5.721187591552734
canonical_single_assay,scaffold,ecfp_ridge,20260912,CHEMBL5796900,5.0499760934766735,5.48391056060791
canonical_single_assay,scaffold,ecfp_ridge,20260912,CHEMBL5802991,7.050122295963125,6.915164947509766
canonical_single_assay,scaffold,ecfp_ridge,20260912,CHEMBL5829181,6.991399828238082,6.695040225982666
canonical_single_assay,scaffold,ecfp_ridge,20260912,CHEMBL5839177,7.270025714300444,7.201870918273926
canonical_single_assay,scaffold,ecfp_ridge,20260912,CHEMBL5876718,7.259637310505756,7.236327648162842
canonical_single_assay,scaffold,ecfp_ridge,20260912,CHEMBL5902131,6.219682687859849,6.1529741287231445
canonical_single_assay,scaffold,ecfp_ridge,20260912,CHEMBL5917748,6.801342913045577,6.673980236053467
canonical_single_assay,scaffold,ecfp_ridge,20260912,CHEMBL5929792,6.619788758288394,6.321420669555664
canonical_single_assay,scaffold,ecfp_ridge,20260912,CHEMBL5943600,7.199970640755866,7.216046333312988
canonical_single_assay,scaffold,ecfp_ridge,20260912,CHEMBL5976657,7.089909454405932,6.840163707733154
canonical_single_assay,scaffold,ecfp_ridge,20260912,CHEMBL5985038,7.400116927926312,6.64524507522583
canonical_single_assay,scaffold,ecfp_ridge,20260912,CHEMBL6032013,7.279840696594043,7.166251182556152
canonical_single_assay,scaffold,ecfp_xgb,20260912,CHEMBL3617741,7.319664486585437,7.058663845062256
canonical_single_assay,scaffold,ecfp_xgb,20260912,CHEMBL3617746,7.519993057042849,6.936000347137451
canonical_single_assay,scaffold,ecfp_xgb,20260912,CHEMBL5749645,6.690369832574102,6.329787731170654
canonical_single_assay,scaffold,ecfp_xgb,20260912,CHEMBL5758153,5.700057099977233,6.305322647094727
canonical_single_assay,scaffold,ecfp_xgb,20260912,CHEMBL5768401,6.920818753952375,6.898451805114746
canonical_single_assay,scaffold,ecfp_xgb,20260912,CHEMBL5786448,5.3799681048737025,5.482316017150879
canonical_single_assay,scaffold,ecfp_xgb,20260912,CHEMBL5796900,5.0499760934766735,5.734278202056885
canonical_single_assay,scaffold,ecfp_xgb,20260912,CHEMBL5802991,7.050122295963125,6.883323669433594
canonical_single_assay,scaffold,ecfp_xgb,20260912,CHEMBL5829181,6.991399828238082,6.58123254776001
canonical_single_assay,scaffold,ecfp_xgb,20260912,CHEMBL5839177,7.270025714300444,7.228204727172852
canonical_single_assay,scaffold,ecfp_xgb,20260912,CHEMBL5876718,7.259637310505756,7.22252893447876
canonical_single_assay,scaffold,ecfp_xgb,20260912,CHEMBL5902131,6.219682687859849,5.487849712371826
canonical_single_assay,scaffold,ecfp_xgb,20260912,CHEMBL5917748,6.801342913045577,6.5535149574279785
canonical_single_assay,scaffold,ecfp_xgb,20260912,CHEMBL5929792,6.619788758288394,6.368290901184082
canonical_single_assay,scaffold,ecfp_xgb,20260912,CHEMBL5943600,7.199970640755866,7.043118476867676
canonical_single_assay,scaffold,ecfp_xgb,20260912,CHEMBL5976657,7.089909454405932,6.808744430541992
canonical_single_assay,scaffold,ecfp_xgb,20260912,CHEMBL5985038,7.400116927926312,6.213542461395264
canonical_single_assay,scaffold,ecfp_xgb,20260912,CHEMBL6032013,7.279840696594043,6.946999549865723
canonical_single_assay,random,mean,20260913,CHEMBL3617741,7.319664486585437,6.664251188398318
canonical_single_assay,random,mean,20260913,CHEMBL4126610,6.85078088734462,6.664251188398318
canonical_single_assay,random,mean,20260913,CHEMBL4127768,6.790484985457369,6.664251188398318
canonical_single_assay,random,mean,20260913,CHEMBL5769493,6.149966742310231,6.664251188398318
canonical_single_assay,random,mean,20260913,CHEMBL5802991,7.050122295963125,6.664251188398318
canonical_single_assay,random,mean,20260913,CHEMBL5827707,7.39040559077478,6.664251188398318
canonical_single_assay,random,mean,20260913,CHEMBL5829181,6.991399828238082,6.664251188398318
canonical_single_assay,random,mean,20260913,CHEMBL5845249,6.480172006224281,6.664251188398318
canonical_single_assay,random,mean,20260913,CHEMBL5858978,7.229884705212898,6.664251188398318
canonical_single_assay,random,mean,20260913,CHEMBL5860543,7.070070439915412,6.664251188398318
canonical_single_assay,random,mean,20260913,CHEMBL5865379,6.939302159646388,6.664251188398318
canonical_single_assay,random,mean,20260913,CHEMBL5876796,6.199970640755866,6.664251188398318
canonical_single_assay,random,mean,20260913,CHEMBL5902131,6.219682687859849,6.664251188398318
canonical_single_assay,random,mean,20260913,CHEMBL5957211,7.480172006224281,6.664251188398318
canonical_single_assay,random,mean,20260913,CHEMBL5972322,5.430041181903406,6.664251188398318
canonical_single_assay,random,mean,20260913,CHEMBL5985038,7.400116927926312,6.664251188398318
canonical_single_assay,random,mean,20260913,CHEMBL5993582,5.250031916490597,6.664251188398318
canonical_single_assay,random,mean,20260913,CHEMBL5997576,7.259637310505756,6.664251188398318
canonical_single_assay,random,mean,20260913,CHEMBL6034162,7.369572124974976,6.664251188398318
canonical_single_assay,random,mean,20260913,CHEMBL6051120,7.140261433802853,6.664251188398318
canonical_single_assay,random,median,20260913,CHEMBL3617741,7.319664486585437,6.764735954825525
canonical_single_assay,random,median,20260913,CHEMBL4126610,6.85078088734462,6.764735954825525
canonical_single_assay,random,median,20260913,CHEMBL4127768,6.790484985457369,6.764735954825525
canonical_single_assay,random,median,20260913,CHEMBL5769493,6.149966742310231,6.764735954825525
canonical_single_assay,random,median,20260913,CHEMBL5802991,7.050122295963125,6.764735954825525
canonical_single_assay,random,median,20260913,CHEMBL5827707,7.39040559077478,6.764735954825525
canonical_single_assay,random,median,20260913,CHEMBL5829181,6.991399828238082,6.764735954825525
canonical_single_assay,random,median,20260913,CHEMBL5845249,6.480172006224281,6.764735954825525
canonical_single_assay,random,median,20260913,CHEMBL5858978,7.229884705212898,6.764735954825525
canonical_single_assay,random,median,20260913,CHEMBL5860543,7.070070439915412,6.764735954825525
canonical_single_assay,random,median,20260913,CHEMBL5865379,6.939302159646388,6.764735954825525
canonical_single_assay,random,median,20260913,CHEMBL5876796,6.199970640755866,6.764735954825525
canonical_single_assay,random,median,20260913,CHEMBL5902131,6.219682687859849,6.764735954825525
canonical_single_assay,random,median,20260913,CHEMBL5957211,7.480172006224281,6.764735954825525
canonical_single_assay,random,median,20260913,CHEMBL5972322,5.430041181903406,6.764735954825525
canonical_single_assay,random,median,20260913,CHEMBL5985038,7.400116927926312,6.764735954825525
canonical_single_assay,random,median,20260913,CHEMBL5993582,5.250031916490597,6.764735954825525
canonical_single_assay,random,median,20260913,CHEMBL5997576,7.259637310505756,6.764735954825525
canonical_single_assay,random,median,20260913,CHEMBL6034162,7.369572124974976,6.764735954825525
canonical_single_assay,random,median,20260913,CHEMBL6051120,7.140261433802853,6.764735954825525
canonical_single_assay,random,descriptor_rf,20260913,CHEMBL3617741,7.319664486585437,6.606969059861959
canonical_single_assay,random,descriptor_rf,20260913,CHEMBL4126610,6.85078088734462,6.455799007342012
canonical_single_assay,random,descriptor_rf,20260913,CHEMBL4127768,6.790484985457369,7.140867036911054
canonical_single_assay,random,descriptor_rf,20260913,CHEMBL5769493,6.149966742310231,6.547970121264759
canonical_single_assay,random,descriptor_rf,20260913,CHEMBL5802991,7.050122295963125,6.030236499197109
canonical_single_assay,random,descriptor_rf,20260913,CHEMBL5827707,7.39040559077478,7.112150847856766
canonical_single_assay,random,descriptor_rf,20260913,CHEMBL5829181,6.991399828238082,7.000309199849262
canonical_single_assay,random,descriptor_rf,20260913,CHEMBL5845249,6.480172006224281,6.196752959104823
canonical_single_assay,random,descriptor_rf,20260913,CHEMBL5858978,7.229884705212898,6.547970121264759
canonical_single_assay,random,descriptor_rf,20260913,CHEMBL5860543,7.070070439915412,6.930083747280293
canonical_single_assay,random,descriptor_rf,20260913,CHEMBL5865379,6.939302159646388,6.818452473622046
canonical_single_assay,random,descriptor_rf,20260913,CHEMBL5876796,6.199970640755866,6.6445663824195
canonical_single_assay,random,descriptor_rf,20260913,CHEMBL5902131,6.219682687859849,6.743429316896481
canonical_single_assay,random,descriptor_rf,20260913,CHEMBL5957211,7.480172006224281,7.400058627453869
canonical_single_assay,random,descriptor_rf,20260913,CHEMBL5972322,5.430041181903406,5.988039115872944
canonical_single_assay,random,descriptor_rf,20260913,CHEMBL5985038,7.400116927926312,7.0342278886292435
canonical_single_assay,random,descriptor_rf,20260913,CHEMBL5993582,5.250031916490597,6.19941398405217
canonical_single_assay,random,descriptor_rf,20260913,CHEMBL5997576,7.259637310505756,7.348191878897805
canonical_single_assay,random,descriptor_rf,20260913,CHEMBL6034162,7.369572124974976,7.340881593789967
canonical_single_assay,random,descriptor_rf,20260913,CHEMBL6051120,7.140261433802853,7.1969433621705114
canonical_single_assay,random,ecfp_rf,20260913,CHEMBL3617741,7.319664486585437,6.59226915690952
canonical_single_assay,random,ecfp_rf,20260913,CHEMBL4126610,6.85078088734462,6.692736102036216
canonical_single_assay,random,ecfp_rf,20260913,CHEMBL4127768,6.790484985457369,6.592363133039618
canonical_single_assay,random,ecfp_rf,20260913,CHEMBL5769493,6.149966742310231,6.249782389368172
canonical_single_assay,random,ecfp_rf,20260913,CHEMBL5802991,7.050122295963125,6.557394735115491
canonical_single_assay,random,ecfp_rf,20260913,CHEMBL5827707,7.39040559077478,6.765908749089328
canonical_single_assay,random,ecfp_rf,20260913,CHEMBL5829181,6.991399828238082,6.622026146799808
canonical_single_assay,random,ecfp_rf,20260913,CHEMBL5845249,6.480172006224281,6.325398346976667
canonical_single_assay,random,ecfp_rf,20260913,CHEMBL5858978,7.229884705212898,6.805454182446162
canonical_single_assay,random,ecfp_rf,20260913,CHEMBL5860543,7.070070439915412,7.030807809052729
canonical_single_assay,random,ecfp_rf,20260913,CHEMBL5865379,6.939302159646388,6.547172222470529
canonical_single_assay,random,ecfp_rf,20260913,CHEMBL5876796,6.199970640755866,6.275680151417091
canonical_single_assay,random,ecfp_rf,20260913,CHEMBL5902131,6.219682687859849,6.4326983214026985
canonical_single_assay,random,ecfp_rf,20260913,CHEMBL5957211,7.480172006224281,7.093252649768764
canonical_single_assay,random,ecfp_rf,20260913,CHEMBL5972322,5.430041181903406,6.530111785314546
canonical_single_assay,random,ecfp_rf,20260913,CHEMBL5985038,7.400116927926312,6.602881594649407
canonical_single_assay,random,ecfp_rf,20260913,CHEMBL5993582,5.250031916490597,6.276966568694844
canonical_single_assay,random,ecfp_rf,20260913,CHEMBL5997576,7.259637310505756,7.239656905433481
canonical_single_assay,random,ecfp_rf,20260913,CHEMBL6034162,7.369572124974976,7.203644756501375
canonical_single_assay,random,ecfp_rf,20260913,CHEMBL6051120,7.140261433802853,6.472612298094317
canonical_single_assay,random,ecfp_ridge,20260913,CHEMBL3617741,7.319664486585437,6.796576023101807
canonical_single_assay,random,ecfp_ridge,20260913,CHEMBL4126610,6.85078088734462,6.8067216873168945
canonical_single_assay,random,ecfp_ridge,20260913,CHEMBL4127768,6.790484985457369,6.541735649108887
canonical_single_assay,random,ecfp_ridge,20260913,CHEMBL5769493,6.149966742310231,5.998815536499023
canonical_single_assay,random,ecfp_ridge,20260913,CHEMBL5802991,7.050122295963125,6.9045329093933105
canonical_single_assay,random,ecfp_ridge,20260913,CHEMBL5827707,7.39040559077478,6.860975742340088
canonical_single_assay,random,ecfp_ridge,20260913,CHEMBL5829181,6.991399828238082,6.713625907897949
canonical_single_assay,random,ecfp_ridge,20260913,CHEMBL5845249,6.480172006224281,6.448391437530518
canonical_single_assay,random,ecfp_ridge,20260913,CHEMBL5858978,7.229884705212898,7.192986011505127
canonical_single_assay,random,ecfp_ridge,20260913,CHEMBL5860543,7.070070439915412,6.991372108459473
canonical_single_assay,random,ecfp_ridge,20260913,CHEMBL5865379,6.939302159646388,6.850955486297607
canonical_single_assay,random,ecfp_ridge,20260913,CHEMBL5876796,6.199970640755866,6.236933708190918
canonical_single_assay,random,ecfp_ridge,20260913,CHEMBL5902131,6.219682687859849,6.280723571777344
canonical_single_assay,random,ecfp_ridge,20260913,CHEMBL5957211,7.480172006224281,7.795197486877441
canonical_single_assay,random,ecfp_ridge,20260913,CHEMBL5972322,5.430041181903406,6.037867546081543
canonical_single_assay,random,ecfp_ridge,20260913,CHEMBL5985038,7.400116927926312,6.763395309448242
canonical_single_assay,random,ecfp_ridge,20260913,CHEMBL5993582,5.250031916490597,6.02113676071167
canonical_single_assay,random,ecfp_ridge,20260913,CHEMBL5997576,7.259637310505756,7.972749710083008
canonical_single_assay,random,ecfp_ridge,20260913,CHEMBL6034162,7.369572124974976,7.863440990447998
canonical_single_assay,random,ecfp_ridge,20260913,CHEMBL6051120,7.140261433802853,6.531590461730957
canonical_single_assay,random,ecfp_xgb,20260913,CHEMBL3617741,7.319664486585437,6.739492416381836
canonical_single_assay,random,ecfp_xgb,20260913,CHEMBL4126610,6.85078088734462,6.752334117889404
canonical_single_assay,random,ecfp_xgb,20260913,CHEMBL4127768,6.790484985457369,6.367514610290527
canonical_single_assay,random,ecfp_xgb,20260913,CHEMBL5769493,6.149966742310231,5.914864540100098
canonical_single_assay,random,ecfp_xgb,20260913,CHEMBL5802991,7.050122295963125,6.847558975219727
canonical_single_assay,random,ecfp_xgb,20260913,CHEMBL5827707,7.39040559077478,7.176727771759033
canonical_single_assay,random,ecfp_xgb,20260913,CHEMBL5829181,6.991399828238082,6.5153985023498535
canonical_single_assay,random,ecfp_xgb,20260913,CHEMBL5845249,6.480172006224281,6.345917224884033
canonical_single_assay,random,ecfp_xgb,20260913,CHEMBL5858978,7.229884705212898,7.0500593185424805
canonical_single_assay,random,ecfp_xgb,20260913,CHEMBL5860543,7.070070439915412,7.339108467102051
canonical_single_assay,random,ecfp_xgb,20260913,CHEMBL5865379,6.939302159646388,6.769129276275635
canonical_single_assay,random,ecfp_xgb,20260913,CHEMBL5876796,6.199970640755866,6.011456489562988
canonical_single_assay,random,ecfp_xgb,20260913,CHEMBL5902131,6.219682687859849,5.85495138168335
canonical_single_assay,random,ecfp_xgb,20260913,CHEMBL5957211,7.480172006224281,7.561331272125244
canonical_single_assay,random,ecfp_xgb,20260913,CHEMBL5972322,5.430041181903406,6.136703968048096
canonical_single_assay,random,ecfp_xgb,20260913,CHEMBL5985038,7.400116927926312,6.178782939910889
canonical_single_assay,random,ecfp_xgb,20260913,CHEMBL5993582,5.250031916490597,5.886146068572998
canonical_single_assay,random,ecfp_xgb,20260913,CHEMBL5997576,7.259637310505756,7.508829593658447
canonical_single_assay,random,ecfp_xgb,20260913,CHEMBL6034162,7.369572124974976,7.50874662399292
canonical_single_assay,random,ecfp_xgb,20260913,CHEMBL6051120,7.140261433802853,6.297801494598389
canonical_single_assay,scaffold,mean,20260913,CHEMBL3617744,7.0301183562535,6.61638491809173
canonical_single_assay,scaffold,mean,20260913,CHEMBL3617745,5.230032198670558,6.61638491809173
canonical_single_assay,scaffold,mean,20260913,CHEMBL4126610,6.85078088734462,6.61638491809173
canonical_single_assay,scaffold,mean,20260913,CHEMBL4127995,6.309803919971486,6.61638491809173
canonical_single_assay,scaffold,mean,20260913,CHEMBL5750822,7.11975822410452,6.61638491809173
canonical_single_assay,scaffold,mean,20260913,CHEMBL5759977,6.739928612014925,6.61638491809173
canonical_single_assay,scaffold,mean,20260913,CHEMBL5760930,7.369572124974976,6.61638491809173
canonical_single_assay,scaffold,mean,20260913,CHEMBL5779572,6.100179497572904,6.61638491809173
canonical_single_assay,scaffold,mean,20260913,CHEMBL5796900,5.0499760934766735,6.61638491809173
canonical_single_assay,scaffold,mean,20260913,CHEMBL5802102,7.690369832574102,6.61638491809173
canonical_single_assay,scaffold,mean,20260913,CHEMBL5803121,6.259637310505756,6.61638491809173
canonical_single_assay,scaffold,mean,20260913,CHEMBL5855781,7.259637310505756,6.61638491809173
canonical_single_assay,scaffold,mean,20260913,CHEMBL5858978,7.229884705212898,6.61638491809173
canonical_single_assay,scaffold,mean,20260913,CHEMBL5860543,7.070070439915412,6.61638491809173
canonical_single_assay,scaffold,mean,20260913,CHEMBL5863279,7.179798540514359,6.61638491809173
canonical_single_assay,scaffold,mean,20260913,CHEMBL5918198,6.809668301829708,6.61638491809173
canonical_single_assay,scaffold,mean,20260913,CHEMBL5927061,6.279840696594043,6.61638491809173
canonical_single_assay,scaffold,mean,20260913,CHEMBL5957211,7.480172006224281,6.61638491809173
canonical_single_assay,scaffold,mean,20260913,CHEMBL5969695,7.259637310505756,6.61638491809173
canonical_single_assay,scaffold,mean,20260913,CHEMBL5974575,7.34008379993015,6.61638491809173
canonical_single_assay,scaffold,mean,20260913,CHEMBL5985038,7.400116927926312,6.61638491809173
canonical_single_assay,scaffold,mean,20260913,CHEMBL5997576,7.259637310505756,6.61638491809173
canonical_single_assay,scaffold,mean,20260913,CHEMBL6030711,7.199970640755866,6.61638491809173
canonical_single_assay,scaffold,mean,20260913,CHEMBL6032013,7.279840696594043,6.61638491809173
canonical_single_assay,scaffold,mean,20260913,CHEMBL6034162,7.369572124974976,6.61638491809173
canonical_single_assay,scaffold,mean,20260913,CHEMBL6035580,7.179798540514359,6.61638491809173
canonical_single_assay,scaffold,median,20260913,CHEMBL3617744,7.0301183562535,6.718966632752273
canonical_single_assay,scaffold,median,20260913,CHEMBL3617745,5.230032198670558,6.718966632752273
canonical_single_assay,scaffold,median,20260913,CHEMBL4126610,6.85078088734462,6.718966632752273
canonical_single_assay,scaffold,median,20260913,CHEMBL4127995,6.309803919971486,6.718966632752273
canonical_single_assay,scaffold,median,20260913,CHEMBL5750822,7.11975822410452,6.718966632752273
canonical_single_assay,scaffold,median,20260913,CHEMBL5759977,6.739928612014925,6.718966632752273
canonical_single_assay,scaffold,median,20260913,CHEMBL5760930,7.369572124974976,6.718966632752273
canonical_single_assay,scaffold,median,20260913,CHEMBL5779572,6.100179497572904,6.718966632752273
canonical_single_assay,scaffold,median,20260913,CHEMBL5796900,5.0499760934766735,6.718966632752273
canonical_single_assay,scaffold,median,20260913,CHEMBL5802102,7.690369832574102,6.718966632752273
canonical_single_assay,scaffold,median,20260913,CHEMBL5803121,6.259637310505756,6.718966632752273
canonical_single_assay,scaffold,median,20260913,CHEMBL5855781,7.259637310505756,6.718966632752273
canonical_single_assay,scaffold,median,20260913,CHEMBL5858978,7.229884705212898,6.718966632752273
canonical_single_assay,scaffold,median,20260913,CHEMBL5860543,7.070070439915412,6.718966632752273
canonical_single_assay,scaffold,median,20260913,CHEMBL5863279,7.179798540514359,6.718966632752273
canonical_single_assay,scaffold,median,20260913,CHEMBL5918198,6.809668301829708,6.718966632752273
canonical_single_assay,scaffold,median,20260913,CHEMBL5927061,6.279840696594043,6.718966632752273
canonical_single_assay,scaffold,median,20260913,CHEMBL5957211,7.480172006224281,6.718966632752273
canonical_single_assay,scaffold,median,20260913,CHEMBL5969695,7.259637310505756,6.718966632752273
canonical_single_assay,scaffold,median,20260913,CHEMBL5974575,7.34008379993015,6.718966632752273
canonical_single_assay,scaffold,median,20260913,CHEMBL5985038,7.400116927926312,6.718966632752273
canonical_single_assay,scaffold,median,20260913,CHEMBL5997576,7.259637310505756,6.718966632752273
canonical_single_assay,scaffold,median,20260913,CHEMBL6030711,7.199970640755866,6.718966632752273
canonical_single_assay,scaffold,median,20260913,CHEMBL6032013,7.279840696594043,6.718966632752273
canonical_single_assay,scaffold,median,20260913,CHEMBL6034162,7.369572124974976,6.718966632752273
canonical_single_assay,scaffold,median,20260913,CHEMBL6035580,7.179798540514359,6.718966632752273
canonical_single_assay,scaffold,descriptor_rf,20260913,CHEMBL3617744,7.0301183562535,6.888783382666955
canonical_single_assay,scaffold,descriptor_rf,20260913,CHEMBL3617745,5.230032198670558,5.786504101950033
canonical_single_assay,scaffold,descriptor_rf,20260913,CHEMBL4126610,6.85078088734462,6.55686634522833
canonical_single_assay,scaffold,descriptor_rf,20260913,CHEMBL4127995,6.309803919971486,7.046842712494413
canonical_single_assay,scaffold,descriptor_rf,20260913,CHEMBL5750822,7.11975822410452,7.135652337621125
canonical_single_assay,scaffold,descriptor_rf,20260913,CHEMBL5759977,6.739928612014925,7.048817614612772
canonical_single_assay,scaffold,descriptor_rf,20260913,CHEMBL5760930,7.369572124974976,7.364794119795756
canonical_single_assay,scaffold,descriptor_rf,20260913,CHEMBL5779572,6.100179497572904,6.497052077922117
canonical_single_assay,scaffold,descriptor_rf,20260913,CHEMBL5796900,5.0499760934766735,6.452102664564997
canonical_single_assay,scaffold,descriptor_rf,20260913,CHEMBL5802102,7.690369832574102,7.184226961428893
canonical_single_assay,scaffold,descriptor_rf,20260913,CHEMBL5803121,6.259637310505756,6.651342802633917
canonical_single_assay,scaffold,descriptor_rf,20260913,CHEMBL5855781,7.259637310505756,7.115828587915137
canonical_single_assay,scaffold,descriptor_rf,20260913,CHEMBL5858978,7.229884705212898,6.447361329238145
canonical_single_assay,scaffold,descriptor_rf,20260913,CHEMBL5860543,7.070070439915412,7.117018960299833
canonical_single_assay,scaffold,descriptor_rf,20260913,CHEMBL5863279,7.179798540514359,7.124699516297831
canonical_single_assay,scaffold,descriptor_rf,20260913,CHEMBL5918198,6.809668301829708,7.0356845273154045
canonical_single_assay,scaffold,descriptor_rf,20260913,CHEMBL5927061,6.279840696594043,7.040247099819891
canonical_single_assay,scaffold,descriptor_rf,20260913,CHEMBL5957211,7.480172006224281,7.364794119795756
canonical_single_assay,scaffold,descriptor_rf,20260913,CHEMBL5969695,7.259637310505756,6.674034907211495
canonical_single_assay,scaffold,descriptor_rf,20260913,CHEMBL5974575,7.34008379993015,7.115828587915137
canonical_single_assay,scaffold,descriptor_rf,20260913,CHEMBL5985038,7.400116927926312,7.086595716934802
canonical_single_assay,scaffold,descriptor_rf,20260913,CHEMBL5997576,7.259637310505756,7.355198903948351
canonical_single_assay,scaffold,descriptor_rf,20260913,CHEMBL6030711,7.199970640755866,7.1021357288894205
canonical_single_assay,scaffold,descriptor_rf,20260913,CHEMBL6032013,7.279840696594043,7.132467757506755
canonical_single_assay,scaffold,descriptor_rf,20260913,CHEMBL6034162,7.369572124974976,7.334585227461837
canonical_single_assay,scaffold,descriptor_rf,20260913,CHEMBL6035580,7.179798540514359,7.16226209118274
canonical_single_assay,scaffold,ecfp_rf,20260913,CHEMBL3617744,7.0301183562535,6.821353269523965
canonical_single_assay,scaffold,ecfp_rf,20260913,CHEMBL3617745,5.230032198670558,6.323122762302216
canonical_single_assay,scaffold,ecfp_rf,20260913,CHEMBL4126610,6.85078088734462,6.73121428746343
canonical_single_assay,scaffold,ecfp_rf,20260913,CHEMBL4127995,6.309803919971486,6.723820965673524
canonical_single_assay,scaffold,ecfp_rf,20260913,CHEMBL5750822,7.11975822410452,7.022721104720766
canonical_single_assay,scaffold,ecfp_rf,20260913,CHEMBL5759977,6.739928612014925,6.814982964497698
canonical_single_assay,scaffold,ecfp_rf,20260913,CHEMBL5760930,7.369572124974976,6.790429689372799
canonical_single_assay,scaffold,ecfp_rf,20260913,CHEMBL5779572,6.100179497572904,6.534853016289967
canonical_single_assay,scaffold,ecfp_rf,20260913,CHEMBL5796900,5.0499760934766735,6.465135947190063
canonical_single_assay,scaffold,ecfp_rf,20260913,CHEMBL5802102,7.690369832574102,7.144907302359986
canonical_single_assay,scaffold,ecfp_rf,20260913,CHEMBL5803121,6.259637310505756,6.496427124724311
canonical_single_assay,scaffold,ecfp_rf,20260913,CHEMBL5855781,7.259637310505756,6.866794968426559
canonical_single_assay,scaffold,ecfp_rf,20260913,CHEMBL5858978,7.229884705212898,6.715887715617934
canonical_single_assay,scaffold,ecfp_rf,20260913,CHEMBL5860543,7.070070439915412,6.965170438348877
canonical_single_assay,scaffold,ecfp_rf,20260913,CHEMBL5863279,7.179798540514359,6.999351456360865
canonical_single_assay,scaffold,ecfp_rf,20260913,CHEMBL5918198,6.809668301829708,6.633642567957252
canonical_single_assay,scaffold,ecfp_rf,20260913,CHEMBL5927061,6.279840696594043,6.985735453879021
canonical_single_assay,scaffold,ecfp_rf,20260913,CHEMBL5957211,7.480172006224281,6.982899441336221
canonical_single_assay,scaffold,ecfp_rf,20260913,CHEMBL5969695,7.259637310505756,6.842040255719807
canonical_single_assay,scaffold,ecfp_rf,20260913,CHEMBL5974575,7.34008379993015,6.682854197625497
canonical_single_assay,scaffold,ecfp_rf,20260913,CHEMBL5985038,7.400116927926312,6.564197840798067
canonical_single_assay,scaffold,ecfp_rf,20260913,CHEMBL5997576,7.259637310505756,7.178871422106554
canonical_single_assay,scaffold,ecfp_rf,20260913,CHEMBL6030711,7.199970640755866,6.994914686817813
canonical_single_assay,scaffold,ecfp_rf,20260913,CHEMBL6032013,7.279840696594043,6.798524401861751
canonical_single_assay,scaffold,ecfp_rf,20260913,CHEMBL6034162,7.369572124974976,7.165474082406599
canonical_single_assay,scaffold,ecfp_rf,20260913,CHEMBL6035580,7.179798540514359,7.0308395719594445
canonical_single_assay,scaffold,ecfp_ridge,20260913,CHEMBL3617744,7.0301183562535,7.264988422393799
canonical_single_assay,scaffold,ecfp_ridge,20260913,CHEMBL3617745,5.230032198670558,5.601864814758301
canonical_single_assay,scaffold,ecfp_ridge,20260913,CHEMBL4126610,6.85078088734462,6.899240016937256
canonical_single_assay,scaffold,ecfp_ridge,20260913,CHEMBL4127995,6.309803919971486,6.460855007171631
canonical_single_assay,scaffold,ecfp_ridge,20260913,CHEMBL5750822,7.11975822410452,6.871342182159424
canonical_single_assay,scaffold,ecfp_ridge,20260913,CHEMBL5759977,6.739928612014925,6.7570271492004395
canonical_single_assay,scaffold,ecfp_ridge,20260913,CHEMBL5760930,7.369572124974976,7.882521629333496
canonical_single_assay,scaffold,ecfp_ridge,20260913,CHEMBL5779572,6.100179497572904,5.947519302368164
canonical_single_assay,scaffold,ecfp_ridge,20260913,CHEMBL5796900,5.0499760934766735,5.413084030151367
canonical_single_assay,scaffold,ecfp_ridge,20260913,CHEMBL5802102,7.690369832574102,7.924816608428955
canonical_single_assay,scaffold,ecfp_ridge,20260913,CHEMBL5803121,6.259637310505756,6.261728763580322
canonical_single_assay,scaffold,ecfp_ridge,20260913,CHEMBL5855781,7.259637310505756,7.632643699645996
canonical_single_assay,scaffold,ecfp_ridge,20260913,CHEMBL5858978,7.229884705212898,7.3551025390625
canonical_single_assay,scaffold,ecfp_ridge,20260913,CHEMBL5860543,7.070070439915412,7.0910820960998535
canonical_single_assay,scaffold,ecfp_ridge,20260913,CHEMBL5863279,7.179798540514359,7.264199256896973
canonical_single_assay,scaffold,ecfp_ridge,20260913,CHEMBL5918198,6.809668301829708,6.935611724853516
canonical_single_assay,scaffold,ecfp_ridge,20260913,CHEMBL5927061,6.279840696594043,6.893705368041992
canonical_single_assay,scaffold,ecfp_ridge,20260913,CHEMBL5957211,7.480172006224281,8.009262084960938
canonical_single_assay,scaffold,ecfp_ridge,20260913,CHEMBL5969695,7.259637310505756,7.720850944519043
canonical_single_assay,scaffold,ecfp_ridge,20260913,CHEMBL5974575,7.34008379993015,7.498276710510254
canonical_single_assay,scaffold,ecfp_ridge,20260913,CHEMBL5985038,7.400116927926312,6.866440296173096
canonical_single_assay,scaffold,ecfp_ridge,20260913,CHEMBL5997576,7.259637310505756,7.967690467834473
canonical_single_assay,scaffold,ecfp_ridge,20260913,CHEMBL6030711,7.199970640755866,7.198962211608887
canonical_single_assay,scaffold,ecfp_ridge,20260913,CHEMBL6032013,7.279840696594043,7.361738204956055
canonical_single_assay,scaffold,ecfp_ridge,20260913,CHEMBL6034162,7.369572124974976,7.891583442687988
canonical_single_assay,scaffold,ecfp_ridge,20260913,CHEMBL6035580,7.179798540514359,6.93657922744751
canonical_single_assay,scaffold,ecfp_xgb,20260913,CHEMBL3617744,7.0301183562535,6.9017133712768555
canonical_single_assay,scaffold,ecfp_xgb,20260913,CHEMBL3617745,5.230032198670558,5.979757785797119
canonical_single_assay,scaffold,ecfp_xgb,20260913,CHEMBL4126610,6.85078088734462,6.893729209899902
canonical_single_assay,scaffold,ecfp_xgb,20260913,CHEMBL4127995,6.309803919971486,6.693301677703857
canonical_single_assay,scaffold,ecfp_xgb,20260913,CHEMBL5750822,7.11975822410452,7.199774265289307
canonical_single_assay,scaffold,ecfp_xgb,20260913,CHEMBL5759977,6.739928612014925,6.970881938934326
canonical_single_assay,scaffold,ecfp_xgb,20260913,CHEMBL5760930,7.369572124974976,7.500392436981201
canonical_single_assay,scaffold,ecfp_xgb,20260913,CHEMBL5779572,6.100179497572904,6.448495864868164
canonical_single_assay,scaffold,ecfp_xgb,20260913,CHEMBL5796900,5.0499760934766735,5.635561943054199
canonical_single_assay,scaffold,ecfp_xgb,20260913,CHEMBL5802102,7.690369832574102,7.622433185577393
canonical_single_assay,scaffold,ecfp_xgb,20260913,CHEMBL5803121,6.259637310505756,6.086773872375488
canonical_single_assay,scaffold,ecfp_xgb,20260913,CHEMBL5855781,7.259637310505756,7.2436041831970215
canonical_single_assay,scaffold,ecfp_xgb,20260913,CHEMBL5858978,7.229884705212898,6.984684467315674
canonical_single_assay,scaffold,ecfp_xgb,20260913,CHEMBL5860543,7.070070439915412,7.051263332366943
canonical_single_assay,scaffold,ecfp_xgb,20260913,CHEMBL5863279,7.179798540514359,6.941555976867676
canonical_single_assay,scaffold,ecfp_xgb,20260913,CHEMBL5918198,6.809668301829708,6.787195682525635
canonical_single_assay,scaffold,ecfp_xgb,20260913,CHEMBL5927061,6.279840696594043,7.121677875518799
canonical_single_assay,scaffold,ecfp_xgb,20260913,CHEMBL5957211,7.480172006224281,7.5350213050842285
canonical_single_assay,scaffold,ecfp_xgb,20260913,CHEMBL5969695,7.259637310505756,7.1975932121276855
canonical_single_assay,scaffold,ecfp_xgb,20260913,CHEMBL5974575,7.34008379993015,7.117647647857666
canonical_single_assay,scaffold,ecfp_xgb,20260913,CHEMBL5985038,7.400116927926312,6.723742485046387
canonical_single_assay,scaffold,ecfp_xgb,20260913,CHEMBL5997576,7.259637310505756,7.461422920227051
canonical_single_assay,scaffold,ecfp_xgb,20260913,CHEMBL6030711,7.199970640755866,6.961758613586426
canonical_single_assay,scaffold,ecfp_xgb,20260913,CHEMBL6032013,7.279840696594043,7.096259593963623
canonical_single_assay,scaffold,ecfp_xgb,20260913,CHEMBL6034162,7.369572124974976,7.45252799987793
canonical_single_assay,scaffold,ecfp_xgb,20260913,CHEMBL6035580,7.179798540514359,7.195019245147705
canonical_single_assay,random,mean,20260914,CHEMBL3623462,6.640164517660112,6.6473543617503745
canonical_single_assay,random,mean,20260914,CHEMBL5749645,6.690369832574102,6.6473543617503745
canonical_single_assay,random,mean,20260914,CHEMBL5788711,7.449771646944906,6.6473543617503745
canonical_single_assay,random,mean,20260914,CHEMBL5788930,6.991399828238082,6.6473543617503745
canonical_single_assay,random,mean,20260914,CHEMBL5803121,6.259637310505756,6.6473543617503745
canonical_single_assay,random,mean,20260914,CHEMBL5811059,6.718966632752273,6.6473543617503745
canonical_single_assay,random,mean,20260914,CHEMBL5855781,7.259637310505756,6.6473543617503745
canonical_single_assay,random,mean,20260914,CHEMBL5874193,5.789949150124863,6.6473543617503745
canonical_single_assay,random,mean,20260914,CHEMBL5892433,7.019996628416254,6.6473543617503745
canonical_single_assay,random,mean,20260914,CHEMBL5917086,6.624244974864979,6.6473543617503745
canonical_single_assay,random,mean,20260914,CHEMBL5917748,6.801342913045577,6.6473543617503745
canonical_single_assay,random,mean,20260914,CHEMBL5938748,6.790484985457369,6.6473543617503745
canonical_single_assay,random,mean,20260914,CHEMBL5957211,7.480172006224281,6.6473543617503745
canonical_single_assay,random,mean,20260914,CHEMBL5974575,7.34008379993015,6.6473543617503745
canonical_single_assay,random,mean,20260914,CHEMBL5976657,7.089909454405932,6.6473543617503745
canonical_single_assay,random,mean,20260914,CHEMBL5977971,7.34008379993015,6.6473543617503745
canonical_single_assay,random,mean,20260914,CHEMBL6030711,7.199970640755866,6.6473543617503745
canonical_single_assay,random,mean,20260914,CHEMBL6032013,7.279840696594043,6.6473543617503745
canonical_single_assay,random,mean,20260914,CHEMBL6039031,7.1598939055432425,6.6473543617503745
canonical_single_assay,random,mean,20260914,CHEMBL6040423,5.36997914888659,6.6473543617503745
canonical_single_assay,random,median,20260914,CHEMBL3623462,6.640164517660112,6.785188448708658
canonical_single_assay,random,median,20260914,CHEMBL5749645,6.690369832574102,6.785188448708658
canonical_single_assay,random,median,20260914,CHEMBL5788711,7.449771646944906,6.785188448708658
canonical_single_assay,random,median,20260914,CHEMBL5788930,6.991399828238082,6.785188448708658
canonical_single_assay,random,median,20260914,CHEMBL5803121,6.259637310505756,6.785188448708658
canonical_single_assay,random,median,20260914,CHEMBL5811059,6.718966632752273,6.785188448708658
canonical_single_assay,random,median,20260914,CHEMBL5855781,7.259637310505756,6.785188448708658
canonical_single_assay,random,median,20260914,CHEMBL5874193,5.789949150124863,6.785188448708658
canonical_single_assay,random,median,20260914,CHEMBL5892433,7.019996628416254,6.785188448708658
canonical_single_assay,random,median,20260914,CHEMBL5917086,6.624244974864979,6.785188448708658
canonical_single_assay,random,median,20260914,CHEMBL5917748,6.801342913045577,6.785188448708658
canonical_single_assay,random,median,20260914,CHEMBL5938748,6.790484985457369,6.785188448708658
canonical_single_assay,random,median,20260914,CHEMBL5957211,7.480172006224281,6.785188448708658
canonical_single_assay,random,median,20260914,CHEMBL5974575,7.34008379993015,6.785188448708658
canonical_single_assay,random,median,20260914,CHEMBL5976657,7.089909454405932,6.785188448708658
canonical_single_assay,random,median,20260914,CHEMBL5977971,7.34008379993015,6.785188448708658
canonical_single_assay,random,median,20260914,CHEMBL6030711,7.199970640755866,6.785188448708658
canonical_single_assay,random,median,20260914,CHEMBL6032013,7.279840696594043,6.785188448708658
canonical_single_assay,random,median,20260914,CHEMBL6039031,7.1598939055432425,6.785188448708658
canonical_single_assay,random,median,20260914,CHEMBL6040423,5.36997914888659,6.785188448708658
canonical_single_assay,random,descriptor_rf,20260914,CHEMBL3623462,6.640164517660112,6.690879063274467
canonical_single_assay,random,descriptor_rf,20260914,CHEMBL5749645,6.690369832574102,5.8378545872048475
canonical_single_assay,random,descriptor_rf,20260914,CHEMBL5788711,7.449771646944906,7.363936733670981
canonical_single_assay,random,descriptor_rf,20260914,CHEMBL5788930,6.991399828238082,6.772244903330093
canonical_single_assay,random,descriptor_rf,20260914,CHEMBL5803121,6.259637310505756,6.610196717464136
canonical_single_assay,random,descriptor_rf,20260914,CHEMBL5811059,6.718966632752273,6.565296122335582
canonical_single_assay,random,descriptor_rf,20260914,CHEMBL5855781,7.259637310505756,6.990455737055315
canonical_single_assay,random,descriptor_rf,20260914,CHEMBL5874193,5.789949150124863,6.192647004779337
canonical_single_assay,random,descriptor_rf,20260914,CHEMBL5892433,7.019996628416254,6.8167546459962685
canonical_single_assay,random,descriptor_rf,20260914,CHEMBL5917086,6.624244974864979,6.4719768406138325
canonical_single_assay,random,descriptor_rf,20260914,CHEMBL5917748,6.801342913045577,7.100894363893905
canonical_single_assay,random,descriptor_rf,20260914,CHEMBL5938748,6.790484985457369,6.617818829628721
canonical_single_assay,random,descriptor_rf,20260914,CHEMBL5957211,7.480172006224281,7.363936733670981
canonical_single_assay,random,descriptor_rf,20260914,CHEMBL5974575,7.34008379993015,6.990455737055315
canonical_single_assay,random,descriptor_rf,20260914,CHEMBL5976657,7.089909454405932,6.407612302781592
canonical_single_assay,random,descriptor_rf,20260914,CHEMBL5977971,7.34008379993015,6.630324201769698
canonical_single_assay,random,descriptor_rf,20260914,CHEMBL6030711,7.199970640755866,7.09886527950925
canonical_single_assay,random,descriptor_rf,20260914,CHEMBL6032013,7.279840696594043,7.195992003293625
canonical_single_assay,random,descriptor_rf,20260914,CHEMBL6039031,7.1598939055432425,6.809564732823399
canonical_single_assay,random,descriptor_rf,20260914,CHEMBL6040423,5.36997914888659,5.6795998473559814
canonical_single_assay,random,ecfp_rf,20260914,CHEMBL3623462,6.640164517660112,6.2982337239512525
canonical_single_assay,random,ecfp_rf,20260914,CHEMBL5749645,6.690369832574102,6.3559805947126655
canonical_single_assay,random,ecfp_rf,20260914,CHEMBL5788711,7.449771646944906,7.167794894899436
canonical_single_assay,random,ecfp_rf,20260914,CHEMBL5788930,6.991399828238082,6.859674587421215
canonical_single_assay,random,ecfp_rf,20260914,CHEMBL5803121,6.259637310505756,6.55201735225355
canonical_single_assay,random,ecfp_rf,20260914,CHEMBL5811059,6.718966632752273,6.299255878503317
canonical_single_assay,random,ecfp_rf,20260914,CHEMBL5855781,7.259637310505756,6.902231101935128
canonical_single_assay,random,ecfp_rf,20260914,CHEMBL5874193,5.789949150124863,6.1702315792636755
canonical_single_assay,random,ecfp_rf,20260914,CHEMBL5892433,7.019996628416254,6.776577621073809
canonical_single_assay,random,ecfp_rf,20260914,CHEMBL5917086,6.624244974864979,6.751120881511694
canonical_single_assay,random,ecfp_rf,20260914,CHEMBL5917748,6.801342913045577,6.679734645441846
canonical_single_assay,random,ecfp_rf,20260914,CHEMBL5938748,6.790484985457369,6.65501180164707
canonical_single_assay,random,ecfp_rf,20260914,CHEMBL5957211,7.480172006224281,7.037390705568756
canonical_single_assay,random,ecfp_rf,20260914,CHEMBL5974575,7.34008379993015,6.761389207918969
canonical_single_assay,random,ecfp_rf,20260914,CHEMBL5976657,7.089909454405932,6.701108417516325
canonical_single_assay,random,ecfp_rf,20260914,CHEMBL5977971,7.34008379993015,6.625056874432375
canonical_single_assay,random,ecfp_rf,20260914,CHEMBL6030711,7.199970640755866,7.031403369184964
canonical_single_assay,random,ecfp_rf,20260914,CHEMBL6032013,7.279840696594043,6.853768068098768
canonical_single_assay,random,ecfp_rf,20260914,CHEMBL6039031,7.1598939055432425,6.496290890256852
canonical_single_assay,random,ecfp_rf,20260914,CHEMBL6040423,5.36997914888659,6.177107632281498
canonical_single_assay,random,ecfp_ridge,20260914,CHEMBL3623462,6.640164517660112,6.341888904571533
canonical_single_assay,random,ecfp_ridge,20260914,CHEMBL5749645,6.690369832574102,6.680241584777832
canonical_single_assay,random,ecfp_ridge,20260914,CHEMBL5788711,7.449771646944906,7.3700385093688965
canonical_single_assay,random,ecfp_ridge,20260914,CHEMBL5788930,6.991399828238082,6.765530586242676
canonical_single_assay,random,ecfp_ridge,20260914,CHEMBL5803121,6.259637310505756,6.347870349884033
canonical_single_assay,random,ecfp_ridge,20260914,CHEMBL5811059,6.718966632752273,5.841973304748535
canonical_single_assay,random,ecfp_ridge,20260914,CHEMBL5855781,7.259637310505756,7.504364967346191
canonical_single_assay,random,ecfp_ridge,20260914,CHEMBL5874193,5.789949150124863,5.80398416519165
canonical_single_assay,random,ecfp_ridge,20260914,CHEMBL5892433,7.019996628416254,6.96645975112915
canonical_single_assay,random,ecfp_ridge,20260914,CHEMBL5917086,6.624244974864979,6.605534076690674
canonical_single_assay,random,ecfp_ridge,20260914,CHEMBL5917748,6.801342913045577,6.9526214599609375
canonical_single_assay,random,ecfp_ridge,20260914,CHEMBL5938748,6.790484985457369,6.630671501159668
canonical_single_assay,random,ecfp_ridge,20260914,CHEMBL5957211,7.480172006224281,7.821655750274658
canonical_single_assay,random,ecfp_ridge,20260914,CHEMBL5974575,7.34008379993015,7.336198329925537
canonical_single_assay,random,ecfp_ridge,20260914,CHEMBL5976657,7.089909454405932,7.008996963500977
canonical_single_assay,random,ecfp_ridge,20260914,CHEMBL5977971,7.34008379993015,7.50609016418457
canonical_single_assay,random,ecfp_ridge,20260914,CHEMBL6030711,7.199970640755866,7.098972797393799
canonical_single_assay,random,ecfp_ridge,20260914,CHEMBL6032013,7.279840696594043,7.4905266761779785
canonical_single_assay,random,ecfp_ridge,20260914,CHEMBL6039031,7.1598939055432425,7.223132610321045
canonical_single_assay,random,ecfp_ridge,20260914,CHEMBL6040423,5.36997914888659,5.677555084228516
canonical_single_assay,random,ecfp_xgb,20260914,CHEMBL3623462,6.640164517660112,5.9903788566589355
canonical_single_assay,random,ecfp_xgb,20260914,CHEMBL5749645,6.690369832574102,6.537296772003174
canonical_single_assay,random,ecfp_xgb,20260914,CHEMBL5788711,7.449771646944906,7.469307899475098
canonical_single_assay,random,ecfp_xgb,20260914,CHEMBL5788930,6.991399828238082,6.833802223205566
canonical_single_assay,random,ecfp_xgb,20260914,CHEMBL5803121,6.259637310505756,6.233745574951172
canonical_single_assay,random,ecfp_xgb,20260914,CHEMBL5811059,6.718966632752273,6.056654453277588
canonical_single_assay,random,ecfp_xgb,20260914,CHEMBL5855781,7.259637310505756,7.242834091186523
canonical_single_assay,random,ecfp_xgb,20260914,CHEMBL5874193,5.789949150124863,6.003908157348633
canonical_single_assay,random,ecfp_xgb,20260914,CHEMBL5892433,7.019996628416254,6.923864364624023
canonical_single_assay,random,ecfp_xgb,20260914,CHEMBL5917086,6.624244974864979,6.713541507720947
canonical_single_assay,random,ecfp_xgb,20260914,CHEMBL5917748,6.801342913045577,6.744147300720215
canonical_single_assay,random,ecfp_xgb,20260914,CHEMBL5938748,6.790484985457369,6.786431312561035
canonical_single_assay,random,ecfp_xgb,20260914,CHEMBL5957211,7.480172006224281,7.538485527038574
canonical_single_assay,random,ecfp_xgb,20260914,CHEMBL5974575,7.34008379993015,7.072446823120117
canonical_single_assay,random,ecfp_xgb,20260914,CHEMBL5976657,7.089909454405932,6.97498083114624
canonical_single_assay,random,ecfp_xgb,20260914,CHEMBL5977971,7.34008379993015,7.324212074279785
canonical_single_assay,random,ecfp_xgb,20260914,CHEMBL6030711,7.199970640755866,7.09036922454834
canonical_single_assay,random,ecfp_xgb,20260914,CHEMBL6032013,7.279840696594043,7.4229888916015625
canonical_single_assay,random,ecfp_xgb,20260914,CHEMBL6039031,7.1598939055432425,6.798644065856934
canonical_single_assay,random,ecfp_xgb,20260914,CHEMBL6040423,5.36997914888659,5.909947872161865
canonical_single_assay,scaffold,mean,20260914,CHEMBL3617743,6.749579997691106,6.695201607906194
canonical_single_assay,scaffold,mean,20260914,CHEMBL3617745,5.230032198670558,6.695201607906194
canonical_single_assay,scaffold,mean,20260914,CHEMBL3623462,6.640164517660112,6.695201607906194
canonical_single_assay,scaffold,mean,20260914,CHEMBL5758153,5.700057099977233,6.695201607906194
canonical_single_assay,scaffold,mean,20260914,CHEMBL5768401,6.920818753952375,6.695201607906194
canonical_single_assay,scaffold,mean,20260914,CHEMBL5779572,6.100179497572904,6.695201607906194
canonical_single_assay,scaffold,mean,20260914,CHEMBL5786448,5.3799681048737025,6.695201607906194
canonical_single_assay,scaffold,mean,20260914,CHEMBL5788711,7.449771646944906,6.695201607906194
canonical_single_assay,scaffold,mean,20260914,CHEMBL5822742,7.549750891680639,6.695201607906194
canonical_single_assay,scaffold,mean,20260914,CHEMBL5824348,7.519993057042849,6.695201607906194
canonical_single_assay,scaffold,mean,20260914,CHEMBL5827707,7.39040559077478,6.695201607906194
canonical_single_assay,scaffold,mean,20260914,CHEMBL5845249,6.480172006224281,6.695201607906194
canonical_single_assay,scaffold,mean,20260914,CHEMBL5892433,7.019996628416254,6.695201607906194
canonical_single_assay,scaffold,mean,20260914,CHEMBL5922011,7.4698003017969175,6.695201607906194
canonical_single_assay,scaffold,mean,20260914,CHEMBL5929792,6.619788758288394,6.695201607906194
canonical_single_assay,scaffold,mean,20260914,CHEMBL5976657,7.089909454405932,6.695201607906194
canonical_single_assay,scaffold,mean,20260914,CHEMBL5985038,7.400116927926312,6.695201607906194
canonical_single_assay,scaffold,mean,20260914,CHEMBL5993582,5.250031916490597,6.695201607906194
canonical_single_assay,scaffold,mean,20260914,CHEMBL6003285,7.459670525209126,6.695201607906194
canonical_single_assay,scaffold,mean,20260914,CHEMBL6032013,7.279840696594043,6.695201607906194
canonical_single_assay,scaffold,mean,20260914,CHEMBL6039031,7.1598939055432425,6.695201607906194
canonical_single_assay,scaffold,mean,20260914,CHEMBL6052926,5.189969213594161,6.695201607906194
canonical_single_assay,scaffold,median,20260914,CHEMBL3617743,6.749579997691106,6.795913949251473
canonical_single_assay,scaffold,median,20260914,CHEMBL3617745,5.230032198670558,6.795913949251473
canonical_single_assay,scaffold,median,20260914,CHEMBL3623462,6.640164517660112,6.795913949251473
canonical_single_assay,scaffold,median,20260914,CHEMBL5758153,5.700057099977233,6.795913949251473
canonical_single_assay,scaffold,median,20260914,CHEMBL5768401,6.920818753952375,6.795913949251473
canonical_single_assay,scaffold,median,20260914,CHEMBL5779572,6.100179497572904,6.795913949251473
canonical_single_assay,scaffold,median,20260914,CHEMBL5786448,5.3799681048737025,6.795913949251473
canonical_single_assay,scaffold,median,20260914,CHEMBL5788711,7.449771646944906,6.795913949251473
canonical_single_assay,scaffold,median,20260914,CHEMBL5822742,7.549750891680639,6.795913949251473
canonical_single_assay,scaffold,median,20260914,CHEMBL5824348,7.519993057042849,6.795913949251473
canonical_single_assay,scaffold,median,20260914,CHEMBL5827707,7.39040559077478,6.795913949251473
canonical_single_assay,scaffold,median,20260914,CHEMBL5845249,6.480172006224281,6.795913949251473
canonical_single_assay,scaffold,median,20260914,CHEMBL5892433,7.019996628416254,6.795913949251473
canonical_single_assay,scaffold,median,20260914,CHEMBL5922011,7.4698003017969175,6.795913949251473
canonical_single_assay,scaffold,median,20260914,CHEMBL5929792,6.619788758288394,6.795913949251473
canonical_single_assay,scaffold,median,20260914,CHEMBL5976657,7.089909454405932,6.795913949251473
canonical_single_assay,scaffold,median,20260914,CHEMBL5985038,7.400116927926312,6.795913949251473
canonical_single_assay,scaffold,median,20260914,CHEMBL5993582,5.250031916490597,6.795913949251473
canonical_single_assay,scaffold,median,20260914,CHEMBL6003285,7.459670525209126,6.795913949251473
canonical_single_assay,scaffold,median,20260914,CHEMBL6032013,7.279840696594043,6.795913949251473
canonical_single_assay,scaffold,median,20260914,CHEMBL6039031,7.1598939055432425,6.795913949251473
canonical_single_assay,scaffold,median,20260914,CHEMBL6052926,5.189969213594161,6.795913949251473
canonical_single_assay,scaffold,descriptor_rf,20260914,CHEMBL3617743,6.749579997691106,6.73648172277135
canonical_single_assay,scaffold,descriptor_rf,20260914,CHEMBL3617745,5.230032198670558,6.234989392052418
canonical_single_assay,scaffold,descriptor_rf,20260914,CHEMBL3623462,6.640164517660112,6.769261820520343
canonical_single_assay,scaffold,descriptor_rf,20260914,CHEMBL5758153,5.700057099977233,6.318945130151732
canonical_single_assay,scaffold,descriptor_rf,20260914,CHEMBL5768401,6.920818753952375,6.658336264074337
canonical_single_assay,scaffold,descriptor_rf,20260914,CHEMBL5779572,6.100179497572904,6.471932979442479
canonical_single_assay,scaffold,descriptor_rf,20260914,CHEMBL5786448,5.3799681048737025,6.468152140476835
canonical_single_assay,scaffold,descriptor_rf,20260914,CHEMBL5788711,7.449771646944906,7.335701238944299
canonical_single_assay,scaffold,descriptor_rf,20260914,CHEMBL5822742,7.549750891680639,7.100073090746216
canonical_single_assay,scaffold,descriptor_rf,20260914,CHEMBL5824348,7.519993057042849,6.934179412676631
canonical_single_assay,scaffold,descriptor_rf,20260914,CHEMBL5827707,7.39040559077478,6.913355044139083
canonical_single_assay,scaffold,descriptor_rf,20260914,CHEMBL5845249,6.480172006224281,6.471932979442479
canonical_single_assay,scaffold,descriptor_rf,20260914,CHEMBL5892433,7.019996628416254,6.73648172277135
canonical_single_assay,scaffold,descriptor_rf,20260914,CHEMBL5922011,7.4698003017969175,7.2561040160012364
canonical_single_assay,scaffold,descriptor_rf,20260914,CHEMBL5929792,6.619788758288394,6.763098234179967
canonical_single_assay,scaffold,descriptor_rf,20260914,CHEMBL5976657,7.089909454405932,6.620522861175205
canonical_single_assay,scaffold,descriptor_rf,20260914,CHEMBL5985038,7.400116927926312,6.936432335233669
canonical_single_assay,scaffold,descriptor_rf,20260914,CHEMBL5993582,5.250031916490597,6.468152140476835
canonical_single_assay,scaffold,descriptor_rf,20260914,CHEMBL6003285,7.459670525209126,7.100073090746216
canonical_single_assay,scaffold,descriptor_rf,20260914,CHEMBL6032013,7.279840696594043,7.0543772958955255
canonical_single_assay,scaffold,descriptor_rf,20260914,CHEMBL6039031,7.1598939055432425,6.775575856724029
canonical_single_assay,scaffold,descriptor_rf,20260914,CHEMBL6052926,5.189969213594161,6.234989392052418
canonical_single_assay,scaffold,ecfp_rf,20260914,CHEMBL3617743,6.749579997691106,6.505184525405092
canonical_single_assay,scaffold,ecfp_rf,20260914,CHEMBL3617745,5.230032198670558,6.48480170819577
canonical_single_assay,scaffold,ecfp_rf,20260914,CHEMBL3623462,6.640164517660112,6.5039343462421835
canonical_single_assay,scaffold,ecfp_rf,20260914,CHEMBL5758153,5.700057099977233,6.321177246158298
canonical_single_assay,scaffold,ecfp_rf,20260914,CHEMBL5768401,6.920818753952375,6.918664231958285
canonical_single_assay,scaffold,ecfp_rf,20260914,CHEMBL5779572,6.100179497572904,6.632176994509544
canonical_single_assay,scaffold,ecfp_rf,20260914,CHEMBL5786448,5.3799681048737025,6.221535372398996
canonical_single_assay,scaffold,ecfp_rf,20260914,CHEMBL5788711,7.449771646944906,6.980920423061665
canonical_single_assay,scaffold,ecfp_rf,20260914,CHEMBL5822742,7.549750891680639,6.760895214658887
canonical_single_assay,scaffold,ecfp_rf,20260914,CHEMBL5824348,7.519993057042849,6.920390010536204
canonical_single_assay,scaffold,ecfp_rf,20260914,CHEMBL5827707,7.39040559077478,6.633962010114974
canonical_single_assay,scaffold,ecfp_rf,20260914,CHEMBL5845249,6.480172006224281,6.567386963225889
canonical_single_assay,scaffold,ecfp_rf,20260914,CHEMBL5892433,7.019996628416254,6.67573023038291
canonical_single_assay,scaffold,ecfp_rf,20260914,CHEMBL5922011,7.4698003017969175,6.978406202979921
canonical_single_assay,scaffold,ecfp_rf,20260914,CHEMBL5929792,6.619788758288394,6.716794214197734
canonical_single_assay,scaffold,ecfp_rf,20260914,CHEMBL5976657,7.089909454405932,6.736259937215961
canonical_single_assay,scaffold,ecfp_rf,20260914,CHEMBL5985038,7.400116927926312,6.679211522258772
canonical_single_assay,scaffold,ecfp_rf,20260914,CHEMBL5993582,5.250031916490597,6.263919160722692
canonical_single_assay,scaffold,ecfp_rf,20260914,CHEMBL6003285,7.459670525209126,6.560616105880612
canonical_single_assay,scaffold,ecfp_rf,20260914,CHEMBL6032013,7.279840696594043,6.8852595111687
canonical_single_assay,scaffold,ecfp_rf,20260914,CHEMBL6039031,7.1598939055432425,6.639911560349716
canonical_single_assay,scaffold,ecfp_rf,20260914,CHEMBL6052926,5.189969213594161,6.419408356653689
canonical_single_assay,scaffold,ecfp_ridge,20260914,CHEMBL3617743,6.749579997691106,6.6930317878723145
canonical_single_assay,scaffold,ecfp_ridge,20260914,CHEMBL3617745,5.230032198670558,5.652142524719238
canonical_single_assay,scaffold,ecfp_ridge,20260914,CHEMBL3623462,6.640164517660112,6.5793609619140625
canonical_single_assay,scaffold,ecfp_ridge,20260914,CHEMBL5758153,5.700057099977233,5.976561546325684
canonical_single_assay,scaffold,ecfp_ridge,20260914,CHEMBL5768401,6.920818753952375,6.879208564758301
canonical_single_assay,scaffold,ecfp_ridge,20260914,CHEMBL5779572,6.100179497572904,5.90263557434082
canonical_single_assay,scaffold,ecfp_ridge,20260914,CHEMBL5786448,5.3799681048737025,5.66565465927124
canonical_single_assay,scaffold,ecfp_ridge,20260914,CHEMBL5788711,7.449771646944906,7.085023880004883
canonical_single_assay,scaffold,ecfp_ridge,20260914,CHEMBL5822742,7.549750891680639,6.878513336181641
canonical_single_assay,scaffold,ecfp_ridge,20260914,CHEMBL5824348,7.519993057042849,6.93533992767334
canonical_single_assay,scaffold,ecfp_ridge,20260914,CHEMBL5827707,7.39040559077478,6.64865779876709
canonical_single_assay,scaffold,ecfp_ridge,20260914,CHEMBL5845249,6.480172006224281,6.553662300109863
canonical_single_assay,scaffold,ecfp_ridge,20260914,CHEMBL5892433,7.019996628416254,6.658302307128906
canonical_single_assay,scaffold,ecfp_ridge,20260914,CHEMBL5922011,7.4698003017969175,7.072138786315918
canonical_single_assay,scaffold,ecfp_ridge,20260914,CHEMBL5929792,6.619788758288394,6.341914176940918
canonical_single_assay,scaffold,ecfp_ridge,20260914,CHEMBL5976657,7.089909454405932,6.908397674560547
canonical_single_assay,scaffold,ecfp_ridge,20260914,CHEMBL5985038,7.400116927926312,6.855576992034912
canonical_single_assay,scaffold,ecfp_ridge,20260914,CHEMBL5993582,5.250031916490597,5.9496917724609375
canonical_single_assay,scaffold,ecfp_ridge,20260914,CHEMBL6003285,7.459670525209126,6.8616533279418945
canonical_single_assay,scaffold,ecfp_ridge,20260914,CHEMBL6032013,7.279840696594043,7.286494731903076
canonical_single_assay,scaffold,ecfp_ridge,20260914,CHEMBL6039031,7.1598939055432425,7.032177925109863
canonical_single_assay,scaffold,ecfp_ridge,20260914,CHEMBL6052926,5.189969213594161,5.857098579406738
canonical_single_assay,scaffold,ecfp_xgb,20260914,CHEMBL3617743,6.749579997691106,6.200903415679932
canonical_single_assay,scaffold,ecfp_xgb,20260914,CHEMBL3617745,5.230032198670558,6.043949604034424
canonical_single_assay,scaffold,ecfp_xgb,20260914,CHEMBL3623462,6.640164517660112,6.702784061431885
canonical_single_assay,scaffold,ecfp_xgb,20260914,CHEMBL5758153,5.700057099977233,5.889141082763672
canonical_single_assay,scaffold,ecfp_xgb,20260914,CHEMBL5768401,6.920818753952375,6.976202964782715
canonical_single_assay,scaffold,ecfp_xgb,20260914,CHEMBL5779572,6.100179497572904,6.325135707855225
canonical_single_assay,scaffold,ecfp_xgb,20260914,CHEMBL5786448,5.3799681048737025,5.334825038909912
canonical_single_assay,scaffold,ecfp_xgb,20260914,CHEMBL5788711,7.449771646944906,7.1445631980896
canonical_single_assay,scaffold,ecfp_xgb,20260914,CHEMBL5822742,7.549750891680639,7.056066036224365
canonical_single_assay,scaffold,ecfp_xgb,20260914,CHEMBL5824348,7.519993057042849,6.96436071395874
canonical_single_assay,scaffold,ecfp_xgb,20260914,CHEMBL5827707,7.39040559077478,6.913628578186035
canonical_single_assay,scaffold,ecfp_xgb,20260914,CHEMBL5845249,6.480172006224281,6.91182279586792
canonical_single_assay,scaffold,ecfp_xgb,20260914,CHEMBL5892433,7.019996628416254,6.572387218475342
canonical_single_assay,scaffold,ecfp_xgb,20260914,CHEMBL5922011,7.4698003017969175,7.136053562164307
canonical_single_assay,scaffold,ecfp_xgb,20260914,CHEMBL5929792,6.619788758288394,6.371769428253174
canonical_single_assay,scaffold,ecfp_xgb,20260914,CHEMBL5976657,7.089909454405932,6.932316780090332
canonical_single_assay,scaffold,ecfp_xgb,20260914,CHEMBL5985038,7.400116927926312,6.7963786125183105
canonical_single_assay,scaffold,ecfp_xgb,20260914,CHEMBL5993582,5.250031916490597,5.799520015716553
canonical_single_assay,scaffold,ecfp_xgb,20260914,CHEMBL6003285,7.459670525209126,6.551776885986328
canonical_single_assay,scaffold,ecfp_xgb,20260914,CHEMBL6032013,7.279840696594043,7.189655780792236
canonical_single_assay,scaffold,ecfp_xgb,20260914,CHEMBL6039031,7.1598939055432425,7.194723129272461
canonical_single_assay,scaffold,ecfp_xgb,20260914,CHEMBL6052926,5.189969213594161,6.397650241851807
canonical_single_assay,random,mean,20260915,CHEMBL5750822,7.11975822410452,6.741638761686554
canonical_single_assay,random,mean,20260915,CHEMBL5767579,6.779891911959945,6.741638761686554
canonical_single_assay,random,mean,20260915,CHEMBL5768401,6.920818753952375,6.741638761686554
canonical_single_assay,random,mean,20260915,CHEMBL5802991,7.050122295963125,6.741638761686554
canonical_single_assay,random,mean,20260915,CHEMBL5811059,6.718966632752273,6.741638761686554
canonical_single_assay,random,mean,20260915,CHEMBL5829181,6.991399828238082,6.741638761686554
canonical_single_assay,random,mean,20260915,CHEMBL5838148,5.669992299127241,6.741638761686554
canonical_single_assay,random,mean,20260915,CHEMBL5865379,6.939302159646388,6.741638761686554
canonical_single_assay,random,mean,20260915,CHEMBL5874193,5.789949150124863,6.741638761686554
canonical_single_assay,random,mean,20260915,CHEMBL5876796,6.199970640755866,6.741638761686554
canonical_single_assay,random,mean,20260915,CHEMBL5880138,5.739928612014925,6.741638761686554
canonical_single_assay,random,mean,20260915,CHEMBL5881362,7.1700533040583645,6.741638761686554
canonical_single_assay,random,mean,20260915,CHEMBL5902131,6.219682687859849,6.741638761686554
canonical_single_assay,random,mean,20260915,CHEMBL5929792,6.619788758288394,6.741638761686554
canonical_single_assay,random,mean,20260915,CHEMBL5932516,5.320027305722581,6.741638761686554
canonical_single_assay,random,mean,20260915,CHEMBL5944042,6.110138278741812,6.741638761686554
canonical_single_assay,random,mean,20260915,CHEMBL5974575,7.34008379993015,6.741638761686554
canonical_single_assay,random,mean,20260915,CHEMBL5990353,7.100179497572904,6.741638761686554
canonical_single_assay,random,mean,20260915,CHEMBL6051120,7.140261433802853,6.741638761686554
canonical_single_assay,random,mean,20260915,CHEMBL6052926,5.189969213594161,6.741638761686554
canonical_single_assay,random,median,20260915,CHEMBL5750822,7.11975822410452,6.815345677268269
canonical_single_assay,random,median,20260915,CHEMBL5767579,6.779891911959945,6.815345677268269
canonical_single_assay,random,median,20260915,CHEMBL5768401,6.920818753952375,6.815345677268269
canonical_single_assay,random,median,20260915,CHEMBL5802991,7.050122295963125,6.815345677268269
canonical_single_assay,random,median,20260915,CHEMBL5811059,6.718966632752273,6.815345677268269
canonical_single_assay,random,median,20260915,CHEMBL5829181,6.991399828238082,6.815345677268269
canonical_single_assay,random,median,20260915,CHEMBL5838148,5.669992299127241,6.815345677268269
canonical_single_assay,random,median,20260915,CHEMBL5865379,6.939302159646388,6.815345677268269
canonical_single_assay,random,median,20260915,CHEMBL5874193,5.789949150124863,6.815345677268269
canonical_single_assay,random,median,20260915,CHEMBL5876796,6.199970640755866,6.815345677268269
canonical_single_assay,random,median,20260915,CHEMBL5880138,5.739928612014925,6.815345677268269
canonical_single_assay,random,median,20260915,CHEMBL5881362,7.1700533040583645,6.815345677268269
canonical_single_assay,random,median,20260915,CHEMBL5902131,6.219682687859849,6.815345677268269
canonical_single_assay,random,median,20260915,CHEMBL5929792,6.619788758288394,6.815345677268269
canonical_single_assay,random,median,20260915,CHEMBL5932516,5.320027305722581,6.815345677268269
canonical_single_assay,random,median,20260915,CHEMBL5944042,6.110138278741812,6.815345677268269
canonical_single_assay,random,median,20260915,CHEMBL5974575,7.34008379993015,6.815345677268269
canonical_single_assay,random,median,20260915,CHEMBL5990353,7.100179497572904,6.815345677268269
canonical_single_assay,random,median,20260915,CHEMBL6051120,7.140261433802853,6.815345677268269
canonical_single_assay,random,median,20260915,CHEMBL6052926,5.189969213594161,6.815345677268269
canonical_single_assay,random,descriptor_rf,20260915,CHEMBL5750822,7.11975822410452,7.184613733033007
canonical_single_assay,random,descriptor_rf,20260915,CHEMBL5767579,6.779891911959945,6.7887338438295135
canonical_single_assay,random,descriptor_rf,20260915,CHEMBL5768401,6.920818753952375,6.8221987275802665
canonical_single_assay,random,descriptor_rf,20260915,CHEMBL5802991,7.050122295963125,5.790279737621097
canonical_single_assay,random,descriptor_rf,20260915,CHEMBL5811059,6.718966632752273,6.80637290939913
canonical_single_assay,random,descriptor_rf,20260915,CHEMBL5829181,6.991399828238082,7.057066044090256
canonical_single_assay,random,descriptor_rf,20260915,CHEMBL5838148,5.669992299127241,6.80637290939913
canonical_single_assay,random,descriptor_rf,20260915,CHEMBL5865379,6.939302159646388,6.924792193042087
canonical_single_assay,random,descriptor_rf,20260915,CHEMBL5874193,5.789949150124863,6.203036719555582
canonical_single_assay,random,descriptor_rf,20260915,CHEMBL5876796,6.199970640755866,6.737939237749106
canonical_single_assay,random,descriptor_rf,20260915,CHEMBL5880138,5.739928612014925,6.184831263005507
canonical_single_assay,random,descriptor_rf,20260915,CHEMBL5881362,7.1700533040583645,5.790279737621097
canonical_single_assay,random,descriptor_rf,20260915,CHEMBL5902131,6.219682687859849,6.6980777044191235
canonical_single_assay,random,descriptor_rf,20260915,CHEMBL5929792,6.619788758288394,6.752888617984778
canonical_single_assay,random,descriptor_rf,20260915,CHEMBL5932516,5.320027305722581,5.913812561360555
canonical_single_assay,random,descriptor_rf,20260915,CHEMBL5944042,6.110138278741812,6.161476286284932
canonical_single_assay,random,descriptor_rf,20260915,CHEMBL5974575,7.34008379993015,7.208083524293308
canonical_single_assay,random,descriptor_rf,20260915,CHEMBL5990353,7.100179497572904,7.161480929556438
canonical_single_assay,random,descriptor_rf,20260915,CHEMBL6051120,7.140261433802853,7.069796338836386
canonical_single_assay,random,descriptor_rf,20260915,CHEMBL6052926,5.189969213594161,5.83592493202242
canonical_single_assay,random,ecfp_rf,20260915,CHEMBL5750822,7.11975822410452,6.9759685939086635
canonical_single_assay,random,ecfp_rf,20260915,CHEMBL5767579,6.779891911959945,6.5764473999454784
canonical_single_assay,random,ecfp_rf,20260915,CHEMBL5768401,6.920818753952375,6.925710721413313
canonical_single_assay,random,ecfp_rf,20260915,CHEMBL5802991,7.050122295963125,6.5258348983920795
canonical_single_assay,random,ecfp_rf,20260915,CHEMBL5811059,6.718966632752273,6.433860600152067
canonical_single_assay,random,ecfp_rf,20260915,CHEMBL5829181,6.991399828238082,6.743201223144619
canonical_single_assay,random,ecfp_rf,20260915,CHEMBL5838148,5.669992299127241,6.4969891331889125
canonical_single_assay,random,ecfp_rf,20260915,CHEMBL5865379,6.939302159646388,6.643247375671199
canonical_single_assay,random,ecfp_rf,20260915,CHEMBL5874193,5.789949150124863,6.299968836925248
canonical_single_assay,random,ecfp_rf,20260915,CHEMBL5876796,6.199970640755866,6.450827737777319
canonical_single_assay,random,ecfp_rf,20260915,CHEMBL5880138,5.739928612014925,6.18091968398674
canonical_single_assay,random,ecfp_rf,20260915,CHEMBL5881362,7.1700533040583645,6.82211524272804
canonical_single_assay,random,ecfp_rf,20260915,CHEMBL5902131,6.219682687859849,6.477735385371599
canonical_single_assay,random,ecfp_rf,20260915,CHEMBL5929792,6.619788758288394,6.767400123957747
canonical_single_assay,random,ecfp_rf,20260915,CHEMBL5932516,5.320027305722581,6.311182541877675
canonical_single_assay,random,ecfp_rf,20260915,CHEMBL5944042,6.110138278741812,6.591652399862212
canonical_single_assay,random,ecfp_rf,20260915,CHEMBL5974575,7.34008379993015,6.83820850508554
canonical_single_assay,random,ecfp_rf,20260915,CHEMBL5990353,7.100179497572904,7.011030362284556
canonical_single_assay,random,ecfp_rf,20260915,CHEMBL6051120,7.140261433802853,6.673504871502051
canonical_single_assay,random,ecfp_rf,20260915,CHEMBL6052926,5.189969213594161,6.418293867846705
canonical_single_assay,random,ecfp_ridge,20260915,CHEMBL5750822,7.11975822410452,6.895557403564453
canonical_single_assay,random,ecfp_ridge,20260915,CHEMBL5767579,6.779891911959945,6.2963972091674805
canonical_single_assay,random,ecfp_ridge,20260915,CHEMBL5768401,6.920818753952375,6.910574436187744
canonical_single_assay,random,ecfp_ridge,20260915,CHEMBL5802991,7.050122295963125,6.858512878417969
canonical_single_assay,random,ecfp_ridge,20260915,CHEMBL5811059,6.718966632752273,5.798732757568359
canonical_single_assay,random,ecfp_ridge,20260915,CHEMBL5829181,6.991399828238082,6.903454780578613
canonical_single_assay,random,ecfp_ridge,20260915,CHEMBL5838148,5.669992299127241,5.5546464920043945
canonical_single_assay,random,ecfp_ridge,20260915,CHEMBL5865379,6.939302159646388,6.914064884185791
canonical_single_assay,random,ecfp_ridge,20260915,CHEMBL5874193,5.789949150124863,6.139042854309082
canonical_single_assay,random,ecfp_ridge,20260915,CHEMBL5876796,6.199970640755866,6.6490302085876465
canonical_single_assay,random,ecfp_ridge,20260915,CHEMBL5880138,5.739928612014925,6.115099906921387
canonical_single_assay,random,ecfp_ridge,20260915,CHEMBL5881362,7.1700533040583645,6.868271827697754
canonical_single_assay,random,ecfp_ridge,20260915,CHEMBL5902131,6.219682687859849,6.587998867034912
canonical_single_assay,random,ecfp_ridge,20260915,CHEMBL5929792,6.619788758288394,6.448051929473877
canonical_single_assay,random,ecfp_ridge,20260915,CHEMBL5932516,5.320027305722581,5.54755163192749
canonical_single_assay,random,ecfp_ridge,20260915,CHEMBL5944042,6.110138278741812,6.10914945602417
canonical_single_assay,random,ecfp_ridge,20260915,CHEMBL5974575,7.34008379993015,7.349913597106934
canonical_single_assay,random,ecfp_ridge,20260915,CHEMBL5990353,7.100179497572904,7.163105010986328
canonical_single_assay,random,ecfp_ridge,20260915,CHEMBL6051120,7.140261433802853,7.158011436462402
canonical_single_assay,random,ecfp_ridge,20260915,CHEMBL6052926,5.189969213594161,5.8367228507995605
canonical_single_assay,random,ecfp_xgb,20260915,CHEMBL5750822,7.11975822410452,7.085310935974121
canonical_single_assay,random,ecfp_xgb,20260915,CHEMBL5767579,6.779891911959945,6.353384494781494
canonical_single_assay,random,ecfp_xgb,20260915,CHEMBL5768401,6.920818753952375,7.077883720397949
canonical_single_assay,random,ecfp_xgb,20260915,CHEMBL5802991,7.050122295963125,6.883697986602783
canonical_single_assay,random,ecfp_xgb,20260915,CHEMBL5811059,6.718966632752273,6.044273376464844
canonical_single_assay,random,ecfp_xgb,20260915,CHEMBL5829181,6.991399828238082,6.903497695922852
canonical_single_assay,random,ecfp_xgb,20260915,CHEMBL5838148,5.669992299127241,5.932122707366943
canonical_single_assay,random,ecfp_xgb,20260915,CHEMBL5865379,6.939302159646388,6.676718235015869
canonical_single_assay,random,ecfp_xgb,20260915,CHEMBL5874193,5.789949150124863,6.197991371154785
canonical_single_assay,random,ecfp_xgb,20260915,CHEMBL5876796,6.199970640755866,6.162801742553711
canonical_single_assay,random,ecfp_xgb,20260915,CHEMBL5880138,5.739928612014925,5.628556251525879
canonical_single_assay,random,ecfp_xgb,20260915,CHEMBL5881362,7.1700533040583645,7.087502479553223
canonical_single_assay,random,ecfp_xgb,20260915,CHEMBL5902131,6.219682687859849,6.519993782043457
canonical_single_assay,random,ecfp_xgb,20260915,CHEMBL5929792,6.619788758288394,6.456732749938965
canonical_single_assay,random,ecfp_xgb,20260915,CHEMBL5932516,5.320027305722581,5.736644268035889
canonical_single_assay,random,ecfp_xgb,20260915,CHEMBL5944042,6.110138278741812,5.895934581756592
canonical_single_assay,random,ecfp_xgb,20260915,CHEMBL5974575,7.34008379993015,7.108485698699951
canonical_single_assay,random,ecfp_xgb,20260915,CHEMBL5990353,7.100179497572904,7.097305774688721
canonical_single_assay,random,ecfp_xgb,20260915,CHEMBL6051120,7.140261433802853,6.949071407318115
canonical_single_assay,random,ecfp_xgb,20260915,CHEMBL6052926,5.189969213594161,5.975259304046631
canonical_single_assay,scaffold,mean,20260915,CHEMBL3617741,7.319664486585437,6.708079411995156
canonical_single_assay,scaffold,mean,20260915,CHEMBL3617745,5.230032198670558,6.708079411995156
canonical_single_assay,scaffold,mean,20260915,CHEMBL5749645,6.690369832574102,6.708079411995156
canonical_single_assay,scaffold,mean,20260915,CHEMBL5768401,6.920818753952375,6.708079411995156
canonical_single_assay,scaffold,mean,20260915,CHEMBL5777034,6.718966632752273,6.708079411995156
canonical_single_assay,scaffold,mean,20260915,CHEMBL5779572,6.100179497572904,6.708079411995156
canonical_single_assay,scaffold,mean,20260915,CHEMBL5802991,7.050122295963125,6.708079411995156
canonical_single_assay,scaffold,mean,20260915,CHEMBL5838148,5.669992299127241,6.708079411995156
canonical_single_assay,scaffold,mean,20260915,CHEMBL5858978,7.229884705212898,6.708079411995156
canonical_single_assay,scaffold,mean,20260915,CHEMBL5881362,7.1700533040583645,6.708079411995156
canonical_single_assay,scaffold,mean,20260915,CHEMBL5896696,6.718966632752273,6.708079411995156
canonical_single_assay,scaffold,mean,20260915,CHEMBL5929792,6.619788758288394,6.708079411995156
canonical_single_assay,scaffold,mean,20260915,CHEMBL5949442,5.860120913598763,6.708079411995156
canonical_single_assay,scaffold,mean,20260915,CHEMBL5969695,7.259637310505756,6.708079411995156
canonical_single_assay,scaffold,mean,20260915,CHEMBL5976657,7.089909454405932,6.708079411995156
canonical_single_assay,scaffold,mean,20260915,CHEMBL6056422,6.199970640755866,6.708079411995156
canonical_single_assay,scaffold,median,20260915,CHEMBL3617741,7.319664486585437,6.815345677268269
canonical_single_assay,scaffold,median,20260915,CHEMBL3617745,5.230032198670558,6.815345677268269
canonical_single_assay,scaffold,median,20260915,CHEMBL5749645,6.690369832574102,6.815345677268269
canonical_single_assay,scaffold,median,20260915,CHEMBL5768401,6.920818753952375,6.815345677268269
canonical_single_assay,scaffold,median,20260915,CHEMBL5777034,6.718966632752273,6.815345677268269
canonical_single_assay,scaffold,median,20260915,CHEMBL5779572,6.100179497572904,6.815345677268269
canonical_single_assay,scaffold,median,20260915,CHEMBL5802991,7.050122295963125,6.815345677268269
canonical_single_assay,scaffold,median,20260915,CHEMBL5838148,5.669992299127241,6.815345677268269
canonical_single_assay,scaffold,median,20260915,CHEMBL5858978,7.229884705212898,6.815345677268269
canonical_single_assay,scaffold,median,20260915,CHEMBL5881362,7.1700533040583645,6.815345677268269
canonical_single_assay,scaffold,median,20260915,CHEMBL5896696,6.718966632752273,6.815345677268269
canonical_single_assay,scaffold,median,20260915,CHEMBL5929792,6.619788758288394,6.815345677268269
canonical_single_assay,scaffold,median,20260915,CHEMBL5949442,5.860120913598763,6.815345677268269
canonical_single_assay,scaffold,median,20260915,CHEMBL5969695,7.259637310505756,6.815345677268269
canonical_single_assay,scaffold,median,20260915,CHEMBL5976657,7.089909454405932,6.815345677268269
canonical_single_assay,scaffold,median,20260915,CHEMBL6056422,6.199970640755866,6.815345677268269
canonical_single_assay,scaffold,descriptor_rf,20260915,CHEMBL3617741,7.319664486585437,6.45243521716531
canonical_single_assay,scaffold,descriptor_rf,20260915,CHEMBL3617745,5.230032198670558,5.681062119299072
canonical_single_assay,scaffold,descriptor_rf,20260915,CHEMBL5749645,6.690369832574102,5.508461931482378
canonical_single_assay,scaffold,descriptor_rf,20260915,CHEMBL5768401,6.920818753952375,6.660553041257866
canonical_single_assay,scaffold,descriptor_rf,20260915,CHEMBL5777034,6.718966632752273,6.456058015159325
canonical_single_assay,scaffold,descriptor_rf,20260915,CHEMBL5779572,6.100179497572904,6.432146496571502
canonical_single_assay,scaffold,descriptor_rf,20260915,CHEMBL5802991,7.050122295963125,5.74142938928184
canonical_single_assay,scaffold,descriptor_rf,20260915,CHEMBL5838148,5.669992299127241,6.649044173059553
canonical_single_assay,scaffold,descriptor_rf,20260915,CHEMBL5858978,7.229884705212898,6.649044173059553
canonical_single_assay,scaffold,descriptor_rf,20260915,CHEMBL5881362,7.1700533040583645,5.74142938928184
canonical_single_assay,scaffold,descriptor_rf,20260915,CHEMBL5896696,6.718966632752273,5.508461931482378
canonical_single_assay,scaffold,descriptor_rf,20260915,CHEMBL5929792,6.619788758288394,6.797532893626186
canonical_single_assay,scaffold,descriptor_rf,20260915,CHEMBL5949442,5.860120913598763,6.908059506314756
canonical_single_assay,scaffold,descriptor_rf,20260915,CHEMBL5969695,7.259637310505756,6.908059506314756
canonical_single_assay,scaffold,descriptor_rf,20260915,CHEMBL5976657,7.089909454405932,6.315835680133292
canonical_single_assay,scaffold,descriptor_rf,20260915,CHEMBL6056422,6.199970640755866,5.892765371002049
canonical_single_assay,scaffold,ecfp_rf,20260915,CHEMBL3617741,7.319664486585437,6.691113514738309
canonical_single_assay,scaffold,ecfp_rf,20260915,CHEMBL3617745,5.230032198670558,6.41013211209572
canonical_single_assay,scaffold,ecfp_rf,20260915,CHEMBL5749645,6.690369832574102,6.336440828259291
canonical_single_assay,scaffold,ecfp_rf,20260915,CHEMBL5768401,6.920818753952375,6.893593308470695
canonical_single_assay,scaffold,ecfp_rf,20260915,CHEMBL5777034,6.718966632752273,6.647992355299734
canonical_single_assay,scaffold,ecfp_rf,20260915,CHEMBL5779572,6.100179497572904,6.636870942936967
canonical_single_assay,scaffold,ecfp_rf,20260915,CHEMBL5802991,7.050122295963125,6.465866020342667
canonical_single_assay,scaffold,ecfp_rf,20260915,CHEMBL5838148,5.669992299127241,6.5944927999775205
canonical_single_assay,scaffold,ecfp_rf,20260915,CHEMBL5858978,7.229884705212898,6.8084719815422705
canonical_single_assay,scaffold,ecfp_rf,20260915,CHEMBL5881362,7.1700533040583645,6.689305594864406
canonical_single_assay,scaffold,ecfp_rf,20260915,CHEMBL5896696,6.718966632752273,6.532650997155281
canonical_single_assay,scaffold,ecfp_rf,20260915,CHEMBL5929792,6.619788758288394,6.705311357221586
canonical_single_assay,scaffold,ecfp_rf,20260915,CHEMBL5949442,5.860120913598763,6.693556990072101
canonical_single_assay,scaffold,ecfp_rf,20260915,CHEMBL5969695,7.259637310505756,6.972135456828084
canonical_single_assay,scaffold,ecfp_rf,20260915,CHEMBL5976657,7.089909454405932,6.72736024699906
canonical_single_assay,scaffold,ecfp_rf,20260915,CHEMBL6056422,6.199970640755866,6.434211963844978
canonical_single_assay,scaffold,ecfp_ridge,20260915,CHEMBL3617741,7.319664486585437,7.175559997558594
canonical_single_assay,scaffold,ecfp_ridge,20260915,CHEMBL3617745,5.230032198670558,5.668009281158447
canonical_single_assay,scaffold,ecfp_ridge,20260915,CHEMBL5749645,6.690369832574102,6.527049541473389
canonical_single_assay,scaffold,ecfp_ridge,20260915,CHEMBL5768401,6.920818753952375,6.706112861633301
canonical_single_assay,scaffold,ecfp_ridge,20260915,CHEMBL5777034,6.718966632752273,6.801292896270752
canonical_single_assay,scaffold,ecfp_ridge,20260915,CHEMBL5779572,6.100179497572904,5.909045219421387
canonical_single_assay,scaffold,ecfp_ridge,20260915,CHEMBL5802991,7.050122295963125,6.840963363647461
canonical_single_assay,scaffold,ecfp_ridge,20260915,CHEMBL5838148,5.669992299127241,5.405348777770996
canonical_single_assay,scaffold,ecfp_ridge,20260915,CHEMBL5858978,7.229884705212898,6.832113265991211
canonical_single_assay,scaffold,ecfp_ridge,20260915,CHEMBL5881362,7.1700533040583645,6.572020053863525
canonical_single_assay,scaffold,ecfp_ridge,20260915,CHEMBL5896696,6.718966632752273,6.258106708526611
canonical_single_assay,scaffold,ecfp_ridge,20260915,CHEMBL5929792,6.619788758288394,6.322941303253174
canonical_single_assay,scaffold,ecfp_ridge,20260915,CHEMBL5949442,5.860120913598763,5.71926212310791
canonical_single_assay,scaffold,ecfp_ridge,20260915,CHEMBL5969695,7.259637310505756,7.146027088165283
canonical_single_assay,scaffold,ecfp_ridge,20260915,CHEMBL5976657,7.089909454405932,6.846100807189941
canonical_single_assay,scaffold,ecfp_ridge,20260915,CHEMBL6056422,6.199970640755866,5.977883815765381
canonical_single_assay,scaffold,ecfp_xgb,20260915,CHEMBL3617741,7.319664486585437,7.185916423797607
canonical_single_assay,scaffold,ecfp_xgb,20260915,CHEMBL3617745,5.230032198670558,5.858892440795898
canonical_single_assay,scaffold,ecfp_xgb,20260915,CHEMBL5749645,6.690369832574102,5.955685615539551
canonical_single_assay,scaffold,ecfp_xgb,20260915,CHEMBL5768401,6.920818753952375,6.976469039916992
canonical_single_assay,scaffold,ecfp_xgb,20260915,CHEMBL5777034,6.718966632752273,6.814012050628662
canonical_single_assay,scaffold,ecfp_xgb,20260915,CHEMBL5779572,6.100179497572904,6.327291965484619
canonical_single_assay,scaffold,ecfp_xgb,20260915,CHEMBL5802991,7.050122295963125,6.429131507873535
canonical_single_assay,scaffold,ecfp_xgb,20260915,CHEMBL5838148,5.669992299127241,6.33093786239624
canonical_single_assay,scaffold,ecfp_xgb,20260915,CHEMBL5858978,7.229884705212898,7.167830467224121
canonical_single_assay,scaffold,ecfp_xgb,20260915,CHEMBL5881362,7.1700533040583645,7.291557312011719
canonical_single_assay,scaffold,ecfp_xgb,20260915,CHEMBL5896696,6.718966632752273,6.611566543579102
canonical_single_assay,scaffold,ecfp_xgb,20260915,CHEMBL5929792,6.619788758288394,6.419063568115234
canonical_single_assay,scaffold,ecfp_xgb,20260915,CHEMBL5949442,5.860120913598763,6.299391269683838
canonical_single_assay,scaffold,ecfp_xgb,20260915,CHEMBL5969695,7.259637310505756,7.366959571838379
canonical_single_assay,scaffold,ecfp_xgb,20260915,CHEMBL5976657,7.089909454405932,6.9638848304748535
canonical_single_assay,scaffold,ecfp_xgb,20260915,CHEMBL6056422,6.199970640755866,6.163290023803711
canonical_single_assay,random,mean,20260916,CHEMBL3617743,6.749579997691106,6.705832074787768
canonical_single_assay,random,mean,20260916,CHEMBL3617746,7.519993057042849,6.705832074787768
canonical_single_assay,random,mean,20260916,CHEMBL4126610,6.85078088734462,6.705832074787768
canonical_single_assay,random,mean,20260916,CHEMBL4127768,6.790484985457369,6.705832074787768
canonical_single_assay,random,mean,20260916,CHEMBL5759977,6.739928612014925,6.705832074787768
canonical_single_assay,random,mean,20260916,CHEMBL5768401,6.920818753952375,6.705832074787768
canonical_single_assay,random,mean,20260916,CHEMBL5791788,6.649751981665837,6.705832074787768
canonical_single_assay,random,mean,20260916,CHEMBL5796900,5.0499760934766735,6.705832074787768
canonical_single_assay,random,mean,20260916,CHEMBL5858978,7.229884705212898,6.705832074787768
canonical_single_assay,random,mean,20260916,CHEMBL5863279,7.179798540514359,6.705832074787768
canonical_single_assay,random,mean,20260916,CHEMBL5922011,7.4698003017969175,6.705832074787768
canonical_single_assay,random,mean,20260916,CHEMBL5929792,6.619788758288394,6.705832074787768
canonical_single_assay,random,mean,20260916,CHEMBL5929854,7.100179497572904,6.705832074787768
canonical_single_assay,random,mean,20260916,CHEMBL5940406,6.480172006224281,6.705832074787768
canonical_single_assay,random,mean,20260916,CHEMBL5942995,6.610833915635467,6.705832074787768
canonical_single_assay,random,mean,20260916,CHEMBL5949442,5.860120913598763,6.705832074787768
canonical_single_assay,random,mean,20260916,CHEMBL5990353,7.100179497572904,6.705832074787768
canonical_single_assay,random,mean,20260916,CHEMBL6034162,7.369572124974976,6.705832074787768
canonical_single_assay,random,mean,20260916,CHEMBL6040423,5.36997914888659,6.705832074787768
canonical_single_assay,random,mean,20260916,CHEMBL6052926,5.189969213594161,6.705832074787768
canonical_single_assay,random,median,20260916,CHEMBL3617743,6.749579997691106,6.815345677268269
canonical_single_assay,random,median,20260916,CHEMBL3617746,7.519993057042849,6.815345677268269
canonical_single_assay,random,median,20260916,CHEMBL4126610,6.85078088734462,6.815345677268269
canonical_single_assay,random,median,20260916,CHEMBL4127768,6.790484985457369,6.815345677268269
canonical_single_assay,random,median,20260916,CHEMBL5759977,6.739928612014925,6.815345677268269
canonical_single_assay,random,median,20260916,CHEMBL5768401,6.920818753952375,6.815345677268269
canonical_single_assay,random,median,20260916,CHEMBL5791788,6.649751981665837,6.815345677268269
canonical_single_assay,random,median,20260916,CHEMBL5796900,5.0499760934766735,6.815345677268269
canonical_single_assay,random,median,20260916,CHEMBL5858978,7.229884705212898,6.815345677268269
canonical_single_assay,random,median,20260916,CHEMBL5863279,7.179798540514359,6.815345677268269
canonical_single_assay,random,median,20260916,CHEMBL5922011,7.4698003017969175,6.815345677268269
canonical_single_assay,random,median,20260916,CHEMBL5929792,6.619788758288394,6.815345677268269
canonical_single_assay,random,median,20260916,CHEMBL5929854,7.100179497572904,6.815345677268269
canonical_single_assay,random,median,20260916,CHEMBL5940406,6.480172006224281,6.815345677268269
canonical_single_assay,random,median,20260916,CHEMBL5942995,6.610833915635467,6.815345677268269
canonical_single_assay,random,median,20260916,CHEMBL5949442,5.860120913598763,6.815345677268269
canonical_single_assay,random,median,20260916,CHEMBL5990353,7.100179497572904,6.815345677268269
canonical_single_assay,random,median,20260916,CHEMBL6034162,7.369572124974976,6.815345677268269
canonical_single_assay,random,median,20260916,CHEMBL6040423,5.36997914888659,6.815345677268269
canonical_single_assay,random,median,20260916,CHEMBL6052926,5.189969213594161,6.815345677268269
canonical_single_assay,random,descriptor_rf,20260916,CHEMBL3617743,6.749579997691106,6.940874320280259
canonical_single_assay,random,descriptor_rf,20260916,CHEMBL3617746,7.519993057042849,6.7320429589193225
canonical_single_assay,random,descriptor_rf,20260916,CHEMBL4126610,6.85078088734462,6.4619003047764565
canonical_single_assay,random,descriptor_rf,20260916,CHEMBL4127768,6.790484985457369,7.097044904922601
canonical_single_assay,random,descriptor_rf,20260916,CHEMBL5759977,6.739928612014925,6.968796753348943
canonical_single_assay,random,descriptor_rf,20260916,CHEMBL5768401,6.920818753952375,6.783025640064425
canonical_single_assay,random,descriptor_rf,20260916,CHEMBL5791788,6.649751981665837,6.306053439597204
canonical_single_assay,random,descriptor_rf,20260916,CHEMBL5796900,5.0499760934766735,6.454771261084732
canonical_single_assay,random,descriptor_rf,20260916,CHEMBL5858978,7.229884705212898,6.479004565200196
canonical_single_assay,random,descriptor_rf,20260916,CHEMBL5863279,7.179798540514359,7.124767572392699
canonical_single_assay,random,descriptor_rf,20260916,CHEMBL5922011,7.4698003017969175,7.307521785627364
canonical_single_assay,random,descriptor_rf,20260916,CHEMBL5929792,6.619788758288394,6.825649802992843
canonical_single_assay,random,descriptor_rf,20260916,CHEMBL5929854,7.100179497572904,7.124767572392699
canonical_single_assay,random,descriptor_rf,20260916,CHEMBL5940406,6.480172006224281,6.943124535523846
canonical_single_assay,random,descriptor_rf,20260916,CHEMBL5942995,6.610833915635467,6.616748964104155
canonical_single_assay,random,descriptor_rf,20260916,CHEMBL5949442,5.860120913598763,6.988463127900773
canonical_single_assay,random,descriptor_rf,20260916,CHEMBL5990353,7.100179497572904,7.1316136332175155
canonical_single_assay,random,descriptor_rf,20260916,CHEMBL6034162,7.369572124974976,7.28986664418601
canonical_single_assay,random,descriptor_rf,20260916,CHEMBL6040423,5.36997914888659,5.768338234324026
canonical_single_assay,random,descriptor_rf,20260916,CHEMBL6052926,5.189969213594161,5.741132343616003
canonical_single_assay,random,ecfp_rf,20260916,CHEMBL3617743,6.749579997691106,6.7071023174460995
canonical_single_assay,random,ecfp_rf,20260916,CHEMBL3617746,7.519993057042849,7.021434504624781
canonical_single_assay,random,ecfp_rf,20260916,CHEMBL4126610,6.85078088734462,6.760337524063838
canonical_single_assay,random,ecfp_rf,20260916,CHEMBL4127768,6.790484985457369,6.703264482534075
canonical_single_assay,random,ecfp_rf,20260916,CHEMBL5759977,6.739928612014925,6.751763042552141
canonical_single_assay,random,ecfp_rf,20260916,CHEMBL5768401,6.920818753952375,6.929853740485668
canonical_single_assay,random,ecfp_rf,20260916,CHEMBL5791788,6.649751981665837,6.635520387299848
canonical_single_assay,random,ecfp_rf,20260916,CHEMBL5796900,5.0499760934766735,6.595407212760452
canonical_single_assay,random,ecfp_rf,20260916,CHEMBL5858978,7.229884705212898,6.859040545396664
canonical_single_assay,random,ecfp_rf,20260916,CHEMBL5863279,7.179798540514359,7.058816900205313
canonical_single_assay,random,ecfp_rf,20260916,CHEMBL5922011,7.4698003017969175,7.151496723730928
canonical_single_assay,random,ecfp_rf,20260916,CHEMBL5929792,6.619788758288394,6.804157513330275
canonical_single_assay,random,ecfp_rf,20260916,CHEMBL5929854,7.100179497572904,7.023289409146066
canonical_single_assay,random,ecfp_rf,20260916,CHEMBL5940406,6.480172006224281,6.804157513330275
canonical_single_assay,random,ecfp_rf,20260916,CHEMBL5942995,6.610833915635467,6.870187580007583
canonical_single_assay,random,ecfp_rf,20260916,CHEMBL5949442,5.860120913598763,6.788592298615675
canonical_single_assay,random,ecfp_rf,20260916,CHEMBL5990353,7.100179497572904,6.96885535554864
canonical_single_assay,random,ecfp_rf,20260916,CHEMBL6034162,7.369572124974976,7.201490763423543
canonical_single_assay,random,ecfp_rf,20260916,CHEMBL6040423,5.36997914888659,6.216196528965322
canonical_single_assay,random,ecfp_rf,20260916,CHEMBL6052926,5.189969213594161,6.322313818025813
canonical_single_assay,random,ecfp_ridge,20260916,CHEMBL3617743,6.749579997691106,6.814388751983643
canonical_single_assay,random,ecfp_ridge,20260916,CHEMBL3617746,7.519993057042849,7.052510738372803
canonical_single_assay,random,ecfp_ridge,20260916,CHEMBL4126610,6.85078088734462,6.767069339752197
canonical_single_assay,random,ecfp_ridge,20260916,CHEMBL4127768,6.790484985457369,6.551995277404785
canonical_single_assay,random,ecfp_ridge,20260916,CHEMBL5759977,6.739928612014925,6.678321838378906
canonical_single_assay,random,ecfp_ridge,20260916,CHEMBL5768401,6.920818753952375,6.995098114013672
canonical_single_assay,random,ecfp_ridge,20260916,CHEMBL5791788,6.649751981665837,6.2372145652771
canonical_single_assay,random,ecfp_ridge,20260916,CHEMBL5796900,5.0499760934766735,5.582993030548096
canonical_single_assay,random,ecfp_ridge,20260916,CHEMBL5858978,7.229884705212898,7.1520586013793945
canonical_single_assay,random,ecfp_ridge,20260916,CHEMBL5863279,7.179798540514359,7.209876537322998
canonical_single_assay,random,ecfp_ridge,20260916,CHEMBL5922011,7.4698003017969175,7.472699165344238
canonical_single_assay,random,ecfp_ridge,20260916,CHEMBL5929792,6.619788758288394,6.601752758026123
canonical_single_assay,random,ecfp_ridge,20260916,CHEMBL5929854,7.100179497572904,7.252254486083984
canonical_single_assay,random,ecfp_ridge,20260916,CHEMBL5940406,6.480172006224281,6.977892875671387
canonical_single_assay,random,ecfp_ridge,20260916,CHEMBL5942995,6.610833915635467,6.618919849395752
canonical_single_assay,random,ecfp_ridge,20260916,CHEMBL5949442,5.860120913598763,6.123732089996338
canonical_single_assay,random,ecfp_ridge,20260916,CHEMBL5990353,7.100179497572904,7.238089561462402
canonical_single_assay,random,ecfp_ridge,20260916,CHEMBL6034162,7.369572124974976,7.812187194824219
canonical_single_assay,random,ecfp_ridge,20260916,CHEMBL6040423,5.36997914888659,5.67808723449707
canonical_single_assay,random,ecfp_ridge,20260916,CHEMBL6052926,5.189969213594161,5.836181640625
canonical_single_assay,random,ecfp_xgb,20260916,CHEMBL3617743,6.749579997691106,6.913936614990234
canonical_single_assay,random,ecfp_xgb,20260916,CHEMBL3617746,7.519993057042849,6.957242012023926
canonical_single_assay,random,ecfp_xgb,20260916,CHEMBL4126610,6.85078088734462,6.83204460144043
canonical_single_assay,random,ecfp_xgb,20260916,CHEMBL4127768,6.790484985457369,6.583462238311768
canonical_single_assay,random,ecfp_xgb,20260916,CHEMBL5759977,6.739928612014925,6.774438381195068
canonical_single_assay,random,ecfp_xgb,20260916,CHEMBL5768401,6.920818753952375,7.065162658691406
canonical_single_assay,random,ecfp_xgb,20260916,CHEMBL5791788,6.649751981665837,6.4031524658203125
canonical_single_assay,random,ecfp_xgb,20260916,CHEMBL5796900,5.0499760934766735,5.941917419433594
canonical_single_assay,random,ecfp_xgb,20260916,CHEMBL5858978,7.229884705212898,7.102655410766602
canonical_single_assay,random,ecfp_xgb,20260916,CHEMBL5863279,7.179798540514359,7.157521724700928
canonical_single_assay,random,ecfp_xgb,20260916,CHEMBL5922011,7.4698003017969175,7.419601917266846
canonical_single_assay,random,ecfp_xgb,20260916,CHEMBL5929792,6.619788758288394,6.618521213531494
canonical_single_assay,random,ecfp_xgb,20260916,CHEMBL5929854,7.100179497572904,7.232311248779297
canonical_single_assay,random,ecfp_xgb,20260916,CHEMBL5940406,6.480172006224281,6.736378192901611
canonical_single_assay,random,ecfp_xgb,20260916,CHEMBL5942995,6.610833915635467,6.391249179840088
canonical_single_assay,random,ecfp_xgb,20260916,CHEMBL5949442,5.860120913598763,6.311923980712891
canonical_single_assay,random,ecfp_xgb,20260916,CHEMBL5990353,7.100179497572904,7.185278415679932
canonical_single_assay,random,ecfp_xgb,20260916,CHEMBL6034162,7.369572124974976,7.308313369750977
canonical_single_assay,random,ecfp_xgb,20260916,CHEMBL6040423,5.36997914888659,5.835311412811279
canonical_single_assay,random,ecfp_xgb,20260916,CHEMBL6052926,5.189969213594161,6.133906841278076
canonical_single_assay,scaffold,mean,20260916,CHEMBL3617741,7.319664486585437,6.701950615564053
canonical_single_assay,scaffold,mean,20260916,CHEMBL5769493,6.149966742310231,6.701950615564053
canonical_single_assay,scaffold,mean,20260916,CHEMBL5858978,7.229884705212898,6.701950615564053
canonical_single_assay,scaffold,mean,20260916,CHEMBL5865379,6.939302159646388,6.701950615564053
canonical_single_assay,scaffold,mean,20260916,CHEMBL5870379,7.219682687859849,6.701950615564053
canonical_single_assay,scaffold,mean,20260916,CHEMBL5876796,6.199970640755866,6.701950615564053
canonical_single_assay,scaffold,mean,20260916,CHEMBL5880138,5.739928612014925,6.701950615564053
canonical_single_assay,scaffold,mean,20260916,CHEMBL5896558,6.640164517660112,6.701950615564053
canonical_single_assay,scaffold,mean,20260916,CHEMBL5923558,7.0400051616715835,6.701950615564053
canonical_single_assay,scaffold,mean,20260916,CHEMBL5929854,7.100179497572904,6.701950615564053
canonical_single_assay,scaffold,mean,20260916,CHEMBL5940406,6.480172006224281,6.701950615564053
canonical_single_assay,scaffold,mean,20260916,CHEMBL5944042,6.110138278741812,6.701950615564053
canonical_single_assay,scaffold,mean,20260916,CHEMBL5969695,7.259637310505756,6.701950615564053
canonical_single_assay,scaffold,mean,20260916,CHEMBL5972322,5.430041181903406,6.701950615564053
canonical_single_assay,scaffold,mean,20260916,CHEMBL5990353,7.100179497572904,6.701950615564053
canonical_single_assay,scaffold,mean,20260916,CHEMBL5996553,6.379863945026242,6.701950615564053
canonical_single_assay,scaffold,median,20260916,CHEMBL3617741,7.319664486585437,6.8055056074376425
canonical_single_assay,scaffold,median,20260916,CHEMBL5769493,6.149966742310231,6.8055056074376425
canonical_single_assay,scaffold,median,20260916,CHEMBL5858978,7.229884705212898,6.8055056074376425
canonical_single_assay,scaffold,median,20260916,CHEMBL5865379,6.939302159646388,6.8055056074376425
canonical_single_assay,scaffold,median,20260916,CHEMBL5870379,7.219682687859849,6.8055056074376425
canonical_single_assay,scaffold,median,20260916,CHEMBL5876796,6.199970640755866,6.8055056074376425
canonical_single_assay,scaffold,median,20260916,CHEMBL5880138,5.739928612014925,6.8055056074376425
canonical_single_assay,scaffold,median,20260916,CHEMBL5896558,6.640164517660112,6.8055056074376425
canonical_single_assay,scaffold,median,20260916,CHEMBL5923558,7.0400051616715835,6.8055056074376425
canonical_single_assay,scaffold,median,20260916,CHEMBL5929854,7.100179497572904,6.8055056074376425
canonical_single_assay,scaffold,median,20260916,CHEMBL5940406,6.480172006224281,6.8055056074376425
canonical_single_assay,scaffold,median,20260916,CHEMBL5944042,6.110138278741812,6.8055056074376425
canonical_single_assay,scaffold,median,20260916,CHEMBL5969695,7.259637310505756,6.8055056074376425
canonical_single_assay,scaffold,median,20260916,CHEMBL5972322,5.430041181903406,6.8055056074376425
canonical_single_assay,scaffold,median,20260916,CHEMBL5990353,7.100179497572904,6.8055056074376425
canonical_single_assay,scaffold,median,20260916,CHEMBL5996553,6.379863945026242,6.8055056074376425
canonical_single_assay,scaffold,descriptor_rf,20260916,CHEMBL3617741,7.319664486585437,6.540773697505543
canonical_single_assay,scaffold,descriptor_rf,20260916,CHEMBL5769493,6.149966742310231,6.557648375427719
canonical_single_assay,scaffold,descriptor_rf,20260916,CHEMBL5858978,7.229884705212898,6.557648375427719
canonical_single_assay,scaffold,descriptor_rf,20260916,CHEMBL5865379,6.939302159646388,6.893274111792707
canonical_single_assay,scaffold,descriptor_rf,20260916,CHEMBL5870379,7.219682687859849,6.824799512937977
canonical_single_assay,scaffold,descriptor_rf,20260916,CHEMBL5876796,6.199970640755866,6.640357662028231
canonical_single_assay,scaffold,descriptor_rf,20260916,CHEMBL5880138,5.739928612014925,6.209215516633986
canonical_single_assay,scaffold,descriptor_rf,20260916,CHEMBL5896558,6.640164517660112,6.712911977363606
canonical_single_assay,scaffold,descriptor_rf,20260916,CHEMBL5923558,7.0400051616715835,6.735648774778013
canonical_single_assay,scaffold,descriptor_rf,20260916,CHEMBL5929854,7.100179497572904,7.164784929628275
canonical_single_assay,scaffold,descriptor_rf,20260916,CHEMBL5940406,6.480172006224281,6.934073361379866
canonical_single_assay,scaffold,descriptor_rf,20260916,CHEMBL5944042,6.110138278741812,6.362882432535566
canonical_single_assay,scaffold,descriptor_rf,20260916,CHEMBL5969695,7.259637310505756,6.712911977363606
canonical_single_assay,scaffold,descriptor_rf,20260916,CHEMBL5972322,5.430041181903406,5.9002383866305514
canonical_single_assay,scaffold,descriptor_rf,20260916,CHEMBL5990353,7.100179497572904,7.148275032496799
canonical_single_assay,scaffold,descriptor_rf,20260916,CHEMBL5996553,6.379863945026242,6.415427315847704
canonical_single_assay,scaffold,ecfp_rf,20260916,CHEMBL3617741,7.319664486585437,6.705610604916903
canonical_single_assay,scaffold,ecfp_rf,20260916,CHEMBL5769493,6.149966742310231,6.2853454915062
canonical_single_assay,scaffold,ecfp_rf,20260916,CHEMBL5858978,7.229884705212898,6.856172702351301
canonical_single_assay,scaffold,ecfp_rf,20260916,CHEMBL5865379,6.939302159646388,6.619306609967728
canonical_single_assay,scaffold,ecfp_rf,20260916,CHEMBL5870379,7.219682687859849,6.909616011392822
canonical_single_assay,scaffold,ecfp_rf,20260916,CHEMBL5876796,6.199970640755866,6.409424932366136
canonical_single_assay,scaffold,ecfp_rf,20260916,CHEMBL5880138,5.739928612014925,6.206091279394781
canonical_single_assay,scaffold,ecfp_rf,20260916,CHEMBL5896558,6.640164517660112,6.440812232207682
canonical_single_assay,scaffold,ecfp_rf,20260916,CHEMBL5923558,7.0400051616715835,6.874063475601725
canonical_single_assay,scaffold,ecfp_rf,20260916,CHEMBL5929854,7.100179497572904,6.9866886154065915
canonical_single_assay,scaffold,ecfp_rf,20260916,CHEMBL5940406,6.480172006224281,6.79312507403779
canonical_single_assay,scaffold,ecfp_rf,20260916,CHEMBL5944042,6.110138278741812,6.763605064054667
canonical_single_assay,scaffold,ecfp_rf,20260916,CHEMBL5969695,7.259637310505756,6.994175258239651
canonical_single_assay,scaffold,ecfp_rf,20260916,CHEMBL5972322,5.430041181903406,6.614099881697914
canonical_single_assay,scaffold,ecfp_rf,20260916,CHEMBL5990353,7.100179497572904,6.962902603901779
canonical_single_assay,scaffold,ecfp_rf,20260916,CHEMBL5996553,6.379863945026242,6.41721294213788
canonical_single_assay,scaffold,ecfp_ridge,20260916,CHEMBL3617741,7.319664486585437,7.2952775955200195
canonical_single_assay,scaffold,ecfp_ridge,20260916,CHEMBL5769493,6.149966742310231,5.942863464355469
canonical_single_assay,scaffold,ecfp_ridge,20260916,CHEMBL5858978,7.229884705212898,7.330502033233643
canonical_single_assay,scaffold,ecfp_ridge,20260916,CHEMBL5865379,6.939302159646388,6.945930004119873
canonical_single_assay,scaffold,ecfp_ridge,20260916,CHEMBL5870379,7.219682687859849,6.8848161697387695
canonical_single_assay,scaffold,ecfp_ridge,20260916,CHEMBL5876796,6.199970640755866,6.598706245422363
canonical_single_assay,scaffold,ecfp_ridge,20260916,CHEMBL5880138,5.739928612014925,6.0763773918151855
canonical_single_assay,scaffold,ecfp_ridge,20260916,CHEMBL5896558,6.640164517660112,6.198028564453125
canonical_single_assay,scaffold,ecfp_ridge,20260916,CHEMBL5923558,7.0400051616715835,6.8480072021484375
canonical_single_assay,scaffold,ecfp_ridge,20260916,CHEMBL5929854,7.100179497572904,7.138820648193359
canonical_single_assay,scaffold,ecfp_ridge,20260916,CHEMBL5940406,6.480172006224281,6.97769832611084
canonical_single_assay,scaffold,ecfp_ridge,20260916,CHEMBL5944042,6.110138278741812,6.333481788635254
canonical_single_assay,scaffold,ecfp_ridge,20260916,CHEMBL5969695,7.259637310505756,7.577295303344727
canonical_single_assay,scaffold,ecfp_ridge,20260916,CHEMBL5972322,5.430041181903406,6.086688041687012
canonical_single_assay,scaffold,ecfp_ridge,20260916,CHEMBL5990353,7.100179497572904,7.102011680603027
canonical_single_assay,scaffold,ecfp_ridge,20260916,CHEMBL5996553,6.379863945026242,6.423601150512695
canonical_single_assay,scaffold,ecfp_xgb,20260916,CHEMBL3617741,7.319664486585437,7.177880764007568
canonical_single_assay,scaffold,ecfp_xgb,20260916,CHEMBL5769493,6.149966742310231,5.954827785491943
canonical_single_assay,scaffold,ecfp_xgb,20260916,CHEMBL5858978,7.229884705212898,7.0462422370910645
canonical_single_assay,scaffold,ecfp_xgb,20260916,CHEMBL5865379,6.939302159646388,6.391623497009277
canonical_single_assay,scaffold,ecfp_xgb,20260916,CHEMBL5870379,7.219682687859849,7.0685811042785645
canonical_single_assay,scaffold,ecfp_xgb,20260916,CHEMBL5876796,6.199970640755866,6.007158279418945
canonical_single_assay,scaffold,ecfp_xgb,20260916,CHEMBL5880138,5.739928612014925,5.161715984344482
canonical_single_assay,scaffold,ecfp_xgb,20260916,CHEMBL5896558,6.640164517660112,6.110751628875732
canonical_single_assay,scaffold,ecfp_xgb,20260916,CHEMBL5923558,7.0400051616715835,7.02741813659668
canonical_single_assay,scaffold,ecfp_xgb,20260916,CHEMBL5929854,7.100179497572904,7.131042003631592
canonical_single_assay,scaffold,ecfp_xgb,20260916,CHEMBL5940406,6.480172006224281,6.715158939361572
canonical_single_assay,scaffold,ecfp_xgb,20260916,CHEMBL5944042,6.110138278741812,6.730602741241455
canonical_single_assay,scaffold,ecfp_xgb,20260916,CHEMBL5969695,7.259637310505756,7.252560615539551
canonical_single_assay,scaffold,ecfp_xgb,20260916,CHEMBL5972322,5.430041181903406,6.461433410644531
canonical_single_assay,scaffold,ecfp_xgb,20260916,CHEMBL5990353,7.100179497572904,7.140714168548584
canonical_single_assay,scaffold,ecfp_xgb,20260916,CHEMBL5996553,6.379863945026242,5.585392475128174
broad_full_length_stated,time,mean,20260912,CHEMBL4125752,7.552841968657781,6.308116641514952
broad_full_length_stated,time,mean,20260912,CHEMBL4125794,5.070070439915412,6.308116641514952
broad_full_length_stated,time,mean,20260912,CHEMBL4125929,6.522878745280337,6.308116641514952
broad_full_length_stated,time,mean,20260912,CHEMBL4125982,6.102372908709558,6.308116641514952
broad_full_length_stated,time,mean,20260912,CHEMBL4126126,7.376750709602099,6.308116641514952
broad_full_length_stated,time,mean,20260912,CHEMBL4126247,7.698970004336019,6.308116641514952
broad_full_length_stated,time,mean,20260912,CHEMBL4126304,7.337242168318426,6.308116641514952
broad_full_length_stated,time,mean,20260912,CHEMBL4126387,6.522878745280337,6.308116641514952
broad_full_length_stated,time,mean,20260912,CHEMBL4126535,5.958607314841775,6.308116641514952
broad_full_length_stated,time,mean,20260912,CHEMBL4126572,6.920818753952375,6.308116641514952
broad_full_length_stated,time,mean,20260912,CHEMBL4126662,6.522878745280337,6.308116641514952
broad_full_length_stated,time,mean,20260912,CHEMBL4126768,7.443697499232712,6.308116641514952
broad_full_length_stated,time,mean,20260912,CHEMBL4126910,6.769551078621726,6.308116641514952
broad_full_length_stated,time,mean,20260912,CHEMBL4126984,7.3872161432802645,6.308116641514952
broad_full_length_stated,time,mean,20260912,CHEMBL4127027,7.161150909262744,6.308116641514952
broad_full_length_stated,time,mean,20260912,CHEMBL4127223,5.059981844992337,6.308116641514952
broad_full_length_stated,time,mean,20260912,CHEMBL4127363,6.337242168318426,6.308116641514952
broad_full_length_stated,time,mean,20260912,CHEMBL4127608,7.292429823902063,6.308116641514952
broad_full_length_stated,time,mean,20260912,CHEMBL4127623,7.698970004336019,6.308116641514952
broad_full_length_stated,time,mean,20260912,CHEMBL4127681,6.229147988357855,6.308116641514952
broad_full_length_stated,time,mean,20260912,CHEMBL4127804,7.638272163982407,6.308116641514952
broad_full_length_stated,time,mean,20260912,CHEMBL4127964,7.6020599913279625,6.308116641514952
broad_full_length_stated,time,mean,20260912,CHEMBL4127999,6.346787486224656,6.308116641514952
broad_full_length_stated,time,mean,20260912,CHEMBL4128043,6.886056647693163,6.308116641514952
broad_full_length_stated,time,mean,20260912,CHEMBL4128143,7.552841968657781,6.308116641514952
broad_full_length_stated,time,mean,20260912,CHEMBL4128202,5.050122295963125,6.308116641514952
broad_full_length_stated,time,mean,20260912,CHEMBL4128261,7.522878745280337,6.308116641514952
broad_full_length_stated,time,mean,20260912,CHEMBL4128608,4.480172006224281,6.308116641514952
broad_full_length_stated,time,mean,20260912,CHEMBL4128858,6.337242168318426,6.308116641514952
broad_full_length_stated,time,mean,20260912,CHEMBL4129012,7.657577319177793,6.308116641514952
broad_full_length_stated,time,mean,20260912,CHEMBL4129046,7.301029995663981,6.308116641514952
broad_full_length_stated,time,mean,20260912,CHEMBL4129083,5.860120913598763,6.308116641514952
broad_full_length_stated,time,mean,20260912,CHEMBL4129199,6.795880017344075,6.308116641514952
broad_full_length_stated,time,mean,20260912,CHEMBL4129240,7.080921907623926,6.308116641514952
broad_full_length_stated,time,mean,20260912,CHEMBL4129242,7.102372908709558,6.308116641514952
broad_full_length_stated,time,mean,20260912,CHEMBL4129431,7.481486060122112,6.308116641514952
broad_full_length_stated,time,mean,20260912,CHEMBL4129575,7.494850021680094,6.308116641514952
broad_full_length_stated,time,mean,20260912,CHEMBL4129812,6.698970004336019,6.308116641514952
broad_full_length_stated,time,mean,20260912,CHEMBL4130174,6.229147988357855,6.308116641514952
broad_full_length_stated,time,mean,20260912,CHEMBL4130221,6.259637310505756,6.308116641514952
broad_full_length_stated,time,mean,20260912,CHEMBL4130264,6.443697499232712,6.308116641514952
broad_full_length_stated,time,mean,20260912,CHEMBL4130300,6.6020599913279625,6.308116641514952
broad_full_length_stated,time,mean,20260912,CHEMBL4439223,6.508638306165727,6.308116641514952
broad_full_length_stated,time,mean,20260912,CHEMBL4439986,5.958607314841775,6.308116641514952
broad_full_length_stated,time,mean,20260912,CHEMBL4440024,7.920818753952375,6.308116641514952
broad_full_length_stated,time,mean,20260912,CHEMBL4440104,7.013228265733755,6.308116641514952
broad_full_length_stated,time,mean,20260912,CHEMBL4442092,6.455931955649724,6.308116641514952
broad_full_length_stated,time,mean,20260912,CHEMBL4444430,5.7447274948966935,6.308116641514952
broad_full_length_stated,time,mean,20260912,CHEMBL4445590,6.716698771296451,6.308116641514952
broad_full_length_stated,time,mean,20260912,CHEMBL4447234,4.301029995663981,6.308116641514952
broad_full_length_stated,time,mean,20260912,CHEMBL4449818,7.267606240177032,6.308116641514952
broad_full_length_stated,time,mean,20260912,CHEMBL4450081,8.0,6.308116641514952
broad_full_length_stated,time,mean,20260912,CHEMBL4454062,6.958607314841775,6.308116641514952
broad_full_length_stated,time,mean,20260912,CHEMBL4455553,5.508638306165727,6.308116641514952
broad_full_length_stated,time,mean,20260912,CHEMBL4457855,6.958607314841775,6.308116641514952
broad_full_length_stated,time,mean,20260912,CHEMBL4458935,4.301029995663981,6.308116641514952
broad_full_length_stated,time,mean,20260912,CHEMBL4462401,7.494850021680094,6.308116641514952
broad_full_length_stated,time,mean,20260912,CHEMBL4466578,7.481486060122112,6.308116641514952
broad_full_length_stated,time,mean,20260912,CHEMBL4471793,4.455931955649724,6.308116641514952
broad_full_length_stated,time,mean,20260912,CHEMBL4518496,7.494850021680094,6.308116641514952
broad_full_length_stated,time,mean,20260912,CHEMBL4529391,7.795880017344075,6.308116641514952
broad_full_length_stated,time,mean,20260912,CHEMBL4548362,6.847711655616943,6.308116641514952
broad_full_length_stated,time,mean,20260912,CHEMBL4553437,7.886056647693163,6.308116641514952
broad_full_length_stated,time,mean,20260912,CHEMBL4565279,6.671620396561262,6.308116641514952
broad_full_length_stated,time,mean,20260912,CHEMBL4570684,7.2441251443275085,6.308116641514952
broad_full_length_stated,time,mean,20260912,CHEMBL4575847,7.585026652029182,6.308116641514952
broad_full_length_stated,time,mean,20260912,CHEMBL4575998,7.161150909262744,6.308116641514952
broad_full_length_stated,time,mean,20260912,CHEMBL4581195,5.943095148663527,6.308116641514952
broad_full_length_stated,time,mean,20260912,CHEMBL5749984,7.259637310505756,6.308116641514952
broad_full_length_stated,time,mean,20260912,CHEMBL5867199,7.480172006224281,6.308116641514952
broad_full_length_stated,time,mean,20260912,CHEMBL5922687,6.100179497572904,6.308116641514952
broad_full_length_stated,time,mean,20260912,CHEMBL5955545,6.110138278741812,6.308116641514952
broad_full_length_stated,time,mean,20260912,CHEMBL6049457,7.369572124974976,6.308116641514952
broad_full_length_stated,time,mean,20260912,CHEMBL6056257,6.480172006224281,6.308116641514952
broad_full_length_stated,time,mean,20260912,CHEMBL6058681,7.1598939055432425,6.308116641514952
broad_full_length_stated,time,ecfp_rf,20260912,CHEMBL4125752,7.552841968657781,6.650326195765207
broad_full_length_stated,time,ecfp_rf,20260912,CHEMBL4125794,5.070070439915412,6.629904948848581
broad_full_length_stated,time,ecfp_rf,20260912,CHEMBL4125929,6.522878745280337,6.7326522110808735
broad_full_length_stated,time,ecfp_rf,20260912,CHEMBL4125982,6.102372908709558,6.6531432698709345
broad_full_length_stated,time,ecfp_rf,20260912,CHEMBL4126126,7.376750709602099,6.641089908591409
broad_full_length_stated,time,ecfp_rf,20260912,CHEMBL4126247,7.698970004336019,6.817557302206692
broad_full_length_stated,time,ecfp_rf,20260912,CHEMBL4126304,7.337242168318426,6.684940181335687
broad_full_length_stated,time,ecfp_rf,20260912,CHEMBL4126387,6.522878745280337,6.6230192632681035
broad_full_length_stated,time,ecfp_rf,20260912,CHEMBL4126535,5.958607314841775,6.6676934184015915
broad_full_length_stated,time,ecfp_rf,20260912,CHEMBL4126572,6.920818753952375,6.276264526701077
broad_full_length_stated,time,ecfp_rf,20260912,CHEMBL4126662,6.522878745280337,6.7177141523387345
broad_full_length_stated,time,ecfp_rf,20260912,CHEMBL4126768,7.443697499232712,6.775543834420528
broad_full_length_stated,time,ecfp_rf,20260912,CHEMBL4126910,6.769551078621726,6.747450178899913
broad_full_length_stated,time,ecfp_rf,20260912,CHEMBL4126984,7.3872161432802645,6.396566956016842
broad_full_length_stated,time,ecfp_rf,20260912,CHEMBL4127027,7.161150909262744,6.510792827661788
broad_full_length_stated,time,ecfp_rf,20260912,CHEMBL4127223,5.059981844992337,6.55426439507275
broad_full_length_stated,time,ecfp_rf,20260912,CHEMBL4127363,6.337242168318426,6.593108492459429
broad_full_length_stated,time,ecfp_rf,20260912,CHEMBL4127608,7.292429823902063,6.806012908177803
broad_full_length_stated,time,ecfp_rf,20260912,CHEMBL4127623,7.698970004336019,6.660302784689891
broad_full_length_stated,time,ecfp_rf,20260912,CHEMBL4127681,6.229147988357855,6.095090000328835
broad_full_length_stated,time,ecfp_rf,20260912,CHEMBL4127804,7.638272163982407,6.653790870274991
broad_full_length_stated,time,ecfp_rf,20260912,CHEMBL4127964,7.6020599913279625,6.938771596152228
broad_full_length_stated,time,ecfp_rf,20260912,CHEMBL4127999,6.346787486224656,6.721772015771624
broad_full_length_stated,time,ecfp_rf,20260912,CHEMBL4128043,6.886056647693163,6.735166707990439
broad_full_length_stated,time,ecfp_rf,20260912,CHEMBL4128143,7.552841968657781,6.868272444709905
broad_full_length_stated,time,ecfp_rf,20260912,CHEMBL4128202,5.050122295963125,6.646902762949404
broad_full_length_stated,time,ecfp_rf,20260912,CHEMBL4128261,7.522878745280337,6.684495495665861
broad_full_length_stated,time,ecfp_rf,20260912,CHEMBL4128608,4.480172006224281,6.642799013624069
broad_full_length_stated,time,ecfp_rf,20260912,CHEMBL4128858,6.337242168318426,6.676824600330747
broad_full_length_stated,time,ecfp_rf,20260912,CHEMBL4129012,7.657577319177793,6.820161367558431
broad_full_length_stated,time,ecfp_rf,20260912,CHEMBL4129046,7.301029995663981,6.656109275127176
broad_full_length_stated,time,ecfp_rf,20260912,CHEMBL4129083,5.860120913598763,6.591227327862486
broad_full_length_stated,time,ecfp_rf,20260912,CHEMBL4129199,6.795880017344075,6.362277299120282
broad_full_length_stated,time,ecfp_rf,20260912,CHEMBL4129240,7.080921907623926,6.682012071062473
broad_full_length_stated,time,ecfp_rf,20260912,CHEMBL4129242,7.102372908709558,6.7326522110808735
broad_full_length_stated,time,ecfp_rf,20260912,CHEMBL4129431,7.481486060122112,6.3345032548026925
broad_full_length_stated,time,ecfp_rf,20260912,CHEMBL4129575,7.494850021680094,6.645901767715879
broad_full_length_stated,time,ecfp_rf,20260912,CHEMBL4129812,6.698970004336019,6.671267048633003
broad_full_length_stated,time,ecfp_rf,20260912,CHEMBL4130174,6.229147988357855,6.774383216411222
broad_full_length_stated,time,ecfp_rf,20260912,CHEMBL4130221,6.259637310505756,6.676824600330747
broad_full_length_stated,time,ecfp_rf,20260912,CHEMBL4130264,6.443697499232712,6.068080595416112
broad_full_length_stated,time,ecfp_rf,20260912,CHEMBL4130300,6.6020599913279625,6.684495495665861
broad_full_length_stated,time,ecfp_rf,20260912,CHEMBL4439223,6.508638306165727,6.347108991254718
broad_full_length_stated,time,ecfp_rf,20260912,CHEMBL4439986,5.958607314841775,6.063002609618111
broad_full_length_stated,time,ecfp_rf,20260912,CHEMBL4440024,7.920818753952375,6.307044053988528
broad_full_length_stated,time,ecfp_rf,20260912,CHEMBL4440104,7.013228265733755,6.034620574140126
broad_full_length_stated,time,ecfp_rf,20260912,CHEMBL4442092,6.455931955649724,6.12140100866845
broad_full_length_stated,time,ecfp_rf,20260912,CHEMBL4444430,5.7447274948966935,6.114267265587282
broad_full_length_stated,time,ecfp_rf,20260912,CHEMBL4445590,6.716698771296451,6.157868712826084
broad_full_length_stated,time,ecfp_rf,20260912,CHEMBL4447234,4.301029995663981,6.114267265587282
broad_full_length_stated,time,ecfp_rf,20260912,CHEMBL4449818,7.267606240177032,5.923985208471493
broad_full_length_stated,time,ecfp_rf,20260912,CHEMBL4450081,8.0,6.016264089056303
broad_full_length_stated,time,ecfp_rf,20260912,CHEMBL4454062,6.958607314841775,6.254575231335964
broad_full_length_stated,time,ecfp_rf,20260912,CHEMBL4455553,5.508638306165727,6.273265958713842
broad_full_length_stated,time,ecfp_rf,20260912,CHEMBL4457855,6.958607314841775,6.263156184816675
broad_full_length_stated,time,ecfp_rf,20260912,CHEMBL4458935,4.301029995663981,6.0332360389083455
broad_full_length_stated,time,ecfp_rf,20260912,CHEMBL4462401,7.494850021680094,6.247052074976834
broad_full_length_stated,time,ecfp_rf,20260912,CHEMBL4466578,7.481486060122112,6.187764217928936
broad_full_length_stated,time,ecfp_rf,20260912,CHEMBL4471793,4.455931955649724,6.053284602927554
broad_full_length_stated,time,ecfp_rf,20260912,CHEMBL4518496,7.494850021680094,6.077858768131016
broad_full_length_stated,time,ecfp_rf,20260912,CHEMBL4529391,7.795880017344075,6.300284595796849
broad_full_length_stated,time,ecfp_rf,20260912,CHEMBL4548362,6.847711655616943,6.224789218372457
broad_full_length_stated,time,ecfp_rf,20260912,CHEMBL4553437,7.886056647693163,6.3536248965074495
broad_full_length_stated,time,ecfp_rf,20260912,CHEMBL4565279,6.671620396561262,6.139650224157695
broad_full_length_stated,time,ecfp_rf,20260912,CHEMBL4570684,7.2441251443275085,6.036377795972907
broad_full_length_stated,time,ecfp_rf,20260912,CHEMBL4575847,7.585026652029182,6.311017047183077
broad_full_length_stated,time,ecfp_rf,20260912,CHEMBL4575998,7.161150909262744,6.055036488132503
broad_full_length_stated,time,ecfp_rf,20260912,CHEMBL4581195,5.943095148663527,6.063002609618111
broad_full_length_stated,time,ecfp_rf,20260912,CHEMBL5749984,7.259637310505756,7.030816064121365
broad_full_length_stated,time,ecfp_rf,20260912,CHEMBL5867199,7.480172006224281,7.165269354092855
broad_full_length_stated,time,ecfp_rf,20260912,CHEMBL5922687,6.100179497572904,6.271120339679662
broad_full_length_stated,time,ecfp_rf,20260912,CHEMBL5955545,6.110138278741812,6.502365871884106
broad_full_length_stated,time,ecfp_rf,20260912,CHEMBL6049457,7.369572124974976,6.98692678903459
broad_full_length_stated,time,ecfp_rf,20260912,CHEMBL6056257,6.480172006224281,6.379359076390122
broad_full_length_stated,time,ecfp_rf,20260912,CHEMBL6058681,7.1598939055432425,6.686077455584677
broad_full_length_stated,time,ecfp_xgb,20260912,CHEMBL4125752,7.552841968657781,6.646174907684326
broad_full_length_stated,time,ecfp_xgb,20260912,CHEMBL4125794,5.070070439915412,6.129146575927734
broad_full_length_stated,time,ecfp_xgb,20260912,CHEMBL4125929,6.522878745280337,6.51790189743042
broad_full_length_stated,time,ecfp_xgb,20260912,CHEMBL4125982,6.102372908709558,6.400735378265381
broad_full_length_stated,time,ecfp_xgb,20260912,CHEMBL4126126,7.376750709602099,6.678706169128418
broad_full_length_stated,time,ecfp_xgb,20260912,CHEMBL4126247,7.698970004336019,6.653670787811279
broad_full_length_stated,time,ecfp_xgb,20260912,CHEMBL4126304,7.337242168318426,6.43670129776001
broad_full_length_stated,time,ecfp_xgb,20260912,CHEMBL4126387,6.522878745280337,6.424555778503418
broad_full_length_stated,time,ecfp_xgb,20260912,CHEMBL4126535,5.958607314841775,6.307160377502441
broad_full_length_stated,time,ecfp_xgb,20260912,CHEMBL4126572,6.920818753952375,6.006524562835693
broad_full_length_stated,time,ecfp_xgb,20260912,CHEMBL4126662,6.522878745280337,6.596602916717529
broad_full_length_stated,time,ecfp_xgb,20260912,CHEMBL4126768,7.443697499232712,6.529026985168457
broad_full_length_stated,time,ecfp_xgb,20260912,CHEMBL4126910,6.769551078621726,6.456627368927002
broad_full_length_stated,time,ecfp_xgb,20260912,CHEMBL4126984,7.3872161432802645,6.439939498901367
broad_full_length_stated,time,ecfp_xgb,20260912,CHEMBL4127027,7.161150909262744,6.070032119750977
broad_full_length_stated,time,ecfp_xgb,20260912,CHEMBL4127223,5.059981844992337,6.461795806884766
broad_full_length_stated,time,ecfp_xgb,20260912,CHEMBL4127363,6.337242168318426,6.452826976776123
broad_full_length_stated,time,ecfp_xgb,20260912,CHEMBL4127608,7.292429823902063,6.499876976013184
broad_full_length_stated,time,ecfp_xgb,20260912,CHEMBL4127623,7.698970004336019,6.790123462677002
broad_full_length_stated,time,ecfp_xgb,20260912,CHEMBL4127681,6.229147988357855,5.217662811279297
broad_full_length_stated,time,ecfp_xgb,20260912,CHEMBL4127804,7.638272163982407,6.896142959594727
broad_full_length_stated,time,ecfp_xgb,20260912,CHEMBL4127964,7.6020599913279625,6.799391269683838
broad_full_length_stated,time,ecfp_xgb,20260912,CHEMBL4127999,6.346787486224656,6.379854679107666
broad_full_length_stated,time,ecfp_xgb,20260912,CHEMBL4128043,6.886056647693163,6.662171363830566
broad_full_length_stated,time,ecfp_xgb,20260912,CHEMBL4128143,7.552841968657781,6.577763080596924
broad_full_length_stated,time,ecfp_xgb,20260912,CHEMBL4128202,5.050122295963125,6.43971061706543
broad_full_length_stated,time,ecfp_xgb,20260912,CHEMBL4128261,7.522878745280337,6.316745758056641
broad_full_length_stated,time,ecfp_xgb,20260912,CHEMBL4128608,4.480172006224281,6.382907390594482
broad_full_length_stated,time,ecfp_xgb,20260912,CHEMBL4128858,6.337242168318426,6.279171466827393
broad_full_length_stated,time,ecfp_xgb,20260912,CHEMBL4129012,7.657577319177793,6.564622402191162
broad_full_length_stated,time,ecfp_xgb,20260912,CHEMBL4129046,7.301029995663981,6.62718391418457
broad_full_length_stated,time,ecfp_xgb,20260912,CHEMBL4129083,5.860120913598763,6.307668685913086
broad_full_length_stated,time,ecfp_xgb,20260912,CHEMBL4129199,6.795880017344075,5.5940093994140625
broad_full_length_stated,time,ecfp_xgb,20260912,CHEMBL4129240,7.080921907623926,6.316745758056641
broad_full_length_stated,time,ecfp_xgb,20260912,CHEMBL4129242,7.102372908709558,6.51790189743042
broad_full_length_stated,time,ecfp_xgb,20260912,CHEMBL4129431,7.481486060122112,5.974596977233887
broad_full_length_stated,time,ecfp_xgb,20260912,CHEMBL4129575,7.494850021680094,6.297171115875244
broad_full_length_stated,time,ecfp_xgb,20260912,CHEMBL4129812,6.698970004336019,6.257805347442627
broad_full_length_stated,time,ecfp_xgb,20260912,CHEMBL4130174,6.229147988357855,6.386836051940918
broad_full_length_stated,time,ecfp_xgb,20260912,CHEMBL4130221,6.259637310505756,6.279171466827393
broad_full_length_stated,time,ecfp_xgb,20260912,CHEMBL4130264,6.443697499232712,5.288985729217529
broad_full_length_stated,time,ecfp_xgb,20260912,CHEMBL4130300,6.6020599913279625,6.316745758056641
broad_full_length_stated,time,ecfp_xgb,20260912,CHEMBL4439223,6.508638306165727,6.159512996673584
broad_full_length_stated,time,ecfp_xgb,20260912,CHEMBL4439986,5.958607314841775,5.83670711517334
broad_full_length_stated,time,ecfp_xgb,20260912,CHEMBL4440024,7.920818753952375,5.988985538482666
broad_full_length_stated,time,ecfp_xgb,20260912,CHEMBL4440104,7.013228265733755,5.38325834274292
broad_full_length_stated,time,ecfp_xgb,20260912,CHEMBL4442092,6.455931955649724,5.507649898529053
broad_full_length_stated,time,ecfp_xgb,20260912,CHEMBL4444430,5.7447274948966935,5.506992816925049
broad_full_length_stated,time,ecfp_xgb,20260912,CHEMBL4445590,6.716698771296451,5.65158748626709
broad_full_length_stated,time,ecfp_xgb,20260912,CHEMBL4447234,4.301029995663981,5.506992816925049
broad_full_length_stated,time,ecfp_xgb,20260912,CHEMBL4449818,7.267606240177032,5.304117202758789
broad_full_length_stated,time,ecfp_xgb,20260912,CHEMBL4450081,8.0,5.3318963050842285
broad_full_length_stated,time,ecfp_xgb,20260912,CHEMBL4454062,6.958607314841775,6.064546585083008
broad_full_length_stated,time,ecfp_xgb,20260912,CHEMBL4455553,5.508638306165727,6.2810821533203125
broad_full_length_stated,time,ecfp_xgb,20260912,CHEMBL4457855,6.958607314841775,6.218501091003418
broad_full_length_stated,time,ecfp_xgb,20260912,CHEMBL4458935,4.301029995663981,5.684347629547119
broad_full_length_stated,time,ecfp_xgb,20260912,CHEMBL4462401,7.494850021680094,6.134516716003418
broad_full_length_stated,time,ecfp_xgb,20260912,CHEMBL4466578,7.481486060122112,5.490452766418457
broad_full_length_stated,time,ecfp_xgb,20260912,CHEMBL4471793,4.455931955649724,5.565163612365723
broad_full_length_stated,time,ecfp_xgb,20260912,CHEMBL4518496,7.494850021680094,5.521144390106201
broad_full_length_stated,time,ecfp_xgb,20260912,CHEMBL4529391,7.795880017344075,6.146945953369141
broad_full_length_stated,time,ecfp_xgb,20260912,CHEMBL4548362,6.847711655616943,5.977445125579834
broad_full_length_stated,time,ecfp_xgb,20260912,CHEMBL4553437,7.886056647693163,6.211392402648926
broad_full_length_stated,time,ecfp_xgb,20260912,CHEMBL4565279,6.671620396561262,5.484205722808838
broad_full_length_stated,time,ecfp_xgb,20260912,CHEMBL4570684,7.2441251443275085,5.3787384033203125
broad_full_length_stated,time,ecfp_xgb,20260912,CHEMBL4575847,7.585026652029182,5.994589805603027
broad_full_length_stated,time,ecfp_xgb,20260912,CHEMBL4575998,7.161150909262744,5.556025505065918
broad_full_length_stated,time,ecfp_xgb,20260912,CHEMBL4581195,5.943095148663527,5.83670711517334
broad_full_length_stated,time,ecfp_xgb,20260912,CHEMBL5749984,7.259637310505756,7.291822910308838
broad_full_length_stated,time,ecfp_xgb,20260912,CHEMBL5867199,7.480172006224281,7.487171173095703
broad_full_length_stated,time,ecfp_xgb,20260912,CHEMBL5922687,6.100179497572904,5.986359596252441
broad_full_length_stated,time,ecfp_xgb,20260912,CHEMBL5955545,6.110138278741812,6.152141571044922
broad_full_length_stated,time,ecfp_xgb,20260912,CHEMBL6049457,7.369572124974976,7.428323268890381
broad_full_length_stated,time,ecfp_xgb,20260912,CHEMBL6056257,6.480172006224281,6.484305381774902
broad_full_length_stated,time,ecfp_xgb,20260912,CHEMBL6058681,7.1598939055432425,7.13571310043335
