canonical_smiles,name,organism,pathway,pAct_ACC2,pAct_DGAT2,pAct_FASN,pAct_FDFT1,pAct_FXR,pAct_HMGCR,pAct_LXRa,pAct_PPARG,pAct_SCD,pAct_THRb,top3_mean,max_pAct,tcm,n_active,MTS
CC(=O)O[C@@H]1[C@@H](O)[C@H]([C@@H](O)CO)O[C@H]1C1=C(O)C=C(O)C2=C1OC(C1=CC=C(O)C=C1)=CC2=O,,Crataegus pinnatifida,Shikimates and Phenylpropanoids,6.61,7.74,5.1,7.65,5.46,7.36,5.9,5.49,5.16,6.53,7.58,7.74,山楂,5,35.89
O=C1C(O[C@@H]2O[C@H]([C@H](O)CO)[C@H](O)[C@H]2O)=C(C2=CC=C(O)C(O)=C2)OC2=CC(O)=CC(O)=C12,21637-25-2,Acmella ciliata|Aria edulis|Astragalus bornmuellerianus|Astragalus captiosus|Camellia japonica|Camellia sinensis|Caragana spinosa|Chamerion dodonaei|Chenopodium botrys|Dysphania botrys|Epilobium dodonaei|Epilobium prantlii|Euphorbia marschalliana|Euphorbia smirnovii|Globularia bisnagarica|Hedysarum coronarium|Hypericum brasiliense|Hypericum elegans|Hypericum perforatum|Lagerstroemia speciosa|Lonicera japonica|Marrubium velutinum|Matteuccia struthiopteris|Nelumbo nucifera|Phaseolus vulgaris|Phoenix loureiroi var. loureiroi|Phyllanthus virgatus|Reynoutria sachalinensis|Salix caprea|Salix denticulata|Sorbus aria|Sulla coronaria|Theobroma cacao|Trifolium repens|Tripodanthus acutifolius|Viburnum tinus|Vicia sativa|Volutaria lippii|Warburgia ugandensis,Shikimates and Phenylpropanoids,6.64,7.8,5.07,6.25,5.42,7.33,6.64,5.24,5.17,7.0,7.38,7.8,地耳草/田基黄,5,35.41
O=C1C=C(C2=CC=C(O)C(O)=C2)OC2=CC(O[C@@H]3O[C@H]([C@H](O)CO)[C@H](O)[C@H]3O)=CC(O)=C12,,Sonchus arvensis,Shikimates and Phenylpropanoids,6.63,7.78,4.84,6.26,5.38,7.3,6.65,5.5,5.16,7.04,7.37,7.78,苣荬菜,5,35.4
O=C1C(O[C@@H]2O[C@H]([C@@H](O)CO)[C@H](O)[C@H]2O)=C(C2=CC=C(O)C(O)=C2)OC2=CC(O[C@@H]3O[C@H](CO)[C@@H](O)[C@H](O)[C@H]3O)=CC(O)=C12,,Senecio glaucus|Senecio subdentatus|Tephroseris subdentata,Shikimates and Phenylpropanoids,6.66,7.78,5.1,6.26,5.38,7.31,6.64,5.54,5.18,7.0,7.36,7.78,千里光,5,35.39
COC1=C(C2=CC=C(O)C(O)=C2)OC2=C3C=CC(C)(C)OC3=CC(O)=C2C1=O,"2-(3,4-dihydroxyphenyl)-5-hydroxy-3-methoxy-8,8-dimethyl-4h,8h-benzo[1,2-b:3,4-b']dipyran-4-one",Hypericum japonicum,Shikimates and Phenylpropanoids,6.73,7.59,5.18,6.23,6.61,7.31,5.83,5.6,5.09,7.09,7.33,7.59,地耳草/田基黄,5,35.33
C[C@@H]1O[C@H](OC[C@@H](O)[C@@H]2O[C@@H](OC3=C(C4=CC=C(O)C(O)=C4)OC4=CC(O)=CC(O)=C4C3=O)[C@H](O)[C@@H]2O)[C@@H](O)[C@@H](O)[C@H]1O,,Astragalus melilotoides|Astragalus onobrychis|Lespedeza hedysaroides|Lespedeza juncea|Robinia pseudoacacia,Shikimates and Phenylpropanoids,6.63,7.75,5.07,6.12,5.65,7.34,6.54,5.45,5.16,7.03,7.37,7.75,黄芪,5,35.29
CC[C@H]1C=C[C@@H]([C@@H](O)C=C(C)C)OC(=O)/C(C)=C\C/C(O)=N\C2=CC(O)=CC3=C2O[C@@]2(CC1)CC(=O)[C@@H](C)C3O2,"(1~{S},4~{R},7~{S},10~{Z},13~{E},21~{S})-4-ethyl-13,17-dihydroxy-7-[(1~{S})-1-hydroxy-3-methyl-but-2-enyl]-10,21-dimethyl-8,24,26-trioxa-14-azatetracyclo[13.8.2.1^{1,20}.0^{19,25}]hexacosa-5,10,13,15,17,19(25)-hexaene-9,22-dione",Aegiceras corniculatum|Agaricus integer|Agaricus silvaticus|Ajuga bracteosa|Allium monspessulanum|Arbutus menziesii|Artemisia taurica|Bruguiera gymnorhiza|Buchenavia tetraphylla|Ceramium botryocarpum|Cereus chrysacanthus|Chromodoris obsoleta|Cinnamosma madagascariensis|Coeloseira pacifica|Daldinia concentrica|Echiochilon pauciflorum|Fumaria kraliki|Helichrysum nudifolium|Hyella caespitosa|Hypoxis nyasica|Isoberlinia angolensis|Justicia trinervia|Lepista irina|Macaranga sinensis|Mirabilis jalapa|Otostegia fruticosa|Paranephelius uniflorus|Pardachirus pavoninus|Periploca forrestii|Petalostemon purpureum|Plakinastrella clathrata|Podocarpus amarus|Potebniamyces gallicola|Pseudomonas chlororaphis|Ptilota pectinata|Rhododendron aureum|Saccharothrix mutabilis|Sipunculus nudus|Sonneratia alba|Sophora viciifolia|Stichopus horrens|Streptomyces atratus|Streptomyces caelestis|Tephroseris integrifolia|Teucrium orientale|Trichoderma citrinum|Ulva prolifera|Umbilicaria cinereorufescens|Veltheimia viridifolia|Xylopia aethiopica,Amino acids and Peptides,7.04,7.63,4.56,6.07,7.02,5.18,5.58,6.75,5.05,6.81,7.23,7.63,茵陈/青蒿,5,35.25
CC1(C)C=CC2=C(C=C(O)C3=C2OC(C2=CC=C(O)C(O)=C2)=CC3=O)O1,ARTOCHAMIN C,Agabus bipustulatus|Artocarpus chama|Artocarpus chaplasha|Cereus validus|Conyza incana|Helinus ovatus|Oenothera laciniata|Primula glaucescens|Senecio oxyodon|Solanum sarrachoides,Shikimates and Phenylpropanoids,6.77,7.59,4.87,6.16,6.6,7.03,5.81,5.6,5.1,7.22,7.28,7.59,千里光,5,35.21
CC[C@H]1/C=C/[C@H](O)[C@H](C=C(C)C)OC(=O)[C@@]2(C)C=CC(O)=NC3=C2C(C)=C2C(=C(O)C(C)=CC2=C3C)C(=O)CC1,"(9~{R},10~{E},12~{S},13~{S},16~{S})-9-ethyl-4,12,19-trihydroxy-3,16,23,25-tetramethyl-13-(2-methylprop-1-enyl)-14-oxa-20-azatetracyclo[19.3.1.0^{5,24}.0^{16,22}]pentacosa-1(25),2,4,10,17,19,21,23-octaene-6,15-dione",Aegiceras corniculatum|Agaricus integer|Agaricus silvaticus|Ajuga bracteosa|Allium monspessulanum|Arbutus menziesii|Artemisia taurica|Bruguiera gymnorhiza|Buchenavia tetraphylla|Ceramium botryocarpum|Cereus chrysacanthus|Chromodoris obsoleta|Cinnamosma madagascariensis|Coeloseira pacifica|Daldinia concentrica|Echiochilon pauciflorum|Fumaria kraliki|Helichrysum nudifolium|Hyella caespitosa|Hypoxis nyasica|Isoberlinia angolensis|Justicia trinervia|Lepista irina|Macaranga sinensis|Mirabilis jalapa|Otostegia fruticosa|Paranephelius uniflorus|Pardachirus pavoninus|Periploca forrestii|Petalostemon purpureum|Plakinastrella clathrata|Podocarpus amarus|Potebniamyces gallicola|Pseudomonas chlororaphis|Ptilota pectinata|Rhododendron aureum|Saccharothrix mutabilis|Sipunculus nudus|Sonneratia alba|Sophora viciifolia|Stichopus horrens|Streptomyces atratus|Streptomyces caelestis|Tephroseris integrifolia|Teucrium orientale|Trichoderma citrinum|Ulva prolifera|Umbilicaria cinereorufescens|Veltheimia viridifolia|Xylopia aethiopica,Polyketides,6.53,7.93,4.43,5.73,7.0,5.24,5.79,6.63,5.06,7.0,7.31,7.93,茵陈/青蒿,5,35.09
CC(O)CC1=C(O)C(=O)C2=C3OC(C4=CC=C(O)C(O)=C4)=CC(=O)C3=C(O)C=C2O1,Anthraxin,Hedyotis acutangula,Shikimates and Phenylpropanoids,6.51,7.59,4.88,6.51,5.25,7.11,5.85,5.67,5.25,7.24,7.31,7.59,白花蛇舌草,5,34.96
C[C@H](O)[C@@H]1O[C@@H](OC2=C(C3=CC=C(O)C=C3)OC3=CC(O)=CC(O)=C3C2=O)[C@H](O)[C@@H]1O,5041-73-6,Aconitum brevicalcaratum|Ammodendron conollyi|Carduus nutans|Cirsium dipsacolepis|Cocculus diversifolius|Crinum kirkii|Croton rhamnifolius|Cytisus scoparius|Eria subsessilis|Fucus spiralis|Hypericum triquetrifolium|Isodon japonicus|Knightia deplanchei|Malva sylvestris|Mesembryanthemum anatomicum|Myrica multiflora|Nerium oleander|Ophiarthrum elegans|Parerythropodium fulvum|Plantago lanceolata|Ptilidium ciliare|Rhynchosporium orthosporum|Scutellaria seleriana|Solanum racemigerum|Streptomyces eurythermus|Teucrium pestalozzae|Trifolium apertum|Tripodanthus acutifolius|Veronica pectinata|Verpa digitaliformis|Viguiera annua,Shikimates and Phenylpropanoids,6.59,7.56,5.14,6.13,5.33,7.45,6.61,5.16,5.13,6.52,7.21,7.56,地耳草/田基黄,5,34.73
CC1(C)C=CC2=C(C=C(O)C3=C2OC=C(C2=CC=C(O)C=C2)C3=O)O1,Derrone,Bolusanthus speciosus|Dermatophyllum arizonicum|Derris robusta|Erycibe expansa|Erythrina senegalensis|Ficus nymphaeifolia|Glycyrrhiza glabra|Lupinus luteus|Maackia amurensis|Tephrosia purpurea|Ulex jussiaei|liquorice,Shikimates and Phenylpropanoids,6.78,7.61,5.23,6.27,6.74,7.08,5.83,5.14,5.16,6.5,7.16,7.61,甘草,5,34.71
COC1=CC(OC2=C(O)C(=O)C3=C(O)C(OC)=C(OC)C=C3O2)=CC=C1O,"3,5-dihydroxy-2-(4-hydroxy-3-methoxyphenoxy)-6,7-dimethoxychromen-4-one",Artemisia,Shikimates and Phenylpropanoids,6.67,7.55,5.06,5.96,5.4,5.98,6.64,6.54,5.1,7.18,7.13,7.55,茵陈/青蒿,5,34.58
CC1(C)C=CC2=C(C=C(O)C3=C2OC(C2=CC=C(O)C=C2)=CC3=O)O1,atalantoflavone,Absidia caerulea|Alsidium corallinum|Anthotroche myoporoides|Astragalus flexus|Atalantia buxifolia|Atalantia racemosa|Axinella weltneri|Boswellia papyrifera|Cestrum laevigatum|Citrus limon|Citrus medica|Citrus sinensis|Dactynotus ambrosiae|Erythrina vogelii|Galdieria sulphuraria|Helenium virginicum|Heliotropium digynum|Hypericum caprifoliatum|Lactococcus lactis|Lupinus argenteus|Morus alba|Morus mongolica|Nannoglottis ravida|Phyllidia ocellata|Solanum pennellii|Tephrosia linearis|Trifoliate orange|Ulex airensis|Ulex europaeus|Ulex europaeus subsp. europaeus|Ulmus pumila|ulex europaeus ssp. europaeus,Shikimates and Phenylpropanoids,6.77,7.59,4.98,6.19,6.64,7.07,5.87,5.38,5.16,6.51,7.14,7.59,地耳草/田基黄,5,34.58
COC1=CC(C(=O)OC2C3C=COC(C)C3C3(CO)OC23)=CC=C1O.OCC1OC(O)C(O)C(O)C1O,"[2-(hydroxymethyl)-10-methyl-3,9-dioxatricyclo[4.4.0.0^{2,4}]dec-7-en-5-yl] 4-hydroxy-3-methoxy-benzoate;6-(hydroxymethyl)tetrahydropyran-2,3,4,5-tetrol",Panax quinquefolium|Picrorhiza kurrooa|Picrorhiza scrophulariiflora,Terpenoids,6.53,7.52,5.39,6.08,6.67,6.5,5.7,5.48,5.42,7.27,7.15,7.52,胡黄连,5,34.49
C=C(C)C(CCC(C)(C)O)CC1=C(O)C=C(OC)C2=C1O[C@H](C1=CC=C(O)C=C1O)CC2=O,"(2S)-2-(2,4-dihydroxyphenyl)-7-hydroxy-8-(5-hydroxy-5-methyl-2-prop-1-en-2-ylhexyl)-5-methoxy-2,3-dihydrochromen-4-one",Sophora flavescens,Shikimates and Phenylpropanoids,6.69,7.6,5.06,6.54,6.89,5.86,5.72,5.77,5.06,6.55,7.06,7.6,苦参/槐,5,34.27
C=C(C)[C@H](CCC(C)(C)O)CC1=C(O)C=C(OC)C2=C1O[C@H](C1=CC=C(O)C=C1O)CC2=O,Kurarinol,Abelia chinensis|Albizia julibrissin|Aplophyllum alberti-regelii|Asimina parviflora|Atraphaxis spinosa|Baccharis neglecta|Centaurea maculosa|Chondrodendron tomentosum|Clerodendrum bungei|Conus mus|Cordia leucocephala|Dendronephthya griffini|Diospyros assimilis|Dolabella californica|Embelia parviflora|Embelia schimperi|Ephedra sinica|Epilobium hirsutum|Eria anomala|Erysimum leptophyllum|Erythrina melanacantha|Esenbeckia leiocarpa|Euphorbia nematocypha|Faramea salicifolia|Gymnocalycium schickendantzii|Haplophyllum obtusifolium|Helichrysum tenuifolium|Hypericum styphelioides|Latrunculia magnifica|Lemaireocereus longispinus|Lycogala epidendrum|Lythrum salicaria|Monsonia senegalensis|Morella rubra|Myxococcus stipitatus|Onopordum acanthium|Pancratium sickenbergeri|Piper regnellii|Planchonia grandis|Plathymenia reticulata|Pteridium esculentum|Rhinella marina|Shigella dysenteriae|Simarouba glauca|Siphonaria capensis|Sophora flavescens|Syzygium polycephaloides|Theonella conica|Tricholoma columbetta|Vellozia nanuzae|Vernonia fagifolia,Shikimates and Phenylpropanoids,6.69,7.6,5.06,6.54,6.89,5.86,5.72,5.77,5.06,6.55,7.06,7.6,地耳草/田基黄,5,34.27
C=C(C)[C@H](CCC(C)(C)O)CC1=C(O)C=C(OC)C2=C1O[C@H](C1=CC=C(O)C=C1OC)CC2=O,HY-N7794,Abelia chinensis|Aplophyllum alberti-regelii|Asimina parviflora|Atraphaxis spinosa|Baccharis neglecta|Centaurea maculosa|Chondrodendron tomentosum|Clerodendrum bungei|Conus mus|Cordia leucocephala|Dendronephthya griffini|Diospyros assimilis|Dolabella californica|Embelia parviflora|Embelia schimperi|Ephedra sinica|Epilobium hirsutum|Eria anomala|Erysimum leptophyllum|Erythrina melanacantha|Esenbeckia leiocarpa|Euphorbia nematocypha|Faramea salicifolia|Gymnocalycium schickendantzii|Haplophyllum obtusifolium|Helichrysum tenuifolium|Hypericum styphelioides|Latrunculia magnifica|Lemaireocereus longispinus|Lycogala epidendrum|Lythrum salicaria|Monsonia senegalensis|Morella rubra|Myxococcus stipitatus|Onopordum acanthium|Pancratium sickenbergeri|Piper regnellii|Planchonia grandis|Plathymenia reticulata|Pteridium esculentum|Rhinella marina|Shigella dysenteriae|Simarouba glauca|Siphonaria capensis|Sophora flavescens|Syzygium polycephaloides|Theonella conica|Tricholoma columbetta|Vellozia nanuzae|Vernonia fagifolia,Shikimates and Phenylpropanoids,6.69,7.57,5.09,6.54,6.88,5.87,5.72,5.77,5.05,6.56,7.05,7.57,地耳草/田基黄,5,34.24
C=C(C)[C@@H](CCC(C)(C)O)CC1=C(O)C=C(OC)C2=C1O[C@@H](C1=CC=C(O)C=C1OC)CC2=O,,Sophora flavescens,Shikimates and Phenylpropanoids,6.69,7.57,5.09,6.54,6.88,5.87,5.72,5.77,5.05,6.56,7.05,7.57,苦参/槐,5,34.24
C=C(C)[C@H](CCC(C)(C)O)CC1=C(O)C=C(OC)C2=C1O[C@@H](C1=CC=C(O)C=C1OC)CC2=O,,Abelia chinensis|Aplophyllum alberti-regelii|Asimina parviflora|Atraphaxis spinosa|Baccharis neglecta|Centaurea maculosa|Chondrodendron tomentosum|Clerodendrum bungei|Conus mus|Cordia leucocephala|Dendronephthya griffini|Diospyros assimilis|Dolabella californica|Embelia parviflora|Embelia schimperi|Ephedra sinica|Epilobium hirsutum|Eria anomala|Erysimum leptophyllum|Erythrina melanacantha|Esenbeckia leiocarpa|Euphorbia nematocypha|Faramea salicifolia|Gymnocalycium schickendantzii|Haplophyllum obtusifolium|Helichrysum tenuifolium|Hypericum styphelioides|Latrunculia magnifica|Lemaireocereus longispinus|Lycogala epidendrum|Lythrum salicaria|Monsonia senegalensis|Morella rubra|Myxococcus stipitatus|Onopordum acanthium|Pancratium sickenbergeri|Piper regnellii|Planchonia grandis|Plathymenia reticulata|Pteridium esculentum|Rhinella marina|Shigella dysenteriae|Simarouba glauca|Siphonaria capensis|Sophora flavescens|Syzygium polycephaloides|Theonella conica|Tricholoma columbetta|Vellozia nanuzae|Vernonia fagifolia,Shikimates and Phenylpropanoids,6.69,7.57,5.09,6.54,6.88,5.87,5.72,5.77,5.05,6.56,7.05,7.57,地耳草/田基黄,5,34.24
C=C(C)[C@@H](/C=C/C(C)(C)O)CC1=C(O)C=C(O)C2=C1O[C@@H](C1=CC=C(O)C=C1OC)CC2=O,,Sophora leachiana,Shikimates and Phenylpropanoids,6.72,7.57,5.22,6.62,6.69,5.94,5.75,5.95,5.07,6.62,6.99,7.57,苦参/槐,5,34.22
C=C(C)[C@H](/C=C/C(C)(C)O)CC1=C(O)C=C(O)C2=C1O[C@@H](C1=CC=C(O)C=C1OC)CC2=O,,Sophora leachiana,Shikimates and Phenylpropanoids,6.72,7.57,5.22,6.62,6.69,5.94,5.75,5.95,5.07,6.62,6.99,7.57,苦参/槐,5,34.22
C=C(C)[C@H](CCC(C)(C)O)CC1=C(OC)C=C(O)C2=C1O[C@H](C1=CC=C(O)C=C1O)CC2=O,,Abelia chinensis|Aplophyllum alberti-regelii|Asimina parviflora|Atraphaxis spinosa|Baccharis neglecta|Centaurea maculosa|Chondrodendron tomentosum|Clerodendrum bungei|Conus mus|Cordia leucocephala|Dendronephthya griffini|Diospyros assimilis|Dolabella californica|Embelia parviflora|Embelia schimperi|Ephedra sinica|Epilobium hirsutum|Eria anomala|Erysimum leptophyllum|Erythrina melanacantha|Esenbeckia leiocarpa|Euphorbia nematocypha|Faramea salicifolia|Gymnocalycium schickendantzii|Haplophyllum obtusifolium|Helichrysum tenuifolium|Hypericum styphelioides|Latrunculia magnifica|Lemaireocereus longispinus|Lycogala epidendrum|Lythrum salicaria|Megaselia flavescens|Monsonia senegalensis|Morella rubra|Myxococcus stipitatus|Onopordum acanthium|Pancratium sickenbergeri|Piper regnellii|Planchonia grandis|Plathymenia reticulata|Pteridium esculentum|Rhinella marina|Shigella dysenteriae|Simarouba glauca|Siphonaria capensis|Sophora flavescens|Syzygium polycephaloides|Theonella conica|Tricholoma columbetta|Vellozia nanuzae|Vernonia fagifolia,Shikimates and Phenylpropanoids,6.7,7.6,5.05,6.52,6.73,5.9,5.72,5.79,5.06,6.62,7.01,7.6,地耳草/田基黄,5,34.17
C=C(C)C(CCC(C)(C)O)CC1=C(O)C=C(O)C2=C1O[C@H](C1=CC=C(O)C=C1OC)CC2=O,KUSHENOL P,Sophora alopecuroides|Sophora flavescens,Shikimates and Phenylpropanoids,6.7,7.58,5.08,6.54,6.71,5.96,5.72,5.77,5.05,6.63,7.0,7.58,苦参/槐,5,34.16
C=C(C)[C@H](CCC(C)(C)O)CC1=C(O)C=C(O)C2=C1O[C@H](C1=CC=C(O)C=C1OC)CC2=O,,Abelia chinensis|Aplophyllum alberti-regelii|Asimina parviflora|Atraphaxis spinosa|Baccharis neglecta|Centaurea maculosa|Chondrodendron tomentosum|Clerodendrum bungei|Conus mus|Cordia leucocephala|Dendronephthya griffini|Diospyros assimilis|Dolabella californica|Embelia parviflora|Embelia schimperi|Ephedra sinica|Epilobium hirsutum|Eria anomala|Erysimum leptophyllum|Erythrina melanacantha|Esenbeckia leiocarpa|Euphorbia nematocypha|Faramea salicifolia|Gymnocalycium schickendantzii|Haplophyllum obtusifolium|Helichrysum tenuifolium|Hypericum styphelioides|Latrunculia magnifica|Lemaireocereus longispinus|Lycogala epidendrum|Lythrum salicaria|Monsonia senegalensis|Morella rubra|Myxococcus stipitatus|Onopordum acanthium|Pancratium sickenbergeri|Piper regnellii|Planchonia grandis|Plathymenia reticulata|Pteridium esculentum|Rhinella marina|Shigella dysenteriae|Simarouba glauca|Siphonaria capensis|Sophora flavescens|Syzygium polycephaloides|Theonella conica|Tricholoma columbetta|Vellozia nanuzae|Vernonia fagifolia,Shikimates and Phenylpropanoids,6.7,7.58,5.08,6.54,6.71,5.96,5.72,5.77,5.05,6.63,7.0,7.58,地耳草/田基黄,5,34.16
COC1=C([C@@H]2OC3=CC(O)=CC(O)=C3C(=O)[C@H]2O)C=CC2=C1C=CC(C)(C)O2,,Sophora tomentosa,Shikimates and Phenylpropanoids,6.73,7.59,5.27,6.25,6.58,5.75,6.67,5.2,5.06,6.52,7.0,7.59,苦参/槐,5,34.09
COC1=C([C@@H]2COC3=CC(O)=CC(O)=C3C2=O)C=CC2=C1C=CC(C)(C)O2,,Sophora tomentosa,Shikimates and Phenylpropanoids,6.54,7.54,5.2,6.16,6.68,5.68,6.69,5.12,5.07,6.6,6.97,7.54,苦参/槐,5,34.05
COC1=C(C[C@H](CC=C(C)C)C(C)(C)O)C(O)=CC2=C1C(=O)C[C@@H](C1=CC=C(O)C=C1O)O2,,Abelia chinensis|Aplophyllum alberti-regelii|Asimina parviflora|Atraphaxis spinosa|Baccharis neglecta|Centaurea maculosa|Chondrodendron tomentosum|Clerodendrum bungei|Conus mus|Cordia leucocephala|Dendronephthya griffini|Diospyros assimilis|Dolabella californica|Embelia parviflora|Embelia schimperi|Ephedra sinica|Epilobium hirsutum|Eria anomala|Erysimum leptophyllum|Erythrina melanacantha|Esenbeckia leiocarpa|Euphorbia nematocypha|Faramea salicifolia|Gymnocalycium schickendantzii|Haplophyllum obtusifolium|Helichrysum tenuifolium|Hypericum styphelioides|Latrunculia magnifica|Lemaireocereus longispinus|Lycogala epidendrum|Lythrum salicaria|Megaselia flavescens|Monsonia senegalensis|Morella rubra|Myxococcus stipitatus|Onopordum acanthium|Pancratium sickenbergeri|Piper regnellii|Planchonia grandis|Plathymenia reticulata|Pteridium esculentum|Rhinella marina|Shigella dysenteriae|Simarouba glauca|Siphonaria capensis|Sophora flavescens|Syzygium polycephaloides|Theonella conica|Tricholoma columbetta|Vellozia nanuzae|Vernonia fagifolia,Shikimates and Phenylpropanoids,6.71,7.6,5.14,6.54,6.68,5.71,5.66,5.69,5.06,6.5,7.0,7.6,地耳草/田基黄,5,34.03
COC1=CC(O)=C2C(=O)C(OC)=C(OC3=CC=C(OC)C(OC)=C3)OC2=C1,"2-(3,4-dimethoxyphenoxy)-5-hydroxy-3,7-dimethoxychromen-4-one",Artemisia,Polyketides,6.66,7.4,4.88,5.96,5.46,6.06,6.67,6.55,5.1,6.51,6.91,7.4,茵陈/青蒿,5,33.79
C[C@H]1[C@H](C)CC[C@]2(C)CC[C@]3(C)C(=CC(=O)[C@@H]4[C@@]5(C)CC[C@H](O[C@@H]6O[C@H](CO)[C@@H](O[C@@H]7O[C@H](COC(=O)C8=CC=C(O)C(O)=C8)[C@@H](O)[C@H](O)[C@H]7O)[C@H](O)[C@H]6O)C(C)(C)C5=CC[C@]43C)[C@H]12,,Aceriphyllum rossii|Agnorhiza bolanderi|Alligator mississippiensis|Anaxagorea clavata|Araujia sericifera|Aria pallescens|Arnica nevadensis|Artemisia monogyna|Bassia butyracea|Beyeria brevifolia|Bursaria spinosa|Chloranthus tianmushanensis|Chromolaena odorata|Chromolaena pulchella|Citrus reticulata|Citrus × deliciosa|Cladonia evansii|Clonostachys rosea|Coccus fagi|Dendrosenecio kilimanjari|Dipterocarpus alatus|Drosera peltata|Echinops amplexicaulis|Epaltes gariepina|Ficus formosana|Fusarium gibbosum|Gardenia fosbergii|Ilex affinis|Isodon kameba|Kaempferia pulchra|Lactarius scrobiculatus|Odixia angusta|Pheidole pallidula|Prosopis glandulosa|Prunus laurocerasus|Pseudopterogorgia kallos|Pteris prolifera|Pterocarpus grandiflorus|Pyrosoma giganteum|Quercus aegilops|Rhizobium phaseoli|Salvia officinalis|Securidaca inappendiculata|Senecio squalidus|Seriphidium cinum|Sesbania punicea|Simira eliezeriana|Stenostomum lucidum|Streptomyces althioticus|Taxodium mucronatum|Vitex madiensis,Terpenoids,6.66,7.32,5.52,7.4,5.42,5.7,6.03,6.29,5.54,7.72,7.48,7.72,香茶菜/冬凌草,4,29.1
CC(C)=CCC1=C2OC(C)(C)C=CC2=C2OC(C3=CC=C(O)C(O)=C3)=CC(=O)C2=C1O,,Acanthophyllum sordidum|Aconitum habaense|Aconitum tanguticum|Aphelandra chamissoniana|Bougainvillea glabra|Bryopsis pennata|Ficus beecheyana|Ficus erecta var. beecheyana|Flammulina velutipes|Lecidea carpathica|Lyophyllum connatum|Panax spinosus|Polyalthia stenopetala|Pseudotsuga japonica|Pyropia tenera|Roemeria refracta|Strophanthus hispidus|Strychnos henningsii|Vernonia scorpioides,Shikimates and Phenylpropanoids,6.73,7.79,4.93,6.26,5.69,7.15,5.77,5.82,5.23,7.37,7.44,7.79,人参/三七,4,29.04
COC1=CC(C2=COC3=C(CC=C(C)C)C4=C(C=CC(C)(C)O4)C(O)=C3C2=O)=CC=C1O,Flemiphilippinin C,Acacia dealbata|Flemingia Macrophylla|Flemingia macrophylla|Flemingia philippinensis|Prunus armeniaca|Prunus domestica|Ranunculus acris|Sambucus nigra|Senecio oryzetorum|Senecio scandens|Senecio vulgaris|Tagetes erecta|Taraxacum officinale,Shikimates and Phenylpropanoids,6.75,7.7,5.32,6.29,5.6,7.37,5.74,5.83,5.28,7.2,7.42,7.7,蒲公英,4,29.02
COC1=C(C2=CC=C(O)C(O)=C2)OC2=C(CC=C(C)C)C3=C(C=CC(C)(C)O3)C(O)=C2C1=O,Broussoflavonol A,Broussonetia Papyrifera|Broussonetia papyrifera,Shikimates and Phenylpropanoids,6.74,7.71,5.22,6.24,5.52,7.37,5.78,5.79,5.28,7.15,7.41,7.71,构树,4,28.97
O=C(/C=C/C1=CC=C(O)C2=C1C=C(C1=CC=C(O)C(O)=C1)O2)O[C@H](CC1=CC=C(O)C(O)=C1)C(=O)O,Salvianolic acid C,Angelica keiskei|Gouania tomentosa|Origanum vulgare|Salvia Miltiorrhiza|Salvia bowleyana|Salvia cavaleriei|Salvia miltiorrhiza|Salvia prionitis|Spongia vermicularis,Shikimates and Phenylpropanoids,5.96,7.09,4.94,6.51,5.51,7.43,6.1,6.22,5.3,7.93,7.48,7.93,丹参,4,28.96
O=C(/C=C/C1=CC=C(O)C2=C1C=C(C1=CC=C(O)C(O)=C1)O2)OC(CC1=CC=C(O)C(O)=C1)C(=O)O,,Clerodendranthus spicatus|Salvia bowleyana|Salvia miltiorrhiza,Shikimates and Phenylpropanoids,5.96,7.09,4.94,6.51,5.51,7.43,6.1,6.22,5.3,7.93,7.48,7.93,丹参,4,28.96
CC(C)=CCC1=C2OC(C)(C)C=CC2=C(O)C2=C1OC=C(C1=CC=C(O)C(O)=C1)C2=O,AURICULASIN,Absidia caerulea|Alsidium corallinum|Anthotroche myoporoides|Astragalus flexus|Axinella weltneri|Dactynotus ambrosiae|Erythrina sigmoidea|Erythrina vogelii|Flemingia macrophylla|Flemingia philippinensis|Flemingia prostrata|Galdieria sulphuraria|Helenium virginicum|Heliotropium digynum|Hypericum caprifoliatum|Lactococcus lactis|Maclura cochinchinensis|Maclura pomifera|Millettia extensa|Millettia pachycarpa|Millettia taiwaniana|Nannoglottis ravida|Ormosia monosperma|Phyllidia ocellata,Shikimates and Phenylpropanoids,6.76,7.73,5.38,6.16,5.6,7.09,5.72,5.64,5.3,7.31,7.38,7.73,地耳草/田基黄,4,28.89
C[C@H](CO)CC[C@H](O)[C@@](C)(O)[C@@H]1CC[C@@]2(O)C3=CC(=O)[C@@H]4C[C@H](O)[C@@H](O)C[C@@]4(C)[C@H]3CC[C@@]12C,Inokosterone,Achyranthes bidentata|Achyranthes fauriei|Achyranthes japonica|Lloydia serotina|Polypodium virginianum|Polypodium vulgare,Terpenoids,7.24,7.34,4.44,7.59,5.07,5.58,5.51,6.68,5.22,5.85,7.39,7.59,牛膝,4,28.85
CC(CO)CC[C@@H](O)[C@](C)(O)[C@H]1CC[C@@]2(O)C3=CC(=O)[C@@H]4C[C@@H](O)[C@@H](O)C[C@]4(C)[C@H]3CC[C@]12C,Inokosterone,Achyranthes bidentata|Achyranthes fauriei|Achyranthes japonica,Terpenoids,7.24,7.34,4.44,7.59,5.07,5.58,5.51,6.68,5.22,5.85,7.39,7.59,牛膝,4,28.85
C[C@@H](CO)CC[C@@H](O)[C@](C)(O)[C@H]1CC[C@@]2(O)C3=CC(=O)[C@@H]4C[C@@H](O)[C@@H](O)C[C@]4(C)[C@H]3CC[C@]12C,Inokosterone,Achyranthes Bidentata|Achyranthes bidentata|Achyranthes fauriei|Achyranthes japonica|Lloydia serotina|Morus Alba|Morus alba|Palythoa australiae|Polypodium virginianum|Polypodium vulgare|Rhaponticum carthamoides|Woodwardia orientalis|Zoanthus|Zoanthus sp.,Terpenoids,7.24,7.34,4.44,7.59,5.07,5.58,5.51,6.68,5.22,5.85,7.39,7.59,牛膝,4,28.85
CC(CO)CC[C@@H](O)[C@](C)(O)[C@H]1CC[C@@]2(O)C3=CC(=O)[C@@H]4C[C@@H](O)[C@@H](O)C[C@]4(C)C3CC[C@]12C,Callinecdysone A,Achyranthes bidentata|Achyranthes fauriei|Cyathula officinalis|Euphorbia esula|Morus alba|Radix achyranthis bidentatae|Woodwardia orientalis,Terpenoids,7.24,7.34,4.44,7.59,5.07,5.58,5.51,6.68,5.22,5.85,7.39,7.59,川牛膝,4,28.85
CC(C)=CCC1=C2OC(C)(C)C=CC2=C(O)C2=C1OC(C1=CC=C(O)C(O)=C1)=CC2=O,,Acanthophyllum sordidum|Aconitum habaense|Aconitum tanguticum|Aphelandra chamissoniana|Bougainvillea glabra|Bryopsis pennata|Ficus beecheyana|Ficus erecta var. beecheyana|Flammulina velutipes|Lecidea carpathica|Lyophyllum connatum|Panax spinosus|Polyalthia stenopetala|Pseudotsuga japonica|Pyropia tenera|Roemeria refracta|Strophanthus hispidus|Strychnos henningsii|Vernonia scorpioides,Shikimates and Phenylpropanoids,6.76,7.71,4.92,6.15,5.51,7.09,5.78,5.84,5.3,7.29,7.36,7.71,人参/三七,4,28.85
C[C@H](CO)CC[C@@H](O)[C@](C)(O)[C@H]1CC[C@@]2(O)C3=CC(=O)[C@@H]4C[C@@H](O)[C@@H](O)C[C@]4(C)[C@H]3CC[C@]12C,25S-Inokosterone,Achyranthes aspera|Leuzea carthamoides|Polypodium virginianum|Polypodium vulgare|Rhaponticum carthamoides|Vitex megapotamica,Terpenoids,7.24,7.34,4.44,7.59,5.07,5.58,5.51,6.68,5.22,5.85,7.39,7.59,牛膝,4,28.85
CC1=C2OC(C)(C)C=CC2=C2OC(C3=CC=C(O)C(O)=C3)=CC(=O)C2=C1O,Desmodol,Cassia pumila|Desmodium Caudatum|Desmodium caudatum|Ohwia caudata,Shikimates and Phenylpropanoids,6.79,7.68,4.89,6.33,5.38,7.12,5.77,5.56,5.04,7.25,7.35,7.68,决明子,4,28.84
CC1=COC2=C1[C@](C)(O)C1=C(C=CC(O)=C1C)C2=O,"(4R)-4,6-dihydroxy-3,4,5-trimethylbenzo[f][1]benzofuran-9-one",Parasenecio hastatus,Terpenoids,6.51,7.66,5.52,7.43,5.21,5.51,5.88,5.23,5.11,7.23,7.44,7.66,千里光,4,28.83
COC1=CC(C2=CC(=O)C3=C(O)C4=C(C=C3O2)OC(C)(C)C=C4)=CC=C1O,"5-Hydroxy-8-(4-hydroxy-3-methoxyphenyl)-2,2-dimethyl-2H,6H-benzo[1,2-b:5,4-b']dipyran-6-one",Agrobacterium tumefaciens|Helichrysum arenarium subsp. aucheri|Hypericum japonicum|Lonchocarpus guatemalensis|Lonchocarpus xuul|Lonchocarpus yucatanensis|Ventilago leiocarpa,Shikimates and Phenylpropanoids,6.77,7.56,4.82,6.28,5.29,7.32,5.78,5.57,5.07,7.08,7.32,7.56,地耳草/田基黄,4,28.73
COC1=C(C2=CC=C(O)C(O)=C2)OC2=CC3=C(C=CC(C)(C)O3)C(O)=C2C1=O,Sarothranol,Hypericum japonicum,Shikimates and Phenylpropanoids,6.73,7.58,5.18,6.24,5.31,7.3,5.78,5.58,5.08,7.11,7.33,7.58,地耳草/田基黄,4,28.72
CC(C)=CCC[C@@]1(C)C=CC2=C([C@@H]3CC(=O)C4=C(C=C(O)C(CC=C(C)C)=C4O)O3)C=CC(O)=C2O1,Macaflavanone C,Bacillus thuringiensis|Calodendrum capense|Croton caudatus|Elaeocarpus fuscoides|Jacobaea adonidifolia|Lechevalieria aerocolonigenes|Lepraria xanthina|Macaranga tanarius|Meconopsis horridula|Oxera splendida|Penicillium crustaceum|Pseudophryne coriacea|Stevia purpurea|Streptomyces kanamyceticus|Swartzia madagascariensis|Vitex pinnata|Wolfiporia cocos,Shikimates and Phenylpropanoids,6.72,7.67,5.56,6.18,6.89,5.33,5.61,5.85,5.17,7.42,7.33,7.67,茯苓,4,28.7
CC(C)=CCC[C@]1(C)C=CC2=C([C@@H]3CC(=O)C4=C(C=C(O)C(CC=C(C)C)=C4O)O3)C=CC(O)=C2O1,,Bacillus thuringiensis|Calodendrum capense|Croton caudatus|Elaeocarpus fuscoides|Jacobaea adonidifolia|Lechevalieria aerocolonigenes|Lepraria xanthina|Macaranga tanarius|Meconopsis horridula|Oxera splendida|Penicillium crustaceum|Pseudophryne coriacea|Stevia purpurea|Streptomyces kanamyceticus|Swartzia madagascariensis|Vitex pinnata|Wolfiporia cocos,Shikimates and Phenylpropanoids,6.72,7.67,5.56,6.18,6.89,5.33,5.61,5.85,5.17,7.42,7.33,7.67,茯苓,4,28.7
COC1=CC(CC[C@H](O)C[C@H](O)CCC2=CC(OC)=C(O)C(OC)=C2)=CC=C1O,"(3R,5S)-1-(4-hydroxy-3,5-dimethoxyphenyl)-7-(4-hydroxy-3-methoxyphenyl)heptane-3,5-diol",Curcuma comosa|Zingiber officinale,Shikimates and Phenylpropanoids,5.81,7.05,5.07,7.21,5.21,6.52,5.94,5.29,5.25,7.89,7.38,7.89,莪术/姜黄,4,28.67
COC1=CC(CC[C@H](O)C[C@@H](O)CCC2=CC=C(O)C(OC)=C2)=CC=C1O,"(3S,5S)-1,7-bis(4-hydroxy-3-methoxyphenyl)heptane-3,5-diol",Curcuma xanthorrhiza|Zingiber officinale|Zingiber ottensii|zingiber ottensii,Shikimates and Phenylpropanoids,5.82,7.07,5.07,7.21,5.21,6.55,5.97,5.25,5.26,7.83,7.37,7.83,莪术/姜黄,4,28.66
C=CCC1=CC(C2=CC=C(O)C(CC=C)=C2)=C(O)C([C@@H]2C=C(C)CC[C@H]2C(C)C)=C1,"2-(4-hydroxy-3-prop-2-enylphenyl)-6-[(1S,6S)-3-methyl-6-propan-2-ylcyclohex-2-en-1-yl]-4-prop-2-enylphenol",Magnolia officinalis,Shikimates and Phenylpropanoids,6.12,7.17,5.5,6.53,5.7,7.04,5.91,5.52,5.22,7.91,7.37,7.91,厚朴,4,28.65
C=CCC1=CC(C2=CC(C[C@@H](O)CO)=CC=C2O)=CC=C1O,,Magnolia obovata|Magnolia officinalis,Shikimates and Phenylpropanoids,6.24,7.29,5.42,6.68,5.48,7.09,6.07,5.68,5.39,7.59,7.32,7.59,厚朴,4,28.65
CC(C)=CCC[C@@]1(C)CCC2=C([C@@H]3CC(=O)C4=C(C=C(O)C(CC=C(C)C)=C4O)O3)C=CC(O)=C2O1,Macaflavanone F,Bacillus thuringiensis|Calodendrum capense|Croton caudatus|Elaeocarpus fuscoides|Jacobaea adonidifolia|Lechevalieria aerocolonigenes|Lepraria xanthina|Macaranga tanarius|Meconopsis horridula|Oxera splendida|Penicillium crustaceum|Pseudophryne coriacea|Stevia purpurea|Streptomyces kanamyceticus|Swartzia madagascariensis|Vitex pinnata|Wolfiporia cocos,Shikimates and Phenylpropanoids,6.77,7.6,5.54,5.71,6.8,5.3,5.68,5.77,5.16,7.46,7.29,7.6,茯苓,4,28.63
CC(C)=CCC[C@]1(C)CCC2=C([C@@H]3CC(=O)C4=C(C=C(O)C(CC=C(C)C)=C4O)O3)C=CC(O)=C2O1,Macaflavanone G,Bacillus thuringiensis|Calodendrum capense|Croton caudatus|Elaeocarpus fuscoides|Jacobaea adonidifolia|Lechevalieria aerocolonigenes|Lepraria xanthina|Macaranga tanarius|Meconopsis horridula|Oxera splendida|Penicillium crustaceum|Pseudophryne coriacea|Stevia purpurea|Streptomyces kanamyceticus|Swartzia madagascariensis|Vitex pinnata|Wolfiporia cocos,Shikimates and Phenylpropanoids,6.77,7.6,5.54,5.71,6.8,5.3,5.68,5.77,5.16,7.46,7.29,7.6,茯苓,4,28.63
C=CCC1=C[C@](OC)([C@H](C)CC2=CC=C(O)C(OC)=C2)C(OC)=CC1=O,,Aniba lancifolia|Clitocybe inversa|Delphinus delphis|Hypericum calycinum|Kalanchoe petitiana|Tripora divaricata,Shikimates and Phenylpropanoids,6.74,7.61,5.35,6.93,5.24,6.13,5.73,5.59,5.33,7.33,7.29,7.61,地耳草/田基黄,4,28.61
C=CCC1=C[C@@](OC)([C@H](C)CC2=CC=C(O)C(OC)=C2)C(OC)=CC1=O,,Aniba lancifolia|Clitocybe inversa|Delphinus delphis|Hypericum calycinum|Kalanchoe petitiana|Tripora divaricata,Shikimates and Phenylpropanoids,6.74,7.61,5.35,6.93,5.24,6.13,5.73,5.59,5.33,7.33,7.29,7.61,地耳草/田基黄,4,28.61
CC1(C)C=CC2=C(C=C3OC(C4=CC=C(O)C(O)=C4)=CC(=O)C3=C2O)O1,"8-(3,4-dihydroxyphenyl)-5-hydroxy-2,2-dimethylpyrano[3,2-g]chromen-6-one",Hypericum japonicum,Shikimates and Phenylpropanoids,6.77,7.58,4.89,6.14,5.3,7.05,5.76,5.55,5.09,7.2,7.28,7.58,地耳草/田基黄,4,28.6
COC1=C(O[C@@H]2O[C@H](COC(=O)CC(C)C)[C@@H](O)[C@H](O)[C@H]2O)C=C2OC(C3=CC=C(O)C(O)=C3)=C(O)C(=O)C2=C1O,"[(2R,3S,4S,5R,6S)-6-[2-(3,4-dihydroxyphenyl)-3,5-dihydroxy-6-methoxy-4-oxochromen-7-yl]oxy-3,4,5-trihydroxyoxan-2-yl]methyl 3-methylbutanoate",Inula britannica,Shikimates and Phenylpropanoids,6.57,7.57,5.24,6.35,5.26,7.32,5.78,5.62,5.15,7.12,7.34,7.57,旋覆花/土木香,4,28.58
COC1=CC(CC[C@H](O)C[C@H](O)CCC2=CC=C(O)C=C2)=CC=C1O,,Curcuma kwangsiensis,Shikimates and Phenylpropanoids,5.83,7.16,4.98,7.24,5.22,6.58,5.98,5.21,5.28,7.6,7.33,7.6,莪术/姜黄,4,28.58
COC1=CC(CC[C@@H](O)C[C@@H](O)CCC2=CC=C(O)C=C2)=CC=C1O,"(3R,5S)-1-(4-hydroxy-3-methoxyphenyl)-7-(4-hydroxyphenyl)heptane-3,5-diol",Curcuma kwangsiensis,Shikimates and Phenylpropanoids,5.83,7.16,4.98,7.24,5.22,6.58,5.98,5.21,5.28,7.6,7.33,7.6,莪术/姜黄,4,28.58
COC1=C(O[C@@H]2O[C@H](COC(=O)C(C)C)[C@@H](O)[C@H](O)[C@H]2O)C=C2OC(C3=CC=C(O)C(O)=C3)=C(O)C(=O)C2=C1O,"[(2R,3S,4S,5R,6S)-6-[2-(3,4-dihydroxyphenyl)-3,5-dihydroxy-6-methoxy-4-oxochromen-7-yl]oxy-3,4,5-trihydroxyoxan-2-yl]methyl 2-methylpropanoate",Buphthalmum salicifolium|Cystoseira fimbriata|Fusarium sambucinum|Inula britannica,Shikimates and Phenylpropanoids,6.54,7.6,5.25,6.31,4.97,7.32,5.76,5.74,5.15,7.11,7.34,7.6,旋覆花/土木香,4,28.57
COC1=CC(CC[C@@H](O)C[C@H](O)CCC2=CC=C(O)C(O)=C2)=CC=C1O,"4-[(3R,5R)-3,5-dihydroxy-7-(4-hydroxy-3-methoxyphenyl)heptyl]benzene-1,2-diol",Curcuma kwangsiensis|Dioscorea nipponica|Tacca chantrieri,Shikimates and Phenylpropanoids,5.86,7.07,5.06,7.1,5.21,6.55,5.95,5.27,5.18,7.84,7.34,7.84,莪术/姜黄,4,28.56
O=C(/C=C/C1=CC=C(OC2=CC3=CC(O)=C(O)C=C3OC2=O)C(O)=C1)O[C@@H](CC1=CC=C(O)C(O)=C1)C(=O)O,,Salvia officinalis,Shikimates and Phenylpropanoids,6.73,7.74,5.19,6.7,5.35,6.31,5.86,6.07,5.26,7.38,7.28,7.74,丹参,4,28.55
O=C(/C=C/C1=CC=C(OC2=CC3=CC(O)=C(O)C=C3OC2=O)C(O)=C1)O[C@H](CC1=CC=C(O)C(O)=C1)C(=O)O,,Salvia officinalis,Shikimates and Phenylpropanoids,6.73,7.74,5.19,6.7,5.35,6.31,5.86,6.07,5.26,7.38,7.28,7.74,丹参,4,28.55
O=C(/C=C/C1=CC=C(OC2=CC3=CC(O)=C(O)C=C3OC2=O)C(O)=C1)OC(CC1=CC=C(O)C(O)=C1)C(=O)O,,Salvia officinalis,Shikimates and Phenylpropanoids,6.73,7.74,5.19,6.7,5.35,6.31,5.86,6.07,5.26,7.38,7.28,7.74,丹参,4,28.55
CC=C1/N=C(\O)[C@H]([C@H](C)O)/N=C(\O)C2=CSC(=N2)C2=CC(O)=C(C3=NC(C(=O)N[C@@H](C)C(N)=O)=CS3)N=C2C2=CSC(=N2)[C@H]2CSC(=O)C3=C(C)C4=C(C=CC=C4COC(=O)[C@@H](O)C[C@H](/N=C(\O)C4=CSC1=N4)C1=NC(=CS1)/C(O)=N\2)N3,"~{N}-[(1~{S})-2-amino-1-methyl-2-oxo-ethyl]-2-[(1~{R},16~{Z},18~{S},19~{Z},26~{Z},28~{S},30~{S},45~{E})-21-ethylidene-9,16,19,26,30,46-hexahydroxy-18-[(1~{S})-1-hydroxyethyl]-40-methyl-31,42-dioxo-32-oxa-3,13,23,43,49-pentathia-7,17,20,27,45,51,52,53,54,55-decazanonacyclo[26.16.6.1^{2,5}.1^{12,15}.1^{22,25}.1^{38,41}.1^{47,50}.0^{6,11}.0^{34,39}]pentapentaconta-2(55),4,6,8,10,12(54),14,16,19,22(53),24,26,34,36,38,40,45,47,50-nonadecaen-8-yl]thiazole-4-carboxamide",Aconitum umbrosum|Allium ampeloprasum|Artemisia iwayomogi|Bolboschoenus maritimus|Conyza pallidiflora|Diospyros chloroxylon|Drimia altissima|Evasterias retifera|Garcinia neglecta|Helenium amarum|Lemaireocereus stellatus|Ligularia lankongensis|Lithospermum carolinense|Lonicera nitida|Maytenus disticha|Myxococcus xanthus|Narcissus pseudonarcissus subsp. radinganorum|Nodulisporium hinnuleum|Phebalium rotundifolium|Pulsatilla vulgaris subsp. grandis|Scutellaria viscidula|Selinum tenuifolium|Senecio retrorsus|Sideritis glacialis|Streptomyces antibioticus|Taxus wallichiana|Uperoleia rugosa|Vernonia arkansana|Xanthorrhoea reflexa,Amino acids and Peptides,5.75,7.51,5.72,5.97,6.07,7.25,5.71,6.53,4.99,7.23,7.33,7.51,黄芩,4,28.52
O=C1C[C@@H](C2=CC=CC=C2)OC2=C(CC3=CC=CC=C3O)C(O)=C(CC3=CC(CC4=CC=CC=C4O)=CC=C3O)C(O)=C12,,Crotalaria pallida|Evolvulus nummularius|Fontinalis antipyretica|Helminthosporium avenae|Lactarius subumbonatus|Menispermum dahuricum|Pleurocybella porrigens|Tripterygium forrestii|Uvaria chamae|Uvaria doeringii|Uvaria lucida,Shikimates and Phenylpropanoids,6.37,7.66,5.43,6.72,6.67,5.32,5.87,6.06,5.12,7.47,7.28,7.66,北豆根,4,28.52
O=C1C[C@@H](C2=CC=CC=C2)OC2=C(CC3=CC(CC4=CC=CC=C4O)=CC=C3O)C(O)=C(CC3=CC=CC=C3O)C(O)=C12,Isouvarinol,Crotalaria pallida|Evolvulus nummularius|Fontinalis antipyretica|Helminthosporium avenae|Lactarius subumbonatus|Menispermum dahuricum|Pleurocybella porrigens|Tripterygium forrestii|Uvaria lucida|Uvaria lucida ssp. lucida|Xylopia africana,Shikimates and Phenylpropanoids,6.37,7.66,5.43,6.72,6.67,5.32,5.87,6.06,5.12,7.47,7.28,7.66,北豆根,4,28.52
CC(C)=CCCC(C)=CCC1=C([C@@H]2CC(=O)C3=C(C=C4OC(C)(C)C=CC4=C3O)O2)C=CC(O)=C1O,,Bacillus thuringiensis|Calodendrum capense|Croton caudatus|Elaeocarpus fuscoides|Jacobaea adonidifolia|Lechevalieria aerocolonigenes|Lepraria xanthina|Macaranga tanarius|Meconopsis horridula|Oxera splendida|Penicillium crustaceum|Pseudophryne coriacea|Stevia purpurea|Streptomyces kanamyceticus|Swartzia madagascariensis|Vitex pinnata|Wolfiporia cocos,Shikimates and Phenylpropanoids,6.67,7.64,5.4,5.92,6.77,5.19,5.61,5.71,5.17,7.43,7.28,7.64,茯苓,4,28.51
CC[C@@H](C)C(=O)OC[C@H]1O[C@@H](OC2=CC3=C(C(O)=C2OC)C(=O)C(O)=C(C2=CC=C(O)C(O)=C2)O3)[C@H](O)[C@@H](O)[C@@H]1O,,Inula britannica|Pentanema britannicum,Shikimates and Phenylpropanoids,6.53,7.6,5.25,6.24,5.25,7.28,5.79,5.68,5.15,7.09,7.32,7.6,旋覆花/土木香,4,28.5
CC(C)=CCC1=CC([C@@H]2CC(=O)C3=CC=C4OC(C)(C)C=CC4=C3O2)=CC=C1O,Shinflavanone,Glycyrrhiza glabra|Glycyrrhiza inflata|Glycyrrhiza uralensis|liquorice,Shikimates and Phenylpropanoids,6.72,7.57,5.48,6.12,6.83,5.28,5.53,6.01,5.13,7.38,7.26,7.57,甘草,4,28.5
CC[C@H](C)C(=O)OC[C@H]1O[C@@H](OC2=CC3=C(C(O)=C2OC)C(=O)C(O)=C(C2=CC=C(O)C(O)=C2)O3)[C@H](O)[C@@H](O)[C@@H]1O,,Inula britannica,Shikimates and Phenylpropanoids,6.53,7.6,5.25,6.24,5.25,7.28,5.79,5.68,5.15,7.09,7.32,7.6,旋覆花/土木香,4,28.5
CC[C@@H](C)C(=O)OC[C@H]1O[C@@H](OC2=CC3=C(C(O)=C2OC)C(=O)C(O)=C(C2=CC=C(O)C(O)=C2)O3)[C@@H](O)[C@@H](O)[C@@H]1O,,Inula britannica,Shikimates and Phenylpropanoids,6.53,7.6,5.25,6.24,5.25,7.28,5.79,5.68,5.15,7.09,7.32,7.6,旋覆花/土木香,4,28.5
CC(C)=CCCC(C)=CCC1=C([C@@H]2CC(=O)C3=C(C=C4OC(C)(C)CCC4=C3O)O2)C=CC(O)=C1O,,Bacillus thuringiensis|Calodendrum capense|Croton caudatus|Elaeocarpus fuscoides|Jacobaea adonidifolia|Lechevalieria aerocolonigenes|Lepraria xanthina|Macaranga tanarius|Meconopsis horridula|Oxera splendida|Penicillium crustaceum|Pseudophryne coriacea|Stevia purpurea|Streptomyces kanamyceticus|Swartzia madagascariensis|Vitex pinnata|Wolfiporia cocos,Shikimates and Phenylpropanoids,6.68,7.62,5.49,5.88,6.76,5.17,5.66,5.74,5.18,7.44,7.27,7.62,茯苓,4,28.5
CCC(C)C(=O)OC[C@H]1O[C@@H](OC2=CC3=C(C(O)=C2OC)C(=O)C(O)=C(C2=CC=C(O)C(O)=C2)O3)[C@H](O)[C@@H](O)[C@@H]1O,"[(2R,3S,4S,5R,6S)-6-[2-(3,4-dihydroxyphenyl)-3,5-dihydroxy-6-methoxy-4-oxochromen-7-yl]oxy-3,4,5-trihydroxyoxan-2-yl]methyl 2-methylbutanoate",Inula britannica,Shikimates and Phenylpropanoids,6.53,7.6,5.25,6.24,5.25,7.28,5.79,5.68,5.15,7.09,7.32,7.6,旋覆花/土木香,4,28.5
CC(C)(O[C@H]1O[C@H](CO)[C@@H](O)[C@H](O)[C@H]1O)[C@H](O)CC1=C(O)C=CC2=C1OC(=O)C=C2,,Ligularia subspicata|Quercus acuta|Rubus thibetanus,Shikimates and Phenylpropanoids,6.83,7.87,5.3,6.53,5.2,5.72,5.62,5.65,5.15,7.25,7.32,7.87,橐吾,4,28.48
CC(C)=CCC1=C(O)C=CC2=C1OC[C@@H](C1=CC=C3OC(C)(C)C=CC3=C1O)C2,"6-[(3R)-7-hydroxy-8-(3-methylbut-2-enyl)-3,4-dihydro-2H-chromen-3-yl]-2,2-dimethylchromen-5-ol",Glycyrrhiza glabra|liquorice,Shikimates and Phenylpropanoids,6.37,7.1,5.39,6.11,6.89,6.71,5.65,5.51,5.18,7.77,7.25,7.77,甘草,4,28.47
CC(C)=CCC1=C(O)C=CC2=C1OC[C@H](C1=CC=C3OC(C)(C)C=CC3=C1O)C2,,Glycyrrhiza glabra|liquorice,Shikimates and Phenylpropanoids,6.37,7.1,5.39,6.11,6.89,6.71,5.65,5.51,5.18,7.77,7.25,7.77,甘草,4,28.47
O=C1C=C(OC2=CC=C(O)C(O)=C2)OC2=CC(O)=CC(O)=C12,"2-(3,4-dihydroxyphenoxy)-5,7-dihydroxychromen-4-one",Artemisia,Shikimates and Phenylpropanoids,6.71,7.68,4.85,5.82,5.22,6.1,6.74,6.18,5.08,7.34,7.25,7.68,茵陈/青蒿,4,28.47
O=C(/C=C/C1=CC=C(O)C(O)=C1)O[C@H]1[C@@H]2C=CO[C@@H](O[C@@H]3O[C@H](CO)[C@@H](O)[C@H](O)[C@H]3O)[C@@H]2[C@@]2(CO)O[C@@H]12,verminoside,Eremophila ionantha|Kigelia Africana|Picrorhiza scrophulariiflora|Stereospermum Cylindricum|Stereospermum acuminatissimum|Stereospermum colais|Stereospermum cylindricum|Stereospermum tetragonum|Veronica alpina|Veronica bellidioides|Veronica cymbalaria|Veronica filiformis|Veronica kellereri|Veronica lavaudiana|Veronica longifolia|Veronica officinalis|Veronica orientalis|Veronica persica|Veronica pulvinaris|Veronica thomsonii|blue water-speedwell|ivy-leaved speedwell,Terpenoids,6.68,7.65,5.44,6.07,6.69,5.92,5.68,5.42,5.21,7.44,7.26,7.65,胡黄连,4,28.46
O=C(/C=C\C1=CC=C(O)C(O)=C1)O[C@H]1[C@H]2C=CO[C@@H](O[C@@H]3O[C@H](CO)[C@@H](O)[C@@H](O)[C@@H]3O)[C@@H]2[C@@]2(CO)O[C@@H]12,,Kigelia africana|Kigelia pinnata DC.|Picrorhiza scrophulariiflora|Stereospermum cylindricum|Veronica anagallis-aquatica|Veronica bellidioides|Veronica cymbalaria|Veronica ligustrifolia A.Cunn|Veronica officinalis|Veronica persica|Veronica salicifolia G. Forst.|Veronica x andersonii Lindl. et Pax|blue water-speedwell,Terpenoids,6.68,7.65,5.44,6.07,6.69,5.92,5.68,5.42,5.21,7.44,7.26,7.65,胡黄连,4,28.46
O=C(/C=C/C1=CC=C(O)C(O)=C1)O[C@H]1[C@H]2C=CO[C@@H](O[C@@H]3O[C@H](CO)[C@@H](O)[C@@H](O)[C@@H]3O)[C@@H]2[C@@]2(CO)O[C@@H]12,,Kigelia africana|Neopicrorhiza scrophulariiflora|Picrorhiza scrophulariiflora|Stereospermum cylindricum|Veronica bellidioides|Veronica cymbalaria|Veronica officinalis|blue water-speedwell,Terpenoids,6.68,7.65,5.44,6.07,6.69,5.92,5.68,5.42,5.21,7.44,7.26,7.65,胡黄连,4,28.46
CC(C)=CCC1=C(O)C=CC([C@@H]2COC3=C(C=CC4=C3C=CC(C)(C)O4)C2)=C1O,Hispaglabridin A,Glycyrrhiza glabra|Glycyrrhiza glabra var. typica|Glycyrrhiza inflata|Glycyrrhiza uralensis|Lentinus tigrinus|Mitracarpus scaber|liquorice,Shikimates and Phenylpropanoids,6.36,7.09,5.4,6.13,6.89,6.71,5.66,5.51,5.18,7.76,7.25,7.76,甘草,4,28.45
O=C(O)C(CC1=CC=C(O)C(O)=C1)OC(O)/C=C/C1=CC(O)C(O)C=C1,,Clerodendranthus spicatus|Herba dracocephali tangutici|Lycopus lucidus|Mentha canadensis|Mentha haplocalyx|Perilla frutescens var. arguta|Picria felterrae|Rosmarinus officinalis|Salvia przewalskii|Schizonepeta tenuifolia,Shikimates and Phenylpropanoids,6.34,7.12,5.39,6.71,6.66,5.99,5.83,5.89,5.17,7.94,7.26,7.94,丹参,4,28.43
CC1(C)C=CC2=C(C=CC3=C2OC2=C(O[C@@H]4O[C@H](CO)[C@@H](O)[C@H](O)[C@H]4O)C(O)=CC=C2C3=O)O1,"10-hydroxy-3,3-dimethyl-11-[(2S,3R,4S,5S,6R)-3,4,5-trihydroxy-6-(hydroxymethyl)oxan-2-yl]oxypyrano[2,3-c]xanthen-7-one",Hypericum japonicum,Shikimates and Phenylpropanoids,6.77,7.69,5.23,6.16,6.65,5.57,5.55,5.54,5.13,7.32,7.26,7.69,地耳草/田基黄,4,28.43
CC(C)=CCC1=CC([C@@H]2CC(=O)C3=CC=C(O)C(CC=C(C)C)=C3O2)=CC2=C1OC(C)(C)CC2,,Sophora tonkinensis,Shikimates and Phenylpropanoids,6.69,7.56,5.56,5.63,6.78,5.29,5.72,6.17,5.16,7.39,7.24,7.56,苦参/槐,4,28.42
CC(C)=C/C=C/[C@]1(C)CCC2=C([C@@H]3CC(=O)C4=C(C=C(O)C(CC=C(C)C)=C4O)O3)C=CC(O)=C2O1,Macaflavanone E,Bacillus thuringiensis|Calodendrum capense|Croton caudatus|Elaeocarpus fuscoides|Jacobaea adonidifolia|Lechevalieria aerocolonigenes|Lepraria xanthina|Macaranga tanarius|Meconopsis horridula|Oxera splendida|Penicillium crustaceum|Pseudophryne coriacea|Stevia purpurea|Streptomyces kanamyceticus|Swartzia madagascariensis|Vitex pinnata|Wolfiporia cocos,Shikimates and Phenylpropanoids,6.75,7.6,5.56,5.72,6.67,5.31,5.74,5.76,5.16,7.39,7.25,7.6,茯苓,4,28.41
CC(C)=C/C=C/[C@@]1(C)CCC2=C([C@@H]3CC(=O)C4=C(C=C(O)C(CC=C(C)C)=C4O)O3)C=CC(O)=C2O1,Macaflavanone D,Bacillus thuringiensis|Calodendrum capense|Croton caudatus|Elaeocarpus fuscoides|Jacobaea adonidifolia|Lechevalieria aerocolonigenes|Lepraria xanthina|Macaranga tanarius|Meconopsis horridula|Oxera splendida|Penicillium crustaceum|Pseudophryne coriacea|Stevia purpurea|Streptomyces kanamyceticus|Swartzia madagascariensis|Vitex pinnata|Wolfiporia cocos,Shikimates and Phenylpropanoids,6.75,7.6,5.56,5.72,6.67,5.31,5.74,5.76,5.16,7.39,7.25,7.6,茯苓,4,28.41
O=C(O[C@H](CC1=CC=C(O)C(O)=C1)C(=O)O)C1=CC2=CC=C(O)C3=C2C(=C1C(=O)O[C@H](CC1=CC=C(O)C(O)=C1)C(=O)O)C1=CC=C(O)C(O)=C1O3,,Salvia yunnanensis,Shikimates and Phenylpropanoids,5.98,7.06,5.39,7.02,5.37,6.65,6.0,5.68,5.27,7.67,7.25,7.67,丹参,4,28.4
C=CC(C)(C)[C@@]1(C[C@@H]2N=C(O)[C@]3(OC)CCCN3C2=O)C(O)=NC2=C1C=CC1=C2C=CC(C)(C)O1,"(3S,8aR)-1-hydroxy-3-[[(3R)-2-hydroxy-7,7-dimethyl-3-(2-methylbut-3-en-2-yl)pyrano[2,3-g]indol-3-yl]methyl]-8a-methoxy-6,7,8-trihydro-3H-pyrrolo[1,2-a]pyrazin-4-one",Acherontia atropus|Achillea macrophylla|Agave aurea|Ajuga spectabilis|Alstroemeria revoluta|Aspergillus sulphureus + Isaria felina|Astragalus tragacantha|Baphia nitida|Callistemon viminalis|Cissus pallidiflorus|Crataegus davisii|Crinum erubescens|Cupressus lawsoniana|Emilia sonchifolia|Encephalartos altensteinii|Eria foetida|Eupatorium havanense|Euphorbia kamerunica|Euphorbia marginata|Excoecaria oppositifolia|Gardenia collinsae|Grindelia acutifolia|Guanomyces polythrix|Gymnosporia senegalensis|Ircinia oros|Jungermannia hyalina|Kobresia nepalensis|Ligularia muliensis|Litsea aciculata|Litsea pulchella|Marrubium alysson|Melampodium heterophyllum|Myrmica sabuleti|Mytilus edulis|Nuphar lutea|Pausinystalia mayumbensis|Penicillium olsonii|Pentzia incana|Perilla frutescens var. arguta|Prangos pabularia|Pronephrium triphyllum|Selliguea feei|Shuteria involucrata var. vestita|Simaba multiflora|Sinocalamus affinis|Stevia chamaedrys|Teucrium oxylepis|Trifolium subterraneum|Trillium camschatcense|Ursinia abrotanifolia|Xenorhabdus bovienii,Alkaloids,7.18,7.47,5.44,6.42,6.69,5.57,5.69,5.4,4.94,7.06,7.24,7.47,栀子,4,28.4
CC(C)=CCC1=CC([C@@H]2OC3=C(C=CC4=C3C=CC(C)(C)O4)C(=O)[C@H]2O)=CC=C1O,,Glycyrrhiza glabra|liquorice,Shikimates and Phenylpropanoids,6.62,7.62,5.52,6.16,6.75,5.43,5.55,5.52,5.16,7.39,7.25,7.62,甘草,4,28.38
CC(C)=CCC1=CC([C@H]2OC3=C(C=CC4=C3C=CC(C)(C)O4)C(=O)[C@@H]2O)=CC=C1O,Kanzonol Z,Glycyrrhiza glabra|liquorice,Shikimates and Phenylpropanoids,6.62,7.62,5.52,6.16,6.75,5.43,5.55,5.52,5.16,7.39,7.25,7.62,甘草,4,28.38
C[C@@]12CC[C@@H]3[C@]4(CCC[C@]3(C)C(=O)OC4)[C@@H]1CC[C@]1(C)OC3=CC=C(O)C=C3C[C@@H]21,,Acacia discolor|Anzia opuntiella|Boehmeria platyphylla|Coleus scutellarioides|Enterospermum pruinosum|Gymnosporia arbutifolia|Lavandula pedunculata|Peltogyne venosa|Petrosia durissima|Rhamnus saxatilis|Stephania pierrei|Tanacetum chiliophyllum,Terpenoids,6.86,7.54,5.45,7.43,5.28,5.16,5.92,5.11,4.96,6.54,7.28,7.54,茯苓,4,28.37
O=C(O[C@H](CC1=CC=C(O)C(O)=C1)C(=O)O)C1=CC2=CC=C(O)C3=C2C(=C1C(=O)O[C@H](CC1=CC=C(O)C(O)=C1)C(=O)O)C1=CC(O)=C(O)C=C1O3,,Salvia yunnanensis,Shikimates and Phenylpropanoids,5.96,7.07,5.36,7.03,5.38,6.53,6.01,5.67,5.26,7.73,7.28,7.73,丹参,4,28.36
CC1(C)C=CC2=C3NC4=C(C[C@@]56N=C(O)[C@]7(CCCN7C5=O)C[C@H]6C4(C)C)C3=CC=C2O1,"(1~{S},17~{S},19~{S})-26-hydroxy-9,9,16,16-tetramethyl-8-oxa-14,23,25-triazaheptacyclo[17.5.2.0^{1,17}.0^{3,15}.0^{4,13}.0^{7,12}.0^{19,23}]hexacosa-3(15),4,6,10,12,25-hexaen-24-one",Acherontia atropus|Achillea macrophylla|Agave aurea|Ajuga spectabilis|Alstroemeria revoluta|Aspergillus sp.|Astragalus tragacantha|Baphia nitida|Callistemon viminalis|Cissus pallidiflorus|Crataegus davisii|Crinum erubescens|Cupressus lawsoniana|Emilia sonchifolia|Encephalartos altensteinii|Eria foetida|Eupatorium havanense|Euphorbia kamerunica|Euphorbia marginata|Excoecaria oppositifolia|Gardenia collinsae|Grindelia acutifolia|Guanomyces polythrix|Gymnosporia senegalensis|Ircinia oros|Jungermannia hyalina|Kobresia nepalensis|Ligularia muliensis|Litsea aciculata|Litsea pulchella|Marrubium alysson|Melampodium heterophyllum|Myrmica sabuleti|Mytilus edulis|Nuphar lutea|Pausinystalia mayumbensis|Penicillium olsonii|Pentzia incana|Perilla frutescens var. arguta|Prangos pabularia|Pronephrium triphyllum|Selliguea feei|Shuteria involucrata var. vestita|Simaba multiflora|Sinocalamus affinis|Stevia chamaedrys|Teucrium oxylepis|Trifolium subterraneum|Trillium camschatcense|Ursinia abrotanifolia|Xenorhabdus bovienii,Alkaloids,7.0,7.57,5.88,5.96,6.84,5.45,5.65,5.45,5.25,6.94,7.17,7.57,栀子,4,28.35
CC1=CC(=O)O/C1=C/[C@H](O)[C@@](C)(O)CC[C@@H]1[C@@]2(C)CCC[C@@](C)(C(=O)O)[C@@H]2CC[C@@]1(C)O,,Arthrobotrys oligospora|Bryum weigelii|Fritillaria thunbergii|Plantago cornuti|Plectranthus sylvestris|Salvia palaestina|Tephrosia egregia|Triopha carpenteri|Tulipa sylvestris|Vatica cinerea|Walsura chrysogyne,Terpenoids,7.14,7.67,4.41,6.6,5.23,5.26,5.95,6.93,5.06,5.54,7.25,7.67,丹参,4,28.34
CO[C@H]1C2=C(NC3=C4C=CC(C)(C)OC4=CC=C23)C(C)(C)[C@@H]2C[C@]34CCCN3C(=O)[C@]12N=C4O,"(1~{R},2~{S},17~{S},19~{S})-26-hydroxy-2-methoxy-9,9,16,16-tetramethyl-8-oxa-14,23,25-triazaheptacyclo[17.5.2.0^{1,17}.0^{3,15}.0^{4,13}.0^{7,12}.0^{19,23}]hexacosa-3(15),4,6,10,12,25-hexaen-24-one",Acherontia atropus|Achillea macrophylla|Agave aurea|Ajuga spectabilis|Alstroemeria revoluta|Aspergillus sp.|Astragalus tragacantha|Baphia nitida|Callistemon viminalis|Cissus pallidiflorus|Crataegus davisii|Crinum erubescens|Cupressus lawsoniana|Emilia sonchifolia|Encephalartos altensteinii|Eria foetida|Eupatorium havanense|Euphorbia kamerunica|Euphorbia marginata|Excoecaria oppositifolia|Gardenia collinsae|Grindelia acutifolia|Guanomyces polythrix|Gymnosporia senegalensis|Ircinia oros|Jungermannia hyalina|Kobresia nepalensis|Ligularia muliensis|Litsea aciculata|Litsea pulchella|Marrubium alysson|Melampodium heterophyllum|Myrmica sabuleti|Mytilus edulis|Nuphar lutea|Pausinystalia mayumbensis|Penicillium olsonii|Pentzia incana|Perilla frutescens var. arguta|Prangos pabularia|Pronephrium triphyllum|Selliguea feei|Shuteria involucrata var. vestita|Simaba multiflora|Sinocalamus affinis|Stevia chamaedrys|Teucrium oxylepis|Trifolium subterraneum|Trillium camschatcense|Ursinia abrotanifolia|Xenorhabdus bovienii,Alkaloids,7.06,7.52,5.67,6.07,6.81,5.48,5.41,6.09,5.19,6.94,7.17,7.52,栀子,4,28.33
CC1(C)C=CC2=C3NC4=C(C(=O)[C@@]56N=C(O)[C@]7(CCCN7C5=O)C[C@H]6C4(C)C)C3=CC=C2O1,"(1~{R},17~{S},19~{S})-26-hydroxy-9,9,16,16-tetramethyl-8-oxa-14,23,25-triazaheptacyclo[17.5.2.0^{1,17}.0^{3,15}.0^{4,13}.0^{7,12}.0^{19,23}]hexacosa-3(15),4,6,10,12,25-hexaene-2,24-dione",Acherontia atropus|Achillea macrophylla|Agave aurea|Ajuga spectabilis|Alstroemeria revoluta|Aspergillus sp.|Astragalus tragacantha|Baphia nitida|Callistemon viminalis|Cissus pallidiflorus|Crataegus davisii|Crinum erubescens|Cupressus lawsoniana|Emilia sonchifolia|Encephalartos altensteinii|Eria foetida|Eupatorium havanense|Euphorbia kamerunica|Euphorbia marginata|Excoecaria oppositifolia|Gardenia collinsae|Grindelia acutifolia|Guanomyces polythrix|Gymnosporia senegalensis|Ircinia oros|Jungermannia hyalina|Kobresia nepalensis|Ligularia muliensis|Litsea aciculata|Litsea pulchella|Marrubium alysson|Melampodium heterophyllum|Myrmica sabuleti|Mytilus edulis|Nuphar lutea|Pausinystalia mayumbensis|Penicillium olsonii|Pentzia incana|Perilla frutescens var. arguta|Prangos pabularia|Pronephrium triphyllum|Selliguea feei|Shuteria involucrata var. vestita|Simaba multiflora|Sinocalamus affinis|Stevia chamaedrys|Teucrium oxylepis|Trifolium subterraneum|Trillium camschatcense|Ursinia abrotanifolia|Xenorhabdus bovienii,Alkaloids,7.03,7.64,5.81,5.98,6.73,5.23,5.81,5.44,5.15,6.93,7.2,7.64,栀子,4,28.33
C=CC(C)(C)[C@@]12NC3=C(C=CC4=C3C=CC(C)(C)O4)[C@]1(O)C[C@H]1C(=O)N3CCC[C@H]3C(=O)N12,notoamide D,Acherontia atropus|Achillea macrophylla|Agave aurea|Ajuga spectabilis|Alstroemeria revoluta|Aspergillus|Aspergillus sp.|Aspergillus sulphureus|Aspergillus sulphureus + Isaria felina|Aspergillus versicolor NRRL 35600|Astragalus tragacantha|Baphia nitida|Beauveria felina|Callistemon viminalis|Cissus pallidiflorus|Crataegus davisii|Crinum erubescens|Cupressus lawsoniana|Emilia sonchifolia|Encephalartos altensteinii|Eria foetida|Eupatorium havanense|Euphorbia kamerunica|Euphorbia marginata|Excoecaria oppositifolia|Gardenia collinsae|Grindelia acutifolia|Guanomyces polythrix|Gymnosporia senegalensis|Ircinia oros|Jungermannia hyalina|Kobresia nepalensis|Ligularia muliensis|Litsea aciculata|Litsea pulchella|Marrubium alysson|Melampodium heterophyllum|Myrmica sabuleti|Mytilus edulis|Nuphar lutea|Pausinystalia mayumbensis|Penicillium olsonii|Pentzia incana|Perilla frutescens var. arguta|Prangos pabularia|Pronephrium triphyllum|Selliguea feei|Shuteria involucrata var. vestita|Simaba multiflora|Sinocalamus affinis|Stevia chamaedrys|Teucrium oxylepis|Trifolium subterraneum|Trillium camschatcense|Ursinia abrotanifolia|Xenorhabdus bovienii,Alkaloids,7.22,7.46,5.76,6.4,6.7,5.31,5.5,6.93,4.95,5.46,7.2,7.46,栀子,4,28.31
CC[C@H]1/C=C/[C@H](O)[C@H](C=C(C)C)OC(=O)/C(C)=C/C/C(O)=N/C2=CC(O)=CC3=C2O/C(=C\C(=O)CC1)C(C)=C3,"(2~{Z},5~{E},9~{S},10~{S},11~{E},13~{R},17~{Z})-13-ethyl-3,10,23-trihydroxy-6,19-dimethyl-9-(2-methylprop-1-enyl)-8,26-dioxa-2-azatricyclo[16.6.2.0^{21,25}]hexacosa-1(24),2,5,11,17,19,21(25),22-octaene-7,16-dione",Aegiceras corniculatum|Agaricus integer|Agaricus silvaticus|Ajuga bracteosa|Allium monspessulanum|Arbutus menziesii|Artemisia taurica|Bruguiera gymnorhiza|Buchenavia tetraphylla|Ceramium botryocarpum|Cereus chrysacanthus|Chromodoris obsoleta|Cinnamosma madagascariensis|Coeloseira pacifica|Daldinia concentrica|Echiochilon pauciflorum|Fumaria kraliki|Helichrysum nudifolium|Hyella caespitosa|Hypoxis nyasica|Isoberlinia angolensis|Justicia trinervia|Lepista irina|Macaranga sinensis|Mirabilis jalapa|Otostegia fruticosa|Paranephelius uniflorus|Pardachirus pavoninus|Periploca forrestii|Petalostemon purpureum|Plakinastrella clathrata|Podocarpus amarus|Potebniamyces gallicola|Pseudomonas chlororaphis|Ptilota pectinata|Rhododendron aureum|Saccharothrix mutabilis|Sipunculus nudus|Sonneratia alba|Sophora viciifolia|Stichopus horrens|Streptomyces atratus|Streptomyces caelestis|Tephroseris integrifolia|Teucrium orientale|Trichoderma citrinum|Ulva prolifera|Umbilicaria cinereorufescens|Veltheimia viridifolia|Xylopia aethiopica,Amino acids and Peptides,6.32,7.72,4.37,6.18,6.93,4.99,5.78,6.56,4.9,7.1,7.25,7.72,茵陈/青蒿,4,28.31
CC1(C)C=CC2=C3NC4=C(C3=CC=C2O1)[C@H](O)[C@@]12N=C(O)[C@]3(CCCN3C1=O)C[C@H]2C4(C)C,"(1~{R},2~{S},17~{S},19~{S})-2,26-dihydroxy-9,9,16,16-tetramethyl-8-oxa-14,23,25-triazaheptacyclo[17.5.2.0^{1,17}.0^{3,15}.0^{4,13}.0^{7,12}.0^{19,23}]hexacosa-3(15),4,6,10,12,25-hexaen-24-one",Acherontia atropus|Achillea macrophylla|Agave aurea|Ajuga spectabilis|Alstroemeria revoluta|Aspergillus sp.|Astragalus tragacantha|Baphia nitida|Callistemon viminalis|Cissus pallidiflorus|Crataegus davisii|Crinum erubescens|Cupressus lawsoniana|Emilia sonchifolia|Encephalartos altensteinii|Eria foetida|Eupatorium havanense|Euphorbia kamerunica|Euphorbia marginata|Excoecaria oppositifolia|Gardenia collinsae|Grindelia acutifolia|Guanomyces polythrix|Gymnosporia senegalensis|Ircinia oros|Jungermannia hyalina|Kobresia nepalensis|Ligularia muliensis|Litsea aciculata|Litsea pulchella|Marrubium alysson|Melampodium heterophyllum|Myrmica sabuleti|Mytilus edulis|Nuphar lutea|Pausinystalia mayumbensis|Penicillium olsonii|Pentzia incana|Perilla frutescens var. arguta|Prangos pabularia|Pronephrium triphyllum|Selliguea feei|Shuteria involucrata var. vestita|Simaba multiflora|Sinocalamus affinis|Stevia chamaedrys|Teucrium oxylepis|Trifolium subterraneum|Trillium camschatcense|Ursinia abrotanifolia|Xenorhabdus bovienii,Alkaloids,7.05,7.57,5.74,5.99,6.79,5.22,5.63,5.56,5.07,6.9,7.17,7.57,栀子,4,28.31
CC1(C)C=CC2=C(O)C(C[C@@H](O)C(C)(C)O)=C3OC=C(C4=CC=C(O)C=C4)C(=O)C3=C2O1,,Absidia caerulea|Alsidium corallinum|Anthotroche myoporoides|Astragalus flexus|Axinella weltneri|Dactynotus ambrosiae|Erythrina vogelii|Galdieria sulphuraria|Helenium virginicum|Heliotropium digynum|Hypericum caprifoliatum|Lactococcus lactis|Nannoglottis ravida|Phyllidia ocellata,Shikimates and Phenylpropanoids,6.87,7.7,5.35,6.59,5.51,7.14,5.73,5.45,5.25,6.39,7.24,7.7,地耳草/田基黄,4,28.3
O=C(/C=C/C1=CC=C(O)C2=C1C=CC1=CC(O)=C(O)C=C1O2)O[C@H](CC1=CC=C(O)C(O)=C1)C(=O)O,isosalvianolic acid C,Angelica keiskei|Gouania tomentosa|Heliotropium sarmentosum|Salvia cavaleriei|Salvia chinensis|Salvia miltiorrhiza|Salvia prionitis|Spongia vermicularis|Tournefortia sarmentosa,Shikimates and Phenylpropanoids,6.23,6.93,5.23,6.91,5.46,6.5,6.06,5.55,5.29,7.96,7.27,7.96,丹参,4,28.3
O=C(/C=C/C1=C[C@@H]2C(C3=CC=C(O)C(O)=C3)[C@@H](C(=O)O)[C@H]1[C@]1(O)OC(=O)C[C@]21O)O[C@H](CC1=CC=C(O)C(O)=C1)C(=O)O,Yunnaneic acid F,Salvia yunnanensis,Shikimates and Phenylpropanoids,6.79,7.61,5.38,6.5,5.52,5.81,5.84,5.82,5.22,7.4,7.27,7.61,丹参,4,28.3
O=C(/C=C/C1=C[C@@H]2[C@H](C3=CC=C(O)C(O)=C3)[C@@H](C(=O)O)[C@H]1[C@]1(O)OC(=O)C[C@]21O)O[C@H](CC1=CC=C(O)C(O)=C1)C(=O)O,,Salvia yunnanensis,Shikimates and Phenylpropanoids,6.79,7.61,5.38,6.5,5.52,5.81,5.84,5.82,5.22,7.4,7.27,7.61,丹参,4,28.3
O=C(/C=C/C1=C[C@@H]2[C@@H](C3=CC=C(O)C(O)=C3)[C@@H](C(=O)O)[C@H]1[C@]1(O)OC(=O)C[C@]21O)O[C@H](CC1=CC=C(O)C(O)=C1)C(=O)O,,Melissa officinalis|Salvia yunnanensis,Shikimates and Phenylpropanoids,6.79,7.61,5.38,6.5,5.52,5.81,5.84,5.82,5.22,7.4,7.27,7.61,丹参,4,28.3
CC1(C)C=CC2=C(C=C(O)C3=C2OC2=C(O)C(O[C@@H]4C5=C6OC7=C(O)C(O)=CC=C7C(=O)C6=C(O)C=C5O[C@H]4C(C)(C)O)=CC=C2C3=O)O1,Jacarelhyperol A,Hypericum japonicum,Shikimates and Phenylpropanoids,6.9,7.57,5.17,6.44,6.63,5.66,5.69,5.41,5.12,7.19,7.22,7.57,地耳草/田基黄,4,28.29
C=CCC1=CC=CC(OC2=CC(CC=C)=CC=C2O)=C1,,Gentiana tibetica|Illicium fargesii|Illicium simonsii|Illicium verum|Magnolia biloba|Magnolia officinalis|Streblus asper,Shikimates and Phenylpropanoids,6.41,7.09,5.15,6.09,5.23,6.29,6.87,6.56,5.36,7.77,7.24,7.77,龙胆/秦艽,4,28.29
CC1(C)C=CC2=C(C=C(O)C3=C2OC2=C(O)C(O[C@H]4C5=C6OC7=C(O)C(O)=CC=C7C(=O)C6=C(O)C=C5O[C@H]4C(C)(C)O)=CC=C2C3=O)O1,,Hypericum japonicum,Shikimates and Phenylpropanoids,6.9,7.57,5.17,6.44,6.63,5.66,5.69,5.41,5.12,7.19,7.22,7.57,地耳草/田基黄,4,28.29
CC1(C)C=CC2=C(C=C(O)C3=C2OC2=C(O)C(O[C@@H]4C5=C6OC7=C(O)C(O)=CC=C7C(=O)C6=C(O)C=C5O[C@@H]4C(C)(C)O)=CC=C2C3=O)O1,,Hypericum japonicum,Shikimates and Phenylpropanoids,6.9,7.57,5.17,6.44,6.63,5.66,5.69,5.41,5.12,7.19,7.22,7.57,地耳草/田基黄,4,28.29
COC1=C(O)C=CC([C@@H]2COC3=C(C=CC4=C3C=CC(C)(C)O4)C2)=C1O,3'-Methoxyglabradin,Glycyrrhiza Uralensis|Glycyrrhiza uralensis|Lentinus tigrinus|Mitracarpus scaber|liquorice,Shikimates and Phenylpropanoids,5.94,6.93,5.31,6.13,6.79,6.86,5.75,5.24,5.06,7.71,7.17,7.71,甘草,4,28.29
CC1(C)C=CC2=C(C=CC3=C2OC2=C(O)C(O[C@H]4C5=C6OC7=C(O)C(O)=CC=C7C(=O)C6=C(O)C=C5O[C@H]4C(C)(C)O)=CC(O)=C2C3=O)O1,,Hypericum henryi|Hypericum japonicum,Shikimates and Phenylpropanoids,6.91,7.57,5.27,6.44,6.63,5.68,5.67,5.38,5.13,7.18,7.22,7.57,地耳草/田基黄,4,28.29
COC1=C(O)C=CC([C@H]2COC3=C(C=CC4=C3C=CC(C)(C)O4)C2)=C1O,,Glycyrrhiza glabra var. typica|Glycyrrhiza uralensis,Shikimates and Phenylpropanoids,5.94,6.93,5.31,6.13,6.79,6.86,5.75,5.24,5.06,7.71,7.17,7.71,甘草,4,28.29
O=C1C=C2[C@H]3[C@H](C4=CC=C(O)C=C4)C4=C(O)C=C(O)C=C4[C@H]3[C@H](C3=CC=C(O)C=C3)[C@]23C(=O)[C@H]1[C@H](C1=CC(O)=CC(O)=C1)[C@H]3C1=CC=C(O)C=C1,,Sophora leachiana,Shikimates and Phenylpropanoids,6.58,7.47,5.16,7.44,5.62,5.58,6.44,5.12,5.16,6.79,7.23,7.47,苦参/槐,4,28.28
O=C(/C=C/C1=CC(O)=C(O)C=C1/C(=C\C1=CC=C(O)C(O)=C1)C(=O)O[C@H](CC1=CC=C(O)C(O)=C1)C(=O)O)O[C@H](CC1=CC=C(O)C(O)=C1)C(=O)O,,Salvia miltiorrhiza,Shikimates and Phenylpropanoids,6.17,7.04,5.34,6.52,5.37,6.52,5.93,5.51,5.29,8.19,7.25,8.19,丹参,4,28.27
CC1(C)C=CC2=C(C=CC3=C2OC=C(C2=CC=C4OCOC4=C2)C3=O)O1,Calopogoniumisoflavone B,Agaricus campestris|Artabotrys hexapetalus|Calophyllum macrocarpum|Celsia roripifolia|Dacus cucumis|Didemnum moseleyi|Diplorhynchus condylocarpon|Hapalopilus rutilans|Hydrangea arborescens|Isodon rubescens|Jatropha multifida|Lemaireocereus thurberi|Lophostemon confertus|Millettia dura|Millettia griffoniana|Millettia pachyloba|Moneses uniflora|Sarcococca wallichii|Scutellaria planipes|Siparuna apiosyce|Swartzia schomburgkii|Tephrosia pumila|Vincetoxicum nigrum,Shikimates and Phenylpropanoids,6.76,7.59,5.51,6.17,6.87,7.03,5.19,5.22,5.13,5.98,7.16,7.59,香茶菜/冬凌草,4,28.25
COC1=CC(/C=C/C(=O)O[C@H]2[C@@H]3C=CO[C@@H](O[C@@H]4O[C@@H](CO)[C@H](O)[C@H](O)[C@H]4O)[C@H]3[C@]3(CO)O[C@H]23)=CC=C1O,,Picrorhiza scrophulariiflora,Terpenoids,6.66,7.52,5.38,6.22,6.71,5.93,5.64,5.45,5.2,7.35,7.19,7.52,胡黄连,4,28.24
COC1=CC(/C=C/C(=O)O[C@H]2[C@@H]3C=CO[C@@H](O[C@H]4O[C@@H](CO)[C@H](O)[C@@H](O)[C@@H]4O)[C@@H]3[C@@]3(CO)O[C@@H]23)=CC=C1O,,Picrorhiza kurroa|Picrorhiza kurrooa|Picrorhiza scrophulariiflora,Terpenoids,6.66,7.52,5.38,6.22,6.71,5.93,5.64,5.45,5.2,7.35,7.19,7.52,胡黄连,4,28.24
CC1=CC(=O)O/C1=C/[C@H](O)[C@@](C)(O)CC[C@@H]1[C@@]2(C)CC[C@H](O)C(C)(C)[C@@H]2CC[C@@]1(C)O,"(5E)-5-[(2S,3S)-5-[(1R,2R,4aR,6S,8aS)-2,6-dihydroxy-2,5,5,8a-tetramethyl-3,4,4a,6,7,8-hexahydro-1H-naphthalen-1-yl]-2,3-dihydroxy-3-methylpentylidene]-4-methylfuran-2-one",Arthrobotrys oligospora|Bryum weigelii|Fritillaria thunbergii|Plantago cornuti|Plectranthus sylvestris|Salvia palaestina|Tephrosia egregia|Triopha carpenteri|Tulipa sylvestris|Vatica cinerea|Walsura chrysogyne,Terpenoids,7.11,7.63,4.37,6.63,5.08,5.43,5.85,6.87,5.07,5.6,7.2,7.63,丹参,4,28.24
COC1=CC(/C=C/C(=O)O[C@H]2[C@@H]3C=CO[C@@H](O[C@@H]4O[C@H](CO)[C@@H](O)[C@H](O)[C@H]4O)[C@@H]3[C@@]3(CO)O[C@@H]23)=CC=C1O,6-Feruloylcatalpol,Catalpa ovata|Gentiana kurroo|Hesperocyparis bakeri|Neofusicoccum mangiferae|Neopicrorhiza scrophulariiflora|Panax quinquefolius|Phyllanthus tenellus|Picrorhiza kurrooa|Picrorhiza scrophulariiflora|Rehmannia chingii|Scutellaria albida|Stereospermum colais|Stereospermum tetragonum|Veronica lavaudiana|Veronica pulvinaris|Veronica thomsonii,Terpenoids,6.66,7.52,5.38,6.22,6.71,5.93,5.64,5.45,5.2,7.35,7.19,7.52,叶下珠,4,28.24
COC(=O)[C@@]1(C)CC[C@]2(C)CC[C@]3(C)C(=CC(=O)[C@@H]4[C@@]5(C)CC[C@H](O)[C@](C)(CO)[C@@H]5CC[C@]43C)[C@@H]2C1,,Glycyrrhiza uralensis|Lentinus tigrinus|Mitracarpus scaber,Terpenoids,6.65,7.47,4.51,7.44,5.07,5.22,6.06,5.45,5.2,6.66,7.19,7.47,甘草,4,28.22
COC(=O)[C@@]1(C)CC[C@]2(C)CCC3(C)C(=CC(=O)C4[C@@]5(C)CC[C@H](O)[C@](C)(CO)C5CC[C@]43C)[C@@H]2C1,,Glycyrrhiza uralensis,Terpenoids,6.65,7.47,4.51,7.44,5.07,5.22,6.06,5.45,5.2,6.66,7.19,7.47,甘草,4,28.22
C=C(C)[C@H](O)CC1=CC([C@@H]2CC(=O)C3=CC=C(O)C(CC=C(C)C)=C3O2)=CC2=C1OC(C)(C)C=C2,,Sophora tonkinensis,Shikimates and Phenylpropanoids,6.5,7.56,5.54,6.18,6.8,5.38,5.69,6.03,5.18,7.36,7.24,7.56,苦参/槐,4,28.22
O=C(/C=C/C1=C[C@@H]2[C@H](C3=CC=C(O)C(O)=C3)[C@@H](C(=O)O)[C@H]1C(=O)[C@]21O[C@@H]2[C@@H]3C=C(/C=C/C(=O)O[C@H](CC4=CC=C(O)C(O)=C4)C(=O)O)[C@@H]([C@H](C(=O)O)[C@H]3C3=CC=C(O)C(O)=C3)[C@]2(O)O1)O[C@H](CC1=CC=C(O)C(O)=C1)C(=O)O,,Salvia yunnanensis,Shikimates and Phenylpropanoids,6.77,7.46,5.41,6.6,5.46,5.96,6.15,4.98,5.21,7.38,7.2,7.46,丹参,4,28.21
CC(C)=CCC1=C(O)C=CC2=C1O[C@H](C1=CC=C3OC(C)(C)C=CC3=C1)CC2=O,"(2S)-2-(2,2-dimethylchromen-6-yl)-7-hydroxy-8-(3-methylbut-2-enyl)-2,3-dihydrochromen-4-one",Euchresta formosana|Glycyrrhiza glabra|Glycyrrhiza inflata|liquorice,Shikimates and Phenylpropanoids,6.5,7.52,5.47,5.62,6.8,5.31,5.68,6.01,5.17,7.39,7.24,7.52,甘草,4,28.21
O=C(O[C@H]1[C@@H]2C=CO[C@@H](O[C@@H]3O[C@H](CO)[C@@H](O)[C@H](O)[C@H]3O)[C@@H]2[C@@]2(CO)O[C@@H]12)C1=CC=C(O)C(O)=C1,Verproside,Adenium somalense|Antidesma pentandrum|Aspergillus caelatus|Atroxima afzeliana|Besseya alpina|Cladophora rupestris|Diacarnus levii|Dianella tasmanica|Elattostachys apetala|Eritrichium incanum|Eusideroxylon zwageri|Garcinia subelliptica|Geigeria plumosa|Goodenia strophiolata|Heterophyllaea pustulata|Iostephane heterophylla|Isertia haenkeana|Jasonia tuberosa|Juncus effusus|Kandelia candel|Lecidea kochiana|Lindera pipericarpa|Myroxylon peruiferum|Ononis hircina|Paederota lutea|Petrosia weinbergi|Pithecellobium albicans|Plectranthus comosus|Preussia australis|Rhodiola coccinea|Scutellaria racemosa|Solanum mauritianum|Solanum unguiculatum|Tovomita brasiliensis|Vellozia declinans|Ventilago goughii|Veronica austriaca|Veronica cymbalaria|Veronica filiformis|Veronica fuhsii|Veronica kellereri|Veronica lavaudiana|Veronica liwanensis|Veronica longifolia|Veronica officinalis|Veronica persica|Veronica pulvinaris|Veronica thomsonii|Veronica turrilliana|Viburnum lantanoides|Vicia hirsuta|blue water-speedwell,Terpenoids,6.61,7.59,5.43,5.94,6.67,5.92,5.74,5.38,5.4,7.34,7.2,7.59,黄芩,4,28.21
CC1(C)CC[C@]2(C)CC[C@]3(C)C(=CC(=O)[C@@H]4[C@@]5(C)CC[C@H](OC(=O)/C=C/C6=CC(O)=CC(O)=C6)C(C)(C)[C@@H]5CC[C@]43C)[C@@H]2C1,,Curcuma kwangsiensis|Dalea tinctoria|Drypetes tessmanniana|Excoecaria agallocha|Hedeoma pulegioides|Lolium cuneatum|Penstemon richardsonii|Porophyllum riedelii|Salvia infuscata|Symphytum asperum,Terpenoids,6.71,7.44,4.4,7.4,5.35,5.62,5.89,5.47,5.12,6.66,7.18,7.44,丹参,4,28.21
CC(C)=CCC1=CC([C@H]2CC(=O)C3=CC=C(O)C(CC=C(C)C)=C3O2)=CC2=C1OC(C)(C)C=C2,,Sophora subprostrata,Shikimates and Phenylpropanoids,6.51,7.55,5.52,5.63,6.76,5.31,5.67,6.06,5.15,7.39,7.23,7.55,苦参/槐,4,28.21
CC(C)=CCC1=CC([C@@H]2CC(=O)C3=CC=C(O)C(CC=C(C)C)=C3O2)=CC2=C1OC(C)(C)C=C2,"(2S)-2-[2,2-dimethyl-8-(3-methylbut-2-enyl)chromen-6-yl]-7-hydroxy-8-(3-methylbut-2-enyl)-2,3-dihydrochromen-4-one",Euchresta formosana|Sophora subprostrata|Sophora tonkinensis,Shikimates and Phenylpropanoids,6.51,7.55,5.52,5.63,6.76,5.31,5.67,6.06,5.15,7.39,7.23,7.55,苦参/槐,4,28.21
O=C(/C=C/C1=C[C@H]2[C@H](C3=CC=C(O)C(O)=C3)[C@@H](C(=O)O)[C@@H]1C(=O)[C@]21O[C@@H]2[C@@H]3C=C(/C=C/C(=O)O[C@@H](CC4=CC=C(O)C(O)=C4)C(=O)O)[C@@H]([C@H](C(=O)O)[C@H]3C3=CC=C(O)C(O)=C3)[C@]2(O)O1)O[C@@H](CC1=CC=C(O)C(O)=C1)C(=O)O,,Salvia yunnanensis,Shikimates and Phenylpropanoids,6.77,7.46,5.41,6.6,5.46,5.96,6.15,4.98,5.21,7.38,7.2,7.46,丹参,4,28.21
CC(C)C[C@@H]1/N=C(\O)C/N=C(\O)[C@H](CC2=CNC3=CC=CC=C23)/N=C(\O)[C@@H]2CCCN2C(=O)[C@H](CC2=CNC3=CC=CC=C23)/N=C(\O)C/N=C(\O)[C@H](CC2=CN=CN2)/N=C/1O,"(3~{S},4~{Z},7~{Z},9~{S},10~{Z},12~{S},13~{Z},16~{Z},18~{S},19~{Z},21~{S})-5,8,11,14,17,20-hexahydroxy-9-(1~{H}-imidazol-5-ylmethyl)-3,18-bis(1~{H}-indol-3-ylmethyl)-12-isobutyl-1,4,7,10,13,16,19-heptazabicyclo[19.3.0]tetracosa-4,7,10,13,16,19-hexaen-2-one",Ambrosia cordifolia|Croton hieronymi|Desmanthus illinoensis|Elsholtzia bodinieri|Equisetum silvaticum|Ipomoea purpurea|Monomorium fieldi|Narcissus serotinus|Ormosia cinerea|Pterocarpus angolensis|Rabdosia coetsoides|Romalea microptera|Sistotrema raduloides,Alkaloids,6.53,8.02,5.59,5.86,5.43,5.04,5.4,6.75,5.23,6.89,7.22,8.02,香茶菜,4,28.19
CC(C)=CCC1=C(O)C=C2OC[C@](O)(C3=CC=C(O)C4=C3OC(C)(C)C=C4)C(=O)C2=C1O,"(3R)-3,5,7-trihydroxy-3-(5-hydroxy-2,2-dimethylchromen-8-yl)-6-(3-methylbut-2-enyl)-2H-chromen-4-one",Glycyrrhiza uralensis,Shikimates and Phenylpropanoids,6.71,7.61,5.44,6.54,5.69,5.62,5.69,5.54,5.24,7.33,7.22,7.61,甘草,4,28.19
C=C(C)[C@@H](CC=C(C)C)CC1=C(OC)C=C(O)C2=C1O[C@@H](C1=CC(O)=CC=C1O)CC2=O,,Sophora exigua,Shikimates and Phenylpropanoids,6.52,7.58,5.11,6.3,6.78,5.82,5.67,5.92,5.07,7.29,7.22,7.58,苦参/槐,4,28.17
C=C[C@H]1[C@H](O[C@@H]2O[C@H](CO)[C@@H](OC(=O)/C=C/C3=CC=C(O)C(OC)=C3)[C@H](O)[C@H]2O)OC=C2C(=O)OCC[C@]21O,,Andrographis macrobotrys|Begonia fagifolia|Cephalosporium chrysogenum|Cercospora traversiana|Cetraria ornata|Chiloscyphus pallescens|Corollospora pulchella|Dryopteris villarii|Keteleeria evelyniana|Leontice leontopetalum|Lithocarpus litseifolius|Naranga aenescens|Paenibacillus larvae subsp. pulvifaciens|Silene praemixta|Swertia leducii|Zanthoxylum macrophyllum,Terpenoids,6.81,7.52,5.36,6.5,5.52,5.65,5.9,5.95,5.29,7.34,7.22,7.52,当药/藏茵陈,4,28.17
C=C[C@H]1[C@H](O[C@@H]2O[C@H](COC(C)=O)[C@@H](OC(=O)C3=CC=CC(O[C@@H]4O[C@H](CO)[C@@H](O)[C@H](O)[C@H]4O)=C3O)[C@H](OC(C)=O)[C@H]2OC(=O)C2=CC(O)=CC=C2O)OC=C2C(=O)OCC[C@]21O,,Gentiana siphonantha,Terpenoids,6.68,7.77,5.31,6.54,5.76,5.54,5.89,5.99,5.39,7.18,7.21,7.77,龙胆/秦艽,4,28.17
C=C[C@H]1C(O[C@@H]2O[C@H](CO)[C@H](OC(=O)/C=C/C3=CC=C(O)C(OC)=C3)[C@@H](O)[C@H]2O)OC=C2C(=O)OCC[C@]21O,,Swertia angustifolia,Terpenoids,6.81,7.52,5.36,6.5,5.52,5.65,5.9,5.95,5.29,7.34,7.22,7.52,当药/藏茵陈,4,28.17
C=C(C)[C@H]1CC2=C(OC3=C4C=CC(C)(C)OC4=CC(O)=C3C2=O)C2=C(O)C=C(O)C(O)=C21,artobiloxanthone,Artocarpus communis|Artocarpus elasticus|Artocarpus kemando|Artocarpus lanceaefolia|Artocarpus nobilis|Artocarpus rigidus|Artocarpus scortechinii|Desmodium tortuosum|Epichloe festucae var. lolii|Eucalyptus amplifolia|Grateloupia carnosa|Paeonia rockii|Papaver pavoninum|Salvia calycina|artocarpus rigida|breadfruit,Shikimates and Phenylpropanoids,6.87,7.57,4.41,6.23,6.7,5.23,5.72,5.37,5.06,7.02,7.15,7.57,丹参,4,28.16
CC1(C(=O)OC2OC(CO)C(O)C(O)C2O)CCC2(C)CCC3(C)C(=CC(=O)C4C5(C)CCC(OC6OC(C(=O)O)C(O)C(O)C6OC6OC(C(=O)O)C(O)C(O)C6O)C(C)(CO)C5CCC43C)C2C1,,Glycyrrhiza inflata|Glycyrrhiza uralensis|liquorice,Terpenoids,6.65,7.55,4.47,7.44,5.25,5.21,5.81,5.67,5.18,6.52,7.21,7.55,甘草,4,28.16
COC(=O)[C@@]1(C)CC[C@]2(C)CC[C@]3(C)C(=CC(=O)[C@@H]4[C@@]5(C)CC[C@H](O)C(C)(C)[C@@H]5CC[C@]43C)[C@@H]2C1,Methyl glycyrrhetinate,Glycyrrhiza uralensis|Lentinus tigrinus|Mitracarpus scaber,Terpenoids,6.65,7.39,4.49,7.43,5.0,5.54,6.1,5.3,5.16,6.68,7.17,7.43,甘草,4,28.15
CC(C)=CCC1=C(O)C=CC([C@@]2(O)COC3=CC(O)=C(CC=C(C)C)C(O)=C3C2=O)=C1O,"(3R)-3-[2,4-dihydroxy-3-(3-methylbut-2-enyl)phenyl]-3,5,7-trihydroxy-6-(3-methylbut-2-enyl)-2H-chromen-4-one",Glycyrrhiza uralensis,Shikimates and Phenylpropanoids,6.55,7.59,5.35,6.68,5.64,5.59,5.73,5.54,5.22,7.33,7.2,7.59,甘草,4,28.15
CC(C)C[C@H](NC(=O)[C@H](CCCCN)NC(=O)[C@H](CC1=CC=C(O)C=C1)NC(=O)[C@H](CC(=O)O)NC(=O)[C@H](CC(=O)O)NC(=O)[C@@H](NC(=O)[C@H](CO)NC(=O)[C@H](CCC(=O)O)NC(=O)[C@H](CCC(=O)O)NC(=O)[C@H](CC1=CNC2=CC=CC=C12)NC(=O)[C@@H](NC(=O)[C@H](CCCCN)NC(=O)[C@@H](N)CO)C(C)C)[C@@H](C)O)C(=O)N[C@@H](CCCCN)C(=O)N[C@@H](CC1=CC=C(O)C=C1)C(=O)N[C@@H](CS)C(=O)N[C@@H](C)C(=O)NCC(=O)N[C@@H](CCCNC(=N)N)C(=O)O,"(4~{S})-5-[[(1~{S})-2-[[(1~{S},2~{R})-1-[[(1~{S})-2-[[(1~{S})-2-[[(1~{S})-2-[[(1~{S})-5-amino-1-[[(1~{S})-1-[[(1~{S})-5-amino-1-[[(1~{S})-2-[[(1~{R})-2-[[(1~{S})-2-[[2-[[(1~{S})-1-carboxy-4-guanidino-butyl]amino]-2-oxo-ethyl]amino]-1-methyl-2-oxo-ethyl]amino]-2-oxo-1-(sulfanylmethyl)ethyl]amino]-1-[(4-hydroxyphenyl)methyl]-2-oxo-ethyl]carbamoyl]pentyl]carbamoyl]-3-methyl-butyl]carbamoyl]pentyl]amino]-1-[(4-hydroxyphenyl)methyl]-2-oxo-ethyl]amino]-1-(carboxymethyl)-2-oxo-ethyl]amino]-1-(carboxymethyl)-2-oxo-ethyl]carbamoyl]-2-hydroxy-propyl]amino]-1-(hydroxymethyl)-2-oxo-ethyl]amino]-4-[[(2~{S})-2-[[(2~{S})-2-[[(2~{S})-2-[[(2~{S})-6-amino-2-[[(2~{S})-2-amino-3-hydroxy-propanoyl]amino]hexanoyl]amino]-3-methyl-butanoyl]amino]-3-(1~{H}-indol-3-yl)propanoyl]amino]-4-carboxy-butanoyl]amino]-5-oxo-pentanoic acid",Cassia obtusifolia,Amino acids and Peptides,6.15,7.28,5.55,7.08,5.92,5.81,6.0,6.62,5.8,7.17,7.18,7.28,决明子,4,28.15
CC1(C)C=CC2=C(C=C(O)C3=C2OC2=C(O)C(O)=CC=C2C3=O)O1,Isojacareubin,Garcina xipshuanbannaensis|Garcinia cowa|Garcinia livingstonei|Garcinia xipshuanbannaensis|Hypericum japonicum|Hypericum roeperanum|Hypericum roeperianum,Shikimates and Phenylpropanoids,6.74,7.59,5.15,6.1,6.56,5.73,5.71,5.26,5.1,7.26,7.2,7.59,地耳草/田基黄,4,28.15
CC1(C)[C@H]2CC[C@@]3(C)[C@@H](C(=O)C=C4[C@@H]5C[C@](C)(C(=O)O[C@H]6O[C@@H](CO)[C@H](O)[C@@H](O)[C@@H]6O)CC[C@@]5(C)CC[C@@]43C)[C@]2(C)CC[C@H]1O[C@H]1O[C@@H](C(=O)O)[C@H](O)[C@@H](O)[C@@H]1O[C@H]1O[C@@H](C(=O)O)[C@H](O)[C@@H](O)[C@@H]1O,"(2R,3R,4R,5S,6S)-6-[(2S,3S,4R,5R,6R)-2-[[(3R,4aS,6aS,6bR,8aR,11R,12aR,14aS,14bR)-4,4,6a,6b,8a,11,14b-heptamethyl-14-oxo-11-[(2R,3S,4R,5R,6S)-3,4,5-trihydroxy-6-(hydroxymethyl)oxan-2-yl]oxycarbonyl-2,3,4a,5,6,7,8,9,10,12,12a,14a-dodecahydro-1H-picen-3-yl]oxy]-6-carboxy-4,5-dihydroxyoxan-3-yl]oxy-3,4,5-trihydroxyoxane-2-carboxylic acid",Glycyrrhiza uralensis,Terpenoids,6.63,7.53,4.46,7.44,5.29,5.48,5.83,5.81,5.17,6.54,7.2,7.53,甘草,4,28.14
C=C[C@@H]1[C@H](O[C@H]2O[C@@H](COC(C)=O)[C@H](OC(=O)C3=CC=CC(O[C@H]4O[C@@H](CO)[C@H](O)[C@@H](O)[C@@H]4O)=C3O)[C@@H](OC(C)=O)[C@@H]2OC(=O)C2=CC=C(O)C(O)=C2)OC=C2C(=O)OCC[C@@]21O,,Gentiana macrophylla,Terpenoids,6.64,7.67,5.35,6.51,5.89,5.53,5.86,6.01,5.59,7.32,7.21,7.67,龙胆/秦艽,4,28.14
CC1(C)C=CC2=C(C=CC3=C2N=C(O)[C@@]32C[C@@]34N=C(O)[C@]5(CCCN5C3=O)C[C@H]4C2(C)C)O1,"(1~{S},7~{S},9~{S},11~{R})-2',14-dihydroxy-7',7',10,10-tetramethyl-spiro[3,13-diazatetracyclo[5.5.2.0^{1,9}.0^{3,7}]tetradec-13-ene-11,3'-pyrano[2,3-g]indole]-2-one",Acherontia atropus|Achillea macrophylla|Agave aurea|Ajuga spectabilis|Alstroemeria revoluta|Aspergillus sp.|Aspergillus sulphureus + Isaria felina|Astragalus tragacantha|Baphia nitida|Callistemon viminalis|Cissus pallidiflorus|Crataegus davisii|Crinum erubescens|Cupressus lawsoniana|Emilia sonchifolia|Encephalartos altensteinii|Eria foetida|Eupatorium havanense|Euphorbia kamerunica|Euphorbia marginata|Excoecaria oppositifolia|Gardenia collinsae|Grindelia acutifolia|Guanomyces polythrix|Gymnosporia senegalensis|Ircinia oros|Jungermannia hyalina|Kobresia nepalensis|Ligularia muliensis|Litsea aciculata|Litsea pulchella|Marrubium alysson|Melampodium heterophyllum|Myrmica sabuleti|Mytilus edulis|Nuphar lutea|Pausinystalia mayumbensis|Penicillium olsonii|Pentzia incana|Perilla frutescens var. arguta|Prangos pabularia|Pronephrium triphyllum|Selliguea feei|Shuteria involucrata var. vestita|Simaba multiflora|Sinocalamus affinis|Stevia chamaedrys|Teucrium oxylepis|Trifolium subterraneum|Trillium camschatcense|Ursinia abrotanifolia|Xenorhabdus bovienii,Alkaloids,7.08,7.51,5.75,5.94,6.82,5.44,5.6,5.35,5.15,6.73,7.14,7.51,栀子,4,28.14
COC1=C(O)C=CC2=C1OC1=C3C(=CC(O)=C1C2=O)OC(=O)CC3(C)C,,Amphicome emodi|Ardisia polycephala|Artemisia leucodes|Cratoxylum sumatranum|Galanthus gracilis|Gaultheria itoana|Hippoglossus hippoglossus|Hymeniacidon perlevis|Parmotrema delicatulum|Polygala virgata|Populus italica|Pseudosuberites hyalinus|Ribes rubrum|Scorzonera judaica|Verbena brasiliensis,Shikimates and Phenylpropanoids,6.55,7.56,5.02,6.75,5.3,5.94,5.91,5.27,5.05,7.28,7.2,7.56,茵陈/青蒿,4,28.14
CC1(C)[C@H](O[C@@H]2O[C@H](C(=O)O)[C@@H](O)[C@H](O)[C@H]2O[C@H]2O[C@@H](C(=O)O)[C@H](O)[C@@H](O)[C@@H]2O)CC[C@]2(C)[C@H]1CC[C@@]1(C)[C@H]2C(=O)C=C2[C@@H]3C[C@@](C)(C(=O)O[C@H]4O[C@@H](CO)[C@H](O)[C@@H](O)[C@@H]4O)CC[C@]3(C)CC[C@@]21C,,Glycyrrhiza uralensis|Lentinus tigrinus|Mitracarpus scaber,Terpenoids,6.63,7.53,4.46,7.44,5.29,5.48,5.83,5.81,5.17,6.54,7.2,7.53,甘草,4,28.14
CC1(C)C=CC2=C(C=CC3=C2N(O)C(=O)[C@@]32C[C@@]34N=C(O)[C@]5(CCCN5C3=O)C[C@H]4C2(C)C)O1,"(1~{S},7~{S},9~{S},11~{R})-1',14-dihydroxy-7',7',10,10-tetramethyl-spiro[3,13-diazatetracyclo[5.5.2.0^{1,9}.0^{3,7}]tetradec-13-ene-11,3'-pyrano[2,3-g]indole]-2,2'-dione",Acherontia atropus|Achillea macrophylla|Agave aurea|Ajuga spectabilis|Alstroemeria revoluta|Astragalus tragacantha|Baphia nitida|Callistemon viminalis|Cissus pallidiflorus|Crataegus davisii|Crinum erubescens|Cupressus lawsoniana|Emilia sonchifolia|Encephalartos altensteinii|Eria foetida|Eupatorium havanense|Euphorbia kamerunica|Euphorbia marginata|Excoecaria oppositifolia|Gardenia collinsae|Grindelia acutifolia|Guanomyces polythrix|Gymnosporia senegalensis|Ircinia oros|Jungermannia hyalina|Kobresia nepalensis|Ligularia muliensis|Litsea aciculata|Litsea pulchella|Marrubium alysson|Melampodium heterophyllum|Myrmica sabuleti|Mytilus edulis|Nuphar lutea|Pausinystalia mayumbensis|Penicillium olsonii|Pentzia incana|Perilla frutescens var. arguta|Prangos pabularia|Pronephrium triphyllum|Selliguea feei|Shuteria involucrata var. vestita|Simaba multiflora|Sinocalamus affinis|Stevia chamaedrys|Teucrium oxylepis|Trifolium subterraneum|Trillium camschatcense|Ursinia abrotanifolia|Xenorhabdus bovienii,Alkaloids,7.02,7.55,5.76,5.96,6.74,5.44,5.59,5.62,5.12,6.83,7.13,7.55,栀子,4,28.14
CC1(C)C=CC2=C(C=CC3=C2OC[C@@H](C2=CC=C(O)C4=C2OC(C)(C)C=C4)C3)O1,"8-[(3R)-8,8-dimethyl-3,4-dihydro-2H-pyrano[2,3-f]chromen-3-yl]-2,2-dimethylchromen-5-ol",Glycyrrhiza inflata|liquorice,Shikimates and Phenylpropanoids,6.27,6.95,5.37,6.03,6.8,6.68,5.71,5.17,5.07,7.71,7.15,7.71,甘草,4,28.14
CC1(C(=O)O[C@@H]2O[C@H](CO)[C@@H](O)[C@H](O)[C@H]2O)CC[C@]2(C)CCC3(C)C(=CC(=O)C4[C@@]5(C)CC[C@H](O[C@@H]6O[C@H](C(=O)O)[C@@H](O)[C@H](O)[C@H]6O[C@@H]6O[C@H](C(=O)O)[C@@H](O)[C@H](O)[C@H]6O)C(C)(C)C5CC[C@]43C)[C@@H]2C1,,Glycyrrhiza uralensis,Terpenoids,6.63,7.53,4.46,7.44,5.29,5.48,5.83,5.81,5.17,6.54,7.2,7.53,甘草,4,28.14
CC1(C)[C@@H](O[C@@H]2O[C@H](C(=O)O)[C@@H](O)[C@H](O)[C@H]2O[C@@H]2O[C@H](C(=O)O)[C@@H](O)[C@H](O)[C@H]2O)CC[C@]2(C)[C@H]3C(=O)C=C4[C@@H]5C[C@@](C)(C(=O)O[C@@H]6O[C@H](CO)[C@@H](O)[C@H](O)[C@H]6O)CC[C@]5(C)CC[C@@]4(C)[C@]3(C)CC[C@@H]12,Licoricesaponin A3,Glycyrrhiza glabra|Glycyrrhiza inflata|Glycyrrhiza uralensis|Lentinus tigrinus|Mitracarpus scaber,Terpenoids,6.63,7.53,4.46,7.44,5.29,5.48,5.83,5.81,5.17,6.54,7.2,7.53,甘草,4,28.14
CC1(C)C=CC2=C(C=CC3=C2OC[C@H](C2=CC=C(O)C4=C2OC(C)(C)C=C4)C3)O1,,Glycyrrhiza inflata,Shikimates and Phenylpropanoids,6.27,6.95,5.37,6.03,6.8,6.68,5.71,5.17,5.07,7.71,7.15,7.71,甘草,4,28.14
CC1(C)[C@@H](O[C@@H]2O[C@H](C(=O)O)[C@@H](O)[C@H](O)[C@H]2O[C@@H]2O[C@H](C(=O)O)[C@@H](O)[C@H](O)[C@H]2O)CC[C@@]2(C)[C@H]1CC[C@]1(C)[C@H]2C(=O)C=C2[C@@H]3C[C@@](C)(C(=O)O[C@@H]4O[C@H](CO)[C@@H](O)[C@H](O)[C@H]4O)CC[C@]3(C)CC[C@]21C,,Glycyrrhiza uralensis|Lentinus tigrinus|Mitracarpus scaber,Terpenoids,6.63,7.53,4.46,7.44,5.29,5.48,5.83,5.81,5.17,6.54,7.2,7.53,甘草,4,28.14
CC[C@@H]1C=CC=CC[C@H](C)[C@@H](O)[C@](C)(O)C(=O)[C@H](C)[C@@H](O)[C@H](C)C(=O)[C@H](C)[C@@H](O)[C@H](C)C=CC(=O)O[C@@H]2C[C@]3(CC[C@@H](C)[C@@H](C[C@@H](C)O)O3)O[C@H](CC1)[C@@H]2C,"(1~{R},5'~{R},6~{R},6'~{R},7~{S},8~{R},10~{S},11~{S},12~{R},14~{S},15~{R},16~{S},22~{S},25~{R},27~{S},29~{S})-22-ethyl-7,11,14,15-tetrahydroxy-6'-[(2~{R})-2-hydroxypropyl]-5',6,8,10,12,14,16,29-octamethyl-spiro[2,26-dioxabicyclo[23.3.1]nonacosa-4,18,20-triene-27,2'-tetrahydropyran]-3,9,13-trione",Aglaia gigantea|Albugo candida|Andropogon nardus|Clibadium pentaneuron|Croton californicus|Croton sparsiflorus|Culcitium canescens|Dendrobium rotundatum|Distolasterias nipon|Eriostemon fitzgeraldii|Espeletia marcana|Graphis elongata|Homarus americanus|Malva crispa|Neoalsomitra integrifolia|Nolina erumpens|Petasites niveus|Phellinus xeranticus|Picrorhiza kurrooa|Piptolepis leptospermoides|Ratibida latipalearis|Rhinella paracnemis|Solanum toxicarium|Toxicodendron succedaneum|Weddellina squamulosa|Xylaria berteri,Polyketides,7.14,7.61,4.38,6.07,6.84,5.7,5.57,6.53,5.12,5.82,7.2,7.61,胡黄连,4,28.12
COC1=CC(/C=C/C(=O)OCC2(O)CO[C@@H](OC3[C@H](OC4=CC=C([C@H]5CC(=O)C6=CC=C(O)C=C6O5)C=C4)OC(CO)[C@@H](O)[C@@H]3O)[C@H]2O)=CC=C1O,Licorice glycoside C1,Glycyrrhiza glabra|Glycyrrhiza inflata|Glycyrrhiza uralensis,Shikimates and Phenylpropanoids,6.71,7.51,5.35,6.15,6.81,5.79,5.78,5.75,5.24,7.07,7.13,7.51,甘草,4,28.1
COC1=CC(/C=C/C(=O)OCC2(O)CO[C@@H](OC3[C@H](OC4=CC=C([C@@H]5CC(=O)C6=CC=C(O)C=C6O5)C=C4)OC(CO)[C@@H](O)[C@@H]3O)[C@H]2O)=CC=C1O,Licorice glycoside C2,Glycyrrhiza glabra|Glycyrrhiza inflata|Glycyrrhiza uralensis,Shikimates and Phenylpropanoids,6.71,7.51,5.35,6.15,6.81,5.79,5.78,5.75,5.24,7.07,7.13,7.51,甘草,4,28.1
COC1=CC(/C=C/C(=O)OC[C@@]2(O)CO[C@@H](O[C@H]3[C@H](OC4=CC=C([C@H]5CC(=O)C6=CC=C(O)C=C6O5)C=C4)O[C@H](CO)[C@@H](O)[C@@H]3O)[C@@H]2O)=CC=C1O,,Glycyrrhiza uralensis|Lentinus tigrinus|Mitracarpus scaber,Shikimates and Phenylpropanoids,6.71,7.51,5.35,6.15,6.81,5.79,5.78,5.75,5.24,7.07,7.13,7.51,甘草,4,28.1
COC1=CC(/C=C/C(=O)OC[C@@]2(O)CO[C@@H](O[C@H]3[C@H](OC4=CC=C([C@H]5CC(=O)C6=CC=C(O)C=C6O5)C=C4)O[C@H](CO)[C@@H](O)[C@@H]3O)[C@H]2O)=CC=C1O,,Glycyrrhiza uralensis,Shikimates and Phenylpropanoids,6.71,7.51,5.35,6.15,6.81,5.79,5.78,5.75,5.24,7.07,7.13,7.51,甘草,4,28.1
C=CC(C)(C)[C@@]1(C[C@@H]2N=C(O)[C@@H]3CCCN3C2=O)C(O)=NC2=C1C=CC1=C2C=CC(C)(C)O1,"(3S,8aS)-1-hydroxy-3-[[(3R)-2-hydroxy-7,7-dimethyl-3-(2-methylbut-3-en-2-yl)pyrano[2,3-g]indol-3-yl]methyl]-6,7,8,8a-tetrahydro-3H-pyrrolo[1,2-a]pyrazin-4-one",Acherontia atropus|Achillea macrophylla|Agave aurea|Ajuga spectabilis|Alstroemeria revoluta|Astragalus tragacantha|Baphia nitida|Callistemon viminalis|Cissus pallidiflorus|Crataegus davisii|Crinum erubescens|Cupressus lawsoniana|Emilia sonchifolia|Encephalartos altensteinii|Eria foetida|Eupatorium havanense|Euphorbia kamerunica|Euphorbia marginata|Excoecaria oppositifolia|Gardenia collinsae|Grindelia acutifolia|Guanomyces polythrix|Gymnosporia senegalensis|Ircinia oros|Jungermannia hyalina|Kobresia nepalensis|Ligularia muliensis|Litsea aciculata|Litsea pulchella|Marrubium alysson|Melampodium heterophyllum|Myrmica sabuleti|Mytilus edulis|Nuphar lutea|Pausinystalia mayumbensis|Penicillium olsonii|Pentzia incana|Perilla frutescens var. arguta|Prangos pabularia|Pronephrium triphyllum|Selliguea feei|Shuteria involucrata var. vestita|Simaba multiflora|Sinocalamus affinis|Stevia chamaedrys|Teucrium oxylepis|Trifolium subterraneum|Trillium camschatcense|Ursinia abrotanifolia|Xenorhabdus bovienii,Alkaloids,6.98,7.49,5.57,6.38,6.77,5.22,5.55,5.45,4.96,6.86,7.11,7.49,栀子,4,28.1
COC1=CC(/C=C/C(=O)OC[C@@]2(O)CO[C@@H](O[C@H]3[C@H](OC4=CC=C([C@@H]5CC(=O)C6=CC=C(O)C=C6O5)C=C4)O[C@H](CO)[C@@H](O)[C@@H]3O)[C@@H]2O)=CC=C1O,Licorice glycoside C2,Glycyrrhiza inflata|Glycyrrhiza uralensis|Lentinus tigrinus|Mitracarpus scaber,Shikimates and Phenylpropanoids,6.71,7.51,5.35,6.15,6.81,5.79,5.78,5.75,5.24,7.07,7.13,7.51,甘草,4,28.1
COC1=CC(/C=C/C(=O)OC[C@@]2(O)CO[C@@H](O[C@@H]3[C@H](OC4=CC=C([C@@H]5CC(=O)C6=CC=C(O)C=C6O5)C=C4)O[C@@H](CO)[C@@H](O)[C@@H]3O)[C@H]2O)=CC=C1O,,Glycyrrhiza uralensis,Shikimates and Phenylpropanoids,6.71,7.51,5.35,6.15,6.81,5.79,5.78,5.75,5.24,7.07,7.13,7.51,甘草,4,28.1
CO[C@H]1C2=C(N(O)C3=C4C=CC(C)(C)OC4=CC=C23)C(C)(C)[C@@H]2C[C@]34CCCN3C(=O)[C@]12N=C4O,"(1~{R},2~{S},17~{S},19~{S})-14,26-dihydroxy-2-methoxy-9,9,16,16-tetramethyl-8-oxa-14,23,25-triazaheptacyclo[17.5.2.0^{1,17}.0^{3,15}.0^{4,13}.0^{7,12}.0^{19,23}]hexacosa-3(15),4,6,10,12,25-hexaen-24-one",Acherontia atropus|Achillea macrophylla|Agave aurea|Ajuga spectabilis|Alstroemeria revoluta|Astragalus tragacantha|Baphia nitida|Callistemon viminalis|Cissus pallidiflorus|Crataegus davisii|Crinum erubescens|Cupressus lawsoniana|Emilia sonchifolia|Encephalartos altensteinii|Eria foetida|Eupatorium havanense|Euphorbia kamerunica|Euphorbia marginata|Excoecaria oppositifolia|Gardenia collinsae|Grindelia acutifolia|Guanomyces polythrix|Gymnosporia senegalensis|Ircinia oros|Jungermannia hyalina|Kobresia nepalensis|Ligularia muliensis|Litsea aciculata|Litsea pulchella|Marrubium alysson|Melampodium heterophyllum|Myrmica sabuleti|Mytilus edulis|Nuphar lutea|Pausinystalia mayumbensis|Penicillium olsonii|Pentzia incana|Perilla frutescens var. arguta|Prangos pabularia|Pronephrium triphyllum|Selliguea feei|Shuteria involucrata var. vestita|Simaba multiflora|Sinocalamus affinis|Stevia chamaedrys|Teucrium oxylepis|Trifolium subterraneum|Trillium camschatcense|Ursinia abrotanifolia|Xenorhabdus bovienii,Alkaloids,7.07,7.53,5.75,6.05,6.67,5.49,5.41,6.16,5.2,6.82,7.14,7.53,栀子,4,28.09
O=C(/C=C/C1=C[C@@H]2[C@H](C3=CC=C(O)C(O)=C3)[C@H](C(=O)O)[C@H]1C(=O)[C@]21O[C@@]2(O)[C@@H]3C=C(/C=C/C(=O)O[C@@H](CC4=CC=C(O)C(O)=C4)C(=O)O)[C@@H]([C@@H](C(=O)O)[C@H]3C3=CC=C(O)C(O)=C3)[C@@]2(O)O1)O[C@@H](CC1=CC=C(O)C(O)=C1)C(=O)O,,Salvia yunnanensis,Shikimates and Phenylpropanoids,6.76,7.46,5.45,6.5,5.47,5.96,6.15,5.79,5.23,7.37,7.2,7.46,丹参,4,28.09
O=C(/C=C/C1=C[C@@H]2[C@H](C3=CC=C(O)C(O)=C3)[C@@H](C(=O)O)[C@H]1C(=O)[C@@]21O[C@@]2(O)[C@H]3C(/C=C/C(=O)O[C@H](CC4=CC=C(O)C(O)=C4)C(=O)O)=C[C@H]([C@H](C4=CC=C(O)C(O)=C4)[C@H]3C(=O)O)[C@@]2(O)O1)O[C@H](CC1=CC=C(O)C(O)=C1)C(=O)O,,Salvia yunnanensis,Shikimates and Phenylpropanoids,6.76,7.46,5.45,6.5,5.47,5.96,6.15,5.79,5.23,7.37,7.2,7.46,丹参,4,28.09
COC(=O)CC[C@@H]1/N=C(/O)[C@H](CC2=CNC3=CC=CC=C23)/N=C(/O)C2CC(=O)O[C@H](C)[C@H](NC(=O)[C@H](CC(N)=O)NC(=O)CNC(=O)[C@H](CC3=CC=C(O)C=C3)NC(C)=O)/C(O)=N/[C@@H](CCSC)/C(O)=N/[C@@H](CCCC/N=C(/O)CC[C@@H](C(=O)N[C@@H](CC3=CC=C(O)C=C3)C(=O)O)/N=C\1O)/C(O)=N/[C@@H](CC1=CC=C(O)C=C1)C(=O)N1CCC[C@H]1/C(O)=N/[C@@H](CO)/C(O)=N\2,"(2~{S})-2-[[(2~{E},4~{S},5~{E},7~{S},8~{E},10~{S},13~{E},19~{S},20~{Z},22~{S},28~{S},29~{Z},31~{S},32~{E},37~{R},38~{S},39~{Z},41~{S},42~{Z})-38-[[(2~{S})-2-[[2-[[(2~{S})-2-acetamido-3-(4-hydroxyphenyl)propanoyl]amino]acetyl]amino]-4-amino-4-oxo-butanoyl]amino]-2,5,8,13,20,29,32,39,42-nonahydroxy-31-(hydroxymethyl)-22-[(4-hydroxyphenyl)methyl]-4-(1~{H}-indol-3-ylmethyl)-7-(3-methoxy-3-oxo-propyl)-37-methyl-41-(2-methylsulfanylethyl)-23,35-dioxo-36-oxa-3,6,9,14,21,24,30,33,40,43-decazatricyclo[17.14.10.0^{24,28}]tritetraconta-2,5,8,13,20,29,32,39,42-nonaene-10-carbonyl]amino]-3-(4-hydroxyphenyl)propanoic acid",Ambrosia cordifolia|Croton hieronymi|Desmanthus illinoensis|Elsholtzia bodinieri|Equisetum silvaticum|Ipomoea purpurea|Monomorium fieldi|Narcissus serotinus|Ormosia cinerea|Pterocarpus angolensis|Rabdosia coetsoides|Romalea microptera|Sistotrema raduloides,Amino acids and Peptides,5.64,7.65,5.58,6.7,5.73,6.05,5.76,6.79,5.15,6.94,7.13,7.65,香茶菜,4,28.08
C[C@H]1C[C@@](C)(O)C[C@@H]([C@H](O)CC2CC(=O)N=C(O)C2)C1=O,Streptovitacin-A,Aglaia gigantea|Albugo candida|Andropogon nardus|Clibadium pentaneuron|Croton californicus|Croton sparsiflorus|Culcitium canescens|Dendrobium rotundatum|Distolasterias nipon|Eriostemon fitzgeraldii|Espeletia marcana|Graphis elongata|Homarus americanus|Malva crispa|Neoalsomitra integrifolia|Nolina erumpens|Petasites niveus|Phellinus xeranticus|Picrorhiza kurrooa|Piptolepis leptospermoides|Ratibida latipalearis|Rhinella paracnemis|Solanum toxicarium|Streptomyces sp. ZZ741|Toxicodendron succedaneum|Weddellina squamulosa|Xylaria berteri,,6.78,7.73,4.38,6.01,5.27,5.28,5.54,6.73,5.14,6.84,7.12,7.73,胡黄连,4,28.08
C[C@@H]1C[C@H]([C@H](O)CC2CC(=O)N=C(O)C2)C(=O)[C@](C)(O)C1,"6-hydroxy-4-[(2R)-2-hydroxy-2-[(1R,3R,5R)-3-hydroxy-3,5-dimethyl-2-oxocyclohexyl]ethyl]-4,5-dihydro-3H-pyridin-2-one",Aglaia gigantea|Albugo candida|Andropogon nardus|Clibadium pentaneuron|Croton californicus|Croton sparsiflorus|Culcitium canescens|Dendrobium rotundatum|Distolasterias nipon|Eriostemon fitzgeraldii|Espeletia marcana|Graphis elongata|Homarus americanus|Malva crispa|Neoalsomitra integrifolia|Nolina erumpens|Petasites niveus|Phellinus xeranticus|Picrorhiza kurrooa|Piptolepis leptospermoides|Ratibida latipalearis|Rhinella paracnemis|Solanum toxicarium|Toxicodendron succedaneum|Weddellina squamulosa|Xylaria berteri,,6.76,7.73,4.36,5.71,5.25,5.28,5.55,6.73,5.13,6.85,7.11,7.73,胡黄连,4,28.07
CC(C)=CCC1=C(O)C=C(O)C2=C1O[C@H](C1=CC=C3OC(C)(C)CCC3=C1)CC2=O,Euchrenone a16,Euchresta formosana|Glycyrrhiza glabra,Shikimates and Phenylpropanoids,6.73,7.63,5.55,5.64,6.81,5.37,5.76,5.89,5.16,6.89,7.11,7.63,甘草,4,28.06
CC(C)=CCCCC1=C(O)C=CC2=C1O[C@@H](C1=CC=C3OC(C)(C)C=CC3=C1)CC2=O,,Glycyrrhiza glabra,Shikimates and Phenylpropanoids,6.51,7.52,5.44,5.58,6.73,5.33,5.55,5.98,5.36,7.3,7.18,7.52,甘草,4,28.06
CC(=O)OCC1=CC(=O)[C@H]2C1=CC1=C(O)C=CC3=C1[C@]2(C)[C@@H](OC(C)C)O3,Fomitellanol B,Fomitella fraxinea (Polyporaceae)|Perenniporia fraxinea|Vanderbylia fraxinea,,6.82,7.35,5.32,5.98,5.58,5.65,5.57,6.52,5.12,7.37,7.18,7.37,茯苓,4,28.06
CC1(C)C=CC2=C(C=CC3=C2N(O)C(=O)[C@@]32[C@H](O)[C@@]34N=C(O)[C@]5(CCCN5C3=O)C[C@H]4C2(C)C)O1,"(1~{R},7~{S},9~{S},11~{R},12~{S})-1',12,14-trihydroxy-7',7',10,10-tetramethyl-spiro[3,13-diazatetracyclo[5.5.2.0^{1,9}.0^{3,7}]tetradec-13-ene-11,3'-pyrano[2,3-g]indole]-2,2'-dione",Acherontia atropus|Achillea macrophylla|Agave aurea|Ajuga spectabilis|Alstroemeria revoluta|Astragalus tragacantha|Baphia nitida|Callistemon viminalis|Cissus pallidiflorus|Crataegus davisii|Crinum erubescens|Cupressus lawsoniana|Emilia sonchifolia|Encephalartos altensteinii|Eria foetida|Eupatorium havanense|Euphorbia kamerunica|Euphorbia marginata|Excoecaria oppositifolia|Gardenia collinsae|Grindelia acutifolia|Guanomyces polythrix|Gymnosporia senegalensis|Ircinia oros|Jungermannia hyalina|Kobresia nepalensis|Ligularia muliensis|Litsea aciculata|Litsea pulchella|Marrubium alysson|Melampodium heterophyllum|Myrmica sabuleti|Mytilus edulis|Nuphar lutea|Pausinystalia mayumbensis|Penicillium olsonii|Pentzia incana|Perilla frutescens var. arguta|Prangos pabularia|Pronephrium triphyllum|Selliguea feei|Shuteria involucrata var. vestita|Simaba multiflora|Sinocalamus affinis|Stevia chamaedrys|Teucrium oxylepis|Trifolium subterraneum|Trillium camschatcense|Ursinia abrotanifolia|Xenorhabdus bovienii,Alkaloids,6.99,7.54,5.8,6.05,6.74,5.23,5.6,5.59,5.1,6.79,7.11,7.54,栀子,4,28.06
CC(C)=C[C@@H]1OC2=CC(O)=C(O)C=C2C2=C1C(=O)C1=C(O)C=C3OC(C)(C)C=CC3=C1O2,,Agabus bipustulatus|Artocarpus chama|Artocarpus chaplasha|Artocarpus kemando|Cereus validus|Conyza incana|Helinus ovatus|Oenothera laciniata|Primula glaucescens|Senecio oxyodon|Solanum sarrachoides,Shikimates and Phenylpropanoids,6.73,7.59,4.39,6.21,7.13,5.42,5.58,5.47,5.14,6.6,7.15,7.59,千里光,4,28.05
CC1(C)C=CC2=C(C=CC3=C2N=C(O)[C@@]32[C@H](O)[C@@]34N=C(O)[C@]5(CCCN5C3=O)C[C@H]4C2(C)C)O1,"(1~{R},7~{S},9~{S},11~{R},12~{S})-2',12,14-trihydroxy-7',7',10,10-tetramethyl-spiro[3,13-diazatetracyclo[5.5.2.0^{1,9}.0^{3,7}]tetradec-13-ene-11,3'-pyrano[2,3-g]indole]-2-one",Acherontia atropus|Achillea macrophylla|Agave aurea|Ajuga spectabilis|Alstroemeria revoluta|Aspergillus sclerotiorum|Aspergillus sp.|Aspergillus sulphureus + Isaria felina|Astragalus tragacantha|Baphia nitida|Callistemon viminalis|Cissus pallidiflorus|Crataegus davisii|Crinum erubescens|Cupressus lawsoniana|Emilia sonchifolia|Encephalartos altensteinii|Eria foetida|Eupatorium havanense|Euphorbia kamerunica|Euphorbia marginata|Excoecaria oppositifolia|Gardenia collinsae|Grindelia acutifolia|Guanomyces polythrix|Gymnosporia senegalensis|Ircinia oros|Jungermannia hyalina|Kobresia nepalensis|Ligularia muliensis|Litsea aciculata|Litsea pulchella|Marrubium alysson|Melampodium heterophyllum|Myrmica sabuleti|Mytilus edulis|Nuphar lutea|Pausinystalia mayumbensis|Penicillium olsonii|Pentzia incana|Perilla frutescens var. arguta|Prangos pabularia|Pronephrium triphyllum|Selliguea feei|Shuteria involucrata var. vestita|Simaba multiflora|Sinocalamus affinis|Stevia chamaedrys|Teucrium oxylepis|Trifolium subterraneum|Trillium camschatcense|Ursinia abrotanifolia|Xenorhabdus bovienii|aspergillus westerdijkiae dffscs013,Alkaloids,7.04,7.5,5.79,6.03,6.73,5.23,5.6,5.38,5.13,6.78,7.11,7.5,栀子,4,28.05
CC1(C)C=CC2=C(C=CC3=C2N[C@@]2(O[C@@H](O)[C@@]45N=C(O)[C@]6(CCCN6C4=O)C[C@H]5C2(C)C)C3=O)O1,"(1'~{S},2~{S},3'~{S},7'~{R},8'~{R})-7',14'-dihydroxy-4',4',7,7-tetramethyl-spiro[1~{H}-pyrano[2,3-g]indole-2,5'-6-oxa-10,15-diazatetracyclo[6.5.2.0^{1,10}.0^{3,8}]pentadec-14-ene]-3,9'-dione",Acherontia atropus|Achillea macrophylla|Agave aurea|Ajuga spectabilis|Alstroemeria revoluta|Astragalus tragacantha|Baphia nitida|Callistemon viminalis|Cissus pallidiflorus|Crataegus davisii|Crinum erubescens|Cupressus lawsoniana|Emilia sonchifolia|Encephalartos altensteinii|Eria foetida|Eupatorium havanense|Euphorbia kamerunica|Euphorbia marginata|Excoecaria oppositifolia|Gardenia collinsae|Grindelia acutifolia|Guanomyces polythrix|Gymnosporia senegalensis|Ircinia oros|Jungermannia hyalina|Kobresia nepalensis|Ligularia muliensis|Litsea aciculata|Litsea pulchella|Marrubium alysson|Melampodium heterophyllum|Myrmica sabuleti|Mytilus edulis|Nuphar lutea|Pausinystalia mayumbensis|Penicillium olsonii|Pentzia incana|Perilla frutescens var. arguta|Prangos pabularia|Pronephrium triphyllum|Selliguea feei|Shuteria involucrata var. vestita|Simaba multiflora|Sinocalamus affinis|Stevia chamaedrys|Teucrium oxylepis|Trifolium subterraneum|Trillium camschatcense|Ursinia abrotanifolia|Xenorhabdus bovienii,Alkaloids,6.96,7.63,5.86,6.22,6.8,5.22,5.57,5.49,5.13,6.66,7.13,7.63,栀子,4,28.05
COC(=O)C1=CC(SC2=CC(C(=O)OC)=C3N=C4C=CC=C(C(=O)O)C4=NC3=C2O)=CC2=NC3=C(C(=O)O)C=CC=C3N=C12,Diphenazithionin,Aglaia gigantea|Albugo candida|Andropogon nardus|Clibadium pentaneuron|Croton californicus|Croton sparsiflorus|Culcitium canescens|Dendrobium rotundatum|Distolasterias nipon|Eriostemon fitzgeraldii|Espeletia marcana|Graphis elongata|Homarus americanus|Malva crispa|Neoalsomitra integrifolia|Nolina erumpens|Petasites niveus|Phellinus xeranticus|Picrorhiza kurrooa|Piptolepis leptospermoides|Ratibida latipalearis|Rhinella paracnemis|Solanum toxicarium|Streptomyces griseus|Streptomyces griseus (ISP 5236)|Toxicodendron succedaneum|Weddellina squamulosa|Xylaria berteri,Alkaloids,5.89,7.11,5.91,5.99,7.01,6.11,6.75,5.53,5.07,7.16,7.09,7.16,胡黄连,4,28.03
CC1=CC(=O)O/C1=C\[C@@H](O)[C@]1(C)CC[C@@H]2[C@@]3(C)CCC[C@@](C)(C(=O)O)[C@@H]3CC[C@@]2(C)O1,,Salvia mirzayanii,Terpenoids,7.02,7.62,4.39,6.51,5.26,5.0,5.92,6.87,4.98,5.7,7.17,7.62,丹参,4,28.02
COC1=CC(C(=O)O[C@H]2[C@H]3C=CO[C@@H](O[C@@H]4O[C@H](CO)[C@@H](O)[C@@H](O)[C@H]4O)[C@H]3[C@]3(CO)O[C@H]23)=CC=C1O,,Hesperocyparis bakeri|Neofusicoccum mangiferae|Phyllanthus tenellus,Terpenoids,6.58,7.5,5.37,6.12,6.68,5.93,5.71,5.4,5.37,7.26,7.15,7.5,叶下珠,4,28.02
COC1=CC(C(=O)O[C@H]2[C@H]3C=CO[C@@H](O[C@@H]4O[C@H](CO)[C@@H](O)[C@H](O)[C@@H]4O)[C@@H]3[C@@]3(CO)O[C@@H]23)=CC=C1O,,Neopicrorhiza scrophulariiflora|Picrorhiza kurroa|Picrorhiza kurrooa|Picrorhiza scrophulariiflora|Picrorrhiza kurrooa|Picrorrhiza scrophulariflora,Terpenoids,6.58,7.5,5.37,6.12,6.68,5.93,5.71,5.4,5.37,7.26,7.15,7.5,胡黄连,4,28.02
CC1=CC(=O)O/C1=C\[C@H](O)[C@@]1(C)CC[C@@H]2[C@@]3(C)CCC[C@@](C)(C(=O)O)[C@@H]3CC[C@@]2(C)O1,,Salvia mirzayanii,Terpenoids,7.02,7.62,4.39,6.51,5.26,5.0,5.92,6.87,4.98,5.7,7.17,7.62,丹参,4,28.02
COC1=CC(C(=O)OC2C3O[C@]3(CO)[C@@H]3C(OC4OC(CO)C(O)C(O)C4O)OC=C[C@H]23)=CC=C1O,Picroside II,Neopicrorhiza scrophulariiflora|Picrorhiza kurrooa,Terpenoids,6.58,7.5,5.37,6.12,6.68,5.93,5.71,5.4,5.37,7.26,7.15,7.5,胡黄连,4,28.02
COC1=CC(C(=O)OC2C3OC3(CO)[C@@H]3C(O[C@@H]4O[C@H](CO)[C@@H](O)[C@H](O)[C@H]4O)OC=C[C@H]23)=CC=C1O,,Picrorhiza scrophulariiflora,Terpenoids,6.58,7.5,5.37,6.12,6.68,5.93,5.71,5.4,5.37,7.26,7.15,7.5,胡黄连,4,28.02
C=C(C)C(CC=C(C)C)CC1=C(O)C=CC2=C1O[C@H](C1=CC=C(O)C=C1O)CC2=O,ST077106,Sophora alopecuroides,Shikimates and Phenylpropanoids,6.5,7.59,5.2,6.21,6.73,5.33,5.73,5.81,5.08,7.2,7.17,7.59,苦参/槐,4,28.02
COC1=CC(C(=O)O[C@H]2C3C=CO[C@@H](O[C@@H]4O[C@H](CO)[C@@H](O)[C@H](O)[C@H]4O)C3[C@@]3(CO)O[C@@H]23)=CC=C1O,Amphicoside,Catalpa bignonioides|Picrorhiza kurroa|Picrorhiza kurrooa|Plantago major|Veronica filiformis|Veronica kellereri|Veronica persica,Terpenoids,6.58,7.5,5.37,6.12,6.68,5.93,5.71,5.4,5.37,7.26,7.15,7.5,胡黄连,4,28.02
C=C(C)[C@H](CC=C(C)C)CC1=C(O)C=CC2=C1O[C@@H](C1=CC=C(O)C=C1O)CC2=O,,Sophora flavescens,Shikimates and Phenylpropanoids,6.5,7.59,5.2,6.21,6.73,5.33,5.73,5.81,5.08,7.2,7.17,7.59,苦参/槐,4,28.02
COC1=CC(C(=O)O[C@H]2[C@H]3C=CO[C@@H](O[C@@H]4O[C@H](CO)[C@@H](O)[C@H](O)[C@H]4O)[C@H]3[C@]3(CO)O[C@H]23)=CC=C1O,,Hesperocyparis bakeri|Neofusicoccum mangiferae|Phyllanthus tenellus|Picrorhiza kurrooa|Veronica americana|Veronica anagallis|blue water-speedwell,Terpenoids,6.58,7.5,5.37,6.12,6.68,5.93,5.71,5.4,5.37,7.26,7.15,7.5,叶下珠,4,28.02
COC1=CC(C(=O)O[C@H]2[C@@H]3C=CO[C@@H](OC4O[C@H](CO)[C@@H](O)[C@H](O)[C@H]4O)[C@@H]3[C@@]3(CO)O[C@@H]23)=CC=C1O,PicrosideII,Neopicrorhiza scrophulariiflora|Picrorhiza kurrooa,Terpenoids,6.58,7.5,5.37,6.12,6.68,5.93,5.71,5.4,5.37,7.26,7.15,7.5,胡黄连,4,28.02
CC1=CC(=O)O/C1=C\[C@H](O)[C@]1(C)CC[C@@H]2[C@@]3(C)CCC[C@@](C)(C(=O)O)[C@@H]3CC[C@@]2(C)O1,,Salvia mirzayanii,Terpenoids,7.02,7.62,4.39,6.51,5.26,5.0,5.92,6.87,4.98,5.7,7.17,7.62,丹参,4,28.02
COC1=CC(C(=O)OC2C3C=COC(O[C@@H]4O[C@H](CO)[C@@H](O)[C@H](O)[C@H]4O)C3C3(CO)OC23)=CC=C1O,Picroside,Neopicrorhiza scrophulariiflora|Picrorhiza kurroa|Picrorhiza kurrooa,Terpenoids,6.58,7.5,5.37,6.12,6.68,5.93,5.71,5.4,5.37,7.26,7.15,7.5,胡黄连,4,28.02
COC1=CC(C(=O)O[C@H]2[C@@H]3C=CO[C@@H](O[C@@H]4O[C@H](CO)[C@@H](O)[C@H](O)[C@H]4O)[C@@H]3[C@@]3(CO)O[C@@H]23)=CC=C1O,Picroside II,Adenium somalense|Amphicome emodi|Antidesma pentandrum|Aspergillus caelatus|Atroxima afzeliana|Catalpa ovata|Cladophora rupestris|Diacarnus levii|Dianella tasmanica|Elattostachys apetala|Eritrichium incanum|Eusideroxylon zwageri|Garcinia subelliptica|Geigeria plumosa|Goodenia strophiolata|Hesperocyparis bakeri|Heterophyllaea pustulata|Iostephane heterophylla|Isertia haenkeana|Jasonia tuberosa|Juncus effusus|Kandelia candel|Lamium album|Lecidea kochiana|Lindera pipericarpa|Myroxylon peruiferum|Neofusicoccum mangiferae|Neopicrorhiza scrophulariiflora|Ononis hircina|Paederota lutea|Petrosia weinbergi|Phyllanthus tenellus|Picrorhiza kurroa|Picrorhiza kurrooa|Picrorhiza scrophulariiflora|Pithecellobium albicans|Plectranthus comosus|Preussia australis|Rhodiola coccinea|Scutellaria racemosa|Solanum mauritianum|Solanum unguiculatum|Tovomita brasiliensis|Vellozia declinans|Ventilago goughii|Veronica americana|Veronica anagallis|Veronica bellidioides|Veronica cymbalaria|Veronica pulvinaris|Veronica thomsonii|Veronica turrilliana|Viburnum lantanoides|Vicia hirsuta|blue water-speedwell|ivy-leaved speedwell,Terpenoids,6.58,7.5,5.37,6.12,6.68,5.93,5.71,5.4,5.37,7.26,7.15,7.5,叶下珠,4,28.02
COC(=O)/C(=C/C1=CC=C(O)C(O)=C1)OC1=CC=C(/C=C/C(=O)O[C@@H](CC2=CC=C(O)C(O)=C2)C(=O)O)C=C1O,,Salvia officinalis,Shikimates and Phenylpropanoids,5.91,6.98,5.34,6.51,5.62,6.3,6.54,5.52,5.25,7.98,7.17,7.98,丹参,4,28.01
CC(C)C(=O)C1=C(O)C(C)(C)C(O)=C(CC2=C(O)C(C(=O)C(C)C)=C(O)C3=C2OC(C)(C)[C@H]2CC(C)(C)C[C@@H]32)C1=O,"2-[[(3aS,9bR)-7,9-dihydroxy-2,2,4,4-tetramethyl-8-(2-methylpropanoyl)-1,3,3a,9b-tetrahydrocyclopenta[c]chromen-6-yl]methyl]-3,5-dihydroxy-4,4-dimethyl-6-(2-methylpropanoyl)cyclohexa-2,5-dien-1-one",Hypericum brasiliense,Polyketides,6.71,7.5,4.36,6.65,5.32,5.28,5.53,5.6,5.16,7.15,7.12,7.5,地耳草/田基黄,4,28.01
COC(=O)/C(=C/C1=CC=C(O)C(O)=C1)OC1=CC=C(/C=C/C(=O)O[C@H](CC2=CC=C(O)C(O)=C2)C(=O)O)C=C1O,DTXSID401317422,Salvia officinalis,Shikimates and Phenylpropanoids,5.91,6.98,5.34,6.51,5.62,6.3,6.54,5.52,5.25,7.98,7.17,7.98,丹参,4,28.01
O=C(O[C@H]1O[C@@H](CO)[C@H](O)[C@H]2OC(=O)C3=C(O)C(O)=C(O)C(=C3)C3=C(C=C(O)C(O)=C3O)C(=O)O[C@H]12)C1=CC(O)=C(O)C(OC2=C(O)C(O)=C(O)C=C2C(=O)O[C@H]2O[C@@H](CO)[C@H](O)C[C@@H]2OC(=O)C2=CC(O)=C(O)C(O)=C2C2=CC=C(O)C(O)=C2O)=C1,,Casimiroa tetrameria|Cissus quinquefolia|Colchicum speciosum|Heliomeris multiflora|Ligularia dentata|Rosa laevigata|Senecio sinuatus|Spirographis spallanzani,Shikimates and Phenylpropanoids,6.5,7.58,5.36,6.02,5.44,5.68,5.94,6.56,5.4,7.36,7.17,7.58,橐吾,4,28.0
CC(=O)OC(CC1=C(O)C(=O)OC1)C1(C)C2CCC=C(C)C2(C)C(O)C(OC(=O)C2=CC=CN=C2)C1(C)O,,Scutellaria barbata,Terpenoids,6.62,7.99,5.58,6.51,5.5,5.67,5.35,5.81,5.54,6.88,7.16,7.99,黄芩,4,28.0
CC(=O)O[C@H](CCC1=CC=C(O)C(O)=C1)C[C@H](O)CCC1=CC=C(O)C=C1,"[(3R,5R)-1-(3,4-dihydroxyphenyl)-5-hydroxy-7-(4-hydroxyphenyl)heptan-3-yl] acetate",Curcuma comosa|Curcuma kwangsiensis,Shikimates and Phenylpropanoids,6.29,7.19,5.05,6.89,6.5,6.49,6.04,5.51,5.2,7.41,7.16,7.41,莪术/姜黄,4,27.99
CC(=O)O[C@H]1C[C@@]2(C)O[C@](C)([C@H](/C=C3\OC(=O)C=C3C)OC(C)=O)CC[C@@H]2[C@@]2(C)CCCC(C)(C)[C@H]12,,Salvia yosgadensis,Terpenoids,7.0,7.62,4.43,6.51,5.25,5.38,5.89,6.86,5.01,5.69,7.16,7.62,丹参,4,27.99
CC(=O)O[C@@H](CCC1=CC=C(O)C(O)=C1)C[C@@H](O)CCC1=CC=C(O)C=C1,"[(3S,5S)-1-(3,4-dihydroxyphenyl)-5-hydroxy-7-(4-hydroxyphenyl)heptan-3-yl] acetate",Curcuma kwangsiensis,Shikimates and Phenylpropanoids,6.29,7.19,5.05,6.89,6.5,6.49,6.04,5.51,5.2,7.41,7.16,7.41,莪术/姜黄,4,27.99
CC(C)=CCC1=C(O)C(O)=CC2=C1C(=O)C1=CC=C3OC(C)(C)C=CC3=C1O2,TERMICALCICOLANONE B,Terminalia calcicola|terminalia calcicola,Shikimates and Phenylpropanoids,6.8,7.71,5.17,6.28,6.74,5.54,5.69,5.56,5.25,6.73,7.08,7.71,诃子,4,27.98
CC(C)=CCC1=C2OC(C)(C)C=CC2=C(O)C2=C1O[C@H](C1=CC=CC=C1O)CC2=O,minimiflorin,Bessera tenuiflora|Bucida buceras|Cymbopogon flexuosus|Hedysarum setigerum|Heimia montana|Laguncularia racemosa|Lonchocarpus miniflorus|Lonchocarpus minimiflorus|Lonchocarpus oaxacensis|Lonchocarpus orotinus|Lonchocarpus parviflorus|Oria flava|Oxalis triangularis|Pterorhachis zenkeri|Schizanthus pinnatus|Terminalia buceras|Wedelia paludosa,Shikimates and Phenylpropanoids,6.61,7.68,5.5,6.03,6.86,5.04,5.48,5.73,5.22,6.82,7.12,7.68,诃子,4,27.97
O=C(OC[C@H]1O[C@@H](OC2=CC(O)=C3C(=O)C[C@@H](C4=CC=C(O)C(O)=C4)OC3=C2)[C@H](O)[C@@H](O)[C@@H]1O)C1=CC(O)=C(O)C(O)=C1,(2S)-eriodictyol 7-O-(6''-O-galloyl)-beta-D-glucopyranoside,Balanophora harlandii|Centella asiatica|Phyllanthus emblica,Shikimates and Phenylpropanoids,6.58,7.45,5.18,5.72,6.61,5.56,5.85,5.69,5.31,7.32,7.13,7.45,叶下珠,4,27.96
CC1=CC2=C(O)C=C3C(=C2C=C(O)C1=O)CCCC3(C)C,"6,10-dihydroxy-4,4,8-trimethyl-2,3-dihydro-1H-cyclohepta[a]naphthalen-9-one",Campylospermum flavum|Lechevalieria flava|Melodorum oldhamii|Polystictus versicolor|Salvia jaminiana,Terpenoids,6.84,7.5,4.45,5.63,5.57,5.67,5.97,6.8,5.07,6.82,7.05,7.5,丹参,4,27.96
O=C(/C=C/C1=C[C@@H]2[C@H](C3=CC=C(O)C(O)=C3)[C@@H](C(=O)O)[C@H]1C(=O)[C@@H]2O)O[C@H](CC1=CC=C(O)C(O)=C1)C(=O)O,Yunnaneic acid D,Salvia yunnanensis,Shikimates and Phenylpropanoids,6.54,7.44,5.44,6.5,5.46,5.98,6.25,6.05,5.28,7.48,7.15,7.48,丹参,4,27.96
CC(C)(O)CCC1=C(O)C=C2OC=C(C3=CC=C4OC(C)(C)C=CC4=C3O)C(=O)C2=C1O,Kanzonol T,Glycyrrhiza glabra|Glycyrrhiza inflata|Glycyrrhiza uralensis|liquorice,Shikimates and Phenylpropanoids,6.8,7.69,5.25,6.11,6.81,5.89,5.64,5.33,5.11,6.66,7.1,7.69,甘草,4,27.96
O=C(OC[C@H]1O[C@@H](OC2=CC(O)=C3C(=O)C[C@@H](C4=CC=C(O)C(O)=C4)OC3=C2)[C@@H](O)[C@@H](O)[C@@H]1O)C1=CC(O)=C(O)C(O)=C1,,Phyllanthus emblica,Shikimates and Phenylpropanoids,6.58,7.45,5.18,5.72,6.61,5.56,5.85,5.69,5.31,7.32,7.13,7.45,叶下珠,4,27.96
C=CC(C)(C)[C@@]12NC3=C(C=CC4=C3C=CC(C)(C)O4)[C@]1(O)C[C@]1(O)C(=O)N3CCC[C@H]3C(=O)N21,Notoamide K,Acherontia atropus|Achillea macrophylla|Agave aurea|Ajuga spectabilis|Alstroemeria revoluta|Aspergillus|Aspergillus sp.|Astragalus tragacantha|Baphia nitida|Callistemon viminalis|Cissus pallidiflorus|Crataegus davisii|Crinum erubescens|Cupressus lawsoniana|Emilia sonchifolia|Encephalartos altensteinii|Eria foetida|Eupatorium havanense|Euphorbia kamerunica|Euphorbia marginata|Excoecaria oppositifolia|Gardenia collinsae|Grindelia acutifolia|Guanomyces polythrix|Gymnosporia senegalensis|Ircinia oros|Jungermannia hyalina|Kobresia nepalensis|Ligularia muliensis|Litsea aciculata|Litsea pulchella|Marrubium alysson|Melampodium heterophyllum|Myrmica sabuleti|Mytilus edulis|Nuphar lutea|Pausinystalia mayumbensis|Penicillium olsonii|Pentzia incana|Perilla frutescens var. arguta|Prangos pabularia|Pronephrium triphyllum|Selliguea feei|Shuteria involucrata var. vestita|Simaba multiflora|Sinocalamus affinis|Stevia chamaedrys|Teucrium oxylepis|Trifolium subterraneum|Trillium camschatcense|Ursinia abrotanifolia|Xenorhabdus bovienii,Alkaloids,7.05,7.48,5.72,6.4,6.71,5.32,5.64,6.7,4.98,5.48,7.08,7.48,栀子,4,27.94
CC(=O)C1=C(O)C(C)=C(O)C(CC2=C3OC(C)(C)C=CC3=C(O)C3=C2O[C@H](C2=CC=CC=C2)CC3=O)=C1O,,Baileya multiradiata|Cladonia cryptochlorophaea|Erigeron linifolius|Eupatorium hyssopifolium|Mallotus philippensis|Maytenus horrida|Miconia myriantha|Onoseris lopezii|Picea breweriana|Populus grandidentata|Pyrrosia sheareri|Sinoadina racemosa|Streptomyces toyocaensis|Virola elongata,Shikimates and Phenylpropanoids,6.74,7.63,6.38,6.07,6.82,5.13,5.54,6.1,5.18,6.75,7.07,7.63,石韦,4,27.94
C=CC(=O)C(O)(O)[C@]1(O)OC2=C(O)C(O)=CC3=C2[C@@H]1CC(=O)O[C@H]1[C@@H]2OC(=O)C4=CC(O)=C(O)C(O)=C4C4=C(C=C(OC5=C(O)C(O)=C(O)C=C5C(=O)O[C@H]5[C@H](OC(=O)C6=CC(O)=C(O)C(O)=C6)O[C@H](COC(=O)C6=CC(O)=C(O)C(O)=C6)[C@@H](OC(=O)C6=CC(O)=C(O)C(O)=C6)[C@@H]5OC(=O)C5=CC(O)=C(O)C(O)=C5)C(O)=C4O)C(=O)OC[C@H]1O[C@@H](OC(=O)C1=CC(O)=C(O)C(O)=C1)C2OC3=O,"[(2~{S},3~{R},4~{S},5~{R},6~{R})-2,4,5-tris[(3,4,5-trihydroxybenzoyl)oxy]-6-[(3,4,5-trihydroxybenzoyl)oxymethyl]tetrahydropyran-3-yl] 2-[[(5~{S},7~{R},25~{S},26~{R},30~{S},31~{R})-31-(1,1-dihydroxy-2-oxo-but-3-enyl)-14,15,18,19,20,31,34,35-octahydroxy-2,10,23,28-tetraoxo-5-(3,4,5-trihydroxybenzoyl)oxy-3,6,9,24,27,32-hexaoxaheptacyclo[28.6.1.0^{4,25}.0^{7,26}.0^{11,16}.0^{17,22}.0^{33,37}]heptatriaconta-1(37),11(16),12,14,17,19,21,33,35-nonaen-13-yl]oxy]-3,4,5-trihydroxy-benzoate",Argusia argentea|Bupleurum chinense|Carya tonkinensis|Chlorocebus aethiops|Euphorbia maculata|Holocarpha obconica|Leonurus sibiricus|Lumbricus terrestris|Plantago indica|Plectranthus fruticosus|Rana arvalis|Spongilla lacustris|Trilisa odoratissima|Zanthoxylum americanum,Shikimates and Phenylpropanoids,6.74,7.75,4.48,6.12,5.88,5.5,5.7,6.56,5.35,6.87,7.12,7.75,柴胡,4,27.92
CC1=CC(=O)O/C1=C\[C@H](O)[C@@]1(C)CC[C@@H]2[C@@]3(C)CCCC(C)(C)[C@@H]3[C@@H](O)C[C@@]2(C)O1,,Salvia yosgadensis,Terpenoids,7.01,7.58,4.37,6.53,5.12,5.24,5.85,6.8,4.99,5.6,7.13,7.58,丹参,4,27.92
COC1=CC(C[C@H]2COC(=O)[C@@]2(O)CC2=CC=C(O)C(OC)=C2)=CC=C1O,Epinortrachelogenin,Adenia fruticosa|Aeromonas hydrophila|Artemisia caucasica|Aster ptarmicoides|Bupleurum salicifolium|Centrosema haitense|Corydalis gigantea|Crella incrustans|Dysosma delavayi|Echinochloa esculenta|Echinopepon bigelovii|Exobasidium vaccinii|Galium album|Gomphostemma crinitum|Herba selaginellae doederleinii|Hopea brevipetiolaris|Lactarius vellereus|Lophozia floerkei|Maharanga bicolor|Millettia rubiginosa|Mosla japonica|Nocardia pseudobrasiliensis|Osteospermum hyoseroides|Pinus massoniana|Plagiomnium undulatum|Rubus phoenicolasius|Saussurea pulchella|Sedum cepaea|Selaginella doederleinii|Stellera chamaejasme|Streptomyces olivaceus|Torricellia tiliifolia|Urbanodendron verrucosum|Wikstroemia lanceolata,Shikimates and Phenylpropanoids,6.55,7.61,5.19,6.08,5.33,5.63,5.88,6.65,5.14,7.1,7.12,7.61,柴胡,4,27.91
COC1=CC(C[C@@H]2COC(=O)[C@@]2(O)CC2=CC=C(O)C(OC)=C2)=CC=C1O,(+)-Nortrachelogenin,Acacia simplicifolia|Agathis lanceolata|Bowdichia virgilioides|Bupleurum salicifolium|Carissa carandas|Carissa edulis|Carissa spinarum|Cedrus deodara|Centaurea zuccariniana|Chamaecyparis formosensis|Clematis terniflora var. mandshurica|Cousinia canescens|Cryptomeria japonica|Cytisus austriacus|Daphne acutiloba|Daphne feddei|Daphne oleoides|Daphne oleoides spp.|Dracaena concinna|Firmiana simplex|Isodon amethystoides|Laurencia saitoi|Liparis keitaoensis|Nauclea parva|Neolitsea pulchella|Ophiorrhiza kuroiwae|Passerina vulgaris|Pholas dactylus|Picea abies|Pinus palustris|Pinus sylvestris|Pseudocyphellaria hirsuta|Salvia miltiorrhiza|Selaginella Doederleinii|Selaginella doederleinii|Stellera chamaejasme|Taiwania cryptomerioides|Taxus cuspidata|Tetradenia glauca|Teucrium scorodonia|Thuja occidentalis|Tinospora hainanensis|Titanotrichum oldhamii|Torreya jackii|Trachelospermum asiaticum|Trachelospermum asiaticum var. intermedium|Trachelospermum axillare|Trachelospermum jasminoides|Uvaria microcarpa|Veronica anagallis|Vigna angularis|Waitzia acuminata|Wikstroemia Indica|Wikstroemia indica|Wikstroemia sikokiana|Wikstroemia viridiflora|Wrightia tinctoria|Xylaria hypoxylon,Shikimates and Phenylpropanoids,6.55,7.61,5.19,6.08,5.33,5.63,5.88,6.65,5.14,7.1,7.12,7.61,香茶菜/冬凌草,4,27.91
COC1=CC(C[C@H]2COC(=O)[C@]2(O)CC2=CC=C(O)C(OC)=C2)=CC=C1O,Nortrachelogenin,Acacia simplicifolia|Adenia fruticosa|Aeromonas hydrophila|Alcea rosea|Alcyonium utinomii|Aldisa sanguinea|Alpinia blepharocalyx|Anguilla japonica|Aonidiella aurantii|Aplysina archeri|Araiostegiella perdurans|Aristolochia triangularis|Artemisia caucasica|Aspergillus carneus|Aspergillus striatus|Aster ptarmicoides|Austrocylindropuntia cylindrica|Balanops australiana|Bowdichia virgilioides|Breonia chinensis|Bupleurum falcatum|Bupleurum salicifolium|Campylotropis hirtella|Carissa edulis|Cedrus deodara|Centaurea zuccariniana|Centrosema haitense|Ceropegia dichotoma|Chaerophyllum maculatum|Chamaecyparis formosensis|Cinicus benedictu|Cortinarius odoratus|Corydalis gigantea|Cousinia canescens|Crella incrustans|Crinum moorei|Crotalaria candicans|Cryptomeria japonica|Daphne odora|Dendrobium loddigesii|Dictyota ciliolata|Didymochlaena truncatula|Distephanus angulifolius|Dysosma delavayi|Echinochloa esculenta|Echinopepon bigelovii|Eleutherobia albiflora|Eria japonica|Eucalyptus apodophylla|Eucalyptus globulus subsp. bicostata|Eucalyptus jenseni|Euonymus tingens|Euphorbia cornigera|Exobasidium vaccinii|Firmiana simplex|Fragaria|Galium album|Garberia heterophylla|Glycosmis macrophylla|Gomphostemma crinitum|Gymnopus confluens|Gypsophila perfoliata|Hippospongia gossypina|Hopea brevipetiolaris|Hylocomium splendens|Hypericum polyanthemum|Hyrtios reticulatus|Ipomoea Cairica|Ipomoea cairica|Ixora foetida|Juniperus drupacea|Juniperus rigida|Kokoona reflexa|Lactarius vellereus|Lophozia floerkei|Macrolepiota neomastoidea|Maesa ramentacea|Maharanga bicolor|Malayopython reticulatus|Martensia denticulata|Melolontha melolontha|Mentha cardiaca|Millettia laurentii|Millettia rubiginosa|Mimusops manilkara|Monodora tenuifolia|Mosla japonica|Nauclea parva|Nocardia pseudobrasiliensis|Nototodarus sloanii|Ocimum tenuiflorum|Ononis spinosa|Osteospermum hyoseroides|Passerina corymbosa|Passerina vulgaris|Penicillium janczewskii|Pentaclethra macrophylla|Periploca sepium|Pholas dactylus|Picea abies|Pinus massoniana|Pinus palustris|Pinus strobus|Pinus sylvestris|Plagiomnium undulatum|Plectranthus myrianthus|Pluchea odorata|Podospora decipiens|Pseudoplexaura flagellosa|Pterocaulon virgatum|Radopholus similis|Rhodiola semenovii|Ribes nigrum|Rubus chamaemorus|Rubus phoenicolasius|Salacia lehmbachii|Salvia sessei|Salvia yosgadensis|Saussurea pulchella|Schizopelte californica|Sedum cepaea|Sideritis brevibracteata|Sideroxylon cubense|Sonneratia caseolaris|Stephania zippeliana|Streptomyces olivaceus|Taiwania cryptomerioides|Talaromyces variabilis|Taxus cuspidata|Tetradenia glauca|Teucrium canadense|Teucrium scorodonia|Thuja occidentalis|Tinospora hainanensis|Titanotrichum oldhamii|Torreya|Torricellia tiliifolia|Trachelospermum asiaticum|Trachelospermum axillare|Trachelospermum jasminoides|Tristania conferta|Urbanodendron verrucosum|Uvaria microcarpa|Vaccinium myrtillus|Vaccinium vitis-idaea|Vernonia cistifolia|Veronica anagallis|Veronica polita|Viguiera decurrens|Waitzia acuminata|Wikstroemia foetida|Wikstroemia hainanensis|Wikstroemia indica|Wrightia tinctoria|Xylaria hypoxylon|pomegranate,Shikimates and Phenylpropanoids,6.55,7.61,5.19,6.08,5.33,5.63,5.88,6.65,5.14,7.1,7.12,7.61,地耳草/田基黄,4,27.91
COC1=C([C@]2(O)COC3=C(CC=C(C)C)C(O)=CC(O)=C3C2=O)C=CC2=C1C=CC(C)(C)O2,,Aleurites cordata|Glyphotaelius pellucidus|Ixanthus viscosus|Sophora microphylla|Sophora tetraptera|Talauma arcabucoana,Shikimates and Phenylpropanoids,6.77,7.58,5.2,6.26,6.89,6.11,5.68,5.55,5.26,6.67,7.08,7.58,苦参/槐,4,27.91
CC(=O)C1=C(O)C(C)=C(O)C(CC2=C3OC(C)(C)C=CC3=C(O)C3=C2O[C@@H](C2=CC=C(O)C=C2)CC3=O)=C1O,,Baileya multiradiata|Cladonia cryptochlorophaea|Erigeron linifolius|Eupatorium hyssopifolium|Mallotus philippensis|Maytenus horrida|Miconia myriantha|Onoseris lopezii|Picea breweriana|Populus grandidentata|Pyrrosia sheareri|Sinoadina racemosa|Streptomyces toyocaensis|Virola elongata,Shikimates and Phenylpropanoids,6.8,7.58,6.23,6.18,6.87,5.11,5.6,6.08,5.24,6.66,7.08,7.58,石韦,4,27.91
COC1=C([C@]2(O)COC3=C4CCC(C)(C)OC4=CC(O)=C3C2=O)C=CC2=C1C=CC(C)(C)O2,,Sophora mollis,Shikimates and Phenylpropanoids,7.05,7.47,5.23,6.22,6.74,6.0,5.65,5.32,5.16,6.64,7.09,7.47,苦参/槐,4,27.9
O=C1C[C@@H](C2=CC=C(O)C(O[C@@H]3O[C@@H](CO)[C@@H](O)[C@H](O)[C@H]3O)=C2)OC2=CC(O)=CC(O[C@@H]3O[C@@H](CO)[C@@H](O)[C@H](O)[C@H]3O)=C12,,Crataegus phaenopyrum,Shikimates and Phenylpropanoids,6.52,7.66,5.04,5.96,6.69,5.72,5.88,5.64,5.09,7.03,7.13,7.66,山楂,4,27.9
CCCCCC[C@H](C)[C@@H]1C/C(O)=N/C/C(O)=N/[C@@H](C(C)C)/C(O)=N/[C@H](CC(C)C)/C(O)=N/[C@@H](C)/C(O)=N/[C@@H](CC2=CC=CC=C2)C(=O)O1,"(3~{S},4~{Z},6~{S},7~{Z},9~{R},10~{Z},12~{S},13~{Z},16~{Z},19~{S})-3-benzyl-5,8,11,14,17-pentahydroxy-9-isobutyl-12-isopropyl-6-methyl-19-[(1~{S})-1-methylheptyl]-1-oxa-4,7,10,13,16-pentazacyclononadeca-4,7,10,13,16-pentaen-2-one",Aplysia angasi|Carex folliculata|Cercospora ligustri|Cocculus pendulus|Cosmos bipinnatus|Dendroctonus brevicomis|Dictyostelium brefeldianum|Glycosmis parviflora|Hypoxis filiformis|Ipomoea tuberosa|Madhuca utilis|Magnolia baillonii|Phyllanthus maderaspatensis|Pimelea simplex|Piper lolot,Polyketides,6.58,7.68,5.54,6.09,5.6,5.21,5.59,6.74,5.43,6.89,7.1,7.68,叶下珠,4,27.89
CN=C(NC)NCCC/C=C/CCC[C@H](C)[C@@H]1OC(=O)/C=C/C=C/[C@H](C)[C@@H](O)C[C@@H](O)[C@H](C)[C@@H](O)CC[C@@H](C)[C@H](O)C[C@@]2(O)O[C@@H](C[C@H](OC(=O)CC(=O)O)C[C@@H](O)C[C@@H](O)C[C@@H](O)/C(C)=C/C=C/[C@@H]1C)C[C@H](O)[C@@H]2O,,Adenocarpus decorticans|Aristolochia serpentaria|Cephalaria lycica|Cochliobolus pallescens|Cossus cossus|Crotalaria trifoliastrum|Drupella fragum|Entoleuca mammata|Glottiphyllum longum|Goniotrichum elegans|Halimeda scabra|Haplopappus taeda|Helminthosporium catenarium|Lasius umbratus|Leontice smirnowii|Mesua thwaitesii|Montanoa tomentosa|Panax ricinifolius|Pinus nigra|Piper novae-hollandiae|Poterium polygamum|Swertia perennis|Tropaeolum peregrinum,Polyketides,6.9,7.88,4.49,6.01,5.54,6.31,5.64,6.58,5.5,6.52,7.12,7.88,当药/藏茵陈,4,27.88
C=C(C)[C@H](CC=C(C)C)CC1=C(O)C=CC2=C1O[C@H](C1=CC=C(O)C=C1OC)CC2=O,Alopecurone G,Sophora alopecuroides|Sophora flavescens,Shikimates and Phenylpropanoids,6.51,7.55,5.21,6.34,6.73,5.87,5.73,5.91,5.08,7.09,7.12,7.55,苦参/槐,4,27.88
COC1=CC(C[C@]2(O)C(=O)OC[C@H]2CC2=CC=C(OC)C(OC)=C2)=CC=C1O,,Schisandra lancifolia|Trachelospermum asiaticum,Shikimates and Phenylpropanoids,6.55,7.61,5.19,6.07,5.33,5.66,5.88,6.62,5.14,7.1,7.11,7.61,五味子,4,27.88
C=C(C)C(CC=C(C)C)CC1=C(O)C=CC2=C1O[C@H](C1=CC=C(O)C=C1OC)CC2=O,"(2S)-7-hydroxy-2-(4-hydroxy-2-methoxyphenyl)-8-(5-methyl-2-prop-1-en-2-ylhex-4-enyl)-2,3-dihydrochromen-4-one",Sophora alopecuroides,Shikimates and Phenylpropanoids,6.51,7.55,5.21,6.34,6.73,5.87,5.73,5.91,5.08,7.09,7.12,7.55,苦参/槐,4,27.88
CN=C(NC)NCCC/C=C/CCC[C@H](C)[C@@H]1OC(=O)/C=C/C=C/[C@H](C)[C@H](O)C[C@H](O)[C@@H](C)[C@@H](O)CC[C@H](C)[C@H](O)C[C@@]2(O)O[C@@H](C[C@@H](OC(=O)CC(=O)O)C[C@H](O)C[C@H](O)C[C@@H](O)/C(C)=C/C=C/[C@@H]1C)C[C@H](O)[C@@H]2O,,Adenocarpus decorticans|Aristolochia serpentaria|Cephalaria lycica|Cochliobolus pallescens|Cossus cossus|Crotalaria trifoliastrum|Drupella fragum|Entoleuca mammata|Glottiphyllum longum|Goniotrichum elegans|Halimeda scabra|Haplopappus taeda|Helminthosporium catenarium|Lasius umbratus|Leontice smirnowii|Mesua thwaitesii|Montanoa tomentosa|Panax ricinifolius|Pinus nigra|Piper novae-hollandiae|Poterium polygamum|Swertia perennis|Tropaeolum peregrinum,Polyketides,6.9,7.88,4.49,6.01,5.54,6.31,5.64,6.58,5.5,6.52,7.12,7.88,当药/藏茵陈,4,27.88
O=C(C=CC1=CC=CC=C1)OC[C@@]1(O)CO[C@@H](O[C@H]2[C@H](OC3=CC(O)=C4C(=O)C[C@@H](C5=CC=CC=C5)OC4=C3)O[C@H](CO)[C@@H](O)[C@@H]2O)[C@@H]1O,,Oophaga speciosa|Picea vulgaris|Swertia punctata,Shikimates and Phenylpropanoids,6.67,7.74,5.42,5.82,6.77,5.69,5.79,5.83,5.19,6.68,7.06,7.74,当药/藏茵陈,4,27.86
COC1=CC([C@H]2[C@@H]3C(=O)[C@]4(O)OC[C@H]2[C@@H]4C=C3[C@@H]2CC(=O)C3=C(O)C=C(O)C=C3O2)=CC=C1O,,Silybum marianum,Shikimates and Phenylpropanoids,6.53,7.42,5.19,5.9,6.75,5.65,6.23,5.36,5.07,7.16,7.11,7.42,水飞蓟,4,27.86
CC(C)=CCC1=C(O)C=C2OC=C(C3=CC=C4OC(C)(C)C=CC4=C3O)C(=O)C2=C1O,Angustone B,Glycyrrhiza glabra|Glycyrrhiza inflata|Glycyrrhiza uralensis|Lupinus albus|Lupinus angustifolius,Shikimates and Phenylpropanoids,6.63,7.71,5.36,6.09,6.86,5.75,5.7,5.5,5.22,6.66,7.08,7.71,甘草,4,27.86
COC1=CC(C2C3C(=O)[C@]4(O)OCC2C4C=C3[C@@H]2CC(=O)C3=C(O)C=C(O)C=C3O2)=CC=C1O,LMPK12140696,Silybum marianum,Shikimates and Phenylpropanoids,6.53,7.42,5.19,5.9,6.75,5.65,6.23,5.36,5.07,7.16,7.11,7.42,水飞蓟,4,27.86
COC1=CC=C(C[C@H]2COC(=O)[C@]2(O)CC2=CC=C(O)C(O)=C2)C=C1OC,"(3S,4S)-3-[(3,4-dihydroxyphenyl)methyl]-4-[(3,4-dimethoxyphenyl)methyl]-3-hydroxy-tetrahydrofuran-2-one",Butea monosperma|Euphorbia decipiens|Isodon megathyrsus|Kadsura ananosma|Origanum majorana|Phenax angustifolius|Swertia chirayita|Viguiera hypargyrea|Zanha africana,Shikimates and Phenylpropanoids,6.53,7.6,5.18,6.04,5.34,5.67,5.85,6.62,5.06,7.11,7.11,7.6,当药/藏茵陈,4,27.86
C=C(C)[C@@H](CCC(C)(C)O)CC1=C(O)C=C(O)C2=C1O[C@H](C1=CC=CC=C1O)CC2=O,,Sophora flavescens,Shikimates and Phenylpropanoids,6.61,7.7,5.3,6.28,6.73,5.68,5.63,5.77,5.03,6.81,7.08,7.7,苦参/槐,4,27.85
C=C(C)[C@H](CCC(C)(C)O)CC1=C(O)C=C(O)C2=C1O[C@@H](C1=CC=CC=C1O)CC2=O,,Abelia chinensis|Aplophyllum alberti-regelii|Asimina parviflora|Atraphaxis spinosa|Baccharis neglecta|Centaurea maculosa|Chondrodendron tomentosum|Clerodendrum bungei|Conus mus|Cordia leucocephala|Dendronephthya griffini|Diospyros assimilis|Dolabella californica|Embelia parviflora|Embelia schimperi|Ephedra sinica|Epilobium hirsutum|Eria anomala|Erysimum leptophyllum|Erythrina melanacantha|Esenbeckia leiocarpa|Euphorbia nematocypha|Faramea salicifolia|Gymnocalycium schickendantzii|Haplophyllum obtusifolium|Helichrysum tenuifolium|Hypericum styphelioides|Latrunculia magnifica|Lemaireocereus longispinus|Lycogala epidendrum|Lythrum salicaria|Megaselia flavescens|Monsonia senegalensis|Morella rubra|Myxococcus stipitatus|Onopordum acanthium|Pancratium sickenbergeri|Piper regnellii|Planchonia grandis|Plathymenia reticulata|Pteridium esculentum|Rhinella marina|Shigella dysenteriae|Simarouba glauca|Siphonaria capensis|Sophora flavescens|Syzygium polycephaloides|Theonella conica|Tricholoma columbetta|Vellozia nanuzae|Vernonia fagifolia,Shikimates and Phenylpropanoids,6.61,7.7,5.3,6.28,6.73,5.68,5.63,5.77,5.03,6.81,7.08,7.7,地耳草/田基黄,4,27.85
CC(C)=CCC1=C(O)C(O)=CC2=C1C(=O)C1=C(O)C=C3OC(C)(C)C=CC3=C1O2,,Terminalia calcicola,Shikimates and Phenylpropanoids,6.81,7.7,4.81,6.33,6.7,5.55,5.68,5.59,5.23,6.64,7.07,7.7,诃子,4,27.85
C=C(C)[C@H](CCC(C)(C)O)CC1=C(O)C=C(O)C2=C1O[C@H](C1=CC=CC=C1O)CC2=O,kushenol T,Abelia chinensis|Aplophyllum alberti-regelii|Asimina parviflora|Atraphaxis spinosa|Baccharis neglecta|Centaurea maculosa|Chondrodendron tomentosum|Clerodendrum bungei|Conus mus|Cordia leucocephala|Dendronephthya griffini|Diospyros assimilis|Dolabella californica|Embelia parviflora|Embelia schimperi|Ephedra sinica|Epilobium hirsutum|Eria anomala|Erysimum leptophyllum|Erythrina melanacantha|Esenbeckia leiocarpa|Euphorbia nematocypha|Faramea salicifolia|Gymnocalycium schickendantzii|Haplophyllum obtusifolium|Helichrysum tenuifolium|Hypericum styphelioides|Latrunculia magnifica|Lemaireocereus longispinus|Lycogala epidendrum|Lythrum salicaria|Megaselia flavescens|Monsonia senegalensis|Morella rubra|Myxococcus stipitatus|Onopordum acanthium|Pancratium sickenbergeri|Piper regnellii|Planchonia grandis|Plathymenia reticulata|Pteridium esculentum|Rhinella marina|Shigella dysenteriae|Simarouba glauca|Siphonaria capensis|Sophora flavescens|Syzygium polycephaloides|Theonella conica|Tricholoma columbetta|Vellozia nanuzae|Vernonia fagifolia,Shikimates and Phenylpropanoids,6.61,7.7,5.3,6.28,6.73,5.68,5.63,5.77,5.03,6.81,7.08,7.7,地耳草/田基黄,4,27.85
C=C(C)[C@H](CCC(C)(C)C)CC1=C(O)C=C(O)C2=C1O[C@H](C1=CC=CC=C1O)CC2=O,,Abelia chinensis|Aplophyllum alberti-regelii|Asimina parviflora|Atraphaxis spinosa|Baccharis neglecta|Centaurea maculosa|Chondrodendron tomentosum|Clerodendrum bungei|Conus mus|Cordia leucocephala|Dendronephthya griffini|Diospyros assimilis|Dolabella californica|Embelia parviflora|Embelia schimperi|Ephedra sinica|Epilobium hirsutum|Eria anomala|Erysimum leptophyllum|Erythrina melanacantha|Esenbeckia leiocarpa|Euphorbia nematocypha|Faramea salicifolia|Gymnocalycium schickendantzii|Haplophyllum obtusifolium|Helichrysum tenuifolium|Hypericum styphelioides|Latrunculia magnifica|Lemaireocereus longispinus|Lycogala epidendrum|Lythrum salicaria|Monsonia senegalensis|Morella rubra|Myxococcus stipitatus|Onopordum acanthium|Pancratium sickenbergeri|Piper regnellii|Planchonia grandis|Plathymenia reticulata|Pteridium esculentum|Rhinella marina|Shigella dysenteriae|Simarouba glauca|Siphonaria capensis|Sophora flavescens|Syzygium polycephaloides|Theonella conica|Tricholoma columbetta|Vellozia nanuzae|Vernonia fagifolia,Shikimates and Phenylpropanoids,6.61,7.69,5.3,6.3,6.74,5.66,5.64,5.75,5.07,6.8,7.08,7.69,地耳草/田基黄,4,27.84
O=C(/C=C/C1=CC=CC=C1)OC[C@@]1(O)CO[C@@H](O[C@H]2[C@H](OC3=CC(O)=C4C(=O)C[C@@H](C5=CC=C(O)C=C5)OC4=C3)O[C@H](CO)[C@@H](O)[C@@H]2O)[C@@H]1O,,Oophaga speciosa|Picea vulgaris|Swertia punctata|Viscum articulatum,Shikimates and Phenylpropanoids,6.65,7.72,5.42,5.82,6.79,5.68,5.78,5.76,5.18,6.68,7.06,7.72,当药/藏茵陈,4,27.84
CSCC[C@@H](NC(=O)N[C@@H](CC1=CC=CC(O)=C1)C(=O)O)C(=O)N[C@H](C(=O)N/C=C1/C[C@@H](O)[C@@H](N2C=CC(O)=NC2=O)O1)[C@H](C)N(C)C(=O)[C@@H]1CC2=CC(O)=CC=C2[C@H](C)N1,"(2S)-2-[[(2R)-1-[[(2S,3S)-1-[[(Z)-[(4R,5S)-4-hydroxy-5-(4-hydroxy-2-oxopyrimidin-1-yl)oxolan-2-ylidene]methyl]amino]-3-[[(1S,3S)-6-hydroxy-1-methyl-1,2,3,4-tetrahydroisoquinoline-3-carbonyl]-methylamino]-1-oxobutan-2-yl]amino]-4-methylsulfanyl-1-oxobutan-2-yl]carbamoylamino]-3-(3-hydroxyphenyl)propanoic acid",Carpesium abrotanoides|Maytenus jelskii|Phyllanthus reticulatus|Simmondsia chinensis|Strychnos pungens,Amino acids and Peptides,5.63,7.58,5.64,6.79,5.95,5.52,5.83,6.91,5.22,6.56,7.09,7.58,叶下珠,4,27.84
CC(C)=CC[C@H](CC1=C(O)C=C(O)C2=C1O[C@@H](C1=C(O)C=CC=C1O)CC2=O)C(C)(C)O,,Sophora exigua,Shikimates and Phenylpropanoids,6.69,7.68,5.36,6.49,6.63,5.52,5.6,5.81,5.04,6.83,7.07,7.68,苦参/槐,4,27.83
CC(C)C[C@@H]1/N=C(\O)[C@H](CC2=CNC3=CC=CC=C23)/N=C(/O)[C@@H]2CCCN2C(=O)[C@H](CC2=CC=CC=C2)/N=C(\O)C/N=C(\O)[C@@H]2CCCN2C(=O)[C@H]([C@@H](C)O)/N=C/1O,"(3~{S},4~{Z},7~{Z},9~{S},15~{S},16~{Z},18~{S},19~{Z},21~{S},22~{E},24~{S})-3-benzyl-5,8,17,20,23-pentahydroxy-15-[(1~{R})-1-hydroxyethyl]-21-(1~{H}-indol-3-ylmethyl)-18-isobutyl-1,4,7,13,16,19,22-heptazatricyclo[22.3.0.0^{9,13}]heptacosa-4,7,16,19,22-pentaene-2,14-dione",Didymella lethalis|Lepidium syvaschicum|Magnolia praecocissima|Rhaphiolepis indica|Streptomyces thioluteus|Streptosporangium sibiricum|Sulfurospirillum multivorans|Veratrum californicum|Vernonia cotoneaster,Amino acids and Peptides,6.54,7.51,5.61,5.98,5.47,5.11,5.45,6.74,5.07,7.03,7.09,7.51,厚朴,4,27.82
CC[C@H](C)[C@@H]1/N=C(\O)[C@H](CC2=CNC3=CC=CC=C23)/N=C(\O)[C@H](C)/N=C(\O)[C@H](C)/N=C(\O)C/N=C(\O)[C@@H]2CCCN2C(=O)[C@H]2CCCN2C1=O,"(3~{R},9~{S},10~{Z},12~{S},13~{Z},15~{S},16~{Z},18~{S},19~{Z},22~{Z},24~{S})-11,14,17,20,23-pentahydroxy-12-(1~{H}-indol-3-ylmethyl)-15,18-dimethyl-9-[(1~{S})-1-methylpropyl]-1,7,10,13,16,19,22-heptazatricyclo[22.3.0.0^{3,7}]heptacosa-10,13,16,19,22-pentaene-2,8-dione",Alstonia angustiloba|Annona cherimola|Artemisia pectinata|Aspergillus microcysticus|Baccharis grandicapitulata|Beesia calthifolia|Boschniakia rossica|Botrychium ternatum|Bursera kerberi|Clerodendrum trichotomum|Clinacanthus nutans|Coffea liberica var. dewevrei|Costasiella ocellifera|Creosphaeria sassafras|Crotalaria stolzii|Curcuma aeruginosa|Delisea elegans|Delphinium giraldii|Emericellopsis minima|Eucalyptus albens|Euonymus fortunei|Euploca racemosa|Gutierrezia dracunculoides|Hedysarum gmelini|Helenium integrifolium|Juniperus scopulorum|Lasianthaea podocephala|Lupinus cosentinii|Melampodium leucanthum|Micromonospora echinospora|Morella pensylvanica|Ormosia dasycarpa|Papaver pseudocanescens|Pellacalyx axillaris|Pestalotiopsis oenotherae|Phlomis crinita|Piper brachystachyum|Pseudocyphellaria australiensis|Psidium acutangulum|Renealmia alpinia|Rhododendron mucronulatum|Sarcophyton flexuosum|Selinum libanotis|Senecio congestus|Sideritis dasygnaphala|Stellaria media|Streptomyces melanogenes|Streptomyces parvisporogenes|Tephroseris kirilowii|Zephyranthes flava,Amino acids and Peptides,6.5,7.46,5.55,5.8,5.42,4.92,5.35,6.85,5.05,7.01,7.11,7.46,茵陈/青蒿,4,27.82
CC[C@H](C)[C@@H]1/N=C(\O)[C@H](CC2=CNC3=CC=CC=C23)/N=C(\O)[C@H](C)/N=C(\O)[C@H](C)/N=C(\O)C/N=C(\O)[C@@H]2CCCN2C(=O)[C@@H]2CCCN2C1=O,"(3~{S},9~{S},10~{Z},12~{S},13~{Z},15~{S},16~{Z},18~{S},19~{Z},22~{Z},24~{S})-11,14,17,20,23-pentahydroxy-12-(1~{H}-indol-3-ylmethyl)-15,18-dimethyl-9-[(1~{S})-1-methylpropyl]-1,7,10,13,16,19,22-heptazatricyclo[22.3.0.0^{3,7}]heptacosa-10,13,16,19,22-pentaene-2,8-dione",Alstonia angustiloba|Annona cherimola|Artemisia pectinata|Aspergillus microcysticus|Baccharis grandicapitulata|Beesia calthifolia|Boschniakia rossica|Botrychium ternatum|Bursera kerberi|Clerodendrum trichotomum|Clinacanthus nutans|Coffea liberica var. dewevrei|Costasiella ocellifera|Creosphaeria sassafras|Crotalaria stolzii|Curcuma aeruginosa|Delisea elegans|Delphinium giraldii|Emericellopsis minima|Eucalyptus albens|Euonymus fortunei|Euploca racemosa|Gutierrezia dracunculoides|Hedysarum gmelini|Helenium integrifolium|Juniperus scopulorum|Lasianthaea podocephala|Lupinus cosentinii|Melampodium leucanthum|Micromonospora echinospora|Morella pensylvanica|Ormosia dasycarpa|Papaver pseudocanescens|Pellacalyx axillaris|Pestalotiopsis oenotherae|Phlomis crinita|Piper brachystachyum|Pseudocyphellaria australiensis|Psidium acutangulum|Renealmia alpinia|Rhododendron mucronulatum|Sarcophyton flexuosum|Selinum libanotis|Senecio congestus|Sideritis dasygnaphala|Stellaria media|Streptomyces melanogenes|Streptomyces parvisporogenes|Tephroseris kirilowii|Zephyranthes flava,Amino acids and Peptides,6.5,7.46,5.55,5.8,5.42,4.92,5.35,6.85,5.05,7.01,7.11,7.46,茵陈/青蒿,4,27.82
CC(C)=CCC1=C(C2=CC(O)=C(O)C=C2O)OC2=C3C=CC(C)(C)OC3=CC(O)=C2C1=O,Artonin E,Agabus bipustulatus|Artocarpus Altilis|Artocarpus altilis (Parkinson) Fosberg|Artocarpus chama|Artocarpus chaplasha|Artocarpus communis|Artocarpus elasticus|Artocarpus kemando|Artocarpus lanceaefolia|Artocarpus nobilis|Artocarpus rigidus|Artocarpus rotunda (Hout) Panzer|Artocarpus scortechinii|Artocarpus scortechinii King|Cereus validus|Conyza incana|Desmodium tortuosum|Epichloe festucae var. lolii|Eucalyptus amplifolia|Grateloupia carnosa|Helinus ovatus|Oenothera laciniata|Paeonia rockii|Papaver pavoninum|Primula glaucescens|Salvia calycina|Senecio oxyodon|Solanum sarrachoides|breadfruit,Shikimates and Phenylpropanoids,6.71,7.7,5.26,6.24,6.77,5.83,5.71,5.58,5.24,6.63,7.06,7.7,丹参,4,27.81
CC(C)=CCC(CC1=C(O)C=C(O)C2=C1O[C@H](C1=CC3=C(C=C1O)O[C@@H](C1=CC=C(O)C=C1)[C@@H]3C1=CC(O)=CC(O)=C1)CC2=O)C(=O)O,YS10,Pseudosophora alopecuroides|Sophora alopecuroides|Sophora davidii|Sophora leachiana|Sophora stenophylla,Shikimates and Phenylpropanoids,6.51,7.66,5.25,6.37,6.89,5.45,6.02,5.78,5.11,6.75,7.1,7.66,苦参/槐,4,27.81
C=C1C(=O)[C@@]23CC[C@@H]4[C@](C)(CO[C@@H]5CCC(O)=N5)[C@@H](OC(C)=O)CC[C@@]4(C)[C@@H]2[C@@H](O)C[C@@H]1C3,"[(1~{R},4~{S},5~{R},6~{S},9~{R},10~{S},11~{S},13~{S})-11-hydroxy-5-[[(2~{R})-5-hydroxy-3,4-dihydro-2~{H}-pyrrol-2-yl]oxymethyl]-5,9-dimethyl-14-methylene-15-oxo-6-tetracyclo[11.2.1.0^{1,10}.0^{4,9}]hexadecanyl] acetate",Isodon excisus,Terpenoids,6.67,7.58,4.41,5.39,5.47,5.14,5.36,6.67,5.15,6.89,7.05,7.58,香茶菜/冬凌草,4,27.81
CCCC[C@H](C)[C@@H]1C/C(O)=N/C/C(O)=N/[C@@H](C(C)C)/C(O)=N/[C@H](CC(C)C)/C(O)=N/[C@@H](C)/C(O)=N/[C@@H](CC2=CC=CC=C2)C(=O)O1,"(3~{S},4~{Z},6~{S},7~{Z},9~{R},10~{Z},12~{S},13~{Z},16~{Z},19~{S})-3-benzyl-5,8,11,14,17-pentahydroxy-9-isobutyl-12-isopropyl-6-methyl-19-[(1~{S})-1-methylpentyl]-1-oxa-4,7,10,13,16-pentazacyclononadeca-4,7,10,13,16-pentaen-2-one",Aplysia angasi|Carex folliculata|Cercospora ligustri|Cocculus pendulus|Cosmos bipinnatus|Dendroctonus brevicomis|Dictyostelium brefeldianum|Glycosmis parviflora|Hypoxis filiformis|Ipomoea tuberosa|Madhuca utilis|Magnolia baillonii|Phyllanthus maderaspatensis|Pimelea simplex|Piper lolot,Polyketides,6.58,7.6,5.62,6.1,5.58,5.23,5.59,6.74,5.44,6.89,7.08,7.6,叶下珠,4,27.81
CC1(C)CCC(CC2=C3O[C@H](C4=CC=C(O)C=C4O)CC(=O)C3=C(O)C3=C2O[C@H](C2=CC=C(O)C=C2)[C@H]3C2=CC(O)=CC(O)=C2)C(C)(C)O1,"(2S,3S,7S)-7-(2,4-dihydroxyphenyl)-3-(3,5-dihydroxyphenyl)-4-hydroxy-2-(4-hydroxyphenyl)-9-[(2,2,6,6-tetramethyloxan-3-yl)methyl]-2,3,6,7-tetrahydrofuro[3,2-g]chromen-5-one",Sophora alopecuroides,Shikimates and Phenylpropanoids,6.66,7.33,5.27,5.81,6.98,5.12,6.09,5.64,5.1,6.82,7.04,7.33,苦参/槐,4,27.79
COC1=C(OC)[C@]23CCC4=CC=C(O)C(OC)=C4[C@]2(CCN3C)CC1=O,,Stephania japonica|Stephania japonica Miers,Alkaloids,6.59,7.44,5.44,5.82,6.7,5.8,5.7,5.36,5.1,7.06,7.07,7.44,防己,4,27.79
COC1=C(OC)[C@]23CCC4=CC=C(O)C(OC)=C4C2(CCN3C)CC1=O,,Stephania Japonica|Stephania japonica,Alkaloids,6.59,7.44,5.44,5.82,6.7,5.8,5.7,5.36,5.1,7.06,7.07,7.44,防己,4,27.79
COC1=CC([C@@H]2[C@H]3CO[C@@]4(O)C(=O)[C@@H]2C=C([C@@H]2CC(=O)C5=C(O)C=C(O)C=C5O2)[C@@H]34)=CC=C1O,(+)-Silymonin,Silybum Marianum,Shikimates and Phenylpropanoids,6.55,7.47,5.2,5.9,6.7,5.65,5.75,5.37,5.07,7.06,7.08,7.47,水飞蓟,4,27.78
CC[C@@H](C)[C@H]1N=C(O)/C(=C(/C)O)C1=O,"(2R,4E)-2-[(2R)-butan-2-yl]-5-hydroxy-4-(1-hydroxyethylidene)-2H-pyrrol-3-one",Bryoria implexa|Glycosmis trichanthera|Magnaporthe oryzae|Polyporus tuberaster|Protea neriifolia|Senecio chrysocoma|Viola philippica,Polyketides,6.5,7.63,4.34,5.96,5.26,6.79,5.57,5.38,5.14,6.86,7.09,7.63,千里光,4,27.78
CC(C)C1=CC2=C[C@H]3OC4=C(O[C@]35C(C)(C)CCC[C@@]5(C)C2=C(O)C1=O)C(C(C)C)=CC1=C4[C@]2(C)CCCC(C)(C)C2=CC1=O,hongencaotone,Angelica keiskei|Gouania tomentosa|Salvia prionitis|Spongia vermicularis,Terpenoids,6.98,7.5,4.27,6.0,5.53,5.22,6.69,5.44,5.07,6.6,7.06,7.5,丹参,4,27.77
C=C(C)[C@@H](CCC(C)(C)O)CC1=C(O)C=C(O)C2=C1O[C@H](C1=CC=C(O)C=C1O)CC2=O,,Sophora flavescens,Shikimates and Phenylpropanoids,6.69,7.63,5.09,6.45,6.73,5.66,5.71,5.66,5.06,6.71,7.02,7.63,苦参/槐,4,27.76
C=C(C)C(CCC(C)(C)O)CC1=C(O)C=C(O)C2=C1O[C@H](C1=CC=C(O)C=C1O)CC2=O,"(2S)-2-(2,4-dihydroxyphenyl)-5,7-dihydroxy-8-(5-hydroxy-5-methyl-2-prop-1-en-2-ylhexyl)-2,3-dihydrochromen-4-one",Sophora flavescens,Shikimates and Phenylpropanoids,6.69,7.63,5.09,6.45,6.73,5.66,5.71,5.66,5.06,6.71,7.02,7.63,苦参/槐,4,27.76
C=C(C)[C@H](CCC(C)(C)O)CC1=C(O)C=C(O)C2=C1O[C@H](C1=CC=C(O)C=C1O)CC2=O,Norkurarinol,Abelia chinensis|Aplophyllum alberti-regelii|Aquilaria agallocha|Aquilaria agallochum|Asimina parviflora|Atraphaxis spinosa|Baccharis neglecta|Centaurea maculosa|Chondrodendron tomentosum|Clerodendrum bungei|Conus mus|Cordia leucocephala|Dendronephthya griffini|Diospyros assimilis|Dolabella californica|Embelia parviflora|Embelia schimperi|Ephedra sinica|Epilobium hirsutum|Eria anomala|Erysimum leptophyllum|Erythrina melanacantha|Esenbeckia leiocarpa|Euphorbia nematocypha|Faramea salicifolia|Gymnocalycium schickendantzii|Haplophyllum obtusifolium|Helichrysum tenuifolium|Hypericum styphelioides|Latrunculia magnifica|Lemaireocereus longispinus|Lycogala epidendrum|Lythrum salicaria|Monsonia senegalensis|Morella rubra|Myxococcus stipitatus|Onopordum acanthium|Pancratium sickenbergeri|Piper regnellii|Planchonia grandis|Plathymenia reticulata|Pteridium esculentum|Rhinella marina|Shigella dysenteriae|Simarouba glauca|Siphonaria capensis|Sophora flavescens|Syzygium polycephaloides|Theonella conica|Tricholoma columbetta|Vellozia nanuzae|Vernonia fagifolia,Shikimates and Phenylpropanoids,6.69,7.63,5.09,6.45,6.73,5.66,5.71,5.66,5.06,6.71,7.02,7.63,地耳草/田基黄,4,27.76
COC1=CC(CC[C@@H](O)C[C@@H](O)CCC2=CC=C(O)C=C2)=CC(O)=C1O,"5-((3R,5S)-3,5-Dihydroxy-7-(4-hydroxyphenyl)heptyl)-3-methoxybenzene-1,2-diol",Curcuma kwangsiensis,Shikimates and Phenylpropanoids,6.05,7.17,4.99,7.2,5.22,6.51,5.92,5.26,5.18,6.87,7.08,7.2,莪术/姜黄,4,27.75
CC(C)C(=O)C1=C(O)C(CC2=C(O)C(C(=O)C(C)C)=C(O)C3=C2OC(C)(C)C2CC(C)(C)CC32)=C(O)C(C)(C)C1=O,,Hypericum brasiliense|Hypericum perforatum,Polyketides,6.72,7.5,4.4,6.66,5.85,5.28,5.53,5.5,5.16,6.87,7.03,7.5,地耳草/田基黄,4,27.75
COC1=CC(CC[C@H](O)C[C@H](O)CCC2=CC=C(O)C=C2)=CC(O)=C1O,,Curcuma kwangsiensis,Shikimates and Phenylpropanoids,6.05,7.17,4.99,7.2,5.22,6.51,5.92,5.26,5.18,6.87,7.08,7.2,莪术/姜黄,4,27.75
COC1=CC(C[C@@]2(O)C(=O)OC[C@]2(O)CC2=CC=C3OCOC3=C2)=CC=C1O,,Cunninghamia lanceolata|Erucastrum gallicum|Panax stipuleanatus,Shikimates and Phenylpropanoids,6.61,7.61,5.05,6.55,5.41,5.96,5.8,5.31,5.21,6.97,7.06,7.61,人参/三七,4,27.74
CC(C)[C@@H](C)/C=C/[C@@H](C)[C@H]1CCC2=C3C=CC4=CC(=O)CC[C@]4(C)[C@H]3CC[C@@]21C,"Ergosta-4,6,8(14),22-tetraen-3-one",Achillea leptophylla|Agelenopsis aperta|Alibertia macrophylla|Alternaria alternata|Amomum sulcatum|Annulohypoxylon squamulosum|Antrodia camphorata|Aphanamixis Polystachya|Aphanamixis polystachya|Arnebia euchroma|Artemisia lanata|Aspergillus flavus|Aspergillus fumigatus|Aspergillus niger|Aspergillus ochraceus|Aster conspicuus|Astraeus hygrometricus|Austrobaileya scandens|Barleria strigosa|Beilschmiedia tsangii|Bosistoa floydii|Brassica oleracea|Callyspongia siphonella|Calvatia cyathiformis|Candida utilis|Capsella bursa-pastoris|Cassia artemisioides|Cassia greggii|Cassia reticulata|Catathelasma ventricosa|Catathelasma ventricosum|Centaurea dealbata|Clitocybula oculus|Cordyceps sinensis|Coussarea brevicaulis|Cremastra appendiculata|Crescentia cujete|Crotalaria ferruginea|Daldinia concentrica|Dioscorea futschauensis|Diospyros ferrea|Diospyros maritima|Dorstenia barnimiana|Dysidea herbacea|Edenia gomezpompae|Elaeagnus glabra|Eucalyptus coccifera|Euphorbia jaxartica|Fomes applanatus|Fomes officinalis|Fornes officinalis|Frullania inflata|Fungi|Fusanium moniliforme|Gama farinosum|Ganoderma applanatum|Ganoderma australe|Ganoderma lucidum|Ganoderma pfeifferi|Gouania lupuloides|Grifola frondosa|Guanomyces polythrix|Gymnosporia acuminata|Gymnosporia oxyphylla|Halocynthia aurantium|Hedysarum sachalinense|Inocybe aeruginascens|Juniperus occidentalis|Kalimeris shimadae|Kleinia tomentosa|Lamellodysidea herbacea|Lamprometra klunzingeri|Lampteromyces japonicus|Macaranga conifera|Malva rotundifolia|Melanocarpus albomyces|Micromelum integerrimum|Mitragyna macrophylla|Murrayella periclados|Neonectria obtusispora|Nicotiana cavicola|Nymphaea ampla|Ophiocordyceps sinensis|Ormosia pachycarpa|Oxybasis urbica|Papaver glaucum|Penicillium camemberti|Penicillium chrysogenum|Penicillium citrinum|Penicillium commune|Penicillium griseofulvum|Penicillium islandicum|Penicillium rubrum|Pentaceraster regulus|Pestalotiopsis longiseta|Phora hyperborea|Pimpinella anisum|Piper philippinum|Plakortis lita|Pleione bulbocodioides|Pleione yunnanensis|Pleosporales sp. + Bacillus wiedmannii|Polyporus picipes|Polyporus umbellatus|Prunus cerasus|Quercus laurifolia|Rhizomnium magnifolium|Rhizophora apiculata|Rubia ustulata|Salvia divaricata|Sarcophyton latum|Sargassum kjellmanianum|Schlumbergera truncata|Sedum forsterianum|Senna didymobotrya|Solanum nodiflorum|Sorocea ilicifolia|Sphacelaria arctica|Sphingomonas paucimobilis|Stomatanthes corumbensis|Streptomyces microflavus|Taiwanofungus camphoratus|Trapa bispinosa|Triangularia longicaudata|Tuber indicum|Umbilicaria proboscidea|Uvaria mocoli|Vepris madagascarica|Verbascum georgicum|Veronica intercedens|Vigna mungo|Viguiera cordifolia|Wyethia angustifolia|Xylaria|Xylaria obovata|Zanthoxylum parviflorum|Zieria chevalieri|Zopfiella longicaudata|tripolium vulgare,Terpenoids,6.99,7.54,4.41,6.6,5.12,5.12,5.15,5.42,4.95,6.61,7.05,7.54,丹参,4,27.74
C=C(C)[C@@H](CC=C(C)C)CC1=C(O[C@@H]2O[C@H](CO)[C@@H](O)[C@H](O)[C@H]2O)C=C(O)C2=C1O[C@H](C1=CC3=C(C=C1O)O[C@@H](C1=CC=C(O)C=C1)[C@H]3C1=CC(O)=CC(O)=C1)CC2=O,,Sophora stenophylla,Shikimates and Phenylpropanoids,6.55,7.66,5.14,6.44,6.87,5.83,6.08,5.88,5.14,6.65,7.06,7.66,苦参/槐,4,27.73
CSCC[C@@H](NC(=O)N[C@@H](CC1=CC=CC(O)=C1)C(=O)O)C(=O)N[C@H](C(=O)N/C=C1/C[C@@H](O)[C@H](N2C=CC(O)=NC2=O)O1)[C@H](C)N(C)C(=O)[C@H]1CC2=CC(O)=CC=C2CN1,"(2S)-2-[[(2R)-1-[[(2S,3S)-1-[[(Z)-[(4R,5R)-4-hydroxy-5-(4-hydroxy-2-oxopyrimidin-1-yl)oxolan-2-ylidene]methyl]amino]-3-[[(3R)-6-hydroxy-1,2,3,4-tetrahydroisoquinoline-3-carbonyl]-methylamino]-1-oxobutan-2-yl]amino]-4-methylsulfanyl-1-oxobutan-2-yl]carbamoylamino]-3-(3-hydroxyphenyl)propanoic acid",Carpesium abrotanoides|Maytenus jelskii|Phyllanthus reticulatus|Simmondsia chinensis|Strychnos pungens,Amino acids and Peptides,5.62,7.46,5.78,6.83,5.95,5.48,5.79,6.84,5.28,6.59,7.04,7.46,叶下珠,4,27.72
C=C[C@]1(C)C=C2C(=O)C[C@@H]3[C@](C)(CCC[C@@]3(C)C(=O)OO[C@@H]3C[C@H]4C(C)(C)CCC[C@]4(C)C4=CC(O)=C(C(C)C)C=C43)[C@H]2CC1,,Breonia chinensis|Campylotropis hirtella|Ceropegia dichotoma|Crinum moorei|Crotalaria candicans|Cryptomeria japonica|Dendrobium loddigesii|Distephanus angulifolius|Eria japonica|Eucalyptus apodophylla|Eucalyptus globulus subsp. bicostata|Glycosmis macrophylla|Gypsophila perfoliata|Hypericum polyanthemum|Juniperus drupacea|Martensia denticulata|Mentha cardiaca|Ononis spinosa|Pentaclethra macrophylla|Periploca sepium|Plectranthus myrianthus|Pterocaulon virgatum|Rhodiola semenovii|Salvia sessei|Sonneratia caseolaris|Stephania zippeliana|Talaromyces variabilis|Tristania conferta|Vernonia cistifolia|Veronica polita,Terpenoids,7.1,7.34,4.4,5.97,5.54,5.35,5.89,6.6,5.18,6.68,7.04,7.34,地耳草/田基黄,4,27.72
COC1=CC([C@@H]2CC(=O)C3=C(O)C=C(O[C@@H]4O[C@H](CO)[C@@H](O)[C@H](O)[C@H]4O)C=C3O2)=CC=C1O[C@@H]1OC[C@](O)(COC(=O)C=CC2=CC=CC=C2)[C@H]1O,,Oophaga speciosa|Picea vulgaris|Swertia punctata,Shikimates and Phenylpropanoids,6.65,7.63,5.29,6.01,6.81,5.72,5.73,5.71,5.26,6.62,7.03,7.63,当药/藏茵陈,4,27.71
CC1(C)C=CC2=C(C=CC3=C2OC=C(OC2=CC=C(O)C=C2O)C3=O)O1,"3-(2,4-dihydroxyphenoxy)-8,8-dimethylpyrano[2,3-f]chromen-4-one",Glycyrrhiza glabra|liquorice,Polyketides,7.0,7.54,4.94,6.14,6.63,6.05,5.76,6.37,5.09,6.54,7.06,7.54,甘草,4,27.71
C=C(C)[C@H](CC=C(C)C)CC1=C(O)C=C(O)C2=C1O[C@H](C1=CC3=C(C=C1O)O[C@@H](C1=CC=C(O)C=C1)[C@@H]3C1=CC(O)=CC(O)=C1)CC2=O,Sophoraflavanone I,Sophora davidii|Sophora leachiana|Sophora moorcroftiana,Shikimates and Phenylpropanoids,6.5,7.64,5.23,6.35,6.86,5.52,6.05,5.8,5.11,6.7,7.07,7.64,苦参/槐,4,27.7
O=C(O)/C=C(\C(=O)O[C@H]1[C@@H]2OC(=O)C3=CC(OC4=C(C(=O)O)C=C(O)C(O)=C4O)=C(O)C(O)=C3C3=C(C=C(O)C(O)=C3O)C(=O)OC[C@H]1O[C@@H](OC(=O)C1=CC(O)=C(O)C(O)=C1)C2O)[C@H]1C2=C(O)C(O)=C(O)C=C2C(=O)O[C@@H]1C(=O)O,"(3~{S},4~{R})-4-[(~{Z})-2-carboxy-1-[[(1~{R},19~{R},21~{S},23~{R})-6-(6-carboxy-2,3,4-trihydroxy-phenoxy)-7,8,11,12,13,22-hexahydroxy-3,16-dioxo-21-(3,4,5-trihydroxybenzoyl)oxy-2,17,20-trioxatetracyclo[17.3.1.0^{4,9}.0^{10,15}]tricosa-4,6,8,10(15),11,13-hexaen-23-yl]oxycarbonyl]vinyl]-5,6,7-trihydroxy-1-oxo-isochromane-3-carboxylic acid",Acacia glaucescens|Agave utahensis|Artemisia bigelovii|Bipolaris zeicola|Blainvillea rhomboidea|Centaurea cadmea|Cyathocline purpurea|Epipolasis kushimotoensis|Glycyrrhiza squamulosa|Kelletia kelletii|Mallotus repandus|Matricaria parthenium|Mnium hornum|Plantago alpina|Pulicaria wightiana|Senecio chinensis|Thermopsis lanceolata|Valeriana hardwickii|Xanthoparmelia subincerta|Yucca flexilis,Shikimates and Phenylpropanoids,6.8,7.58,4.58,6.23,5.9,5.56,5.83,6.52,5.38,6.8,7.06,7.58,甘草,4,27.7
C=C(C)[C@H](CC=C(C)C)CC1=C(O)C(CC=C(C)C)=C(O)C2=C1O[C@H](C1=CC=C(O)C=C1O)CC2=O,Kushenol B,Abelia chinensis|Aplophyllum alberti-regelii|Asimina parviflora|Atraphaxis spinosa|Baccharis neglecta|Centaurea maculosa|Chondrodendron tomentosum|Clerodendrum bungei|Conus mus|Cordia leucocephala|Dendronephthya griffini|Diospyros assimilis|Dolabella californica|Embelia parviflora|Embelia schimperi|Ephedra sinica|Epilobium hirsutum|Eria anomala|Erysimum leptophyllum|Erythrina melanacantha|Esenbeckia leiocarpa|Euphorbia nematocypha|Faramea salicifolia|Gymnocalycium schickendantzii|Haplophyllum obtusifolium|Helichrysum tenuifolium|Hypericum styphelioides|Latrunculia magnifica|Lemaireocereus longispinus|Lycogala epidendrum|Lythrum salicaria|Monsonia senegalensis|Morella rubra|Myxococcus stipitatus|Onopordum acanthium|Pancratium sickenbergeri|Piper regnellii|Planchonia grandis|Plathymenia reticulata|Pteridium esculentum|Rhinella marina|Shigella dysenteriae|Simarouba glauca|Siphonaria capensis|Sophora Flavescens|Sophora flavescens|Syzygium polycephaloides|Theonella conica|Tricholoma columbetta|Vellozia nanuzae|Vernonia fagifolia,Shikimates and Phenylpropanoids,6.52,7.65,5.23,6.18,6.81,5.19,5.76,5.75,5.19,6.72,7.06,7.65,地耳草/田基黄,4,27.7
CN[C@H](CC(C)C)C(=O)N[C@H]1/C(O)=N/[C@@H](CC(N)=O)/C(O)=N/[C@H]2/C(O)=N/[C@H]3/C(O)=N/[C@H](/C(O)=N/[C@H](C(=O)O)C4=CC(O)=CC(O)=C4C4=CC3=CC=C4O)[C@H](O)C3=CC=C(OC4=CC2=CC(=C4O[C@@H]2O[C@H](CO)[C@@H](O)[C@H](O)[C@H]2O[C@H]2C[C@](C)(N)[C@H](O)[C@H](C)O2)OC2=CC=C(C=C2Cl)[C@H]1O)C(Cl)=C3,FSL0943,Actinoallomurus sp.|Actinoallomurus sp. ID145113|Actinospica sp.|Aspergillus fischeri|Aspergillus porosus|Aspergillus sp. TJ29|Botrytis cinerea|Bulbine natalensis|Callistemon viminalis|Clathria basilana|Clausena wallichii|Dysidea granulosa|Erythrina sacleuxii|Garcinia nigrolineata|Isaria farinosa|Juncus inflexus|Lamellodysidea sp.|Laxitextum incrustatum|Mallotus philippensis|Microbulbifer sp.|Micromonospora harpali SCSIO GJ089|Micromonospora yangpuensis DSM 45577|Millettia extensa|Nocardia sp.|Nocardia spp.|Nostoc sp.|Penicillium camembertii|Penicillium clavigerum|Penicillium fuscum|Penicillium purpurogenum|Phoma medicaginis|Pseudoceratina cf. verrucosa|Pseudomonas chlororaphis subsp. aurantiaca|Salvia tingitana|Saussurea lappa|Serratia plymuthica MF371-2|Stachybotrys chartarum|Streptomyces fungicidicus|Streptomyces hawaiiensis|Streptomyces hygroscopicus|Streptomyces koyangensis SCSIO 5802|Streptomyces maizeus|Streptomyces scopuliridis SCSIO ZJ46|Streptomyces sp. HIL Y-9420704|Streptomyces sp. KIB-1414|Streptomyces sp. XMA39|Streptomyces sp. ZZ741|Trichoderma virens CMB-TN16|Verrucosispora sp.|Verrucosispora sp. SCSIO 40062|Vibrio spartinae 3.6|micromonospora sp.,Amino acids and Peptides,6.03,7.05,6.33,6.5,5.92,6.36,5.78,6.55,5.37,7.6,7.07,7.6,丹参,4,27.7
C=C(C)[C@@H](CC=C(C)C)CC1=C(O)C=C(O)C2=C1O[C@H](C1=CC3=C(C=C1O)O[C@@H](C1=CC=C(O)C=C1)[C@@H]3C1=CC(O)=CC(O)=C1)CC2=O,,Sophora davidii|Sophora leachiana|Sophora moorcroftiana|Sophora stenophylla,Shikimates and Phenylpropanoids,6.5,7.64,5.23,6.35,6.86,5.52,6.05,5.8,5.11,6.7,7.07,7.64,苦参/槐,4,27.7
C=C(C)[C@@H](CC=C(C)C)CC1=C(O)C(CC=C(C)C)=C(O)C2=C1O[C@H](C1=CC=C(O)C=C1O)CC2=O,,Abelia chinensis|Aplophyllum alberti-regelii|Asimina parviflora|Atraphaxis spinosa|Baccharis neglecta|Centaurea maculosa|Chondrodendron tomentosum|Clerodendrum bungei|Conus mus|Cordia leucocephala|Dendronephthya griffini|Diospyros assimilis|Dolabella californica|Embelia parviflora|Embelia schimperi|Ephedra sinica|Epilobium hirsutum|Eria anomala|Erysimum leptophyllum|Erythrina melanacantha|Esenbeckia leiocarpa|Euphorbia nematocypha|Faramea salicifolia|Gymnocalycium schickendantzii|Haplophyllum obtusifolium|Helichrysum tenuifolium|Hypericum styphelioides|Latrunculia magnifica|Lemaireocereus longispinus|Lycogala epidendrum|Lythrum salicaria|Megaselia flavescens|Monsonia senegalensis|Morella rubra|Myxococcus stipitatus|Onopordum acanthium|Pancratium sickenbergeri|Piper regnellii|Planchonia grandis|Plathymenia reticulata|Pteridium esculentum|Rhinella marina|Shigella dysenteriae|Simarouba glauca|Siphonaria capensis|Sophora flavescens|Syzygium polycephaloides|Theonella conica|Tricholoma columbetta|Vellozia nanuzae|Vernonia fagifolia,Shikimates and Phenylpropanoids,6.52,7.65,5.23,6.18,6.81,5.19,5.76,5.75,5.19,6.72,7.06,7.65,地耳草/田基黄,4,27.7
C=C(C)[C@H](CC=C(C)C)CC1=C(O)C=C(O)C2=C1OC(C1=CC3=C(C=C1O)O[C@@H](C1=CC=C(O)C=C1)[C@@H]3C1=CC(O)=CC(O)=C1)CC2=O,,Pseudosophora alopecuroides|Sophora alopecuroides|Sophora leachiana|Sophora moorcroftiana,Shikimates and Phenylpropanoids,6.5,7.64,5.23,6.35,6.86,5.52,6.05,5.8,5.11,6.7,7.07,7.64,苦参/槐,4,27.7
O=C(O)/C=C(\C(=O)O[C@H]1[C@@H]2OC(=O)C3=CC(OC4=C(C(=O)O)C=C(O)C(O)=C4O)=C(O)C(O)=C3C3=C(C=C(O)C(O)=C3O)C(=O)OC[C@H]1O[C@@H](OC(=O)C1=CC(O)=C(O)C(O)=C1)C2O)[C@@H]1C2=C(O)C(O)=C(O)C=C2C(=O)O[C@@H]1C(=O)O,,Mallotus repandus|Phyllanthus amarus,Shikimates and Phenylpropanoids,6.8,7.58,4.58,6.23,5.9,5.56,5.83,6.52,5.38,6.8,7.06,7.58,叶下珠,4,27.7
O=C(O)/C=C(/C(=O)O[C@H]1[C@@H]2OC(=O)C3=CC(OC4=C(C(=O)O)C=C(O)C(O)=C4O)=C(O)C(O)=C3C3=C(C=C(O)C(O)=C3O)C(=O)OC[C@H]1O[C@H](OC(=O)C1=CC(O)=C(O)C(O)=C1)C2O)[C@H]1C2=C(O)C(O)=C(O)C=C2C(=O)O[C@H]1C(=O)O,"(3~{R},4~{R})-4-[(~{E})-2-carboxy-1-[[(1~{R},19~{R},21~{R},23~{R})-6-(6-carboxy-2,3,4-trihydroxy-phenoxy)-7,8,11,12,13,22-hexahydroxy-3,16-dioxo-21-(3,4,5-trihydroxybenzoyl)oxy-2,17,20-trioxatetracyclo[17.3.1.0^{4,9}.0^{10,15}]tricosa-4,6,8,10(15),11,13-hexaen-23-yl]oxycarbonyl]vinyl]-5,6,7-trihydroxy-1-oxo-isochromane-3-carboxylic acid",Acacia glaucescens|Agave utahensis|Artemisia bigelovii|Bipolaris zeicola|Blainvillea rhomboidea|Celastrus orbiculatus|Centaurea cadmea|Chaenomeles speciosa|Cyathocline purpurea|Epipolasis kushimotoensis|Glycyrrhiza squamulosa|Kelletia kelletii|Libanotis buchtormensis|Mallotus repandus|Matricaria parthenium|Mnium hornum|Plantago alpina|Pulicaria wightiana|Secale cereale|Senecio chinensis|Thalictrum foetidum|Thermopsis lanceolata|Valeriana hardwickii|Xanthoparmelia subincerta|Yucca flexilis,Shikimates and Phenylpropanoids,6.8,7.58,4.58,6.23,5.9,5.56,5.83,6.52,5.38,6.8,7.06,7.58,甘草,4,27.7
C=C(C)[C@H](CC=C(C)C)CC1=C(O)C(CC=C(C)C)=C(O)C2=C1O[C@@H](C1=CC=C(O)C=C1O)CC2=O,,Sophora flavescens,Shikimates and Phenylpropanoids,6.52,7.65,5.23,6.18,6.81,5.19,5.76,5.75,5.19,6.72,7.06,7.65,苦参/槐,4,27.7
C=CC(C)(C)C1=CC([C@@H]2CC(=O)C3=C(O)C=C(O)C(CC=C(C)C)=C3O2)=C(O)C=C1O,AChE-IN-17,Ascidia ceratodes|Astragalus complanatus|Brassica juncea|Calophyllum teysmannii|Dalea scandens var. paucifolia|Dalea scandens var.paucifolia|Dalea versicolor|Eria bracteata|Erythrophleum fordii|Graphis desquamescens|Lotus arabicus|Monactis macbridei|Rubus medius|Vernonia hindei,Shikimates and Phenylpropanoids,6.5,7.68,4.84,5.91,6.68,5.43,5.71,5.74,5.16,6.83,7.06,7.68,黄芪,4,27.69
CC1(C)C=CC2=C(C=C(O)C3=C2OC(=O)C2=C(O)C=CC=C23)O1,Sarolactone,Hypericum japonicum,Shikimates and Phenylpropanoids,6.7,7.58,5.22,6.12,6.75,5.75,5.79,5.27,5.09,6.66,7.01,7.58,地耳草/田基黄,4,27.69
C=CCC1=CC=C(OC2=C(O)C(O)=CC(CC=C)=C2CC(O)C(O)C2=CC(O)=C(O)C(OC3=CC=CC(CC=C)=C3)=C2)C=C1,,Magnolia officinalis,Shikimates and Phenylpropanoids,6.47,7.15,5.24,6.66,5.26,6.19,6.76,6.28,5.31,7.11,7.01,7.15,厚朴,4,27.68
C=C(NC(=O)C1=CSC(C2=NC3=C(C=C2O)C2=NC(=CS2)/C(O)=N/[C@@H]([C@H](C)O)/C(O)=N\C(=C/C)C2=NC(=CS2)/C(O)=N\C2C[C@H](O)C(=O)OCC4=C5C(C)=C(NC5=CC=C4)C(=O)SC[C@@H](/N=C(\O)C4=CSC2=N4)C2=N[C@@H]3C=[S+]2)=N1)C(N)=O,"~{N}-(1-carbamoylvinyl)-2-[(1~{R},5~{S},16~{Z},18~{S},19~{E},21~{Z},26~{E},30~{S},45~{Z})-21-ethylidene-9,16,19,26,30,46-hexahydroxy-18-[(1~{S})-1-hydroxyethyl]-40-methyl-31,42-dioxo-32-oxa-13,23,43,49-tetrathia-3-thionia-7,17,20,27,45,51,52,53,54,55-decazanonacyclo[26.16.6.1^{2,5}.1^{12,15}.1^{22,25}.1^{38,41}.1^{47,50}.0^{6,11}.0^{34,39}]pentapentaconta-2(55),3,6(11),7,9,12(54),14,16,19,22(53),24,26,34(39),35,37,40,45,47,50-nonadecaen-8-yl]thiazole-4-carboxamide",Aconitum umbrosum|Allium ampeloprasum|Artemisia iwayomogi|Bolboschoenus maritimus|Conyza pallidiflora|Diospyros chloroxylon|Drimia altissima|Evasterias retifera|Garcinia neglecta|Helenium amarum|Lemaireocereus stellatus|Ligularia lankongensis|Lithospermum carolinense|Lonicera nitida|Maytenus disticha|Myxococcus xanthus|Narcissus pseudonarcissus subsp. radinganorum|Nodulisporium hinnuleum|Phebalium rotundifolium|Pulsatilla vulgaris subsp. grandis|Scutellaria viscidula|Selinum tenuifolium|Senecio retrorsus|Sideritis glacialis|Streptomyces antibioticus|Taxus wallichiana|Uperoleia rugosa|Vernonia arkansana|Xanthorrhoea reflexa|Xenia elongata,Amino acids and Peptides,6.53,7.54,5.72,6.02,6.15,6.64,5.89,6.19,5.01,6.97,7.05,7.54,黄芩,4,27.68
COC1=CC=C2C(=C1O)[C@@]13CC(=O)N(C)[C@@]14C[C@@H]2O[C@]4(OC)[C@@H](OC)[C@@H](OC(=O)/C=C/C1=CC=CC=C1)C3,6-cinnamoylhernandine,Stephania japonica,Alkaloids,6.55,7.49,5.64,6.19,7.09,5.52,5.6,6.01,5.11,6.55,7.04,7.49,防己,4,27.68
CC(C)=CCC1=C2OC(C)(C)C=CC2=C(O)C2=C1O[C@H](C1=CC=C(O)C=C1)CC2=O,lupinifolin,Citrus medica|Citrus medica var. sarcodactylis|Citrus sinensis|Deguelia hatschbachii|Derris hainesiana|Derris reticulata|Eriosema chinense|Eriosema tuberosum|Erythrina Fusca|Erythrina fusca|Erythrina senegalensis|Euchresta formosana|Flemingia Macrophylla|Flemingia macrophylla|Flemingia philippinensis|Flemingia wallichii|Lonchocarpus guatemalensis|Lonchocarpus miniflorus|Lonchocarpus minimiflorus|Maclura pomifera|Macrotyloma biflorum var. biflorum|Mundulea sericea|Rhynchosia precatoria|Sophora tetraptera|Sophora tonkinensis|Tephrosia lupinifolia,Shikimates and Phenylpropanoids,6.74,7.57,5.43,6.09,6.86,5.07,5.56,5.89,5.25,6.51,7.06,7.57,苦参/槐,4,27.68
COC1=CC=C2C(=C1O)[C@@]13CC(=O)N(C)[C@@]14C[C@@H]2O[C@@]4(OC)[C@@H](OC)[C@@H](OC(=O)/C=C/C1=CC=CC=C1)C3,,Stephania longa,Alkaloids,6.55,7.49,5.64,6.19,7.09,5.52,5.6,6.01,5.11,6.55,7.04,7.49,防己,4,27.68
COC1=CC=C2C(=C1O)[C@]13CC(=O)N(C)[C@@]14C[C@@H]2O[C@@]4(OC)[C@@H](OC)[C@@H](OC(=O)/C=C/C1=CC=CC=C1)C3,Stephalonine E,Stephania longa,Alkaloids,6.55,7.49,5.64,6.19,7.09,5.52,5.6,6.01,5.11,6.55,7.04,7.49,防己,4,27.68
CC(C)=C[C@H](O)C/C(C)=C/CC1=C(O)C=C(O)C2=C1O[C@H](C1=CC=CC=C1)CC2=O,"(2S)-5,7-dihydroxy-8-[(2E,5R)-5-hydroxy-3,7-dimethylocta-2,6-dienyl]-2-phenyl-2,3-dihydrochromen-4-one",Agelas dispar|Artemisia schischkinii|Coccinella transversoguttata|Drimys winteri|Ecklonia arborea|Eugenia hyemalis|Hygrocybe punicea|Phora affinis|Phyllospongia lamellosa|Rabdosia ternifolia|Rubus chroosepalus|Scalesia baurii|Tephrosia viridiflora,Shikimates and Phenylpropanoids,6.54,7.63,5.32,6.13,6.7,5.33,5.66,5.9,5.11,6.8,7.04,7.63,香茶菜,4,27.67
C=C(C)[C@H](CC=C(C)C)CC1=C(O)C(CC=C(C)C)=C(O)C2=C1O[C@H](C1=C(O)C=C(O)C=C1O)CC2=O,,Sophora exigua,Shikimates and Phenylpropanoids,6.51,7.7,4.64,6.13,6.72,5.22,5.73,5.89,5.18,6.72,7.05,7.7,苦参/槐,4,27.65
C=C(C)[C@@H](CC=C(C)C)CC1=C(O)C(CC=C(C)C)=C(O)C2=C1O[C@H](C1=C(O)C=C(O)C=C1O)CC2=O,,Sophora exigua,Shikimates and Phenylpropanoids,6.51,7.7,4.64,6.13,6.72,5.22,5.73,5.89,5.18,6.72,7.05,7.7,苦参/槐,4,27.65
COC1=CC=C([C@@H]2CC(=O)C3=C(O)C(CC=C(C)C)=C4OC(C)(C)C=CC4=C3O2)C(O)=C1,,Amietophrynus regularis|Astragalus bicuspis|Chelonaplysilla violacea|Flemingia Macrophylla|Flemingia macrophylla|Hibiscus schizopetalus|Hyoscyamus pusillus|Justicia adhatoda|Parameria laevigata|Pterocarpus indicus|Strongylodesma algoaensis|Styrax agrestis|Teucrium marum|Tolypocladium album|Usnea canariensis|[clostridium] cellulolyticum,Shikimates and Phenylpropanoids,6.81,7.49,5.32,6.19,6.79,5.46,5.79,5.73,5.2,6.56,7.03,7.49,黄芪,4,27.65
CC(C)=CCC1=C(O)C(/C=C/C(C)C)=C(O)C2=C1O[C@H](C1=CC=C(O)C=C1O)CC2=O,,Abelia chinensis|Aplophyllum alberti-regelii|Asimina parviflora|Atraphaxis spinosa|Baccharis neglecta|Centaurea maculosa|Chondrodendron tomentosum|Clerodendrum bungei|Conus mus|Cordia leucocephala|Dendronephthya griffini|Diospyros assimilis|Dolabella californica|Embelia parviflora|Embelia schimperi|Ephedra sinica|Epilobium hirsutum|Eria anomala|Erysimum leptophyllum|Erythrina melanacantha|Esenbeckia leiocarpa|Euphorbia nematocypha|Faramea salicifolia|Gymnocalycium schickendantzii|Haplophyllum obtusifolium|Helichrysum tenuifolium|Hypericum styphelioides|Latrunculia magnifica|Lemaireocereus longispinus|Lycogala epidendrum|Lythrum salicaria|Megaselia flavescens|Monsonia senegalensis|Morella rubra|Myxococcus stipitatus|Onopordum acanthium|Pancratium sickenbergeri|Piper regnellii|Planchonia grandis|Plathymenia reticulata|Pteridium esculentum|Rhinella marina|Shigella dysenteriae|Simarouba glauca|Siphonaria capensis|Sophora flavescens|Syzygium polycephaloides|Theonella conica|Tricholoma columbetta|Vellozia nanuzae|Vernonia fagifolia,Shikimates and Phenylpropanoids,6.52,7.51,5.5,6.21,6.81,5.09,5.66,5.94,5.19,6.81,7.04,7.51,地耳草/田基黄,4,27.65
O=C(O)C[C@H](C(=O)O[C@@H]1[C@H](O)[C@H](OC(=O)C2=CC(O)=C(O)C(O)=C2)O[C@@H](CO)[C@H]1O)[C@H]1C2=C(O)C(O)=C(O)C=C2C(=O)O[C@@H]1C(=O)O,,Phyllanthus emblica,Shikimates and Phenylpropanoids,6.76,7.43,4.54,6.51,5.33,5.62,5.62,5.13,5.34,6.93,7.04,7.43,叶下珠,4,27.63
O=C(O)CC(C(=O)O[C@@H]1[C@@H](O)[C@H](OC(=O)C2=CC(O)=C(O)C(O)=C2)O[C@H](CO)[C@H]1O)[C@H]1C2=C(O)C(O)=C(O)C=C2C(=O)O[C@@H]1C(=O)O,,Phyllanthus emblica,Shikimates and Phenylpropanoids,6.76,7.43,4.54,6.51,5.33,5.62,5.62,5.13,5.34,6.93,7.04,7.43,叶下珠,4,27.63
O=C(O)C[C@H](C(=O)O[C@@H]1[C@@H](O)[C@H](OC(=O)C2=CC(O)=C(O)C(O)=C2)O[C@H](CO)[C@H]1O)[C@H]1C2=C(O)C(O)=C(O)C=C2C(=O)O[C@@H]1C(=O)O,,Phyllanthus emblica,Shikimates and Phenylpropanoids,6.76,7.43,4.54,6.51,5.33,5.62,5.62,5.13,5.34,6.93,7.04,7.43,叶下珠,4,27.63
CC1(C)C=CC2=C(C=CC([C@]3(O)COC4=CC(O)=CC(O)=C4C3=O)=C2O)O1,sophoronol A,Sophora mollis,Shikimates and Phenylpropanoids,6.78,7.5,5.07,6.11,6.72,5.68,5.76,5.11,5.12,6.62,7.0,7.5,苦参/槐,4,27.62
CC(C)C[C@@H]1/N=C(\O)C/N=C(\O)[C@@H]2CCCN2C(=O)[C@H]([C@@H](C)O)/N=C(\O)[C@H](C(C)C)/N=C(\O)[C@H](C)/N=C(\O)[C@H](CC(N)=O)/N=C/1O,"2-[(3~{S},4~{Z},6~{S},7~{Z},9~{S},10~{Z},12~{S},13~{Z},15~{S},16~{Z},19~{Z},21~{S})-5,8,11,14,17,20-hexahydroxy-3-[(1~{R})-1-hydroxyethyl]-15-isobutyl-6-isopropyl-9-methyl-2-oxo-1,4,7,10,13,16,19-heptazabicyclo[19.3.0]tetracosa-4,7,10,13,16,19-hexaen-12-yl]acetamide",Alstonia angustiloba|Annona cherimola|Annona cherimolia|Artemisia pectinata|Aspergillus microcysticus|Baccharis grandicapitulata|Beesia calthifolia|Boschniakia rossica|Botrychium ternatum|Bursera kerberi|Clerodendrum trichotomum|Clinacanthus nutans|Coffea liberica var. dewevrei|Costasiella ocellifera|Creosphaeria sassafras|Crotalaria stolzii|Curcuma aeruginosa|Delisea elegans|Delphinium giraldii|Emericellopsis minima|Eucalyptus albens|Euonymus fortunei|Euploca racemosa|Gutierrezia dracunculoides|Hedysarum gmelini|Helenium integrifolium|Juniperus scopulorum|Lasianthaea podocephala|Lupinus cosentinii|Melampodium leucanthum|Micromonospora echinospora|Morella pensylvanica|Ormosia dasycarpa|Papaver pseudocanescens|Pellacalyx axillaris|Pestalotiopsis oenotherae|Phlomis crinita|Piper brachystachyum|Pseudocyphellaria australiensis|Psidium acutangulum|Renealmia alpinia|Rhododendron mucronulatum|Sarcophyton flexuosum|Selinum libanotis|Senecio congestus|Sideritis dasygnaphala|Stellaria media|Streptomyces melanogenes|Streptomyces parvisporogenes|Tephroseris kirilowii|Zephyranthes flava,Amino acids and Peptides,6.61,7.47,4.58,5.81,5.37,5.06,5.38,6.74,4.98,6.8,7.0,7.47,茵陈/青蒿,4,27.62
C[C@@H]1CC2=C(Cl)C=C(C(=O)N[C@@H](CC3=CC=CC=C3)C(=O)O)C(O)=C2C(=O)O1,OCHRATOXIN A,Aspergillus melleus|Aspergillus niger|Aspergillus ochraceus|Aspergillus spp.|Aspergillus sulphureus|Aspergillus westerdijkiae|Glycyrrhiza uralensis|Penicillium nordicum|Penicillium spp.|Penicillium verrucosum|Penicillium viridicatum,Shikimates and Phenylpropanoids,5.62,7.69,6.44,6.78,5.59,5.97,5.78,6.57,5.14,6.58,7.02,7.69,甘草,4,27.62
C=C(C)[C@H](CC=C(C)C)CC1=C(OC)C=C(O)C2=C1O[C@H](C1=C(O)C=CC=C1O)CC2=O,Exiguaflavanone B,Artemisia indica|Sophora exigua,Shikimates and Phenylpropanoids,6.5,7.68,5.26,6.35,6.68,5.82,5.72,5.98,5.05,6.74,7.03,7.68,茵陈/青蒿,4,27.6
C=CC(C)(C)C1=CC([C@@H]2CC(=O)C3=C(O)C=C(O)C(CC=C(C)C)=C3O2)=C(OC)C=C1O,"(2S)-5,7,4'-Trihydroxy-2'-methoxy-8-prenyl-5'-(1,1-dimethylallyl)flavanone",Ascidia ceratodes|Astragalus complanatus|Brassica juncea|Calophyllum teysmannii|Dalea scandens var. paucifolia|Dalea scandens var.paucifolia|Dalea versicolor|Eria bracteata|Erythrophleum fordii|Graphis desquamescens|Lotus arabicus|Monactis macbridei|Rubus medius|Vernonia hindei,Shikimates and Phenylpropanoids,6.53,7.62,4.82,6.08,6.68,5.78,5.68,5.78,5.16,6.77,7.02,7.62,黄芪,4,27.6
CC(C)=CCC(CC1=C(O)C=C(O)C2=C1O[C@H](C1=CC=C(O)C=C1O)CC2=O)C(C)CO,KUSHENOL Q,Sophora flavescens,Shikimates and Phenylpropanoids,6.53,7.55,5.19,6.34,6.75,5.57,5.64,5.72,5.06,6.77,7.02,7.55,苦参/槐,4,27.6
CC(C)=CC[C@H](CC1=C(O)C=C(O)C2=C1O[C@H](C1=CC=C(O)C=C1O)CC2=O)[C@H](C)CO,,Abelia chinensis|Aplophyllum alberti-regelii|Asimina parviflora|Atraphaxis spinosa|Baccharis neglecta|Centaurea maculosa|Chondrodendron tomentosum|Clerodendrum bungei|Conus mus|Cordia leucocephala|Dendronephthya griffini|Diospyros assimilis|Dolabella californica|Embelia parviflora|Embelia schimperi|Ephedra sinica|Epilobium hirsutum|Eria anomala|Erysimum leptophyllum|Erythrina melanacantha|Esenbeckia leiocarpa|Euphorbia nematocypha|Faramea salicifolia|Gymnocalycium schickendantzii|Haplophyllum obtusifolium|Helichrysum tenuifolium|Hypericum styphelioides|Latrunculia magnifica|Lemaireocereus longispinus|Lycogala epidendrum|Lythrum salicaria|Megaselia flavescens|Monsonia senegalensis|Morella rubra|Myxococcus stipitatus|Onopordum acanthium|Pancratium sickenbergeri|Piper regnellii|Planchonia grandis|Plathymenia reticulata|Pteridium esculentum|Rhinella marina|Shigella dysenteriae|Simarouba glauca|Siphonaria capensis|Sophora flavescens|Syzygium polycephaloides|Theonella conica|Tricholoma columbetta|Vellozia nanuzae|Vernonia fagifolia,Shikimates and Phenylpropanoids,6.53,7.55,5.19,6.34,6.75,5.57,5.64,5.72,5.06,6.77,7.02,7.55,地耳草/田基黄,4,27.6
C=C(C)[C@@H](CC=C(C)C)CC1=C(O)C=C(C)C2=C1O[C@H](C1=CC=C(O)C=C1O)CC2=O,,Abelia chinensis|Aplophyllum alberti-regelii|Asimina parviflora|Atraphaxis spinosa|Baccharis neglecta|Centaurea maculosa|Chondrodendron tomentosum|Clerodendrum bungei|Conus mus|Cordia leucocephala|Dendronephthya griffini|Diospyros assimilis|Dolabella californica|Embelia parviflora|Embelia schimperi|Ephedra sinica|Epilobium hirsutum|Eria anomala|Erysimum leptophyllum|Erythrina melanacantha|Esenbeckia leiocarpa|Euphorbia nematocypha|Faramea salicifolia|Gymnocalycium schickendantzii|Haplophyllum obtusifolium|Helichrysum tenuifolium|Hypericum styphelioides|Latrunculia magnifica|Lemaireocereus longispinus|Lycogala epidendrum|Lythrum salicaria|Monsonia senegalensis|Morella rubra|Myxococcus stipitatus|Onopordum acanthium|Pancratium sickenbergeri|Piper regnellii|Planchonia grandis|Plathymenia reticulata|Pteridium esculentum|Rhinella marina|Shigella dysenteriae|Simarouba glauca|Siphonaria capensis|Sophora flavescens|Syzygium polycephaloides|Theonella conica|Tricholoma columbetta|Vellozia nanuzae|Vernonia fagifolia,Shikimates and Phenylpropanoids,6.53,7.63,5.17,6.25,6.71,5.36,5.74,5.77,5.03,6.73,7.02,7.63,地耳草/田基黄,4,27.6
C=C(C)[C@H](CC=C(C)C)CC1=C(OC)C=C(O)C2=C1O[C@@H](C1=C(O)C=CC=C1O)CC2=O,,Sophora exigua,Shikimates and Phenylpropanoids,6.5,7.68,5.26,6.35,6.68,5.82,5.72,5.98,5.05,6.74,7.03,7.68,苦参/槐,4,27.6
CC1(C)C=CC2=C(C=C(O)C3=C2OC=CC3=O)O1,,Sophora exigua,Polyketides,6.81,7.6,5.19,6.12,6.59,5.76,5.69,5.4,5.02,6.6,7.0,7.6,苦参/槐,4,27.6
COC1=CC=C(/C=C/C(=O)O[C@H]2[C@@H]3C=CO[C@@H](O[C@@H]4O[C@H](CO)[C@@H](O)[C@H](O)[C@H]4O)[C@@H]3[C@@]3(CO)O[C@@H]23)C=C1O,Minecoside,Catalpa bignonioides|Picrorhiza kurroa|Picrorhiza kurrooa|Picrorhiza scrophulariiflora|Radermachera Sinica|Radermachera sinica|Veronica alpina|Veronica bellidioides|Veronica filiformis|Veronica lavaudiana|Veronica officinalis|Veronica pulvinaris|Veronicastrum sibiricum|blue water-speedwell,Terpenoids,6.65,7.52,5.38,6.22,6.71,5.92,5.64,5.41,5.17,6.71,6.98,7.52,胡黄连,4,27.59
COC1=CC(O)=C(O)C=C1C1=C(CC=C(C)C)C(=O)C2=C(O)C=C3OC(C)(C)C=CC3=C2O1,,Artocarpus nobilis|Desmodium tortuosum|Epichloe festucae var. lolii|Eucalyptus amplifolia|Grateloupia carnosa|Paeonia rockii|Papaver pavoninum|Salvia calycina,Shikimates and Phenylpropanoids,6.71,7.65,4.6,6.31,6.7,6.15,5.72,5.64,5.25,6.53,7.02,7.65,丹参,4,27.59
COC1=CC=C(/C=C/C(=O)O[C@H]2[C@H]3C=CO[C@@H](O[C@@H]4O[C@H](CO)[C@@H](O)[C@H](O)[C@@H]4O)[C@@H]3[C@@]3(CO)O[C@@H]23)C=C1O,,Picrorhiza kurrooa|Picrorhiza scrophulariiflora|Radermachera sinica|Veronica bellidioides|Veronica officinalis|Veronicastrum sibiricum,Terpenoids,6.65,7.52,5.38,6.22,6.71,5.92,5.64,5.41,5.17,6.71,6.98,7.52,胡黄连,4,27.59
COC1=CC=C(/C=C\C(=O)O[C@@H]2[C@@H]3C=CO[C@H](O[C@@H]4O[C@H](CO)[C@@H](O)[C@H](O)[C@H]4O)[C@@H]3[C@@]3(CO)O[C@@H]23)C=C1O,,Picrorhiza scrophulariiflora|Veronicastrum sibiricum,Terpenoids,6.65,7.52,5.38,6.22,6.71,5.92,5.64,5.41,5.17,6.71,6.98,7.52,胡黄连,4,27.59
