canonical_smiles,pAct,n,types,target,tid
C#Cc1ccc(C2CCN(C(=O)c3cc(C(=O)NC)c(C4CCC4)cc3C)CC2)cc1,7.161150909262744,2,IC50,FASN,CHEMBL4158
C#Cc1ccc(COC(=O)[C@H](C)NC(=O)[C@H](CCCCNC(=O)[C@@H]2OC(=O)[C@H]2CCCCCC)NC(=O)OCc2ccccc2)cc1,5.400116927926312,1,IC50,FASN,CHEMBL4158
C/C(C(=N)C(=O)N(C)C)=C(/N)c1cc(C(=O)N2CC(c3ccc(C#N)cc3)C2)c(C)cc1C,7.619788758288394,1,IC50,FASN,CHEMBL4158
C/C(C(=N)C1CCOC1)=C(/N)c1cc(C(=O)N2CC(c3ccc(C#N)cc3)C2)ccc1C,7.026872146400302,1,IC50,FASN,CHEMBL4158
C/C=C/C/C=C/CCC(=O)[C@H]1O[C@H]1C(N)=O,4.927659498838847,3,IC50,FASN,CHEMBL4158
C=C/C(C)=C/C1(C)SC(O)=C(C)C1=O,3.8446639625349386,1,IC50,FASN,CHEMBL4158
C=C/C(C)=C/[C@@]1(C)SC(=O)C(C)=C1O,4.0,1,IC50,FASN,CHEMBL4158
C=C/C(C)=C/[C@]1(C)SC(=O)C(C)=C1O,3.681936665037238,1,IC50,FASN,CHEMBL4158
C=C/C(C)=C/[C@]1(C)SC(=O)C=C1O,4.014124642691606,1,IC50,FASN,CHEMBL4158
C=C1C(=O)O[C@H](CCCCCCCC)[C@H]1C(=O)O,4.359100519842442,2,IC50,FASN,CHEMBL4158
CC#Cc1ccc(C2CCN(C(=O)c3cc(C(=O)NC)c(C4CCC4)cc3C)CC2)cc1,6.903089986991944,2,IC50,FASN,CHEMBL4158
CC(=O)N1CC(c2nc(C)c(-c3cc(C(=O)N4CC(c5ccc(C#N)cc5)C4)ccc3C)[nH]2)C1,7.698970004336019,2,IC50,FASN,CHEMBL4158
CC(=O)N1CCC(OC(=O)Nc2cc(C(=O)N3CCC(F)(c4ccc(C#N)cc4)CC3)c(C)cc2C)C1,6.698970004336019,1,IC50,FASN,CHEMBL4158
CC(=O)N1CCC(OC(=O)Nc2ccc(C)c(C(=O)N3CCC(F)(c4ccc(C#N)cc4)CC3)c2)C1,6.782516055786093,1,IC50,FASN,CHEMBL4158
CC(=O)N1CCC(c2nc(C)c(-c3cc(C(=O)N4CC(c5ccc(C#N)cc5)C4)ccc3C)[nH]2)CC1,7.537602002101044,2,IC50,FASN,CHEMBL4158
CC(=O)N1CCC2(CC1)N=C(c1ccc(-c3ccc4c(cnn4C)c3)cc1)N(C[C@@H]1CCN(C(=O)C3CC3)C1)C2=O,6.698970004336019,1,IC50,FASN,CHEMBL4158
CC(=O)N1CCc2nc(-c3cc(C(=O)N4CCC(c5ccc(C#N)cc5)CC4)c(C)cc3C)[nH]c2C1,7.187086643357144,1,IC50,FASN,CHEMBL4158
CC(=O)N1CCc2nc(-c3cc(C(=O)N4CCC(c5ccc(C#N)cc5)CC4)c(C)cc3C)[nH]c2C1C,7.096910013008056,1,IC50,FASN,CHEMBL4158
CC(=O)N1CCc2nc(-c3cc(C(=O)N4CCC(c5ccc(C#N)cc5)CC4)c(C)cc3C)[nH]c2CC1,7.221848749616356,1,IC50,FASN,CHEMBL4158
CC(=O)N1CCc2nc(-c3cc(C(=O)N4CCC(c5ccc(C#N)cc5)CC4)c(C)cc3C3CC3)[nH]c2C1,7.3979400086720375,1,IC50,FASN,CHEMBL4158
CC(=O)N1CCc2nc(-c3cc(C(=O)N4CCC(c5ccc(C#N)cc5)CC4)c(C)cc3Cl)[nH]c2C1,6.769551078621726,1,IC50,FASN,CHEMBL4158
CC(=O)N1CCc2nc(-c3cc(C(=O)N4CCC(c5ccc(C#N)cc5)CC4)ccc3C)[nH]c2C1,6.835647144215563,1,IC50,FASN,CHEMBL4158
CC(=O)N1CCc2nc(-c3cc(C(=O)N4CCC(c5ccc(C(F)(F)F)cc5)CC4)c(C)cc3C)[nH]c2C1,7.3979400086720375,1,IC50,FASN,CHEMBL4158
CC(=O)N1CCc2nc(-c3cc(C(=O)N4CCC(c5ccc(F)cc5)CC4)c(C)cc3C)[nH]c2C1,6.42021640338319,1,IC50,FASN,CHEMBL4158
CC(=O)N1CCc2nc(-c3cc(C(=O)N4CCC(c5ccc(F)cc5)CC4)c(C)cc3Cl)[nH]c2C1,5.6777807052660805,1,IC50,FASN,CHEMBL4158
CC(=O)N1Cc2[nH]c(-c3cc(C(=O)N4CCC(c5ccc(C#N)cc5)CC4)c(C)cc3C)nc2C(C)(C)C1,7.154901959985743,1,IC50,FASN,CHEMBL4158
CC(=O)N1Cc2[nH]c(-c3cc(C(=O)N4CCC(c5ccc(C#N)cc5)CC4)c(C)cc3C)nc2C2(CC2)C1,6.886056647693163,1,IC50,FASN,CHEMBL4158
CC(=O)NCCC(=O)N[C@H]1CC[C@@H](N(C)C(=O)c2ccc(-c3nc4ccccc4o3)cc2)C1,5.756961951313706,1,IC50,FASN,CHEMBL4158
CC(=O)N[C@@H](C(=O)N[C@H]1CC[C@@H](N(C)C(=O)c2ccc(-c3nc4ccccc4o3)cc2)C1)C(C)C,4.576754126063192,1,IC50,FASN,CHEMBL4158
CC(=O)N[C@@H](C)C(=O)N[C@H]1CCC(N(C)C(=O)c2ccc(-c3nc4ccccc4o3)cc2)C1,4.576754126063192,1,IC50,FASN,CHEMBL4158
CC(=O)N[C@@H]1CC[C@@H](N(C)C(=O)c2ccc(-c3nc4ccccc4o3)cc2)C1,4.576754126063192,1,IC50,FASN,CHEMBL4158
CC(=O)N[C@H](C(=O)N[C@H]1CC[C@@H](N(C)C(=O)c2ccc(-c3nc4ccccc4o3)cc2)C1)C(C)C,5.756961951313706,1,IC50,FASN,CHEMBL4158
CC(=O)N[C@H]1CC[C@@H](C(=O)N(C)c2ccc(-c3ccccc3)cc2)C1,6.318758762624412,1,IC50,FASN,CHEMBL4158
CC(=O)N[C@H]1CC[C@@H](C(=O)N(C)c2ccc(-c3nc4ccccc4[nH]3)cc2)C1,6.093543321678572,2,IC50,FASN,CHEMBL4158
CC(=O)N[C@H]1CC[C@@H](C(=O)N(C)c2ccc(-c3nc4ccccc4o3)cc2)C1,6.698970004336019,1,IC50,FASN,CHEMBL4158
CC(=O)Nc1cc(C(=O)N2CCC(c3ccc(C#N)cc3)CC2)ccc1C1CCC1,6.42021640338319,1,IC50,FASN,CHEMBL4158
CC(=O)Nc1ccc(-c2ccc(-n3c(C[C@@H]4CCN(C(=O)C5CC5)C4)n[nH]c3=O)c(F)c2)cc1,6.400116927926312,1,IC50,FASN,CHEMBL4158
CC(=O)OCc1n[nH]c(-c2cc(C(=O)N3CC(c4ccc(C#N)cc4)C3)c(C)cc2C)c1C,6.070070439915412,2,IC50,FASN,CHEMBL4158
CC(=O)OCc1nc(Cl)c(-c2cc(C(=O)N3CC(F)(c4ccc(C#N)cc4)C3)ccc2C)[nH]1,7.1938200260161125,2,IC50,FASN,CHEMBL4158
CC(C)(O)C(=O)N1CCN(C(=O)c2ccc(-c3ccccc3)cc2)CC1,4.455931955649724,1,IC50,FASN,CHEMBL4158
CC(C)=CCc1c(O)cc2oc3c(CC=C(C)C)c(O)c(O)c(CC=C(C)C)c3c(=O)c2c1O,5.481486060122112,1,IC50,FASN,CHEMBL4158
CC(C)=CCc1c(O)cc2oc3cc(O)c(O)c(CC=C(C)C)c3c(=O)c2c1O,5.906578314837764,1,IC50,FASN,CHEMBL4158
CC(C)C(=O)N[C@H]1CC[C@@H](C(=O)N(C)c2ccc(-c3ccccc3)cc2)C1,6.376750709602099,1,IC50,FASN,CHEMBL4158
CC(C)C(=O)N[C@H]1CC[C@@H](C(=O)N(C)c2ccc(-c3nc4ccccc4[nH]3)cc2)C1,6.06246936830415,2,IC50,FASN,CHEMBL4158
CC(C)CNC(=O)Nc1cc(C(=O)N2CCC(c3ccc(C#N)cc3)CC2)ccn1,4.483068191131987,1,IC50,FASN,CHEMBL4158
CC(C)CNC(=O)Nc1cc(C(=O)N2CCC(c3ccc(C#N)cc3)CC2)n(C)n1,4.8735438865681955,1,IC50,FASN,CHEMBL4158
CC(C)C[C@@H]1C(=O)O[C@H]1C(=O)NCCC[C@H](NC(=O)[C@H](C)NC(=O)OCc1ccccc1)C(=O)OCc1ccccc1,6.795880017344075,1,IC50,FASN,CHEMBL4158
CC(C)N1CCC2(CC1)N=C(c1ccc(-c3ccc4c(cnn4C)c3)cc1)N(C[C@@H]1CCN(C(=O)C3CC3)C1)C2=O,5.958607314841775,1,IC50,FASN,CHEMBL4158
CC(C)NC(=O)Nc1cc(C(=O)N2CCC(c3ccc(C#N)cc3)CC2)n(C)n1,4.779891911959945,1,IC50,FASN,CHEMBL4158
CC(C)N[C@H](C)C(=O)N[C@H]1CCC(N(C)C(=O)c2ccc(-c3nc4ccccc4o3)cc2)C1,4.576754126063192,1,IC50,FASN,CHEMBL4158
CC(C)Nc1cc2nc(-c3cccc(C(=O)N4CCC(c5ccc(C#N)cc5)CC4)c3)[nH]c2cn1,6.170696227168975,1,IC50,FASN,CHEMBL4158
CC(C)Nc1ccc(C(=O)Nc2cc(C(=O)N3CCC(c4ccc(C#N)cc4)CC3)cnn2)cn1,4.4996262856466265,1,IC50,FASN,CHEMBL4158
CC(C)Nc1ccc(C(=O)Nc2cc(C(=O)N3CCC(c4ccc(C#N)cc4)CC3)n(C)n2)cn1,5.052223291535261,1,IC50,FASN,CHEMBL4158
CC1(C(=O)N2CC(CN3C(=O)C(C)(C)N=C3c3ccc(-c4ccc5cc(F)ccc5c4)cc3F)C2)CC1,7.449771646944906,2,IC50,FASN,CHEMBL4158
CC1(C(=O)N2CC[C@@H](CN3C(=O)C(C)(C)N=C3c3ccc(-c4ccc5cc(F)ccc5c4)cc3F)C2)CC1,7.259637310505756,2,IC50,FASN,CHEMBL4158
CC1(C(=O)N2CC[C@@H](CN3C(=O)C4(CC4)N=C3c3ccc(-c4ccc5occc5c4)cc3)C2)CC1,7.552841968657781,1,IC50,FASN,CHEMBL4158
CC1(C)N=C(c2ccc(-c3c[nH]c4ccccc34)cc2)N(CC2CN(C(=O)C3CC3)C2)C1=O,5.789949150124863,2,IC50,FASN,CHEMBL4158
CC1(C)N=C(c2ccc(-c3c[nH]c4ccccc34)cc2)N(C[C@@H]2CCN(C(=O)C3CC3)C2)C1=O,6.889181726200164,3,IC50,FASN,CHEMBL4158
CC1(C)N=C(c2ccc(-c3c[nH]c4ccccc34)cc2F)N(CC2CCN(C(=O)C3CC3)C2)C1=O,7.1598939055432425,1,IC50,FASN,CHEMBL4158
CC1(C)N=C(c2ccc(-c3c[nH]c4ccccc34)cc2F)N(CC2CN(C(=O)C3CC3)C2)C1=O,6.690369832574101,2,IC50,FASN,CHEMBL4158
CC1(C)N=C(c2ccc(-c3c[nH]c4ccccc34)cc2F)N(C[C@@H]2CCN(C(=O)C3CC3)C2)C1=O,7.1598939055432425,1,IC50,FASN,CHEMBL4158
CC1(C)N=C(c2ccc(-c3ccc(-c4ccncc4)cc3)cc2)N(CC2CN(C(=O)C3CC3)C2)C1=O,6.219682687859849,2,IC50,FASN,CHEMBL4158
CC1(C)N=C(c2ccc(-c3ccc(-c4ccncc4)cc3)cc2)N(C[C@@H]2CCN(C(=O)C3CC3)C2)C1=O,7.400116927926312,2,IC50,FASN,CHEMBL4158
CC1(C)N=C(c2ccc(-c3ccc(-c4ccncc4)cc3)cc2F)N(CC2CN(C(=O)C3CC3)C2)C1=O,6.801342913045577,2,IC50,FASN,CHEMBL4158
CC1(C)N=C(c2ccc(-c3ccc(-c4ccncc4)cc3)cc2F)N(C[C@@H]2CCN(C(=O)C3CC3)C2)C1=O,7.279840696594043,2,IC50,FASN,CHEMBL4158
CC1(C)N=C(c2ccc(-c3ccc4[nH]ccc4c3)cc2)N(C[C@@H]2CCN(C(=O)C3CC3)C2)C1=O,7.204837832068501,4,IC50,FASN,CHEMBL4158
CC1(C)N=C(c2ccc(-c3ccc4cc(F)ccc4c3)cc2)N(CC2CN(C(=O)C3CC3)C2)C1=O,7.019996628416253,2,IC50,FASN,CHEMBL4158
CC1(C)N=C(c2ccc(-c3ccc4cc(F)ccc4c3)cc2)N(C[C@@H]2CCN(C(=O)C3CC3)C2)C1=O,7.259637310505756,2,IC50,FASN,CHEMBL4158
CC1(C)N=C(c2ccc(-c3ccc4cc(F)ccc4c3)cc2F)N(CC2CCN(C(=O)C3CC3)C2)C1=O,7.480172006224281,1,IC50,FASN,CHEMBL4158
CC1(C)N=C(c2ccc(-c3ccc4cc(F)ccc4c3)cc2F)N(CC2CN(C(=O)C3(O)CC3)C2)C1=O,7.51999305704285,2,IC50,FASN,CHEMBL4158
CC1(C)N=C(c2ccc(-c3ccc4cc(F)ccc4c3)cc2F)N(CC2CN(C(=O)C3CC3)C2)C1=O,7.549750891680639,2,IC50,FASN,CHEMBL4158
CC1(C)N=C(c2ccc(-c3ccc4cc(F)ccc4c3)cc2F)N(C[C@@H]2CCN(C(=O)C3(O)CC3)C2)C1=O,7.690369832574101,2,IC50,FASN,CHEMBL4158
CC1(C)N=C(c2ccc(-c3ccc4cc(F)ccc4c3)cc2F)N(C[C@@H]2CCN(C(=O)C3CC3)C2)C1=O,7.480172006224281,1,IC50,FASN,CHEMBL4158
CC1(C)N=C(c2ccc(-c3ccc4cccc(F)c4c3)cc2)N(CC2CN(C(=O)C3CC3)C2)C1=O,6.677287755511323,4,IC50,FASN,CHEMBL4158
CC1(C)N=C(c2ccc(-c3ccc4cccc(F)c4c3)cc2)N(C[C@@H]2CCN(C(=O)C3CC3)C2)C1=O,7.34008379993015,2,IC50,FASN,CHEMBL4158
CC1(C)N=C(c2ccc(-c3ccc4cccc(F)c4c3)cc2F)N(CC2CCN(C(=O)C3CC3)C2)C1=O,7.369572124974976,1,IC50,FASN,CHEMBL4158
CC1(C)N=C(c2ccc(-c3ccc4cccc(F)c4c3)cc2F)N(CC2CN(C(=O)C3CC3)C2)C1=O,7.459670525209126,2,IC50,FASN,CHEMBL4158
CC1(C)N=C(c2ccc(-c3ccc4cccc(F)c4c3)cc2F)N(C[C@@H]2CCN(C(=O)C3CC3)C2)C1=O,7.369572124974976,1,IC50,FASN,CHEMBL4158
CC1(C)N=C(c2ccc(-c3ccc4cccnc4c3)cc2)N(CC2CN(C(=O)C3CC3)C2)C1=O,6.690369832574101,2,IC50,FASN,CHEMBL4158
CC1(C)N=C(c2ccc(-c3ccc4cccnc4c3)cc2)N(C[C@@H]2CCN(C(=O)C3CC3)C2)C1=O,7.250147800460768,4,IC50,FASN,CHEMBL4158
CC1(C)N=C(c2ccc(-c3ccc4cccnc4c3)cc2F)N(CC2CN(C(=O)C3CC3)C2)C1=O,7.050122295963125,2,IC50,FASN,CHEMBL4158
CC1(C)N=C(c2ccc(-c3ccc4cccnc4c3)cc2F)N(C[C@@H]2CCN(C(=O)C3CC3)C2)C1=O,7.34008379993015,2,IC50,FASN,CHEMBL4158
CC1(C)N=C(c2ccc(-c3ccc4cnccc4c3)cc2)N(CC2CN(C(=O)C3CC3)C2)C1=O,6.718966632752272,2,IC50,FASN,CHEMBL4158
CC1(C)N=C(c2ccc(-c3ccc4cnccc4c3)cc2)N(C[C@@H]2CCN(C(=O)C3CC3)C2)C1=O,7.229884705212898,2,IC50,FASN,CHEMBL4158
CC1(C)N=C(c2ccc(-c3ccc4cnccc4c3)cc2F)N(CC2CCN(C(=O)C3CC3)C2)C1=O,7.259637310505756,1,IC50,FASN,CHEMBL4158
CC1(C)N=C(c2ccc(-c3ccc4cnccc4c3)cc2F)N(CC2CN(C(=O)C3CC3)C2)C1=O,7.170053304058364,2,IC50,FASN,CHEMBL4158
CC1(C)N=C(c2ccc(-c3ccc4cnccc4c3)cc2F)N(C[C@@H]2CCN(C(=O)C3CC3)C2)C1=O,7.259637310505756,1,IC50,FASN,CHEMBL4158
CC1(C)N=C(c2ccc(-c3ccc4cncnc4c3)cc2)N(CC2CN(C(=O)C3CC3)C2)C1=O,5.430041181903405,2,IC50,FASN,CHEMBL4158
CC1(C)N=C(c2ccc(-c3ccc4cncnc4c3)cc2)N(C[C@@H]2CCN(C(=O)C3CC3)C2)C1=O,6.649751981665837,2,IC50,FASN,CHEMBL4158
CC1(C)N=C(c2ccc(-c3ccc4cncnc4c3)cc2F)N(CC2CN(C(=O)C3CC3)C2)C1=O,6.110138278741811,1,IC50,FASN,CHEMBL4158
CC1(C)N=C(c2ccc(-c3ccc4cncnc4c3)cc2F)N(C[C@@H]2CCN(C(=O)C3CC3)C2)C1=O,6.790484985457369,2,IC50,FASN,CHEMBL4158
CC1(C)N=C(c2ccc(-c3ccc4ncccc4c3)cc2)N(C[C@@H]2CCN(C(=O)C3CC3)C2)C1=O,5.669992299127241,2,IC50,FASN,CHEMBL4158
CC1(C)N=C(c2ccc(-c3ccc4ncccc4c3)cc2F)N(CC2CN(C(=O)C3CC3)C2)C1=O,5.0499760934766735,2,IC50,FASN,CHEMBL4158
CC1(C)N=C(c2ccc(-c3ccc4ncccc4c3)cc2F)N(C[C@@H]2CCN(C(=O)C3CC3)C2)C1=O,5.860120913598763,2,IC50,FASN,CHEMBL4158
CC1(C)N=C(c2ccc(-c3ccc4nccnc4c3)cc2F)N(CC2CN(C(=O)C3CC3)C2)C1=O,6.110138278741811,1,IC50,FASN,CHEMBL4158
CC1(C)N=C(c2ccc(-c3ccc4occc4c3)cc2)N(C[C@@H]2CCN(C(=O)C3(F)CC3)C2)C1=O,6.920818753952375,2,IC50,FASN,CHEMBL4158
CC1(C)N=C(c2ccc(-c3ccc4occc4c3)cc2)N(C[C@@H]2CCN(C(=O)C3CC3)C2)C1=O,7.089909454405932,2,IC50,FASN,CHEMBL4158
CC1(C)N=C(c2ccc(-c3cccc4cnccc34)cc2F)N(CC2CN(C(=O)C3CC3)C2)C1=O,5.869988050328096,2,IC50,FASN,CHEMBL4158
CC1(C)N=C(c2ccc(-c3cccc4ncccc34)cc2)N(CC2CN(C(=O)C3CC3)C2)C1=O,5.250031916490597,2,IC50,FASN,CHEMBL4158
CC1(C)N=C(c2ccc(-c3cccc4ncccc34)cc2)N(C[C@@H]2CCN(C(=O)C3CC3)C2)C1=O,6.718966632752272,2,IC50,FASN,CHEMBL4158
CC1(C)N=C(c2ccc(-c3cccc4ncccc34)cc2F)N(C[C@@H]2CCN(C(=O)C3CC3)C2)C1=O,6.779891911959945,2,IC50,FASN,CHEMBL4158
CC1(C)N=C(c2ccc(-c3cnc4ccccc4c3)cc2)N(CC2CN(C(=O)C3CC3)C2)C1=O,5.3799681048737025,2,IC50,FASN,CHEMBL4158
CC1(C)N=C(c2ccc(-c3cnc4ccccc4c3)cc2)N(C[C@@H]2CCN(C(=O)C3CC3)C2)C1=O,6.149966742310231,2,IC50,FASN,CHEMBL4158
CC1(C)N=C(c2ccc(-c3cnc4ccccc4c3)cc2F)N(CC2CN(C(=O)C3CC3)C2)C1=O,5.700057099977233,2,IC50,FASN,CHEMBL4158
CC1(C)N=C(c2ccc(-c3cnc4ccccc4c3)cc2F)N(C[C@@H]2CCN(C(=O)C3CC3)C2)C1=O,6.6401645176601125,2,IC50,FASN,CHEMBL4158
CC1(C)N=C(c2ccc(-c3n[nH]c4ccccc34)cc2)N(CC2CN(C(=O)C3CC3)C2)C1=O,5.260032303240491,2,IC50,FASN,CHEMBL4158
CC1(C)N=C(c2ccc(-c3n[nH]c4ccccc34)cc2)N(C[C@@H]2CCN(C(=O)C3CC3)C2)C1=O,5.189969213594161,2,IC50,FASN,CHEMBL4158
CC1(C)N=C(c2ccc(-c3n[nH]c4ccccc34)cc2F)N(CC2CCN(C(=O)C3CC3)C2)C1=O,6.480172006224281,1,IC50,FASN,CHEMBL4158
CC1(C)N=C(c2ccc(-c3n[nH]c4ccccc34)cc2F)N(CC2CN(C(=O)C3CC3)C2)C1=O,6.0,2,IC50,FASN,CHEMBL4158
CC1(C)N=C(c2ccc(-c3n[nH]c4ccccc34)cc2F)N(C[C@@H]2CCN(C(=O)C3CC3)C2)C1=O,6.480172006224281,1,IC50,FASN,CHEMBL4158
CC1(C)N=C(c2ccc(-c3nc4ccccc4[nH]3)cc2)N(C[C@@H]2CCN(C(=O)C3CC3)C2)C1=O,5.230021381050964,3,IC50,FASN,CHEMBL4158
CC1(C)N=C(c2ccc(-c3nc4ccccc4[nH]3)cc2F)N(CC2CCN(C(=O)C3CC3)C2)C1=O,6.100179497572904,1,IC50,FASN,CHEMBL4158
CC1(C)N=C(c2ccc(-c3nc4ccccc4[nH]3)cc2F)N(CC2CN(C(=O)C3CC3)C2)C1=O,5.320027305722581,2,IC50,FASN,CHEMBL4158
CC1(C)N=C(c2ccc(-c3nc4ccccc4[nH]3)cc2F)N(C[C@@H]2CCN(C(=O)C3CC3)C2)C1=O,6.100179497572904,1,IC50,FASN,CHEMBL4158
CC1(C)N=C(c2ccc(-c3nc4ccccc4o3)cc2)N(CC2CN(C(=O)C3CC3)C2)C1=O,5.36997914888659,2,IC50,FASN,CHEMBL4158
CC1(C)N=C(c2ccc(-c3nc4ccccc4o3)cc2)N(C[C@@H]2CCN(C(=O)C3CC3)C2)C1=O,6.199970640755866,2,IC50,FASN,CHEMBL4158
CC1(C)N=C(c2ccc(-c3nc4ccccc4o3)cc2F)N(CC2CN(C(=O)C3CC3)C2)C1=O,6.250263684430939,2,IC50,FASN,CHEMBL4158
CC1(C)N=C(c2ccc(-c3nc4ccccc4o3)cc2F)N(C[C@@H]2CCN(C(=O)C3CC3)C2)C1=O,6.718966632752272,2,IC50,FASN,CHEMBL4158
CC1(C)N=C(c2ccc(-c3nc4ccccc4s3)cc2)N(CC2CN(C(=O)C3CC3)C2)C1=O,5.739928612014925,2,IC50,FASN,CHEMBL4158
CC1(C)N=C(c2ccc(-c3nc4ccccc4s3)cc2)N(C[C@@H]2CCN(C(=O)C3CC3)C2)C1=O,6.199970640755866,2,IC50,FASN,CHEMBL4158
CC1(C)N=C(c2ccc(-c3nc4ccccc4s3)cc2F)N(CC2CN(C(=O)C3CC3)C2)C1=O,6.379863945026242,2,IC50,FASN,CHEMBL4158
CC1(C)N=C(c2ccc(-c3nc4ccccc4s3)cc2F)N(C[C@@H]2CCN(C(=O)C3CC3)C2)C1=O,6.939302159646388,2,IC50,FASN,CHEMBL4158
CC1(C2CC2)N=C(c2ccc(-c3ccc4occc4c3)cc2)N(C[C@@H]2CCN(C(=O)C3CC3)C2)C1=O,6.480172006224281,2,IC50,FASN,CHEMBL4158
CC1(c2ccccc2)N=C(c2ccc(-c3ccc4[nH]ccc4c3)cc2)N(C[C@@H]2CCN(C(=O)C3CC3)C2)C1=O,7.140261433802853,2,IC50,FASN,CHEMBL4158
CC1(c2ccccc2)N=C(c2ccc(-c3ccc4occc4c3)cc2)N(C[C@@H]2CCN(C(=O)C3CC3)C2)C1=O,6.809668301829708,2,IC50,FASN,CHEMBL4158
CC1=C(c2cc(C(=O)N3CCC(c4ccc(C#N)cc4)CC3)ccc2C)CN=N1,6.508638306165727,1,IC50,FASN,CHEMBL4158
CC1COCc2[nH]c(-c3cc(C(=O)N4CCC(F)(c5ccc(C#N)cc5)CC4)ccc3C3CCC3)nc21,7.3979400086720375,1,IC50,FASN,CHEMBL4158
CC1COCc2[nH]c(-c3cc(C(=O)N4CCC(c5ccc(C#N)cc5)CC4)ccc3C3CC3)nc21,7.259637310505756,1,IC50,FASN,CHEMBL4158
CCC(=O)C1=C(O)C(C)(C)C(O)=C(CC2=C(O)C(C)(C)C(O)=C(C(=O)CC)C2=O)C1=O,4.220403508742176,1,IC50,FASN,CHEMBL4158
CCC(=O)C1=C(O)C(C)(C)C(O)=C(CC2=C(O)C(C)(C)C(O)=C(C(C)=O)C2=O)C1=O,4.1444808443322,1,IC50,FASN,CHEMBL4158
CCC(=O)N1CCc2nc(-c3cc(C(=O)N4CCC(c5ccc(C#N)cc5)CC4)c(C)cc3C)[nH]c2C1,7.522878745280337,1,IC50,FASN,CHEMBL4158
CCC(=O)N[C@@H]1CC[C@@H](N(C)C(=O)c2ccc(-c3nc4ccccc4o3)cc2)C1,4.576754126063192,1,IC50,FASN,CHEMBL4158
CCC(=O)N[C@H]1CC[C@@H](C(=O)N(C)c2ccc(-c3ccccc3)cc2)C1,6.522878745280337,1,IC50,FASN,CHEMBL4158
CCC(=O)N[C@H]1CC[C@@H](C(=O)N(C)c2ccc(-c3cn4ccccc4n3)cc2)C1,6.419315998882513,2,IC50,FASN,CHEMBL4158
CCC(=O)N[C@H]1CC[C@@H](C(=O)N(C)c2ccc(-c3nc4ccccc4[nH]3)cc2)C1,6.721246399047171,1,IC50,FASN,CHEMBL4158
CCC(=O)N[C@H]1CC[C@@H](C(=O)N(C)c2ccc(-c3nc4ccccc4n3C)cc2)C1,6.508638306165727,1,IC50,FASN,CHEMBL4158
CCC(=O)N[C@H]1CC[C@@H](C(=O)N(C)c2ccc(-c3nc4ccccc4o3)cc2)C1,6.840116476708261,6,IC50,FASN,CHEMBL4158
CCC(=O)N[C@H]1CC[C@@H](N(C)C(=O)c2ccc(-c3cc(F)c(C#N)c(F)c3)cc2)C1,4.576754126063192,1,IC50,FASN,CHEMBL4158
CCC(=O)N[C@H]1CC[C@@H](N(C)C(=O)c2ccc(-c3cc(F)c4[nH]cc(C(N)=O)c4c3)c(F)c2)C1,5.756961951313706,1,IC50,FASN,CHEMBL4158
CCC(=O)N[C@H]1CC[C@@H](N(C)C(=O)c2ccc(-c3cc(F)c4[nH]ccc4c3)nc2)C1,5.756961951313706,1,IC50,FASN,CHEMBL4158
CCC(=O)N[C@H]1CC[C@@H](N(C)C(=O)c2ccc(-c3cc(F)c4[nH]ccc4c3)nn2)C1,5.756961951313706,1,IC50,FASN,CHEMBL4158
CCC(=O)N[C@H]1CC[C@@H](N(C)C(=O)c2ccc(-c3cc(F)c4c(c3)CCN4)nc2)C1,5.756961951313706,1,IC50,FASN,CHEMBL4158
CCC(=O)N[C@H]1CC[C@@H](N(C)C(=O)c2ccc(-c3cc4cn[nH]c4cc3C)cn2)C1,5.756961951313706,1,IC50,FASN,CHEMBL4158
CCC(=O)N[C@H]1CC[C@@H](N(C)C(=O)c2ccc(-c3ccc(C(C)(C)C)cc3)cc2)C1,4.576754126063192,1,IC50,FASN,CHEMBL4158
CCC(=O)N[C@H]1CC[C@@H](N(C)C(=O)c2ccc(-c3ccc(C(C)C)cc3)cc2)C1,5.756961951313706,1,IC50,FASN,CHEMBL4158
CCC(=O)N[C@H]1CC[C@@H](N(C)C(=O)c2ccc(-c3ccc(C4CCC(C)CC4)cc3F)cc2)C1,5.756961951313706,1,IC50,FASN,CHEMBL4158
CCC(=O)N[C@H]1CC[C@@H](N(C)C(=O)c2ccc(-c3ccc(OC(F)(F)F)cc3)cc2)C1,5.756961951313706,1,IC50,FASN,CHEMBL4158
CCC(=O)N[C@H]1CC[C@@H](N(C)C(=O)c2ccc(-c3ccc4c(c3)C(F)(F)C(=O)N4)nc2)C1,4.576754126063192,1,IC50,FASN,CHEMBL4158
CCC(=O)N[C@H]1CC[C@@H](N(C)C(=O)c2ccc(-c3nc4ccc(Cl)cc4o3)nn2)C1,4.576754126063192,1,IC50,FASN,CHEMBL4158
CCC(=O)N[C@H]1CC[C@@H](N(C)C(=O)c2ccc(-c3ncc[nH]3)cc2)C1,4.576754126063192,1,IC50,FASN,CHEMBL4158
CCC(=O)N[C@H]1CC[C@@H](N(C)C(=O)c2cnc(-c3cc(F)c4[nH]ccc4c3)c(F)c2)C1,5.756961951313706,1,IC50,FASN,CHEMBL4158
CCC(=O)N[C@H]1CC[C@@H](N(C)C(=O)c2cnc(-c3cc(F)c4[nH]ccc4c3)cc2C)C1,5.756961951313706,1,IC50,FASN,CHEMBL4158
CCC(=O)N[C@H]1CC[C@@H](N(C)C(=O)c2cnc(-c3nc4ccc(Cl)cc4o3)cn2)C1,5.756961951313706,1,IC50,FASN,CHEMBL4158
CCC(=O)N[C@H]1CC[C@@H](N(C)C(=O)c2ncc(-c3nc4ccc(Cl)cc4o3)cn2)C1,4.576754126063192,1,IC50,FASN,CHEMBL4158
CCC(CC)c1cc(C)c(C(=O)N2CCC(c3ccc(C#N)cc3)CC2)cc1-c1nnc(C)[nH]1,5.917214629683549,1,IC50,FASN,CHEMBL4158
CCCC(=O)C1=C(O)C(C)(C)C(O)=C(CC2=C(O)C(C)(C)C(O)=C(C(=O)CC)C2=O)C1=O,4.251037138743839,1,IC50,FASN,CHEMBL4158
CCCC(=O)C1=C(O)C(C)C(O)=C(CC2=C(O)C(C)(C)C(O)=C(C(=O)CC)C2=O)C1=O,4.636388020107856,1,IC50,FASN,CHEMBL4158
CCCC(=O)C1=C(O)C(C)C(O)=C(CC2=C(O)C(C)(C)C(O)=C(C(C)=O)C2=O)C1=O,4.542118103266008,1,IC50,FASN,CHEMBL4158
CCCC(=O)C1=C(O)CC(O)=C(CC2=C(O)C(C)(C)C(O)=C(C(C)=O)C2=O)C1=O,4.527243550682788,1,IC50,FASN,CHEMBL4158
CCCC(=O)C1=C(OC)C(C)C(O)=C(CC2=C(O)C(C)(C)C(O)=C(C(=O)CCC)C2=O)C1=O,4.486782399932061,1,IC50,FASN,CHEMBL4158
CCCC(=O)N[C@H]1CC[C@@H](C(=O)N(C)c2ccc(-c3nc4ccccc4o3)cc2)C1,6.376750709602099,1,IC50,FASN,CHEMBL4158
CCCC(=O)c1c(O)c(C)c(O)c(Cc2c(O)c(C)c(O)c(C(=O)CCC)c2O)c1O,4.5951662833800615,1,IC50,FASN,CHEMBL4158
CCCC(=O)c1c(O)c(CC2=C(O)C(C)(C)C(O)=C(C(C)=O)C2=O)c(O)c(CC2=C(O)C(C)(C)C(O)=C(C(=O)CC)C2=O)c1O,4.508638306165727,1,IC50,FASN,CHEMBL4158
CCCC(=O)c1c(O)cc(OC)c(C)c1O,4.308918507877031,1,IC50,FASN,CHEMBL4158
CCCC1CCC(c2ccc(-c3ccc(C(=O)N(C)[C@@H]4CC[C@H](NC(=O)CC)C4)cc3)cc2)OC1,5.756961951313706,1,IC50,FASN,CHEMBL4158
CCCCC/C=C\C=C\CCCCCCCCC(=O)O,4.0,1,IC50,FASN,CHEMBL4158
CCCCCCCCCCC[C@@H](C[C@@H]1OC(=O)[C@H]1CCCCCC)OC(=O)[C@H](CC(C)C)NC=O,4.5134614855344175,2,IC50,FASN,CHEMBL4158
CCCCCC[C@@H]1C(=O)O[C@H]1C(=O)NCCCC[C@@H]1NC(=O)N([C@@H](C)C(=O)OCc2ccccc2)C1=O,5.255707016877324,1,IC50,FASN,CHEMBL4158
CCCCCC[C@@H]1C(=O)O[C@H]1C(=O)NCCCC[C@H](NC(=O)CNC(=O)OCc1ccccc1)C(=O)OCc1ccccc1,5.0195421077239,1,IC50,FASN,CHEMBL4158
CCCCCC[C@@H]1C(=O)O[C@H]1C(=O)NCCCC[C@H](NC(=O)OCc1ccccc1)C(=O)N[C@@H](C)C(=O)OCc1ccccc1,5.823908740944319,1,IC50,FASN,CHEMBL4158
CCCCCC[C@@H]1C(=O)O[C@H]1C(=O)NCCCC[C@H](NC(=O)[C@H](C)NC(=O)OCc1ccccc1)C(=O)OCc1ccccc1,5.498940737782249,1,IC50,FASN,CHEMBL4158
CCCCCC[C@@H]1C(=O)O[C@H]1C(=O)NCCCC[C@H](NC(=O)[C@H](C)NC(=O)c1ccc(Br)cc1)C(=O)OCc1ccccc1,5.317854923626168,1,IC50,FASN,CHEMBL4158
CCCCCC[C@@H]1C(=O)O[C@H]1C(=O)NCCC[C@H](NC(=O)[C@H](C)NC(=O)OCc1ccccc1)C(=O)OCc1ccccc1,6.078695380194719,2,IC50,FASN,CHEMBL4158
CCCCCC[C@@]1(C)C(=O)O[C@@H]1C(=O)NCCCC[C@H](NC(=O)[C@H](C)NC(=O)OCc1ccccc1)C(=O)OCc1ccccc1,5.507239610973162,1,IC50,FASN,CHEMBL4158
CCCCCC[C@@]1(C)C(=O)O[C@H]1C(=O)NCCCC[C@H](NC(=O)[C@H](C)NC(=O)OCc1ccccc1)C(=O)OCc1ccccc1,5.924453038607469,1,IC50,FASN,CHEMBL4158
CCCCCC[C@H]1C(=O)O[C@@H]1C(=O)NCCCC[C@H](NC(=O)CNC(=O)OCc1ccccc1)C(=O)OCc1ccccc1,5.07727454200674,1,IC50,FASN,CHEMBL4158
CCCCCC[C@H]1C(=O)O[C@@H]1C(=O)NCCCC[C@H](NC(=O)OCc1ccccc1)C(=O)N[C@@H](C)C(=O)OCc1ccccc1,4.8996294548824375,1,IC50,FASN,CHEMBL4158
CCCCCC[C@]1(C)C(=O)O[C@H]1C(=O)NCCCC[C@H](NC(=O)[C@H](C)NC(=O)OCc1ccccc1)C(=O)OCc1ccccc1,5.583359492661719,1,IC50,FASN,CHEMBL4158
CCC[C@@H]1C(=O)O[C@H]1C(=O)NCCC[C@H](NC(=O)[C@H](C)NC(=O)OCc1ccccc1)C(=O)OCc1ccccc1,6.795880017344075,1,IC50,FASN,CHEMBL4158
CCCc1cc(C)c(-c2nnc(COC)[nH]2)cc1C(=O)N1CCC(c2ccc(C#N)cc2)CC1,4.954481437115507,1,IC50,FASN,CHEMBL4158
CCN(CC)c1cc(C)c(C(=O)N2CCC(c3ccc(C#N)cc3)CC2)cc1-c1nnc(C)[nH]1,5.917214629683549,1,IC50,FASN,CHEMBL4158
CCN1CC2(CCN(S(=O)(=O)c3ccc(-c4ccc5occc5c4)cc3)CC2)OCC1=O,6.600326278518962,1,IC50,FASN,CHEMBL4158
CCN1CCc2[nH]c(-c3cc(C(=O)N4CCC(c5ccc(C#N)cc5)CC4)c(C)cc3C)nc2C1,7.221848749616356,1,IC50,FASN,CHEMBL4158
CCNC(=O)N[C@H]1CC[C@@H](C(=O)N(C)c2ccc(-c3ccccc3)cc2)C1,6.06246936830415,2,IC50,FASN,CHEMBL4158
CCNC(=O)N[C@H]1CC[C@@H](C(=O)N(C)c2ccc(-c3nc4ccccc4[nH]3)cc2)C1,6.3979400086720375,1,IC50,FASN,CHEMBL4158
CCNC(=O)N[C@H]1CC[C@@H](C(=O)N(C)c2ccc(-c3nc4ccccc4n3C)cc2)C1,6.0774509799928715,2,IC50,FASN,CHEMBL4158
CCNC(=O)N[C@H]1CC[C@@H](C(=O)N(C)c2ccc(-c3nc4ccccc4o3)cc2)C1,6.2883770630315965,2,IC50,FASN,CHEMBL4158
CCNC(=O)c1cc(C(=O)N2CCC(c3ccc(C#N)cc3)CC2)c(C)cc1C1CCC1,7.045757490560675,1,IC50,FASN,CHEMBL4158
CCNC(=O)c1ccnc(Nc2cc(C(=O)N3CCC(c4ccc(C#N)cc4)CC3)ccc2C)c1,5.96657624451305,1,IC50,FASN,CHEMBL4158
CCOC(=O)N1CCc2nc(-c3cc(C(=O)N4CCC(c5ccc(C#N)cc5)CC4)ccc3C3CCC3)[nH]c2C1,7.301029995663981,1,IC50,FASN,CHEMBL4158
CCOCCOc1n[nH]c(-c2cc(C(=O)N3CC(c4ccc(C#N)cc4)C3)ccc2C)c1C,7.698970004336019,1,IC50,FASN,CHEMBL4158
CCOCc1nnc(-c2cc(C(=O)N3CCC(F)(c4ccc(C#N)cc4)CC3)c(C)cc2CC)[nH]1,6.619788758288394,1,IC50,FASN,CHEMBL4158
CCOc1ccc(C2CN(C(=O)c3ccc(C)c(-c4[nH]nc(OCCO)c4C)c3)C2)cc1,7.657577319177793,1,IC50,FASN,CHEMBL4158
CCOc1nnc(-c2cc(C(=O)N3CCC(F)(c4ccc(C#N)cc4)CC3)c(C)cc2C2CCC2)[nH]1,7.259637310505756,1,IC50,FASN,CHEMBL4158
CCOc1nnc(-c2cc(C(=O)N3CCC(F)(c4ccc(C#N)cc4)CC3)c(CC)cc2C2CC2)[nH]1,7.154901959985743,1,IC50,FASN,CHEMBL4158
CCOc1nnc(-c2cc(C(=O)N3CCC(F)(c4ccc(C#N)cc4)CC3)c(CC)cc2C2CCC2)[nH]1,6.769551078621726,1,IC50,FASN,CHEMBL4158
CCOc1nnc(-c2cc(C(=O)N3CCC(F)(c4ccc(C(F)(F)F)cc4)CC3)c(C)cc2C2CCC2)[nH]1,6.6020599913279625,1,IC50,FASN,CHEMBL4158
CCOc1nnc(-c2cc(C(=O)N3CCC(c4ccc(C#N)cc4)CC3)c(C)cc2C)[nH]1,6.657577319177793,1,IC50,FASN,CHEMBL4158
CCOc1nnc(-c2cc(C(=O)N3CCC(c4ccc(C#N)cc4)CC3)c(C)cc2C2CCC2)[nH]1,7.070581074285707,1,IC50,FASN,CHEMBL4158
CCOc1nnc(-c2cc(C(=O)N3CCC(c4ccc(C#N)cc4)CC3)c(CC)cc2C)[nH]1,6.136677139879544,1,IC50,FASN,CHEMBL4158
CCOc1nnc(-c2cc(C(=O)N3CCC(c4ccc(C#N)cc4)CC3)c(CC)cc2C2CC2)[nH]1,6.958607314841775,1,IC50,FASN,CHEMBL4158
CCOc1nnc(-c2cc(C(=O)N3CCC(c4ccc(C#N)cc4)CC3)c(CC)cc2C2CCC2)[nH]1,7.096910013008056,1,IC50,FASN,CHEMBL4158
CCOc1nnc(-c2cc(C(=O)N3CCC(c4ccc(C#N)cc4)CC3)c(CC)cc2CC)[nH]1,6.709965388637482,1,IC50,FASN,CHEMBL4158
CCOc1nnc(-c2cc(C(=O)N3CCC(c4ccc(C#N)cc4)CC3)ccc2C)[nH]1,5.767003889607846,1,IC50,FASN,CHEMBL4158
CC[C@@H](C)CC(=O)N[C@@H]1CC[C@@H](N(C)C(=O)c2ccc(-c3nc4ccccc4o3)cc2)C1,4.576754126063192,1,IC50,FASN,CHEMBL4158
CC[C@H](C)[C@H](NC(=O)[C@@H](N)CCC(=O)O)C(=O)N[C@H](C(=O)N1CCC[C@H]1C(=O)N[C@@H](CCC(=O)O)C(=O)N[C@@H](CCCCN)C(=O)N[C@@H](CC(N)=O)C(=O)N1CCC[C@H]1C(=O)N[C@@H](CCC(N)=O)C(=O)N[C@@H](CC(C)C)C(=O)N[C@@H](CCCNC(=N)N)C(=O)O)[C@@H](C)O,5.0,1,IC50,FASN,CHEMBL4158
CCc1c(F)n[nH]c1-c1cc(C(=O)N2CC(c3ccc(C#N)cc3)C2)c(C)cc1C,7.200659450546418,2,IC50,FASN,CHEMBL4158
CCc1cc(-c2cc(C(=O)N3CCC(c4ccc(C#N)cc4)CC3)c(C)cc2C2CCC2)n[nH]1,6.309803919971486,1,IC50,FASN,CHEMBL4158
CCc1cc(C)c(-c2nc3c([nH]2)COCC3)cc1C(=O)N1CCC(c2ccc(C#N)cc2)CC1,7.187086643357144,1,IC50,FASN,CHEMBL4158
CCc1cc(C)c(-c2nc3c([nH]2)COCC3C)cc1C(=O)N1CCC(c2ccc(C#N)cc2)CC1,6.585026652029182,1,IC50,FASN,CHEMBL4158
CCc1cc(C)c(-c2nnc(C(C)COC)[nH]2)cc1C(=O)N1CCC(c2ccc(C#N)cc2)CC1,6.356547323513812,1,IC50,FASN,CHEMBL4158
CCc1cc(C)c(-c2nnc(C3CCOC3)[nH]2)cc1C(=O)N1CCC(c2ccc(C#N)cc2)CC1,6.522878745280337,1,IC50,FASN,CHEMBL4158
CCc1cc(C)c(-c2nnc(CCOC)[nH]2)cc1C(=O)N1CCC(c2ccc(C#N)cc2)CC1,6.698970004336019,1,IC50,FASN,CHEMBL4158
CCc1cc(C)c(-c2nnc(COC)[nH]2)cc1C(=O)N1CCC(c2ccc(C#N)cc2)CC1,6.3979400086720375,1,IC50,FASN,CHEMBL4158
CCc1cc(C)c(-c2nnc(N3CCOCC3)[nH]2)cc1C(=O)N1CCC(c2ccc(C#N)cc2)CC1,6.080921907623926,1,IC50,FASN,CHEMBL4158
CCc1cc(C)c(C(=O)N2CCC(F)(c3ccc(C#N)cc3)CC2)cc1-c1nc2c([nH]1)CN(C(C)=O)CC2,7.522878745280337,1,IC50,FASN,CHEMBL4158
CCc1cc(C)c(C(=O)N2CCC(F)(c3ccc(C#N)cc3)CC2)cc1-c1nc2c([nH]1)COCC2,6.585026652029182,1,IC50,FASN,CHEMBL4158
CCc1cc(C)c(C(=O)N2CCC(F)(c3ccc(C#N)cc3)CC2)cc1-c1nnc(CCOC)[nH]1,6.7447274948966935,1,IC50,FASN,CHEMBL4158
CCc1cc(C)c(C(=O)N2CCC(F)(c3ccc(C#N)cc3)CC2)cc1-c1nnc(COC(C)C)[nH]1,6.376750709602099,1,IC50,FASN,CHEMBL4158
CCc1cc(C)c(C(=O)N2CCC(F)(c3ccc(C#N)cc3)CC2)cc1NC(=O)NC[C@H]1CCCO1,7.455931955649724,1,IC50,FASN,CHEMBL4158
CCc1cc(C)c(C(=O)N2CCC(F)(c3ccc(C#N)cc3)CC2)cc1NC(=O)N[C@@H]1CCOC1,6.309803919971486,1,IC50,FASN,CHEMBL4158
CCc1cc(C)c(C(=O)N2CCC(F)(c3ccc(C#N)cc3)CC2)cc1NC(=O)c1ccc(N(C)CCOC)nc1,7.346787486224656,1,IC50,FASN,CHEMBL4158
CCc1cc(C)c(C(=O)N2CCC(F)(c3ccc(C#N)cc3)CC2)cc1NC(=O)c1ccc(N2CCC2)nc1,7.096910013008056,1,IC50,FASN,CHEMBL4158
CCc1cc(C)c(C(=O)N2CCC(F)(c3ccc(C#N)cc3)CC2)cc1NC(=O)c1ccc(N2CCOCC2)nc1,7.6020599913279625,1,IC50,FASN,CHEMBL4158
CCc1cc(C)c(C(=O)N2CCC(F)(c3ccc(C#N)cc3)CC2)cc1NC(=O)c1ccc(NC(C)C)nc1,7.045757490560675,1,IC50,FASN,CHEMBL4158
CCc1cc(C)c(C(=O)N2CCC(F)(c3ccc(C#N)cn3)CC2)cc1NC(=O)c1ccc(N2CCC2)nc1,6.638272163982407,1,IC50,FASN,CHEMBL4158
CCc1cc(C)c(C(=O)N2CCC(F)(c3ccc(C#N)cn3)CC2)cc1NC(=O)c1ccc(N2CCOCC2)nc1,6.292429823902063,1,IC50,FASN,CHEMBL4158
CCc1cc(C)c(C(=O)N2CCC(F)(c3ccc(C#N)cn3)CC2)cc1NC(=O)c1cnc(N2CCOCC2)nc1,7.031517051446065,1,IC50,FASN,CHEMBL4158
CCc1cc(C)c(C(=O)N2CCC(c3ccc(C#N)cc3)CC2)cc1-c1nc2c([nH]1)CN(C(C)=O)CC2,7.455931955649724,1,IC50,FASN,CHEMBL4158
CCc1cc(C)c(C(=O)N2CCC(c3ccc(C#N)cc3)CC2)cc1-c1nc2c([nH]1)COCC2,6.8696662315049934,1,IC50,FASN,CHEMBL4158
CCc1cc(C)c(C(=O)N2CCC(c3ccc(C#N)cc3)CC2)cc1-c1nnc(C2CCOC2)[nH]1,6.522878745280337,1,IC50,FASN,CHEMBL4158
CCc1cc(C)c(C(=O)N2CCC(c3ccc(C#N)cc3)CC2)cc1-c1nnc(CCOC)[nH]1,6.6020599913279625,1,IC50,FASN,CHEMBL4158
CCc1cc(C)c(NC(=O)NC2CCCOC2)cc1C(=O)N1CCC(F)(c2ccc(C#N)cc2)CC1,7.0,1,IC50,FASN,CHEMBL4158
CCc1cc(C)c(NC(=O)NC[C@H]2CCCO2)cc1C(=O)N1CCC(F)(c2ccc(C#N)cc2)CC1,7.045757490560675,1,IC50,FASN,CHEMBL4158
CCc1cc(C)c(NC(=O)O[C@@H]2CCOC2)cc1C(=O)N1CCC(F)(c2ccc(C#N)cc2)CC1,6.6020599913279625,1,IC50,FASN,CHEMBL4158
CCc1cc(C)c(NC(=O)O[C@H]2CCOC2)cc1C(=O)N1CCC(F)(c2ccc(C#N)cc2)CC1,6.853871964321762,1,IC50,FASN,CHEMBL4158
CCc1cc(C)c(NC(=O)c2ccc(N(C)CCOC)nc2)cc1C(=O)N1CCC(F)(c2ccc(C#N)cc2)CC1,7.070581074285707,1,IC50,FASN,CHEMBL4158
CCc1cc(C)c(NC(=O)c2ccc(NC(C)C)nc2)cc1C(=O)N1CCC(F)(c2ccc(C#N)cc2)CC1,6.769551078621726,1,IC50,FASN,CHEMBL4158
CCc1cc(C2CC2)c(-c2nc3c([nH]2)CN(C(=O)OC)CC3)cc1C(=O)N1CCC(c2ccc(C#N)cc2)CC1,7.455931955649724,1,IC50,FASN,CHEMBL4158
CCc1cc(C2CC2)c(-c2nc3c([nH]2)CN(C)CC3)cc1C(=O)N1CCC(c2ccc(C#N)cc2)CC1,7.455931955649724,1,IC50,FASN,CHEMBL4158
CCc1cc(C2CC2)c(-c2nc3c([nH]2)COCC3)cc1C(=O)N1CCC(c2ccc(C#N)cc2)CC1,7.113509274827518,1,IC50,FASN,CHEMBL4158
CCc1cc(C2CC2)c(-c2nnc(CCOC)[nH]2)cc1C(=O)N1CCC(c2ccc(C#N)cc2)CC1,6.838631997765026,1,IC50,FASN,CHEMBL4158
CCc1cc(C2CC2)c(-c2nnc(COC)[nH]2)cc1C(=O)N1CCC(c2ccc(C#N)cc2)CC1,6.769551078621726,1,IC50,FASN,CHEMBL4158
CCc1cc(C2CC2)c(-c2nnc(OC)[nH]2)cc1C(=O)N1CC(F)(c2ccc(C#N)cc2)C1,6.920818753952375,2,IC50,FASN,CHEMBL4158
CCc1cc(C2CC2)c(-c2nnc(OC)[nH]2)cc1C(=O)N1CC(c2ccc(C#N)cc2)C1,6.978810700930062,2,IC50,FASN,CHEMBL4158
CCc1cc(C2CC2)c(-c2nnc(OC)[nH]2)cc1C(=O)N1CCC(F)(c2ccc(C#N)cc2)CC1,7.259637310505756,1,IC50,FASN,CHEMBL4158
CCc1cc(C2CC2)c(-c2nnc(OC)[nH]2)cc1C(=O)N1CCC(c2ccc(C#N)cc2)CC1,7.045757490560675,1,IC50,FASN,CHEMBL4158
CCc1cc(C2CCC2)c(-c2nnc(CCOC)[nH]2)cc1C(=O)N1CCC(F)(c2ccc(C#N)cc2)CC1,7.187086643357144,1,IC50,FASN,CHEMBL4158
CCc1cc(C2CCC2)c(-c2nnc(CCOC)[nH]2)cc1C(=O)N1CCC(c2ccc(C#N)cc2)CC1,7.154901959985743,1,IC50,FASN,CHEMBL4158
CCc1cc(C2CCC2)c(-c2nnc(COC)[nH]2)cc1C(=O)N1CCC(F)(c2ccc(C#N)cc2)CC1,7.070581074285707,1,IC50,FASN,CHEMBL4158
CCc1cc(C2CCC2)c(-c2nnc(COC)[nH]2)cc1C(=O)N1CCC(c2ccc(C#N)cc2)CC1,7.096910013008056,1,IC50,FASN,CHEMBL4158
CCc1cc(C2CCC2)c(-c2nnc(OC)[nH]2)cc1C(=O)N1CCC(F)(c2ccc(C#N)cc2)CC1,7.0,1,IC50,FASN,CHEMBL4158
CCc1cc(C2CCC2)c(-c2nnc(OC)[nH]2)cc1C(=O)N1CCC(c2ccc(C#N)cc2)CC1,7.045757490560675,1,IC50,FASN,CHEMBL4158
CCc1cc(CC)c(-c2nc3c([nH]2)CN(C(C)=O)CC3)cc1C(=O)N1CCC(c2ccc(C#N)cc2)CC1,7.3979400086720375,1,IC50,FASN,CHEMBL4158
CCc1cc(CC)c(-c2nc3c([nH]2)COCC3)cc1C(=O)N1CCC(F)(c2ccc(C#N)cc2)CC1,7.301029995663981,1,IC50,FASN,CHEMBL4158
CCc1cc(CC)c(-c2nnc(C3CCOC3)[nH]2)cc1C(=O)N1CCC(c2ccc(C#N)cc2)CC1,6.508638306165727,1,IC50,FASN,CHEMBL4158
CCc1cc(CC)c(-c2nnc(CCOC)[nH]2)cc1C(=O)N1CCC(c2ccc(C#N)cc2)CC1,6.978810700930062,1,IC50,FASN,CHEMBL4158
CCc1cc(CC)c(-c2nnc(OC)[nH]2)cc1C(=O)N1CCC(c2ccc(C#N)cc2)CC1,7.0,1,IC50,FASN,CHEMBL4158
CCc1cc(Cl)c(-c2nc3c([nH]2)CN(C(C)=O)CC3)cc1C(=O)N1CCC(c2ccc(C#N)cc2)CC1,6.958607314841775,1,IC50,FASN,CHEMBL4158
CCc1cc(Cl)c(-c2nc3c([nH]2)COCC3)cc1C(=O)N1CCC(F)(c2ccc(C#N)cc2)CC1,6.638272163982407,1,IC50,FASN,CHEMBL4158
CCc1cc(Cl)c(-c2nnc(C3CCOC3)[nH]2)cc1C(=O)N1CCC(c2ccc(C#N)cc2)CC1,5.899629454882437,1,IC50,FASN,CHEMBL4158
CCc1cc(Cl)c(-c2nnc(CCOC)[nH]2)cc1C(=O)N1CCC(c2ccc(C#N)cc2)CC1,6.255707016877324,1,IC50,FASN,CHEMBL4158
CCc1cc(Cl)c(NC(=O)NC[C@H]2CCCO2)cc1C(=O)N1CCC(F)(c2ccc(C#N)cc2)CC1,6.853871964321762,1,IC50,FASN,CHEMBL4158
CCc1cc(Cl)c(NC(=O)NC[C@H]2CCCO2)cc1C(=O)N1CCC(F)(c2ccc(F)cc2)CC1,4.903785414653595,1,IC50,FASN,CHEMBL4158
CCc1cc(F)c(-c2nc3c([nH]2)COCC3)cc1C(=O)N1CCC(F)(c2ccc(C#N)cc2)CC1,5.94692155651658,1,IC50,FASN,CHEMBL4158
CCc1cc(F)c(C(=O)N2CCC(c3ccc(C#N)cc3)CC2)cc1-c1nnc(CCOC)[nH]1,5.08460016478773,1,IC50,FASN,CHEMBL4158
CCc1ccc(C(=O)N2CC(c3ccc(C#N)cc3)C2)cc1-c1[nH]nc(OCCO)c1C,7.795880017344075,1,IC50,FASN,CHEMBL4158
CCc1ccc(C(=O)N2CCC(F)(c3ccc(C#N)cc3)CC2)cc1NC(=O)NC1CCOC1,7.455931955649724,1,IC50,FASN,CHEMBL4158
CCc1ccc(C(=O)N2CCC(F)(c3ccc(C#N)cc3)CC2)cc1NC(=O)c1ccc(N2CCC2)nc1,7.455931955649724,1,IC50,FASN,CHEMBL4158
CCc1ccc(C(=O)N2CCC(c3ccc(C#N)cc3)CC2)cc1-c1[nH]c(COC)nc1C,7.522878745280337,2,IC50,FASN,CHEMBL4158
CCc1cnc(-c2cc(C(=O)N3CCC(c4ccc(C#N)cc4)CC3)c(C)cc2C2CCC2)[nH]1,7.698970004336019,1,IC50,FASN,CHEMBL4158
CCc1nc(C(F)(F)F)[nH]c1-c1cc(C(=O)N2CC(c3ccc(C#N)cc3)C2)ccc1C,7.6777807052660805,2,IC50,FASN,CHEMBL4158
CCc1nc(COC)[nH]c1-c1cc(C(=O)N2CCC(c3ccc(C#N)cc3)CC2)ccc1C,7.346787486224656,2,IC50,FASN,CHEMBL4158
CCc1ncc(-c2cc(C(=O)N3CCC(c4ccc(C#N)cc4)CC3)c(C)cc2C2CCC2)[nH]1,7.522878745280337,1,IC50,FASN,CHEMBL4158
CCc1nnc(-c2cc(C(=O)N3CCC(F)(c4ccc(C#N)cc4)CC3)c(C)cc2C2CCC2)[nH]1,7.3979400086720375,1,IC50,FASN,CHEMBL4158
CCc1nnc(-c2cc(C(=O)N3CCC(F)(c4ccc(C#N)cc4)CC3)c(CC)cc2C2CCC2)[nH]1,7.259637310505756,1,IC50,FASN,CHEMBL4158
CCc1nnc(-c2cc(C(=O)N3CCC(F)(c4ccc(C#N)cc4)CC3)ccc2C2CCC2)[nH]1,7.221848749616356,1,IC50,FASN,CHEMBL4158
CCc1nnc(-c2cc(C(=O)N3CCC(c4ccc(C#N)cc4)CC3)c(C)cc2C2CC(F)(F)C2)[nH]1,6.522878745280337,1,IC50,FASN,CHEMBL4158
CCc1nnc(-c2cc(C(=O)N3CCC(c4ccc(C#N)cc4)CC3)c(C)cc2C2CCC2)[nH]1,7.041773025725037,2,IC50,FASN,CHEMBL4158
CCc1nnc(-c2cc(C(=O)N3CCC(c4ccc(C#N)cc4)CC3)c(C)cc2C2CCC2)o1,4.508778423760717,1,IC50,FASN,CHEMBL4158
CCc1nnc(-c2cc(C(=O)N3CCC(c4ccc(C#N)cc4)CC3)c(C)cc2CC2CCC2)[nH]1,6.568636235841012,1,IC50,FASN,CHEMBL4158
CCc1nnc(-c2cc(C(=O)N3CCC(c4ccc(C#N)cc4)CC3)c(C)cc2SC)[nH]1,5.876148359032914,1,IC50,FASN,CHEMBL4158
CCc1nnc(-c2cc(C(=O)N3CCC(c4ccc(C#N)cc4)CC3)ccc2C)[nH]1,5.648783654660658,1,IC50,FASN,CHEMBL4158
CCc1nnc(-c2cc(C(=O)N3CCC(c4ccc(C#N)cc4)CC3)ccc2C2CCC2)[nH]1,7.045757490560675,1,IC50,FASN,CHEMBL4158
CCc1nnc(-c2cc(C(=O)N3CCC(c4ccc(C#N)cc4)CC3C)c(C)cc2C2CCC2)[nH]1,5.2225731776106885,1,IC50,FASN,CHEMBL4158
CCc1nnc(-c2cc(C(=O)N3CCC(c4ccc(C#N)cc4)CC3C)c(CC)cc2C2CCC2)[nH]1,6.939302159646388,1,IC50,FASN,CHEMBL4158
CCc1nnc(Nc2cc(C(=O)N3CCC(c4ccc(C#N)cc4)CC3)ccc2C)[nH]1,5.488116639021126,1,IC50,FASN,CHEMBL4158
CCc1nnc(Nc2cc(C(=O)N3CCC(c4ccc(C#N)cc4)CC3)ccc2C)o1,5.997833938243492,1,IC50,FASN,CHEMBL4158
CN(C(=O)[C@@H]1CC[C@H](NC(=O)C(F)F)C1)c1ccc(-c2nc3ccccc3o2)cc1,6.568636235841012,1,IC50,FASN,CHEMBL4158
CN(C(=O)c1ccc(-c2nc3ccc(Cl)cc3o2)nn1)[C@@H]1CC[C@H](NC(=O)[C@@H]2CCCO2)C1,5.756961951313706,1,IC50,FASN,CHEMBL4158
CN(C(=O)c1ccc(-c2nc3cccc(F)c3o2)cc1)[C@@H]1CC[C@H](NC(=O)C2CC2)C1,5.756961951313706,1,IC50,FASN,CHEMBL4158
CN(C(=O)c1ccc(-c2nc3ccccc3o2)cc1)C1CC[C@H](NC(=O)C[C@@H]2CCC(=O)N2)C1,4.576754126063192,1,IC50,FASN,CHEMBL4158
CN(C(=O)c1ccc(-c2nc3ccccc3o2)cc1)[C@@H]1CC[C@@H](NC(=O)Cc2ccccc2)C1,4.576754126063192,1,IC50,FASN,CHEMBL4158
CN(C(=O)c1ccc(-c2nc3ccccc3o2)cc1)[C@@H]1CC[C@H](NC(=O)C(F)(F)C(F)(F)F)C1,5.756961951313706,1,IC50,FASN,CHEMBL4158
CN(C(=O)c1ccc(-c2nc3ccccc3o2)cc1)[C@@H]1CC[C@H](NC(=O)c2ccccc2)C1,5.756961951313706,1,IC50,FASN,CHEMBL4158
CN(C(=O)c1ccc(-c2nc3ccccc3o2)cc1)[C@@H]1CC[C@H](NC(=O)c2ccncc2)C1,5.756961951313706,1,IC50,FASN,CHEMBL4158
CN(C(=O)c1ncc(-c2nc3ccc(Cl)cc3o2)cn1)[C@@H]1CC[C@H](NC(=O)[C@@H]2CCCO2)C1,5.756961951313706,1,IC50,FASN,CHEMBL4158
CN(C)C(=O)N[C@H]1CC[C@@H](C(=O)N(C)c2ccc(-c3nc4ccccc4o3)cc2)C1,6.552841968657781,1,IC50,FASN,CHEMBL4158
CN(C)CC(=O)N[C@H]1CC[C@@H](N(C)C(=O)c2ccc(-c3nc4ccccc4o3)cc2)C1,5.756961951313706,1,IC50,FASN,CHEMBL4158
CN(C)CCCCCC(=O)N[C@H]1CC[C@@H](C(=O)N(C)c2ccc(-c3ccccc3)cc2)C1,6.0,2,IC50,FASN,CHEMBL4158
CN(C)CCCCCC(=O)N[C@H]1CC[C@@H](C(=O)N(C)c2ccc(-c3nc4ccccc4[nH]3)cc2)C1,6.227965977824862,2,IC50,FASN,CHEMBL4158
CN(C)CCCCCC(=O)N[C@H]1CC[C@@H](C(=O)N(C)c2ccc(-c3nc4ccccc4n3C)cc2)C1,5.9604093769761874,2,IC50,FASN,CHEMBL4158
CN(C)CCCCCC(=O)N[C@H]1CC[C@@H](C(=O)N(C)c2ccc(-c3nc4ccccc4o3)cc2)C1,6.236572006437063,1,IC50,FASN,CHEMBL4158
CN(C)CCCCCNC(=O)N[C@H]1CC[C@@H](C(=O)N(C)c2ccc(-c3nc4ccccc4o3)cc2)C1,6.301029995663981,1,IC50,FASN,CHEMBL4158
CN(C)Cc1ccc(-c2ccc(-n3c(C[C@@H]4CCN(C(=O)C5CC5)C4)n[nH]c3=O)cc2)cc1,6.698970004336019,1,IC50,FASN,CHEMBL4158
CN(C[C@@H]1CCN(C(=O)C2CC2)C1)C(=O)c1ccc(-c2ccc3[nH]ccc3c2)cc1F,7.698970004336019,1,IC50,FASN,CHEMBL4158
CN1CCc2nc(-c3cc(C(=O)N4CCC(F)(c5ccc(C#N)cc5)CC4)ccc3C3CCC3)[nH]c2C1,7.301029995663981,1,IC50,FASN,CHEMBL4158
CN1CCc2nc(-c3cc(C(=O)N4CCC(F)(c5ccc(C#N)cc5)CC4)ccc3C3CCC3)[nH]c2CC1,7.301029995663981,1,IC50,FASN,CHEMBL4158
CN1CCc2nc(-c3cc(C(=O)N4CCC(c5ccc(C#N)cc5)CC4)ccc3C3CCC3)[nH]c2C1,7.698970004336019,1,IC50,FASN,CHEMBL4158
CN1CCc2nc(-c3cc(C(=O)N4CCC(c5ccc(C#N)cc5)CC4)ccc3C3CCC3)[nH]c2CC1,6.958607314841775,1,IC50,FASN,CHEMBL4158
CNC(=O)C1CCc2nc(-c3cc(C(=O)N4CCC(c5ccc(C#N)cc5)CC4)c(C)cc3C)[nH]c2C1,7.3979400086720375,1,IC50,FASN,CHEMBL4158
CNC(=O)C1Cc2nc(-c3cc(C(=O)N4CCC(c5ccc(C#N)cc5)CC4)c(C)cc3C)[nH]c2C1,6.585026652029182,1,IC50,FASN,CHEMBL4158
CNC(=O)c1cc(C(=O)N2CCC(c3ccc(-n4cccn4)cc3)CC2)c(C)cc1C1CCC1,6.337242168318426,2,IC50,FASN,CHEMBL4158
CNC(=O)c1cc(C(=O)N2CCC(c3ccc(-n4cnnc4)cc3)CC2)c(C)cc1C1CCC1,7.136677139879544,2,IC50,FASN,CHEMBL4158
CNC(=O)c1cc(C(=O)N2CCC(c3ccc(C#N)cc3)CC2)c(C)cc1C1CCC1,7.045757490560675,1,IC50,FASN,CHEMBL4158
CNC(=O)c1cc(C(=O)N2CCC(c3ccc4[nH]ncc4c3)CC2)c(C)cc1C1CCC1,6.187086643357144,2,IC50,FASN,CHEMBL4158
CNC(=O)c1cc(C(=O)N2CCC(c3ccc4ccoc4c3)CC2)c(C)cc1C1CCC1,5.928117992693874,2,IC50,FASN,CHEMBL4158
CNC(=O)c1cc(C(=O)N2CCC(c3ccc4nccn4c3)CC2)c(C)cc1C1CCC1,4.957818405484233,2,IC50,FASN,CHEMBL4158
CNC(=O)c1cc(C(=O)N2CCC(c3cccc4ccoc34)CC2)c(C)cc1C1CCC1,4.301029995663981,2,IC50,FASN,CHEMBL4158
CNC(=O)c1cc(C(=O)N2CCC(c3ccn4ccnc4c3)CC2)c(C)cc1C1CCC1,4.301029995663981,2,IC50,FASN,CHEMBL4158
CNC(=O)c1cc(C(=O)N2CCC(c3ccn4cncc4c3)CC2)c(C)cc1C1CCC1,6.376750709602099,2,IC50,FASN,CHEMBL4158
CNC(=O)c1cc(C(=O)N2CCC(c3ccn4nccc4c3)CC2)c(C)cc1C1CCC1,5.809668301829708,2,IC50,FASN,CHEMBL4158
CNC(=O)c1nc(C)[nH]c1-c1cc(C(=O)N2CC(c3ccc(C#N)cc3)C2)ccc1C,6.086186147616283,2,IC50,FASN,CHEMBL4158
CNC(=O)c1nnc(-c2cc(C(=O)N3CCC(c4ccc(C#N)cc4)CC3)c(C)cc2C)[nH]1,5.876148359032914,1,IC50,FASN,CHEMBL4158
COC(=O)Cc1nnc(-c2cc(C(=O)N3CCC(c4ccc(C#N)cc4)CC3)c(C)cc2C2CCC2)[nH]1,7.086186147616283,2,IC50,FASN,CHEMBL4158
COC(=O)N1CC(c2nc(C)c(-c3cc(C(=O)N4CC(c5ccc(C#N)cc5)C4)ccc3C)[nH]2)C1,8.096910013008056,2,IC50,FASN,CHEMBL4158
COC(=O)N1CC2(C1)N=C(c1ccc(-c3ccc4c(cnn4C)c3)cc1)N(C[C@@H]1CCN(C(=O)C3CC3)C1)C2=O,6.522878745280337,1,IC50,FASN,CHEMBL4158
COC(=O)N1CCC(C)(c2nc(C)c(-c3cc(C(=O)N4CC(F)(c5ccc(C#N)cc5)C4)ccc3C)[nH]2)CC1,7.180456064458131,2,IC50,FASN,CHEMBL4158
COC(=O)N1CCC(C)(c2nc(C)c(-c3cc(C(=O)N4CC(c5ccc(C#N)cc5)C4)ccc3C)[nH]2)CC1,7.481486060122112,2,IC50,FASN,CHEMBL4158
COC(=O)N1CCC(C)(c2nc(Cl)c(-c3cc(C(=O)N4CC(c5ccc(C#N)cc5)C4)ccc3C)[nH]2)CC1,7.853871964321762,2,IC50,FASN,CHEMBL4158
COC(=O)N1CCC(O)(c2nc(C)c(-c3cc(C(=O)N4CC(c5ccc(C#N)cc5)C4)ccc3C)[nH]2)CC1,7.619788758288394,2,IC50,FASN,CHEMBL4158
COC(=O)N1CCC(OC)(c2nc(C)c(-c3cc(C(=O)N4CC(c5ccc(C#N)cc5)C4)ccc3C)[nH]2)CC1,7.455931955649724,2,IC50,FASN,CHEMBL4158
COC(=O)N1CCC(c2nc(C(F)(F)F)c(-c3cc(C(=O)N4CC(c5ccc(C#N)cc5)C4)ccc3C)[nH]2)CC1,7.698970004336019,2,IC50,FASN,CHEMBL4158
COC(=O)N1CCC(c2nc(C)c(-c3cc(C(=O)N4CC(c5ccc(C#N)cc5)C4)ccc3C)[nH]2)CC1,8.045757490560675,2,IC50,FASN,CHEMBL4158
COC(=O)N1CCc2nc(-c3cc(C(=O)N4CCC(F)(c5ccc(C#N)cc5)CC4)c(C)cc3C3CCC3)[nH]c2C1,8.0,1,IC50,FASN,CHEMBL4158
COC(=O)N1CCc2nc(-c3cc(C(=O)N4CCC(F)(c5ccc(C#N)cc5)CC4)ccc3C3CCC3)[nH]c2C1,7.698970004336019,1,IC50,FASN,CHEMBL4158
COC(=O)N1CCc2nc(-c3cc(C(=O)N4CCC(c5ccc(C#N)cc5)CC4)c(C)cc3C)[nH]c2C1,7.522878745280337,1,IC50,FASN,CHEMBL4158
COC(=O)N1CCc2nc(-c3cc(C(=O)N4CCC(c5ccc(C#N)cc5)CC4)c(C)cc3C)[nH]c2C1C,7.113509274827518,1,IC50,FASN,CHEMBL4158
COC(=O)N1CCc2nc(-c3cc(C(=O)N4CCC(c5ccc(C#N)cc5)CC4)c(C)cc3C)[nH]c2CC1,7.455931955649724,1,IC50,FASN,CHEMBL4158
COC(=O)N1CCc2nc(-c3cc(C(=O)N4CCC(c5ccc(C#N)cc5)CC4)c(C)cc3C3CC3)[nH]c2C1,7.346787486224656,1,IC50,FASN,CHEMBL4158
COC(=O)N1CCc2nc(-c3cc(C(=O)N4CCC(c5ccc(C#N)cc5)CC4)c(C)cc3C3CCC3)[nH]c2C1,7.698970004336019,1,IC50,FASN,CHEMBL4158
COC(=O)N1CCc2nc(-c3cc(C(=O)N4CCC(c5ccc(C#N)cc5)CC4)ccc3C)[nH]c2C1,7.455931955649724,1,IC50,FASN,CHEMBL4158
COC(=O)N1CCc2nc(-c3cc(C(=O)N4CCC(c5ccc(C#N)cc5)CC4)ccc3C3CC3)[nH]c2C1,7.698970004336019,1,IC50,FASN,CHEMBL4158
COC(=O)N1CCc2nc(-c3cc(C(=O)N4CCC(c5ccc(C#N)cc5)CC4)ccc3C3CCC3)[nH]c2C1,8.0,1,IC50,FASN,CHEMBL4158
COC(=O)N1Cc2[nH]c(-c3cc(C(=O)N4CCC(c5ccc(C#N)cc5)CC4)c(C)cc3C)nc2CC1C,7.154901959985743,1,IC50,FASN,CHEMBL4158
COC(=O)[C@H](CC(=O)N[C@H]1CC[C@@H](N(C)C(=O)c2ccc(-c3nc4ccccc4o3)cc2)C1)NC(C)=O,5.756961951313706,1,IC50,FASN,CHEMBL4158
COC1(c2nc(C#N)c(-c3cc(C(=O)N4CC(c5ccc(C#N)cc5)C4)ccc3C)[nH]2)CCOCC1,7.2839966563652006,2,IC50,FASN,CHEMBL4158
COC1(c2nc(C)c(-c3cc(C(=O)N4CC(c5ccc(C#N)cc5)C4)ccc3C)[nH]2)CCCOC1,7.823908740944319,1,IC50,FASN,CHEMBL4158
COC1(c2nc(C)c(-c3cc(C(=O)N4CC(c5ccc(C#N)cc5)C4)ccc3C)[nH]2)CCOCC1,7.823908740944319,1,IC50,FASN,CHEMBL4158
COC1(c2nc(C)c(-c3cc(C(=O)N4CC(c5ccc(C#N)cc5)C4)ccc3C)[nH]2)COC1,7.6020599913279625,2,IC50,FASN,CHEMBL4158
COC1CCC(c2nc(C)c(-c3cc(C(=O)N4CC(c5ccc(C#N)cc5)C4)ccc3C)[nH]2)CC1,7.602407705158788,4,IC50,FASN,CHEMBL4158
COC1CCN(c2ccc(C(=O)N3CC(c4ccc(C#N)cc4)C3)cc2-c2[nH]c(C)nc2C)C1,7.3979400086720375,2,IC50,FASN,CHEMBL4158
COC1CCc2nc(-c3cc(C(=O)N4CCC(c5ccc(C#N)cc5)CC4)c(C)cc3C)[nH]c2C1,6.508638306165727,1,IC50,FASN,CHEMBL4158
COC1Cc2nc(-c3cc(C(=O)N4CCC(c5ccc(C#N)cc5)CC4)c(C)cc3C)[nH]c2C1,6.978810700930062,1,IC50,FASN,CHEMBL4158
COCC(=O)N[C@H]1CC[C@@H](C(=O)N(C)c2ccc(-c3nc4ccccc4o3)cc2)C1,6.170994301671444,2,IC50,FASN,CHEMBL4158
COCC1(C)N=C(c2ccc(-c3ccc4c(cnn4C)c3)cc2)N(C[C@@H]2CCN(C(=O)C3CC3)C2)C1=O,6.309803919971486,3,IC50,FASN,CHEMBL4158
COCC1(C)N=C(c2ccc(-c3ccc4occc4c3)cc2)N(C[C@@H]2CCN(C(=O)C3CC3)C2)C1=O,6.619788758288394,2,IC50,FASN,CHEMBL4158
COCCCOc1ccnc(C[S+]([O-])c2nc3ccccc3[nH]2)c1C,4.756572322361528,2,"Ki,IC50",FASN,CHEMBL4158
COCCN(C)C(=O)Nc1cc(C(=O)N2CCC(F)(c3ccc(C#N)cc3)CC2)ccc1C,5.052076380168273,1,IC50,FASN,CHEMBL4158
COCCN(C)c1cc2nc(-c3cc(C(=O)N4CCC(c5ccc(C#N)cc5)CC4)c(C)cc3C)[nH]c2cn1,7.22921037802671,2,IC50,FASN,CHEMBL4158
COCCN(C)c1ccc(C(=O)Nc2cc(C(=O)N3CCC(F)(c4ccc(C#N)cc4)CC3)c(C)cc2C)cn1,6.7447274948966935,1,IC50,FASN,CHEMBL4158
COCCN(C)c1ccc(C(=O)Nc2cc(C(=O)N3CCC4(CC3)OCc3cc(C#N)ccc34)ccc2C)cn1,6.978810700930062,1,IC50,FASN,CHEMBL4158
COCCN(C)c1nnc(-c2cc(C(=O)N3CCC(c4ccc(C#N)cc4)CC3)c(C)cc2C)[nH]1,5.1432711096171175,1,IC50,FASN,CHEMBL4158
COCCNC(=O)Nc1cc(-c2nnc3n2CCC(c2ccc(C#N)cc2)C3)ccc1C,5.446116973356125,1,IC50,FASN,CHEMBL4158
COCCNC(=O)Nc1cc(C(=O)N2CCC(F)(c3ccc(C#N)cc3)CC2)ccc1C,7.346787486224656,1,IC50,FASN,CHEMBL4158
COCCNC(=O)Nc1cc(C(=O)N2CCC(c3ccc(C#N)cc3)CC2)cnc1C,5.5934598195660445,1,IC50,FASN,CHEMBL4158
COCCNC(=O)Nc1cc(C(=O)N2CCC3(CC2)OCc2cc(C#N)ccc23)ccc1C,6.42021640338319,1,IC50,FASN,CHEMBL4158
COCCNC(=O)c1cc(C(=O)N2CCC(c3ccc(C#N)cc3)CC2)c(C)cc1C1CCC1,6.3872161432802645,1,IC50,FASN,CHEMBL4158
COCCNc1ccc(C(=O)Nc2cc(C(=O)N3CCC4(CC3)OCc3cc(C#N)ccc34)ccc2C)cn1,6.552841968657781,1,IC50,FASN,CHEMBL4158
COCCOc1n[nH]c(-c2cc(C(=O)N3CC(c4ccc(C#N)cc4)C3)c(C)cc2C)c1C,4.301029995663981,2,IC50,FASN,CHEMBL4158
COCCOc1n[nH]c(-c2cc(C(=O)N3CC(c4ccc(C#N)cc4)C3)ccc2C)c1C,7.823908740944319,1,IC50,FASN,CHEMBL4158
COCCOc1nnc(-c2cc(C(=O)N3CCC(c4ccc(C#N)cc4)CC3)c(C)cc2C)[nH]1,6.494850021680094,1,IC50,FASN,CHEMBL4158
COCCOc1nnc(-c2cc(C(=O)N3CCC(c4ccc(C#N)cc4)CC3)c(C)cc2C2CCC2)[nH]1,7.346787486224656,2,IC50,FASN,CHEMBL4158
COCCc1n[nH]c(-c2cc(C(=O)N3CC(c4ccc(C#N)cc4)C3)c(C)cc2C)c1C,7.107905397309519,2,IC50,FASN,CHEMBL4158
COCCc1n[nH]c(-c2cc(C(=O)N3CC(c4ccc(C#N)cc4)C3)c(C)cc2C)c1Cl,7.251811972993799,2,IC50,FASN,CHEMBL4158
COCCc1nc(C(F)(F)F)c(-c2cc(C(=O)N3CC(c4ccc(C#N)cc4)C3)ccc2C)[nH]1,7.958607314841775,2,IC50,FASN,CHEMBL4158
COCCc1nc(Cl)c(-c2cc(C(=O)N3CC(c4ccc(C#N)cc4)C3)ccc2C)[nH]1,7.886056647693163,2,IC50,FASN,CHEMBL4158
COCCc1ncc(-c2cc(C(=O)N3CCC(F)(c4ccc(C#N)cc4)CC3)c(C)cc2C2CCC2)[nH]1,7.096910013008056,1,IC50,FASN,CHEMBL4158
COCCc1ncc(-c2cc(C(=O)N3CCC(F)(c4ccc(C#N)cc4)CC3)ccc2C2CCC2)[nH]1,6.920818753952375,1,IC50,FASN,CHEMBL4158
COCCc1ncc(-c2cc(C(=O)N3CCC(c4ccc(C#N)cc4)CC3)c(C)cc2C2CCC2)[nH]1,7.0,1,IC50,FASN,CHEMBL4158
COCCc1ncc(-c2cc(C(=O)N3CCC(c4ccc(C#N)cc4)CC3)ccc2C2CCC2)[nH]1,6.657577319177793,1,IC50,FASN,CHEMBL4158
COCCc1nnc(-c2cc(C(=O)N3CC(F)(c4ccc(C#N)cc4)C3)c(C)cc2C2CCC2)[nH]1,7.2441251443275085,2,IC50,FASN,CHEMBL4158
COCCc1nnc(-c2cc(C(=O)N3CC(c4ccc(C#N)cc4)C3)c(C)cc2C2CCC2)[nH]1,7.267606240177031,2,IC50,FASN,CHEMBL4158
COCCc1nnc(-c2cc(C(=O)N3CCC(F)(c4ccc(C#N)cc4)CC3)c(C)cc2C2CCC2)[nH]1,7.522878745280337,1,IC50,FASN,CHEMBL4158
COCCc1nnc(-c2cc(C(=O)N3CCC(F)(c4ccc(C#N)cc4)CC3)ccc2C2CCC2)[nH]1,7.154901959985743,1,IC50,FASN,CHEMBL4158
COCCc1nnc(-c2cc(C(=O)N3CCC(c4ccc(C#N)cc4)CC3)c(C)cc2C(C)C)[nH]1,6.151810883008601,1,IC50,FASN,CHEMBL4158
COCCc1nnc(-c2cc(C(=O)N3CCC(c4ccc(C#N)cc4)CC3)c(C)cc2C)[nH]1,6.657577319177793,1,IC50,FASN,CHEMBL4158
COCCc1nnc(-c2cc(C(=O)N3CCC(c4ccc(C#N)cc4)CC3)c(C)cc2C2CC2)[nH]1,6.853871964321762,1,IC50,FASN,CHEMBL4158
COCCc1nnc(-c2cc(C(=O)N3CCC(c4ccc(C#N)cc4)CC3)c(C)cc2C2CCC2)[nH]1,7.259637310505756,1,IC50,FASN,CHEMBL4158
COCCc1nnc(-c2cc(C(=O)N3CCC(c4ccc(C#N)cc4)CC3)c(C)cc2Cl)[nH]1,5.675717544702307,1,IC50,FASN,CHEMBL4158
COCCc1nnc(-c2cc(C(=O)N3CCC(c4ccc(C#N)cc4)CC3)ccc2C(C)C)[nH]1,4.869023308394383,1,IC50,FASN,CHEMBL4158
COCCc1nnc(-c2cc(C(=O)N3CCC(c4ccc(C(F)(F)F)cc4)CC3)c(C)cc2C2CCC2)[nH]1,7.045757490560675,1,IC50,FASN,CHEMBL4158
COCc1[nH]c(-c2cc(C(=O)N3CCC(F)(c4ccc(C#N)cc4)CC3)c(C)cc2C2CCC2)nc1C,7.221848749616356,1,IC50,FASN,CHEMBL4158
COCc1c(C)n[nH]c1-c1cc(C(=O)N2CC(c3ccc(C#N)cc3)C2)c(C)cc1C,7.060480747381382,2,IC50,FASN,CHEMBL4158
COCc1ccc(C(=O)N2CCC(c3ccc(C#N)cc3)CC2)cc1-c1[nH]c(C)nc1C,6.782516055786093,2,IC50,FASN,CHEMBL4158
COCc1cnc(-c2cc(C(=O)N3CCC(F)(c4ccc(C#N)cc4)CC3)c(C)cc2C2CCC2)[nH]1,7.698970004336019,1,IC50,FASN,CHEMBL4158
COCc1cnc(-c2cc(C(=O)N3CCC(c4ccc(C#N)cc4)CC3)c(C)cc2C2CCC2)[nH]1,7.301029995663981,1,IC50,FASN,CHEMBL4158
COCc1n[nH]c(-c2cc(C(=O)N3CC(c4ccc(C#N)cc4)C3)c(C)cc2C)c1C,7.229147988357855,2,IC50,FASN,CHEMBL4158
COCc1n[nH]c(-c2cc(C(=O)N3CC(c4ccc(C#N)cc4)C3)c(C)cc2C)c1Cl,7.142667503568731,2,IC50,FASN,CHEMBL4158
COCc1nc(C(F)(F)F)[nH]c1-c1cc(C(=O)N2CC(c3ccc(C#N)cc3)C2)c(C)cc1C,7.7447274948966935,1,IC50,FASN,CHEMBL4158
COCc1nc(C(F)(F)F)[nH]c1-c1cc(C(=O)N2CC(c3ccc(C#N)cc3)C2)ccc1C,7.3979400086720375,2,IC50,FASN,CHEMBL4158
COCc1nc(C(F)(F)F)c(-c2cc(C(=O)N3CC(c4ccc(C#N)cc4)C3)ccc2C)[nH]1,7.920818753952375,2,IC50,FASN,CHEMBL4158
COCc1nc(C)c(-c2cc(C(=O)N3CCC(c4ccc(C#N)cc4)CC3)c(C)cc2C)[nH]1,7.3872161432802645,2,IC50,FASN,CHEMBL4158
COCc1nc(C)c(-c2cc(C(=O)N3CCC(c4ccc(C#N)cc4)CC3)ccc2C)[nH]1,7.443697499232712,2,IC50,FASN,CHEMBL4158
COCc1nc(C)c(-c2cc(C(=O)N3CCC(c4ccc(C#N)cc4)CC3)ccc2C2CC2)[nH]1,7.568636235841012,2,IC50,FASN,CHEMBL4158
COCc1nc(C)c(-c2cc(C(=O)N3CCC(c4ccc(C#N)cc4)CC3)ccc2C2CCC2)[nH]1,7.6020599913279625,2,IC50,FASN,CHEMBL4158
COCc1nc(C)c(-c2cccc(C(=O)N3CCC(c4ccc(C#N)cc4)CC3)c2)[nH]1,5.825358807339551,2,IC50,FASN,CHEMBL4158
COCc1nc(C2CC2)c(-c2cc(C(=O)N3CCC(c4ccc(C#N)cc4)CC3)ccc2C)[nH]1,7.275724130399211,2,IC50,FASN,CHEMBL4158
COCc1nc(Cl)c(-c2cc(C(=O)N3CC(c4ccc(C#N)cc4)C3)ccc2C)[nH]1,7.853871964321762,2,IC50,FASN,CHEMBL4158
COCc1nc(Cl)c(-c2cc(C(=O)N3CCC(c4ccc(C#N)cc4)CC3)ccc2C)[nH]1,8.045757490560675,2,IC50,FASN,CHEMBL4158
COCc1ncc(-c2cc(C(=O)N3CCC(F)(c4ccc(C#N)cc4)CC3)c(C)cc2C2CCC2)[nH]1,7.301029995663981,1,IC50,FASN,CHEMBL4158
COCc1ncc(-c2cc(C(=O)N3CCC(F)(c4ccc(C#N)cc4)CC3)ccc2C2CCC2)[nH]1,6.7447274948966935,1,IC50,FASN,CHEMBL4158
COCc1ncc(-c2cc(C(=O)N3CCC(c4ccc(C#N)cc4)CC3)c(C)cc2C2CCC2)[nH]1,7.301029995663981,1,IC50,FASN,CHEMBL4158
COCc1ncc(-c2cc(C(=O)N3CCC(c4ccc(C#N)cc4)CC3)ccc2C2CCC2)[nH]1,6.619788758288394,1,IC50,FASN,CHEMBL4158
COCc1nnc(-c2cc(C(=O)N3CCC(F)(c4ccc(C#N)cc4)CC3)c(C)cc2C2CCC2)[nH]1,6.886056647693163,1,IC50,FASN,CHEMBL4158
COCc1nnc(-c2cc(C(=O)N3CCC(c4ccc(C#N)cc4)CC3)c(C)cc2C(C)C)[nH]1,5.97469413473523,1,IC50,FASN,CHEMBL4158
COCc1nnc(-c2cc(C(=O)N3CCC(c4ccc(C#N)cc4)CC3)c(C)cc2C)[nH]1,6.346787486224656,1,IC50,FASN,CHEMBL4158
COCc1nnc(-c2cc(C(=O)N3CCC(c4ccc(C#N)cc4)CC3)c(C)cc2C2CC2)[nH]1,6.376750709602099,1,IC50,FASN,CHEMBL4158
COCc1nnc(-c2cc(C(=O)N3CCC(c4ccc(C#N)cc4)CC3)c(C)cc2C2CCC2)[nH]1,6.978810700930062,1,IC50,FASN,CHEMBL4158
COCc1nnc(-c2cc(C(=O)N3CCC(c4ccc(C#N)cc4)CC3)c(C3CC3)cc2C)[nH]1,5.2958494831602,1,IC50,FASN,CHEMBL4158
COCc1nnc(-c2cc(C(=O)N3CCC(c4ccc(C#N)cc4)CC3)ccc2C(C)C)[nH]1,4.6356366453842694,1,IC50,FASN,CHEMBL4158
COCc1nnc(-c2cc(C(=O)N3CCC(c4ccc(C#N)cc4)CC3)ccc2C)[nH]1,5.645891560852599,1,IC50,FASN,CHEMBL4158
COCc1nnc(-c2ccc(C)c(C(=O)N3CCC(c4ccc(C#N)cc4)CC3)c2)[nH]1,4.6728454875905685,1,IC50,FASN,CHEMBL4158
CO[C@@H]1CCN(c2cc(C)c(C(=O)N3CCC(c4ccc(C#N)cc4)CC3)cc2-c2nnc(C)[nH]2)C1,5.94692155651658,2,IC50,FASN,CHEMBL4158
CO[C@H](C)C(=O)N[C@H]1CC[C@@H](N(C)C(=O)c2ccc(-c3nc4ccccc4o3)cc2)C1,5.756961951313706,1,IC50,FASN,CHEMBL4158
CO[C@H]1CCN(c2cc(C)c(C(=O)N3CCC(c4ccc(C#N)cc4)CC3)cc2-c2nnc(C)[nH]2)C1,6.958607314841775,2,IC50,FASN,CHEMBL4158
CO[C@H]1CC[C@@H](c2nc(C(F)(F)F)c(-c3cc(C(=O)N4CC(c5ccc(C#N)cc5)C4)ccc3C)[nH]2)CC1,7.886056647693163,2,IC50,FASN,CHEMBL4158
CO[C@H]1CC[C@H](c2nc(C(F)(F)F)c(-c3cc(C(=O)N4CC(c5ccc(C#N)cc5)C4)ccc3C)[nH]2)CC1,8.045757490560675,2,IC50,FASN,CHEMBL4158
CO[C@H]1C[C@@H](c2cc(C)c(C(=O)N3CCC(c4ccc(C#N)cc4)CC3)cc2-c2nnc(C)[nH]2)C1,6.568636235841012,2,IC50,FASN,CHEMBL4158
CO[C@H]1C[C@H](c2cc(C)c(C(=O)N3CCC(c4ccc(C#N)cc4)CC3)cc2-c2nnc(C)[nH]2)C1,6.721246399047171,2,IC50,FASN,CHEMBL4158
COc1c(C#N)n[nH]c1-c1cc(C(=O)N2CC(c3ccc(C#N)cc3)C2)c(C)cc1C,7.050609993355087,2,IC50,FASN,CHEMBL4158
COc1c(C)n[nH]c1-c1cc(C(=O)N2CC(c3ccc(C#N)cc3)C2)ccc1C,7.1249387366083,2,IC50,FASN,CHEMBL4158
COc1c(Cl)n[nH]c1-c1cc(C(=O)N2CC(c3ccc(C#N)cc3)C2)c(C)cc1C,6.958607314841775,2,IC50,FASN,CHEMBL4158
COc1c(O)cc2oc3cc(O)c(CC=C(C)C)c(O)c3c(=O)c2c1CC=C(C)C,5.2564902352715706,1,IC50,FASN,CHEMBL4158
COc1c(O)cc2oc3cc4c(c(O)c3c(=O)c2c1CC=C(C)C)C=CC(C)(C)O4,4.391046300724137,1,IC50,FASN,CHEMBL4158
COc1cc(C#N)ccc1C1CCN(C(=O)c2cc(-c3nnc(C)[nH]3)c(C3CCC3)cc2C)CC1,5.3487219860018556,2,IC50,FASN,CHEMBL4158
COc1cc(C)c(C(=O)N2CCC(c3ccc(C#N)cc3)CC2)cc1-c1nc2c([nH]1)COCC2,5.655607726314889,1,IC50,FASN,CHEMBL4158
COc1cc(C2CCN(C(=O)c3cc(-c4nnc(C)[nH]4)c(C4CCC4)cc3C)CC2)ccc1C#N,5.886056647693163,2,IC50,FASN,CHEMBL4158
COc1cc(CCCO)cc2cc(-c3ccc4c(c3)OCO4)oc12,4.040624663424157,1,IC50,FASN,CHEMBL4158
COc1cc2oc3cc(O)c(OC)c(CC=C(C)C)c3c(=O)c2c(O)c1CC=C(C)C,4.605023280445436,1,IC50,FASN,CHEMBL4158
COc1ccc(-c2ccc(-n3c(C[C@@H]4CCN(C(=O)C5CC5)C4)n[nH]c3=O)c(F)c2)cc1,7.3979400086720375,1,IC50,FASN,CHEMBL4158
COc1ccc(-c2ccc(C(=O)N3CCN(C(=O)C4(O)CC4)CC3)cc2)c(Cl)c1,5.508638306165727,1,IC50,FASN,CHEMBL4158
COc1ccc(-c2nc3cc(N4CCCC4)ncc3[nH]2)cc1C(=O)N1CCC(c2ccc(C#N)cc2)CC1,6.667561540084394,1,IC50,FASN,CHEMBL4158
COc1ccc(C(=O)N2CCC(F)(c3ccc(C#N)cc3)CC2)cc1NC(=O)NC1CCOC1,6.920818753952375,1,IC50,FASN,CHEMBL4158
COc1ccc(C(=O)N2CCC(F)(c3ccc(C#N)cc3)CC2)cc1NC(=O)c1ccc(N2CCC2)nc1,7.070581074285707,1,IC50,FASN,CHEMBL4158
COc1ccc(C2(F)CCN(C(=O)c3ccc(C)c(NC(=O)NC4CCOC4)c3)CC2)nc1,5.9299621333922445,1,IC50,FASN,CHEMBL4158
COc1ccc(C2(F)CCN(C(=O)c3ccc(C)c(NC(=O)c4ccc(N5CCC5)nc4)c3)CC2)nc1,5.552841968657781,1,IC50,FASN,CHEMBL4158
COc1ccc(C2CCN(C(=O)c3cc(-c4nc5c([nH]4)COCC5)c(C)cc3C)CC2)cc1,6.508638306165727,1,IC50,FASN,CHEMBL4158
COc1ccc(C2CCN(C(=O)c3ccc(C)c(-c4[nH]c(C)nc4C)c3)CC2)cc1,7.050609993355087,2,IC50,FASN,CHEMBL4158
COc1ccc(C2CCN(C(=O)c3ccc(C)c(C(=O)Nc4ccc(N5CCCC5)nc4)c3)CC2)cc1,5.455931955649724,1,IC50,FASN,CHEMBL4158
COc1ccc([C@H]2[C@@H]3CN(C(=O)c4ccc(C)c(NC(=O)NC5CCOC5)c4)C[C@@H]32)cc1,6.337242168318426,1,IC50,FASN,CHEMBL4158
COc1ccc([C@H]2[C@@H]3CN(C(=O)c4ccc(C)c(NC(=O)c5ccc(NC(C)C)nc5)c4)C[C@@H]32)cc1,6.455931955649724,1,IC50,FASN,CHEMBL4158
COc1ccc2[nH]c([S+]([O-])Cc3ncc(C)c(OC)c3C)nc2c1,4.998614685949403,2,"Ki,IC50",FASN,CHEMBL4158
COc1ccccc1-c1cccc(-c2c(O)nc3cc(Cl)c(C#N)cc3c2O)c1,7.721246399047171,1,IC50,FASN,CHEMBL4158
COc1ccnc(C[S+]([O-])c2nc3cc(OC(F)F)ccc3[nH]2)c1OC,4.91425378637355,2,"Ki,IC50",FASN,CHEMBL4158
COc1cn[nH]c1-c1cc(C(=O)N2CC(F)(c3ccc(C#N)cc3)C2)ccc1C,6.468521082957745,2,IC50,FASN,CHEMBL4158
COc1cn[nH]c1-c1cc(C(=O)N2CC(c3ccc(C#N)cc3)C2)c(C)cc1C,6.958607314841775,2,IC50,FASN,CHEMBL4158
COc1cn[nH]c1-c1cc(C(=O)N2CC(c3ccc(C#N)cc3)C2)ccc1C,6.823908740944319,2,IC50,FASN,CHEMBL4158
COc1cn[nH]c1-c1cc(C(=O)N2CCC(c3ccc(C#N)cc3)CC2)ccc1C,6.962573502059376,2,IC50,FASN,CHEMBL4158
COc1n[nH]c(-c2cc(C(=O)N3CC(c4ccc(C#N)cc4)C3)c(C)cc2C)c1C,7.380666160604775,3,IC50,FASN,CHEMBL4158
COc1nccc2nc(-c3cc(C(=O)N4CCC(c5ccc(C#N)cc5)CC4)c(C)cc3C)[nH]c12,6.886056647693163,1,IC50,FASN,CHEMBL4158
COc1nnc(-c2cc(C(=O)N3CC(F)(c4ccc(C#N)cc4)C3)c(C)cc2C2CC2)[nH]1,6.853871964321762,2,IC50,FASN,CHEMBL4158
COc1nnc(-c2cc(C(=O)N3CC(F)(c4ccc(C#N)cc4)C3)c(C)cc2C2CCC2)[nH]1,7.1487416512809245,2,IC50,FASN,CHEMBL4158
COc1nnc(-c2cc(C(=O)N3CC(c4ccc(C#N)cc4)C3)c(C)cc2C2CC2)[nH]1,6.853871964321762,2,IC50,FASN,CHEMBL4158
COc1nnc(-c2cc(C(=O)N3CC(c4ccc(C#N)cc4)C3)c(C)cc2C2CCC2)[nH]1,7.309803919971486,2,IC50,FASN,CHEMBL4158
COc1nnc(-c2cc(C(=O)N3CCC(F)(c4ccc(C#N)cc4)CC3)c(C)cc2C2CC2)[nH]1,7.187086643357144,2,IC50,FASN,CHEMBL4158
COc1nnc(-c2cc(C(=O)N3CCC(F)(c4ccc(C#N)cc4)CC3)c(C)cc2C2CCC2)[nH]1,7.522878745280337,1,IC50,FASN,CHEMBL4158
COc1nnc(-c2cc(C(=O)N3CCC(F)(c4ccc(C(F)(F)F)cc4)CC3)c(C)cc2C2CCC2)[nH]1,6.853871964321762,1,IC50,FASN,CHEMBL4158
COc1nnc(-c2cc(C(=O)N3CCC(c4ccc(C#N)cc4)CC3)c(C)cc2C2CC2)[nH]1,7.00436480540245,2,IC50,FASN,CHEMBL4158
COc1nnc(-c2cc(C(=O)N3CCC(c4ccc(C#N)cc4)CC3)c(C)cc2C2CCC2)[nH]1,7.187086643357144,1,IC50,FASN,CHEMBL4158
COc1nnc(-c2cc(C(=O)N3CCC(c4ccc(C(F)(F)F)cc4)CC3)c(C)cc2C2CCC2)[nH]1,6.795880017344075,1,IC50,FASN,CHEMBL4158
CS(=O)(=O)C[C@H]1O[C@@H](n2cnc3c(N)ncnc32)[C@H](O)[C@@H]1O,3.6575773191777934,1,Ki,FASN,CHEMBL4158
CS(=O)(=O)Nc1cc(C(=O)N2CCC(c3ccc(C#N)cc3)CC2)ccc1C1CCC1,6.267606240177031,1,IC50,FASN,CHEMBL4158
CS(=O)(=O)c1cccc(-c2c(O)nc3cc(Cl)c(C#N)cc3c2O)c1,5.380489279161502,1,IC50,FASN,CHEMBL4158
CSC[C@H]1O[C@@H](n2cnc3c(N)ncnc32)[C@H](O)[C@@H]1O,2.8239087409443187,1,Ki,FASN,CHEMBL4158
C[C@@H]1O[C@@H](O[C@@H]2C(=O)c3c(O)cc(O)cc3O[C@H]2c2cc(O)cc(O)c2)[C@H](O)[C@H](O)[C@H]1O,4.308388125785584,1,IC50,FASN,CHEMBL4158
C[S+](C)CC[C@H](N)C(=O)O.[I-],0.8538719643217618,1,Ki,FASN,CHEMBL4158
C[S+](C)C[C@H]1O[C@@H](n2cnc3c(N)ncnc32)[C@H](O)[C@@H]1O.[I-],2.6020599913279625,1,Ki,FASN,CHEMBL4158
C[S+]([O-])C[C@H]1O[C@@H](n2cnc3c(N)ncnc32)[C@H](O)[C@@H]1O,3.3010299956639813,1,Ki,FASN,CHEMBL4158
Cc1c(OCC(F)(F)F)ccnc1C[S+]([O-])c1nc2ccccc2[nH]1,4.662810738947731,5,"Ki,IC50",FASN,CHEMBL4158
Cc1cc(-c2ccc(-c3cnn(C)c3)cc2)ccc1C1=NC(C)(C)C(=O)N1CC1CN(C(=O)C2(C)CC2)C1,7.11975822410452,2,IC50,FASN,CHEMBL4158
Cc1cc(-c2ccc(-c3cnn(C)c3)cc2)ccc1C1=NC(C)(C)C(=O)N1C[C@@H]1CCN(C(=O)C2(C)CC2)C1,7.270025714300444,2,IC50,FASN,CHEMBL4158
Cc1cc(-c2ccc3c(c2)ncn3C)ccc1C1=NC(C)(C)C(=O)N1CC1CN(C(=O)C2(C)CC2)C1,6.991399828238082,2,IC50,FASN,CHEMBL4158
Cc1cc(-c2ccc3c(c2)ncn3C)ccc1C1=NC(C)(C)C(=O)N1CC1CN(C(=O)C2(O)CC2)C1,6.369572124974976,2,IC50,FASN,CHEMBL4158
Cc1cc(-c2ccc3c(c2)ncn3C)ccc1C1=NC(C)(C)C(=O)N1C[C@@H]1CCN(C(=O)C2(C)CC2)C1,7.100179497572904,2,IC50,FASN,CHEMBL4158
Cc1cc(-c2ccc3c(c2)ncn3C)ccc1C1=NC(C)(C)C(=O)N1C[C@@H]1CCN(C(=O)C2(O)CC2)C1,7.0400051616715835,2,IC50,FASN,CHEMBL4158
Cc1cc(-c2ccc3c(cnn3C)c2)ccc1C1=NC(C)(C)C(=O)N1CC1CN(C(=O)C2(C)CC2)C1,6.821023052706831,2,IC50,FASN,CHEMBL4158
Cc1cc(-c2ccc3c(cnn3C)c2)ccc1C1=NC(C)(C)C(=O)N1C[C@@H]1CCN(C(=O)C2(C)CC2)C1,7.199970640755866,2,IC50,FASN,CHEMBL4158
Cc1cc(-c2ccc3c(cnn3C)c2)ccc1C1=NC2(CC2)C(=O)N1C[C@@H]1CCN(C(=O)C2CC2)C1,7.292429823902063,1,IC50,FASN,CHEMBL4158
Cc1cc(-c2ccc3cc(C#N)ccc3c2)ccc1C1=NC(C)(C)C(=O)N1CC1CN(C(=O)C2CC2)C1,7.39040559077478,2,IC50,FASN,CHEMBL4158
Cc1cc(-c2ccc3cc(F)ccc3c2)ccc1C1=NC(C)(C)C(=O)N1CC1CN(C(=O)C2(C)CC2)C1,7.4698003017969175,2,IC50,FASN,CHEMBL4158
Cc1cc(-c2ccc3cc(F)ccc3c2)ccc1C1=NC(C)(C)C(=O)N1C[C@@H]1CCN(C(=O)C2(C)CC2)C1,7.369572124974976,2,IC50,FASN,CHEMBL4158
Cc1cc(-c2ccc3cc[nH]c3c2)ccc1-n1c(C[C@@H]2CCN(C(=O)C3CC3)C2)n[nH]c1=O,8.301029995663981,1,IC50,FASN,CHEMBL4158
Cc1cc(C)c(-c2[nH]c(C#N)nc2C)cc1C(=O)N1CC(F)(c2ccc(C#N)cc2)C1,7.568636235841012,2,IC50,FASN,CHEMBL4158
Cc1cc(C)c(-c2[nH]c(C#N)nc2C)cc1C(=O)N1CC(c2ccc(C#N)cc2)C1,7.376750709602099,2,IC50,FASN,CHEMBL4158
Cc1cc(C)c(-c2[nH]c(C(=O)N(C)C)nc2C)cc1C(=O)N1CC(c2ccc(C#N)cc2)C1,6.356547323513812,2,IC50,FASN,CHEMBL4158
Cc1cc(C)c(-c2[nH]c(C(C)C)nc2C#N)cc1C(=O)N1CC(F)(c2ccc(C#N)cc2)C1,7.698970004336019,2,IC50,FASN,CHEMBL4158
Cc1cc(C)c(-c2[nH]c(C(C)C)nc2C)cc1C(=O)N1CC(c2ccc(C#N)cc2)C1,7.6777807052660805,2,IC50,FASN,CHEMBL4158
Cc1cc(C)c(-c2[nH]c(C(C)O)nc2C)cc1C(=O)N1CC(F)(c2ccc(C#N)cc2)C1,6.958607314841775,2,IC50,FASN,CHEMBL4158
Cc1cc(C)c(-c2[nH]c(C(C)O)nc2C)cc1C(=O)N1CC(c2ccc(C#N)cc2)C1,7.267606240177031,2,IC50,FASN,CHEMBL4158
Cc1cc(C)c(-c2[nH]c(C(F)(F)F)nc2C)cc1C(=O)N1CC(F)(c2ccc(C#N)cc2)C1,7.3979400086720375,2,IC50,FASN,CHEMBL4158
Cc1cc(C)c(-c2[nH]c(C(F)(F)F)nc2C)cc1C(=O)N1CC(c2ccc(C#N)cc2)C1,7.657577319177793,2,IC50,FASN,CHEMBL4158
Cc1cc(C)c(-c2[nH]c(C3(C)COC3)nc2C#N)cc1C(=O)N1CC(c2ccc(C#N)cc2)C1,7.455931955649724,2,IC50,FASN,CHEMBL4158
Cc1cc(C)c(-c2[nH]c(C3(C)COC3)nc2C)cc1C(=O)N1CC(F)(c2ccc(C#N)cc2)C1,7.619788758288394,2,IC50,FASN,CHEMBL4158
Cc1cc(C)c(-c2[nH]c(C3(C)COC3)nc2C)cc1C(=O)N1CC(c2ccc(C#N)cc2)C1,7.698970004336019,2,IC50,FASN,CHEMBL4158
Cc1cc(C)c(-c2[nH]c(C3CC3)nc2C#N)cc1C(=O)N1CC(F)(c2ccc(C#N)cc2)C1,7.619788758288394,2,IC50,FASN,CHEMBL4158
Cc1cc(C)c(-c2[nH]c(C3CC3)nc2C#N)cc1C(=O)N1CC(c2ccc(C#N)cc2)C1,7.455931955649724,2,IC50,FASN,CHEMBL4158
Cc1cc(C)c(-c2[nH]c(C3CC3)nc2C)cc1C(=O)N1CC(F)(c2ccc(C#N)cc2)C1,7.585026652029182,2,IC50,FASN,CHEMBL4158
Cc1cc(C)c(-c2[nH]c(C3CC3)nc2C)cc1C(=O)N1CC(c2ccc(C#N)cc2)C1,7.769551078621726,2,IC50,FASN,CHEMBL4158
Cc1cc(C)c(-c2[nH]c(C3CCCO3)nc2C)cc1C(=O)N1CC(c2ccc(C#N)cc2)C1,7.455931955649724,2,IC50,FASN,CHEMBL4158
Cc1cc(C)c(-c2[nH]c(C3CCOC3)nc2C)cc1C(=O)N1CC(c2ccc(C#N)cc2)C1,7.6777807052660805,2,IC50,FASN,CHEMBL4158
Cc1cc(C)c(-c2[nH]c(C3CCOCC3)nc2C#N)cc1C(=O)N1CC(c2ccc(C#N)cc2)C1,7.7447274948966935,2,IC50,FASN,CHEMBL4158
Cc1cc(C)c(-c2[nH]c(C3CCOCC3)nc2C)cc1C(=O)N1CC(F)(c2ccc(C#N)cc2)C1,7.214670164989233,2,IC50,FASN,CHEMBL4158
Cc1cc(C)c(-c2[nH]c(C3CCOCC3)nc2C)cc1C(=O)N1CC(c2ccc(C#N)cc2)C1,7.721246399047171,2,IC50,FASN,CHEMBL4158
Cc1cc(C)c(-c2[nH]c(C3CCOCC3)nc2C)cc1C(=O)N1CCC(F)(c2ccc(C#N)cc2)CC1,7.3979400086720375,2,IC50,FASN,CHEMBL4158
Cc1cc(C)c(-c2[nH]c(C3CCOCC3)nc2C)cc1C(=O)N1CCC(c2ccc(C#N)cc2)CC1,7.42021640338319,2,IC50,FASN,CHEMBL4158
Cc1cc(C)c(-c2[nH]c(C3COC3)nc2C)cc1C(=O)N1CC(F)(c2ccc(C#N)cc2)C1,7.167491087293763,2,IC50,FASN,CHEMBL4158
Cc1cc(C)c(-c2[nH]c(C3COC3)nc2C)cc1C(=O)N1CC(c2ccc(C#N)cc2)C1,7.468521082957745,2,IC50,FASN,CHEMBL4158
Cc1cc(C)c(-c2[nH]c(CC#N)nc2C)cc1C(=O)N1CC(F)(c2ccc(C#N)cc2)C1,7.275724130399211,2,IC50,FASN,CHEMBL4158
Cc1cc(C)c(-c2[nH]c(CCC#N)nc2C)cc1C(=O)N1CC(F)(c2ccc(C#N)cc2)C1,7.698970004336019,2,IC50,FASN,CHEMBL4158
Cc1cc(C)c(-c2[nH]c(CO)nc2C#N)cc1C(=O)N1CC(F)(c2ccc(C#N)cc2)C1,7.229147988357855,2,IC50,FASN,CHEMBL4158
Cc1cc(C)c(-c2[nH]c(CO)nc2C#N)cc1C(=O)N1CC(c2ccc(C#N)cc2)C1,7.301029995663981,2,IC50,FASN,CHEMBL4158
Cc1cc(C)c(-c2[nH]c(CO)nc2C)cc1C(=O)N1CC(F)(c2ccc(C#N)cc2)C1,7.229147988357855,2,IC50,FASN,CHEMBL4158
Cc1cc(C)c(-c2[nH]c(CO)nc2C)cc1C(=O)N1CC(c2ccc(C#N)cc2)C1,7.508638306165727,2,IC50,FASN,CHEMBL4158
Cc1cc(C)c(-c2[nH]c(CO)nc2C)cc1C(=O)N1CCC(c2ccc(C#N)cc2)CC1,7.494850021680094,2,IC50,FASN,CHEMBL4158
Cc1cc(C)c(-c2[nH]c(CO)nc2Cl)cc1C(=O)N1CC(F)(c2ccc(C#N)cc2)C1,7.769551078621726,2,IC50,FASN,CHEMBL4158
Cc1cc(C)c(-c2[nH]c(CO)nc2Cl)cc1C(=O)N1CC(c2ccc(C#N)cc2)C1,7.721246399047171,2,IC50,FASN,CHEMBL4158
Cc1cc(C)c(-c2[nH]nc(C#N)c2C)cc1C(=O)N1CC(c2ccc(C#N)cc2)C1,6.853871964321762,2,IC50,FASN,CHEMBL4158
Cc1cc(C)c(-c2[nH]nc(C(=O)N(C)C)c2C)cc1C(=O)N1CC(c2ccc(C#N)cc2)C1,7.619788758288394,1,IC50,FASN,CHEMBL4158
Cc1cc(C)c(-c2[nH]nc(C(F)(F)F)c2C)cc1C(=O)N1CC(c2ccc(C#N)cc2)C1,6.721246399047171,2,IC50,FASN,CHEMBL4158
Cc1cc(C)c(-c2[nH]nc(C)c2C(F)(F)F)cc1C(=O)N1CC(c2ccc(C#N)cc2)C1,6.853871964321762,2,IC50,FASN,CHEMBL4158
Cc1cc(C)c(-c2[nH]nc(C)c2C)cc1C(=O)N1CC(F)(c2ccc(C#N)cc2)C1,6.769551078621726,2,IC50,FASN,CHEMBL4158
Cc1cc(C)c(-c2[nH]nc(C)c2C)cc1C(=O)N1CC(c2ccc(C#N)cc2)C1,7.221848749616356,2,IC50,FASN,CHEMBL4158
Cc1cc(C)c(-c2[nH]nc(C)c2C2CC2)cc1C(=O)N1CC(c2ccc(C#N)cc2)C1,6.698970004336019,2,IC50,FASN,CHEMBL4158
Cc1cc(C)c(-c2[nH]nc(C)c2CC(F)(F)F)cc1C(=O)N1CC(c2ccc(C#N)cc2)C1,6.337242168318426,2,IC50,FASN,CHEMBL4158
Cc1cc(C)c(-c2[nH]nc(C)c2Cl)cc1C(=O)N1CC(c2ccc(C#N)cc2)C1,7.585026652029182,2,IC50,FASN,CHEMBL4158
Cc1cc(C)c(-c2[nH]nc(C3CC3)c2C)cc1C(=O)N1CC(c2ccc(C#N)cc2)C1,6.958607314841775,2,IC50,FASN,CHEMBL4158
Cc1cc(C)c(-c2[nH]nc(C3CC3)c2Cl)cc1C(=O)N1CC(c2ccc(C#N)cc2)C1,7.1938200260161125,2,IC50,FASN,CHEMBL4158
Cc1cc(C)c(-c2[nH]nc(C3CCCO3)c2C)cc1C(=O)N1CC(c2ccc(C#N)cc2)C1,7.292429823902063,2,IC50,FASN,CHEMBL4158
Cc1cc(C)c(-c2[nH]nc(C3CCOC3)c2C)cc1C(=O)N1CC(c2ccc(C#N)cc2)C1,7.0,2,IC50,FASN,CHEMBL4158
Cc1cc(C)c(-c2[nH]nc(C3CCOCC3)c2C)cc1C(=O)N1CC(c2ccc(C#N)cc2)C1,6.958607314841775,2,IC50,FASN,CHEMBL4158
Cc1cc(C)c(-c2[nH]nc(C3CCOCC3)c2Cl)cc1C(=O)N1CC(c2ccc(C#N)cc2)C1,7.309803919971486,2,IC50,FASN,CHEMBL4158
Cc1cc(C)c(-c2[nH]nc(CC(F)(F)F)c2C)cc1C(=O)N1CC(c2ccc(C#N)cc2)C1,7.0,2,IC50,FASN,CHEMBL4158
Cc1cc(C)c(-c2[nH]nc(CO)c2C)cc1C(=O)N1CC(c2ccc(C#N)cc2)C1,7.214670164989233,2,IC50,FASN,CHEMBL4158
Cc1cc(C)c(-c2[nH]nc(CO)c2Cl)cc1C(=O)N1CC(c2ccc(C#N)cc2)C1,7.6777807052660805,2,IC50,FASN,CHEMBL4158
Cc1cc(C)c(-c2[nH]nc(COC(C)C)c2C)cc1C(=O)N1CC(c2ccc(C#N)cc2)C1,7.259637310505756,2,IC50,FASN,CHEMBL4158
Cc1cc(C)c(-c2[nH]nc(COC3COC3)c2C)cc1C(=O)N1CC(c2ccc(C#N)cc2)C1,7.431798275933005,2,IC50,FASN,CHEMBL4158
Cc1cc(C)c(-c2[nH]nc(COCC(F)(F)F)c2C)cc1C(=O)N1CC(c2ccc(C#N)cc2)C1,7.431798275933005,2,IC50,FASN,CHEMBL4158
Cc1cc(C)c(-c2[nH]nc(COCC3CC3)c2C)cc1C(=O)N1CC(c2ccc(C#N)cc2)C1,7.2441251443275085,2,IC50,FASN,CHEMBL4158
Cc1cc(C)c(-c2[nH]nc(Cl)c2C)cc1C(=O)N1CC(F)(c2ccc(C#N)cc2)C1,6.7495799976911055,2,IC50,FASN,CHEMBL4158
Cc1cc(C)c(-c2[nH]nc(Cl)c2C)cc1C(=O)N1CC(c2ccc(C#N)cc2)C1,7.292429823902063,2,IC50,FASN,CHEMBL4158
Cc1cc(C)c(-c2[nH]nc(OCC3CC3)c2C)cc1C(=O)N1CC(c2ccc(C#N)cc2)C1,4.301029995663981,2,IC50,FASN,CHEMBL4158
Cc1cc(C)c(-c2[nH]nc(OCCO)c2C)cc1C(=O)N1CC(c2ccc(C#N)cc2)C1,7.721246399047171,1,IC50,FASN,CHEMBL4158
Cc1cc(C)c(-c2[nH]ncc2C)cc1C(=O)N1CC(F)(c2ccc(C#N)cc2)C1,6.920818753952375,2,IC50,FASN,CHEMBL4158
Cc1cc(C)c(-c2[nH]ncc2C)cc1C(=O)N1CC(c2ccc(C#N)cc2)C1,7.207608310501746,2,IC50,FASN,CHEMBL4158
Cc1cc(C)c(-c2[nH]ncc2C)cc1C(=O)N1CCC(c2ccc(C#N)cc2)CC1,7.075720713938118,2,IC50,FASN,CHEMBL4158
Cc1cc(C)c(-c2[nH]ncc2Cl)cc1C(=O)N1CC(F)(c2ccc(C#N)cc2)C1,7.537602002101044,2,IC50,FASN,CHEMBL4158
Cc1cc(C)c(-c2[nH]ncc2Cl)cc1C(=O)N1CC(c2ccc(C#N)cc2)C1,7.619788758288394,2,IC50,FASN,CHEMBL4158
Cc1cc(C)c(-c2nc3c([nH]2)C(C)N(C)CC3)cc1C(=O)N1CCC(c2ccc(C#N)cc2)CC1,6.8696662315049934,1,IC50,FASN,CHEMBL4158
Cc1cc(C)c(-c2nc3c([nH]2)C(C)OCC3)cc1C(=O)N1CCC(c2ccc(C#N)cc2)CC1,6.356547323513812,1,IC50,FASN,CHEMBL4158
Cc1cc(C)c(-c2nc3c([nH]2)CC(C#N)C3)cc1C(=O)N1CCC(c2ccc(C#N)cc2)CC1,7.301029995663981,1,IC50,FASN,CHEMBL4158
Cc1cc(C)c(-c2nc3c([nH]2)CC(O)CC3)cc1C(=O)N1CCC(c2ccc(C#N)cc2)CC1,7.045757490560675,1,IC50,FASN,CHEMBL4158
Cc1cc(C)c(-c2nc3c([nH]2)CCCC3)cc1C(=O)N1CCC(c2ccc(C#N)cc2)CC1,6.657577319177793,1,IC50,FASN,CHEMBL4158
Cc1cc(C)c(-c2nc3c([nH]2)CCCOC3)cc1C(=O)N1CCC(c2ccc(C#N)cc2)CC1,6.437707135543525,1,IC50,FASN,CHEMBL4158
Cc1cc(C)c(-c2nc3c([nH]2)CCN(C(C)C)CC3)cc1C(=O)N1CC(c2ccc(C#N)cc2)C1,7.207608310501746,2,IC50,FASN,CHEMBL4158
Cc1cc(C)c(-c2nc3c([nH]2)CCN(C(C)C)CC3)cc1C(=O)N1CCC(c2ccc(C#N)cc2)CC1,7.6020599913279625,1,IC50,FASN,CHEMBL4158
Cc1cc(C)c(-c2nc3c([nH]2)CCN(C)C3)cc1C(=O)N1CCC(c2ccc(C#N)cc2)CC1,7.1249387366083,1,IC50,FASN,CHEMBL4158
Cc1cc(C)c(-c2nc3c([nH]2)CCN(C)CC3)cc1C(=O)N1CC(c2ccc(C#N)cc2)C1,7.048563032995715,3,IC50,FASN,CHEMBL4158
Cc1cc(C)c(-c2nc3c([nH]2)CCN(C)CC3)cc1C(=O)N1CC(c2ccc(Cl)cc2)C1,7.2441251443275085,1,IC50,FASN,CHEMBL4158
Cc1cc(C)c(-c2nc3c([nH]2)CCN(C2CC2)C3)cc1C(=O)N1CCC(c2ccc(C#N)cc2)CC1,6.782516055786093,1,IC50,FASN,CHEMBL4158
Cc1cc(C)c(-c2nc3c([nH]2)CCN(C2COC2)C3)cc1C(=O)N1CCC(c2ccc(C#N)cc2)CC1,6.756961951313706,1,IC50,FASN,CHEMBL4158
Cc1cc(C)c(-c2nc3c([nH]2)CCN(CCF)C3)cc1C(=O)N1CCC(F)(c2ccc(C#N)cc2)CC1,7.3979400086720375,1,IC50,FASN,CHEMBL4158
Cc1cc(C)c(-c2nc3c([nH]2)CCN(CCF)C3)cc1C(=O)N1CCC(c2ccc(C#N)cc2)CC1,7.096910013008056,1,IC50,FASN,CHEMBL4158
Cc1cc(C)c(-c2nc3c([nH]2)CCN(CCF)CC3)cc1C(=O)N1CCC(c2ccc(C#N)cc2)CC1,7.3979400086720375,1,IC50,FASN,CHEMBL4158
Cc1cc(C)c(-c2nc3c([nH]2)CCNC3)cc1C(=O)N1CCC(c2ccc(C#N)cc2)CC1,6.221848749616356,1,IC50,FASN,CHEMBL4158
Cc1cc(C)c(-c2nc3c([nH]2)CCOCC3)cc1C(=O)N1CCC(c2ccc(C#N)cc2)CC1,6.327902142064282,1,IC50,FASN,CHEMBL4158
Cc1cc(C)c(-c2nc3c([nH]2)CN(C(=O)C(C)C)CC3)cc1C(=O)N1CCC(c2ccc(C#N)cc2)CC1,7.6020599913279625,1,IC50,FASN,CHEMBL4158
Cc1cc(C)c(-c2nc3c([nH]2)CN(C(=O)C(C)C)CC3)cc1C(=O)N1CCC(c2ccc(F)cc2)CC1,6.259637310505756,1,IC50,FASN,CHEMBL4158
Cc1cc(C)c(-c2nc3c([nH]2)CN(C(=O)C2CC2)CC3)cc1C(=O)N1CCC(c2ccc(C#N)cc2)CC1,7.522878745280337,1,IC50,FASN,CHEMBL4158
Cc1cc(C)c(-c2nc3c([nH]2)CN(C(=O)N(C)C)CC3)cc1C(=O)N1CCC(c2ccc(C#N)cc2)CC1,7.045757490560675,1,IC50,FASN,CHEMBL4158
Cc1cc(C)c(-c2nc3c([nH]2)CN(C(C)C)CC3(C)C)cc1C(=O)N1CCC(c2ccc(C#N)cc2)CC1,6.886056647693163,1,IC50,FASN,CHEMBL4158
Cc1cc(C)c(-c2nc3c([nH]2)CN(C(C)C)CC3)cc1C(=O)N1CCC(c2ccc(C#N)cc2)CC1,7.187086643357144,1,IC50,FASN,CHEMBL4158
Cc1cc(C)c(-c2nc3c([nH]2)CN(C)C(C)C3)cc1C(=O)N1CCC(c2ccc(C#N)cc2)CC1,6.886056647693163,1,IC50,FASN,CHEMBL4158
Cc1cc(C)c(-c2nc3c([nH]2)CN(C)CC3)cc1C(=O)N1CCC(c2ccc(C(F)(F)F)cc2)CC1,6.886056647693163,1,IC50,FASN,CHEMBL4158
Cc1cc(C)c(-c2nc3c([nH]2)CN(S(=O)(=O)C(C)C)CC3)cc1C(=O)N1CCC(c2ccc(C#N)cc2)CC1,7.259637310505756,1,IC50,FASN,CHEMBL4158
Cc1cc(C)c(-c2nc3c([nH]2)CN(S(=O)(=O)C(C)C)CC3)cc1C(=O)N1CCC(c2ccc(F)cc2)CC1,6.026872146400301,1,IC50,FASN,CHEMBL4158
Cc1cc(C)c(-c2nc3c([nH]2)CN(S(=O)(=O)N(C)C)CC3)cc1C(=O)N1CCC(c2ccc(C#N)cc2)CC1,7.301029995663981,1,IC50,FASN,CHEMBL4158
Cc1cc(C)c(-c2nc3c([nH]2)COC(C)(C)C3)cc1C(=O)N1CCC(c2ccc(C#N)cc2)CC1,6.107905397309519,1,IC50,FASN,CHEMBL4158
Cc1cc(C)c(-c2nc3c([nH]2)COC(C)C3)cc1C(=O)N1CCC(c2ccc(C#N)cc2)CC1,7.187086643357144,1,IC50,FASN,CHEMBL4158
Cc1cc(C)c(-c2nc3c([nH]2)COC3)cc1C(=O)N1CCC(c2ccc(C#N)cc2)CC1,4.460046158343603,1,IC50,FASN,CHEMBL4158
Cc1cc(C)c(-c2nc3c([nH]2)COCC3(C)C)cc1C(=O)N1CCC(c2ccc(C#N)cc2)CC1,6.8696662315049934,1,IC50,FASN,CHEMBL4158
Cc1cc(C)c(-c2nc3c([nH]2)COCC3)cc1C(=O)N1CCC(F)(c2ccc(C#N)cc2)CC1,6.769551078621726,1,IC50,FASN,CHEMBL4158
Cc1cc(C)c(-c2nc3c([nH]2)COCC3)cc1C(=O)N1CCC(c2ccc(C#N)c(F)c2)CC1,6.443697499232712,1,IC50,FASN,CHEMBL4158
Cc1cc(C)c(-c2nc3c([nH]2)COCC3)cc1C(=O)N1CCC(c2ccc(C#N)cc2)CC1,6.580044251510242,1,IC50,FASN,CHEMBL4158
Cc1cc(C)c(-c2nc3c([nH]2)COCC3)cc1C(=O)N1CCC(c2ccc(C(=O)N(C)C)cc2)CC1,5.274088367704952,1,IC50,FASN,CHEMBL4158
Cc1cc(C)c(-c2nc3c([nH]2)COCC3)cc1C(=O)N1CCC(c2ccc(C(F)(F)F)cc2)CC1,6.903089986991944,1,IC50,FASN,CHEMBL4158
Cc1cc(C)c(-c2nc3c([nH]2)COCC3)cc1C(=O)N1CCC(c2ccc(Cl)cc2)CC1,6.431798275933005,1,IC50,FASN,CHEMBL4158
Cc1cc(C)c(-c2nc3c([nH]2)COCC3)cc1C(=O)N1CCC(c2ccc(F)cc2)CC1,5.838631997765026,1,IC50,FASN,CHEMBL4158
Cc1cc(C)c(-c2nc3c([nH]2)COCC3)cc1C(=O)N1CCC(c2ccc(OC(F)(F)F)cc2)CC1,6.7447274948966935,1,IC50,FASN,CHEMBL4158
Cc1cc(C)c(-c2nc3c([nH]2)COCC3)cc1C(=O)N1CCC(c2ccc(S(C)(=O)=O)cc2)CC1,5.266000713461613,1,IC50,FASN,CHEMBL4158
Cc1cc(C)c(-c2nc3c([nH]2)COCC3)cc1C(=O)N1CCC(c2ccccc2)CC1,5.279014255846261,1,IC50,FASN,CHEMBL4158
Cc1cc(C)c(-c2nc3c([nH]2)COCC3C)cc1C(=O)N1CCC(c2ccc(C#N)cc2)CC1,6.978810700930062,1,IC50,FASN,CHEMBL4158
Cc1cc(C)c(-c2nc3c(s2)COCC3)cc1C(=O)N1CCC(c2ccc(C#N)cc2)CC1,4.974284616098659,1,IC50,FASN,CHEMBL4158
Cc1cc(C)c(-c2nc3cc(C#N)ccc3[nH]2)cc1C(=O)N1CCC(c2ccc(C#N)cc2)CC1,6.8696662315049934,1,IC50,FASN,CHEMBL4158
Cc1cc(C)c(-c2nc3cc(C(=O)N(C)C)ccc3[nH]2)cc1C(=O)N1CCC(c2ccc(C#N)cc2)CC1,6.6020599913279625,1,IC50,FASN,CHEMBL4158
Cc1cc(C)c(-c2nc3cc(C(=O)O)ccc3[nH]2)cc1C(=O)N1CCC(c2ccc(C#N)cc2)CC1,5.826813731587726,1,IC50,FASN,CHEMBL4158
Cc1cc(C)c(-c2nc3cc(C(N)=O)ccc3[nH]2)cc1C(=O)N1CCC(c2ccc(C#N)cc2)CC1,6.552841968657781,1,IC50,FASN,CHEMBL4158
Cc1cc(C)c(-c2nc3cc(N4CCC4)ncc3[nH]2)cc1C(=O)N1CCC(F)(c2ccc(C#N)cc2)CC1,6.823908740944319,1,IC50,FASN,CHEMBL4158
Cc1cc(C)c(-c2nc3cc(N4CCC4)ncc3[nH]2)cc1C(=O)N1CCC(F)(c2ccc(C#N)cn2)CC1,5.142969201727376,1,IC50,FASN,CHEMBL4158
Cc1cc(C)c(-c2nc3cc(N4CCC4)ncc3[nH]2)cc1C(=O)N1CCC(c2ccc(C#N)cc2)CC1,7.346787486224656,1,IC50,FASN,CHEMBL4158
Cc1cc(C)c(-c2nc3cc(N4CCCC4)ncc3[nH]2)cc1C(=O)N1CC(c2ccc(C#N)cc2)C1,7.443697499232712,2,IC50,FASN,CHEMBL4158
Cc1cc(C)c(-c2nc3cc(N4CCCC4)ncc3[nH]2)cc1C(=O)N1CCC(F)(c2ccc(C#N)cc2)CC1,7.823908740944319,1,IC50,FASN,CHEMBL4158
Cc1cc(C)c(-c2nc3cc(N4CCCC4)ncc3[nH]2)cc1C(=O)N1CCC(c2ccc(C#N)cc2)CC1,7.782649050583966,3,IC50,FASN,CHEMBL4158
Cc1cc(C)c(-c2nc3cc(N4CCN(C)CC4)ncc3[nH]2)cc1C(=O)N1CCC(c2ccc(C#N)cc2)CC1,6.185448174911431,2,IC50,FASN,CHEMBL4158
Cc1cc(C)c(-c2nc3cc(N4CCNCC4)ncc3[nH]2)cc1C(=O)N1CCC(c2ccc(C#N)cc2)CC1,6.060480747381382,2,IC50,FASN,CHEMBL4158
Cc1cc(C)c(-c2nc3cc(N4CCOCC4)ncc3[nH]2)cc1C(=O)N1CC(c2ccc(C#N)cc2)C1,7.2441251443275085,2,IC50,FASN,CHEMBL4158
Cc1cc(C)c(-c2nc3cc(N4CCOCC4)ncc3[nH]2)cc1C(=O)N1CCC(c2ccc(C#N)cc2)CC1,7.267308574275791,2,IC50,FASN,CHEMBL4158
Cc1cc(C)c(-c2nc3cc(OC4COC4)ncc3[nH]2)cc1C(=O)N1CCC(c2ccc(C#N)cc2)CC1,7.045757490560675,1,IC50,FASN,CHEMBL4158
Cc1cc(C)c(-c2nc3cc(S(C)(=O)=O)cnc3[nH]2)cc1C(=O)N1CCC(c2ccc(C#N)cc2)CC1,7.154901959985743,2,IC50,FASN,CHEMBL4158
Cc1cc(C)c(-c2nc3cc(S(C)(=O)=O)ncc3[nH]2)cc1C(=O)N1CCC(c2ccc(C#N)cc2)CC1,7.070581074285707,2,IC50,FASN,CHEMBL4158
Cc1cc(C)c(-c2nc3cc[nH]c(=O)c3[nH]2)cc1C(=O)N1CCC(c2ccc(C#N)cc2)CC1,6.610833915635467,1,IC50,FASN,CHEMBL4158
Cc1cc(C)c(-c2nc3ccnc(C4COC4)c3[nH]2)cc1C(=O)N1CCC(c2ccc(C#N)cc2)CC1,5.887730231582729,1,IC50,FASN,CHEMBL4158
Cc1cc(C)c(-c2nc3ccnc(N4CCC4)c3[nH]2)cc1C(=O)N1CCC(c2ccc(C#N)cc2)CC1,6.318758762624412,2,IC50,FASN,CHEMBL4158
Cc1cc(C)c(-c2nc3ccnc(N4CCCC4)c3[nH]2)cc1C(=O)N1CCC(c2ccc(C#N)cc2)CC1,7.045757490560675,1,IC50,FASN,CHEMBL4158
Cc1cc(C)c(-c2nc3ccncc3[nH]2)cc1C(=O)N1CCC(c2ccc(C#N)cc2)CC1,5.978810700930062,1,IC50,FASN,CHEMBL4158
Cc1cc(C)c(-c2nc3nc(N4CCC4)ccc3[nH]2)cc1C(=O)N1CCC(c2ccc(C#N)cc2)CC1,7.154901959985743,2,IC50,FASN,CHEMBL4158
Cc1cc(C)c(-c2ncc(C(=O)N(C)C)[nH]2)cc1C(=O)N1CCC(c2ccc(C#N)cc2)CC1,6.187086643357144,1,IC50,FASN,CHEMBL4158
Cc1cc(C)c(-c2ncc(C(=O)N3CCOCC3)[nH]2)cc1C(=O)N1CCC(c2ccc(C#N)cc2)CC1,5.787812395596042,1,IC50,FASN,CHEMBL4158
Cc1cc(C)c(-c2ncc([C@@H]3CCCO3)[nH]2)cc1C(=O)N1CCC(c2ccc(C#N)cc2)CC1,6.236572006437063,1,IC50,FASN,CHEMBL4158
Cc1cc(C)c(-c2nnc(C(=O)N(C)C)[nH]2)cc1C(=O)N1CCC(c2ccc(C#N)cc2)CC1,5.690369832574101,1,IC50,FASN,CHEMBL4158
Cc1cc(C)c(-c2nnc(C3CCOCC3)[nH]2)cc1C(=O)N1CCC(c2ccc(C#N)cc2)CC1,6.301029995663981,1,IC50,FASN,CHEMBL4158
Cc1cc(C)c(-c2nnc(CC#N)[nH]2)cc1C(=O)N1CCC(c2ccc(C#N)cc2)CC1,5.917214629683549,1,IC50,FASN,CHEMBL4158
Cc1cc(C)c(-c2nnc(CC3CCCO3)[nH]2)cc1C(=O)N1CCC(c2ccc(C#N)cc2)CC1,6.1938200260161125,1,IC50,FASN,CHEMBL4158
Cc1cc(C)c(-c2nnc(CC3CCOC3)[nH]2)cc1C(=O)N1CCC(c2ccc(C#N)cc2)CC1,6.522878745280337,1,IC50,FASN,CHEMBL4158
Cc1cc(C)c(-c2nnc(CCC#N)[nH]2)cc1C(=O)N1CCC(c2ccc(C#N)cc2)CC1,6.42021640338319,1,IC50,FASN,CHEMBL4158
Cc1cc(C)c(-c2nnc(N3CCCC3)[nH]2)cc1C(=O)N1CCC(c2ccc(C#N)cc2)CC1,4.541211118289155,1,IC50,FASN,CHEMBL4158
Cc1cc(C)c(-c2nnc(N3CCOCC3)[nH]2)cc1C(=O)N1CCC(c2ccc(C#N)cc2)CC1,6.102372908709558,1,IC50,FASN,CHEMBL4158
Cc1cc(C)c(-c2nnc(NC3CCOC3)[nH]2)cc1C(=O)N1CCC(c2ccc(C#N)cc2)CC1,6.481486060122112,1,IC50,FASN,CHEMBL4158
Cc1cc(C)c(-c2nnc(OC3CCOC3)[nH]2)cc1C(=O)N1CCC(c2ccc(C#N)cc2)CC1,6.522878745280337,1,IC50,FASN,CHEMBL4158
Cc1cc(C)c(-c2nnc([C@@H]3CCCO3)[nH]2)cc1C(=O)N1CCC(c2ccc(C#N)cc2)CC1,6.619788758288394,1,IC50,FASN,CHEMBL4158
Cc1cc(C)c(-c2nnc([C@H]3CCCO3)[nH]2)cc1C(=O)N1CCC(c2ccc(C#N)cc2)CC1,6.102372908709558,1,IC50,FASN,CHEMBL4158
Cc1cc(C)c(C(=O)N2CCC(F)(c3ccc(C#N)cc3)CC2)cc1NC(=O)NC1CCCOC1,7.045757490560675,1,IC50,FASN,CHEMBL4158
Cc1cc(C)c(C(=O)N2CCC(F)(c3ccc(C#N)cc3)CC2)cc1NC(=O)NC[C@H]1CCCO1,6.769551078621726,1,IC50,FASN,CHEMBL4158
Cc1cc(C)c(C(=O)N2CCC(F)(c3ccc(C#N)cc3)CC2)cc1NC(=O)N[C@@H]1CCOC1,6.638272163982407,1,IC50,FASN,CHEMBL4158
Cc1cc(C)c(C(=O)N2CCC(F)(c3ccc(C#N)cc3)CC2)cc1NC(=O)O[C@@H]1CCOC1,6.3979400086720375,1,IC50,FASN,CHEMBL4158
Cc1cc(C)c(C(=O)N2CCC(F)(c3ccc(C#N)cc3)CC2)cc1NC(=O)c1ccc(N2CCC2)nc1,7.301029995663981,1,IC50,FASN,CHEMBL4158
Cc1cc(C)c(C(=O)N2CCC(F)(c3ccc(C#N)cc3)CC2)cc1NC(=O)c1ccc(N2CCN(C)CC2)nc1,6.8326826652518236,1,IC50,FASN,CHEMBL4158
Cc1cc(C)c(C(=O)N2CCC(F)(c3ccc(C#N)cc3)CC2)cc1NC(=O)c1ccc(N2CCNCC2)nc1,6.853871964321762,1,IC50,FASN,CHEMBL4158
Cc1cc(C)c(C(=O)N2CCC(F)(c3ccc(C#N)cc3)CC2)cc1NC(=O)c1ccc(N2CCOCC2)nc1,6.958607314841775,1,IC50,FASN,CHEMBL4158
Cc1cc(C)c(C(=O)N2CCC(F)(c3ccc(C#N)cc3)CC2)cc1NC(=O)c1ccc(NC(C)C)nc1,7.173925197299173,1,IC50,FASN,CHEMBL4158
Cc1cc(C)c(C(=O)N2CCC(F)(c3ccc(C#N)cn3)CC2)cc1NC(=O)c1ccc(N2CCOCC2)nc1,6.221848749616356,1,IC50,FASN,CHEMBL4158
Cc1cc(C)c(C(=O)N2CCC(F)(c3ccc(C#N)cn3)CC2)cc1NC(=O)c1cnc(N2CCOCC2)nc1,6.638272163982407,1,IC50,FASN,CHEMBL4158
Cc1cc(C)cc(N2C(=O)NC(=O)/C(=C\c3ccc(-c4ccccc4)o3)C2=O)c1,6.42021640338319,1,Ki,FASN,CHEMBL4158
Cc1cc(C2=NC3(CC3)C(=O)N2C[C@@H]2CCN(C(=O)C3CC3)C2)ccc1-c1ccc2c(cnn2C)c1,6.522878745280337,1,IC50,FASN,CHEMBL4158
Cc1cc(C2CC2)c(-c2[nH]nc(C)c2C)cc1C(=O)N1CC(c2ccc(C#N)cc2)C1,7.0,2,IC50,FASN,CHEMBL4158
Cc1cc(C2CC2)c(-c2nc3c([nH]2)CCN(C)CC3)cc1C(=O)N1CC(c2ccc(C#N)cc2)C1,7.0655015487564325,2,IC50,FASN,CHEMBL4158
Cc1cc(C2CC2)c(-c2nc3c([nH]2)CN(C(C)C)CC3)cc1C(=O)N1CCC(c2ccc(C#N)cc2)CC1,7.3979400086720375,1,IC50,FASN,CHEMBL4158
Cc1cc(C2CC2)c(-c2nc3c([nH]2)CN(C)CC3)cc1C(=O)N1CC(c2ccc(C#N)cc2)C1,7.3979400086720375,2,IC50,FASN,CHEMBL4158
Cc1cc(C2CC2)c(-c2nc3c([nH]2)COCC3)cc1C(=O)N1CCC(c2ccc(C#N)cc2)CC1,7.187086643357144,1,IC50,FASN,CHEMBL4158
Cc1cc(C2CC2)c(-c2nnc(CC(=O)N(C)C)[nH]2)cc1C(=O)N1CCC(c2ccc(C#N)cc2)CC1,6.585026652029182,1,IC50,FASN,CHEMBL4158
Cc1cc(C2CC2)c(-c2nnc(CCN(C)C)[nH]2)cc1C(=O)N1CCC(c2ccc(C#N)cc2)CC1,6.756961951313706,1,IC50,FASN,CHEMBL4158
Cc1cc(C2CC2)c(-c2nnc(CN(C)C)[nH]2)cc1C(=O)N1CCC(c2ccc(C#N)cc2)CC1,6.494850021680094,1,IC50,FASN,CHEMBL4158
Cc1cc(C2CC2)c(-c2nnc(CN3CCC3)[nH]2)cc1C(=O)N1CCC(c2ccc(C#N)cc2)CC1,6.086186147616283,1,IC50,FASN,CHEMBL4158
Cc1cc(C2CCC2)c(-c2cn[nH]n2)cc1C(=O)N1CCC(c2ccc(C#N)cc2)CC1,6.4089353929735005,1,IC50,FASN,CHEMBL4158
Cc1cc(C2CCC2)c(-c2nc(C)c(C)[nH]2)cc1C(=O)N1CCC(c2ccc(C#N)cc2)CC1,7.154901959985743,1,IC50,FASN,CHEMBL4158
Cc1cc(C2CCC2)c(-c2nc3c([nH]2)CCN(C)CC3)cc1C(=O)N1CC(c2ccc(C#N)cc2)C1,7.698970004336019,2,IC50,FASN,CHEMBL4158
Cc1cc(C2CCC2)c(-c2nc3c([nH]2)CCN(C)CC3)cc1C(=O)N1CCC(F)(c2ccc(C#N)cc2)CC1,7.221848749616356,1,IC50,FASN,CHEMBL4158
Cc1cc(C2CCC2)c(-c2nc3c([nH]2)CCN(C)CC3)cc1C(=O)N1CCC(c2ccc(C#N)cc2)CC1,7.301029995663981,1,IC50,FASN,CHEMBL4158
Cc1cc(C2CCC2)c(-c2nc3c([nH]2)CN(C)CC3)cc1C(=O)N1CC(c2ccc(C#N)cc2)C1,7.6777807052660805,2,IC50,FASN,CHEMBL4158
Cc1cc(C2CCC2)c(-c2nc3c([nH]2)CN(C)CC3)cc1C(=O)N1CCC(F)(c2ccc(C#N)cc2)CC1,7.3979400086720375,1,IC50,FASN,CHEMBL4158
Cc1cc(C2CCC2)c(-c2nc3c([nH]2)CN(C)CC3)cc1C(=O)N1CCC(c2ccc(C#N)cc2)CC1,7.698970004336019,1,IC50,FASN,CHEMBL4158
Cc1cc(C2CCC2)c(-c2nc3c([nH]2)COCC3)cc1C(=O)N1CCC(F)(c2ccc(C#N)cc2)CC1,8.0,1,IC50,FASN,CHEMBL4158
Cc1cc(C2CCC2)c(-c2nc3c([nH]2)COCC3)cc1C(=O)N1CCC(c2ccc(C#N)cc2)CC1,7.6020599913279625,1,IC50,FASN,CHEMBL4158
Cc1cc(C2CCC2)c(-c2ncc(C#N)[nH]2)cc1C(=O)N1CCC(c2ccc(C#N)cc2)CC1,7.045757490560675,1,IC50,FASN,CHEMBL4158
Cc1cc(C2CCC2)c(-c2ncc(C(F)(F)F)[nH]2)cc1C(=O)N1CCC(c2ccc(C#N)cc2)CC1,6.236572006437063,1,IC50,FASN,CHEMBL4158
Cc1cc(C2CCC2)c(-c2ncc(Cl)[nH]2)cc1C(=O)N1CCC(c2ccc(C#N)cc2)CC1,6.7447274948966935,1,IC50,FASN,CHEMBL4158
Cc1cc(C2CCC2)c(-c2nnc(C#N)[nH]2)cc1C(=O)N1CCC(c2ccc(C#N)cc2)CC1,5.430626090384954,2,IC50,FASN,CHEMBL4158
Cc1cc(C2CCC2)c(-c2nnc(C(C)C)[nH]2)cc1C(=O)N1CCC(F)(c2ccc(C#N)cc2)CC1,6.8696662315049934,1,IC50,FASN,CHEMBL4158
Cc1cc(C2CCC2)c(-c2nnc(C(C)C)[nH]2)cc1C(=O)N1CCC(c2ccc(C#N)cc2)CC1,6.939302159646388,1,IC50,FASN,CHEMBL4158
Cc1cc(C2CCC2)c(-c2nnc(C(F)(F)F)[nH]2)cc1C(=O)N1CCC(c2ccc(C#N)cc2)CC1,6.0,1,IC50,FASN,CHEMBL4158
Cc1cc(C2CCC2)c(-c2nnc(C(F)F)[nH]2)cc1C(=O)N1CCC(F)(c2ccc(C#N)cc2)CC1,6.903089986991944,1,IC50,FASN,CHEMBL4158
Cc1cc(C2CCC2)c(-c2nnc(C(F)F)[nH]2)cc1C(=O)N1CCC(c2ccc(C#N)cc2)CC1,6.795880017344075,1,IC50,FASN,CHEMBL4158
Cc1cc(C2CCC2)c(-c2nnc(CC(=O)O)[nH]2)cc1C(=O)N1CCC(c2ccc(C#N)cc2)CC1,6.732828271596986,2,IC50,FASN,CHEMBL4158
Cc1cc(C2CCC2)c(-c2nnc(CCO)[nH]2)cc1C(=O)N1CCC(F)(c2ccc(C#N)cc2)CC1,7.154901959985743,1,IC50,FASN,CHEMBL4158
Cc1cc(C2CCC2)c(-c2nnc(CO)[nH]2)cc1C(=O)N1CCC(F)(c2ccc(C#N)cc2)CC1,7.522878745280337,2,IC50,FASN,CHEMBL4158
Cc1cc(C2CCC2)c(-c2nnc(CO)[nH]2)cc1C(=O)N1CCC(c2ccc(C#N)cc2)CC1,7.698970004336019,1,IC50,FASN,CHEMBL4158
Cc1cc(C2CCC2)c(-c2nnc(OCCO)[nH]2)cc1C(=O)N1CCC(c2ccc(C#N)cc2)CC1,7.259637310505756,2,IC50,FASN,CHEMBL4158
Cc1cc(C2CCC2)c(-c2nnc([C@@H]3CCCO3)[nH]2)cc1C(=O)N1CCC(F)(c2ccc(C#N)cc2)CC1,6.619788758288394,1,IC50,FASN,CHEMBL4158
Cc1cc(C2CCC2)c(-c2nnc([C@@H]3CCCO3)[nH]2)cc1C(=O)N1CCC(c2ccc(C#N)cc2)CC1,6.853871964321762,1,IC50,FASN,CHEMBL4158
Cc1cc(C2CCC2)c(-c2nnc([C@H]3CCCO3)[nH]2)cc1C(=O)N1CCC(c2ccc(C#N)cc2)CC1,6.698970004336019,1,IC50,FASN,CHEMBL4158
Cc1cc(C2CCC2)c(-c2nnc[nH]2)cc1C(=O)N1CCC(F)(c2ccc(C#N)cc2)CC1,7.346787486224656,1,IC50,FASN,CHEMBL4158
Cc1cc(C2CCC2)c(-c2nnc[nH]2)cc1C(=O)N1CCC(c2ccc(C#N)cc2)CC1,7.259637310505756,1,IC50,FASN,CHEMBL4158
Cc1cc(C2CCC2)c(C(N)=O)cc1C(=O)N1CC(c2ccc(C#N)cc2)C1,6.978810700930062,2,IC50,FASN,CHEMBL4158
Cc1cc(C2CCC2)c(C(N)=O)cc1C(=O)N1CCC(c2ccc(C#N)cc2)CC1,6.8696662315049934,2,IC50,FASN,CHEMBL4158
Cc1cc(Cl)c(-c2nc3c([nH]2)COCC3)cc1C(=O)N1CCC(F)(c2ccc(C#N)cc2)CC1,6.346787486224656,1,IC50,FASN,CHEMBL4158
Cc1cc(F)c(-c2nc3c([nH]2)COCC3)cc1C(=O)N1CCC(c2ccc(C#N)cc2)CC1,5.7423214251308154,1,IC50,FASN,CHEMBL4158
Cc1cc(F)c(-c2nc3cc(N4CCC4)ncc3[nH]2)cc1C(=O)N1CCC(c2ccc(C#N)cc2)CC1,6.045757490560675,1,IC50,FASN,CHEMBL4158
Cc1cc(N2CCC2)c(-c2[nH]nc(C)c2C)cc1C(=O)N1CC(c2ccc(C#N)cc2)C1,7.537602002101044,2,IC50,FASN,CHEMBL4158
Cc1ccc(-c2nc3cc(N4CCCC4)ncc3[nH]2)cc1C(=O)N1CCC(c2ccc(C#N)cc2)CC1,7.221848749616356,2,IC50,FASN,CHEMBL4158
Cc1ccc(-c2nnc3n2CCC(c2ccc(C#N)cc2)C3)cc1NC(=O)NCC(C)C,5.196542884351587,1,IC50,FASN,CHEMBL4158
Cc1ccc(-c2nnc3n2CCC(c2ccc(C#N)cc2)C3)cc1NC(=O)c1ccc(NC(C)C)nc1,6.522878745280337,1,IC50,FASN,CHEMBL4158
Cc1ccc(C(=O)N2CC(F)(c3ccc(C#N)cc3)C2)cc1-c1[nH]c(C(C)O)nc1C,6.886056647693163,2,IC50,FASN,CHEMBL4158
Cc1ccc(C(=O)N2CC(F)(c3ccc(C#N)cc3)C2)cc1-c1[nH]c(C(F)(F)F)nc1C,6.958607314841775,2,IC50,FASN,CHEMBL4158
Cc1ccc(C(=O)N2CC(F)(c3ccc(C#N)cc3)C2)cc1-c1[nH]c(C2(C)CCOCC2)nc1Cl,7.795880017344075,2,IC50,FASN,CHEMBL4158
Cc1ccc(C(=O)N2CC(F)(c3ccc(C#N)cc3)C2)cc1-c1[nH]c(C2(C)COC2)nc1C,7.568636235841012,2,IC50,FASN,CHEMBL4158
Cc1ccc(C(=O)N2CC(F)(c3ccc(C#N)cc3)C2)cc1-c1[nH]c(C2CC2)nc1Cl,7.920818753952375,2,IC50,FASN,CHEMBL4158
Cc1ccc(C(=O)N2CC(F)(c3ccc(C#N)cc3)C2)cc1-c1[nH]c(C2CCOCC2)nc1C,7.3979400086720375,2,IC50,FASN,CHEMBL4158
Cc1ccc(C(=O)N2CC(F)(c3ccc(C#N)cc3)C2)cc1-c1[nH]c(CCO)nc1Cl,7.7447274948966935,2,IC50,FASN,CHEMBL4158
Cc1ccc(C(=O)N2CC(F)(c3ccc(C#N)cc3)C2)cc1-c1[nH]c(CO)nc1C(F)(F)F,7.318758762624412,2,IC50,FASN,CHEMBL4158
Cc1ccc(C(=O)N2CC(F)(c3ccc(C#N)cc3)C2)cc1-c1[nH]c(CO)nc1Cl,7.795880017344075,2,IC50,FASN,CHEMBL4158
Cc1ccc(C(=O)N2CC(F)(c3ccc(C#N)cc3)C2)cc1-c1[nH]nc(C)c1C,6.958607314841775,2,IC50,FASN,CHEMBL4158
Cc1ccc(C(=O)N2CC(F)(c3ccc(C#N)cc3)C2)cc1-c1[nH]nc(C)c1Cl,7.0655015487564325,2,IC50,FASN,CHEMBL4158
Cc1ccc(C(=O)N2CC(F)(c3ccc(C#N)cc3)C2)cc1-c1[nH]nc(Cl)c1C,7.022276394711152,2,IC50,FASN,CHEMBL4158
Cc1ccc(C(=O)N2CC(F)(c3ccc(C#N)cc3)C2)cc1-c1[nH]ncc1C,6.991399828238082,2,IC50,FASN,CHEMBL4158
Cc1ccc(C(=O)N2CC(c3ccc(C#N)cc3)C2)cc1-c1[nH]c(C#N)nc1C,7.568636235841012,2,IC50,FASN,CHEMBL4158
Cc1ccc(C(=O)N2CC(c3ccc(C#N)cc3)C2)cc1-c1[nH]c(C#N)nc1Cl,7.4089353929735005,2,IC50,FASN,CHEMBL4158
Cc1ccc(C(=O)N2CC(c3ccc(C#N)cc3)C2)cc1-c1[nH]c(C(C)(F)F)nc1C,7.086186147616283,2,IC50,FASN,CHEMBL4158
Cc1ccc(C(=O)N2CC(c3ccc(C#N)cc3)C2)cc1-c1[nH]c(C(C)C)nc1C,7.721246399047171,2,IC50,FASN,CHEMBL4158
Cc1ccc(C(=O)N2CC(c3ccc(C#N)cc3)C2)cc1-c1[nH]c(C(C)C)nc1Cl,8.045757490560675,2,IC50,FASN,CHEMBL4158
Cc1ccc(C(=O)N2CC(c3ccc(C#N)cc3)C2)cc1-c1[nH]c(C(C)O)nc1C,7.568636235841012,2,IC50,FASN,CHEMBL4158
Cc1ccc(C(=O)N2CC(c3ccc(C#N)cc3)C2)cc1-c1[nH]c(C(F)(F)F)nc1C,7.275724130399211,2,IC50,FASN,CHEMBL4158
Cc1ccc(C(=O)N2CC(c3ccc(C#N)cc3)C2)cc1-c1[nH]c(C(F)(F)F)nc1C1CC1,7.638272163982407,2,IC50,FASN,CHEMBL4158
Cc1ccc(C(=O)N2CC(c3ccc(C#N)cc3)C2)cc1-c1[nH]c(C2(C)CCOCC2)nc1C,7.2839966563652006,2,IC50,FASN,CHEMBL4158
Cc1ccc(C(=O)N2CC(c3ccc(C#N)cc3)C2)cc1-c1[nH]c(C2(C)CCOCC2)nc1C#N,7.318758762624412,2,IC50,FASN,CHEMBL4158
Cc1ccc(C(=O)N2CC(c3ccc(C#N)cc3)C2)cc1-c1[nH]c(C2(C)CCOCC2)nc1C(F)(F)F,7.585026652029182,2,IC50,FASN,CHEMBL4158
Cc1ccc(C(=O)N2CC(c3ccc(C#N)cc3)C2)cc1-c1[nH]c(C2(C)CCOCC2)nc1Cl,7.7447274948966935,2,IC50,FASN,CHEMBL4158
Cc1ccc(C(=O)N2CC(c3ccc(C#N)cc3)C2)cc1-c1[nH]c(C2(C)COC2)nc1C,7.958607314841775,2,IC50,FASN,CHEMBL4158
Cc1ccc(C(=O)N2CC(c3ccc(C#N)cc3)C2)cc1-c1[nH]c(C2(C)COC2)nc1C#N,7.698970004336019,2,IC50,FASN,CHEMBL4158
Cc1ccc(C(=O)N2CC(c3ccc(C#N)cc3)C2)cc1-c1[nH]c(C2(C)COC2)nc1C(F)(F)F,7.7447274948966935,2,IC50,FASN,CHEMBL4158
Cc1ccc(C(=O)N2CC(c3ccc(C#N)cc3)C2)cc1-c1[nH]c(C2(F)COC2)nc1C,7.187086643357144,2,IC50,FASN,CHEMBL4158
Cc1ccc(C(=O)N2CC(c3ccc(C#N)cc3)C2)cc1-c1[nH]c(C2(O)CCOCC2)nc1C,7.886056647693163,2,IC50,FASN,CHEMBL4158
Cc1ccc(C(=O)N2CC(c3ccc(C#N)cc3)C2)cc1-c1[nH]c(C2(O)CCOCC2)nc1C#N,7.102372908709558,2,IC50,FASN,CHEMBL4158
Cc1ccc(C(=O)N2CC(c3ccc(C#N)cc3)C2)cc1-c1[nH]c(C2(O)COC2)nc1C,7.619788758288394,2,IC50,FASN,CHEMBL4158
Cc1ccc(C(=O)N2CC(c3ccc(C#N)cc3)C2)cc1-c1[nH]c(C2CC2)nc1C#N,8.0,2,IC50,FASN,CHEMBL4158
Cc1ccc(C(=O)N2CC(c3ccc(C#N)cc3)C2)cc1-c1[nH]c(C2CC2)nc1CO,8.0,2,IC50,FASN,CHEMBL4158
Cc1ccc(C(=O)N2CC(c3ccc(C#N)cc3)C2)cc1-c1[nH]c(C2CC2)nc1Cl,8.154901959985743,2,IC50,FASN,CHEMBL4158
Cc1ccc(C(=O)N2CC(c3ccc(C#N)cc3)C2)cc1-c1[nH]c(C2CCC(O)CC2)nc1C,8.0,2,IC50,FASN,CHEMBL4158
Cc1ccc(C(=O)N2CC(c3ccc(C#N)cc3)C2)cc1-c1[nH]c(C2CCCO2)nc1C,7.431798275933005,2,IC50,FASN,CHEMBL4158
Cc1ccc(C(=O)N2CC(c3ccc(C#N)cc3)C2)cc1-c1[nH]c(C2CCCO2)nc1C#N,7.187086643357144,2,IC50,FASN,CHEMBL4158
Cc1ccc(C(=O)N2CC(c3ccc(C#N)cc3)C2)cc1-c1[nH]c(C2CCN(C)C2)nc1C(F)(F)F,7.356547323513812,2,IC50,FASN,CHEMBL4158
Cc1ccc(C(=O)N2CC(c3ccc(C#N)cc3)C2)cc1-c1[nH]c(C2CCN(C)CC2)nc1C,7.42021640338319,2,IC50,FASN,CHEMBL4158
Cc1ccc(C(=O)N2CC(c3ccc(C#N)cc3)C2)cc1-c1[nH]c(C2CCN(C)CC2)nc1C(F)(F)F,7.6777807052660805,2,IC50,FASN,CHEMBL4158
Cc1ccc(C(=O)N2CC(c3ccc(C#N)cc3)C2)cc1-c1[nH]c(C2CCOC2)nc1C,7.958607314841775,2,IC50,FASN,CHEMBL4158
Cc1ccc(C(=O)N2CC(c3ccc(C#N)cc3)C2)cc1-c1[nH]c(C2CCOC2)nc1C#N,7.853871964321762,2,IC50,FASN,CHEMBL4158
Cc1ccc(C(=O)N2CC(c3ccc(C#N)cc3)C2)cc1-c1[nH]c(C2CCOCC2)nc1C,7.958607314841775,2,IC50,FASN,CHEMBL4158
Cc1ccc(C(=O)N2CC(c3ccc(C#N)cc3)C2)cc1-c1[nH]c(C2CCOCC2)nc1C#N,7.958607314841775,2,IC50,FASN,CHEMBL4158
Cc1ccc(C(=O)N2CC(c3ccc(C#N)cc3)C2)cc1-c1[nH]c(C2CCOCC2)nc1C(F)(F)F,7.537602002101044,2,IC50,FASN,CHEMBL4158
Cc1ccc(C(=O)N2CC(c3ccc(C#N)cc3)C2)cc1-c1[nH]c(C2CCOCC2)nc1Cl,8.045757490560675,2,IC50,FASN,CHEMBL4158
Cc1ccc(C(=O)N2CC(c3ccc(C#N)cc3)C2)cc1-c1[nH]c(C2CN(C)C2)nc1C,7.187086643357144,2,IC50,FASN,CHEMBL4158
Cc1ccc(C(=O)N2CC(c3ccc(C#N)cc3)C2)cc1-c1[nH]c(CC#N)nc1C,7.638272163982407,2,IC50,FASN,CHEMBL4158
Cc1ccc(C(=O)N2CC(c3ccc(C#N)cc3)C2)cc1-c1[nH]c(CC#N)nc1Cl,7.6777807052660805,2,IC50,FASN,CHEMBL4158
Cc1ccc(C(=O)N2CC(c3ccc(C#N)cc3)C2)cc1-c1[nH]c(CC2CCOCC2)nc1C,7.200659450546418,2,IC50,FASN,CHEMBL4158
Cc1ccc(C(=O)N2CC(c3ccc(C#N)cc3)C2)cc1-c1[nH]c(CCC#N)nc1C,7.958607314841775,2,IC50,FASN,CHEMBL4158
Cc1ccc(C(=O)N2CC(c3ccc(C#N)cc3)C2)cc1-c1[nH]c(CCC#N)nc1Cl,7.7447274948966935,2,IC50,FASN,CHEMBL4158
Cc1ccc(C(=O)N2CC(c3ccc(C#N)cc3)C2)cc1-c1[nH]c(CCN2CCC2)nc1Cl,6.6777807052660805,2,IC50,FASN,CHEMBL4158
Cc1ccc(C(=O)N2CC(c3ccc(C#N)cc3)C2)cc1-c1[nH]c(CCO)nc1C,7.920818753952375,2,IC50,FASN,CHEMBL4158
Cc1ccc(C(=O)N2CC(c3ccc(C#N)cc3)C2)cc1-c1[nH]c(CCO)nc1C(F)(F)F,7.958607314841775,2,IC50,FASN,CHEMBL4158
Cc1ccc(C(=O)N2CC(c3ccc(C#N)cc3)C2)cc1-c1[nH]c(CCO)nc1Cl,8.045757490560675,2,IC50,FASN,CHEMBL4158
Cc1ccc(C(=O)N2CC(c3ccc(C#N)cc3)C2)cc1-c1[nH]c(CO)nc1C,7.055517327849831,2,IC50,FASN,CHEMBL4158
Cc1ccc(C(=O)N2CC(c3ccc(C#N)cc3)C2)cc1-c1[nH]c(CO)nc1C#N,7.366531544420414,2,IC50,FASN,CHEMBL4158
Cc1ccc(C(=O)N2CC(c3ccc(C#N)cc3)C2)cc1-c1[nH]c(CO)nc1C(F)(F)F,7.356547323513812,2,IC50,FASN,CHEMBL4158
Cc1ccc(C(=O)N2CC(c3ccc(C#N)cc3)C2)cc1-c1[nH]c(CO)nc1Cl,7.318758762624412,2,IC50,FASN,CHEMBL4158
Cc1ccc(C(=O)N2CC(c3ccc(C#N)cc3)C2)cc1-c1[nH]c(N2CCCC2)nc1C,6.060480747381382,2,IC50,FASN,CHEMBL4158
Cc1ccc(C(=O)N2CC(c3ccc(C#N)cc3)C2)cc1-c1[nH]nc(C#N)c1C,7.236572006437063,2,IC50,FASN,CHEMBL4158
Cc1ccc(C(=O)N2CC(c3ccc(C#N)cc3)C2)cc1-c1[nH]nc(C#N)c1Cl,7.173925197299173,2,IC50,FASN,CHEMBL4158
Cc1ccc(C(=O)N2CC(c3ccc(C#N)cc3)C2)cc1-c1[nH]nc(C)c1C,7.481486060122112,2,IC50,FASN,CHEMBL4158
Cc1ccc(C(=O)N2CC(c3ccc(C#N)cc3)C2)cc1-c1[nH]nc(C)c1C#N,6.356547323513812,2,IC50,FASN,CHEMBL4158
Cc1ccc(C(=O)N2CC(c3ccc(C#N)cc3)C2)cc1-c1[nH]nc(C)c1Cl,7.698970004336019,2,IC50,FASN,CHEMBL4158
Cc1ccc(C(=O)N2CC(c3ccc(C#N)cc3)C2)cc1-c1[nH]nc(C2CC2)c1C,7.251811972993799,2,IC50,FASN,CHEMBL4158
Cc1ccc(C(=O)N2CC(c3ccc(C#N)cc3)C2)cc1-c1[nH]nc(C2CCOC2)c1C,7.026872146400302,1,IC50,FASN,CHEMBL4158
Cc1ccc(C(=O)N2CC(c3ccc(C#N)cc3)C2)cc1-c1[nH]nc(Cl)c1C,7.380889167856243,3,IC50,FASN,CHEMBL4158
Cc1ccc(C(=O)N2CC(c3ccc(C#N)cc3)C2)cc1-c1[nH]nc(OCCO)c1C,7.638272163982407,1,IC50,FASN,CHEMBL4158
Cc1ccc(C(=O)N2CC(c3ccc(C#N)cc3)C2)cc1-c1[nH]ncc1C,7.6777807052660805,2,IC50,FASN,CHEMBL4158
Cc1ccc(C(=O)N2CC(c3ccc(C#N)cc3)C2)cc1-c1[nH]ncc1C#N,6.6777807052660805,2,IC50,FASN,CHEMBL4158
Cc1ccc(C(=O)N2CC(c3ccc(C#N)cc3)C2)cc1-c1[nH]ncc1Cl,7.721246399047171,2,IC50,FASN,CHEMBL4158
Cc1ccc(C(=O)N2CC(c3ccc(C#N)cc3)C2)cc1-c1nc2cc(N3CCC3)ncc2[nH]1,6.229147988357855,2,IC50,FASN,CHEMBL4158
Cc1ccc(C(=O)N2CC(c3ccc(C#N)cc3)C2)cc1-c1nc2cc(N3CCCC3)ncc2[nH]1,7.026872146400302,2,IC50,FASN,CHEMBL4158
Cc1ccc(C(=O)N2CC(c3ccc(C#N)cc3)C2)cc1-c1nc2cc(N3CCOCC3)ncc2[nH]1,6.537602002101044,2,IC50,FASN,CHEMBL4158
Cc1ccc(C(=O)N2CC(c3ccc(OC(C)C)cc3)C2)cc1-c1[nH]nc(OCCO)c1C,7.455931955649724,1,IC50,FASN,CHEMBL4158
Cc1ccc(C(=O)N2CCC(F)(c3ccc(C#N)cc3)CC2)cc1-c1[nH]c(C2CC2)nc1Cl,8.045757490560675,2,IC50,FASN,CHEMBL4158
Cc1ccc(C(=O)N2CCC(F)(c3ccc(C#N)cc3)CC2)cc1-c1[nH]cnc1Cl,7.337242168318426,1,IC50,FASN,CHEMBL4158
Cc1ccc(C(=O)N2CCC(F)(c3ccc(C#N)cc3)CC2)cc1-c1[nH]nc(C)c1Cl,7.00436480540245,2,IC50,FASN,CHEMBL4158
Cc1ccc(C(=O)N2CCC(F)(c3ccc(C#N)cc3)CC2)cc1-c1[nH]ncc1Cl,7.337242168318426,1,IC50,FASN,CHEMBL4158
Cc1ccc(C(=O)N2CCC(F)(c3ccc(C#N)cc3)CC2)cc1-c1nnc(N[C@@H]2CCOC2)[nH]1,5.756961951313706,1,IC50,FASN,CHEMBL4158
Cc1ccc(C(=O)N2CCC(F)(c3ccc(C#N)cc3)CC2)cc1NC(=O)NC1CCCC1,7.522878745280337,1,IC50,FASN,CHEMBL4158
Cc1ccc(C(=O)N2CCC(F)(c3ccc(C#N)cc3)CC2)cc1NC(=O)NC1CCCOC1,7.431798275933005,1,IC50,FASN,CHEMBL4158
Cc1ccc(C(=O)N2CCC(F)(c3ccc(C#N)cc3)CC2)cc1NC(=O)NC1CCOC1,7.431798275933005,1,IC50,FASN,CHEMBL4158
Cc1ccc(C(=O)N2CCC(F)(c3ccc(C#N)cc3)CC2)cc1NC(=O)NC1CCOCC1,7.187086643357144,1,IC50,FASN,CHEMBL4158
Cc1ccc(C(=O)N2CCC(F)(c3ccc(C#N)cc3)CC2)cc1NC(=O)NC1COC1,7.301029995663981,1,IC50,FASN,CHEMBL4158
Cc1ccc(C(=O)N2CCC(F)(c3ccc(C#N)cc3)CC2)cc1NC(=O)NCC(C)C,7.6020599913279625,1,IC50,FASN,CHEMBL4158
Cc1ccc(C(=O)N2CCC(F)(c3ccc(C#N)cc3)CC2)cc1NC(=O)NCC1CCN(C)CC1,6.468521082957745,1,IC50,FASN,CHEMBL4158
Cc1ccc(C(=O)N2CCC(F)(c3ccc(C#N)cc3)CC2)cc1NC(=O)NCC1CCNCC1,6.214670164989233,1,IC50,FASN,CHEMBL4158
Cc1ccc(C(=O)N2CCC(F)(c3ccc(C#N)cc3)CC2)cc1NC(=O)NC[C@@H]1CCCO1,7.301029995663981,1,IC50,FASN,CHEMBL4158
Cc1ccc(C(=O)N2CCC(F)(c3ccc(C#N)cc3)CC2)cc1NC(=O)NC[C@H]1CCCO1,7.455931955649724,1,IC50,FASN,CHEMBL4158
Cc1ccc(C(=O)N2CCC(F)(c3ccc(C#N)cc3)CC2)cc1NC(=O)N[C@@H]1CCOC1,7.3979400086720375,1,IC50,FASN,CHEMBL4158
Cc1ccc(C(=O)N2CCC(F)(c3ccc(C#N)cc3)CC2)cc1NC(=O)N[C@H]1CCOC1,6.709965388637482,1,IC50,FASN,CHEMBL4158
Cc1ccc(C(=O)N2CCC(F)(c3ccc(C#N)cc3)CC2)cc1NC(=O)OC1CCOC1,7.113509274827518,1,IC50,FASN,CHEMBL4158
Cc1ccc(C(=O)N2CCC(F)(c3ccc(C#N)cc3)CC2)cc1NC(=O)O[C@H]1CCOC1,7.031517051446065,1,IC50,FASN,CHEMBL4158
Cc1ccc(C(=O)N2CCC(F)(c3ccc(C#N)cc3)CC2)cc1NC(=O)c1ccc(N2CCC2)nc1,7.6020599913279625,1,IC50,FASN,CHEMBL4158
Cc1ccc(C(=O)N2CCC(F)(c3ccc(C#N)cc3)CC2)cc1NC(=O)c1ccc(NC(C)C)nc1,7.3979400086720375,1,IC50,FASN,CHEMBL4158
Cc1ccc(C(=O)N2CCC(F)(c3ccc(C#N)cc3)CC2)cc1NC(=O)c1cnc(N2CCC2)nc1,7.327902142064282,1,IC50,FASN,CHEMBL4158
Cc1ccc(C(=O)N2CCC(F)(c3ccc(C#N)cn3)CC2)cc1NC(=O)NC1CCOC1,6.573488738635424,1,IC50,FASN,CHEMBL4158
Cc1ccc(C(=O)N2CCC(F)(c3ccc(C#N)cn3)CC2)cc1NC(=O)NC1CCOCC1,5.931814138253838,1,IC50,FASN,CHEMBL4158
Cc1ccc(C(=O)N2CCC(F)(c3ccc(C#N)cn3)CC2)cc1NC(=O)NC1COC1,5.991399828238082,1,IC50,FASN,CHEMBL4158
Cc1ccc(C(=O)N2CCC(F)(c3ccc(C#N)cn3)CC2)cc1NC(=O)N[C@@H]1CCOC1,6.698970004336019,1,IC50,FASN,CHEMBL4158
Cc1ccc(C(=O)N2CCC(F)(c3ccc(C#N)cn3)CC2)cc1NC(=O)N[C@H]1CCOC1,6.161150909262744,1,IC50,FASN,CHEMBL4158
Cc1ccc(C(=O)N2CCC(F)(c3ccc(C#N)cn3)CC2)cc1NC(=O)c1ccc(N2CCC2)nc1,6.7447274948966935,1,IC50,FASN,CHEMBL4158
Cc1ccc(C(=O)N2CCC(F)(c3ccc(C#N)cn3)CC2)cc1NC(=O)c1ccc(NC(C)C)nc1,6.443697499232712,1,IC50,FASN,CHEMBL4158
Cc1ccc(C(=O)N2CCC(F)(c3ccc(C#N)cn3)CC2)cc1NC(=O)c1cnc(N2CCC2)nc1,6.508638306165727,1,IC50,FASN,CHEMBL4158
Cc1ccc(C(=O)N2CCC(c3ccc(C#N)cc3)CC2)cc1-c1[nH]c(C#N)nc1C,7.585026652029182,2,IC50,FASN,CHEMBL4158
Cc1ccc(C(=O)N2CCC(c3ccc(C#N)cc3)CC2)cc1-c1[nH]c(C#N)nc1Cl,7.275724130399211,2,IC50,FASN,CHEMBL4158
Cc1ccc(C(=O)N2CCC(c3ccc(C#N)cc3)CC2)cc1-c1[nH]c(C(C)C)nc1C,7.431798275933005,2,IC50,FASN,CHEMBL4158
Cc1ccc(C(=O)N2CCC(c3ccc(C#N)cc3)CC2)cc1-c1[nH]c(C(C)C)nc1Cl,8.045757490560675,2,IC50,FASN,CHEMBL4158
Cc1ccc(C(=O)N2CCC(c3ccc(C#N)cc3)CC2)cc1-c1[nH]c(C2(C)COC2)nc1C,7.6020599913279625,2,IC50,FASN,CHEMBL4158
Cc1ccc(C(=O)N2CCC(c3ccc(C#N)cc3)CC2)cc1-c1[nH]c(C2CC2)nc1C#N,7.795880017344075,2,IC50,FASN,CHEMBL4158
Cc1ccc(C(=O)N2CCC(c3ccc(C#N)cc3)CC2)cc1-c1[nH]c(C2CC2)nc1Cl,8.154901959985743,2,IC50,FASN,CHEMBL4158
Cc1ccc(C(=O)N2CCC(c3ccc(C#N)cc3)CC2)cc1-c1[nH]c(C2CCOCC2)nc1C,7.455931955649724,2,IC50,FASN,CHEMBL4158
Cc1ccc(C(=O)N2CCC(c3ccc(C#N)cc3)CC2)cc1-c1[nH]c(CC#N)nc1Cl,7.468521082957745,2,IC50,FASN,CHEMBL4158
Cc1ccc(C(=O)N2CCC(c3ccc(C#N)cc3)CC2)cc1-c1[nH]c(CCC#N)nc1Cl,7.698970004336019,2,IC50,FASN,CHEMBL4158
Cc1ccc(C(=O)N2CCC(c3ccc(C#N)cc3)CC2)cc1-c1[nH]c(CCN(C)C)nc1C,7.3872161432802645,2,IC50,FASN,CHEMBL4158
Cc1ccc(C(=O)N2CCC(c3ccc(C#N)cc3)CC2)cc1-c1[nH]c(CCO)nc1C,7.537602002101044,2,IC50,FASN,CHEMBL4158
Cc1ccc(C(=O)N2CCC(c3ccc(C#N)cc3)CC2)cc1-c1[nH]c(CO)nc1C,7.443697499232712,2,IC50,FASN,CHEMBL4158
Cc1ccc(C(=O)N2CCC(c3ccc(C#N)cc3)CC2)cc1-c1[nH]c(CO)nc1Cl,7.619788758288394,2,IC50,FASN,CHEMBL4158
Cc1ccc(C(=O)N2CCC(c3ccc(C#N)cc3)CC2)cc1-c1[nH]cnc1C,6.684029654543082,2,IC50,FASN,CHEMBL4158
Cc1ccc(C(=O)N2CCC(c3ccc(C#N)cc3)CC2)cc1-c1[nH]nc(C)c1Cl,7.096910013008056,2,IC50,FASN,CHEMBL4158
Cc1ccc(C(=O)N2CCC(c3ccc(C#N)cc3)CC2)cc1-c1[nH]nc(Cl)c1C,7.096910013008056,1,IC50,FASN,CHEMBL4158
Cc1ccc(C(=O)N2CCC(c3ccc(C#N)cc3)CC2)cc1-c1[nH]ncc1C,7.013228265733755,2,IC50,FASN,CHEMBL4158
Cc1ccc(C(=O)N2CCC(c3ccc(C#N)cc3)CC2)cc1-c1[nH]ncc1Cl,7.481486060122112,2,IC50,FASN,CHEMBL4158
Cc1ccc(C(=O)N2CCC(c3ccc(C#N)cc3)CC2)cc1-c1ccn[nH]1,5.66354026615147,2,IC50,FASN,CHEMBL4158
Cc1ccc(C(=O)N2CCC(c3ccc(C#N)cc3)CC2)cc1-c1cn[nH]c1C,6.508638306165727,1,IC50,FASN,CHEMBL4158
Cc1ccc(C(=O)N2CCC(c3ccc(C#N)cc3)CC2)cc1-c1nc2c([nH]1)CN(C(C)C)CC2,7.070581074285707,1,IC50,FASN,CHEMBL4158
Cc1ccc(C(=O)N2CCC(c3ccc(C#N)cc3)CC2)cc1-c1nc2c([nH]1)CN(C)CC2,6.838631997765026,1,IC50,FASN,CHEMBL4158
Cc1ccc(C(=O)N2CCC(c3ccc(C#N)cc3)CC2)cc1-c1nc2c([nH]1)CN(S(C)(=O)=O)CC2,6.698970004336019,1,IC50,FASN,CHEMBL4158
Cc1ccc(C(=O)N2CCC(c3ccc(C#N)cc3)CC2)cc1-c1nc2c([nH]1)COCC2,6.638272163982407,1,IC50,FASN,CHEMBL4158
Cc1ccc(C(=O)N2CCC(c3ccc(C#N)cc3)CC2)cc1-c1nc2cc(Cl)ncc2[nH]1,6.494850021680094,1,IC50,FASN,CHEMBL4158
Cc1ccc(C(=O)N2CCC(c3ccc(C#N)cc3)CC2)cc1-c1nc2cc(N(C)CCO)ncc2[nH]1,7.221848749616356,1,IC50,FASN,CHEMBL4158
Cc1ccc(C(=O)N2CCC(c3ccc(C#N)cc3)CC2)cc1-c1nc2cc(N3CC(O)C3)ncc2[nH]1,6.522878745280337,2,IC50,FASN,CHEMBL4158
Cc1ccc(C(=O)N2CCC(c3ccc(C#N)cc3)CC2)cc1-c1nc2cc(N3CCC3)ncc2[nH]1,7.346787486224656,1,IC50,FASN,CHEMBL4158
Cc1ccc(C(=O)N2CCC(c3ccc(C#N)cc3)CC2)cc1-c1nc2cc(N3CCCC3)ncc2[nH]1,6.97061622231479,2,IC50,FASN,CHEMBL4158
Cc1ccc(C(=O)N2CCC(c3ccc(C#N)cc3)CC2)cc1-c1nc2cc(N3CCN(C)CC3)ncc2[nH]1,6.144180730883825,2,IC50,FASN,CHEMBL4158
Cc1ccc(C(=O)N2CCC(c3ccc(C#N)cc3)CC2)cc1-c1nc2ccccc2[nH]1,6.008773924307505,2,IC50,FASN,CHEMBL4158
Cc1ccc(C(=O)N2CCC(c3ccc(C#N)cc3)CC2)cc1-c1nc2ccncc2[nH]1,6.269475954164671,2,IC50,FASN,CHEMBL4158
Cc1ccc(C(=O)N2CCC(c3ccc(C#N)cc3)CC2)cc1-c1nnc(C(C)C)[nH]1,5.629857152948897,1,IC50,FASN,CHEMBL4158
Cc1ccc(C(=O)N2CCC(c3ccc(C#N)cc3)CC2)cc1-c1nnc(C2CCOC2)[nH]1,5.629857152948897,1,IC50,FASN,CHEMBL4158
Cc1ccc(C(=O)N2CCC(c3ccc(C#N)cc3)CC2)cc1-c1nnc(N[C@@H]2CCOC2)[nH]1,4.932557157223619,1,IC50,FASN,CHEMBL4158
Cc1ccc(C(=O)N2CCC(c3ccc(C#N)cc3)CC2)cc1-c1nnc(N[C@H]2CCOC2)[nH]1,5.042871802323187,1,IC50,FASN,CHEMBL4158
Cc1ccc(C(=O)N2CCC(c3ccc(C#N)cc3)CC2)cc1C(=O)NC1CCOC1,5.272214825817095,1,IC50,FASN,CHEMBL4158
Cc1ccc(C(=O)N2CCC(c3ccc(C#N)cc3)CC2)cc1C(=O)NCC1CCCO1,4.662540738709344,1,IC50,FASN,CHEMBL4158
Cc1ccc(C(=O)N2CCC(c3ccc(C#N)cc3)CC2)cc1C(=O)Nc1ccc(N(C)CCO)nc1,6.4089353929735005,1,IC50,FASN,CHEMBL4158
Cc1ccc(C(=O)N2CCC(c3ccc(C#N)cc3)CC2)cc1C(=O)Nc1ccc(N2CC(O)C2)nc1,5.8696662315049934,1,IC50,FASN,CHEMBL4158
Cc1ccc(C(=O)N2CCC(c3ccc(C#N)cc3)CC2)cc1C(=O)Nc1ccc(N2CCCC2)nc1,7.455931955649724,2,IC50,FASN,CHEMBL4158
Cc1ccc(C(=O)N2CCC(c3ccc(C#N)cc3)CC2)cc1C(=O)Nc1ccc(N2CCN(C)CC2)nc1,5.703334809738469,1,IC50,FASN,CHEMBL4158
Cc1ccc(C(=O)N2CCC(c3ccc(C#N)cc3)CC2)cc1NC(=O)c1ccc(N2CCCC2)nc1,7.301029995663981,1,IC50,FASN,CHEMBL4158
Cc1ccc(C(=O)N2CCC(c3ccc(C#N)cc3)CC2)cc1Nc1cc(C(=O)N2CCN(C)CC2)ccn1,5.417936637088291,1,IC50,FASN,CHEMBL4158
Cc1ccc(C(=O)N2CCC(c3ccc(C#N)cc3)CC2)cc1Nc1cc(C(=O)NC2CC2)ccn1,6.431798275933005,1,IC50,FASN,CHEMBL4158
Cc1ccc(C(=O)N2CCC(c3ccc(C#N)cc3)CC2)cc1Nc1ccc(C(=O)N2CCN(C)CC2)cn1,6.050609993355087,1,IC50,FASN,CHEMBL4158
Cc1ccc(C(=O)N2CCC(c3ccc(C#N)cc3)CC2)cc1Nc1ccc(C(=O)NC(C)C)cn1,5.638272163982407,1,IC50,FASN,CHEMBL4158
Cc1ccc(C(=O)N2CCC(c3ccc(C#N)cc3)CC2)cc1Nc1ccc(C(=O)NC2CC2)cn1,6.568636235841012,1,IC50,FASN,CHEMBL4158
Cc1ccc(C(=O)N2CCC(c3ccc(C#N)cc3)CC2)cc1Nc1cncc(C(=O)NC(C)C)c1,6.327902142064282,1,IC50,FASN,CHEMBL4158
Cc1ccc(C(=O)N2CCC(c3ccc(C#N)cc3)CC2)cc1Nc1nc2cnccc2[nH]1,4.373659632624958,1,IC50,FASN,CHEMBL4158
Cc1ccc(C(=O)N2CCC(c3ccc(C#N)cc3)CC2)cc1Nc1nc2nc(NC(C)C)ccc2[nH]1,4.485014189505963,1,IC50,FASN,CHEMBL4158
Cc1ccc(C(=O)N2CCC(c3ccc(C#N)cc3)CC2)cc1Nc1nnc(-c2cccnc2)o1,6.0,1,IC50,FASN,CHEMBL4158
Cc1ccc(C(=O)N2CCC(c3ccc(C#N)cc3)CC2)cc1Nc1nnc(-c2ccncc2)o1,6.154901959985743,1,IC50,FASN,CHEMBL4158
Cc1ccc(C(=O)N2CCC(c3ccc(C#N)cc3)CC2)cc1Nc1nnc(C(C)C)[nH]1,4.5215778122599195,1,IC50,FASN,CHEMBL4158
Cc1ccc(C(=O)N2CCC(c3ccc(C#N)cc3)CC2)nc1NC(=O)c1ccc(NC(C)C)nc1,4.486782399932061,1,IC50,FASN,CHEMBL4158
Cc1ccc(C(=O)N2CCC(c3ccc(C#N)cn3)CC2)cc1NC(=O)NC(C)C,5.537602002101044,1,IC50,FASN,CHEMBL4158
Cc1ccc(C(=O)N2CCC(c3ccc(C#N)cn3)CC2)cc1NC(=O)NC1CCC1,5.270835210307229,1,IC50,FASN,CHEMBL4158
Cc1ccc(C(=O)N2CCC(c3ccc(C#N)cn3)CC2)cc1NC(=O)NC1CCCC1,5.560667306169737,1,IC50,FASN,CHEMBL4158
Cc1ccc(C(=O)N2CCC(c3ccc(C#N)cn3)CC2)cc1NC(=O)NC1CCOC1,5.787812395596042,1,IC50,FASN,CHEMBL4158
Cc1ccc(C(=O)N2CCC(c3ccc(C#N)cn3)CC2)cc1NC(=O)NC1CCOCC1,5.056505484093897,1,IC50,FASN,CHEMBL4158
Cc1ccc(C(=O)N2CCC(c3ccc(C#N)cn3)CC2)cc1NC(=O)c1ccc(N2CCC2)nc1,6.167491087293763,1,IC50,FASN,CHEMBL4158
Cc1ccc(C(=O)N2CCC(c3ccc(C#N)cn3)CC2)cc1NC(=O)c1ccc(NC(C)C)nc1,6.2839966563652006,1,IC50,FASN,CHEMBL4158
Cc1ccc(C(=O)N2CCC(c3ccc(C#N)cn3)CC2)cc1NC(=O)c1cnc(N2CCC2)nc1,5.7055337738384075,1,IC50,FASN,CHEMBL4158
Cc1ccc(C(=O)N2CCC(c3ccc(C#N)nc3)CC2)cc1NC(=O)c1ccc(NC(C)C)nc1,5.769551078621726,1,IC50,FASN,CHEMBL4158
Cc1ccc(C(=O)N2CCC(c3ccc4nncn4c3)CC2)cc1NC(=O)c1ccc(Cl)nc1,7.031517051446065,1,IC50,FASN,CHEMBL4158
Cc1ccc(C(=O)N2CCC(c3ccncc3)CC2)cc1C(=O)Nc1ccc(N2CCCC2)nc1,4.519131076312832,1,IC50,FASN,CHEMBL4158
Cc1ccc(C(=O)N2CCC(c3ccncc3)CC2)cc1NC(=O)c1ccc(N2CCC2)nc1,5.560667306169737,1,IC50,FASN,CHEMBL4158
Cc1ccc(C(=O)N2CCC3(CC2)OCc2cc(C#N)ccc23)cc1NC(=O)N1CCCC1,4.732828271596986,1,IC50,FASN,CHEMBL4158
Cc1ccc(C(=O)N2CCC3(CC2)OCc2cc(C#N)ccc23)cc1NC(=O)NC1CCN(C)CC1,6.508638306165727,1,IC50,FASN,CHEMBL4158
Cc1ccc(C(=O)N2CCC3(CC2)OCc2cc(C#N)ccc23)cc1NC(=O)NC1CCNCC1,6.376750709602099,1,IC50,FASN,CHEMBL4158
Cc1ccc(C(=O)N2CCC3(CC2)OCc2cc(C#N)ccc23)cc1NC(=O)NCC(C)C,6.055517327849831,1,IC50,FASN,CHEMBL4158
Cc1ccc(C(=O)N2CCC3(CC2)OCc2cc(C#N)ccc23)cc1NC(=O)NCC1CCCO1,6.508638306165727,1,IC50,FASN,CHEMBL4158
Cc1ccc(C(=O)N2CCC3(CC2)OCc2cc(C#N)ccc23)cc1NC(=O)NC[C@@H]1CCCO1,7.301029995663981,1,IC50,FASN,CHEMBL4158
Cc1ccc(C(=O)N2CCC3(CC2)OCc2cc(C#N)ccc23)cc1NC(=O)NC[C@H]1CCCO1,6.7447274948966935,1,IC50,FASN,CHEMBL4158
Cc1ccc(C(=O)N2CCC3(CC2)OCc2cc(C#N)ccc23)cc1NC(=O)c1ccc(N(C)CCO)nc1,6.607303046740334,1,IC50,FASN,CHEMBL4158
Cc1ccc(C(=O)N2CCC3(CC2)OCc2cc(C#N)ccc23)cc1NC(=O)c1ccc(N2CCCC2)nc1,6.481486060122112,1,IC50,FASN,CHEMBL4158
Cc1ccc(C(=O)N2CCC3(CC2)OCc2cc(C#N)ccc23)cc1NC(=O)c1ccc(N2CCN(C)CC2)nc1,6.638272163982407,1,IC50,FASN,CHEMBL4158
Cc1ccc(C(=O)N2CCC3(CC2)OCc2cc(C#N)ccc23)cc1NC(=O)c1ccc(N2CCNCC2)nc1,6.094204119632131,1,IC50,FASN,CHEMBL4158
Cc1ccc(C(=O)N2CCC3(CC2)OCc2cc(C#N)ccc23)cc1NC(=O)c1ccc(NC(C)C)nc1,6.853871964321762,1,IC50,FASN,CHEMBL4158
Cc1ccc(C(=O)N2CCC3(CC2)OCc2cc(C#N)ccc23)cc1NC(=O)c1ccc(NCCO)nc1,6.443697499232712,1,IC50,FASN,CHEMBL4158
Cc1ccc(C(=O)N2CCCC(c3ccc(C#N)cc3)CC2)cc1NC(=O)c1ccc(NC(C)C)nc1,7.301029995663981,1,IC50,FASN,CHEMBL4158
Cc1ccc(C2CCN(C(=O)c3cc(-c4nc5c([nH]4)COCC5)c(C)cc3C)CC2)cc1,6.045757490560675,1,IC50,FASN,CHEMBL4158
Cc1ccc(NC(=O)O[C@@H]2CCOC2)cc1C(=O)N1CCC(F)(c2ccc(C#N)cc2)CC1,6.376750709602099,1,IC50,FASN,CHEMBL4158
Cc1ccnc(NS(=O)(=O)c2ccc(NC(=O)Nc3ccc(S(=O)(=O)Nc4nccc(C)n4)cc3)cc2)n1,7.801342913045577,1,IC50,FASN,CHEMBL4158
Cc1cnc(-c2cc(C(=O)N3CCC(c4ccc(C#N)cc4)CC3)c(C)cc2C2CCC2)[nH]1,7.522878745280337,1,IC50,FASN,CHEMBL4158
Cc1n[nH]c(C)c1-c1cccc(C(=O)N2CC(c3ccc(C#N)cc3)C2)c1,4.301029995663981,2,IC50,FASN,CHEMBL4158
Cc1nc(-c2cc(C(=O)N3CCC(c4ccc(C#N)cc4)CC3)c(C)cc2C2CCC2)n[nH]1,7.014362075630947,2,IC50,FASN,CHEMBL4158
Cc1nc(C#N)c(-c2cc(C(=O)N3CC(F)(c4ccc(C#N)cc4)C3)c(C)cc2C)[nH]1,7.443697499232712,2,IC50,FASN,CHEMBL4158
Cc1nc(C#N)c(-c2cc(C(=O)N3CC(c4ccc(C#N)cc4)C3)c(C)cc2C)[nH]1,7.669709531732837,3,IC50,FASN,CHEMBL4158
Cc1nc(C#N)c(-c2cc(C(=O)N3CC(c4ccc(C#N)cc4)C3)ccc2C)[nH]1,7.769551078621726,1,IC50,FASN,CHEMBL4158
Cc1nc(C#N)c(-c2cc(C(=O)N3CCC(c4ccc(C#N)cc4)CC3)ccc2C)[nH]1,7.7447274948966935,2,IC50,FASN,CHEMBL4158
Cc1nc(C(F)(F)F)[nH]c1-c1cc(C(=O)N2CC(c3ccc(C#N)cc3)C2)ccc1N1CCC1,7.7447274948966935,2,IC50,FASN,CHEMBL4158
Cc1nc(C(F)(F)F)c(-c2cc(C(=O)N3CC(F)(c4ccc(C#N)cc4)C3)c(C)cc2C)[nH]1,7.920818753952375,2,IC50,FASN,CHEMBL4158
Cc1nc(C(F)(F)F)c(-c2cc(C(=O)N3CC(F)(c4ccc(C#N)cc4)C3)ccc2C)[nH]1,7.920818753952375,2,IC50,FASN,CHEMBL4158
Cc1nc(C(F)(F)F)c(-c2cc(C(=O)N3CC(c4ccc(C#N)cc4)C3)c(C)cc2C)[nH]1,7.853871964321762,2,IC50,FASN,CHEMBL4158
Cc1nc(C(F)(F)F)c(-c2cc(C(=O)N3CC(c4ccc(C#N)cc4)C3)ccc2C)[nH]1,7.666273523555023,4,IC50,FASN,CHEMBL4158
Cc1nc(C)c(-c2cc(C(=O)N3CC(c4ccc(C#N)cc4)C3)c(C)cc2C)[nH]1,7.7447274948966935,2,IC50,FASN,CHEMBL4158
Cc1nc(C)c(-c2cc(C(=O)N3CC(c4ccc(C#N)cc4)C3)ccc2C(F)(F)F)[nH]1,7.229147988357855,2,IC50,FASN,CHEMBL4158
Cc1nc(C)c(-c2cc(C(=O)N3CC(c4ccc(C#N)cc4)C3)ccc2C)[nH]1,8.0,2,IC50,FASN,CHEMBL4158
Cc1nc(C)c(-c2cc(C(=O)N3CC(c4ccc(C#N)cc4)C3)ccc2Cl)[nH]1,7.142667503568731,2,IC50,FASN,CHEMBL4158
Cc1nc(C)c(-c2cc(C(=O)N3CC(c4ccc(C#N)cc4)C3)ccc2N2CC(C)C2)[nH]1,7.619788758288394,2,IC50,FASN,CHEMBL4158
Cc1nc(C)c(-c2cc(C(=O)N3CC(c4ccc(C#N)cc4)C3)ccc2N2CCC2)[nH]1,7.537602002101044,2,IC50,FASN,CHEMBL4158
Cc1nc(C)c(-c2cc(C(=O)N3CC(c4ccc(C#N)cc4)C3)ccc2N2CCCC2)[nH]1,7.920818753952375,2,IC50,FASN,CHEMBL4158
Cc1nc(C)c(-c2cc(C(=O)N3CCC(c4ccc(C#N)cc4)CC3)c(C)cc2C)[nH]1,7.619788758288394,2,IC50,FASN,CHEMBL4158
Cc1nc(C)c(-c2cc(C(=O)N3CCC(c4ccc(C#N)cc4)CC3)ccc2C)[nH]1,7.494850021680094,2,IC50,FASN,CHEMBL4158
Cc1nc(C)c(-c2cc(C(=O)N3CCC(c4ccc(C#N)cc4)CC3)ccc2Cl)[nH]1,6.838631997765026,2,IC50,FASN,CHEMBL4158
Cc1nc(C)c(-c2cc(C(=O)N3CCC(c4ccc(Cl)cc4)C3)ccc2C)[nH]1,5.542118103266008,2,IC50,FASN,CHEMBL4158
Cc1nc(C)c(-c2cc(C(=O)N3CCC(c4ccc(Cl)cc4)CC3)ccc2C)[nH]1,7.494850021680094,2,IC50,FASN,CHEMBL4158
Cc1nc(C)c(-c2cc(C(=O)N3CCC(c4ccc5nncn5c4)CC3)ccc2C)[nH]1,5.036684488613888,2,IC50,FASN,CHEMBL4158
Cc1nc(C)c(-c2cc(C(=O)N3CCC(c4ccn5c(C)ncc5c4)CC3)c(C)cc2C)[nH]1,5.603800652904264,2,IC50,FASN,CHEMBL4158
Cc1nc(C)c(-c2cc(C(=O)N3CCC(c4ccn5c(C)ncc5c4)CC3)ccc2C2CC2)[nH]1,6.0,2,IC50,FASN,CHEMBL4158
Cc1nc(C)c(-c2cc(C(=O)N3CCC(c4ccn5c(Cl)ncc5c4)CC3)c(C)cc2C)[nH]1,6.522878745280337,2,IC50,FASN,CHEMBL4158
Cc1nc(C)c(-c2cc(C(=O)N3CCC(c4ccn5cnc(C)c5c4)CC3)c(C)cc2C)[nH]1,5.625251653989896,1,IC50,FASN,CHEMBL4158
Cc1nc(C)c(-c2cc(C(=O)N3CCC(c4ccn5cnc(C)c5c4)CC3)ccc2C2CC2)[nH]1,6.376750709602099,2,IC50,FASN,CHEMBL4158
Cc1nc(C)c(-c2cc(C(=O)N3CCC(c4ccn5cnc(Cl)c5c4)CC3)c(C)cc2C)[nH]1,6.823908740944319,2,IC50,FASN,CHEMBL4158
Cc1nc(C)c(-c2cc(C(=O)N3CCC(c4ccn5cncc5c4)CC3)c(C)cc2C)[nH]1,6.688246138944246,2,IC50,FASN,CHEMBL4158
Cc1nc(C)c(-c2cc(C(=O)N3CCC(c4ccn5cncc5c4)CC3)ccc2C)[nH]1,6.982966660701219,2,IC50,FASN,CHEMBL4158
Cc1nc(C)c(-c2cc(C(=O)N3CCC(c4ccn5cncc5c4)CC3)ccc2C2CCC2)[nH]1,7.301029995663981,2,IC50,FASN,CHEMBL4158
Cc1nc(C)c(-c2cc(C(=O)N3CCC(c4ccn5cnnc5c4)CC3)ccc2C)[nH]1,4.301029995663981,2,IC50,FASN,CHEMBL4158
Cc1nc(C)c(-c2cc(C(=O)N3CCC(c4ccn5ncc(C)c5c4)CC3)c(C)cc2C)[nH]1,5.625251653989896,1,IC50,FASN,CHEMBL4158
Cc1nc(C)c(-c2cc(C(=O)N3CCC(c4ccn5nncc5c4)CC3)ccc2C)[nH]1,6.207608310501746,2,IC50,FASN,CHEMBL4158
Cc1nc(C)c(-c2ccc(C)c(C(=O)N3CCC(c4ccc(C#N)cc4)CC3)c2)[nH]1,6.267606240177031,2,IC50,FASN,CHEMBL4158
Cc1nc(C)c(-c2cccc(C(=O)N3CCC(c4ccc(C#N)cc4)CC3)c2)[nH]1,5.772113295386326,2,IC50,FASN,CHEMBL4158
Cc1nc(CC(F)(F)F)c(-c2cc(C(=O)N3CC(c4ccc(C#N)cc4)C3)c(C)cc2C)[nH]1,7.721246399047171,2,IC50,FASN,CHEMBL4158
Cc1nc(CC(F)(F)F)c(-c2cc(C(=O)N3CC(c4ccc(C#N)cc4)C3)ccc2C)[nH]1,7.619788758288394,2,IC50,FASN,CHEMBL4158
Cc1nc(CCO)c(-c2cc(C(=O)N3CC(c4ccc(C#N)cc4)C3)ccc2C)[nH]1,7.040958607678906,2,IC50,FASN,CHEMBL4158
Cc1nc(CO)c(-c2cc(C(=O)N3CC(c4ccc(C#N)cc4)C3)c(C)cc2C)[nH]1,7.721246399047171,2,IC50,FASN,CHEMBL4158
Cc1nc(CO)c(-c2cc(C(=O)N3CC(c4ccc(C#N)cc4)C3)ccc2C)[nH]1,7.795880017344075,2,IC50,FASN,CHEMBL4158
Cc1nc(Cl)c(-c2cc(C(=O)N3CC(c4ccc(C#N)cc4)C3)c(C)cc2C)[nH]1,7.958607314841775,2,IC50,FASN,CHEMBL4158
Cc1nc(Cl)c(-c2cc(C(=O)N3CC(c4ccc(C#N)cc4)C3)ccc2C)[nH]1,8.221848749616356,2,IC50,FASN,CHEMBL4158
Cc1nc(Cl)c(-c2cc(C(=O)N3CCC(F)(c4ccc(C#N)cc4)CC3)ccc2C)[nH]1,8.221848749616356,2,IC50,FASN,CHEMBL4158
Cc1nc(Cl)c(-c2cc(C(=O)N3CCC(c4ccc(C#N)cc4)CC3)c(C)cc2C)[nH]1,7.920818753952375,2,IC50,FASN,CHEMBL4158
Cc1nc(Cl)c(-c2cc(C(=O)N3CCC(c4ccc(C#N)cc4)CC3)ccc2C)[nH]1,8.301029995663981,2,IC50,FASN,CHEMBL4158
Cc1nc(Cl)c(-c2cccc(C(=O)N3CC(c4ccc(C#N)cc4)C3)c2)[nH]1,7.318758762624412,2,IC50,FASN,CHEMBL4158
Cc1nc(Cl)c(-c2cccc(C(=O)N3CCC(c4ccc(C#N)cc4)CC3)c2)[nH]1,7.096910013008056,2,IC50,FASN,CHEMBL4158
Cc1ncc(-c2cc(C(=O)N3CCC(F)(c4ccc(C#N)cc4)CC3)c(C)cc2C2CCC2)[nH]1,7.221848749616356,1,IC50,FASN,CHEMBL4158
Cc1ncc(-c2cc(C(=O)N3CCC(F)(c4ccc(C#N)cc4)CC3)ccc2C2CCC2)[nH]1,7.0,1,IC50,FASN,CHEMBL4158
Cc1ncc(-c2cc(C(=O)N3CCC(c4ccc(C#N)cc4)CC3)c(C)cc2C2CCC2)[nH]1,7.301029995663981,1,IC50,FASN,CHEMBL4158
Cc1ncc(-c2cc(C(=O)N3CCC(c4ccc(C#N)cc4)CC3)ccc2C)[nH]1,6.610833915635467,2,IC50,FASN,CHEMBL4158
Cc1ncc(-c2cc(C(=O)N3CCC(c4ccc(C#N)cc4)CC3)ccc2C2CCC2)[nH]1,6.920818753952375,1,IC50,FASN,CHEMBL4158
Cc1ncc(-c2cc(C(=O)N3CCC(c4ccc(C#N)cc4)CC3)ccc2N2CCC2)[nH]1,6.6777807052660805,1,IC50,FASN,CHEMBL4158
Cc1ncc(C(=O)N2CCC(c3ccc(C#N)cc3)CC2)cc1NC(=O)NCC(C)C,5.2168113089247425,1,IC50,FASN,CHEMBL4158
Cc1ncc(C(=O)N2CCC(c3ccc(C#N)cc3)CC2)cc1NC(=O)c1ccc(N2CCCC2)nc1,6.341988603342887,1,IC50,FASN,CHEMBL4158
Cc1ncc(C(=O)N2CCC(c3ccc(C#N)cc3)CC2)cc1NC(=O)c1ccc(NC(C)C)nc1,6.151810883008601,1,IC50,FASN,CHEMBL4158
Cc1ncc(C(=O)N2CCC3(CC2)OCc2cc(C#N)ccc23)cc1NC(=O)NCC(C)C,4.431798275933005,1,IC50,FASN,CHEMBL4158
Cc1ncc(C(=O)N2CCC3(CC2)OCc2cc(C#N)ccc23)cc1NC(=O)c1ccc(N2CCCC2)nc1,5.958607314841775,1,IC50,FASN,CHEMBL4158
Cc1ncc(C(=O)N2CCC3(CC2)OCc2cc(C#N)ccc23)cc1NC(=O)c1ccc(NC(C)C)nc1,5.145693958198919,1,IC50,FASN,CHEMBL4158
Cc1nnc(-c2cc(C(=O)N3CC(F)(c4ccc(C#N)cc4)C3)c(C)cc2C2CCC2)[nH]1,7.229147988357855,2,IC50,FASN,CHEMBL4158
Cc1nnc(-c2cc(C(=O)N3CC(c4ccc(C#N)cc4)C3)c(C)cc2C2CCC2)[nH]1,7.3979400086720375,2,IC50,FASN,CHEMBL4158
Cc1nnc(-c2cc(C(=O)N3CC(c4ccc(C#N)cc4)C3)ccc2C2CCC2)[nH]1,7.013228265733755,2,IC50,FASN,CHEMBL4158
Cc1nnc(-c2cc(C(=O)N3CCC(F)(c4ccc(C#N)cc4)CC3)c(C)cc2C2CCC2)[nH]1,7.2441251443275085,1,IC50,FASN,CHEMBL4158
Cc1nnc(-c2cc(C(=O)N3CCC(F)(c4ccc(C#N)cc4)CC3)ccc2C2CCC2)[nH]1,7.045757490560675,1,IC50,FASN,CHEMBL4158
Cc1nnc(-c2cc(C(=O)N3CCC(c4ccc(C#N)c(C)c4)CC3)c(C)cc2C2CCC2)[nH]1,6.638272163982407,2,IC50,FASN,CHEMBL4158
Cc1nnc(-c2cc(C(=O)N3CCC(c4ccc(C#N)c(Cl)c4)CC3)c(C)cc2C2CCC2)[nH]1,6.494850021680094,2,IC50,FASN,CHEMBL4158
Cc1nnc(-c2cc(C(=O)N3CCC(c4ccc(C#N)c(F)c4)CC3)c(C)cc2C2CCC2)[nH]1,6.838631997765026,2,IC50,FASN,CHEMBL4158
Cc1nnc(-c2cc(C(=O)N3CCC(c4ccc(C#N)cc4)CC3)c(C)cc2C2CCCC2)[nH]1,6.508638306165727,1,IC50,FASN,CHEMBL4158
Cc1nnc(-c2cc(C(=O)N3CCC(c4ccc(C#N)cc4)CC3)c(C)cc2C2CCCO2)[nH]1,6.075720713938118,2,IC50,FASN,CHEMBL4158
Cc1nnc(-c2cc(C(=O)N3CCC(c4ccc(C#N)cc4)CC3)c(C)cc2N(C)C)[nH]1,6.552841968657781,2,IC50,FASN,CHEMBL4158
Cc1nnc(-c2cc(C(=O)N3CCC(c4ccc(C#N)cc4)CC3)c(C)cc2N2CC(C)C2)[nH]1,7.008773924307505,2,IC50,FASN,CHEMBL4158
Cc1nnc(-c2cc(C(=O)N3CCC(c4ccc(C#N)cc4)CC3)c(C)cc2N2CCC(C)C2)[nH]1,7.154901959985743,2,IC50,FASN,CHEMBL4158
Cc1nnc(-c2cc(C(=O)N3CCC(c4ccc(C#N)cc4)CC3)c(C)cc2N2CCCC2)[nH]1,6.886056647693163,1,IC50,FASN,CHEMBL4158
Cc1nnc(-c2cc(C(=O)N3CCC(c4ccc(C#N)cc4)CC3)c(C)cc2N2CCCCC2)[nH]1,6.275724130399211,2,IC50,FASN,CHEMBL4158
Cc1nnc(-c2cc(C(=O)N3CCC(c4ccc(C#N)cc4)CC3)c(C)cc2N2CCC[C@@H]2C)[nH]1,6.853871964321762,2,IC50,FASN,CHEMBL4158
Cc1nnc(-c2cc(C(=O)N3CCC(c4ccc(C#N)cc4)CC3)c(C)cc2N2CCC[C@H]2C)[nH]1,5.485452247339714,2,IC50,FASN,CHEMBL4158
Cc1nnc(-c2cc(C(=O)N3CCC(c4ccc(C#N)cc4)CC3)c(C)cc2N2CCN(C)CC2)[nH]1,5.46344155742847,2,IC50,FASN,CHEMBL4158
Cc1nnc(-c2cc(C(=O)N3CCC(c4ccc(C#N)cc4)CC3)c(C)cc2N2CCOCC2)[nH]1,6.050609993355087,2,IC50,FASN,CHEMBL4158
Cc1nnc(-c2cc(C(=O)N3CCC(c4ccc(C#N)cc4)CC3)c(C)cc2[C@H]2C[C@@H](F)C2)[nH]1,5.253365801062421,2,IC50,FASN,CHEMBL4158
Cc1nnc(-c2cc(C(=O)N3CCC(c4ccc(C#N)cc4)CC3)c(C)cc2[C@H]2C[C@@H](O)C2)[nH]1,6.619788758288394,2,IC50,FASN,CHEMBL4158
Cc1nnc(-c2cc(C(=O)N3CCC(c4ccc(C#N)cc4)CC3)c(C)cc2[C@H]2C[C@H](F)C2)[nH]1,5.647817481888637,2,IC50,FASN,CHEMBL4158
Cc1nnc(-c2cc(C(=O)N3CCC(c4ccc(C#N)cc4)CC3)c(C)cc2[C@H]2C[C@H](O)C2)[nH]1,7.154901959985743,2,IC50,FASN,CHEMBL4158
Cc1nnc(-c2cc(C(=O)N3CCC(c4ccc(C#N)cc4)CC3)ccc2N2CCC2)[nH]1,6.6777807052660805,1,IC50,FASN,CHEMBL4158
Cc1nnc(-c2cc(C(=O)N3CCC(c4ccc(C#N)cc4C)CC3)c(C)cc2C2CCC2)[nH]1,6.008773924307505,2,IC50,FASN,CHEMBL4158
Cc1nnc(-c2cc(C(=O)N3CCC(c4ccc(C#N)cc4Cl)CC3)c(C)cc2C2CCC2)[nH]1,6.167491087293763,2,IC50,FASN,CHEMBL4158
Cc1nnc(-c2cc(C(=O)N3CCC(c4ccc(C#N)cc4F)CC3)c(C)cc2C2CCC2)[nH]1,6.698970004336019,2,IC50,FASN,CHEMBL4158
Cc1nnc(-c2cc(C(=O)N3CCC(c4ccc(C(F)(F)F)cc4)CC3)c(C)cc2C2CCC2)[nH]1,7.154901959985743,1,IC50,FASN,CHEMBL4158
Cc1nnc(-c2cc(C(=O)N3CCC(c4ccc(C(F)F)cc4)CC3)c(C)cc2C2CCC2)[nH]1,6.958607314841775,1,IC50,FASN,CHEMBL4158
Cc1nnc(-c2cc(C(=O)N3CCC(c4ccc5nccn5c4)CC3)c(C)cc2C2CCC2)[nH]1,5.435333935747911,2,IC50,FASN,CHEMBL4158
Cn1c(-c2ccc(C(=O)N3CCN(C(=O)C4(O)CC4)CC3)cc2)cc2ccccc21,7.318194010053928,2,IC50,FASN,CHEMBL4158
Cn1cc(-c2ccc(-c3ccc(C4=NC(C)(C)C(=O)N4CC4CN(C(=O)C5(C)CC5)C4)c(F)c3)cc2)cn1,7.17979854051436,2,IC50,FASN,CHEMBL4158
Cn1cc(-c2ccc(-c3ccc(C4=NC(C)(C)C(=O)N4CC4CN(C(=O)C5(O)CC5)C4)c(F)c3)cc2)cn1,6.279840696594043,2,IC50,FASN,CHEMBL4158
Cn1cc(-c2ccc(-c3ccc(C4=NC(C)(C)C(=O)N4CC4CN(C(=O)C5CC5)C4)c(F)c3)cc2)cn1,6.739928612014925,2,IC50,FASN,CHEMBL4158
Cn1cc(-c2ccc(-c3ccc(C4=NC(C)(C)C(=O)N4CC4CN(C(=O)C5CC5)C4)cc3)cc2)cn1,6.259637310505756,2,IC50,FASN,CHEMBL4158
Cn1cc(-c2ccc(-c3ccc(C4=NC(C)(C)C(=O)N4C[C@@H]4CCN(C(=O)C5(C)CC5)C4)c(F)c3)cc2)cn1,7.259637310505756,2,IC50,FASN,CHEMBL4158
Cn1cc(-c2ccc(-c3ccc(C4=NC(C)(C)C(=O)N4C[C@@H]4CCN(C(=O)C5(O)CC5)C4)c(F)c3)cc2)cn1,7.51999305704285,3,IC50,FASN,CHEMBL4158
Cn1cc(-c2ccc(-c3ccc(C4=NC(C)(C)C(=O)N4C[C@@H]4CCN(C(=O)C5CC5)C4)c(F)c3)cc2)cn1,7.199970640755866,2,IC50,FASN,CHEMBL4158
Cn1cc(-c2ccc(-c3ccc(C4=NC(C)(C)C(=O)N4C[C@@H]4CCN(C(=O)C5CC5)C4)cc3)cc2)cn1,6.991399828238082,2,IC50,FASN,CHEMBL4158
Cn1cc(-c2ccc(-c3ccc(C4=NC5(CC5)C(=O)N4C[C@@H]4CCN(C(=O)C5CC5)C4)cc3)cc2)cn1,7.410224104417406,2,IC50,FASN,CHEMBL4158
Cn1cc(-c2cccc(-c3c(O)nc4cc(Cl)c(C#N)cc4c3O)c2)cn1,6.13430394008393,1,IC50,FASN,CHEMBL4158
Cn1ccc(C(=O)N2CC[C@@H](CN3C(=O)C4(CC4)N=C3c3ccc(-c4ccc5occc5c4)cc3)C2)n1,6.346787486224656,1,IC50,FASN,CHEMBL4158
Cn1ccc2cc(-c3ccc(C(=O)N4CCN(C(=O)C5(O)CC5)CC4)cc3)ccc21,7.821032576499773,2,IC50,FASN,CHEMBL4158
Cn1cnc2cc(-c3ccc(-n4c(C[C@@H]5CCN(C(=O)C6CC6)C5)n[nH]c4=O)cc3)ccc21,7.886056647693163,1,IC50,FASN,CHEMBL4158
Cn1cnc2cc(-c3ccc(C4=NC(C)(C)C(=O)N4CC4CN(C(=O)C5(C)CC5)C4)c(F)c3)ccc21,7.0,2,IC50,FASN,CHEMBL4158
Cn1cnc2cc(-c3ccc(C4=NC(C)(C)C(=O)N4CC4CN(C(=O)C5(O)CC5)C4)c(F)c3)ccc21,6.489454989793388,2,IC50,FASN,CHEMBL4158
Cn1cnc2cc(-c3ccc(C4=NC(C)(C)C(=O)N4C[C@@H]4CCN(C(=O)C5(C)CC5)C4)c(F)c3)ccc21,7.100179497572904,2,IC50,FASN,CHEMBL4158
Cn1cnc2cc(-c3ccc(C4=NC(C)(C)C(=O)N4C[C@@H]4CCN(C(=O)C5(O)CC5)C4)c(F)c3)ccc21,7.219682687859849,2,IC50,FASN,CHEMBL4158
Cn1nc(C[C@@H]2CCN(C(=O)C3CC3)C2)n(-c2ccc(-c3ccc4occc4c3)cc2)c1=O,7.698970004336019,1,IC50,FASN,CHEMBL4158
Cn1ncc2c(=O)n(C[C@@H]3CCN(C(=O)C4CC4)C3)c(-c3ccc(-c4ccc5[nH]ccc5c4)cc3)nc21,8.102372908709558,1,IC50,FASN,CHEMBL4158
Cn1ncc2cc(-c3ccc(C4=NC(C)(C)C(=O)N4CC4CN(C(=O)C5(O)CC5)C4)c(F)c3)ccc21,6.610833915635467,2,IC50,FASN,CHEMBL4158
Cn1ncc2cc(-c3ccc(C4=NC(C)(C)C(=O)N4CC4CN(C(=O)C5CC5)C4)c(F)c3)ccc21,6.624244974864979,4,IC50,FASN,CHEMBL4158
Cn1ncc2cc(-c3ccc(C4=NC(C)(C)C(=O)N4C[C@@H]4CCN(C(=O)C5(C)CC5)C4)c(F)c3)ccc21,7.17979854051436,2,IC50,FASN,CHEMBL4158
Cn1ncc2cc(-c3ccc(C4=NC(C)(C)C(=O)N4C[C@@H]4CCN(C(=O)C5(O)CC5)C4)c(F)c3)ccc21,7.070070439915412,2,IC50,FASN,CHEMBL4158
Cn1ncc2cc(-c3ccc(C4=NC(C)(C)C(=O)N4C[C@@H]4CCN(C(=O)C5CC5)C4)c(F)c3)ccc21,6.895055088666309,4,IC50,FASN,CHEMBL4158
Cn1ncc2cc(-c3ccc(C4=NC(C)(C)C(=O)N4C[C@@H]4CCN(C(=O)C5CC5)C4)cc3)ccc21,6.851811246337,3,IC50,FASN,CHEMBL4158
Cn1ncc2cc(-c3ccc(C4=NC(C)(c5ccccc5)C(=O)N4C[C@@H]4CCN(C(=O)C5CC5)C4)cc3)ccc21,6.792283329419604,3,IC50,FASN,CHEMBL4158
Cn1ncc2cc(-c3ccc(C4=NC5(CC5)C(=O)N4CC4CCN(C(=O)C5CC5)CC4)cc3)ccc21,5.860120913598763,1,IC50,FASN,CHEMBL4158
Cn1ncc2cc(-c3ccc(C4=NC5(CC5)C(=O)N4CC4CN(C(=O)C5CC5)C4)cc3)ccc21,7.161150909262744,1,IC50,FASN,CHEMBL4158
Cn1ncc2cc(-c3ccc(C4=NC5(CC5)C(=O)N4C[C@@H]4CCN(C(=O)C5CC5)C4)c(F)c3)ccc21,7.657577319177793,1,IC50,FASN,CHEMBL4158
Cn1ncc2cc(-c3ccc(C4=NC5(CC5)C(=O)N4C[C@@H]4CCN(C(=O)C5CC5)C4)cc3)ccc21,7.522878745280337,1,IC50,FASN,CHEMBL4158
Cn1ncc2cc(-c3ccc(C4=NC5(CC5)C(=O)N4C[C@@H]4CCN(C(=O)C5CC5)C4)cc3F)ccc21,6.886056647693163,1,IC50,FASN,CHEMBL4158
Cn1ncc2cc(-c3ccc(C4=NC5(CC5)C(=O)N4C[C@@H]4CCN(C(=O)C5CC5)C4)cn3)ccc21,6.337242168318426,1,IC50,FASN,CHEMBL4158
Cn1ncc2cc(-c3ccc(C4=NC5(CC5)C(=O)N4C[C@@H]4CCN(C(=O)C5CC5)C4)nc3)ccc21,6.102372908709558,1,IC50,FASN,CHEMBL4158
Cn1ncc2cc(-c3ccc(C4=NC5(CC5)C(=O)N4C[C@@H]4CCN(C(=O)C5CC5)C4)s3)ccc21,5.050122295963125,1,IC50,FASN,CHEMBL4158
Cn1ncc2cc(-c3ccc(C4=NC5(CC5)C(=O)N4C[C@H]4CCCN(C(=O)C5CC5)C4)cc3)ccc21,5.070070439915412,1,IC50,FASN,CHEMBL4158
Cn1ncc2cc(-c3ccc(C4=NC5(CC5)C(=O)N4C[C@H]4CCN(C(=O)C5CC5)C4)cc3)ccc21,6.6020599913279625,1,IC50,FASN,CHEMBL4158
Cn1ncc2cc(-c3ccc(C4=NC5(CCCC5)C(=O)N4C[C@@H]4CCN(C(=O)C5CC5)C4)cc3)ccc21,7.080921907623926,1,IC50,FASN,CHEMBL4158
Cn1ncc2cc(-c3ccc(C4=NC5(CCOC5)C(=O)N4C[C@@H]4CCN(C(=O)C5CC5)C4)cc3)ccc21,6.259637310505756,1,IC50,FASN,CHEMBL4158
Cn1ncc2cc(-c3ccc(C4=NC5(CCOCC5)C(=O)N4C[C@@H]4CCN(C(=O)C5CC5)C4)cc3)ccc21,6.337242168318426,1,IC50,FASN,CHEMBL4158
Cn1ncc2cc(-c3cnc(C4=NC5(CC5)C(=O)N4C[C@@H]4CCN(C(=O)C5CC5)C4)nc3)ccc21,4.480172006224281,1,IC50,FASN,CHEMBL4158
Cn1ncc2cc(-c3ncc(C4=NC5(CC5)C(=O)N4C[C@@H]4CCN(C(=O)C5CC5)C4)cn3)ccc21,5.059981844992336,1,IC50,FASN,CHEMBL4158
Cn1ncc2ccc(-c3ccc(C(=O)N4CCN(C(=O)C5(O)CC5)CC4)cc3)cc21,7.585026652029182,1,IC50,FASN,CHEMBL4158
N#CC1(C(=O)N2CC[C@@H](CN3C(=O)C4(CC4)N=C3c3ccc(-c4ccc5occc5c4)cc3)C2)CC1,6.229147988357855,1,IC50,FASN,CHEMBL4158
N#Cc1cc(Cl)c2nc(O)c(-c3ccccc3)c(O)c2c1,6.39577394691553,1,IC50,FASN,CHEMBL4158
N#Cc1cc2c(O)c(-c3cccc(-c4cc(F)cc(F)c4)c3)c(O)nc2cc1Cl,6.137868620686962,1,IC50,FASN,CHEMBL4158
N#Cc1cc2c(O)c(-c3cccc(-c4ccc(F)c(F)c4)c3)c(O)nc2cc1Cl,7.167491087293763,1,IC50,FASN,CHEMBL4158
N#Cc1cc2c(O)c(-c3cccc(-c4ccc(F)cc4)c3)c(O)nc2cc1Cl,7.267606240177031,1,IC50,FASN,CHEMBL4158
N#Cc1cc2c(O)c(-c3cccc(-c4ccc5ccccc5c4)c3)c(O)nc2cc1Cl,6.896196279044043,1,IC50,FASN,CHEMBL4158
N#Cc1cc2c(O)c(-c3cccc(-c4ccccc4)c3)c(O)nc2cc1Cl,7.2839966563652006,1,IC50,FASN,CHEMBL4158
N#Cc1cc2c(O)c(-c3cccc(-c4cccnc4)c3)c(O)nc2cc1Cl,6.7121982700697735,1,IC50,FASN,CHEMBL4158
N#Cc1cc2c(O)c(-c3cccc(-c4csc5ccccc45)c3)c(O)nc2cc1Cl,6.995678626217357,1,IC50,FASN,CHEMBL4158
N#Cc1cc2c(O)c(-c3ccccc3)c(O)nc2cc1Cl,6.866461091629782,1,IC50,FASN,CHEMBL4158
N#Cc1ccc(-c2ccc(-n3c(CC4CCN(C(=O)C5CC5)C4)n[nH]c3=O)cc2)cc1,6.899629454882437,1,IC50,FASN,CHEMBL4158
N#Cc1ccc(C2(F)CCN(C(=O)c3ccc(C(F)(F)F)c(NC(=O)NC4CCOC4)c3)CC2)cc1,7.096910013008056,1,IC50,FASN,CHEMBL4158
N#Cc1ccc(C2(F)CCN(C(=O)c3ccc(C(F)(F)F)c(NC(=O)c4ccc(N5CCC5)nc4)c3)CC2)cc1,6.920818753952375,1,IC50,FASN,CHEMBL4158
N#Cc1ccc(C2(F)CCN(C(=O)c3ccc(C4CCC4)c(-c4nc5c([nH]4)COCC5)c3)CC2)cc1,7.481486060122112,1,IC50,FASN,CHEMBL4158
N#Cc1ccc(C2(F)CCN(C(=O)c3ccc(C4CCC4)c(NC(=O)N[C@@H]4CCOC4)c3)CC2)cc1,7.221848749616356,1,IC50,FASN,CHEMBL4158
N#Cc1ccc(C2(F)CCN(C(=O)c3ccc(C4CCC4)c(NC(=O)N[C@H]4CCOC4)c3)CC2)cc1,7.3979400086720375,1,IC50,FASN,CHEMBL4158
N#Cc1ccc(C2(F)CCN(C(=O)c3ccc(Cl)c(NC(=O)NC4CCOC4)c3)CC2)cc1,7.522878745280337,1,IC50,FASN,CHEMBL4158
N#Cc1ccc(C2(F)CCN(C(=O)c3ccc(Cl)c(NC(=O)c4ccc(N5CCC5)nc4)c3)CC2)cc1,7.522878745280337,1,IC50,FASN,CHEMBL4158
N#Cc1ccc(C2(F)CCN(C(=O)c3ccc(F)c(NC(=O)NC4CCOC4)c3)CC2)cc1,6.886056647693163,1,IC50,FASN,CHEMBL4158
N#Cc1ccc(C2(F)CCN(C(=O)c3ccc(F)c(NC(=O)c4ccc(N5CCC5)nc4)c3)CC2)cc1,6.657577319177793,1,IC50,FASN,CHEMBL4158
N#Cc1ccc(C2CCN(C(=O)c3cc(-c4nc5cc(N6CCCC6)ncc5[nH]4)ccc3C#N)CC2)cc1,5.1249387366083,1,IC50,FASN,CHEMBL4158
N#Cc1ccc(C2CCN(C(=O)c3cc(-c4nc5cc(N6CCCC6)ncc5[nH]4)ccc3Cl)CC2)cc1,7.096910013008056,1,IC50,FASN,CHEMBL4158
N#Cc1ccc(C2CCN(C(=O)c3cc(-c4nc5cc(N6CCCC6)ncc5[nH]4)ccc3OC(F)(F)F)CC2)cc1,4.600620521847371,1,IC50,FASN,CHEMBL4158
N#Cc1ccc(C2CCN(C(=O)c3ccc(C4CCC4)c(-c4nc5c([nH]4)COCC5)c3)CC2)cc1,7.187086643357144,1,IC50,FASN,CHEMBL4158
N#Cc1ccc(C2CCN(C(=O)c3ccc(C4CCC4)c(NC(=O)NC[C@@H]4CCCO4)c3)CC2)cc1,7.045757490560675,1,IC50,FASN,CHEMBL4158
N#Cc1ccc(C2CCN(C(=O)c3ccc(C4CCC4)c(NC(=O)NC[C@H]4CCCO4)c3)CC2)cc1,7.522878745280337,1,IC50,FASN,CHEMBL4158
N#Cc1ccc(C2CCN(C(=O)c3ccc(C4CCC4)c(NC(=O)N[C@H]4CCOC4)c3)CC2)cc1,7.522878745280337,1,IC50,FASN,CHEMBL4158
N#Cc1ccc(C2CCN(C(=O)c3ccc(C4CCC4)c(NC(=O)O[C@@H]4CCOC4)c3)CC2)cc1,7.045757490560675,1,IC50,FASN,CHEMBL4158
N#Cc1ccc(C2CCN(C(=O)c3ccc(C4CCC4)c(NC(=O)O[C@H]4CCOC4)c3)CC2)cc1,7.154901959985743,1,IC50,FASN,CHEMBL4158
N#Cc1ccc(C2CCN(C(=O)c3cccc(-c4nc5cc(N6CCCC6)ncc5[nH]4)c3)CC2)cc1,6.886056647693163,2,IC50,FASN,CHEMBL4158
N#Cc1ccc(C2CCN(C(=O)c3cccc(C(=O)Nc4ccc(N5CCCC5)nc4)c3)CC2)cc1,6.6020599913279625,1,IC50,FASN,CHEMBL4158
N#Cc1ccc(C2CCN(C(=O)c3ccnc(NC(=O)c4ccc(N5CCCC5)nc4)c3)CC2)cc1,6.161150909262744,1,IC50,FASN,CHEMBL4158
N#Cc1ccc2cc(N3CCN(S(=O)(=O)N4CCC5(CC4)CN(C4CC4)C(=O)CO5)CC3)ccc2c1,8.0,1,IC50,FASN,CHEMBL4158
N#Cc1ccc2nc(O)c(-c3ccccc3)c(O)c2c1,5.888065723667319,1,IC50,FASN,CHEMBL4158
N=C(N)NCCC[C@H](NC(=O)[C@H](CCC(N)=O)NC(=O)[C@H](CCC(N)=O)NC(=O)[C@H](CCC(=O)O)NC(=O)[C@H](CCC(=O)O)NC(=O)[C@H](CC(=O)O)NC(=O)[C@H](CCC(=O)O)NC(=O)[C@H](CC(=O)O)NC(=O)[C@H](CCC(=O)O)NC(=O)[C@H](CCC(=O)O)NC(=O)[C@H](CCC(N)=O)NC(=O)[C@H](CCCCN)NC(=O)[C@@H](N)CCCNC(=N)N)C(=O)N[C@@H](CCC(=O)O)C(=O)O,4.958607314841775,1,IC50,FASN,CHEMBL4158
Nc1ncnc2c1ncn2[C@@H]1O[C@H](CS(=O)(=O)CC[C@H](N)C(=O)O)[C@@H](O)[C@H]1O,4.0,1,Ki,FASN,CHEMBL4158
Nc1ncnc2c1ncn2[C@@H]1O[C@H](CSCCC(N)C(=O)O)[C@@H](O)[C@H]1O,4.522878745280337,1,Ki,FASN,CHEMBL4158
Nc1ncnc2c1ncn2[C@@H]1O[C@H](CSCC[C@H](N)C(=O)O)[C@@H](O)[C@H]1O,3.8239087409443187,1,Ki,FASN,CHEMBL4158
Nc1ncnc2c1ncn2[C@@H]1O[C@H](C[S+]([O-])CC[C@H](N)C(=O)O)[C@@H](O)[C@H]1O,4.215939160629546,3,Ki,FASN,CHEMBL4158
O=C(C1CC1)N1CC(Cc2n[nH]c(=O)n2-c2ccc(-c3ccc4cc[nH]c4c3)cc2)C1,7.795880017344075,1,IC50,FASN,CHEMBL4158
O=C(C1CC1)N1CC[C@@H](CN2C(=O)C3(CC3)N=C2c2ccc(-c3c[nH]c4ccccc34)cc2)C1,7.3872161432802645,1,IC50,FASN,CHEMBL4158
O=C(C1CC1)N1CC[C@@H](CN2C(=O)C3(CC3)N=C2c2ccc(-c3ccc(-c4ccncc4)cc3)cc2)C1,7.638272163982407,1,IC50,FASN,CHEMBL4158
O=C(C1CC1)N1CC[C@@H](CN2C(=O)C3(CC3)N=C2c2ccc(-c3ccc4[nH]ncc4c3)cc2)C1,7.494850021680094,1,IC50,FASN,CHEMBL4158
O=C(C1CC1)N1CC[C@@H](CN2C(=O)C3(CC3)N=C2c2ccc(-c3ccc4cc(F)ccc4c3)cc2)C1,7.6020599913279625,1,IC50,FASN,CHEMBL4158
O=C(C1CC1)N1CC[C@@H](CN2C(=O)C3(CC3)N=C2c2ccc(-c3ccc4cccnc4c3)cc2)C1,7.698970004336019,1,IC50,FASN,CHEMBL4158
O=C(C1CC1)N1CC[C@@H](CN2C(=O)C3(CC3)N=C2c2ccc(-c3ccc4cnccc4c3)cc2)C1,7.698970004336019,1,IC50,FASN,CHEMBL4158
O=C(C1CC1)N1CC[C@@H](CN2C(=O)C3(CC3)N=C2c2ccc(-c3ccc4ncccc4c3)cc2)C1,6.795880017344075,1,IC50,FASN,CHEMBL4158
O=C(C1CC1)N1CC[C@@H](CN2C(=O)C3(CC3)N=C2c2ccc(-c3ccc4occc4c3)cc2)C1,7.337242168318426,1,IC50,FASN,CHEMBL4158
O=C(C1CC1)N1CC[C@@H](CN2C(=O)C3(CC3)N=C2c2ccc(-c3ccc4scnc4c3)cc2)C1,7.376750709602099,1,IC50,FASN,CHEMBL4158
O=C(C1CC1)N1CC[C@@H](CN2C(=O)C3(CC3)N=C2c2ccc(-c3cccc(Cl)c3)cc2)C1,7.301029995663981,1,IC50,FASN,CHEMBL4158
O=C(C1CC1)N1CC[C@@H](CN2C(=O)C3(CC3)N=C2c2ccc(-c3cccc4[nH]ncc34)cc2)C1,7.481486060122112,1,IC50,FASN,CHEMBL4158
O=C(C1CC1)N1CC[C@@H](CN2C(=O)C3(CC3)N=C2c2ccc(-c3cnc4ccccc4c3)cc2)C1,6.920818753952375,1,IC50,FASN,CHEMBL4158
O=C(C1CC1)N1CC[C@@H](CN2C(=O)C3(CC3)N=C2c2ccc(-c3n[nH]c4ccccc34)cc2)C1,6.443697499232712,1,IC50,FASN,CHEMBL4158
O=C(C1CC1)N1CC[C@@H](CN2C(=O)C3(CC3)N=C2c2ccc(-c3nc4ccccc4[nH]3)cc2)C1,6.229147988357855,1,IC50,FASN,CHEMBL4158
O=C(C1CC1)N1CC[C@@H](Cc2n[nH]c(=O)n2-c2ccc(-c3ccc4c(c3)OCO4)cc2)C1,6.801342913045577,1,IC50,FASN,CHEMBL4158
O=C(C1CC1)N1CC[C@@H](Cc2n[nH]c(=O)n2-c2ccc(-c3ccc4ccncc4c3)cc2F)C1,8.522878745280337,1,IC50,FASN,CHEMBL4158
O=C(C1CC1)N1CC[C@@H](Cc2n[nH]c(=O)n2-c2ccc(-c3ccc4ccoc4c3)cc2)C1,8.221848749616356,1,IC50,FASN,CHEMBL4158
O=C(C1CC1)N1CC[C@@H](Cc2n[nH]c(=O)n2-c2ccc(-c3ccc4cnccc4c3)cc2F)C1,8.522878745280337,1,IC50,FASN,CHEMBL4158
O=C(C1CC1)N1CC[C@@H](Cc2n[nH]c(=O)n2-c2ccc(-c3ccc4occc4c3)cc2)C1,8.0,1,IC50,FASN,CHEMBL4158
O=C(C1CC1)N1CC[C@@H](Cn2cnnc2-c2ccc(-c3ccc4[nH]ncc4c3)cc2)C1,7.886056647693163,1,IC50,FASN,CHEMBL4158
O=C(CC(F)(F)F)N1CC[C@@H](CN2C(=O)C3(CC3)N=C2c2ccc(-c3ccc4occc4c3)cc2)C1,6.769551078621726,1,IC50,FASN,CHEMBL4158
O=C(N1CC[C@@H](CN2C(=O)C3(CC3)N=C2c2ccc(-c3ccc4occc4c3)cc2)C1)C1(O)CC1,7.443697499232712,1,IC50,FASN,CHEMBL4158
O=C(O[C@@H]1Cc2c(O)cc(O)cc2O[C@@H]1c1cc(O)c(O)c(O)c1)c1cc(O)c(O)c(O)c1,4.28424728317714,1,IC50,FASN,CHEMBL4158
O=C([C@@H]1CCCO1)N1CC[C@@H](CN2C(=O)C3(CC3)N=C2c2ccc(-c3ccc4occc4c3)cc2)C1,7.102372908709558,1,IC50,FASN,CHEMBL4158
O=C([C@H]1CCCO1)N1CC[C@@H](CN2C(=O)C3(CC3)N=C2c2ccc(-c3ccc4occc4c3)cc2)C1,6.522878745280337,1,IC50,FASN,CHEMBL4158
O=C(c1cc(O)cc(O)c1)c1c(O)cc(O)cc1O,5.066006836168757,1,IC50,FASN,CHEMBL4158
O=C(c1ccc(-c2cc(Cl)ccc2F)cc1)N1CCN(C(=O)C2(O)CC2)CC1,6.879975113943676,2,IC50,FASN,CHEMBL4158
O=C(c1ccc(-c2ccc(Cl)cc2F)cc1)N1CCN(C(=O)C2(O)CC2)CC1,6.716134018725965,2,IC50,FASN,CHEMBL4158
O=C(c1ccc(-c2ccc(F)cc2Cl)cc1)N1CCN(C(=O)C2(O)CC2)CC1,5.906578314837764,2,IC50,FASN,CHEMBL4158
O=C(c1ccc(-c2ccc3[nH]ccc3c2)cc1)N1CCN(C(=O)C2(O)CC2)CC1,7.770303756120384,2,IC50,FASN,CHEMBL4158
O=C(c1ccc(-c2ccc3ccccc3n2)cc1)N1CCN(C(=O)C2(O)CC2)CC1,7.245264323948725,2,IC50,FASN,CHEMBL4158
O=C(c1ccc(-c2ccc3cnccc3c2)cc1)N1CCN(C(=O)C2(O)CC2)CC1,7.922331981267469,2,IC50,FASN,CHEMBL4158
O=C(c1ccc(-c2ccc3ocnc3c2)cc1)N1CCN(C(=O)C2(O)CC2)CC1,6.718889266142825,2,IC50,FASN,CHEMBL4158
O=C(c1ccc(-c2ccc3scnc3c2)cc1)N1CCN(C(=O)C2(O)CC2)CC1,7.726728668260934,2,IC50,FASN,CHEMBL4158
O=C(c1ccc(-c2ccccc2)cc1)N1CCN(C(=O)C2(O)CC2)CC1,6.455931955649724,1,IC50,FASN,CHEMBL4158
O=C(c1ccc(-c2ccccc2)cc1)N1CCN(C(=O)C2(O)CCC2)CC1,5.7447274948966935,1,IC50,FASN,CHEMBL4158
O=C(c1ccc(-c2ccccc2)cc1)N1CCN(C(=O)C2(O)CCCC2)CC1,4.301029995663981,1,IC50,FASN,CHEMBL4158
O=C(c1ccc(-c2ccccc2)cc1)N1CCN(C(=O)C2CCCC2)CC1,4.301029995663981,1,IC50,FASN,CHEMBL4158
O=C(c1ccc(-c2ccccc2)cc1)N1CCN(C(=O)C2CCCO2)CC1,5.943095148663527,1,IC50,FASN,CHEMBL4158
O=C(c1ccc(-c2ccccc2)cc1)N1CCN(C(=O)[C@H]2CCCO2)CC1,5.958607314841775,1,IC50,FASN,CHEMBL4158
O=C(c1ccc(-c2cnc3ccccc3c2)cc1)N1CCN(C(=O)C2(O)CC2)CC1,7.9604093769761874,2,IC50,FASN,CHEMBL4158
O=C(c1ccc(-c2nc3cc(Cl)ccc3o2)cc1)N1CCN(C(=O)C2(O)CC2)CC1,7.013806000446263,2,IC50,FASN,CHEMBL4158
O=C(c1ccc(-c2nc3cc(F)ccc3o2)cc1)N1CCN(C(=O)C2(O)CC2)CC1,6.965684468142841,2,IC50,FASN,CHEMBL4158
O=C(c1ccc(-c2nc3ccc(Cl)cc3o2)cc1)N1CCN(C(=O)C2(O)CC2)CC1,6.998097463217487,2,IC50,FASN,CHEMBL4158
O=C(c1ccc(-c2nc3ccc(F)cc3o2)cc1)N1CCN(C(=O)C2(O)CC2)CC1,6.858688943560969,2,IC50,FASN,CHEMBL4158
O=C(c1ccc(-c2nc3ccccc3o2)cc1)N1CCN(C(=O)C2(O)CC2)CC1,7.131642433197194,2,IC50,FASN,CHEMBL4158
O=C(c1ccc(-c2nc3ccccc3s2)cc1)N1CCN(C(=O)C2(O)CC2)CC1,7.209025170813341,2,IC50,FASN,CHEMBL4158
O=C(c1cccc(O)c1)c1cc(O)c(O)c(O)c1,4.830913642512977,1,IC50,FASN,CHEMBL4158
O=C1COC2(CCN(S(=O)(=O)c3ccc(-c4ccc5cccnc5c4)cc3)CC2)CN1C1CC1,8.0,1,IC50,FASN,CHEMBL4158
O=C1COC2(CCN(S(=O)(=O)c3ccc(-c4ccc5cnccc5c4)cc3)CC2)CN1C1CC1,8.221848749616356,1,IC50,FASN,CHEMBL4158
O=C1COC2(CCN(S(=O)(=O)c3ccc(-c4cccc5cnccc45)cc3)CC2)CN1C1CC1,8.221848749616356,1,IC50,FASN,CHEMBL4158
O=[N+]([O-])c1cc2c(O)c(-c3ccccc3)c(O)nc2cc1Cl,6.684029654543082,1,IC50,FASN,CHEMBL4158
O=[N+]([O-])c1ccc2nc(O)c(-c3ccccc3)c(O)c2c1,5.85294232897164,1,IC50,FASN,CHEMBL4158
O=c1c2cc(O)c(O)cc2oc2cc(O)cc(O)c12,4.748361779551788,1,IC50,FASN,CHEMBL4158
O=c1c2cc(O)ccc2oc2cc(O)cc(O)c12,4.387428045934824,1,IC50,FASN,CHEMBL4158
O=c1cc(-c2ccc(O)c(O)c2)oc2cc(O)cc(O)c12,4.204119982655925,1,IC50,FASN,CHEMBL4158
