canonical_smiles,pAct,n,types,target,tid
Brc1ccc(-c2nc(-c3ccccc3)no2)cc1,6.455931955649724,1,EC50,FXR,CHEMBL2047
Brc1ccc2nc(-c3cccs3)c(NCc3ccccc3)n2c1,6.301029995663981,1,EC50,FXR,CHEMBL2047
C#CC[C@@H]1C2C[C@H](O)CC[C@]2(C)[C@H]2CC[C@]3(C)C([C@H](C)CCC(=O)O)CC[C@H]3[C@@H]2[C@@H]1O,6.267606240177031,1,EC50,FXR,CHEMBL2047
C/C(=N\OCc1cc(C(=O)O)ccc1C#N)c1ccc(OCc2c(-c3c(Cl)cccc3Cl)noc2C2CC2)cc1Cl,7.3448615651886175,1,EC50,FXR,CHEMBL2047
C/C(=N\OCc1cc(C(=O)O)ccc1C#N)c1ccc(OCc2c(-c3ccccc3OC(F)(F)F)noc2C2CC2)c(C)c1,6.356349961782671,1,EC50,FXR,CHEMBL2047
C/C(=N\OCc1cc(C(=O)O)ccc1C#N)c1ccc(OCc2c(-c3ccccc3OC(F)(F)F)noc2C2CC2)c(F)c1,6.459920911195827,1,EC50,FXR,CHEMBL2047
C/C(=N\OCc1cc(C(=O)O)ccc1C#N)c1ccc(OCc2c(-c3ccccc3OC(F)(F)F)noc2C2CC2)cc1Cl,7.442492798094342,1,EC50,FXR,CHEMBL2047
C/C(=N\OCc1cc(C)cc(C(=O)O)c1)c1ccc(OCc2c(-c3c(Cl)cccc3Cl)noc2C2CC2)cc1Cl,7.22767829327708,1,EC50,FXR,CHEMBL2047
C/C(=N\OCc1cc(C)cc(C(=O)O)c1)c1ccc(OCc2c(-c3ccccc3OC(F)(F)F)noc2C2CC2)c(C)c1,6.281415279972563,1,EC50,FXR,CHEMBL2047
C/C(=N\OCc1cc(C)cc(C(=O)O)c1)c1ccc(OCc2c(-c3ccccc3OC(F)(F)F)noc2C2CC2)c(F)c1,5.8716976828356495,1,EC50,FXR,CHEMBL2047
C/C(=N\OCc1cc(C)cc(C(=O)O)c1)c1ccc(OCc2c(-c3ccccc3OC(F)(F)F)noc2C2CC2)cc1Cl,6.800519085137644,1,EC50,FXR,CHEMBL2047
C/C(=N\OCc1ccc(C(=O)O)cc1)c1ccc(OCc2c(-c3c(Cl)cccc3Cl)noc2C2CC2)cc1,6.893129455521346,1,EC50,FXR,CHEMBL2047
C/C(=N\OCc1ccc(C(=O)O)cc1)c1ccc(OCc2c(-c3c(Cl)cccc3Cl)noc2C2CC2)cc1Cl,6.873868592738016,1,EC50,FXR,CHEMBL2047
C/C(=N\OCc1ccc(C(=O)O)o1)c1ccc(OCc2c(-c3c(Cl)cccc3Cl)noc2C2CC2)cc1Cl,7.303643611266668,1,EC50,FXR,CHEMBL2047
C/C(=N\OCc1ccc(C(=O)O)o1)c1ccc(OCc2c(-c3c(Cl)cccc3Cl)noc2C2CC2)cn1,5.857860919867865,1,EC50,FXR,CHEMBL2047
C/C(=N\OCc1cccc(C(=O)O)c1)c1ccc(OCc2c(-c3c(Cl)cccc3Cl)noc2C2CC2)c(Cl)c1,6.586532587014175,1,EC50,FXR,CHEMBL2047
C/C(=N\OCc1cccc(C(=O)O)c1)c1ccc(OCc2c(-c3c(Cl)cccc3Cl)noc2C2CC2)cc1,6.746904414150968,1,EC50,FXR,CHEMBL2047
C/C(=N\OCc1cccc(C(=O)O)c1)c1ccc(OCc2c(-c3c(Cl)cccc3Cl)noc2C2CC2)cc1Br,7.429457060118103,1,EC50,FXR,CHEMBL2047
C/C(=N\OCc1cccc(C(=O)O)c1)c1ccc(OCc2c(-c3c(Cl)cccc3Cl)noc2C2CC2)cc1C(F)(F)F,6.712870379280889,1,EC50,FXR,CHEMBL2047
C/C(=N\OCc1cccc(C(=O)O)c1)c1ccc(OCc2c(-c3c(Cl)cccc3Cl)noc2C2CC2)cc1Cl,7.324221658325915,1,EC50,FXR,CHEMBL2047
C/C(=N\OCc1cccc(C(=O)O)c1)c1ccc(OCc2c(-c3c(Cl)cccc3Cl)noc2C2CC2)cc1F,7.253365801062421,1,EC50,FXR,CHEMBL2047
C/C(=N\OCc1cccc(C(=O)O)c1)c1ccc(OCc2c(-c3c(Cl)cccc3Cl)noc2C2CC2)cn1,6.6311554931741785,1,EC50,FXR,CHEMBL2047
C/C(=N\OCc1cccc(C(=O)O)c1)c1ccc(OCc2c(-c3ccccc3OC(F)(F)F)noc2C2CC2)cc1Cl,6.968591535748375,1,EC50,FXR,CHEMBL2047
C/C(=N\OCc1ccccc1C(=O)O)c1ccc(OCc2c(-c3c(Cl)cccc3Cl)noc2C2CC2)cc1Cl,7.122628654130226,1,EC50,FXR,CHEMBL2047
C/C(=N\OCc1cncc(C(=O)O)c1)c1ccc(OCc2c(-c3c(Cl)cccc3Cl)noc2C2CC2)cc1Cl,7.187086643357144,1,EC50,FXR,CHEMBL2047
C/C(=N\OCc1cncc(C(=O)O)c1)c1ccc(OCc2c(-c3ccccc3OC(F)(F)F)noc2C2CC2)c(C)c1,5.737074530668169,1,EC50,FXR,CHEMBL2047
C/C(=N\OCc1cncc(C(=O)O)c1)c1ccc(OCc2c(-c3ccccc3OC(F)(F)F)noc2C2CC2)c(F)c1,6.1379879487497835,1,EC50,FXR,CHEMBL2047
C/C(=N\OCc1cncc(C(=O)O)c1)c1ccc(OCc2c(-c3ccccc3OC(F)(F)F)noc2C2CC2)cc1Cl,7.261219441515631,1,EC50,FXR,CHEMBL2047
C/C=C1/C(=O)C[C@H]2[C@@H]3CCC4=CC(=O)CC[C@]4(C)[C@H]3CC[C@]12C,5.593931664324144,13,"EC50,IC50",FXR,CHEMBL2047
C/C=C1\C(=O)C[C@H]2[C@@H]3CCC4=CC(=O)CC[C@]4(C)[C@H]3CC[C@]12C,4.345081586699728,7,IC50,FXR,CHEMBL2047
C=C(C)[C@@H](O)[C@@H](O)C[C@@H](C)C1=C2C=C[C@H]3[C@@]4(C)CCC(=O)C(C)(C)[C@@H]4CC[C@]3(C)[C@@]2(C)CC1=O,5.619788758288394,1,EC50,FXR,CHEMBL2047
C=C(C)[C@@H](O)[C@@H](O)C[C@@H](C)C1=C2CC[C@H]3[C@@]4(C)CCC(=O)C(C)(C)[C@@H]4CC[C@]3(C)[C@@]2(C)CC1,5.518557371497695,1,EC50,FXR,CHEMBL2047
C=C(C)[C@@H](O)[C@@H]1C[C@@H](C)[C@@]2(CC[C@@]3(C)C2=C[C@H](O)[C@H]2[C@@]4(C)CCC(=O)C(C)(C)[C@@H]4CC[C@@]23C)O1,4.810509686300633,1,EC50,FXR,CHEMBL2047
C=C(C)[C@@H](O)[C@@H]1C[C@@H](C)[C@@]2(CC[C@@]3(C)C2=C[C@H](OC)[C@H]2[C@@]4(C)CCC(=O)C(C)(C)[C@@H]4CC[C@@]23C)O1,4.7544873321858505,1,EC50,FXR,CHEMBL2047
C=C(C)[C@@H]1OC(C)(C)O[C@H]1C[C@@H](C)C1=C2C[C@H](O)[C@H]3[C@@]4(C)CCC(=O)C(C)(C)[C@@H]4CC[C@]3(C)[C@@]2(C)CC1,5.055517327849831,1,EC50,FXR,CHEMBL2047
C=C(C)[C@H](O)[C@@H](O)C[C@@H](C)C1=C2C[C@H](O)[C@H]3[C@@]4(C)CCC(=O)C(C)(C)[C@@H]4CC[C@]3(C)[C@@]2(C)CC1,4.618163200001657,1,EC50,FXR,CHEMBL2047
C=C(C)[C@H](O)[C@@H]1C[C@@H](C)C2=C3C[C@H](O)[C@H]4[C@@]5(C)CCC(=O)C(C)(C)[C@@H]5CC[C@]4(C)[C@@]3(C)C[C@@H]2O1,4.876148359032914,1,EC50,FXR,CHEMBL2047
C=C(C[C@@H](C)[C@H]1CC[C@H]2[C@@H]3[C@H](O)C[C@@H]4C[C@H](O)CC[C@]4(C)[C@H]3C[C@H](O)[C@]12C)C(=O)O,4.628932137728264,1,EC50,FXR,CHEMBL2047
C=C1CC[C@@H]2[C@](C)(CO)[C@H](O)CC[C@@]2(C)[C@@H]1C/C=C1/C(=O)OC[C@@H]1Oc1ccc([N+](=O)[O-])cc1,6.259637310505756,1,IC50,FXR,CHEMBL2047
C=C1CC[C@@H]2[C@](C)(CO)[C@H](O)CC[C@@]2(C)[C@@H]1C/C=C1/C(=O)OC[C@@H]1Oc1ccccc1OC,6.259637310505756,1,IC50,FXR,CHEMBL2047
C=C1CC[C@@H]2[C@](C)(CO)[C@H](O)CC[C@@]2(C)[C@@H]1C/C=C1/C(=O)OC[C@H]1O,5.013228265733755,2,IC50,FXR,CHEMBL2047
C=C1CC[C@@H]2[C@]3(C)COC(C)(C)O[C@@H]3CC[C@@]2(C)[C@@H]1C/C=C1/C(=O)OC[C@@H]1Oc1ccc([N+](=O)[O-])cc1OC,6.259637310505756,1,IC50,FXR,CHEMBL2047
C=C1[C@@H](O)CC[C@]2(C)C3CC[C@@]4(C)C(=C3CC[C@@H]12)CC[C@@H]4[C@H](C)CC[C@H](CC)C(C)C,4.3979400086720375,1,IC50,FXR,CHEMBL2047
C=CC[C@@H]1C2C[C@H](O)CC[C@]2(C)[C@H]2CC[C@]3(C)C([C@H](C)CCC(=O)O)CC[C@H]3[C@@H]2[C@@H]1O,6.318758762624412,1,EC50,FXR,CHEMBL2047
C=CC[C@H](C[C@@H](C)[C@H]1CC[C@H]2[C@@H]3[C@H](O)C[C@@H]4C[C@H](O)CC[C@]4(C)[C@H]3C[C@H](O)[C@]12C)C(=O)O,4.356547323513812,1,EC50,FXR,CHEMBL2047
C=Cc1ccc2c(c1)-c1c(c(C(=O)N(CCNC(C)=O)Cc3ccccc3)nn1C)CO2,6.695736983211403,2,EC50,FXR,CHEMBL2047
CC(=O)/C=C/C[C@@H](C)C1=C2C[C@H](O)[C@H]3[C@@]4(C)CCC(=O)C(C)(C)[C@@H]4CC[C@]3(C)[C@@]2(C)CC1,6.537602002101044,1,EC50,FXR,CHEMBL2047
CC(=O)C1=C2C=C[C@H]3[C@@]4(C)CCC(=O)C(C)(C)[C@@H]4CC[C@]3(C)[C@@]2(C)CC1=O,4.693789491832239,1,EC50,FXR,CHEMBL2047
CC(=O)C1CCC(Cn2c(-c3ccc(OCc4c(-c5c(Cl)cccc5Cl)noc4C(C)C)cc3)nc3ccc(C(=O)O)cc32)CC1,5.933264204649071,1,EC50,FXR,CHEMBL2047
CC(=O)C1CCN(C(C(=O)NC2CCCCC2)n2c(-c3ccc(Cl)cc3)nc3ccccc32)CC1,4.830325565941193,1,IC50,FXR,CHEMBL2047
CC(=O)N1CCC(C[C@@H](c2nc3cc(F)ccc3n2C)N2C(=O)CN(c3ccc(Oc4ccccc4)cc3)C2=O)CC1,7.040460953811963,2,IC50,FXR,CHEMBL2047
CC(=O)N1CCC(C[C@@H](c2nc3ccc(C)cc3n2C)N2C(=O)CN(c3ccc(Oc4ccccc4)cc3)C2=O)CC1,7.792513326014591,2,IC50,FXR,CHEMBL2047
CC(=O)N1CCC(C[C@@H](c2nc3ccc(Cl)cc3n2C)N2C(=O)CN(c3ccc(Oc4ccccc4)cc3)C2=O)CC1,7.27642098432889,2,IC50,FXR,CHEMBL2047
CC(=O)N1CCC(C[C@@H](c2nc3ccccc3n2C)N2C(=O)CN(c3ccc(Oc4ccccc4)cc3)C2=O)CC1,8.914869142302521,2,IC50,FXR,CHEMBL2047
CC(=O)N1CCC(n2c(-c3ccc(OCc4c(-c5c(Cl)cccc5Cl)noc4C(C)C)cc3)nc3ccc(C(=O)O)cc32)CC1,5.844056982028164,1,EC50,FXR,CHEMBL2047
CC(=O)N1CCN(c2ccc(CN(C3CCC3)S(=O)(=O)Cc3ccccc3F)c(F)c2)CC1,5.214670164989233,1,EC50,FXR,CHEMBL2047
CC(=O)NCCN(CC1CCCCC1)C(=O)c1nn(C)c2c1COc1ccc(Cl)cc1-2,5.430918149154275,2,EC50,FXR,CHEMBL2047
CC(=O)NCCN(Cc1ccc(F)cc1)C(=O)c1nn(C)c2c1COc1ccc(Br)cc1-2,6.279860393382206,2,EC50,FXR,CHEMBL2047
CC(=O)NCCN(Cc1cccc(F)c1)C(=O)c1nn(C)c2c1COc1ccc(Br)cc1-2,7.602407705158788,2,EC50,FXR,CHEMBL2047
CC(=O)NCCN(Cc1ccccc1)C(=O)c1c2c(nn1C)-c1cc(Br)ccc1OC2,5.221848749616356,1,EC50,FXR,CHEMBL2047
CC(=O)NCCN(Cc1ccccc1)C(=O)c1n[nH]c2c1COc1ccc(Br)cc1-2,4.958607314841775,1,EC50,FXR,CHEMBL2047
CC(=O)NCCN(Cc1ccccc1)C(=O)c1nn(C(C)C)c2c1COc1ccc(Br)cc1-2,5.395242492728684,2,EC50,FXR,CHEMBL2047
CC(=O)NCCN(Cc1ccccc1)C(=O)c1nn(C)c2c1C(C)(C)Oc1ccc(Br)cc1-2,5.366531544420413,1,EC50,FXR,CHEMBL2047
CC(=O)NCCN(Cc1ccccc1)C(=O)c1nn(C)c2c1COc1ccc(Br)cc1-2,7.360623199523586,2,EC50,FXR,CHEMBL2047
CC(=O)NCCN(Cc1ccccc1)C(=O)c1nn(C)c2c1COc1ccc(C3CC3)cc1-2,6.939614353531503,2,EC50,FXR,CHEMBL2047
CC(=O)NCCN(Cc1ccccc1)C(=O)c1nn(C)c2c1COc1ccc(Cl)cc1-2,6.795456315276082,2,EC50,FXR,CHEMBL2047
CC(=O)NCCN(Cc1ccccc1)C(=O)c1nn(C)c2c1COc1ccc(I)cc1-2,7.752922702990778,2,EC50,FXR,CHEMBL2047
CC(=O)NCCN(Cc1ccccc1)C(=O)c1nn(C)c2c1COc1ccccc1-2,6.239954835943578,2,EC50,FXR,CHEMBL2047
CC(=O)NCCN(Cc1ccccc1F)C(=O)c1nn(C)c2c1COc1ccc(Br)cc1-2,7.479303657420887,2,EC50,FXR,CHEMBL2047
CC(=O)NCCN(Cc1ccccn1)C(=O)c1nn(C)c2c1COc1ccc(Br)cc1-2,5.491149514387941,2,EC50,FXR,CHEMBL2047
CC(=O)Nc1ccc(CNC(=O)c2ccc(C(C)(C)C)cc2)cc1,5.537602002101044,1,EC50,FXR,CHEMBL2047
CC(=O)Nc1ccc(S(=O)(=O)Oc2cc(Cl)ccc2CN(Cc2ccc(F)cc2)C(=O)c2cccc(F)c2)cc1,5.431798275933005,1,IC50,FXR,CHEMBL2047
CC(=O)Nc1ccc(S(=O)(=O)Oc2ccc(Cl)cc2CN(CC2CC2)C(=O)c2cccc(F)c2)cc1,5.017728766960431,1,IC50,FXR,CHEMBL2047
CC(=O)Nc1ccc(S(=O)(=O)Oc2ccc(Cl)cc2CN(Cc2ccco2)C(=O)c2ccccc2F)cc1,5.443697499232712,1,IC50,FXR,CHEMBL2047
CC(=O)O[C@@H](C[C@@H](C)C1=C2C=C[C@H]3[C@@]4(C)CCC(=O)C(C)(C)[C@@H]4CC[C@]3(C)[C@@]2(C)CC1=O)[C@H](O)C(C)(C)O,4.915781313260761,1,EC50,FXR,CHEMBL2047
CC(=O)O[C@@H](C[C@@H](C)C1=C2C[C@H](O)[C@H]3[C@@]4(C)CCC(=O)C(C)(C)[C@@H]4CC[C@]3(C)[C@@]2(C)CC1)[C@H]1OC1(C)C,5.447331783887806,1,EC50,FXR,CHEMBL2047
CC(=O)O[C@@H](C[C@@H](C)C1=C2C[C@H](O)[C@H]3[C@@]4(C)CCC(=O)C(C)(C)[C@@H]4CC[C@]3(C)[C@@]2(C)CC1=O)[C@H]1OC1(C)C,5.6777807052660805,1,EC50,FXR,CHEMBL2047
CC(=O)O[C@@H]([C@@H](O)C[C@@H](C)C1=C2C[C@H](O)[C@H]3[C@@]4(C)CCC(=O)C(C)(C)[C@@H]4CC[C@]3(C)[C@@]2(C)CC1)C(C)(C)O,4.815024809301739,1,EC50,FXR,CHEMBL2047
CC(=O)O[C@@H]1C[C@@]2(C)C(=C1[C@H](C)C[C@H](O)[C@H]1OC1(C)C)C[C@H](O)[C@H]1[C@@]3(C)CCC(=O)C(C)(C)[C@@H]3CC[C@@]12C,5.58838029403677,1,EC50,FXR,CHEMBL2047
CC(=O)O[C@H]([C@@H](O)C[C@@H](C)C1=C2CC[C@H]3[C@@]4(C)CCC(=O)C(C)(C)[C@@H]4CC[C@]3(C)[C@@]2(C)CC1)C(C)(C)O,5.016824927962187,1,EC50,FXR,CHEMBL2047
CC(=O)O[C@H]([C@@H](O)C[C@@H](C)C1=C2C[C@H](O)[C@H]3[C@@]4(C)CCC(=O)C(C)(C)[C@@H]4CC[C@]3(C)[C@@]2(C)CC1)C(C)(C)O,4.466100899203405,1,EC50,FXR,CHEMBL2047
CC(=O)O[C@H]([C@@H]1C[C@@H](C)C2=C3C=C[C@H]4[C@@]5(C)CCC(=O)C(C)(C)[C@@H]5CC[C@]4(C)[C@@]3(C)C[C@@H]2O1)C(C)(C)O,5.324221658325914,1,EC50,FXR,CHEMBL2047
CC(=O)O[C@H]([C@@H]1C[C@@H](C)C2=C3CC[C@H]4[C@@]5(C)CCC(=O)C(C)(C)[C@@H]5CC[C@]4(C)[C@@]3(C)C[C@@H]2O1)C(C)(C)O,4.328271911760442,1,EC50,FXR,CHEMBL2047
CC(=O)O[C@H]([C@@H]1C[C@@H](C)C2=C3C[C@H](O)[C@H]4[C@@]5(C)CCC(=O)C(C)(C)[C@@H]5CC[C@]4(C)[C@@]3(C)C[C@@H]2O1)C(C)(C)O,4.597051170655595,1,EC50,FXR,CHEMBL2047
CC(=O)O[C@H]([C@@H]1C[C@@H](C)C2=C3[C@H](O)C[C@H]4[C@@]5(C)CCC(=O)C(C)(C)[C@@H]5CC[C@]4(C)[C@@]3(C)C[C@@H]2O1)C(C)(C)O,4.521722168080395,1,EC50,FXR,CHEMBL2047
CC(=O)O[C@H]1C[C@@H](C)C2=C3C[C@H](O)[C@H]4[C@@]5(C)CCC(=O)C(C)(C)[C@@H]5CC[C@]4(C)[C@@]3(C)C[C@@H]2O[C@H]1C(C)(C)O,4.695724949522872,1,EC50,FXR,CHEMBL2047
CC(=O)O[C@H]1C[C@@H](C)[C@@]2(CC[C@@]3(C)C(=O)C=C[C@H]4[C@@]5(C)CCC(=O)C(C)(C)[C@@H]5CC[C@@]43C)O[C@@H]1C(C)(C)O2,4.611188586526477,1,EC50,FXR,CHEMBL2047
CC(=O)O[C@H]1C[C@@]2(C)C(=C1[C@H](C)C[C@H](O)[C@H]1OC1(C)C)C[C@H](O)[C@H]1[C@@]3(C)CCC(=O)C(C)(C)[C@@H]3CC[C@@]12C,4.418391633967943,1,EC50,FXR,CHEMBL2047
CC(=O)Oc1ccc(NC(=O)c2ccc(Cl)cc2Cl)cc1C(C)(C)C,4.809668301829708,1,IC50,FXR,CHEMBL2047
CC(=O)c1cc(CC(C)C)c(OCCCCCC(C)(C)c2nnn[nH]2)cc1O,5.236572006437063,1,IC50,FXR,CHEMBL2047
CC(=O)c1ccc(CNC(=O)c2ccc(C(C)(C)C)cc2)cc1,7.0,1,EC50,FXR,CHEMBL2047
CC(=O)c1cccc(NC(=O)c2ccccc2NC(=O)c2ccc(C(C)(C)C)cc2)c1,6.318758762624412,1,EC50,FXR,CHEMBL2047
CC(C(=O)O)c1ccc(NC(=O)c2ccc(C(C)(C)C)cc2)cc1,6.013228265733755,1,IC50,FXR,CHEMBL2047
CC(C)(C(=O)O)c1ccc(-c2ccc(OCc3c(-c4c(Cl)cccc4Cl)noc3C3CC3)cc2)cc1,5.890759031411797,1,EC50,FXR,CHEMBL2047
CC(C)(C(=O)O)c1cccc(-c2ccc(OCc3c(-c4c(Cl)cccc4Cl)noc3C3CC3)cc2)c1,6.090979145788844,1,EC50,FXR,CHEMBL2047
CC(C)(C)OC(=O)/C=C/c1ccc(CN(C(=O)C2CCCCC2)c2cccc(/C=C/C(=O)OC(C)(C)C)c2)cc1,6.0,1,EC50,FXR,CHEMBL2047
CC(C)(C)OC(=O)/N=C(/NCCc1cc(NC(=O)Nc2ccncc2)no1)NC(=O)OC(C)(C)C,4.523748203992967,1,EC50,FXR,CHEMBL2047
CC(C)(C)OC(=O)/N=C(\NCCCc1cc(C(=O)NCc2ccncc2)no1)NC(=O)OC(C)(C)C,4.812761380168522,1,EC50,FXR,CHEMBL2047
CC(C)(C)c1cc(NC(=O)c2c(Cl)cc(N)cc2Cl)ccc1O,5.2839966563652006,1,IC50,FXR,CHEMBL2047
CC(C)(C)c1cc(NC(=O)c2c(Cl)cc(NC3CCCC3)cc2Cl)ccc1O,5.301029995663981,1,IC50,FXR,CHEMBL2047
CC(C)(C)c1cc(NC(=O)c2c(Cl)cc(NC3CCCCC3)cc2Cl)ccc1O,5.6020599913279625,1,IC50,FXR,CHEMBL2047
CC(C)(C)c1cc(NC(=O)c2c(Cl)cc(NCc3cccnc3)cc2Cl)ccc1O,5.443697499232712,1,IC50,FXR,CHEMBL2047
CC(C)(C)c1cc(NC(=O)c2c(Cl)cc(NCc3cccs3)cc2Cl)ccc1O,5.065501548756432,1,IC50,FXR,CHEMBL2047
CC(C)(C)c1cc(NC(=O)c2c(Cl)cc(NCc3ccncc3)cc2Cl)ccc1O,5.008773924307505,1,IC50,FXR,CHEMBL2047
CC(C)(C)c1cc(NC(=O)c2ccc(Cl)cc2Cl)ccc1O,4.866461091629782,1,IC50,FXR,CHEMBL2047
CC(C)(C)c1cc(OC(=O)c2c(Cl)cc(N)cc2Cl)ccc1O,6.221848749616356,1,IC50,FXR,CHEMBL2047
CC(C)(C)c1cc(OC(=O)c2c(Cl)cc([N+](=O)[O-])cc2Cl)ccc1O,5.229147988357855,1,IC50,FXR,CHEMBL2047
CC(C)(C)c1cc(OC(=O)c2ccc(Cl)cc2Cl)ccc1O,4.991399828238082,1,IC50,FXR,CHEMBL2047
CC(C)(C)c1cc(OC(=O)c2ccc(N)cc2)ccc1O,4.465973893943865,1,IC50,FXR,CHEMBL2047
CC(C)(C)c1cc(OC(=O)c2ccc(N)cc2Cl)ccc1O,5.142667503568731,1,IC50,FXR,CHEMBL2047
CC(C)(C)c1cc(OC(=O)c2ccc([N+](=O)[O-])cc2)ccc1O,4.896196279044043,1,IC50,FXR,CHEMBL2047
CC(C)(C)c1cc(OC(=O)c2ccc([N+](=O)[O-])cc2Cl)ccc1O,5.055517327849831,1,IC50,FXR,CHEMBL2047
CC(C)(C)c1ccc(-c2cc(CCC(=O)O)n[nH]2)cc1,7.221848749616356,1,IC50,FXR,CHEMBL2047
CC(C)(C)c1ccc(-c2cccc3c2ncn3Cc2ccc(C(=O)O)cc2)cc1,6.119186407719209,1,EC50,FXR,CHEMBL2047
CC(C)(C)c1ccc(-c2cn(CCC(=O)O)nn2)cc1,6.045757490560675,1,IC50,FXR,CHEMBL2047
CC(C)(C)c1ccc(-c2nnc(CCC(=O)O)o2)cc1,6.886056647693163,1,IC50,FXR,CHEMBL2047
CC(C)(C)c1ccc(-n2cnc3c(-c4ccc(C(=O)O)cc4)cccc32)cc1,5.648397314652256,2,"EC50,IC50",FXR,CHEMBL2047
CC(C)(C)c1ccc(-n2cnc3c(NC(=O)Cc4ccc(C(=O)O)cc4)cccc32)cc1,5.669112014972739,3,"EC50,IC50",FXR,CHEMBL2047
CC(C)(C)c1ccc(-n2cnc3c(NC(=O)c4ccc(C(=O)O)cc4)cccc32)cc1,6.309803919971486,1,EC50,FXR,CHEMBL2047
CC(C)(C)c1ccc(C(=O)N(Cc2ccccc2)c2ccc(CC(=O)O)cc2)cc1,5.657577319177793,1,IC50,FXR,CHEMBL2047
CC(C)(C)c1ccc(C(=O)NCc2ccc(-c3nnn[nH]3)cc2)cc1,6.920818753952375,1,EC50,FXR,CHEMBL2047
CC(C)(C)c1ccc(C(=O)NCc2ccc(C(=O)O)c(Cl)c2)cc1,8.05551732784983,1,EC50,FXR,CHEMBL2047
CC(C)(C)c1ccc(C(=O)NCc2ccc(C(=O)O)c(F)c2)cc1,6.853871964321762,1,EC50,FXR,CHEMBL2047
CC(C)(C)c1ccc(C(=O)NCc2ccc(C(=O)O)cc2)cc1,6.431798275933005,1,EC50,FXR,CHEMBL2047
CC(C)(C)c1ccc(C(=O)NCc2ccc(C(=O)O)cc2Cl)cc1,5.1249387366083,1,EC50,FXR,CHEMBL2047
CC(C)(C)c1ccc(C(=O)NCc2ccc(C(=O)O)cc2F)cc1,8.10790539730952,1,EC50,FXR,CHEMBL2047
CC(C)(C)c1ccc(C(=O)NCc2ccc(C(N)=O)cc2)cc1,5.42021640338319,1,EC50,FXR,CHEMBL2047
CC(C)(C)c1ccc(C(=O)NCc2ccc(C=O)cc2)cc1,5.275724130399211,1,EC50,FXR,CHEMBL2047
CC(C)(C)c1ccc(C(=O)NCc2ccc(CC(=O)O)cc2)cc1,5.1938200260161125,1,EC50,FXR,CHEMBL2047
CC(C)(C)c1ccc(C(=O)NCc2ccc(CCC(=O)O)cc2)cc1,6.455931955649724,1,EC50,FXR,CHEMBL2047
CC(C)(C)c1ccc(C(=O)NCc2ccc(N)cc2Cl)cc1,7.367591088495232,2,EC50,FXR,CHEMBL2047
CC(C)(C)c1ccc(C(=O)NCc2ccc(NC(=O)C(F)(F)F)cc2)cc1,6.585026652029182,1,EC50,FXR,CHEMBL2047
CC(C)(C)c1ccc(C(=O)NCc2ccc(NC(=O)C(F)(F)F)cc2Cl)cc1,7.853871964321762,1,EC50,FXR,CHEMBL2047
CC(C)(C)c1ccc(C(=O)NCc2ccc(NS(=O)(=O)C3CC3)cc2Cl)cc1,5.823908740944319,1,EC50,FXR,CHEMBL2047
CC(C)(C)c1ccc(C(=O)NCc2ccc(NS(C)(=O)=O)cc2)cc1,7.356547323513812,1,EC50,FXR,CHEMBL2047
CC(C)(C)c1ccc(C(=O)NCc2ccc(NS(C)(=O)=O)cc2Cl)cc1,7.69466991845506,4,EC50,FXR,CHEMBL2047
CC(C)(C)c1ccc(C(=O)NCc2ccc(OC(F)(F)F)cc2)cc1,6.795880017344075,1,EC50,FXR,CHEMBL2047
CC(C)(C)c1ccc(C(=O)NCc2ccc(OCC(=O)O)cc2)cc1,6.136677139879544,1,EC50,FXR,CHEMBL2047
CC(C)(C)c1ccc(C(=O)NCc2ccc(S(C)(=O)=O)cc2)cc1,5.42021640338319,1,EC50,FXR,CHEMBL2047
CC(C)(C)c1ccc(C(=O)NCc2ccc(S(N)(=O)=O)cc2)cc1,5.853871964321762,1,EC50,FXR,CHEMBL2047
CC(C)(C)c1ccc(C(=O)NCc2ccc(S(N)(=O)=O)cc2F)cc1,6.013228265733755,1,EC50,FXR,CHEMBL2047
CC(C)(C)c1ccc(C(=O)NCc2ccc(SC(F)(F)F)cc2)cc1,9.397940008672037,1,EC50,FXR,CHEMBL2047
CC(C)(C)c1ccc(C(=O)NCc2cccc(C(=O)O)c2)cc1,5.769551078621726,1,EC50,FXR,CHEMBL2047
CC(C)(C)c1ccc(C(=O)Nc2cc(Br)ccc2C(=O)Nc2cccc(C(=O)O)c2)cc1,7.318758762624412,1,EC50,FXR,CHEMBL2047
CC(C)(C)c1ccc(C(=O)Nc2cc(Cl)ccc2C(=O)Nc2cccc(C(=O)O)c2)cc1,7.1243604480083285,2,EC50,FXR,CHEMBL2047
CC(C)(C)c1ccc(C(=O)Nc2ccc(CC(=O)O)cc2)c(O)c1,6.853871964321762,1,IC50,FXR,CHEMBL2047
CC(C)(C)c1ccc(C(=O)Nc2ccc(CC(=O)O)cc2)cc1,7.119186407719209,1,IC50,FXR,CHEMBL2047
CC(C)(C)c1ccc(C(=O)Nc2ccc(CCC(=O)O)cc2)cc1,6.200659450546418,1,IC50,FXR,CHEMBL2047
CC(C)(C)c1ccc(C(=O)Nc2ccc(CCCC(=O)O)cc2)cc1,6.154901959985743,1,IC50,FXR,CHEMBL2047
CC(C)(C)c1ccc(C(=O)Nc2ccc(Cl)cc2C(=O)Nc2cccc(C(=O)O)c2)cc1,4.910094888560602,1,IC50,FXR,CHEMBL2047
CC(C)(C)c1ccc(C(=O)Nc2ccc3ccn(Cc4ccc(C(=O)O)cc4)c3c2)cc1,5.455931955649724,1,EC50,FXR,CHEMBL2047
CC(C)(C)c1ccc(C(=O)Nc2cccc(C(=O)O)c2)cc1,10.045757490560675,1,EC50,FXR,CHEMBL2047
CC(C)(C)c1ccc(C(=O)Nc2cccc(CC(=O)O)c2)cc1,6.426935982160881,2,IC50,FXR,CHEMBL2047
CC(C)(C)c1ccc(C(=O)Nc2cccc(CCC(=O)O)c2)c(NC(=O)c2ccc3ccccc3c2)c1,6.522878745280337,1,EC50,FXR,CHEMBL2047
CC(C)(C)c1ccc(C(=O)Nc2ccccc2C(=O)NCCCC(=O)O)cc1,5.6020599913279625,3,EC50,FXR,CHEMBL2047
CC(C)(C)c1ccc(C(=O)Nc2ccccc2C(=O)Nc2cc(C(=O)O)ccc2Cl)cc1,5.958607314841775,2,EC50,FXR,CHEMBL2047
CC(C)(C)c1ccc(C(=O)Nc2ccccc2C(=O)Nc2cc(C(=O)O)ccc2F)cc1,6.318758762624412,2,EC50,FXR,CHEMBL2047
CC(C)(C)c1ccc(C(=O)Nc2ccccc2C(=O)Nc2ccc(Br)c(C(=O)O)c2)cc1,6.823908740944319,2,EC50,FXR,CHEMBL2047
CC(C)(C)c1ccc(C(=O)Nc2ccccc2C(=O)Nc2ccc(C(=O)O)cc2)cc1,6.5043869621537524,2,EC50,FXR,CHEMBL2047
CC(C)(C)c1ccc(C(=O)Nc2ccccc2C(=O)Nc2ccc(Cl)c(C(=O)O)c2)cc1,6.552841968657781,2,EC50,FXR,CHEMBL2047
CC(C)(C)c1ccc(C(=O)Nc2ccccc2C(=O)Nc2cccc(-c3nnn[nH]3)c2)cc1,5.537602002101044,1,EC50,FXR,CHEMBL2047
CC(C)(C)c1ccc(C(=O)Nc2ccccc2C(=O)Nc2cccc(C#N)c2)cc1,6.638272163982407,2,EC50,FXR,CHEMBL2047
CC(C)(C)c1ccc(C(=O)Nc2ccccc2C(=O)Nc2cccc(C(=O)O)c2)cc1,6.552841968657781,2,EC50,FXR,CHEMBL2047
CC(C)(C)c1ccc(C(=O)Nc2ccccc2C(=O)Nc2cccc(C(N)=O)c2)cc1,7.142835120127383,2,EC50,FXR,CHEMBL2047
CC(C)(C)c1ccc(C(=O)Nc2ccccc2C(=O)Nc2cccc(CC(=O)O)c2)cc1,6.376750709602099,2,EC50,FXR,CHEMBL2047
CC(C)(C)c1ccc(C(=O)Nc2ccccc2C(=O)Nc2cccc(CCC(=O)O)c2)cc1,7.207834387816234,2,EC50,FXR,CHEMBL2047
CC(C)(C)c1ccc(C(=O)Nc2ccccc2CC(=O)O)cc1,6.991399828238082,1,IC50,FXR,CHEMBL2047
CC(C)(C)c1ccc(CC(=O)Nc2cccc3c2ncn3-c2ccc(C(=O)O)cc2)cc1,6.200659450546418,1,EC50,FXR,CHEMBL2047
CC(C)(C)c1ccc(CC(=O)Nc2cccc3c2ncn3Cc2ccc(C(=O)O)cc2)cc1,6.1938200260161125,1,EC50,FXR,CHEMBL2047
CC(C)(C)c1ccc(Cn2cnc3c(-c4ccc(C(=O)O)cc4)cccc32)cc1,6.853871964321762,1,EC50,FXR,CHEMBL2047
CC(C)(C)c1ccc(Cn2cnc3c(NC(=O)Cc4ccc(C(=O)O)cc4)cccc32)cc1,6.3872161432802645,1,EC50,FXR,CHEMBL2047
CC(C)(C)c1ccc(Cn2cnc3c(NC(=O)c4ccc(C(=O)O)cc4)cccc32)cc1,6.255724641749778,2,EC50,FXR,CHEMBL2047
CC(C)(C)c1ccc(NC(=O)Nc2ccc(C(=O)O)cc2)cc1,5.42021640338319,1,EC50,FXR,CHEMBL2047
CC(C)(C)c1ccc(S(=O)(=O)NC(=O)Nc2ccc([C@@H]3C[C@H]3c3ccc(OCc4c(-c5c(Cl)cccc5Cl)noc4C4CC4)cc3Cl)cc2)cc1,6.259637310505756,1,EC50,FXR,CHEMBL2047
CC(C)(C)c1ccc(S(=O)(=O)NC(=O)c2ccc([C@@H]3C[C@H]3c3ccc(OCc4c(-c5c(Cl)cccc5Cl)noc4C4CC4)cc3Cl)cc2)cc1,5.259637310505756,1,EC50,FXR,CHEMBL2047
CC(C)(C)c1cccc(C(=O)Nc2ccc(CC(=O)O)cc2)c1,6.721246399047171,1,IC50,FXR,CHEMBL2047
CC(C)(C)c1nc(C23CCC(CN(C(=O)C45CC(F)(C4)C5)c4cccc(-c5nc(C6CC6)no5)c4)(CC2)CC3)no1,7.537602002101044,1,EC50,FXR,CHEMBL2047
CC(C)(C)c1nc(C23CCC(CN(C(=O)C45CC(F)(C4)C5)c4cccc(-c5nnc(C6CC6)o5)c4)(CC2)CC3)no1,7.346787486224656,1,EC50,FXR,CHEMBL2047
CC(C)(C)c1noc(C23CCC(CN(C(=O)C45CC(F)(C4)C5)c4cccc(-c5nc(C6CC6)no5)c4)(CC2)CC3)n1,7.154901959985743,1,EC50,FXR,CHEMBL2047
CC(C)(C)n1ncc(C(=O)Nc2ccc3cnn(CC4CCN(c5ccc(C(=O)O)cc5)CC4)c3c2)c1-c1ccc(F)cc1,9.0,1,IC50,FXR,CHEMBL2047
CC(C)(O)[C@@H]1O[C@](C)(C2=C3C[C@H](O)[C@H]4[C@@]5(C)CCC(=O)C(C)(C)[C@@H]5CC[C@]4(C)[C@@]3(C)CC2=O)C[C@@H]1O,4.925915310971757,1,EC50,FXR,CHEMBL2047
CC(C)(O)c1ccc(-c2cccc(N(CC34CCC(c5noc(C(C)(C)F)n5)(CC3)CC4)C(=O)[C@H]3C[C@@](C)(O)C3)c2)cc1,7.6020599913279625,1,EC50,FXR,CHEMBL2047
CC(C)(O)c1ccc(-c2cccc(N(CC34CCC(c5noc(C(C)(C)F)n5)(CC3)CC4)C(=O)[C@H]3C[C@](O)(C(F)(F)F)C3)c2)cc1,7.422635896279922,2,EC50,FXR,CHEMBL2047
CC(C)(O)c1ccc(C(=O)NCc2ccc(NS(C)(=O)=O)cc2Cl)cc1,7.494850021680094,1,EC50,FXR,CHEMBL2047
CC(C)(Oc1ccc(-c2ccc(OCc3c(-c4c(Cl)cccc4Cl)noc3C3CC3)cc2)cc1)C(=O)O,6.037751810482944,2,EC50,FXR,CHEMBL2047
CC(C)(Sc1ccc(CCN(CCCCC2CCCCC2)C(=O)NC2CCCCC2)cc1)C(=O)O,5.308918507877031,1,IC50,FXR,CHEMBL2047
CC(C)C(=O)N1CCC(C[C@@H](c2nc3cc(F)ccc3n2C)N2C(=O)CN(c3ccc(Oc4ccccc4)cc3)C2=O)CC1,8.34518491628705,2,IC50,FXR,CHEMBL2047
CC(C)C(=O)N1CCC(C[C@@H](c2nc3ccc(Cl)cc3n2C)N2C(=O)CN(c3ccc(Oc4ccccc4)cc3)C2=O)CC1,8.593543321678572,2,IC50,FXR,CHEMBL2047
CC(C)C(=O)N1CCC(C[C@@H](c2nc3ccc(F)cc3n2C)N2C(=O)CN(c3ccc(Oc4ccc(F)cc4)cc3)C2=O)CC1,8.618098887962704,2,IC50,FXR,CHEMBL2047
CC(C)C(=O)N1CCC(C[C@@H](c2nc3ccc(F)cc3n2C2CC2)N2C(=O)CN(c3ccc(Oc4ccc(F)cc4)cc3)C2=O)CC1,8.891917048857003,2,IC50,FXR,CHEMBL2047
CC(C)C(=O)N1CCC(C[C@@H](c2nc3ccccc3n2C)N2C(=O)CN(c3ccc(Oc4ccccc4)cc3)C2=O)CC1,7.42021640338319,1,IC50,FXR,CHEMBL2047
CC(C)C(=O)N1CCC(C[C@@H](c2nc3ccccc3n2C2CC2)N2C(=O)CN(c3ccc(Oc4ccc(F)cc4)cc3)C2=O)CC1,7.799299729609228,2,IC50,FXR,CHEMBL2047
CC(C)C(=O)O[C@@H]1CC[C@]2(C)[C@H]3CC[C@@H]4[C@H]5[C@H](C(C)C)CC[C@]5(C(=O)NCC(=O)O)CC[C@@]4(C)[C@]3(C)CC[C@H]2C1(C)C,5.337242168318426,1,IC50,FXR,CHEMBL2047
CC(C)C(=O)[C@@H](O)C[C@@H](C)C1=C2C[C@H](O)[C@H]3[C@@]4(C)CCC(=O)C(C)(C)[C@@H]4CC[C@]3(C)[C@@]2(C)CC1,7.045757490560675,1,EC50,FXR,CHEMBL2047
CC(C)CC(=O)Nc1ccc(N(C)C)c(CN(Cc2ccccc2)S(=O)(=O)c2ccc(F)cc2)c1,5.235077015350111,1,IC50,FXR,CHEMBL2047
CC(C)CCOc1ccc(C(=O)Nc2cccc(C(=O)O)c2)cc1,6.667561540084394,1,EC50,FXR,CHEMBL2047
CC(C)CCOc1cccc(C(=O)Nc2cccc(C(=O)O)c2)c1,5.559248299520815,1,EC50,FXR,CHEMBL2047
CC(C)CN(C(=O)c1c(Cl)cccc1Cl)c1ccc(-c2ccc(OCC(=O)O)c(F)c2)cc1,5.853871964321762,1,EC50,FXR,CHEMBL2047
CC(C)CN(Cc1ccc(-c2ccc(S(C)(=O)=O)cc2)cc1)S(=O)(=O)Cc1ccccc1,5.619788758288394,1,EC50,FXR,CHEMBL2047
CC(C)CN(c1ccc(-c2ccc(C(=O)O)cc2)cc1)S(=O)(=O)c1c(Cl)cccc1Cl,5.455931955649724,1,EC50,FXR,CHEMBL2047
CC(C)CN(c1ccc(-c2ccc(CC(=O)O)cc2)cc1)S(=O)(=O)c1c(Cl)cccc1Cl,5.42021640338319,1,EC50,FXR,CHEMBL2047
CC(C)CN(c1ccc(-c2ccc(CCC(=O)O)cc2)cc1)S(=O)(=O)c1c(Cl)cccc1Cl,5.187086643357144,1,EC50,FXR,CHEMBL2047
CC(C)CN(c1ccc(-c2ccc(OC(C)C(=O)O)c(F)c2)cc1)S(=O)(=O)c1c(Cl)cccc1Cl,5.060480747381382,1,EC50,FXR,CHEMBL2047
CC(C)CN(c1ccc(-c2ccc(OCC(=O)O)c(F)c2)cc1)S(=O)(=O)c1c(Cl)cccc1Cl,6.119186407719209,1,EC50,FXR,CHEMBL2047
CC(C)CN(c1ccc(-c2ccc(OCC(=O)O)cc2)cc1)S(=O)(=O)c1c(Cl)cccc1Cl,6.050609993355087,1,EC50,FXR,CHEMBL2047
CC(C)CN(c1ccc(COc2ccc(C(=O)O)cc2)cc1)S(=O)(=O)c1c(Cl)cccc1Cl,5.6020599913279625,1,EC50,FXR,CHEMBL2047
CC(C)COc1ccc(-c2nnc(-c3ccc(C(=O)O)cc3)o2)cc1,6.688246138944246,1,EC50,FXR,CHEMBL2047
CC(C)COc1ccc(-c2nnc(-c3ccc(C(=O)O)cc3)s2)cc1,6.847711655616944,1,EC50,FXR,CHEMBL2047
CC(C)COc1ccc(C(=O)Nc2cccc(C(=O)O)c2)cc1,6.447331783887806,1,EC50,FXR,CHEMBL2047
CC(C)COc1cccc(C(=O)Nc2cccc(C(=O)O)c2)c1,5.947690900352677,1,EC50,FXR,CHEMBL2047
CC(C)C[C@@H](c1nc2cc(C(=O)O)ccc2n1C)N1C(=O)CN(c2ccc(Oc3ccccc3)cc2)C1=O,3.947306058075032,1,IC50,FXR,CHEMBL2047
CC(C)C[C@@H](c1nc2ccc(C(=O)O)cc2n1C)N1C(=O)CN(c2ccc(-c3ccccc3)cc2)C1=O,4.636388020107856,1,IC50,FXR,CHEMBL2047
CC(C)C[C@@H](c1nc2ccc(C(=O)O)cc2n1C)N1C(=O)CN(c2ccc(F)cc2)C1=O,3.3992448503603816,1,IC50,FXR,CHEMBL2047
CC(C)C[C@@H](c1nc2ccc(C(=O)O)cc2n1C)N1C(=O)CN(c2ccc(OC3CCCCC3)cc2)C1=O,3.901356274182943,1,IC50,FXR,CHEMBL2047
CC(C)C[C@@H](c1nc2ccc(C(=O)O)cc2n1C)N1C(=O)CN(c2ccc(Oc3ccc(Cl)cc3)cc2)C1=O,5.59176003468815,1,IC50,FXR,CHEMBL2047
CC(C)C[C@@H](c1nc2ccc(C(=O)O)cc2n1C)N1C(=O)CN(c2ccc(Oc3ccccc3)cc2)C1=O,4.36251027048749,1,IC50,FXR,CHEMBL2047
CC(C)C[C@@H](c1nc2ccc(C(=O)O)cc2n1C)N1C(=O)CN(c2cccc(Oc3ccccc3)c2)C1=O,4.739928612014925,1,IC50,FXR,CHEMBL2047
CC(C)C[C@@H](c1nc2ccc(C(=O)O)cc2n1C)N1C(=O)N(c2ccc(Oc3ccccc3)cc2)C(C)(C)C1=O,3.9804683154687446,1,IC50,FXR,CHEMBL2047
CC(C)C[C@@H](c1nc2ccc(C(=O)O)cc2n1C)N1CC(=O)N(c2ccc(Oc3ccccc3)cc2)CC1=O,3.379343520180379,1,IC50,FXR,CHEMBL2047
CC(C)C[C@@H](c1nc2ccc(C(=O)O)cc2n1C)N1CCN(c2ccc(Oc3ccccc3)cc2)C1=O,4.54515513999149,1,IC50,FXR,CHEMBL2047
CC(C)C[C@H](c1nc2ccc(C(=O)O)cc2n1C)N1C(=O)CN(c2ccc(Oc3ccccc3)cc2)C1=O,5.180456064458131,1,IC50,FXR,CHEMBL2047
CC(C)Cn1c(-c2ccc(OCc3c(-c4c(Cl)cccc4Cl)noc3C(C)C)cc2)nc2ccc(C(=O)O)cc21,7.943158651293298,2,EC50,FXR,CHEMBL2047
CC(C)OC(=O)/C=C/c1cc(F)cc(N(Cc2ccc(-c3ccc(N(C)C)cc3)c(C#N)c2)C(=O)C2CCCCC2)c1,6.096910013008056,1,EC50,FXR,CHEMBL2047
CC(C)OC(=O)/C=C/c1cc(N(Cc2ccc(-c3ccc(N(C)C)cc3)c(C#N)c2)C(=O)C2CCCCC2)ccc1F,6.096910013008056,1,EC50,FXR,CHEMBL2047
CC(C)OC(=O)/C=C/c1cccc(N(Cc2ccc(-c3ccc(N(C)C)cc3)c(C#N)c2)C(=O)C2CCCCC2)c1,6.221848749616356,1,EC50,FXR,CHEMBL2047
CC(C)OC(=O)/C=C/c1cccc(N(Cc2ccc(-c3ccc(N(C)C)cc3)c(C#N)c2)C(=O)C2CCCCC2)c1F,6.045757490560675,1,EC50,FXR,CHEMBL2047
CC(C)OC(=O)C1=CN(C(=O)C2CCCCC2)CC(C)(C)c2cc(C#N)[nH]c21,8.187086643357144,1,EC50,FXR,CHEMBL2047
CC(C)OC(=O)C1=CN(C(=O)c2ccc(C#N)cc2)CC(C)(C)c2cc(C#N)[nH]c21,7.455931955649724,1,EC50,FXR,CHEMBL2047
CC(C)OC(=O)C1=CN(C(=O)c2ccc(F)c(F)c2)CC(C)(C)c2c1[nH]c1ccccc21,7.795880017344075,1,EC50,FXR,CHEMBL2047
CC(C)OC(=O)C1=CN(C(=O)c2ccc(F)c(F)c2)CC(C)(C)c2cc(C#N)[nH]c21,8.200659450546418,1,EC50,FXR,CHEMBL2047
CC(C)OC(=O)C1=CN(C(=O)c2ccc(F)c(OCCN3CCOCC3)c2)CC(C)(C)c2c(C(F)(F)F)n[nH]c21,6.221848749616356,1,EC50,FXR,CHEMBL2047
CC(C)OC(=O)C1=CN(C(=O)c2ccc(F)cc2)CC(C)(C)c2cc(C#N)[nH]c21,8.301029995663981,1,EC50,FXR,CHEMBL2047
CC(C)OC(=O)C1=CN(C(=O)c2cccc(C(F)(F)F)c2)CC(C)(C)c2cc(C#N)[nH]c21,8.070581074285707,1,EC50,FXR,CHEMBL2047
CC(C)OC(=O)C1=CN(C(=O)c2cccc(Cl)c2)CC(C)(C)c2cc(C#N)[nH]c21,7.920818753952375,1,EC50,FXR,CHEMBL2047
CC(C)OC(=O)C1=CN(C(=O)c2cccc(F)c2)CC(C)(C)c2cc(C#N)[nH]c21,8.56246936830415,2,EC50,FXR,CHEMBL2047
CC(C)OC(=O)C1=CN(C(=O)c2cccc(OCCN3CCOCC3)c2)CC(C)(C)c2c(C(F)(F)F)n[nH]c21,6.221848749616356,1,EC50,FXR,CHEMBL2047
CC(C)OC(=O)C1=CN(C(=O)c2cccs2)CC(C)(C)c2cc(C#N)[nH]c21,7.795880017344075,1,EC50,FXR,CHEMBL2047
CC(C)OC(=O)C1CN(C(=O)C2CCCCC2)CC(C)(C)c2cc(C#N)[nH]c21,5.721246399047171,1,EC50,FXR,CHEMBL2047
CC(C)OC(=O)C1CN(C(=O)C2CCOCC2)CC(C)(C)c2cc(C#N)[nH]c21,5.481486060122112,1,EC50,FXR,CHEMBL2047
CC(C)OC(=O)C1CN(C(=O)c2ccc(C#N)cc2)CC(C)(C)c2cc(C#N)[nH]c21,5.2441251443275085,1,EC50,FXR,CHEMBL2047
CC(C)OC(=O)C1CN(C(=O)c2ccc(Cl)cc2)CC(C)(C)c2cc(C#N)[nH]c21,5.3872161432802645,1,EC50,FXR,CHEMBL2047
CC(C)OC(=O)C1CN(C(=O)c2ccc(F)c(F)c2)CC(C)(C)c2cc(C#N)[nH]c21,6.552841968657781,2,EC50,FXR,CHEMBL2047
CC(C)OC(=O)C1CN(C(=O)c2ccc(F)cc2)CC(C)(C)c2cc(C#N)[nH]c21,6.1938200260161125,1,EC50,FXR,CHEMBL2047
CC(C)OC(=O)C1CN(C(=O)c2cccc(C(F)(F)F)c2)CC(C)(C)c2cc(C#N)[nH]c21,5.568636235841012,1,EC50,FXR,CHEMBL2047
CC(C)OC(=O)C1CN(C(=O)c2cccc(Cl)c2)CC(C)(C)c2cc(C#N)[nH]c21,5.886056647693163,1,EC50,FXR,CHEMBL2047
CC(C)OC(=O)C1CN(C(=O)c2cccc(F)c2)CC(C)(C)c2cc(C#N)[nH]c21,5.886056647693163,1,EC50,FXR,CHEMBL2047
CC(C)Oc1ccc(C(=O)NCc2ccc(NS(C)(=O)=O)cc2Cl)cc1,6.3979400086720375,1,EC50,FXR,CHEMBL2047
CC(C)Oc1ccc(CNC(=O)c2ccc(C(C)(C)C)cc2)cc1,6.769551078621726,1,EC50,FXR,CHEMBL2047
CC(C)S(=O)(=O)Nc1ccc(CNC(=O)c2ccc(C(C)(C)C)cc2)c(Cl)c1,6.376750709602099,1,EC50,FXR,CHEMBL2047
CC(C)[C@@H](NC(=O)[C@@H]1CCCN1C(=O)[C@H](Cc1ccc(Br)cc1)NC(=O)[C@@H](C)NC=O)C(=O)N[C@H](C(=O)N[C@H](Cc1c[nH]c2ccccc12)C(=O)N[C@@H](CCCNC(=N)N)C(=O)N[C@H](CS(=O)(=O)O)C(=O)N[C@@H]1C(=O)N(C)[C@@H](CCC(N)=O)C(=O)N[C@H](Cc2ccccc2)C(=O)N[C@@H]([C@@H](C)O)C(=O)N[C@@H](CC(N)=O)C(=O)N(C)CC(=O)O[C@@H]1C)C(C)(C)C,5.301029995663981,1,IC50,FXR,CHEMBL2047
CC(C)[C@@H](NC(=O)[C@H]1CCCN1C(=O)[C@H](Cc1ccccc1)NC(=O)[C@@H](C)NC=O)C(=O)N[C@H](C(=O)N[C@H](Cc1c[nH]c2ccccc12)C(=O)N[C@@H](CCCNC(=N)N)C(=O)N[C@H](CS(=O)(=O)O)C(=O)N[C@H]1C(=O)N(C)[C@H](CCC(N)=O)C(=O)N[C@@H](Cc2ccccc2)C(=O)N[C@H]([C@H](C)O)C(=O)N[C@H](CC(N)=O)C(=O)N(C)CC(=O)O[C@@H]1C)C(C)(C)C,5.221848749616356,1,IC50,FXR,CHEMBL2047
CC(C)[C@@H](O)C[C@@H](C)C1=C2C[C@H](O)[C@H]3[C@@]4(C)CCC(=O)C(C)(C)[C@@H]4CC[C@]3(C)[C@@]2(C)CC1,5.176525770829699,1,EC50,FXR,CHEMBL2047
CC(C)[C@@H](c1nc2ccc(C(=O)O)cc2n1C)N1C(=O)CN(c2ccc(Oc3ccccc3)cc2)C1=O,3.7582045687048016,1,IC50,FXR,CHEMBL2047
CC(C)[C@@H]1CC[C@]2(C(=O)NCC(=O)O)CC[C@]3(C)[C@H](CC[C@@H]4[C@@]5(C)CC[C@@H](O)C(C)(C)[C@@H]5CC[C@]43C)[C@@H]12,4.130768280269024,1,IC50,FXR,CHEMBL2047
CC(C)[C@@H]1CC[C@]2(C(=O)NCC(=O)O)CC[C@]3(C)[C@H](CC[C@@H]4[C@@]5(C)CC[C@@H](OC(=O)C6CC6)C(C)(C)[C@@H]5CC[C@]43C)[C@@H]12,5.0,1,IC50,FXR,CHEMBL2047
CC(C)[C@@H]1CC[C@]2(C(=O)NCC(=O)O)CC[C@]3(C)[C@H](CC[C@@H]4[C@@]5(C)CC[C@@H](OC(=O)C6CCC6)C(C)(C)[C@@H]5CC[C@]43C)[C@@H]12,5.3872161432802645,1,IC50,FXR,CHEMBL2047
CC(C)[C@@H]1CC[C@]2(C(=O)NCC(=O)O)CC[C@]3(C)[C@H](CC[C@@H]4[C@@]5(C)CC[C@@H](OC(=O)C6CCCC6)C(C)(C)[C@@H]5CC[C@]43C)[C@@H]12,5.795880017344075,1,IC50,FXR,CHEMBL2047
CC(C)[C@@H]1CC[C@]2(C(=O)NCC(=O)O)CC[C@]3(C)[C@H](CC[C@@H]4[C@@]5(C)CC[C@@H](OC(=O)c6ccc(F)cc6)C(C)(C)[C@@H]5CC[C@]43C)[C@@H]12,5.958607314841775,1,IC50,FXR,CHEMBL2047
CC(C)[C@@H]1CC[C@]2(C(=O)NCC(=O)O)CC[C@]3(C)[C@H](CC[C@@H]4[C@@]5(C)CC[C@@H](OC(=O)c6ccccc6)C(C)(C)[C@@H]5CC[C@]43C)[C@@H]12,5.958607314841775,1,IC50,FXR,CHEMBL2047
CC(C)[C@@H]1CC[C@]2(C(=O)O)CC[C@@H]3[C@H](CC[C@H]4[C@@]3(C)CC[C@H]3C(C)(C)[C@H](O)CC[C@]43C)[C@@H]12,5.102372908709558,1,IC50,FXR,CHEMBL2047
CC(C)[C@@H]1O[C@H]2[C@@H](O1)C1=C([C@H](C)C[C@H](O)[C@@H](O)C(C)(C)O)CC[C@]1(C)[C@@]1(C)CC[C@H]3C(C)(C)C(=O)CC[C@]3(C)[C@H]21,4.959793372425289,1,EC50,FXR,CHEMBL2047
CC(C)[C@H](NC(=O)[C@H](NC(=O)[C@@H]1CCCN1C(=O)[C@H](Cc1ccc(Br)cc1)NC(=O)[C@@H](C)NC=O)C(C)C)C(=O)N[C@H](Cc1c[nH]c2ccccc12)C(=O)N[C@@H](CCCNC(=N)N)C(=O)N[C@H](CS(=O)(=O)O)C(=O)N[C@@H]1C(=O)N(C)[C@@H](CCC(N)=O)C(=O)N[C@H](Cc2ccccc2)C(=O)N[C@@H]([C@@H](C)O)C(=O)N[C@@H](CC(N)=O)C(=O)N(C)CC(=O)O[C@@H]1C,6.301029995663981,1,IC50,FXR,CHEMBL2047
CC(C)[C@H](c1nc2ccc(C(=O)O)cc2n1C)N1C(=O)CN(c2ccc(Oc3ccccc3)cc2)C1=O,3.9262816496538777,1,IC50,FXR,CHEMBL2047
CC(C)c1cnn(-c2c(Cl)cccc2Cl)c1COc1ccc(/C=C/c2cccc(C(=O)O)c2)c(Cl)c1,7.537860356969059,2,EC50,FXR,CHEMBL2047
CC(C)c1cnn(-c2c(Cl)cccc2Cl)c1COc1ccc2c(n1)CCc1ccc(C(=O)O)cc1O2,7.638272163982407,1,EC50,FXR,CHEMBL2047
CC(C)c1ncn(CCc2c(Cl)cccc2Cl)c1COc1ccc(/C=C/c2cccc(C(=O)O)c2)c(Cl)c1,6.189884070012561,2,EC50,FXR,CHEMBL2047
CC(C)c1nnn(-c2c(Cl)cccc2Cl)c1COc1ccc(/C=C/c2cccc(C(=O)O)c2)c(Cl)c1,7.203356966489771,2,EC50,FXR,CHEMBL2047
CC(C)c1nnn(-c2c(Cl)cccc2Cl)c1COc1ccc2c(c1)CCc1ccc(C(=O)O)cc1C2=O,7.920818753952375,1,EC50,FXR,CHEMBL2047
CC(C)c1oc(=O)n(CCc2c(Cl)cccc2Cl)c1COc1ccc(/C=C/c2cccc(C(=O)O)c2)c(Cl)c1,7.318194010053928,2,EC50,FXR,CHEMBL2047
CC(C)c1oc(=O)n(Cc2c(Cl)cccc2Cl)c1COc1ccc(/C=C/c2cccc(C(=O)O)c2)c(Cl)c1,7.113106777509403,2,EC50,FXR,CHEMBL2047
CC(C)c1occ(COc2c(Cl)cccc2Cl)c1COc1ccc(/C=C/c2cccc(C(=O)O)c2)c(Cl)c1,5.910094888560602,1,EC50,FXR,CHEMBL2047
CC(C)c1onc(-c2c(Cl)cccc2Br)c1COc1ccc(/C=C/c2cccc(C(=O)O)c2)c(Cl)c1,7.920818753952375,1,EC50,FXR,CHEMBL2047
CC(C)c1onc(-c2c(Cl)cccc2Cl)c1CCc1nc2cc(-c3cccc(C(=O)O)c3)ccc2o1,6.03478020261665,2,EC50,FXR,CHEMBL2047
CC(C)c1onc(-c2c(Cl)cccc2Cl)c1CCc1nc2cccc(Nc3cccc(C(=O)O)c3)c2o1,5.769551078621726,1,EC50,FXR,CHEMBL2047
CC(C)c1onc(-c2c(Cl)cccc2Cl)c1CN1CCCN(c2c(-c3c(Cl)cccc3Cl)noc2C(C)C)CC1,7.1142062595593725,2,EC50,FXR,CHEMBL2047
CC(C)c1onc(-c2c(Cl)cccc2Cl)c1CN1CCN(c2cc3cc(C(=O)O)ccc3n2C)CC1,7.173925197299173,1,EC50,FXR,CHEMBL2047
CC(C)c1onc(-c2c(Cl)cccc2Cl)c1CN1CCN(c2cc3cc(C(=O)O)ccc3s2)CC1,5.926281649653877,1,EC50,FXR,CHEMBL2047
CC(C)c1onc(-c2c(Cl)cccc2Cl)c1CN1CCN(c2nc3cc(C(=O)O)ccc3s2)CC1,5.630784142589857,1,EC50,FXR,CHEMBL2047
CC(C)c1onc(-c2c(Cl)cccc2Cl)c1CN1CCN(c2nc3ccc(C(=O)O)cc3o2)CC1,6.153159384345603,2,EC50,FXR,CHEMBL2047
CC(C)c1onc(-c2c(Cl)cccc2Cl)c1CN1CCN(c2nc3ccc(C(=O)O)cc3s2)CC1,6.59176003468815,1,EC50,FXR,CHEMBL2047
CC(C)c1onc(-c2c(Cl)cccc2Cl)c1CNc1nc2ccc(-c3cccc(C(=O)O)c3)cc2s1,6.2189725851718105,2,EC50,FXR,CHEMBL2047
CC(C)c1onc(-c2c(Cl)cccc2Cl)c1COc1ccc(-c2ccc(CC(=O)O)cc2)cc1,6.118098887962703,2,EC50,FXR,CHEMBL2047
CC(C)c1onc(-c2c(Cl)cccc2Cl)c1COc1ccc(-c2ccc3[nH]c(C(=O)O)cc3c2)cc1,7.055517327849831,1,EC50,FXR,CHEMBL2047
CC(C)c1onc(-c2c(Cl)cccc2Cl)c1COc1ccc(-c2ccc3c(C(=O)O)c[nH]c3c2)cc1,7.698970004336019,1,EC50,FXR,CHEMBL2047
CC(C)c1onc(-c2c(Cl)cccc2Cl)c1COc1ccc(-c2ccc3c(C(=O)O)cccc3c2)cc1,7.060480747381382,1,EC50,FXR,CHEMBL2047
CC(C)c1onc(-c2c(Cl)cccc2Cl)c1COc1ccc(-c2ccc3c(C(=O)O)csc3c2)cc1,7.6777807052660805,1,EC50,FXR,CHEMBL2047
CC(C)c1onc(-c2c(Cl)cccc2Cl)c1COc1ccc(-c2ccc3c(c2)CC(C(=O)O)C3)cc1,6.1249387366083,1,EC50,FXR,CHEMBL2047
CC(C)c1onc(-c2c(Cl)cccc2Cl)c1COc1ccc(-c2ccc3c(c2)CCCC3C(=O)O)cc1,6.259637310505756,1,EC50,FXR,CHEMBL2047
CC(C)c1onc(-c2c(Cl)cccc2Cl)c1COc1ccc(-c2ccc3cc(C(=O)O)[nH]c3c2)cc1,6.6777807052660805,1,EC50,FXR,CHEMBL2047
CC(C)c1onc(-c2c(Cl)cccc2Cl)c1COc1ccc(-c2ccc3nc(C(=O)O)ccc3c2)cc1,6.920818753952375,1,EC50,FXR,CHEMBL2047
CC(C)c1onc(-c2c(Cl)cccc2Cl)c1COc1ccc(-c2ccc3oc(C(=O)O)cc3c2)cc1,7.292429823902063,1,EC50,FXR,CHEMBL2047
CC(C)c1onc(-c2c(Cl)cccc2Cl)c1COc1ccc(-c2ccc3sc(C(=O)O)cc3c2)cc1,6.6020599913279625,1,EC50,FXR,CHEMBL2047
CC(C)c1onc(-c2c(Cl)cccc2Cl)c1COc1ccc(-c2ccc3sc(C(=O)O)cc3n2)cc1,6.173925197299173,1,EC50,FXR,CHEMBL2047
CC(C)c1onc(-c2c(Cl)cccc2Cl)c1COc1ccc(-c2cccc(C(=O)O)c2)cc1,5.853871964321762,1,EC50,FXR,CHEMBL2047
CC(C)c1onc(-c2c(Cl)cccc2Cl)c1COc1ccc(-c2cccc(C3(C(=O)O)CC3)c2)cc1,6.575106087881157,2,EC50,FXR,CHEMBL2047
CC(C)c1onc(-c2c(Cl)cccc2Cl)c1COc1ccc(-c2cccc(CO)c2)cc1,6.080921907623926,1,EC50,FXR,CHEMBL2047
CC(C)c1onc(-c2c(Cl)cccc2Cl)c1COc1ccc(-c2nc3cc(C(=O)O)ccc3n2C)cc1,7.389747213338479,2,EC50,FXR,CHEMBL2047
CC(C)c1onc(-c2c(Cl)cccc2Cl)c1COc1ccc(-c2nc3ccc(C(=O)O)cc3n2-c2ccc(F)cc2)cc1,7.6565835905055,2,EC50,FXR,CHEMBL2047
CC(C)c1onc(-c2c(Cl)cccc2Cl)c1COc1ccc(-c2nc3ccc(C(=O)O)cc3n2C(C)C)cc1,7.858108621452006,2,EC50,FXR,CHEMBL2047
CC(C)c1onc(-c2c(Cl)cccc2Cl)c1COc1ccc(-c2nc3ccc(C(=O)O)cc3n2C)c(Cl)c1,7.968415915993592,2,EC50,FXR,CHEMBL2047
CC(C)c1onc(-c2c(Cl)cccc2Cl)c1COc1ccc(-c2nc3ccc(C(=O)O)cc3n2C)cc1,7.427184292354836,2,EC50,FXR,CHEMBL2047
CC(C)c1onc(-c2c(Cl)cccc2Cl)c1COc1ccc(-c2nc3ccc(C(=O)O)cc3n2C)cc1Cl,7.7970708003411815,2,EC50,FXR,CHEMBL2047
CC(C)c1onc(-c2c(Cl)cccc2Cl)c1COc1ccc(-c2nc3ccc(C(=O)O)cc3n2C2CC2)cc1,7.357536606504857,2,EC50,FXR,CHEMBL2047
CC(C)c1onc(-c2c(Cl)cccc2Cl)c1COc1ccc(-c2nc3ccc(C(=O)O)cc3n2C2CCC2)cc1,7.84163750790475,1,EC50,FXR,CHEMBL2047
CC(C)c1onc(-c2c(Cl)cccc2Cl)c1COc1ccc(-c2nc3ccc(C(=O)O)cc3n2C2CCCC2)cc1,7.866461091629782,1,EC50,FXR,CHEMBL2047
CC(C)c1onc(-c2c(Cl)cccc2Cl)c1COc1ccc(-c2nc3ccc(C(=O)O)cc3n2C2CCCCC2)cc1,8.375717904164333,1,EC50,FXR,CHEMBL2047
CC(C)c1onc(-c2c(Cl)cccc2Cl)c1COc1ccc(-c2nc3ccc(C(=O)O)cc3n2C2CCCCCC2)cc1,7.387562615024077,2,EC50,FXR,CHEMBL2047
CC(C)c1onc(-c2c(Cl)cccc2Cl)c1COc1ccc(-c2nc3ccc(C(=O)O)cc3n2CC(C)(C)C)cc1,7.745802483433474,2,EC50,FXR,CHEMBL2047
CC(C)c1onc(-c2c(Cl)cccc2Cl)c1COc1ccc(-c2nc3ccc(C(=O)O)cc3n2CC2CC2)cc1,7.624152640541933,2,EC50,FXR,CHEMBL2047
CC(C)c1onc(-c2c(Cl)cccc2Cl)c1COc1ccc(-c2nc3ccc(C(=O)O)cc3n2CC2CCCCC2)c(Cl)c1,7.6494924741167845,2,EC50,FXR,CHEMBL2047
CC(C)c1onc(-c2c(Cl)cccc2Cl)c1COc1ccc(-c2nc3ccc(C(=O)O)cc3n2CC2CCCCC2)c(F)c1,8.10790539730952,1,EC50,FXR,CHEMBL2047
CC(C)c1onc(-c2c(Cl)cccc2Cl)c1COc1ccc(-c2nc3ccc(C(=O)O)cc3n2CC2CCCCC2)cc1,8.492571789977747,2,EC50,FXR,CHEMBL2047
CC(C)c1onc(-c2c(Cl)cccc2Cl)c1COc1ccc(-c2nc3ccc(C(=O)O)cc3n2CCc2ccc(F)cc2)c(Cl)c1,7.255707016877324,1,EC50,FXR,CHEMBL2047
CC(C)c1onc(-c2c(Cl)cccc2Cl)c1COc1ccc(-c2nc3ccc(C(=O)O)cc3n2Cc2ccc(F)cc2)cc1,7.728871817519398,2,EC50,FXR,CHEMBL2047
CC(C)c1onc(-c2c(Cl)cccc2Cl)c1COc1ccc(-c2nc3cccc(C(=O)O)c3[nH]2)cc1,5.920818753952375,1,EC50,FXR,CHEMBL2047
CC(C)c1onc(-c2c(Cl)cccc2Cl)c1COc1ccc(/C=C/c2cccc(C(=O)NNC(=S)Nc3ccc(-c4c5ccc(=O)cc-5oc5cc(O)ccc45)c(C(=O)O)c3)c2)c(Cl)c1,6.259637310505756,1,EC50,FXR,CHEMBL2047
CC(C)c1onc(-c2c(Cl)cccc2Cl)c1COc1ccc(/C=C/c2cccc(C(=O)O)c2)c(Cl)c1,7.034774372861189,51,"EC50,IC50",FXR,CHEMBL2047
CC(C)c1onc(-c2c(Cl)cccc2Cl)c1COc1ccc(C#N)cc1,6.09151498112135,1,EC50,FXR,CHEMBL2047
CC(C)c1onc(-c2c(Cl)cccc2Cl)c1COc1ccc(C(=O)O)cc1,5.175874166083451,1,EC50,FXR,CHEMBL2047
CC(C)c1onc(-c2c(Cl)cccc2Cl)c1COc1ccc(CCCC(=O)O)cc1,5.221848749616356,1,EC50,FXR,CHEMBL2047
CC(C)c1onc(-c2c(Cl)cccc2Cl)c1COc1ccc(CNc2ccc(CC(=O)O)cc2)c(Cl)c1,4.526872146400301,2,EC50,FXR,CHEMBL2047
CC(C)c1onc(-c2c(Cl)cccc2Cl)c1COc1ccc(CNc2ccc(CC(=O)O)cc2)cc1,5.795880017344075,1,EC50,FXR,CHEMBL2047
CC(C)c1onc(-c2c(Cl)cccc2Cl)c1COc1ccc(CO)cc1,5.53313237964589,1,EC50,FXR,CHEMBL2047
CC(C)c1onc(-c2c(Cl)cccc2Cl)c1COc1ccc(COc2ccc(C#N)cc2)cc1,6.026872146400301,1,EC50,FXR,CHEMBL2047
CC(C)c1onc(-c2c(Cl)cccc2Cl)c1COc1ccc(COc2ccc(C(=O)O)cc2)cc1,6.483288122256525,2,EC50,FXR,CHEMBL2047
CC(C)c1onc(-c2c(Cl)cccc2Cl)c1COc1ccc(COc2ccc(CC(=O)O)cc2)c(Cl)c1,6.096910013008056,2,EC50,FXR,CHEMBL2047
CC(C)c1onc(-c2c(Cl)cccc2Cl)c1COc1ccc(COc2ccc(CC(=O)O)cc2)cc1,5.698970004336019,1,EC50,FXR,CHEMBL2047
CC(C)c1onc(-c2c(Cl)cccc2Cl)c1COc1ccc(COc2ccc(CO)cc2)cc1,6.130768280269024,1,EC50,FXR,CHEMBL2047
CC(C)c1onc(-c2c(Cl)cccc2Cl)c1COc1ccc(COc2cccc(C#N)c2)cc1,5.267606240177031,1,EC50,FXR,CHEMBL2047
CC(C)c1onc(-c2c(Cl)cccc2Cl)c1COc1ccc(COc2cccc(C(=O)O)c2)cc1,6.095557066320094,2,EC50,FXR,CHEMBL2047
CC(C)c1onc(-c2c(Cl)cccc2Cl)c1COc1ccc(COc2cccc(CO)c2)cc1,6.173925197299173,1,EC50,FXR,CHEMBL2047
CC(C)c1onc(-c2c(Cl)cccc2Cl)c1COc1ccc(Cn2ccc3ccc(C(=O)O)cc32)cc1,6.0,1,EC50,FXR,CHEMBL2047
CC(C)c1onc(-c2c(Cl)cccc2Cl)c1COc1ccc(N(C)C(=O)c2ccc(C(=O)O)cc2)c(C(F)(F)F)n1,6.628932137728263,1,EC50,FXR,CHEMBL2047
CC(C)c1onc(-c2c(Cl)cccc2Cl)c1COc1ccc(N(C)C(=O)c2cccc(C(=O)O)c2)c(C(F)(F)F)n1,6.363512103646634,1,EC50,FXR,CHEMBL2047
CC(C)c1onc(-c2c(Cl)cccc2Cl)c1COc1ccc(N(C)Cc2ccc(C(=O)NS(C)(=O)=O)cc2)c(C(F)(F)F)n1,7.3979400086720375,1,EC50,FXR,CHEMBL2047
CC(C)c1onc(-c2c(Cl)cccc2Cl)c1COc1ccc(N(C)Cc2ccc(C(=O)O)cc2)c(C(F)(F)F)n1,7.657577319177793,1,EC50,FXR,CHEMBL2047
CC(C)c1onc(-c2c(Cl)cccc2Cl)c1COc1ccc(N(C)Cc2ccc(CCC(=O)O)cc2)c(C(F)(F)F)n1,7.769551078621726,1,EC50,FXR,CHEMBL2047
CC(C)c1onc(-c2c(Cl)cccc2Cl)c1COc1ccc(N(C)Cc2ccc(OCC(=O)O)cc2)c(C(F)(F)F)n1,7.455931955649724,1,EC50,FXR,CHEMBL2047
CC(C)c1onc(-c2c(Cl)cccc2Cl)c1COc1ccc(N(C)Cc2ccc(OCCO)cc2)c(C(F)(F)F)n1,6.785156151952302,1,EC50,FXR,CHEMBL2047
CC(C)c1onc(-c2c(Cl)cccc2Cl)c1COc1ccc(N(C)Cc2cccc(C(=O)NCCOP(=O)(O)O)c2)c(C(F)(F)F)n1,7.443697499232712,1,EC50,FXR,CHEMBL2047
CC(C)c1onc(-c2c(Cl)cccc2Cl)c1COc1ccc(N(C)Cc2cccc(C(=O)NS(C)(=O)=O)c2)c(C(F)(F)F)n1,7.318758762624412,1,EC50,FXR,CHEMBL2047
CC(C)c1onc(-c2c(Cl)cccc2Cl)c1COc1ccc(N(C)Cc2cccc(C(=O)O)c2)c(C(F)(F)F)n1,7.920818753952375,1,EC50,FXR,CHEMBL2047
CC(C)c1onc(-c2c(Cl)cccc2Cl)c1COc1ccc(NC(=O)c2ccc(C(=O)O)cc2)c(C(F)(F)F)n1,6.3448615651886175,1,EC50,FXR,CHEMBL2047
CC(C)c1onc(-c2c(Cl)cccc2Cl)c1COc1ccc(NCc2ccc(C(=O)O)cc2)c(C(F)(F)F)n1,6.790484985457369,1,EC50,FXR,CHEMBL2047
CC(C)c1onc(-c2c(Cl)cccc2Cl)c1COc1ccc(S(C)(=O)=O)cc1,5.962573502059376,1,EC50,FXR,CHEMBL2047
CC(C)c1onc(-c2c(Cl)cccc2Cl)c1COc1ccc(Sc2cccc3sc(C(=O)O)cc23)cc1,6.721246399047171,1,EC50,FXR,CHEMBL2047
CC(C)c1onc(-c2c(Cl)cccc2Cl)c1COc1ccc2[nH]c(-c3cccc(C(=O)O)c3)cc2c1,6.259709106585415,2,EC50,FXR,CHEMBL2047
CC(C)c1onc(-c2c(Cl)cccc2Cl)c1COc1ccc2[nH]cc(Cc3cccc(C(=O)O)c3)c2c1,5.823908740944319,1,EC50,FXR,CHEMBL2047
CC(C)c1onc(-c2c(Cl)cccc2Cl)c1COc1ccc2c(Cc3cccc(C(=O)O)c3)c[nH]c2c1,6.13033251990196,2,EC50,FXR,CHEMBL2047
CC(C)c1onc(-c2c(Cl)cccc2Cl)c1COc1ccc2c(Nc3cccc(C(=O)O)c3)cccc2c1,6.793182501400722,2,EC50,FXR,CHEMBL2047
CC(C)c1onc(-c2c(Cl)cccc2Cl)c1COc1ccc2c(c1)CC(=O)N(c1cccc(C(=O)O)c1)C2,5.958607314841775,1,EC50,FXR,CHEMBL2047
CC(C)c1onc(-c2c(Cl)cccc2Cl)c1COc1ccc2c(c1)CCN(c1cccc(C(=O)O)c1)C2=O,5.614831779452425,2,EC50,FXR,CHEMBL2047
CC(C)c1onc(-c2c(Cl)cccc2Cl)c1COc1ccc2c(c1)CN(c1cccc(C(=O)O)c1)C2=O,6.066266256070474,2,EC50,FXR,CHEMBL2047
CC(C)c1onc(-c2c(Cl)cccc2Cl)c1COc1ccc2c(c1)ncn2Cc1cccc(C(=O)O)c1,5.5774509799928715,2,EC50,FXR,CHEMBL2047
CC(C)c1onc(-c2c(Cl)cccc2Cl)c1COc1ccc2c(ccn2C(=O)c2cccc(C(=O)O)c2)c1,6.444705144850375,2,EC50,FXR,CHEMBL2047
CC(C)c1onc(-c2c(Cl)cccc2Cl)c1COc1ccc2c(ccn2Cc2ccc(C(=O)O)cc2)c1,6.6386830387330935,2,EC50,FXR,CHEMBL2047
CC(C)c1onc(-c2c(Cl)cccc2Cl)c1COc1ccc2c(ccn2Cc2cccc(C(=O)O)c2)c1,6.586315363473087,2,EC50,FXR,CHEMBL2047
CC(C)c1onc(-c2c(Cl)cccc2Cl)c1COc1ccc2c(ccn2S(=O)(=O)c2cccc(C(=O)O)c2)c1,6.340968332518619,2,EC50,FXR,CHEMBL2047
CC(C)c1onc(-c2c(Cl)cccc2Cl)c1COc1ccc2cc(-c3ccc(C(=O)O)cc3)ccc2c1,6.1826606239106585,2,EC50,FXR,CHEMBL2047
CC(C)c1onc(-c2c(Cl)cccc2Cl)c1COc1ccc2cc(-c3ccc(C(=O)O)cc3)sc2c1,6.678273661756906,2,EC50,FXR,CHEMBL2047
CC(C)c1onc(-c2c(Cl)cccc2Cl)c1COc1ccc2cc(-c3cccc(C(=O)O)c3)ccc2c1,6.922331981267469,2,EC50,FXR,CHEMBL2047
CC(C)c1onc(-c2c(Cl)cccc2Cl)c1COc1ccc2cc(-c3cccc(C(=O)O)c3)sc2c1,7.02726570743409,2,EC50,FXR,CHEMBL2047
CC(C)c1onc(-c2c(Cl)cccc2Cl)c1COc1ccc2nc(-c3cccc(C(=O)O)c3)sc2c1,6.3872161432802645,2,EC50,FXR,CHEMBL2047
CC(C)c1onc(-c2c(Cl)cccc2Cl)c1COc1ccc2sc(-c3ccc(C(=O)O)cc3)cc2c1,6.674360993000928,2,EC50,FXR,CHEMBL2047
CC(C)c1onc(-c2c(Cl)cccc2Cl)c1COc1ccc2sc(-c3cccc(C(=O)O)c3)cc2c1,7.377243666092925,2,EC50,FXR,CHEMBL2047
CC(C)c1onc(-c2c(Cl)cccc2Cl)c1COc1cccc(C#N)c1,4.992679047077256,1,EC50,FXR,CHEMBL2047
CC(C)c1onc(-c2c(Cl)cccc2Cl)c1COc1cccc(C(=O)O)c1,4.704652851666382,1,EC50,FXR,CHEMBL2047
CC(C)c1onc(-c2c(Cl)cccc2Cl)c1COc1cccc(CO)c1,5.359518563029578,1,EC50,FXR,CHEMBL2047
CC(C)c1onc(-c2c(Cl)cccc2Cl)c1COc1ccccc1,5.798602875679549,1,EC50,FXR,CHEMBL2047
CC(C)c1onc(-c2c(Cl)cccc2Cl)c1COc1ccn(-c2cccc(C(=O)O)c2)n1,4.096910013008056,1,EC50,FXR,CHEMBL2047
CC(C)c1onc(-c2c(Cl)cccc2Cl)c1COc1ccn(Cc2ccc(-c3ccccc3C(=O)O)cc2)n1,5.221848749616356,1,EC50,FXR,CHEMBL2047
CC(C)c1onc(-c2c(Cl)cccc2Cl)c1COc1cnc(N(C)Cc2ccc(C(=O)O)cc2)c(Cl)c1,6.616184634019569,1,EC50,FXR,CHEMBL2047
CC(C)c1onc(-c2c(Cl)cccc2Cl)c1COc1cnc(N(C)Cc2cccc(C(=O)O)c2)c(Cl)c1,6.721246399047171,1,EC50,FXR,CHEMBL2047
CC(C)c1onc(-c2c(Cl)cncc2Cl)c1COc1ccc(/C=C/c2cccc(C(=O)O)c2)c(Cl)c1,6.4925298251035315,2,"EC50,IC50",FXR,CHEMBL2047
CC(C)c1onc(-c2ccc(S(C)(=O)=O)cc2Cl)c1COc1ccc(/C=C/c2cccc(C(=O)O)c2)c(Cl)c1,6.769551078621726,1,IC50,FXR,CHEMBL2047
CC(C)c1onc(-c2ccccc2)c1COc1ccc(CCCC(=O)O)cc1,4.508638306165727,1,EC50,FXR,CHEMBL2047
CC(C)c1onc(-c2ccccc2)c1COc1ccc(COc2ccc(C(=O)O)cc2)cc1,5.638272163982407,1,EC50,FXR,CHEMBL2047
CC(C)c1onc(-c2ccccc2)c1COc1ccc(COc2ccc(CC(=O)O)cc2)cc1,4.958607314841775,1,EC50,FXR,CHEMBL2047
CC(C)c1onc(-c2ccccc2)c1COc1ccc(Oc2ccc(C(=O)O)cc2)cc1,4.958607314841775,1,EC50,FXR,CHEMBL2047
CC(C)c1onc(-c2ccccc2C(F)(F)F)c1COc1ccc(-c2ccc(CC(=O)O)cc2)cc1,5.846795099915716,1,EC50,FXR,CHEMBL2047
CC(C)c1onc(-c2ccccc2C(F)(F)F)c1COc1ccc(CCCC(=O)O)cc1,5.356547323513812,1,EC50,FXR,CHEMBL2047
CC(C)c1onc(-c2ccccc2Cl)c1COc1ccc(CCCC(=O)O)cc1,5.42021640338319,1,EC50,FXR,CHEMBL2047
CC(C)c1onc(-c2ccccc2Cl)c1COc1ccc(COc2ccc(CC(=O)O)cc2)cc1,5.6020599913279625,1,EC50,FXR,CHEMBL2047
CC(C)c1onc(-c2ccccc2Cl)c1COc1ccc(COc2ccc(OCC(=O)O)cc2)cc1,5.327902142064282,1,EC50,FXR,CHEMBL2047
CC(C)c1onc(-c2ccccc2OC(F)(F)F)c1COc1ccc(-c2ccc(CC(=O)O)cc2)cc1,5.940058111938045,1,EC50,FXR,CHEMBL2047
CC(C)c1onc(-c2ccccc2OC(F)(F)F)c1COc1ccc(-c2cccc(C3(C(=O)O)CC3)c2)cc1,5.837734385701978,1,EC50,FXR,CHEMBL2047
CC(C)c1onc(-c2ccccc2OC(F)(F)F)c1COc1ccc(-c2cccc(CC(=O)O)c2)cc1,5.871923987331284,1,EC50,FXR,CHEMBL2047
CC(C)c1onc(CCCc2ccccc2)c1COc1ccc(/C=C/c2cccc(C(=O)O)c2)c(Cl)c1,5.356547323513812,1,EC50,FXR,CHEMBL2047
CC(C)c1onc(CCc2c(Cl)cccc2Cl)c1COc1ccc(/C=C/c2cccc(C(=O)O)c2)c(Cl)c1,6.823908740944319,1,EC50,FXR,CHEMBL2047
CC(C)c1onc(CCc2ccccc2)c1COc1ccc(/C=C/c2cccc(C(=O)O)c2)c(Cl)c1,6.494850021680094,1,EC50,FXR,CHEMBL2047
CC(C)c1onc(CNc2c(Cl)cccc2Cl)c1COc1ccc(/C=C/c2cccc(C(=O)O)c2)c(Cl)c1,7.142667503568731,1,EC50,FXR,CHEMBL2047
CC(C)c1onc(CNc2c(Cl)cncc2Cl)c1COc1ccc(/C=C/c2cccc(C(=O)O)c2)c(Cl)c1,6.3979400086720375,1,EC50,FXR,CHEMBL2047
CC(C)c1onc(CO)c1COc1ccc(/C=C/c2cccc(C(=O)O)c2)c(Cl)c1,5.107905397309519,1,EC50,FXR,CHEMBL2047
CC(C)c1onc(COC(C)(C)C)c1COc1ccc(/C=C/c2cccc(C(=O)O)c2)c(Cl)c1,6.180456064458131,1,EC50,FXR,CHEMBL2047
CC(C)c1onc(COc2c(Cl)cc(Cl)cc2Cl)c1COc1ccc(/C=C/c2cccc(C(=O)O)c2)c(Cl)c1,7.236572006437063,1,EC50,FXR,CHEMBL2047
CC(C)c1onc(COc2c(Cl)cc(F)cc2Cl)c1COc1ccc(/C=C/c2cccc(C(=O)O)c2)c(Cl)c1,7.060480747381382,1,EC50,FXR,CHEMBL2047
CC(C)c1onc(COc2c(Cl)cccc2Cl)c1COc1ccc(/C=C/c2cccc(C(=O)O)c2)c(Cl)c1,7.107905397309519,1,EC50,FXR,CHEMBL2047
CC(C)c1onc(COc2c(F)cc(F)cc2F)c1COc1ccc(/C=C/c2cccc(C(=O)O)c2)c(Cl)c1,6.958607314841775,1,EC50,FXR,CHEMBL2047
CC(C)c1onc(COc2c(F)cccc2Cl)c1COc1ccc(/C=C/c2cccc(C(=O)O)c2)c(Cl)c1,7.130768280269024,1,EC50,FXR,CHEMBL2047
CC(C)c1onc(COc2c(F)cccc2F)c1COc1ccc(/C=C/c2cccc(C(=O)O)c2)c(Cl)c1,5.657577319177793,1,EC50,FXR,CHEMBL2047
CC(C)c1onc(COc2cc(Cl)cc(Cl)c2)c1COc1ccc(/C=C/c2cccc(C(=O)O)c2)c(Cl)c1,5.958607314841775,1,EC50,FXR,CHEMBL2047
CC(C)c1onc(COc2cc(Cl)ccc2Cl)c1COc1ccc(/C=C/c2cccc(C(=O)O)c2)c(Cl)c1,6.0,1,EC50,FXR,CHEMBL2047
CC(C)c1onc(COc2ccc(Cl)c(Cl)c2)c1COc1ccc(/C=C/c2cccc(C(=O)O)c2)c(Cl)c1,5.958607314841775,1,EC50,FXR,CHEMBL2047
CC(C)c1onc(COc2ccc(Cl)cc2)c1COc1ccc(/C=C/c2cccc(C(=O)O)c2)c(Cl)c1,6.346787486224656,1,EC50,FXR,CHEMBL2047
CC(C)c1onc(COc2ccc(Cl)cc2Cl)c1COc1ccc(/C=C/c2cccc(C(=O)O)c2)c(Cl)c1,6.207608310501746,1,EC50,FXR,CHEMBL2047
CC(C)c1onc(COc2ccc3ccccc3c2)c1COc1ccc(/C=C/c2cccc(C(=O)O)c2)c(Cl)c1,6.031517051446064,1,EC50,FXR,CHEMBL2047
CC(C)c1onc(COc2cccc(Cl)c2)c1COc1ccc(/C=C/c2cccc(C(=O)O)c2)c(Cl)c1,6.508638306165727,1,EC50,FXR,CHEMBL2047
CC(C)c1onc(COc2cccc(Cl)c2Cl)c1COc1ccc(/C=C/c2cccc(C(=O)O)c2)c(Cl)c1,6.318758762624412,1,EC50,FXR,CHEMBL2047
CC(C)c1onc(COc2cccc3ccccc23)c1COc1ccc(/C=C/c2cccc(C(=O)O)c2)c(Cl)c1,6.017728766960431,1,EC50,FXR,CHEMBL2047
CC(C)c1onc(COc2ccccc2)c1COc1ccc(/C=C/c2cccc(C(=O)O)c2)c(Cl)c1,5.958607314841775,1,EC50,FXR,CHEMBL2047
CC(C)c1onc(COc2ccccc2Cl)c1COc1ccc(/C=C/c2cccc(C(=O)O)c2)c(Cl)c1,6.337242168318426,1,EC50,FXR,CHEMBL2047
CC(C)c1onc(CS(=O)(=O)c2c(Cl)cccc2Cl)c1COc1ccc(/C=C/c2cccc(C(=O)O)c2)c(Cl)c1,6.823908740944319,1,EC50,FXR,CHEMBL2047
CC(C)c1onc(CSc2c(Cl)cccc2Cl)c1COc1ccc(/C=C/c2cccc(C(=O)O)c2)c(Cl)c1,7.292429823902063,1,EC50,FXR,CHEMBL2047
CC(C)c1onc(CSc2nnnn2C)c1COc1ccc(/C=C/c2cccc(C(=O)O)c2)c(Cl)c1,6.031517051446064,1,EC50,FXR,CHEMBL2047
CC(C)c1onc(C[S+]([O-])c2c(Cl)cccc2Cl)c1COc1ccc(/C=C/c2cccc(C(=O)O)c2)c(Cl)c1,7.552841968657781,1,EC50,FXR,CHEMBL2047
CC(C)c1onc(Cc2ccccc2)c1COc1ccc(/C=C/c2cccc(C(=O)O)c2)c(Cl)c1,6.259637310505756,1,EC50,FXR,CHEMBL2047
CC(C)c1onc([C@H]2C[C@@H]2c2c(Cl)cccc2Cl)c1COc1ccc(/C=C/c2cccc(C(=O)O)c2)c(Cl)c1,5.698970004336019,1,EC50,FXR,CHEMBL2047
CC(C)c1snc(-c2c(Cl)cccc2Cl)c1COc1ccc(/C=C/c2cccc(C(=O)O)c2)c(Cl)c1,6.2441251443275085,1,EC50,FXR,CHEMBL2047
CC(C)c1snc(-c2c(Cl)cccc2Cl)c1COc1ccc(N(C)Cc2ccc(C(=O)O)cc2)c(C(F)(F)F)n1,6.455931955649724,1,EC50,FXR,CHEMBL2047
CC(C)c1snc(-c2c(Cl)cccc2Cl)c1COc1ccc(N(C)Cc2ccc(C(=O)O)s2)c(C(F)(F)F)n1,6.292429823902063,1,EC50,FXR,CHEMBL2047
CC(C)c1snc(-c2c(Cl)cccc2Cl)c1COc1ccc(N(C)Cc2cccc(-c3nn[nH]n3)c2)c(C(F)(F)F)n1,5.950781977329818,1,EC50,FXR,CHEMBL2047
CC(C)c1snc(-c2c(Cl)cccc2Cl)c1COc1ccc(N(C)Cc2ncc(C(=O)O)n2C)c(C(F)(F)F)n1,5.496209316942819,1,EC50,FXR,CHEMBL2047
CC(C)n1cnc(COc2c(Cl)cccc2Cl)c1COc1ccc(/C=C/c2cccc(C(=O)O)c2)c(Cl)c1,6.380152602503053,2,EC50,FXR,CHEMBL2047
CC(C)n1nc(C(=O)O)cc1C1CC1c1ccc(OCc2c(-c3c(Cl)cccc3Cl)noc2C2CC2)cc1Cl,8.18837535480105,2,EC50,FXR,CHEMBL2047
CC(C)n1nc(C(=O)O)cc1[C@@H]1C[C@H]1c1ccc(OCc2c(-c3c(Cl)cccc3Cl)noc2C2CC2)cc1Cl,8.397940008672037,2,EC50,FXR,CHEMBL2047
CC(C)n1nc(C(=O)O)cc1[C@H]1C[C@](O)(c2ccc(OCc3c(-c4c(Cl)cccc4Cl)noc3C3CC3)cc2Cl)C1,7.6681216018008165,3,EC50,FXR,CHEMBL2047
CC(C)n1nnc(-c2c(Cl)cccc2Cl)c1COc1ccc(/C=C/c2cccc(C(=O)O)c2)c(Cl)c1,6.874363443162814,2,EC50,FXR,CHEMBL2047
CC(C[C@@H](C)C1CC[C@H]2[C@@H]3[C@H](O)[C@H](C)C4C[C@H](O)CC[C@]4(C)[C@H]3CC[C@]12C)C(=O)O,4.806318970458719,1,EC50,FXR,CHEMBL2047
CC(F)(F)c1ccc(C(=O)NCc2ccc(NS(C)(=O)=O)cc2Cl)cc1,5.920818753952375,1,EC50,FXR,CHEMBL2047
CC(F)(F)c1nc(C23CCC(CN(C(=O)C45CC(F)(C4)C5)c4cccc(N5CCC(O)CC5)c4)(CC2)CC3)no1,6.634512015109101,1,EC50,FXR,CHEMBL2047
CC(NC(=O)c1ccc(C(C)(C)C)cc1)c1ccc(C(=O)O)cc1,7.119186407719209,1,EC50,FXR,CHEMBL2047
CC(Nc1ccc(C(=O)O)cc1)c1ccc(OCc2c(-c3c(Cl)cccc3Cl)noc2C2CC2)nc1C(F)(F)F,6.995678626217357,1,EC50,FXR,CHEMBL2047
CC(Oc1ccc(-c2ccc(OCc3c(-c4c(Cl)cccc4Cl)noc3C3CC3)cc2)cc1)C(=O)O,5.9747714526071345,2,EC50,FXR,CHEMBL2047
CC(Oc1ccc(C(=O)O)cc1)c1ccc(OCc2c(-c3c(Cl)cccc3Cl)noc2C2CC2)nc1C(F)(F)F,6.453457336521868,1,EC50,FXR,CHEMBL2047
CC(Oc1cccc(C(=O)O)c1)c1ccc(OCc2c(-c3c(Cl)cccc3Cl)noc2C2CC2)nc1C(F)(F)F,6.809668301829708,1,EC50,FXR,CHEMBL2047
CC(c1ccc(OCc2c(-c3c(Cl)cccc3Cl)noc2C2CC2)nc1C(F)(F)F)N(C)c1ccc(C(=O)O)cc1,6.747146969020107,1,EC50,FXR,CHEMBL2047
CC1(C)CCC[C@]2(C)[C@H]3CC/C(=C\OS(=O)(=O)[O-])[C@H](CCc4ccoc4)[C@@]3(C)CC[C@@H]12.[Na+],4.619788758288394,1,EC50,FXR,CHEMBL2047
CC1(C)CCC[C@]2(C)[C@H]3CC[C@@H](CCCO)[C@H](CCc4ccoc4)[C@@]3(C)CC[C@@H]12,4.522878745280337,1,EC50,FXR,CHEMBL2047
CC1(C)CCC[C@]2(C)[C@H]3CC[C@H](O)[C@H](CCc4ccoc4)[C@@]3(C)CC[C@@H]12,4.6020599913279625,1,EC50,FXR,CHEMBL2047
CC1(C)Cc2ccc(C(=O)O)cc2Oc2ccc(OCc3c(-c4c(Cl)cccc4Cl)noc3C3CC3)nc21,8.468521082957745,1,EC50,FXR,CHEMBL2047
CC1(C)O[C@@H]1[C@@H](O)C[C@](C)(O)C1=C2C[C@H](O)[C@H]3[C@@]4(C)CCC(=O)C(C)(C)[C@@H]4CC[C@]3(C)[C@@]2(C)CC1=O,4.389978975335855,1,EC50,FXR,CHEMBL2047
CC1=CC(=O)C[C@@]2(C)[C@H]1CC[C@@]1(C)[C@H]2[C@@H](O)CC2=C([C@H](C)C[C@H](O)[C@@H](O)C(C)(C)O)CC[C@@]21C,5.248720896016658,1,EC50,FXR,CHEMBL2047
CC1=Cc2ccc(C(=O)O)cc2Oc2ccc(OCc3c(-c4c(Cl)cccc4Cl)noc3C3CC3)nc21,8.415165721383453,2,EC50,FXR,CHEMBL2047
CC1=Cc2nc(OCc3c(-c4c(Cl)cccc4Cl)noc3C3CC3)ccc2Oc2cc(C(=O)O)ccc21,7.639433739604524,2,EC50,FXR,CHEMBL2047
CC1Cc2ccc(C(=O)O)cc2Oc2ccc(OCc3c(-c4c(Cl)cccc4Cl)noc3C3CC3)nc21,8.496679281937327,2,EC50,FXR,CHEMBL2047
CC1Cc2nc(OCc3c(-c4c(Cl)cccc4Cl)noc3C3CC3)ccc2Oc2cc(C(=O)O)ccc21,7.2257553313160034,2,EC50,FXR,CHEMBL2047
CCC(=O)O[C@@H]1CC[C@]2(C)[C@H]3CC[C@@H]4[C@H]5[C@H](C(C)C)CC[C@]5(C(=O)NCC(=O)O)CC[C@@]4(C)[C@]3(C)CC[C@H]2C1(C)C,5.040958607678906,1,IC50,FXR,CHEMBL2047
CCC(=O)c1cc(CC)c(OCCCCCC(C)(C)c2nnn[nH]2)cc1O,5.070581074285707,1,IC50,FXR,CHEMBL2047
CCC(C(=O)N(Cc1ccc(F)cc1)Cc1cc(NC(=O)C(C)C)ccc1N(C)C)c1ccccc1,4.834162375309872,1,IC50,FXR,CHEMBL2047
CCC(C)CC(C(=O)NC1CCCCC1)n1c(-c2ccc(Cl)cc2)nc2ccccc21,6.040958607678906,1,IC50,FXR,CHEMBL2047
CCC(C)N(Cc1ccccc1OS(=O)(=O)c1ccc(NC(C)=O)cc1)C(=O)c1ccccc1Cl,5.022276394711152,1,IC50,FXR,CHEMBL2047
CCC(C)c1ccc2c(c1)-c1c(c(C(=O)N(CCNC(C)=O)Cc3ccccc3)nn1C)CO2,7.60345419991171,2,EC50,FXR,CHEMBL2047
CCC(CC)c1onc(-c2c(Cl)cccc2Cl)c1COc1ccc(/C=C/c2cccc(C(=O)O)c2)c(Cl)c1,5.657577319177793,1,EC50,FXR,CHEMBL2047
CCC(CC)n1c(-c2ccc(OCc3c(-c4c(Cl)cccc4Cl)noc3C(C)C)cc2)nc2ccc(C(=O)O)cc21,8.336832069535625,2,EC50,FXR,CHEMBL2047
CCC(CC)n1c(-c2ccc(OCc3c(-c4c(Cl)cccc4Cl)noc3C(C)C)cc2Cl)nc2ccc(C(=O)O)cc21,8.230713133096572,2,EC50,FXR,CHEMBL2047
CCC(CC)n1c(-c2ccc(OCc3c(-c4c(Cl)cccc4Cl)noc3C(C)C)cc2F)nc2ccc(C(=O)O)cc21,8.022661706540678,2,EC50,FXR,CHEMBL2047
CCC1CN(Cc2c(-c3c(Cl)cccc3Cl)noc2C(C)C)CCN1c1nc2c(OC)cc(C(=O)O)cc2s1,7.374180889775894,2,EC50,FXR,CHEMBL2047
CCC1SC(c2ccc(Oc3ccccc3)cc2)c2c(C)nn(-c3ccccc3C)c2NC1=O,5.522878745280337,1,EC50,FXR,CHEMBL2047
CCCC(=O)O[C@@H]1CC[C@]2(C)[C@H]3CC[C@@H]4[C@H]5[C@H](C(=O)CO)CC[C@]5(C(=O)NCC(=O)O)CC[C@@]4(C)[C@]3(C)CC[C@H]2C1(C)C,5.013676222949234,1,IC50,FXR,CHEMBL2047
CCCC(=O)O[C@@H]1CC[C@]2(C)[C@H]3CC[C@@H]4[C@H]5[C@H](C(C)=O)CC[C@]5(C(=O)NCC(=O)O)CC[C@@]4(C)[C@]3(C)CC[C@H]2C1(C)C,5.0,1,IC50,FXR,CHEMBL2047
CCCC(=O)O[C@@H]1CC[C@]2(C)[C@H]3CC[C@@H]4[C@H]5[C@H](C(C)C)CC[C@]5(C(=O)NCC(=O)NS(C)(=O)=O)CC[C@@]4(C)[C@]3(C)CC[C@H]2C1(C)C,4.91721462968355,1,IC50,FXR,CHEMBL2047
CCCC(=O)O[C@@H]1CC[C@]2(C)[C@H]3CC[C@@H]4[C@H]5[C@H](C(C)C)CC[C@]5(C(=O)NCC(=O)O)CC[C@@]4(C)[C@]3(C)CC[C@H]2C1(C)C,5.6777807052660805,1,IC50,FXR,CHEMBL2047
CCCC(=O)O[C@@H]1CC[C@]2(C)[C@H]3CC[C@@H]4[C@H]5[C@H](C(C)C)CC[C@]5(C(=O)NCCC(=O)O)CC[C@@]4(C)[C@]3(C)CC[C@H]2C1(C)C,5.004364805402449,1,IC50,FXR,CHEMBL2047
CCCC(=O)O[C@@H]1CC[C@]2(C)[C@H]3CC[C@@H]4[C@H]5[C@H](C(C)C)CC[C@]5(C(=O)N[C@@H](C)C(=O)O)CC[C@@]4(C)[C@]3(C)CC[C@H]2C1(C)C,5.769551078621726,1,IC50,FXR,CHEMBL2047
CCCC(=O)O[C@@H]1CC[C@]2(C)[C@H]3CC[C@@H]4[C@H]5[C@H](C(C)C)CC[C@]5(C(=O)OCC(=O)O)CC[C@@]4(C)[C@]3(C)CC[C@H]2C1(C)C,5.721246399047171,1,IC50,FXR,CHEMBL2047
CCCC(=O)O[C@@H]1CC[C@]2(C)[C@H]3CC[C@@H]4[C@H]5[C@H](C(C)C)CC[C@]5(NC(=O)NCC(=O)O)CC[C@@]4(C)[C@]3(C)CC[C@H]2C1(C)C,5.958607314841775,1,IC50,FXR,CHEMBL2047
CCCC(=O)O[C@@H]1CC[C@]2(C)[C@H]3CC[C@@H]4[C@H]5[C@H](C(C)C)CC[C@]5(NC(=O)OCC(=O)O)CC[C@@]4(C)[C@]3(C)CC[C@H]2C1(C)C,6.045757490560675,1,IC50,FXR,CHEMBL2047
CCCC(=O)O[C@@H]1CC[C@]2(C)[C@H]3CC[C@@H]4[C@H]5[C@H]([C@@H](C)C(=O)O)CC[C@]5(C(=O)NCC(=O)O)CC[C@@]4(C)[C@]3(C)CC[C@H]2C1(C)C,4.590066876668706,1,IC50,FXR,CHEMBL2047
CCCC(=O)O[C@@H]1CC[C@]2(C)[C@H]3CC[C@@H]4[C@H]5[C@H]([C@@H](C)CO)CC[C@]5(C(=O)NCC(=O)O)CC[C@@]4(C)[C@]3(C)CC[C@H]2C1(C)C,4.85078088734462,1,IC50,FXR,CHEMBL2047
CCCC(=O)O[C@H]1CC[C@]2(C)[C@H]3CC[C@@H]4[C@H]5[C@H](C(C)C)CC[C@]5(C(=O)NCC(=O)O)CC[C@@]4(C)[C@]3(C)CC[C@H]2C1(C)C,4.886056647693163,1,IC50,FXR,CHEMBL2047
CCCC(CCC)n1c(-c2ccc(OCc3c(-c4c(Cl)cccc4Cl)noc3C(C)C)cc2)nc2ccc(C(=O)O)cc21,8.131642433197195,2,EC50,FXR,CHEMBL2047
CCCCC(=O)O[C@@H]1CC[C@]2(C)[C@H]3CC[C@@H]4[C@H]5[C@H](C(C)C)CC[C@]5(C(=O)NCC(=O)O)CC[C@@]4(C)[C@]3(C)CC[C@H]2C1(C)C,5.522878745280337,1,IC50,FXR,CHEMBL2047
CCCCC(=O)c1cc(CC)c(OCCCCCC(C)(C)c2nnn[nH]2)cc1O,5.267606240177031,1,IC50,FXR,CHEMBL2047
CCCCC1(CCC)CN(c2ccccc2)c2cc(SC)c(OCC(=O)N[C@@H](C(=O)N[C@@H](CC)C(=O)O)c3ccc(O)cc3)cc2S(=O)(=O)C1,9.823908740944319,1,IC50,FXR,CHEMBL2047
CCCCC1(CCCC)CN(c2ccccc2)c2cc(SC)c(OCC(=O)N[C@@H](C(=O)NCC(=O)O)c3ccccc3)cc2S(=O)(=O)C1,8.920818753952375,1,IC50,FXR,CHEMBL2047
CCCCC1(CCCC)CN(c2ccccc2)c2cc(SC)c(OCC(=O)N[C@@H](C(=O)NCC(=O)O)c3ccccc3)cc2S(=O)(=O)N1,9.346787486224656,1,IC50,FXR,CHEMBL2047
CCCCC1(CCCC)CN(c2ccccc2)c2cc(SC)c(OCC(=O)N[C@@H](C(=O)N[C@@H](C)C(=O)O)c3ccc(O)cc3)cc2S(=O)(=O)N1,9.522878745280337,1,IC50,FXR,CHEMBL2047
CCCCC1(CCCC)CN(c2ccccc2)c2cc(SC)c(OCC(=O)N[C@@H](C(=O)N[C@@H](C)C(=O)O)c3ccccc3)cc2S(=O)(=O)C1,9.4089353929735,1,IC50,FXR,CHEMBL2047
CCCCC1(CCCC)CN(c2ccccc2)c2cc(SC)c(OCC(=O)N[C@@H](C(=O)N[C@@H](C)C(=O)O)c3ccccc3)cc2S(=O)(=O)N1,9.698970004336019,1,IC50,FXR,CHEMBL2047
CCCCC1(CCCC)CN(c2ccccc2)c2cc(SC)c(OCC(=O)N[C@@H](C(=O)N[C@@H](CC)C(=O)O)c3ccc(O)cc3)cc2S(=O)(=O)N1,9.795880017344075,1,IC50,FXR,CHEMBL2047
CCCCC1(CCCC)CN(c2ccccc2)c2cc(SC)c(OCC(=O)N[C@@H](C(=O)N[C@@H](CC)C(=O)O)c3ccccc3)cc2S(=O)(=O)N1,9.744727494896694,1,IC50,FXR,CHEMBL2047
CCCCC1(CCCC)CN(c2ccccc2)c2cc(SC)c(OCC(=O)N[C@@H](C(=O)N[C@@H](CSC)C(=O)O)c3ccccc3)cc2S(=O)(=O)N1,9.455931955649724,1,IC50,FXR,CHEMBL2047
CCCCC1(CCCC)CN(c2ccccc2)c2cc(SC)c(OCC(=O)N[C@@H](C(=O)N[C@H](C(=O)O)C(C)C)c3ccc(O)cc3)cc2S(=O)(=O)N1,9.886056647693163,1,IC50,FXR,CHEMBL2047
CCCCC1(CCCC)CN(c2ccccc2)c2cc(SC)c(OCC(=O)N[C@@H](C(=O)N[C@H](C(=O)O)C(C)C)c3ccccc3)cc2S(=O)(=O)N1,9.443697499232712,1,IC50,FXR,CHEMBL2047
CCCCC1(CCCC)CN(c2ccccc2)c2cc(SC)c(OCC(=O)N[C@@H](C(=O)N[C@H](C(=O)O)[C@@H](C)O)c3ccc(O)cc3)cc2S(=O)(=O)N1,9.958607314841775,1,IC50,FXR,CHEMBL2047
CCCCCCC(=O)Nc1ccc(-c2ccc(C(O)(C(F)(F)F)C(F)(F)F)cc2F)cc1,5.903089986991944,1,IC50,FXR,CHEMBL2047
CCCCCCC(=O)c1cc(CC)c(OCCCCCC(C)(C)c2nnn[nH]2)cc1O,5.075720713938118,1,IC50,FXR,CHEMBL2047
CCCCCCCCCCCCCCCC(=O)OC(CC(=O)O)C[N+](C)(C)C.[Cl-],5.010995384301463,1,IC50,FXR,CHEMBL2047
CCCCCCc1cc(C(C)=O)c(O)cc1OCCCCCC(C)(C)c1nnn[nH]1,5.494850021680094,1,IC50,FXR,CHEMBL2047
CCCCCOc1ccc(C(=O)Nc2cccc(C(=O)O)c2)cc1,6.548213564475709,1,EC50,FXR,CHEMBL2047
CCCCCOc1cccc(C(=O)Nc2cccc(C(=O)O)c2)c1,5.595337299126278,1,EC50,FXR,CHEMBL2047
CCCCOC(C)(C)[C@H](O)[C@@H](O)C[C@@H](C)C1=C2C[C@H](O)[C@H]3[C@@]4(C)CCC(=O)C(C)(C)[C@@H]4CC[C@]3(C)[C@@]2(C)CC1,6.366531544420413,1,EC50,FXR,CHEMBL2047
CCCCOc1ccc(C(=O)Nc2cccc(C(=O)O)c2)cc1,6.978810700930062,1,EC50,FXR,CHEMBL2047
CCCCOc1cccc(-c2cccc(C(=O)Nc3cccc(C(=O)O)c3)c2)c1,6.59176003468815,1,EC50,FXR,CHEMBL2047
CCCCOc1cccc(C(=O)Nc2cccc(C(=O)O)c2)c1,5.501551596826,1,EC50,FXR,CHEMBL2047
CCCC[C@@]1(O)C[C@@H]2C[C@H](O)CC[C@]2(C)[C@H]2C[C@H](O)[C@]3(C)[C@@H]([C@H](C)CCC(=O)O)CC[C@H]3[C@@H]21,4.116338564846383,1,EC50,FXR,CHEMBL2047
CCCCc1cc(C(C)=O)c(O)cc1OCCCCCC(C)(C)c1nnn[nH]1,5.823908740944319,1,IC50,FXR,CHEMBL2047
CCCCc1cc(C(C)=O)c(OCc2ccccc2)cc1OCCCCCC(C)(C)c1nnn[nH]1,5.107905397309519,1,IC50,FXR,CHEMBL2047
CCCCc1cc(CC)c(O)cc1OCCCCCC(C)(C)c1nnn[nH]1,5.060480747381382,1,IC50,FXR,CHEMBL2047
CCCCc1oc2ccccc2c1C(=O)c1ccc(OCc2ccc(C(=O)O)cc2)cc1,4.950781977329818,1,EC50,FXR,CHEMBL2047
CCCCn1cc(C(=O)Nc2ccc(C)c(S(=O)(=O)N3CCOCC3)c2)c(-c2ccc(C)cc2)n1,6.1093826864821255,2,IC50,FXR,CHEMBL2047
CCCN(CC1CC1)c1nc(C)nc(Nc2c(Cl)cc(Cl)cc2Cl)c1Cl,5.557520230935552,1,IC50,FXR,CHEMBL2047
CCCOc1cccc(C(=O)Nc2cccc(C(=O)O)c2)c1,5.666955970176513,1,EC50,FXR,CHEMBL2047
CCCS(=O)(=O)O[C@@H]1CC[C@]2(C)[C@H]3CC[C@@H]4[C@H]5[C@H](C(C)C)CC[C@]5(C(=O)NCC(=O)O)CC[C@@]4(C)[C@]3(C)CC[C@H]2C1(C)C,4.853871964321762,1,IC50,FXR,CHEMBL2047
CCC[C@@H]1C2C[C@H](O)CC[C@]2(C)[C@H]2CC[C@]3(C)C([C@H](C)CCC(=O)O)CC[C@H]3[C@@H]2[C@@H]1O,5.954677021213342,2,EC50,FXR,CHEMBL2047
CCC[C@@]1(O)C[C@@H]2C[C@H](O)CC[C@]2(C)[C@H]2C[C@H](O)[C@]3(C)[C@@H]([C@H](C)CCC(=O)O)CC[C@H]3[C@@H]21,4.259637310505756,1,EC50,FXR,CHEMBL2047
CCCc1cc(C(C)=O)c(O)cc1OCCCCCC(C)(C)c1nnn[nH]1,4.598599459218456,1,IC50,FXR,CHEMBL2047
CCCc1ccccc1-n1nc(C)c2c1NC(=O)[C@H](C)S[C@@H]2c1ccc(Oc2ccccc2)cc1,5.958607314841775,1,EC50,FXR,CHEMBL2047
CCCn1c(-c2ccc(OCc3c(-c4c(Cl)cccc4Cl)noc3C(C)C)cc2)nc2ccc(C(=O)O)cc21,7.523720008771617,2,EC50,FXR,CHEMBL2047
CCCn1c(C)c(C(=O)c2cccc3ccccc23)c2ccccc21,5.492144128304169,1,IC50,FXR,CHEMBL2047
CCN(CC)C(=O)c1ccc(C[C@@H](c2nc3ccc(C)cc3n2C)N2C(=O)CN(c3ccc(Oc4ccccc4)cc3)C2=O)cc1,5.7555273248430145,2,IC50,FXR,CHEMBL2047
CCN(CC)c1ccc(CN(C(=O)c2cccc(F)c2)C2CC2)c(OS(=O)(=O)c2ccc(NC(C)=O)cc2)c1,5.229147988357855,1,IC50,FXR,CHEMBL2047
CCN(CC)c1ccc(CN(CC2CC2)C(=O)NC(C)(C)C)c(OS(=O)(=O)c2ccc(NC(C)=O)cc2)c1,5.740743030061056,2,IC50,FXR,CHEMBL2047
CCN(CC)c1ccc2cc(-c3nc(-c4ccccc4)no3)c(=O)oc2c1,6.337242168318426,1,EC50,FXR,CHEMBL2047
CCN(Cc1ccc(C(=O)O)cc1)c1ccc(OCc2c(-c3c(Cl)cccc3Cl)noc2C2CC2)nc1C(F)(F)F,6.7121982700697735,1,EC50,FXR,CHEMBL2047
CCN(Cc1ccc(C(=O)O)cc1)c1ccc(OCc2c(-c3c(Cl)cccc3Cl)nsc2C(C)C)nc1C(F)(F)F,5.665546248849069,1,EC50,FXR,CHEMBL2047
CCN(c1ccc(C(O)(C(F)(F)F)C(F)(F)F)cc1)S(=O)(=O)c1ccccc1,5.045757490560675,1,EC50,FXR,CHEMBL2047
CCNC(=O)O[C@@H]1CC[C@]2(C)[C@H]3CC[C@@H]4[C@H]5[C@H](C(C)C)CC[C@]5(C(=O)NCC(=O)O)CC[C@@]4(C)[C@]3(C)CC[C@H]2C1(C)C,5.468521082957745,1,IC50,FXR,CHEMBL2047
CCNC(=O)c1ccc2c(c1)Oc1ccc(OCc3c(-c4c(Cl)cccc4Cl)noc3C3CC3)nc1CC2,7.958607314841775,1,EC50,FXR,CHEMBL2047
CCNS(=O)(=O)O[C@@H]1CC[C@]2(C)[C@H]3CC[C@@H]4[C@H]5[C@H](C(C)C)CC[C@]5(C(=O)NCC(=O)O)CC[C@@]4(C)[C@]3(C)CC[C@H]2C1(C)C,5.267606240177031,1,IC50,FXR,CHEMBL2047
CCNc1cc(Cl)c(C(=O)Nc2ccc(O)c(C(C)(C)C)c2)c(Cl)c1,4.542118103266008,1,IC50,FXR,CHEMBL2047
CCOC(=O)/C=C/c1cc(F)cc(N(Cc2ccc(-c3ccc(N(C)C)cc3)c(C#N)c2)C(=O)C2CCCCC2)c1,6.0,1,EC50,FXR,CHEMBL2047
CCOC(=O)/C=C/c1cc(N(Cc2ccc(-c3ccc(N(C)C)cc3)c(C#N)c2)C(=O)C2CCCCC2)ccc1F,5.886056647693163,1,EC50,FXR,CHEMBL2047
CCOC(=O)/C=C/c1ccc(F)c(N(Cc2ccc(-c3ccc(N(C)C)cc3)c(C#N)c2)C(=O)C2CCCCC2)c1,5.795880017344075,1,EC50,FXR,CHEMBL2047
CCOC(=O)/C=C/c1cccc(N(Cc2ccc(-c3ccc(N(C)C)cc3)c(C#N)c2)C(=O)C2CCCCC2)c1,5.920818753952375,1,EC50,FXR,CHEMBL2047
CCOC(=O)/C=C/c1cccc(N(Cc2ccc(-c3ccc(N(C)C)cc3)c(C#N)c2)C(=O)C2CCCCC2)c1F,6.0,1,EC50,FXR,CHEMBL2047
CCOC(=O)C1=C(C)NC(C)=C(C(=O)OC)C1c1cccc(Cl)c1Cl,5.304518323509802,1,IC50,FXR,CHEMBL2047
CCOC(=O)C1=C(c2ccccc2)N=c2s/c(=C\c3ccc(-c4ccc(C(=O)O)c(Cl)c4)o3)c(=O)n2[C@@H]1c1ccc(Cl)cc1,5.200659450546418,1,EC50,FXR,CHEMBL2047
CCOC(=O)C1=CN(C(=O)c2ccc(F)c(F)c2)CC(C)(C)c2c1[nH]c1ccccc21,7.6777807052660805,1,IC50,FXR,CHEMBL2047
CCOC(=O)C1=CN(C(=O)c2ccc(F)c(F)c2)CC(C)(C)c2cn[nH]c21,6.221848749616356,1,EC50,FXR,CHEMBL2047
CCOC(=O)C1CCN(C(=O)Cc2ccc(N(Cc3cccc(F)c3)C(=O)c3ccccc3C)cc2)CC1,5.057000406633959,1,IC50,FXR,CHEMBL2047
CCOC(=O)N1CCC(=C2c3ccc(Cl)cc3CCc3cccnc32)CC1,5.512861624522813,1,IC50,FXR,CHEMBL2047
CCOC(=O)NCC[C@@H](C)C1CC[C@H]2[C@@H]3[C@H](O)CC4C[C@H](O)CC[C@]4(C)[C@H]3CC[C@]12C,5.565431095965801,1,EC50,FXR,CHEMBL2047
CCOC(=O)NCC[C@@H](C)[C@H]1CC[C@H]2[C@@H]3[C@H](O)[C@H](CC)[C@@H]4C[C@H](O)CC[C@]4(C)[C@H]3CC[C@]12C,6.77642098432889,2,EC50,FXR,CHEMBL2047
CCOC(=O)O[C@@H]1CC[C@]2(C)[C@H]3CC[C@@H]4[C@H]5[C@H](C(C)C)CC[C@]5(C(=O)NCC(=O)O)CC[C@@]4(C)[C@]3(C)CC[C@H]2C1(C)C,5.136677139879544,1,IC50,FXR,CHEMBL2047
CCOC(=O)c1ccc(CNC(=O)Cc2ccc(N(Cc3cccc(C)c3)C(=O)C3CCCC3)cc2)cc1,6.050609993355087,1,IC50,FXR,CHEMBL2047
CCOC(=O)c1coc(-c2cccc(N(CC34CCC(c5nc(C6CC6)no5)(CC3)CC4)C(=O)C3CCCCC3)c2)n1,6.269217724333611,1,EC50,FXR,CHEMBL2047
CCOC(=O)c1nc(-c2cccc(N(CC34CCC(c5cnc(OC)o5)(CC3)CC4)C(=O)C3CCCCC3)c2)cs1,7.6020599913279625,1,EC50,FXR,CHEMBL2047
CCOC(=O)c1nc(-c2cccc(N(CC34CCC(c5nc(C6CC6)no5)(CC3)CC4)C(=O)C3CCCCC3)c2)cs1,6.036684488613888,1,EC50,FXR,CHEMBL2047
CCOC(C)(C)[C@H](O)[C@@H](O)C[C@@H](C)C1=C2C=C[C@H]3[C@@]4(C)CCC(=O)C(C)(C)[C@@H]4CC[C@]3(C)[C@@]2(C)CC1=O,4.8326826652518236,1,EC50,FXR,CHEMBL2047
CCOC(C)(C)[C@H](O)[C@@H](O)C[C@@H](C)C1=C2C[C@H](O)[C@H]3[C@@]4(C)CCC(=O)C(C)(C)[C@@H]4CC[C@]3(C)[C@@]2(C)CC1,6.026872146400301,1,EC50,FXR,CHEMBL2047
CCOC/C=C/c1ccc(CN(C(=O)C2CCCCC2)c2cccc(/C=C/C(=O)OC)c2)cc1,3.703334809738469,1,EC50,FXR,CHEMBL2047
CCOC/C=C/c1cccc(N(Cc2ccc(/C=C/C(=O)OC(C)(C)C)cc2)C(=O)C2CCCCC2)c1,6.657577319177793,1,EC50,FXR,CHEMBL2047
CCO[C@H]1C[C@@]2(C)C(=C1[C@H](C)C[C@H](OC(C)=O)[C@H]1OC1(C)C)C[C@H](O)[C@H]1[C@@]3(C)CCC(=O)C(C)(C)[C@@H]3CC[C@@]12C,5.899629454882437,1,EC50,FXR,CHEMBL2047
CCO[C@]1(c2ccc(OCc3c(-c4c(Cl)cccc4Cl)noc3C3CC3)cc2Cl)C[C@H](c2cccc(C(=O)O)c2)C1,6.607548775056673,2,EC50,FXR,CHEMBL2047
CCOc1cc(-c2cccc(N(CC34CCC(c5nc(C6CC6)no5)(CC3)CC4)C(=O)C3CCCCC3)c2)no1,7.229147988357855,1,EC50,FXR,CHEMBL2047
CCOc1ccc(-c2cccc(N(CC34CCC(c5noc(C(C)(C)C)n5)(CC3)CC4)C(=O)C34CC(F)(C3)C4)c2)cn1,6.982966660701219,1,EC50,FXR,CHEMBL2047
CCOc1ccc(C(=O)NCc2ccc(NS(C)(=O)=O)cc2Cl)cc1,5.657577319177793,1,EC50,FXR,CHEMBL2047
CCOc1ccc(CN(Cc2cccc(C(F)(F)F)c2)Cc2nc(C(=O)N3CCN(C(C)=O)CC3)co2)cc1,4.870954940112042,1,IC50,FXR,CHEMBL2047
CCOc1ccc(CNC(=O)c2ccc(C(C)(C)C)cc2)cc1,6.795880017344075,1,EC50,FXR,CHEMBL2047
CCOc1cccc(-c2ccc(CN(C(=O)C(C)C)c3cccc(/C=C/C(=O)OC)c3)cc2)c1,6.761953896871205,1,EC50,FXR,CHEMBL2047
CCOc1cccc(-c2ccc(CN(C(=O)C3CCCCC3)c3cccc(/C=C/C(=O)OC)c3)cc2)c1,6.8326826652518236,1,EC50,FXR,CHEMBL2047
CCOc1cccc(-c2ccc([C@H]3S[C@@H](C)C(=O)Nc4c3c(C)nn4-c3ccccc3C)cc2)c1,5.455931955649724,1,EC50,FXR,CHEMBL2047
CCOc1cccc(C(=O)Nc2cccc(C(=O)O)c2)c1,5.6293019074244235,1,EC50,FXR,CHEMBL2047
CCOc1ncc(-c2cccc(N(CC34CCC(c5noc(C(C)(C)C)n5)(CC3)CC4)C(=O)C34CC(F)(C3)C4)c2)cn1,7.3872161432802645,1,EC50,FXR,CHEMBL2047
CCOc1ncc(-c2cccc(N(CC34CCC(c5noc(C(C)(C)C)n5)(CC3)CC4)C(=O)[C@H]3C[C@@](C)(O)C3)c2)cn1,6.954677021213342,1,EC50,FXR,CHEMBL2047
CCOc1ncc(-c2cccc(N(CC34CCC(c5noc(C(C)(C)C)n5)(CC3)CC4)C(=O)[C@H]3C[C@](O)(C(F)(F)F)C3)c2)cn1,6.818156412055227,1,EC50,FXR,CHEMBL2047
CCOc1ncc(-c2cccc(N(CC34CCC(c5noc(C(F)F)n5)(CC3)CC4)C(=O)C34CC(F)(C3)C4)c2)cn1,6.769551078621726,1,EC50,FXR,CHEMBL2047
CCS(=O)(=O)Nc1ccc(CNC(=O)c2ccc(C(C)(C)C)cc2)c(Cl)c1,6.301029995663981,1,EC50,FXR,CHEMBL2047
CC[C@@H](C)c1onc(-c2c(Cl)cccc2Cl)c1COc1ccc(/C=C/c2cccc(C(=O)O)c2)c(Cl)c1,6.978810700930062,1,EC50,FXR,CHEMBL2047
CC[C@@H](CC[C@@H](C)[C@H]1CCC2=C3CC[C@H]4C(C)=CCC[C@]4(C)C3CC[C@@]21C)C(C)C,4.455931955649724,1,IC50,FXR,CHEMBL2047
CC[C@@H](c1nc2ccc(C(=O)O)cc2n1C)N1C(=O)CN(c2ccc(Oc3ccccc3)cc2)C1=O,3.678815972697686,1,IC50,FXR,CHEMBL2047
CC[C@@H]1Cc2cc(O)ccc2C2=C1c1ccc(O)cc1C[C@H]2CC,5.882728704344236,1,IC50,FXR,CHEMBL2047
CC[C@H](C)[C@@H](c1nc2ccc(C(=O)O)cc2n1C)N1C(=O)CN(c2ccc(Oc3ccccc3)cc2)C1=O,3.990549104201306,1,IC50,FXR,CHEMBL2047
CC[C@H](C)c1onc(-c2c(Cl)cccc2Cl)c1COc1ccc(/C=C/c2cccc(C(=O)O)c2)c(Cl)c1,6.721246399047171,1,EC50,FXR,CHEMBL2047
CC[C@H]1C[C@@H]2[C@H](CC[C@]3(C)[C@@H]([C@H](C)CCN(C)C(=O)NS(=O)(=O)C4CCCCC4)CC[C@@H]23)[C@@]2(C)CC[C@@H](O)C[C@@H]12,6.259637310505756,1,EC50,FXR,CHEMBL2047
CC[C@H]1C[C@@H]2[C@H](CC[C@]3(C)[C@@H]([C@H](C)CCN(C)C(=O)NS(=O)(=O)c4ccc(C(C)(C)C)cc4)CC[C@@H]23)[C@@]2(C)CC[C@@H](O)C[C@@H]12,6.259637310505756,1,EC50,FXR,CHEMBL2047
CC[C@H]1C[C@@H]2[C@H](CC[C@]3(C)[C@@H]([C@H](C)CCN(C)C(=O)NS(=O)(=O)c4ccc5ccccc5c4)CC[C@@H]23)[C@@]2(C)CC[C@@H](O)C[C@@H]12,6.259637310505756,1,EC50,FXR,CHEMBL2047
CC[C@H]1C[C@@H]2[C@H](CC[C@]3(C)[C@@H]([C@H](C)CCNC(=O)NS(=O)(=O)c4ccccc4Cl)CC[C@@H]23)[C@@]2(C)CC[C@@H](O)C[C@@H]12,6.259637310505756,1,EC50,FXR,CHEMBL2047
CC[C@H]1C[C@@H]2[C@H](CC[C@]3(C)[C@@H]([C@H](C)CCNC(=O)NS(=O)(=O)c4cccs4)CC[C@@H]23)[C@@]2(C)CC[C@@H](O)C[C@@H]12,6.259637310505756,1,EC50,FXR,CHEMBL2047
CC[C@H]1C[C@@H]2[C@H](CC[C@]3(C)[C@@H]([C@H](C)CNC(=O)NS(=O)(=O)C4CC4)CC[C@@H]23)[C@@]2(C)CC[C@@H](O)C[C@@H]12,5.259637310505756,1,EC50,FXR,CHEMBL2047
CC[C@H]1C[C@@H]2[C@H](CC[C@]3(C)[C@@H]([C@H](C)CNC(=O)NS(=O)(=O)C4CCCCC4)CC[C@@H]23)[C@@]2(C)CC[C@@H](O)C[C@@H]12,6.259637310505756,1,EC50,FXR,CHEMBL2047
CC[C@H]1C[C@@H]2[C@H](CC[C@]3(C)[C@@H]([C@H](C)CNC(=O)NS(=O)(=O)N4CCCCC4)CC[C@@H]23)[C@@]2(C)CC[C@@H](O)C[C@@H]12,6.259637310505756,1,EC50,FXR,CHEMBL2047
CC[C@H]1C[C@@H]2[C@H](CC[C@]3(C)[C@@H]([C@H](C)CNC(=O)NS(=O)(=O)N4CCOCC4)CC[C@@H]23)[C@@]2(C)CC[C@@H](O)C[C@@H]12,5.259637310505756,1,EC50,FXR,CHEMBL2047
CC[C@H]1C[C@@H]2[C@H](CC[C@]3(C)[C@@H]([C@H](C)CNC(=O)NS(=O)(=O)c4ccccc4)CC[C@@H]23)[C@@]2(C)CC[C@@H](O)C[C@@H]12,6.259637310505756,1,EC50,FXR,CHEMBL2047
CC[C@H]1C[C@@H]2[C@H](CC[C@]3(C)[C@@H]([C@H](C)CNC(=O)NS(C)(=O)=O)CC[C@@H]23)[C@@]2(C)CC[C@@H](O)C[C@@H]12,5.259637310505756,1,EC50,FXR,CHEMBL2047
CC[C@H]1C[C@@H]2[C@H](CC[C@]3(C)[C@@H]([C@H](C)C[C@H](C)NC(=O)NS(=O)(=O)C4CCCCC4)CC[C@@H]23)[C@@]2(C)CC[C@@H](O)C[C@@H]12,5.259637310505756,1,EC50,FXR,CHEMBL2047
CC[C@H]1[C@@H](O)C2C3CC[C@H]([C@H](C)C[C@H](C)C(=O)O)[C@@]3(C)[C@@H](O)CC2[C@@]2(C)CC[C@@H](O)C[C@@H]12,6.096910013008056,1,EC50,FXR,CHEMBL2047
CC[C@H]1[C@@H](O)C2[C@@H]3CC[C@H]([C@H](C)CCC(=O)O)[C@@]3(C)CC[C@@H]2[C@@]2(C)CC[C@@H](O)C[C@@H]12,7.222755419998091,2,EC50,FXR,CHEMBL2047
CC[C@H]1[C@@H](O)[C@@H]2[C@H](CC[C@]3(C)C([C@H](C)CCNS(=O)(=O)c4ccccc4)CC[C@@H]23)[C@@]2(C)CC[C@@H](O)C[C@@H]12,5.259637310505756,1,EC50,FXR,CHEMBL2047
CC[C@H]1[C@@H](O)[C@@H]2[C@H](CC[C@]3(C)[C@@H]([C@H](C)CCC(=O)NCC(=O)O)CC[C@@H]23)[C@@]2(C)CC[C@@H](O)C[C@@H]12,6.537602002101044,1,EC50,FXR,CHEMBL2047
CC[C@H]1[C@@H](O)[C@@H]2[C@H](CC[C@]3(C)[C@@H]([C@H](C)CCC(=O)NCCS(=O)(=O)O)CC[C@@H]23)[C@@]2(C)CC[C@@H](O)C[C@@H]12,6.638272163982407,1,EC50,FXR,CHEMBL2047
CC[C@H]1[C@@H](O)[C@@H]2[C@H](CC[C@]3(C)[C@@H]([C@H](C)CCC(=O)NCCS(=O)(=O)[O-])CC[C@@H]23)[C@@]2(C)CC[C@@H](O)C[C@@H]12.C[N+](C)(C)CCO,7.013228265733755,1,EC50,FXR,CHEMBL2047
CC[C@H]1[C@@H](O)[C@@H]2[C@H](CC[C@]3(C)[C@@H]([C@H](C)CCC(=O)NCCS(=O)(=O)[O-])CC[C@@H]23)[C@@]2(C)CC[C@@H](O)C[C@@H]12.[K+],6.950781977329818,1,EC50,FXR,CHEMBL2047
CC[C@H]1[C@@H](O)[C@@H]2[C@H](CC[C@]3(C)[C@@H]([C@H](C)CCC(=O)NS(=O)(=O)C(C)C)CC[C@@H]23)[C@@]2(C)CC[C@@H](O)C[C@@H]12,5.259637310505756,1,EC50,FXR,CHEMBL2047
CC[C@H]1[C@@H](O)[C@@H]2[C@H](CC[C@]3(C)[C@@H]([C@H](C)CCC(=O)NS(=O)(=O)c4ccc(C(F)(F)F)cc4)CC[C@@H]23)[C@@]2(C)CC[C@@H](O)[C@H](F)[C@@H]12,7.823908740944319,1,EC50,FXR,CHEMBL2047
CC[C@H]1[C@@H](O)[C@@H]2[C@H](CC[C@]3(C)[C@@H]([C@H](C)CCC(=O)NS(=O)(=O)c4ccc(OC(F)(F)F)cc4)CC[C@@H]23)[C@@]2(C)CC[C@@H](O)[C@H](F)[C@@H]12,8.630784142589857,1,EC50,FXR,CHEMBL2047
CC[C@H]1[C@@H](O)[C@@H]2[C@H](CC[C@]3(C)[C@@H]([C@H](C)CCC(=O)NS(=O)(=O)c4ccccc4)CC[C@@H]23)[C@@]2(C)CC[C@@H](O)C[C@@H]12,6.259637310505756,1,EC50,FXR,CHEMBL2047
CC[C@H]1[C@@H](O)[C@@H]2[C@H](CC[C@]3(C)[C@@H]([C@H](C)CCC(=O)NS(C)(=O)=O)CC[C@@H]23)[C@@]2(C)CC[C@@H](O)C[C@@H]12,7.301029995663981,1,EC50,FXR,CHEMBL2047
CC[C@H]1[C@@H](O)[C@@H]2[C@H](CC[C@]3(C)[C@@H]([C@H](C)CCC(=O)O)CC[C@@H]23)[C@@]2(C)CCC(C)C[C@@H]12,5.823908740944319,1,EC50,FXR,CHEMBL2047
CC[C@H]1[C@@H](O)[C@@H]2[C@H](CC[C@]3(C)[C@@H]([C@H](C)CCC(=O)O)CC[C@@H]23)[C@@]2(C)CCC(F)(F)C[C@@H]12,5.958607314841775,1,EC50,FXR,CHEMBL2047
CC[C@H]1[C@@H](O)[C@@H]2[C@H](CC[C@]3(C)[C@@H]([C@H](C)CCC(=O)O)CC[C@@H]23)[C@@]2(C)CCC3(CC3)C[C@@H]12,6.154901959985743,1,EC50,FXR,CHEMBL2047
CC[C@H]1[C@@H](O)[C@@H]2[C@H](CC[C@]3(C)[C@@H]([C@H](C)CCC(=O)O)CC[C@@H]23)[C@@]2(C)CCCC[C@@H]12,6.3979400086720375,1,EC50,FXR,CHEMBL2047
CC[C@H]1[C@@H](O)[C@@H]2[C@H](CC[C@]3(C)[C@@H]([C@H](C)CCC(=O)O)CC[C@@H]23)[C@@]2(C)CC[C@@H](O)C[C@@H]12,6.564914449003386,31,EC50,FXR,CHEMBL2047
CC[C@H]1[C@@H](O)[C@@H]2[C@H](CC[C@]3(C)[C@@H]([C@H](C)CCC(=O)O)CC[C@@H]23)[C@@]2(C)CC[C@@H](OC)C[C@@H]12,5.7447274948966935,1,EC50,FXR,CHEMBL2047
CC[C@H]1[C@@H](O)[C@@H]2[C@H](CC[C@]3(C)[C@@H]([C@H](C)CCC(=O)O)CC[C@@H]23)[C@@]2(C)Cc3cn[nH]c3C[C@@H]12,6.522878745280337,1,EC50,FXR,CHEMBL2047
CC[C@H]1[C@@H](O)[C@@H]2[C@H](CC[C@]3(C)[C@@H]([C@H](C)CCC(=O)S)CC[C@@H]23)[C@@]2(C)CC[C@@H](O)C[C@@H]12,6.619788758288394,1,EC50,FXR,CHEMBL2047
CC[C@H]1[C@@H](O)[C@@H]2[C@H](CC[C@]3(C)[C@@H]([C@H](C)CCC(C)=O)CC[C@@H]23)[C@@]2(C)CC[C@@H](O)C[C@@H]12,6.0,1,EC50,FXR,CHEMBL2047
CC[C@H]1[C@@H](O)[C@@H]2[C@H](CC[C@]3(C)[C@@H]([C@H](C)CCC(N)=O)CC[C@@H]23)[C@@]2(C)CC[C@@H](O)C[C@@H]12,6.221848749616356,1,EC50,FXR,CHEMBL2047
CC[C@H]1[C@@H](O)[C@@H]2[C@H](CC[C@]3(C)[C@@H]([C@H](C)CCC4NC(=O)NC4=O)CC[C@@H]23)[C@@]2(C)CC[C@@H](O)C[C@@H]12,5.568636235841012,1,EC50,FXR,CHEMBL2047
CC[C@H]1[C@@H](O)[C@@H]2[C@H](CC[C@]3(C)[C@@H]([C@H](C)CCCCNS(=O)(=O)C(C)(C)C)CC[C@@H]23)[C@@]2(C)CC[C@@H](O)C[C@@H]12,5.259637310505756,1,EC50,FXR,CHEMBL2047
CC[C@H]1[C@@H](O)[C@@H]2[C@H](CC[C@]3(C)[C@@H]([C@H](C)CCCCNS(=O)(=O)c4ccccc4)CC[C@@H]23)[C@@]2(C)CC[C@@H](O)C[C@@H]12,5.259637310505756,1,EC50,FXR,CHEMBL2047
CC[C@H]1[C@@H](O)[C@@H]2[C@H](CC[C@]3(C)[C@@H]([C@H](C)CCCNC(=O)N4CC[C@H](O)C4)CC[C@@H]23)[C@@]2(C)CC[C@@H](O)C[C@@H]12,6.431798275933005,1,EC50,FXR,CHEMBL2047
CC[C@H]1[C@@H](O)[C@@H]2[C@H](CC[C@]3(C)[C@@H]([C@H](C)CCCNC(=O)NS(=O)(=O)C4CC4)CC[C@@H]23)[C@@]2(C)CC[C@@H](O)C[C@@H]12,6.259637310505756,1,EC50,FXR,CHEMBL2047
CC[C@H]1[C@@H](O)[C@@H]2[C@H](CC[C@]3(C)[C@@H]([C@H](C)CCCNC(=O)NS(=O)(=O)c4ccc5ccccc5c4)CC[C@@H]23)[C@@]2(C)CC[C@@H](O)C[C@@H]12,6.259637310505756,1,EC50,FXR,CHEMBL2047
CC[C@H]1[C@@H](O)[C@@H]2[C@H](CC[C@]3(C)[C@@H]([C@H](C)CCCNC(N)=O)CC[C@@H]23)[C@@]2(C)CC[C@@H](O)C[C@@H]12,6.886056647693163,1,EC50,FXR,CHEMBL2047
CC[C@H]1[C@@H](O)[C@@H]2[C@H](CC[C@]3(C)[C@@H]([C@H](C)CCCNS(=O)(=O)[O-])CC[C@@H]23)[C@@]2(C)CC[C@@H](O)C[C@@H]12.[Na+],5.259637310505756,1,EC50,FXR,CHEMBL2047
CC[C@H]1[C@@H](O)[C@@H]2[C@H](CC[C@]3(C)[C@@H]([C@H](C)CCCNS(=O)(=O)c4ccccc4)CC[C@@H]23)[C@@]2(C)CC[C@@H](O)C[C@@H]12,6.638272163982407,1,EC50,FXR,CHEMBL2047
CC[C@H]1[C@@H](O)[C@@H]2[C@H](CC[C@]3(C)[C@@H]([C@H](C)CCCNS(C)(=O)=O)CC[C@@H]23)[C@@]2(C)CC[C@@H](O)C[C@@H]12,6.958607314841775,1,EC50,FXR,CHEMBL2047
CC[C@H]1[C@@H](O)[C@@H]2[C@H](CC[C@]3(C)[C@@H]([C@H](C)CCCOS(=O)(=O)[O-])CC[C@@H]23)[C@@]2(C)CC[C@@H](O)C[C@@H]12.[Na+],6.0,1,EC50,FXR,CHEMBL2047
CC[C@H]1[C@@H](O)[C@@H]2[C@H](CC[C@]3(C)[C@@H]([C@H](C)CCNC(=O)C(=O)O)CC[C@@H]23)[C@@]2(C)CC[C@@H](O)C[C@@H]12,7.698970004336019,1,EC50,FXR,CHEMBL2047
CC[C@H]1[C@@H](O)[C@@H]2[C@H](CC[C@]3(C)[C@@H]([C@H](C)CCNC(=O)N(C)S(=O)(=O)c4ccccc4)CC[C@@H]23)[C@@]2(C)CC[C@@H](O)C[C@@H]12,6.259637310505756,1,EC50,FXR,CHEMBL2047
CC[C@H]1[C@@H](O)[C@@H]2[C@H](CC[C@]3(C)[C@@H]([C@H](C)CCNC(=O)N4CC[C@H](O)C4)CC[C@@H]23)[C@@]2(C)CC[C@@H](O)C[C@@H]12,7.096910013008056,1,EC50,FXR,CHEMBL2047
CC[C@H]1[C@@H](O)[C@@H]2[C@H](CC[C@]3(C)[C@@H]([C@H](C)CCNC(=O)NC(C)(C)C)CC[C@@H]23)[C@@]2(C)CC[C@@H](O)C[C@@H]12,6.259637310505756,1,EC50,FXR,CHEMBL2047
CC[C@H]1[C@@H](O)[C@@H]2[C@H](CC[C@]3(C)[C@@H]([C@H](C)CCNC(=O)NC4CC4)CC[C@@H]23)[C@@]2(C)CC[C@@H](O)C[C@@H]12,7.154901959985743,1,EC50,FXR,CHEMBL2047
CC[C@H]1[C@@H](O)[C@@H]2[C@H](CC[C@]3(C)[C@@H]([C@H](C)CCNC(=O)NS(=O)(=O)C(C)(C)CO)CC[C@@H]23)[C@@]2(C)CC[C@@H](O)C[C@@H]12,5.259637310505756,1,EC50,FXR,CHEMBL2047
CC[C@H]1[C@@H](O)[C@@H]2[C@H](CC[C@]3(C)[C@@H]([C@H](C)CCNC(=O)NS(=O)(=O)C(C)C)CC[C@@H]23)[C@@]2(C)CC[C@@H](O)C[C@@H]12,5.259637310505756,1,EC50,FXR,CHEMBL2047
CC[C@H]1[C@@H](O)[C@@H]2[C@H](CC[C@]3(C)[C@@H]([C@H](C)CCNC(=O)NS(=O)(=O)C(F)(F)F)CC[C@@H]23)[C@@]2(C)CC[C@@H](O)C[C@@H]12,5.259637310505756,1,EC50,FXR,CHEMBL2047
CC[C@H]1[C@@H](O)[C@@H]2[C@H](CC[C@]3(C)[C@@H]([C@H](C)CCNC(=O)NS(=O)(=O)C4CC4)CC[C@@H]23)[C@@]2(C)CC[C@@H](O)C[C@@H]12,6.259637310505756,1,EC50,FXR,CHEMBL2047
CC[C@H]1[C@@H](O)[C@@H]2[C@H](CC[C@]3(C)[C@@H]([C@H](C)CCNC(=O)NS(=O)(=O)Cc4ccccc4)CC[C@@H]23)[C@@]2(C)CC[C@@H](O)C[C@@H]12,6.259637310505756,1,EC50,FXR,CHEMBL2047
CC[C@H]1[C@@H](O)[C@@H]2[C@H](CC[C@]3(C)[C@@H]([C@H](C)CCNC(=O)NS(=O)(=O)N(C(C)C)C(C)C)CC[C@@H]23)[C@@]2(C)CC[C@@H](O)C[C@@H]12,6.259637310505756,1,EC50,FXR,CHEMBL2047
CC[C@H]1[C@@H](O)[C@@H]2[C@H](CC[C@]3(C)[C@@H]([C@H](C)CCNC(=O)NS(=O)(=O)N(C)C)CC[C@@H]23)[C@@]2(C)CC[C@@H](O)C[C@@H]12,5.259637310505756,1,EC50,FXR,CHEMBL2047
CC[C@H]1[C@@H](O)[C@@H]2[C@H](CC[C@]3(C)[C@@H]([C@H](C)CCNC(=O)NS(=O)(=O)N4CCC5(CC4)COC5)CC[C@@H]23)[C@@]2(C)CC[C@@H](O)C[C@@H]12,6.259637310505756,1,EC50,FXR,CHEMBL2047
CC[C@H]1[C@@H](O)[C@@H]2[C@H](CC[C@]3(C)[C@@H]([C@H](C)CCNC(=O)NS(=O)(=O)N4CCCCC4)CC[C@@H]23)[C@@]2(C)CC[C@@H](O)C[C@@H]12,5.259637310505756,1,EC50,FXR,CHEMBL2047
CC[C@H]1[C@@H](O)[C@@H]2[C@H](CC[C@]3(C)[C@@H]([C@H](C)CCNC(=O)NS(=O)(=O)N4CCN(C(=O)C(C)(C)C)CC4)CC[C@@H]23)[C@@]2(C)CC[C@@H](O)C[C@@H]12,6.259637310505756,1,EC50,FXR,CHEMBL2047
CC[C@H]1[C@@H](O)[C@@H]2[C@H](CC[C@]3(C)[C@@H]([C@H](C)CCNC(=O)NS(=O)(=O)N4CCN(C(C)(C)C)CC4)CC[C@@H]23)[C@@]2(C)CC[C@@H](O)C[C@@H]12,6.259637310505756,1,EC50,FXR,CHEMBL2047
CC[C@H]1[C@@H](O)[C@@H]2[C@H](CC[C@]3(C)[C@@H]([C@H](C)CCNC(=O)NS(=O)(=O)N4CCS(=O)(=O)CC4)CC[C@@H]23)[C@@]2(C)CC[C@@H](O)C[C@@H]12,5.259637310505756,1,EC50,FXR,CHEMBL2047
CC[C@H]1[C@@H](O)[C@@H]2[C@H](CC[C@]3(C)[C@@H]([C@H](C)CCNC(=O)NS(=O)(=O)NC)CC[C@@H]23)[C@@]2(C)CC[C@@H](O)C[C@@H]12,5.259637310505756,1,EC50,FXR,CHEMBL2047
CC[C@H]1[C@@H](O)[C@@H]2[C@H](CC[C@]3(C)[C@@H]([C@H](C)CCNC(=O)NS(=O)(=O)NC)CC[C@@H]23)[C@@]2(C)CC[C@@H](OC(=O)C(F)(F)F)C[C@@H]12,5.259637310505756,1,EC50,FXR,CHEMBL2047
CC[C@H]1[C@@H](O)[C@@H]2[C@H](CC[C@]3(C)[C@@H]([C@H](C)CCNC(=O)NS(=O)(=O)Nc4ccc(C(C)(C)C)cc4)CC[C@@H]23)[C@@]2(C)CC[C@@H](O)C[C@@H]12,6.259637310505756,1,EC50,FXR,CHEMBL2047
CC[C@H]1[C@@H](O)[C@@H]2[C@H](CC[C@]3(C)[C@@H]([C@H](C)CCNC(=O)NS(=O)(=O)c4c(F)c(F)c(F)c(F)c4F)CC[C@@H]23)[C@@]2(C)CC[C@@H](O)C[C@@H]12,5.259637310505756,1,EC50,FXR,CHEMBL2047
CC[C@H]1[C@@H](O)[C@@H]2[C@H](CC[C@]3(C)[C@@H]([C@H](C)CCNC(=O)NS(=O)(=O)c4ccc(-c5ccccc5)s4)CC[C@@H]23)[C@@]2(C)CC[C@@H](O)C[C@@H]12,6.259637310505756,1,EC50,FXR,CHEMBL2047
CC[C@H]1[C@@H](O)[C@@H]2[C@H](CC[C@]3(C)[C@@H]([C@H](C)CCNC(=O)NS(=O)(=O)c4ccc(-c5ccno5)cc4C)CC[C@@H]23)[C@@]2(C)CC[C@@H](O)C[C@@H]12,6.259637310505756,1,EC50,FXR,CHEMBL2047
CC[C@H]1[C@@H](O)[C@@H]2[C@H](CC[C@]3(C)[C@@H]([C@H](C)CCNC(=O)NS(=O)(=O)c4ccc(-c5ccno5)cc4OC)CC[C@@H]23)[C@@]2(C)CC[C@@H](O)C[C@@H]12,6.259637310505756,1,EC50,FXR,CHEMBL2047
CC[C@H]1[C@@H](O)[C@@H]2[C@H](CC[C@]3(C)[C@@H]([C@H](C)CCNC(=O)NS(=O)(=O)c4ccc(-c5cnc(C)o5)cc4C)CC[C@@H]23)[C@@]2(C)CC[C@@H](O)C[C@@H]12,6.259637310505756,1,EC50,FXR,CHEMBL2047
CC[C@H]1[C@@H](O)[C@@H]2[C@H](CC[C@]3(C)[C@@H]([C@H](C)CCNC(=O)NS(=O)(=O)c4ccc(-c5csc(C)n5)cc4)CC[C@@H]23)[C@@]2(C)CC[C@@H](O)C[C@@H]12,6.259637310505756,1,EC50,FXR,CHEMBL2047
CC[C@H]1[C@@H](O)[C@@H]2[C@H](CC[C@]3(C)[C@@H]([C@H](C)CCNC(=O)NS(=O)(=O)c4ccc(C(=O)O)cc4)CC[C@@H]23)[C@@]2(C)CC[C@@H](O)C[C@@H]12,5.259637310505756,1,EC50,FXR,CHEMBL2047
CC[C@H]1[C@@H](O)[C@@H]2[C@H](CC[C@]3(C)[C@@H]([C@H](C)CCNC(=O)NS(=O)(=O)c4ccc(C(=O)OC)cc4)CC[C@@H]23)[C@@]2(C)CC[C@@H](O)C[C@@H]12,6.259637310505756,1,EC50,FXR,CHEMBL2047
CC[C@H]1[C@@H](O)[C@@H]2[C@H](CC[C@]3(C)[C@@H]([C@H](C)CCNC(=O)NS(=O)(=O)c4ccc(C(C)(C)C)cc4)CC[C@@H]23)[C@@]2(C)CC[C@@H](O)C[C@@H]12,5.259637310505756,2,EC50,FXR,CHEMBL2047
CC[C@H]1[C@@H](O)[C@@H]2[C@H](CC[C@]3(C)[C@@H]([C@H](C)CCNC(=O)NS(=O)(=O)c4ccc(C(C)(C)C)cc4)CC[C@@H]23)[C@@]2(C)CC[C@@H](O)[C@H](F)[C@@H]12,7.721246399047171,1,EC50,FXR,CHEMBL2047
CC[C@H]1[C@@H](O)[C@@H]2[C@H](CC[C@]3(C)[C@@H]([C@H](C)CCNC(=O)NS(=O)(=O)c4ccc(C(F)(F)F)cc4)CC[C@@H]23)[C@@]2(C)CC[C@@H](O)C[C@@H]12,6.259637310505756,1,EC50,FXR,CHEMBL2047
CC[C@H]1[C@@H](O)[C@@H]2[C@H](CC[C@]3(C)[C@@H]([C@H](C)CCNC(=O)NS(=O)(=O)c4ccc(C)cc4)CC[C@@H]23)[C@@]2(C)CC[C@@H](O)[C@H](F)[C@@H]12,7.7447274948966935,1,EC50,FXR,CHEMBL2047
CC[C@H]1[C@@H](O)[C@@H]2[C@H](CC[C@]3(C)[C@@H]([C@H](C)CCNC(=O)NS(=O)(=O)c4ccc(C5CCCCC5)cc4)CC[C@@H]23)[C@@]2(C)CC[C@@H](O)C[C@@H]12,6.259637310505756,1,EC50,FXR,CHEMBL2047
CC[C@H]1[C@@H](O)[C@@H]2[C@H](CC[C@]3(C)[C@@H]([C@H](C)CCNC(=O)NS(=O)(=O)c4ccc5c(c4)CCN5C(C)=O)CC[C@@H]23)[C@@]2(C)CC[C@@H](O)C[C@@H]12,5.259637310505756,1,EC50,FXR,CHEMBL2047
CC[C@H]1[C@@H](O)[C@@H]2[C@H](CC[C@]3(C)[C@@H]([C@H](C)CCNC(=O)NS(=O)(=O)c4cccc(-c5nc(C)cs5)c4)CC[C@@H]23)[C@@]2(C)CC[C@@H](O)C[C@@H]12,6.259637310505756,1,EC50,FXR,CHEMBL2047
CC[C@H]1[C@@H](O)[C@@H]2[C@H](CC[C@]3(C)[C@@H]([C@H](C)CCNC(=O)NS(=O)(=O)c4cccc(-c5nnco5)c4)CC[C@@H]23)[C@@]2(C)CC[C@@H](O)C[C@@H]12,5.259637310505756,1,EC50,FXR,CHEMBL2047
CC[C@H]1[C@@H](O)[C@@H]2[C@H](CC[C@]3(C)[C@@H]([C@H](C)CCNC(=O)NS(=O)(=O)c4cccc5ncccc45)CC[C@@H]23)[C@@]2(C)CC[C@@H](O)C[C@@H]12,6.259637310505756,1,EC50,FXR,CHEMBL2047
CC[C@H]1[C@@H](O)[C@@H]2[C@H](CC[C@]3(C)[C@@H]([C@H](C)CCNC(=O)NS(=O)(=O)c4ccncc4)CC[C@@H]23)[C@@]2(C)CC[C@@H](O)C[C@@H]12,5.259637310505756,1,EC50,FXR,CHEMBL2047
CC[C@H]1[C@@H](O)[C@@H]2[C@H](CC[C@]3(C)[C@@H]([C@H](C)CCNC(=O)NS(=O)(=O)c4cnccn4)CC[C@@H]23)[C@@]2(C)CC[C@@H](O)C[C@@H]12,5.259637310505756,1,EC50,FXR,CHEMBL2047
CC[C@H]1[C@@H](O)[C@@H]2[C@H](CC[C@]3(C)[C@@H]([C@H](C)CCNC(=O)NS(=O)(=O)c4cnn(CC)c4)CC[C@@H]23)[C@@]2(C)CC[C@@H](O)C[C@@H]12,6.259637310505756,1,EC50,FXR,CHEMBL2047
CC[C@H]1[C@@H](O)[C@@H]2[C@H](CC[C@]3(C)[C@@H]([C@H](C)CCNC(=O)NS(=O)(=O)c4nccs4)CC[C@@H]23)[C@@]2(C)CC[C@@H](O)C[C@@H]12,5.259637310505756,1,EC50,FXR,CHEMBL2047
CC[C@H]1[C@@H](O)[C@@H]2[C@H](CC[C@]3(C)[C@@H]([C@H](C)CCNC(=O)NS(C)(=O)=O)CC[C@@H]23)[C@@]2(C)CC[C@@H](O)C[C@@H]12,6.259637310505756,1,EC50,FXR,CHEMBL2047
CC[C@H]1[C@@H](O)[C@@H]2[C@H](CC[C@]3(C)[C@@H]([C@H](C)CCNC(=O)NS(N)(=O)=O)CC[C@@H]23)[C@@]2(C)CC[C@@H](O)C[C@@H]12,5.259637310505756,1,EC50,FXR,CHEMBL2047
CC[C@H]1[C@@H](O)[C@@H]2[C@H](CC[C@]3(C)[C@@H]([C@H](C)CCNC(=O)OC(C)C)CC[C@@H]23)[C@@]2(C)CC[C@@H](O)C[C@@H]12,6.522878745280337,1,EC50,FXR,CHEMBL2047
CC[C@H]1[C@@H](O)[C@@H]2[C@H](CC[C@]3(C)[C@@H]([C@H](C)CCNC(=O)OC)CC[C@@H]23)[C@@]2(C)CC[C@@H](O)C[C@@H]12,6.522878745280337,1,EC50,FXR,CHEMBL2047
CC[C@H]1[C@@H](O)[C@@H]2[C@H](CC[C@]3(C)[C@@H]([C@H](C)CCNC(=O)OC/C=C/c4ccccc4)CC[C@@H]23)[C@@]2(C)CC[C@@H](O)C[C@@H]12,6.823908740944319,1,EC50,FXR,CHEMBL2047
CC[C@H]1[C@@H](O)[C@@H]2[C@H](CC[C@]3(C)[C@@H]([C@H](C)CCNC(=O)OC4CCC4)CC[C@@H]23)[C@@]2(C)CC[C@@H](O)C[C@@H]12,6.823908740944319,1,EC50,FXR,CHEMBL2047
CC[C@H]1[C@@H](O)[C@@H]2[C@H](CC[C@]3(C)[C@@H]([C@H](C)CCNC(=O)OC4CCCCC4)CC[C@@H]23)[C@@]2(C)CC[C@@H](O)C[C@@H]12,6.522878745280337,1,EC50,FXR,CHEMBL2047
CC[C@H]1[C@@H](O)[C@@H]2[C@H](CC[C@]3(C)[C@@H]([C@H](C)CCNC(=O)OCc4ccccc4)CC[C@@H]23)[C@@]2(C)CC[C@@H](O)C[C@@H]12,6.522878745280337,1,EC50,FXR,CHEMBL2047
CC[C@H]1[C@@H](O)[C@@H]2[C@H](CC[C@]3(C)[C@@H]([C@H](C)CCNC(=O)OCc4cccs4)CC[C@@H]23)[C@@]2(C)CC[C@@H](O)C[C@@H]12,6.798439739412091,2,EC50,FXR,CHEMBL2047
CC[C@H]1[C@@H](O)[C@@H]2[C@H](CC[C@]3(C)[C@@H]([C@H](C)CCNC(=O)O[C@@H]4CCOC4)CC[C@@H]23)[C@@]2(C)CC[C@@H](O)C[C@@H]12,7.008864383480216,2,EC50,FXR,CHEMBL2047
CC[C@H]1[C@@H](O)[C@@H]2[C@H](CC[C@]3(C)[C@@H]([C@H](C)CCNC(=O)O[C@H]4CCOC4)CC[C@@H]23)[C@@]2(C)CC[C@@H](O)C[C@@H]12,7.0713337517843655,2,EC50,FXR,CHEMBL2047
CC[C@H]1[C@@H](O)[C@@H]2[C@H](CC[C@]3(C)[C@@H]([C@H](C)CCNC(=O)c4ccccn4)CC[C@@H]23)[C@@]2(C)CC[C@@H](O)C[C@@H]12,7.522878745280337,1,EC50,FXR,CHEMBL2047
CC[C@H]1[C@@H](O)[C@@H]2[C@H](CC[C@]3(C)[C@@H]([C@H](C)CCNC(C)=O)CC[C@@H]23)[C@@]2(C)CC[C@@H](O)C[C@@H]12,6.823908740944319,1,EC50,FXR,CHEMBL2047
CC[C@H]1[C@@H](O)[C@@H]2[C@H](CC[C@]3(C)[C@@H]([C@H](C)CCNC(N)=O)CC[C@@H]23)[C@@]2(C)CC[C@@H](O)C[C@@H]12,6.638272163982407,1,EC50,FXR,CHEMBL2047
CC[C@H]1[C@@H](O)[C@@H]2[C@H](CC[C@]3(C)[C@@H]([C@H](C)CCNS(=O)(=O)C(C)(C)C(=O)O)CC[C@@H]23)[C@@]2(C)CC[C@@H](O)C[C@@H]12,5.259637310505756,1,EC50,FXR,CHEMBL2047
CC[C@H]1[C@@H](O)[C@@H]2[C@H](CC[C@]3(C)[C@@H]([C@H](C)CCNS(=O)(=O)C(C)(C)C)CC[C@@H]23)[C@@]2(C)CC[C@@H](O)C[C@@H]12,5.259637310505756,1,EC50,FXR,CHEMBL2047
CC[C@H]1[C@@H](O)[C@@H]2[C@H](CC[C@]3(C)[C@@H]([C@H](C)CCNS(=O)(=O)C4CC4)CC[C@@H]23)[C@@]2(C)CC[C@@H](O)C[C@@H]12,6.638272163982407,1,EC50,FXR,CHEMBL2047
CC[C@H]1[C@@H](O)[C@@H]2[C@H](CC[C@]3(C)[C@@H]([C@H](C)CCNS(=O)(=O)CC(=O)O)CC[C@@H]23)[C@@]2(C)CC[C@@H](O)C[C@@H]12,5.259637310505756,1,EC50,FXR,CHEMBL2047
CC[C@H]1[C@@H](O)[C@@H]2[C@H](CC[C@]3(C)[C@@H]([C@H](C)CCNS(=O)(=O)CCC(=O)O)CC[C@@H]23)[C@@]2(C)CC[C@@H](O)C[C@@H]12,5.259637310505756,1,EC50,FXR,CHEMBL2047
CC[C@H]1[C@@H](O)[C@@H]2[C@H](CC[C@]3(C)[C@@H]([C@H](C)CCNS(=O)(=O)O)CC[C@@H]23)[C@@]2(C)CC[C@@H](O)C[C@@H]12,5.259637310505756,1,EC50,FXR,CHEMBL2047
CC[C@H]1[C@@H](O)[C@@H]2[C@H](CC[C@]3(C)[C@@H]([C@H](C)CCNS(=O)(=O)c4ccccc4)CC[C@@H]23)[C@@]2(C)CC[C@@H](O)C[C@@H]12,6.327902142064282,1,EC50,FXR,CHEMBL2047
CC[C@H]1[C@@H](O)[C@@H]2[C@H](CC[C@]3(C)[C@@H]([C@H](C)CCNS(C)(=O)=O)CC[C@@H]23)[C@@]2(C)CC[C@@H](O)C[C@@H]12,6.552841968657781,1,EC50,FXR,CHEMBL2047
CC[C@H]1[C@@H](O)[C@@H]2[C@H](CC[C@]3(C)[C@@H]([C@H](C)CCO)CC[C@@H]23)[C@@]2(C)CC[C@@H](O)C[C@@H]12,5.809894379144197,2,EC50,FXR,CHEMBL2047
CC[C@H]1[C@@H](O)[C@@H]2[C@H](CC[C@]3(C)[C@@H]([C@H](C)CCOS(=O)(=O)[O-])CC[C@@H]23)[C@@]2(C)CCC(=O)C[C@@H]12.[Na+],7.096910013008056,1,EC50,FXR,CHEMBL2047
CC[C@H]1[C@@H](O)[C@@H]2[C@H](CC[C@]3(C)[C@@H]([C@H](C)CCOS(=O)(=O)[O-])CC[C@@H]23)[C@@]2(C)CC[C@@H](O)C[C@@H]12.[Na+],7.502182402701225,2,EC50,FXR,CHEMBL2047
CC[C@H]1[C@@H](O)[C@@H]2[C@H](CC[C@]3(C)[C@@H]([C@H](C)CCOS(=O)(=O)[O-])CC[C@@H]23)[C@@]2(C)CC[C@@H](O[C@@H]3O[C@H](CC(=O)[O-])[C@@H](O)[C@H](O)[C@H]3O)C[C@@H]12.[Na+].[Na+],5.301029995663981,1,EC50,FXR,CHEMBL2047
CC[C@H]1[C@@H](O)[C@@H]2[C@H](CC[C@]3(C)[C@@H]([C@H](C)CCc4cc(O)no4)CC[C@@H]23)[C@@]2(C)CC[C@@H](O)C[C@@H]12,7.522878745280337,1,EC50,FXR,CHEMBL2047
CC[C@H]1[C@@H](O)[C@@H]2[C@H](CC[C@]3(C)[C@@H]([C@H](C)CCc4nn[nH]n4)CC[C@@H]23)[C@@]2(C)CC[C@@H](O)C[C@@H]12,7.221848749616356,1,EC50,FXR,CHEMBL2047
CC[C@H]1[C@@H](O)[C@@H]2[C@H](CC[C@]3(C)[C@@H]([C@H](C)CNC(=O)NS(=O)(=O)c4cccc(C(C)(C)C)c4)CC[C@@H]23)[C@@]2(C)CC[C@@H](O)C[C@@H]12,6.259637310505756,1,EC50,FXR,CHEMBL2047
CC[C@H]1[C@@H](O)[C@@H]2[C@H](CC[C@]3(C)[C@@H]([C@H](C)CNC(=O)NS(=O)(=O)c4cccc(N5CCCCC5)c4)CC[C@@H]23)[C@@]2(C)CC[C@@H](O)C[C@@H]12,6.259637310505756,1,EC50,FXR,CHEMBL2047
CC[C@H]1[C@@H](O)[C@@H]2[C@H](C[C@@H](O)[C@]3(C)[C@@H]([C@H](C)CCC(=O)O)CC[C@@H]23)[C@@]2(C)CC[C@@H](O)C[C@@H]12,5.327902142064282,1,EC50,FXR,CHEMBL2047
CC[C@H]1[C@@H](O)[C@@H]2[C@H](C[C@H](O)[C@]3(C)[C@@H]([C@H](C)CC(F)(F)C(=O)O)CC[C@@H]23)[C@@]2(C)CC[C@@H](O)C[C@@H]12,5.522878745280337,1,EC50,FXR,CHEMBL2047
CC[C@H]1[C@@H](O)[C@@H]2[C@H](C[C@H](O)[C@]3(C)[C@@H]([C@H](C)CCC(=O)O)CC[C@@H]23)[C@@]2(C)CC[C@@H](O)C[C@@H]12,5.154901959985743,1,EC50,FXR,CHEMBL2047
CC[C@H]1[C@@H](O)[C@@H]2[C@H]([C@@H](O)C[C@]3(C)[C@@H]([C@H](C)CCC(=O)NCC(=O)[O-])CC[C@@H]23)[C@@]2(C)CC[C@@H](O)C[C@@H]12.[Na+],6.3979400086720375,1,EC50,FXR,CHEMBL2047
CC[C@H]1[C@@H](O)[C@@H]2[C@H]([C@@H](O)C[C@]3(C)[C@@H]([C@H](C)CCC(=O)NCCS(=O)(=O)[O-])CC[C@@H]23)[C@@]2(C)CC[C@@H](O)C[C@@H]12.[Na+],6.221848749616356,1,EC50,FXR,CHEMBL2047
CC[C@H]1[C@@H](O)[C@@H]2[C@H]([C@@H](O)C[C@]3(C)[C@@H]([C@H](C)CCC(=O)O)CC[C@@H]23)[C@@]2(C)CC[C@@H](O)C[C@@H]12,6.853871964321762,1,EC50,FXR,CHEMBL2047
CC[C@H]1[C@@H](O)[C@@H]2[C@H]([C@H](O)C[C@]3(C)[C@@H]([C@H](C)CCC(=O)O)CC[C@@H]23)[C@@]2(C)CC[C@@H](O)C[C@@H]12,5.522878745280337,1,EC50,FXR,CHEMBL2047
CCc1cc(C(=O)C(C)C)c(O)cc1OCCCCCC(C)(C)c1nnn[nH]1,5.065501548756432,1,IC50,FXR,CHEMBL2047
CCc1cc(C(=O)c2ccccc2)c(O)cc1OCCCCCC(C)(C)c1nnn[nH]1,5.508638306165727,1,IC50,FXR,CHEMBL2047
CCc1cc(C(C)=O)c(O)cc1OCCCCCC(C)(C)c1nn[nH]n1,4.453457336521869,1,IC50,FXR,CHEMBL2047
CCc1cc(C(C)=O)c(OC(C)c2ccccc2)cc1OCCCCCC(C)(C)c1nnn[nH]1,5.769551078621726,1,IC50,FXR,CHEMBL2047
CCc1cc(C(C)=O)c(OC)cc1OCCCCCC(C)(C)c1nnn[nH]1,5.259637310505756,1,IC50,FXR,CHEMBL2047
CCc1cc(C(C)=O)c(OC2CCCC2)cc1OCCCCCC(C)(C)c1nnn[nH]1,5.481486060122112,1,IC50,FXR,CHEMBL2047
CCc1cc(C(C)=O)c(OCC2CCCCC2)cc1OCCCCCC(C)(C)c1nnn[nH]1,5.537602002101044,1,IC50,FXR,CHEMBL2047
CCc1cc(C(C)=O)c(OCc2cccc(C)c2)cc1OCCCCCC(C)(C)c1nnn[nH]1,5.920818753952375,1,IC50,FXR,CHEMBL2047
CCc1cc(C(C)=O)c(OCc2ccccc2)cc1OCCCCCC(C)(C)c1nnn[nH]1,5.958607314841775,1,IC50,FXR,CHEMBL2047
CCc1cc(CC)c(OCCCCCC(C)(C)c2nn[nH]n2)cc1O,5.508638306165727,1,IC50,FXR,CHEMBL2047
CCc1cc(CC)c(OCc2ccccc2)cc1OCCCCCC(C)(C)c1nnn[nH]1,5.455931955649724,1,IC50,FXR,CHEMBL2047
CCc1ccc(C(=O)N(Cc2cccc(C)c2)c2ccc(CC(=O)NCc3ccc4c(c3)OCO4)cc2)cc1,5.863279432843593,1,IC50,FXR,CHEMBL2047
CCc1ccc(C(=O)Nc2ccccc2C(=O)NCCCC(=O)O)cc1,5.236572006437063,2,EC50,FXR,CHEMBL2047
CCc1ccccc1-n1nc(C)c2c1NC(=O)[C@H](C)S[C@@H]2c1ccc(Oc2ccccc2)cc1,5.958607314841775,1,EC50,FXR,CHEMBL2047
CCc1ccn2c(NCc3ccccc3)c(-c3cccs3)nc2c1,5.920818753952375,1,EC50,FXR,CHEMBL2047
CCc1nn(-c2ccccc2C)c2c1[C@@H](c1ccc(Oc3ccccc3)cc1)S[C@@H](C)C(=O)N2,5.698970004336019,1,EC50,FXR,CHEMBL2047
CCc1oc2ccccc2c1C(=O)c1cc(Br)c(O)c(Br)c1,4.610833915635467,1,EC50,FXR,CHEMBL2047
CCc1oc2ccccc2c1C(=O)c1cc(Br)c(OCCCC(=O)O)c(Br)c1,5.236572006437063,1,EC50,FXR,CHEMBL2047
CCc1oc2ccccc2c1C(=O)c1cc(Br)c(OCc2ccc(C(=O)O)cc2)c(Br)c1,4.987162775294828,1,EC50,FXR,CHEMBL2047
CCc1oc2ccccc2c1C(=O)c1cc(Br)c(OCc2cccc(OCC(=O)O)c2)c(Br)c1,4.749579997691106,1,EC50,FXR,CHEMBL2047
CCc1oc2ccccc2c1C(=O)c1ccc(OCc2cccc(C(=O)O)c2)cc1,4.806875401645539,1,EC50,FXR,CHEMBL2047
CCc1onc(-c2c(Cl)cccc2Cl)c1COc1cc(C)c(/C=C/c2ccc(C(=O)O)cc2)c(C)c1,7.0,1,EC50,FXR,CHEMBL2047
CCc1onc(-c2c(F)cccc2C(F)(F)F)c1COc1ccc(/C=C/c2cccc(C(=O)O)c2)c(Cl)c1,7.267606240177031,1,EC50,FXR,CHEMBL2047
CCc1onc(-c2ccccc2OC(F)(F)F)c1COc1ccc(/C=C/c2cccc(C(=O)O)c2)c(Cl)c1,7.318758762624412,1,EC50,FXR,CHEMBL2047
CCc1onc(Cc2c(Cl)cccc2Cl)c1COc1ccc(/C=C/c2cccc(C(=O)O)c2)c(Cl)c1,7.221848749616356,1,EC50,FXR,CHEMBL2047
CCn1c(-c2ccc(OCc3c(-c4c(Cl)cccc4Cl)noc3C(C)C)cc2)nc2ccc(C(=O)O)cc21,8.17541535555004,2,EC50,FXR,CHEMBL2047
CCn1c(C(=O)O)cc2ccc(N3CCC(F)(COCc4c(-c5c(Cl)cccc5Cl)noc4C4CC4)CC3)cc21,7.430690783050253,2,EC50,FXR,CHEMBL2047
CCn1cc(C(=O)O)c2ccc(N3C4CCC3CC(F)(COCc3c(-c5ccccc5OC(F)(F)F)noc3C3CC3)C4)cc21,7.77642098432889,2,EC50,FXR,CHEMBL2047
CCn1cc(C(=O)O)c2ccc(N3CCC(F)(COCc4c(-c5c(Cl)cccc5Cl)noc4C4CC4)CC3)cc21,6.809894379144197,2,EC50,FXR,CHEMBL2047
CCn1cc(C(=O)O)c2ccc(N3CCC(F)(COCc4c(-c5c(F)cccc5Cl)noc4C4CC4)CC3)cc21,7.336014188188495,2,EC50,FXR,CHEMBL2047
CCn1cc(C(=O)O)c2ccc(N3CCC(F)(COCc4c(-c5ccccc5OC(F)(F)F)noc4C4CC4)CC3)cc21,7.3892928810788305,2,EC50,FXR,CHEMBL2047
CCn1cc(C(=O)O)c2ccc(N3CCC4(CC3)CC(COCc3c(-c5c(Cl)cccc5Cl)noc3C3CC3)C4)cc21,8.280887096197734,2,EC50,FXR,CHEMBL2047
CCn1cc(C(=O)O)c2ccc(N3CCC4(CC3)CC(COCc3c(-c5c(F)cccc5Cl)noc3C3CC3)C4)cc21,7.257710581343689,2,EC50,FXR,CHEMBL2047
CCn1cc(C(=O)O)c2ccc(N3CCC4(CC3)CC(COCc3c(-c5ccccc5OC(F)(F)F)noc3C3CC3)C4)cc21,8.163351280120182,2,EC50,FXR,CHEMBL2047
CCn1nc(C(=O)O)cc1C1CC(c2ccc(OCc3c(-c4c(Cl)cccc4Cl)noc3C3CC3)cc2C)=NO1,7.638272163982407,1,EC50,FXR,CHEMBL2047
CN(C(=O)c1ccc(C(C)(C)C)cc1)c1ccc(CC(=O)O)cc1,5.09151498112135,1,IC50,FXR,CHEMBL2047
CN(C)C(=O)c1ccc(CNC(=O)c2ccc(C(C)(C)C)cc2)cc1,6.769551078621726,1,EC50,FXR,CHEMBL2047
CN(C)S(=O)(=O)NC(=O)Nc1ccc([C@@H]2C[C@H]2c2ccc(OCc3c(-c4c(Cl)cccc4Cl)noc3C3CC3)cc2Cl)cc1,5.259637310505756,1,EC50,FXR,CHEMBL2047
CN(C)S(=O)(=O)NC(=O)c1ccc([C@@H]2C[C@H]2c2ccc(OCc3c(-c4c(Cl)cccc4Cl)noc3C3CC3)cc2Cl)cc1,6.259637310505756,1,EC50,FXR,CHEMBL2047
CN(C)c1cc(Cl)c(C(=O)N(C)c2ccc(O)c(C(C)(C)C)c2)c(Cl)c1,5.4089353929735005,1,IC50,FXR,CHEMBL2047
CN(C)c1cc(Cl)c(C(=O)N(Cc2ccccc2)c2ccc(O)c(C(C)(C)C)c2)c(Cl)c1,5.346787486224656,1,IC50,FXR,CHEMBL2047
CN(C)c1cc(Cl)c(C(=O)N(Cc2cccnc2)c2ccc(O)c(C(C)(C)C)c2)c(Cl)c1,5.200659450546418,1,IC50,FXR,CHEMBL2047
CN(C)c1cc(Cl)c(C(=O)Nc2ccc(O)c(C(C)(C)C)c2)c(Cl)c1,5.853871964321762,1,IC50,FXR,CHEMBL2047
CN(C)c1ccc(-c2ccc(CN(C(=O)C3CCCCC3)c3cccc(/C=C/C(=O)O)c3)cc2)cc1,3.5934598195660445,1,EC50,FXR,CHEMBL2047
CN(C)c1ccc(-c2ccc(CN(C(=O)C3CCCCC3)c3cccc(/C=C/C(=O)OC4CC4)c3)cc2C#N)cc1,6.045757490560675,1,EC50,FXR,CHEMBL2047
CN(C)c1ccc(-c2ccc(CN(C(=O)C3CCCCC3)c3cccc(/C=C/C(=O)OCF)c3)cc2C#N)cc1,5.585026652029182,1,EC50,FXR,CHEMBL2047
CN(C)c1ccc(C(=O)NCc2ccc(NS(C)(=O)=O)cc2Cl)cc1,5.835647144215563,1,EC50,FXR,CHEMBL2047
CN(C)c1ccc(C(=O)Nc2cccc(C(=O)O)c2)cc1,9.522878745280337,1,EC50,FXR,CHEMBL2047
CN(C)c1ccc2nc(-c3ccc(Cl)cc3)n(C(C(=O)NC3CCCCC3)C3CCCCC3)c2c1,5.286509456906058,1,IC50,FXR,CHEMBL2047
CN(Cc1ccc(C(=O)NCCS(=O)(=O)O)cc1)c1ccc(OCc2c(-c3c(Cl)cccc3Cl)noc2C2CC2)nc1C(F)(F)F,7.853871964321762,1,EC50,FXR,CHEMBL2047
CN(Cc1ccc(C(=O)NS(=O)(=O)C2CC2)cc1)c1ccc(OCc2c(-c3c(Cl)cccc3Cl)noc2C2CC2)nc1C(F)(F)F,6.259637310505756,1,EC50,FXR,CHEMBL2047
CN(Cc1ccc(C(=O)NS(=O)(=O)c2ccc(C(C)(C)C)cc2)cc1)c1ccc(OCc2c(-c3c(Cl)cccc3Cl)noc2C2CC2)nc1C(F)(F)F,5.259637310505756,1,EC50,FXR,CHEMBL2047
CN(Cc1ccc(C(=O)O)cc1)c1ccc(OCc2c(-c3c(Cl)cccc3Cl)noc2C2CC2)nc1C(F)(F)F,7.920818753952375,1,EC50,FXR,CHEMBL2047
CN(Cc1ccc(C(=O)O)cc1)c1ccc(OCc2c(-c3c(Cl)cccc3Cl)nsc2C2CC2)cc1C(F)(F)F,6.3872161432802645,1,EC50,FXR,CHEMBL2047
CN(Cc1ccc(C(=O)O)cc1)c1ccc(OCc2c(-c3c(Cl)cccc3Cl)nsc2C2CC2)nc1C(F)(F)F,6.508638306165727,1,EC50,FXR,CHEMBL2047
CN(Cc1ccc(N2CCCCC2)cc1)C(=O)c1n[nH]c(=O)c2ccccc12,4.841637507904751,1,EC50,FXR,CHEMBL2047
CN(Cc1cccc(C(=O)NO)c1)c1ccc(OCc2c(-c3c(Cl)cccc3Cl)nsc2C2CC2)nc1C(F)(F)F,5.962573502059376,1,EC50,FXR,CHEMBL2047
CN(Cc1cccc(C(=O)O)c1)c1ccc(OCc2c(-c3c(Cl)cccc3Cl)noc2C2CC2)nc1C(F)(F)F,8.522878745280337,1,EC50,FXR,CHEMBL2047
CN(Cc1cccc(C(=O)O)c1)c1ccc(OCc2c(-c3c(Cl)cccc3Cl)nsc2C2CC2)nc1C(F)(F)F,6.568636235841012,1,EC50,FXR,CHEMBL2047
CN1CCC(C(=O)N(CC23CCC(c4nc(C5CC5)no4)(CC2)CC3)c2cccc(-c3nc(C4CC4)no3)c2)CC1,5.7856861025756,1,EC50,FXR,CHEMBL2047
CNC(=O)O[C@@H](CC(C)C)c1nc([C@H]2OC(=O)/C(C)=C/C/C(C)=C/[C@@H](O)[C@@H](C)/C=C(C)\C=C(C)/C=C/[C@@H](O)[C@H](C)[C@H](OC)/C(C)=C/C=C/[C@@H]2C)cs1,6.698970004336019,1,EC50,FXR,CHEMBL2047
CNC(=O)c1ccc(CNC(=O)c2ccc(C(C)(C)C)cc2)cc1,6.468521082957745,1,EC50,FXR,CHEMBL2047
CNC(=O)c1ccc(NC(=O)N2CCC(OCc3c(-c4ccccc4OC(F)(F)F)noc3C3CC3)CC2)cc1,5.494850021680094,1,EC50,FXR,CHEMBL2047
CNC(=O)c1cccc(NC(=O)N2CCC(OCc3c(-c4ccccc4OC(F)(F)F)noc3C3CC3)CC2)c1,6.130768280269024,1,EC50,FXR,CHEMBL2047
CNc1cc(Cl)c(C(=O)Nc2ccc(O)c(C(C)(C)C)c2)c(Cl)c1,4.856985199745905,1,IC50,FXR,CHEMBL2047
COC(=O)/C=C/c1cc(F)cc(N(Cc2ccc(-c3ccc(N(C)C)cc3)c(C#N)c2)C(=O)C2CCCCC2)c1,6.045757490560675,1,EC50,FXR,CHEMBL2047
COC(=O)/C=C/c1cc(N(Cc2ccc(-c3ccc(N(C)C)cc3)c(C#N)c2)C(=O)C2CCCCC2)ccc1F,5.823908740944319,1,EC50,FXR,CHEMBL2047
COC(=O)/C=C/c1ccc(F)c(N(Cc2ccc(-c3ccc(N(C)C)cc3)c(C#N)c2)C(=O)C2CCCCC2)c1,5.823908740944319,1,EC50,FXR,CHEMBL2047
COC(=O)/C=C/c1cccc(N(C(=O)C2CCCCC2)c2ccc3ccccc3c2)c1,6.167491087293763,1,EC50,FXR,CHEMBL2047
COC(=O)/C=C/c1cccc(N(CC23CCC(c4ccc(C5CC5)cc4)(CC2)CC3)C(=O)C2CCCCC2)c1,6.954677021213342,1,EC50,FXR,CHEMBL2047
COC(=O)/C=C/c1cccc(N(CC23CCC(c4ccc(N(C)C)cc4)(CC2)CC3)C(=O)C2CCCCC2)c1,7.180456064458131,1,EC50,FXR,CHEMBL2047
COC(=O)/C=C/c1cccc(N(CC23CCC(c4ccc(N5CCC5)cc4)(CC2)CC3)C(=O)C2CCCCC2)c1,6.818156412055227,1,EC50,FXR,CHEMBL2047
COC(=O)/C=C/c1cccc(N(CC23CCC(c4ccc(N5CCCC5)cc4)(CC2)CC3)C(=O)C2CCCCC2)c1,6.52432881167557,1,EC50,FXR,CHEMBL2047
COC(=O)/C=C/c1cccc(N(CC23CCC(c4ccc(N5CCOCC5)cc4)(CC2)CC3)C(=O)C2CCCCC2)c1,6.928117992693874,1,EC50,FXR,CHEMBL2047
COC(=O)/C=C/c1cccc(N(CC23CCC(c4ccc(OC)cc4)(CC2)CC3)C(=O)C2CCCCC2)c1,6.847711655616944,1,EC50,FXR,CHEMBL2047
COC(=O)/C=C/c1cccc(N(CC23CCC(c4nc(C)no4)(CC2)CC3)C(=O)C2CCCCC2)c1,7.2441251443275085,1,EC50,FXR,CHEMBL2047
COC(=O)/C=C/c1cccc(N(CC23CCC(c4nc(C5CC5)no4)(CC2)CC3)C(=O)C2CCCCC2)c1,7.568636235841012,1,EC50,FXR,CHEMBL2047
COC(=O)/C=C/c1cccc(N(Cc2cc(OC)cc(OC)c2)C(=O)C2CCCCC2)c1,6.218763538748572,2,EC50,FXR,CHEMBL2047
COC(=O)/C=C/c1cccc(N(Cc2ccc(-c3c(OC)cccc3OC)cc2)C(=O)C(C)C)c1,7.022276394711152,1,EC50,FXR,CHEMBL2047
COC(=O)/C=C/c1cccc(N(Cc2ccc(-c3c(OC)cccc3OC)cc2)C(=O)C2CCCCC2)c1,7.113509274827518,1,EC50,FXR,CHEMBL2047
COC(=O)/C=C/c1cccc(N(Cc2ccc(-c3c(OC)cccc3OC)cc2)C(=O)NC(C)C)c1,6.250519081092745,2,EC50,FXR,CHEMBL2047
COC(=O)/C=C/c1cccc(N(Cc2ccc(-c3cc(Cl)ccc3OC)cc2)C(=O)C(C)C)c1,6.645891560852599,1,EC50,FXR,CHEMBL2047
COC(=O)/C=C/c1cccc(N(Cc2ccc(-c3cc(Cl)ccc3OC)cc2)C(=O)C2CCCCC2)c1,6.631324708682776,2,EC50,FXR,CHEMBL2047
COC(=O)/C=C/c1cccc(N(Cc2ccc(-c3ccc(C(C)(C)C)cc3)cc2)C(=O)C2CCCCC2)c1,6.8794260687941495,1,EC50,FXR,CHEMBL2047
COC(=O)/C=C/c1cccc(N(Cc2ccc(-c3ccc(C(C)=O)s3)cc2)C(=O)C2CCCCC2)c1,6.59176003468815,1,EC50,FXR,CHEMBL2047
COC(=O)/C=C/c1cccc(N(Cc2ccc(-c3ccc(C)cc3)cc2)C(=O)C(C)C)c1,6.928117992693874,1,EC50,FXR,CHEMBL2047
COC(=O)/C=C/c1cccc(N(Cc2ccc(-c3ccc(C)cc3)cc2)C(=O)NC(C)C)c1,6.347753658996677,1,EC50,FXR,CHEMBL2047
COC(=O)/C=C/c1cccc(N(Cc2ccc(-c3ccc(C)s3)cc2)C(=O)C2CCCCC2)c1,6.686132779630847,1,EC50,FXR,CHEMBL2047
COC(=O)/C=C/c1cccc(N(Cc2ccc(-c3ccc(F)c(Cl)c3)cc2)C(=O)C(C)C)c1,6.889713497440429,2,EC50,FXR,CHEMBL2047
COC(=O)/C=C/c1cccc(N(Cc2ccc(-c3ccc(F)c(Cl)c3)cc2)C(=O)C2CCCCC2)c1,7.180456064458131,1,EC50,FXR,CHEMBL2047
COC(=O)/C=C/c1cccc(N(Cc2ccc(-c3ccc(F)c(F)c3)cc2)C(=O)C2CCCCC2)c1,7.142667503568731,1,EC50,FXR,CHEMBL2047
COC(=O)/C=C/c1cccc(N(Cc2ccc(-c3ccc(N(C)C)cc3)c(C#N)c2)C(=O)C2CCCCC2)c1,6.096910013008056,1,EC50,FXR,CHEMBL2047
COC(=O)/C=C/c1cccc(N(Cc2ccc(-c3ccc(N(C)C)cc3)c(C#N)c2)C(=O)C2CCCCC2)c1F,5.886056647693163,1,EC50,FXR,CHEMBL2047
COC(=O)/C=C/c1cccc(N(Cc2ccc(-c3ccc(N(C)C)cc3)cc2)C(=O)C(C)C)c1,7.2441251443275085,1,EC50,FXR,CHEMBL2047
COC(=O)/C=C/c1cccc(N(Cc2ccc(-c3ccc(N(C)C)cc3)cc2)C(=O)C2CCCCC2)c1,7.225772496747986,4,EC50,FXR,CHEMBL2047
COC(=O)/C=C/c1cccc(N(Cc2ccc(-c3ccc(N(C)C)cc3)cc2)C(=O)NC(C)C)c1,6.790484985457369,1,EC50,FXR,CHEMBL2047
COC(=O)/C=C/c1cccc(N(Cc2ccc(-c3ccc(N(C)C)cc3C#N)c(C#N)c2)C(=O)C2CCCCC2)c1,5.795880017344075,1,EC50,FXR,CHEMBL2047
COC(=O)/C=C/c1cccc(N(Cc2ccc(-c3ccc(N(C)C)cc3C)c(C#N)c2)C(=O)C2CCCCC2)c1,5.823908740944319,1,EC50,FXR,CHEMBL2047
COC(=O)/C=C/c1cccc(N(Cc2ccc(-c3ccc(N(C)C)cc3Cl)c(C#N)c2)C(=O)C2CCCCC2)c1,5.920818753952375,1,EC50,FXR,CHEMBL2047
COC(=O)/C=C/c1cccc(N(Cc2ccc(-c3ccc(N(C)C)cc3F)c(C#N)c2)C(=O)C2CCCCC2)c1,6.045757490560675,1,EC50,FXR,CHEMBL2047
COC(=O)/C=C/c1cccc(N(Cc2ccc(-c3ccc(OC(F)(F)F)cc3)cc2)C(=O)C(C)C)c1,6.6595558851598815,1,EC50,FXR,CHEMBL2047
COC(=O)/C=C/c1cccc(N(Cc2ccc(-c3ccc(OC(F)(F)F)cc3)cc2)C(=O)C2CCCCC2)c1,6.579195394085558,2,EC50,FXR,CHEMBL2047
COC(=O)/C=C/c1cccc(N(Cc2ccc(-c3ccc(OC)cc3)cc2)C(=O)C(C)C)c1,7.013228265733755,1,EC50,FXR,CHEMBL2047
COC(=O)/C=C/c1cccc(N(Cc2ccc(-c3ccc(OC)cc3)cc2)C(=O)C2CCCCC2)c1,7.050609993355087,1,EC50,FXR,CHEMBL2047
COC(=O)/C=C/c1cccc(N(Cc2ccc(-c3ccc(SC)cc3)cc2)C(=O)C(C)C)c1,7.292429823902063,1,EC50,FXR,CHEMBL2047
COC(=O)/C=C/c1cccc(N(Cc2ccc(-c3ccc(SC)cc3)cc2)C(=O)C2CCCCC2)c1,7.161150909262744,1,EC50,FXR,CHEMBL2047
COC(=O)/C=C/c1cccc(N(Cc2ccc(-c3ccc4c(c3)OCO4)cc2)C(=O)C(C)C)c1,7.720675709517766,2,EC50,FXR,CHEMBL2047
COC(=O)/C=C/c1cccc(N(Cc2ccc(-c3ccc4c(c3)OCO4)cc2)C(=O)C2CCCCC2)c1,7.42021640338319,1,EC50,FXR,CHEMBL2047
COC(=O)/C=C/c1cccc(N(Cc2ccc(-c3ccc4c(c3)OCO4)cc2)C(=O)NC(C)C)c1,7.017728766960431,1,EC50,FXR,CHEMBL2047
COC(=O)/C=C/c1cccc(N(Cc2ccc(-c3cccc(C(C)=O)c3)cc2)C(=O)C2CCCCC2)c1,6.6439741428068775,1,EC50,FXR,CHEMBL2047
COC(=O)/C=C/c1cccc(N(Cc2ccc(-c3cccc(C)c3)cc2)C(=O)C(C)C)c1,6.787812395596042,1,EC50,FXR,CHEMBL2047
COC(=O)/C=C/c1cccc(N(Cc2ccc(-c3cccc(C)c3)cc2)C(=O)C2CCCCC2)c1,6.962573502059376,1,EC50,FXR,CHEMBL2047
COC(=O)/C=C/c1cccc(N(Cc2ccc(-c3cccc(C)c3)cc2)C(=O)NC(C)C)c1,5.878073642282259,2,EC50,FXR,CHEMBL2047
COC(=O)/C=C/c1cccc(N(Cc2ccc(-c3cccc(Cl)c3)cc2)C(=O)C(C)C)c1,7.113509274827518,1,EC50,FXR,CHEMBL2047
COC(=O)/C=C/c1cccc(N(Cc2ccc(-c3cccc(Cl)c3)cc2)C(=O)C2CCCCC2)c1,7.026872146400302,1,EC50,FXR,CHEMBL2047
COC(=O)/C=C/c1cccc(N(Cc2ccc(-c3cccc(Cl)c3)cc2)C(=O)NC(C)C)c1,5.851935604699812,2,EC50,FXR,CHEMBL2047
COC(=O)/C=C/c1cccc(N(Cc2ccc(-c3cccc(OC(F)(F)F)c3)cc2)C(=O)C(C)C)c1,6.607303046740334,1,EC50,FXR,CHEMBL2047
COC(=O)/C=C/c1cccc(N(Cc2ccc(-c3cccc(OC(F)(F)F)c3)cc2)C(=O)C2CCCCC2)c1,6.378375033651015,2,EC50,FXR,CHEMBL2047
COC(=O)/C=C/c1cccc(N(Cc2ccc(-c3cccc(OC)c3)cc2)C(=O)C(C)C)c1,7.141344530963355,2,EC50,FXR,CHEMBL2047
COC(=O)/C=C/c1cccc(N(Cc2ccc(-c3cccc(OC)c3)cc2)C(=O)C2CCCCC2)c1,7.073071420880293,3,EC50,FXR,CHEMBL2047
COC(=O)/C=C/c1cccc(N(Cc2ccc(-c3cccc(OC)c3)cc2)C(=O)NC(C)C)c1,5.863279432843593,1,EC50,FXR,CHEMBL2047
COC(=O)/C=C/c1cccc(N(Cc2ccc(/C=C/C(=O)O)cc2)C(=O)C2CCCCC2)c1,6.0,1,EC50,FXR,CHEMBL2047
COC(=O)/C=C/c1cccc(N(Cc2ccc(/C=C/C(=O)OC(C)(C)C)cc2)C(=O)NC(C)C)c1,6.673664139071249,1,EC50,FXR,CHEMBL2047
COC(=O)/C=C/c1cccc(N(Cc2ccc(/C=C/C(=O)OC(C)(C)C)cc2)C(=O)c2ccccc2)c1,6.627087997029893,1,EC50,FXR,CHEMBL2047
COC(=O)/C=C/c1cccc(N(Cc2ccc(/C=C/C(=O)OC(C)(C)C)cc2)C(=O)c2ccco2)c1,6.688246138944246,1,EC50,FXR,CHEMBL2047
COC(=O)/C=C/c1cccc(N(Cc2ccc(/C=C/C(=O)OC(C)(C)C)cc2O)C(=O)C2CCCCC2)c1,6.0,1,EC50,FXR,CHEMBL2047
COC(=O)/C=C/c1cccc(N(Cc2ccc(/C=C/c3c(C)cc(C)cc3C)cc2)C(=O)C(C)C)c1,6.826813731587726,1,EC50,FXR,CHEMBL2047
COC(=O)/C=C/c1cccc(N(Cc2ccc(/C=C/c3c(C)cc(C)cc3C)cc2)C(=O)NC(C)C)c1,6.3655227298392685,1,EC50,FXR,CHEMBL2047
COC(=O)/C=C/c1cccc(N(Cc2ccc(/C=C/c3c(Cl)cccc3Cl)cc2)C(=O)C(C)C)c1,6.709965388637482,1,EC50,FXR,CHEMBL2047
COC(=O)/C=C/c1cccc(N(Cc2ccc(/C=C/c3c(Cl)cccc3Cl)cc2)C(=O)C2CCCCC2)c1,6.821948810943301,2,EC50,FXR,CHEMBL2047
COC(=O)/C=C/c1cccc(N(Cc2ccc(/C=C/c3c(F)cccc3F)cc2)C(=O)C(C)C)c1,6.96657624451305,1,EC50,FXR,CHEMBL2047
COC(=O)/C=C/c1cccc(N(Cc2ccc(/C=C/c3cc(C(F)(F)F)cc(C(F)(F)F)c3)cc2)C(=O)C(C)C)c1,5.709965388637482,1,EC50,FXR,CHEMBL2047
COC(=O)/C=C/c1cccc(N(Cc2ccc(/C=C/c3cc(C(F)(F)F)cc(C(F)(F)F)c3)cc2)C(=O)C2CCCCC2)c1,5.8326826652518236,1,EC50,FXR,CHEMBL2047
COC(=O)/C=C/c1cccc(N(Cc2ccc(/C=C/c3ccc(F)cc3)cc2)C(=O)C(C)C)c1,6.920818753952375,1,EC50,FXR,CHEMBL2047
COC(=O)/C=C/c1cccc(N(Cc2ccc(/C=C/c3ccc(F)cc3)cc2)C(=O)C2CCCCC2)c1,6.731412635745963,2,EC50,FXR,CHEMBL2047
COC(=O)/C=C/c1cccc(N(Cc2ccc(/C=C/c3ccc(F)cc3)cc2)C(=O)NC(C)C)c1,6.458420756053419,1,EC50,FXR,CHEMBL2047
COC(=O)/C=C/c1cccc(N(Cc2ccc(/C=C/c3ccc(OC)cc3)cc2)C(=O)C2CCCCC2)c1,6.681936665037238,1,EC50,FXR,CHEMBL2047
COC(=O)/C=C/c1cccc(N(Cc2ccc(/C=C/c3cccc(C(F)(F)F)c3)cc2)C(=O)C(C)C)c1,6.573488738635424,1,EC50,FXR,CHEMBL2047
COC(=O)/C=C/c1cccc(N(Cc2ccc(/C=C/c3cccc(C(F)(F)F)c3)cc2)C(=O)NC(C)C)c1,6.030584087646019,1,EC50,FXR,CHEMBL2047
COC(=O)/C=C/c1cccc(N(Cc2ccc(/C=C/c3cccc(Cl)c3)cc2)C(=O)C(C)C)c1,6.787579427934967,2,EC50,FXR,CHEMBL2047
COC(=O)/C=C/c1cccc(N(Cc2ccc(/C=C/c3cccc(Cl)c3)cc2)C(=O)C2CCCCC2)c1,6.781256314814579,2,EC50,FXR,CHEMBL2047
COC(=O)/C=C/c1cccc(N(Cc2ccc(/C=C/c3cccc(F)c3)cc2)C(=O)C(C)C)c1,7.1487416512809245,1,EC50,FXR,CHEMBL2047
COC(=O)/C=C/c1cccc(N(Cc2ccc(/C=C/c3cccc(F)c3)cc2)C(=O)C2CCCCC2)c1,7.0655015487564325,1,EC50,FXR,CHEMBL2047
COC(=O)/C=C/c1cccc(N(Cc2ccc(/C=C/c3cccc(F)c3)cc2)C(=O)NC(C)C)c1,6.330339304058759,2,EC50,FXR,CHEMBL2047
COC(=O)/C=C/c1cccc(N(Cc2ccc(/C=C/c3ccccc3)cc2)C(=O)C(C)C)c1,7.1885279284756525,2,EC50,FXR,CHEMBL2047
COC(=O)/C=C/c1cccc(N(Cc2ccc(/C=C/c3ccccc3F)cc2)C(=O)C(C)C)c1,7.152465023828446,2,EC50,FXR,CHEMBL2047
COC(=O)/C=C/c1cccc(N(Cc2ccc(/C=C/c3ccccc3F)cc2)C(=O)C2CCCCC2)c1,7.1938200260161125,1,EC50,FXR,CHEMBL2047
COC(=O)/C=C/c1cccc(N(Cc2ccc(/C=C/c3ccccc3F)cc2)C(=O)NC(C)C)c1,6.3655227298392685,1,EC50,FXR,CHEMBL2047
COC(=O)/C=C/c1cccc(N(Cc2ccc(/C=C/c3ccccn3)cc2)C(=O)C(C)C)c1,6.508638306165727,1,EC50,FXR,CHEMBL2047
COC(=O)/C=C/c1cccc(N(Cc2ccc(/C=C/c3ccccn3)cc2)C(=O)C2CCCCC2)c1,6.510041520575165,1,EC50,FXR,CHEMBL2047
COC(=O)/C=C/c1cccc(N(Cc2ccc(/C=C/c3scnc3C)cc2)C(=O)C(C)C)c1,6.642065152999546,1,EC50,FXR,CHEMBL2047
COC(=O)/C=C/c1cccc(N(Cc2ccc(/C=C/c3scnc3C)cc2)C(=O)C2CCCCC2)c1,6.6439741428068775,1,EC50,FXR,CHEMBL2047
COC(=O)/C=C/c1cccc(N(Cc2ccc3c(c2OC)OC(C)(C)C2C3C2(Cl)Cl)C(=O)c2ccccc2)c1,6.47755576649368,1,EC50,FXR,CHEMBL2047
COC(=O)/C=C/c1cccc(N(Cc2ccc3c(c2OC)OC(C)(C)C=C3)C(=O)C2CCCCC2)c1,6.446116973356125,1,EC50,FXR,CHEMBL2047
COC(=O)CCCNC(=O)c1ccccc1NC(=O)c1ccc2ccccc2c1,5.1487416512809245,1,EC50,FXR,CHEMBL2047
COC(=O)C[C@@H](C)C1=C2[C@H](O)C[C@H]3[C@@]4(C)CCC(=O)C(C)(C)[C@@H]4CC[C@]3(C)[C@@]2(C)C[C@@H]1OC,4.693574972449313,1,EC50,FXR,CHEMBL2047
COC(=O)c1ccc(NC(=O)N2CCC(OCc3c(-c4ccccc4OC(F)(F)F)noc3C3CC3)CC2)cc1,5.119186407719209,1,EC50,FXR,CHEMBL2047
COC(=O)c1ccc(OCc2c(-c3c(Cl)cccc3Cl)noc2C(C)C)cc1,5.44490555142168,1,EC50,FXR,CHEMBL2047
COC(=O)c1ccc(OCc2ccc(OCc3c(-c4c(Cl)cccc4Cl)noc3C(C)C)cc2)cc1,6.136677139879544,1,EC50,FXR,CHEMBL2047
COC(=O)c1cccc(-c2ccc(OCc3c(-c4c(Cl)cccc4Cl)noc3C(C)C)cc2)c1,5.552841968657781,1,EC50,FXR,CHEMBL2047
COC(=O)c1cccc(NC(=O)N2CCC(OCc3c(-c4ccccc4OC(F)(F)F)noc3C3CC3)CC2)c1,5.2839966563652006,1,EC50,FXR,CHEMBL2047
COC(=O)c1cccc(OCc2c(-c3c(Cl)cccc3Cl)noc2C(C)C)c1,5.686132779630847,1,EC50,FXR,CHEMBL2047
COC(=O)c1cccc(OCc2ccc(OCc3c(-c4c(Cl)cccc4Cl)noc3C(C)C)cc2)c1,5.939302159646388,1,EC50,FXR,CHEMBL2047
COC(C)(C)[C@H](O)[C@@H](O)C[C@@H](C)C1=C2C[C@H](O)[C@H]3[C@@]4(C)CCC(=O)C(C)(C)[C@@H]4CC[C@]3(C)[C@@]2(C)CC1,5.050609993355087,1,EC50,FXR,CHEMBL2047
COC(C)(C)[C@H](OC(C)=O)[C@@H]1C[C@@H](C)C2=C3C[C@H](O)[C@H]4[C@@]5(C)CCC(=O)C(C)(C)[C@@H]5CC[C@]4(C)[C@@]3(C)C[C@@H]2O1,4.77780395369828,1,EC50,FXR,CHEMBL2047
COC(C[C@@H](C)C1=C2C[C@H](O)[C@H]3[C@@]4(C)CCC(=O)C(C)(C)[C@@H]4CC[C@]3(C)[C@@]2(C)CC1)OC,5.251811972993799,1,EC50,FXR,CHEMBL2047
COC(OC)C(C)(C)[C@@H](O)C[C@@H](C)C1=C2C[C@H](O)[C@H]3[C@@]4(C)CCC(=O)C(C)(C)[C@@H]4CC[C@]3(C)[C@@]2(C)CC1,4.91829272990265,1,EC50,FXR,CHEMBL2047
COC/C=C/c1ccc(CN(C(=O)C2CCCCC2)c2cccc(/C=C/C(=O)OC)c2)cc1,6.632644078973981,1,EC50,FXR,CHEMBL2047
COC/C=C/c1cccc(N(Cc2ccc(/C=C/C(=O)OC(C)(C)C)cc2)C(=O)C2CCCCC2)c1,6.614393726401688,1,EC50,FXR,CHEMBL2047
COCCOC(=O)C1=C(C)NC(C)=C(C(=O)OC(C)C)C1c1cccc([N+](=O)[O-])c1,5.047691990337874,1,IC50,FXR,CHEMBL2047
COCCc1nn(C(C)C)cc1C(=O)Nc1ccc(C)c(S(=O)(=O)N2CCOCC2)c1,4.9974878621414955,2,IC50,FXR,CHEMBL2047
COCCc1nn(Cc2cccc(OC)c2)cc1C(=O)Nc1ccc(C)c(S(=O)(=O)N2CCOCC2)c1,5.68208477960238,2,IC50,FXR,CHEMBL2047
CO[C@@H]1C2C[C@H](O)CC[C@]2(C)[C@H]2CC[C@]3(C)C([C@H](C)CCC(=O)O)CC[C@H]3[C@@H]2[C@@H]1O,4.831797253157369,1,EC50,FXR,CHEMBL2047
CO[C@H](C[C@@H](C)[C@H]1CC[C@H]2[C@@H]3[C@H](O)C[C@@H]4C[C@H](O)CC[C@]4(C)[C@H]3C[C@H](O)[C@]12C)C(=O)O,4.455931955649724,1,EC50,FXR,CHEMBL2047
CO[C@H](c1ccccc1)c1nc2cc(F)c(F)cc2n1C(C(=O)Nc1ccc(C(=O)O)cc1C)C1CCCCC1,7.698970004336019,1,IC50,FXR,CHEMBL2047
CO[C@H]1CC2=C3[C@H](C)C[C@@H]([C@@H](O)C(C)(C)O)O[C@H]3C[C@]2(C)[C@@]2(C)CC[C@H]3C(C)(C)C(=O)CC[C@]3(C)[C@H]12,4.842241113953136,1,EC50,FXR,CHEMBL2047
CO[C@H]1C[C@@]2(C)C(=C1[C@H](C)C[C@H](O)[C@@H](OC(C)=O)C(C)(C)O)[C@H](O)C[C@H]1[C@@]3(C)CCC(=O)C(C)(C)[C@@H]3CC[C@@]12C,4.784362436564939,1,EC50,FXR,CHEMBL2047
CO[C@]1(c2ccc(OCc3c(-c4c(Cl)cccc4Cl)noc3C3CC3)cc2Cl)C[C@H](c2cccc(C(=O)O)c2)C1,7.04688636847382,2,EC50,FXR,CHEMBL2047
COc1c(C(=O)Nc2ccc(CC(=O)O)cc2)cccc1-c1ccccc1,5.301029995663981,1,IC50,FXR,CHEMBL2047
COc1c(C(=O)Nc2ccc(CC(=O)O)cc2)cccc1C(C)(C)C,5.481486060122112,1,IC50,FXR,CHEMBL2047
COc1c(CN(C(=O)C2CC2)c2ccccc2)ccc2c1OC(C)(C)C=C2,5.0,2,EC50,FXR,CHEMBL2047
COc1cc(-c2cccc(N(CC34CCC(c5nc(C6CC6)no5)(CC3)CC4)C(=O)C3CCCCC3)c2)ccn1,7.022276394711152,1,EC50,FXR,CHEMBL2047
COc1cc(/C(C)=N/OCc2cc(C(=O)O)ccc2C#N)ccc1OCc1c(-c2ccccc2OC(F)(F)F)noc1C1CC1,6.013273040668782,1,EC50,FXR,CHEMBL2047
COc1cc(C(=O)NCc2ccc(C(=O)O)cc2)ccc1C(C)(C)C,5.920818753952375,1,EC50,FXR,CHEMBL2047
COc1cc(C(=O)NS(=O)(=O)c2ccccc2C)ccc1Cc1cn(C)c2ccc(NC(=O)OC3CCCC3)cc12,5.4089353929735005,1,EC50,FXR,CHEMBL2047
COc1cc(C(=O)Nc2ccc(CC(=O)O)cc2)ccc1C(C)(C)C,6.657577319177793,1,IC50,FXR,CHEMBL2047
COc1cc(C(=O)O)cc2sc(C3CCN(Cc4c(-c5c(Cl)cccc5Cl)noc4C(C)C)C3)nc12,6.575118363368933,1,EC50,FXR,CHEMBL2047
COc1cc(C(=O)O)cc2sc(C3CCN(Cc4c(-c5c(Cl)cccc5Cl)noc4C(C)C)CC3)nc12,6.698970004336019,1,EC50,FXR,CHEMBL2047
COc1cc(C(=O)O)cc2sc(N3C4CCC3CC(OCc3c(-c5ccccc5OC(F)(F)F)noc3C3CC3)C4)nc12,9.310437926964804,2,EC50,FXR,CHEMBL2047
COc1cc(C(=O)O)cc2sc(N3CCC(Cc4c(-c5c(Cl)cccc5Cl)noc4C(C)C)CC3)nc12,7.132520119363777,2,EC50,FXR,CHEMBL2047
COc1cc(C(=O)O)cc2sc(N3CCN(Cc4c(-c5c(Cl)cccc5Cl)noc4C(C)C)CC3(C)C)nc12,7.163997277488524,2,EC50,FXR,CHEMBL2047
COc1cc(C(=O)O)cc2sc(N3CCN(Cc4c(-c5c(Cl)cccc5Cl)noc4C(C)C)CC3)nc12,7.170660485708775,2,EC50,FXR,CHEMBL2047
COc1cc(C(=O)O)cc2sc(N3CCN(Cc4c(-c5c(Cl)cccc5Cl)noc4C(C)C)CC34CC4)nc12,5.905528871358355,1,EC50,FXR,CHEMBL2047
COc1cc(C(=O)O)cc2sc(N3CCN(Cc4c(-c5c(Cl)cccc5Cl)noc4C(C)C)CC3C(C)C)nc12,6.840634516555951,2,EC50,FXR,CHEMBL2047
COc1cc(C(=O)O)cc2sc(N3CCN(Cc4c(-c5c(Cl)cccc5Cl)noc4C(C)C)CC3C)nc12,7.464058996346937,2,EC50,FXR,CHEMBL2047
COc1cc(C(=O)O)cc2sc(N3CCN(Cc4c(-c5c(Cl)cccc5Cl)noc4C(C)C)C[C@@H]3C)nc12,6.7594507517174005,1,EC50,FXR,CHEMBL2047
COc1cc(C(=O)O)cc2sc(N3CCN(Cc4c(-c5c(Cl)cccc5Cl)noc4C(C)C)C[C@H]3C)nc12,7.537602002101044,1,EC50,FXR,CHEMBL2047
COc1cc(C(=O)O)cc2sc(N3CCN(Cc4c(-c5c(Cl)cccc5Cl)noc4C4CC4)CC3C)nc12,7.74206307814416,2,EC50,FXR,CHEMBL2047
COc1cc(C(=O)O)cc2sc(N3CCN(Cc4c(-c5c(Cl)cccc5Cl)noc4C4CC4)C[C@@H]3C)nc12,7.35122916609092,2,EC50,FXR,CHEMBL2047
COc1cc(C(=O)O)cc2sc(N3CCN(Cc4c(-c5c(Cl)cccc5Cl)noc4C4CC4)C[C@H]3C)nc12,8.022878745280337,2,EC50,FXR,CHEMBL2047
COc1cc(C(=O)O)ccc1Cn1ccc2ccc(NC(=O)c3ccc(C(C)(C)C)cc3)cc21,6.585026652029182,1,EC50,FXR,CHEMBL2047
COc1cc(C(=O)O)ccc1NC(=O)[C@H](C1CCCCC1)n1c(-c2ccc(Cl)cc2)nc2cc(F)c(F)cc21,6.130768280269024,1,IC50,FXR,CHEMBL2047
COc1cc(C(C)(C)C)ccc1C(=O)Nc1ccc(CC(=O)O)cc1,8.461134410173804,2,IC50,FXR,CHEMBL2047
COc1cc(Cl)cc(N(CC23CCC(c4ccc(OC)c(C#N)c4)(CC2)CC3)C(=O)c2ccncc2C)c1,6.721246399047171,1,EC50,FXR,CHEMBL2047
COc1cc(NC(=O)c2ccc(C(C)(C)C)cc2)ccc1CC(=O)O,5.431798275933005,1,IC50,FXR,CHEMBL2047
COc1cc([C@H]2S[C@@H](C)C(=O)Nc3c2c(C)nn3-c2ccccc2C)ccc1Oc1ccccc1,5.721246399047171,1,EC50,FXR,CHEMBL2047
COc1cc([N+](=O)[O-])ccc1NC(=O)CNc1ccccc1N1CCCC1=O,5.363512103646634,1,EC50,FXR,CHEMBL2047
COc1ccc(-c2ccc([C@H]3S[C@@H](C)C(=O)Nc4c3c(C)nn4-c3ccccc3C)cc2)cc1,5.920818753952375,1,EC50,FXR,CHEMBL2047
COc1ccc(-c2ccccc2)cc1C(=O)Nc1ccc(CC(=O)O)cc1,6.769551078621726,1,IC50,FXR,CHEMBL2047
COc1ccc(-c2nc(-c3cccc(C(F)(F)F)c3)no2)cc1,5.537602002101044,1,EC50,FXR,CHEMBL2047
COc1ccc(-c2nc(-c3ccccc3)no2)cc1,4.785156151952302,1,IC50,FXR,CHEMBL2047
COc1ccc(-c2nc(-c3ccccc3C)no2)cc1,6.920818753952375,1,EC50,FXR,CHEMBL2047
COc1ccc(-c2nc3cc(F)c(F)cc3n2[C@H](C(=O)N[C@H]2CC[C@H](C(=O)O)CC2)C2CCCCC2)c(Cl)n1,6.537602002101044,1,IC50,FXR,CHEMBL2047
COc1ccc(-c2nc3cc(F)c(F)cc3n2[C@H](C(=O)N[C@H]2CC[C@H](C(=O)O)CC2)C2CCCCC2)c(OC)n1,6.6777807052660805,1,IC50,FXR,CHEMBL2047
COc1ccc(-c2nc3ccc(C)cn3c2NCc2ccccc2)cc1,5.896196279044043,1,EC50,FXR,CHEMBL2047
COc1ccc(-c2nc3ccc(C)cn3c2NCc2ccccc2)cc1OC,6.040958607678906,1,EC50,FXR,CHEMBL2047
COc1ccc(/C=C/C(=O)c2cccc(O)c2)cc1OC,4.698970004336019,1,IC50,FXR,CHEMBL2047
COc1ccc(C(=O)NCc2ccc(C(=O)O)cc2)cc1OC,6.431798275933005,1,EC50,FXR,CHEMBL2047
COc1ccc(C(=O)Nc2ccc(C)c(C(=O)O)c2)c(NC(=O)c2ccc(C(C)(C)C)cc2)c1,7.060480747381382,1,EC50,FXR,CHEMBL2047
COc1ccc(C(=O)Nc2cccc(C(=O)O)c2)c(NC(=O)c2ccc(C(C)(C)C)cc2)c1,8.096910013008056,1,EC50,FXR,CHEMBL2047
COc1ccc(C(=O)Nc2cccc(C(=O)O)c2)cc1,6.2168113089247425,1,EC50,FXR,CHEMBL2047
COc1ccc(C(=O)Nc2cccc(CCC(=O)O)c2)c(NC(=O)c2ccc3ccccc3c2)c1,4.958607314841775,1,EC50,FXR,CHEMBL2047
COc1ccc(C(=O)O)cc1NC(=O)c1ccccc1NC(=O)c1ccc(C(C)(C)C)cc1,5.327902142064282,2,EC50,FXR,CHEMBL2047
COc1ccc(C(=O)O[C@@H]2CC[C@]3(C)[C@H]4CC[C@@H]5[C@H]6[C@H](C(C)C)CC[C@]6(C(=O)NCC(=O)O)CC[C@@]5(C)[C@]4(C)CC[C@H]3C2(C)C)cc1,5.3872161432802645,1,IC50,FXR,CHEMBL2047
COc1ccc(C(C)(C)c2cnc(SCCOc3ccc(-n4ccnc4)cc3)n2-c2ccc(F)cc2)cc1OC,5.1938200260161125,1,EC50,FXR,CHEMBL2047
COc1ccc(C2SC(C)C(=O)Nc3c2c(C)nn3-c2ccccc2C)c(OC)c1,4.978810700930062,1,EC50,FXR,CHEMBL2047
COc1ccc(CN(Cc2ccc(F)cc2)C(=O)c2ccccc2Cl)cc1OS(=O)(=O)c1ccc(NC(C)=O)cc1,5.455931955649724,1,IC50,FXR,CHEMBL2047
COc1ccc(CN(Cc2ccco2)C(=O)c2ccccc2Cl)cc1OS(=O)(=O)c1ccc(NC(C)=O)cc1,4.978810700930062,1,IC50,FXR,CHEMBL2047
COc1ccc(CNC(=O)c2ccc(C(C)(C)C)cc2)cc1,6.823908740944319,1,EC50,FXR,CHEMBL2047
COc1ccc(CNc2c(-c3cc(Cl)ccn3)nc3ccc(Cl)cn23)cc1,9.522878745280337,1,EC50,FXR,CHEMBL2047
COc1ccc(CNc2c(-c3cccs3)nc3ccc(C)cn23)cc1,6.769551078621726,1,EC50,FXR,CHEMBL2047
COc1ccc(Cl)c(-c2noc(C(C)C)c2COc2ccc(-c3ccc4c(C(=O)O)cn(C)c4c3)c(C)c2)n1,6.508638306165727,1,IC50,FXR,CHEMBL2047
COc1ccc(NC(=O)c2ccc(C(C)(C)C)cc2)c(C(=O)Nc2cccc(C(=O)O)c2)c1,4.82102305270683,1,IC50,FXR,CHEMBL2047
COc1ccc(NC(=O)c2ccccc2NC(=O)c2ccc(C(C)(C)C)cc2)cc1C(=O)O,7.327902142064282,2,EC50,FXR,CHEMBL2047
COc1ccc(NC(=O)c2ccccc2NC(=O)c2ccc(C(C)(C)C)cc2)cc1OC,7.1487416512809245,1,EC50,FXR,CHEMBL2047
COc1ccc(Oc2ccc(N3CC(=O)N([C@@H](CC(C)C)c4nc5ccc(C(=O)O)cc5n4C)C3=O)cc2)cc1,4.123205023799299,1,IC50,FXR,CHEMBL2047
COc1ccc(Oc2ccc(N3CC(=O)N([C@@H](CC4CCN(C(=O)C(C)C)CC4)c4nc5ccc(C)cc5n4C)C3=O)cc2)cc1,8.154901959985743,2,IC50,FXR,CHEMBL2047
COc1ccc(Oc2ccc(N3CC(=O)N([C@@H](CC4CCN(C(=O)C(C)C)CC4)c4nc5ccc(C)cc5n4C4CC4)C3=O)cc2)cc1,8.581016490815673,2,IC50,FXR,CHEMBL2047
COc1ccc(Oc2ccc(N3CC(=O)N([C@@H](CC4CCN(C(=O)C(C)C)CC4)c4nc5ccc(F)cc5n4C)C3=O)cc2)cc1,8.10790539730952,1,IC50,FXR,CHEMBL2047
COc1ccc(Oc2ccc([C@H]3S[C@@H](C)C(=O)Nc4c3c(C)nn4-c3ccccc3C)cc2)cc1,5.657577319177793,1,EC50,FXR,CHEMBL2047
COc1ccc(S(=O)(=O)Nc2ccc(CN(C(=O)c3ccco3)C3CCCCC3)c(N(C)C)c2)cc1,4.935542010773082,1,IC50,FXR,CHEMBL2047
COc1ccc2c(c1)C=C(C(=O)c1cccc(O)c1O)CO2,5.090979145788844,1,IC50,FXR,CHEMBL2047
COc1ccc2c(c1)OCC(C(=O)c1cc(O)ccc1O)=C2,5.400116927926312,1,IC50,FXR,CHEMBL2047
COc1ccc2nc(-c3ccc(Cl)cc3)n(C(C(=O)NC3CCCCC3)C3CCCCC3)c2c1,6.346787486224656,1,IC50,FXR,CHEMBL2047
COc1ccc2nc(-c3cccs3)c(NCc3ccccc3)n2c1,6.080921907623926,1,EC50,FXR,CHEMBL2047
COc1cccc(-c2ccc(NC(=O)C3=C(C(=O)O)CCC3)c(F)c2)c1,6.346787486224656,1,EC50,FXR,CHEMBL2047
COc1cccc(-c2ccc([C@H]3S[C@@H](C)C(=O)Nc4c3c(C)nn4-c3ccccc3C)cc2)c1,5.7447274948966935,1,EC50,FXR,CHEMBL2047
COc1cccc(-c2cccc(N(CC34CCC(c5nc(C6CC6)no5)(CC3)CC4)C(=O)C3CCCCC3)c2)c1,7.036212172654444,1,EC50,FXR,CHEMBL2047
COc1cccc(-c2nc3ccc(C)cn3c2NCc2ccccc2)c1,6.6020599913279625,1,EC50,FXR,CHEMBL2047
COc1cccc(-c2nn(C(C)C)cc2C(=O)Nc2ccc(C)c(S(=O)(=O)N3CCOCC3)c2)c1,6.126934828451168,2,IC50,FXR,CHEMBL2047
COc1cccc(/C=C/C(=O)c2cc(O)ccc2O)c1,4.739928612014925,1,IC50,FXR,CHEMBL2047
COc1cccc(/C=C/C(=O)c2ccc(O)cc2O)c1,4.82102305270683,1,IC50,FXR,CHEMBL2047
COc1cccc(/C=C/C(=O)c2cccc(O)c2O)c1,4.761953896871205,1,IC50,FXR,CHEMBL2047
COc1cccc(C(=O)Nc2cccc(C(=O)O)c2)c1,5.985059650207063,1,EC50,FXR,CHEMBL2047
COc1cccc(Cn2cc(C(=O)N(C)c3ccc(C)c(S(=O)(=O)N4CCOCC4)c3)c(-c3cccc(OC)c3)n2)c1,5.41907502432438,1,IC50,FXR,CHEMBL2047
COc1cccc(Cn2cc(C(=O)N(C)c3ccc(C)c(S(=O)(=O)N4CCOCC4)c3)c(C(C)C)n2)c1,5.273272790973428,1,IC50,FXR,CHEMBL2047
COc1cccc(Cn2cc(C(=O)Nc3ccc(C)c(S(=O)(=O)N4CCOCC4)c3)c(-c3ccc(C(F)(F)F)cc3)n2)c1,6.8686032966680735,2,IC50,FXR,CHEMBL2047
COc1cccc(Cn2cc(C(=O)Nc3ccc(C)c(S(=O)(=O)N4CCOCC4)c3)c(-c3ccc(C)cc3)n2)c1,7.227114570692251,2,IC50,FXR,CHEMBL2047
COc1cccc(Cn2cc(C(=O)Nc3ccc(C)c(S(=O)(=O)N4CCOCC4)c3)c(-c3cccc(OC)c3)n2)c1,6.637567272912296,2,IC50,FXR,CHEMBL2047
COc1cccc(Cn2cc(C(=O)Nc3ccc(C)c(S(=O)(=O)N4CCOCC4)c3)c(C(C)C)n2)c1,6.103757228498763,2,IC50,FXR,CHEMBL2047
COc1cccc(Cn2cc(CNc3ccc(C)c(S(=O)(=O)N4CCOCC4)c3)c(C(C)C)n2)c1,5.095937406886906,2,IC50,FXR,CHEMBL2047
COc1cccc(NC(=O)c2ccccc2NC(=O)c2ccc(C(C)(C)C)cc2)c1,6.42021640338319,2,EC50,FXR,CHEMBL2047
COc1cccc(OC)c1-c1noc(C2CC2)c1COc1ccc(C2(O)CN(c3ncc(C(=O)O)cc3F)C2)c(Cl)c1,7.025427023790028,2,EC50,FXR,CHEMBL2047
COc1cccc(OCC2c3ccsc3CCN2C(=O)CN(CC2CCCO2)C(=O)CC(C)C)c1,4.828566099056991,1,IC50,FXR,CHEMBL2047
COc1cccc(Oc2ccc([C@H]3S[C@@H](C)C(=O)Nc4c3c(C)nn4-c3ccccc3C)cc2)c1,5.769551078621726,1,EC50,FXR,CHEMBL2047
COc1cccc2c1C=C(C(=O)c1ccc(O)cc1O)CO2,5.446116973356125,1,IC50,FXR,CHEMBL2047
COc1cccc2c1OCC(C(=O)c1cc(O)ccc1O)=C2,5.412289034981089,1,IC50,FXR,CHEMBL2047
COc1ccccc1-c1ccc([C@H]2S[C@@H](C)C(=O)Nc3c2c(C)nn3-c2ccccc2C)cc1,5.958607314841775,1,EC50,FXR,CHEMBL2047
COc1ccccc1-c1noc(C(C)C)c1COc1ccc(/C=C/c2cccc(C(=O)O)c2)c(Cl)c1,6.6020599913279625,1,IC50,FXR,CHEMBL2047
COc1ccccc1-n1nc(C)c2c1NC(=O)[C@H](C)S[C@@H]2c1ccc(Oc2ccccc2)cc1,5.481486060122112,1,EC50,FXR,CHEMBL2047
COc1ccccc1/C=C/C(=O)c1cc(O)ccc1O,4.815308569182402,1,IC50,FXR,CHEMBL2047
COc1ccccc1/C=C/C(=O)c1ccc(O)cc1O,5.367542707815275,1,IC50,FXR,CHEMBL2047
COc1ccccc1/C=C/C(=O)c1cccc(O)c1,4.698970004336019,1,IC50,FXR,CHEMBL2047
COc1ccccc1/C=C/C(=O)c1cccc(O)c1O,4.790484985457369,1,IC50,FXR,CHEMBL2047
COc1ccccc1NC(=O)N(Cc1ccco1)Cc1ccccc1OS(=O)(=O)c1ccc(NC(C)=O)cc1,4.982966660701219,1,IC50,FXR,CHEMBL2047
COc1ccccc1OCC1CN(C(=O)C2CCC(N(Cc3ccc(F)cc3)C(=O)OC(C)(C)C)CC2)CCO1,5.202732459169283,1,IC50,FXR,CHEMBL2047
COc1ccccc1Oc1ccc([C@H]2S[C@@H](C)C(=O)Nc3c2c(C)nn3-c2ccccc2C)cc1,5.769551078621726,1,EC50,FXR,CHEMBL2047
COc1nc2ccc([C@@](O)(c3ccccc3)C3CCN(C(C)=O)CC3)cc2c(Cl)c1Cc1ccc(-n2cccn2)cc1,5.236572006437063,1,IC50,FXR,CHEMBL2047
CS(=O)(=O)NC(=O)c1ccc(C2CC2c2ccc(OCc3c(-c4c(Cl)cccc4Cl)noc3C3CC3)cc2Cl)cc1,7.2011524070372435,2,EC50,FXR,CHEMBL2047
CS(=O)(=O)NC(=O)c1ccc(N2CCC3(CC2)CC(OCc2c(-c4ccccc4OC(F)(F)F)noc2C2CC2)CO3)nc1,7.570247719997592,1,EC50,FXR,CHEMBL2047
CS(=O)(=O)NC(=O)c1ccc([C@@H]2C[C@H]2c2ccc(OCc3c(-c4c(Cl)cccc4Cl)noc3C3CC3)cc2Cl)cc1,7.337653043069112,2,EC50,FXR,CHEMBL2047
CS(=O)(=O)NC(=O)c1ccc2c(c1)Oc1ccc(OCc3c(-c4c(Cl)cccc4Cl)noc3C3CC3)nc1CC2,8.221848749616356,1,EC50,FXR,CHEMBL2047
CS(=O)(=O)Nc1ccc(CNC(=O)c2ccc(C(F)(F)C(F)(F)F)cc2)c(Cl)c1,5.492144128304169,1,EC50,FXR,CHEMBL2047
CS(=O)(=O)Nc1ccc(CNC(=O)c2ccc(C(F)(F)F)cc2)c(Cl)c1,6.853871964321762,1,EC50,FXR,CHEMBL2047
CS(=O)(=O)Nc1ccc(CNC(=O)c2ccc(C3(C(F)(F)F)CC3)cc2)c(Cl)c1,6.267606240177031,1,EC50,FXR,CHEMBL2047
CS(=O)(=O)Nc1ccc(CNC(=O)c2ccc(C34CC(C3)C4)cc2)c(Cl)c1,6.251811972993799,1,EC50,FXR,CHEMBL2047
CS(=O)(=O)Nc1ccc(CNC(=O)c2ccc(CC(F)(F)F)cc2)c(Cl)c1,5.3979400086720375,1,EC50,FXR,CHEMBL2047
CS(=O)(=O)Nc1ccc(CNC(=O)c2ccc(N3CCC3)cc2)c(Cl)c1,4.886056647693163,1,EC50,FXR,CHEMBL2047
CS(=O)(=O)Nc1ccc(CNC(=O)c2ccc(N3CCCC3)cc2)c(Cl)c1,6.6020599913279625,1,EC50,FXR,CHEMBL2047
CS(=O)(=O)Nc1ccc(CNC(=O)c2ccc(N3CCCCC3)cc2)c(Cl)c1,6.3872161432802645,1,EC50,FXR,CHEMBL2047
CS(=O)(=O)Nc1ccc(CNC(=O)c2ccc(N3CCOCC3)cc2)c(Cl)c1,5.356547323513812,1,EC50,FXR,CHEMBL2047
CS(=O)(=O)Nc1ccc(CNC(=O)c2ccc(OC(F)(F)F)cc2)c(Cl)c1,5.962573502059376,1,EC50,FXR,CHEMBL2047
CS(=O)(=O)c1ccc(-c2nc3ccccc3n2C(C(=O)NC2CCCCC2)C2CCCCC2)cc1,4.9051796196452,1,IC50,FXR,CHEMBL2047
CS(=O)(=O)c1ccc2c(c1)Oc1ccc(OCc3c(-c4c(Cl)cccc4Cl)noc3C3CC3)nc1CC2,7.267606240177031,1,EC50,FXR,CHEMBL2047
CSc1ccc(C(=O)Nc2ccccc2C(=O)Nc2cccc(CC(=O)O)c2)cc1,5.070581074285707,1,EC50,FXR,CHEMBL2047
CSc1ccc(CNC(=O)c2ccc(C(C)(C)C)cc2)cc1,7.0,1,EC50,FXR,CHEMBL2047
CSc1cccc(NC(=O)c2ccccc2NC(=O)c2ccc(C(C)(C)C)cc2)c1,6.698970004336019,1,EC50,FXR,CHEMBL2047
C[C@@H](C(=O)N1c2ccccc2[C@H](Nc2ccccc2)C[C@@H]1C)N1C(=O)C2CCCCC2C1=O,5.7451299922148085,2,EC50,FXR,CHEMBL2047
C[C@@H](C1CC[C@H]2[C@@H]3[C@H](O)CC4C[C@H](O)CC[C@]4(C)[C@H]3CC[C@]12C)[C@@H]1C[C@H]1C(=O)O,5.614393726401688,1,EC50,FXR,CHEMBL2047
C[C@@H](C1CC[C@H]2[C@@H]3[C@H](O)CC4C[C@H](O)CC[C@]4(C)[C@H]3CC[C@]12C)[C@H](O)CC(=O)O,4.479123618311658,1,EC50,FXR,CHEMBL2047
C[C@@H](C1CC[C@H]2[C@@H]3[C@H](O)CC4C[C@H](O)CC[C@]4(C)[C@H]3CC[C@]12C)[C@H]1C[C@@H]1C(=O)O,4.369572124974976,1,EC50,FXR,CHEMBL2047
C[C@@H](c1nc2ccc(C(=O)O)cc2n1C)N1C(=O)CN(c2ccc(Oc3ccccc3)cc2)C1=O,4.982966660701219,1,IC50,FXR,CHEMBL2047
C[C@@H]1CC(=O)O[C@@]12CC[C@@]1(C)C2=CC(=O)[C@H]2[C@@]3(C)CCC(=O)C(C)(C)[C@@H]3CC[C@@]21C,5.135488918941608,1,EC50,FXR,CHEMBL2047
C[C@@H]1CC(=O)O[C@]12CC[C@@]1(C)C2=CC(=O)[C@H]2[C@@]3(C)CCC(=O)C(C)(C)[C@@H]3CC[C@@]21C,6.2839966563652006,1,EC50,FXR,CHEMBL2047
C[C@@H]1CC(=O)[C@@H](C(C)(C)O)O[C@H]2C[C@@]3(C)C(=C12)C=C[C@H]1[C@@]2(C)CCC(=O)C(C)(C)[C@@H]2CC[C@@]13C,4.982966660701219,1,EC50,FXR,CHEMBL2047
C[C@@H]1CCc2c(sc3nc(CN4CCOCC4)nc(N[C@H](c4ccccc4)c4ccccn4)c23)C1,5.08460016478773,1,IC50,FXR,CHEMBL2047
C[C@@H]1CN(Cc2c(-c3c(Cl)cccc3Cl)noc2C2CC2)CCN1c1nc2c(F)cc(C(=O)O)cc2s1,7.815392071294928,2,EC50,FXR,CHEMBL2047
C[C@@H]1C[C@@H]([C@@H](O)C(C)(C)O)O[C@H]2C[C@@]3(C)C(=C12)C=C[C@H]1[C@@]2(C)CCC(=O)C(C)(C)[C@@H]2CC[C@@]13C,5.247183568811728,1,EC50,FXR,CHEMBL2047
C[C@@H]1C[C@@H]([C@@H](O)C(C)(C)O)O[C@H]2C[C@@]3(C)C(=C12)CC[C@H]1[C@@]2(C)CCC(=O)C(C)(C)[C@@H]2CC[C@@]13C,4.877456475931246,1,EC50,FXR,CHEMBL2047
C[C@@H]1C[C@@H]([C@@H](O)C(C)(C)O)O[C@H]2C[C@@]3(C)C(=C12)C[C@H](O)[C@H]1[C@@]2(C)CCC(=O)C(C)(C)[C@@H]2CC[C@@]13C,4.82102305270683,1,EC50,FXR,CHEMBL2047
C[C@@H]1C[C@@H]([C@@H](O)C(C)(C)O)O[C@H]2C[C@@]3(C)C(=C12)[C@H](O)C[C@H]1[C@@]2(C)CCC(=O)C(C)(C)[C@@H]2CC[C@@]13C,4.692076296388119,1,EC50,FXR,CHEMBL2047
C[C@@H]1C[C@@H]([C@H]2OC2(C)C)O[C@H]2C[C@@]3(C)C(=C12)C[C@H](O)[C@H]1[C@@]2(C)CCC(=O)C(C)(C)[C@@H]2CC[C@@]13C,5.486782399932061,1,EC50,FXR,CHEMBL2047
C[C@@H]1C[C@@H]2O[C@@]3(C[C@@]4(C)C(=C13)C=C[C@H]1[C@@]3(C)CCC(=O)C(C)(C)[C@@H]3CC[C@@]14C)O[C@H]2C(C)(C)O,5.476253533188435,1,EC50,FXR,CHEMBL2047
C[C@H](C/C=C(/C=O)c1ccccc1)C1=C2C[C@H](O)[C@H]3[C@@]4(C)CCC(=O)C(C)(C)[C@@H]4CC[C@]3(C)[C@@]2(C)CC1,5.328827157284916,1,EC50,FXR,CHEMBL2047
C[C@H](CC(=O)[C@H](O)C(C)(C)O)C1=C2C=C[C@H]3[C@@]4(C)CCC(=O)C(C)(C)[C@@H]4CC[C@]3(C)[C@@]2(C)CC1=O,4.810509686300633,1,EC50,FXR,CHEMBL2047
C[C@H](CC(F)(F)C(=O)O)[C@H]1CC[C@H]2[C@@H]3[C@H](O)C[C@@H]4C[C@H](O)CC[C@]4(C)[C@H]3C[C@H](O)[C@]12C,4.568636235841013,1,EC50,FXR,CHEMBL2047
C[C@H](CCC(=O)NCC(=O)O)[C@H]1CC[C@H]2[C@@H]3[C@@H](O)C[C@@H]4C[C@H](O)CC[C@]4(C)[C@H]3CC[C@]12C,4.007004901568658,1,IC50,FXR,CHEMBL2047
C[C@H](CCC(=O)NCC(=O)O)[C@H]1CC[C@H]2[C@@H]3[C@H](O)C[C@@H]4C[C@H](O)CC[C@]4(C)[C@H]3CC[C@]12C,5.522878745280337,1,EC50,FXR,CHEMBL2047
C[C@H](CCC(=O)NCCS(=O)(=O)O)[C@H]1CC[C@H]2[C@@H]3[C@@H](O)C[C@@H]4C[C@H](O)CC[C@]4(C)[C@H]3CC[C@]12C,4.166088284928621,1,IC50,FXR,CHEMBL2047
C[C@H](CCC(=O)NCCS(=O)(=O)O)[C@H]1CC[C@H]2[C@@H]3[C@H](O)C[C@@H]4C[C@H](O)CC[C@]4(C)[C@H]3CC[C@]12C,5.522878745280337,1,EC50,FXR,CHEMBL2047
C[C@H](CCC(=O)O)C1CC[C@H]2[C@@H]3[C@H](O)[C@@H](F)C4C[C@H](O)CC[C@]4(C)[C@H]3CC[C@]12C,5.917214629683549,1,EC50,FXR,CHEMBL2047
C[C@H](CCC(=O)O)C1CC[C@H]2[C@@H]3[C@H](O)[C@H](C)C4C[C@H](O)CC[C@]4(C)[C@H]3CC[C@]12C,6.1249387366083,3,EC50,FXR,CHEMBL2047
C[C@H](CCC(=O)O)C1CC[C@H]2[C@@H]3[C@H](O)[C@H](CCO)C4C[C@H](O)CC[C@]4(C)[C@H]3CC[C@]12C,4.213603538627695,1,EC50,FXR,CHEMBL2047
C[C@H](CCC(=O)O)C1CC[C@H]2[C@@H]3[C@H](O)[C@H](F)C4C[C@H](O)CC[C@]4(C)[C@H]3CC[C@]12C,4.820735535660974,1,EC50,FXR,CHEMBL2047
C[C@H](CCC(=O)O)[C@H]1CC[C@H]2[C@@H]3CC[C@@H]4C[C@H](O)CC[C@]4(C)[C@H]3CC[C@]12C,7.73754891026957,1,IC50,FXR,CHEMBL2047
C[C@H](CCC(=O)O)[C@H]1CC[C@H]2[C@@H]3CC[C@@H]4C[C@H](O)CC[C@]4(C)[C@H]3C[C@H](O)[C@]12C,4.346787486224656,1,EC50,FXR,CHEMBL2047
C[C@H](CCC(=O)O)[C@H]1CC[C@H]2[C@@H]3CC[C@@H]4C[C@H](O[C@@H]5O[C@H](CO)[C@@H](O)[C@H](O)[C@H]5O)CC[C@]4(C)[C@H]3CC[C@]12C,4.6399203482970215,2,EC50,FXR,CHEMBL2047
C[C@H](CCC(=O)O)[C@H]1CC[C@H]2[C@@H]3CC[C@@H]4C[C@H](O[C@@H]5O[C@H](CO)[C@@H](O)[C@H](O)[C@H]5O)CC[C@]4(C)[C@H]3C[C@H](O)[C@]12C,4.119186407719209,1,EC50,FXR,CHEMBL2047
C[C@H](CCC(=O)O)[C@H]1CC[C@H]2[C@@H]3[C@H](O)C[C@@H]4CCCC[C@]4(C)[C@H]3CC[C@]12C,5.886056647693163,2,EC50,FXR,CHEMBL2047
C[C@H](CCC(=O)O)[C@H]1CC[C@H]2[C@@H]3[C@H](O)C[C@@H]4C[C@H](O)CC[C@]4(C)[C@H]3CC[C@]12C,4.967241599596464,19,EC50,FXR,CHEMBL2047
C[C@H](CCC(=O)O)[C@H]1CC[C@H]2[C@@H]3[C@H](O)C[C@@H]4C[C@H](O)CC[C@]4(C)[C@H]3C[C@H](O)[C@]12C,4.2417323130521005,2,EC50,FXR,CHEMBL2047
C[C@H](CCC(=O)O)[C@H]1CC[C@H]2[C@@H]3[C@H](O)C[C@@H]4C[C@H](O[C@@H]5O[C@H](CO)[C@@H](O)[C@H](O)[C@H]5O)CC[C@]4(C)[C@H]3CC[C@]12C,5.027758663924915,2,EC50,FXR,CHEMBL2047
C[C@H](CCC(=O)O)[C@H]1CC[C@H]2[C@@H]3[C@H](O)C[C@@H]4C[C@H](O[C@@H]5O[C@H](CO)[C@@H](O)[C@H](O)[C@H]5O)CC[C@]4(C)[C@H]3C[C@H](O)[C@]12C,4.0385789059335515,1,EC50,FXR,CHEMBL2047
C[C@H](CCCOS(=O)(=O)O)C1CC[C@H]2[C@@H]3[C@H](O)CC4C[C@H](O)CC[C@]4(C)[C@H]3CC[C@]12C,5.2225731776106885,1,EC50,FXR,CHEMBL2047
C[C@H](CCCOS(=O)(=O)[O-])[C@H]1CC[C@H]2[C@@H]3[C@H](O)C[C@@H]4CCCC[C@]4(C)[C@H]3CC[C@]12C.[Na+],5.045757490560675,1,EC50,FXR,CHEMBL2047
C[C@H](CCCS(=O)(=O)O)C1CC[C@H]2[C@@H]3[C@H](O)CC4C[C@H](O)CC[C@]4(C)[C@H]3CC[C@]12C,5.341988603342887,1,EC50,FXR,CHEMBL2047
C[C@H](CCN)C1CC[C@H]2[C@@H]3[C@H](O)CC4C[C@H](O)CC[C@]4(C)[C@H]3CC[C@]12C,5.014124642691606,1,EC50,FXR,CHEMBL2047
C[C@H](CCNC(=O)NS(=O)(=O)c1ccc(C(C)(C)C)cc1)[C@H]1CC[C@H]2[C@@H]3[C@H](O)C[C@@H]4C[C@H](O)CC[C@]4(C)[C@H]3CC[C@]12C,5.259637310505756,1,EC50,FXR,CHEMBL2047
C[C@H](CCNC(=O)OC/C=C/c1ccccc1)C1CC[C@H]2[C@@H]3[C@H](O)CC4C[C@H](O)CC[C@]4(C)[C@H]3CC[C@]12C,6.045757490560675,1,EC50,FXR,CHEMBL2047
C[C@H](CC[C@@H](O)C(C)(C)O)[C@H]1CC[C@@]2(C)C1=CC=C1[C@]2(C)CC[C@H]2C(C)(C)C(=O)CC[C@]12C,4.905528871358356,1,EC50,FXR,CHEMBL2047
C[C@H](CC[C@H](O)C(C)(C)O)[C@H]1CC[C@@]2(C)C1=CC=C1[C@]2(C)CC[C@H]2C(C)(C)C(=O)CC[C@]12C,6.853871964321762,1,EC50,FXR,CHEMBL2047
C[C@H](CCn1oc(=O)[nH]c1=O)C1CC[C@H]2[C@@H]3[C@H](O)CC4C[C@H](O)CC[C@]4(C)[C@H]3CC[C@]12C,5.913640169325252,1,EC50,FXR,CHEMBL2047
C[C@H](CCn1oc(=O)[nH]c1=O)[C@H]1CC[C@H]2[C@@H]3[C@H](O)C[C@@H]4C[C@H](O)CC[C@]4(C)[C@H]3CC[C@]12C,5.913640169325252,1,EC50,FXR,CHEMBL2047
C[C@H](C[C@@H](F)C(=O)O)[C@H]1CC[C@H]2[C@@H]3[C@H](O)C[C@@H]4C[C@H](O)CC[C@]4(C)[C@H]3C[C@H](O)[C@]12C,4.2839966563652006,1,EC50,FXR,CHEMBL2047
C[C@H](C[C@@H](O)C(=O)O)C1CC[C@H]2[C@@H]3[C@H](O)CC4C[C@H](O)CC[C@]4(C)[C@H]3CC[C@]12C,4.99012436628784,1,EC50,FXR,CHEMBL2047
C[C@H](C[C@@H]1OC(C)(C)O[C@H]1C(C)(C)O)C1=C2C=C[C@H]3[C@@]4(C)CCC(=O)C(C)(C)[C@@H]4CC[C@]3(C)[C@@]2(C)CC1=O,5.598599459218455,1,EC50,FXR,CHEMBL2047
C[C@H](C[C@@H]1OC(C)(C)O[C@H]1C(C)(C)O)C1=C2C[C@H](O)[C@H]3[C@@]4(C)CCC(=O)C(C)(C)[C@@H]4C[C@@H](O)[C@]3(C)[C@@]2(C)CC1,5.638272163982407,1,EC50,FXR,CHEMBL2047
C[C@H](C[C@H](F)C(=O)O)[C@H]1CC[C@H]2[C@@H]3[C@H](O)C[C@@H]4C[C@H](O)CC[C@]4(C)[C@H]3C[C@H](O)[C@]12C,4.657577319177793,1,EC50,FXR,CHEMBL2047
C[C@H](C[C@H](O)C(=O)C(C)(C)O)C1=C2C[C@H](O)[C@H]3[C@@]4(C)CCC(=O)C(C)(C)[C@@H]4C[C@@H](O)[C@]3(C)[C@@]2(C)CC1,5.651695136951839,1,EC50,FXR,CHEMBL2047
C[C@H](C[C@H](O)C(=O)C(C)(C)O)C1=C2[C@@H](O)[C@H](O)[C@H]3[C@@]4(C)CCC(=O)C(C)(C)[C@@H]4C[C@@H](O)[C@]3(C)[C@@]2(C)CC1,4.991825815993574,1,EC50,FXR,CHEMBL2047
C[C@H](C[C@H](O)C(=O)O)C1CC[C@H]2[C@@H]3[C@H](O)CC4C[C@H](O)CC[C@]4(C)[C@H]3CC[C@]12C,4.87942606879415,1,EC50,FXR,CHEMBL2047
C[C@H](C[C@H](O)[C@@H](O)C(C)(C)O)C1=C2C=C[C@H]3[C@@]4(C)CCC(=O)C(C)(C)[C@@H]4CC[C@]3(C)[C@@]2(C)CC1=O,5.221848749616356,1,EC50,FXR,CHEMBL2047
C[C@H](C[C@H](O)[C@@H](O)C(C)(C)O)C1=C2CC[C@H]3[C@@]4(C)CCC(=O)C(C)(C)[C@@H]4CC[C@]3(C)[C@@]2(C)CC1,5.4736607226101555,1,EC50,FXR,CHEMBL2047
C[C@H](C[C@H](O)[C@@H](O)C(C)(C)O)C1=C2C[C@H](O)[C@H]3[C@@]4(C)CCC(=O)C(C)(C)[C@@H]4CC[C@]3(C)[C@@]2(C)C=C1,4.187822225841246,1,EC50,FXR,CHEMBL2047
C[C@H](C[C@H](O)[C@@H](O)C(C)(C)O)C1=C2C[C@H](O)[C@H]3[C@@]4(C)CCC(=O)C(C)(C)[C@@H]4CC[C@]3(C)[C@@]2(C)CC1,4.9931062920521,1,EC50,FXR,CHEMBL2047
C[C@H](C[C@H](O)[C@@H](O)C(C)(C)O)C1=C2C[C@H](O)[C@H]3[C@@]4(C)CCC(=O)C(C)(C)[C@@H]4CC[C@]3(C)[C@@]2(C)CC1=O,4.52753610339301,1,EC50,FXR,CHEMBL2047
C[C@H](C[C@H](O)[C@@H](O)C(C)(C)O)C1=C2C[C@H](O)[C@H]3[C@@]4(C)CCC(=O)C(C)(C)[C@@H]4C[C@@H](O)[C@]3(C)[C@@]2(C)CC1,4.756961951313706,1,EC50,FXR,CHEMBL2047
C[C@H](C[C@H](O)[C@@H](O)C(C)(C)O)C1=C2[C@@H](O)[C@H](O)[C@H]3[C@@]4(C)CCC(=O)C(C)(C)[C@@H]4C[C@@H](O)[C@]3(C)[C@@]2(C)CC1,4.2557852751858345,1,EC50,FXR,CHEMBL2047
C[C@H](C[C@H](O)[C@@H](O)C(C)(C)O)[C@@]1(O)CC[C@@]2(C)C1=CC(=O)[C@H]1[C@@]3(C)CCC(=O)C(C)(C)[C@@H]3CC[C@@]12C,4.298863933907474,1,EC50,FXR,CHEMBL2047
C[C@H](C[C@H](O)[C@@H](O)C(C)(C)O)[C@]12CC[C@@]3(C)[C@@]1(C[C@H](O)[C@H]1[C@@]4(C)CCC(=O)C(C)(C)[C@@H]4CC[C@@]13C)O2,3.723423318301446,1,EC50,FXR,CHEMBL2047
C[C@H](C[C@H](O)[C@@H](O)[C@@]1(C)CO1)C1=C2C[C@H](O)[C@H]3[C@@]4(C)CCC(=O)C(C)(C)[C@@H]4CC[C@]3(C)[C@@]2(C)CC1,6.920818753952375,1,EC50,FXR,CHEMBL2047
C[C@H](C[C@H](O)[C@H]1OC1(C)C)C1=C2CC[C@H]3[C@@]4(C)CCC(=O)C(C)(C)[C@@H]4CC[C@]3(C)[C@@]2(C)CC1,6.958607314841775,1,EC50,FXR,CHEMBL2047
C[C@H](C[C@H](O)[C@H]1OC1(C)C)C1=C2C[C@H](O)[C@H]3[C@@]4(C)CCC(=O)C(C)(C)[C@@H]4CC[C@]3(C)[C@@]2(C)CC1,5.055517327849831,1,EC50,FXR,CHEMBL2047
C[C@]12CC[C@@H]3c4ccc(O)cc4C[C@@H](CCCCCCCCC[S+]([O-])CCCC(F)(F)C(F)(F)F)[C@H]3[C@@H]1CC[C@@H]2O,6.102372908709558,1,IC50,FXR,CHEMBL2047
C[S+]([O-])c1ccc(CNC(=O)c2ccc(C(C)(C)C)cc2)cc1,5.886056647693163,1,EC50,FXR,CHEMBL2047
C[Si](C)(O)c1ccc(N(CC(F)(F)F)S(=O)(=O)c2ccccc2)cc1,4.958607314841775,1,EC50,FXR,CHEMBL2047
Cc1c(C(=O)O)oc2ccc(S(=O)(=O)N(CCc3ccccc3)Cc3ccccc3)cc12,4.730487055782084,1,IC50,FXR,CHEMBL2047
Cc1c(N2CCN(S(=O)(=O)c3c(Cl)cccc3Cl)CC2)ccc2oc(C(=O)O)cc12,5.709965388637482,1,EC50,FXR,CHEMBL2047
Cc1c(NC(=O)c2ccccc2NC(=O)c2ccc(C(C)(C)C)cc2)cccc1C(=O)O,7.376750709602099,2,EC50,FXR,CHEMBL2047
Cc1cc(-c2ccc(CC(=O)O)cc2)ccc1OCc1c(-c2c(Cl)cccc2Cl)noc1C1CC1,6.373659632624958,1,EC50,FXR,CHEMBL2047
Cc1cc(/C=C/C(=O)O)c(C)n1-c1ccc(C(C)(C)C)cc1,5.853871964321762,1,EC50,FXR,CHEMBL2047
Cc1cc(/C=C2\S/C(=N\c3ccccc3)N(Cc3ccc(C(=O)O)cc3)C2=O)c(C)n1-c1ccc(Cl)cc1Cl,5.1487416512809245,1,EC50,FXR,CHEMBL2047
Cc1cc(/C=C2\SC(=O)NC2=O)c(C)n1-c1ccc(-c2ccccc2)cc1,4.886056647693163,1,EC50,FXR,CHEMBL2047
Cc1cc(/C=C2\SC(=O)NC2=O)c(C)n1-c1ccc(C(C)(C)C)cc1,5.585026652029182,1,EC50,FXR,CHEMBL2047
Cc1cc(/C=C2\SC(=O)NC2=O)c(C)n1-c1ccc(C(F)(F)F)cc1,5.585026652029182,1,EC50,FXR,CHEMBL2047
Cc1cc(/C=C2\SC(=O)NC2=O)c(C)n1-c1ccc(Cl)cc1,5.638272163982407,1,EC50,FXR,CHEMBL2047
Cc1cc(/C=C2\SC(=O)NC2=O)c(C)n1-c1ccc(N2CCOCC2)cc1,5.97469413473523,1,EC50,FXR,CHEMBL2047
Cc1cc(/C=C2\SC(=O)NC2=O)c(C)n1-c1ccc(OC(F)(F)F)cc1,5.769551078621726,1,EC50,FXR,CHEMBL2047
Cc1cc(/C=C2\SC(=O)NC2=O)c(C)n1-c1ccc(Oc2ccccc2)cc1,5.958607314841775,1,EC50,FXR,CHEMBL2047
Cc1cc(/C=C2\SC(=O)NC2=O)c(C)n1-c1ccc2ccccc2c1,5.903089986991944,1,EC50,FXR,CHEMBL2047
Cc1cc(C(=O)O)c(C)n1-c1ccc(C(C)(C)C)cc1,5.096910013008056,1,IC50,FXR,CHEMBL2047
Cc1cc(C(=O)O)cc(C)c1OCC(c1c2c(nn1-c1ccc(Cl)cc1)CCC2)C1CCCCC1,7.769551078621726,1,IC50,FXR,CHEMBL2047
Cc1cc(C(=O)O)cc2sc(N3C4CCC3CC(OCc3c(-c5ccccc5OC(F)(F)F)noc3C3CC3)C4)nc12,9.197995033793884,2,EC50,FXR,CHEMBL2047
Cc1cc(C(=O)O)ccc1NC(=O)[C@H](C1CCCCC1)n1c(-c2ccc(Cl)cc2)nc2cc(F)c(F)cc21,7.698970004336019,1,IC50,FXR,CHEMBL2047
Cc1cc(C(F)(F)F)cc(OCc2c(-c3c(Cl)cccc3Cl)noc2C(C)C)n1,6.647817481888637,1,EC50,FXR,CHEMBL2047
Cc1cc(CC(=O)O)ccc1-c1ccc(OCc2c(-c3c(Cl)cccc3Cl)noc2C2CC2)cc1,6.068542129310995,1,EC50,FXR,CHEMBL2047
Cc1cc(CC(=O)O)ccc1NC(=O)c1ccc(C(C)(C)C)cc1,5.823908740944319,1,IC50,FXR,CHEMBL2047
Cc1cc(CCC(=O)O)c(C)n1-c1ccc(C(C)(C)C)cc1,4.872895201635193,1,EC50,FXR,CHEMBL2047
Cc1cc(CN(C)c2ccc(OCc3c(-c4c(Cl)cccc4Cl)noc3C3CC3)nc2C(F)(F)F)ccc1C(=O)O,8.113509274827518,1,EC50,FXR,CHEMBL2047
Cc1cc(CNC(=O)c2ccc(C(C)(C)C)cc2)ccc1C(=O)O,6.795880017344075,1,EC50,FXR,CHEMBL2047
Cc1cc(Cl)cc(C)c1OCc1noc(C(C)C)c1COc1ccc(/C=C/c2cccc(C(=O)O)c2)c(Cl)c1,6.886056647693163,1,EC50,FXR,CHEMBL2047
Cc1cc(NC(=O)c2ccc(C(C)(C)C)cc2)ccc1CC(=O)O,7.096910013008056,1,IC50,FXR,CHEMBL2047
Cc1cc(NCc2ccc(OCc3c(-c4c(Cl)cccc4Cl)noc3C(C)C)cc2)ccc1CC(=O)O,5.920818753952375,1,EC50,FXR,CHEMBL2047
Cc1cc(OCc2c(-c3[nH]c(=O)ccc3Cl)noc2C(C)C)ccc1-c1ccc2c(C(=O)O)cn(C)c2c1,5.384049948343598,1,IC50,FXR,CHEMBL2047
Cc1cc(OCc2c(-c3c(Cl)c[n+]([O-])cc3Cl)noc2C(C)C)ccc1-c1ccc2c(C(=O)O)cn(C)c2c1,7.346787486224656,1,IC50,FXR,CHEMBL2047
Cc1cc(OCc2c(-c3c(Cl)ccc(=O)n3C)noc2C(C)C)ccc1-c1ccc2c(C(=O)O)cn(C)c2c1,6.628932137728263,1,IC50,FXR,CHEMBL2047
Cc1cc(OCc2c(-c3c(Cl)cccc3Cl)noc2C(C)C)cc(C)c1/C=C/c1ccc(C(=O)O)cc1,7.431798275933005,1,EC50,FXR,CHEMBL2047
Cc1cc(OCc2c(-c3c(Cl)cccc3Cl)noc2C(C)C)cc(C)c1/C=C/c1cccc(C(=O)O)c1,7.0,1,EC50,FXR,CHEMBL2047
Cc1cc(OCc2c(-c3c(Cl)cccc3Cl)noc2C(C)C)ccc1/C=C/c1cccc(C(=O)O)c1,7.327902142064282,1,EC50,FXR,CHEMBL2047
Cc1cc(OCc2c(-c3c(Cl)cccc3Cl)noc2C(C)C)nc2ccccc12,6.8326826652518236,1,EC50,FXR,CHEMBL2047
Cc1cc(OCc2c(-c3c(Cl)cccc3Cl)noc2C(C)C)ncc1[N+](=O)[O-],7.050609993355087,1,EC50,FXR,CHEMBL2047
Cc1cc(OCc2c(-c3c(Cl)cccc3Cl)noc2C)cc(C)c1/C=C/c1cccc(C(=O)O)c1,6.56567335441725,3,EC50,FXR,CHEMBL2047
Cc1cc(OCc2c(-c3c(Cl)cccc3Cl)noc2C2CC2)ccc1-c1ccc(CC(=O)O)cc1,6.245743893912898,2,EC50,FXR,CHEMBL2047
Cc1cc(OCc2c(-c3c(Cl)cccc3Cl)noc2C2CC2)ccc1C1=NOC(c2cc(C(=O)O)ccn2)C1,7.769551078621726,1,EC50,FXR,CHEMBL2047
Cc1cc(OCc2c(-c3c(Cl)cccc3Cl)noc2C2CC2)ccc1C1=NOC(c2cc(C(=O)O)nn2C(C)C)C1,7.468521082957745,1,EC50,FXR,CHEMBL2047
Cc1cc(OCc2c(-c3c(Cl)cccc3Cl)noc2C2CC2)ccc1C1=NOC(c2cc(C(=O)O)nn2C)C1,8.0,1,EC50,FXR,CHEMBL2047
Cc1cc(OCc2c(-c3c(Cl)cccc3Cl)noc2C2CC2)ccc1C1=NOC(c2ccc(C(=O)O)nc2)C1,8.301029995663981,1,EC50,FXR,CHEMBL2047
Cc1cc(OCc2c(-c3c(Cl)cn(C)c(=O)c3Cl)noc2C(C)C)ccc1-c1ccc2c(C(=O)O)cn(C)c2c1,5.560667306169737,1,IC50,FXR,CHEMBL2047
Cc1cc(OCc2c(-c3c(Cl)cncc3Cl)noc2C(C)C)ccc1-c1ccc2c(C(=O)O)cn(C)c2c1,7.026872146400302,1,IC50,FXR,CHEMBL2047
Cc1cc(OCc2c(-c3cc[nH]c(=O)c3Cl)noc2C(C)C)ccc1-c1ccc2c(C(=O)O)cn(C)c2c1,5.958607314841775,1,IC50,FXR,CHEMBL2047
Cc1cc(OCc2c(-c3ccn(C)c(=O)c3Cl)noc2C(C)C)ccc1-c1ccc2c(C(=O)O)cn(C)c2c1,5.764471553092451,1,IC50,FXR,CHEMBL2047
Cc1ccc(-c2nc3ccc(C)cn3c2NCc2ccccc2)cc1,6.886056647693163,1,EC50,FXR,CHEMBL2047
Cc1ccc(-c2nn(-c3ccc(Cl)cc3Cl)cc2C(=O)Nc2ccc(C)c(S(=O)(=O)N3CCOCC3)c2)cc1,6.878679601091193,2,IC50,FXR,CHEMBL2047
Cc1ccc(-c2nn(-c3ccc(F)cc3)cc2C(=O)Nc2ccc(C)c(S(=O)(=O)N3CCOCC3)c2)cc1,6.609097189652976,2,IC50,FXR,CHEMBL2047
Cc1ccc(-c2nn(-c3cccc(C(F)(F)F)c3)cc2C(=O)Nc2ccc(C)c(S(=O)(=O)N3CCOCC3)c2)cc1,6.136746015285812,2,IC50,FXR,CHEMBL2047
Cc1ccc(-c2nn(-c3cccc(Cl)c3)cc2C(=O)Nc2ccc(C)c(S(=O)(=O)N3CCOCC3)c2)cc1,6.605689589909982,2,IC50,FXR,CHEMBL2047
Cc1ccc(-c2nn(-c3ccccc3)cc2C(=O)Nc2ccc(C)c(S(=O)(=O)N3CCOCC3)c2)cc1,6.454800425372269,2,IC50,FXR,CHEMBL2047
Cc1ccc(-c2nn(-c3nc4ccccc4s3)cc2C(=O)Nc2ccc(C)c(S(=O)(=O)N3CCOCC3)c2)cc1,6.426925125070259,2,IC50,FXR,CHEMBL2047
Cc1ccc(-c2nn(C(C)C)cc2C(=O)N(C)c2ccc(C)c(S(=O)(=O)N3CCOCC3)c2)cc1,5.550947339272831,2,IC50,FXR,CHEMBL2047
Cc1ccc(-c2nn(C(C)C)cc2C(=O)Nc2ccc(C)c(S(=O)(=O)N3CCOCC3)c2)cc1,6.540515901631679,2,IC50,FXR,CHEMBL2047
Cc1ccc(-c2nn(C(C)C)cc2CNc2ccc(C)c(S(=O)(=O)N3CCOCC3)c2)cc1,5.690369832574101,1,IC50,FXR,CHEMBL2047
Cc1ccc(-c2nn(CC3CC3)cc2C(=O)Nc2ccc(C)c(S(=O)(=O)N3CCOCC3)c2)cc1,6.592634144652642,2,IC50,FXR,CHEMBL2047
Cc1ccc(-c2nn(CCCCO)cc2C(=O)Nc2ccc(C)c(S(=O)(=O)N3CCOCC3)c2)cc1,6.234207538474568,2,IC50,FXR,CHEMBL2047
Cc1ccc(-c2nn(Cc3ccc4ccccc4c3)cc2C(=O)Nc2ccc(C)c(S(=O)(=O)N3CCOCC3)c2)cc1,7.0325029639842,2,IC50,FXR,CHEMBL2047
Cc1ccc(-c2nn(Cc3cccc(C(F)(F)F)c3)cc2C(=O)Nc2ccc(C)c(S(=O)(=O)N3CCOCC3)c2)cc1,7.011687473974636,2,IC50,FXR,CHEMBL2047
Cc1ccc(-c2noc(-c3ccc(Cl)cc3)n2)cc1,6.3872161432802645,1,EC50,FXR,CHEMBL2047
Cc1ccc(-n2nc(C)c3c2NC(=O)[C@H](C)S[C@@H]3c2ccc(Oc3ccccc3)cc2)cc1,5.468521082957745,1,EC50,FXR,CHEMBL2047
Cc1ccc(C(=O)N(Cc2cccc(C)c2)c2ccc(CC(=O)NCc3ccc4c(c3)OCO4)cc2)cc1,5.30189945437661,1,IC50,FXR,CHEMBL2047
Cc1ccc(C(=O)NCc2ccc(C(=O)O)cc2)cc1C,6.494850021680094,1,EC50,FXR,CHEMBL2047
Cc1ccc(C(=O)Nc2ccc(C)c(C(=O)O)c2)c(NC(=O)c2ccc(C(C)(C)C)cc2)c1,7.366531544420414,1,EC50,FXR,CHEMBL2047
Cc1ccc(C(=O)Nc2cccc(C(=O)O)c2)c(NC(=O)c2ccc(C(C)(C)C)cc2)c1,7.214670164989233,1,EC50,FXR,CHEMBL2047
Cc1ccc(C)c(OCCCC(C)(C)C(=O)NCC(=O)c2ccc(O)cc2)c1,4.238824186844268,1,IC50,FXR,CHEMBL2047
Cc1ccc(CNC(=O)Cc2ccc(N(Cc3cccc(C)c3)C(=O)C3CCCC3)cc2)cc1,5.286509456906058,1,IC50,FXR,CHEMBL2047
Cc1ccc(CNc2c(-c3cccs3)nc3ccc(C)cn23)cc1,6.657577319177793,1,EC50,FXR,CHEMBL2047
Cc1ccc(COc2ccc(C(=O)Nc3cccc(C(=O)O)c3)cc2)cc1,6.686132779630847,1,EC50,FXR,CHEMBL2047
Cc1ccc(COc2cccc(C(=O)Nc3cccc(C(=O)O)c3)c2)cc1,5.846185135655471,1,EC50,FXR,CHEMBL2047
Cc1ccc(Cl)cc1N1CCN(C(=O)C23CC4CC(CC(C4)C2)C3)CC1,5.2441251443275085,2,EC50,FXR,CHEMBL2047
Cc1ccc(NC(=O)c2c(C)nn(-c3ccccc3)c2C)cc1S(=O)(=O)N1CCOCC1,5.204802026407993,2,IC50,FXR,CHEMBL2047
Cc1ccc(NC(=O)c2ccc(Cl)cc2NC(=O)c2ccc(C(C)(C)C)cc2)cc1C(=O)O,6.958607314841775,1,EC50,FXR,CHEMBL2047
Cc1ccc(NC(=O)c2ccc(Oc3ccccc3)cc2)cc1C(=O)O,6.896196279044043,1,EC50,FXR,CHEMBL2047
Cc1ccc(NC(=O)c2ccccc2NC(=O)c2ccc(C(C)(C)C)cc2)cc1C(=O)O,7.346787486224656,2,EC50,FXR,CHEMBL2047
Cc1ccc(NC(=O)c2cn(C(C)C)nc2-c2ccc(C(F)(F)F)cc2)cc1S(=O)(=O)N1CCOCC1,6.410331843065586,2,IC50,FXR,CHEMBL2047
Cc1ccc(NC(=O)c2cnn(-c3ccccc3)c2C(F)(F)F)cc1S(=O)(=O)N1CCOCC1,5.4649293271350885,2,IC50,FXR,CHEMBL2047
Cc1ccc2c(c1)nc([C@H](CC1CCN(C(=O)C(C)C)CC1)N1C(=O)CN(c3ccc(Oc4ccccc4)cc3)C1=O)n2C,7.292429823902063,1,IC50,FXR,CHEMBL2047
Cc1ccc2nc(-c3cc(Cl)ccn3)c(NCc3ccccc3)n2c1,8.823908740944319,1,EC50,FXR,CHEMBL2047
Cc1ccc2nc(-c3ccc(-c4ccccc4)cc3)c(NCc3ccccc3)n2c1,7.0915149811213505,1,EC50,FXR,CHEMBL2047
Cc1ccc2nc(-c3ccc(Br)cc3)c(NCc3ccccc3)n2c1,6.366531544420413,1,EC50,FXR,CHEMBL2047
Cc1ccc2nc(-c3ccc(Cl)c(Cl)c3)c(NCc3ccccc3)n2c1,7.619788758288394,1,EC50,FXR,CHEMBL2047
Cc1ccc2nc(-c3ccc(Cl)cc3)c(NCc3ccccc3)n2c1,6.619788758288394,1,EC50,FXR,CHEMBL2047
Cc1ccc2nc(-c3ccc(Cl)cn3)c(NCc3ccccc3)n2c1,8.130768280269024,1,EC50,FXR,CHEMBL2047
Cc1ccc2nc(-c3ccc(F)c(Cl)c3)c(NCc3ccccc3)n2c1,7.585026652029182,1,EC50,FXR,CHEMBL2047
Cc1ccc2nc(-c3ccc(F)cc3)c(NCc3ccccc3)n2c1,6.769551078621726,1,EC50,FXR,CHEMBL2047
Cc1ccc2nc(-c3ccc4c(c3)OCCO4)c(NCc3ccccc3)n2c1,6.769551078621726,1,EC50,FXR,CHEMBL2047
Cc1ccc2nc(-c3ccc4ccccc4c3)c(NCc3ccccc3)n2c1,6.6777807052660805,1,EC50,FXR,CHEMBL2047
Cc1ccc2nc(-c3cccc(Cl)c3)c(NCc3ccccc3)n2c1,7.795880017344075,1,EC50,FXR,CHEMBL2047
Cc1ccc2nc(-c3cccc(Cl)n3)c(NCc3ccccc3)n2c1,7.096910013008056,1,EC50,FXR,CHEMBL2047
Cc1ccc2nc(-c3ccccc3)c(NCc3ccccc3)n2c1,6.552841968657781,1,EC50,FXR,CHEMBL2047
Cc1ccc2nc(-c3ccccc3C)c(NCc3ccccc3)n2c1,6.585026652029182,1,EC50,FXR,CHEMBL2047
Cc1ccc2nc(-c3ccccn3)c(NCc3ccccc3)n2c1,7.698970004336019,1,EC50,FXR,CHEMBL2047
Cc1ccc2nc(-c3cccn3C)c(NCc3ccccc3)n2c1,5.958607314841775,1,EC50,FXR,CHEMBL2047
Cc1ccc2nc(-c3cccnc3)c(NCc3ccccc3)n2c1,6.2839966563652006,1,EC50,FXR,CHEMBL2047
Cc1ccc2nc(-c3ccco3)c(NCc3ccccc3)n2c1,6.251811972993799,1,EC50,FXR,CHEMBL2047
Cc1ccc2nc(-c3cccs3)c(Cc3ccccc3)n2c1,6.09151498112135,1,EC50,FXR,CHEMBL2047
Cc1ccc2nc(-c3cccs3)c(NCCCc3ccccc3)n2c1,6.638272163982407,1,EC50,FXR,CHEMBL2047
Cc1ccc2nc(-c3cccs3)c(NCCc3ccccc3)n2c1,6.0,1,EC50,FXR,CHEMBL2047
Cc1ccc2nc(-c3cccs3)c(NCc3ccc4c(c3)OCO4)n2c1,6.318758762624412,1,EC50,FXR,CHEMBL2047
Cc1ccc2nc(-c3cccs3)c(NCc3ccccc3)n2c1,6.267606240177031,1,EC50,FXR,CHEMBL2047
Cc1ccc2nc(-c3cccs3)c(N[C@@H](C)c3ccccc3)n2c1,5.886056647693163,1,EC50,FXR,CHEMBL2047
Cc1ccc2nc(-c3cccs3)c(N[C@H](C)c3ccccc3)n2c1,5.494850021680094,1,EC50,FXR,CHEMBL2047
Cc1ccc2nc(-c3ccncc3)c(NCc3ccccc3)n2c1,5.698970004336019,1,EC50,FXR,CHEMBL2047
Cc1ccc2nc(-c3ccoc3)c(NCc3ccccc3)n2c1,5.721246399047171,1,EC50,FXR,CHEMBL2047
Cc1ccc2nc(-c3ccsc3)c(NCc3ccccc3)n2c1,6.080921907623926,1,EC50,FXR,CHEMBL2047
Cc1ccc2nc(-c3cnccn3)c(NCc3ccccc3)n2c1,5.920818753952375,1,EC50,FXR,CHEMBL2047
Cc1ccc2nc(-c3nc(C)cs3)c(NCc3ccccc3)n2c1,6.657577319177793,1,EC50,FXR,CHEMBL2047
Cc1ccc2nc(/C=C/c3ccccc3)c(NCc3ccccc3)n2c1,5.935542010773082,1,EC50,FXR,CHEMBL2047
Cc1ccc2nc(CCc3ccccc3)c(NCc3ccccc3)n2c1,6.508638306165727,1,EC50,FXR,CHEMBL2047
Cc1ccc2nc([C@@H](CC3CCN(C(=O)C(C)C)CC3)N3C(=O)CN(c4ccc(Oc5ccccc5)cc4)C3=O)n(C)c2c1,6.477926189560638,2,IC50,FXR,CHEMBL2047
Cc1ccc2nc([C@H](CC(C)C)N3C(=O)CN(c4ccc(Oc5ccccc5)cc4)C3=O)n(C)c2c1,4.1830961606243395,1,IC50,FXR,CHEMBL2047
Cc1ccc2nc([C@H](CC3CCCCC3)N3C(=O)CN(c4ccc(Oc5ccccc5)cc4)C3=O)n(C)c2c1,3.8992849134269187,1,IC50,FXR,CHEMBL2047
Cc1ccc2nc([C@H](CC3CCN(C(=O)C(C)C)CC3)N3C(=O)CN(c4ccc(OC5CCCCC5)cc4)C3=O)n(C)c2c1,7.010225812647953,2,IC50,FXR,CHEMBL2047
Cc1ccc2nc([C@H](CC3CCN(C(=O)C(C)C)CC3)N3C(=O)CN(c4ccc(Oc5ccc(Cl)cc5)cc4)C3=O)n(C)c2c1,7.800076643643538,2,IC50,FXR,CHEMBL2047
Cc1ccc2nc([C@H](CC3CCN(C(=O)C(C)C)CC3)N3C(=O)CN(c4ccc(Oc5ccc(F)cc5)cc4)C3=O)n(C)c2c1,8.878480975656853,4,IC50,FXR,CHEMBL2047
Cc1ccc2nc([C@H](CC3CCN(C(=O)C(C)C)CC3)N3C(=O)CN(c4ccc(Oc5ccc(F)cc5)cc4)C3=O)n(C3CC3)c2c1,8.47958020265733,2,IC50,FXR,CHEMBL2047
Cc1ccc2nc([C@H](CC3CCN(C(=O)C(C)C)CC3)N3C(=O)CN(c4ccc(Oc5ccccc5)cc4)C3=O)n(-c3ccc(F)cc3)c2c1,5.773631573656721,2,IC50,FXR,CHEMBL2047
Cc1ccc2nc([C@H](CC3CCN(C(=O)C(C)C)CC3)N3C(=O)CN(c4ccc(Oc5ccccc5)cc4)C3=O)n(C)c2c1,7.455931955649724,2,IC50,FXR,CHEMBL2047
Cc1ccc2nc([C@H](CC3CCN(C(=O)C(C)C)CC3)N3C(=O)CN(c4ccc(Oc5ccccc5)cc4)C3=O)n(CC(C)C)c2c1,7.550637409205253,2,IC50,FXR,CHEMBL2047
Cc1ccc2nc([C@H](CC3CCN(C(=O)C(C)C)CC3)N3CC(=O)N(c4ccc(Oc5ccccc5)cc4)CC3=O)n(C)c2c1,5.444957788556538,2,IC50,FXR,CHEMBL2047
Cc1ccc2nc([C@H](CC3CCN(C(=O)C(C)C)CC3)N3CCN(c4ccc(Oc5ccccc5)cc4)C3=O)n(C)c2c1,5.708105991655211,2,IC50,FXR,CHEMBL2047
Cc1ccc2nc([C@H](CC3CCN(C(=O)C4CCCC4)CC3)N3C(=O)CN(c4ccc(Oc5ccccc5)cc4)C3=O)n(C)c2c1,9.372363747448347,2,IC50,FXR,CHEMBL2047
Cc1ccc2nc([C@H](CC3CCN(C(=O)NC(C)C)CC3)N3C(=O)CN(c4ccc(Oc5ccccc5)cc4)C3=O)n(C)c2c1,6.7807288256069445,2,IC50,FXR,CHEMBL2047
Cc1ccc2nc([C@H](CC3CCN(CC(C)C)CC3)N3C(=O)CN(c4ccc(Oc5ccccc5)cc4)C3=O)n(C)c2c1,4.772303451834851,2,IC50,FXR,CHEMBL2047
Cc1ccc2nc([C@H](CC3CCN(S(=O)(=O)C(C)C)CC3)N3C(=O)CN(c4ccc(Oc5ccccc5)cc4)C3=O)n(C)c2c1,5.562327545097266,2,IC50,FXR,CHEMBL2047
Cc1ccc2nc([C@H](CC3CCNCC3)N3C(=O)CN(c4ccc(Oc5ccccc5)cc4)C3=O)n(C)c2c1,4.769821742069076,2,IC50,FXR,CHEMBL2047
Cc1ccc2nc([C@H](Cc3ccc(C#N)cc3)N3C(=O)CN(c4ccc(Oc5ccccc5)cc4)C3=O)n(C)c2c1,5.628045308701813,2,IC50,FXR,CHEMBL2047
Cc1ccc2nc([C@H](Cc3ccc(C(=O)NC(C)C)cc3)N3C(=O)CN(c4ccc(Oc5ccccc5)cc4)C3=O)n(C)c2c1,4.991268377489341,2,IC50,FXR,CHEMBL2047
Cc1ccc2nc([C@H](Cc3ccc(C(N)=O)cc3)N3C(=O)CN(c4ccc(Oc5ccccc5)cc4)C3=O)n(C)c2c1,4.884395991269059,2,IC50,FXR,CHEMBL2047
Cc1ccc2nc([C@H](Cc3ccccc3)N3C(=O)CN(c4ccc(Oc5ccccc5)cc4)C3=O)n(C)c2c1,7.0915149811213505,1,IC50,FXR,CHEMBL2047
Cc1cccc(-c2nc3ccc(C)cn3c2NCc2ccccc2)c1,6.7447274948966935,1,EC50,FXR,CHEMBL2047
Cc1cccc(-n2nc(C)c3c2NC(=O)[C@H](C)S[C@@H]3c2ccc(Oc3ccccc3)cc2)c1,5.619788758288394,1,EC50,FXR,CHEMBL2047
Cc1cccc(-n2ncc(C(=O)Nc3cccc(S(=O)(=O)N4CCOCC4)c3)c2C)c1,4.856794222052011,2,IC50,FXR,CHEMBL2047
Cc1cccc(C)c1-c1noc(C(C)C)c1COc1ccc(CCCC(=O)O)cc1,5.113509274827518,1,EC50,FXR,CHEMBL2047
Cc1cccc(C)c1OCc1noc(C(C)C)c1COc1ccc(/C=C/c2cccc(C(=O)O)c2)c(Cl)c1,7.769551078621726,1,EC50,FXR,CHEMBL2047
Cc1cccc(CN(C(=O)C2CCCC2)c2ccc(CC(=O)NCc3ccc(-c4ccccc4)cc3)cc2)c1,5.1778319206319825,1,IC50,FXR,CHEMBL2047
Cc1cccc(CN(C(=O)C2CCCC2)c2ccc(CC(=O)NCc3ccc(C(C)C)cc3)cc2)c1,5.447331783887806,1,IC50,FXR,CHEMBL2047
Cc1cccc(CN(C(=O)C2CCCC2)c2ccc(CC(=O)NCc3ccc(Cl)cc3)cc2)c1,5.573488738635424,1,IC50,FXR,CHEMBL2047
Cc1cccc(CN(C(=O)C2CCCC2)c2ccc(CC(=O)NCc3ccc4c(c3)OCO4)cc2)c1,5.369572124974976,1,IC50,FXR,CHEMBL2047
Cc1cccc(CN(C(=O)C2CCCC2)c2ccc(CC(=O)NCc3ccc4ccccc4c3)cc2)c1,5.1771783546968955,1,IC50,FXR,CHEMBL2047
Cc1cccc(CN(C(=O)C2CCCCC2)c2ccc(CC(=O)NCc3ccc4c(c3)OCO4)cc2)c1,5.430626090384954,1,IC50,FXR,CHEMBL2047
Cc1cccc(CN(C(=O)c2ccc(Cl)cc2)c2ccc(CC(=O)NCc3ccc4c(c3)OCO4)cc2)c1,5.54515513999149,1,IC50,FXR,CHEMBL2047
Cc1cccc(CN(C(=O)c2ccccc2)c2ccc(CC(=O)NCc3ccc4c(c3)OCO4)cc2)c1,5.0343280287798935,1,IC50,FXR,CHEMBL2047
Cc1cccc(CN(C(=O)c2ccccc2C)c2ccc(CC(=O)NCc3ccc4c(c3)OCO4)cc2)c1,5.13608262304214,1,IC50,FXR,CHEMBL2047
Cc1cccc(COc2ccc(C(=O)Nc3cccc(C(=O)O)c3)cc2)c1,6.586700235918748,1,EC50,FXR,CHEMBL2047
Cc1cccc(COc2cccc(C(=O)Nc3cccc(C(=O)O)c3)c2)c1,5.73118809626022,1,EC50,FXR,CHEMBL2047
Cc1cccc(Cl)c1OCc1noc(C(C)C)c1COc1ccc(/C=C/c2cccc(C(=O)O)c2)c(Cl)c1,7.318758762624412,1,EC50,FXR,CHEMBL2047
Cc1ccccc1-c1cccc(C(=O)Nc2cccc(C(=O)O)c2)c1,7.167491087293763,1,EC50,FXR,CHEMBL2047
Cc1ccccc1-c1cccc(COc2ccc(C(=O)Nc3cccc(C(=O)O)c3)cc2)c1,5.989276134608227,1,EC50,FXR,CHEMBL2047
Cc1ccccc1-c1noc(-c2ccc(C(=O)O)cc2)n1,6.657577319177793,1,EC50,FXR,CHEMBL2047
Cc1ccccc1-c1noc(-c2cccc(C(=O)O)c2)n1,8.142667503568731,1,EC50,FXR,CHEMBL2047
Cc1ccccc1-n1nc(C)c2c1NC(=O)CS[C@H]2c1ccc(Oc2ccccc2)cc1,4.853871964321762,1,EC50,FXR,CHEMBL2047
Cc1ccccc1-n1nc(C)c2c1NC(=O)[C@H](C)S[C@@H]2c1ccc(-c2cc3ccccc3o2)cc1,5.823908740944319,1,EC50,FXR,CHEMBL2047
Cc1ccccc1-n1nc(C)c2c1NC(=O)[C@H](C)S[C@@H]2c1ccc(-c2ccccc2)cc1,6.004364805402449,1,EC50,FXR,CHEMBL2047
Cc1ccccc1-n1nc(C)c2c1NC(=O)[C@H](C)S[C@@H]2c1ccc(-c2ccco2)cc1,5.443697499232712,1,EC50,FXR,CHEMBL2047
Cc1ccccc1-n1nc(C)c2c1NC(=O)[C@H](C)S[C@@H]2c1ccc(-c2cccs2)cc1,5.585026652029182,1,EC50,FXR,CHEMBL2047
Cc1ccccc1-n1nc(C)c2c1NC(=O)[C@H](C)S[C@@H]2c1ccc(-c2ccoc2)cc1,5.455931955649724,1,EC50,FXR,CHEMBL2047
Cc1ccccc1-n1nc(C)c2c1NC(=O)[C@H](C)S[C@@H]2c1ccc(-c2ccsc2)cc1,5.853871964321762,1,EC50,FXR,CHEMBL2047
Cc1ccccc1-n1nc(C)c2c1NC(=O)[C@H](C)S[C@@H]2c1ccc(Oc2ccccc2)cc1,5.754269119098421,3,EC50,FXR,CHEMBL2047
Cc1ccn2c(NCCCCc3ccccc3)c(-c3cccs3)nc2c1,6.1249387366083,1,EC50,FXR,CHEMBL2047
Cc1nc(-c2ccc(C(F)(F)F)cc2)sc1C(=O)Nc1cccc(C(=O)O)c1,6.501689446210399,1,EC50,FXR,CHEMBL2047
Cc1nc(-c2ccc(N(CC(C)C)S(=O)(=O)c3c(Cl)cccc3Cl)cc2)sc1C(=O)O,5.142667503568731,1,EC50,FXR,CHEMBL2047
Cc1nc(CCC(=O)O)oc1-c1ccc(C(C)(C)C)cc1,4.856985199745905,1,IC50,FXR,CHEMBL2047
Cc1nc(NC(=O)C(C2CCCCC2)n2c(-c3ccc(Cl)cc3)nc3cc(F)c(F)cc32)sc1C(=O)O,7.045757490560675,1,IC50,FXR,CHEMBL2047
Cc1nc(OCc2c(-c3c(Cl)cccc3Cl)noc2C(C)C)ccc1N(C)C(=O)c1ccc(C(=O)O)cc1,6.437707135543525,1,EC50,FXR,CHEMBL2047
Cc1nn(-c2ccccc2Br)c2c1C(c1ccc(Oc3ccccc3)cc1)SC(C)C(=O)N2,5.7447274948966935,1,EC50,FXR,CHEMBL2047
Cc1nn(-c2ccccc2C(C)C)c2c1[C@@H](c1ccc(Oc3ccccc3)cc1)S[C@@H](C)C(=O)N2,5.721246399047171,1,EC50,FXR,CHEMBL2047
Cc1nn(-c2ccccc2C(F)(F)F)c2c1C(c1ccc(Oc3ccccc3)cc1)SC(C)C(=O)N2,5.698970004336019,1,EC50,FXR,CHEMBL2047
Cc1nn(-c2ccccc2Cl)c2c1C(c1ccc(Oc3ccccc3)cc1)SC(C)C(=O)N2,5.568636235841012,1,EC50,FXR,CHEMBL2047
Cc1nn(-c2ccccc2F)c2c1C(c1ccc(Oc3ccccc3)cc1)SC(C)C(=O)N2,5.4089353929735005,1,EC50,FXR,CHEMBL2047
Cc1nn(-c2ccccc2I)c2c1C(c1ccc(Oc3ccccc3)cc1)SC(C)C(=O)N2,5.886056647693163,1,EC50,FXR,CHEMBL2047
Clc1cc(OCc2c(-c3c(Cl)cccc3Cl)noc2C2CC2)ccc1C1CC1c1ccc(-c2nnn[nH]2)nc1,6.9187028627787885,2,EC50,FXR,CHEMBL2047
Clc1ccc(CSC(Cn2ccnc2)c2ccc(Cl)cc2Cl)cc1,5.162411561764489,1,IC50,FXR,CHEMBL2047
Clc1ccc2nc(-c3cccs3)c(NCc3ccccc3)n2c1,6.795880017344075,1,EC50,FXR,CHEMBL2047
Clc1ccccc1C(c1ccccc1)(c1ccccc1)n1ccnc1,5.489454989793388,1,IC50,FXR,CHEMBL2047
Cn1c(C(=O)O)cc2ccc(N3CCC4(CC3)CC(COCc3c(-c5c(Cl)cccc5Cl)noc3C3CC3)C4)cc21,6.769080102226329,2,EC50,FXR,CHEMBL2047
Cn1c(C(=O)O)cc2ccc(N3CCC4(CC3)CC(OCc3c(-c5c(Cl)cccc5Cl)noc3C3CC3)C4)cc21,6.939428133369945,2,EC50,FXR,CHEMBL2047
Cn1c([C@@H](Cc2ccccc2)N2C(=O)CN(c3ccc(Oc4ccccc4)cc3)C2=O)nc2ccc(C(=O)O)cc21,4.057991946977687,1,IC50,FXR,CHEMBL2047
Cn1c([C@@H](N2C(=O)CN(c3ccc(Oc4ccccc4)cc3)C2=O)C(C)(C)C)nc2ccc(C(=O)O)cc21,4.112945621949043,1,IC50,FXR,CHEMBL2047
Cn1c([C@H](CC2CCCCC2)N2C(=O)CN(c3ccc(Oc4ccccc4)cc3)C2=O)nc2ccc(C(=O)O)cc21,4.61261017366127,1,IC50,FXR,CHEMBL2047
Cn1c([C@H](Cc2ccccc2)N2C(=O)CN(c3ccc(Oc4ccccc4)cc3)C2=O)nc2ccc(C(=O)O)cc21,4.453457336521869,1,IC50,FXR,CHEMBL2047
Cn1cc(C(=O)O)c2ccc(N3C(=O)CCc4cc(OCc5c(-c6c(Cl)cccc6Cl)noc5C5CC5)ccc43)cc21,7.366531544420414,1,EC50,FXR,CHEMBL2047
Cn1cc(C(=O)O)c2ccc(N3C4CCC3CC(F)(COCc3c(-c5ccccc5OC(F)(F)F)noc3C3CC3)C4)cc21,7.752922702990778,2,EC50,FXR,CHEMBL2047
Cn1cc(C(=O)O)c2ccc(N3CC4(CC(COCc5c(-c6c(Cl)cccc6Cl)noc5C5CC5)C4)C3)cc21,6.991972880655529,2,EC50,FXR,CHEMBL2047
Cn1cc(C(=O)O)c2ccc(N3CC4(CC(COCc5c(-c6c(F)cccc6Cl)noc5C5CC5)C4)C3)cc21,6.681846339652045,2,EC50,FXR,CHEMBL2047
Cn1cc(C(=O)O)c2ccc(N3CC4(CC(COCc5c(-c6ccccc6OC(F)(F)F)noc5C5CC5)C4)C3)cc21,6.708455048389418,2,EC50,FXR,CHEMBL2047
Cn1cc(C(=O)O)c2ccc(N3CC4(CC(OCc5c(-c6c(Cl)cccc6Cl)noc5C5CC5)C4)C3)cc21,7.354135803334756,2,EC50,FXR,CHEMBL2047
Cn1cc(C(=O)O)c2ccc(N3CC4(CC(OCc5c(-c6c(F)cccc6Cl)noc5C5CC5)C4)C3)cc21,7.1830890963491605,2,EC50,FXR,CHEMBL2047
Cn1cc(C(=O)O)c2ccc(N3CC4(CC(OCc5c(-c6ccccc6OC(F)(F)F)noc5C5CC5)C4)C3)cc21,7.070098327187308,2,EC50,FXR,CHEMBL2047
Cn1cc(C(=O)O)c2ccc(N3CC4CC(COCc5c(-c6c(Cl)cccc6Cl)noc5C5CC5)CC4C3)cc21,7.1615608700959905,2,EC50,FXR,CHEMBL2047
Cn1cc(C(=O)O)c2ccc(N3CC4CC(COCc5c(-c6c(F)cccc6Cl)noc5C5CC5)CC4C3)cc21,6.313035219118978,2,EC50,FXR,CHEMBL2047
Cn1cc(C(=O)O)c2ccc(N3CC4CC(COCc5c(-c6ccccc6OC(F)(F)F)noc5C5CC5)CC4C3)cc21,7.2747214952908354,2,EC50,FXR,CHEMBL2047
Cn1cc(C(=O)O)c2ccc(N3CC4CC(OCc5c(-c6c(Cl)cccc6Cl)noc5C5CC5)CC4C3)cc21,7.746659560349946,2,EC50,FXR,CHEMBL2047
Cn1cc(C(=O)O)c2ccc(N3CC4CC(OCc5c(-c6c(F)cccc6Cl)noc5C5CC5)CC4C3)cc21,6.9835943548477335,2,EC50,FXR,CHEMBL2047
Cn1cc(C(=O)O)c2ccc(N3CC4CC(OCc5c(-c6ccccc6OC(F)(F)F)noc5C5CC5)CC4C3)cc21,7.529472980113576,2,EC50,FXR,CHEMBL2047
Cn1cc(C(=O)O)c2ccc(N3CCC(F)(COCc4c(-c5c(Cl)cccc5Cl)noc4C4CC4)CC3)cc21,7.447074662807428,2,EC50,FXR,CHEMBL2047
Cn1cc(C(=O)O)c2ccc(N3CCC(F)(COCc4c(-c5c(F)cccc5Cl)noc4C4CC4)CC3)cc21,7.33037368298365,2,EC50,FXR,CHEMBL2047
Cn1cc(C(=O)O)c2ccc(N3CCC(F)(COCc4c(-c5ccc(OC(F)(F)F)cc5)noc4C4CC4)CC3)cc21,5.122633619595415,2,EC50,FXR,CHEMBL2047
Cn1cc(C(=O)O)c2ccc(N3CCC(F)(COCc4c(-c5cccc(OC(F)(F)F)c5)noc4C4CC4)CC3)cc21,5.937731585849361,2,EC50,FXR,CHEMBL2047
Cn1cc(C(=O)O)c2ccc(N3CCC(F)(COCc4c(-c5ccccc5C(F)(F)F)noc4C4CC4)CC3)cc21,6.916341332625912,2,EC50,FXR,CHEMBL2047
Cn1cc(C(=O)O)c2ccc(N3CCC(F)(COCc4c(-c5ccccc5Cl)noc4C4CC4)CC3)cc21,6.764354144470531,2,EC50,FXR,CHEMBL2047
Cn1cc(C(=O)O)c2ccc(N3CCC(F)(COCc4c(-c5ccccc5F)noc4C4CC4)CC3)cc21,6.57483007270826,2,EC50,FXR,CHEMBL2047
Cn1cc(C(=O)O)c2ccc(N3CCC(F)(COCc4c(-c5ccccc5OC(F)(F)F)noc4C4CC4)CC3)cc21,7.597930283832325,2,EC50,FXR,CHEMBL2047
Cn1cc(C(=O)O)c2ccc(N3CCC(OCc4c(-c5c(Cl)cccc5Cl)noc4C4CC4)CC3)cc21,7.391685820367513,6,EC50,FXR,CHEMBL2047
Cn1cc(C(=O)O)c2ccc(N3CCC4(C=C(c5c(-c6c(Cl)cccc6Cl)noc5C5CC5)C4)CC3)cc21,7.346787486224656,1,EC50,FXR,CHEMBL2047
Cn1cc(C(=O)O)c2ccc(N3CCC4(CC3)CC(COCc3c(-c5c(Cl)cccc5Cl)noc3C3CC3)C4)cc21,7.288544289810747,2,EC50,FXR,CHEMBL2047
Cn1cc(C(=O)O)c2ccc(N3CCC4(CC3)CC(COCc3c(-c5c(F)cccc5Cl)noc3C3CC3)C4)cc21,6.067729197403953,2,EC50,FXR,CHEMBL2047
Cn1cc(C(=O)O)c2ccc(N3CCC4(CC3)CC(COCc3c(-c5ccccc5OC(F)(F)F)noc3C3CC3)C4)cc21,6.66153094142536,2,EC50,FXR,CHEMBL2047
Cn1cc(C(=O)O)c2ccc(N3CCC4(CC3)CC(OCc3c(-c5c(Cl)cccc5Cl)noc3C3CC3)C4)cc21,7.240877966475632,2,EC50,FXR,CHEMBL2047
Cn1cc(C(=O)O)c2ccc(N3CCC4(CC3)CC(OCc3c(-c5c(F)cccc5Cl)noc3C3CC3)C4)cc21,7.103879469369486,2,EC50,FXR,CHEMBL2047
Cn1cc(C(=O)O)c2ccc(N3CCC4(CC3)CC(OCc3c(-c5ccccc5OC(F)(F)F)noc3C3CC3)C4)cc21,7.276300811079677,2,EC50,FXR,CHEMBL2047
Cn1nc(C(=O)N(CC(=O)Nc2cc(C(=O)O)ccc2F)Cc2cccc(F)c2)c2c1-c1cc(F)ccc1OC2,8.18837535480105,2,EC50,FXR,CHEMBL2047
Cn1nc(C(=O)N(CCNc2cc(C(=O)O)ccc2F)Cc2cccc(F)c2)c2c1-c1cc(F)ccc1OC2,7.47851546330341,2,EC50,FXR,CHEMBL2047
Cn1nc(C(=O)N(Cc2ccccc2)Cc2ccc(C(=O)O)cc2)c2c1-c1cc(Cl)ccc1OC2,7.824875990832918,2,EC50,FXR,CHEMBL2047
Cn1nc(C(=O)O)c2ccc(C3CC3c3ccc(OCc4c(-c5c(Cl)cccc5Cl)noc4C4CC4)cc3Cl)cc21,7.869964306007462,2,EC50,FXR,CHEMBL2047
Cn1nc(C(=O)O)c2ccc(N3C(=O)CCc4cc(OCc5c(-c6c(Cl)cccc6Cl)noc5C5CC5)ccc43)cc21,7.3872161432802645,1,EC50,FXR,CHEMBL2047
Cn1nc(C(=O)O)c2ccc([C@H]3C[C@](O)(c4ccc(OCc5c(-c6c(Cl)cccc6Cl)noc5C5CC5)cc4Cl)C3)cc21,7.511138197355576,2,EC50,FXR,CHEMBL2047
Cn1nc(CCC(=O)O)cc1-c1ccc(C(C)(C)C)cc1,5.958607314841775,1,IC50,FXR,CHEMBL2047
FC(F)(F)c1ccc2nc(-c3cccs3)c(NCc3ccccc3)n2c1,6.337242168318426,1,EC50,FXR,CHEMBL2047
Fc1cc(-c2nnn[nH]2)ccc1OCC(c1c2c(nn1-c1ccc(Cl)cc1)CCCCC2)C1CCCCC1,6.809668301829708,1,IC50,FXR,CHEMBL2047
Fc1ccc(C(c2ccccc2)(c2ccccc2F)n2ccnc2)cc1,4.860120913598763,1,IC50,FXR,CHEMBL2047
N#Cc1ccc(-c2nc3ccccc3n2C(C(=O)NC2CCCCC2)C2CCCCC2)cc1,5.903089986991944,1,IC50,FXR,CHEMBL2047
N#Cc1ccc(S(=O)(=O)N(CC(F)(F)F)c2ccc(C(O)(C(F)(F)F)C(F)(F)F)cc2)cc1,5.522878745280337,1,EC50,FXR,CHEMBL2047
NC(=O)c1ccc(NC(=O)[C@@H](Cc2ccccc2)NC(=O)c2ccc(Cl)cc2)cc1,4.88907375773358,1,EC50,FXR,CHEMBL2047
NC(Cc1cc(O)c(O)cc1O)C(=O)O,5.101274818410507,1,IC50,FXR,CHEMBL2047
N[C@@H](Cc1cc(I)c(Oc2cc(I)c(O)c(I)c2)c(I)c1)C(=O)O,5.104577453960593,1,IC50,FXR,CHEMBL2047
Nc1ccc(Cl)cc1N1CCN(C(=O)C23CC4CC(CC(C4)C2)C3)CC1,5.9808886808156405,2,EC50,FXR,CHEMBL2047
O=C(/C=C/c1ccccc1)Nc1ccccc1C(=O)Nc1cccc(C(=O)O)c1,5.2839966563652006,1,EC50,FXR,CHEMBL2047
O=C(C1CC(F)(F)C1)N(CC12CCC(c3nc(C4CC4)no3)(CC1)CC2)c1cccc(-c2nc(C3CC3)no2)c1,6.642065152999546,1,EC50,FXR,CHEMBL2047
O=C(C1CCC(F)(F)CC1)N(CC12CCC(c3nc(C4CC4)no3)(CC1)CC2)c1cccc(-c2nc(C3CC3)no2)c1,6.826813731587726,1,EC50,FXR,CHEMBL2047
O=C(C1CCCCC1)N(CC12CCC(c3nc(C4CC4)no3)(CC1)CC2)c1cccc(-c2nc(C3CC3)no2)c1,7.356547323513812,1,EC50,FXR,CHEMBL2047
O=C(C1CCOCC1)N(CC12CCC(c3nc(C4CC4)no3)(CC1)CC2)c1cccc(-c2nc(C3CC3)no2)c1,6.943095148663527,1,EC50,FXR,CHEMBL2047
O=C(C1CCS(=O)(=O)CC1)N(CC12CCC(c3nc(C4CC4)no3)(CC1)CC2)c1cccc(-c2nc(C3CC3)no2)c1,5.961777361631281,1,EC50,FXR,CHEMBL2047
O=C(COC(=O)c1ccc(O)cc1)Nc1sc2c(c1C(=O)c1ccccc1)CCCC2,5.423658649794207,1,IC50,FXR,CHEMBL2047
O=C(Cc1ccc(N(Cc2cccc(Cl)c2)C(=O)C2CCCC2)cc1)NCc1ccc2c(c1)OCO2,5.159266765388193,1,IC50,FXR,CHEMBL2047
O=C(N(CC12CCC(c3nc(C4CC4)no3)(CC1)CC2)c1cccc(-c2nc(C3CC3)no2)c1)C12CC(F)(C1)C2,7.031517051446065,1,EC50,FXR,CHEMBL2047
O=C(N1CCN(c2cc(Cl)ccc2Cl)CC1)C12CC3CC(CC(C3)C1)C2,5.42021640338319,1,EC50,FXR,CHEMBL2047
O=C(N1CCN(c2cc(Cl)ccc2O)CC1)C12CC3CC(CC(C3)C1)C2,5.669586226650809,1,EC50,FXR,CHEMBL2047
O=C(N1CCN(c2cccc(Cl)c2)CC1)C12CC3CC(CC(C3)C1)C2,5.013228265733755,1,EC50,FXR,CHEMBL2047
O=C(NC1CC1)C(C1CCCCC1)n1c(-c2ccc(Cl)cc2)nc2ccccc21,5.442492798094342,1,IC50,FXR,CHEMBL2047
O=C(NC1CCC(F)(F)CC1)C(C1CCCCC1)n1c(-c2ccc(Cl)cc2)nc2ccccc21,5.565431095965801,1,IC50,FXR,CHEMBL2047
O=C(NC1CCCCC1)C(C1CCCCC1)n1c(-c2ccc(Cl)cc2)nc2ccc(CO)cc21,5.2083093509798815,1,IC50,FXR,CHEMBL2047
O=C(NC1CCCCC1)C(C1CCCCC1)n1c(-c2ccc(Cl)cc2)nc2ccccc21,7.154901959985743,1,IC50,FXR,CHEMBL2047
O=C(NC1CCCCC1)C(C1CCCCC1)n1c(-c2ccncc2)nc2ccccc21,4.516555351901465,1,IC50,FXR,CHEMBL2047
O=C(NC1CCCCC1)C(C1CCOCC1)n1c(-c2ccc(Cl)cc2)nc2ccccc21,5.42021640338319,1,IC50,FXR,CHEMBL2047
O=C(NC1CCCCC1)C(c1ccncc1)n1c(-c2ccc(Cl)cc2)nc2ccccc21,4.599980364934842,1,IC50,FXR,CHEMBL2047
O=C(NC1CCCCC1)[C@H](C1CCCCC1)n1c(-c2ccc(Cl)cc2)nc2cc(F)c(Cl)cc21,7.886056647693163,2,IC50,FXR,CHEMBL2047
O=C(NC1CCCCC1)[C@H](C1CCCCC1)n1c(-c2ccc(Cl)cc2)nc2cc(F)c(F)cc21,8.0,1,IC50,FXR,CHEMBL2047
O=C(NC1CCOCC1)C(C1CCCCC1)n1c(-c2ccc(Cl)cc2)nc2ccccc21,5.430626090384954,1,IC50,FXR,CHEMBL2047
O=C(NCCS(=O)(=O)O)c1ccc(C2CC2c2ccc(OCc3c(-c4c(Cl)cccc4Cl)noc3C3CC3)cc2Cl)cc1,6.490916148174238,2,EC50,FXR,CHEMBL2047
O=C(NC[C@H]1CC[C@H](C(=O)O)CC1)[C@H](C1CCCCC1)n1c(-c2ccc(Cl)cc2)nc2cc(F)c(F)cc21,5.4089353929735005,1,IC50,FXR,CHEMBL2047
O=C(NS(=O)(=O)C1CC1)c1ccc([C@@H]2C[C@H]2c2ccc(OCc3c(-c4c(Cl)cccc4Cl)noc3C3CC3)cc2Cl)cc1,6.259637310505756,1,EC50,FXR,CHEMBL2047
O=C(NS(=O)(=O)C1CCCCC1)c1ccc([C@@H]2C[C@H]2c2ccc(OCc3c(-c4c(Cl)cccc4Cl)noc3C3CC3)cc2Cl)cc1,6.259637310505756,1,EC50,FXR,CHEMBL2047
O=C(N[C@H]1CC[C@H](C(=O)O)CC1)[C@H](C1CCCCC1)n1c(-c2ccc(Cl)cc2)nc2cc(F)c(F)cc21,6.214670164989233,1,IC50,FXR,CHEMBL2047
O=C(N[C@H]1CC[C@H](C(=O)O)CC1)[C@H](C1CCCCC1)n1c(-c2ccc(Cl)nc2)nc2cc(F)c(F)cc21,5.769551078621726,1,IC50,FXR,CHEMBL2047
O=C(N[C@H]1CC[C@H](O)CC1)[C@H](C1CCCCC1)n1c(-c2ccc(Cl)cc2)nc2cc(F)c(F)cc21,7.3872161432802645,1,IC50,FXR,CHEMBL2047
O=C(Nc1cc(Cl)ccc1-c1nc2cc(F)c(F)cc2n1CC1CCCCC1)c1ccc(-c2nnn[nH]2)cc1F,9.397940008672037,1,IC50,FXR,CHEMBL2047
O=C(Nc1ccc(-c2nnn[nH]2)cc1F)[C@H](C1CCCCC1)n1c(-c2ccc(Cl)cc2)nc2cc(F)c(F)cc21,8.096910013008056,1,IC50,FXR,CHEMBL2047
O=C(Nc1ccc(F)c(S(=O)(=O)N2CCOCC2)c1)c1cnn(-c2ccccc2)c1,5.0538970270121135,2,IC50,FXR,CHEMBL2047
O=C(Nc1ccc(OC2(C(=O)O)CC2)cc1F)[C@H](C1CCCCC1)n1c(-c2ccc(Cl)cc2)nc2cc(F)c(F)cc21,9.0,1,IC50,FXR,CHEMBL2047
O=C(Nc1ccc2c(c1)N(S(=O)(=O)c1ccc(F)cc1)CC2)c1c(F)cccc1F,5.376750709602099,1,EC50,FXR,CHEMBL2047
O=C(Nc1ccc2c(c1)N(S(=O)(=O)c1ccc(F)cc1)CCC2)c1c(F)cccc1Cl,5.275724130399211,1,EC50,FXR,CHEMBL2047
O=C(Nc1ccc2c(c1)N(S(=O)(=O)c1ccc(F)cc1)CCC2)c1c(F)cccc1F,5.119186407719209,1,EC50,FXR,CHEMBL2047
O=C(Nc1ccc2c(c1)N(S(=O)(=O)c1ccc(F)cc1)CCC2)c1ccccc1Cl,5.229147988357855,1,EC50,FXR,CHEMBL2047
O=C(Nc1cccc(S(=O)(=O)N2CCOCC2)c1)c1cn(-c2ccccc2)nc1-c1cccnc1,5.426316446103106,2,IC50,FXR,CHEMBL2047
O=C(Nc1cccc2c(=O)cc(-c3nnn[nH]3)oc12)c1ccc(OCCCCc2ccccc2)cc1,4.823908740944319,2,EC50,FXR,CHEMBL2047
O=C(Nc1ccccc1)C(C1CCCCC1)n1c(-c2ccc(Cl)cc2)nc2ccccc21,6.823908740944319,1,IC50,FXR,CHEMBL2047
O=C(Nc1ccccc1)N1CCC(OCc2c(-c3ccccc3OC(F)(F)F)noc2C2CC2)CC1,5.080921907623926,1,EC50,FXR,CHEMBL2047
O=C(O)/C=C/c1cccc(N(Cc2ccc(-c3ccc4c(c3)OCO4)cc2)C(=O)C2CCCCC2)c1,3.653647025549361,1,EC50,FXR,CHEMBL2047
O=C(O)/C=C/c1cccc(N(Cc2ccc(/C=C/c3ccccc3)cc2)C(=O)C2CCCCC2)c1,3.5934598195660445,1,EC50,FXR,CHEMBL2047
O=C(O)C1(c2ccc(-c3ccc(OCc4c(-c5c(Cl)cccc5Cl)noc4C4CC4)cc3)cc2)CC1,6.142064735280571,1,EC50,FXR,CHEMBL2047
O=C(O)C1(c2ccc(N3CCC(OCc4c(-c5c(Cl)cccc5Cl)noc4C4CC4)CC3)cc2)CC1,6.033389013318066,1,EC50,FXR,CHEMBL2047
O=C(O)C1(c2cccc(-c3ccc(OCc4c(-c5c(Cl)cccc5Cl)noc4C4CC4)cc3)c2)CC1,6.5767912352059845,2,EC50,FXR,CHEMBL2047
O=C(O)C1(c2cccc(-c3ccc(OCc4c(-c5ccccc5C(F)(F)F)noc4C4CC4)cc3)c2)CC1,6.41907502432438,1,EC50,FXR,CHEMBL2047
O=C(O)C1(c2cccc(-c3ccc(OCc4c(-c5ccccc5OC(F)(F)F)noc4C4CC4)cc3)c2)CC1,6.330879357386362,2,EC50,FXR,CHEMBL2047
O=C(O)CCCCCNC(=O)c1ccccc1NC(=O)c1ccc2ccccc2c1,5.356547323513812,2,EC50,FXR,CHEMBL2047
O=C(O)CCCCNC(=O)c1ccccc1NC(=O)c1ccc2ccccc2c1,5.080921907623926,2,EC50,FXR,CHEMBL2047
O=C(O)CCCN1CCC(c2nc(-c3ccc4ccccc4c3)no2)CC1,4.590066876668706,1,IC50,FXR,CHEMBL2047
O=C(O)CCCNC(=O)c1ccccc1NC(=O)/C=C/c1ccccc1,6.142667503568731,1,EC50,FXR,CHEMBL2047
O=C(O)CCCNC(=O)c1ccccc1NC(=O)c1ccc2ccccc2c1,5.066767717014129,2,EC50,FXR,CHEMBL2047
O=C(O)CCN1CCC[C@H]1c1nc(-c2ccc3ccccc3c2)no1,4.546681659952962,1,IC50,FXR,CHEMBL2047
O=C(O)CCc1ccc(-c2ccc(OCc3c(-c4c(Cl)cccc4Cl)noc3C3CC3)cc2)cc1,6.305594293263238,2,EC50,FXR,CHEMBL2047
O=C(O)CCc1ccc(NC(=O)C(C2CCCCC2)n2c(-c3ccc(Cl)cc3)nc3cc(F)c(F)cc32)cc1,7.221848749616356,1,IC50,FXR,CHEMBL2047
O=C(O)CCc1ccc(NC(=O)[C@H](C2CCCCC2)n2c(-c3ccc(Cl)cc3)nc3cc(F)c(F)cc32)c(F)c1,7.886056647693163,1,IC50,FXR,CHEMBL2047
O=C(O)CCc1cccc(-c2ccc(OCc3c(-c4c(Cl)cccc4Cl)noc3C3CC3)cc2)c1,6.329754146925875,1,EC50,FXR,CHEMBL2047
O=C(O)CCc1cccc(NC(=O)c2ccccc2NC(=O)c2ccc(-c3ccoc3)cc2)c1,6.638272163982407,1,EC50,FXR,CHEMBL2047
O=C(O)CCc1cccc(NC(=O)c2ccccc2NC(=O)c2ccc(C(F)(F)F)cc2)c1,5.638272163982407,1,EC50,FXR,CHEMBL2047
O=C(O)CNC(=O)c1ccc(C2CC2c2ccc(OCc3c(-c4c(Cl)cccc4Cl)noc3C3CC3)cc2Cl)cc1,6.751881227416632,2,EC50,FXR,CHEMBL2047
O=C(O)CNC(=O)c1ccc(N2CCC3(CC2)CC(OCc2c(-c4ccccc4OC(F)(F)F)noc2C2CC2)CO3)nc1,8.769551078621726,1,EC50,FXR,CHEMBL2047
O=C(O)CO[C@H]1CC[C@H](NC(=O)[C@H](C2CCCCC2)n2c(-c3ccc(Cl)nc3)nc3cc(F)c(F)cc32)CC1,6.080921907623926,1,IC50,FXR,CHEMBL2047
O=C(O)COc1ccc(-c2ccc(N(CC3CC3)S(=O)(=O)c3c(Cl)cccc3Cl)cc2)cc1F,5.920818753952375,1,EC50,FXR,CHEMBL2047
O=C(O)COc1ccc(-c2ccc(OCc3c(-c4c(Cl)cccc4Cl)noc3C3CC3)cc2)cc1,6.475390988664909,2,EC50,FXR,CHEMBL2047
O=C(O)COc1cccc(-c2ccc(OCc3c(-c4c(Cl)cccc4Cl)noc3C3CC3)cc2)c1,6.158927461813084,2,EC50,FXR,CHEMBL2047
O=C(O)C[C@H]1CC[C@H](NC(=O)[C@H](C2CCCCC2)n2c(-c3ccc(Cl)cc3)nc3cc(F)c(F)cc32)CC1,6.214670164989233,1,IC50,FXR,CHEMBL2047
O=C(O)Cc1ccc(-c2ccc(OCc3c(-c4c(Cl)cccc4Cl)noc3C3CC3)c(Cl)c2)cc1,6.204815410317575,1,EC50,FXR,CHEMBL2047
O=C(O)Cc1ccc(-c2ccc(OCc3c(-c4c(Cl)cccc4Cl)noc3C3CC3)c(F)c2)cc1,6.080921907623926,1,EC50,FXR,CHEMBL2047
O=C(O)Cc1ccc(-c2ccc(OCc3c(-c4c(Cl)cccc4Cl)noc3C3CC3)cc2)c(F)c1,6.184608145852421,2,EC50,FXR,CHEMBL2047
O=C(O)Cc1ccc(-c2ccc(OCc3c(-c4c(Cl)cccc4Cl)noc3C3CC3)cc2)cc1,6.443697499232712,2,EC50,FXR,CHEMBL2047
O=C(O)Cc1ccc(-c2ccc(OCc3c(-c4c(Cl)cccc4Cl)noc3C3CC3)cc2)cc1Cl,6.1438755557577,1,EC50,FXR,CHEMBL2047
O=C(O)Cc1ccc(-c2ccc(OCc3c(-c4c(Cl)cccc4Cl)noc3C3CC3)cc2)cc1F,6.268888626407831,2,EC50,FXR,CHEMBL2047
O=C(O)Cc1ccc(-c2ccc(OCc3c(-c4c(Cl)cccc4Cl)noc3C3CC3)cc2Cl)cc1,6.116751935760268,2,EC50,FXR,CHEMBL2047
O=C(O)Cc1ccc(-c2ccc(OCc3c(-c4c(Cl)cccc4Cl)noc3C3CC3)cc2F)cc1,6.332547047110046,1,EC50,FXR,CHEMBL2047
O=C(O)Cc1ccc(-c2ccc(OCc3c(-c4ccccc4C(F)(F)F)noc3C3CC3)cc2)cc1,6.1830961606243395,1,EC50,FXR,CHEMBL2047
O=C(O)Cc1ccc(-c2ccc(OCc3c(-c4ccccc4OC(F)(F)F)noc3C3CC3)cc2)cc1,6.298432014944073,1,EC50,FXR,CHEMBL2047
O=C(O)Cc1ccc(N2CCC(OCc3c(-c4c(Cl)cccc4Cl)noc3C3CC3)CC2)cc1,6.03810452633215,1,EC50,FXR,CHEMBL2047
O=C(O)Cc1ccc(NC(=O)C(C2CCCCC2)n2c(-c3ccc(Cl)cc3)nc3cc(F)c(F)cc32)cc1,5.853871964321762,1,IC50,FXR,CHEMBL2047
O=C(O)Cc1ccc(NC(=O)Cc2ccc3ccccc3c2)cc1,4.568636235841013,1,IC50,FXR,CHEMBL2047
O=C(O)Cc1ccc(NC(=O)c2ccc(-c3ccccc3)cc2)cc1,6.070581074285707,1,IC50,FXR,CHEMBL2047
O=C(O)Cc1ccc(NC(=O)c2ccc3ccccc3c2)cc1,6.167491087293763,1,IC50,FXR,CHEMBL2047
O=C(O)Cc1ccc(NC(=O)c2cccc(-c3cc(Cl)cc(Cl)c3)c2)cc1,5.040958607678906,1,IC50,FXR,CHEMBL2047
O=C(O)Cc1ccc(NC(=O)c2cccc(-c3ccccc3)c2)cc1,6.552841968657781,1,IC50,FXR,CHEMBL2047
O=C(O)Cc1ccc(NC(=O)c2cccc3ccccc23)cc1,6.09151498112135,1,IC50,FXR,CHEMBL2047
O=C(O)Cc1ccc(NC(=O)c2ccccc2NC(=O)c2ccc3ccccc3c2)cc1,5.508638306165727,2,EC50,FXR,CHEMBL2047
O=C(O)Cc1cccc(-c2ccc(OCc3c(-c4c(Cl)cccc4Cl)noc3C3CC3)cc2)c1,6.2958494831602,1,EC50,FXR,CHEMBL2047
O=C(O)Cc1cccc(-c2ccc(OCc3c(-c4ccccc4OC(F)(F)F)noc3C3CC3)cc2)c1,5.802995271976954,1,EC50,FXR,CHEMBL2047
O=C(O)Cc1cccc(NC(=O)c2ccccc2NC(=O)c2ccc(-c3ccccc3)cc2)c1,6.154901959985743,1,EC50,FXR,CHEMBL2047
O=C(O)Cc1cccc(NC(=O)c2ccccc2NC(=O)c2ccc(C(F)(F)F)cc2)c1,5.585026652029182,1,EC50,FXR,CHEMBL2047
O=C(O)Cc1cccc(NC(=O)c2ccccc2NC(=O)c2ccc(SC(F)(F)F)cc2)c1,5.154901959985743,1,EC50,FXR,CHEMBL2047
O=C(O)Cc1cccc(NC(=O)c2ccccc2NC(=O)c2ccc3ccccc3c2)c1,5.6020599913279625,1,EC50,FXR,CHEMBL2047
O=C(O)c1cc(C(F)(F)F)c2cc(N3CCC4(C=C(c5c(-c6c(Cl)cncc6Cl)noc5C5CC5)C4)CC3)ccc2n1,6.86531361212541,4,EC50,FXR,CHEMBL2047
O=C(O)c1cc(F)c(NC(=O)[C@H](C2CCCCC2)n2c(-c3ccc(Cl)cc3)nc3cc(F)c(F)cc32)c(F)c1,8.397940008672037,1,IC50,FXR,CHEMBL2047
O=C(O)c1cc(F)c2c(c1)Oc1ccc(OCc3c(-c4c(Cl)cccc4Cl)noc3C3CC3)nc1CC2,6.429457060118103,1,EC50,FXR,CHEMBL2047
O=C(O)c1cc(F)c2nc(C3(O)C4COCC3CC(OCc3c(-c5c(Cl)cccc5Cl)noc3C3CC3)C4)sc2c1,7.721246399047171,1,IC50,FXR,CHEMBL2047
O=C(O)c1cc(F)c2nc(N3C4CCC3CC(F)(COCc3c(-c5ccccc5)noc3C3CC3)C4)sc2c1,6.829152686174938,2,EC50,FXR,CHEMBL2047
O=C(O)c1cc(F)c2nc(N3C4CCC3CC(F)(COCc3c(-c5ccccc5OC(F)(F)F)noc3C3CC3)C4)sc2c1,6.829540103299919,2,EC50,FXR,CHEMBL2047
O=C(O)c1cc(F)c2nc(N3C4CCC3CC(OCc3c(-c5ccccc5C(F)(F)F)noc3C3CC3)C4)sc2c1,9.302424204247728,2,EC50,FXR,CHEMBL2047
O=C(O)c1cc(F)c2nc(N3C4CCC3CC(OCc3c(-c5ccccc5OC(F)(F)F)noc3C3CC3)C4)sc2c1,9.205250011084285,4,EC50,FXR,CHEMBL2047
O=C(O)c1cc(F)c2nc(N3C4CCC3CC(OCc3c(-c5ccccc5OC(F)F)noc3C3CC3)C4)sc2c1,9.332773124424534,2,EC50,FXR,CHEMBL2047
O=C(O)c1cc(F)c2nc(N3CC4C(/C=C/c5c(-c6c(Cl)cccc6Cl)noc5C5CC5)C4C3)sc2c1,6.56810073065975,2,EC50,FXR,CHEMBL2047
O=C(O)c1cc(F)c2nc(N3CCC(/C=C/c4c(-c5c(Cl)cccc5Cl)noc4C4CC4)CC3)sc2c1,7.805727389952022,2,EC50,FXR,CHEMBL2047
O=C(O)c1cc(F)c2nc(N3CCC(CCc4c(-c5c(Cl)cccc5Cl)noc4C4CC4)CC3)sc2c1,7.669586226650809,1,EC50,FXR,CHEMBL2047
O=C(O)c1cc(F)c2nc(N3CCC(F)(COCc4c(-c5c(Cl)cccc5Cl)noc4C4CC4)CC3)sc2c1,5.5753824543426385,2,EC50,FXR,CHEMBL2047
O=C(O)c1cc(F)c2nc(N3CCC(F)(COCc4c(-c5c(F)cccc5Cl)noc4C4CC4)CC3)sc2c1,7.2011524070372435,2,EC50,FXR,CHEMBL2047
O=C(O)c1cc(F)c2nc(N3CCC(F)(COCc4c(-c5ccc(OC(F)(F)F)cc5)noc4C4CC4)CC3)sc2c1,4.632038787823099,2,EC50,FXR,CHEMBL2047
O=C(O)c1cc(F)c2nc(N3CCC(F)(COCc4c(-c5cccc(OC(F)(F)F)c5)noc4C4CC4)CC3)sc2c1,5.352951044119907,2,EC50,FXR,CHEMBL2047
O=C(O)c1cc(F)c2nc(N3CCC(F)(COCc4c(-c5ccccc5C(F)(F)F)noc4C4CC4)CC3)sc2c1,6.072422211411503,2,EC50,FXR,CHEMBL2047
O=C(O)c1cc(F)c2nc(N3CCC(F)(COCc4c(-c5ccccc5Cl)noc4C4CC4)CC3)sc2c1,6.062353587314496,2,EC50,FXR,CHEMBL2047
O=C(O)c1cc(F)c2nc(N3CCC(F)(COCc4c(-c5ccccc5F)noc4C4CC4)CC3)sc2c1,5.94965967763745,2,EC50,FXR,CHEMBL2047
O=C(O)c1cc(F)c2nc(N3CCC(F)(COCc4c(-c5ccccc5OC(F)(F)F)noc4C4CC4)CC3)sc2c1,7.158656760875116,2,EC50,FXR,CHEMBL2047
O=C(O)c1cc(F)c2nc(N3CCC4(C=C(c5c(-c6c(Cl)cccc6Cl)noc5C5CC5)C4)CC3)sc2c1,7.677475633295053,2,EC50,FXR,CHEMBL2047
O=C(O)c1cc(F)c2nc(N3CCC4(C=C(c5c(-c6c(Cl)cncc6Cl)noc5C5CC5)C4)CC3)sc2c1,7.168611643180061,2,EC50,FXR,CHEMBL2047
O=C(O)c1cc(F)c2nc(N3CCC4(C=C(c5c(-c6ccccc6C(F)(F)F)noc5C5CC5)C4)CC3)sc2c1,7.860120913598763,1,EC50,FXR,CHEMBL2047
O=C(O)c1cc(F)c2nc(N3CCC4(C=C(c5c(-c6ccccc6OC(F)(F)F)noc5C5CC5)C4)CC3)sc2c1,7.305394801066432,1,EC50,FXR,CHEMBL2047
O=C(O)c1cc(F)c2nc(N3CCC4(CC3)CC(COCc3c(-c5c(Cl)cccc5Cl)noc3C3CC3)C4)sc2c1,7.067395879900573,2,EC50,FXR,CHEMBL2047
O=C(O)c1cc(F)c2nc(N3CCC4(CC3)CC(COCc3c(-c5c(F)cccc5Cl)noc3C3CC3)C4)sc2c1,6.50522879657233,2,EC50,FXR,CHEMBL2047
O=C(O)c1cc(F)c2nc(N3CCC4(CC3)CC(COCc3c(-c5ccccc5OC(F)(F)F)noc3C3CC3)C4)sc2c1,6.458882278818794,2,EC50,FXR,CHEMBL2047
O=C(O)c1cc(F)c2nc(N3CCC4(CC3)CC(OCc3c(-c5c(Cl)cccc5Cl)noc3C3CC3)C4)sc2c1,7.514081543071228,2,EC50,FXR,CHEMBL2047
O=C(O)c1cc(F)c2nc(N3CCC4(CC3)CC(OCc3c(-c5c(F)cccc5Cl)noc3C3CC3)C4)sc2c1,6.967064928472881,2,EC50,FXR,CHEMBL2047
O=C(O)c1cc(F)c2nc(N3CCC4(CC3)CC(c3c(-c5c(Cl)cccc5Cl)noc3C3CC3)C4)sc2c1,6.694648630553376,1,EC50,FXR,CHEMBL2047
O=C(O)c1cc(F)c2nc(N3CCC4(CC3)COC(c3c(-c5c(Cl)cccc5Cl)noc3C3CC3)O4)sc2c1,6.6439741428068775,1,EC50,FXR,CHEMBL2047
O=C(O)c1cc(F)c2nc(N3CCC4(CC3)OCC(c3c(-c5c(Cl)cccc5Cl)noc3C3CC3)O4)sc2c1,5.866780543267506,1,EC50,FXR,CHEMBL2047
O=C(O)c1cc(F)c2nc(N3[C@@H]4CC[C@H]3C[C@@H](OCc3c(-c5c(Cl)cccc5Cl)noc3C3CC3)C4)sc2c1,8.113509274827518,1,EC50,FXR,CHEMBL2047
O=C(O)c1cc(F)c2nc(N3[C@@H]4CC[C@H]3C[C@@H](OCc3c(-c5ccccc5OC(F)(F)F)noc3C3CC3)C4)sc2c1,8.400219816848805,3,EC50,FXR,CHEMBL2047
O=C(O)c1cc2ccc(N3CCC(F)(COCc4c(-c5c(Cl)cccc5Cl)noc4C4CC4)CC3)cc2s1,6.281918676479622,2,EC50,FXR,CHEMBL2047
O=C(O)c1cc2ccc(N3CCC4(CC3)CC(OCc3c(-c5c(Cl)cccc5Cl)noc3C3CC3)C4)cc2s1,6.535104126018654,2,EC50,FXR,CHEMBL2047
O=C(O)c1ccc(-c2ccc(OCc3c(-c4ccccc4OC(F)(F)F)noc3C3CC3)cc2)cc1,6.1073489661227,1,EC50,FXR,CHEMBL2047
O=C(O)c1ccc(-c2csc(N3CCC(OCc4c(-c5c(Cl)cccc5Cl)noc4C4CC4)CC3)n2)cc1,7.920818753952375,2,EC50,FXR,CHEMBL2047
O=C(O)c1ccc(-c2csc(N3[C@@H]4CC[C@H]3C[C@@H](OCc3c(-c5ccccc5OC(F)(F)F)noc3C3CC3)C4)n2)cc1C(F)(F)F,8.698970004336019,1,EC50,FXR,CHEMBL2047
O=C(O)c1ccc(-c2nc(N3CCC(OCc4c(C5CCCCC5OC(F)(F)F)noc4C4CC4)CC3)no2)cc1,7.045757490560675,1,EC50,FXR,CHEMBL2047
O=C(O)c1ccc(C2CC2c2ccc(OCc3c(-c4c(Cl)cccc4Cl)noc3C3CC3)cc2Cl)cc1,7.333971704021148,3,EC50,FXR,CHEMBL2047
O=C(O)c1ccc(C2CC2c2ccc(OCc3c(-c4c(Cl)cccc4Cl)noc3C3CC3)cc2Cl)cn1,7.21229060439282,2,EC50,FXR,CHEMBL2047
O=C(O)c1ccc(CNC(=O)c2ccc(-c3ccccc3)cc2)cc1,6.356547323513812,1,EC50,FXR,CHEMBL2047
O=C(O)c1ccc(CNC(=O)c2ccc3ccccc3c2)cc1,5.866461091629782,1,EC50,FXR,CHEMBL2047
O=C(O)c1ccc(CNC(=O)c2cccc(-c3ccccc3)c2)cc1,6.173925197299173,1,EC50,FXR,CHEMBL2047
O=C(O)c1ccc(CNC(=O)c2ccccc2NC(=O)c2ccc3ccccc3c2)cc1,5.886056647693163,2,EC50,FXR,CHEMBL2047
O=C(O)c1ccc(N2C(=O)CCc3cc(OCc4c(-c5c(Cl)cccc5Cl)noc4C4CC4)ccc32)cc1O,7.698970004336019,1,EC50,FXR,CHEMBL2047
O=C(O)c1ccc(N2C(=O)CCc3cc(OCc4c(-c5c(Cl)cccc5Cl)noc4C4CC4)ccc32)nc1,7.698970004336019,1,EC50,FXR,CHEMBL2047
O=C(O)c1ccc(N2CC(O)(c3ccc(OCc4c(-c5c(Cl)cccc5Cl)noc4C4CC4)cc3Cl)C2)nc1,8.366884151655054,2,EC50,FXR,CHEMBL2047
O=C(O)c1ccc(N2CCC(F)(COCc3c(-c4c(Cl)cccc4Cl)noc3C3CC3)CC2)cc1,6.2251306343675505,2,EC50,FXR,CHEMBL2047
O=C(O)c1ccc(N2CCC(F)(COCc3c(-c4c(Cl)cccc4Cl)noc3C3CC3)CC2)cn1,5.8935867069493835,2,EC50,FXR,CHEMBL2047
O=C(O)c1ccc(N2CCC3(C=C(c4c(-c5c(Cl)cccc5Cl)noc4C4CC4)C3)CC2)cn1,6.465973893943865,1,EC50,FXR,CHEMBL2047
O=C(O)c1ccc(N2CCC3(C=C(c4c(-c5c(Cl)cccc5Cl)noc4C4CC4)C3)CC2)nc1,7.515700160653214,1,EC50,FXR,CHEMBL2047
O=C(O)c1ccc(N2CCC3(CC2)CC(OCc2c(-c4ccccc4OC(F)(F)F)noc2C2CC2)CO3)nc1,8.102372908709558,1,EC50,FXR,CHEMBL2047
O=C(O)c1ccc(NC(=O)C(C2CCCCC2)n2c(-c3ccc(Cl)cc3)nc3cc(F)c(F)cc32)cn1,5.508638306165727,1,IC50,FXR,CHEMBL2047
O=C(O)c1ccc(NC(=O)C(C2CCCCC2)n2c(-c3ccc(Cl)cc3)nc3cc(F)c(F)cc32)nc1,6.698970004336019,1,IC50,FXR,CHEMBL2047
O=C(O)c1ccc(NC(=O)N2CCC(OCc3c(-c4ccccc4OC(F)(F)F)noc3C3CC3)CC2)cc1,6.431798275933005,1,EC50,FXR,CHEMBL2047
O=C(O)c1ccc(NC(=O)[C@H](C2CCCCC2)n2c(-c3ccc(Cl)cc3)nc3cc(F)c(F)cc32)c(C(F)(F)F)c1,8.096910013008056,1,IC50,FXR,CHEMBL2047
O=C(O)c1ccc(NC(=O)[C@H](C2CCCCC2)n2c(-c3ccc(Cl)cc3)nc3cc(F)c(F)cc32)c(Cl)c1,8.045757490560675,1,IC50,FXR,CHEMBL2047
O=C(O)c1ccc(NC(=O)[C@H](C2CCCCC2)n2c(-c3ccc(Cl)cc3)nc3cc(F)c(F)cc32)c(F)c1,7.431798275933005,1,IC50,FXR,CHEMBL2047
O=C(O)c1ccc(NC(=O)[C@H](C2CCCCC2)n2c(-c3ccc(Cl)cc3)nc3cc(F)c(F)cc32)cc1,7.301029995663981,1,IC50,FXR,CHEMBL2047
O=C(O)c1ccc(NC(=O)[C@H](C2CCCCC2)n2c(-c3ccc(Cl)cc3)nc3cc(F)ccc32)c(F)c1,7.3979400086720375,1,IC50,FXR,CHEMBL2047
O=C(O)c1ccc(NC(=O)[C@H](C2CCCCC2)n2c(-c3ccc(Cl)cc3)nc3ccccc32)c(C(F)(F)F)c1,8.0,1,IC50,FXR,CHEMBL2047
O=C(O)c1ccc(NC(=O)c2ccccc2NC(=O)c2ccc3ccccc3c2)cc1,6.0,2,EC50,FXR,CHEMBL2047
O=C(O)c1ccc(OCc2ccc(OCc3c(-c4c(Cl)cccc4Cl)noc3C3CC3)cc2)cc1,6.576754126063192,1,EC50,FXR,CHEMBL2047
O=C(O)c1ccc(OCc2ccc(OCc3c(-c4c(Cl)cccc4Cl)noc3C3CC3)nc2C(F)(F)F)cc1,7.119186407719209,1,EC50,FXR,CHEMBL2047
O=C(O)c1ccc([C@@H]2C[C@H]2c2ccc(OCc3c(-c4c(Cl)cccc4Cl)noc3C3CC3)cc2Cl)cc1,7.212406077536169,2,EC50,FXR,CHEMBL2047
O=C(O)c1ccc([C@H]2C[C@@H]2c2ccc(OCc3c(-c4c(Cl)cccc4Cl)noc3C3CC3)cc2Cl)cc1,6.942315864086414,4,EC50,FXR,CHEMBL2047
O=C(O)c1ccc([C@H]2C[C@](O)(c3ccc(OCc4c(-c5c(Cl)cccc5Cl)noc4C4CC4)cc3Cl)C2)cc1,7.410224104417406,2,EC50,FXR,CHEMBL2047
O=C(O)c1ccc2c(N3CCC(F)(COCc4c(-c5c(Cl)cccc5Cl)noc4C4CC4)CC3)n[nH]c2c1,5.796126143886913,2,EC50,FXR,CHEMBL2047
O=C(O)c1ccc2c(c1)C1(CC1)c1ccc(OCc3c(-c4c(Cl)cccc4Cl)noc3C3CC3)cc1CC2,7.42021640338319,1,EC50,FXR,CHEMBL2047
O=C(O)c1ccc2c(c1)CCc1ccc(OCc3c(-c4c(Cl)cccc4Cl)noc3C3CC3)cc1O2,7.455931955649724,1,EC50,FXR,CHEMBL2047
O=C(O)c1ccc2c(c1)CN(C(=O)N1[C@@H]3CC[C@H]1C[C@@H](OCc1c(-c4c(Cl)cccc4Cl)noc1C1CC1)C3)C2,8.0,1,EC50,FXR,CHEMBL2047
O=C(O)c1ccc2c(c1)Oc1ccc(OCc3c(-c4c(Cl)cc(F)cc4Cl)noc3C3CC3)nc1C1(CC1)C2,8.698970004336019,1,EC50,FXR,CHEMBL2047
O=C(O)c1ccc2c(c1)Oc1ccc(OCc3c(-c4c(Cl)cc(F)cc4Cl)noc3C3CC3)nc1CC2,8.130768280269024,1,EC50,FXR,CHEMBL2047
O=C(O)c1ccc2c(c1)Oc1ccc(OCc3c(-c4c(Cl)cccc4Cl)noc3C3CC3)cc1CC2,7.171038264256012,4,EC50,FXR,CHEMBL2047
O=C(O)c1ccc2c(c1)Oc1ccc(OCc3c(-c4c(Cl)cccc4Cl)noc3C3CC3)cc1S(=O)(=O)C2,8.221848749616356,1,EC50,FXR,CHEMBL2047
O=C(O)c1ccc2c(c1)Oc1ccc(OCc3c(-c4c(Cl)cccc4Cl)noc3C3CC3)cc1SC2,7.259637310505756,1,EC50,FXR,CHEMBL2047
O=C(O)c1ccc2c(c1)Oc1ccc(OCc3c(-c4c(Cl)cccc4Cl)noc3C3CC3)cc1[S+]([O-])C2,7.823908740944319,1,EC50,FXR,CHEMBL2047
O=C(O)c1ccc2c(c1)Oc1ccc(OCc3c(-c4c(Cl)cccc4Cl)noc3C3CC3)nc1C(F)=C2,7.655951630082672,2,EC50,FXR,CHEMBL2047
O=C(O)c1ccc2c(c1)Oc1ccc(OCc3c(-c4c(Cl)cccc4Cl)noc3C3CC3)nc1C1(CC1)C2,8.83647386733665,2,EC50,FXR,CHEMBL2047
O=C(O)c1ccc2c(c1)Oc1ccc(OCc3c(-c4c(Cl)cccc4Cl)noc3C3CC3)nc1C=C2F,7.2108650601284,2,EC50,FXR,CHEMBL2047
O=C(O)c1ccc2c(c1)Oc1ccc(OCc3c(-c4c(Cl)cccc4Cl)noc3C3CC3)nc1CC2,7.609525744745611,4,EC50,FXR,CHEMBL2047
O=C(O)c1ccc2c(c1)Oc1ccc(OCc3c(-c4c(Cl)cccc4Cl)noc3C3CC3)nc1CCC2,7.251811972993799,1,EC50,FXR,CHEMBL2047
O=C(O)c1ccc2c(c1)Oc1ccc(OCc3c(-c4c(Cl)cccc4Cl)noc3C3CC3)nc1CO2,7.393386386467272,2,EC50,FXR,CHEMBL2047
O=C(O)c1ccc2c(c1)Oc1ccc(OCc3c(-c4ccccc4OC(F)(F)F)noc3C3CC3)nc1C1(CC1)C2,8.065501548756432,1,EC50,FXR,CHEMBL2047
O=C(O)c1ccc2c(c1)Oc1cnc(OCc3c(-c4c(Cl)cccc4Cl)noc3C3CC3)cc1CC2,7.354331635059299,3,EC50,FXR,CHEMBL2047
O=C(O)c1ccc2c(c1)Oc1cnc(OCc3c(-c4c(Cl)cccc4Cl)noc3C3CC3)nc1CC2,6.803102510189321,2,EC50,FXR,CHEMBL2047
O=C(O)c1ccc2c(c1)Oc1ncc(OCc3c(-c4c(Cl)cccc4Cl)noc3C3CC3)cc1CC2,7.431798275933005,1,EC50,FXR,CHEMBL2047
O=C(O)c1ccc2c(c1)S(=O)(=O)c1ccc(OCc3c(-c4c(Cl)cccc4Cl)noc3C3CC3)cc1CC2,7.251811972993799,1,EC50,FXR,CHEMBL2047
O=C(O)c1ccc2cc(N3C4CCC3CC(OCc3c(-c5ccccc5OC(F)(F)F)noc3C3CC3)C4)ccc2c1,9.0,1,EC50,FXR,CHEMBL2047
O=C(O)c1ccc2cc(N3CCC(F)(COCc4c(-c5c(Cl)cccc5Cl)noc4C4CC4)CC3)ccc2c1,6.479303657420887,2,EC50,FXR,CHEMBL2047
O=C(O)c1ccc2cc(N3CCC4(C=C(c5c(-c6c(Cl)cc(F)cc6Cl)noc5C5CC5)C4)CC3)ccc2n1,5.9321799273915,2,EC50,FXR,CHEMBL2047
O=C(O)c1ccc2cc(N3CCC4(C=C(c5c(-c6c(Cl)cccc6Cl)noc5C5CC5)C4)CC3)ccc2n1,6.791305676917163,2,EC50,FXR,CHEMBL2047
O=C(O)c1ccc2cc(N3CCC4(C=C(c5c(-c6c(Cl)cncc6Cl)noc5C5CC5)C4)CC3)ccc2n1,6.360936574716998,2,EC50,FXR,CHEMBL2047
O=C(O)c1ccc2nc(-c3ccc(Cl)cc3)n(C(C(=O)NC3CCCCC3)C3CCCCC3)c2c1,5.242603971206975,1,IC50,FXR,CHEMBL2047
O=C(O)c1ccc2nc(C3(O)C4COCC3CC(OCc3c(-c5c(Cl)cccc5Cl)noc3C3CC3)C4)sc2c1,7.522878745280337,1,IC50,FXR,CHEMBL2047
O=C(O)c1ccc2nc(N3C4CCC3CC(OCc3c(-c5ccccc5OC(F)(F)F)noc3C3CC3)C4)sc2c1,9.214378574719888,2,EC50,FXR,CHEMBL2047
O=C(O)c1ccc2nc(N3CC(OCc4c(-c5ccccc5OC(F)(F)F)noc4C4CC4)C3)sc2c1,5.4385318134918474,2,EC50,FXR,CHEMBL2047
O=C(O)c1ccc2nc(N3CCC(OCc4c(-c5c(Cl)cccc5Cl)noc4C4CC4)CC3)sc2c1,8.05159915116754,2,EC50,FXR,CHEMBL2047
O=C(O)c1ccc2nc(N3CCC(OCc4c(-c5c(F)cccc5F)noc4C4CC4)CC3)sc2c1,7.282077817007779,2,EC50,FXR,CHEMBL2047
O=C(O)c1ccc2nc(N3CCC(OCc4c(-c5ccccc5C(F)(F)F)noc4C4CC4)CC3)sc2c1,7.167679012221937,2,EC50,FXR,CHEMBL2047
O=C(O)c1ccc2nc(N3CCC(OCc4c(-c5ccccc5OC(F)(F)F)noc4C4CC4)CC3)sc2c1,7.9145075979194415,3,EC50,FXR,CHEMBL2047
O=C(O)c1ccc2nc(N3CCC(OCc4c([C@H]5CCCC[C@@H]5C(F)(F)F)noc4C4CC4)CC3)sc2c1,6.90232697082579,2,EC50,FXR,CHEMBL2047
O=C(O)c1ccc2nc(N3CCC4(CC3)CC(OCc3c(-c5ccccc5OC(F)(F)F)noc3C3CC3)CO4)sc2c1,7.8297382846050425,1,EC50,FXR,CHEMBL2047
O=C(O)c1ccc2nc(N3CCCC(OCc4c(-c5ccccc5OC(F)(F)F)noc4C4CC4)CC3)sc2c1,8.278603387030115,2,EC50,FXR,CHEMBL2047
O=C(O)c1ccc2nc(N3CC[C@@H](OCc4c(-c5c(Cl)cccc5Cl)noc4C4CC4)C3)sc2c1,5.275245373086432,2,EC50,FXR,CHEMBL2047
O=C(O)c1ccc2sc(N3CCC(F)(COCc4c(-c5c(Cl)cccc5Cl)noc4C4CC4)CC3)nc2c1,5.924514383968694,2,EC50,FXR,CHEMBL2047
O=C(O)c1cccc(-c2ccc(OCc3c(-c4c(Cl)cccc4Cl)noc3C3CC3)cc2)c1,6.51999305704285,1,EC50,FXR,CHEMBL2047
O=C(O)c1cccc(/C=C/c2ccc(OCc3c(-c4c(Cl)cccc4Cl)noc3-c3ccc(-c4ccccc4)cc3)cc2Cl)c1,4.4698003017969175,1,IC50,FXR,CHEMBL2047
O=C(O)c1cccc(/C=C/c2ccc(OCc3c(-c4c(Cl)cccc4Cl)noc3-c3ccc4ccccc4c3)cc2Cl)c1,4.653647025549361,1,IC50,FXR,CHEMBL2047
O=C(O)c1cccc(/C=C/c2ccc(OCc3c(-c4c(Cl)cccc4Cl)noc3-c3ccccc3)cc2Cl)c1,4.801342913045578,1,IC50,FXR,CHEMBL2047
O=C(O)c1cccc(/C=C/c2ccc(OCc3c(-c4c(Cl)cccc4Cl)noc3C3CCC3)cc2Cl)c1,6.3872161432802645,1,EC50,FXR,CHEMBL2047
O=C(O)c1cccc(/C=C/c2ccc(OCc3c(-c4c(Cl)cccc4Cl)noc3C3CCCC3)cc2Cl)c1,6.251811972993799,1,EC50,FXR,CHEMBL2047
O=C(O)c1cccc(C2CC2c2ccc(OCc3c(-c4c(Cl)cccc4Cl)noc3C3CC3)cc2Cl)c1,7.481685552318919,2,EC50,FXR,CHEMBL2047
O=C(O)c1cccc(N2CC(O)(c3ccc(OCc4c(-c5c(Cl)cccc5Cl)noc4C4CC4)cc3Cl)C2)c1,7.166553894466732,2,EC50,FXR,CHEMBL2047
O=C(O)c1cccc(NC(=O)C(C2CCCCC2)n2c(-c3ccc(Cl)cc3)nc3cc(F)c(F)cc32)c1,5.886056647693163,1,IC50,FXR,CHEMBL2047
O=C(O)c1cccc(NC(=O)N2CCC(OCc3c(-c4ccccc4OC(F)(F)F)noc3C3CC3)CC2)c1,6.3872161432802645,1,EC50,FXR,CHEMBL2047
O=C(O)c1cccc(NC(=O)c2cc(Cl)ccc2NC(=O)c2ccc(C(F)(F)F)cc2)c1,5.468521082957745,1,EC50,FXR,CHEMBL2047
O=C(O)c1cccc(NC(=O)c2ccc(Cl)cc2NC(=O)c2ccc(C(F)(F)F)cc2)c1,5.6777807052660805,1,EC50,FXR,CHEMBL2047
O=C(O)c1cccc(NC(=O)c2ccc(OCC3CC3)cc2)c1,6.856985199745905,1,EC50,FXR,CHEMBL2047
O=C(O)c1cccc(NC(=O)c2ccc(OCCCCc3ccccc3)cc2)c1,7.585026652029182,1,EC50,FXR,CHEMBL2047
O=C(O)c1cccc(NC(=O)c2ccc(OCc3c(-c4c(Cl)cccc4Cl)noc3-c3ccc(-c4ccccc4)cc3)cc2Cl)c1,5.431798275933005,2,IC50,FXR,CHEMBL2047
O=C(O)c1cccc(NC(=O)c2ccc(OCc3c(-c4c(Cl)cccc4Cl)noc3-c3ccc4ccccc4c3)cc2Cl)c1,5.3979400086720375,2,IC50,FXR,CHEMBL2047
O=C(O)c1cccc(NC(=O)c2ccc(OCc3cccc(-c4ccccc4)c3)cc2)c1,6.496209316942819,1,EC50,FXR,CHEMBL2047
O=C(O)c1cccc(NC(=O)c2ccc(OCc3ccccc3)cc2)c1,7.45531241959195,2,EC50,FXR,CHEMBL2047
O=C(O)c1cccc(NC(=O)c2ccc(Oc3ccccc3)cc2)c1,7.506614132866877,2,EC50,FXR,CHEMBL2047
O=C(O)c1cccc(NC(=O)c2cccc(-c3cccc(OCC4CC4)c3)c2)c1,6.686132779630847,1,EC50,FXR,CHEMBL2047
O=C(O)c1cccc(NC(=O)c2cccc(-c3cccc(OCCc4ccccc4)c3)c2)c1,6.772113295386326,1,EC50,FXR,CHEMBL2047
O=C(O)c1cccc(NC(=O)c2cccc(-c3cccc(OCc4ccccc4)c3)c2)c1,6.723538195826755,1,EC50,FXR,CHEMBL2047
O=C(O)c1cccc(NC(=O)c2cccc(-c3ccccc3)c2)c1,7.6020599913279625,1,EC50,FXR,CHEMBL2047
O=C(O)c1cccc(NC(=O)c2cccc(OCC3CC3)c2)c1,5.899974269892137,1,EC50,FXR,CHEMBL2047
O=C(O)c1cccc(NC(=O)c2cccc(OCc3ccccc3)c2)c1,5.9344202852715515,1,EC50,FXR,CHEMBL2047
O=C(O)c1cccc(NC(=O)c2ccccc2NC(=O)c2ccc(Br)cc2)c1,5.431798275933005,2,EC50,FXR,CHEMBL2047
O=C(O)c1cccc(NC(=O)c2ccccc2NC(=O)c2ccc(C(F)(F)F)c(F)c2)c1,5.301029995663981,2,EC50,FXR,CHEMBL2047
O=C(O)c1cccc(NC(=O)c2ccccc2NC(=O)c2ccc(C(F)(F)F)cc2)c1,5.161150909262744,2,EC50,FXR,CHEMBL2047
O=C(O)c1cccc(NC(=O)c2ccccc2NC(=O)c2ccc3c(c2)OCCO3)c1,5.309803919971486,1,EC50,FXR,CHEMBL2047
O=C(O)c1cccc(NC(=O)c2ccccc2NC(=O)c2ccc3c(c2)OCO3)c1,5.0,2,EC50,FXR,CHEMBL2047
O=C(O)c1cccc(NC(=O)c2ccccc2NC(=O)c2ccc3ccccc3c2)c1,5.823908740944319,3,EC50,FXR,CHEMBL2047
O=C(O)c1cccc(NC(=O)c2csc(-c3ccc(C(F)(F)F)cc3)n2)c1,5.771343041891065,1,EC50,FXR,CHEMBL2047
O=C(O)c1cccc(NC(=O)c2nc(-c3ccccc3)cs2)c1,5.541362150974351,1,EC50,FXR,CHEMBL2047
O=C(O)c1cccc(OCc2ccc(OCc3c(-c4c(Cl)cccc4Cl)noc3C3CC3)nc2C(F)(F)F)c1,7.366531544420414,1,EC50,FXR,CHEMBL2047
O=C(O)c1cccc([C@@H]2C[C@H]2c2ccc(OCc3c(-c4c(Cl)cccc4Cl)noc3C3CC3)cc2Cl)c1,7.641164748498869,2,EC50,FXR,CHEMBL2047
O=C(O)c1cccc([C@H]2C[C@@H](c3ccc(OCc4c(-c5c(Cl)cccc5Cl)noc4C4CC4)cc3Cl)C2)c1,7.074860723740981,2,EC50,FXR,CHEMBL2047
O=C(O)c1cccc([C@H]2C[C@@H]2c2ccc(OCc3c(-c4c(Cl)cccc4Cl)noc3C3CC3)cc2Cl)c1,6.852656687860279,2,EC50,FXR,CHEMBL2047
O=C(O)c1cccc([C@H]2C[C@H](c3ccc(OCc4c(-c5c(Cl)cccc5Cl)noc4C4CC4)cc3Cl)C2)c1,7.721848749616356,2,EC50,FXR,CHEMBL2047
O=C(O)c1cccc([C@H]2C[C@](O)(c3ccc(OCc4c(-c5c(Cl)cccc5Cl)noc4C4CC4)cc3Cl)C2)c1,7.569830996714503,2,EC50,FXR,CHEMBL2047
O=C(O)c1cccc([C@H]2C[C@](OCCO)(c3ccc(OCc4c(-c5c(Cl)cccc5Cl)noc4C4CC4)cc3Cl)C2)c1,6.42597490899276,2,EC50,FXR,CHEMBL2047
O=C(O)c1cccc2c1CN(C(=O)N1[C@@H]3CC[C@H]1C[C@@H](OCc1c(-c4c(Cl)cccc4Cl)noc1C1CC1)C3)C2,7.886056647693163,1,EC50,FXR,CHEMBL2047
O=C(O)c1cccc2c1CN(C(=O)N1[C@@H]3CC[C@H]1C[C@@H](OCc1c(-c4ccccc4OC(F)(F)F)noc1C1CC1)C3)C2,7.6777807052660805,1,EC50,FXR,CHEMBL2047
O=C(O)c1ccccc1-c1ccc(Cn2ccc(OCc3c(-c4c(Cl)cccc4Cl)noc3-c3cccs3)n2)cc1,5.376750709602099,1,IC50,FXR,CHEMBL2047
O=C(O)c1ccccc1-c1ccc(Cn2ccc(OCc3c(-c4ccccc4Cl)noc3-c3cccs3)n2)cc1,4.956820084662626,2,IC50,FXR,CHEMBL2047
O=C(O)c1ccccc1-c1ccccc1C(=O)N1CCN(Cc2ccc3c(c2)OCO3)CC1,5.2225731776106885,1,EC50,FXR,CHEMBL2047
O=C(O)c1ccccc1NC(=O)C(C1CCCCC1)n1c(-c2ccc(Cl)cc2)nc2cc(F)c(F)cc21,6.494850021680094,1,IC50,FXR,CHEMBL2047
O=C(O)c1ccccc1OCc1ccc(OCc2c(-c3c(Cl)cccc3Cl)noc2C2CC2)nc1C(F)(F)F,6.362510270487489,1,EC50,FXR,CHEMBL2047
O=C(O)c1ccnc(N2CC(O)(c3ccc(OCc4c(-c5c(Cl)cccc5Cl)noc4C4CC4)cc3Cl)C2)c1,7.605562442112292,2,EC50,FXR,CHEMBL2047
O=C(O)c1cnc(N2C(=O)CCc3cc(OCc4c(-c5c(Cl)cccc5Cl)noc4C4CC4)ccc32)c(Cl)c1,7.886056647693163,1,EC50,FXR,CHEMBL2047
O=C(O)c1cnc(N2CC(O)(c3ccc(OCc4c(-c5c(Cl)cccc5Cl)noc4C4CC4)cc3Cl)C2)c(F)c1,8.332773124424534,2,EC50,FXR,CHEMBL2047
O=C(O)c1cnc(N2CC(O)(c3ccc(OCc4c(-c5c(Cl)cncc5Cl)noc4C4CC4)cc3Cl)C2)c(F)c1,8.331170554486928,2,EC50,FXR,CHEMBL2047
O=C(O)c1cnc2c(c1)Oc1cnc(OCc3c(-c4c(Cl)cccc4Cl)noc3C3CC3)cc1CC2,7.7447274948966935,1,EC50,FXR,CHEMBL2047
O=C(O)c1cncc(C2CC2c2ccc(OCc3c(-c4c(Cl)cccc4Cl)noc3C3CC3)cc2Cl)c1,7.926935982160881,2,EC50,FXR,CHEMBL2047
O=C(O)c1cncc(N2CC(O)(c3ccc(OCc4c(-c5c(Cl)cccc5Cl)noc4C4CC4)cc3Cl)C2)c1,7.206481441128272,2,EC50,FXR,CHEMBL2047
O=C(O)c1coc2cc(N3CCC(F)(COCc4c(-c5c(Cl)cccc5Cl)noc4C4CC4)CC3)ccc12,6.603804155250873,2,EC50,FXR,CHEMBL2047
O=C(O)c1coc2cc(N3CCC4(CC3)CC(COCc3c(-c5c(Cl)cccc5Cl)noc3C3CC3)C4)ccc12,6.025604598073137,2,EC50,FXR,CHEMBL2047
O=C(O)c1csc2cc(N3C4CCC3CC(F)(COCc3c(-c5ccccc5OC(F)(F)F)noc3C3CC3)C4)ccc12,7.612741517135725,2,EC50,FXR,CHEMBL2047
O=C(O)c1csc2cc(N3CCC(F)(COCc4c(-c5c(Cl)cccc5Cl)noc4C4CC4)CC3)ccc12,6.2784154621019415,2,EC50,FXR,CHEMBL2047
O=C(O)c1csc2cc(N3CCC(F)(COCc4c(-c5cccc(OC(F)(F)F)c5)noc4C4CC4)CC3)ccc12,5.657200778720949,2,EC50,FXR,CHEMBL2047
O=C(O)c1csc2cc(N3CCC(F)(COCc4c(-c5ccccc5C(F)(F)F)noc4C4CC4)CC3)ccc12,6.509135987319191,2,EC50,FXR,CHEMBL2047
O=C(O)c1csc2cc(N3CCC(F)(COCc4c(-c5ccccc5F)noc4C4CC4)CC3)ccc12,5.921892058661618,2,EC50,FXR,CHEMBL2047
O=C(O)c1csc2cc(N3CCC(F)(COCc4c(-c5ccccc5OC(F)(F)F)noc4C4CC4)CC3)ccc12,7.336832069535625,2,EC50,FXR,CHEMBL2047
O=C(O)c1csc2cc(N3CCC4(CC3)CC(COCc3c(-c5c(Cl)cccc5Cl)noc3C3CC3)C4)ccc12,7.218800031216586,2,EC50,FXR,CHEMBL2047
O=C(O)c1csc2cc(N3CCC4(CC3)CC(COCc3c(-c5c(F)cccc5Cl)noc3C3CC3)C4)ccc12,6.312647588621092,2,EC50,FXR,CHEMBL2047
O=C(O)c1csc2cc(N3CCC4(CC3)CC(COCc3c(-c5ccccc5OC(F)(F)F)noc3C3CC3)C4)ccc12,6.763930533924497,2,EC50,FXR,CHEMBL2047
O=C(O)c1sc(NC(=O)C(C2CCCCC2)n2c(-c3ccc(Cl)cc3)nc3cc(F)c(F)cc32)nc1C(F)(F)F,6.698970004336019,1,IC50,FXR,CHEMBL2047
O=C(c1ccc(OCCN2CCCCC2)cc1)c1c(-c2ccc(O)cc2)sc2cc(O)ccc12,4.93704216591549,1,IC50,FXR,CHEMBL2047
O=C1CCc2cc(OCc3c(-c4c(Cl)cccc4Cl)noc3C3CC3)ccc2N1c1ncc(O)cc1F,8.045757490560675,1,EC50,FXR,CHEMBL2047
O=C1Nc2cc(Br)ccc2/C1=C1/Nc2ccccc2/C1=N\O,5.468521082957745,1,IC50,FXR,CHEMBL2047
O=S(=O)(c1ccc(F)cc1)N(CC(F)(F)F)c1ccc(C(O)(C(F)(F)F)C(F)(F)F)cc1,6.0,2,EC50,FXR,CHEMBL2047
O=S(=O)(c1ccccc1)N(CC(F)(F)F)c1ccc(C(O)(C(F)(F)F)C(F)(F)F)cc1,5.78626637134282,5,"EC50,IC50",FXR,CHEMBL2047
OCCCCCN1CCCC1c1nc(-c2ccc3ccccc3c2)no1,4.638272163982407,1,IC50,FXR,CHEMBL2047
OCCCCCN1CCCCC1c1nc(-c2ccc3ccccc3c2)no1,4.978810700930062,1,IC50,FXR,CHEMBL2047
OCCCCN1CCC(c2nc(-c3ccc4ccccc4c3)no2)CC1,5.931814138253838,1,IC50,FXR,CHEMBL2047
OCCCCN1CCCC[C@H]1c1nc(-c2ccc3ccccc3c2)no1,5.154901959985743,1,IC50,FXR,CHEMBL2047
OCCCCN1CCC[C@H]1c1nc(-c2ccc3ccccc3c2)no1,4.471083299722345,1,IC50,FXR,CHEMBL2047
OCCCN1CCC(c2nc(-c3ccc4ccccc4c3)no2)CC1,4.393618634889395,1,IC50,FXR,CHEMBL2047
OCCCN1CCCC[C@H]1c1nc(-c2ccc3ccccc3c2)no1,4.568636235841013,1,IC50,FXR,CHEMBL2047
OCCCN1CCC[C@H]1c1nc(-c2ccc3ccccc3c2)no1,4.688246138944246,1,IC50,FXR,CHEMBL2047
c1ccc(-c2noc(-c3ccccc3)n2)cc1,6.275724130399211,1,EC50,FXR,CHEMBL2047
c1ccc(CNc2c(-c3cccs3)nc3ccc(-c4ccccc4)cn23)cc1,6.698970004336019,1,EC50,FXR,CHEMBL2047
c1ccc(CNc2c(-c3cccs3)nc3ccccn23)cc1,5.3979400086720375,1,EC50,FXR,CHEMBL2047
c1ccc2cc(-c3noc(C4CCNCC4)n3)ccc2c1,6.236572006437063,1,IC50,FXR,CHEMBL2047
c1ccc2cc(-c3noc([C@@H]4CCCCN4)n3)ccc2c1,6.896196279044043,1,IC50,FXR,CHEMBL2047
c1ccc2cc(-c3noc([C@@H]4CCCN4)n3)ccc2c1,4.462180904926726,1,IC50,FXR,CHEMBL2047
