canonical_smiles,pAct,n,types,target,tid
Brc1ccc(-c2nc(-c3ccccc3)no2)cc1,6.455931955649724,1,EC50,FXR,CHEMBL2047
Brc1ccc2nc(-c3cccs3)c(NCc3ccccc3)n2c1,6.301029995663981,1,EC50,FXR,CHEMBL2047
C#CC[C@@H]1C2C[C@H](O)CC[C@]2(C)[C@H]2CC[C@]3(C)C([C@H](C)CCC(=O)O)CC[C@H]3[C@@H]2[C@@H]1O,6.267606240177031,1,EC50,FXR,CHEMBL2047
C/C(=N\OCc1cc(C(=O)O)ccc1C#N)c1ccc(OCc2c(-c3c(Cl)cccc3Cl)noc2C2CC2)cc1Cl,7.3448615651886175,1,EC50,FXR,CHEMBL2047
C/C(=N\OCc1cc(C(=O)O)ccc1C#N)c1ccc(OCc2c(-c3ccccc3OC(F)(F)F)noc2C2CC2)c(C)c1,6.356349961782671,1,EC50,FXR,CHEMBL2047
C/C(=N\OCc1cc(C(=O)O)ccc1C#N)c1ccc(OCc2c(-c3ccccc3OC(F)(F)F)noc2C2CC2)c(F)c1,6.459920911195827,1,EC50,FXR,CHEMBL2047
C/C(=N\OCc1cc(C(=O)O)ccc1C#N)c1ccc(OCc2c(-c3ccccc3OC(F)(F)F)noc2C2CC2)cc1Cl,7.442492798094342,1,EC50,FXR,CHEMBL2047
C/C(=N\OCc1cc(C)cc(C(=O)O)c1)c1ccc(OCc2c(-c3c(Cl)cccc3Cl)noc2C2CC2)cc1Cl,7.22767829327708,1,EC50,FXR,CHEMBL2047
C/C(=N\OCc1cc(C)cc(C(=O)O)c1)c1ccc(OCc2c(-c3ccccc3OC(F)(F)F)noc2C2CC2)c(C)c1,6.281415279972563,1,EC50,FXR,CHEMBL2047
C/C(=N\OCc1cc(C)cc(C(=O)O)c1)c1ccc(OCc2c(-c3ccccc3OC(F)(F)F)noc2C2CC2)c(F)c1,5.8716976828356495,1,EC50,FXR,CHEMBL2047
C/C(=N\OCc1cc(C)cc(C(=O)O)c1)c1ccc(OCc2c(-c3ccccc3OC(F)(F)F)noc2C2CC2)cc1Cl,6.800519085137644,1,EC50,FXR,CHEMBL2047
C/C(=N\OCc1ccc(C(=O)O)cc1)c1ccc(OCc2c(-c3c(Cl)cccc3Cl)noc2C2CC2)cc1,6.893129455521346,1,EC50,FXR,CHEMBL2047
C/C(=N\OCc1ccc(C(=O)O)cc1)c1ccc(OCc2c(-c3c(Cl)cccc3Cl)noc2C2CC2)cc1Cl,6.873868592738016,1,EC50,FXR,CHEMBL2047
C/C(=N\OCc1ccc(C(=O)O)o1)c1ccc(OCc2c(-c3c(Cl)cccc3Cl)noc2C2CC2)cc1Cl,7.303643611266668,1,EC50,FXR,CHEMBL2047
C/C(=N\OCc1ccc(C(=O)O)o1)c1ccc(OCc2c(-c3c(Cl)cccc3Cl)noc2C2CC2)cn1,5.857860919867865,1,EC50,FXR,CHEMBL2047
C/C(=N\OCc1cccc(C(=O)O)c1)c1ccc(OCc2c(-c3c(Cl)cccc3Cl)noc2C2CC2)c(Cl)c1,6.586532587014175,1,EC50,FXR,CHEMBL2047
C/C(=N\OCc1cccc(C(=O)O)c1)c1ccc(OCc2c(-c3c(Cl)cccc3Cl)noc2C2CC2)cc1,6.746904414150968,1,EC50,FXR,CHEMBL2047
C/C(=N\OCc1cccc(C(=O)O)c1)c1ccc(OCc2c(-c3c(Cl)cccc3Cl)noc2C2CC2)cc1Br,7.429457060118103,1,EC50,FXR,CHEMBL2047
C/C(=N\OCc1cccc(C(=O)O)c1)c1ccc(OCc2c(-c3c(Cl)cccc3Cl)noc2C2CC2)cc1C(F)(F)F,6.712870379280889,1,EC50,FXR,CHEMBL2047
C/C(=N\OCc1cccc(C(=O)O)c1)c1ccc(OCc2c(-c3c(Cl)cccc3Cl)noc2C2CC2)cc1Cl,7.324221658325915,1,EC50,FXR,CHEMBL2047
C/C(=N\OCc1cccc(C(=O)O)c1)c1ccc(OCc2c(-c3c(Cl)cccc3Cl)noc2C2CC2)cc1F,7.253365801062421,1,EC50,FXR,CHEMBL2047
C/C(=N\OCc1cccc(C(=O)O)c1)c1ccc(OCc2c(-c3c(Cl)cccc3Cl)noc2C2CC2)cn1,6.6311554931741785,1,EC50,FXR,CHEMBL2047
C/C(=N\OCc1cccc(C(=O)O)c1)c1ccc(OCc2c(-c3ccccc3OC(F)(F)F)noc2C2CC2)cc1Cl,6.968591535748375,1,EC50,FXR,CHEMBL2047
C/C(=N\OCc1ccccc1C(=O)O)c1ccc(OCc2c(-c3c(Cl)cccc3Cl)noc2C2CC2)cc1Cl,7.122628654130226,1,EC50,FXR,CHEMBL2047
C/C(=N\OCc1cncc(C(=O)O)c1)c1ccc(OCc2c(-c3c(Cl)cccc3Cl)noc2C2CC2)cc1Cl,7.187086643357144,1,EC50,FXR,CHEMBL2047
C/C(=N\OCc1cncc(C(=O)O)c1)c1ccc(OCc2c(-c3ccccc3OC(F)(F)F)noc2C2CC2)c(C)c1,5.737074530668169,1,EC50,FXR,CHEMBL2047
C/C(=N\OCc1cncc(C(=O)O)c1)c1ccc(OCc2c(-c3ccccc3OC(F)(F)F)noc2C2CC2)c(F)c1,6.1379879487497835,1,EC50,FXR,CHEMBL2047
C/C(=N\OCc1cncc(C(=O)O)c1)c1ccc(OCc2c(-c3ccccc3OC(F)(F)F)noc2C2CC2)cc1Cl,7.261219441515631,1,EC50,FXR,CHEMBL2047
C/C=C1/C(=O)C[C@H]2[C@@H]3CCC4=CC(=O)CC[C@]4(C)[C@H]3CC[C@]12C,5.593931664324144,13,"EC50,IC50",FXR,CHEMBL2047
C/C=C1\C(=O)C[C@H]2[C@@H]3CCC4=CC(=O)CC[C@]4(C)[C@H]3CC[C@]12C,4.345081586699728,7,IC50,FXR,CHEMBL2047
C=C(C)[C@@H](O)[C@@H](O)C[C@@H](C)C1=C2C=C[C@H]3[C@@]4(C)CCC(=O)C(C)(C)[C@@H]4CC[C@]3(C)[C@@]2(C)CC1=O,5.619788758288394,1,EC50,FXR,CHEMBL2047
C=C(C)[C@@H](O)[C@@H](O)C[C@@H](C)C1=C2CC[C@H]3[C@@]4(C)CCC(=O)C(C)(C)[C@@H]4CC[C@]3(C)[C@@]2(C)CC1,5.518557371497695,1,EC50,FXR,CHEMBL2047
C=C(C)[C@@H](O)[C@@H]1C[C@@H](C)[C@@]2(CC[C@@]3(C)C2=C[C@H](O)[C@H]2[C@@]4(C)CCC(=O)C(C)(C)[C@@H]4CC[C@@]23C)O1,4.810509686300633,1,EC50,FXR,CHEMBL2047
C=C(C)[C@@H](O)[C@@H]1C[C@@H](C)[C@@]2(CC[C@@]3(C)C2=C[C@H](OC)[C@H]2[C@@]4(C)CCC(=O)C(C)(C)[C@@H]4CC[C@@]23C)O1,4.7544873321858505,1,EC50,FXR,CHEMBL2047
C=C(C)[C@@H]1OC(C)(C)O[C@H]1C[C@@H](C)C1=C2C[C@H](O)[C@H]3[C@@]4(C)CCC(=O)C(C)(C)[C@@H]4CC[C@]3(C)[C@@]2(C)CC1,5.055517327849831,1,EC50,FXR,CHEMBL2047
C=C(C)[C@H](O)[C@@H](O)C[C@@H](C)C1=C2C[C@H](O)[C@H]3[C@@]4(C)CCC(=O)C(C)(C)[C@@H]4CC[C@]3(C)[C@@]2(C)CC1,4.618163200001657,1,EC50,FXR,CHEMBL2047
C=C(C)[C@H](O)[C@@H]1C[C@@H](C)C2=C3C[C@H](O)[C@H]4[C@@]5(C)CCC(=O)C(C)(C)[C@@H]5CC[C@]4(C)[C@@]3(C)C[C@@H]2O1,4.876148359032914,1,EC50,FXR,CHEMBL2047
C=C(C[C@@H](C)[C@H]1CC[C@H]2[C@@H]3[C@H](O)C[C@@H]4C[C@H](O)CC[C@]4(C)[C@H]3C[C@H](O)[C@]12C)C(=O)O,4.628932137728264,1,EC50,FXR,CHEMBL2047
C=C1CC[C@@H]2[C@](C)(CO)[C@H](O)CC[C@@]2(C)[C@@H]1C/C=C1/C(=O)OC[C@@H]1Oc1ccc([N+](=O)[O-])cc1,6.259637310505756,1,IC50,FXR,CHEMBL2047
C=C1CC[C@@H]2[C@](C)(CO)[C@H](O)CC[C@@]2(C)[C@@H]1C/C=C1/C(=O)OC[C@@H]1Oc1ccccc1OC,6.259637310505756,1,IC50,FXR,CHEMBL2047
C=C1CC[C@@H]2[C@](C)(CO)[C@H](O)CC[C@@]2(C)[C@@H]1C/C=C1/C(=O)OC[C@H]1O,5.013228265733755,2,IC50,FXR,CHEMBL2047
C=C1CC[C@@H]2[C@]3(C)COC(C)(C)O[C@@H]3CC[C@@]2(C)[C@@H]1C/C=C1/C(=O)OC[C@@H]1Oc1ccc([N+](=O)[O-])cc1OC,6.259637310505756,1,IC50,FXR,CHEMBL2047
C=C1[C@@H](O)CC[C@]2(C)C3CC[C@@]4(C)C(=C3CC[C@@H]12)CC[C@@H]4[C@H](C)CC[C@H](CC)C(C)C,4.3979400086720375,1,IC50,FXR,CHEMBL2047
C=CC[C@@H]1C2C[C@H](O)CC[C@]2(C)[C@H]2CC[C@]3(C)C([C@H](C)CCC(=O)O)CC[C@H]3[C@@H]2[C@@H]1O,6.318758762624412,1,EC50,FXR,CHEMBL2047
C=CC[C@H](C[C@@H](C)[C@H]1CC[C@H]2[C@@H]3[C@H](O)C[C@@H]4C[C@H](O)CC[C@]4(C)[C@H]3C[C@H](O)[C@]12C)C(=O)O,4.356547323513812,1,EC50,FXR,CHEMBL2047
C=Cc1ccc2c(c1)-c1c(c(C(=O)N(CCNC(C)=O)Cc3ccccc3)nn1C)CO2,6.695736983211403,2,EC50,FXR,CHEMBL2047
CC(=O)/C=C/C[C@@H](C)C1=C2C[C@H](O)[C@H]3[C@@]4(C)CCC(=O)C(C)(C)[C@@H]4CC[C@]3(C)[C@@]2(C)CC1,6.537602002101044,1,EC50,FXR,CHEMBL2047
CC(=O)C1=C2C=C[C@H]3[C@@]4(C)CCC(=O)C(C)(C)[C@@H]4CC[C@]3(C)[C@@]2(C)CC1=O,4.693789491832239,1,EC50,FXR,CHEMBL2047
CC(=O)C1CCC(Cn2c(-c3ccc(OCc4c(-c5c(Cl)cccc5Cl)noc4C(C)C)cc3)nc3ccc(C(=O)O)cc32)CC1,5.933264204649071,1,EC50,FXR,CHEMBL2047
CC(=O)C1CCN(C(C(=O)NC2CCCCC2)n2c(-c3ccc(Cl)cc3)nc3ccccc32)CC1,4.830325565941193,1,IC50,FXR,CHEMBL2047
CC(=O)N1CCC(C[C@@H](c2nc3cc(F)ccc3n2C)N2C(=O)CN(c3ccc(Oc4ccccc4)cc3)C2=O)CC1,7.040460953811963,2,IC50,FXR,CHEMBL2047
CC(=O)N1CCC(C[C@@H](c2nc3ccc(C)cc3n2C)N2C(=O)CN(c3ccc(Oc4ccccc4)cc3)C2=O)CC1,7.792513326014591,2,IC50,FXR,CHEMBL2047
CC(=O)N1CCC(C[C@@H](c2nc3ccc(Cl)cc3n2C)N2C(=O)CN(c3ccc(Oc4ccccc4)cc3)C2=O)CC1,7.27642098432889,2,IC50,FXR,CHEMBL2047
CC(=O)N1CCC(C[C@@H](c2nc3ccccc3n2C)N2C(=O)CN(c3ccc(Oc4ccccc4)cc3)C2=O)CC1,8.914869142302521,2,IC50,FXR,CHEMBL2047
CC(=O)N1CCC(n2c(-c3ccc(OCc4c(-c5c(Cl)cccc5Cl)noc4C(C)C)cc3)nc3ccc(C(=O)O)cc32)CC1,5.844056982028164,1,EC50,FXR,CHEMBL2047
CC(=O)N1CCN(c2ccc(CN(C3CCC3)S(=O)(=O)Cc3ccccc3F)c(F)c2)CC1,5.214670164989233,1,EC50,FXR,CHEMBL2047
CC(=O)NCCN(CC1CCCCC1)C(=O)c1nn(C)c2c1COc1ccc(Cl)cc1-2,5.430918149154275,2,EC50,FXR,CHEMBL2047
CC(=O)NCCN(Cc1ccc(F)cc1)C(=O)c1nn(C)c2c1COc1ccc(Br)cc1-2,6.279860393382206,2,EC50,FXR,CHEMBL2047
CC(=O)NCCN(Cc1cccc(F)c1)C(=O)c1nn(C)c2c1COc1ccc(Br)cc1-2,7.602407705158788,2,EC50,FXR,CHEMBL2047
CC(=O)NCCN(Cc1ccccc1)C(=O)c1c2c(nn1C)-c1cc(Br)ccc1OC2,5.221848749616356,1,EC50,FXR,CHEMBL2047
CC(=O)NCCN(Cc1ccccc1)C(=O)c1n[nH]c2c1COc1ccc(Br)cc1-2,4.958607314841775,1,EC50,FXR,CHEMBL2047
CC(=O)NCCN(Cc1ccccc1)C(=O)c1nn(C(C)C)c2c1COc1ccc(Br)cc1-2,5.395242492728684,2,EC50,FXR,CHEMBL2047
CC(=O)NCCN(Cc1ccccc1)C(=O)c1nn(C)c2c1C(C)(C)Oc1ccc(Br)cc1-2,5.366531544420413,1,EC50,FXR,CHEMBL2047
CC(=O)NCCN(Cc1ccccc1)C(=O)c1nn(C)c2c1COc1ccc(Br)cc1-2,7.360623199523586,2,EC50,FXR,CHEMBL2047
CC(=O)NCCN(Cc1ccccc1)C(=O)c1nn(C)c2c1COc1ccc(C3CC3)cc1-2,6.939614353531503,2,EC50,FXR,CHEMBL2047
CC(=O)NCCN(Cc1ccccc1)C(=O)c1nn(C)c2c1COc1ccc(Cl)cc1-2,6.795456315276082,2,EC50,FXR,CHEMBL2047
CC(=O)NCCN(Cc1ccccc1)C(=O)c1nn(C)c2c1COc1ccc(I)cc1-2,7.752922702990778,2,EC50,FXR,CHEMBL2047
CC(=O)NCCN(Cc1ccccc1)C(=O)c1nn(C)c2c1COc1ccccc1-2,6.239954835943578,2,EC50,FXR,CHEMBL2047
CC(=O)NCCN(Cc1ccccc1F)C(=O)c1nn(C)c2c1COc1ccc(Br)cc1-2,7.479303657420887,2,EC50,FXR,CHEMBL2047
CC(=O)NCCN(Cc1ccccn1)C(=O)c1nn(C)c2c1COc1ccc(Br)cc1-2,5.491149514387941,2,EC50,FXR,CHEMBL2047
CC(=O)Nc1ccc(CNC(=O)c2ccc(C(C)(C)C)cc2)cc1,5.537602002101044,1,EC50,FXR,CHEMBL2047
CC(=O)Nc1ccc(S(=O)(=O)Oc2cc(Cl)ccc2CN(Cc2ccc(F)cc2)C(=O)c2cccc(F)c2)cc1,5.431798275933005,1,IC50,FXR,CHEMBL2047
CC(=O)Nc1ccc(S(=O)(=O)Oc2ccc(Cl)cc2CN(CC2CC2)C(=O)c2cccc(F)c2)cc1,5.017728766960431,1,IC50,FXR,CHEMBL2047
CC(=O)Nc1ccc(S(=O)(=O)Oc2ccc(Cl)cc2CN(Cc2ccco2)C(=O)c2ccccc2F)cc1,5.443697499232712,1,IC50,FXR,CHEMBL2047
CC(=O)O[C@@H](C[C@@H](C)C1=C2C=C[C@H]3[C@@]4(C)CCC(=O)C(C)(C)[C@@H]4CC[C@]3(C)[C@@]2(C)CC1=O)[C@H](O)C(C)(C)O,4.915781313260761,1,EC50,FXR,CHEMBL2047
CC(=O)O[C@@H](C[C@@H](C)C1=C2C[C@H](O)[C@H]3[C@@]4(C)CCC(=O)C(C)(C)[C@@H]4CC[C@]3(C)[C@@]2(C)CC1)[C@H]1OC1(C)C,5.447331783887806,1,EC50,FXR,CHEMBL2047
CC(=O)O[C@@H](C[C@@H](C)C1=C2C[C@H](O)[C@H]3[C@@]4(C)CCC(=O)C(C)(C)[C@@H]4CC[C@]3(C)[C@@]2(C)CC1=O)[C@H]1OC1(C)C,5.6777807052660805,1,EC50,FXR,CHEMBL2047
CC(=O)O[C@@H]([C@@H](O)C[C@@H](C)C1=C2C[C@H](O)[C@H]3[C@@]4(C)CCC(=O)C(C)(C)[C@@H]4CC[C@]3(C)[C@@]2(C)CC1)C(C)(C)O,4.815024809301739,1,EC50,FXR,CHEMBL2047
CC(=O)O[C@@H]1C[C@@]2(C)C(=C1[C@H](C)C[C@H](O)[C@H]1OC1(C)C)C[C@H](O)[C@H]1[C@@]3(C)CCC(=O)C(C)(C)[C@@H]3CC[C@@]12C,5.58838029403677,1,EC50,FXR,CHEMBL2047
CC(=O)O[C@H]([C@@H](O)C[C@@H](C)C1=C2CC[C@H]3[C@@]4(C)CCC(=O)C(C)(C)[C@@H]4CC[C@]3(C)[C@@]2(C)CC1)C(C)(C)O,5.016824927962187,1,EC50,FXR,CHEMBL2047
CC(=O)O[C@H]([C@@H](O)C[C@@H](C)C1=C2C[C@H](O)[C@H]3[C@@]4(C)CCC(=O)C(C)(C)[C@@H]4CC[C@]3(C)[C@@]2(C)CC1)C(C)(C)O,4.466100899203405,1,EC50,FXR,CHEMBL2047
CC(=O)O[C@H]([C@@H]1C[C@@H](C)C2=C3C=C[C@H]4[C@@]5(C)CCC(=O)C(C)(C)[C@@H]5CC[C@]4(C)[C@@]3(C)C[C@@H]2O1)C(C)(C)O,5.324221658325914,1,EC50,FXR,CHEMBL2047
CC(=O)O[C@H]([C@@H]1C[C@@H](C)C2=C3CC[C@H]4[C@@]5(C)CCC(=O)C(C)(C)[C@@H]5CC[C@]4(C)[C@@]3(C)C[C@@H]2O1)C(C)(C)O,4.328271911760442,1,EC50,FXR,CHEMBL2047
CC(=O)O[C@H]([C@@H]1C[C@@H](C)C2=C3C[C@H](O)[C@H]4[C@@]5(C)CCC(=O)C(C)(C)[C@@H]5CC[C@]4(C)[C@@]3(C)C[C@@H]2O1)C(C)(C)O,4.597051170655595,1,EC50,FXR,CHEMBL2047
CC(=O)O[C@H]([C@@H]1C[C@@H](C)C2=C3[C@H](O)C[C@H]4[C@@]5(C)CCC(=O)C(C)(C)[C@@H]5CC[C@]4(C)[C@@]3(C)C[C@@H]2O1)C(C)(C)O,4.521722168080395,1,EC50,FXR,CHEMBL2047
CC(=O)O[C@H]1C[C@@H](C)C2=C3C[C@H](O)[C@H]4[C@@]5(C)CCC(=O)C(C)(C)[C@@H]5CC[C@]4(C)[C@@]3(C)C[C@@H]2O[C@H]1C(C)(C)O,4.695724949522872,1,EC50,FXR,CHEMBL2047
CC(=O)O[C@H]1C[C@@H](C)[C@@]2(CC[C@@]3(C)C(=O)C=C[C@H]4[C@@]5(C)CCC(=O)C(C)(C)[C@@H]5CC[C@@]43C)O[C@@H]1C(C)(C)O2,4.611188586526477,1,EC50,FXR,CHEMBL2047
CC(=O)O[C@H]1C[C@@]2(C)C(=C1[C@H](C)C[C@H](O)[C@H]1OC1(C)C)C[C@H](O)[C@H]1[C@@]3(C)CCC(=O)C(C)(C)[C@@H]3CC[C@@]12C,4.418391633967943,1,EC50,FXR,CHEMBL2047
CC(=O)Oc1ccc(NC(=O)c2ccc(Cl)cc2Cl)cc1C(C)(C)C,4.809668301829708,1,IC50,FXR,CHEMBL2047
CC(=O)c1cc(CC(C)C)c(OCCCCCC(C)(C)c2nnn[nH]2)cc1O,5.236572006437063,1,IC50,FXR,CHEMBL2047
CC(=O)c1ccc(CNC(=O)c2ccc(C(C)(C)C)cc2)cc1,7.0,1,EC50,FXR,CHEMBL2047
CC(=O)c1cccc(NC(=O)c2ccccc2NC(=O)c2ccc(C(C)(C)C)cc2)c1,6.318758762624412,1,EC50,FXR,CHEMBL2047
CC(C(=O)O)c1ccc(NC(=O)c2ccc(C(C)(C)C)cc2)cc1,6.013228265733755,1,IC50,FXR,CHEMBL2047
CC(C)(C(=O)O)c1ccc(-c2ccc(OCc3c(-c4c(Cl)cccc4Cl)noc3C3CC3)cc2)cc1,5.890759031411797,1,EC50,FXR,CHEMBL2047
CC(C)(C(=O)O)c1cccc(-c2ccc(OCc3c(-c4c(Cl)cccc4Cl)noc3C3CC3)cc2)c1,6.090979145788844,1,EC50,FXR,CHEMBL2047
CC(C)(C)OC(=O)/C=C/c1ccc(CN(C(=O)C2CCCCC2)c2cccc(/C=C/C(=O)OC(C)(C)C)c2)cc1,6.0,1,EC50,FXR,CHEMBL2047
CC(C)(C)OC(=O)/N=C(/NCCc1cc(NC(=O)Nc2ccncc2)no1)NC(=O)OC(C)(C)C,4.523748203992967,1,EC50,FXR,CHEMBL2047
CC(C)(C)OC(=O)/N=C(\NCCCc1cc(C(=O)NCc2ccncc2)no1)NC(=O)OC(C)(C)C,4.812761380168522,1,EC50,FXR,CHEMBL2047
CC(C)(C)c1cc(NC(=O)c2c(Cl)cc(N)cc2Cl)ccc1O,5.2839966563652006,1,IC50,FXR,CHEMBL2047
CC(C)(C)c1cc(NC(=O)c2c(Cl)cc(NC3CCCC3)cc2Cl)ccc1O,5.301029995663981,1,IC50,FXR,CHEMBL2047
CC(C)(C)c1cc(NC(=O)c2c(Cl)cc(NC3CCCCC3)cc2Cl)ccc1O,5.6020599913279625,1,IC50,FXR,CHEMBL2047
CC(C)(C)c1cc(NC(=O)c2c(Cl)cc(NCc3cccnc3)cc2Cl)ccc1O,5.443697499232712,1,IC50,FXR,CHEMBL2047
CC(C)(C)c1cc(NC(=O)c2c(Cl)cc(NCc3cccs3)cc2Cl)ccc1O,5.065501548756432,1,IC50,FXR,CHEMBL2047
CC(C)(C)c1cc(NC(=O)c2c(Cl)cc(NCc3ccncc3)cc2Cl)ccc1O,5.008773924307505,1,IC50,FXR,CHEMBL2047
CC(C)(C)c1cc(NC(=O)c2ccc(Cl)cc2Cl)ccc1O,4.866461091629782,1,IC50,FXR,CHEMBL2047
CC(C)(C)c1cc(OC(=O)c2c(Cl)cc(N)cc2Cl)ccc1O,6.221848749616356,1,IC50,FXR,CHEMBL2047
CC(C)(C)c1cc(OC(=O)c2c(Cl)cc([N+](=O)[O-])cc2Cl)ccc1O,5.229147988357855,1,IC50,FXR,CHEMBL2047
CC(C)(C)c1cc(OC(=O)c2ccc(Cl)cc2Cl)ccc1O,4.991399828238082,1,IC50,FXR,CHEMBL2047
CC(C)(C)c1cc(OC(=O)c2ccc(N)cc2)ccc1O,4.465973893943865,1,IC50,FXR,CHEMBL2047
CC(C)(C)c1cc(OC(=O)c2ccc(N)cc2Cl)ccc1O,5.142667503568731,1,IC50,FXR,CHEMBL2047
CC(C)(C)c1cc(OC(=O)c2ccc([N+](=O)[O-])cc2)ccc1O,4.896196279044043,1,IC50,FXR,CHEMBL2047
CC(C)(C)c1cc(OC(=O)c2ccc([N+](=O)[O-])cc2Cl)ccc1O,5.055517327849831,1,IC50,FXR,CHEMBL2047
CC(C)(C)c1ccc(-c2cc(CCC(=O)O)n[nH]2)cc1,7.221848749616356,1,IC50,FXR,CHEMBL2047
CC(C)(C)c1ccc(-c2cccc3c2ncn3Cc2ccc(C(=O)O)cc2)cc1,6.119186407719209,1,EC50,FXR,CHEMBL2047
CC(C)(C)c1ccc(-c2cn(CCC(=O)O)nn2)cc1,6.045757490560675,1,IC50,FXR,CHEMBL2047
CC(C)(C)c1ccc(-c2nnc(CCC(=O)O)o2)cc1,6.886056647693163,1,IC50,FXR,CHEMBL2047
CC(C)(C)c1ccc(-n2cnc3c(-c4ccc(C(=O)O)cc4)cccc32)cc1,5.648397314652256,2,"EC50,IC50",FXR,CHEMBL2047
CC(C)(C)c1ccc(-n2cnc3c(NC(=O)Cc4ccc(C(=O)O)cc4)cccc32)cc1,5.669112014972739,3,"EC50,IC50",FXR,CHEMBL2047
CC(C)(C)c1ccc(-n2cnc3c(NC(=O)c4ccc(C(=O)O)cc4)cccc32)cc1,6.309803919971486,1,EC50,FXR,CHEMBL2047
CC(C)(C)c1ccc(C(=O)N(Cc2ccccc2)c2ccc(CC(=O)O)cc2)cc1,5.657577319177793,1,IC50,FXR,CHEMBL2047
CC(C)(C)c1ccc(C(=O)NCc2ccc(-c3nnn[nH]3)cc2)cc1,6.920818753952375,1,EC50,FXR,CHEMBL2047
CC(C)(C)c1ccc(C(=O)NCc2ccc(C(=O)O)c(Cl)c2)cc1,8.05551732784983,1,EC50,FXR,CHEMBL2047
CC(C)(C)c1ccc(C(=O)NCc2ccc(C(=O)O)c(F)c2)cc1,6.853871964321762,1,EC50,FXR,CHEMBL2047
CC(C)(C)c1ccc(C(=O)NCc2ccc(C(=O)O)cc2)cc1,6.431798275933005,1,EC50,FXR,CHEMBL2047
CC(C)(C)c1ccc(C(=O)NCc2ccc(C(=O)O)cc2Cl)cc1,5.1249387366083,1,EC50,FXR,CHEMBL2047
CC(C)(C)c1ccc(C(=O)NCc2ccc(C(=O)O)cc2F)cc1,8.10790539730952,1,EC50,FXR,CHEMBL2047
CC(C)(C)c1ccc(C(=O)NCc2ccc(C(N)=O)cc2)cc1,5.42021640338319,1,EC50,FXR,CHEMBL2047
CC(C)(C)c1ccc(C(=O)NCc2ccc(C=O)cc2)cc1,5.275724130399211,1,EC50,FXR,CHEMBL2047
CC(C)(C)c1ccc(C(=O)NCc2ccc(CC(=O)O)cc2)cc1,5.1938200260161125,1,EC50,FXR,CHEMBL2047
CC(C)(C)c1ccc(C(=O)NCc2ccc(CCC(=O)O)cc2)cc1,6.455931955649724,1,EC50,FXR,CHEMBL2047
CC(C)(C)c1ccc(C(=O)NCc2ccc(N)cc2Cl)cc1,7.367591088495232,2,EC50,FXR,CHEMBL2047
CC(C)(C)c1ccc(C(=O)NCc2ccc(NC(=O)C(F)(F)F)cc2)cc1,6.585026652029182,1,EC50,FXR,CHEMBL2047
CC(C)(C)c1ccc(C(=O)NCc2ccc(NC(=O)C(F)(F)F)cc2Cl)cc1,7.853871964321762,1,EC50,FXR,CHEMBL2047
CC(C)(C)c1ccc(C(=O)NCc2ccc(NS(=O)(=O)C3CC3)cc2Cl)cc1,5.823908740944319,1,EC50,FXR,CHEMBL2047
CC(C)(C)c1ccc(C(=O)NCc2ccc(NS(C)(=O)=O)cc2)cc1,7.356547323513812,1,EC50,FXR,CHEMBL2047
CC(C)(C)c1ccc(C(=O)NCc2ccc(NS(C)(=O)=O)cc2Cl)cc1,7.69466991845506,4,EC50,FXR,CHEMBL2047
CC(C)(C)c1ccc(C(=O)NCc2ccc(OC(F)(F)F)cc2)cc1,6.795880017344075,1,EC50,FXR,CHEMBL2047
CC(C)(C)c1ccc(C(=O)NCc2ccc(OCC(=O)O)cc2)cc1,6.136677139879544,1,EC50,FXR,CHEMBL2047
CC(C)(C)c1ccc(C(=O)NCc2ccc(S(C)(=O)=O)cc2)cc1,5.42021640338319,1,EC50,FXR,CHEMBL2047
CC(C)(C)c1ccc(C(=O)NCc2ccc(S(N)(=O)=O)cc2)cc1,5.853871964321762,1,EC50,FXR,CHEMBL2047
CC(C)(C)c1ccc(C(=O)NCc2ccc(S(N)(=O)=O)cc2F)cc1,6.013228265733755,1,EC50,FXR,CHEMBL2047
CC(C)(C)c1ccc(C(=O)NCc2ccc(SC(F)(F)F)cc2)cc1,9.397940008672037,1,EC50,FXR,CHEMBL2047
CC(C)(C)c1ccc(C(=O)NCc2cccc(C(=O)O)c2)cc1,5.769551078621726,1,EC50,FXR,CHEMBL2047
CC(C)(C)c1ccc(C(=O)Nc2cc(Br)ccc2C(=O)Nc2cccc(C(=O)O)c2)cc1,7.318758762624412,1,EC50,FXR,CHEMBL2047
CC(C)(C)c1ccc(C(=O)Nc2cc(Cl)ccc2C(=O)Nc2cccc(C(=O)O)c2)cc1,7.1243604480083285,2,EC50,FXR,CHEMBL2047
CC(C)(C)c1ccc(C(=O)Nc2ccc(CC(=O)O)cc2)c(O)c1,6.853871964321762,1,IC50,FXR,CHEMBL2047
CC(C)(C)c1ccc(C(=O)Nc2ccc(CC(=O)O)cc2)cc1,7.119186407719209,1,IC50,FXR,CHEMBL2047
CC(C)(C)c1ccc(C(=O)Nc2ccc(CCC(=O)O)cc2)cc1,6.200659450546418,1,IC50,FXR,CHEMBL2047
CC(C)(C)c1ccc(C(=O)Nc2ccc(CCCC(=O)O)cc2)cc1,6.154901959985743,1,IC50,FXR,CHEMBL2047
CC(C)(C)c1ccc(C(=O)Nc2ccc(Cl)cc2C(=O)Nc2cccc(C(=O)O)c2)cc1,4.910094888560602,1,IC50,FXR,CHEMBL2047
CC(C)(C)c1ccc(C(=O)Nc2ccc3ccn(Cc4ccc(C(=O)O)cc4)c3c2)cc1,5.455931955649724,1,EC50,FXR,CHEMBL2047
CC(C)(C)c1ccc(C(=O)Nc2cccc(C(=O)O)c2)cc1,10.045757490560675,1,EC50,FXR,CHEMBL2047
CC(C)(C)c1ccc(C(=O)Nc2cccc(CC(=O)O)c2)cc1,6.426935982160881,2,IC50,FXR,CHEMBL2047
CC(C)(C)c1ccc(C(=O)Nc2cccc(CCC(=O)O)c2)c(NC(=O)c2ccc3ccccc3c2)c1,6.522878745280337,1,EC50,FXR,CHEMBL2047
CC(C)(C)c1ccc(C(=O)Nc2ccccc2C(=O)NCCCC(=O)O)cc1,5.6020599913279625,3,EC50,FXR,CHEMBL2047
CC(C)(C)c1ccc(C(=O)Nc2ccccc2C(=O)Nc2cc(C(=O)O)ccc2Cl)cc1,5.958607314841775,2,EC50,FXR,CHEMBL2047
CC(C)(C)c1ccc(C(=O)Nc2ccccc2C(=O)Nc2cc(C(=O)O)ccc2F)cc1,6.318758762624412,2,EC50,FXR,CHEMBL2047
CC(C)(C)c1ccc(C(=O)Nc2ccccc2C(=O)Nc2ccc(Br)c(C(=O)O)c2)cc1,6.823908740944319,2,EC50,FXR,CHEMBL2047
CC(C)(C)c1ccc(C(=O)Nc2ccccc2C(=O)Nc2ccc(C(=O)O)cc2)cc1,6.5043869621537524,2,EC50,FXR,CHEMBL2047
CC(C)(C)c1ccc(C(=O)Nc2ccccc2C(=O)Nc2ccc(Cl)c(C(=O)O)c2)cc1,6.552841968657781,2,EC50,FXR,CHEMBL2047
CC(C)(C)c1ccc(C(=O)Nc2ccccc2C(=O)Nc2cccc(-c3nnn[nH]3)c2)cc1,5.537602002101044,1,EC50,FXR,CHEMBL2047
CC(C)(C)c1ccc(C(=O)Nc2ccccc2C(=O)Nc2cccc(C#N)c2)cc1,6.638272163982407,2,EC50,FXR,CHEMBL2047
CC(C)(C)c1ccc(C(=O)Nc2ccccc2C(=O)Nc2cccc(C(=O)O)c2)cc1,6.552841968657781,2,EC50,FXR,CHEMBL2047
CC(C)(C)c1ccc(C(=O)Nc2ccccc2C(=O)Nc2cccc(C(N)=O)c2)cc1,7.142835120127383,2,EC50,FXR,CHEMBL2047
CC(C)(C)c1ccc(C(=O)Nc2ccccc2C(=O)Nc2cccc(CC(=O)O)c2)cc1,6.376750709602099,2,EC50,FXR,CHEMBL2047
CC(C)(C)c1ccc(C(=O)Nc2ccccc2C(=O)Nc2cccc(CCC(=O)O)c2)cc1,7.207834387816234,2,EC50,FXR,CHEMBL2047
CC(C)(C)c1ccc(C(=O)Nc2ccccc2CC(=O)O)cc1,6.991399828238082,1,IC50,FXR,CHEMBL2047
CC(C)(C)c1ccc(CC(=O)Nc2cccc3c2ncn3-c2ccc(C(=O)O)cc2)cc1,6.200659450546418,1,EC50,FXR,CHEMBL2047
CC(C)(C)c1ccc(CC(=O)Nc2cccc3c2ncn3Cc2ccc(C(=O)O)cc2)cc1,6.1938200260161125,1,EC50,FXR,CHEMBL2047
CC(C)(C)c1ccc(Cn2cnc3c(-c4ccc(C(=O)O)cc4)cccc32)cc1,6.853871964321762,1,EC50,FXR,CHEMBL2047
CC(C)(C)c1ccc(Cn2cnc3c(NC(=O)Cc4ccc(C(=O)O)cc4)cccc32)cc1,6.3872161432802645,1,EC50,FXR,CHEMBL2047
CC(C)(C)c1ccc(Cn2cnc3c(NC(=O)c4ccc(C(=O)O)cc4)cccc32)cc1,6.255724641749778,2,EC50,FXR,CHEMBL2047
CC(C)(C)c1ccc(NC(=O)Nc2ccc(C(=O)O)cc2)cc1,5.42021640338319,1,EC50,FXR,CHEMBL2047
CC(C)(C)c1ccc(S(=O)(=O)NC(=O)Nc2ccc([C@@H]3C[C@H]3c3ccc(OCc4c(-c5c(Cl)cccc5Cl)noc4C4CC4)cc3Cl)cc2)cc1,6.259637310505756,1,EC50,FXR,CHEMBL2047
CC(C)(C)c1ccc(S(=O)(=O)NC(=O)c2ccc([C@@H]3C[C@H]3c3ccc(OCc4c(-c5c(Cl)cccc5Cl)noc4C4CC4)cc3Cl)cc2)cc1,5.259637310505756,1,EC50,FXR,CHEMBL2047
CC(C)(C)c1cccc(C(=O)Nc2ccc(CC(=O)O)cc2)c1,6.721246399047171,1,IC50,FXR,CHEMBL2047
CC(C)(C)c1nc(C23CCC(CN(C(=O)C45CC(F)(C4)C5)c4cccc(-c5nc(C6CC6)no5)c4)(CC2)CC3)no1,7.537602002101044,1,EC50,FXR,CHEMBL2047
CC(C)(C)c1nc(C23CCC(CN(C(=O)C45CC(F)(C4)C5)c4cccc(-c5nnc(C6CC6)o5)c4)(CC2)CC3)no1,7.346787486224656,1,EC50,FXR,CHEMBL2047
CC(C)(C)c1noc(C23CCC(CN(C(=O)C45CC(F)(C4)C5)c4cccc(-c5nc(C6CC6)no5)c4)(CC2)CC3)n1,7.154901959985743,1,EC50,FXR,CHEMBL2047
CC(C)(C)n1ncc(C(=O)Nc2ccc3cnn(CC4CCN(c5ccc(C(=O)O)cc5)CC4)c3c2)c1-c1ccc(F)cc1,9.0,1,IC50,FXR,CHEMBL2047
CC(C)(O)[C@@H]1O[C@](C)(C2=C3C[C@H](O)[C@H]4[C@@]5(C)CCC(=O)C(C)(C)[C@@H]5CC[C@]4(C)[C@@]3(C)CC2=O)C[C@@H]1O,4.925915310971757,1,EC50,FXR,CHEMBL2047
CC(C)(O)c1ccc(-c2cccc(N(CC34CCC(c5noc(C(C)(C)F)n5)(CC3)CC4)C(=O)[C@H]3C[C@@](C)(O)C3)c2)cc1,7.6020599913279625,1,EC50,FXR,CHEMBL2047
CC(C)(O)c1ccc(-c2cccc(N(CC34CCC(c5noc(C(C)(C)F)n5)(CC3)CC4)C(=O)[C@H]3C[C@](O)(C(F)(F)F)C3)c2)cc1,7.422635896279922,2,EC50,FXR,CHEMBL2047
CC(C)(O)c1ccc(C(=O)NCc2ccc(NS(C)(=O)=O)cc2Cl)cc1,7.494850021680094,1,EC50,FXR,CHEMBL2047
CC(C)(Oc1ccc(-c2ccc(OCc3c(-c4c(Cl)cccc4Cl)noc3C3CC3)cc2)cc1)C(=O)O,6.037751810482944,2,EC50,FXR,CHEMBL2047
CC(C)(Sc1ccc(CCN(CCCCC2CCCCC2)C(=O)NC2CCCCC2)cc1)C(=O)O,5.308918507877031,1,IC50,FXR,CHEMBL2047
CC(C)C(=O)N1CCC(C[C@@H](c2nc3cc(F)ccc3n2C)N2C(=O)CN(c3ccc(Oc4ccccc4)cc3)C2=O)CC1,8.34518491628705,2,IC50,FXR,CHEMBL2047
CC(C)C(=O)N1CCC(C[C@@H](c2nc3ccc(Cl)cc3n2C)N2C(=O)CN(c3ccc(Oc4ccccc4)cc3)C2=O)CC1,8.593543321678572,2,IC50,FXR,CHEMBL2047
CC(C)C(=O)N1CCC(C[C@@H](c2nc3ccc(F)cc3n2C)N2C(=O)CN(c3ccc(Oc4ccc(F)cc4)cc3)C2=O)CC1,8.618098887962704,2,IC50,FXR,CHEMBL2047
CC(C)C(=O)N1CCC(C[C@@H](c2nc3ccc(F)cc3n2C2CC2)N2C(=O)CN(c3ccc(Oc4ccc(F)cc4)cc3)C2=O)CC1,8.891917048857003,2,IC50,FXR,CHEMBL2047
CC(C)C(=O)N1CCC(C[C@@H](c2nc3ccccc3n2C)N2C(=O)CN(c3ccc(Oc4ccccc4)cc3)C2=O)CC1,7.42021640338319,1,IC50,FXR,CHEMBL2047
CC(C)C(=O)N1CCC(C[C@@H](c2nc3ccccc3n2C2CC2)N2C(=O)CN(c3ccc(Oc4ccc(F)cc4)cc3)C2=O)CC1,7.799299729609228,2,IC50,FXR,CHEMBL2047
CC(C)C(=O)O[C@@H]1CC[C@]2(C)[C@H]3CC[C@@H]4[C@H]5[C@H](C(C)C)CC[C@]5(C(=O)NCC(=O)O)CC[C@@]4(C)[C@]3(C)CC[C@H]2C1(C)C,5.337242168318426,1,IC50,FXR,CHEMBL2047
CC(C)C(=O)[C@@H](O)C[C@@H](C)C1=C2C[C@H](O)[C@H]3[C@@]4(C)CCC(=O)C(C)(C)[C@@H]4CC[C@]3(C)[C@@]2(C)CC1,7.045757490560675,1,EC50,FXR,CHEMBL2047
CC(C)CC(=O)Nc1ccc(N(C)C)c(CN(Cc2ccccc2)S(=O)(=O)c2ccc(F)cc2)c1,5.235077015350111,1,IC50,FXR,CHEMBL2047
CC(C)CCOc1ccc(C(=O)Nc2cccc(C(=O)O)c2)cc1,6.667561540084394,1,EC50,FXR,CHEMBL2047
CC(C)CCOc1cccc(C(=O)Nc2cccc(C(=O)O)c2)c1,5.559248299520815,1,EC50,FXR,CHEMBL2047
CC(C)CN(C(=O)c1c(Cl)cccc1Cl)c1ccc(-c2ccc(OCC(=O)O)c(F)c2)cc1,5.853871964321762,1,EC50,FXR,CHEMBL2047
CC(C)CN(Cc1ccc(-c2ccc(S(C)(=O)=O)cc2)cc1)S(=O)(=O)Cc1ccccc1,5.619788758288394,1,EC50,FXR,CHEMBL2047
CC(C)CN(c1ccc(-c2ccc(C(=O)O)cc2)cc1)S(=O)(=O)c1c(Cl)cccc1Cl,5.455931955649724,1,EC50,FXR,CHEMBL2047
CC(C)CN(c1ccc(-c2ccc(CC(=O)O)cc2)cc1)S(=O)(=O)c1c(Cl)cccc1Cl,5.42021640338319,1,EC50,FXR,CHEMBL2047
CC(C)CN(c1ccc(-c2ccc(CCC(=O)O)cc2)cc1)S(=O)(=O)c1c(Cl)cccc1Cl,5.187086643357144,1,EC50,FXR,CHEMBL2047
CC(C)CN(c1ccc(-c2ccc(OC(C)C(=O)O)c(F)c2)cc1)S(=O)(=O)c1c(Cl)cccc1Cl,5.060480747381382,1,EC50,FXR,CHEMBL2047
CC(C)CN(c1ccc(-c2ccc(OCC(=O)O)c(F)c2)cc1)S(=O)(=O)c1c(Cl)cccc1Cl,6.119186407719209,1,EC50,FXR,CHEMBL2047
CC(C)CN(c1ccc(-c2ccc(OCC(=O)O)cc2)cc1)S(=O)(=O)c1c(Cl)cccc1Cl,6.050609993355087,1,EC50,FXR,CHEMBL2047
CC(C)CN(c1ccc(COc2ccc(C(=O)O)cc2)cc1)S(=O)(=O)c1c(Cl)cccc1Cl,5.6020599913279625,1,EC50,FXR,CHEMBL2047
CC(C)COc1ccc(-c2nnc(-c3ccc(C(=O)O)cc3)o2)cc1,6.688246138944246,1,EC50,FXR,CHEMBL2047
CC(C)COc1ccc(-c2nnc(-c3ccc(C(=O)O)cc3)s2)cc1,6.847711655616944,1,EC50,FXR,CHEMBL2047
CC(C)COc1ccc(C(=O)Nc2cccc(C(=O)O)c2)cc1,6.447331783887806,1,EC50,FXR,CHEMBL2047
CC(C)COc1cccc(C(=O)Nc2cccc(C(=O)O)c2)c1,5.947690900352677,1,EC50,FXR,CHEMBL2047
CC(C)C[C@@H](c1nc2cc(C(=O)O)ccc2n1C)N1C(=O)CN(c2ccc(Oc3ccccc3)cc2)C1=O,3.947306058075032,1,IC50,FXR,CHEMBL2047
CC(C)C[C@@H](c1nc2ccc(C(=O)O)cc2n1C)N1C(=O)CN(c2ccc(-c3ccccc3)cc2)C1=O,4.636388020107856,1,IC50,FXR,CHEMBL2047
CC(C)C[C@@H](c1nc2ccc(C(=O)O)cc2n1C)N1C(=O)CN(c2ccc(F)cc2)C1=O,3.3992448503603816,1,IC50,FXR,CHEMBL2047
CC(C)C[C@@H](c1nc2ccc(C(=O)O)cc2n1C)N1C(=O)CN(c2ccc(OC3CCCCC3)cc2)C1=O,3.901356274182943,1,IC50,FXR,CHEMBL2047
CC(C)C[C@@H](c1nc2ccc(C(=O)O)cc2n1C)N1C(=O)CN(c2ccc(Oc3ccc(Cl)cc3)cc2)C1=O,5.59176003468815,1,IC50,FXR,CHEMBL2047
CC(C)C[C@@H](c1nc2ccc(C(=O)O)cc2n1C)N1C(=O)CN(c2ccc(Oc3ccccc3)cc2)C1=O,4.36251027048749,1,IC50,FXR,CHEMBL2047
CC(C)C[C@@H](c1nc2ccc(C(=O)O)cc2n1C)N1C(=O)CN(c2cccc(Oc3ccccc3)c2)C1=O,4.739928612014925,1,IC50,FXR,CHEMBL2047
CC(C)C[C@@H](c1nc2ccc(C(=O)O)cc2n1C)N1C(=O)N(c2ccc(Oc3ccccc3)cc2)C(C)(C)C1=O,3.9804683154687446,1,IC50,FXR,CHEMBL2047
CC(C)C[C@@H](c1nc2ccc(C(=O)O)cc2n1C)N1CC(=O)N(c2ccc(Oc3ccccc3)cc2)CC1=O,3.379343520180379,1,IC50,FXR,CHEMBL2047
CC(C)C[C@@H](c1nc2ccc(C(=O)O)cc2n1C)N1CCN(c2ccc(Oc3ccccc3)cc2)C1=O,4.54515513999149,1,IC50,FXR,CHEMBL2047
CC(C)C[C@H](c1nc2ccc(C(=O)O)cc2n1C)N1C(=O)CN(c2ccc(Oc3ccccc3)cc2)C1=O,5.180456064458131,1,IC50,FXR,CHEMBL2047
CC(C)Cn1c(-c2ccc(OCc3c(-c4c(Cl)cccc4Cl)noc3C(C)C)cc2)nc2ccc(C(=O)O)cc21,7.943158651293298,2,EC50,FXR,CHEMBL2047
CC(C)OC(=O)/C=C/c1cc(F)cc(N(Cc2ccc(-c3ccc(N(C)C)cc3)c(C#N)c2)C(=O)C2CCCCC2)c1,6.096910013008056,1,EC50,FXR,CHEMBL2047
CC(C)OC(=O)/C=C/c1cc(N(Cc2ccc(-c3ccc(N(C)C)cc3)c(C#N)c2)C(=O)C2CCCCC2)ccc1F,6.096910013008056,1,EC50,FXR,CHEMBL2047
CC(C)OC(=O)/C=C/c1cccc(N(Cc2ccc(-c3ccc(N(C)C)cc3)c(C#N)c2)C(=O)C2CCCCC2)c1,6.221848749616356,1,EC50,FXR,CHEMBL2047
CC(C)OC(=O)/C=C/c1cccc(N(Cc2ccc(-c3ccc(N(C)C)cc3)c(C#N)c2)C(=O)C2CCCCC2)c1F,6.045757490560675,1,EC50,FXR,CHEMBL2047
CC(C)OC(=O)C1=CN(C(=O)C2CCCCC2)CC(C)(C)c2cc(C#N)[nH]c21,8.187086643357144,1,EC50,FXR,CHEMBL2047
CC(C)OC(=O)C1=CN(C(=O)c2ccc(C#N)cc2)CC(C)(C)c2cc(C#N)[nH]c21,7.455931955649724,1,EC50,FXR,CHEMBL2047
CC(C)OC(=O)C1=CN(C(=O)c2ccc(F)c(F)c2)CC(C)(C)c2c1[nH]c1ccccc21,7.795880017344075,1,EC50,FXR,CHEMBL2047
CC(C)OC(=O)C1=CN(C(=O)c2ccc(F)c(F)c2)CC(C)(C)c2cc(C#N)[nH]c21,8.200659450546418,1,EC50,FXR,CHEMBL2047
CC(C)OC(=O)C1=CN(C(=O)c2ccc(F)c(OCCN3CCOCC3)c2)CC(C)(C)c2c(C(F)(F)F)n[nH]c21,6.221848749616356,1,EC50,FXR,CHEMBL2047
CC(C)OC(=O)C1=CN(C(=O)c2ccc(F)cc2)CC(C)(C)c2cc(C#N)[nH]c21,8.301029995663981,1,EC50,FXR,CHEMBL2047
CC(C)OC(=O)C1=CN(C(=O)c2cccc(C(F)(F)F)c2)CC(C)(C)c2cc(C#N)[nH]c21,8.070581074285707,1,EC50,FXR,CHEMBL2047
CC(C)OC(=O)C1=CN(C(=O)c2cccc(Cl)c2)CC(C)(C)c2cc(C#N)[nH]c21,7.920818753952375,1,EC50,FXR,CHEMBL2047
CC(C)OC(=O)C1=CN(C(=O)c2cccc(F)c2)CC(C)(C)c2cc(C#N)[nH]c21,8.56246936830415,2,EC50,FXR,CHEMBL2047
CC(C)OC(=O)C1=CN(C(=O)c2cccc(OCCN3CCOCC3)c2)CC(C)(C)c2c(C(F)(F)F)n[nH]c21,6.221848749616356,1,EC50,FXR,CHEMBL2047
CC(C)OC(=O)C1=CN(C(=O)c2cccs2)CC(C)(C)c2cc(C#N)[nH]c21,7.795880017344075,1,EC50,FXR,CHEMBL2047
CC(C)OC(=O)C1CN(C(=O)C2CCCCC2)CC(C)(C)c2cc(C#N)[nH]c21,5.721246399047171,1,EC50,FXR,CHEMBL2047
CC(C)OC(=O)C1CN(C(=O)C2CCOCC2)CC(C)(C)c2cc(C#N)[nH]c21,5.481486060122112,1,EC50,FXR,CHEMBL2047
CC(C)OC(=O)C1CN(C(=O)c2ccc(C#N)cc2)CC(C)(C)c2cc(C#N)[nH]c21,5.2441251443275085,1,EC50,FXR,CHEMBL2047
CC(C)OC(=O)C1CN(C(=O)c2ccc(Cl)cc2)CC(C)(C)c2cc(C#N)[nH]c21,5.3872161432802645,1,EC50,FXR,CHEMBL2047
CC(C)OC(=O)C1CN(C(=O)c2ccc(F)c(F)c2)CC(C)(C)c2cc(C#N)[nH]c21,6.552841968657781,2,EC50,FXR,CHEMBL2047
CC(C)OC(=O)C1CN(C(=O)c2ccc(F)cc2)CC(C)(C)c2cc(C#N)[nH]c21,6.1938200260161125,1,EC50,FXR,CHEMBL2047
CC(C)OC(=O)C1CN(C(=O)c2cccc(C(F)(F)F)c2)CC(C)(C)c2cc(C#N)[nH]c21,5.568636235841012,1,EC50,FXR,CHEMBL2047
CC(C)OC(=O)C1CN(C(=O)c2cccc(Cl)c2)CC(C)(C)c2cc(C#N)[nH]c21,5.886056647693163,1,EC50,FXR,CHEMBL2047
CC(C)OC(=O)C1CN(C(=O)c2cccc(F)c2)CC(C)(C)c2cc(C#N)[nH]c21,5.886056647693163,1,EC50,FXR,CHEMBL2047
CC(C)Oc1ccc(C(=O)NCc2ccc(NS(C)(=O)=O)cc2Cl)cc1,6.3979400086720375,1,EC50,FXR,CHEMBL2047
CC(C)Oc1ccc(CNC(=O)c2ccc(C(C)(C)C)cc2)cc1,6.769551078621726,1,EC50,FXR,CHEMBL2047
CC(C)S(=O)(=O)Nc1ccc(CNC(=O)c2ccc(C(C)(C)C)cc2)c(Cl)c1,6.376750709602099,1,EC50,FXR,CHEMBL2047
CC(C)[C@@H](NC(=O)[C@@H]1CCCN1C(=O)[C@H](Cc1ccc(Br)cc1)NC(=O)[C@@H](C)NC=O)C(=O)N[C@H](C(=O)N[C@H](Cc1c[nH]c2ccccc12)C(=O)N[C@@H](CCCNC(=N)N)C(=O)N[C@H](CS(=O)(=O)O)C(=O)N[C@@H]1C(=O)N(C)[C@@H](CCC(N)=O)C(=O)N[C@H](Cc2ccccc2)C(=O)N[C@@H]([C@@H](C)O)C(=O)N[C@@H](CC(N)=O)C(=O)N(C)CC(=O)O[C@@H]1C)C(C)(C)C,5.301029995663981,1,IC50,FXR,CHEMBL2047
CC(C)[C@@H](NC(=O)[C@H]1CCCN1C(=O)[C@H](Cc1ccccc1)NC(=O)[C@@H](C)NC=O)C(=O)N[C@H](C(=O)N[C@H](Cc1c[nH]c2ccccc12)C(=O)N[C@@H](CCCNC(=N)N)C(=O)N[C@H](CS(=O)(=O)O)C(=O)N[C@H]1C(=O)N(C)[C@H](CCC(N)=O)C(=O)N[C@@H](Cc2ccccc2)C(=O)N[C@H]([C@H](C)O)C(=O)N[C@H](CC(N)=O)C(=O)N(C)CC(=O)O[C@@H]1C)C(C)(C)C,5.221848749616356,1,IC50,FXR,CHEMBL2047
CC(C)[C@@H](O)C[C@@H](C)C1=C2C[C@H](O)[C@H]3[C@@]4(C)CCC(=O)C(C)(C)[C@@H]4CC[C@]3(C)[C@@]2(C)CC1,5.176525770829699,1,EC50,FXR,CHEMBL2047
CC(C)[C@@H](c1nc2ccc(C(=O)O)cc2n1C)N1C(=O)CN(c2ccc(Oc3ccccc3)cc2)C1=O,3.7582045687048016,1,IC50,FXR,CHEMBL2047
CC(C)[C@@H]1CC[C@]2(C(=O)NCC(=O)O)CC[C@]3(C)[C@H](CC[C@@H]4[C@@]5(C)CC[C@@H](O)C(C)(C)[C@@H]5CC[C@]43C)[C@@H]12,4.130768280269024,1,IC50,FXR,CHEMBL2047
CC(C)[C@@H]1CC[C@]2(C(=O)NCC(=O)O)CC[C@]3(C)[C@H](CC[C@@H]4[C@@]5(C)CC[C@@H](OC(=O)C6CC6)C(C)(C)[C@@H]5CC[C@]43C)[C@@H]12,5.0,1,IC50,FXR,CHEMBL2047
CC(C)[C@@H]1CC[C@]2(C(=O)NCC(=O)O)CC[C@]3(C)[C@H](CC[C@@H]4[C@@]5(C)CC[C@@H](OC(=O)C6CCC6)C(C)(C)[C@@H]5CC[C@]43C)[C@@H]12,5.3872161432802645,1,IC50,FXR,CHEMBL2047
CC(C)[C@@H]1CC[C@]2(C(=O)NCC(=O)O)CC[C@]3(C)[C@H](CC[C@@H]4[C@@]5(C)CC[C@@H](OC(=O)C6CCCC6)C(C)(C)[C@@H]5CC[C@]43C)[C@@H]12,5.795880017344075,1,IC50,FXR,CHEMBL2047
CC(C)[C@@H]1CC[C@]2(C(=O)NCC(=O)O)CC[C@]3(C)[C@H](CC[C@@H]4[C@@]5(C)CC[C@@H](OC(=O)c6ccc(F)cc6)C(C)(C)[C@@H]5CC[C@]43C)[C@@H]12,5.958607314841775,1,IC50,FXR,CHEMBL2047
CC(C)[C@@H]1CC[C@]2(C(=O)NCC(=O)O)CC[C@]3(C)[C@H](CC[C@@H]4[C@@]5(C)CC[C@@H](OC(=O)c6ccccc6)C(C)(C)[C@@H]5CC[C@]43C)[C@@H]12,5.958607314841775,1,IC50,FXR,CHEMBL2047
CC(C)[C@@H]1CC[C@]2(C(=O)O)CC[C@@H]3[C@H](CC[C@H]4[C@@]3(C)CC[C@H]3C(C)(C)[C@H](O)CC[C@]43C)[C@@H]12,5.102372908709558,1,IC50,FXR,CHEMBL2047
CC(C)[C@@H]1O[C@H]2[C@@H](O1)C1=C([C@H](C)C[C@H](O)[C@@H](O)C(C)(C)O)CC[C@]1(C)[C@@]1(C)CC[C@H]3C(C)(C)C(=O)CC[C@]3(C)[C@H]21,4.959793372425289,1,EC50,FXR,CHEMBL2047
CC(C)[C@H](NC(=O)[C@H](NC(=O)[C@@H]1CCCN1C(=O)[C@H](Cc1ccc(Br)cc1)NC(=O)[C@@H](C)NC=O)C(C)C)C(=O)N[C@H](Cc1c[nH]c2ccccc12)C(=O)N[C@@H](CCCNC(=N)N)C(=O)N[C@H](CS(=O)(=O)O)C(=O)N[C@@H]1C(=O)N(C)[C@@H](CCC(N)=O)C(=O)N[C@H](Cc2ccccc2)C(=O)N[C@@H]([C@@H](C)O)C(=O)N[C@@H](CC(N)=O)C(=O)N(C)CC(=O)O[C@@H]1C,6.301029995663981,1,IC50,FXR,CHEMBL2047
CC(C)[C@H](c1nc2ccc(C(=O)O)cc2n1C)N1C(=O)CN(c2ccc(Oc3ccccc3)cc2)C1=O,3.9262816496538777,1,IC50,FXR,CHEMBL2047
CC(C)c1cnn(-c2c(Cl)cccc2Cl)c1COc1ccc(/C=C/c2cccc(C(=O)O)c2)c(Cl)c1,7.537860356969059,2,EC50,FXR,CHEMBL2047
CC(C)c1cnn(-c2c(Cl)cccc2Cl)c1COc1ccc2c(n1)CCc1ccc(C(=O)O)cc1O2,7.638272163982407,1,EC50,FXR,CHEMBL2047
CC(C)c1ncn(CCc2c(Cl)cccc2Cl)c1COc1ccc(/C=C/c2cccc(C(=O)O)c2)c(Cl)c1,6.189884070012561,2,EC50,FXR,CHEMBL2047
CC(C)c1nnn(-c2c(Cl)cccc2Cl)c1COc1ccc(/C=C/c2cccc(C(=O)O)c2)c(Cl)c1,7.203356966489771,2,EC50,FXR,CHEMBL2047
CC(C)c1nnn(-c2c(Cl)cccc2Cl)c1COc1ccc2c(c1)CCc1ccc(C(=O)O)cc1C2=O,7.920818753952375,1,EC50,FXR,CHEMBL2047
CC(C)c1oc(=O)n(CCc2c(Cl)cccc2Cl)c1COc1ccc(/C=C/c2cccc(C(=O)O)c2)c(Cl)c1,7.318194010053928,2,EC50,FXR,CHEMBL2047
CC(C)c1oc(=O)n(Cc2c(Cl)cccc2Cl)c1COc1ccc(/C=C/c2cccc(C(=O)O)c2)c(Cl)c1,7.113106777509403,2,EC50,FXR,CHEMBL2047
CC(C)c1occ(COc2c(Cl)cccc2Cl)c1COc1ccc(/C=C/c2cccc(C(=O)O)c2)c(Cl)c1,5.910094888560602,1,EC50,FXR,CHEMBL2047
CC(C)c1onc(-c2c(Cl)cccc2Br)c1COc1ccc(/C=C/c2cccc(C(=O)O)c2)c(Cl)c1,7.920818753952375,1,EC50,FXR,CHEMBL2047
CC(C)c1onc(-c2c(Cl)cccc2Cl)c1CCc1nc2cc(-c3cccc(C(=O)O)c3)ccc2o1,6.03478020261665,2,EC50,FXR,CHEMBL2047
CC(C)c1onc(-c2c(Cl)cccc2Cl)c1CCc1nc2cccc(Nc3cccc(C(=O)O)c3)c2o1,5.769551078621726,1,EC50,FXR,CHEMBL2047
CC(C)c1onc(-c2c(Cl)cccc2Cl)c1CN1CCCN(c2c(-c3c(Cl)cccc3Cl)noc2C(C)C)CC1,7.1142062595593725,2,EC50,FXR,CHEMBL2047
CC(C)c1onc(-c2c(Cl)cccc2Cl)c1CN1CCN(c2cc3cc(C(=O)O)ccc3n2C)CC1,7.173925197299173,1,EC50,FXR,CHEMBL2047
CC(C)c1onc(-c2c(Cl)cccc2Cl)c1CN1CCN(c2cc3cc(C(=O)O)ccc3s2)CC1,5.926281649653877,1,EC50,FXR,CHEMBL2047
CC(C)c1onc(-c2c(Cl)cccc2Cl)c1CN1CCN(c2nc3cc(C(=O)O)ccc3s2)CC1,5.630784142589857,1,EC50,FXR,CHEMBL2047
CC(C)c1onc(-c2c(Cl)cccc2Cl)c1CN1CCN(c2nc3ccc(C(=O)O)cc3o2)CC1,6.153159384345603,2,EC50,FXR,CHEMBL2047
CC(C)c1onc(-c2c(Cl)cccc2Cl)c1CN1CCN(c2nc3ccc(C(=O)O)cc3s2)CC1,6.59176003468815,1,EC50,FXR,CHEMBL2047
CC(C)c1onc(-c2c(Cl)cccc2Cl)c1CNc1nc2ccc(-c3cccc(C(=O)O)c3)cc2s1,6.2189725851718105,2,EC50,FXR,CHEMBL2047
CC(C)c1onc(-c2c(Cl)cccc2Cl)c1COc1ccc(-c2ccc(CC(=O)O)cc2)cc1,6.118098887962703,2,EC50,FXR,CHEMBL2047
CC(C)c1onc(-c2c(Cl)cccc2Cl)c1COc1ccc(-c2ccc3[nH]c(C(=O)O)cc3c2)cc1,7.055517327849831,1,EC50,FXR,CHEMBL2047
CC(C)c1onc(-c2c(Cl)cccc2Cl)c1COc1ccc(-c2ccc3c(C(=O)O)c[nH]c3c2)cc1,7.698970004336019,1,EC50,FXR,CHEMBL2047
CC(C)c1onc(-c2c(Cl)cccc2Cl)c1COc1ccc(-c2ccc3c(C(=O)O)cccc3c2)cc1,7.060480747381382,1,EC50,FXR,CHEMBL2047
CC(C)c1onc(-c2c(Cl)cccc2Cl)c1COc1ccc(-c2ccc3c(C(=O)O)csc3c2)cc1,7.6777807052660805,1,EC50,FXR,CHEMBL2047
CC(C)c1onc(-c2c(Cl)cccc2Cl)c1COc1ccc(-c2ccc3c(c2)CC(C(=O)O)C3)cc1,6.1249387366083,1,EC50,FXR,CHEMBL2047
CC(C)c1onc(-c2c(Cl)cccc2Cl)c1COc1ccc(-c2ccc3c(c2)CCCC3C(=O)O)cc1,6.259637310505756,1,EC50,FXR,CHEMBL2047
CC(C)c1onc(-c2c(Cl)cccc2Cl)c1COc1ccc(-c2ccc3cc(C(=O)O)[nH]c3c2)cc1,6.6777807052660805,1,EC50,FXR,CHEMBL2047
CC(C)c1onc(-c2c(Cl)cccc2Cl)c1COc1ccc(-c2ccc3nc(C(=O)O)ccc3c2)cc1,6.920818753952375,1,EC50,FXR,CHEMBL2047
CC(C)c1onc(-c2c(Cl)cccc2Cl)c1COc1ccc(-c2ccc3oc(C(=O)O)cc3c2)cc1,7.292429823902063,1,EC50,FXR,CHEMBL2047
CC(C)c1onc(-c2c(Cl)cccc2Cl)c1COc1ccc(-c2ccc3sc(C(=O)O)cc3c2)cc1,6.6020599913279625,1,EC50,FXR,CHEMBL2047
CC(C)c1onc(-c2c(Cl)cccc2Cl)c1COc1ccc(-c2ccc3sc(C(=O)O)cc3n2)cc1,6.173925197299173,1,EC50,FXR,CHEMBL2047
CC(C)c1onc(-c2c(Cl)cccc2Cl)c1COc1ccc(-c2cccc(C(=O)O)c2)cc1,5.853871964321762,1,EC50,FXR,CHEMBL2047
CC(C)c1onc(-c2c(Cl)cccc2Cl)c1COc1ccc(-c2cccc(C3(C(=O)O)CC3)c2)cc1,6.575106087881157,2,EC50,FXR,CHEMBL2047
CC(C)c1onc(-c2c(Cl)cccc2Cl)c1COc1ccc(-c2cccc(CO)c2)cc1,6.080921907623926,1,EC50,FXR,CHEMBL2047
CC(C)c1onc(-c2c(Cl)cccc2Cl)c1COc1ccc(-c2nc3cc(C(=O)O)ccc3n2C)cc1,7.389747213338479,2,EC50,FXR,CHEMBL2047
CC(C)c1onc(-c2c(Cl)cccc2Cl)c1COc1ccc(-c2nc3ccc(C(=O)O)cc3n2-c2ccc(F)cc2)cc1,7.6565835905055,2,EC50,FXR,CHEMBL2047
CC(C)c1onc(-c2c(Cl)cccc2Cl)c1COc1ccc(-c2nc3ccc(C(=O)O)cc3n2C(C)C)cc1,7.858108621452006,2,EC50,FXR,CHEMBL2047
CC(C)c1onc(-c2c(Cl)cccc2Cl)c1COc1ccc(-c2nc3ccc(C(=O)O)cc3n2C)c(Cl)c1,7.968415915993592,2,EC50,FXR,CHEMBL2047
CC(C)c1onc(-c2c(Cl)cccc2Cl)c1COc1ccc(-c2nc3ccc(C(=O)O)cc3n2C)cc1,7.427184292354836,2,EC50,FXR,CHEMBL2047
CC(C)c1onc(-c2c(Cl)cccc2Cl)c1COc1ccc(-c2nc3ccc(C(=O)O)cc3n2C)cc1Cl,7.7970708003411815,2,EC50,FXR,CHEMBL2047
CC(C)c1onc(-c2c(Cl)cccc2Cl)c1COc1ccc(-c2nc3ccc(C(=O)O)cc3n2C2CC2)cc1,7.357536606504857,2,EC50,FXR,CHEMBL2047
CC(C)c1onc(-c2c(Cl)cccc2Cl)c1COc1ccc(-c2nc3ccc(C(=O)O)cc3n2C2CCC2)cc1,7.84163750790475,1,EC50,FXR,CHEMBL2047
CC(C)c1onc(-c2c(Cl)cccc2Cl)c1COc1ccc(-c2nc3ccc(C(=O)O)cc3n2C2CCCC2)cc1,7.866461091629782,1,EC50,FXR,CHEMBL2047
CC(C)c1onc(-c2c(Cl)cccc2Cl)c1COc1ccc(-c2nc3ccc(C(=O)O)cc3n2C2CCCCC2)cc1,8.375717904164333,1,EC50,FXR,CHEMBL2047
CC(C)c1onc(-c2c(Cl)cccc2Cl)c1COc1ccc(-c2nc3ccc(C(=O)O)cc3n2C2CCCCCC2)cc1,7.387562615024077,2,EC50,FXR,CHEMBL2047
CC(C)c1onc(-c2c(Cl)cccc2Cl)c1COc1ccc(-c2nc3ccc(C(=O)O)cc3n2CC(C)(C)C)cc1,7.745802483433474,2,EC50,FXR,CHEMBL2047
CC(C)c1onc(-c2c(Cl)cccc2Cl)c1COc1ccc(-c2nc3ccc(C(=O)O)cc3n2CC2CC2)cc1,7.624152640541933,2,EC50,FXR,CHEMBL2047
CC(C)c1onc(-c2c(Cl)cccc2Cl)c1COc1ccc(-c2nc3ccc(C(=O)O)cc3n2CC2CCCCC2)c(Cl)c1,7.6494924741167845,2,EC50,FXR,CHEMBL2047
CC(C)c1onc(-c2c(Cl)cccc2Cl)c1COc1ccc(-c2nc3ccc(C(=O)O)cc3n2CC2CCCCC2)c(F)c1,8.10790539730952,1,EC50,FXR,CHEMBL2047
CC(C)c1onc(-c2c(Cl)cccc2Cl)c1COc1ccc(-c2nc3ccc(C(=O)O)cc3n2CC2CCCCC2)cc1,8.492571789977747,2,EC50,FXR,CHEMBL2047
CC(C)c1onc(-c2c(Cl)cccc2Cl)c1COc1ccc(-c2nc3ccc(C(=O)O)cc3n2CCc2ccc(F)cc2)c(Cl)c1,7.255707016877324,1,EC50,FXR,CHEMBL2047
CC(C)c1onc(-c2c(Cl)cccc2Cl)c1COc1ccc(-c2nc3ccc(C(=O)O)cc3n2Cc2ccc(F)cc2)cc1,7.728871817519398,2,EC50,FXR,CHEMBL2047
CC(C)c1onc(-c2c(Cl)cccc2Cl)c1COc1ccc(-c2nc3cccc(C(=O)O)c3[nH]2)cc1,5.920818753952375,1,EC50,FXR,CHEMBL2047
CC(C)c1onc(-c2c(Cl)cccc2Cl)c1COc1ccc(/C=C/c2cccc(C(=O)NNC(=S)Nc3ccc(-c4c5ccc(=O)cc-5oc5cc(O)ccc45)c(C(=O)O)c3)c2)c(Cl)c1,6.259637310505756,1,EC50,FXR,CHEMBL2047
CC(C)c1onc(-c2c(Cl)cccc2Cl)c1COc1ccc(/C=C/c2cccc(C(=O)O)c2)c(Cl)c1,7.034774372861189,51,"EC50,IC50",FXR,CHEMBL2047
CC(C)c1onc(-c2c(Cl)cccc2Cl)c1COc1ccc(C#N)cc1,6.09151498112135,1,EC50,FXR,CHEMBL2047
CC(C)c1onc(-c2c(Cl)cccc2Cl)c1COc1ccc(C(=O)O)cc1,5.175874166083451,1,EC50,FXR,CHEMBL2047
CC(C)c1onc(-c2c(Cl)cccc2Cl)c1COc1ccc(CCCC(=O)O)cc1,5.221848749616356,1,EC50,FXR,CHEMBL2047
CC(C)c1onc(-c2c(Cl)cccc2Cl)c1COc1ccc(CNc2ccc(CC(=O)O)cc2)c(Cl)c1,4.526872146400301,2,EC50,FXR,CHEMBL2047
CC(C)c1onc(-c2c(Cl)cccc2Cl)c1COc1ccc(CNc2ccc(CC(=O)O)cc2)cc1,5.795880017344075,1,EC50,FXR,CHEMBL2047
CC(C)c1onc(-c2c(Cl)cccc2Cl)c1COc1ccc(CO)cc1,5.53313237964589,1,EC50,FXR,CHEMBL2047
CC(C)c1onc(-c2c(Cl)cccc2Cl)c1COc1ccc(COc2ccc(C#N)cc2)cc1,6.026872146400301,1,EC50,FXR,CHEMBL2047
CC(C)c1onc(-c2c(Cl)cccc2Cl)c1COc1ccc(COc2ccc(C(=O)O)cc2)cc1,6.483288122256525,2,EC50,FXR,CHEMBL2047
CC(C)c1onc(-c2c(Cl)cccc2Cl)c1COc1ccc(COc2ccc(CC(=O)O)cc2)c(Cl)c1,6.096910013008056,2,EC50,FXR,CHEMBL2047
CC(C)c1onc(-c2c(Cl)cccc2Cl)c1COc1ccc(COc2ccc(CC(=O)O)cc2)cc1,5.698970004336019,1,EC50,FXR,CHEMBL2047
CC(C)c1onc(-c2c(Cl)cccc2Cl)c1COc1ccc(COc2ccc(CO)cc2)cc1,6.130768280269024,1,EC50,FXR,CHEMBL2047
CC(C)c1onc(-c2c(Cl)cccc2Cl)c1COc1ccc(COc2cccc(C#N)c2)cc1,5.267606240177031,1,EC50,FXR,CHEMBL2047
CC(C)c1onc(-c2c(Cl)cccc2Cl)c1COc1ccc(COc2cccc(C(=O)O)c2)cc1,6.095557066320094,2,EC50,FXR,CHEMBL2047
CC(C)c1onc(-c2c(Cl)cccc2Cl)c1COc1ccc(COc2cccc(CO)c2)cc1,6.173925197299173,1,EC50,FXR,CHEMBL2047
CC(C)c1onc(-c2c(Cl)cccc2Cl)c1COc1ccc(Cn2ccc3ccc(C(=O)O)cc32)cc1,6.0,1,EC50,FXR,CHEMBL2047
CC(C)c1onc(-c2c(Cl)cccc2Cl)c1COc1ccc(N(C)C(=O)c2ccc(C(=O)O)cc2)c(C(F)(F)F)n1,6.628932137728263,1,EC50,FXR,CHEMBL2047
CC(C)c1onc(-c2c(Cl)cccc2Cl)c1COc1ccc(N(C)C(=O)c2cccc(C(=O)O)c2)c(C(F)(F)F)n1,6.363512103646634,1,EC50,FXR,CHEMBL2047
CC(C)c1onc(-c2c(Cl)cccc2Cl)c1COc1ccc(N(C)Cc2ccc(C(=O)NS(C)(=O)=O)cc2)c(C(F)(F)F)n1,7.3979400086720375,1,EC50,FXR,CHEMBL2047
CC(C)c1onc(-c2c(Cl)cccc2Cl)c1COc1ccc(N(C)Cc2ccc(C(=O)O)cc2)c(C(F)(F)F)n1,7.657577319177793,1,EC50,FXR,CHEMBL2047
CC(C)c1onc(-c2c(Cl)cccc2Cl)c1COc1ccc(N(C)Cc2ccc(CCC(=O)O)cc2)c(C(F)(F)F)n1,7.769551078621726,1,EC50,FXR,CHEMBL2047
CC(C)c1onc(-c2c(Cl)cccc2Cl)c1COc1ccc(N(C)Cc2ccc(OCC(=O)O)cc2)c(C(F)(F)F)n1,7.455931955649724,1,EC50,FXR,CHEMBL2047
CC(C)c1onc(-c2c(Cl)cccc2Cl)c1COc1ccc(N(C)Cc2ccc(OCCO)cc2)c(C(F)(F)F)n1,6.785156151952302,1,EC50,FXR,CHEMBL2047
CC(C)c1onc(-c2c(Cl)cccc2Cl)c1COc1ccc(N(C)Cc2cccc(C(=O)NCCOP(=O)(O)O)c2)c(C(F)(F)F)n1,7.443697499232712,1,EC50,FXR,CHEMBL2047
CC(C)c1onc(-c2c(Cl)cccc2Cl)c1COc1ccc(N(C)Cc2cccc(C(=O)NS(C)(=O)=O)c2)c(C(F)(F)F)n1,7.318758762624412,1,EC50,FXR,CHEMBL2047
CC(C)c1onc(-c2c(Cl)cccc2Cl)c1COc1ccc(N(C)Cc2cccc(C(=O)O)c2)c(C(F)(F)F)n1,7.920818753952375,1,EC50,FXR,CHEMBL2047
CC(C)c1onc(-c2c(Cl)cccc2Cl)c1COc1ccc(NC(=O)c2ccc(C(=O)O)cc2)c(C(F)(F)F)n1,6.3448615651886175,1,EC50,FXR,CHEMBL2047
CC(C)c1onc(-c2c(Cl)cccc2Cl)c1COc1ccc(NCc2ccc(C(=O)O)cc2)c(C(F)(F)F)n1,6.790484985457369,1,EC50,FXR,CHEMBL2047
CC(C)c1onc(-c2c(Cl)cccc2Cl)c1COc1ccc(S(C)(=O)=O)cc1,5.962573502059376,1,EC50,FXR,CHEMBL2047
CC(C)c1onc(-c2c(Cl)cccc2Cl)c1COc1ccc(Sc2cccc3sc(C(=O)O)cc23)cc1,6.721246399047171,1,EC50,FXR,CHEMBL2047
CC(C)c1onc(-c2c(Cl)cccc2Cl)c1COc1ccc2[nH]c(-c3cccc(C(=O)O)c3)cc2c1,6.259709106585415,2,EC50,FXR,CHEMBL2047
CC(C)c1onc(-c2c(Cl)cccc2Cl)c1COc1ccc2[nH]cc(Cc3cccc(C(=O)O)c3)c2c1,5.823908740944319,1,EC50,FXR,CHEMBL2047
CC(C)c1onc(-c2c(Cl)cccc2Cl)c1COc1ccc2c(Cc3cccc(C(=O)O)c3)c[nH]c2c1,6.13033251990196,2,EC50,FXR,CHEMBL2047
CC(C)c1onc(-c2c(Cl)cccc2Cl)c1COc1ccc2c(Nc3cccc(C(=O)O)c3)cccc2c1,6.793182501400722,2,EC50,FXR,CHEMBL2047
CC(C)c1onc(-c2c(Cl)cccc2Cl)c1COc1ccc2c(c1)CC(=O)N(c1cccc(C(=O)O)c1)C2,5.958607314841775,1,EC50,FXR,CHEMBL2047
CC(C)c1onc(-c2c(Cl)cccc2Cl)c1COc1ccc2c(c1)CCN(c1cccc(C(=O)O)c1)C2=O,5.614831779452425,2,EC50,FXR,CHEMBL2047
CC(C)c1onc(-c2c(Cl)cccc2Cl)c1COc1ccc2c(c1)CN(c1cccc(C(=O)O)c1)C2=O,6.066266256070474,2,EC50,FXR,CHEMBL2047
CC(C)c1onc(-c2c(Cl)cccc2Cl)c1COc1ccc2c(c1)ncn2Cc1cccc(C(=O)O)c1,5.5774509799928715,2,EC50,FXR,CHEMBL2047
CC(C)c1onc(-c2c(Cl)cccc2Cl)c1COc1ccc2c(ccn2C(=O)c2cccc(C(=O)O)c2)c1,6.444705144850375,2,EC50,FXR,CHEMBL2047
CC(C)c1onc(-c2c(Cl)cccc2Cl)c1COc1ccc2c(ccn2Cc2ccc(C(=O)O)cc2)c1,6.6386830387330935,2,EC50,FXR,CHEMBL2047
CC(C)c1onc(-c2c(Cl)cccc2Cl)c1COc1ccc2c(ccn2Cc2cccc(C(=O)O)c2)c1,6.586315363473087,2,EC50,FXR,CHEMBL2047
CC(C)c1onc(-c2c(Cl)cccc2Cl)c1COc1ccc2c(ccn2S(=O)(=O)c2cccc(C(=O)O)c2)c1,6.340968332518619,2,EC50,FXR,CHEMBL2047
CC(C)c1onc(-c2c(Cl)cccc2Cl)c1COc1ccc2cc(-c3ccc(C(=O)O)cc3)ccc2c1,6.1826606239106585,2,EC50,FXR,CHEMBL2047
CC(C)c1onc(-c2c(Cl)cccc2Cl)c1COc1ccc2cc(-c3ccc(C(=O)O)cc3)sc2c1,6.678273661756906,2,EC50,FXR,CHEMBL2047
CC(C)c1onc(-c2c(Cl)cccc2Cl)c1COc1ccc2cc(-c3cccc(C(=O)O)c3)ccc2c1,6.922331981267469,2,EC50,FXR,CHEMBL2047
CC(C)c1onc(-c2c(Cl)cccc2Cl)c1COc1ccc2cc(-c3cccc(C(=O)O)c3)sc2c1,7.02726570743409,2,EC50,FXR,CHEMBL2047
CC(C)c1onc(-c2c(Cl)cccc2Cl)c1COc1ccc2nc(-c3cccc(C(=O)O)c3)sc2c1,6.3872161432802645,2,EC50,FXR,CHEMBL2047
CC(C)c1onc(-c2c(Cl)cccc2Cl)c1COc1ccc2sc(-c3ccc(C(=O)O)cc3)cc2c1,6.674360993000928,2,EC50,FXR,CHEMBL2047
CC(C)c1onc(-c2c(Cl)cccc2Cl)c1COc1ccc2sc(-c3cccc(C(=O)O)c3)cc2c1,7.377243666092925,2,EC50,FXR,CHEMBL2047
CC(C)c1onc(-c2c(Cl)cccc2Cl)c1COc1cccc(C#N)c1,4.992679047077256,1,EC50,FXR,CHEMBL2047
CC(C)c1onc(-c2c(Cl)cccc2Cl)c1COc1cccc(C(=O)O)c1,4.704652851666382,1,EC50,FXR,CHEMBL2047
CC(C)c1onc(-c2c(Cl)cccc2Cl)c1COc1cccc(CO)c1,5.359518563029578,1,EC50,FXR,CHEMBL2047
CC(C)c1onc(-c2c(Cl)cccc2Cl)c1COc1ccccc1,5.798602875679549,1,EC50,FXR,CHEMBL2047
CC(C)c1onc(-c2c(Cl)cccc2Cl)c1COc1ccn(-c2cccc(C(=O)O)c2)n1,4.096910013008056,1,EC50,FXR,CHEMBL2047
CC(C)c1onc(-c2c(Cl)cccc2Cl)c1COc1ccn(Cc2ccc(-c3ccccc3C(=O)O)cc2)n1,5.221848749616356,1,EC50,FXR,CHEMBL2047
CC(C)c1onc(-c2c(Cl)cccc2Cl)c1COc1cnc(N(C)Cc2ccc(C(=O)O)cc2)c(Cl)c1,6.616184634019569,1,EC50,FXR,CHEMBL2047
CC(C)c1onc(-c2c(Cl)cccc2Cl)c1COc1cnc(N(C)Cc2cccc(C(=O)O)c2)c(Cl)c1,6.721246399047171,1,EC50,FXR,CHEMBL2047
CC(C)c1onc(-c2c(Cl)cncc2Cl)c1COc1ccc(/C=C/c2cccc(C(=O)O)c2)c(Cl)c1,6.4925298251035315,2,"EC50,IC50",FXR,CHEMBL2047
CC(C)c1onc(-c2ccc(S(C)(=O)=O)cc2Cl)c1COc1ccc(/C=C/c2cccc(C(=O)O)c2)c(Cl)c1,6.769551078621726,1,IC50,FXR,CHEMBL2047
CC(C)c1onc(-c2ccccc2)c1COc1ccc(CCCC(=O)O)cc1,4.508638306165727,1,EC50,FXR,CHEMBL2047
CC(C)c1onc(-c2ccccc2)c1COc1ccc(COc2ccc(C(=O)O)cc2)cc1,5.638272163982407,1,EC50,FXR,CHEMBL2047
CC(C)c1onc(-c2ccccc2)c1COc1ccc(COc2ccc(CC(=O)O)cc2)cc1,4.958607314841775,1,EC50,FXR,CHEMBL2047
CC(C)c1onc(-c2ccccc2)c1COc1ccc(Oc2ccc(C(=O)O)cc2)cc1,4.958607314841775,1,EC50,FXR,CHEMBL2047
CC(C)c1onc(-c2ccccc2C(F)(F)F)c1COc1ccc(-c2ccc(CC(=O)O)cc2)cc1,5.846795099915716,1,EC50,FXR,CHEMBL2047
CC(C)c1onc(-c2ccccc2C(F)(F)F)c1COc1ccc(CCCC(=O)O)cc1,5.356547323513812,1,EC50,FXR,CHEMBL2047
CC(C)c1onc(-c2ccccc2Cl)c1COc1ccc(CCCC(=O)O)cc1,5.42021640338319,1,EC50,FXR,CHEMBL2047
CC(C)c1onc(-c2ccccc2Cl)c1COc1ccc(COc2ccc(CC(=O)O)cc2)cc1,5.6020599913279625,1,EC50,FXR,CHEMBL2047
CC(C)c1onc(-c2ccccc2Cl)c1COc1ccc(COc2ccc(OCC(=O)O)cc2)cc1,5.327902142064282,1,EC50,FXR,CHEMBL2047
CC(C)c1onc(-c2ccccc2OC(F)(F)F)c1COc1ccc(-c2ccc(CC(=O)O)cc2)cc1,5.940058111938045,1,EC50,FXR,CHEMBL2047
CC(C)c1onc(-c2ccccc2OC(F)(F)F)c1COc1ccc(-c2cccc(C3(C(=O)O)CC3)c2)cc1,5.837734385701978,1,EC50,FXR,CHEMBL2047
CC(C)c1onc(-c2ccccc2OC(F)(F)F)c1COc1ccc(-c2cccc(CC(=O)O)c2)cc1,5.871923987331284,1,EC50,FXR,CHEMBL2047
CC(C)c1onc(CCCc2ccccc2)c1COc1ccc(/C=C/c2cccc(C(=O)O)c2)c(Cl)c1,5.356547323513812,1,EC50,FXR,CHEMBL2047
CC(C)c1onc(CCc2c(Cl)cccc2Cl)c1COc1ccc(/C=C/c2cccc(C(=O)O)c2)c(Cl)c1,6.823908740944319,1,EC50,FXR,CHEMBL2047
CC(C)c1onc(CCc2ccccc2)c1COc1ccc(/C=C/c2cccc(C(=O)O)c2)c(Cl)c1,6.494850021680094,1,EC50,FXR,CHEMBL2047
CC(C)c1onc(CNc2c(Cl)cccc2Cl)c1COc1ccc(/C=C/c2cccc(C(=O)O)c2)c(Cl)c1,7.142667503568731,1,EC50,FXR,CHEMBL2047
CC(C)c1onc(CNc2c(Cl)cncc2Cl)c1COc1ccc(/C=C/c2cccc(C(=O)O)c2)c(Cl)c1,6.3979400086720375,1,EC50,FXR,CHEMBL2047
CC(C)c1onc(CO)c1COc1ccc(/C=C/c2cccc(C(=O)O)c2)c(Cl)c1,5.107905397309519,1,EC50,FXR,CHEMBL2047
CC(C)c1onc(COC(C)(C)C)c1COc1ccc(/C=C/c2cccc(C(=O)O)c2)c(Cl)c1,6.180456064458131,1,EC50,FXR,CHEMBL2047
CC(C)c1onc(COc2c(Cl)cc(Cl)cc2Cl)c1COc1ccc(/C=C/c2cccc(C(=O)O)c2)c(Cl)c1,7.236572006437063,1,EC50,FXR,CHEMBL2047
CC(C)c1onc(COc2c(Cl)cc(F)cc2Cl)c1COc1ccc(/C=C/c2cccc(C(=O)O)c2)c(Cl)c1,7.060480747381382,1,EC50,FXR,CHEMBL2047
CC(C)c1onc(COc2c(Cl)cccc2Cl)c1COc1ccc(/C=C/c2cccc(C(=O)O)c2)c(Cl)c1,7.107905397309519,1,EC50,FXR,CHEMBL2047
CC(C)c1onc(COc2c(F)cc(F)cc2F)c1COc1ccc(/C=C/c2cccc(C(=O)O)c2)c(Cl)c1,6.958607314841775,1,EC50,FXR,CHEMBL2047
CC(C)c1onc(COc2c(F)cccc2Cl)c1COc1ccc(/C=C/c2cccc(C(=O)O)c2)c(Cl)c1,7.130768280269024,1,EC50,FXR,CHEMBL2047
CC(C)c1onc(COc2c(F)cccc2F)c1COc1ccc(/C=C/c2cccc(C(=O)O)c2)c(Cl)c1,5.657577319177793,1,EC50,FXR,CHEMBL2047
CC(C)c1onc(COc2cc(Cl)cc(Cl)c2)c1COc1ccc(/C=C/c2cccc(C(=O)O)c2)c(Cl)c1,5.958607314841775,1,EC50,FXR,CHEMBL2047
CC(C)c1onc(COc2cc(Cl)ccc2Cl)c1COc1ccc(/C=C/c2cccc(C(=O)O)c2)c(Cl)c1,6.0,1,EC50,FXR,CHEMBL2047
CC(C)c1onc(COc2ccc(Cl)c(Cl)c2)c1COc1ccc(/C=C/c2cccc(C(=O)O)c2)c(Cl)c1,5.958607314841775,1,EC50,FXR,CHEMBL2047
CC(C)c1onc(COc2ccc(Cl)cc2)c1COc1ccc(/C=C/c2cccc(C(=O)O)c2)c(Cl)c1,6.346787486224656,1,EC50,FXR,CHEMBL2047
CC(C)c1onc(COc2ccc(Cl)cc2Cl)c1COc1ccc(/C=C/c2cccc(C(=O)O)c2)c(Cl)c1,6.207608310501746,1,EC50,FXR,CHEMBL2047
CC(C)c1onc(COc2ccc3ccccc3c2)c1COc1ccc(/C=C/c2cccc(C(=O)O)c2)c(Cl)c1,6.031517051446064,1,EC50,FXR,CHEMBL2047
CC(C)c1onc(COc2cccc(Cl)c2)c1COc1ccc(/C=C/c2cccc(C(=O)O)c2)c(Cl)c1,6.508638306165727,1,EC50,FXR,CHEMBL2047
CC(C)c1onc(COc2cccc(Cl)c2Cl)c1COc1ccc(/C=C/c2cccc(C(=O)O)c2)c(Cl)c1,6.318758762624412,1,EC50,FXR,CHEMBL2047
CC(C)c1onc(COc2cccc3ccccc23)c1COc1ccc(/C=C/c2cccc(C(=O)O)c2)c(Cl)c1,6.017728766960431,1,EC50,FXR,CHEMBL2047
CC(C)c1onc(COc2ccccc2)c1COc1ccc(/C=C/c2cccc(C(=O)O)c2)c(Cl)c1,5.958607314841775,1,EC50,FXR,CHEMBL2047
CC(C)c1onc(COc2ccccc2Cl)c1COc1ccc(/C=C/c2cccc(C(=O)O)c2)c(Cl)c1,6.337242168318426,1,EC50,FXR,CHEMBL2047
CC(C)c1onc(CS(=O)(=O)c2c(Cl)cccc2Cl)c1COc1ccc(/C=C/c2cccc(C(=O)O)c2)c(Cl)c1,6.823908740944319,1,EC50,FXR,CHEMBL2047
CC(C)c1onc(CSc2c(Cl)cccc2Cl)c1COc1ccc(/C=C/c2cccc(C(=O)O)c2)c(Cl)c1,7.292429823902063,1,EC50,FXR,CHEMBL2047
CC(C)c1onc(CSc2nnnn2C)c1COc1ccc(/C=C/c2cccc(C(=O)O)c2)c(Cl)c1,6.031517051446064,1,EC50,FXR,CHEMBL2047
CC(C)c1onc(C[S+]([O-])c2c(Cl)cccc2Cl)c1COc1ccc(/C=C/c2cccc(C(=O)O)c2)c(Cl)c1,7.552841968657781,1,EC50,FXR,CHEMBL2047
CC(C)c1onc(Cc2ccccc2)c1COc1ccc(/C=C/c2cccc(C(=O)O)c2)c(Cl)c1,6.259637310505756,1,EC50,FXR,CHEMBL2047
CC(C)c1onc([C@H]2C[C@@H]2c2c(Cl)cccc2Cl)c1COc1ccc(/C=C/c2cccc(C(=O)O)c2)c(Cl)c1,5.698970004336019,1,EC50,FXR,CHEMBL2047
CC(C)c1snc(-c2c(Cl)cccc2Cl)c1COc1ccc(/C=C/c2cccc(C(=O)O)c2)c(Cl)c1,6.2441251443275085,1,EC50,FXR,CHEMBL2047
CC(C)c1snc(-c2c(Cl)cccc2Cl)c1COc1ccc(N(C)Cc2ccc(C(=O)O)cc2)c(C(F)(F)F)n1,6.455931955649724,1,EC50,FXR,CHEMBL2047
CC(C)c1snc(-c2c(Cl)cccc2Cl)c1COc1ccc(N(C)Cc2ccc(C(=O)O)s2)c(C(F)(F)F)n1,6.292429823902063,1,EC50,FXR,CHEMBL2047
CC(C)c1snc(-c2c(Cl)cccc2Cl)c1COc1ccc(N(C)Cc2cccc(-c3nn[nH]n3)c2)c(C(F)(F)F)n1,5.950781977329818,1,EC50,FXR,CHEMBL2047
CC(C)c1snc(-c2c(Cl)cccc2Cl)c1COc1ccc(N(C)Cc2ncc(C(=O)O)n2C)c(C(F)(F)F)n1,5.496209316942819,1,EC50,FXR,CHEMBL2047
CC(C)n1cnc(COc2c(Cl)cccc2Cl)c1COc1ccc(/C=C/c2cccc(C(=O)O)c2)c(Cl)c1,6.380152602503053,2,EC50,FXR,CHEMBL2047
CC(C)n1nc(C(=O)O)cc1C1CC1c1ccc(OCc2c(-c3c(Cl)cccc3Cl)noc2C2CC2)cc1Cl,8.18837535480105,2,EC50,FXR,CHEMBL2047
CC(C)n1nc(C(=O)O)cc1[C@@H]1C[C@H]1c1ccc(OCc2c(-c3c(Cl)cccc3Cl)noc2C2CC2)cc1Cl,8.397940008672037,2,EC50,FXR,CHEMBL2047
CC(C)n1nc(C(=O)O)cc1[C@H]1C[C@](O)(c2ccc(OCc3c(-c4c(Cl)cccc4Cl)noc3C3CC3)cc2Cl)C1,7.6681216018008165,3,EC50,FXR,CHEMBL2047
CC(C)n1nnc(-c2c(Cl)cccc2Cl)c1COc1ccc(/C=C/c2cccc(C(=O)O)c2)c(Cl)c1,6.874363443162814,2,EC50,FXR,CHEMBL2047
CC(C[C@@H](C)C1CC[C@H]2[C@@H]3[C@H](O)[C@H](C)C4C[C@H](O)CC[C@]4(C)[C@H]3CC[C@]12C)C(=O)O,4.806318970458719,1,EC50,FXR,CHEMBL2047
CC(F)(F)c1ccc(C(=O)NCc2ccc(NS(C)(=O)=O)cc2Cl)cc1,5.920818753952375,1,EC50,FXR,CHEMBL2047
CC(F)(F)c1nc(C23CCC(CN(C(=O)C45CC(F)(C4)C5)c4cccc(N5CCC(O)CC5)c4)(CC2)CC3)no1,6.634512015109101,1,EC50,FXR,CHEMBL2047
CC(NC(=O)c1ccc(C(C)(C)C)cc1)c1ccc(C(=O)O)cc1,7.119186407719209,1,EC50,FXR,CHEMBL2047
CC(Nc1ccc(C(=O)O)cc1)c1ccc(OCc2c(-c3c(Cl)cccc3Cl)noc2C2CC2)nc1C(F)(F)F,6.995678626217357,1,EC50,FXR,CHEMBL2047
CC(Oc1ccc(-c2ccc(OCc3c(-c4c(Cl)cccc4Cl)noc3C3CC3)cc2)cc1)C(=O)O,5.9747714526071345,2,EC50,FXR,CHEMBL2047
CC(Oc1ccc(C(=O)O)cc1)c1ccc(OCc2c(-c3c(Cl)cccc3Cl)noc2C2CC2)nc1C(F)(F)F,6.453457336521868,1,EC50,FXR,CHEMBL2047
CC(Oc1cccc(C(=O)O)c1)c1ccc(OCc2c(-c3c(Cl)cccc3Cl)noc2C2CC2)nc1C(F)(F)F,6.809668301829708,1,EC50,FXR,CHEMBL2047
CC(c1ccc(OCc2c(-c3c(Cl)cccc3Cl)noc2C2CC2)nc1C(F)(F)F)N(C)c1ccc(C(=O)O)cc1,6.747146969020107,1,EC50,FXR,CHEMBL2047
CC1(C)CCC[C@]2(C)[C@H]3CC/C(=C\OS(=O)(=O)[O-])[C@H](CCc4ccoc4)[C@@]3(C)CC[C@@H]12.[Na+],4.619788758288394,1,EC50,FXR,CHEMBL2047
CC1(C)CCC[C@]2(C)[C@H]3CC[C@@H](CCCO)[C@H](CCc4ccoc4)[C@@]3(C)CC[C@@H]12,4.522878745280337,1,EC50,FXR,CHEMBL2047
CC1(C)CCC[C@]2(C)[C@H]3CC[C@H](O)[C@H](CCc4ccoc4)[C@@]3(C)CC[C@@H]12,4.6020599913279625,1,EC50,FXR,CHEMBL2047
CC1(C)Cc2ccc(C(=O)O)cc2Oc2ccc(OCc3c(-c4c(Cl)cccc4Cl)noc3C3CC3)nc21,8.468521082957745,1,EC50,FXR,CHEMBL2047
CC1(C)O[C@@H]1[C@@H](O)C[C@](C)(O)C1=C2C[C@H](O)[C@H]3[C@@]4(C)CCC(=O)C(C)(C)[C@@H]4CC[C@]3(C)[C@@]2(C)CC1=O,4.389978975335855,1,EC50,FXR,CHEMBL2047
CC1=CC(=O)C[C@@]2(C)[C@H]1CC[C@@]1(C)[C@H]2[C@@H](O)CC2=C([C@H](C)C[C@H](O)[C@@H](O)C(C)(C)O)CC[C@@]21C,5.248720896016658,1,EC50,FXR,CHEMBL2047
CC1=Cc2ccc(C(=O)O)cc2Oc2ccc(OCc3c(-c4c(Cl)cccc4Cl)noc3C3CC3)nc21,8.415165721383453,2,EC50,FXR,CHEMBL2047
CC1=Cc2nc(OCc3c(-c4c(Cl)cccc4Cl)noc3C3CC3)ccc2Oc2cc(C(=O)O)ccc21,7.639433739604524,2,EC50,FXR,CHEMBL2047
CC1Cc2ccc(C(=O)O)cc2Oc2ccc(OCc3c(-c4c(Cl)cccc4Cl)noc3C3CC3)nc21,8.496679281937327,2,EC50,FXR,CHEMBL2047
CC1Cc2nc(OCc3c(-c4c(Cl)cccc4Cl)noc3C3CC3)ccc2Oc2cc(C(=O)O)ccc21,7.2257553313160034,2,EC50,FXR,CHEMBL2047
CCC(=O)O[C@@H]1CC[C@]2(C)[C@H]3CC[C@@H]4[C@H]5[C@H](C(C)C)CC[C@]5(C(=O)NCC(=O)O)CC[C@@]4(C)[C@]3(C)CC[C@H]2C1(C)C,5.040958607678906,1,IC50,FXR,CHEMBL2047
CCC(=O)c1cc(CC)c(OCCCCCC(C)(C)c2nnn[nH]2)cc1O,5.070581074285707,1,IC50,FXR,CHEMBL2047
CCC(C(=O)N(Cc1ccc(F)cc1)Cc1cc(NC(=O)C(C)C)ccc1N(C)C)c1ccccc1,4.834162375309872,1,IC50,FXR,CHEMBL2047
CCC(C)CC(C(=O)NC1CCCCC1)n1c(-c2ccc(Cl)cc2)nc2ccccc21,6.040958607678906,1,IC50,FXR,CHEMBL2047
CCC(C)N(Cc1ccccc1OS(=O)(=O)c1ccc(NC(C)=O)cc1)C(=O)c1ccccc1Cl,5.022276394711152,1,IC50,FXR,CHEMBL2047
CCC(C)c1ccc2c(c1)-c1c(c(C(=O)N(CCNC(C)=O)Cc3ccccc3)nn1C)CO2,7.60345419991171,2,EC50,FXR,CHEMBL2047
CCC(CC)c1onc(-c2c(Cl)cccc2Cl)c1COc1ccc(/C=C/c2cccc(C(=O)O)c2)c(Cl)c1,5.657577319177793,1,EC50,FXR,CHEMBL2047
CCC(CC)n1c(-c2ccc(OCc3c(-c4c(Cl)cccc4Cl)noc3C(C)C)cc2)nc2ccc(C(=O)O)cc21,8.336832069535625,2,EC50,FXR,CHEMBL2047
CCC(CC)n1c(-c2ccc(OCc3c(-c4c(Cl)cccc4Cl)noc3C(C)C)cc2Cl)nc2ccc(C(=O)O)cc21,8.230713133096572,2,EC50,FXR,CHEMBL2047
CCC(CC)n1c(-c2ccc(OCc3c(-c4c(Cl)cccc4Cl)noc3C(C)C)cc2F)nc2ccc(C(=O)O)cc21,8.022661706540678,2,EC50,FXR,CHEMBL2047
CCC1CN(Cc2c(-c3c(Cl)cccc3Cl)noc2C(C)C)CCN1c1nc2c(OC)cc(C(=O)O)cc2s1,7.374180889775894,2,EC50,FXR,CHEMBL2047
CCC1SC(c2ccc(Oc3ccccc3)cc2)c2c(C)nn(-c3ccccc3C)c2NC1=O,5.522878745280337,1,EC50,FXR,CHEMBL2047
CCCC(=O)O[C@@H]1CC[C@]2(C)[C@H]3CC[C@@H]4[C@H]5[C@H](C(=O)CO)CC[C@]5(C(=O)NCC(=O)O)CC[C@@]4(C)[C@]3(C)CC[C@H]2C1(C)C,5.013676222949234,1,IC50,FXR,CHEMBL2047
CCCC(=O)O[C@@H]1CC[C@]2(C)[C@H]3CC[C@@H]4[C@H]5[C@H](C(C)=O)CC[C@]5(C(=O)NCC(=O)O)CC[C@@]4(C)[C@]3(C)CC[C@H]2C1(C)C,5.0,1,IC50,FXR,CHEMBL2047
CCCC(=O)O[C@@H]1CC[C@]2(C)[C@H]3CC[C@@H]4[C@H]5[C@H](C(C)C)CC[C@]5(C(=O)NCC(=O)NS(C)(=O)=O)CC[C@@]4(C)[C@]3(C)CC[C@H]2C1(C)C,4.91721462968355,1,IC50,FXR,CHEMBL2047
CCCC(=O)O[C@@H]1CC[C@]2(C)[C@H]3CC[C@@H]4[C@H]5[C@H](C(C)C)CC[C@]5(C(=O)NCC(=O)O)CC[C@@]4(C)[C@]3(C)CC[C@H]2C1(C)C,5.6777807052660805,1,IC50,FXR,CHEMBL2047
CCCC(=O)O[C@@H]1CC[C@]2(C)[C@H]3CC[C@@H]4[C@H]5[C@H](C(C)C)CC[C@]5(C(=O)NCCC(=O)O)CC[C@@]4(C)[C@]3(C)CC[C@H]2C1(C)C,5.004364805402449,1,IC50,FXR,CHEMBL2047
CCCC(=O)O[C@@H]1CC[C@]2(C)[C@H]3CC[C@@H]4[C@H]5[C@H](C(C)C)CC[C@]5(C(=O)N[C@@H](C)C(=O)O)CC[C@@]4(C)[C@]3(C)CC[C@H]2C1(C)C,5.769551078621726,1,IC50,FXR,CHEMBL2047
CCCC(=O)O[C@@H]1CC[C@]2(C)[C@H]3CC[C@@H]4[C@H]5[C@H](C(C)C)CC[C@]5(C(=O)OCC(=O)O)CC[C@@]4(C)[C@]3(C)CC[C@H]2C1(C)C,5.721246399047171,1,IC50,FXR,CHEMBL2047
CCCC(=O)O[C@@H]1CC[C@]2(C)[C@H]3CC[C@@H]4[C@H]5[C@H](C(C)C)CC[C@]5(NC(=O)NCC(=O)O)CC[C@@]4(C)[C@]3(C)CC[C@H]2C1(C)C,5.958607314841775,1,IC50,FXR,CHEMBL2047
CCCC(=O)O[C@@H]1CC[C@]2(C)[C@H]3CC[C@@H]4[C@H]5[C@H](C(C)C)CC[C@]5(NC(=O)OCC(=O)O)CC[C@@]4(C)[C@]3(C)CC[C@H]2C1(C)C,6.045757490560675,1,IC50,FXR,CHEMBL2047
CCCC(=O)O[C@@H]1CC[C@]2(C)[C@H]3CC[C@@H]4[C@H]5[C@H]([C@@H](C)C(=O)O)CC[C@]5(C(=O)NCC(=O)O)CC[C@@]4(C)[C@]3(C)CC[C@H]2C1(C)C,4.590066876668706,1,IC50,FXR,CHEMBL2047
CCCC(=O)O[C@@H]1CC[C@]2(C)[C@H]3CC[C@@H]4[C@H]5[C@H]([C@@H](C)CO)CC[C@]5(C(=O)NCC(=O)O)CC[C@@]4(C)[C@]3(C)CC[C@H]2C1(C)C,4.85078088734462,1,IC50,FXR,CHEMBL2047
CCCC(=O)O[C@H]1CC[C@]2(C)[C@H]3CC[C@@H]4[C@H]5[C@H](C(C)C)CC[C@]5(C(=O)NCC(=O)O)CC[C@@]4(C)[C@]3(C)CC[C@H]2C1(C)C,4.886056647693163,1,IC50,FXR,CHEMBL2047
CCCC(CCC)n1c(-c2ccc(OCc3c(-c4c(Cl)cccc4Cl)noc3C(C)C)cc2)nc2ccc(C(=O)O)cc21,8.131642433197195,2,EC50,FXR,CHEMBL2047
CCCCC(=O)O[C@@H]1CC[C@]2(C)[C@H]3CC[C@@H]4[C@H]5[C@H](C(C)C)CC[C@]5(C(=O)NCC(=O)O)CC[C@@]4(C)[C@]3(C)CC[C@H]2C1(C)C,5.522878745280337,1,IC50,FXR,CHEMBL2047
CCCCC(=O)c1cc(CC)c(OCCCCCC(C)(C)c2nnn[nH]2)cc1O,5.267606240177031,1,IC50,FXR,CHEMBL2047
CCCCC1(CCC)CN(c2ccccc2)c2cc(SC)c(OCC(=O)N[C@@H](C(=O)N[C@@H](CC)C(=O)O)c3ccc(O)cc3)cc2S(=O)(=O)C1,9.823908740944319,1,IC50,FXR,CHEMBL2047
CCCCC1(CCCC)CN(c2ccccc2)c2cc(SC)c(OCC(=O)N[C@@H](C(=O)NCC(=O)O)c3ccccc3)cc2S(=O)(=O)C1,8.920818753952375,1,IC50,FXR,CHEMBL2047
CCCCC1(CCCC)CN(c2ccccc2)c2cc(SC)c(OCC(=O)N[C@@H](C(=O)NCC(=O)O)c3ccccc3)cc2S(=O)(=O)N1,9.346787486224656,1,IC50,FXR,CHEMBL2047
CCCCC1(CCCC)CN(c2ccccc2)c2cc(SC)c(OCC(=O)N[C@@H](C(=O)N[C@@H](C)C(=O)O)c3ccc(O)cc3)cc2S(=O)(=O)N1,9.522878745280337,1,IC50,FXR,CHEMBL2047
CCCCC1(CCCC)CN(c2ccccc2)c2cc(SC)c(OCC(=O)N[C@@H](C(=O)N[C@@H](C)C(=O)O)c3ccccc3)cc2S(=O)(=O)C1,9.4089353929735,1,IC50,FXR,CHEMBL2047
CCCCC1(CCCC)CN(c2ccccc2)c2cc(SC)c(OCC(=O)N[C@@H](C(=O)N[C@@H](C)C(=O)O)c3ccccc3)cc2S(=O)(=O)N1,9.698970004336019,1,IC50,FXR,CHEMBL2047
CCCCC1(CCCC)CN(c2ccccc2)c2cc(SC)c(OCC(=O)N[C@@H](C(=O)N[C@@H](CC)C(=O)O)c3ccc(O)cc3)cc2S(=O)(=O)N1,9.795880017344075,1,IC50,FXR,CHEMBL2047
CCCCC1(CCCC)CN(c2ccccc2)c2cc(SC)c(OCC(=O)N[C@@H](C(=O)N[C@@H](CC)C(=O)O)c3ccccc3)cc2S(=O)(=O)N1,9.744727494896694,1,IC50,FXR,CHEMBL2047
CCCCC1(CCCC)CN(c2ccccc2)c2cc(SC)c(OCC(=O)N[C@@H](C(=O)N[C@@H](CSC)C(=O)O)c3ccccc3)cc2S(=O)(=O)N1,9.455931955649724,1,IC50,FXR,CHEMBL2047
CCCCC1(CCCC)CN(c2ccccc2)c2cc(SC)c(OCC(=O)N[C@@H](C(=O)N[C@H](C(=O)O)C(C)C)c3ccc(O)cc3)cc2S(=O)(=O)N1,9.886056647693163,1,IC50,FXR,CHEMBL2047
CCCCC1(CCCC)CN(c2ccccc2)c2cc(SC)c(OCC(=O)N[C@@H](C(=O)N[C@H](C(=O)O)C(C)C)c3ccccc3)cc2S(=O)(=O)N1,9.443697499232712,1,IC50,FXR,CHEMBL2047
CCCCC1(CCCC)CN(c2ccccc2)c2cc(SC)c(OCC(=O)N[C@@H](C(=O)N[C@H](C(=O)O)[C@@H](C)O)c3ccc(O)cc3)cc2S(=O)(=O)N1,9.958607314841775,1,IC50,FXR,CHEMBL2047
CCCCCCC(=O)Nc1ccc(-c2ccc(C(O)(C(F)(F)F)C(F)(F)F)cc2F)cc1,5.903089986991944,1,IC50,FXR,CHEMBL2047
CCCCCCC(=O)c1cc(CC)c(OCCCCCC(C)(C)c2nnn[nH]2)cc1O,5.075720713938118,1,IC50,FXR,CHEMBL2047
CCCCCCCCCCCCCCCC(=O)OC(CC(=O)O)C[N+](C)(C)C.[Cl-],5.010995384301463,1,IC50,FXR,CHEMBL2047
CCCCCCc1cc(C(C)=O)c(O)cc1OCCCCCC(C)(C)c1nnn[nH]1,5.494850021680094,1,IC50,FXR,CHEMBL2047
CCCCCOc1ccc(C(=O)Nc2cccc(C(=O)O)c2)cc1,6.548213564475709,1,EC50,FXR,CHEMBL2047
CCCCCOc1cccc(C(=O)Nc2cccc(C(=O)O)c2)c1,5.595337299126278,1,EC50,FXR,CHEMBL2047
CCCCOC(C)(C)[C@H](O)[C@@H](O)C[C@@H](C)C1=C2C[C@H](O)[C@H]3[C@@]4(C)CCC(=O)C(C)(C)[C@@H]4CC[C@]3(C)[C@@]2(C)CC1,6.366531544420413,1,EC50,FXR,CHEMBL2047
CCCCOc1ccc(C(=O)Nc2cccc(C(=O)O)c2)cc1,6.978810700930062,1,EC50,FXR,CHEMBL2047
CCCCOc1cccc(-c2cccc(C(=O)Nc3cccc(C(=O)O)c3)c2)c1,6.59176003468815,1,EC50,FXR,CHEMBL2047
CCCCOc1cccc(C(=O)Nc2cccc(C(=O)O)c2)c1,5.501551596826,1,EC50,FXR,CHEMBL2047
CCCC[C@@]1(O)C[C@@H]2C[C@H](O)CC[C@]2(C)[C@H]2C[C@H](O)[C@]3(C)[C@@H]([C@H](C)CCC(=O)O)CC[C@H]3[C@@H]21,4.116338564846383,1,EC50,FXR,CHEMBL2047
CCCCc1cc(C(C)=O)c(O)cc1OCCCCCC(C)(C)c1nnn[nH]1,5.823908740944319,1,IC50,FXR,CHEMBL2047
CCCCc1cc(C(C)=O)c(OCc2ccccc2)cc1OCCCCCC(C)(C)c1nnn[nH]1,5.107905397309519,1,IC50,FXR,CHEMBL2047
CCCCc1cc(CC)c(O)cc1OCCCCCC(C)(C)c1nnn[nH]1,5.060480747381382,1,IC50,FXR,CHEMBL2047
CCCCc1oc2ccccc2c1C(=O)c1ccc(OCc2ccc(C(=O)O)cc2)cc1,4.950781977329818,1,EC50,FXR,CHEMBL2047
CCCCn1cc(C(=O)Nc2ccc(C)c(S(=O)(=O)N3CCOCC3)c2)c(-c2ccc(C)cc2)n1,6.1093826864821255,2,IC50,FXR,CHEMBL2047
CCCN(CC1CC1)c1nc(C)nc(Nc2c(Cl)cc(Cl)cc2Cl)c1Cl,5.557520230935552,1,IC50,FXR,CHEMBL2047
CCCOc1cccc(C(=O)Nc2cccc(C(=O)O)c2)c1,5.666955970176513,1,EC50,FXR,CHEMBL2047
CCCS(=O)(=O)O[C@@H]1CC[C@]2(C)[C@H]3CC[C@@H]4[C@H]5[C@H](C(C)C)CC[C@]5(C(=O)NCC(=O)O)CC[C@@]4(C)[C@]3(C)CC[C@H]2C1(C)C,4.853871964321762,1,IC50,FXR,CHEMBL2047
CCC[C@@H]1C2C[C@H](O)CC[C@]2(C)[C@H]2CC[C@]3(C)C([C@H](C)CCC(=O)O)CC[C@H]3[C@@H]2[C@@H]1O,5.954677021213342,2,EC50,FXR,CHEMBL2047
CCC[C@@]1(O)C[C@@H]2C[C@H](O)CC[C@]2(C)[C@H]2C[C@H](O)[C@]3(C)[C@@H]([C@H](C)CCC(=O)O)CC[C@H]3[C@@H]21,4.259637310505756,1,EC50,FXR,CHEMBL2047
CCCc1cc(C(C)=O)c(O)cc1OCCCCCC(C)(C)c1nnn[nH]1,4.598599459218456,1,IC50,FXR,CHEMBL2047
CCCc1ccccc1-n1nc(C)c2c1NC(=O)[C@H](C)S[C@@H]2c1ccc(Oc2ccccc2)cc1,5.958607314841775,1,EC50,FXR,CHEMBL2047
CCCn1c(-c2ccc(OCc3c(-c4c(Cl)cccc4Cl)noc3C(C)C)cc2)nc2ccc(C(=O)O)cc21,7.523720008771617,2,EC50,FXR,CHEMBL2047
CCCn1c(C)c(C(=O)c2cccc3ccccc23)c2ccccc21,5.492144128304169,1,IC50,FXR,CHEMBL2047
CCN(CC)C(=O)c1ccc(C[C@@H](c2nc3ccc(C)cc3n2C)N2C(=O)CN(c3ccc(Oc4ccccc4)cc3)C2=O)cc1,5.7555273248430145,2,IC50,FXR,CHEMBL2047
CCN(CC)c1ccc(CN(C(=O)c2cccc(F)c2)C2CC2)c(OS(=O)(=O)c2ccc(NC(C)=O)cc2)c1,5.229147988357855,1,IC50,FXR,CHEMBL2047
CCN(CC)c1ccc(CN(CC2CC2)C(=O)NC(C)(C)C)c(OS(=O)(=O)c2ccc(NC(C)=O)cc2)c1,5.740743030061056,2,IC50,FXR,CHEMBL2047
CCN(CC)c1ccc2cc(-c3nc(-c4ccccc4)no3)c(=O)oc2c1,6.337242168318426,1,EC50,FXR,CHEMBL2047
CCN(Cc1ccc(C(=O)O)cc1)c1ccc(OCc2c(-c3c(Cl)cccc3Cl)noc2C2CC2)nc1C(F)(F)F,6.7121982700697735,1,EC50,FXR,CHEMBL2047
CCN(Cc1ccc(C(=O)O)cc1)c1ccc(OCc2c(-c3c(Cl)cccc3Cl)nsc2C(C)C)nc1C(F)(F)F,5.665546248849069,1,EC50,FXR,CHEMBL2047
CCN(c1ccc(C(O)(C(F)(F)F)C(F)(F)F)cc1)S(=O)(=O)c1ccccc1,5.045757490560675,1,EC50,FXR,CHEMBL2047
CCNC(=O)O[C@@H]1CC[C@]2(C)[C@H]3CC[C@@H]4[C@H]5[C@H](C(C)C)CC[C@]5(C(=O)NCC(=O)O)CC[C@@]4(C)[C@]3(C)CC[C@H]2C1(C)C,5.468521082957745,1,IC50,FXR,CHEMBL2047
CCNC(=O)c1ccc2c(c1)Oc1ccc(OCc3c(-c4c(Cl)cccc4Cl)noc3C3CC3)nc1CC2,7.958607314841775,1,EC50,FXR,CHEMBL2047
CCNS(=O)(=O)O[C@@H]1CC[C@]2(C)[C@H]3CC[C@@H]4[C@H]5[C@H](C(C)C)CC[C@]5(C(=O)NCC(=O)O)CC[C@@]4(C)[C@]3(C)CC[C@H]2C1(C)C,5.267606240177031,1,IC50,FXR,CHEMBL2047
CCNc1cc(Cl)c(C(=O)Nc2ccc(O)c(C(C)(C)C)c2)c(Cl)c1,4.542118103266008,1,IC50,FXR,CHEMBL2047
CCOC(=O)/C=C/c1cc(F)cc(N(Cc2ccc(-c3ccc(N(C)C)cc3)c(C#N)c2)C(=O)C2CCCCC2)c1,6.0,1,EC50,FXR,CHEMBL2047
CCOC(=O)/C=C/c1cc(N(Cc2ccc(-c3ccc(N(C)C)cc3)c(C#N)c2)C(=O)C2CCCCC2)ccc1F,5.886056647693163,1,EC50,FXR,CHEMBL2047
CCOC(=O)/C=C/c1ccc(F)c(N(Cc2ccc(-c3ccc(N(C)C)cc3)c(C#N)c2)C(=O)C2CCCCC2)c1,5.795880017344075,1,EC50,FXR,CHEMBL2047
CCOC(=O)/C=C/c1cccc(N(Cc2ccc(-c3ccc(N(C)C)cc3)c(C#N)c2)C(=O)C2CCCCC2)c1,5.920818753952375,1,EC50,FXR,CHEMBL2047
CCOC(=O)/C=C/c1cccc(N(Cc2ccc(-c3ccc(N(C)C)cc3)c(C#N)c2)C(=O)C2CCCCC2)c1F,6.0,1,EC50,FXR,CHEMBL2047
CCOC(=O)C1=C(C)NC(C)=C(C(=O)OC)C1c1cccc(Cl)c1Cl,5.304518323509802,1,IC50,FXR,CHEMBL2047
CCOC(=O)C1=C(c2ccccc2)N=c2s/c(=C\c3ccc(-c4ccc(C(=O)O)c(Cl)c4)o3)c(=O)n2[C@@H]1c1ccc(Cl)cc1,5.200659450546418,1,EC50,FXR,CHEMBL2047
CCOC(=O)C1=CN(C(=O)c2ccc(F)c(F)c2)CC(C)(C)c2c1[nH]c1ccccc21,7.6777807052660805,1,IC50,FXR,CHEMBL2047
CCOC(=O)C1=CN(C(=O)c2ccc(F)c(F)c2)CC(C)(C)c2cn[nH]c21,6.221848749616356,1,EC50,FXR,CHEMBL2047
CCOC(=O)C1CCN(C(=O)Cc2ccc(N(Cc3cccc(F)c3)C(=O)c3ccccc3C)cc2)CC1,5.057000406633959,1,IC50,FXR,CHEMBL2047
CCOC(=O)N1CCC(=C2c3ccc(Cl)cc3CCc3cccnc32)CC1,5.512861624522813,1,IC50,FXR,CHEMBL2047
CCOC(=O)NCC[C@@H](C)C1CC[C@H]2[C@@H]3[C@H](O)CC4C[C@H](O)CC[C@]4(C)[C@H]3CC[C@]12C,5.565431095965801,1,EC50,FXR,CHEMBL2047
CCOC(=O)NCC[C@@H](C)[C@H]1CC[C@H]2[C@@H]3[C@H](O)[C@H](CC)[C@@H]4C[C@H](O)CC[C@]4(C)[C@H]3CC[C@]12C,6.77642098432889,2,EC50,FXR,CHEMBL2047
CCOC(=O)O[C@@H]1CC[C@]2(C)[C@H]3CC[C@@H]4[C@H]5[C@H](C(C)C)CC[C@]5(C(=O)NCC(=O)O)CC[C@@]4(C)[C@]3(C)CC[C@H]2C1(C)C,5.136677139879544,1,IC50,FXR,CHEMBL2047
CCOC(=O)c1ccc(CNC(=O)Cc2ccc(N(Cc3cccc(C)c3)C(=O)C3CCCC3)cc2)cc1,6.050609993355087,1,IC50,FXR,CHEMBL2047
CCOC(=O)c1coc(-c2cccc(N(CC34CCC(c5nc(C6CC6)no5)(CC3)CC4)C(=O)C3CCCCC3)c2)n1,6.269217724333611,1,EC50,FXR,CHEMBL2047
CCOC(=O)c1nc(-c2cccc(N(CC34CCC(c5cnc(OC)o5)(CC3)CC4)C(=O)C3CCCCC3)c2)cs1,7.6020599913279625,1,EC50,FXR,CHEMBL2047
CCOC(=O)c1nc(-c2cccc(N(CC34CCC(c5nc(C6CC6)no5)(CC3)CC4)C(=O)C3CCCCC3)c2)cs1,6.036684488613888,1,EC50,FXR,CHEMBL2047
CCOC(C)(C)[C@H](O)[C@@H](O)C[C@@H](C)C1=C2C=C[C@H]3[C@@]4(C)CCC(=O)C(C)(C)[C@@H]4CC[C@]3(C)[C@@]2(C)CC1=O,4.8326826652518236,1,EC50,FXR,CHEMBL2047
CCOC(C)(C)[C@H](O)[C@@H](O)C[C@@H](C)C1=C2C[C@H](O)[C@H]3[C@@]4(C)CCC(=O)C(C)(C)[C@@H]4CC[C@]3(C)[C@@]2(C)CC1,6.026872146400301,1,EC50,FXR,CHEMBL2047
CCOC/C=C/c1ccc(CN(C(=O)C2CCCCC2)c2cccc(/C=C/C(=O)OC)c2)cc1,3.703334809738469,1,EC50,FXR,CHEMBL2047
CCOC/C=C/c1cccc(N(Cc2ccc(/C=C/C(=O)OC(C)(C)C)cc2)C(=O)C2CCCCC2)c1,6.657577319177793,1,EC50,FXR,CHEMBL2047
CCO[C@H]1C[C@@]2(C)C(=C1[C@H](C)C[C@H](OC(C)=O)[C@H]1OC1(C)C)C[C@H](O)[C@H]1[C@@]3(C)CCC(=O)C(C)(C)[C@@H]3CC[C@@]12C,5.899629454882437,1,EC50,FXR,CHEMBL2047
CCO[C@]1(c2ccc(OCc3c(-c4c(Cl)cccc4Cl)noc3C3CC3)cc2Cl)C[C@H](c2cccc(C(=O)O)c2)C1,6.607548775056673,2,EC50,FXR,CHEMBL2047
CCOc1cc(-c2cccc(N(CC34CCC(c5nc(C6CC6)no5)(CC3)CC4)C(=O)C3CCCCC3)c2)no1,7.229147988357855,1,EC50,FXR,CHEMBL2047
CCOc1ccc(-c2cccc(N(CC34CCC(c5noc(C(C)(C)C)n5)(CC3)CC4)C(=O)C34CC(F)(C3)C4)c2)cn1,6.982966660701219,1,EC50,FXR,CHEMBL2047
CCOc1ccc(C(=O)NCc2ccc(NS(C)(=O)=O)cc2Cl)cc1,5.657577319177793,1,EC50,FXR,CHEMBL2047
CCOc1ccc(CN(Cc2cccc(C(F)(F)F)c2)Cc2nc(C(=O)N3CCN(C(C)=O)CC3)co2)cc1,4.870954940112042,1,IC50,FXR,CHEMBL2047
CCOc1ccc(CNC(=O)c2ccc(C(C)(C)C)cc2)cc1,6.795880017344075,1,EC50,FXR,CHEMBL2047
CCOc1cccc(-c2ccc(CN(C(=O)C(C)C)c3cccc(/C=C/C(=O)OC)c3)cc2)c1,6.761953896871205,1,EC50,FXR,CHEMBL2047
CCOc1cccc(-c2ccc(CN(C(=O)C3CCCCC3)c3cccc(/C=C/C(=O)OC)c3)cc2)c1,6.8326826652518236,1,EC50,FXR,CHEMBL2047
CCOc1cccc(-c2ccc([C@H]3S[C@@H](C)C(=O)Nc4c3c(C)nn4-c3ccccc3C)cc2)c1,5.455931955649724,1,EC50,FXR,CHEMBL2047
CCOc1cccc(C(=O)Nc2cccc(C(=O)O)c2)c1,5.6293019074244235,1,EC50,FXR,CHEMBL2047
CCOc1ncc(-c2cccc(N(CC34CCC(c5noc(C(C)(C)C)n5)(CC3)CC4)C(=O)C34CC(F)(C3)C4)c2)cn1,7.3872161432802645,1,EC50,FXR,CHEMBL2047
CCOc1ncc(-c2cccc(N(CC34CCC(c5noc(C(C)(C)C)n5)(CC3)CC4)C(=O)[C@H]3C[C@@](C)(O)C3)c2)cn1,6.954677021213342,1,EC50,FXR,CHEMBL2047
CCOc1ncc(-c2cccc(N(CC34CCC(c5noc(C(C)(C)C)n5)(CC3)CC4)C(=O)[C@H]3C[C@](O)(C(F)(F)F)C3)c2)cn1,6.818156412055227,1,EC50,FXR,CHEMBL2047
CCOc1ncc(-c2cccc(N(CC34CCC(c5noc(C(F)F)n5)(CC3)CC4)C(=O)C34CC(F)(C3)C4)c2)cn1,6.769551078621726,1,EC50,FXR,CHEMBL2047
CCS(=O)(=O)Nc1ccc(CNC(=O)c2ccc(C(C)(C)C)cc2)c(Cl)c1,6.301029995663981,1,EC50,FXR,CHEMBL2047
CC[C@@H](C)c1onc(-c2c(Cl)cccc2Cl)c1COc1ccc(/C=C/c2cccc(C(=O)O)c2)c(Cl)c1,6.978810700930062,1,EC50,FXR,CHEMBL2047
CC[C@@H](CC[C@@H](C)[C@H]1CCC2=C3CC[C@H]4C(C)=CCC[C@]4(C)C3CC[C@@]21C)C(C)C,4.455931955649724,1,IC50,FXR,CHEMBL2047
CC[C@@H](c1nc2ccc(C(=O)O)cc2n1C)N1C(=O)CN(c2ccc(Oc3ccccc3)cc2)C1=O,3.678815972697686,1,IC50,FXR,CHEMBL2047
CC[C@@H]1Cc2cc(O)ccc2C2=C1c1ccc(O)cc1C[C@H]2CC,5.882728704344236,1,IC50,FXR,CHEMBL2047
CC[C@H](C)[C@@H](c1nc2ccc(C(=O)O)cc2n1C)N1C(=O)CN(c2ccc(Oc3ccccc3)cc2)C1=O,3.990549104201306,1,IC50,FXR,CHEMBL2047
CC[C@H](C)c1onc(-c2c(Cl)cccc2Cl)c1COc1ccc(/C=C/c2cccc(C(=O)O)c2)c(Cl)c1,6.721246399047171,1,EC50,FXR,CHEMBL2047
CC[C@H]1C[C@@H]2[C@H](CC[C@]3(C)[C@@H]([C@H](C)CCN(C)C(=O)NS(=O)(=O)C4CCCCC4)CC[C@@H]23)[C@@]2(C)CC[C@@H](O)C[C@@H]12,6.259637310505756,1,EC50,FXR,CHEMBL2047
CC[C@H]1C[C@@H]2[C@H](CC[C@]3(C)[C@@H]([C@H](C)CCN(C)C(=O)NS(=O)(=O)c4ccc(C(C)(C)C)cc4)CC[C@@H]23)[C@@]2(C)CC[C@@H](O)C[C@@H]12,6.259637310505756,1,EC50,FXR,CHEMBL2047
CC[C@H]1C[C@@H]2[C@H](CC[C@]3(C)[C@@H]([C@H](C)CCN(C)C(=O)NS(=O)(=O)c4ccc5ccccc5c4)CC[C@@H]23)[C@@]2(C)CC[C@@H](O)C[C@@H]12,6.259637310505756,1,EC50,FXR,CHEMBL2047
CC[C@H]1C[C@@H]2[C@H](CC[C@]3(C)[C@@H]([C@H](C)CCNC(=O)NS(=O)(=O)c4ccccc4Cl)CC[C@@H]23)[C@@]2(C)CC[C@@H](O)C[C@@H]12,6.259637310505756,1,EC50,FXR,CHEMBL2047
CC[C@H]1C[C@@H]2[C@H](CC[C@]3(C)[C@@H]([C@H](C)CCNC(=O)NS(=O)(=O)c4cccs4)CC[C@@H]23)[C@@]2(C)CC[C@@H](O)C[C@@H]12,6.259637310505756,1,EC50,FXR,CHEMBL2047
CC[C@H]1C[C@@H]2[C@H](CC[C@]3(C)[C@@H]([C@H](C)CNC(=O)NS(=O)(=O)C4CC4)CC[C@@H]23)[C@@]2(C)CC[C@@H](O)C[C@@H]12,5.259637310505756,1,EC50,FXR,CHEMBL2047
CC[C@H]1C[C@@H]2[C@H](CC[C@]3(C)[C@@H]([C@H](C)CNC(=O)NS(=O)(=O)C4CCCCC4)CC[C@@H]23)[C@@]2(C)CC[C@@H](O)C[C@@H]12,6.259637310505756,1,EC50,FXR,CHEMBL2047
CC[C@H]1C[C@@H]2[C@H](CC[C@]3(C)[C@@H]([C@H](C)CNC(=O)NS(=O)(=O)N4CCCCC4)CC[C@@H]23)[C@@]2(C)CC[C@@H](O)C[C@@H]12,6.259637310505756,1,EC50,FXR,CHEMBL2047
CC[C@H]1C[C@@H]2[C@H](CC[C@]3(C)[C@@H]([C@H](C)CNC(=O)NS(=O)(=O)N4CCOCC4)CC[C@@H]23)[C@@]2(C)CC[C@@H](O)C[C@@H]12,5.259637310505756,1,EC50,FXR,CHEMBL2047
CC[C@H]1C[C@@H]2[C@H](CC[C@]3(C)[C@@H]([C@H](C)CNC(=O)NS(=O)(=O)c4ccccc4)CC[C@@H]23)[C@@]2(C)CC[C@@H](O)C[C@@H]12,6.259637310505756,1,EC50,FXR,CHEMBL2047
CC[C@H]1C[C@@H]2[C@H](CC[C@]3(C)[C@@H]([C@H](C)CNC(=O)NS(C)(=O)=O)CC[C@@H]23)[C@@]2(C)CC[C@@H](O)C[C@@H]12,5.259637310505756,1,EC50,FXR,CHEMBL2047
CC[C@H]1C[C@@H]2[C@H](CC[C@]3(C)[C@@H]([C@H](C)C[C@H](C)NC(=O)NS(=O)(=O)C4CCCCC4)CC[C@@H]23)[C@@]2(C)CC[C@@H](O)C[C@@H]12,5.259637310505756,1,EC50,FXR,CHEMBL2047
CC[C@H]1[C@@H](O)C2C3CC[C@H]([C@H](C)C[C@H](C)C(=O)O)[C@@]3(C)[C@@H](O)CC2[C@@]2(C)CC[C@@H](O)C[C@@H]12,6.096910013008056,1,EC50,FXR,CHEMBL2047
CC[C@H]1[C@@H](O)C2[C@@H]3CC[C@H]([C@H](C)CCC(=O)O)[C@@]3(C)CC[C@@H]2[C@@]2(C)CC[C@@H](O)C[C@@H]12,7.222755419998091,2,EC50,FXR,CHEMBL2047
CC[C@H]1[C@@H](O)[C@@H]2[C@H](CC[C@]3(C)C([C@H](C)CCNS(=O)(=O)c4ccccc4)CC[C@@H]23)[C@@]2(C)CC[C@@H](O)C[C@@H]12,5.259637310505756,1,EC50,FXR,CHEMBL2047
CC[C@H]1[C@@H](O)[C@@H]2[C@H](CC[C@]3(C)[C@@H]([C@H](C)CCC(=O)NCC(=O)O)CC[C@@H]23)[C@@]2(C)CC[C@@H](O)C[C@@H]12,6.537602002101044,1,EC50,FXR,CHEMBL2047
CC[C@H]1[C@@H](O)[C@@H]2[C@H](CC[C@]3(C)[C@@H]([C@H](C)CCC(=O)NCCS(=O)(=O)O)CC[C@@H]23)[C@@]2(C)CC[C@@H](O)C[C@@H]12,6.638272163982407,1,EC50,FXR,CHEMBL2047
CC[C@H]1[C@@H](O)[C@@H]2[C@H](CC[C@]3(C)[C@@H]([C@H](C)CCC(=O)NCCS(=O)(=O)[O-])CC[C@@H]23)[C@@]2(C)CC[C@@H](O)C[C@@H]12.C[N+](C)(C)CCO,7.013228265733755,1,EC50,FXR,CHEMBL2047
CC[C@H]1[C@@H](O)[C@@H]2[C@H](CC[C@]3(C)[C@@H]([C@H](C)CCC(=O)NCCS(=O)(=O)[O-])CC[C@@H]23)[C@@]2(C)CC[C@@H](O)C[C@@H]12.[K+],6.950781977329818,1,EC50,FXR,CHEMBL2047
CC[C@H]1[C@@H](O)[C@@H]2[C@H](CC[C@]3(C)[C@@H]([C@H](C)CCC(=O)NS(=O)(=O)C(C)C)CC[C@@H]23)[C@@]2(C)CC[C@@H](O)C[C@@H]12,5.259637310505756,1,EC50,FXR,CHEMBL2047
CC[C@H]1[C@@H](O)[C@@H]2[C@H](CC[C@]3(C)[C@@H]([C@H](C)CCC(=O)NS(=O)(=O)c4ccc(C(F)(F)F)cc4)CC[C@@H]23)[C@@]2(C)CC[C@@H](O)[C@H](F)[C@@H]12,7.823908740944319,1,EC50,FXR,CHEMBL2047
CC[C@H]1[C@@H](O)[C@@H]2[C@H](CC[C@]3(C)[C@@H]([C@H](C)CCC(=O)NS(=O)(=O)c4ccc(OC(F)(F)F)cc4)CC[C@@H]23)[C@@]2(C)CC[C@@H](O)[C@H](F)[C@@H]12,8.630784142589857,1,EC50,FXR,CHEMBL2047
CC[C@H]1[C@@H](O)[C@@H]2[C@H](CC[C@]3(C)[C@@H]([C@H](C)CCC(=O)NS(=O)(=O)c4ccccc4)CC[C@@H]23)[C@@]2(C)CC[C@@H](O)C[C@@H]12,6.259637310505756,1,EC50,FXR,CHEMBL2047
CC[C@H]1[C@@H](O)[C@@H]2[C@H](CC[C@]3(C)[C@@H]([C@H](C)CCC(=O)NS(C)(=O)=O)CC[C@@H]23)[C@@]2(C)CC[C@@H](O)C[C@@H]12,7.301029995663981,1,EC50,FXR,CHEMBL2047
CC[C@H]1[C@@H](O)[C@@H]2[C@H](CC[C@]3(C)[C@@H]([C@H](C)CCC(=O)O)CC[C@@H]23)[C@@]2(C)CCC(C)C[C@@H]12,5.823908740944319,1,EC50,FXR,CHEMBL2047
CC[C@H]1[C@@H](O)[C@@H]2[C@H](CC[C@]3(C)[C@@H]([C@H](C)CCC(=O)O)CC[C@@H]23)[C@@]2(C)CCC(F)(F)C[C@@H]12,5.958607314841775,1,EC50,FXR,CHEMBL2047
CC[C@H]1[C@@H](O)[C@@H]2[C@H](CC[C@]3(C)[C@@H]([C@H](C)CCC(=O)O)CC[C@@H]23)[C@@]2(C)CCC3(CC3)C[C@@H]12,6.154901959985743,1,EC50,FXR,CHEMBL2047
CC[C@H]1[C@@H](O)[C@@H]2[C@H](CC[C@]3(C)[C@@H]([C@H](C)CCC(=O)O)CC[C@@H]23)[C@@]2(C)CCCC[C@@H]12,6.3979400086720375,1,EC50,FXR,CHEMBL2047
CC[C@H]1[C@@H](O)[C@@H]2[C@H](CC[C@]3(C)[C@@H]([C@H](C)CCC(=O)O)CC[C@@H]23)[C@@]2(C)CC[C@@H](O)C[C@@H]12,6.564914449003386,31,EC50,FXR,CHEMBL2047
CC[C@H]1[C@@H](O)[C@@H]2[C@H](CC[C@]3(C)[C@@H]([C@H](C)CCC(=O)O)CC[C@@H]23)[C@@]2(C)CC[C@@H](OC)C[C@@H]12,5.7447274948966935,1,EC50,FXR,CHEMBL2047
CC[C@H]1[C@@H](O)[C@@H]2[C@H](CC[C@]3(C)[C@@H]([C@H](C)CCC(=O)O)CC[C@@H]23)[C@@]2(C)Cc3cn[nH]c3C[C@@H]12,6.522878745280337,1,EC50,FXR,CHEMBL2047
CC[C@H]1[C@@H](O)[C@@H]2[C@H](CC[C@]3(C)[C@@H]([C@H](C)CCC(=O)S)CC[C@@H]23)[C@@]2(C)CC[C@@H](O)C[C@@H]12,6.619788758288394,1,EC50,FXR,CHEMBL2047
CC[C@H]1[C@@H](O)[C@@H]2[C@H](CC[C@]3(C)[C@@H]([C@H](C)CCC(C)=O)CC[C@@H]23)[C@@]2(C)CC[C@@H](O)C[C@@H]12,6.0,1,EC50,FXR,CHEMBL2047
CC[C@H]1[C@@H](O)[C@@H]2[C@H](CC[C@]3(C)[C@@H]([C@H](C)CCC(N)=O)CC[C@@H]23)[C@@]2(C)CC[C@@H](O)C[C@@H]12,6.221848749616356,1,EC50,FXR,CHEMBL2047
CC[C@H]1[C@@H](O)[C@@H]2[C@H](CC[C@]3(C)[C@@H]([C@H](C)CCC4NC(=O)NC4=O)CC[C@@H]23)[C@@]2(C)CC[C@@H](O)C[C@@H]12,5.568636235841012,1,EC50,FXR,CHEMBL2047
CC[C@H]1[C@@H](O)[C@@H]2[C@H](CC[C@]3(C)[C@@H]([C@H](C)CCCCNS(=O)(=O)C(C)(C)C)CC[C@@H]23)[C@@]2(C)CC[C@@H](O)C[C@@H]12,5.259637310505756,1,EC50,FXR,CHEMBL2047
CC[C@H]1[C@@H](O)[C@@H]2[C@H](CC[C@]3(C)[C@@H]([C@H](C)CCCCNS(=O)(=O)c4ccccc4)CC[C@@H]23)[C@@]2(C)CC[C@@H](O)C[C@@H]12,5.259637310505756,1,EC50,FXR,CHEMBL2047
CC[C@H]1[C@@H](O)[C@@H]2[C@H](CC[C@]3(C)[C@@H]([C@H](C)CCCNC(=O)N4CC[C@H](O)C4)CC[C@@H]23)[C@@]2(C)CC[C@@H](O)C[C@@H]12,6.431798275933005,1,EC50,FXR,CHEMBL2047
CC[C@H]1[C@@H](O)[C@@H]2[C@H](CC[C@]3(C)[C@@H]([C@H](C)CCCNC(=O)NS(=O)(=O)C4CC4)CC[C@@H]23)[C@@]2(C)CC[C@@H](O)C[C@@H]12,6.259637310505756,1,EC50,FXR,CHEMBL2047
CC[C@H]1[C@@H](O)[C@@H]2[C@H](CC[C@]3(C)[C@@H]([C@H](C)CCCNC(=O)NS(=O)(=O)c4ccc5ccccc5c4)CC[C@@H]23)[C@@]2(C)CC[C@@H](O)C[C@@H]12,6.259637310505756,1,EC50,FXR,CHEMBL2047
CC[C@H]1[C@@H](O)[C@@H]2[C@H](CC[C@]3(C)[C@@H]([C@H](C)CCCNC(N)=O)CC[C@@H]23)[C@@]2(C)CC[C@@H](O)C[C@@H]12,6.886056647693163,1,EC50,FXR,CHEMBL2047
CC[C@H]1[C@@H](O)[C@@H]2[C@H](CC[C@]3(C)[C@@H]([C@H](C)CCCNS(=O)(=O)[O-])CC[C@@H]23)[C@@]2(C)CC[C@@H](O)C[C@@H]12.[Na+],5.259637310505756,1,EC50,FXR,CHEMBL2047
CC[C@H]1[C@@H](O)[C@@H]2[C@H](CC[C@]3(C)[C@@H]([C@H](C)CCCNS(=O)(=O)c4ccccc4)CC[C@@H]23)[C@@]2(C)CC[C@@H](O)C[C@@H]12,6.638272163982407,1,EC50,FXR,CHEMBL2047
CC[C@H]1[C@@H](O)[C@@H]2[C@H](CC[C@]3(C)[C@@H]([C@H](C)CCCNS(C)(=O)=O)CC[C@@H]23)[C@@]2(C)CC[C@@H](O)C[C@@H]12,6.958607314841775,1,EC50,FXR,CHEMBL2047
CC[C@H]1[C@@H](O)[C@@H]2[C@H](CC[C@]3(C)[C@@H]([C@H](C)CCCOS(=O)(=O)[O-])CC[C@@H]23)[C@@]2(C)CC[C@@H](O)C[C@@H]12.[Na+],6.0,1,EC50,FXR,CHEMBL2047
CC[C@H]1[C@@H](O)[C@@H]2[C@H](CC[C@]3(C)[C@@H]([C@H](C)CCNC(=O)C(=O)O)CC[C@@H]23)[C@@]2(C)CC[C@@H](O)C[C@@H]12,7.698970004336019,1,EC50,FXR,CHEMBL2047
CC[C@H]1[C@@H](O)[C@@H]2[C@H](CC[C@]3(C)[C@@H]([C@H](C)CCNC(=O)N(C)S(=O)(=O)c4ccccc4)CC[C@@H]23)[C@@]2(C)CC[C@@H](O)C[C@@H]12,6.259637310505756,1,EC50,FXR,CHEMBL2047
CC[C@H]1[C@@H](O)[C@@H]2[C@H](CC[C@]3(C)[C@@H]([C@H](C)CCNC(=O)N4CC[C@H](O)C4)CC[C@@H]23)[C@@]2(C)CC[C@@H](O)C[C@@H]12,7.096910013008056,1,EC50,FXR,CHEMBL2047
CC[C@H]1[C@@H](O)[C@@H]2[C@H](CC[C@]3(C)[C@@H]([C@H](C)CCNC(=O)NC(C)(C)C)CC[C@@H]23)[C@@]2(C)CC[C@@H](O)C[C@@H]12,6.259637310505756,1,EC50,FXR,CHEMBL2047
CC[C@H]1[C@@H](O)[C@@H]2[C@H](CC[C@]3(C)[C@@H]([C@H](C)CCNC(=O)NC4CC4)CC[C@@H]23)[C@@]2(C)CC[C@@H](O)C[C@@H]12,7.154901959985743,1,EC50,FXR,CHEMBL2047
CC[C@H]1[C@@H](O)[C@@H]2[C@H](CC[C@]3(C)[C@@H]([C@H](C)CCNC(=O)NS(=O)(=O)C(C)(C)CO)CC[C@@H]23)[C@@]2(C)CC[C@@H](O)C[C@@H]12,5.259637310505756,1,EC50,FXR,CHEMBL2047
CC[C@H]1[C@@H](O)[C@@H]2[C@H](CC[C@]3(C)[C@@H]([C@H](C)CCNC(=O)NS(=O)(=O)C(C)C)CC[C@@H]23)[C@@]2(C)CC[C@@H](O)C[C@@H]12,5.259637310505756,1,EC50,FXR,CHEMBL2047
CC[C@H]1[C@@H](O)[C@@H]2[C@H](CC[C@]3(C)[C@@H]([C@H](C)CCNC(=O)NS(=O)(=O)C(F)(F)F)CC[C@@H]23)[C@@]2(C)CC[C@@H](O)C[C@@H]12,5.259637310505756,1,EC50,FXR,CHEMBL2047
CC[C@H]1[C@@H](O)[C@@H]2[C@H](CC[C@]3(C)[C@@H]([C@H](C)CCNC(=O)NS(=O)(=O)C4CC4)CC[C@@H]23)[C@@]2(C)CC[C@@H](O)C[C@@H]12,6.259637310505756,1,EC50,FXR,CHEMBL2047
CC[C@H]1[C@@H](O)[C@@H]2[C@H](CC[C@]3(C)[C@@H]([C@H](C)CCNC(=O)NS(=O)(=O)Cc4ccccc4)CC[C@@H]23)[C@@]2(C)CC[C@@H](O)C[C@@H]12,6.259637310505756,1,EC50,FXR,CHEMBL2047
CC[C@H]1[C@@H](O)[C@@H]2[C@H](CC[C@]3(C)[C@@H]([C@H](C)CCNC(=O)NS(=O)(=O)N(C(C)C)C(C)C)CC[C@@H]23)[C@@]2(C)CC[C@@H](O)C[C@@H]12,6.259637310505756,1,EC50,FXR,CHEMBL2047
CC[C@H]1[C@@H](O)[C@@H]2[C@H](CC[C@]3(C)[C@@H]([C@H](C)CCNC(=O)NS(=O)(=O)N(C)C)CC[C@@H]23)[C@@]2(C)CC[C@@H](O)C[C@@H]12,5.259637310505756,1,EC50,FXR,CHEMBL2047
CC[C@H]1[C@@H](O)[C@@H]2[C@H](CC[C@]3(C)[C@@H]([C@H](C)CCNC(=O)NS(=O)(=O)N4CCC5(CC4)COC5)CC[C@@H]23)[C@@]2(C)CC[C@@H](O)C[C@@H]12,6.259637310505756,1,EC50,FXR,CHEMBL2047
CC[C@H]1[C@@H](O)[C@@H]2[C@H](CC[C@]3(C)[C@@H]([C@H](C)CCNC(=O)NS(=O)(=O)N4CCCCC4)CC[C@@H]23)[C@@]2(C)CC[C@@H](O)C[C@@H]12,5.259637310505756,1,EC50,FXR,CHEMBL2047
CC[C@H]1[C@@H](O)[C@@H]2[C@H](CC[C@]3(C)[C@@H]([C@H](C)CCNC(=O)NS(=O)(=O)N4CCN(C(=O)C(C)(C)C)CC4)CC[C@@H]23)[C@@]2(C)CC[C@@H](O)C[C@@H]12,6.259637310505756,1,EC50,FXR,CHEMBL2047
CC[C@H]1[C@@H](O)[C@@H]2[C@H](CC[C@]3(C)[C@@H]([C@H](C)CCNC(=O)NS(=O)(=O)N4CCN(C(C)(C)C)CC4)CC[C@@H]23)[C@@]2(C)CC[C@@H](O)C[C@@H]12,6.259637310505756,1,EC50,FXR,CHEMBL2047
CC[C@H]1[C@@H](O)[C@@H]2[C@H](CC[C@]3(C)[C@@H]([C@H](C)CCNC(=O)NS(=O)(=O)N4CCS(=O)(=O)CC4)CC[C@@H]23)[C@@]2(C)CC[C@@H](O)C[C@@H]12,5.259637310505756,1,EC50,FXR,CHEMBL2047
CC[C@H]1[C@@H](O)[C@@H]2[C@H](CC[C@]3(C)[C@@H]([C@H](C)CCNC(=O)NS(=O)(=O)NC)CC[C@@H]23)[C@@]2(C)CC[C@@H](O)C[C@@H]12,5.259637310505756,1,EC50,FXR,CHEMBL2047
CC[C@H]1[C@@H](O)[C@@H]2[C@H](CC[C@]3(C)[C@@H]([C@H](C)CCNC(=O)NS(=O)(=O)NC)CC[C@@H]23)[C@@]2(C)CC[C@@H](OC(=O)C(F)(F)F)C[C@@H]12,5.259637310505756,1,EC50,FXR,CHEMBL2047
CC[C@H]1[C@@H](O)[C@@H]2[C@H](CC[C@]3(C)[C@@H]([C@H](C)CCNC(=O)NS(=O)(=O)Nc4ccc(C(C)(C)C)cc4)CC[C@@H]23)[C@@]2(C)CC[C@@H](O)C[C@@H]12,6.259637310505756,1,EC50,FXR,CHEMBL2047
CC[C@H]1[C@@H](O)[C@@H]2[C@H](CC[C@]3(C)[C@@H]([C@H](C)CCNC(=O)NS(=O)(=O)c4c(F)c(F)c(F)c(F)c4F)CC[C@@H]23)[C@@]2(C)CC[C@@H](O)C[C@@H]12,5.259637310505756,1,EC50,FXR,CHEMBL2047
CC[C@H]1[C@@H](O)[C@@H]2[C@H](CC[C@]3(C)[C@@H]([C@H](C)CCNC(=O)NS(=O)(=O)c4ccc(-c5ccccc5)s4)CC[C@@H]23)[C@@]2(C)CC[C@@H](O)C[C@@H]12,6.259637310505756,1,EC50,FXR,CHEMBL2047
CC[C@H]1[C@@H](O)[C@@H]2[C@H](CC[C@]3(C)[C@@H]([C@H](C)CCNC(=O)NS(=O)(=O)c4ccc(-c5ccno5)cc4C)CC[C@@H]23)[C@@]2(C)CC[C@@H](O)C[C@@H]12,6.259637310505756,1,EC50,FXR,CHEMBL2047
CC[C@H]1[C@@H](O)[C@@H]2[C@H](CC[C@]3(C)[C@@H]([C@H](C)CCNC(=O)NS(=O)(=O)c4ccc(-c5ccno5)cc4OC)CC[C@@H]23)[C@@]2(C)CC[C@@H](O)C[C@@H]12,6.259637310505756,1,EC50,FXR,CHEMBL2047
CC[C@H]1[C@@H](O)[C@@H]2[C@H](CC[C@]3(C)[C@@H]([C@H](C)CCNC(=O)NS(=O)(=O)c4ccc(-c5cnc(C)o5)cc4C)CC[C@@H]23)[C@@]2(C)CC[C@@H](O)C[C@@H]12,6.259637310505756,1,EC50,FXR,CHEMBL2047
CC[C@H]1[C@@H](O)[C@@H]2[C@H](CC[C@]3(C)[C@@H]([C@H](C)CCNC(=O)NS(=O)(=O)c4ccc(-c5csc(C)n5)cc4)CC[C@@H]23)[C@@]2(C)CC[C@@H](O)C[C@@H]12,6.259637310505756,1,EC50,FXR,CHEMBL2047
CC[C@H]1[C@@H](O)[C@@H]2[C@H](CC[C@]3(C)[C@@H]([C@H](C)CCNC(=O)NS(=O)(=O)c4ccc(C(=O)O)cc4)CC[C@@H]23)[C@@]2(C)CC[C@@H](O)C[C@@H]12,5.259637310505756,1,EC50,FXR,CHEMBL2047
CC[C@H]1[C@@H](O)[C@@H]2[C@H](CC[C@]3(C)[C@@H]([C@H](C)CCNC(=O)NS(=O)(=O)c4ccc(C(=O)OC)cc4)CC[C@@H]23)[C@@]2(C)CC[C@@H](O)C[C@@H]12,6.259637310505756,1,EC50,FXR,CHEMBL2047
CC[C@H]1[C@@H](O)[C@@H]2[C@H](CC[C@]3(C)[C@@H]([C@H](C)CCNC(=O)NS(=O)(=O)c4ccc(C(C)(C)C)cc4)CC[C@@H]23)[C@@]2(C)CC[C@@H](O)C[C@@H]12,5.259637310505756,2,EC50,FXR,CHEMBL2047
CC[C@H]1[C@@H](O)[C@@H]2[C@H](CC[C@]3(C)[C@@H]([C@H](C)CCNC(=O)NS(=O)(=O)c4ccc(C(C)(C)C)cc4)CC[C@@H]23)[C@@]2(C)CC[C@@H](O)[C@H](F)[C@@H]12,7.721246399047171,1,EC50,FXR,CHEMBL2047
CC[C@H]1[C@@H](O)[C@@H]2[C@H](CC[C@]3(C)[C@@H]([C@H](C)CCNC(=O)NS(=O)(=O)c4ccc(C(F)(F)F)cc4)CC[C@@H]23)[C@@]2(C)CC[C@@H](O)C[C@@H]12,6.259637310505756,1,EC50,FXR,CHEMBL2047
CC[C@H]1[C@@H](O)[C@@H]2[C@H](CC[C@]3(C)[C@@H]([C@H](C)CCNC(=O)NS(=O)(=O)c4ccc(C)cc4)CC[C@@H]23)[C@@]2(C)CC[C@@H](O)[C@H](F)[C@@H]12,7.7447274948966935,1,EC50,FXR,CHEMBL2047
CC[C@H]1[C@@H](O)[C@@H]2[C@H](CC[C@]3(C)[C@@H]([C@H](C)CCNC(=O)NS(=O)(=O)c4ccc(C5CCCCC5)cc4)CC[C@@H]23)[C@@]2(C)CC[C@@H](O)C[C@@H]12,6.259637310505756,1,EC50,FXR,CHEMBL2047
CC[C@H]1[C@@H](O)[C@@H]2[C@H](CC[C@]3(C)[C@@H]([C@H](C)CCNC(=O)NS(=O)(=O)c4ccc5c(c4)CCN5C(C)=O)CC[C@@H]23)[C@@]2(C)CC[C@@H](O)C[C@@H]12,5.259637310505756,1,EC50,FXR,CHEMBL2047
CC[C@H]1[C@@H](O)[C@@H]2[C@H](CC[C@]3(C)[C@@H]([C@H](C)CCNC(=O)NS(=O)(=O)c4cccc(-c5nc(C)cs5)c4)CC[C@@H]23)[C@@]2(C)CC[C@@H](O)C[C@@H]12,6.259637310505756,1,EC50,FXR,CHEMBL2047
CC[C@H]1[C@@H](O)[C@@H]2[C@H](CC[C@]3(C)[C@@H]([C@H](C)CCNC(=O)NS(=O)(=O)c4cccc(-c5nnco5)c4)CC[C@@H]23)[C@@]2(C)CC[C@@H](O)C[C@@H]12,5.259637310505756,1,EC50,FXR,CHEMBL2047
CC[C@H]1[C@@H](O)[C@@H]2[C@H](CC[C@]3(C)[C@@H]([C@H](C)CCNC(=O)NS(=O)(=O)c4cccc5ncccc45)CC[C@@H]23)[C@@]2(C)CC[C@@H](O)C[C@@H]12,6.259637310505756,1,EC50,FXR,CHEMBL2047
CC[C@H]1[C@@H](O)[C@@H]2[C@H](CC[C@]3(C)[C@@H]([C@H](C)CCNC(=O)NS(=O)(=O)c4ccncc4)CC[C@@H]23)[C@@]2(C)CC[C@@H](O)C[C@@H]12,5.259637310505756,1,EC50,FXR,CHEMBL2047
CC[C@H]1[C@@H](O)[C@@H]2[C@H](CC[C@]3(C)[C@@H]([C@H](C)CCNC(=O)NS(=O)(=O)c4cnccn4)CC[C@@H]23)[C@@]2(C)CC[C@@H](O)C[C@@H]12,5.259637310505756,1,EC50,FXR,CHEMBL2047
CC[C@H]1[C@@H](O)[C@@H]2[C@H](CC[C@]3(C)[C@@H]([C@H](C)CCNC(=O)NS(=O)(=O)c4cnn(CC)c4)CC[C@@H]23)[C@@]2(C)CC[C@@H](O)C[C@@H]12,6.259637310505756,1,EC50,FXR,CHEMBL2047
CC[C@H]1[C@@H](O)[C@@H]2[C@H](CC[C@]3(C)[C@@H]([C@H](C)CCNC(=O)NS(=O)(=O)c4nccs4)CC[C@@H]23)[C@@]2(C)CC[C@@H](O)C[C@@H]12,5.259637310505756,1,EC50,FXR,CHEMBL2047
CC[C@H]1[C@@H](O)[C@@H]2[C@H](CC[C@]3(C)[C@@H]([C@H](C)CCNC(=O)NS(C)(=O)=O)CC[C@@H]23)[C@@]2(C)CC[C@@H](O)C[C@@H]12,6.259637310505756,1,EC50,FXR,CHEMBL2047
CC[C@H]1[C@@H](O)[C@@H]2[C@H](CC[C@]3(C)[C@@H]([C@H](C)CCNC(=O)NS(N)(=O)=O)CC[C@@H]23)[C@@]2(C)CC[C@@H](O)C[C@@H]12,5.259637310505756,1,EC50,FXR,CHEMBL2047
CC[C@H]1[C@@H](O)[C@@H]2[C@H](CC[C@]3(C)[C@@H]([C@H](C)CCNC(=O)OC(C)C)CC[C@@H]23)[C@@]2(C)CC[C@@H](O)C[C@@H]12,6.522878745280337,1,EC50,FXR,CHEMBL2047
CC[C@H]1[C@@H](O)[C@@H]2[C@H](CC[C@]3(C)[C@@H]([C@H](C)CCNC(=O)OC)CC[C@@H]23)[C@@]2(C)CC[C@@H](O)C[C@@H]12,6.522878745280337,1,EC50,FXR,CHEMBL2047
CC[C@H]1[C@@H](O)[C@@H]2[C@H](CC[C@]3(C)[C@@H]([C@H](C)CCNC(=O)OC/C=C/c4ccccc4)CC[C@@H]23)[C@@]2(C)CC[C@@H](O)C[C@@H]12,6.823908740944319,1,EC50,FXR,CHEMBL2047
CC[C@H]1[C@@H](O)[C@@H]2[C@H](CC[C@]3(C)[C@@H]([C@H](C)CCNC(=O)OC4CCC4)CC[C@@H]23)[C@@]2(C)CC[C@@H](O)C[C@@H]12,6.823908740944319,1,EC50,FXR,CHEMBL2047
CC[C@H]1[C@@H](O)[C@@H]2[C@H](CC[C@]3(C)[C@@H]([C@H](C)CCNC(=O)OC4CCCCC4)CC[C@@H]23)[C@@]2(C)CC[C@@H](O)C[C@@H]12,6.522878745280337,1,EC50,FXR,CHEMBL2047
CC[C@H]1[C@@H](O)[C@@H]2[C@H](CC[C@]3(C)[C@@H]([C@H](C)CCNC(=O)OCc4ccccc4)CC[C@@H]23)[C@@]2(C)CC[C@@H](O)C[C@@H]12,6.522878745280337,1,EC50,FXR,CHEMBL2047
CC[C@H]1[C@@H](O)[C@@H]2[C@H](CC[C@]3(C)[C@@H]([C@H](C)CCNC(=O)OCc4cccs4)CC[C@@H]23)[C@@]2(C)CC[C@@H](O)C[C@@H]12,6.798439739412091,2,EC50,FXR,CHEMBL2047
CC[C@H]1[C@@H](O)[C@@H]2[C@H](CC[C@]3(C)[C@@H]([C@H](C)CCNC(=O)O[C@@H]4CCOC4)CC[C@@H]23)[C@@]2(C)CC[C@@H](O)C[C@@H]12,7.008864383480216,2,EC50,FXR,CHEMBL2047
CC[C@H]1[C@@H](O)[C@@H]2[C@H](CC[C@]3(C)[C@@H]([C@H](C)CCNC(=O)O[C@H]4CCOC4)CC[C@@H]23)[C@@]2(C)CC[C@@H](O)C[C@@H]12,7.0713337517843655,2,EC50,FXR,CHEMBL2047
CC[C@H]1[C@@H](O)[C@@H]2[C@H](CC[C@]3(C)[C@@H]([C@H](C)CCNC(=O)c4ccccn4)CC[C@@H]23)[C@@]2(C)CC[C@@H](O)C[C@@H]12,7.522878745280337,1,EC50,FXR,CHEMBL2047
CC[C@H]1[C@@H](O)[C@@H]2[C@H](CC[C@]3(C)[C@@H]([C@H](C)CCNC(C)=O)CC[C@@H]23)[C@@]2(C)CC[C@@H](O)C[C@@H]12,6.823908740944319,1,EC50,FXR,CHEMBL2047
CC[C@H]1[C@@H](O)[C@@H]2[C@H](CC[C@]3(C)[C@@H]([C@H](C)CCNC(N)=O)CC[C@@H]23)[C@@]2(C)CC[C@@H](O)C[C@@H]12,6.638272163982407,1,EC50,FXR,CHEMBL2047
CC[C@H]1[C@@H](O)[C@@H]2[C@H](CC[C@]3(C)[C@@H]([C@H](C)CCNS(=O)(=O)C(C)(C)C(=O)O)CC[C@@H]23)[C@@]2(C)CC[C@@H](O)C[C@@H]12,5.259637310505756,1,EC50,FXR,CHEMBL2047
CC[C@H]1[C@@H](O)[C@@H]2[C@H](CC[C@]3(C)[C@@H]([C@H](C)CCNS(=O)(=O)C(C)(C)C)CC[C@@H]23)[C@@]2(C)CC[C@@H](O)C[C@@H]12,5.259637310505756,1,EC50,FXR,CHEMBL2047
CC[C@H]1[C@@H](O)[C@@H]2[C@H](CC[C@]3(C)[C@@H]([C@H](C)CCNS(=O)(=O)C4CC4)CC[C@@H]23)[C@@]2(C)CC[C@@H](O)C[C@@H]12,6.638272163982407,1,EC50,FXR,CHEMBL2047
CC[C@H]1[C@@H](O)[C@@H]2[C@H](CC[C@]3(C)[C@@H]([C@H](C)CCNS(=O)(=O)CC(=O)O)CC[C@@H]23)[C@@]2(C)CC[C@@H](O)C[C@@H]12,5.259637310505756,1,EC50,FXR,CHEMBL2047
CC[C@H]1[C@@H](O)[C@@H]2[C@H](CC[C@]3(C)[C@@H]([C@H](C)CCNS(=O)(=O)CCC(=O)O)CC[C@@H]23)[C@@]2(C)CC[C@@H](O)C[C@@H]12,5.259637310505756,1,EC50,FXR,CHEMBL2047
CC[C@H]1[C@@H](O)[C@@H]2[C@H](CC[C@]3(C)[C@@H]([C@H](C)CCNS(=O)(=O)O)CC[C@@H]23)[C@@]2(C)CC[C@@H](O)C[C@@H]12,5.259637310505756,1,EC50,FXR,CHEMBL2047
CC[C@H]1[C@@H](O)[C@@H]2[C@H](CC[C@]3(C)[C@@H]([C@H](C)CCNS(=O)(=O)c4ccccc4)CC[C@@H]23)[C@@]2(C)CC[C@@H](O)C[C@@H]12,6.327902142064282,1,EC50,FXR,CHEMBL2047
CC[C@H]1[C@@H](O)[C@@H]2[C@H](CC[C@]3(C)[C@@H]([C@H](C)CCNS(C)(=O)=O)CC[C@@H]23)[C@@]2(C)CC[C@@H](O)C[C@@H]12,6.552841968657781,1,EC50,FXR,CHEMBL2047
CC[C@H]1[C@@H](O)[C@@H]2[C@H](CC[C@]3(C)[C@@H]([C@H](C)CCO)CC[C@@H]23)[C@@]2(C)CC[C@@H](O)C[C@@H]12,5.809894379144197,2,EC50,FXR,CHEMBL2047
CC[C@H]1[C@@H](O)[C@@H]2[C@H](CC[C@]3(C)[C@@H]([C@H](C)CCOS(=O)(=O)[O-])CC[C@@H]23)[C@@]2(C)CCC(=O)C[C@@H]12.[Na+],7.096910013008056,1,EC50,FXR,CHEMBL2047
CC[C@H]1[C@@H](O)[C@@H]2[C@H](CC[C@]3(C)[C@@H]([C@H](C)CCOS(=O)(=O)[O-])CC[C@@H]23)[C@@]2(C)CC[C@@H](O)C[C@@H]12.[Na+],7.502182402701225,2,EC50,FXR,CHEMBL2047
CC[C@H]1[C@@H](O)[C@@H]2[C@H](CC[C@]3(C)[C@@H]([C@H](C)CCOS(=O)(=O)[O-])CC[C@@H]23)[C@@]2(C)CC[C@@H](O[C@@H]3O[C@H](CC(=O)[O-])[C@@H](O)[C@H](O)[C@H]3O)C[C@@H]12.[Na+].[Na+],5.301029995663981,1,EC50,FXR,CHEMBL2047
CC[C@H]1[C@@H](O)[C@@H]2[C@H](CC[C@]3(C)[C@@H]([C@H](C)CCc4cc(O)no4)CC[C@@H]23)[C@@]2(C)CC[C@@H](O)C[C@@H]12,7.522878745280337,1,EC50,FXR,CHEMBL2047
CC[C@H]1[C@@H](O)[C@@H]2[C@H](CC[C@]3(C)[C@@H]([C@H](C)CCc4nn[nH]n4)CC[C@@H]23)[C@@]2(C)CC[C@@H](O)C[C@@H]12,7.221848749616356,1,EC50,FXR,CHEMBL2047
CC[C@H]1[C@@H](O)[C@@H]2[C@H](CC[C@]3(C)[C@@H]([C@H](C)CNC(=O)NS(=O)(=O)c4cccc(C(C)(C)C)c4)CC[C@@H]23)[C@@]2(C)CC[C@@H](O)C[C@@H]12,6.259637310505756,1,EC50,FXR,CHEMBL2047
CC[C@H]1[C@@H](O)[C@@H]2[C@H](CC[C@]3(C)[C@@H]([C@H](C)CNC(=O)NS(=O)(=O)c4cccc(N5CCCCC5)c4)CC[C@@H]23)[C@@]2(C)CC[C@@H](O)C[C@@H]12,6.259637310505756,1,EC50,FXR,CHEMBL2047
CC[C@H]1[C@@H](O)[C@@H]2[C@H](C[C@@H](O)[C@]3(C)[C@@H]([C@H](C)CCC(=O)O)CC[C@@H]23)[C@@]2(C)CC[C@@H](O)C[C@@H]12,5.327902142064282,1,EC50,FXR,CHEMBL2047
CC[C@H]1[C@@H](O)[C@@H]2[C@H](C[C@H](O)[C@]3(C)[C@@H]([C@H](C)CC(F)(F)C(=O)O)CC[C@@H]23)[C@@]2(C)CC[C@@H](O)C[C@@H]12,5.522878745280337,1,EC50,FXR,CHEMBL2047
CC[C@H]1[C@@H](O)[C@@H]2[C@H](C[C@H](O)[C@]3(C)[C@@H]([C@H](C)CCC(=O)O)CC[C@@H]23)[C@@]2(C)CC[C@@H](O)C[C@@H]12,5.154901959985743,1,EC50,FXR,CHEMBL2047
CC[C@H]1[C@@H](O)[C@@H]2[C@H]([C@@H](O)C[C@]3(C)[C@@H]([C@H](C)CCC(=O)NCC(=O)[O-])CC[C@@H]23)[C@@]2(C)CC[C@@H](O)C[C@@H]12.[Na+],6.3979400086720375,1,EC50,FXR,CHEMBL2047
CC[C@H]1[C@@H](O)[C@@H]2[C@H]([C@@H](O)C[C@]3(C)[C@@H]([C@H](C)CCC(=O)NCCS(=O)(=O)[O-])CC[C@@H]23)[C@@]2(C)CC[C@@H](O)C[C@@H]12.[Na+],6.221848749616356,1,EC50,FXR,CHEMBL2047
CC[C@H]1[C@@H](O)[C@@H]2[C@H]([C@@H](O)C[C@]3(C)[C@@H]([C@H](C)CCC(=O)O)CC[C@@H]23)[C@@]2(C)CC[C@@H](O)C[C@@H]12,6.853871964321762,1,EC50,FXR,CHEMBL2047
CC[C@H]1[C@@H](O)[C@@H]2[C@H]([C@H](O)C[C@]3(C)[C@@H]([C@H](C)CCC(=O)O)CC[C@@H]23)[C@@]2(C)CC[C@@H](O)C[C@@H]12,5.522878745280337,1,EC50,FXR,CHEMBL2047
CCc1cc(C(=O)C(C)C)c(O)cc1OCCCCCC(C)(C)c1nnn[nH]1,5.065501548756432,1,IC50,FXR,CHEMBL2047
CCc1cc(C(=O)c2ccccc2)c(O)cc1OCCCCCC(C)(C)c1nnn[nH]1,5.508638306165727,1,IC50,FXR,CHEMBL2047
CCc1cc(C(C)=O)c(O)cc1OCCCCCC(C)(C)c1nn[nH]n1,4.453457336521869,1,IC50,FXR,CHEMBL2047
CCc1cc(C(C)=O)c(OC(C)c2ccccc2)cc1OCCCCCC(C)(C)c1nnn[nH]1,5.769551078621726,1,IC50,FXR,CHEMBL2047
CCc1cc(C(C)=O)c(OC)cc1OCCCCCC(C)(C)c1nnn[nH]1,5.259637310505756,1,IC50,FXR,CHEMBL2047
CCc1cc(C(C)=O)c(OC2CCCC2)cc1OCCCCCC(C)(C)c1nnn[nH]1,5.481486060122112,1,IC50,FXR,CHEMBL2047
CCc1cc(C(C)=O)c(OCC2CCCCC2)cc1OCCCCCC(C)(C)c1nnn[nH]1,5.537602002101044,1,IC50,FXR,CHEMBL2047
CCc1cc(C(C)=O)c(OCc2cccc(C)c2)cc1OCCCCCC(C)(C)c1nnn[nH]1,5.920818753952375,1,IC50,FXR,CHEMBL2047
CCc1cc(C(C)=O)c(OCc2ccccc2)cc1OCCCCCC(C)(C)c1nnn[nH]1,5.958607314841775,1,IC50,FXR,CHEMBL2047
CCc1cc(CC)c(OCCCCCC(C)(C)c2nn[nH]n2)cc1O,5.508638306165727,1,IC50,FXR,CHEMBL2047
CCc1cc(CC)c(OCc2ccccc2)cc1OCCCCCC(C)(C)c1nnn[nH]1,5.455931955649724,1,IC50,FXR,CHEMBL2047
CCc1ccc(C(=O)N(Cc2cccc(C)c2)c2ccc(CC(=O)NCc3ccc4c(c3)OCO4)cc2)cc1,5.863279432843593,1,IC50,FXR,CHEMBL2047
CCc1ccc(C(=O)Nc2ccccc2C(=O)NCCCC(=O)O)cc1,5.236572006437063,2,EC50,FXR,CHEMBL2047
CCc1ccccc1-n1nc(C)c2c1NC(=O)[C@H](C)S[C@@H]2c1ccc(Oc2ccccc2)cc1,5.958607314841775,1,EC50,FXR,CHEMBL2047
CCc1ccn2c(NCc3ccccc3)c(-c3cccs3)nc2c1,5.920818753952375,1,EC50,FXR,CHEMBL2047
CCc1nn(-c2ccccc2C)c2c1[C@@H](c1ccc(Oc3ccccc3)cc1)S[C@@H](C)C(=O)N2,5.698970004336019,1,EC50,FXR,CHEMBL2047
CCc1oc2ccccc2c1C(=O)c1cc(Br)c(O)c(Br)c1,4.610833915635467,1,EC50,FXR,CHEMBL2047
CCc1oc2ccccc2c1C(=O)c1cc(Br)c(OCCCC(=O)O)c(Br)c1,5.236572006437063,1,EC50,FXR,CHEMBL2047
CCc1oc2ccccc2c1C(=O)c1cc(Br)c(OCc2ccc(C(=O)O)cc2)c(Br)c1,4.987162775294828,1,EC50,FXR,CHEMBL2047
CCc1oc2ccccc2c1C(=O)c1cc(Br)c(OCc2cccc(OCC(=O)O)c2)c(Br)c1,4.749579997691106,1,EC50,FXR,CHEMBL2047
CCc1oc2ccccc2c1C(=O)c1ccc(OCc2cccc(C(=O)O)c2)cc1,4.806875401645539,1,EC50,FXR,CHEMBL2047
CCc1onc(-c2c(Cl)cccc2Cl)c1COc1cc(C)c(/C=C/c2ccc(C(=O)O)cc2)c(C)c1,7.0,1,EC50,FXR,CHEMBL2047
CCc1onc(-c2c(F)cccc2C(F)(F)F)c1COc1ccc(/C=C/c2cccc(C(=O)O)c2)c(Cl)c1,7.267606240177031,1,EC50,FXR,CHEMBL2047
CCc1onc(-c2ccccc2OC(F)(F)F)c1COc1ccc(/C=C/c2cccc(C(=O)O)c2)c(Cl)c1,7.318758762624412,1,EC50,FXR,CHEMBL2047
CCc1onc(Cc2c(Cl)cccc2Cl)c1COc1ccc(/C=C/c2cccc(C(=O)O)c2)c(Cl)c1,7.221848749616356,1,EC50,FXR,CHEMBL2047
CCn1c(-c2ccc(OCc3c(-c4c(Cl)cccc4Cl)noc3C(C)C)cc2)nc2ccc(C(=O)O)cc21,8.17541535555004,2,EC50,FXR,CHEMBL2047
CCn1c(C(=O)O)cc2ccc(N3CCC(F)(COCc4c(-c5c(Cl)cccc5Cl)noc4C4CC4)CC3)cc21,7.430690783050253,2,EC50,FXR,CHEMBL2047
CCn1cc(C(=O)O)c2ccc(N3C4CCC3CC(F)(COCc3c(-c5ccccc5OC(F)(F)F)noc3C3CC3)C4)cc21,7.77642098432889,2,EC50,FXR,CHEMBL2047
CCn1cc(C(=O)O)c2ccc(N3CCC(F)(COCc4c(-c5c(Cl)cccc5Cl)noc4C4CC4)CC3)cc21,6.809894379144197,2,EC50,FXR,CHEMBL2047
CCn1cc(C(=O)O)c2ccc(N3CCC(F)(COCc4c(-c5c(F)cccc5Cl)noc4C4CC4)CC3)cc21,7.336014188188495,2,EC50,FXR,CHEMBL2047
CCn1cc(C(=O)O)c2ccc(N3CCC(F)(COCc4c(-c5ccccc5OC(F)(F)F)noc4C4CC4)CC3)cc21,7.3892928810788305,2,EC50,FXR,CHEMBL2047
CCn1cc(C(=O)O)c2ccc(N3CCC4(CC3)CC(COCc3c(-c5c(Cl)cccc5Cl)noc3C3CC3)C4)cc21,8.280887096197734,2,EC50,FXR,CHEMBL2047
CCn1cc(C(=O)O)c2ccc(N3CCC4(CC3)CC(COCc3c(-c5c(F)cccc5Cl)noc3C3CC3)C4)cc21,7.257710581343689,2,EC50,FXR,CHEMBL2047
CCn1cc(C(=O)O)c2ccc(N3CCC4(CC3)CC(COCc3c(-c5ccccc5OC(F)(F)F)noc3C3CC3)C4)cc21,8.163351280120182,2,EC50,FXR,CHEMBL2047
CCn1nc(C(=O)O)cc1C1CC(c2ccc(OCc3c(-c4c(Cl)cccc4Cl)noc3C3CC3)cc2C)=NO1,7.638272163982407,1,EC50,FXR,CHEMBL2047
CN(C(=O)c1ccc(C(C)(C)C)cc1)c1ccc(CC(=O)O)cc1,5.09151498112135,1,IC50,FXR,CHEMBL2047
CN(C)C(=O)c1ccc(CNC(=O)c2ccc(C(C)(C)C)cc2)cc1,6.769551078621726,1,EC50,FXR,CHEMBL2047
CN(C)S(=O)(=O)NC(=O)Nc1ccc([C@@H]2C[C@H]2c2ccc(OCc3c(-c4c(Cl)cccc4Cl)noc3C3CC3)cc2Cl)cc1,5.259637310505756,1,EC50,FXR,CHEMBL2047
CN(C)S(=O)(=O)NC(=O)c1ccc([C@@H]2C[C@H]2c2ccc(OCc3c(-c4c(Cl)cccc4Cl)noc3C3CC3)cc2Cl)cc1,6.259637310505756,1,EC50,FXR,CHEMBL2047
CN(C)c1cc(Cl)c(C(=O)N(C)c2ccc(O)c(C(C)(C)C)c2)c(Cl)c1,5.4089353929735005,1,IC50,FXR,CHEMBL2047
CN(C)c1cc(Cl)c(C(=O)N(Cc2ccccc2)c2ccc(O)c(C(C)(C)C)c2)c(Cl)c1,5.346787486224656,1,IC50,FXR,CHEMBL2047
CN(C)c1cc(Cl)c(C(=O)N(Cc2cccnc2)c2ccc(O)c(C(C)(C)C)c2)c(Cl)c1,5.200659450546418,1,IC50,FXR,CHEMBL2047
CN(C)c1cc(Cl)c(C(=O)Nc2ccc(O)c(C(C)(C)C)c2)c(Cl)c1,5.853871964321762,1,IC50,FXR,CHEMBL2047
CN(C)c1ccc(-c2ccc(CN(C(=O)C3CCCCC3)c3cccc(/C=C/C(=O)O)c3)cc2)cc1,3.5934598195660445,1,EC50,FXR,CHEMBL2047
CN(C)c1ccc(-c2ccc(CN(C(=O)C3CCCCC3)c3cccc(/C=C/C(=O)OC4CC4)c3)cc2C#N)cc1,6.045757490560675,1,EC50,FXR,CHEMBL2047
CN(C)c1ccc(-c2ccc(CN(C(=O)C3CCCCC3)c3cccc(/C=C/C(=O)OCF)c3)cc2C#N)cc1,5.585026652029182,1,EC50,FXR,CHEMBL2047
CN(C)c1ccc(C(=O)NCc2ccc(NS(C)(=O)=O)cc2Cl)cc1,5.835647144215563,1,EC50,FXR,CHEMBL2047
CN(C)c1ccc(C(=O)Nc2cccc(C(=O)O)c2)cc1,9.522878745280337,1,EC50,FXR,CHEMBL2047
CN(C)c1ccc2nc(-c3ccc(Cl)cc3)n(C(C(=O)NC3CCCCC3)C3CCCCC3)c2c1,5.286509456906058,1,IC50,FXR,CHEMBL2047
CN(Cc1ccc(C(=O)NCCS(=O)(=O)O)cc1)c1ccc(OCc2c(-c3c(Cl)cccc3Cl)noc2C2CC2)nc1C(F)(F)F,7.853871964321762,1,EC50,FXR,CHEMBL2047
CN(Cc1ccc(C(=O)NS(=O)(=O)C2CC2)cc1)c1ccc(OCc2c(-c3c(Cl)cccc3Cl)noc2C2CC2)nc1C(F)(F)F,6.259637310505756,1,EC50,FXR,CHEMBL2047
CN(Cc1ccc(C(=O)NS(=O)(=O)c2ccc(C(C)(C)C)cc2)cc1)c1ccc(OCc2c(-c3c(Cl)cccc3Cl)noc2C2CC2)nc1C(F)(F)F,5.259637310505756,1,EC50,FXR,CHEMBL2047
CN(Cc1ccc(C(=O)O)cc1)c1ccc(OCc2c(-c3c(Cl)cccc3Cl)noc2C2CC2)nc1C(F)(F)F,7.920818753952375,1,EC50,FXR,CHEMBL2047
CN(Cc1ccc(C(=O)O)cc1)c1ccc(OCc2c(-c3c(Cl)cccc3Cl)nsc2C2CC2)cc1C(F)(F)F,6.3872161432802645,1,EC50,FXR,CHEMBL2047
CN(Cc1ccc(C(=O)O)cc1)c1ccc(OCc2c(-c3c(Cl)cccc3Cl)nsc2C2CC2)nc1C(F)(F)F,6.508638306165727,1,EC50,FXR,CHEMBL2047
CN(Cc1ccc(N2CCCCC2)cc1)C(=O)c1n[nH]c(=O)c2ccccc12,4.841637507904751,1,EC50,FXR,CHEMBL2047
CN(Cc1cccc(C(=O)NO)c1)c1ccc(OCc2c(-c3c(Cl)cccc3Cl)nsc2C2CC2)nc1C(F)(F)F,5.962573502059376,1,EC50,FXR,CHEMBL2047
CN(Cc1cccc(C(=O)O)c1)c1ccc(OCc2c(-c3c(Cl)cccc3Cl)noc2C2CC2)nc1C(F)(F)F,8.522878745280337,1,EC50,FXR,CHEMBL2047
CN(Cc1cccc(C(=O)O)c1)c1ccc(OCc2c(-c3c(Cl)cccc3Cl)nsc2C2CC2)nc1C(F)(F)F,6.568636235841012,1,EC50,FXR,CHEMBL2047
CN1CCC(C(=O)N(CC23CCC(c4nc(C5CC5)no4)(CC2)CC3)c2cccc(-c3nc(C4CC4)no3)c2)CC1,5.7856861025756,1,EC50,FXR,CHEMBL2047
CNC(=O)O[C@@H](CC(C)C)c1nc([C@H]2OC(=O)/C(C)=C/C/C(C)=C/[C@@H](O)[C@@H](C)/C=C(C)\C=C(C)/C=C/[C@@H](O)[C@H](C)[C@H](OC)/C(C)=C/C=C/[C@@H]2C)cs1,6.698970004336019,1,EC50,FXR,CHEMBL2047
CNC(=O)c1ccc(CNC(=O)c2ccc(C(C)(C)C)cc2)cc1,6.468521082957745,1,EC50,FXR,CHEMBL2047
CNC(=O)c1ccc(NC(=O)N2CCC(OCc3c(-c4ccccc4OC(F)(F)F)noc3C3CC3)CC2)cc1,5.494850021680094,1,EC50,FXR,CHEMBL2047
CNC(=O)c1cccc(NC(=O)N2CCC(OCc3c(-c4ccccc4OC(F)(F)F)noc3C3CC3)CC2)c1,6.130768280269024,1,EC50,FXR,CHEMBL2047
CNc1cc(Cl)c(C(=O)Nc2ccc(O)c(C(C)(C)C)c2)c(Cl)c1,4.856985199745905,1,IC50,FXR,CHEMBL2047
COC(=O)/C=C/c1cc(F)cc(N(Cc2ccc(-c3ccc(N(C)C)cc3)c(C#N)c2)C(=O)C2CCCCC2)c1,6.045757490560675,1,EC50,FXR,CHEMBL2047
COC(=O)/C=C/c1cc(N(Cc2ccc(-c3ccc(N(C)C)cc3)c(C#N)c2)C(=O)C2CCCCC2)ccc1F,5.823908740944319,1,EC50,FXR,CHEMBL2047
COC(=O)/C=C/c1ccc(F)c(N(Cc2ccc(-c3ccc(N(C)C)cc3)c(C#N)c2)C(=O)C2CCCCC2)c1,5.823908740944319,1,EC50,FXR,CHEMBL2047
COC(=O)/C=C/c1cccc(N(C(=O)C2CCCCC2)c2ccc3ccccc3c2)c1,6.167491087293763,1,EC50,FXR,CHEMBL2047
COC(=O)/C=C/c1cccc(N(CC23CCC(c4ccc(C5CC5)cc4)(CC2)CC3)C(=O)C2CCCCC2)c1,6.954677021213342,1,EC50,FXR,CHEMBL2047
COC(=O)/C=C/c1cccc(N(CC23CCC(c4ccc(N(C)C)cc4)(CC2)CC3)C(=O)C2CCCCC2)c1,7.180456064458131,1,EC50,FXR,CHEMBL2047
COC(=O)/C=C/c1cccc(N(CC23CCC(c4ccc(N5CCC5)cc4)(CC2)CC3)C(=O)C2CCCCC2)c1,6.818156412055227,1,EC50,FXR,CHEMBL2047
COC(=O)/C=C/c1cccc(N(CC23CCC(c4ccc(N5CCCC5)cc4)(CC2)CC3)C(=O)C2CCCCC2)c1,6.52432881167557,1,EC50,FXR,CHEMBL2047
COC(=O)/C=C/c1cccc(N(CC23CCC(c4ccc(N5CCOCC5)cc4)(CC2)CC3)C(=O)C2CCCCC2)c1,6.928117992693874,1,EC50,FXR,CHEMBL2047
COC(=O)/C=C/c1cccc(N(CC23CCC(c4ccc(OC)cc4)(CC2)CC3)C(=O)C2CCCCC2)c1,6.847711655616944,1,EC50,FXR,CHEMBL2047
COC(=O)/C=C/c1cccc(N(CC23CCC(c4nc(C)no4)(CC2)CC3)C(=O)C2CCCCC2)c1,7.2441251443275085,1,EC50,FXR,CHEMBL2047
COC(=O)/C=C/c1cccc(N(CC23CCC(c4nc(C5CC5)no4)(CC2)CC3)C(=O)C2CCCCC2)c1,7.568636235841012,1,EC50,FXR,CHEMBL2047
COC(=O)/C=C/c1cccc(N(Cc2cc(OC)cc(OC)c2)C(=O)C2CCCCC2)c1,6.218763538748572,2,EC50,FXR,CHEMBL2047
COC(=O)/C=C/c1cccc(N(Cc2ccc(-c3c(OC)cccc3OC)cc2)C(=O)C(C)C)c1,7.022276394711152,1,EC50,FXR,CHEMBL2047
COC(=O)/C=C/c1cccc(N(Cc2ccc(-c3c(OC)cccc3OC)cc2)C(=O)C2CCCCC2)c1,7.113509274827518,1,EC50,FXR,CHEMBL2047
COC(=O)/C=C/c1cccc(N(Cc2ccc(-c3c(OC)cccc3OC)cc2)C(=O)NC(C)C)c1,6.250519081092745,2,EC50,FXR,CHEMBL2047
COC(=O)/C=C/c1cccc(N(Cc2ccc(-c3cc(Cl)ccc3OC)cc2)C(=O)C(C)C)c1,6.645891560852599,1,EC50,FXR,CHEMBL2047
COC(=O)/C=C/c1cccc(N(Cc2ccc(-c3cc(Cl)ccc3OC)cc2)C(=O)C2CCCCC2)c1,6.631324708682776,2,EC50,FXR,CHEMBL2047
COC(=O)/C=C/c1cccc(N(Cc2ccc(-c3ccc(C(C)(C)C)cc3)cc2)C(=O)C2CCCCC2)c1,6.8794260687941495,1,EC50,FXR,CHEMBL2047
COC(=O)/C=C/c1cccc(N(Cc2ccc(-c3ccc(C(C)=O)s3)cc2)C(=O)C2CCCCC2)c1,6.59176003468815,1,EC50,FXR,CHEMBL2047
COC(=O)/C=C/c1cccc(N(Cc2ccc(-c3ccc(C)cc3)cc2)C(=O)C(C)C)c1,6.928117992693874,1,EC50,FXR,CHEMBL2047
COC(=O)/C=C/c1cccc(N(Cc2ccc(-c3ccc(C)cc3)cc2)C(=O)NC(C)C)c1,6.347753658996677,1,EC50,FXR,CHEMBL2047
COC(=O)/C=C/c1cccc(N(Cc2ccc(-c3ccc(C)s3)cc2)C(=O)C2CCCCC2)c1,6.686132779630847,1,EC50,FXR,CHEMBL2047
COC(=O)/C=C/c1cccc(N(Cc2ccc(-c3ccc(F)c(Cl)c3)cc2)C(=O)C(C)C)c1,6.889713497440429,2,EC50,FXR,CHEMBL2047
COC(=O)/C=C/c1cccc(N(Cc2ccc(-c3ccc(F)c(Cl)c3)cc2)C(=O)C2CCCCC2)c1,7.180456064458131,1,EC50,FXR,CHEMBL2047
COC(=O)/C=C/c1cccc(N(Cc2ccc(-c3ccc(F)c(F)c3)cc2)C(=O)C2CCCCC2)c1,7.142667503568731,1,EC50,FXR,CHEMBL2047
COC(=O)/C=C/c1cccc(N(Cc2ccc(-c3ccc(N(C)C)cc3)c(C#N)c2)C(=O)C2CCCCC2)c1,6.096910013008056,1,EC50,FXR,CHEMBL2047
COC(=O)/C=C/c1cccc(N(Cc2ccc(-c3ccc(N(C)C)cc3)c(C#N)c2)C(=O)C2CCCCC2)c1F,5.886056647693163,1,EC50,FXR,CHEMBL2047
COC(=O)/C=C/c1cccc(N(Cc2ccc(-c3ccc(N(C)C)cc3)cc2)C(=O)C(C)C)c1,7.2441251443275085,1,EC50,FXR,CHEMBL2047
COC(=O)/C=C/c1cccc(N(Cc2ccc(-c3ccc(N(C)C)cc3)cc2)C(=O)C2CCCCC2)c1,7.225772496747986,4,EC50,FXR,CHEMBL2047
COC(=O)/C=C/c1cccc(N(Cc2ccc(-c3ccc(N(C)C)cc3)cc2)C(=O)NC(C)C)c1,6.790484985457369,1,EC50,FXR,CHEMBL2047
COC(=O)/C=C/c1cccc(N(Cc2ccc(-c3ccc(N(C)C)cc3C#N)c(C#N)c2)C(=O)C2CCCCC2)c1,5.795880017344075,1,EC50,FXR,CHEMBL2047
COC(=O)/C=C/c1cccc(N(Cc2ccc(-c3ccc(N(C)C)cc3C)c(C#N)c2)C(=O)C2CCCCC2)c1,5.823908740944319,1,EC50,FXR,CHEMBL2047
COC(=O)/C=C/c1cccc(N(Cc2ccc(-c3ccc(N(C)C)cc3Cl)c(C#N)c2)C(=O)C2CCCCC2)c1,5.920818753952375,1,EC50,FXR,CHEMBL2047
COC(=O)/C=C/c1cccc(N(Cc2ccc(-c3ccc(N(C)C)cc3F)c(C#N)c2)C(=O)C2CCCCC2)c1,6.045757490560675,1,EC50,FXR,CHEMBL2047
COC(=O)/C=C/c1cccc(N(Cc2ccc(-c3ccc(OC(F)(F)F)cc3)cc2)C(=O)C(C)C)c1,6.6595558851598815,1,EC50,FXR,CHEMBL2047
COC(=O)/C=C/c1cccc(N(Cc2ccc(-c3ccc(OC(F)(F)F)cc3)cc2)C(=O)C2CCCCC2)c1,6.579195394085558,2,EC50,FXR,CHEMBL2047
COC(=O)/C=C/c1cccc(N(Cc2ccc(-c3ccc(OC)cc3)cc2)C(=O)C(C)C)c1,7.013228265733755,1,EC50,FXR,CHEMBL2047
COC(=O)/C=C/c1cccc(N(Cc2ccc(-c3ccc(OC)cc3)cc2)C(=O)C2CCCCC2)c1,7.050609993355087,1,EC50,FXR,CHEMBL2047
COC(=O)/C=C/c1cccc(N(Cc2ccc(-c3ccc(SC)cc3)cc2)C(=O)C(C)C)c1,7.292429823902063,1,EC50,FXR,CHEMBL2047
COC(=O)/C=C/c1cccc(N(Cc2ccc(-c3ccc(SC)cc3)cc2)C(=O)C2CCCCC2)c1,7.161150909262744,1,EC50,FXR,CHEMBL2047
COC(=O)/C=C/c1cccc(N(Cc2ccc(-c3ccc4c(c3)OCO4)cc2)C(=O)C(C)C)c1,7.720675709517766,2,EC50,FXR,CHEMBL2047
COC(=O)/C=C/c1cccc(N(Cc2ccc(-c3ccc4c(c3)OCO4)cc2)C(=O)C2CCCCC2)c1,7.42021640338319,1,EC50,FXR,CHEMBL2047
COC(=O)/C=C/c1cccc(N(Cc2ccc(-c3ccc4c(c3)OCO4)cc2)C(=O)NC(C)C)c1,7.017728766960431,1,EC50,FXR,CHEMBL2047
COC(=O)/C=C/c1cccc(N(Cc2ccc(-c3cccc(C(C)=O)c3)cc2)C(=O)C2CCCCC2)c1,6.6439741428068775,1,EC50,FXR,CHEMBL2047
COC(=O)/C=C/c1cccc(N(Cc2ccc(-c3cccc(C)c3)cc2)C(=O)C(C)C)c1,6.787812395596042,1,EC50,FXR,CHEMBL2047
COC(=O)/C=C/c1cccc(N(Cc2ccc(-c3cccc(C)c3)cc2)C(=O)C2CCCCC2)c1,6.962573502059376,1,EC50,FXR,CHEMBL2047
COC(=O)/C=C/c1cccc(N(Cc2ccc(-c3cccc(C)c3)cc2)C(=O)NC(C)C)c1,5.878073642282259,2,EC50,FXR,CHEMBL2047
COC(=O)/C=C/c1cccc(N(Cc2ccc(-c3cccc(Cl)c3)cc2)C(=O)C(C)C)c1,7.113509274827518,1,EC50,FXR,CHEMBL2047
COC(=O)/C=C/c1cccc(N(Cc2ccc(-c3cccc(Cl)c3)cc2)C(=O)C2CCCCC2)c1,7.026872146400302,1,EC50,FXR,CHEMBL2047
COC(=O)/C=C/c1cccc(N(Cc2ccc(-c3cccc(Cl)c3)cc2)C(=O)NC(C)C)c1,5.851935604699812,2,EC50,FXR,CHEMBL2047
COC(=O)/C=C/c1cccc(N(Cc2ccc(-c3cccc(OC(F)(F)F)c3)cc2)C(=O)C(C)C)c1,6.607303046740334,1,EC50,FXR,CHEMBL2047
COC(=O)/C=C/c1cccc(N(Cc2ccc(-c3cccc(OC(F)(F)F)c3)cc2)C(=O)C2CCCCC2)c1,6.378375033651015,2,EC50,FXR,CHEMBL2047
COC(=O)/C=C/c1cccc(N(Cc2ccc(-c3cccc(OC)c3)cc2)C(=O)C(C)C)c1,7.141344530963355,2,EC50,FXR,CHEMBL2047
COC(=O)/C=C/c1cccc(N(Cc2ccc(-c3cccc(OC)c3)cc2)C(=O)C2CCCCC2)c1,7.073071420880293,3,EC50,FXR,CHEMBL2047
COC(=O)/C=C/c1cccc(N(Cc2ccc(-c3cccc(OC)c3)cc2)C(=O)NC(C)C)c1,5.863279432843593,1,EC50,FXR,CHEMBL2047
COC(=O)/C=C/c1cccc(N(Cc2ccc(/C=C/C(=O)O)cc2)C(=O)C2CCCCC2)c1,6.0,1,EC50,FXR,CHEMBL2047
COC(=O)/C=C/c1cccc(N(Cc2ccc(/C=C/C(=O)OC(C)(C)C)cc2)C(=O)NC(C)C)c1,6.673664139071249,1,EC50,FXR,CHEMBL2047
COC(=O)/C=C/c1cccc(N(Cc2ccc(/C=C/C(=O)OC(C)(C)C)cc2)C(=O)c2ccccc2)c1,6.627087997029893,1,EC50,FXR,CHEMBL2047
COC(=O)/C=C/c1cccc(N(Cc2ccc(/C=C/C(=O)OC(C)(C)C)cc2)C(=O)c2ccco2)c1,6.688246138944246,1,EC50,FXR,CHEMBL2047
COC(=O)/C=C/c1cccc(N(Cc2ccc(/C=C/C(=O)OC(C)(C)C)cc2O)C(=O)C2CCCCC2)c1,6.0,1,EC50,FXR,CHEMBL2047
COC(=O)/C=C/c1cccc(N(Cc2ccc(/C=C/c3c(C)cc(C)cc3C)cc2)C(=O)C(C)C)c1,6.826813731587726,1,EC50,FXR,CHEMBL2047
COC(=O)/C=C/c1cccc(N(Cc2ccc(/C=C/c3c(C)cc(C)cc3C)cc2)C(=O)NC(C)C)c1,6.3655227298392685,1,EC50,FXR,CHEMBL2047
COC(=O)/C=C/c1cccc(N(Cc2ccc(/C=C/c3c(Cl)cccc3Cl)cc2)C(=O)C(C)C)c1,6.709965388637482,1,EC50,FXR,CHEMBL2047
COC(=O)/C=C/c1cccc(N(Cc2ccc(/C=C/c3c(Cl)cccc3Cl)cc2)C(=O)C2CCCCC2)c1,6.821948810943301,2,EC50,FXR,CHEMBL2047
COC(=O)/C=C/c1cccc(N(Cc2ccc(/C=C/c3c(F)cccc3F)cc2)C(=O)C(C)C)c1,6.96657624451305,1,EC50,FXR,CHEMBL2047
COC(=O)/C=C/c1cccc(N(Cc2ccc(/C=C/c3cc(C(F)(F)F)cc(C(F)(F)F)c3)cc2)C(=O)C(C)C)c1,5.709965388637482,1,EC50,FXR,CHEMBL2047
COC(=O)/C=C/c1cccc(N(Cc2ccc(/C=C/c3cc(C(F)(F)F)cc(C(F)(F)F)c3)cc2)C(=O)C2CCCCC2)c1,5.8326826652518236,1,EC50,FXR,CHEMBL2047
COC(=O)/C=C/c1cccc(N(Cc2ccc(/C=C/c3ccc(F)cc3)cc2)C(=O)C(C)C)c1,6.920818753952375,1,EC50,FXR,CHEMBL2047
COC(=O)/C=C/c1cccc(N(Cc2ccc(/C=C/c3ccc(F)cc3)cc2)C(=O)C2CCCCC2)c1,6.731412635745963,2,EC50,FXR,CHEMBL2047
COC(=O)/C=C/c1cccc(N(Cc2ccc(/C=C/c3ccc(F)cc3)cc2)C(=O)NC(C)C)c1,6.458420756053419,1,EC50,FXR,CHEMBL2047
COC(=O)/C=C/c1cccc(N(Cc2ccc(/C=C/c3ccc(OC)cc3)cc2)C(=O)C2CCCCC2)c1,6.681936665037238,1,EC50,FXR,CHEMBL2047
COC(=O)/C=C/c1cccc(N(Cc2ccc(/C=C/c3cccc(C(F)(F)F)c3)cc2)C(=O)C(C)C)c1,6.573488738635424,1,EC50,FXR,CHEMBL2047
COC(=O)/C=C/c1cccc(N(Cc2ccc(/C=C/c3cccc(C(F)(F)F)c3)cc2)C(=O)NC(C)C)c1,6.030584087646019,1,EC50,FXR,CHEMBL2047
COC(=O)/C=C/c1cccc(N(Cc2ccc(/C=C/c3cccc(Cl)c3)cc2)C(=O)C(C)C)c1,6.787579427934967,2,EC50,FXR,CHEMBL2047
COC(=O)/C=C/c1cccc(N(Cc2ccc(/C=C/c3cccc(Cl)c3)cc2)C(=O)C2CCCCC2)c1,6.781256314814579,2,EC50,FXR,CHEMBL2047
COC(=O)/C=C/c1cccc(N(Cc2ccc(/C=C/c3cccc(F)c3)cc2)C(=O)C(C)C)c1,7.1487416512809245,1,EC50,FXR,CHEMBL2047
COC(=O)/C=C/c1cccc(N(Cc2ccc(/C=C/c3cccc(F)c3)cc2)C(=O)C2CCCCC2)c1,7.0655015487564325,1,EC50,FXR,CHEMBL2047
COC(=O)/C=C/c1cccc(N(Cc2ccc(/C=C/c3cccc(F)c3)cc2)C(=O)NC(C)C)c1,6.330339304058759,2,EC50,FXR,CHEMBL2047
COC(=O)/C=C/c1cccc(N(Cc2ccc(/C=C/c3ccccc3)cc2)C(=O)C(C)C)c1,7.1885279284756525,2,EC50,FXR,CHEMBL2047
COC(=O)/C=C/c1cccc(N(Cc2ccc(/C=C/c3ccccc3F)cc2)C(=O)C(C)C)c1,7.152465023828446,2,EC50,FXR,CHEMBL2047
COC(=O)/C=C/c1cccc(N(Cc2ccc(/C=C/c3ccccc3F)cc2)C(=O)C2CCCCC2)c1,7.1938200260161125,1,EC50,FXR,CHEMBL2047
COC(=O)/C=C/c1cccc(N(Cc2ccc(/C=C/c3ccccc3F)cc2)C(=O)NC(C)C)c1,6.3655227298392685,1,EC50,FXR,CHEMBL2047
COC(=O)/C=C/c1cccc(N(Cc2ccc(/C=C/c3ccccn3)cc2)C(=O)C(C)C)c1,6.508638306165727,1,EC50,FXR,CHEMBL2047
COC(=O)/C=C/c1cccc(N(Cc2ccc(/C=C/c3ccccn3)cc2)C(=O)C2CCCCC2)c1,6.510041520575165,1,EC50,FXR,CHEMBL2047
COC(=O)/C=C/c1cccc(N(Cc2ccc(/C=C/c3scnc3C)cc2)C(=O)C(C)C)c1,6.642065152999546,1,EC50,FXR,CHEMBL2047
COC(=O)/C=C/c1cccc(N(Cc2ccc(/C=C/c3scnc3C)cc2)C(=O)C2CCCCC2)c1,6.6439741428068775,1,EC50,FXR,CHEMBL2047
COC(=O)/C=C/c1cccc(N(Cc2ccc3c(c2OC)OC(C)(C)C2C3C2(Cl)Cl)C(=O)c2ccccc2)c1,6.47755576649368,1,EC50,FXR,CHEMBL2047
COC(=O)/C=C/c1cccc(N(Cc2ccc3c(c2OC)OC(C)(C)C=C3)C(=O)C2CCCCC2)c1,6.446116973356125,1,EC50,FXR,CHEMBL2047
COC(=O)CCCNC(=O)c1ccccc1NC(=O)c1ccc2ccccc2c1,5.1487416512809245,1,EC50,FXR,CHEMBL2047
COC(=O)C[C@@H](C)C1=C2[C@H](O)C[C@H]3[C@@]4(C)CCC(=O)C(C)(C)[C@@H]4CC[C@]3(C)[C@@]2(C)C[C@@H]1OC,4.693574972449313,1,EC50,FXR,CHEMBL2047
COC(=O)c1ccc(NC(=O)N2CCC(OCc3c(-c4ccccc4OC(F)(F)F)noc3C3CC3)CC2)cc1,5.119186407719209,1,EC50,FXR,CHEMBL2047
COC(=O)c1ccc(OCc2c(-c3c(Cl)cccc3Cl)noc2C(C)C)cc1,5.44490555142168,1,EC50,FXR,CHEMBL2047
COC(=O)c1ccc(OCc2ccc(OCc3c(-c4c(Cl)cccc4Cl)noc3C(C)C)cc2)cc1,6.136677139879544,1,EC50,FXR,CHEMBL2047
COC(=O)c1cccc(-c2ccc(OCc3c(-c4c(Cl)cccc4Cl)noc3C(C)C)cc2)c1,5.552841968657781,1,EC50,FXR,CHEMBL2047
COC(=O)c1cccc(NC(=O)N2CCC(OCc3c(-c4ccccc4OC(F)(F)F)noc3C3CC3)CC2)c1,5.2839966563652006,1,EC50,FXR,CHEMBL2047
COC(=O)c1cccc(OCc2c(-c3c(Cl)cccc3Cl)noc2C(C)C)c1,5.686132779630847,1,EC50,FXR,CHEMBL2047
COC(=O)c1cccc(OCc2ccc(OCc3c(-c4c(Cl)cccc4Cl)noc3C(C)C)cc2)c1,5.939302159646388,1,EC50,FXR,CHEMBL2047
COC(C)(C)[C@H](O)[C@@H](O)C[C@@H](C)C1=C2C[C@H](O)[C@H]3[C@@]4(C)CCC(=O)C(C)(C)[C@@H]4CC[C@]3(C)[C@@]2(C)CC1,5.050609993355087,1,EC50,FXR,CHEMBL2047
COC(C)(C)[C@H](OC(C)=O)[C@@H]1C[C@@H](C)C2=C3C[C@H](O)[C@H]4[C@@]5(C)CCC(=O)C(C)(C)[C@@H]5CC[C@]4(C)[C@@]3(C)C[C@@H]2O1,4.77780395369828,1,EC50,FXR,CHEMBL2047
COC(C[C@@H](C)C1=C2C[C@H](O)[C@H]3[C@@]4(C)CCC(=O)C(C)(C)[C@@H]4CC[C@]3(C)[C@@]2(C)CC1)OC,5.251811972993799,1,EC50,FXR,CHEMBL2047
COC(OC)C(C)(C)[C@@H](O)C[C@@H](C)C1=C2C[C@H](O)[C@H]3[C@@]4(C)CCC(=O)C(C)(C)[C@@H]4CC[C@]3(C)[C@@]2(C)CC1,4.91829272990265,1,EC50,FXR,CHEMBL2047
COC/C=C/c1ccc(CN(C(=O)C2CCCCC2)c2cccc(/C=C/C(=O)OC)c2)cc1,6.632644078973981,1,EC50,FXR,CHEMBL2047
COC/C=C/c1cccc(N(Cc2ccc(/C=C/C(=O)OC(C)(C)C)cc2)C(=O)C2CCCCC2)c1,6.614393726401688,1,EC50,FXR,CHEMBL2047
COCCOC(=O)C1=C(C)NC(C)=C(C(=O)OC(C)C)C1c1cccc([N+](=O)[O-])c1,5.047691990337874,1,IC50,FXR,CHEMBL2047
COCCc1nn(C(C)C)cc1C(=O)Nc1ccc(C)c(S(=O)(=O)N2CCOCC2)c1,4.9974878621414955,2,IC50,FXR,CHEMBL2047
COCCc1nn(Cc2cccc(OC)c2)cc1C(=O)Nc1ccc(C)c(S(=O)(=O)N2CCOCC2)c1,5.68208477960238,2,IC50,FXR,CHEMBL2047
CO[C@@H]1C2C[C@H](O)CC[C@]2(C)[C@H]2CC[C@]3(C)C([C@H](C)CCC(=O)O)CC[C@H]3[C@@H]2[C@@H]1O,4.831797253157369,1,EC50,FXR,CHEMBL2047
CO[C@H](C[C@@H](C)[C@H]1CC[C@H]2[C@@H]3[C@H](O)C[C@@H]4C[C@H](O)CC[C@]4(C)[C@H]3C[C@H](O)[C@]12C)C(=O)O,4.455931955649724,1,EC50,FXR,CHEMBL2047
CO[C@H](c1ccccc1)c1nc2cc(F)c(F)cc2n1C(C(=O)Nc1ccc(C(=O)O)cc1C)C1CCCCC1,7.698970004336019,1,IC50,FXR,CHEMBL2047
CO[C@H]1CC2=C3[C@H](C)C[C@@H]([C@@H](O)C(C)(C)O)O[C@H]3C[C@]2(C)[C@@]2(C)CC[C@H]3C(C)(C)C(=O)CC[C@]3(C)[C@H]12,4.842241113953136,1,EC50,FXR,CHEMBL2047
CO[C@H]1C[C@@]2(C)C(=C1[C@H](C)C[C@H](O)[C@@H](OC(C)=O)C(C)(C)O)[C@H](O)C[C@H]1[C@@]3(C)CCC(=O)C(C)(C)[C@@H]3CC[C@@]12C,4.784362436564939,1,EC50,FXR,CHEMBL2047
CO[C@]1(c2ccc(OCc3c(-c4c(Cl)cccc4Cl)noc3C3CC3)cc2Cl)C[C@H](c2cccc(C(=O)O)c2)C1,7.04688636847382,2,EC50,FXR,CHEMBL2047
COc1c(C(=O)Nc2ccc(CC(=O)O)cc2)cccc1-c1ccccc1,5.301029995663981,1,IC50,FXR,CHEMBL2047
COc1c(C(=O)Nc2ccc(CC(=O)O)cc2)cccc1C(C)(C)C,5.481486060122112,1,IC50,FXR,CHEMBL2047
COc1c(CN(C(=O)C2CC2)c2ccccc2)ccc2c1OC(C)(C)C=C2,5.0,2,EC50,FXR,CHEMBL2047
COc1cc(-c2cccc(N(CC34CCC(c5nc(C6CC6)no5)(CC3)CC4)C(=O)C3CCCCC3)c2)ccn1,7.022276394711152,1,EC50,FXR,CHEMBL2047
COc1cc(/C(C)=N/OCc2cc(C(=O)O)ccc2C#N)ccc1OCc1c(-c2ccccc2OC(F)(F)F)noc1C1CC1,6.013273040668782,1,EC50,FXR,CHEMBL2047
COc1cc(C(=O)NCc2ccc(C(=O)O)cc2)ccc1C(C)(C)C,5.920818753952375,1,EC50,FXR,CHEMBL2047
COc1cc(C(=O)NS(=O)(=O)c2ccccc2C)ccc1Cc1cn(C)c2ccc(NC(=O)OC3CCCC3)cc12,5.4089353929735005,1,EC50,FXR,CHEMBL2047
COc1cc(C(=O)Nc2ccc(CC(=O)O)cc2)ccc1C(C)(C)C,6.657577319177793,1,IC50,FXR,CHEMBL2047
COc1cc(C(=O)O)cc2sc(C3CCN(Cc4c(-c5c(Cl)cccc5Cl)noc4C(C)C)C3)nc12,6.575118363368933,1,EC50,FXR,CHEMBL2047
COc1cc(C(=O)O)cc2sc(C3CCN(Cc4c(-c5c(Cl)cccc5Cl)noc4C(C)C)CC3)nc12,6.698970004336019,1,EC50,FXR,CHEMBL2047
COc1cc(C(=O)O)cc2sc(N3C4CCC3CC(OCc3c(-c5ccccc5OC(F)(F)F)noc3C3CC3)C4)nc12,9.310437926964804,2,EC50,FXR,CHEMBL2047
COc1cc(C(=O)O)cc2sc(N3CCC(Cc4c(-c5c(Cl)cccc5Cl)noc4C(C)C)CC3)nc12,7.132520119363777,2,EC50,FXR,CHEMBL2047
COc1cc(C(=O)O)cc2sc(N3CCN(Cc4c(-c5c(Cl)cccc5Cl)noc4C(C)C)CC3(C)C)nc12,7.163997277488524,2,EC50,FXR,CHEMBL2047
COc1cc(C(=O)O)cc2sc(N3CCN(Cc4c(-c5c(Cl)cccc5Cl)noc4C(C)C)CC3)nc12,7.170660485708775,2,EC50,FXR,CHEMBL2047
COc1cc(C(=O)O)cc2sc(N3CCN(Cc4c(-c5c(Cl)cccc5Cl)noc4C(C)C)CC34CC4)nc12,5.905528871358355,1,EC50,FXR,CHEMBL2047
COc1cc(C(=O)O)cc2sc(N3CCN(Cc4c(-c5c(Cl)cccc5Cl)noc4C(C)C)CC3C(C)C)nc12,6.840634516555951,2,EC50,FXR,CHEMBL2047
COc1cc(C(=O)O)cc2sc(N3CCN(Cc4c(-c5c(Cl)cccc5Cl)noc4C(C)C)CC3C)nc12,7.464058996346937,2,EC50,FXR,CHEMBL2047
COc1cc(C(=O)O)cc2sc(N3CCN(Cc4c(-c5c(Cl)cccc5Cl)noc4C(C)C)C[C@@H]3C)nc12,6.7594507517174005,1,EC50,FXR,CHEMBL2047
COc1cc(C(=O)O)cc2sc(N3CCN(Cc4c(-c5c(Cl)cccc5Cl)noc4C(C)C)C[C@H]3C)nc12,7.537602002101044,1,EC50,FXR,CHEMBL2047
COc1cc(C(=O)O)cc2sc(N3CCN(Cc4c(-c5c(Cl)cccc5Cl)noc4C4CC4)CC3C)nc12,7.74206307814416,2,EC50,FXR,CHEMBL2047
COc1cc(C(=O)O)cc2sc(N3CCN(Cc4c(-c5c(Cl)cccc5Cl)noc4C4CC4)C[C@@H]3C)nc12,7.35122916609092,2,EC50,FXR,CHEMBL2047
COc1cc(C(=O)O)cc2sc(N3CCN(Cc4c(-c5c(Cl)cccc5Cl)noc4C4CC4)C[C@H]3C)nc12,8.022878745280337,2,EC50,FXR,CHEMBL2047
COc1cc(C(=O)O)ccc1Cn1ccc2ccc(NC(=O)c3ccc(C(C)(C)C)cc3)cc21,6.585026652029182,1,EC50,FXR,CHEMBL2047
COc1cc(C(=O)O)ccc1NC(=O)[C@H](C1CCCCC1)n1c(-c2ccc(Cl)cc2)nc2cc(F)c(F)cc21,6.130768280269024,1,IC50,FXR,CHEMBL2047
COc1cc(C(C)(C)C)ccc1C(=O)Nc1ccc(CC(=O)O)cc1,8.461134410173804,2,IC50,FXR,CHEMBL2047
COc1cc(Cl)cc(N(CC23CCC(c4ccc(OC)c(C#N)c4)(CC2)CC3)C(=O)c2ccncc2C)c1,6.721246399047171,1,EC50,FXR,CHEMBL2047
COc1cc(NC(=O)c2ccc(C(C)(C)C)cc2)ccc1CC(=O)O,5.431798275933005,1,IC50,FXR,CHEMBL2047
COc1cc([C@H]2S[C@@H](C)C(=O)Nc3c2c(C)nn3-c2ccccc2C)ccc1Oc1ccccc1,5.721246399047171,1,EC50,FXR,CHEMBL2047
COc1cc([N+](=O)[O-])ccc1NC(=O)CNc1ccccc1N1CCCC1=O,5.363512103646634,1,EC50,FXR,CHEMBL2047
COc1ccc(-c2ccc([C@H]3S[C@@H](C)C(=O)Nc4c3c(C)nn4-c3ccccc3C)cc2)cc1,5.920818753952375,1,EC50,FXR,CHEMBL2047
COc1ccc(-c2ccccc2)cc1C(=O)Nc1ccc(CC(=O)O)cc1,6.769551078621726,1,IC50,FXR,CHEMBL2047
COc1ccc(-c2nc(-c3cccc(C(F)(F)F)c3)no2)cc1,5.537602002101044,1,EC50,FXR,CHEMBL2047
COc1ccc(-c2nc(-c3ccccc3)no2)cc1,4.785156151952302,1,IC50,FXR,CHEMBL2047
COc1ccc(-c2nc(-c3ccccc3C)no2)cc1,6.920818753952375,1,EC50,FXR,CHEMBL2047
COc1ccc(-c2nc3cc(F)c(F)cc3n2[C@H](C(=O)N[C@H]2CC[C@H](C(=O)O)CC2)C2CCCCC2)c(Cl)n1,6.537602002101044,1,IC50,FXR,CHEMBL2047
COc1ccc(-c2nc3cc(F)c(F)cc3n2[C@H](C(=O)N[C@H]2CC[C@H](C(=O)O)CC2)C2CCCCC2)c(OC)n1,6.6777807052660805,1,IC50,FXR,CHEMBL2047
COc1ccc(-c2nc3ccc(C)cn3c2NCc2ccccc2)cc1,5.896196279044043,1,EC50,FXR,CHEMBL2047
COc1ccc(-c2nc3ccc(C)cn3c2NCc2ccccc2)cc1OC,6.040958607678906,1,EC50,FXR,CHEMBL2047
COc1ccc(/C=C/C(=O)c2cccc(O)c2)cc1OC,4.698970004336019,1,IC50,FXR,CHEMBL2047
COc1ccc(C(=O)NCc2ccc(C(=O)O)cc2)cc1OC,6.431798275933005,1,EC50,FXR,CHEMBL2047
COc1ccc(C(=O)Nc2ccc(C)c(C(=O)O)c2)c(NC(=O)c2ccc(C(C)(C)C)cc2)c1,7.060480747381382,1,EC50,FXR,CHEMBL2047
COc1ccc(C(=O)Nc2cccc(C(=O)O)c2)c(NC(=O)c2ccc(C(C)(C)C)cc2)c1,8.096910013008056,1,EC50,FXR,CHEMBL2047
COc1ccc(C(=O)Nc2cccc(C(=O)O)c2)cc1,6.2168113089247425,1,EC50,FXR,CHEMBL2047
COc1ccc(C(=O)Nc2cccc(CCC(=O)O)c2)c(NC(=O)c2ccc3ccccc3c2)c1,4.958607314841775,1,EC50,FXR,CHEMBL2047
COc1ccc(C(=O)O)cc1NC(=O)c1ccccc1NC(=O)c1ccc(C(C)(C)C)cc1,5.327902142064282,2,EC50,FXR,CHEMBL2047
COc1ccc(C(=O)O[C@@H]2CC[C@]3(C)[C@H]4CC[C@@H]5[C@H]6[C@H](C(C)C)CC[C@]6(C(=O)NCC(=O)O)CC[C@@]5(C)[C@]4(C)CC[C@H]3C2(C)C)cc1,5.3872161432802645,1,IC50,FXR,CHEMBL2047
COc1ccc(C(C)(C)c2cnc(SCCOc3ccc(-n4ccnc4)cc3)n2-c2ccc(F)cc2)cc1OC,5.1938200260161125,1,EC50,FXR,CHEMBL2047
COc1ccc(C2SC(C)C(=O)Nc3c2c(C)nn3-c2ccccc2C)c(OC)c1,4.978810700930062,1,EC50,FXR,CHEMBL2047
COc1ccc(CN(Cc2ccc(F)cc2)C(=O)c2ccccc2Cl)cc1OS(=O)(=O)c1ccc(NC(C)=O)cc1,5.455931955649724,1,IC50,FXR,CHEMBL2047
COc1ccc(CN(Cc2ccco2)C(=O)c2ccccc2Cl)cc1OS(=O)(=O)c1ccc(NC(C)=O)cc1,4.978810700930062,1,IC50,FXR,CHEMBL2047
COc1ccc(CNC(=O)c2ccc(C(C)(C)C)cc2)cc1,6.823908740944319,1,EC50,FXR,CHEMBL2047
COc1ccc(CNc2c(-c3cc(Cl)ccn3)nc3ccc(Cl)cn23)cc1,9.522878745280337,1,EC50,FXR,CHEMBL2047
COc1ccc(CNc2c(-c3cccs3)nc3ccc(C)cn23)cc1,6.769551078621726,1,EC50,FXR,CHEMBL2047
COc1ccc(Cl)c(-c2noc(C(C)C)c2COc2ccc(-c3ccc4c(C(=O)O)cn(C)c4c3)c(C)c2)n1,6.508638306165727,1,IC50,FXR,CHEMBL2047
COc1ccc(NC(=O)c2ccc(C(C)(C)C)cc2)c(C(=O)Nc2cccc(C(=O)O)c2)c1,4.82102305270683,1,IC50,FXR,CHEMBL2047
COc1ccc(NC(=O)c2ccccc2NC(=O)c2ccc(C(C)(C)C)cc2)cc1C(=O)O,7.327902142064282,2,EC50,FXR,CHEMBL2047
COc1ccc(NC(=O)c2ccccc2NC(=O)c2ccc(C(C)(C)C)cc2)cc1OC,7.1487416512809245,1,EC50,FXR,CHEMBL2047
COc1ccc(Oc2ccc(N3CC(=O)N([C@@H](CC(C)C)c4nc5ccc(C(=O)O)cc5n4C)C3=O)cc2)cc1,4.123205023799299,1,IC50,FXR,CHEMBL2047
COc1ccc(Oc2ccc(N3CC(=O)N([C@@H](CC4CCN(C(=O)C(C)C)CC4)c4nc5ccc(C)cc5n4C)C3=O)cc2)cc1,8.154901959985743,2,IC50,FXR,CHEMBL2047
COc1ccc(Oc2ccc(N3CC(=O)N([C@@H](CC4CCN(C(=O)C(C)C)CC4)c4nc5ccc(C)cc5n4C4CC4)C3=O)cc2)cc1,8.581016490815673,2,IC50,FXR,CHEMBL2047
COc1ccc(Oc2ccc(N3CC(=O)N([C@@H](CC4CCN(C(=O)C(C)C)CC4)c4nc5ccc(F)cc5n4C)C3=O)cc2)cc1,8.10790539730952,1,IC50,FXR,CHEMBL2047
COc1ccc(Oc2ccc([C@H]3S[C@@H](C)C(=O)Nc4c3c(C)nn4-c3ccccc3C)cc2)cc1,5.657577319177793,1,EC50,FXR,CHEMBL2047
COc1ccc(S(=O)(=O)Nc2ccc(CN(C(=O)c3ccco3)C3CCCCC3)c(N(C)C)c2)cc1,4.935542010773082,1,IC50,FXR,CHEMBL2047
COc1ccc2c(c1)C=C(C(=O)c1cccc(O)c1O)CO2,5.090979145788844,1,IC50,FXR,CHEMBL2047
COc1ccc2c(c1)OCC(C(=O)c1cc(O)ccc1O)=C2,5.400116927926312,1,IC50,FXR,CHEMBL2047
COc1ccc2nc(-c3ccc(Cl)cc3)n(C(C(=O)NC3CCCCC3)C3CCCCC3)c2c1,6.346787486224656,1,IC50,FXR,CHEMBL2047
COc1ccc2nc(-c3cccs3)c(NCc3ccccc3)n2c1,6.080921907623926,1,EC50,FXR,CHEMBL2047
COc1cccc(-c2ccc(NC(=O)C3=C(C(=O)O)CCC3)c(F)c2)c1,6.346787486224656,1,EC50,FXR,CHEMBL2047
COc1cccc(-c2ccc([C@H]3S[C@@H](C)C(=O)Nc4c3c(C)nn4-c3ccccc3C)cc2)c1,5.7447274948966935,1,EC50,FXR,CHEMBL2047
COc1cccc(-c2cccc(N(CC34CCC(c5nc(C6CC6)no5)(CC3)CC4)C(=O)C3CCCCC3)c2)c1,7.036212172654444,1,EC50,FXR,CHEMBL2047
COc1cccc(-c2nc3ccc(C)cn3c2NCc2ccccc2)c1,6.6020599913279625,1,EC50,FXR,CHEMBL2047
COc1cccc(-c2nn(C(C)C)cc2C(=O)Nc2ccc(C)c(S(=O)(=O)N3CCOCC3)c2)c1,6.126934828451168,2,IC50,FXR,CHEMBL2047
COc1cccc(/C=C/C(=O)c2cc(O)ccc2O)c1,4.739928612014925,1,IC50,FXR,CHEMBL2047
COc1cccc(/C=C/C(=O)c2ccc(O)cc2O)c1,4.82102305270683,1,IC50,FXR,CHEMBL2047
COc1cccc(/C=C/C(=O)c2cccc(O)c2O)c1,4.761953896871205,1,IC50,FXR,CHEMBL2047
COc1cccc(C(=O)Nc2cccc(C(=O)O)c2)c1,5.985059650207063,1,EC50,FXR,CHEMBL2047
COc1cccc(Cn2cc(C(=O)N(C)c3ccc(C)c(S(=O)(=O)N4CCOCC4)c3)c(-c3cccc(OC)c3)n2)c1,5.41907502432438,1,IC50,FXR,CHEMBL2047
COc1cccc(Cn2cc(C(=O)N(C)c3ccc(C)c(S(=O)(=O)N4CCOCC4)c3)c(C(C)C)n2)c1,5.273272790973428,1,IC50,FXR,CHEMBL2047
COc1cccc(Cn2cc(C(=O)Nc3ccc(C)c(S(=O)(=O)N4CCOCC4)c3)c(-c3ccc(C(F)(F)F)cc3)n2)c1,6.8686032966680735,2,IC50,FXR,CHEMBL2047
COc1cccc(Cn2cc(C(=O)Nc3ccc(C)c(S(=O)(=O)N4CCOCC4)c3)c(-c3ccc(C)cc3)n2)c1,7.227114570692251,2,IC50,FXR,CHEMBL2047
COc1cccc(Cn2cc(C(=O)Nc3ccc(C)c(S(=O)(=O)N4CCOCC4)c3)c(-c3cccc(OC)c3)n2)c1,6.637567272912296,2,IC50,FXR,CHEMBL2047
COc1cccc(Cn2cc(C(=O)Nc3ccc(C)c(S(=O)(=O)N4CCOCC4)c3)c(C(C)C)n2)c1,6.103757228498763,2,IC50,FXR,CHEMBL2047
COc1cccc(Cn2cc(CNc3ccc(C)c(S(=O)(=O)N4CCOCC4)c3)c(C(C)C)n2)c1,5.095937406886906,2,IC50,FXR,CHEMBL2047
COc1cccc(NC(=O)c2ccccc2NC(=O)c2ccc(C(C)(C)C)cc2)c1,6.42021640338319,2,EC50,FXR,CHEMBL2047
COc1cccc(OC)c1-c1noc(C2CC2)c1COc1ccc(C2(O)CN(c3ncc(C(=O)O)cc3F)C2)c(Cl)c1,7.025427023790028,2,EC50,FXR,CHEMBL2047
COc1cccc(OCC2c3ccsc3CCN2C(=O)CN(CC2CCCO2)C(=O)CC(C)C)c1,4.828566099056991,1,IC50,FXR,CHEMBL2047
COc1cccc(Oc2ccc([C@H]3S[C@@H](C)C(=O)Nc4c3c(C)nn4-c3ccccc3C)cc2)c1,5.769551078621726,1,EC50,FXR,CHEMBL2047
COc1cccc2c1C=C(C(=O)c1ccc(O)cc1O)CO2,5.446116973356125,1,IC50,FXR,CHEMBL2047
COc1cccc2c1OCC(C(=O)c1cc(O)ccc1O)=C2,5.412289034981089,1,IC50,FXR,CHEMBL2047
COc1ccccc1-c1ccc([C@H]2S[C@@H](C)C(=O)Nc3c2c(C)nn3-c2ccccc2C)cc1,5.958607314841775,1,EC50,FXR,CHEMBL2047
COc1ccccc1-c1noc(C(C)C)c1COc1ccc(/C=C/c2cccc(C(=O)O)c2)c(Cl)c1,6.6020599913279625,1,IC50,FXR,CHEMBL2047
COc1ccccc1-n1nc(C)c2c1NC(=O)[C@H](C)S[C@@H]2c1ccc(Oc2ccccc2)cc1,5.481486060122112,1,EC50,FXR,CHEMBL2047
COc1ccccc1/C=C/C(=O)c1cc(O)ccc1O,4.815308569182402,1,IC50,FXR,CHEMBL2047
COc1ccccc1/C=C/C(=O)c1ccc(O)cc1O,5.367542707815275,1,IC50,FXR,CHEMBL2047
COc1ccccc1/C=C/C(=O)c1cccc(O)c1,4.698970004336019,1,IC50,FXR,CHEMBL2047
COc1ccccc1/C=C/C(=O)c1cccc(O)c1O,4.790484985457369,1,IC50,FXR,CHEMBL2047
COc1ccccc1NC(=O)N(Cc1ccco1)Cc1ccccc1OS(=O)(=O)c1ccc(NC(C)=O)cc1,4.982966660701219,1,IC50,FXR,CHEMBL2047
COc1ccccc1OCC1CN(C(=O)C2CCC(N(Cc3ccc(F)cc3)C(=O)OC(C)(C)C)CC2)CCO1,5.202732459169283,1,IC50,FXR,CHEMBL2047
COc1ccccc1Oc1ccc([C@H]2S[C@@H](C)C(=O)Nc3c2c(C)nn3-c2ccccc2C)cc1,5.769551078621726,1,EC50,FXR,CHEMBL2047
COc1nc2ccc([C@@](O)(c3ccccc3)C3CCN(C(C)=O)CC3)cc2c(Cl)c1Cc1ccc(-n2cccn2)cc1,5.236572006437063,1,IC50,FXR,CHEMBL2047
CS(=O)(=O)NC(=O)c1ccc(C2CC2c2ccc(OCc3c(-c4c(Cl)cccc4Cl)noc3C3CC3)cc2Cl)cc1,7.2011524070372435,2,EC50,FXR,CHEMBL2047
CS(=O)(=O)NC(=O)c1ccc(N2CCC3(CC2)CC(OCc2c(-c4ccccc4OC(F)(F)F)noc2C2CC2)CO3)nc1,7.570247719997592,1,EC50,FXR,CHEMBL2047
CS(=O)(=O)NC(=O)c1ccc([C@@H]2C[C@H]2c2ccc(OCc3c(-c4c(Cl)cccc4Cl)noc3C3CC3)cc2Cl)cc1,7.337653043069112,2,EC50,FXR,CHEMBL2047
CS(=O)(=O)NC(=O)c1ccc2c(c1)Oc1ccc(OCc3c(-c4c(Cl)cccc4Cl)noc3C3CC3)nc1CC2,8.221848749616356,1,EC50,FXR,CHEMBL2047
CS(=O)(=O)Nc1ccc(CNC(=O)c2ccc(C(F)(F)C(F)(F)F)cc2)c(Cl)c1,5.492144128304169,1,EC50,FXR,CHEMBL2047
CS(=O)(=O)Nc1ccc(CNC(=O)c2ccc(C(F)(F)F)cc2)c(Cl)c1,6.853871964321762,1,EC50,FXR,CHEMBL2047
CS(=O)(=O)Nc1ccc(CNC(=O)c2ccc(C3(C(F)(F)F)CC3)cc2)c(Cl)c1,6.267606240177031,1,EC50,FXR,CHEMBL2047
CS(=O)(=O)Nc1ccc(CNC(=O)c2ccc(C34CC(C3)C4)cc2)c(Cl)c1,6.251811972993799,1,EC50,FXR,CHEMBL2047
CS(=O)(=O)Nc1ccc(CNC(=O)c2ccc(CC(F)(F)F)cc2)c(Cl)c1,5.3979400086720375,1,EC50,FXR,CHEMBL2047
CS(=O)(=O)Nc1ccc(CNC(=O)c2ccc(N3CCC3)cc2)c(Cl)c1,4.886056647693163,1,EC50,FXR,CHEMBL2047
CS(=O)(=O)Nc1ccc(CNC(=O)c2ccc(N3CCCC3)cc2)c(Cl)c1,6.6020599913279625,1,EC50,FXR,CHEMBL2047
CS(=O)(=O)Nc1ccc(CNC(=O)c2ccc(N3CCCCC3)cc2)c(Cl)c1,6.3872161432802645,1,EC50,FXR,CHEMBL2047
CS(=O)(=O)Nc1ccc(CNC(=O)c2ccc(N3CCOCC3)cc2)c(Cl)c1,5.356547323513812,1,EC50,FXR,CHEMBL2047
CS(=O)(=O)Nc1ccc(CNC(=O)c2ccc(OC(F)(F)F)cc2)c(Cl)c1,5.962573502059376,1,EC50,FXR,CHEMBL2047
CS(=O)(=O)c1ccc(-c2nc3ccccc3n2C(C(=O)NC2CCCCC2)C2CCCCC2)cc1,4.9051796196452,1,IC50,FXR,CHEMBL2047
CS(=O)(=O)c1ccc2c(c1)Oc1ccc(OCc3c(-c4c(Cl)cccc4Cl)noc3C3CC3)nc1CC2,7.267606240177031,1,EC50,FXR,CHEMBL2047
CSc1ccc(C(=O)Nc2ccccc2C(=O)Nc2cccc(CC(=O)O)c2)cc1,5.070581074285707,1,EC50,FXR,CHEMBL2047
CSc1ccc(CNC(=O)c2ccc(C(C)(C)C)cc2)cc1,7.0,1,EC50,FXR,CHEMBL2047
CSc1cccc(NC(=O)c2ccccc2NC(=O)c2ccc(C(C)(C)C)cc2)c1,6.698970004336019,1,EC50,FXR,CHEMBL2047
C[C@@H](C(=O)N1c2ccccc2[C@H](Nc2ccccc2)C[C@@H]1C)N1C(=O)C2CCCCC2C1=O,5.7451299922148085,2,EC50,FXR,CHEMBL2047
C[C@@H](C1CC[C@H]2[C@@H]3[C@H](O)CC4C[C@H](O)CC[C@]4(C)[C@H]3CC[C@]12C)[C@@H]1C[C@H]1C(=O)O,5.614393726401688,1,EC50,FXR,CHEMBL2047
C[C@@H](C1CC[C@H]2[C@@H]3[C@H](O)CC4C[C@H](O)CC[C@]4(C)[C@H]3CC[C@]12C)[C@H](O)CC(=O)O,4.479123618311658,1,EC50,FXR,CHEMBL2047
C[C@@H](C1CC[C@H]2[C@@H]3[C@H](O)CC4C[C@H](O)CC[C@]4(C)[C@H]3CC[C@]12C)[C@H]1C[C@@H]1C(=O)O,4.369572124974976,1,EC50,FXR,CHEMBL2047
C[C@@H](c1nc2ccc(C(=O)O)cc2n1C)N1C(=O)CN(c2ccc(Oc3ccccc3)cc2)C1=O,4.982966660701219,1,IC50,FXR,CHEMBL2047
C[C@@H]1CC(=O)O[C@@]12CC[C@@]1(C)C2=CC(=O)[C@H]2[C@@]3(C)CCC(=O)C(C)(C)[C@@H]3CC[C@@]21C,5.135488918941608,1,EC50,FXR,CHEMBL2047
C[C@@H]1CC(=O)O[C@]12CC[C@@]1(C)C2=CC(=O)[C@H]2[C@@]3(C)CCC(=O)C(C)(C)[C@@H]3CC[C@@]21C,6.2839966563652006,1,EC50,FXR,CHEMBL2047
C[C@@H]1CC(=O)[C@@H](C(C)(C)O)O[C@H]2C[C@@]3(C)C(=C12)C=C[C@H]1[C@@]2(C)CCC(=O)C(C)(C)[C@@H]2CC[C@@]13C,4.982966660701219,1,EC50,FXR,CHEMBL2047
C[C@@H]1CCc2c(sc3nc(CN4CCOCC4)nc(N[C@H](c4ccccc4)c4ccccn4)c23)C1,5.08460016478773,1,IC50,FXR,CHEMBL2047
C[C@@H]1CN(Cc2c(-c3c(Cl)cccc3Cl)noc2C2CC2)CCN1c1nc2c(F)cc(C(=O)O)cc2s1,7.815392071294928,2,EC50,FXR,CHEMBL2047
C[C@@H]1C[C@@H]([C@@H](O)C(C)(C)O)O[C@H]2C[C@@]3(C)C(=C12)C=C[C@H]1[C@@]2(C)CCC(=O)C(C)(C)[C@@H]2CC[C@@]13C,5.247183568811728,1,EC50,FXR,CHEMBL2047
C[C@@H]1C[C@@H]([C@@H](O)C(C)(C)O)O[C@H]2C[C@@]3(C)C(=C12)CC[C@H]1[C@@]2(C)CCC(=O)C(C)(C)[C@@H]2CC[C@@]13C,4.877456475931246,1,EC50,FXR,CHEMBL2047
C[C@@H]1C[C@@H]([C@@H](O)C(C)(C)O)O[C@H]2C[C@@]3(C)C(=C12)C[C@H](O)[C@H]1[C@@]2(C)CCC(=O)C(C)(C)[C@@H]2CC[C@@]13C,4.82102305270683,1,EC50,FXR,CHEMBL2047
C[C@@H]1C[C@@H]([C@@H](O)C(C)(C)O)O[C@H]2C[C@@]3(C)C(=C12)[C@H](O)C[C@H]1[C@@]2(C)CCC(=O)C(C)(C)[C@@H]2CC[C@@]13C,4.692076296388119,1,EC50,FXR,CHEMBL2047
C[C@@H]1C[C@@H]([C@H]2OC2(C)C)O[C@H]2C[C@@]3(C)C(=C12)C[C@H](O)[C@H]1[C@@]2(C)CCC(=O)C(C)(C)[C@@H]2CC[C@@]13C,5.486782399932061,1,EC50,FXR,CHEMBL2047
C[C@@H]1C[C@@H]2O[C@@]3(C[C@@]4(C)C(=C13)C=C[C@H]1[C@@]3(C)CCC(=O)C(C)(C)[C@@H]3CC[C@@]14C)O[C@H]2C(C)(C)O,5.476253533188435,1,EC50,FXR,CHEMBL2047
C[C@H](C/C=C(/C=O)c1ccccc1)C1=C2C[C@H](O)[C@H]3[C@@]4(C)CCC(=O)C(C)(C)[C@@H]4CC[C@]3(C)[C@@]2(C)CC1,5.328827157284916,1,EC50,FXR,CHEMBL2047
C[C@H](CC(=O)[C@H](O)C(C)(C)O)C1=C2C=C[C@H]3[C@@]4(C)CCC(=O)C(C)(C)[C@@H]4CC[C@]3(C)[C@@]2(C)CC1=O,4.810509686300633,1,EC50,FXR,CHEMBL2047
C[C@H](CC(F)(F)C(=O)O)[C@H]1CC[C@H]2[C@@H]3[C@H](O)C[C@@H]4C[C@H](O)CC[C@]4(C)[C@H]3C[C@H](O)[C@]12C,4.568636235841013,1,EC50,FXR,CHEMBL2047
C[C@H](CCC(=O)NCC(=O)O)[C@H]1CC[C@H]2[C@@H]3[C@@H](O)C[C@@H]4C[C@H](O)CC[C@]4(C)[C@H]3CC[C@]12C,4.007004901568658,1,IC50,FXR,CHEMBL2047
C[C@H](CCC(=O)NCC(=O)O)[C@H]1CC[C@H]2[C@@H]3[C@H](O)C[C@@H]4C[C@H](O)CC[C@]4(C)[C@H]3CC[C@]12C,5.522878745280337,1,EC50,FXR,CHEMBL2047
C[C@H](CCC(=O)NCCS(=O)(=O)O)[C@H]1CC[C@H]2[C@@H]3[C@@H](O)C[C@@H]4C[C@H](O)CC[C@]4(C)[C@H]3CC[C@]12C,4.166088284928621,1,IC50,FXR,CHEMBL2047
C[C@H](CCC(=O)NCCS(=O)(=O)O)[C@H]1CC[C@H]2[C@@H]3[C@H](O)C[C@@H]4C[C@H](O)CC[C@]4(C)[C@H]3CC[C@]12C,5.522878745280337,1,EC50,FXR,CHEMBL2047
C[C@H](CCC(=O)O)C1CC[C@H]2[C@@H]3[C@H](O)[C@@H](F)C4C[C@H](O)CC[C@]4(C)[C@H]3CC[C@]12C,5.917214629683549,1,EC50,FXR,CHEMBL2047
C[C@H](CCC(=O)O)C1CC[C@H]2[C@@H]3[C@H](O)[C@H](C)C4C[C@H](O)CC[C@]4(C)[C@H]3CC[C@]12C,6.1249387366083,3,EC50,FXR,CHEMBL2047
C[C@H](CCC(=O)O)C1CC[C@H]2[C@@H]3[C@H](O)[C@H](CCO)C4C[C@H](O)CC[C@]4(C)[C@H]3CC[C@]12C,4.213603538627695,1,EC50,FXR,CHEMBL2047
C[C@H](CCC(=O)O)C1CC[C@H]2[C@@H]3[C@H](O)[C@H](F)C4C[C@H](O)CC[C@]4(C)[C@H]3CC[C@]12C,4.820735535660974,1,EC50,FXR,CHEMBL2047
C[C@H](CCC(=O)O)[C@H]1CC[C@H]2[C@@H]3CC[C@@H]4C[C@H](O)CC[C@]4(C)[C@H]3CC[C@]12C,7.73754891026957,1,IC50,FXR,CHEMBL2047
C[C@H](CCC(=O)O)[C@H]1CC[C@H]2[C@@H]3CC[C@@H]4C[C@H](O)CC[C@]4(C)[C@H]3C[C@H](O)[C@]12C,4.346787486224656,1,EC50,FXR,CHEMBL2047
C[C@H](CCC(=O)O)[C@H]1CC[C@H]2[C@@H]3CC[C@@H]4C[C@H](O[C@@H]5O[C@H](CO)[C@@H](O)[C@H](O)[C@H]5O)CC[C@]4(C)[C@H]3CC[C@]12C,4.6399203482970215,2,EC50,FXR,CHEMBL2047
C[C@H](CCC(=O)O)[C@H]1CC[C@H]2[C@@H]3CC[C@@H]4C[C@H](O[C@@H]5O[C@H](CO)[C@@H](O)[C@H](O)[C@H]5O)CC[C@]4(C)[C@H]3C[C@H](O)[C@]12C,4.119186407719209,1,EC50,FXR,CHEMBL2047
C[C@H](CCC(=O)O)[C@H]1CC[C@H]2[C@@H]3[C@H](O)C[C@@H]4CCCC[C@]4(C)[C@H]3CC[C@]12C,5.886056647693163,2,EC50,FXR,CHEMBL2047
C[C@H](CCC(=O)O)[C@H]1CC[C@H]2[C@@H]3[C@H](O)C[C@@H]4C[C@H](O)CC[C@]4(C)[C@H]3CC[C@]12C,4.967241599596464,19,EC50,FXR,CHEMBL2047
C[C@H](CCC(=O)O)[C@H]1CC[C@H]2[C@@H]3[C@H](O)C[C@@H]4C[C@H](O)CC[C@]4(C)[C@H]3C[C@H](O)[C@]12C,4.2417323130521005,2,EC50,FXR,CHEMBL2047
C[C@H](CCC(=O)O)[C@H]1CC[C@H]2[C@@H]3[C@H](O)C[C@@H]4C[C@H](O[C@@H]5O[C@H](CO)[C@@H](O)[C@H](O)[C@H]5O)CC[C@]4(C)[C@H]3CC[C@]12C,5.027758663924915,2,EC50,FXR,CHEMBL2047
C[C@H](CCC(=O)O)[C@H]1CC[C@H]2[C@@H]3[C@H](O)C[C@@H]4C[C@H](O[C@@H]5O[C@H](CO)[C@@H](O)[C@H](O)[C@H]5O)CC[C@]4(C)[C@H]3C[C@H](O)[C@]12C,4.0385789059335515,1,EC50,FXR,CHEMBL2047
C[C@H](CCCOS(=O)(=O)O)C1CC[C@H]2[C@@H]3[C@H](O)CC4C[C@H](O)CC[C@]4(C)[C@H]3CC[C@]12C,5.2225731776106885,1,EC50,FXR,CHEMBL2047
C[C@H](CCCOS(=O)(=O)[O-])[C@H]1CC[C@H]2[C@@H]3[C@H](O)C[C@@H]4CCCC[C@]4(C)[C@H]3CC[C@]12C.[Na+],5.045757490560675,1,EC50,FXR,CHEMBL2047
C[C@H](CCCS(=O)(=O)O)C1CC[C@H]2[C@@H]3[C@H](O)CC4C[C@H](O)CC[C@]4(C)[C@H]3CC[C@]12C,5.341988603342887,1,EC50,FXR,CHEMBL2047
C[C@H](CCN)C1CC[C@H]2[C@@H]3[C@H](O)CC4C[C@H](O)CC[C@]4(C)[C@H]3CC[C@]12C,5.014124642691606,1,EC50,FXR,CHEMBL2047
C[C@H](CCNC(=O)NS(=O)(=O)c1ccc(C(C)(C)C)cc1)[C@H]1CC[C@H]2[C@@H]3[C@H](O)C[C@@H]4C[C@H](O)CC[C@]4(C)[C@H]3CC[C@]12C,5.259637310505756,1,EC50,FXR,CHEMBL2047
C[C@H](CCNC(=O)OC/C=C/c1ccccc1)C1CC[C@H]2[C@@H]3[C@H](O)CC4C[C@H](O)CC[C@]4(C)[C@H]3CC[C@]12C,6.045757490560675,1,EC50,FXR,CHEMBL2047
C[C@H](CC[C@@H](O)C(C)(C)O)[C@H]1CC[C@@]2(C)C1=CC=C1[C@]2(C)CC[C@H]2C(C)(C)C(=O)CC[C@]12C,4.905528871358356,1,EC50,FXR,CHEMBL2047
C[C@H](CC[C@H](O)C(C)(C)O)[C@H]1CC[C@@]2(C)C1=CC=C1[C@]2(C)CC[C@H]2C(C)(C)C(=O)CC[C@]12C,6.853871964321762,1,EC50,FXR,CHEMBL2047
C[C@H](CCn1oc(=O)[nH]c1=O)C1CC[C@H]2[C@@H]3[C@H](O)CC4C[C@H](O)CC[C@]4(C)[C@H]3CC[C@]12C,5.913640169325252,1,EC50,FXR,CHEMBL2047
C[C@H](CCn1oc(=O)[nH]c1=O)[C@H]1CC[C@H]2[C@@H]3[C@H](O)C[C@@H]4C[C@H](O)CC[C@]4(C)[C@H]3CC[C@]12C,5.913640169325252,1,EC50,FXR,CHEMBL2047
C[C@H](C[C@@H](F)C(=O)O)[C@H]1CC[C@H]2[C@@H]3[C@H](O)C[C@@H]4C[C@H](O)CC[C@]4(C)[C@H]3C[C@H](O)[C@]12C,4.2839966563652006,1,EC50,FXR,CHEMBL2047
C[C@H](C[C@@H](O)C(=O)O)C1CC[C@H]2[C@@H]3[C@H](O)CC4C[C@H](O)CC[C@]4(C)[C@H]3CC[C@]12C,4.99012436628784,1,EC50,FXR,CHEMBL2047
C[C@H](C[C@@H]1OC(C)(C)O[C@H]1C(C)(C)O)C1=C2C=C[C@H]3[C@@]4(C)CCC(=O)C(C)(C)[C@@H]4CC[C@]3(C)[C@@]2(C)CC1=O,5.598599459218455,1,EC50,FXR,CHEMBL2047
C[C@H](C[C@@H]1OC(C)(C)O[C@H]1C(C)(C)O)C1=C2C[C@H](O)[C@H]3[C@@]4(C)CCC(=O)C(C)(C)[C@@H]4C[C@@H](O)[C@]3(C)[C@@]2(C)CC1,5.638272163982407,1,EC50,FXR,CHEMBL2047
C[C@H](C[C@H](F)C(=O)O)[C@H]1CC[C@H]2[C@@H]3[C@H](O)C[C@@H]4C[C@H](O)CC[C@]4(C)[C@H]3C[C@H](O)[C@]12C,4.657577319177793,1,EC50,FXR,CHEMBL2047
C[C@H](C[C@H](O)C(=O)C(C)(C)O)C1=C2C[C@H](O)[C@H]3[C@@]4(C)CCC(=O)C(C)(C)[C@@H]4C[C@@H](O)[C@]3(C)[C@@]2(C)CC1,5.651695136951839,1,EC50,FXR,CHEMBL2047
C[C@H](C[C@H](O)C(=O)C(C)(C)O)C1=C2[C@@H](O)[C@H](O)[C@H]3[C@@]4(C)CCC(=O)C(C)(C)[C@@H]4C[C@@H](O)[C@]3(C)[C@@]2(C)CC1,4.991825815993574,1,EC50,FXR,CHEMBL2047
C[C@H](C[C@H](O)C(=O)O)C1CC[C@H]2[C@@H]3[C@H](O)CC4C[C@H](O)CC[C@]4(C)[C@H]3CC[C@]12C,4.87942606879415,1,EC50,FXR,CHEMBL2047
C[C@H](C[C@H](O)[C@@H](O)C(C)(C)O)C1=C2C=C[C@H]3[C@@]4(C)CCC(=O)C(C)(C)[C@@H]4CC[C@]3(C)[C@@]2(C)CC1=O,5.221848749616356,1,EC50,FXR,CHEMBL2047
C[C@H](C[C@H](O)[C@@H](O)C(C)(C)O)C1=C2CC[C@H]3[C@@]4(C)CCC(=O)C(C)(C)[C@@H]4CC[C@]3(C)[C@@]2(C)CC1,5.4736607226101555,1,EC50,FXR,CHEMBL2047
C[C@H](C[C@H](O)[C@@H](O)C(C)(C)O)C1=C2C[C@H](O)[C@H]3[C@@]4(C)CCC(=O)C(C)(C)[C@@H]4CC[C@]3(C)[C@@]2(C)C=C1,4.187822225841246,1,EC50,FXR,CHEMBL2047
C[C@H](C[C@H](O)[C@@H](O)C(C)(C)O)C1=C2C[C@H](O)[C@H]3[C@@]4(C)CCC(=O)C(C)(C)[C@@H]4CC[C@]3(C)[C@@]2(C)CC1,4.9931062920521,1,EC50,FXR,CHEMBL2047
C[C@H](C[C@H](O)[C@@H](O)C(C)(C)O)C1=C2C[C@H](O)[C@H]3[C@@]4(C)CCC(=O)C(C)(C)[C@@H]4CC[C@]3(C)[C@@]2(C)CC1=O,4.52753610339301,1,EC50,FXR,CHEMBL2047
C[C@H](C[C@H](O)[C@@H](O)C(C)(C)O)C1=C2C[C@H](O)[C@H]3[C@@]4(C)CCC(=O)C(C)(C)[C@@H]4C[C@@H](O)[C@]3(C)[C@@]2(C)CC1,4.756961951313706,1,EC50,FXR,CHEMBL2047
C[C@H](C[C@H](O)[C@@H](O)C(C)(C)O)C1=C2[C@@H](O)[C@H](O)[C@H]3[C@@]4(C)CCC(=O)C(C)(C)[C@@H]4C[C@@H](O)[C@]3(C)[C@@]2(C)CC1,4.2557852751858345,1,EC50,FXR,CHEMBL2047
C[C@H](C[C@H](O)[C@@H](O)C(C)(C)O)[C@@]1(O)CC[C@@]2(C)C1=CC(=O)[C@H]1[C@@]3(C)CCC(=O)C(C)(C)[C@@H]3CC[C@@]12C,4.298863933907474,1,EC50,FXR,CHEMBL2047
C[C@H](C[C@H](O)[C@@H](O)C(C)(C)O)[C@]12CC[C@@]3(C)[C@@]1(C[C@H](O)[C@H]1[C@@]4(C)CCC(=O)C(C)(C)[C@@H]4CC[C@@]13C)O2,3.723423318301446,1,EC50,FXR,CHEMBL2047
C[C@H](C[C@H](O)[C@@H](O)[C@@]1(C)CO1)C1=C2C[C@H](O)[C@H]3[C@@]4(C)CCC(=O)C(C)(C)[C@@H]4CC[C@]3(C)[C@@]2(C)CC1,6.920818753952375,1,EC50,FXR,CHEMBL2047
C[C@H](C[C@H](O)[C@H]1OC1(C)C)C1=C2CC[C@H]3[C@@]4(C)CCC(=O)C(C)(C)[C@@H]4CC[C@]3(C)[C@@]2(C)CC1,6.958607314841775,1,EC50,FXR,CHEMBL2047
C[C@H](C[C@H](O)[C@H]1OC1(C)C)C1=C2C[C@H](O)[C@H]3[C@@]4(C)CCC(=O)C(C)(C)[C@@H]4CC[C@]3(C)[C@@]2(C)CC1,5.055517327849831,1,EC50,FXR,CHEMBL2047
C[C@]12CC[C@@H]3c4ccc(O)cc4C[C@@H](CCCCCCCCC[S+]([O-])CCCC(F)(F)C(F)(F)F)[C@H]3[C@@H]1CC[C@@H]2O,6.102372908709558,1,IC50,FXR,CHEMBL2047
C[S+]([O-])c1ccc(CNC(=O)c2ccc(C(C)(C)C)cc2)cc1,5.886056647693163,1,EC50,FXR,CHEMBL2047
C[Si](C)(O)c1ccc(N(CC(F)(F)F)S(=O)(=O)c2ccccc2)cc1,4.958607314841775,1,EC50,FXR,CHEMBL2047
Cc1c(C(=O)O)oc2ccc(S(=O)(=O)N(CCc3ccccc3)Cc3ccccc3)cc12,4.730487055782084,1,IC50,FXR,CHEMBL2047
Cc1c(N2CCN(S(=O)(=O)c3c(Cl)cccc3Cl)CC2)ccc2oc(C(=O)O)cc12,5.709965388637482,1,EC50,FXR,CHEMBL2047
Cc1c(NC(=O)c2ccccc2NC(=O)c2ccc(C(C)(C)C)cc2)cccc1C(=O)O,7.376750709602099,2,EC50,FXR,CHEMBL2047
Cc1cc(-c2ccc(CC(=O)O)cc2)ccc1OCc1c(-c2c(Cl)cccc2Cl)noc1C1CC1,6.373659632624958,1,EC50,FXR,CHEMBL2047
Cc1cc(/C=C/C(=O)O)c(C)n1-c1ccc(C(C)(C)C)cc1,5.853871964321762,1,EC50,FXR,CHEMBL2047
Cc1cc(/C=C2\S/C(=N\c3ccccc3)N(Cc3ccc(C(=O)O)cc3)C2=O)c(C)n1-c1ccc(Cl)cc1Cl,5.1487416512809245,1,EC50,FXR,CHEMBL2047
Cc1cc(/C=C2\SC(=O)NC2=O)c(C)n1-c1ccc(-c2ccccc2)cc1,4.886056647693163,1,EC50,FXR,CHEMBL2047
Cc1cc(/C=C2\SC(=O)NC2=O)c(C)n1-c1ccc(C(C)(C)C)cc1,5.585026652029182,1,EC50,FXR,CHEMBL2047
Cc1cc(/C=C2\SC(=O)NC2=O)c(C)n1-c1ccc(C(F)(F)F)cc1,5.585026652029182,1,EC50,FXR,CHEMBL2047
Cc1cc(/C=C2\SC(=O)NC2=O)c(C)n1-c1ccc(Cl)cc1,5.638272163982407,1,EC50,FXR,CHEMBL2047
Cc1cc(/C=C2\SC(=O)NC2=O)c(C)n1-c1ccc(N2CCOCC2)cc1,5.97469413473523,1,EC50,FXR,CHEMBL2047
Cc1cc(/C=C2\SC(=O)NC2=O)c(C)n1-c1ccc(OC(F)(F)F)cc1,5.769551078621726,1,EC50,FXR,CHEMBL2047
Cc1cc(/C=C2\SC(=O)NC2=O)c(C)n1-c1ccc(Oc2ccccc2)cc1,5.958607314841775,1,EC50,FXR,CHEMBL2047
Cc1cc(/C=C2\SC(=O)NC2=O)c(C)n1-c1ccc2ccccc2c1,5.903089986991944,1,EC50,FXR,CHEMBL2047
Cc1cc(C(=O)O)c(C)n1-c1ccc(C(C)(C)C)cc1,5.096910013008056,1,IC50,FXR,CHEMBL2047
Cc1cc(C(=O)O)cc(C)c1OCC(c1c2c(nn1-c1ccc(Cl)cc1)CCC2)C1CCCCC1,7.769551078621726,1,IC50,FXR,CHEMBL2047
Cc1cc(C(=O)O)cc2sc(N3C4CCC3CC(OCc3c(-c5ccccc5OC(F)(F)F)noc3C3CC3)C4)nc12,9.197995033793884,2,EC50,FXR,CHEMBL2047
Cc1cc(C(=O)O)ccc1NC(=O)[C@H](C1CCCCC1)n1c(-c2ccc(Cl)cc2)nc2cc(F)c(F)cc21,7.698970004336019,1,IC50,FXR,CHEMBL2047
Cc1cc(C(F)(F)F)cc(OCc2c(-c3c(Cl)cccc3Cl)noc2C(C)C)n1,6.647817481888637,1,EC50,FXR,CHEMBL2047
Cc1cc(CC(=O)O)ccc1-c1ccc(OCc2c(-c3c(Cl)cccc3Cl)noc2C2CC2)cc1,6.068542129310995,1,EC50,FXR,CHEMBL2047
Cc1cc(CC(=O)O)ccc1NC(=O)c1ccc(C(C)(C)C)cc1,5.823908740944319,1,IC50,FXR,CHEMBL2047
Cc1cc(CCC(=O)O)c(C)n1-c1ccc(C(C)(C)C)cc1,4.872895201635193,1,EC50,FXR,CHEMBL2047
Cc1cc(CN(C)c2ccc(OCc3c(-c4c(Cl)cccc4Cl)noc3C3CC3)nc2C(F)(F)F)ccc1C(=O)O,8.113509274827518,1,EC50,FXR,CHEMBL2047
Cc1cc(CNC(=O)c2ccc(C(C)(C)C)cc2)ccc1C(=O)O,6.795880017344075,1,EC50,FXR,CHEMBL2047
Cc1cc(Cl)cc(C)c1OCc1noc(C(C)C)c1COc1ccc(/C=C/c2cccc(C(=O)O)c2)c(Cl)c1,6.886056647693163,1,EC50,FXR,CHEMBL2047
Cc1cc(NC(=O)c2ccc(C(C)(C)C)cc2)ccc1CC(=O)O,7.096910013008056,1,IC50,FXR,CHEMBL2047
Cc1cc(NCc2ccc(OCc3c(-c4c(Cl)cccc4Cl)noc3C(C)C)cc2)ccc1CC(=O)O,5.920818753952375,1,EC50,FXR,CHEMBL2047
Cc1cc(OCc2c(-c3[nH]c(=O)ccc3Cl)noc2C(C)C)ccc1-c1ccc2c(C(=O)O)cn(C)c2c1,5.384049948343598,1,IC50,FXR,CHEMBL2047
Cc1cc(OCc2c(-c3c(Cl)c[n+]([O-])cc3Cl)noc2C(C)C)ccc1-c1ccc2c(C(=O)O)cn(C)c2c1,7.346787486224656,1,IC50,FXR,CHEMBL2047
Cc1cc(OCc2c(-c3c(Cl)ccc(=O)n3C)noc2C(C)C)ccc1-c1ccc2c(C(=O)O)cn(C)c2c1,6.628932137728263,1,IC50,FXR,CHEMBL2047
Cc1cc(OCc2c(-c3c(Cl)cccc3Cl)noc2C(C)C)cc(C)c1/C=C/c1ccc(C(=O)O)cc1,7.431798275933005,1,EC50,FXR,CHEMBL2047
Cc1cc(OCc2c(-c3c(Cl)cccc3Cl)noc2C(C)C)cc(C)c1/C=C/c1cccc(C(=O)O)c1,7.0,1,EC50,FXR,CHEMBL2047
Cc1cc(OCc2c(-c3c(Cl)cccc3Cl)noc2C(C)C)ccc1/C=C/c1cccc(C(=O)O)c1,7.327902142064282,1,EC50,FXR,CHEMBL2047
Cc1cc(OCc2c(-c3c(Cl)cccc3Cl)noc2C(C)C)nc2ccccc12,6.8326826652518236,1,EC50,FXR,CHEMBL2047
Cc1cc(OCc2c(-c3c(Cl)cccc3Cl)noc2C(C)C)ncc1[N+](=O)[O-],7.050609993355087,1,EC50,FXR,CHEMBL2047
Cc1cc(OCc2c(-c3c(Cl)cccc3Cl)noc2C)cc(C)c1/C=C/c1cccc(C(=O)O)c1,6.56567335441725,3,EC50,FXR,CHEMBL2047
Cc1cc(OCc2c(-c3c(Cl)cccc3Cl)noc2C2CC2)ccc1-c1ccc(CC(=O)O)cc1,6.245743893912898,2,EC50,FXR,CHEMBL2047
Cc1cc(OCc2c(-c3c(Cl)cccc3Cl)noc2C2CC2)ccc1C1=NOC(c2cc(C(=O)O)ccn2)C1,7.769551078621726,1,EC50,FXR,CHEMBL2047
Cc1cc(OCc2c(-c3c(Cl)cccc3Cl)noc2C2CC2)ccc1C1=NOC(c2cc(C(=O)O)nn2C(C)C)C1,7.468521082957745,1,EC50,FXR,CHEMBL2047
Cc1cc(OCc2c(-c3c(Cl)cccc3Cl)noc2C2CC2)ccc1C1=NOC(c2cc(C(=O)O)nn2C)C1,8.0,1,EC50,FXR,CHEMBL2047
Cc1cc(OCc2c(-c3c(Cl)cccc3Cl)noc2C2CC2)ccc1C1=NOC(c2ccc(C(=O)O)nc2)C1,8.301029995663981,1,EC50,FXR,CHEMBL2047
Cc1cc(OCc2c(-c3c(Cl)cn(C)c(=O)c3Cl)noc2C(C)C)ccc1-c1ccc2c(C(=O)O)cn(C)c2c1,5.560667306169737,1,IC50,FXR,CHEMBL2047
Cc1cc(OCc2c(-c3c(Cl)cncc3Cl)noc2C(C)C)ccc1-c1ccc2c(C(=O)O)cn(C)c2c1,7.026872146400302,1,IC50,FXR,CHEMBL2047
Cc1cc(OCc2c(-c3cc[nH]c(=O)c3Cl)noc2C(C)C)ccc1-c1ccc2c(C(=O)O)cn(C)c2c1,5.958607314841775,1,IC50,FXR,CHEMBL2047
Cc1cc(OCc2c(-c3ccn(C)c(=O)c3Cl)noc2C(C)C)ccc1-c1ccc2c(C(=O)O)cn(C)c2c1,5.764471553092451,1,IC50,FXR,CHEMBL2047
Cc1ccc(-c2nc3ccc(C)cn3c2NCc2ccccc2)cc1,6.886056647693163,1,EC50,FXR,CHEMBL2047
Cc1ccc(-c2nn(-c3ccc(Cl)cc3Cl)cc2C(=O)Nc2ccc(C)c(S(=O)(=O)N3CCOCC3)c2)cc1,6.878679601091193,2,IC50,FXR,CHEMBL2047
Cc1ccc(-c2nn(-c3ccc(F)cc3)cc2C(=O)Nc2ccc(C)c(S(=O)(=O)N3CCOCC3)c2)cc1,6.609097189652976,2,IC50,FXR,CHEMBL2047
Cc1ccc(-c2nn(-c3cccc(C(F)(F)F)c3)cc2C(=O)Nc2ccc(C)c(S(=O)(=O)N3CCOCC3)c2)cc1,6.136746015285812,2,IC50,FXR,CHEMBL2047
Cc1ccc(-c2nn(-c3cccc(Cl)c3)cc2C(=O)Nc2ccc(C)c(S(=O)(=O)N3CCOCC3)c2)cc1,6.605689589909982,2,IC50,FXR,CHEMBL2047
Cc1ccc(-c2nn(-c3ccccc3)cc2C(=O)Nc2ccc(C)c(S(=O)(=O)N3CCOCC3)c2)cc1,6.454800425372269,2,IC50,FXR,CHEMBL2047
Cc1ccc(-c2nn(-c3nc4ccccc4s3)cc2C(=O)Nc2ccc(C)c(S(=O)(=O)N3CCOCC3)c2)cc1,6.426925125070259,2,IC50,FXR,CHEMBL2047
Cc1ccc(-c2nn(C(C)C)cc2C(=O)N(C)c2ccc(C)c(S(=O)(=O)N3CCOCC3)c2)cc1,5.550947339272831,2,IC50,FXR,CHEMBL2047
Cc1ccc(-c2nn(C(C)C)cc2C(=O)Nc2ccc(C)c(S(=O)(=O)N3CCOCC3)c2)cc1,6.540515901631679,2,IC50,FXR,CHEMBL2047
Cc1ccc(-c2nn(C(C)C)cc2CNc2ccc(C)c(S(=O)(=O)N3CCOCC3)c2)cc1,5.690369832574101,1,IC50,FXR,CHEMBL2047
Cc1ccc(-c2nn(CC3CC3)cc2C(=O)Nc2ccc(C)c(S(=O)(=O)N3CCOCC3)c2)cc1,6.592634144652642,2,IC50,FXR,CHEMBL2047
Cc1ccc(-c2nn(CCCCO)cc2C(=O)Nc2ccc(C)c(S(=O)(=O)N3CCOCC3)c2)cc1,6.234207538474568,2,IC50,FXR,CHEMBL2047
Cc1ccc(-c2nn(Cc3ccc4ccccc4c3)cc2C(=O)Nc2ccc(C)c(S(=O)(=O)N3CCOCC3)c2)cc1,7.0325029639842,2,IC50,FXR,CHEMBL2047
Cc1ccc(-c2nn(Cc3cccc(C(F)(F)F)c3)cc2C(=O)Nc2ccc(C)c(S(=O)(=O)N3CCOCC3)c2)cc1,7.011687473974636,2,IC50,FXR,CHEMBL2047
Cc1ccc(-c2noc(-c3ccc(Cl)cc3)n2)cc1,6.3872161432802645,1,EC50,FXR,CHEMBL2047
Cc1ccc(-n2nc(C)c3c2NC(=O)[C@H](C)S[C@@H]3c2ccc(Oc3ccccc3)cc2)cc1,5.468521082957745,1,EC50,FXR,CHEMBL2047
Cc1ccc(C(=O)N(Cc2cccc(C)c2)c2ccc(CC(=O)NCc3ccc4c(c3)OCO4)cc2)cc1,5.30189945437661,1,IC50,FXR,CHEMBL2047
Cc1ccc(C(=O)NCc2ccc(C(=O)O)cc2)cc1C,6.494850021680094,1,EC50,FXR,CHEMBL2047
Cc1ccc(C(=O)Nc2ccc(C)c(C(=O)O)c2)c(NC(=O)c2ccc(C(C)(C)C)cc2)c1,7.366531544420414,1,EC50,FXR,CHEMBL2047
Cc1ccc(C(=O)Nc2cccc(C(=O)O)c2)c(NC(=O)c2ccc(C(C)(C)C)cc2)c1,7.214670164989233,1,EC50,FXR,CHEMBL2047
Cc1ccc(C)c(OCCCC(C)(C)C(=O)NCC(=O)c2ccc(O)cc2)c1,4.238824186844268,1,IC50,FXR,CHEMBL2047
Cc1ccc(CNC(=O)Cc2ccc(N(Cc3cccc(C)c3)C(=O)C3CCCC3)cc2)cc1,5.286509456906058,1,IC50,FXR,CHEMBL2047
Cc1ccc(CNc2c(-c3cccs3)nc3ccc(C)cn23)cc1,6.657577319177793,1,EC50,FXR,CHEMBL2047
Cc1ccc(COc2ccc(C(=O)Nc3cccc(C(=O)O)c3)cc2)cc1,6.686132779630847,1,EC50,FXR,CHEMBL2047
Cc1ccc(COc2cccc(C(=O)Nc3cccc(C(=O)O)c3)c2)cc1,5.846185135655471,1,EC50,FXR,CHEMBL2047
Cc1ccc(Cl)cc1N1CCN(C(=O)C23CC4CC(CC(C4)C2)C3)CC1,5.2441251443275085,2,EC50,FXR,CHEMBL2047
Cc1ccc(NC(=O)c2c(C)nn(-c3ccccc3)c2C)cc1S(=O)(=O)N1CCOCC1,5.204802026407993,2,IC50,FXR,CHEMBL2047
Cc1ccc(NC(=O)c2ccc(Cl)cc2NC(=O)c2ccc(C(C)(C)C)cc2)cc1C(=O)O,6.958607314841775,1,EC50,FXR,CHEMBL2047
Cc1ccc(NC(=O)c2ccc(Oc3ccccc3)cc2)cc1C(=O)O,6.896196279044043,1,EC50,FXR,CHEMBL2047
Cc1ccc(NC(=O)c2ccccc2NC(=O)c2ccc(C(C)(C)C)cc2)cc1C(=O)O,7.346787486224656,2,EC50,FXR,CHEMBL2047
Cc1ccc(NC(=O)c2cn(C(C)C)nc2-c2ccc(C(F)(F)F)cc2)cc1S(=O)(=O)N1CCOCC1,6.410331843065586,2,IC50,FXR,CHEMBL2047
Cc1ccc(NC(=O)c2cnn(-c3ccccc3)c2C(F)(F)F)cc1S(=O)(=O)N1CCOCC1,5.4649293271350885,2,IC50,FXR,CHEMBL2047
Cc1ccc2c(c1)nc([C@H](CC1CCN(C(=O)C(C)C)CC1)N1C(=O)CN(c3ccc(Oc4ccccc4)cc3)C1=O)n2C,7.292429823902063,1,IC50,FXR,CHEMBL2047
Cc1ccc2nc(-c3cc(Cl)ccn3)c(NCc3ccccc3)n2c1,8.823908740944319,1,EC50,FXR,CHEMBL2047
Cc1ccc2nc(-c3ccc(-c4ccccc4)cc3)c(NCc3ccccc3)n2c1,7.0915149811213505,1,EC50,FXR,CHEMBL2047
Cc1ccc2nc(-c3ccc(Br)cc3)c(NCc3ccccc3)n2c1,6.366531544420413,1,EC50,FXR,CHEMBL2047
Cc1ccc2nc(-c3ccc(Cl)c(Cl)c3)c(NCc3ccccc3)n2c1,7.619788758288394,1,EC50,FXR,CHEMBL2047
Cc1ccc2nc(-c3ccc(Cl)cc3)c(NCc3ccccc3)n2c1,6.619788758288394,1,EC50,FXR,CHEMBL2047
Cc1ccc2nc(-c3ccc(Cl)cn3)c(NCc3ccccc3)n2c1,8.130768280269024,1,EC50,FXR,CHEMBL2047
Cc1ccc2nc(-c3ccc(F)c(Cl)c3)c(NCc3ccccc3)n2c1,7.585026652029182,1,EC50,FXR,CHEMBL2047
Cc1ccc2nc(-c3ccc(F)cc3)c(NCc3ccccc3)n2c1,6.769551078621726,1,EC50,FXR,CHEMBL2047
Cc1ccc2nc(-c3ccc4c(c3)OCCO4)c(NCc3ccccc3)n2c1,6.769551078621726,1,EC50,FXR,CHEMBL2047
Cc1ccc2nc(-c3ccc4ccccc4c3)c(NCc3ccccc3)n2c1,6.6777807052660805,1,EC50,FXR,CHEMBL2047
Cc1ccc2nc(-c3cccc(Cl)c3)c(NCc3ccccc3)n2c1,7.795880017344075,1,EC50,FXR,CHEMBL2047
Cc1ccc2nc(-c3cccc(Cl)n3)c(NCc3ccccc3)n2c1,7.096910013008056,1,EC50,FXR,CHEMBL2047
Cc1ccc2nc(-c3ccccc3)c(NCc3ccccc3)n2c1,6.552841968657781,1,EC50,FXR,CHEMBL2047
Cc1ccc2nc(-c3ccccc3C)c(NCc3ccccc3)n2c1,6.585026652029182,1,EC50,FXR,CHEMBL2047
Cc1ccc2nc(-c3ccccn3)c(NCc3ccccc3)n2c1,7.698970004336019,1,EC50,FXR,CHEMBL2047
Cc1ccc2nc(-c3cccn3C)c(NCc3ccccc3)n2c1,5.958607314841775,1,EC50,FXR,CHEMBL2047
Cc1ccc2nc(-c3cccnc3)c(NCc3ccccc3)n2c1,6.2839966563652006,1,EC50,FXR,CHEMBL2047
Cc1ccc2nc(-c3ccco3)c(NCc3ccccc3)n2c1,6.251811972993799,1,EC50,FXR,CHEMBL2047
Cc1ccc2nc(-c3cccs3)c(Cc3ccccc3)n2c1,6.09151498112135,1,EC50,FXR,CHEMBL2047
Cc1ccc2nc(-c3cccs3)c(NCCCc3ccccc3)n2c1,6.638272163982407,1,EC50,FXR,CHEMBL2047
Cc1ccc2nc(-c3cccs3)c(NCCc3ccccc3)n2c1,6.0,1,EC50,FXR,CHEMBL2047
Cc1ccc2nc(-c3cccs3)c(NCc3ccc4c(c3)OCO4)n2c1,6.318758762624412,1,EC50,FXR,CHEMBL2047
Cc1ccc2nc(-c3cccs3)c(NCc3ccccc3)n2c1,6.267606240177031,1,EC50,FXR,CHEMBL2047
Cc1ccc2nc(-c3cccs3)c(N[C@@H](C)c3ccccc3)n2c1,5.886056647693163,1,EC50,FXR,CHEMBL2047
Cc1ccc2nc(-c3cccs3)c(N[C@H](C)c3ccccc3)n2c1,5.494850021680094,1,EC50,FXR,CHEMBL2047
Cc1ccc2nc(-c3ccncc3)c(NCc3ccccc3)n2c1,5.698970004336019,1,EC50,FXR,CHEMBL2047
Cc1ccc2nc(-c3ccoc3)c(NCc3ccccc3)n2c1,5.721246399047171,1,EC50,FXR,CHEMBL2047
Cc1ccc2nc(-c3ccsc3)c(NCc3ccccc3)n2c1,6.080921907623926,1,EC50,FXR,CHEMBL2047
Cc1ccc2nc(-c3cnccn3)c(NCc3ccccc3)n2c1,5.920818753952375,1,EC50,FXR,CHEMBL2047
Cc1ccc2nc(-c3nc(C)cs3)c(NCc3ccccc3)n2c1,6.657577319177793,1,EC50,FXR,CHEMBL2047
Cc1ccc2nc(/C=C/c3ccccc3)c(NCc3ccccc3)n2c1,5.935542010773082,1,EC50,FXR,CHEMBL2047
Cc1ccc2nc(CCc3ccccc3)c(NCc3ccccc3)n2c1,6.508638306165727,1,EC50,FXR,CHEMBL2047
Cc1ccc2nc([C@@H](CC3CCN(C(=O)C(C)C)CC3)N3C(=O)CN(c4ccc(Oc5ccccc5)cc4)C3=O)n(C)c2c1,6.477926189560638,2,IC50,FXR,CHEMBL2047
Cc1ccc2nc([C@H](CC(C)C)N3C(=O)CN(c4ccc(Oc5ccccc5)cc4)C3=O)n(C)c2c1,4.1830961606243395,1,IC50,FXR,CHEMBL2047
Cc1ccc2nc([C@H](CC3CCCCC3)N3C(=O)CN(c4ccc(Oc5ccccc5)cc4)C3=O)n(C)c2c1,3.8992849134269187,1,IC50,FXR,CHEMBL2047
Cc1ccc2nc([C@H](CC3CCN(C(=O)C(C)C)CC3)N3C(=O)CN(c4ccc(OC5CCCCC5)cc4)C3=O)n(C)c2c1,7.010225812647953,2,IC50,FXR,CHEMBL2047
Cc1ccc2nc([C@H](CC3CCN(C(=O)C(C)C)CC3)N3C(=O)CN(c4ccc(Oc5ccc(Cl)cc5)cc4)C3=O)n(C)c2c1,7.800076643643538,2,IC50,FXR,CHEMBL2047
Cc1ccc2nc([C@H](CC3CCN(C(=O)C(C)C)CC3)N3C(=O)CN(c4ccc(Oc5ccc(F)cc5)cc4)C3=O)n(C)c2c1,8.878480975656853,4,IC50,FXR,CHEMBL2047
Cc1ccc2nc([C@H](CC3CCN(C(=O)C(C)C)CC3)N3C(=O)CN(c4ccc(Oc5ccc(F)cc5)cc4)C3=O)n(C3CC3)c2c1,8.47958020265733,2,IC50,FXR,CHEMBL2047
Cc1ccc2nc([C@H](CC3CCN(C(=O)C(C)C)CC3)N3C(=O)CN(c4ccc(Oc5ccccc5)cc4)C3=O)n(-c3ccc(F)cc3)c2c1,5.773631573656721,2,IC50,FXR,CHEMBL2047
Cc1ccc2nc([C@H](CC3CCN(C(=O)C(C)C)CC3)N3C(=O)CN(c4ccc(Oc5ccccc5)cc4)C3=O)n(C)c2c1,7.455931955649724,2,IC50,FXR,CHEMBL2047
Cc1ccc2nc([C@H](CC3CCN(C(=O)C(C)C)CC3)N3C(=O)CN(c4ccc(Oc5ccccc5)cc4)C3=O)n(CC(C)C)c2c1,7.550637409205253,2,IC50,FXR,CHEMBL2047
Cc1ccc2nc([C@H](CC3CCN(C(=O)C(C)C)CC3)N3CC(=O)N(c4ccc(Oc5ccccc5)cc4)CC3=O)n(C)c2c1,5.444957788556538,2,IC50,FXR,CHEMBL2047
Cc1ccc2nc([C@H](CC3CCN(C(=O)C(C)C)CC3)N3CCN(c4ccc(Oc5ccccc5)cc4)C3=O)n(C)c2c1,5.708105991655211,2,IC50,FXR,CHEMBL2047
Cc1ccc2nc([C@H](CC3CCN(C(=O)C4CCCC4)CC3)N3C(=O)CN(c4ccc(Oc5ccccc5)cc4)C3=O)n(C)c2c1,9.372363747448347,2,IC50,FXR,CHEMBL2047
Cc1ccc2nc([C@H](CC3CCN(C(=O)NC(C)C)CC3)N3C(=O)CN(c4ccc(Oc5ccccc5)cc4)C3=O)n(C)c2c1,6.7807288256069445,2,IC50,FXR,CHEMBL2047
Cc1ccc2nc([C@H](CC3CCN(CC(C)C)CC3)N3C(=O)CN(c4ccc(Oc5ccccc5)cc4)C3=O)n(C)c2c1,4.772303451834851,2,IC50,FXR,CHEMBL2047
Cc1ccc2nc([C@H](CC3CCN(S(=O)(=O)C(C)C)CC3)N3C(=O)CN(c4ccc(Oc5ccccc5)cc4)C3=O)n(C)c2c1,5.562327545097266,2,IC50,FXR,CHEMBL2047
Cc1ccc2nc([C@H](CC3CCNCC3)N3C(=O)CN(c4ccc(Oc5ccccc5)cc4)C3=O)n(C)c2c1,4.769821742069076,2,IC50,FXR,CHEMBL2047
Cc1ccc2nc([C@H](Cc3ccc(C#N)cc3)N3C(=O)CN(c4ccc(Oc5ccccc5)cc4)C3=O)n(C)c2c1,5.628045308701813,2,IC50,FXR,CHEMBL2047
Cc1ccc2nc([C@H](Cc3ccc(C(=O)NC(C)C)cc3)N3C(=O)CN(c4ccc(Oc5ccccc5)cc4)C3=O)n(C)c2c1,4.991268377489341,2,IC50,FXR,CHEMBL2047
Cc1ccc2nc([C@H](Cc3ccc(C(N)=O)cc3)N3C(=O)CN(c4ccc(Oc5ccccc5)cc4)C3=O)n(C)c2c1,4.884395991269059,2,IC50,FXR,CHEMBL2047
Cc1ccc2nc([C@H](Cc3ccccc3)N3C(=O)CN(c4ccc(Oc5ccccc5)cc4)C3=O)n(C)c2c1,7.0915149811213505,1,IC50,FXR,CHEMBL2047
Cc1cccc(-c2nc3ccc(C)cn3c2NCc2ccccc2)c1,6.7447274948966935,1,EC50,FXR,CHEMBL2047
Cc1cccc(-n2nc(C)c3c2NC(=O)[C@H](C)S[C@@H]3c2ccc(Oc3ccccc3)cc2)c1,5.619788758288394,1,EC50,FXR,CHEMBL2047
Cc1cccc(-n2ncc(C(=O)Nc3cccc(S(=O)(=O)N4CCOCC4)c3)c2C)c1,4.856794222052011,2,IC50,FXR,CHEMBL2047
Cc1cccc(C)c1-c1noc(C(C)C)c1COc1ccc(CCCC(=O)O)cc1,5.113509274827518,1,EC50,FXR,CHEMBL2047
Cc1cccc(C)c1OCc1noc(C(C)C)c1COc1ccc(/C=C/c2cccc(C(=O)O)c2)c(Cl)c1,7.769551078621726,1,EC50,FXR,CHEMBL2047
Cc1cccc(CN(C(=O)C2CCCC2)c2ccc(CC(=O)NCc3ccc(-c4ccccc4)cc3)cc2)c1,5.1778319206319825,1,IC50,FXR,CHEMBL2047
Cc1cccc(CN(C(=O)C2CCCC2)c2ccc(CC(=O)NCc3ccc(C(C)C)cc3)cc2)c1,5.447331783887806,1,IC50,FXR,CHEMBL2047
Cc1cccc(CN(C(=O)C2CCCC2)c2ccc(CC(=O)NCc3ccc(Cl)cc3)cc2)c1,5.573488738635424,1,IC50,FXR,CHEMBL2047
Cc1cccc(CN(C(=O)C2CCCC2)c2ccc(CC(=O)NCc3ccc4c(c3)OCO4)cc2)c1,5.369572124974976,1,IC50,FXR,CHEMBL2047
Cc1cccc(CN(C(=O)C2CCCC2)c2ccc(CC(=O)NCc3ccc4ccccc4c3)cc2)c1,5.1771783546968955,1,IC50,FXR,CHEMBL2047
Cc1cccc(CN(C(=O)C2CCCCC2)c2ccc(CC(=O)NCc3ccc4c(c3)OCO4)cc2)c1,5.430626090384954,1,IC50,FXR,CHEMBL2047
Cc1cccc(CN(C(=O)c2ccc(Cl)cc2)c2ccc(CC(=O)NCc3ccc4c(c3)OCO4)cc2)c1,5.54515513999149,1,IC50,FXR,CHEMBL2047
Cc1cccc(CN(C(=O)c2ccccc2)c2ccc(CC(=O)NCc3ccc4c(c3)OCO4)cc2)c1,5.0343280287798935,1,IC50,FXR,CHEMBL2047
Cc1cccc(CN(C(=O)c2ccccc2C)c2ccc(CC(=O)NCc3ccc4c(c3)OCO4)cc2)c1,5.13608262304214,1,IC50,FXR,CHEMBL2047
Cc1cccc(COc2ccc(C(=O)Nc3cccc(C(=O)O)c3)cc2)c1,6.586700235918748,1,EC50,FXR,CHEMBL2047
Cc1cccc(COc2cccc(C(=O)Nc3cccc(C(=O)O)c3)c2)c1,5.73118809626022,1,EC50,FXR,CHEMBL2047
Cc1cccc(Cl)c1OCc1noc(C(C)C)c1COc1ccc(/C=C/c2cccc(C(=O)O)c2)c(Cl)c1,7.318758762624412,1,EC50,FXR,CHEMBL2047
Cc1ccccc1-c1cccc(C(=O)Nc2cccc(C(=O)O)c2)c1,7.167491087293763,1,EC50,FXR,CHEMBL2047
Cc1ccccc1-c1cccc(COc2ccc(C(=O)Nc3cccc(C(=O)O)c3)cc2)c1,5.989276134608227,1,EC50,FXR,CHEMBL2047
Cc1ccccc1-c1noc(-c2ccc(C(=O)O)cc2)n1,6.657577319177793,1,EC50,FXR,CHEMBL2047
Cc1ccccc1-c1noc(-c2cccc(C(=O)O)c2)n1,8.142667503568731,1,EC50,FXR,CHEMBL2047
Cc1ccccc1-n1nc(C)c2c1NC(=O)CS[C@H]2c1ccc(Oc2ccccc2)cc1,4.853871964321762,1,EC50,FXR,CHEMBL2047
Cc1ccccc1-n1nc(C)c2c1NC(=O)[C@H](C)S[C@@H]2c1ccc(-c2cc3ccccc3o2)cc1,5.823908740944319,1,EC50,FXR,CHEMBL2047
Cc1ccccc1-n1nc(C)c2c1NC(=O)[C@H](C)S[C@@H]2c1ccc(-c2ccccc2)cc1,6.004364805402449,1,EC50,FXR,CHEMBL2047
Cc1ccccc1-n1nc(C)c2c1NC(=O)[C@H](C)S[C@@H]2c1ccc(-c2ccco2)cc1,5.443697499232712,1,EC50,FXR,CHEMBL2047
Cc1ccccc1-n1nc(C)c2c1NC(=O)[C@H](C)S[C@@H]2c1ccc(-c2cccs2)cc1,5.585026652029182,1,EC50,FXR,CHEMBL2047
Cc1ccccc1-n1nc(C)c2c1NC(=O)[C@H](C)S[C@@H]2c1ccc(-c2ccoc2)cc1,5.455931955649724,1,EC50,FXR,CHEMBL2047
Cc1ccccc1-n1nc(C)c2c1NC(=O)[C@H](C)S[C@@H]2c1ccc(-c2ccsc2)cc1,5.853871964321762,1,EC50,FXR,CHEMBL2047
Cc1ccccc1-n1nc(C)c2c1NC(=O)[C@H](C)S[C@@H]2c1ccc(Oc2ccccc2)cc1,5.754269119098421,3,EC50,FXR,CHEMBL2047
Cc1ccn2c(NCCCCc3ccccc3)c(-c3cccs3)nc2c1,6.1249387366083,1,EC50,FXR,CHEMBL2047
Cc1nc(-c2ccc(C(F)(F)F)cc2)sc1C(=O)Nc1cccc(C(=O)O)c1,6.501689446210399,1,EC50,FXR,CHEMBL2047
Cc1nc(-c2ccc(N(CC(C)C)S(=O)(=O)c3c(Cl)cccc3Cl)cc2)sc1C(=O)O,5.142667503568731,1,EC50,FXR,CHEMBL2047
Cc1nc(CCC(=O)O)oc1-c1ccc(C(C)(C)C)cc1,4.856985199745905,1,IC50,FXR,CHEMBL2047
Cc1nc(NC(=O)C(C2CCCCC2)n2c(-c3ccc(Cl)cc3)nc3cc(F)c(F)cc32)sc1C(=O)O,7.045757490560675,1,IC50,FXR,CHEMBL2047
Cc1nc(OCc2c(-c3c(Cl)cccc3Cl)noc2C(C)C)ccc1N(C)C(=O)c1ccc(C(=O)O)cc1,6.437707135543525,1,EC50,FXR,CHEMBL2047
Cc1nn(-c2ccccc2Br)c2c1C(c1ccc(Oc3ccccc3)cc1)SC(C)C(=O)N2,5.7447274948966935,1,EC50,FXR,CHEMBL2047
Cc1nn(-c2ccccc2C(C)C)c2c1[C@@H](c1ccc(Oc3ccccc3)cc1)S[C@@H](C)C(=O)N2,5.721246399047171,1,EC50,FXR,CHEMBL2047
Cc1nn(-c2ccccc2C(F)(F)F)c2c1C(c1ccc(Oc3ccccc3)cc1)SC(C)C(=O)N2,5.698970004336019,1,EC50,FXR,CHEMBL2047
Cc1nn(-c2ccccc2Cl)c2c1C(c1ccc(Oc3ccccc3)cc1)SC(C)C(=O)N2,5.568636235841012,1,EC50,FXR,CHEMBL2047
Cc1nn(-c2ccccc2F)c2c1C(c1ccc(Oc3ccccc3)cc1)SC(C)C(=O)N2,5.4089353929735005,1,EC50,FXR,CHEMBL2047
Cc1nn(-c2ccccc2I)c2c1C(c1ccc(Oc3ccccc3)cc1)SC(C)C(=O)N2,5.886056647693163,1,EC50,FXR,CHEMBL2047
Clc1cc(OCc2c(-c3c(Cl)cccc3Cl)noc2C2CC2)ccc1C1CC1c1ccc(-c2nnn[nH]2)nc1,6.9187028627787885,2,EC50,FXR,CHEMBL2047
Clc1ccc(CSC(Cn2ccnc2)c2ccc(Cl)cc2Cl)cc1,5.162411561764489,1,IC50,FXR,CHEMBL2047
Clc1ccc2nc(-c3cccs3)c(NCc3ccccc3)n2c1,6.795880017344075,1,EC50,FXR,CHEMBL2047
Clc1ccccc1C(c1ccccc1)(c1ccccc1)n1ccnc1,5.489454989793388,1,IC50,FXR,CHEMBL2047
Cn1c(C(=O)O)cc2ccc(N3CCC4(CC3)CC(COCc3c(-c5c(Cl)cccc5Cl)noc3C3CC3)C4)cc21,6.769080102226329,2,EC50,FXR,CHEMBL2047
Cn1c(C(=O)O)cc2ccc(N3CCC4(CC3)CC(OCc3c(-c5c(Cl)cccc5Cl)noc3C3CC3)C4)cc21,6.939428133369945,2,EC50,FXR,CHEMBL2047
Cn1c([C@@H](Cc2ccccc2)N2C(=O)CN(c3ccc(Oc4ccccc4)cc3)C2=O)nc2ccc(C(=O)O)cc21,4.057991946977687,1,IC50,FXR,CHEMBL2047
Cn1c([C@@H](N2C(=O)CN(c3ccc(Oc4ccccc4)cc3)C2=O)C(C)(C)C)nc2ccc(C(=O)O)cc21,4.112945621949043,1,IC50,FXR,CHEMBL2047
Cn1c([C@H](CC2CCCCC2)N2C(=O)CN(c3ccc(Oc4ccccc4)cc3)C2=O)nc2ccc(C(=O)O)cc21,4.61261017366127,1,IC50,FXR,CHEMBL2047
Cn1c([C@H](Cc2ccccc2)N2C(=O)CN(c3ccc(Oc4ccccc4)cc3)C2=O)nc2ccc(C(=O)O)cc21,4.453457336521869,1,IC50,FXR,CHEMBL2047
Cn1cc(C(=O)O)c2ccc(N3C(=O)CCc4cc(OCc5c(-c6c(Cl)cccc6Cl)noc5C5CC5)ccc43)cc21,7.366531544420414,1,EC50,FXR,CHEMBL2047
Cn1cc(C(=O)O)c2ccc(N3C4CCC3CC(F)(COCc3c(-c5ccccc5OC(F)(F)F)noc3C3CC3)C4)cc21,7.752922702990778,2,EC50,FXR,CHEMBL2047
Cn1cc(C(=O)O)c2ccc(N3CC4(CC(COCc5c(-c6c(Cl)cccc6Cl)noc5C5CC5)C4)C3)cc21,6.991972880655529,2,EC50,FXR,CHEMBL2047
Cn1cc(C(=O)O)c2ccc(N3CC4(CC(COCc5c(-c6c(F)cccc6Cl)noc5C5CC5)C4)C3)cc21,6.681846339652045,2,EC50,FXR,CHEMBL2047
Cn1cc(C(=O)O)c2ccc(N3CC4(CC(COCc5c(-c6ccccc6OC(F)(F)F)noc5C5CC5)C4)C3)cc21,6.708455048389418,2,EC50,FXR,CHEMBL2047
Cn1cc(C(=O)O)c2ccc(N3CC4(CC(OCc5c(-c6c(Cl)cccc6Cl)noc5C5CC5)C4)C3)cc21,7.354135803334756,2,EC50,FXR,CHEMBL2047
Cn1cc(C(=O)O)c2ccc(N3CC4(CC(OCc5c(-c6c(F)cccc6Cl)noc5C5CC5)C4)C3)cc21,7.1830890963491605,2,EC50,FXR,CHEMBL2047
Cn1cc(C(=O)O)c2ccc(N3CC4(CC(OCc5c(-c6ccccc6OC(F)(F)F)noc5C5CC5)C4)C3)cc21,7.070098327187308,2,EC50,FXR,CHEMBL2047
Cn1cc(C(=O)O)c2ccc(N3CC4CC(COCc5c(-c6c(Cl)cccc6Cl)noc5C5CC5)CC4C3)cc21,7.1615608700959905,2,EC50,FXR,CHEMBL2047
Cn1cc(C(=O)O)c2ccc(N3CC4CC(COCc5c(-c6c(F)cccc6Cl)noc5C5CC5)CC4C3)cc21,6.313035219118978,2,EC50,FXR,CHEMBL2047
Cn1cc(C(=O)O)c2ccc(N3CC4CC(COCc5c(-c6ccccc6OC(F)(F)F)noc5C5CC5)CC4C3)cc21,7.2747214952908354,2,EC50,FXR,CHEMBL2047
Cn1cc(C(=O)O)c2ccc(N3CC4CC(OCc5c(-c6c(Cl)cccc6Cl)noc5C5CC5)CC4C3)cc21,7.746659560349946,2,EC50,FXR,CHEMBL2047
Cn1cc(C(=O)O)c2ccc(N3CC4CC(OCc5c(-c6c(F)cccc6Cl)noc5C5CC5)CC4C3)cc21,6.9835943548477335,2,EC50,FXR,CHEMBL2047
Cn1cc(C(=O)O)c2ccc(N3CC4CC(OCc5c(-c6ccccc6OC(F)(F)F)noc5C5CC5)CC4C3)cc21,7.529472980113576,2,EC50,FXR,CHEMBL2047
Cn1cc(C(=O)O)c2ccc(N3CCC(F)(COCc4c(-c5c(Cl)cccc5Cl)noc4C4CC4)CC3)cc21,7.447074662807428,2,EC50,FXR,CHEMBL2047
Cn1cc(C(=O)O)c2ccc(N3CCC(F)(COCc4c(-c5c(F)cccc5Cl)noc4C4CC4)CC3)cc21,7.33037368298365,2,EC50,FXR,CHEMBL2047
Cn1cc(C(=O)O)c2ccc(N3CCC(F)(COCc4c(-c5ccc(OC(F)(F)F)cc5)noc4C4CC4)CC3)cc21,5.122633619595415,2,EC50,FXR,CHEMBL2047
Cn1cc(C(=O)O)c2ccc(N3CCC(F)(COCc4c(-c5cccc(OC(F)(F)F)c5)noc4C4CC4)CC3)cc21,5.937731585849361,2,EC50,FXR,CHEMBL2047
Cn1cc(C(=O)O)c2ccc(N3CCC(F)(COCc4c(-c5ccccc5C(F)(F)F)noc4C4CC4)CC3)cc21,6.916341332625912,2,EC50,FXR,CHEMBL2047
Cn1cc(C(=O)O)c2ccc(N3CCC(F)(COCc4c(-c5ccccc5Cl)noc4C4CC4)CC3)cc21,6.764354144470531,2,EC50,FXR,CHEMBL2047
Cn1cc(C(=O)O)c2ccc(N3CCC(F)(COCc4c(-c5ccccc5F)noc4C4CC4)CC3)cc21,6.57483007270826,2,EC50,FXR,CHEMBL2047
Cn1cc(C(=O)O)c2ccc(N3CCC(F)(COCc4c(-c5ccccc5OC(F)(F)F)noc4C4CC4)CC3)cc21,7.597930283832325,2,EC50,FXR,CHEMBL2047
Cn1cc(C(=O)O)c2ccc(N3CCC(OCc4c(-c5c(Cl)cccc5Cl)noc4C4CC4)CC3)cc21,7.391685820367513,6,EC50,FXR,CHEMBL2047
Cn1cc(C(=O)O)c2ccc(N3CCC4(C=C(c5c(-c6c(Cl)cccc6Cl)noc5C5CC5)C4)CC3)cc21,7.346787486224656,1,EC50,FXR,CHEMBL2047
Cn1cc(C(=O)O)c2ccc(N3CCC4(CC3)CC(COCc3c(-c5c(Cl)cccc5Cl)noc3C3CC3)C4)cc21,7.288544289810747,2,EC50,FXR,CHEMBL2047
Cn1cc(C(=O)O)c2ccc(N3CCC4(CC3)CC(COCc3c(-c5c(F)cccc5Cl)noc3C3CC3)C4)cc21,6.067729197403953,2,EC50,FXR,CHEMBL2047
Cn1cc(C(=O)O)c2ccc(N3CCC4(CC3)CC(COCc3c(-c5ccccc5OC(F)(F)F)noc3C3CC3)C4)cc21,6.66153094142536,2,EC50,FXR,CHEMBL2047
Cn1cc(C(=O)O)c2ccc(N3CCC4(CC3)CC(OCc3c(-c5c(Cl)cccc5Cl)noc3C3CC3)C4)cc21,7.240877966475632,2,EC50,FXR,CHEMBL2047
Cn1cc(C(=O)O)c2ccc(N3CCC4(CC3)CC(OCc3c(-c5c(F)cccc5Cl)noc3C3CC3)C4)cc21,7.103879469369486,2,EC50,FXR,CHEMBL2047
Cn1cc(C(=O)O)c2ccc(N3CCC4(CC3)CC(OCc3c(-c5ccccc5OC(F)(F)F)noc3C3CC3)C4)cc21,7.276300811079677,2,EC50,FXR,CHEMBL2047
Cn1nc(C(=O)N(CC(=O)Nc2cc(C(=O)O)ccc2F)Cc2cccc(F)c2)c2c1-c1cc(F)ccc1OC2,8.18837535480105,2,EC50,FXR,CHEMBL2047
Cn1nc(C(=O)N(CCNc2cc(C(=O)O)ccc2F)Cc2cccc(F)c2)c2c1-c1cc(F)ccc1OC2,7.47851546330341,2,EC50,FXR,CHEMBL2047
Cn1nc(C(=O)N(Cc2ccccc2)Cc2ccc(C(=O)O)cc2)c2c1-c1cc(Cl)ccc1OC2,7.824875990832918,2,EC50,FXR,CHEMBL2047
Cn1nc(C(=O)O)c2ccc(C3CC3c3ccc(OCc4c(-c5c(Cl)cccc5Cl)noc4C4CC4)cc3Cl)cc21,7.869964306007462,2,EC50,FXR,CHEMBL2047
Cn1nc(C(=O)O)c2ccc(N3C(=O)CCc4cc(OCc5c(-c6c(Cl)cccc6Cl)noc5C5CC5)ccc43)cc21,7.3872161432802645,1,EC50,FXR,CHEMBL2047
Cn1nc(C(=O)O)c2ccc([C@H]3C[C@](O)(c4ccc(OCc5c(-c6c(Cl)cccc6Cl)noc5C5CC5)cc4Cl)C3)cc21,7.511138197355576,2,EC50,FXR,CHEMBL2047
Cn1nc(CCC(=O)O)cc1-c1ccc(C(C)(C)C)cc1,5.958607314841775,1,IC50,FXR,CHEMBL2047
FC(F)(F)c1ccc2nc(-c3cccs3)c(NCc3ccccc3)n2c1,6.337242168318426,1,EC50,FXR,CHEMBL2047
Fc1cc(-c2nnn[nH]2)ccc1OCC(c1c2c(nn1-c1ccc(Cl)cc1)CCCCC2)C1CCCCC1,6.809668301829708,1,IC50,FXR,CHEMBL2047
Fc1ccc(C(c2ccccc2)(c2ccccc2F)n2ccnc2)cc1,4.860120913598763,1,IC50,FXR,CHEMBL2047
N#Cc1ccc(-c2nc3ccccc3n2C(C(=O)NC2CCCCC2)C2CCCCC2)cc1,5.903089986991944,1,IC50,FXR,CHEMBL2047
N#Cc1ccc(S(=O)(=O)N(CC(F)(F)F)c2ccc(C(O)(C(F)(F)F)C(F)(F)F)cc2)cc1,5.522878745280337,1,EC50,FXR,CHEMBL2047
NC(=O)c1ccc(NC(=O)[C@@H](Cc2ccccc2)NC(=O)c2ccc(Cl)cc2)cc1,4.88907375773358,1,EC50,FXR,CHEMBL2047
NC(Cc1cc(O)c(O)cc1O)C(=O)O,5.101274818410507,1,IC50,FXR,CHEMBL2047
N[C@@H](Cc1cc(I)c(Oc2cc(I)c(O)c(I)c2)c(I)c1)C(=O)O,5.104577453960593,1,IC50,FXR,CHEMBL2047
Nc1ccc(Cl)cc1N1CCN(C(=O)C23CC4CC(CC(C4)C2)C3)CC1,5.9808886808156405,2,EC50,FXR,CHEMBL2047
O=C(/C=C/c1ccccc1)Nc1ccccc1C(=O)Nc1cccc(C(=O)O)c1,5.2839966563652006,1,EC50,FXR,CHEMBL2047
O=C(C1CC(F)(F)C1)N(CC12CCC(c3nc(C4CC4)no3)(CC1)CC2)c1cccc(-c2nc(C3CC3)no2)c1,6.642065152999546,1,EC50,FXR,CHEMBL2047
O=C(C1CCC(F)(F)CC1)N(CC12CCC(c3nc(C4CC4)no3)(CC1)CC2)c1cccc(-c2nc(C3CC3)no2)c1,6.826813731587726,1,EC50,FXR,CHEMBL2047
O=C(C1CCCCC1)N(CC12CCC(c3nc(C4CC4)no3)(CC1)CC2)c1cccc(-c2nc(C3CC3)no2)c1,7.356547323513812,1,EC50,FXR,CHEMBL2047
O=C(C1CCOCC1)N(CC12CCC(c3nc(C4CC4)no3)(CC1)CC2)c1cccc(-c2nc(C3CC3)no2)c1,6.943095148663527,1,EC50,FXR,CHEMBL2047
O=C(C1CCS(=O)(=O)CC1)N(CC12CCC(c3nc(C4CC4)no3)(CC1)CC2)c1cccc(-c2nc(C3CC3)no2)c1,5.961777361631281,1,EC50,FXR,CHEMBL2047
O=C(COC(=O)c1ccc(O)cc1)Nc1sc2c(c1C(=O)c1ccccc1)CCCC2,5.423658649794207,1,IC50,FXR,CHEMBL2047
O=C(Cc1ccc(N(Cc2cccc(Cl)c2)C(=O)C2CCCC2)cc1)NCc1ccc2c(c1)OCO2,5.159266765388193,1,IC50,FXR,CHEMBL2047
O=C(N(CC12CCC(c3nc(C4CC4)no3)(CC1)CC2)c1cccc(-c2nc(C3CC3)no2)c1)C12CC(F)(C1)C2,7.031517051446065,1,EC50,FXR,CHEMBL2047
O=C(N1CCN(c2cc(Cl)ccc2Cl)CC1)C12CC3CC(CC(C3)C1)C2,5.42021640338319,1,EC50,FXR,CHEMBL2047
O=C(N1CCN(c2cc(Cl)ccc2O)CC1)C12CC3CC(CC(C3)C1)C2,5.669586226650809,1,EC50,FXR,CHEMBL2047
O=C(N1CCN(c2cccc(Cl)c2)CC1)C12CC3CC(CC(C3)C1)C2,5.013228265733755,1,EC50,FXR,CHEMBL2047
O=C(NC1CC1)C(C1CCCCC1)n1c(-c2ccc(Cl)cc2)nc2ccccc21,5.442492798094342,1,IC50,FXR,CHEMBL2047
O=C(NC1CCC(F)(F)CC1)C(C1CCCCC1)n1c(-c2ccc(Cl)cc2)nc2ccccc21,5.565431095965801,1,IC50,FXR,CHEMBL2047
O=C(NC1CCCCC1)C(C1CCCCC1)n1c(-c2ccc(Cl)cc2)nc2ccc(CO)cc21,5.2083093509798815,1,IC50,FXR,CHEMBL2047
O=C(NC1CCCCC1)C(C1CCCCC1)n1c(-c2ccc(Cl)cc2)nc2ccccc21,7.154901959985743,1,IC50,FXR,CHEMBL2047
O=C(NC1CCCCC1)C(C1CCCCC1)n1c(-c2ccncc2)nc2ccccc21,4.516555351901465,1,IC50,FXR,CHEMBL2047
O=C(NC1CCCCC1)C(C1CCOCC1)n1c(-c2ccc(Cl)cc2)nc2ccccc21,5.42021640338319,1,IC50,FXR,CHEMBL2047
O=C(NC1CCCCC1)C(c1ccncc1)n1c(-c2ccc(Cl)cc2)nc2ccccc21,4.599980364934842,1,IC50,FXR,CHEMBL2047
O=C(NC1CCCCC1)[C@H](C1CCCCC1)n1c(-c2ccc(Cl)cc2)nc2cc(F)c(Cl)cc21,7.886056647693163,2,IC50,FXR,CHEMBL2047
O=C(NC1CCCCC1)[C@H](C1CCCCC1)n1c(-c2ccc(Cl)cc2)nc2cc(F)c(F)cc21,8.0,1,IC50,FXR,CHEMBL2047
O=C(NC1CCOCC1)C(C1CCCCC1)n1c(-c2ccc(Cl)cc2)nc2ccccc21,5.430626090384954,1,IC50,FXR,CHEMBL2047
O=C(NCCS(=O)(=O)O)c1ccc(C2CC2c2ccc(OCc3c(-c4c(Cl)cccc4Cl)noc3C3CC3)cc2Cl)cc1,6.490916148174238,2,EC50,FXR,CHEMBL2047
O=C(NC[C@H]1CC[C@H](C(=O)O)CC1)[C@H](C1CCCCC1)n1c(-c2ccc(Cl)cc2)nc2cc(F)c(F)cc21,5.4089353929735005,1,IC50,FXR,CHEMBL2047
O=C(NS(=O)(=O)C1CC1)c1ccc([C@@H]2C[C@H]2c2ccc(OCc3c(-c4c(Cl)cccc4Cl)noc3C3CC3)cc2Cl)cc1,6.259637310505756,1,EC50,FXR,CHEMBL2047
O=C(NS(=O)(=O)C1CCCCC1)c1ccc([C@@H]2C[C@H]2c2ccc(OCc3c(-c4c(Cl)cccc4Cl)noc3C3CC3)cc2Cl)cc1,6.259637310505756,1,EC50,FXR,CHEMBL2047
O=C(N[C@H]1CC[C@H](C(=O)O)CC1)[C@H](C1CCCCC1)n1c(-c2ccc(Cl)cc2)nc2cc(F)c(F)cc21,6.214670164989233,1,IC50,FXR,CHEMBL2047
O=C(N[C@H]1CC[C@H](C(=O)O)CC1)[C@H](C1CCCCC1)n1c(-c2ccc(Cl)nc2)nc2cc(F)c(F)cc21,5.769551078621726,1,IC50,FXR,CHEMBL2047
O=C(N[C@H]1CC[C@H](O)CC1)[C@H](C1CCCCC1)n1c(-c2ccc(Cl)cc2)nc2cc(F)c(F)cc21,7.3872161432802645,1,IC50,FXR,CHEMBL2047
O=C(Nc1cc(Cl)ccc1-c1nc2cc(F)c(F)cc2n1CC1CCCCC1)c1ccc(-c2nnn[nH]2)cc1F,9.397940008672037,1,IC50,FXR,CHEMBL2047
O=C(Nc1ccc(-c2nnn[nH]2)cc1F)[C@H](C1CCCCC1)n1c(-c2ccc(Cl)cc2)nc2cc(F)c(F)cc21,8.096910013008056,1,IC50,FXR,CHEMBL2047
O=C(Nc1ccc(F)c(S(=O)(=O)N2CCOCC2)c1)c1cnn(-c2ccccc2)c1,5.0538970270121135,2,IC50,FXR,CHEMBL2047
O=C(Nc1ccc(OC2(C(=O)O)CC2)cc1F)[C@H](C1CCCCC1)n1c(-c2ccc(Cl)cc2)nc2cc(F)c(F)cc21,9.0,1,IC50,FXR,CHEMBL2047
O=C(Nc1ccc2c(c1)N(S(=O)(=O)c1ccc(F)cc1)CC2)c1c(F)cccc1F,5.376750709602099,1,EC50,FXR,CHEMBL2047
O=C(Nc1ccc2c(c1)N(S(=O)(=O)c1ccc(F)cc1)CCC2)c1c(F)cccc1Cl,5.275724130399211,1,EC50,FXR,CHEMBL2047
O=C(Nc1ccc2c(c1)N(S(=O)(=O)c1ccc(F)cc1)CCC2)c1c(F)cccc1F,5.119186407719209,1,EC50,FXR,CHEMBL2047
O=C(Nc1ccc2c(c1)N(S(=O)(=O)c1ccc(F)cc1)CCC2)c1ccccc1Cl,5.229147988357855,1,EC50,FXR,CHEMBL2047
O=C(Nc1cccc(S(=O)(=O)N2CCOCC2)c1)c1cn(-c2ccccc2)nc1-c1cccnc1,5.426316446103106,2,IC50,FXR,CHEMBL2047
O=C(Nc1cccc2c(=O)cc(-c3nnn[nH]3)oc12)c1ccc(OCCCCc2ccccc2)cc1,4.823908740944319,2,EC50,FXR,CHEMBL2047
O=C(Nc1ccccc1)C(C1CCCCC1)n1c(-c2ccc(Cl)cc2)nc2ccccc21,6.823908740944319,1,IC50,FXR,CHEMBL2047
O=C(Nc1ccccc1)N1CCC(OCc2c(-c3ccccc3OC(F)(F)F)noc2C2CC2)CC1,5.080921907623926,1,EC50,FXR,CHEMBL2047
O=C(O)/C=C/c1cccc(N(Cc2ccc(-c3ccc4c(c3)OCO4)cc2)C(=O)C2CCCCC2)c1,3.653647025549361,1,EC50,FXR,CHEMBL2047
O=C(O)/C=C/c1cccc(N(Cc2ccc(/C=C/c3ccccc3)cc2)C(=O)C2CCCCC2)c1,3.5934598195660445,1,EC50,FXR,CHEMBL2047
O=C(O)C1(c2ccc(-c3ccc(OCc4c(-c5c(Cl)cccc5Cl)noc4C4CC4)cc3)cc2)CC1,6.142064735280571,1,EC50,FXR,CHEMBL2047
O=C(O)C1(c2ccc(N3CCC(OCc4c(-c5c(Cl)cccc5Cl)noc4C4CC4)CC3)cc2)CC1,6.033389013318066,1,EC50,FXR,CHEMBL2047
O=C(O)C1(c2cccc(-c3ccc(OCc4c(-c5c(Cl)cccc5Cl)noc4C4CC4)cc3)c2)CC1,6.5767912352059845,2,EC50,FXR,CHEMBL2047
O=C(O)C1(c2cccc(-c3ccc(OCc4c(-c5ccccc5C(F)(F)F)noc4C4CC4)cc3)c2)CC1,6.41907502432438,1,EC50,FXR,CHEMBL2047
O=C(O)C1(c2cccc(-c3ccc(OCc4c(-c5ccccc5OC(F)(F)F)noc4C4CC4)cc3)c2)CC1,6.330879357386362,2,EC50,FXR,CHEMBL2047
O=C(O)CCCCCNC(=O)c1ccccc1NC(=O)c1ccc2ccccc2c1,5.356547323513812,2,EC50,FXR,CHEMBL2047
O=C(O)CCCCNC(=O)c1ccccc1NC(=O)c1ccc2ccccc2c1,5.080921907623926,2,EC50,FXR,CHEMBL2047
O=C(O)CCCN1CCC(c2nc(-c3ccc4ccccc4c3)no2)CC1,4.590066876668706,1,IC50,FXR,CHEMBL2047
O=C(O)CCCNC(=O)c1ccccc1NC(=O)/C=C/c1ccccc1,6.142667503568731,1,EC50,FXR,CHEMBL2047
O=C(O)CCCNC(=O)c1ccccc1NC(=O)c1ccc2ccccc2c1,5.066767717014129,2,EC50,FXR,CHEMBL2047
O=C(O)CCN1CCC[C@H]1c1nc(-c2ccc3ccccc3c2)no1,4.546681659952962,1,IC50,FXR,CHEMBL2047
O=C(O)CCc1ccc(-c2ccc(OCc3c(-c4c(Cl)cccc4Cl)noc3C3CC3)cc2)cc1,6.305594293263238,2,EC50,FXR,CHEMBL2047
O=C(O)CCc1ccc(NC(=O)C(C2CCCCC2)n2c(-c3ccc(Cl)cc3)nc3cc(F)c(F)cc32)cc1,7.221848749616356,1,IC50,FXR,CHEMBL2047
O=C(O)CCc1ccc(NC(=O)[C@H](C2CCCCC2)n2c(-c3ccc(Cl)cc3)nc3cc(F)c(F)cc32)c(F)c1,7.886056647693163,1,IC50,FXR,CHEMBL2047
O=C(O)CCc1cccc(-c2ccc(OCc3c(-c4c(Cl)cccc4Cl)noc3C3CC3)cc2)c1,6.329754146925875,1,EC50,FXR,CHEMBL2047
O=C(O)CCc1cccc(NC(=O)c2ccccc2NC(=O)c2ccc(-c3ccoc3)cc2)c1,6.638272163982407,1,EC50,FXR,CHEMBL2047
O=C(O)CCc1cccc(NC(=O)c2ccccc2NC(=O)c2ccc(C(F)(F)F)cc2)c1,5.638272163982407,1,EC50,FXR,CHEMBL2047
O=C(O)CNC(=O)c1ccc(C2CC2c2ccc(OCc3c(-c4c(Cl)cccc4Cl)noc3C3CC3)cc2Cl)cc1,6.751881227416632,2,EC50,FXR,CHEMBL2047
O=C(O)CNC(=O)c1ccc(N2CCC3(CC2)CC(OCc2c(-c4ccccc4OC(F)(F)F)noc2C2CC2)CO3)nc1,8.769551078621726,1,EC50,FXR,CHEMBL2047
O=C(O)CO[C@H]1CC[C@H](NC(=O)[C@H](C2CCCCC2)n2c(-c3ccc(Cl)nc3)nc3cc(F)c(F)cc32)CC1,6.080921907623926,1,IC50,FXR,CHEMBL2047
O=C(O)COc1ccc(-c2ccc(N(CC3CC3)S(=O)(=O)c3c(Cl)cccc3Cl)cc2)cc1F,5.920818753952375,1,EC50,FXR,CHEMBL2047
O=C(O)COc1ccc(-c2ccc(OCc3c(-c4c(Cl)cccc4Cl)noc3C3CC3)cc2)cc1,6.475390988664909,2,EC50,FXR,CHEMBL2047
O=C(O)COc1cccc(-c2ccc(OCc3c(-c4c(Cl)cccc4Cl)noc3C3CC3)cc2)c1,6.158927461813084,2,EC50,FXR,CHEMBL2047
O=C(O)C[C@H]1CC[C@H](NC(=O)[C@H](C2CCCCC2)n2c(-c3ccc(Cl)cc3)nc3cc(F)c(F)cc32)CC1,6.214670164989233,1,IC50,FXR,CHEMBL2047
O=C(O)Cc1ccc(-c2ccc(OCc3c(-c4c(Cl)cccc4Cl)noc3C3CC3)c(Cl)c2)cc1,6.204815410317575,1,EC50,FXR,CHEMBL2047
O=C(O)Cc1ccc(-c2ccc(OCc3c(-c4c(Cl)cccc4Cl)noc3C3CC3)c(F)c2)cc1,6.080921907623926,1,EC50,FXR,CHEMBL2047
O=C(O)Cc1ccc(-c2ccc(OCc3c(-c4c(Cl)cccc4Cl)noc3C3CC3)cc2)c(F)c1,6.184608145852421,2,EC50,FXR,CHEMBL2047
O=C(O)Cc1ccc(-c2ccc(OCc3c(-c4c(Cl)cccc4Cl)noc3C3CC3)cc2)cc1,6.443697499232712,2,EC50,FXR,CHEMBL2047
O=C(O)Cc1ccc(-c2ccc(OCc3c(-c4c(Cl)cccc4Cl)noc3C3CC3)cc2)cc1Cl,6.1438755557577,1,EC50,FXR,CHEMBL2047
O=C(O)Cc1ccc(-c2ccc(OCc3c(-c4c(Cl)cccc4Cl)noc3C3CC3)cc2)cc1F,6.268888626407831,2,EC50,FXR,CHEMBL2047
O=C(O)Cc1ccc(-c2ccc(OCc3c(-c4c(Cl)cccc4Cl)noc3C3CC3)cc2Cl)cc1,6.116751935760268,2,EC50,FXR,CHEMBL2047
O=C(O)Cc1ccc(-c2ccc(OCc3c(-c4c(Cl)cccc4Cl)noc3C3CC3)cc2F)cc1,6.332547047110046,1,EC50,FXR,CHEMBL2047
O=C(O)Cc1ccc(-c2ccc(OCc3c(-c4ccccc4C(F)(F)F)noc3C3CC3)cc2)cc1,6.1830961606243395,1,EC50,FXR,CHEMBL2047
O=C(O)Cc1ccc(-c2ccc(OCc3c(-c4ccccc4OC(F)(F)F)noc3C3CC3)cc2)cc1,6.298432014944073,1,EC50,FXR,CHEMBL2047
O=C(O)Cc1ccc(N2CCC(OCc3c(-c4c(Cl)cccc4Cl)noc3C3CC3)CC2)cc1,6.03810452633215,1,EC50,FXR,CHEMBL2047
O=C(O)Cc1ccc(NC(=O)C(C2CCCCC2)n2c(-c3ccc(Cl)cc3)nc3cc(F)c(F)cc32)cc1,5.853871964321762,1,IC50,FXR,CHEMBL2047
O=C(O)Cc1ccc(NC(=O)Cc2ccc3ccccc3c2)cc1,4.568636235841013,1,IC50,FXR,CHEMBL2047
O=C(O)Cc1ccc(NC(=O)c2ccc(-c3ccccc3)cc2)cc1,6.070581074285707,1,IC50,FXR,CHEMBL2047
O=C(O)Cc1ccc(NC(=O)c2ccc3ccccc3c2)cc1,6.167491087293763,1,IC50,FXR,CHEMBL2047
O=C(O)Cc1ccc(NC(=O)c2cccc(-c3cc(Cl)cc(Cl)c3)c2)cc1,5.040958607678906,1,IC50,FXR,CHEMBL2047
O=C(O)Cc1ccc(NC(=O)c2cccc(-c3ccccc3)c2)cc1,6.552841968657781,1,IC50,FXR,CHEMBL2047
O=C(O)Cc1ccc(NC(=O)c2cccc3ccccc23)cc1,6.09151498112135,1,IC50,FXR,CHEMBL2047
O=C(O)Cc1ccc(NC(=O)c2ccccc2NC(=O)c2ccc3ccccc3c2)cc1,5.508638306165727,2,EC50,FXR,CHEMBL2047
O=C(O)Cc1cccc(-c2ccc(OCc3c(-c4c(Cl)cccc4Cl)noc3C3CC3)cc2)c1,6.2958494831602,1,EC50,FXR,CHEMBL2047
O=C(O)Cc1cccc(-c2ccc(OCc3c(-c4ccccc4OC(F)(F)F)noc3C3CC3)cc2)c1,5.802995271976954,1,EC50,FXR,CHEMBL2047
O=C(O)Cc1cccc(NC(=O)c2ccccc2NC(=O)c2ccc(-c3ccccc3)cc2)c1,6.154901959985743,1,EC50,FXR,CHEMBL2047
O=C(O)Cc1cccc(NC(=O)c2ccccc2NC(=O)c2ccc(C(F)(F)F)cc2)c1,5.585026652029182,1,EC50,FXR,CHEMBL2047
O=C(O)Cc1cccc(NC(=O)c2ccccc2NC(=O)c2ccc(SC(F)(F)F)cc2)c1,5.154901959985743,1,EC50,FXR,CHEMBL2047
O=C(O)Cc1cccc(NC(=O)c2ccccc2NC(=O)c2ccc3ccccc3c2)c1,5.6020599913279625,1,EC50,FXR,CHEMBL2047
O=C(O)c1cc(C(F)(F)F)c2cc(N3CCC4(C=C(c5c(-c6c(Cl)cncc6Cl)noc5C5CC5)C4)CC3)ccc2n1,6.86531361212541,4,EC50,FXR,CHEMBL2047
O=C(O)c1cc(F)c(NC(=O)[C@H](C2CCCCC2)n2c(-c3ccc(Cl)cc3)nc3cc(F)c(F)cc32)c(F)c1,8.397940008672037,1,IC50,FXR,CHEMBL2047
O=C(O)c1cc(F)c2c(c1)Oc1ccc(OCc3c(-c4c(Cl)cccc4Cl)noc3C3CC3)nc1CC2,6.429457060118103,1,EC50,FXR,CHEMBL2047
O=C(O)c1cc(F)c2nc(C3(O)C4COCC3CC(OCc3c(-c5c(Cl)cccc5Cl)noc3C3CC3)C4)sc2c1,7.721246399047171,1,IC50,FXR,CHEMBL2047
O=C(O)c1cc(F)c2nc(N3C4CCC3CC(F)(COCc3c(-c5ccccc5)noc3C3CC3)C4)sc2c1,6.829152686174938,2,EC50,FXR,CHEMBL2047
O=C(O)c1cc(F)c2nc(N3C4CCC3CC(F)(COCc3c(-c5ccccc5OC(F)(F)F)noc3C3CC3)C4)sc2c1,6.829540103299919,2,EC50,FXR,CHEMBL2047
O=C(O)c1cc(F)c2nc(N3C4CCC3CC(OCc3c(-c5ccccc5C(F)(F)F)noc3C3CC3)C4)sc2c1,9.302424204247728,2,EC50,FXR,CHEMBL2047
O=C(O)c1cc(F)c2nc(N3C4CCC3CC(OCc3c(-c5ccccc5OC(F)(F)F)noc3C3CC3)C4)sc2c1,9.205250011084285,4,EC50,FXR,CHEMBL2047
O=C(O)c1cc(F)c2nc(N3C4CCC3CC(OCc3c(-c5ccccc5OC(F)F)noc3C3CC3)C4)sc2c1,9.332773124424534,2,EC50,FXR,CHEMBL2047
O=C(O)c1cc(F)c2nc(N3CC4C(/C=C/c5c(-c6c(Cl)cccc6Cl)noc5C5CC5)C4C3)sc2c1,6.56810073065975,2,EC50,FXR,CHEMBL2047
O=C(O)c1cc(F)c2nc(N3CCC(/C=C/c4c(-c5c(Cl)cccc5Cl)noc4C4CC4)CC3)sc2c1,7.805727389952022,2,EC50,FXR,CHEMBL2047
O=C(O)c1cc(F)c2nc(N3CCC(CCc4c(-c5c(Cl)cccc5Cl)noc4C4CC4)CC3)sc2c1,7.669586226650809,1,EC50,FXR,CHEMBL2047
O=C(O)c1cc(F)c2nc(N3CCC(F)(COCc4c(-c5c(Cl)cccc5Cl)noc4C4CC4)CC3)sc2c1,5.5753824543426385,2,EC50,FXR,CHEMBL2047
O=C(O)c1cc(F)c2nc(N3CCC(F)(COCc4c(-c5c(F)cccc5Cl)noc4C4CC4)CC3)sc2c1,7.2011524070372435,2,EC50,FXR,CHEMBL2047
O=C(O)c1cc(F)c2nc(N3CCC(F)(COCc4c(-c5ccc(OC(F)(F)F)cc5)noc4C4CC4)CC3)sc2c1,4.632038787823099,2,EC50,FXR,CHEMBL2047
O=C(O)c1cc(F)c2nc(N3CCC(F)(COCc4c(-c5cccc(OC(F)(F)F)c5)noc4C4CC4)CC3)sc2c1,5.352951044119907,2,EC50,FXR,CHEMBL2047
O=C(O)c1cc(F)c2nc(N3CCC(F)(COCc4c(-c5ccccc5C(F)(F)F)noc4C4CC4)CC3)sc2c1,6.072422211411503,2,EC50,FXR,CHEMBL2047
O=C(O)c1cc(F)c2nc(N3CCC(F)(COCc4c(-c5ccccc5Cl)noc4C4CC4)CC3)sc2c1,6.062353587314496,2,EC50,FXR,CHEMBL2047
O=C(O)c1cc(F)c2nc(N3CCC(F)(COCc4c(-c5ccccc5F)noc4C4CC4)CC3)sc2c1,5.94965967763745,2,EC50,FXR,CHEMBL2047
O=C(O)c1cc(F)c2nc(N3CCC(F)(COCc4c(-c5ccccc5OC(F)(F)F)noc4C4CC4)CC3)sc2c1,7.158656760875116,2,EC50,FXR,CHEMBL2047
O=C(O)c1cc(F)c2nc(N3CCC4(C=C(c5c(-c6c(Cl)cccc6Cl)noc5C5CC5)C4)CC3)sc2c1,7.677475633295053,2,EC50,FXR,CHEMBL2047
O=C(O)c1cc(F)c2nc(N3CCC4(C=C(c5c(-c6c(Cl)cncc6Cl)noc5C5CC5)C4)CC3)sc2c1,7.168611643180061,2,EC50,FXR,CHEMBL2047
O=C(O)c1cc(F)c2nc(N3CCC4(C=C(c5c(-c6ccccc6C(F)(F)F)noc5C5CC5)C4)CC3)sc2c1,7.860120913598763,1,EC50,FXR,CHEMBL2047
O=C(O)c1cc(F)c2nc(N3CCC4(C=C(c5c(-c6ccccc6OC(F)(F)F)noc5C5CC5)C4)CC3)sc2c1,7.305394801066432,1,EC50,FXR,CHEMBL2047
O=C(O)c1cc(F)c2nc(N3CCC4(CC3)CC(COCc3c(-c5c(Cl)cccc5Cl)noc3C3CC3)C4)sc2c1,7.067395879900573,2,EC50,FXR,CHEMBL2047
O=C(O)c1cc(F)c2nc(N3CCC4(CC3)CC(COCc3c(-c5c(F)cccc5Cl)noc3C3CC3)C4)sc2c1,6.50522879657233,2,EC50,FXR,CHEMBL2047
O=C(O)c1cc(F)c2nc(N3CCC4(CC3)CC(COCc3c(-c5ccccc5OC(F)(F)F)noc3C3CC3)C4)sc2c1,6.458882278818794,2,EC50,FXR,CHEMBL2047
O=C(O)c1cc(F)c2nc(N3CCC4(CC3)CC(OCc3c(-c5c(Cl)cccc5Cl)noc3C3CC3)C4)sc2c1,7.514081543071228,2,EC50,FXR,CHEMBL2047
O=C(O)c1cc(F)c2nc(N3CCC4(CC3)CC(OCc3c(-c5c(F)cccc5Cl)noc3C3CC3)C4)sc2c1,6.967064928472881,2,EC50,FXR,CHEMBL2047
O=C(O)c1cc(F)c2nc(N3CCC4(CC3)CC(c3c(-c5c(Cl)cccc5Cl)noc3C3CC3)C4)sc2c1,6.694648630553376,1,EC50,FXR,CHEMBL2047
O=C(O)c1cc(F)c2nc(N3CCC4(CC3)COC(c3c(-c5c(Cl)cccc5Cl)noc3C3CC3)O4)sc2c1,6.6439741428068775,1,EC50,FXR,CHEMBL2047
O=C(O)c1cc(F)c2nc(N3CCC4(CC3)OCC(c3c(-c5c(Cl)cccc5Cl)noc3C3CC3)O4)sc2c1,5.866780543267506,1,EC50,FXR,CHEMBL2047
O=C(O)c1cc(F)c2nc(N3[C@@H]4CC[C@H]3C[C@@H](OCc3c(-c5c(Cl)cccc5Cl)noc3C3CC3)C4)sc2c1,8.113509274827518,1,EC50,FXR,CHEMBL2047
O=C(O)c1cc(F)c2nc(N3[C@@H]4CC[C@H]3C[C@@H](OCc3c(-c5ccccc5OC(F)(F)F)noc3C3CC3)C4)sc2c1,8.400219816848805,3,EC50,FXR,CHEMBL2047
O=C(O)c1cc2ccc(N3CCC(F)(COCc4c(-c5c(Cl)cccc5Cl)noc4C4CC4)CC3)cc2s1,6.281918676479622,2,EC50,FXR,CHEMBL2047
O=C(O)c1cc2ccc(N3CCC4(CC3)CC(OCc3c(-c5c(Cl)cccc5Cl)noc3C3CC3)C4)cc2s1,6.535104126018654,2,EC50,FXR,CHEMBL2047
O=C(O)c1ccc(-c2ccc(OCc3c(-c4ccccc4OC(F)(F)F)noc3C3CC3)cc2)cc1,6.1073489661227,1,EC50,FXR,CHEMBL2047
O=C(O)c1ccc(-c2csc(N3CCC(OCc4c(-c5c(Cl)cccc5Cl)noc4C4CC4)CC3)n2)cc1,7.920818753952375,2,EC50,FXR,CHEMBL2047
O=C(O)c1ccc(-c2csc(N3[C@@H]4CC[C@H]3C[C@@H](OCc3c(-c5ccccc5OC(F)(F)F)noc3C3CC3)C4)n2)cc1C(F)(F)F,8.698970004336019,1,EC50,FXR,CHEMBL2047
O=C(O)c1ccc(-c2nc(N3CCC(OCc4c(C5CCCCC5OC(F)(F)F)noc4C4CC4)CC3)no2)cc1,7.045757490560675,1,EC50,FXR,CHEMBL2047
O=C(O)c1ccc(C2CC2c2ccc(OCc3c(-c4c(Cl)cccc4Cl)noc3C3CC3)cc2Cl)cc1,7.333971704021148,3,EC50,FXR,CHEMBL2047
O=C(O)c1ccc(C2CC2c2ccc(OCc3c(-c4c(Cl)cccc4Cl)noc3C3CC3)cc2Cl)cn1,7.21229060439282,2,EC50,FXR,CHEMBL2047
O=C(O)c1ccc(CNC(=O)c2ccc(-c3ccccc3)cc2)cc1,6.356547323513812,1,EC50,FXR,CHEMBL2047
O=C(O)c1ccc(CNC(=O)c2ccc3ccccc3c2)cc1,5.866461091629782,1,EC50,FXR,CHEMBL2047
O=C(O)c1ccc(CNC(=O)c2cccc(-c3ccccc3)c2)cc1,6.173925197299173,1,EC50,FXR,CHEMBL2047
O=C(O)c1ccc(CNC(=O)c2ccccc2NC(=O)c2ccc3ccccc3c2)cc1,5.886056647693163,2,EC50,FXR,CHEMBL2047
O=C(O)c1ccc(N2C(=O)CCc3cc(OCc4c(-c5c(Cl)cccc5Cl)noc4C4CC4)ccc32)cc1O,7.698970004336019,1,EC50,FXR,CHEMBL2047
O=C(O)c1ccc(N2C(=O)CCc3cc(OCc4c(-c5c(Cl)cccc5Cl)noc4C4CC4)ccc32)nc1,7.698970004336019,1,EC50,FXR,CHEMBL2047
O=C(O)c1ccc(N2CC(O)(c3ccc(OCc4c(-c5c(Cl)cccc5Cl)noc4C4CC4)cc3Cl)C2)nc1,8.366884151655054,2,EC50,FXR,CHEMBL2047
O=C(O)c1ccc(N2CCC(F)(COCc3c(-c4c(Cl)cccc4Cl)noc3C3CC3)CC2)cc1,6.2251306343675505,2,EC50,FXR,CHEMBL2047
O=C(O)c1ccc(N2CCC(F)(COCc3c(-c4c(Cl)cccc4Cl)noc3C3CC3)CC2)cn1,5.8935867069493835,2,EC50,FXR,CHEMBL2047
O=C(O)c1ccc(N2CCC3(C=C(c4c(-c5c(Cl)cccc5Cl)noc4C4CC4)C3)CC2)cn1,6.465973893943865,1,EC50,FXR,CHEMBL2047
O=C(O)c1ccc(N2CCC3(C=C(c4c(-c5c(Cl)cccc5Cl)noc4C4CC4)C3)CC2)nc1,7.515700160653214,1,EC50,FXR,CHEMBL2047
O=C(O)c1ccc(N2CCC3(CC2)CC(OCc2c(-c4ccccc4OC(F)(F)F)noc2C2CC2)CO3)nc1,8.102372908709558,1,EC50,FXR,CHEMBL2047
O=C(O)c1ccc(NC(=O)C(C2CCCCC2)n2c(-c3ccc(Cl)cc3)nc3cc(F)c(F)cc32)cn1,5.508638306165727,1,IC50,FXR,CHEMBL2047
O=C(O)c1ccc(NC(=O)C(C2CCCCC2)n2c(-c3ccc(Cl)cc3)nc3cc(F)c(F)cc32)nc1,6.698970004336019,1,IC50,FXR,CHEMBL2047
O=C(O)c1ccc(NC(=O)N2CCC(OCc3c(-c4ccccc4OC(F)(F)F)noc3C3CC3)CC2)cc1,6.431798275933005,1,EC50,FXR,CHEMBL2047
O=C(O)c1ccc(NC(=O)[C@H](C2CCCCC2)n2c(-c3ccc(Cl)cc3)nc3cc(F)c(F)cc32)c(C(F)(F)F)c1,8.096910013008056,1,IC50,FXR,CHEMBL2047
O=C(O)c1ccc(NC(=O)[C@H](C2CCCCC2)n2c(-c3ccc(Cl)cc3)nc3cc(F)c(F)cc32)c(Cl)c1,8.045757490560675,1,IC50,FXR,CHEMBL2047
O=C(O)c1ccc(NC(=O)[C@H](C2CCCCC2)n2c(-c3ccc(Cl)cc3)nc3cc(F)c(F)cc32)c(F)c1,7.431798275933005,1,IC50,FXR,CHEMBL2047
O=C(O)c1ccc(NC(=O)[C@H](C2CCCCC2)n2c(-c3ccc(Cl)cc3)nc3cc(F)c(F)cc32)cc1,7.301029995663981,1,IC50,FXR,CHEMBL2047
O=C(O)c1ccc(NC(=O)[C@H](C2CCCCC2)n2c(-c3ccc(Cl)cc3)nc3cc(F)ccc32)c(F)c1,7.3979400086720375,1,IC50,FXR,CHEMBL2047
O=C(O)c1ccc(NC(=O)[C@H](C2CCCCC2)n2c(-c3ccc(Cl)cc3)nc3ccccc32)c(C(F)(F)F)c1,8.0,1,IC50,FXR,CHEMBL2047
O=C(O)c1ccc(NC(=O)c2ccccc2NC(=O)c2ccc3ccccc3c2)cc1,6.0,2,EC50,FXR,CHEMBL2047
O=C(O)c1ccc(OCc2ccc(OCc3c(-c4c(Cl)cccc4Cl)noc3C3CC3)cc2)cc1,6.576754126063192,1,EC50,FXR,CHEMBL2047
O=C(O)c1ccc(OCc2ccc(OCc3c(-c4c(Cl)cccc4Cl)noc3C3CC3)nc2C(F)(F)F)cc1,7.119186407719209,1,EC50,FXR,CHEMBL2047
O=C(O)c1ccc([C@@H]2C[C@H]2c2ccc(OCc3c(-c4c(Cl)cccc4Cl)noc3C3CC3)cc2Cl)cc1,7.212406077536169,2,EC50,FXR,CHEMBL2047
O=C(O)c1ccc([C@H]2C[C@@H]2c2ccc(OCc3c(-c4c(Cl)cccc4Cl)noc3C3CC3)cc2Cl)cc1,6.942315864086414,4,EC50,FXR,CHEMBL2047
O=C(O)c1ccc([C@H]2C[C@](O)(c3ccc(OCc4c(-c5c(Cl)cccc5Cl)noc4C4CC4)cc3Cl)C2)cc1,7.410224104417406,2,EC50,FXR,CHEMBL2047
O=C(O)c1ccc2c(N3CCC(F)(COCc4c(-c5c(Cl)cccc5Cl)noc4C4CC4)CC3)n[nH]c2c1,5.796126143886913,2,EC50,FXR,CHEMBL2047
O=C(O)c1ccc2c(c1)C1(CC1)c1ccc(OCc3c(-c4c(Cl)cccc4Cl)noc3C3CC3)cc1CC2,7.42021640338319,1,EC50,FXR,CHEMBL2047
O=C(O)c1ccc2c(c1)CCc1ccc(OCc3c(-c4c(Cl)cccc4Cl)noc3C3CC3)cc1O2,7.455931955649724,1,EC50,FXR,CHEMBL2047
O=C(O)c1ccc2c(c1)CN(C(=O)N1[C@@H]3CC[C@H]1C[C@@H](OCc1c(-c4c(Cl)cccc4Cl)noc1C1CC1)C3)C2,8.0,1,EC50,FXR,CHEMBL2047
O=C(O)c1ccc2c(c1)Oc1ccc(OCc3c(-c4c(Cl)cc(F)cc4Cl)noc3C3CC3)nc1C1(CC1)C2,8.698970004336019,1,EC50,FXR,CHEMBL2047
O=C(O)c1ccc2c(c1)Oc1ccc(OCc3c(-c4c(Cl)cc(F)cc4Cl)noc3C3CC3)nc1CC2,8.130768280269024,1,EC50,FXR,CHEMBL2047
O=C(O)c1ccc2c(c1)Oc1ccc(OCc3c(-c4c(Cl)cccc4Cl)noc3C3CC3)cc1CC2,7.171038264256012,4,EC50,FXR,CHEMBL2047
O=C(O)c1ccc2c(c1)Oc1ccc(OCc3c(-c4c(Cl)cccc4Cl)noc3C3CC3)cc1S(=O)(=O)C2,8.221848749616356,1,EC50,FXR,CHEMBL2047
O=C(O)c1ccc2c(c1)Oc1ccc(OCc3c(-c4c(Cl)cccc4Cl)noc3C3CC3)cc1SC2,7.259637310505756,1,EC50,FXR,CHEMBL2047
O=C(O)c1ccc2c(c1)Oc1ccc(OCc3c(-c4c(Cl)cccc4Cl)noc3C3CC3)cc1[S+]([O-])C2,7.823908740944319,1,EC50,FXR,CHEMBL2047
O=C(O)c1ccc2c(c1)Oc1ccc(OCc3c(-c4c(Cl)cccc4Cl)noc3C3CC3)nc1C(F)=C2,7.655951630082672,2,EC50,FXR,CHEMBL2047
O=C(O)c1ccc2c(c1)Oc1ccc(OCc3c(-c4c(Cl)cccc4Cl)noc3C3CC3)nc1C1(CC1)C2,8.83647386733665,2,EC50,FXR,CHEMBL2047
O=C(O)c1ccc2c(c1)Oc1ccc(OCc3c(-c4c(Cl)cccc4Cl)noc3C3CC3)nc1C=C2F,7.2108650601284,2,EC50,FXR,CHEMBL2047
O=C(O)c1ccc2c(c1)Oc1ccc(OCc3c(-c4c(Cl)cccc4Cl)noc3C3CC3)nc1CC2,7.609525744745611,4,EC50,FXR,CHEMBL2047
O=C(O)c1ccc2c(c1)Oc1ccc(OCc3c(-c4c(Cl)cccc4Cl)noc3C3CC3)nc1CCC2,7.251811972993799,1,EC50,FXR,CHEMBL2047
O=C(O)c1ccc2c(c1)Oc1ccc(OCc3c(-c4c(Cl)cccc4Cl)noc3C3CC3)nc1CO2,7.393386386467272,2,EC50,FXR,CHEMBL2047
O=C(O)c1ccc2c(c1)Oc1ccc(OCc3c(-c4ccccc4OC(F)(F)F)noc3C3CC3)nc1C1(CC1)C2,8.065501548756432,1,EC50,FXR,CHEMBL2047
O=C(O)c1ccc2c(c1)Oc1cnc(OCc3c(-c4c(Cl)cccc4Cl)noc3C3CC3)cc1CC2,7.354331635059299,3,EC50,FXR,CHEMBL2047
O=C(O)c1ccc2c(c1)Oc1cnc(OCc3c(-c4c(Cl)cccc4Cl)noc3C3CC3)nc1CC2,6.803102510189321,2,EC50,FXR,CHEMBL2047
O=C(O)c1ccc2c(c1)Oc1ncc(OCc3c(-c4c(Cl)cccc4Cl)noc3C3CC3)cc1CC2,7.431798275933005,1,EC50,FXR,CHEMBL2047
O=C(O)c1ccc2c(c1)S(=O)(=O)c1ccc(OCc3c(-c4c(Cl)cccc4Cl)noc3C3CC3)cc1CC2,7.251811972993799,1,EC50,FXR,CHEMBL2047
O=C(O)c1ccc2cc(N3C4CCC3CC(OCc3c(-c5ccccc5OC(F)(F)F)noc3C3CC3)C4)ccc2c1,9.0,1,EC50,FXR,CHEMBL2047
O=C(O)c1ccc2cc(N3CCC(F)(COCc4c(-c5c(Cl)cccc5Cl)noc4C4CC4)CC3)ccc2c1,6.479303657420887,2,EC50,FXR,CHEMBL2047
O=C(O)c1ccc2cc(N3CCC4(C=C(c5c(-c6c(Cl)cc(F)cc6Cl)noc5C5CC5)C4)CC3)ccc2n1,5.9321799273915,2,EC50,FXR,CHEMBL2047
O=C(O)c1ccc2cc(N3CCC4(C=C(c5c(-c6c(Cl)cccc6Cl)noc5C5CC5)C4)CC3)ccc2n1,6.791305676917163,2,EC50,FXR,CHEMBL2047
O=C(O)c1ccc2cc(N3CCC4(C=C(c5c(-c6c(Cl)cncc6Cl)noc5C5CC5)C4)CC3)ccc2n1,6.360936574716998,2,EC50,FXR,CHEMBL2047
O=C(O)c1ccc2nc(-c3ccc(Cl)cc3)n(C(C(=O)NC3CCCCC3)C3CCCCC3)c2c1,5.242603971206975,1,IC50,FXR,CHEMBL2047
O=C(O)c1ccc2nc(C3(O)C4COCC3CC(OCc3c(-c5c(Cl)cccc5Cl)noc3C3CC3)C4)sc2c1,7.522878745280337,1,IC50,FXR,CHEMBL2047
O=C(O)c1ccc2nc(N3C4CCC3CC(OCc3c(-c5ccccc5OC(F)(F)F)noc3C3CC3)C4)sc2c1,9.214378574719888,2,EC50,FXR,CHEMBL2047
O=C(O)c1ccc2nc(N3CC(OCc4c(-c5ccccc5OC(F)(F)F)noc4C4CC4)C3)sc2c1,5.4385318134918474,2,EC50,FXR,CHEMBL2047
O=C(O)c1ccc2nc(N3CCC(OCc4c(-c5c(Cl)cccc5Cl)noc4C4CC4)CC3)sc2c1,8.05159915116754,2,EC50,FXR,CHEMBL2047
O=C(O)c1ccc2nc(N3CCC(OCc4c(-c5c(F)cccc5F)noc4C4CC4)CC3)sc2c1,7.282077817007779,2,EC50,FXR,CHEMBL2047
O=C(O)c1ccc2nc(N3CCC(OCc4c(-c5ccccc5C(F)(F)F)noc4C4CC4)CC3)sc2c1,7.167679012221937,2,EC50,FXR,CHEMBL2047
O=C(O)c1ccc2nc(N3CCC(OCc4c(-c5ccccc5OC(F)(F)F)noc4C4CC4)CC3)sc2c1,7.9145075979194415,3,EC50,FXR,CHEMBL2047
O=C(O)c1ccc2nc(N3CCC(OCc4c([C@H]5CCCC[C@@H]5C(F)(F)F)noc4C4CC4)CC3)sc2c1,6.90232697082579,2,EC50,FXR,CHEMBL2047
O=C(O)c1ccc2nc(N3CCC4(CC3)CC(OCc3c(-c5ccccc5OC(F)(F)F)noc3C3CC3)CO4)sc2c1,7.8297382846050425,1,EC50,FXR,CHEMBL2047
O=C(O)c1ccc2nc(N3CCCC(OCc4c(-c5ccccc5OC(F)(F)F)noc4C4CC4)CC3)sc2c1,8.278603387030115,2,EC50,FXR,CHEMBL2047
O=C(O)c1ccc2nc(N3CC[C@@H](OCc4c(-c5c(Cl)cccc5Cl)noc4C4CC4)C3)sc2c1,5.275245373086432,2,EC50,FXR,CHEMBL2047
O=C(O)c1ccc2sc(N3CCC(F)(COCc4c(-c5c(Cl)cccc5Cl)noc4C4CC4)CC3)nc2c1,5.924514383968694,2,EC50,FXR,CHEMBL2047
O=C(O)c1cccc(-c2ccc(OCc3c(-c4c(Cl)cccc4Cl)noc3C3CC3)cc2)c1,6.51999305704285,1,EC50,FXR,CHEMBL2047
O=C(O)c1cccc(/C=C/c2ccc(OCc3c(-c4c(Cl)cccc4Cl)noc3-c3ccc(-c4ccccc4)cc3)cc2Cl)c1,4.4698003017969175,1,IC50,FXR,CHEMBL2047
O=C(O)c1cccc(/C=C/c2ccc(OCc3c(-c4c(Cl)cccc4Cl)noc3-c3ccc4ccccc4c3)cc2Cl)c1,4.653647025549361,1,IC50,FXR,CHEMBL2047
O=C(O)c1cccc(/C=C/c2ccc(OCc3c(-c4c(Cl)cccc4Cl)noc3-c3ccccc3)cc2Cl)c1,4.801342913045578,1,IC50,FXR,CHEMBL2047
O=C(O)c1cccc(/C=C/c2ccc(OCc3c(-c4c(Cl)cccc4Cl)noc3C3CCC3)cc2Cl)c1,6.3872161432802645,1,EC50,FXR,CHEMBL2047
O=C(O)c1cccc(/C=C/c2ccc(OCc3c(-c4c(Cl)cccc4Cl)noc3C3CCCC3)cc2Cl)c1,6.251811972993799,1,EC50,FXR,CHEMBL2047
O=C(O)c1cccc(C2CC2c2ccc(OCc3c(-c4c(Cl)cccc4Cl)noc3C3CC3)cc2Cl)c1,7.481685552318919,2,EC50,FXR,CHEMBL2047
O=C(O)c1cccc(N2CC(O)(c3ccc(OCc4c(-c5c(Cl)cccc5Cl)noc4C4CC4)cc3Cl)C2)c1,7.166553894466732,2,EC50,FXR,CHEMBL2047
O=C(O)c1cccc(NC(=O)C(C2CCCCC2)n2c(-c3ccc(Cl)cc3)nc3cc(F)c(F)cc32)c1,5.886056647693163,1,IC50,FXR,CHEMBL2047
O=C(O)c1cccc(NC(=O)N2CCC(OCc3c(-c4ccccc4OC(F)(F)F)noc3C3CC3)CC2)c1,6.3872161432802645,1,EC50,FXR,CHEMBL2047
O=C(O)c1cccc(NC(=O)c2cc(Cl)ccc2NC(=O)c2ccc(C(F)(F)F)cc2)c1,5.468521082957745,1,EC50,FXR,CHEMBL2047
O=C(O)c1cccc(NC(=O)c2ccc(Cl)cc2NC(=O)c2ccc(C(F)(F)F)cc2)c1,5.6777807052660805,1,EC50,FXR,CHEMBL2047
O=C(O)c1cccc(NC(=O)c2ccc(OCC3CC3)cc2)c1,6.856985199745905,1,EC50,FXR,CHEMBL2047
O=C(O)c1cccc(NC(=O)c2ccc(OCCCCc3ccccc3)cc2)c1,7.585026652029182,1,EC50,FXR,CHEMBL2047
O=C(O)c1cccc(NC(=O)c2ccc(OCc3c(-c4c(Cl)cccc4Cl)noc3-c3ccc(-c4ccccc4)cc3)cc2Cl)c1,5.431798275933005,2,IC50,FXR,CHEMBL2047
O=C(O)c1cccc(NC(=O)c2ccc(OCc3c(-c4c(Cl)cccc4Cl)noc3-c3ccc4ccccc4c3)cc2Cl)c1,5.3979400086720375,2,IC50,FXR,CHEMBL2047
O=C(O)c1cccc(NC(=O)c2ccc(OCc3cccc(-c4ccccc4)c3)cc2)c1,6.496209316942819,1,EC50,FXR,CHEMBL2047
O=C(O)c1cccc(NC(=O)c2ccc(OCc3ccccc3)cc2)c1,7.45531241959195,2,EC50,FXR,CHEMBL2047
O=C(O)c1cccc(NC(=O)c2ccc(Oc3ccccc3)cc2)c1,7.506614132866877,2,EC50,FXR,CHEMBL2047
O=C(O)c1cccc(NC(=O)c2cccc(-c3cccc(OCC4CC4)c3)c2)c1,6.686132779630847,1,EC50,FXR,CHEMBL2047
O=C(O)c1cccc(NC(=O)c2cccc(-c3cccc(OCCc4ccccc4)c3)c2)c1,6.772113295386326,1,EC50,FXR,CHEMBL2047
O=C(O)c1cccc(NC(=O)c2cccc(-c3cccc(OCc4ccccc4)c3)c2)c1,6.723538195826755,1,EC50,FXR,CHEMBL2047
O=C(O)c1cccc(NC(=O)c2cccc(-c3ccccc3)c2)c1,7.6020599913279625,1,EC50,FXR,CHEMBL2047
O=C(O)c1cccc(NC(=O)c2cccc(OCC3CC3)c2)c1,5.899974269892137,1,EC50,FXR,CHEMBL2047
O=C(O)c1cccc(NC(=O)c2cccc(OCc3ccccc3)c2)c1,5.9344202852715515,1,EC50,FXR,CHEMBL2047
O=C(O)c1cccc(NC(=O)c2ccccc2NC(=O)c2ccc(Br)cc2)c1,5.431798275933005,2,EC50,FXR,CHEMBL2047
O=C(O)c1cccc(NC(=O)c2ccccc2NC(=O)c2ccc(C(F)(F)F)c(F)c2)c1,5.301029995663981,2,EC50,FXR,CHEMBL2047
O=C(O)c1cccc(NC(=O)c2ccccc2NC(=O)c2ccc(C(F)(F)F)cc2)c1,5.161150909262744,2,EC50,FXR,CHEMBL2047
O=C(O)c1cccc(NC(=O)c2ccccc2NC(=O)c2ccc3c(c2)OCCO3)c1,5.309803919971486,1,EC50,FXR,CHEMBL2047
O=C(O)c1cccc(NC(=O)c2ccccc2NC(=O)c2ccc3c(c2)OCO3)c1,5.0,2,EC50,FXR,CHEMBL2047
O=C(O)c1cccc(NC(=O)c2ccccc2NC(=O)c2ccc3ccccc3c2)c1,5.823908740944319,3,EC50,FXR,CHEMBL2047
O=C(O)c1cccc(NC(=O)c2csc(-c3ccc(C(F)(F)F)cc3)n2)c1,5.771343041891065,1,EC50,FXR,CHEMBL2047
O=C(O)c1cccc(NC(=O)c2nc(-c3ccccc3)cs2)c1,5.541362150974351,1,EC50,FXR,CHEMBL2047
O=C(O)c1cccc(OCc2ccc(OCc3c(-c4c(Cl)cccc4Cl)noc3C3CC3)nc2C(F)(F)F)c1,7.366531544420414,1,EC50,FXR,CHEMBL2047
O=C(O)c1cccc([C@@H]2C[C@H]2c2ccc(OCc3c(-c4c(Cl)cccc4Cl)noc3C3CC3)cc2Cl)c1,7.641164748498869,2,EC50,FXR,CHEMBL2047
O=C(O)c1cccc([C@H]2C[C@@H](c3ccc(OCc4c(-c5c(Cl)cccc5Cl)noc4C4CC4)cc3Cl)C2)c1,7.074860723740981,2,EC50,FXR,CHEMBL2047
O=C(O)c1cccc([C@H]2C[C@@H]2c2ccc(OCc3c(-c4c(Cl)cccc4Cl)noc3C3CC3)cc2Cl)c1,6.852656687860279,2,EC50,FXR,CHEMBL2047
O=C(O)c1cccc([C@H]2C[C@H](c3ccc(OCc4c(-c5c(Cl)cccc5Cl)noc4C4CC4)cc3Cl)C2)c1,7.721848749616356,2,EC50,FXR,CHEMBL2047
O=C(O)c1cccc([C@H]2C[C@](O)(c3ccc(OCc4c(-c5c(Cl)cccc5Cl)noc4C4CC4)cc3Cl)C2)c1,7.569830996714503,2,EC50,FXR,CHEMBL2047
O=C(O)c1cccc([C@H]2C[C@](OCCO)(c3ccc(OCc4c(-c5c(Cl)cccc5Cl)noc4C4CC4)cc3Cl)C2)c1,6.42597490899276,2,EC50,FXR,CHEMBL2047
O=C(O)c1cccc2c1CN(C(=O)N1[C@@H]3CC[C@H]1C[C@@H](OCc1c(-c4c(Cl)cccc4Cl)noc1C1CC1)C3)C2,7.886056647693163,1,EC50,FXR,CHEMBL2047
O=C(O)c1cccc2c1CN(C(=O)N1[C@@H]3CC[C@H]1C[C@@H](OCc1c(-c4ccccc4OC(F)(F)F)noc1C1CC1)C3)C2,7.6777807052660805,1,EC50,FXR,CHEMBL2047
O=C(O)c1ccccc1-c1ccc(Cn2ccc(OCc3c(-c4c(Cl)cccc4Cl)noc3-c3cccs3)n2)cc1,5.376750709602099,1,IC50,FXR,CHEMBL2047
O=C(O)c1ccccc1-c1ccc(Cn2ccc(OCc3c(-c4ccccc4Cl)noc3-c3cccs3)n2)cc1,4.956820084662626,2,IC50,FXR,CHEMBL2047
O=C(O)c1ccccc1-c1ccccc1C(=O)N1CCN(Cc2ccc3c(c2)OCO3)CC1,5.2225731776106885,1,EC50,FXR,CHEMBL2047
O=C(O)c1ccccc1NC(=O)C(C1CCCCC1)n1c(-c2ccc(Cl)cc2)nc2cc(F)c(F)cc21,6.494850021680094,1,IC50,FXR,CHEMBL2047
O=C(O)c1ccccc1OCc1ccc(OCc2c(-c3c(Cl)cccc3Cl)noc2C2CC2)nc1C(F)(F)F,6.362510270487489,1,EC50,FXR,CHEMBL2047
O=C(O)c1ccnc(N2CC(O)(c3ccc(OCc4c(-c5c(Cl)cccc5Cl)noc4C4CC4)cc3Cl)C2)c1,7.605562442112292,2,EC50,FXR,CHEMBL2047
O=C(O)c1cnc(N2C(=O)CCc3cc(OCc4c(-c5c(Cl)cccc5Cl)noc4C4CC4)ccc32)c(Cl)c1,7.886056647693163,1,EC50,FXR,CHEMBL2047
O=C(O)c1cnc(N2CC(O)(c3ccc(OCc4c(-c5c(Cl)cccc5Cl)noc4C4CC4)cc3Cl)C2)c(F)c1,8.332773124424534,2,EC50,FXR,CHEMBL2047
O=C(O)c1cnc(N2CC(O)(c3ccc(OCc4c(-c5c(Cl)cncc5Cl)noc4C4CC4)cc3Cl)C2)c(F)c1,8.331170554486928,2,EC50,FXR,CHEMBL2047
O=C(O)c1cnc2c(c1)Oc1cnc(OCc3c(-c4c(Cl)cccc4Cl)noc3C3CC3)cc1CC2,7.7447274948966935,1,EC50,FXR,CHEMBL2047
O=C(O)c1cncc(C2CC2c2ccc(OCc3c(-c4c(Cl)cccc4Cl)noc3C3CC3)cc2Cl)c1,7.926935982160881,2,EC50,FXR,CHEMBL2047
O=C(O)c1cncc(N2CC(O)(c3ccc(OCc4c(-c5c(Cl)cccc5Cl)noc4C4CC4)cc3Cl)C2)c1,7.206481441128272,2,EC50,FXR,CHEMBL2047
O=C(O)c1coc2cc(N3CCC(F)(COCc4c(-c5c(Cl)cccc5Cl)noc4C4CC4)CC3)ccc12,6.603804155250873,2,EC50,FXR,CHEMBL2047
O=C(O)c1coc2cc(N3CCC4(CC3)CC(COCc3c(-c5c(Cl)cccc5Cl)noc3C3CC3)C4)ccc12,6.025604598073137,2,EC50,FXR,CHEMBL2047
O=C(O)c1csc2cc(N3C4CCC3CC(F)(COCc3c(-c5ccccc5OC(F)(F)F)noc3C3CC3)C4)ccc12,7.612741517135725,2,EC50,FXR,CHEMBL2047
O=C(O)c1csc2cc(N3CCC(F)(COCc4c(-c5c(Cl)cccc5Cl)noc4C4CC4)CC3)ccc12,6.2784154621019415,2,EC50,FXR,CHEMBL2047
O=C(O)c1csc2cc(N3CCC(F)(COCc4c(-c5cccc(OC(F)(F)F)c5)noc4C4CC4)CC3)ccc12,5.657200778720949,2,EC50,FXR,CHEMBL2047
O=C(O)c1csc2cc(N3CCC(F)(COCc4c(-c5ccccc5C(F)(F)F)noc4C4CC4)CC3)ccc12,6.509135987319191,2,EC50,FXR,CHEMBL2047
O=C(O)c1csc2cc(N3CCC(F)(COCc4c(-c5ccccc5F)noc4C4CC4)CC3)ccc12,5.921892058661618,2,EC50,FXR,CHEMBL2047
O=C(O)c1csc2cc(N3CCC(F)(COCc4c(-c5ccccc5OC(F)(F)F)noc4C4CC4)CC3)ccc12,7.336832069535625,2,EC50,FXR,CHEMBL2047
O=C(O)c1csc2cc(N3CCC4(CC3)CC(COCc3c(-c5c(Cl)cccc5Cl)noc3C3CC3)C4)ccc12,7.218800031216586,2,EC50,FXR,CHEMBL2047
O=C(O)c1csc2cc(N3CCC4(CC3)CC(COCc3c(-c5c(F)cccc5Cl)noc3C3CC3)C4)ccc12,6.312647588621092,2,EC50,FXR,CHEMBL2047
O=C(O)c1csc2cc(N3CCC4(CC3)CC(COCc3c(-c5ccccc5OC(F)(F)F)noc3C3CC3)C4)ccc12,6.763930533924497,2,EC50,FXR,CHEMBL2047
O=C(O)c1sc(NC(=O)C(C2CCCCC2)n2c(-c3ccc(Cl)cc3)nc3cc(F)c(F)cc32)nc1C(F)(F)F,6.698970004336019,1,IC50,FXR,CHEMBL2047
O=C(c1ccc(OCCN2CCCCC2)cc1)c1c(-c2ccc(O)cc2)sc2cc(O)ccc12,4.93704216591549,1,IC50,FXR,CHEMBL2047
O=C1CCc2cc(OCc3c(-c4c(Cl)cccc4Cl)noc3C3CC3)ccc2N1c1ncc(O)cc1F,8.045757490560675,1,EC50,FXR,CHEMBL2047
O=C1Nc2cc(Br)ccc2/C1=C1/Nc2ccccc2/C1=N\O,5.468521082957745,1,IC50,FXR,CHEMBL2047
O=S(=O)(c1ccc(F)cc1)N(CC(F)(F)F)c1ccc(C(O)(C(F)(F)F)C(F)(F)F)cc1,6.0,2,EC50,FXR,CHEMBL2047
O=S(=O)(c1ccccc1)N(CC(F)(F)F)c1ccc(C(O)(C(F)(F)F)C(F)(F)F)cc1,5.78626637134282,5,"EC50,IC50",FXR,CHEMBL2047
OCCCCCN1CCCC1c1nc(-c2ccc3ccccc3c2)no1,4.638272163982407,1,IC50,FXR,CHEMBL2047
OCCCCCN1CCCCC1c1nc(-c2ccc3ccccc3c2)no1,4.978810700930062,1,IC50,FXR,CHEMBL2047
OCCCCN1CCC(c2nc(-c3ccc4ccccc4c3)no2)CC1,5.931814138253838,1,IC50,FXR,CHEMBL2047
OCCCCN1CCCC[C@H]1c1nc(-c2ccc3ccccc3c2)no1,5.154901959985743,1,IC50,FXR,CHEMBL2047
OCCCCN1CCC[C@H]1c1nc(-c2ccc3ccccc3c2)no1,4.471083299722345,1,IC50,FXR,CHEMBL2047
OCCCN1CCC(c2nc(-c3ccc4ccccc4c3)no2)CC1,4.393618634889395,1,IC50,FXR,CHEMBL2047
OCCCN1CCCC[C@H]1c1nc(-c2ccc3ccccc3c2)no1,4.568636235841013,1,IC50,FXR,CHEMBL2047
OCCCN1CCC[C@H]1c1nc(-c2ccc3ccccc3c2)no1,4.688246138944246,1,IC50,FXR,CHEMBL2047
c1ccc(-c2noc(-c3ccccc3)n2)cc1,6.275724130399211,1,EC50,FXR,CHEMBL2047
c1ccc(CNc2c(-c3cccs3)nc3ccc(-c4ccccc4)cn23)cc1,6.698970004336019,1,EC50,FXR,CHEMBL2047
c1ccc(CNc2c(-c3cccs3)nc3ccccn23)cc1,5.3979400086720375,1,EC50,FXR,CHEMBL2047
c1ccc2cc(-c3noc(C4CCNCC4)n3)ccc2c1,6.236572006437063,1,IC50,FXR,CHEMBL2047
c1ccc2cc(-c3noc([C@@H]4CCCCN4)n3)ccc2c1,6.896196279044043,1,IC50,FXR,CHEMBL2047
c1ccc2cc(-c3noc([C@@H]4CCCN4)n3)ccc2c1,4.462180904926726,1,IC50,FXR,CHEMBL2047
C#CC(=O)Nc1ccc(CCCCCC)cc1,4.454692883534176,1,IC50,THRb,CHEMBL1947
C#CC(=O)Oc1ccc(CCCCCC)cc1,5.207608310501746,1,IC50,THRb,CHEMBL1947
C#C[C@]1(O)CC[C@H]2[C@@H]3CCC4=CC(=O)CCC4=C3[C@@H](c3ccc(N(C)CCCOC4CC[C@@]5(C)[C@@H](C4)C[C@@H](O)[C@@H]4[C@@H]5C[C@H](O)[C@]5(C)[C@@H]([C@H](C)CCC(=O)O)CC[C@@H]45)cc3)C[C@@]21C,5.721246399047171,1,Ki,THRb,CHEMBL1947
C#C[C@]1(O)CC[C@H]2[C@@H]3CCC4=CC(=O)CCC4=C3[C@@H](c3ccc(N(C)CCOC4CC[C@@]5(C)[C@@H](C4)C[C@@H](O)[C@@H]4[C@@H]5C[C@H](O)[C@]5(C)[C@@H]([C@H](C)CCC(=O)O)CC[C@@H]45)cc3)C[C@@]21C,5.823908740944319,1,Ki,THRb,CHEMBL1947
C#Cc1nn(-c2cc(Cl)c(Oc3cc(C(C)C)c(=O)[nH]n3)c(Cl)c2)c(=O)[nH]c1=O,7.494426319612101,2,EC50,THRb,CHEMBL1947
C/C=C/C(=O)c1ccc(CCCCCCC)cc1,5.119186407719209,1,IC50,THRb,CHEMBL1947
C=C(C)C(=O)c1ccc(CCCCCCC)cc1,4.634512015109101,1,IC50,THRb,CHEMBL1947
C=CC(=O)Nc1ccc(CCCCCC)cc1,4.692503962086787,1,IC50,THRb,CHEMBL1947
C=CC(=O)Oc1ccc(CCC)cc1,4.214670164989233,1,IC50,THRb,CHEMBL1947
C=CC(=O)Oc1ccc(CCCCC)cc1,4.253365801062421,1,IC50,THRb,CHEMBL1947
C=CC(=O)Oc1ccccc1CCCCCC,5.086186147616283,1,IC50,THRb,CHEMBL1947
C=CC(=O)[C@H]1CC[C@H](CC(C)(C)C)CC1,4.1605219526258015,1,IC50,THRb,CHEMBL1947
C=CC(=O)c1ccc(CC(C)(C)C)cc1,4.361510743045363,1,IC50,THRb,CHEMBL1947
C=CC(=O)c1ccc(CCC)cc1,4.0,1,IC50,THRb,CHEMBL1947
C=CC(=O)c1ccc(CCCC)cc1,4.180456064458132,1,IC50,THRb,CHEMBL1947
C=CC(=O)c1ccc(CCCCC)cc1,4.4698003017969175,1,IC50,THRb,CHEMBL1947
C=CC(=O)c1ccc(CCCCCC)cc1,5.277197898363202,2,IC50,THRb,CHEMBL1947
C=CC(=O)c1ccc(CCCCCCC)cc1,4.978810700930062,1,IC50,THRb,CHEMBL1947
C=CC(=O)c1ccc(CCCCCCCC)cc1,4.943095148663527,1,IC50,THRb,CHEMBL1947
C=CC(=O)c1ccc(NC(=O)CCC)cc1,4.066006836168758,1,IC50,THRb,CHEMBL1947
CC(C)(C)c1cc(Oc2c(Cl)cc(NC(=O)c3noc(=O)[nH]3)cc2Cl)n[nH]c1=O,6.543633966870956,1,EC50,THRb,CHEMBL1947
CC(C)(O)c1cc(Oc2c(Cl)cc(NC(=O)c3noc(=O)[nH]3)cc2Cl)n[nH]c1=O,6.673664139071249,1,EC50,THRb,CHEMBL1947
CC(C)C(=O)Nc1ccc(Oc2c(Cl)cc(CC(=O)O)cc2Cl)cc1Br,7.741528239642181,3,IC50,THRb,CHEMBL1947
CC(C)CCOc1c(Br)cc(CC(=O)O)cc1Br,5.408242634910973,3,IC50,THRb,CHEMBL1947
CC(C)CCOc1c(Br)cc(CCC(=O)O)cc1Br,5.741575968244306,3,IC50,THRb,CHEMBL1947
CC(C)c1cc(C(=O)c2c(Cl)cc(NC(=O)c3noc(=O)[nH]3)cc2Cl)nn(C)c1=O,5.675306086138225,1,EC50,THRb,CHEMBL1947
CC(C)c1cc(C(=O)c2c(Cl)cc(NCc3noc(=O)[nH]3)cc2Cl)nn(C)c1=O,6.567030709125595,1,EC50,THRb,CHEMBL1947
CC(C)c1cc(Cc2c(Br)cc(CC(=O)O)cc2Br)n[nH]c1=O,6.221848749616356,1,EC50,THRb,CHEMBL1947
CC(C)c1cc(Cc2c(Br)cc(OCC(=O)O)cc2Br)ccc1O,9.05551732784983,1,EC50,THRb,CHEMBL1947
CC(C)c1cc(Cc2c(Cl)cc(-n3nc(C#N)c(=O)[nH]c3=O)cc2Cl)n[nH]c1=O,6.657577319177793,1,EC50,THRb,CHEMBL1947
CC(C)c1cc(Cc2c(Cl)cc(-n3nc(C#N)c(=O)[nH]c3=O)cc2Cl)nn(C)c1=O,6.853871964321762,1,EC50,THRb,CHEMBL1947
CC(C)c1cc(Cc2c(Cl)cc(-n3ncc(=O)[nH]c3=O)cc2Cl)n[nH]c1=O,7.045757490560675,1,EC50,THRb,CHEMBL1947
CC(C)c1cc(Cc2c(Cl)cc(CC(=O)O)cc2Cl)n[nH]c1=O,5.52432881167557,1,EC50,THRb,CHEMBL1947
CC(C)c1cc(Cc2c(Cl)cc(OCC(=O)O)cc2Cl)ccc1O,8.906578314837764,1,EC50,THRb,CHEMBL1947
CC(C)c1cc(Cn2ccc3c(NC(=O)C(=O)O)cccc32)ccc1O,6.25014492939155,3,"EC50,IC50",THRb,CHEMBL1947
CC(C)c1cc(Cn2ccc3cc(OCC(=O)O)cc(Cl)c32)ccc1O,10.154901959985743,1,Ki,THRb,CHEMBL1947
CC(C)c1cc(Cn2ccc3cc(OCC(=O)O)ccc32)ccc1O,8.98296666070122,1,Ki,THRb,CHEMBL1947
CC(C)c1cc(Oc2c(Br)cc(C(=O)O)cc2Br)cc(C(C)C)c1O,5.867176275319816,4,IC50,THRb,CHEMBL1947
CC(C)c1cc(Oc2c(Br)cc(C(=O)O)cc2Br)ccc1O,8.679301275101821,3,IC50,THRb,CHEMBL1947
CC(C)c1cc(Oc2c(Br)cc(CC(=O)NCC(=O)O)cc2Br)ccc1O,8.568636235841012,1,IC50,THRb,CHEMBL1947
CC(C)c1cc(Oc2c(Br)cc(CC(=O)N[C@@H](C(=O)O)C(C)C)cc2Br)ccc1O,9.148741651280925,1,IC50,THRb,CHEMBL1947
CC(C)c1cc(Oc2c(Br)cc(CC(=O)N[C@@H](C(=O)O)c3ccccc3)cc2Br)ccc1O,9.221848749616356,1,IC50,THRb,CHEMBL1947
CC(C)c1cc(Oc2c(Br)cc(CC(=O)N[C@@H](C)C(=O)O)cc2Br)ccc1O,8.886056647693163,1,IC50,THRb,CHEMBL1947
CC(C)c1cc(Oc2c(Br)cc(CC(=O)N[C@@H](CC(=O)O)C(=O)O)cc2Br)ccc1O,6.537602002101044,1,IC50,THRb,CHEMBL1947
CC(C)c1cc(Oc2c(Br)cc(CC(=O)N[C@H](C(=O)O)C(C)C)cc2Br)cc(Cl)c1O,5.853871964321762,1,IC50,THRb,CHEMBL1947
CC(C)c1cc(Oc2c(Br)cc(CC(=O)N[C@H](C(=O)O)C(C)C)cc2Br)cc(F)c1O,7.920818753952375,1,IC50,THRb,CHEMBL1947
CC(C)c1cc(Oc2c(Br)cc(CC(=O)N[C@H](C(=O)O)C(C)C)cc2Br)ccc1O,9.568636235841012,1,IC50,THRb,CHEMBL1947
CC(C)c1cc(Oc2c(Br)cc(CC(=O)N[C@H](C(=O)O)c3ccccc3)cc2Br)ccc1O,9.10790539730952,1,IC50,THRb,CHEMBL1947
CC(C)c1cc(Oc2c(Br)cc(CC(=O)N[C@H](C)C(=O)O)cc2Br)ccc1O,8.229147988357855,1,IC50,THRb,CHEMBL1947
CC(C)c1cc(Oc2c(Br)cc(CC(=O)N[C@H](CC(=O)O)C(=O)O)cc2Br)ccc1O,7.585026652029182,1,IC50,THRb,CHEMBL1947
CC(C)c1cc(Oc2c(Br)cc(CC(=O)O)cc2Br)ccc1O,9.956703210118167,5,"EC50,IC50",THRb,CHEMBL1947
CC(C)c1cc(Oc2c(Br)cc(CC(=O)O)cc2Br)n[nH]c1=O,6.337242168318426,1,EC50,THRb,CHEMBL1947
CC(C)c1cc(Oc2c(Br)cc(CC3NC(=O)NC3=O)cc2Br)ccc1O,6.935283962922213,2,EC50,THRb,CHEMBL1947
CC(C)c1cc(Oc2c(Br)cc(CCC(=O)O)cc2Br)cc(/C=C/c2ccncc2)c1O,7.657577319177793,1,IC50,THRb,CHEMBL1947
CC(C)c1cc(Oc2c(Br)cc(CCC(=O)O)cc2Br)ccc1O,10.600673573732548,3,IC50,THRb,CHEMBL1947
CC(C)c1cc(Oc2c(Br)cc(CCC(=O)O)cc2Br)n[nH]c1=O,6.154901959985743,1,EC50,THRb,CHEMBL1947
CC(C)c1cc(Oc2c(Br)cc(CCP(=O)(O)O)cc2Br)ccc1O,8.602059991327963,1,Ki,THRb,CHEMBL1947
CC(C)c1cc(Oc2c(Br)cc(CP(=O)(O)O)cc2Br)ccc1O,7.809668301829708,1,Ki,THRb,CHEMBL1947
CC(C)c1cc(Oc2c(Br)cc(NC(=O)CC(=O)O)c3c2CCC3)ccc1O,8.924453038607469,1,Ki,THRb,CHEMBL1947
CC(C)c1cc(Oc2c(Br)cc(NC(=O)CC(=O)O)c3c2CCCC3)ccc1O,6.521433504406156,1,Ki,THRb,CHEMBL1947
CC(C)c1cc(Oc2c(Br)cc(NC(=O)CC(=O)O)cc2Br)ccc1O,9.366531544420413,1,Ki,THRb,CHEMBL1947
CC(C)c1cc(Oc2c(Br)cc(NCP(=O)(O)O)cc2Br)ccc1O,8.821023052706831,1,Ki,THRb,CHEMBL1947
CC(C)c1cc(Oc2c(Br)cc(OCP(=O)(O)O)cc2Br)ccc1O,8.600326278518962,1,Ki,THRb,CHEMBL1947
CC(C)c1cc(Oc2c(Br)cc3[nH]c(C(=O)O)cc3c2Br)ccc1O,9.551450489942221,2,IC50,THRb,CHEMBL1947
CC(C)c1cc(Oc2c(Br)cc3c(c2Br)CC(C(=O)O)C3)ccc1O,8.070581074285707,1,IC50,THRb,CHEMBL1947
CC(C)c1cc(Oc2c(Br)cc3c(c2Br)CC(C(=O)O)N3)ccc1O,8.070019409484486,1,IC50,THRb,CHEMBL1947
CC(C)c1cc(Oc2c(Br)cc3nc(C(=O)O)cc(O)c3c2Br)ccc1O,7.291198562418154,2,IC50,THRb,CHEMBL1947
CC(C)c1cc(Oc2c(Cl)cc(-c3cc(=O)[nH]o3)cc2Cl)n[nH]c1=O,6.047691990337874,1,EC50,THRb,CHEMBL1947
CC(C)c1cc(Oc2c(Cl)cc(-c3cc(=O)[nH]o3)cc2Cl)nn(C)c1=O,7.215382707367125,1,EC50,THRb,CHEMBL1947
CC(C)c1cc(Oc2c(Cl)cc(-c3noc(=O)[nH]3)cc2Cl)n[nH]c1=O,6.537602002101044,1,EC50,THRb,CHEMBL1947
CC(C)c1cc(Oc2c(Cl)cc(-n3nc(C#N)c(=O)[nH]c3=O)cc2Cl)n[nH]c1=O,6.483146426651776,6,EC50,THRb,CHEMBL1947
CC(C)c1cc(Oc2c(Cl)cc(-n3nc(C#N)c(=O)[nH]c3=O)cc2Cl)nn(C)c1=O,7.3979400086720375,1,EC50,THRb,CHEMBL1947
CC(C)c1cc(Oc2c(Cl)cc(-n3nc(C(N)=O)c(=O)[nH]c3=O)cc2Cl)n[nH]c1=O,5.055024091587953,1,EC50,THRb,CHEMBL1947
CC(C)c1cc(Oc2c(Cl)cc(-n3nc(CC#N)c(=O)[nH]c3=O)cc2Cl)n[nH]c1=O,6.131943638176958,1,EC50,THRb,CHEMBL1947
CC(C)c1cc(Oc2c(Cl)cc(-n3nc(CC(=O)O)c(=O)[nH]c3=O)cc2Cl)n[nH]c1=O,4.5376020021010435,1,EC50,THRb,CHEMBL1947
CC(C)c1cc(Oc2c(Cl)cc(-n3nc(CO)c(=O)[nH]c3=O)cc2Cl)n[nH]c1=O,5.567030709125595,1,EC50,THRb,CHEMBL1947
CC(C)c1cc(Oc2c(Cl)cc(-n3nc(N)c(=O)[nH]c3=O)cc2Cl)n[nH]c1=O,7.2508447231052,2,EC50,THRb,CHEMBL1947
CC(C)c1cc(Oc2c(Cl)cc(-n3nc(NC(=O)OC(C)(C)C)c(=O)[nH]c3=O)cc2Cl)n[nH]c1=O,6.204119982655925,1,EC50,THRb,CHEMBL1947
CC(C)c1cc(Oc2c(Cl)cc(-n3ncc(=O)[nH]c3=O)cc2Cl)n[nH]c1=O,6.920818753952375,1,EC50,THRb,CHEMBL1947
CC(C)c1cc(Oc2c(Cl)cc(C(=O)O)cc2Cl)ccc1O,7.465453141562445,4,"EC50,IC50",THRb,CHEMBL1947
CC(C)c1cc(Oc2c(Cl)cc(CC(=O)O)cc2Cl)ccc1O,8.937379026601516,10,"Ki,EC50,IC50",THRb,CHEMBL1947
CC(C)c1cc(Oc2c(Cl)cc(CC(=O)O)cc2Cl)n[nH]c1=O,5.623423042943488,1,EC50,THRb,CHEMBL1947
CC(C)c1cc(Oc2c(Cl)cc(CC(=O)O)cc2Cl)nn(C)c1=O,6.113509274827518,1,EC50,THRb,CHEMBL1947
CC(C)c1cc(Oc2c(Cl)cc(CCC(=O)O)cc2Cl)ccc1O,9.754124739818497,4,"EC50,IC50",THRb,CHEMBL1947
CC(C)c1cc(Oc2c(Cl)cc(CP(=O)(O)O)cc2Cl)ccc1O,7.281498311132726,1,Ki,THRb,CHEMBL1947
CC(C)c1cc(Oc2c(Cl)cc(NC(=O)C(=O)O)cc2Cl)n[nH]c1=O,6.920818753952375,1,EC50,THRb,CHEMBL1947
CC(C)c1cc(Oc2c(Cl)cc(NC(=O)CC(=O)O)c(Cl)c2Cl)ccc1O,8.812479279163536,1,Ki,THRb,CHEMBL1947
CC(C)c1cc(Oc2c(Cl)cc(NC(=O)c3noc(=O)[nH]3)c(F)c2Cl)n[nH]c1=O,6.779891911959945,1,EC50,THRb,CHEMBL1947
CC(C)c1cc(Oc2c(Cl)cc(NC(=O)c3noc(=O)[nH]3)c(F)c2Cl)nn(C)c1=O,7.403844536790441,2,EC50,THRb,CHEMBL1947
CC(C)c1cc(Oc2c(Cl)cc(NC(=O)c3noc(=O)[nH]3)c3c2CCC3)nn(C)c1=O,6.7258421507363195,1,EC50,THRb,CHEMBL1947
CC(C)c1cc(Oc2c(Cl)cc(NC(=O)c3noc(=O)[nH]3)cc2Cl)n[nH]c1=O,7.16491048330083,2,EC50,THRb,CHEMBL1947
CC(C)c1cc(Oc2c(Cl)cc(NC(=O)c3noc(=O)[nH]3)cc2Cl)nn(C)c1=O,7.449322396217797,2,EC50,THRb,CHEMBL1947
CC(C)c1cc(Oc2c(Cl)cc(NCC(=O)O)cc2Cl)n[nH]c1=O,6.173925197299173,1,EC50,THRb,CHEMBL1947
CC(C)c1cc(Oc2c(Cl)cc(NCP(=O)(O)O)cc2Cl)ccc1O,7.515700160653214,1,Ki,THRb,CHEMBL1947
CC(C)c1cc(Oc2c(Cl)cc(NCc3noc(=O)[nH]3)cc2Cl)n[nH]c1=O,7.315642770465686,2,EC50,THRb,CHEMBL1947
CC(C)c1cc(Oc2c(Cl)cc(NCc3noc(=O)[nH]3)cc2Cl)nn(C)c1=O,7.736882069185058,2,EC50,THRb,CHEMBL1947
CC(C)c1cc(Oc2c(Cl)cc(N[C@@H](C)c3noc(=O)[nH]3)cc2Cl)nn(C)c1=O,6.557520230935552,1,EC50,THRb,CHEMBL1947
CC(C)c1cc(Oc2c(Cl)cc(N[C@H](C)c3noc(=O)[nH]3)cc2Cl)nn(C)c1=O,6.135488918941608,1,EC50,THRb,CHEMBL1947
CC(C)c1cc(Oc2c(Cl)cc(OCc3noc(=O)[nH]3)cc2Cl)nn(C)c1=O,7.235823867609669,1,EC50,THRb,CHEMBL1947
CC(C)c1cc(Oc2c(Cl)cc3[nH]c(C(=O)O)cc(=O)c3c2Cl)ccc1O,6.940177436108664,2,IC50,THRb,CHEMBL1947
CC(C)c1cc(Oc2c(Cl)cc3[nH]c(C(=O)O)cc3c2Cl)ccc1O,10.221222790631792,3,"Ki,IC50",THRb,CHEMBL1947
CC(C)c1cc(Oc2c(I)cc(CC(N)C(=O)O)cc2I)ccc1O,9.96018944585165,1,IC50,THRb,CHEMBL1947
CC(C)c1cc(Oc2c(I)cc(CC3NC(=O)NC3=O)cc2I)ccc1O,6.822753699705282,2,EC50,THRb,CHEMBL1947
CC(C)c1cc(Oc2c(I)cc(CP(=O)(O)O)cc2I)ccc1O,9.075720713938118,1,Ki,THRb,CHEMBL1947
CC(C)c1cc(Oc2c(I)cc(C[C@@H](N)C(=O)O)cc2I)ccc1O,9.959398380346713,2,IC50,THRb,CHEMBL1947
CC(C)c1cc(Oc2c(I)cc(OCP(=O)(O)O)cc2I)ccc1O,9.013228265733755,1,Ki,THRb,CHEMBL1947
CC(C)c1cc(S(=O)(=O)c2c(Cl)cc(CC(=O)O)cc2Cl)n[nH]c1=O,5.156144577376839,1,EC50,THRb,CHEMBL1947
CC(C)c1cc(Sc2c(Cl)cc(CC(=O)O)cc2Cl)n[nH]c1=O,5.690369832574101,1,EC50,THRb,CHEMBL1947
CC(C)c1cc([S+]([O-])c2c(Cl)cc(CC(=O)O)cc2Cl)n[nH]c1=O,5.0376306643299795,1,EC50,THRb,CHEMBL1947
CC(C)c1cccc(-c2cc(Oc3c(Cl)cc(CC(=O)O)cc3Cl)ccc2O)c1,8.400007822415901,2,IC50,THRb,CHEMBL1947
CC(C)c1cccc(-c2nn3c(c2-c2ccnc4ccccc24)CCC3)n1,5.886056647693163,1,IC50,THRb,CHEMBL1947
CC(C)n1c(=O)ccc2c1ccn2-c1c(Cl)cc(-c2n[nH]c(=O)[nH]c2=O)cc1Cl,7.3979400086720375,1,EC50,THRb,CHEMBL1947
CC(C)n1c(=O)ccc2c1ccn2-c1c(Cl)cc(-c2nn(C)c(=O)[nH]c2=O)cc1Cl,8.045757490560675,1,EC50,THRb,CHEMBL1947
CC(C)n1c(=O)ccc2c1ccn2-c1c(Cl)cc(-n2nc(C#N)c(=O)[nH]c2=O)cc1Cl,7.522878745280337,1,EC50,THRb,CHEMBL1947
CC(C)n1c(=O)ccc2c1ccn2-c1c(Cl)cc(NC(=O)CC(=O)O)cc1Cl,6.6777807052660805,1,EC50,THRb,CHEMBL1947
CC(C)n1c(=O)ccc2c1ccn2-c1c(Cl)cc(NC(=O)c2noc(=O)[nH]2)cc1Cl,6.698970004336019,1,EC50,THRb,CHEMBL1947
CC(CO)c1cc(Oc2c(Cl)cc(NC(=O)c3noc(=O)[nH]3)cc2Cl)n[nH]c1=O,6.329754146925875,1,EC50,THRb,CHEMBL1947
CC(CO)c1cc(Oc2c(Cl)cc(NC(=O)c3noc(=O)[nH]3)cc2Cl)nn(C)c1=O,6.118045028660399,1,EC50,THRb,CHEMBL1947
CC(O)c1cc(Oc2c(Cl)cc(NC(=O)c3noc(=O)[nH]3)cc2Cl)n[nH]c1=O,6.628932137728263,1,EC50,THRb,CHEMBL1947
CC1(C)C2CCC(NC(=O)c3cc(Oc4c(Cl)cc(-n5ncc(=O)[nH]c5=O)cc4Cl)ccc3O)C1C2,10.087421953332049,4,"Ki,IC50",THRb,CHEMBL1947
CC1(C)C2CCC1(C)[C@H](NC(=O)c1cc(Oc3c(Cl)cc(-n4ncc(=O)[nH]c4=O)cc3Cl)ccc1O)C2,8.99012436628784,1,IC50,THRb,CHEMBL1947
CC1CCN(C(=O)CNC(=O)c2ccc(S(C)(=O)=O)c([N+](=O)[O-])c2)CC1,4.42021640338319,1,IC50,THRb,CHEMBL1947
CCC(=O)Nc1ccc(Oc2c(Cl)cc(CC(=O)O)cc2Cl)cc1Br,6.85129835044627,3,IC50,THRb,CHEMBL1947
CCC(C)C(=O)Nc1ccc(Oc2c(Cl)cc(CC(=O)O)cc2Cl)cc1Br,8.368255346653502,2,IC50,THRb,CHEMBL1947
CCC(C)c1cc(Cc2c(C)cc(OCP(=O)(O)O)cc2C)ccc1O,8.177831920631982,1,Ki,THRb,CHEMBL1947
CCC(CC)C(=O)Nc1ccc(Oc2c(Cl)cc(CC(=O)O)cc2Cl)cc1Br,7.798607161412178,3,IC50,THRb,CHEMBL1947
CCC(CC)COc1c(Br)cc(CC(=O)O)cc1Br,6.112952510671715,4,IC50,THRb,CHEMBL1947
CCC(CC)COc1c(Br)cc(CCC(=O)O)cc1Br,6.090505177564462,3,IC50,THRb,CHEMBL1947
CCC(O)c1cc(Oc2c(Cl)cc(NC(=O)c3noc(=O)[nH]3)cc2Cl)n[nH]c1=O,7.063486257521107,1,EC50,THRb,CHEMBL1947
CCC1CC(O)C(C)CN1C(=O)c1cc(OC)c2oc(NCc3cccc(Cl)c3)nc2c1,7.886056647693163,1,IC50,THRb,CHEMBL1947
CCCC(=O)Nc1cccc2c1CCCC2,4.156144577376839,1,IC50,THRb,CHEMBL1947
CCCC(C)C(=O)Nc1ccc(Oc2c(Cl)cc(CC(=O)O)cc2Cl)cc1Br,7.329322467415757,3,IC50,THRb,CHEMBL1947
CCCC(CCC)C(=O)Nc1ccc(Oc2c(Cl)cc(CC(=O)O)cc2Cl)cc1Br,7.34891852709366,3,IC50,THRb,CHEMBL1947
CCCCCC(=O)Nc1ccc(C(=O)CCN(C)C)cc1,4.906578314837765,1,IC50,THRb,CHEMBL1947
CCCCCCCc1ccc(C(=O)CCN(C)C)cc1,5.017728766960431,1,IC50,THRb,CHEMBL1947
CCCCCCNC(=O)c1ccc(C(=O)CCN(C)C)cc1,5.09151498112135,1,IC50,THRb,CHEMBL1947
CCCCCCOc1c(Br)cc(CC(=O)O)cc1Br,5.890204867598513,4,IC50,THRb,CHEMBL1947
CCCCCCOc1c(Br)cc(CCC(=O)O)cc1Br,6.330923211421495,4,IC50,THRb,CHEMBL1947
CCCCCCOc1c(C)cc(C(=O)CCN(C)C)cc1C,5.301029995663981,1,IC50,THRb,CHEMBL1947
CCCCCCOc1cc(C(C)C)c(C(=O)CCN(C)C)cc1C,5.747146969020107,1,IC50,THRb,CHEMBL1947
CCCCCCOc1cc(C)c(C(=O)CCN(C)C)c(C)c1,6.154901959985743,1,IC50,THRb,CHEMBL1947
CCCCCCOc1cc(C)c(C(=O)CCN2CC2C)c(C)c1,5.187086643357144,1,IC50,THRb,CHEMBL1947
CCCCCCOc1cc(C)c(C(=O)CCN2CCN(C(C)=O)CC2)c(C)c1,5.721246399047171,1,IC50,THRb,CHEMBL1947
CCCCCCOc1cc(C)c(C(=O)CCN2CCN(S(=O)(=O)CC)CC2)c(C)c1,5.3979400086720375,1,IC50,THRb,CHEMBL1947
CCCCCCOc1cc(C)c(C(=O)CCN2CCNC(=O)C2)c(C)c1,4.723538195826756,1,IC50,THRb,CHEMBL1947
CCCCCCOc1cc(C)c(C(=O)CCN2CCOCC2)c(C)c1,5.698970004336019,1,IC50,THRb,CHEMBL1947
CCCCCCOc1cc(Cl)c(C(=O)CCN(C)C)c(Cl)c1,6.161150909262744,1,IC50,THRb,CHEMBL1947
CCCCCCOc1cc(Cl)c(C(=O)CCN(C)C)cc1Cl,6.221848749616356,1,IC50,THRb,CHEMBL1947
CCCCCCOc1cc(Cl)c(C(=O)CCN2CC2C)c(Cl)c1,5.327902142064282,1,IC50,THRb,CHEMBL1947
CCCCCCOc1cc(Cl)c(C(=O)CCN2CC2C)cc1Cl,5.301029995663981,1,IC50,THRb,CHEMBL1947
CCCCCCOc1cc(Cl)c(C(=O)CCN2CCN(C(C)=O)CC2)c(Cl)c1,6.221848749616356,1,IC50,THRb,CHEMBL1947
CCCCCCOc1cc(Cl)c(C(=O)CCN2CCN(C(C)=O)CC2)cc1Cl,6.096910013008056,1,IC50,THRb,CHEMBL1947
CCCCCCOc1cc(Cl)c(C(=O)CCN2CCN(S(=O)(=O)CC)CC2)c(Cl)c1,6.096910013008056,1,IC50,THRb,CHEMBL1947
CCCCCCOc1cc(Cl)c(C(=O)CCN2CCN(S(=O)(=O)CC)CC2)cc1Cl,5.769551078621726,1,IC50,THRb,CHEMBL1947
CCCCCCOc1cc(Cl)c(C(=O)CCN2CCNC(=O)C2)c(Cl)c1,5.823908740944319,1,IC50,THRb,CHEMBL1947
CCCCCCOc1cc(Cl)c(C(=O)CCN2CCNC(=O)C2)cc1Cl,5.698970004336019,1,IC50,THRb,CHEMBL1947
CCCCCCOc1cc(Cl)c(C(=O)CCN2CCOCC2)c(Cl)c1,6.096910013008056,1,IC50,THRb,CHEMBL1947
CCCCCCOc1cc(Cl)c(C(=O)CCN2CCOCC2)cc1Cl,5.853871964321762,1,IC50,THRb,CHEMBL1947
CCCCCCOc1ccc(C(=O)CCN(C)C)c(Br)c1,5.853871964321762,1,IC50,THRb,CHEMBL1947
CCCCCCOc1ccc(C(=O)CCN(C)C)c(C(F)(F)F)c1,5.721246399047171,1,IC50,THRb,CHEMBL1947
CCCCCCOc1ccc(C(=O)CCN(C)C)c(C)c1,5.275724130399211,1,IC50,THRb,CHEMBL1947
CCCCCCOc1ccc(C(=O)CCN(C)C)c(Cl)c1,5.7447274948966935,1,IC50,THRb,CHEMBL1947
CCCCCCOc1ccc(C(=O)CCN(C)C)c(Cl)c1Cl,5.958607314841775,1,IC50,THRb,CHEMBL1947
CCCCCCOc1ccc(C(=O)CCN(C)C)c(I)c1,5.6777807052660805,1,IC50,THRb,CHEMBL1947
CCCCCCOc1ccc(C(=O)CCN(C)C)c(OC)c1,4.5968794788241825,1,IC50,THRb,CHEMBL1947
CCCCCCOc1ccc(C(=O)CCN(C)C)c(S(C)(=O)=O)c1,5.619788758288394,1,IC50,THRb,CHEMBL1947
CCCCCCOc1ccc(C(=O)CCN(C)C)c(SC)c1,4.982966660701219,1,IC50,THRb,CHEMBL1947
CCCCCCOc1ccc(C(=O)CCN(C)C)c2ccccc12,5.3979400086720375,1,IC50,THRb,CHEMBL1947
CCCCCCOc1ccc(C(=O)CCN(C)C)cc1,4.782516055786093,1,IC50,THRb,CHEMBL1947
CCCCCCOc1ccc(C(=O)CCN(C)C)cc1-c1ccccc1,4.85078088734462,1,IC50,THRb,CHEMBL1947
CCCCCCOc1ccc(C(=O)CCN(C)C)cc1Br,5.585026652029182,1,IC50,THRb,CHEMBL1947
CCCCCCOc1ccc(C(=O)CCN(C)C)cc1C,4.995678626217358,1,IC50,THRb,CHEMBL1947
CCCCCCOc1ccc(C(=O)CCN(C)C)cc1C(C)(C)C,5.301029995663981,1,IC50,THRb,CHEMBL1947
CCCCCCOc1ccc(C(=O)CCN(C)C)cc1C(F)(F)F,5.568636235841012,1,IC50,THRb,CHEMBL1947
CCCCCCOc1ccc(C(=O)CCN(C)C)cc1Cl,5.366531544420413,1,IC50,THRb,CHEMBL1947
CCCCCCOc1ccc(C(=O)CCN(C)C)cc1F,5.327902142064282,1,IC50,THRb,CHEMBL1947
CCCCCCOc1ccc(C(=O)CCN(C)C)cc1I,5.568636235841012,1,IC50,THRb,CHEMBL1947
CCCCCCOc1ccc(C(=O)CCN(C)C)cc1OC,5.154901959985743,1,IC50,THRb,CHEMBL1947
CCCCCCOc1ccc(C(=O)CCN(C)C)cc1S(C)(=O)=O,5.075720713938118,1,IC50,THRb,CHEMBL1947
CCCCCCOc1ccc(C(=O)CCN(C)C)cc1SC,5.292429823902063,1,IC50,THRb,CHEMBL1947
CCCCCCOc1ccc(C(=O)CCN(C)C)cc1[N+](=O)[O-],5.522878745280337,1,IC50,THRb,CHEMBL1947
CCCCCCOc1ccc(C(=O)CCN(CCCC)CCCC)cc1,5.568636235841012,1,IC50,THRb,CHEMBL1947
CCCCCCOc1ccc(C(=O)CCN2CC2C)c(Cl)c1,5.337242168318426,1,IC50,THRb,CHEMBL1947
CCCCCCOc1ccc(C(=O)CCN2CC2C)c(Cl)c1Cl,5.301029995663981,1,IC50,THRb,CHEMBL1947
CCCCCCOc1ccc(C(=O)CCN2CC2C)cc1,4.657577319177793,1,IC50,THRb,CHEMBL1947
CCCCCCOc1ccc(C(=O)CCN2CCCC2)cc1,4.723538195826756,1,IC50,THRb,CHEMBL1947
CCCCCCOc1ccc(C(=O)CCN2CCCCC2)cc1,5.040958607678906,1,IC50,THRb,CHEMBL1947
CCCCCCOc1ccc(C(=O)CCN2CCN(C(C)=O)CC2)c(Cl)c1,5.920818753952375,1,IC50,THRb,CHEMBL1947
CCCCCCOc1ccc(C(=O)CCN2CCN(C(C)=O)CC2)c(Cl)c1Cl,6.221848749616356,1,IC50,THRb,CHEMBL1947
CCCCCCOc1ccc(C(=O)CCN2CCN(C)CC2)cc1,5.251811972993799,1,IC50,THRb,CHEMBL1947
CCCCCCOc1ccc(C(=O)CCN2CCN(S(=O)(=O)CC)CC2)c(Cl)c1,5.698970004336019,1,IC50,THRb,CHEMBL1947
CCCCCCOc1ccc(C(=O)CCN2CCN(S(=O)(=O)CC)CC2)c(Cl)c1Cl,5.920818753952375,1,IC50,THRb,CHEMBL1947
CCCCCCOc1ccc(C(=O)CCN2CCN(c3ccccc3)CC2)cc1,5.42021640338319,1,IC50,THRb,CHEMBL1947
CCCCCCOc1ccc(C(=O)CCN2CCNC(=O)C2)c(Cl)c1,5.318758762624412,1,IC50,THRb,CHEMBL1947
CCCCCCOc1ccc(C(=O)CCN2CCNC(=O)C2)c(Cl)c1Cl,5.920818753952375,1,IC50,THRb,CHEMBL1947
CCCCCCOc1ccc(C(=O)CCN2CCOCC2)c(Cl)c1,5.7447274948966935,1,IC50,THRb,CHEMBL1947
CCCCCCOc1ccc(C(=O)CCN2CCOCC2)c(Cl)c1Cl,6.154901959985743,1,IC50,THRb,CHEMBL1947
CCCCCCOc1ccc(C(=O)CCN2CCOCC2)cc1,5.3872161432802645,1,IC50,THRb,CHEMBL1947
CCCCCCOc1ccc2c(c1)CC(CN(C)C)C2=O,5.769551078621726,1,IC50,THRb,CHEMBL1947
CCCCCCOc1ccc2c(c1)CCC(CN(C)C)C2=O,5.638272163982407,1,IC50,THRb,CHEMBL1947
CCCCCCOc1ccc2c(c1)OCC(CN(C)C)C2=O,5.795880017344075,1,IC50,THRb,CHEMBL1947
CCCCCCOc1cccc(C(=O)CCN(C)C)c1,5.1487416512809245,1,IC50,THRb,CHEMBL1947
CCCCCCS(=O)(=O)c1cc(C)c(C(=O)CCN(C)C)c(C)c1,5.958607314841775,1,IC50,THRb,CHEMBL1947
CCCCCCS(=O)(=O)c1cc(C)c(C(=O)CCN2CC2C)c(C)c1,5.455931955649724,1,IC50,THRb,CHEMBL1947
CCCCCCS(=O)(=O)c1cc(C)c(C(=O)CCN2CCN(C(C)=O)CC2)c(C)c1,5.920818753952375,1,IC50,THRb,CHEMBL1947
CCCCCCS(=O)(=O)c1cc(C)c(C(=O)CCN2CCN(S(=O)(=O)CC)CC2)c(C)c1,5.823908740944319,1,IC50,THRb,CHEMBL1947
CCCCCCS(=O)(=O)c1cc(C)c(C(=O)CCN2CCNC(=O)C2)c(C)c1,5.267606240177031,1,IC50,THRb,CHEMBL1947
CCCCCCS(=O)(=O)c1cc(C)c(C(=O)CCN2CCOCC2)c(C)c1,6.045757490560675,1,IC50,THRb,CHEMBL1947
CCCCCCS(=O)(=O)c1cc(Cl)c(C(=O)CCN(C)C)c(Cl)c1,5.958607314841775,1,IC50,THRb,CHEMBL1947
CCCCCCS(=O)(=O)c1cc(Cl)c(C(=O)CCN(C)C)cc1Cl,5.6777807052660805,1,IC50,THRb,CHEMBL1947
CCCCCCS(=O)(=O)c1cc(Cl)c(C(=O)CCN2CC2C)c(Cl)c1,5.6777807052660805,1,IC50,THRb,CHEMBL1947
CCCCCCS(=O)(=O)c1cc(Cl)c(C(=O)CCN2CC2C)cc1Cl,5.769551078621726,1,IC50,THRb,CHEMBL1947
CCCCCCS(=O)(=O)c1cc(Cl)c(C(=O)CCN2CCN(C(C)=O)CC2)c(Cl)c1,6.154901959985743,1,IC50,THRb,CHEMBL1947
CCCCCCS(=O)(=O)c1cc(Cl)c(C(=O)CCN2CCN(C(C)=O)CC2)cc1Cl,6.096910013008056,1,IC50,THRb,CHEMBL1947
CCCCCCS(=O)(=O)c1cc(Cl)c(C(=O)CCN2CCN(S(=O)(=O)CC)CC2)c(Cl)c1,6.096910013008056,1,IC50,THRb,CHEMBL1947
CCCCCCS(=O)(=O)c1cc(Cl)c(C(=O)CCN2CCN(S(=O)(=O)CC)CC2)cc1Cl,6.096910013008056,1,IC50,THRb,CHEMBL1947
CCCCCCS(=O)(=O)c1cc(Cl)c(C(=O)CCN2CCNC(=O)C2)c(Cl)c1,6.0,1,IC50,THRb,CHEMBL1947
CCCCCCS(=O)(=O)c1cc(Cl)c(C(=O)CCN2CCNC(=O)C2)cc1Cl,6.221848749616356,1,IC50,THRb,CHEMBL1947
CCCCCCS(=O)(=O)c1cc(Cl)c(C(=O)CCN2CCOCC2)c(Cl)c1,6.096910013008056,1,IC50,THRb,CHEMBL1947
CCCCCCS(=O)(=O)c1cc(Cl)c(C(=O)CCN2CCOCC2)cc1Cl,6.045757490560675,1,IC50,THRb,CHEMBL1947
CCCCCCS(=O)(=O)c1ccc(C(=O)CCN(C)C)c(Cl)c1,5.443697499232712,1,IC50,THRb,CHEMBL1947
CCCCCCS(=O)(=O)c1ccc(C(=O)CCN(C)C)c(Cl)c1Cl,5.537602002101044,1,IC50,THRb,CHEMBL1947
CCCCCCS(=O)(=O)c1ccc(C(=O)CCN(C)C)cc1,5.309803919971486,1,IC50,THRb,CHEMBL1947
CCCCCCS(=O)(=O)c1ccc(C(=O)CCN2CC2C)c(Cl)c1,5.638272163982407,1,IC50,THRb,CHEMBL1947
CCCCCCS(=O)(=O)c1ccc(C(=O)CCN2CC2C)c(Cl)c1Cl,5.920818753952375,1,IC50,THRb,CHEMBL1947
CCCCCCS(=O)(=O)c1ccc(C(=O)CCN2CCN(C(C)=O)CC2)c(Cl)c1,6.301029995663981,1,IC50,THRb,CHEMBL1947
CCCCCCS(=O)(=O)c1ccc(C(=O)CCN2CCN(C(C)=O)CC2)c(Cl)c1Cl,6.0,1,IC50,THRb,CHEMBL1947
CCCCCCS(=O)(=O)c1ccc(C(=O)CCN2CCN(S(=O)(=O)CC)CC2)c(Cl)c1,6.3979400086720375,1,IC50,THRb,CHEMBL1947
CCCCCCS(=O)(=O)c1ccc(C(=O)CCN2CCN(S(=O)(=O)CC)CC2)c(Cl)c1Cl,6.045757490560675,1,IC50,THRb,CHEMBL1947
CCCCCCS(=O)(=O)c1ccc(C(=O)CCN2CCNC(=O)C2)c(Cl)c1,6.154901959985743,1,IC50,THRb,CHEMBL1947
CCCCCCS(=O)(=O)c1ccc(C(=O)CCN2CCNC(=O)C2)c(Cl)c1Cl,6.096910013008056,1,IC50,THRb,CHEMBL1947
CCCCCCS(=O)(=O)c1ccc(C(=O)CCN2CCOCC2)c(Cl)c1,6.221848749616356,1,IC50,THRb,CHEMBL1947
CCCCCCS(=O)(=O)c1ccc(C(=O)CCN2CCOCC2)c(Cl)c1Cl,6.154901959985743,1,IC50,THRb,CHEMBL1947
CCCCCCSc1cc(C)c(C(=O)CCN(C)C)c(C)c1,5.823908740944319,1,IC50,THRb,CHEMBL1947
CCCCCCSc1cc(C)c(C(=O)CCN2CC2C)c(C)c1,5.275724130399211,1,IC50,THRb,CHEMBL1947
CCCCCCSc1cc(C)c(C(=O)CCN2CCN(C(C)=O)CC2)c(C)c1,6.045757490560675,1,IC50,THRb,CHEMBL1947
CCCCCCSc1cc(C)c(C(=O)CCN2CCN(S(=O)(=O)CC)CC2)c(C)c1,5.3979400086720375,1,IC50,THRb,CHEMBL1947
CCCCCCSc1cc(C)c(C(=O)CCN2CCNC(=O)C2)c(C)c1,4.950781977329818,1,IC50,THRb,CHEMBL1947
CCCCCCSc1cc(C)c(C(=O)CCN2CCOCC2)c(C)c1,5.795880017344075,1,IC50,THRb,CHEMBL1947
CCCCCCSc1cc(Cl)c(C(=O)CCN(C)C)c(Cl)c1,5.769551078621726,1,IC50,THRb,CHEMBL1947
CCCCCCSc1cc(Cl)c(C(=O)CCN(C)C)cc1Cl,5.920818753952375,1,IC50,THRb,CHEMBL1947
CCCCCCSc1cc(Cl)c(C(=O)CCN2CC2C)c(Cl)c1,5.619788758288394,1,IC50,THRb,CHEMBL1947
CCCCCCSc1cc(Cl)c(C(=O)CCN2CC2C)cc1Cl,5.376750709602099,1,IC50,THRb,CHEMBL1947
CCCCCCSc1cc(Cl)c(C(=O)CCN2CCN(C(C)=O)CC2)c(Cl)c1,5.958607314841775,1,IC50,THRb,CHEMBL1947
CCCCCCSc1cc(Cl)c(C(=O)CCN2CCN(C(C)=O)CC2)cc1Cl,6.096910013008056,1,IC50,THRb,CHEMBL1947
CCCCCCSc1cc(Cl)c(C(=O)CCN2CCN(S(=O)(=O)CC)CC2)c(Cl)c1,5.886056647693163,1,IC50,THRb,CHEMBL1947
CCCCCCSc1cc(Cl)c(C(=O)CCN2CCN(S(=O)(=O)CC)CC2)cc1Cl,6.154901959985743,1,IC50,THRb,CHEMBL1947
CCCCCCSc1cc(Cl)c(C(=O)CCN2CCNC(=O)C2)c(Cl)c1,5.769551078621726,1,IC50,THRb,CHEMBL1947
CCCCCCSc1cc(Cl)c(C(=O)CCN2CCNC(=O)C2)cc1Cl,6.221848749616356,1,IC50,THRb,CHEMBL1947
CCCCCCSc1cc(Cl)c(C(=O)CCN2CCOCC2)c(Cl)c1,5.958607314841775,1,IC50,THRb,CHEMBL1947
CCCCCCSc1cc(Cl)c(C(=O)CCN2CCOCC2)cc1Cl,6.0,1,IC50,THRb,CHEMBL1947
CCCCCCSc1ccc(C(=O)CCN(C)C)c(Cl)c1,5.823908740944319,1,IC50,THRb,CHEMBL1947
CCCCCCSc1ccc(C(=O)CCN(C)C)c(Cl)c1Cl,5.886056647693163,1,IC50,THRb,CHEMBL1947
CCCCCCSc1ccc(C(=O)CCN(C)C)cc1,5.229147988357855,1,IC50,THRb,CHEMBL1947
CCCCCCSc1ccc(C(=O)CCN2CC2C)c(Cl)c1,5.267606240177031,1,IC50,THRb,CHEMBL1947
CCCCCCSc1ccc(C(=O)CCN2CC2C)c(Cl)c1Cl,5.443697499232712,1,IC50,THRb,CHEMBL1947
CCCCCCSc1ccc(C(=O)CCN2CCN(C(C)=O)CC2)c(Cl)c1,6.221848749616356,1,IC50,THRb,CHEMBL1947
CCCCCCSc1ccc(C(=O)CCN2CCN(C(C)=O)CC2)c(Cl)c1Cl,6.045757490560675,1,IC50,THRb,CHEMBL1947
CCCCCCSc1ccc(C(=O)CCN2CCN(S(=O)(=O)CC)CC2)c(Cl)c1,5.769551078621726,1,IC50,THRb,CHEMBL1947
CCCCCCSc1ccc(C(=O)CCN2CCN(S(=O)(=O)CC)CC2)c(Cl)c1Cl,6.154901959985743,1,IC50,THRb,CHEMBL1947
CCCCCCSc1ccc(C(=O)CCN2CCNC(=O)C2)c(Cl)c1,5.698970004336019,1,IC50,THRb,CHEMBL1947
CCCCCCSc1ccc(C(=O)CCN2CCNC(=O)C2)c(Cl)c1Cl,6.096910013008056,1,IC50,THRb,CHEMBL1947
CCCCCCSc1ccc(C(=O)CCN2CCOCC2)c(Cl)c1,6.096910013008056,1,IC50,THRb,CHEMBL1947
CCCCCCSc1ccc(C(=O)CCN2CCOCC2)c(Cl)c1Cl,5.886056647693163,1,IC50,THRb,CHEMBL1947
CCCCCCc1ccc(C(=O)/C=C\C(=O)O)cc1,4.752026733638194,1,IC50,THRb,CHEMBL1947
CCCCCCc1ccc(C(=O)C2CO2)cc1,4.718966632752273,1,IC50,THRb,CHEMBL1947
CCCCCCc1ccc(C(=O)CCBr)cc1,5.522878745280337,1,IC50,THRb,CHEMBL1947
CCCCCCc1ccc(C(=O)CCN(C(C)C)C(C)C)cc1,5.698970004336019,1,IC50,THRb,CHEMBL1947
CCCCCCc1ccc(C(=O)CCN(C)C)cc1,5.366531544420413,1,IC50,THRb,CHEMBL1947
CCCCCCc1ccc(C(=O)CCN(C)CCO)cc1,5.795880017344075,1,IC50,THRb,CHEMBL1947
CCCCCCc1ccc(C(=O)CCN(C)CCc2ccccc2)cc1,5.823908740944319,1,IC50,THRb,CHEMBL1947
CCCCCCc1ccc(C(=O)CCN(C)Cc2ccco2)cc1,4.91721462968355,1,IC50,THRb,CHEMBL1947
CCCCCCc1ccc(C(=O)CCN(C2CCCCC2)C2CCCCC2)cc1,4.896196279044043,1,IC50,THRb,CHEMBL1947
CCCCCCc1ccc(C(=O)CCN(CCCC)CCCC)cc1,5.376750709602099,1,IC50,THRb,CHEMBL1947
CCCCCCc1ccc(C(=O)CCN2CCC(C(=O)OC)CC2)cc1,5.4089353929735005,1,IC50,THRb,CHEMBL1947
CCCCCCc1ccc(C(=O)CCN2CCOCC2)cc1,5.568636235841012,1,IC50,THRb,CHEMBL1947
CCCCCCc1ccc(C(=O)CCNCCC)cc1,4.818156412055227,1,IC50,THRb,CHEMBL1947
CCCCCCc1ccc(C(=O)CCl)cc1,4.636388020107856,1,IC50,THRb,CHEMBL1947
CCCCCCc1ccc(NC(=O)/C=C\C(=O)O)cc1,4.747146969020107,1,IC50,THRb,CHEMBL1947
CCCCCOc1c(Br)cc(CC(=O)O)cc1Br,5.241375016580683,3,IC50,THRb,CHEMBL1947
CCCCCc1ccc(C#Cc2cc(Cc3c(C)cc(OCC(=O)O)cc3C)cc(C(C)C)c2O)cc1,6.42021640338319,1,EC50,THRb,CHEMBL1947
CCCCOc1c(Br)cc(CC(=O)O)cc1Br,5.72041557544167,3,IC50,THRb,CHEMBL1947
CCCCc1oc2ccccc2c1C(=O)c1cc(I)c(CCN(CC)CC)c(I)c1,6.220924225639893,2,IC50,THRb,CHEMBL1947
CCCCc1oc2ccccc2c1C(=O)c1cc(I)c(OCC(=O)O)c(I)c1,5.3979400086720375,1,IC50,THRb,CHEMBL1947
CCCCc1oc2ccccc2c1C(=O)c1cc(I)c(OCCN(CC)CC)c(I)c1,6.221848749616356,1,IC50,THRb,CHEMBL1947
CCCN(C(=O)CCNC(=O)c1ccc(S(C)(=O)=O)c([N+](=O)[O-])c1)c1ccccc1,4.301029995663981,1,IC50,THRb,CHEMBL1947
CCCN(C(=O)CNC(=O)c1ccc(S(C)(=O)=O)c([N+](=O)[O-])c1)c1ccccc1,5.180456064458131,1,IC50,THRb,CHEMBL1947
CCCN(CC1CCOC1)C(=O)c1cc(C)c2oc(NCc3cccc(Cl)c3)nc2c1,7.455931955649724,1,IC50,THRb,CHEMBL1947
CCCN(CC1CCOC1)C(=O)c1cc(CC)c2oc(NCc3cccc(Cl)c3)nc2c1,6.982966660701219,1,IC50,THRb,CHEMBL1947
CCCN(CC1CCOC1)C(=O)c1cc(Cl)c2oc(NCc3cccc(Cl)c3)nc2c1,7.1487416512809245,1,IC50,THRb,CHEMBL1947
CCCN(CC1CCOC1)C(=O)c1cc(OC)c2oc(NCc3cccc(Cl)c3)nc2c1,7.920818753952375,1,IC50,THRb,CHEMBL1947
CCCN(CC1CCOC1)C(=O)c1ccc2oc(NCc3cccc(Cl)c3)nc2c1,6.669586226650809,1,IC50,THRb,CHEMBL1947
CCCc1cc(C(=O)N(CCC)CC2CCOC2)cc2nc(NCc3cccc(Cl)c3)oc12,6.019088062223156,1,IC50,THRb,CHEMBL1947
CCN(CC)c1cccc(COc2c(Br)cc(CCC(=O)O)cc2Br)c1,7.060480747381382,1,IC50,THRb,CHEMBL1947
CCNc1cccc(COc2c(Br)cc(CCC(=O)O)cc2Br)c1,7.638272163982407,1,IC50,THRb,CHEMBL1947
CCOC(=O)C(=O)Nc1cc(C)c(Oc2ccc(O)c(C(O)c3ccc(F)cc3)c2)c(C)c1,8.66354026615147,1,Ki,THRb,CHEMBL1947
CCOc1c(Br)cc(CC(=O)O)cc1Br,4.492424981937713,2,IC50,THRb,CHEMBL1947
CCOc1ccc2c(-c3c(-c4cccc(C)n4)nn4c3CCC4)ccnc2c1,7.055517327849831,1,IC50,THRb,CHEMBL1947
CCOc1nc(C(=O)NCC(=O)O)c(O)c2ccc(Oc3c(C)cc(C(=O)c4cc(C)cc(C)c4)cc3C)cc12,6.8198741248359465,1,EC50,THRb,CHEMBL1947
CCOc1nc(C(=O)NCC(=O)O)c(O)c2ccc(Oc3c(C)cc(C(=O)c4cc(F)cc(OC)c4)cc3C)cc12,7.752026733638194,1,EC50,THRb,CHEMBL1947
CCOc1nc(C(=O)NCC(=O)O)c(O)c2ccc(Oc3c(C)cc(C(=O)c4cccc(C)c4)cc3C)cc12,7.2168113089247425,1,EC50,THRb,CHEMBL1947
CCOc1nc(C(=O)NCC(=O)O)c(O)c2ccc(Oc3ccc(-c4ccccc4)cc3)cc12,8.167491087293763,1,EC50,THRb,CHEMBL1947
CCOc1nc(C(=O)NCC(=O)O)c(O)c2ccc(Oc3ccc(C(=O)c4ccccc4)cc3)cc12,8.161150909262744,1,EC50,THRb,CHEMBL1947
CCOc1nc(C(=O)NCC(=O)O)c(O)c2ccc(Oc3ccc(Cc4ccccc4)cc3)cc12,7.889410289700751,1,EC50,THRb,CHEMBL1947
CCOc1nc(C(=O)NCC(=O)O)c(O)c2ccc(Oc3ccc(Oc4ccccc4)cc3)cc12,7.7495799976911055,1,EC50,THRb,CHEMBL1947
CCOc1nc(C(=O)NCC(=O)O)c(O)c2ccc(Oc3ccccc3)cc12,8.602059991327963,1,EC50,THRb,CHEMBL1947
CCS(=O)(=O)c1ccc2c(-c3c(-c4ccccn4)nn4c3CCC4)ccnc2c1,5.031984286006358,1,IC50,THRb,CHEMBL1947
CCSc1ccc2c(-c3c(-c4ccccn4)nn4c3CCC4)ccnc2c1,6.958607314841775,1,IC50,THRb,CHEMBL1947
CC[C@@H](O)c1cc(Oc2c(Cl)cc(NC(=O)c3noc(=O)[nH]3)cc2Cl)n[nH]c1=O,6.346787486224656,1,EC50,THRb,CHEMBL1947
CC[C@@H]1CO[C@@](C)(CCO)CN1C(=O)c1cc(OC)c2oc(N[C@H](C)c3cccc(Cl)c3)nc2c1,9.397940008672037,1,IC50,THRb,CHEMBL1947
CC[C@H](O)c1cc(Oc2c(Cl)cc(NC(=O)c3noc(=O)[nH]3)cc2Cl)n[nH]c1=O,7.363512103646634,1,EC50,THRb,CHEMBL1947
CCc1cc(Cc2c(C)cc(OCP(=O)(O)O)cc2C)ccc1O,8.012333735073724,1,Ki,THRb,CHEMBL1947
CCc1cc(Oc2c(C)cc(NC(=O)CC(=O)O)c3c2CCC3)ccc1O,7.27083521030723,1,Ki,THRb,CHEMBL1947
CCc1cc(Oc2c(I)cc(CC3NC(=O)NC3=O)cc2I)ccc1O,6.711254100081387,2,EC50,THRb,CHEMBL1947
CCc1cccc(-c2cc(Oc3c(Cl)cc(CC(=O)O)cc3Cl)ccc2O)c1,9.700057099977233,1,IC50,THRb,CHEMBL1947
CCc1cccc(-c2nn3c(c2-c2ccnc4ccccc24)CCC3)n1,7.1487416512809245,1,IC50,THRb,CHEMBL1947
CCn1c(=O)ccc2c1ccn2-c1c(Cl)cc(-n2nc(C#N)c(=O)[nH]c2=O)cc1Cl,7.698970004336019,1,EC50,THRb,CHEMBL1947
CCn1cccc(-c2ccc(N3C[C@H](CNC(=O)c4ccc(Cl)s4)OC3=O)cc2OC)c1=O,7.214670164989233,1,IC50,THRb,CHEMBL1947
CN(C(=O)CNC(=O)c1ccc(S(C)(=O)=O)c([N+](=O)[O-])c1)c1ccccc1,5.236572006437063,1,IC50,THRb,CHEMBL1947
CN(C)Cc1nc(C(=O)NCC(=O)O)c(O)c2ccc(Oc3ccccc3)cc12,6.938547520912807,1,EC50,THRb,CHEMBL1947
CN(Cc1ccccc1)C(=O)CNC(=O)c1ccc(S(C)(=O)=O)c([N+](=O)[O-])c1,4.4089353929735005,1,IC50,THRb,CHEMBL1947
CN(Cc1ccccc1F)C(=O)CNC(=O)c1ccc(S(C)(=O)=O)c([N+](=O)[O-])c1,4.619788758288394,1,IC50,THRb,CHEMBL1947
COC(=O)Cc1ccc(OCc2oc(-c3cccc(OC)c3)nc2C)cc1,6.013228265733755,1,IC50,THRb,CHEMBL1947
COC(=O)Cc1ccc(OCc2oc(-c3ccccc3OC)nc2C)cc1,5.119186407719209,1,IC50,THRb,CHEMBL1947
COC(=O)c1ccc(OCc2oc(-c3cccc(OC)c3)nc2C)cc1,5.055517327849831,1,IC50,THRb,CHEMBL1947
COC(=O)c1cccc(OCc2oc(-c3ccccc3OC)nc2C)c1,5.008773924307505,1,IC50,THRb,CHEMBL1947
COCCOc1nc(C(=O)NCC(=O)O)c(O)c2ccc(Oc3ccccc3)cc12,6.653647025549361,1,EC50,THRb,CHEMBL1947
COCc1nn(-c2cc(Cl)c(Oc3cc(C(C)C)c(=O)[nH]n3)c(Cl)c2)c(=O)[nH]c1=O,6.036212172654444,1,EC50,THRb,CHEMBL1947
COc1cc(C(=O)N2CC(C)(CCO)OC[C@H]2C)cc2nc(NCc3cc(Cl)ccn3)oc12,8.602059991327963,1,IC50,THRb,CHEMBL1947
COc1cc(C(=O)N2CC(C)(CCO)OC[C@H]2C)cc2nc(N[C@H](C)c3cccc(Cl)c3)oc12,9.301029995663981,1,IC50,THRb,CHEMBL1947
COc1cc(C(=O)N2CC(C)(CCO)OC[C@H]2C)cc2nc(N[C@H](CF)c3cccc(Cl)c3)oc12,10.045757490560675,1,IC50,THRb,CHEMBL1947
COc1cc(C(=O)N2CC(C)(CCO)OC[C@H]2C)cn2nc(NCc3cccc(Cl)c3)nc12,8.060480747381382,1,IC50,THRb,CHEMBL1947
COc1cc(C(=O)N2CC(C)C(O)CC2C)cc2nc(NCc3cccc(Cl)c3)oc12,7.263621775341393,2,IC50,THRb,CHEMBL1947
COc1cc(C(=O)N2CC(C)C(O)CC2C2CC2)cc2nc(NCc3cccc(Cl)c3)oc12,8.096910013008056,1,IC50,THRb,CHEMBL1947
COc1cc(C(=O)N2CC(C)C(O)CC2CCO)cc2nc(NCc3cccc(Cl)c3)oc12,9.568636235841012,1,IC50,THRb,CHEMBL1947
COc1cc(C(=O)N2CC(C)CCC2CCO)cc2nc(NCc3cccc(Cl)c3)oc12,8.512054431799104,2,IC50,THRb,CHEMBL1947
COc1cc(C(=O)N2CC(C)OCC2C2CC(O)C2)cc2nc(NCc3cc(Cl)ccn3)oc12,8.096910013008056,1,IC50,THRb,CHEMBL1947
COc1cc(C(=O)N2CC(C)OCC2C2CC(O)C2)cc2nc(N[C@H](C)c3cccc(Cl)c3)oc12,8.698970004336019,1,IC50,THRb,CHEMBL1947
COc1cc(C(=O)N2CC(C)OCC2C2CC(O)C2)cc2nc(N[C@H](CF)c3cccc(Cl)c3)oc12,9.522878745280337,1,IC50,THRb,CHEMBL1947
COc1cc(C(=O)N2CC(C)OCC2C2CC(O)C2)cn2nc(NCc3cccc(Cl)c3)nc12,8.0268721464003,1,IC50,THRb,CHEMBL1947
COc1cc(C(=O)N2CC(C)OCC2CCO)cc2nc(NCc3cc(Cl)ccn3)oc12,7.537602002101044,1,IC50,THRb,CHEMBL1947
COc1cc(C(=O)N2CC(C)OCC2CCO)cn2nc(NCc3cccc(Cl)c3)nc12,7.2839966563652006,1,IC50,THRb,CHEMBL1947
COc1cc(C(=O)N2CC(C)OCC2CO)cc2nc(N[C@H](C)c3cccc(Cl)c3)oc12,8.0,1,IC50,THRb,CHEMBL1947
COc1cc(C(=O)N2CCC(C)(C)C2)cc2nc(NCc3cccc(Cl)c3)oc12,7.3979400086720375,1,IC50,THRb,CHEMBL1947
COc1cc(C(=O)N2CCC(O)C(C)C2)cc2nc(NC(c3cccc(Cl)c3)C(F)(F)F)oc12,6.102372908709558,1,IC50,THRb,CHEMBL1947
COc1cc(C(=O)N2CCC(O)C(C)C2)cc2nc(NC3(c4cccc(Cl)c4)CC3)oc12,6.920818753952375,1,IC50,THRb,CHEMBL1947
COc1cc(C(=O)N2CCC(O)C(C)C2)cc2nc(NC3(c4cccc(Cl)c4)CCC3)oc12,5.086186147616283,1,IC50,THRb,CHEMBL1947
COc1cc(C(=O)N2CCC(O)C(C)C2)cc2nc(NCc3cc(Cl)ccc3F)oc12,6.522878745280337,1,IC50,THRb,CHEMBL1947
COc1cc(C(=O)N2CCC(O)C(C)C2)cc2nc(NCc3cc(Cl)ccc3O)oc12,6.769551078621726,1,IC50,THRb,CHEMBL1947
COc1cc(C(=O)N2CCC(O)C(C)C2)cc2nc(NCc3cc(Cl)ccn3)oc12,6.721246399047171,1,IC50,THRb,CHEMBL1947
COc1cc(C(=O)N2CCC(O)C(C)C2)cc2nc(NCc3cccc(Cl)c3)oc12,7.6020599913279625,1,IC50,THRb,CHEMBL1947
COc1cc(C(=O)N2CCC(O)C(C)C2)cc2nc(NCc3cccc(Cl)n3)oc12,6.236572006437063,1,IC50,THRb,CHEMBL1947
COc1cc(C(=O)N2CCC(O)C(C)C2)cc2nc(NCc3ccnc(Cl)c3)oc12,5.161150909262744,1,IC50,THRb,CHEMBL1947
COc1cc(C(=O)N2CCC(O)C(C)C2)cc2nc(NCc3cncc(Cl)c3)oc12,5.142667503568731,1,IC50,THRb,CHEMBL1947
COc1cc(C(=O)N2CCC(O)C(C)C2)cc2nc(N[C@@H](C)c3cccc(Cl)c3)oc12,5.292429823902063,1,IC50,THRb,CHEMBL1947
COc1cc(C(=O)N2CCC(O)C(C)C2)cc2nc(N[C@H](C)c3cccc(Cl)c3)oc12,7.318758762624412,1,IC50,THRb,CHEMBL1947
COc1cc(C(=O)N2CCC(O)C(C)C2)cc2oc(NCc3cccc(Cl)c3)nc12,5.4089353929735005,1,IC50,THRb,CHEMBL1947
COc1cc(C(=O)N2CCC(O)C(C)C2)cn2nc(NCc3cccc(Cl)c3)nc12,6.327902142064282,1,IC50,THRb,CHEMBL1947
COc1cc(C(=O)N2CCC(O)CC2)cc2nc(NCc3cccc(Cl)c3)oc12,6.453457336521868,1,IC50,THRb,CHEMBL1947
COc1cc(C(=O)N2CCCC2(C)C)cc2nc(NCc3cccc(Cl)c3)oc12,7.327902142064282,1,IC50,THRb,CHEMBL1947
COc1cc(C(=O)N2CCCC2)cc2nc(NCc3cccc(Cl)c3)oc12,6.7447274948966935,1,IC50,THRb,CHEMBL1947
COc1cc(C(=O)N2CCOC(C)(C)C2)cc2nc(NCc3cccc(Cl)c3)oc12,7.568636235841012,1,IC50,THRb,CHEMBL1947
COc1cc(C(=O)N2CCOC(C)(CCO)C2)cc2nc(N[C@H](C)c3cccc(Cl)c3)oc12,7.853871964321762,1,IC50,THRb,CHEMBL1947
COc1cc(C(=O)N2CCOCC2)cc2nc(NCc3cccc(Cl)c3)oc12,6.355561410532161,1,IC50,THRb,CHEMBL1947
COc1cc(C(=O)N2CC[C@@H](O)C(C)(C)C2)cc2nc(NCc3cccc(Cl)c3)oc12,7.455931955649724,1,IC50,THRb,CHEMBL1947
COc1cc(C(=O)N2CC[C@@H](O)[C@H](C)C2)cc2nc(NCc3cccc(Cl)c3)oc12,7.610924374808178,2,IC50,THRb,CHEMBL1947
COc1cc(C(=O)N2CC[C@H](O)[C@@H](C)C2)cc2nc(NCc3cccc(Cl)c3)oc12,6.920818753952375,1,IC50,THRb,CHEMBL1947
COc1cc(C(=O)N2C[C@@H](C)OC[C@H]2CCO)cc2nc(N[C@H](C)c3cccc(Cl)c3)oc12,8.221848749616356,1,IC50,THRb,CHEMBL1947
COc1cc(C(=O)N2C[C@H](C)OC[C@@H]2CCO)cc2nc(N[C@H](C)c3cccc(Cl)c3)oc12,8.397940008672037,1,IC50,THRb,CHEMBL1947
COc1cc(C(=O)N2C[C@H](C)OC[C@@H]2CCO)cc2nc(N[C@H](CF)c3cccc(Cl)c3)oc12,9.154901959985743,1,IC50,THRb,CHEMBL1947
COc1cc(C(=O)NCc2cccc(Cl)c2)cc2nn(CCn3cccn3)cc12,6.333482019445119,1,IC50,THRb,CHEMBL1947
COc1cc(F)cc(C(=O)c2cc(C)c(Oc3ccc4c(O)c(C(=O)NCC(=O)O)nc(OC)c4c3)c(C)c2)c1,7.6777807052660805,1,EC50,THRb,CHEMBL1947
COc1cc(O)c(C(CC(=O)N2C[C@H](C)C[C@H](C)C2)c2ccc3c(c2)OCO3)c(OC)c1,4.886056647693163,1,IC50,THRb,CHEMBL1947
COc1cc(OCP(=O)(O)O)cc(OC)c1Cc1ccc(O)c(C(C)C)c1,6.835647144215563,1,Ki,THRb,CHEMBL1947
COc1cc(Oc2c(I)cc(CC3NC(=O)NC3=O)cc2I)ccc1O,5.836832069535625,2,EC50,THRb,CHEMBL1947
COc1ccc(-c2c(-c3cccc(C)n3)nn3c2CCC3)cc1,6.917214629683549,1,IC50,THRb,CHEMBL1947
COc1ccc(-c2c(-c3ccccn3)nn3c2CCC3)cc1,6.189767482004916,1,IC50,THRb,CHEMBL1947
COc1ccc(-n2cc(-c3ccccc3)nc2NC(=O)CN(C(=O)Cc2cccc(Cl)c2)C(C)C)cc1OC,6.701146923590294,1,IC50,THRb,CHEMBL1947
COc1ccc(CCNC(=O)c2cc(Oc3c(Br)cc(CC(=O)O)cc3Br)ccc2O)cc1,7.875034243812994,2,IC50,THRb,CHEMBL1947
COc1ccc(Oc2c(Cl)cc(CO)cc2Cl)cc1C(C)C,7.267606240177031,1,EC50,THRb,CHEMBL1947
COc1ccc(Oc2c(Cl)cc(NC(=O)Cc3ccccc3)cc2Cl)cc1C(C)C,5.173925197299173,1,EC50,THRb,CHEMBL1947
COc1ccc(Oc2c(Cl)cc(NC(=O)Cc3cccnc3)cc2Cl)cc1C(C)C,5.0,1,EC50,THRb,CHEMBL1947
COc1ccc(Oc2c(Cl)cc(NC(=O)Cc3ccncc3)cc2Cl)cc1C(C)C,5.326886895761766,1,EC50,THRb,CHEMBL1947
COc1ccc(Oc2c(Cl)cc(NC(=O)Cc3cnn(S(C)(=O)=O)c3)cc2Cl)cc1C(C)C,5.7464197104378165,1,EC50,THRb,CHEMBL1947
COc1ccc2c(-c3c(Cl)cc(NC(=O)CC(=O)O)cc3Cl)cccc2c1C(C)C,9.522878745280337,1,IC50,THRb,CHEMBL1947
COc1cccc(-c2cc(Oc3c(Cl)cc(CC(=O)O)cc3Cl)ccc2O)c1,7.96018944585165,2,IC50,THRb,CHEMBL1947
COc1cccc(CCNC(=O)c2cc(Oc3c(Br)cc(CC(=O)O)cc3Br)ccc2O)c1,8.190000314347895,2,IC50,THRb,CHEMBL1947
COc1ccccc1CCNC(=O)c1cc(Oc2c(Br)cc(CC(=O)O)cc2Br)ccc1O,8.700026019787991,2,IC50,THRb,CHEMBL1947
COc1nc(C(=O)NCC(=O)O)c(O)c2ccc(Oc3c(C)cc(C(=O)c4cc(C)cc(C)c4)cc3C)cc12,6.246646787358504,1,EC50,THRb,CHEMBL1947
COc1nc(C(=O)NCC(=O)O)c(O)c2ccc(Oc3c(C)cc(C(=O)c4cccc(C)c4)cc3C)cc12,7.1605219526258015,1,EC50,THRb,CHEMBL1947
COc1nc(C(=O)NCC(=O)O)c(O)c2ccc(Oc3c(C)cc(C(=O)c4ccccc4)cc3C)cc12,7.703334809738469,1,EC50,THRb,CHEMBL1947
COc1nc(C(=O)NCC(=O)O)c(O)c2ccc(Oc3c(C)cc(Cc4ccccc4)cc3C)cc12,8.00436480540245,1,EC50,THRb,CHEMBL1947
COc1nc(C(=O)NCC(=O)O)c(O)c2ccc(Oc3ccc(-c4ccccc4)cc3)cc12,8.060480747381382,1,EC50,THRb,CHEMBL1947
COc1nc(C(=O)NCC(=O)O)c(O)c2ccc(Oc3ccc(C(=O)c4ccccc4)cc3)cc12,8.096910013008056,1,EC50,THRb,CHEMBL1947
COc1nc(C(=O)NCC(=O)O)c(O)c2ccc(Oc3ccc(C(C)(C)c4ccccc4)cc3)cc12,7.910094888560602,1,EC50,THRb,CHEMBL1947
COc1nc(C(=O)NCC(=O)O)c(O)c2ccc(Oc3ccc(CCc4ccccc4)cc3)cc12,7.924453038607469,1,EC50,THRb,CHEMBL1947
COc1nc(C(=O)NCC(=O)O)c(O)c2ccc(Oc3ccc(Cc4ccccc4)cc3)cc12,7.8696662315049934,1,EC50,THRb,CHEMBL1947
COc1nc(C(=O)NCC(=O)O)c(O)c2ccc(Oc3ccc(Oc4ccccc4)cc3)cc12,7.764471553092451,1,EC50,THRb,CHEMBL1947
COc1nc(C(=O)NCC(=O)O)c(O)c2ccc(Oc3ccccc3)cc12,8.301029995663981,1,EC50,THRb,CHEMBL1947
CS(=O)(=O)c1ccc(C(=O)NCC(=O)N(Cc2ccccc2)Cc2ccccc2)cc1[N+](=O)[O-],5.443697499232712,1,IC50,THRb,CHEMBL1947
CS(=O)(=O)c1ccc(C(=O)NCC(=O)N(Cc2ccccc2)c2ccccc2)cc1[N+](=O)[O-],4.698970004336019,1,IC50,THRb,CHEMBL1947
CS(=O)(=O)c1ccc(C(=O)NCC(=O)N2CCc3ccccc3C2)cc1[N+](=O)[O-],4.337242168318426,1,IC50,THRb,CHEMBL1947
CS(=O)(=O)c1ccc(C(=O)NCC(=O)NC23CC4CC(CC(C4)C2)C3)cc1[N+](=O)[O-],4.795880017344075,1,IC50,THRb,CHEMBL1947
CS(=O)(=O)c1ccc(C(=O)NCCC(=O)NC23CC4CC(CC(C4)C2)C3)cc1[N+](=O)[O-],4.508638306165727,1,IC50,THRb,CHEMBL1947
CS(=O)(=O)c1ccc(C(=O)NCCCC(=O)N(Cc2ccccc2)Cc2ccccc2)cc1[N+](=O)[O-],4.229147988357856,1,IC50,THRb,CHEMBL1947
CS(=O)(=O)c1ccc(C(=O)NCCCC(=O)NC23CC4CC(CC(C4)C2)C3)cc1[N+](=O)[O-],4.97469413473523,1,IC50,THRb,CHEMBL1947
CSc1ccc(Oc2c(C)cc(-n3ncc(=O)[nH]c3=O)cc2C)cc1C,8.698970004336019,1,Ki,THRb,CHEMBL1947
C[C@@H](O)c1cc(Oc2c(Cl)cc(NC(=O)c3noc(=O)[nH]3)cc2Cl)n[nH]c1=O,5.5780671867214915,1,EC50,THRb,CHEMBL1947
C[C@H](O)c1cc(Oc2c(Cl)cc(NC(=O)c3noc(=O)[nH]3)cc2Cl)n[nH]c1=O,7.039529222465701,1,EC50,THRb,CHEMBL1947
Cc1c(C(=O)NCC(=O)O)c2ccccc2n1Cc1ccc(O)c(C(C)C)c1,5.958607314841775,1,IC50,THRb,CHEMBL1947
Cc1c(CC(=O)NCC(=O)O)c2ccccc2n1Cc1ccc(O)c(C(C)C)c1,6.366531544420413,1,IC50,THRb,CHEMBL1947
Cc1c(CC(=O)O)c2ccccc2n1Cc1ccc(O)c(C(C)C)c1,6.823908740944319,1,EC50,THRb,CHEMBL1947
Cc1c(CCC(=O)O)c2ccccc2n1Cc1ccc(O)c(C(C)C)c1,6.775492341826107,2,"EC50,IC50",THRb,CHEMBL1947
Cc1c(CCCC(=O)O)c2ccccc2n1Cc1ccc(O)c(C(C)C)c1,6.984700139017025,2,"EC50,IC50",THRb,CHEMBL1947
Cc1c(CCCCC(=O)O)c2ccccc2n1Cc1ccc(O)c(C(C)C)c1,6.530740137411754,2,"EC50,IC50",THRb,CHEMBL1947
Cc1c(NC(=O)c2noc(=O)[nH]2)cc(Cl)c(Oc2cc(C(C)C)c(=O)n(C)n2)c1Cl,6.935542010773082,1,EC50,THRb,CHEMBL1947
Cc1c(NCc2noc(=O)[nH]2)cc(Cl)c(Oc2cc(C(C)C)c(=O)n(C)n2)c1Cl,7.147520006363144,1,EC50,THRb,CHEMBL1947
Cc1c(O)ccc2c(-c3c(Cl)cc(NC(=O)O)cc3Cl)cccc12,8.142667503568731,1,IC50,THRb,CHEMBL1947
Cc1c(O)ccc2c1ccn2-c1c(Cl)cc(-n2nc(C#N)c(=O)[nH]c2=O)cc1Cl,7.522878745280337,1,EC50,THRb,CHEMBL1947
Cc1cc(-n2ncc(=O)[nH]c2=O)cc(C)c1Oc1ccc(O)c(C(C)C)c1,10.522878745280337,1,Ki,THRb,CHEMBL1947
Cc1cc(-n2ncc(=O)[nH]c2=O)cc(C)c1Oc1ccc(O)c(Cc2ccc(F)cc2)c1,9.397940008672037,1,Ki,THRb,CHEMBL1947
Cc1cc(-n2ncc(=O)[nH]c2=O)cc(C)c1Oc1ccc(O)c(S(=O)(=O)N2CCCCC2)c1,9.113663152647316,2,"Ki,IC50",THRb,CHEMBL1947
Cc1cc(-n2ncc(=O)[nH]c2=O)cc(Cl)c1Oc1ccc(O)c(C(=O)N2CCCCC2)c1,8.721246399047171,1,Ki,THRb,CHEMBL1947
Cc1cc(-n2ncc(=O)[nH]c2=O)cc(Cl)c1Oc1ccc(O)c(S(=O)(=O)N2CCCCC2)c1,9.663015199390134,2,"Ki,IC50",THRb,CHEMBL1947
Cc1cc(-n2ncc(=O)[nH]c2=O)cc(Cl)c1Oc1ccc(O)c(S(=O)(=O)N2CCN(C)CC2)c1,7.886056647693163,1,Ki,THRb,CHEMBL1947
Cc1cc(-n2ncc(=O)[nH]c2=O)cc(Cl)c1Oc1ccc(O)c(S(=O)(=O)N2CCOCC2)c1,7.34431169873712,2,"Ki,IC50",THRb,CHEMBL1947
Cc1cc(C(=O)NCC(=O)O)c2c(c1Oc1ccc(O)c(C(C)C)c1)CCC2,7.82102305270683,1,Ki,THRb,CHEMBL1947
Cc1cc(CC(=O)O)cc(C)c1Oc1cc(C(C)C)c(=O)[nH]n1,5.110698297493689,1,EC50,THRb,CHEMBL1947
Cc1cc(CC(=O)O)cc(Cl)c1Oc1cc(C(C)C)c(=O)[nH]n1,5.154281982033341,1,EC50,THRb,CHEMBL1947
Cc1cc(CCP(=O)(O)O)cc(C)c1Cc1ccc(O)c(C(C)C)c1,7.504455662453552,1,Ki,THRb,CHEMBL1947
Cc1cc(CP(=O)(O)O)cc(C)c1Oc1ccc(O)c(C(C)C)c1,6.892790030352131,1,Ki,THRb,CHEMBL1947
Cc1cc(Cc2c(C)cc(OCP(=O)(O)O)cc2C)ccc1O,7.047207556955907,1,Ki,THRb,CHEMBL1947
Cc1cc(N2CCCNC2=O)cc(C)c1Oc1ccc(O)c(C(C)C)c1,5.0,1,Ki,THRb,CHEMBL1947
Cc1cc(NC(=O)C(=O)O)c2c(c1Oc1ccc(O)c(C(C)C)c1)CCC2,8.586700235918748,1,Ki,THRb,CHEMBL1947
Cc1cc(NC(=O)C(=O)O)cc(C)c1Oc1ccc(O)c(C(C)C)c1,9.327902142064282,1,Ki,THRb,CHEMBL1947
Cc1cc(NC(=O)C(=O)O)cc(C)c1Oc1ccc(O)c2c1CCC2,9.301029995663981,1,Ki,THRb,CHEMBL1947
Cc1cc(NC(=O)CC(=O)O)c(C)c(C)c1Oc1ccc(O)c(C(C)C)c1,7.692503962086787,1,Ki,THRb,CHEMBL1947
Cc1cc(NC(=O)CC(=O)O)c2c(c1C(=O)c1ccc(O)c(C(C)C)c1)CCC2,7.229147988357855,1,Ki,THRb,CHEMBL1947
Cc1cc(NC(=O)CC(=O)O)c2c(c1Cc1ccc(O)c(C(C)C)c1)CCC2,7.7055337738384075,1,Ki,THRb,CHEMBL1947
Cc1cc(NC(=O)CC(=O)O)c2c(c1Oc1ccc(O)c(C(=O)Cc3ccccc3)c1)CCC2,6.355561410532161,1,Ki,THRb,CHEMBL1947
Cc1cc(NC(=O)CC(=O)O)c2c(c1Oc1ccc(O)c(C(C)C)c1)CCC2,8.10790539730952,1,Ki,THRb,CHEMBL1947
Cc1cc(NC(=O)CC(=O)O)c2c(c1Oc1ccc(O)c(C(O)Cc3ccccc3)c1)CCC2,6.906578314837764,1,Ki,THRb,CHEMBL1947
Cc1cc(NC(=O)CC(=O)O)c2c(c1Oc1ccc(O)c(CC(C)C)c1)CCC2,7.399027104313252,1,Ki,THRb,CHEMBL1947
Cc1cc(NC(=O)CC(=O)O)c2c(c1Oc1ccc(O)c(CCC(C)C)c1)CCC2,7.498940737782249,1,Ki,THRb,CHEMBL1947
Cc1cc(NC(=O)CC(=O)O)c2c(c1Oc1ccc(O)c(CCC3CCCCC3)c1)CCC2,7.769551078621726,1,Ki,THRb,CHEMBL1947
Cc1cc(NC(=O)CC(=O)O)c2c(c1Oc1ccc(O)c(CCCc3ccccc3)c1)CCC2,6.651695136951839,1,Ki,THRb,CHEMBL1947
Cc1cc(NC(=O)CC(=O)O)c2c(c1Oc1ccc(O)c(CCc3ccc(Cl)cc3)c1)CCC2,7.3979400086720375,1,Ki,THRb,CHEMBL1947
Cc1cc(NC(=O)CC(=O)O)c2c(c1Oc1ccc(O)c(CCc3ccc(F)c(F)c3)c1)CCC2,8.221848749616356,1,Ki,THRb,CHEMBL1947
Cc1cc(NC(=O)CC(=O)O)c2c(c1Oc1ccc(O)c(CCc3ccc(F)cc3)c1)CCC2,8.086186147616283,1,Ki,THRb,CHEMBL1947
Cc1cc(NC(=O)CC(=O)O)c2c(c1Oc1ccc(O)c(CCc3ccc(F)cc3F)c1)CCC2,7.920818753952375,1,Ki,THRb,CHEMBL1947
Cc1cc(NC(=O)CC(=O)O)c2c(c1Oc1ccc(O)c(CCc3ccc(O)cc3)c1)CCC2,7.239577516576788,1,Ki,THRb,CHEMBL1947
Cc1cc(NC(=O)CC(=O)O)c2c(c1Oc1ccc(O)c(CCc3cccc(Cl)c3)c1)CCC2,7.3872161432802645,1,Ki,THRb,CHEMBL1947
Cc1cc(NC(=O)CC(=O)O)c2c(c1Oc1ccc(O)c(CCc3cccc(O)c3)c1)CCC2,7.089909454405932,1,Ki,THRb,CHEMBL1947
Cc1cc(NC(=O)CC(=O)O)c2c(c1Oc1ccc(O)c(CCc3ccccc3)c1)CCC2,7.39577394691553,1,Ki,THRb,CHEMBL1947
Cc1cc(NC(=O)CC(=O)O)c2c(c1Oc1ccc(O)c(CCc3ccccc3Cl)c1)CCC2,7.522878745280337,1,Ki,THRb,CHEMBL1947
Cc1cc(NC(=O)CC(=O)O)c2c(c1Oc1ccc(O)c(CCc3ccccc3O)c1)CCC2,7.2716462179787715,1,Ki,THRb,CHEMBL1947
Cc1cc(NC(=O)CC(=O)O)c2c(c1Oc1ccc(O)c(Cc3ccc(=O)[nH]n3)c1)CCC2,7.85078088734462,1,Ki,THRb,CHEMBL1947
Cc1cc(NC(=O)CC(=O)O)c2c(c1Oc1ccc(O)c(Cc3ccc(F)cc3)c1)CCC2,8.431798275933005,1,Ki,THRb,CHEMBL1947
Cc1cc(NC(=O)CC(=O)O)c2c(c1Oc1ccc(O)cc1)CCC2,5.779368980551908,1,Ki,THRb,CHEMBL1947
Cc1cc(NC(=O)CC(=O)O)cc(C)c1Oc1ccc(O)c(C(C)C)c1,8.0,1,Ki,THRb,CHEMBL1947
Cc1cc(NC(=O)CC(=O)O)cc(Cl)c1Oc1ccc(O)c(S(=O)(=O)CC2CCC2)c1,9.301029995663981,1,Ki,THRb,CHEMBL1947
Cc1cc(NC(=O)P(=O)(O)O)cc(C)c1Oc1ccc(O)c(C(C)C)c1,7.443697499232712,1,Ki,THRb,CHEMBL1947
Cc1cc(NC(=O)c2noc(=O)[nH]2)cc(C)c1Oc1cc(C(C)C)c(=O)[nH]n1,6.085656842880559,1,EC50,THRb,CHEMBL1947
Cc1cc(NCP(=O)(O)O)cc(C)c1Cc1ccc(O)c(C(C)C)c1,8.040958607678906,1,Ki,THRb,CHEMBL1947
Cc1cc(NS(=O)(=O)CC(=O)O)c2c(c1Oc1ccc(O)c(C(C)C)c1)CCC2,6.671620396561263,1,Ki,THRb,CHEMBL1947
Cc1cc(OCC(=O)O)cc(C)c1Cc1cc(-c2ccc([N+](=O)[O-])cc2)c(O)c(C(C)C)c1,6.167491087293763,1,IC50,THRb,CHEMBL1947
Cc1cc(OCC(=O)O)cc(C)c1Cc1cc(C#Cc2ccc([N+](=O)[O-])cc2)c(O)c(C(C)C)c1,6.431798275933005,1,IC50,THRb,CHEMBL1947
Cc1cc(OCC(=O)O)cc(C)c1Cc1cc(C#Cc2ccccc2)c(O)c(C(C)C)c1,6.301029995663981,1,EC50,THRb,CHEMBL1947
Cc1cc(OCC(=O)O)cc(C)c1Cc1ccc(N)c(C(C)C)c1,6.339134521996131,1,EC50,THRb,CHEMBL1947
Cc1cc(OCC(=O)O)cc(C)c1Cc1ccc(O)c(C(C)C)c1,8.486057592060792,4,"Ki,EC50",THRb,CHEMBL1947
Cc1cc(OCC(=O)O)cc(C)c1Cc1ccc(O)cc1,7.494850021680094,1,EC50,THRb,CHEMBL1947
Cc1cc(OCC(=O)O)cc2cc(C)n(Cc3ccc(O)c(C(C)C)c3)c12,9.853871964321762,1,Ki,THRb,CHEMBL1947
Cc1cc(OCC(=O)O)cc2ccn(Cc3ccc(O)c(C(C)C)c3)c12,9.585026652029182,1,Ki,THRb,CHEMBL1947
Cc1cc(OCCP(=O)(O)O)cc(C)c1Cc1ccc(O)c(C(C)C)c1,7.060480747381382,1,Ki,THRb,CHEMBL1947
Cc1cc(OCP(=O)(O)O)cc(C)c1Cc1ccc(O)c(-c2ccccc2)c1,6.97469413473523,1,Ki,THRb,CHEMBL1947
Cc1cc(OCP(=O)(O)O)cc(C)c1Cc1ccc(O)c(C(C)C)c1,8.596859125086652,2,Ki,THRb,CHEMBL1947
Cc1cc(OCP(=O)(O)O)cc(C)c1Oc1ccc(O)c(C(C)C)c1,7.5951662833800615,1,Ki,THRb,CHEMBL1947
Cc1cc(OCP2(=O)OCC[C@@H](c3cccc(Cl)c3)O2)cc(C)c1Cc1ccc(O)c(C(C)C)c1,5.52874794691596,2,Ki,THRb,CHEMBL1947
Cc1cc(Oc2c(Br)cc(CC(=O)N[C@H](C(=O)O)C(C)C)cc2Br)cc(C(C)C)c1O,5.585026652029182,1,IC50,THRb,CHEMBL1947
Cc1cc(Oc2c(I)cc(CC3NC(=O)NC3=O)cc2I)ccc1O,6.0713337517843655,2,EC50,THRb,CHEMBL1947
Cc1cc(SCP(=O)(O)O)cc(C)c1Oc1ccc(O)c(C(C)C)c1,7.375717904164332,1,Ki,THRb,CHEMBL1947
Cc1cc2[nH]c(C(=O)O)cc(=O)c2c(C)c1Oc1ccc(O)c(C(C)C)c1,6.619897359061326,2,IC50,THRb,CHEMBL1947
Cc1cc2c(NC(=O)C(=O)O)cccc2n1Cc1ccc(O)c(C(C)C)c1,6.861898437290556,3,"EC50,IC50",THRb,CHEMBL1947
Cc1cc2c(NC(=O)CC(=O)O)cccc2n1Cc1ccc(O)c(C(C)C)c1,6.355133520593976,3,"EC50,IC50",THRb,CHEMBL1947
Cc1cc2cc(NC(=O)C(=O)O)ccc2n1Cc1ccc(O)c(C(C)C)c1,5.823908740944319,1,IC50,THRb,CHEMBL1947
Cc1cc2cc(OCC(=O)O)cc(Cl)c2n1Cc1ccc(O)c(C(C)C)c1,10.397940008672037,1,Ki,THRb,CHEMBL1947
Cc1cc2cc(OCC(=O)O)ccc2n1Cc1ccc(O)c(C(C)C)c1,8.950781977329818,1,Ki,THRb,CHEMBL1947
Cc1cc2nc(C(=O)O)ccc2c(C)c1Oc1ccc(O)c(C(C)C)c1,7.821891432890133,2,IC50,THRb,CHEMBL1947
Cc1ccc(-c2c(-c3cccc(C)n3)nn3c2CCC3)cc1,5.3979400086720375,1,IC50,THRb,CHEMBL1947
Cc1ccc(COc2c(Br)cc(CCC(=O)O)cc2Br)cc1,6.443697499232712,1,IC50,THRb,CHEMBL1947
Cc1ccc(NC(=O)C(=O)O)c2ccn(Cc3ccc(O)c(C(C)C)c3)c12,6.763294211629394,3,"EC50,IC50",THRb,CHEMBL1947
Cc1ccc(NC(=O)CC(=O)O)c2ccn(Cc3ccc(O)c(C(C)C)c3)c12,6.004827904049094,3,"EC50,IC50",THRb,CHEMBL1947
Cc1ccc2c(C(Nc3ccc(OC(F)(F)F)cc3)c3ccccc3Cl)c(C)[nH]c2c1,4.617982957425132,1,IC50,THRb,CHEMBL1947
Cc1cccc(-c2nn3c(c2-c2ccc(F)c(F)c2)CCC3)n1,6.464705879957229,1,IC50,THRb,CHEMBL1947
Cc1cccc(-c2nn3c(c2-c2ccc(F)cc2)CCC3)n1,6.756961951313706,1,IC50,THRb,CHEMBL1947
Cc1cccc(-c2nn3c(c2-c2ccc(O)cc2)CCC3)n1,7.327902142064282,1,IC50,THRb,CHEMBL1947
Cc1cccc(-c2nn3c(c2-c2ccc(S(C)(=O)=O)cc2)CCC3)n1,4.709965388637482,1,IC50,THRb,CHEMBL1947
Cc1cccc(-c2nn3c(c2-c2ccnc4cc(Cl)ccc24)CCC3)n1,7.318758762624412,1,IC50,THRb,CHEMBL1947
Cc1cccc(-c2nn3c(c2-c2ccnc4ccccc24)CCC3)n1,7.107905397309519,1,IC50,THRb,CHEMBL1947
Cc1cccc(COc2c(Br)cc(CCC(=O)O)cc2Br)c1,6.920818753952375,1,IC50,THRb,CHEMBL1947
Cc1ccccc1COc1c(Br)cc(CCC(=O)O)cc1Br,6.698970004336019,1,IC50,THRb,CHEMBL1947
Cc1cn(Cc2ccc(O)c(-c3ccccc3)c2)c2ccc(OCC(=O)O)cc12,8.503070351926786,1,Ki,THRb,CHEMBL1947
Cc1cn(Cc2ccc(O)c(C(C)(C)C)c2)c2ccc(OCC(=O)O)cc12,9.522878745280337,1,Ki,THRb,CHEMBL1947
Cc1cn(Cc2ccc(O)c(C(C)C)c2)c2c(C)cc(OCC(=O)O)cc12,9.744727494896694,1,Ki,THRb,CHEMBL1947
Cc1cn(Cc2ccc(O)c(C(C)C)c2)c2c(Cl)cc(OCC(=O)O)cc12,10.045757490560675,1,Ki,THRb,CHEMBL1947
Cc1cn(Cc2ccc(O)c(C(C)C)c2)c2ccc(OCC(=O)O)cc12,9.42021640338319,1,Ki,THRb,CHEMBL1947
Cc1cn(Cc2ccc(O)c(C3CCCC3)c2)c2ccc(OCC(=O)O)cc12,9.193820026016112,1,Ki,THRb,CHEMBL1947
Cc1cn(Cc2ccc(O)c(C3CCCCC3)c2)c2ccc(OCC(=O)O)cc12,8.094743951251548,1,Ki,THRb,CHEMBL1947
Cc1cn(Cc2ccc(O)c(CC3CCCCC3)c2)c2ccc(OCC(=O)O)cc12,8.954677021213342,1,Ki,THRb,CHEMBL1947
Cc1cn(Cc2ccc(O)c(Cc3ccccc3)c2)c2ccc(OCC(=O)O)cc12,7.829540103299919,2,"Ki,EC50",THRb,CHEMBL1947
Cc1nc(C(=O)NCC(=O)O)c(O)c2ccc(Oc3ccccc3)cc12,7.889410289700751,1,EC50,THRb,CHEMBL1947
Cc1oc2ccccc2c1C(=O)c1cc(I)c(OCC(=O)O)c(I)c1,6.318758762624412,1,IC50,THRb,CHEMBL1947
Cc1oc2ccccc2c1Cc1cc(I)c(OCC(=O)O)c(I)c1,5.315519029062749,4,IC50,THRb,CHEMBL1947
Clc1ccc2c(-c3c(-c4ccccn4)nn4c3CCC4)ccnc2c1,7.267606240177031,1,IC50,THRb,CHEMBL1947
Cn1c(=O)ccc2c1ccn2-c1c(Cl)cc(-n2nc(C#N)c(=O)[nH]c2=O)cc1Cl,6.698970004336019,1,EC50,THRb,CHEMBL1947
Cn1nc(Cc2c(Cl)cc(NC(=O)c3noc(=O)[nH]3)cc2Cl)cc(C2CC2)c1=O,6.7423214251308154,1,EC50,THRb,CHEMBL1947
Cn1nc(Oc2c(Cl)cc(NC(=O)c3noc(=O)[nH]3)cc2Cl)cc(C(C)(C)O)c1=O,7.462180904926726,1,EC50,THRb,CHEMBL1947
Fc1ccc(-c2c(-c3cccc(C(F)(F)F)n3)nn3c2CCC3)cc1,6.057000406633959,1,IC50,THRb,CHEMBL1947
Fc1ccc(-c2c(-c3ccccn3)nn3c2CCC3)cc1,5.8794260687941495,1,IC50,THRb,CHEMBL1947
Fc1ccc(-c2nn3c(c2-c2ccnc4ccccc24)CCC3)nc1,6.821023052706831,1,IC50,THRb,CHEMBL1947
N#Cc1nn(-c2cc(Cl)c(-n3ccc4c3ccc(=O)n4C3CC3)c(Cl)c2)c(=O)[nH]c1=O,7.522878745280337,1,EC50,THRb,CHEMBL1947
N#Cc1nn(-c2cc(Cl)c(-n3ccc4c3ccc(=O)n4C3CCC3)c(Cl)c2)c(=O)[nH]c1=O,7.698970004336019,1,EC50,THRb,CHEMBL1947
N#Cc1nn(-c2cc(Cl)c(-n3ccc4c3ccc(=O)n4C3CCCC3)c(Cl)c2)c(=O)[nH]c1=O,7.3979400086720375,1,EC50,THRb,CHEMBL1947
N#Cc1nn(-c2cc(Cl)c(-n3ccc4c3ccc(=O)n4CC(F)(F)F)c(Cl)c2)c(=O)[nH]c1=O,7.154901959985743,1,EC50,THRb,CHEMBL1947
N#Cc1nn(-c2cc(Cl)c(-n3ccc4cc(O)ccc43)c(Cl)c2)c(=O)[nH]c1=O,6.187086643357144,1,EC50,THRb,CHEMBL1947
NC(Cc1cc(I)c(Oc2ccc(O)c(I)c2)c(I)c1)C(=O)O,9.987162775294827,1,IC50,THRb,CHEMBL1947
NC(Cc1cc(I)c(Oc2ccc(O)c(I)c2)c(I)c1)P(=O)(O)O,6.567030709125595,1,Ki,THRb,CHEMBL1947
N[C@@H](Cc1cc(Br)c(Oc2cc(I)c(O)c(I)c2)c(I)c1)C(=O)O,6.42021640338319,1,EC50,THRb,CHEMBL1947
N[C@@H](Cc1cc(Br)c(Oc2ccc(O)c(Cc3ccc(O)nn3)c2)c(Br)c1)C(=O)O,6.623423042943488,1,Ki,THRb,CHEMBL1947
N[C@@H](Cc1cc(I)c(Oc2cc(I)c(O)c(I)c2)c(I)c1)C(=O)O,6.619788758288394,1,EC50,THRb,CHEMBL1947
N[C@@H](Cc1cc(I)c(Oc2ccc(O)c(I)c2)c(I)c1)C(=O)O,8.781062254683675,19,"Ki,EC50,IC50",THRb,CHEMBL1947
N[C@H](Cc1cc(I)c(Oc2ccc(O)c(I)c2)c(I)c1)C(=O)O,9.583365851856202,3,IC50,THRb,CHEMBL1947
Nc1cccc(COc2c(Br)cc(CCC(=O)O)cc2Br)c1,6.086186147616283,1,IC50,THRb,CHEMBL1947
O=C(NC1CCC1)c1cc(Oc2c(Cl)cc(-n3ncc(=O)[nH]c3=O)cc2Cl)ccc1O,8.971944134690958,2,"Ki,IC50",THRb,CHEMBL1947
O=C(NC1CCCCC1)c1cc(Oc2c(Cl)cc(-n3ncc(=O)[nH]c3=O)cc2Cl)ccc1O,9.932433674311612,2,"Ki,IC50",THRb,CHEMBL1947
O=C(NCc1cccc(Cl)c1)c1cc(Cl)c2cn(CCn3cccn3)nc2c1,6.647817481888637,1,IC50,THRb,CHEMBL1947
O=C(NCc1cccc(Cl)c1)c1ccc2cn(CCN3CCOC3=O)nc2c1,6.657577319177793,1,IC50,THRb,CHEMBL1947
O=C(NCc1cccc(Cl)c1)c1ccc2cn(CCn3cccn3)nc2c1,6.761953896871205,1,IC50,THRb,CHEMBL1947
O=C(Nc1cc(Cl)c(Cc2cc(C3CC3)c(=O)[nH]n2)c(Cl)c1)c1noc(=O)[nH]1,6.7447274948966935,1,EC50,THRb,CHEMBL1947
O=C(Nc1cc(Cl)c(Oc2cc(C34CC(C3)C4)c(=O)[nH]n2)c(Cl)c1)c1noc(=O)[nH]1,6.221848749616356,1,EC50,THRb,CHEMBL1947
O=C(Nc1cc(Cl)c(Oc2cc(C3CC3)c(=O)[nH]n2)c(Cl)c1)c1noc(=O)[nH]1,6.636388020107855,1,EC50,THRb,CHEMBL1947
O=C(O)C(=O)Nc1cc(Cl)c(-c2cccc3c(Br)c(O)ccc23)c(Cl)c1,9.522878745280337,1,IC50,THRb,CHEMBL1947
O=C(O)CC(=O)Nc1cc(Cl)c(-c2cccc3c(Br)c(O)ccc23)c(Cl)c1,9.522878745280337,1,IC50,THRb,CHEMBL1947
O=C(O)CCC(=O)Nc1cc(Cl)c(-c2cccc3c(Br)c(O)ccc23)c(Cl)c1,7.657577319177793,1,IC50,THRb,CHEMBL1947
O=C(O)CCNc1cc(Cl)c(-c2cccc3c(Br)c(O)ccc23)c(Cl)c1,8.744727494896694,1,IC50,THRb,CHEMBL1947
O=C(O)CCc1cc(Br)c(OC2CCCCC2)c(Br)c1,6.719991046891813,1,IC50,THRb,CHEMBL1947
O=C(O)CCc1cc(Br)c(OCC2CCCCC2)c(Br)c1,6.787352066630453,3,IC50,THRb,CHEMBL1947
O=C(O)CCc1cc(Br)c(OCc2cccc(Br)c2)c(Br)c1,7.221848749616356,1,IC50,THRb,CHEMBL1947
O=C(O)CCc1cc(Br)c(OCc2cccc(C(F)(F)F)c2)c(Br)c1,6.795880017344075,1,IC50,THRb,CHEMBL1947
O=C(O)CCc1cc(Br)c(OCc2cccc(Cl)c2)c(Br)c1,6.721246399047171,1,IC50,THRb,CHEMBL1947
O=C(O)CCc1cc(Br)c(OCc2ccccc2)c(Br)c1,6.638272163982407,1,IC50,THRb,CHEMBL1947
O=C(O)CCc1cc(I)c(Oc2ccc(O)c(I)c2)c(I)c1,10.72048547967463,3,IC50,THRb,CHEMBL1947
O=C(O)CCc1ccccc1OCC1C(Br)CCCC1Br,6.721246399047171,1,IC50,THRb,CHEMBL1947
O=C(O)CNC(=O)c1nc(Br)c2cc(Oc3ccccc3)ccc2c1O,8.468521082957745,1,EC50,THRb,CHEMBL1947
O=C(O)CNC(=O)c1nc(Cl)c2cc(Oc3ccccc3)ccc2c1O,7.899629454882437,1,EC50,THRb,CHEMBL1947
O=C(O)CNC(=O)c1nc(OC2CCC2)c2cc(Oc3ccccc3)ccc2c1O,7.316052869248487,1,EC50,THRb,CHEMBL1947
O=C(O)CNc1cc(Cl)c(-c2cccc3c(Br)c(O)ccc23)c(Cl)c1,8.744727494896694,1,IC50,THRb,CHEMBL1947
O=C(O)Cc1cc(Br)c(OC2CCCCC2)c(Br)c1,6.109998386815363,1,IC50,THRb,CHEMBL1947
O=C(O)Cc1cc(Br)c(OCC2CCCCC2)c(Br)c1,6.169168106002694,3,IC50,THRb,CHEMBL1947
O=C(O)Cc1cc(Br)c(Oc2cc(I)c(O)c(I)c2)c(I)c1,7.721246399047171,1,EC50,THRb,CHEMBL1947
O=C(O)Cc1cc(Br)c(Oc2ccc(O)c(C(=O)NC(=O)c3ccccc3)c2)c(Br)c1,8.379968104873702,1,IC50,THRb,CHEMBL1947
O=C(O)Cc1cc(Br)c(Oc2ccc(O)c(C(=O)NCC(c3ccccc3)c3ccccc3)c2)c(Br)c1,8.380036905997452,2,IC50,THRb,CHEMBL1947
O=C(O)Cc1cc(Br)c(Oc2ccc(O)c(C(=O)NCCCCc3ccccc3)c2)c(Br)c1,7.739928612014925,2,IC50,THRb,CHEMBL1947
O=C(O)Cc1cc(Br)c(Oc2ccc(O)c(C(=O)NCCCc3ccccc3)c2)c(Br)c1,8.169989064063882,2,IC50,THRb,CHEMBL1947
O=C(O)Cc1cc(Br)c(Oc2ccc(O)c(C(=O)NCCc3ccccc3)c2)c(Br)c1,9.20999647960951,2,IC50,THRb,CHEMBL1947
O=C(O)Cc1cc(Br)c(Oc2ccc(O)c(C(=O)NCCc3ccccn3)c2)c(Br)c1,7.169989064063882,2,IC50,THRb,CHEMBL1947
O=C(O)Cc1cc(Br)c(Oc2ccc(O)c(C(=O)NCc3ccccc3)c2)c(Br)c1,8.379968104873702,1,IC50,THRb,CHEMBL1947
O=C(O)Cc1cc(Br)c(Oc2ccc(O)c(C(=O)Nc3ccccc3)c2)c(Br)c1,7.455031273591957,2,IC50,THRb,CHEMBL1947
O=C(O)Cc1cc(Br)c(Oc2ccc(O)c(Cc3ccc(C(F)(F)F)cc3)c2)c(Br)c1,8.019996628416253,1,IC50,THRb,CHEMBL1947
O=C(O)Cc1cc(Br)c(Oc2ccc(O)c(Oc3ccc(C(F)(F)F)cc3)c2)c(Br)c1,8.019996628416253,1,IC50,THRb,CHEMBL1947
O=C(O)Cc1cc(Br)c(Oc2ccc(O)c(Oc3ccc(O)cc3)c2)c(Br)c1,8.219970872662662,2,IC50,THRb,CHEMBL1947
O=C(O)Cc1cc(Br)c(Oc2ccc(O)c(Oc3cccc(-c4ccccc4)c3)c2)c(Br)c1,7.219970872662662,2,IC50,THRb,CHEMBL1947
O=C(O)Cc1cc(Br)c(Oc2ccc(O)c(Oc3cccc(C(F)(F)F)c3)c2)c(Br)c1,8.96018944585165,2,IC50,THRb,CHEMBL1947
O=C(O)Cc1cc(Br)c(Oc2ccc(O)c(Oc3cccc(O)c3)c2)c(Br)c1,7.3300326300914955,2,IC50,THRb,CHEMBL1947
O=C(O)Cc1cc(Br)c(Oc2ccc(O)c(Oc3ccccc3)c2)c(Br)c1,8.219970872662662,2,IC50,THRb,CHEMBL1947
O=C(O)Cc1cc(Br)c(Oc2ccc(O)c(Oc3ccccc3C(F)(F)F)c2)c(Br)c1,8.119987161633228,2,IC50,THRb,CHEMBL1947
O=C(O)Cc1cc(Br)c(Oc2ccc(O)c(Oc3ccccc3O)c2)c(Br)c1,7.079981083971085,2,IC50,THRb,CHEMBL1947
O=C(O)Cc1cc(Cl)c(-c2cccc3c(Br)c(O)ccc23)c(Cl)c1,7.886056647693163,1,IC50,THRb,CHEMBL1947
O=C(O)Cc1cc(Cl)c(-c2cccc3cc(O)ccc23)c(Cl)c1,6.2636034977233574,1,IC50,THRb,CHEMBL1947
O=C(O)Cc1cc(Cl)c(Oc2ccc(O)c(-c3ccc(C(F)(F)F)cc3)c2)c(Cl)c1,7.169989064063882,1,IC50,THRb,CHEMBL1947
O=C(O)Cc1cc(Cl)c(Oc2ccc(O)c(-c3ccc(O)cc3)c2)c(Cl)c1,7.059981844992337,2,IC50,THRb,CHEMBL1947
O=C(O)Cc1cc(Cl)c(Oc2ccc(O)c(-c3cccc(-c4ccccc4)c3)c2)c(Cl)c1,7.680061560019691,2,IC50,THRb,CHEMBL1947
O=C(O)Cc1cc(Cl)c(Oc2ccc(O)c(-c3cccc(C(F)(F)F)c3)c2)c(Cl)c1,9.04999907182806,2,IC50,THRb,CHEMBL1947
O=C(O)Cc1cc(Cl)c(Oc2ccc(O)c(-c3cccc(O)c3)c2)c(Cl)c1,7.119987161633228,2,IC50,THRb,CHEMBL1947
O=C(O)Cc1cc(Cl)c(Oc2ccc(O)c(-c3cccc(OC(F)(F)F)c3)c2)c(Cl)c1,8.47005659834133,2,IC50,THRb,CHEMBL1947
O=C(O)Cc1cc(Cl)c(Oc2ccc(O)c(-c3cccc(OC(F)F)c3)c2)c(Cl)c1,9.110026361596004,2,IC50,THRb,CHEMBL1947
O=C(O)Cc1cc(Cl)c(Oc2ccc(O)c(-c3ccccc3)c2)c(Cl)c1,8.539203830002087,3,"EC50,IC50",THRb,CHEMBL1947
O=C(O)Cc1cc(Cl)c(Oc2ccc(O)c(-c3ccccc3C(F)(F)F)c2)c(Cl)c1,8.489991487059765,1,IC50,THRb,CHEMBL1947
O=C(O)Cc1cc(Cl)c(Oc2ccc(O)c(-c3ccccc3O)c2)c(Cl)c1,7.299988937677888,2,IC50,THRb,CHEMBL1947
O=C(O)Cc1cc(Cl)c(Oc2ccc(O)c(-c3ccccn3)c2)c(Cl)c1,6.859995049380551,2,IC50,THRb,CHEMBL1947
O=C(O)Cc1cc(Cl)c(Oc2ccc(O)c(-c3cccnc3)c2)c(Cl)c1,7.389978975335855,2,IC50,THRb,CHEMBL1947
O=C(O)Cc1cc(Cl)c(Oc2ccc(O)c(-c3ccncc3)c2)c(Cl)c1,6.909988975992853,2,IC50,THRb,CHEMBL1947
O=C(O)Cc1cc(Cl)c(Oc2ccc(O)c(-c3cncnc3)c2)c(Cl)c1,7.169989064063882,2,IC50,THRb,CHEMBL1947
O=C(O)Cc1cc(Cl)c(Oc2ccc(O)c(-c3nccs3)c2)c(Cl)c1,7.550059011226662,2,IC50,THRb,CHEMBL1947
O=C(O)Cc1cc(Cl)c(Oc2ccc(O)c(Br)c2)c(Cl)c1,8.045757490560675,1,IC50,THRb,CHEMBL1947
O=C(O)Cc1cc(Cl)c(Oc2ccc(O)c(C(=O)NCC(c3ccccc3)c3ccccc3)c2)c(Cl)c1,9.327902142064282,1,EC50,THRb,CHEMBL1947
O=C(O)Cc1cc(Cl)c(Oc2ccc(O)c(C(=O)NCCc3ccccc3)c2)c(Cl)c1,8.460046158343603,1,IC50,THRb,CHEMBL1947
O=C(O)Cc1cc(Cl)c(Oc2ccc(O)c(C(=O)NCc3ccccc3)c2)c(Cl)c1,8.460046158343603,1,IC50,THRb,CHEMBL1947
O=C(O)Cc1cc(Cl)c(Oc2ccc(O)c(C3CCCCC3)c2)c(Cl)c1,8.110026361596004,1,IC50,THRb,CHEMBL1947
O=C(O)Cc1cc(Cl)c(Oc2ccc(O)cc2)c(Cl)c1,5.669586226650809,1,IC50,THRb,CHEMBL1947
O=C(O)Cc1cc(I)c(Oc2cc(I)c(O)c(I)c2)c(I)c1,7.698970004336019,1,EC50,THRb,CHEMBL1947
O=C(O)Cc1cc(I)c(Oc2ccc(O)c(I)c2)c(I)c1,10.342921681227615,3,IC50,THRb,CHEMBL1947
O=C(O)Nc1cc(Cl)c(-c2cccc3c(-c4ccccc4)c(O)ccc23)c(Cl)c1,7.537602002101044,1,IC50,THRb,CHEMBL1947
O=C(c1cc(Oc2c(Cl)cc(-n3ncc(=O)[nH]c3=O)cc2Cl)ccc1O)N1CC2CCC1C2,9.485608760544979,3,Ki,THRb,CHEMBL1947
O=C(c1cc(Oc2c(Cl)cc(-n3ncc(=O)[nH]c3=O)cc2Cl)ccc1O)N1CCCCC1,8.81015396301654,4,"Ki,IC50",THRb,CHEMBL1947
O=C(c1cc(Oc2c(Cl)cc(-n3ncc(=O)[nH]c3=O)cc2Cl)ccc1O)N1CCOCC1,8.921362301772982,2,"Ki,IC50",THRb,CHEMBL1947
O=C(c1cc(Oc2c(Cl)cc(-n3ncc(=O)[nH]c3=O)cc2Cl)ccc1O)N1CCc2ccccc2C1,8.698970004336019,1,Ki,THRb,CHEMBL1947
O=C1NC(=O)C(Cc2cc(I)c(Oc3ccc(O)c(Br)c3)c(I)c2)N1,5.779860393382206,2,EC50,THRb,CHEMBL1947
O=C1NC(=O)C(Cc2cc(I)c(Oc3ccc(O)c(C4CC4)c3)c(I)c2)N1,6.349485002168009,2,EC50,THRb,CHEMBL1947
O=C1NC(=O)C(Cc2cc(I)c(Oc3ccc(O)c(I)c3)c(I)c2)N1,6.182258126592544,2,EC50,THRb,CHEMBL1947
O=P(O)(O)Cc1cc(I)c(Oc2ccc(O)c(I)c2)c(I)c1,7.585026652029182,1,Ki,THRb,CHEMBL1947
O=c1cnn(-c2cc(Cl)c(Oc3ccc(O)c(Cc4ccc(F)cc4)c3)c(Cl)c2)c(=O)[nH]1,9.292429823902063,1,Ki,THRb,CHEMBL1947
O=c1cnn(-c2cc(Cl)c(Oc3ccc(O)c(S(=O)(=O)N4C5CCC4CC4(C5)OCCO4)c3)c(Cl)c2)c(=O)[nH]1,9.284310075579032,2,"Ki,IC50",THRb,CHEMBL1947
O=c1cnn(-c2cc(Cl)c(Oc3ccc(O)c(S(=O)(=O)N4C5CCC4CC4(CCCO4)C5)c3)c(Cl)c2)c(=O)[nH]1,8.623492213585177,3,"Ki,EC50,IC50",THRb,CHEMBL1947
O=c1cnn(-c2cc(Cl)c(Oc3ccc(O)c(S(=O)(=O)N4CCCCC4)c3)c(Cl)c2)c(=O)[nH]1,10.474500960413309,2,"Ki,IC50",THRb,CHEMBL1947
O=c1cnn(-c2cc(Cl)c(Oc3ccc(O)c(S(=O)(=O)N4CCc5ccccc54)c3)c(Cl)c2)c(=O)[nH]1,9.18996921359416,1,IC50,THRb,CHEMBL1947
O=c1cnn(-c2cc(Cl)c(Oc3ccc(O)c(S(=O)(=O)NC4CCC4)c3)c(Cl)c2)c(=O)[nH]1,9.173973575875948,2,"Ki,IC50",THRb,CHEMBL1947
O=c1cnn(-c2cc(Cl)c(Oc3ccc(O)c(S(=O)(=O)NC4CCCCC4)c3)c(Cl)c2)c(=O)[nH]1,9.113663152647316,2,"Ki,IC50",THRb,CHEMBL1947
O=c1cnn(-c2cc(Cl)c(Oc3ccc(O)c(S(=O)(=O)Nc4ccccc4)c3)c(Cl)c2)c(=O)[nH]1,9.77502950561333,2,"Ki,IC50",THRb,CHEMBL1947
O=c1cnn(-c2cc(Cl)c(Oc3ccc(O)c(S(=O)(=O)n4ccc5ccccc54)c3)c(Cl)c2)c(=O)[nH]1,9.638272163982407,1,Ki,THRb,CHEMBL1947
OCc1cccc(-c2nn3c(c2-c2ccc(F)cc2)CCC3)n1,5.581698708680255,1,IC50,THRb,CHEMBL1947
c1ccc(-c2nn3c(c2-c2ccnc4ccccc24)CCC3)nc1,6.982966660701219,1,IC50,THRb,CHEMBL1947
C#Cc1ccc(C2CCN(C(=O)c3cc(C(=O)NC)c(C4CCC4)cc3C)CC2)cc1,7.161150909262744,2,IC50,FASN,CHEMBL4158
C#Cc1ccc(COC(=O)[C@H](C)NC(=O)[C@H](CCCCNC(=O)[C@@H]2OC(=O)[C@H]2CCCCCC)NC(=O)OCc2ccccc2)cc1,5.400116927926312,1,IC50,FASN,CHEMBL4158
C/C(C(=N)C(=O)N(C)C)=C(/N)c1cc(C(=O)N2CC(c3ccc(C#N)cc3)C2)c(C)cc1C,7.619788758288394,1,IC50,FASN,CHEMBL4158
C/C(C(=N)C1CCOC1)=C(/N)c1cc(C(=O)N2CC(c3ccc(C#N)cc3)C2)ccc1C,7.026872146400302,1,IC50,FASN,CHEMBL4158
C/C=C/C/C=C/CCC(=O)[C@H]1O[C@H]1C(N)=O,4.927659498838847,3,IC50,FASN,CHEMBL4158
C=C/C(C)=C/C1(C)SC(O)=C(C)C1=O,3.8446639625349386,1,IC50,FASN,CHEMBL4158
C=C/C(C)=C/[C@@]1(C)SC(=O)C(C)=C1O,4.0,1,IC50,FASN,CHEMBL4158
C=C/C(C)=C/[C@]1(C)SC(=O)C(C)=C1O,3.681936665037238,1,IC50,FASN,CHEMBL4158
C=C/C(C)=C/[C@]1(C)SC(=O)C=C1O,4.014124642691606,1,IC50,FASN,CHEMBL4158
C=C1C(=O)O[C@H](CCCCCCCC)[C@H]1C(=O)O,4.359100519842442,2,IC50,FASN,CHEMBL4158
CC#Cc1ccc(C2CCN(C(=O)c3cc(C(=O)NC)c(C4CCC4)cc3C)CC2)cc1,6.903089986991944,2,IC50,FASN,CHEMBL4158
CC(=O)N1CC(c2nc(C)c(-c3cc(C(=O)N4CC(c5ccc(C#N)cc5)C4)ccc3C)[nH]2)C1,7.698970004336019,2,IC50,FASN,CHEMBL4158
CC(=O)N1CCC(OC(=O)Nc2cc(C(=O)N3CCC(F)(c4ccc(C#N)cc4)CC3)c(C)cc2C)C1,6.698970004336019,1,IC50,FASN,CHEMBL4158
CC(=O)N1CCC(OC(=O)Nc2ccc(C)c(C(=O)N3CCC(F)(c4ccc(C#N)cc4)CC3)c2)C1,6.782516055786093,1,IC50,FASN,CHEMBL4158
CC(=O)N1CCC(c2nc(C)c(-c3cc(C(=O)N4CC(c5ccc(C#N)cc5)C4)ccc3C)[nH]2)CC1,7.537602002101044,2,IC50,FASN,CHEMBL4158
CC(=O)N1CCC2(CC1)N=C(c1ccc(-c3ccc4c(cnn4C)c3)cc1)N(C[C@@H]1CCN(C(=O)C3CC3)C1)C2=O,6.698970004336019,1,IC50,FASN,CHEMBL4158
CC(=O)N1CCc2nc(-c3cc(C(=O)N4CCC(c5ccc(C#N)cc5)CC4)c(C)cc3C)[nH]c2C1,7.187086643357144,1,IC50,FASN,CHEMBL4158
CC(=O)N1CCc2nc(-c3cc(C(=O)N4CCC(c5ccc(C#N)cc5)CC4)c(C)cc3C)[nH]c2C1C,7.096910013008056,1,IC50,FASN,CHEMBL4158
CC(=O)N1CCc2nc(-c3cc(C(=O)N4CCC(c5ccc(C#N)cc5)CC4)c(C)cc3C)[nH]c2CC1,7.221848749616356,1,IC50,FASN,CHEMBL4158
CC(=O)N1CCc2nc(-c3cc(C(=O)N4CCC(c5ccc(C#N)cc5)CC4)c(C)cc3C3CC3)[nH]c2C1,7.3979400086720375,1,IC50,FASN,CHEMBL4158
CC(=O)N1CCc2nc(-c3cc(C(=O)N4CCC(c5ccc(C#N)cc5)CC4)c(C)cc3Cl)[nH]c2C1,6.769551078621726,1,IC50,FASN,CHEMBL4158
CC(=O)N1CCc2nc(-c3cc(C(=O)N4CCC(c5ccc(C#N)cc5)CC4)ccc3C)[nH]c2C1,6.835647144215563,1,IC50,FASN,CHEMBL4158
CC(=O)N1CCc2nc(-c3cc(C(=O)N4CCC(c5ccc(C(F)(F)F)cc5)CC4)c(C)cc3C)[nH]c2C1,7.3979400086720375,1,IC50,FASN,CHEMBL4158
CC(=O)N1CCc2nc(-c3cc(C(=O)N4CCC(c5ccc(F)cc5)CC4)c(C)cc3C)[nH]c2C1,6.42021640338319,1,IC50,FASN,CHEMBL4158
CC(=O)N1CCc2nc(-c3cc(C(=O)N4CCC(c5ccc(F)cc5)CC4)c(C)cc3Cl)[nH]c2C1,5.6777807052660805,1,IC50,FASN,CHEMBL4158
CC(=O)N1Cc2[nH]c(-c3cc(C(=O)N4CCC(c5ccc(C#N)cc5)CC4)c(C)cc3C)nc2C(C)(C)C1,7.154901959985743,1,IC50,FASN,CHEMBL4158
CC(=O)N1Cc2[nH]c(-c3cc(C(=O)N4CCC(c5ccc(C#N)cc5)CC4)c(C)cc3C)nc2C2(CC2)C1,6.886056647693163,1,IC50,FASN,CHEMBL4158
CC(=O)NCCC(=O)N[C@H]1CC[C@@H](N(C)C(=O)c2ccc(-c3nc4ccccc4o3)cc2)C1,5.756961951313706,1,IC50,FASN,CHEMBL4158
CC(=O)N[C@@H](C(=O)N[C@H]1CC[C@@H](N(C)C(=O)c2ccc(-c3nc4ccccc4o3)cc2)C1)C(C)C,4.576754126063192,1,IC50,FASN,CHEMBL4158
CC(=O)N[C@@H](C)C(=O)N[C@H]1CCC(N(C)C(=O)c2ccc(-c3nc4ccccc4o3)cc2)C1,4.576754126063192,1,IC50,FASN,CHEMBL4158
CC(=O)N[C@@H]1CC[C@@H](N(C)C(=O)c2ccc(-c3nc4ccccc4o3)cc2)C1,4.576754126063192,1,IC50,FASN,CHEMBL4158
CC(=O)N[C@H](C(=O)N[C@H]1CC[C@@H](N(C)C(=O)c2ccc(-c3nc4ccccc4o3)cc2)C1)C(C)C,5.756961951313706,1,IC50,FASN,CHEMBL4158
CC(=O)N[C@H]1CC[C@@H](C(=O)N(C)c2ccc(-c3ccccc3)cc2)C1,6.318758762624412,1,IC50,FASN,CHEMBL4158
CC(=O)N[C@H]1CC[C@@H](C(=O)N(C)c2ccc(-c3nc4ccccc4[nH]3)cc2)C1,6.093543321678572,2,IC50,FASN,CHEMBL4158
CC(=O)N[C@H]1CC[C@@H](C(=O)N(C)c2ccc(-c3nc4ccccc4o3)cc2)C1,6.698970004336019,1,IC50,FASN,CHEMBL4158
CC(=O)Nc1cc(C(=O)N2CCC(c3ccc(C#N)cc3)CC2)ccc1C1CCC1,6.42021640338319,1,IC50,FASN,CHEMBL4158
CC(=O)Nc1ccc(-c2ccc(-n3c(C[C@@H]4CCN(C(=O)C5CC5)C4)n[nH]c3=O)c(F)c2)cc1,6.400116927926312,1,IC50,FASN,CHEMBL4158
CC(=O)OCc1n[nH]c(-c2cc(C(=O)N3CC(c4ccc(C#N)cc4)C3)c(C)cc2C)c1C,6.070070439915412,2,IC50,FASN,CHEMBL4158
CC(=O)OCc1nc(Cl)c(-c2cc(C(=O)N3CC(F)(c4ccc(C#N)cc4)C3)ccc2C)[nH]1,7.1938200260161125,2,IC50,FASN,CHEMBL4158
CC(C)(O)C(=O)N1CCN(C(=O)c2ccc(-c3ccccc3)cc2)CC1,4.455931955649724,1,IC50,FASN,CHEMBL4158
CC(C)=CCc1c(O)cc2oc3c(CC=C(C)C)c(O)c(O)c(CC=C(C)C)c3c(=O)c2c1O,5.481486060122112,1,IC50,FASN,CHEMBL4158
CC(C)=CCc1c(O)cc2oc3cc(O)c(O)c(CC=C(C)C)c3c(=O)c2c1O,5.906578314837764,1,IC50,FASN,CHEMBL4158
CC(C)C(=O)N[C@H]1CC[C@@H](C(=O)N(C)c2ccc(-c3ccccc3)cc2)C1,6.376750709602099,1,IC50,FASN,CHEMBL4158
CC(C)C(=O)N[C@H]1CC[C@@H](C(=O)N(C)c2ccc(-c3nc4ccccc4[nH]3)cc2)C1,6.06246936830415,2,IC50,FASN,CHEMBL4158
CC(C)CNC(=O)Nc1cc(C(=O)N2CCC(c3ccc(C#N)cc3)CC2)ccn1,4.483068191131987,1,IC50,FASN,CHEMBL4158
CC(C)CNC(=O)Nc1cc(C(=O)N2CCC(c3ccc(C#N)cc3)CC2)n(C)n1,4.8735438865681955,1,IC50,FASN,CHEMBL4158
CC(C)C[C@@H]1C(=O)O[C@H]1C(=O)NCCC[C@H](NC(=O)[C@H](C)NC(=O)OCc1ccccc1)C(=O)OCc1ccccc1,6.795880017344075,1,IC50,FASN,CHEMBL4158
CC(C)N1CCC2(CC1)N=C(c1ccc(-c3ccc4c(cnn4C)c3)cc1)N(C[C@@H]1CCN(C(=O)C3CC3)C1)C2=O,5.958607314841775,1,IC50,FASN,CHEMBL4158
CC(C)NC(=O)Nc1cc(C(=O)N2CCC(c3ccc(C#N)cc3)CC2)n(C)n1,4.779891911959945,1,IC50,FASN,CHEMBL4158
CC(C)N[C@H](C)C(=O)N[C@H]1CCC(N(C)C(=O)c2ccc(-c3nc4ccccc4o3)cc2)C1,4.576754126063192,1,IC50,FASN,CHEMBL4158
CC(C)Nc1cc2nc(-c3cccc(C(=O)N4CCC(c5ccc(C#N)cc5)CC4)c3)[nH]c2cn1,6.170696227168975,1,IC50,FASN,CHEMBL4158
CC(C)Nc1ccc(C(=O)Nc2cc(C(=O)N3CCC(c4ccc(C#N)cc4)CC3)cnn2)cn1,4.4996262856466265,1,IC50,FASN,CHEMBL4158
CC(C)Nc1ccc(C(=O)Nc2cc(C(=O)N3CCC(c4ccc(C#N)cc4)CC3)n(C)n2)cn1,5.052223291535261,1,IC50,FASN,CHEMBL4158
CC1(C(=O)N2CC(CN3C(=O)C(C)(C)N=C3c3ccc(-c4ccc5cc(F)ccc5c4)cc3F)C2)CC1,7.449771646944906,2,IC50,FASN,CHEMBL4158
CC1(C(=O)N2CC[C@@H](CN3C(=O)C(C)(C)N=C3c3ccc(-c4ccc5cc(F)ccc5c4)cc3F)C2)CC1,7.259637310505756,2,IC50,FASN,CHEMBL4158
CC1(C(=O)N2CC[C@@H](CN3C(=O)C4(CC4)N=C3c3ccc(-c4ccc5occc5c4)cc3)C2)CC1,7.552841968657781,1,IC50,FASN,CHEMBL4158
CC1(C)N=C(c2ccc(-c3c[nH]c4ccccc34)cc2)N(CC2CN(C(=O)C3CC3)C2)C1=O,5.789949150124863,2,IC50,FASN,CHEMBL4158
CC1(C)N=C(c2ccc(-c3c[nH]c4ccccc34)cc2)N(C[C@@H]2CCN(C(=O)C3CC3)C2)C1=O,6.889181726200164,3,IC50,FASN,CHEMBL4158
CC1(C)N=C(c2ccc(-c3c[nH]c4ccccc34)cc2F)N(CC2CCN(C(=O)C3CC3)C2)C1=O,7.1598939055432425,1,IC50,FASN,CHEMBL4158
CC1(C)N=C(c2ccc(-c3c[nH]c4ccccc34)cc2F)N(CC2CN(C(=O)C3CC3)C2)C1=O,6.690369832574101,2,IC50,FASN,CHEMBL4158
CC1(C)N=C(c2ccc(-c3c[nH]c4ccccc34)cc2F)N(C[C@@H]2CCN(C(=O)C3CC3)C2)C1=O,7.1598939055432425,1,IC50,FASN,CHEMBL4158
CC1(C)N=C(c2ccc(-c3ccc(-c4ccncc4)cc3)cc2)N(CC2CN(C(=O)C3CC3)C2)C1=O,6.219682687859849,2,IC50,FASN,CHEMBL4158
CC1(C)N=C(c2ccc(-c3ccc(-c4ccncc4)cc3)cc2)N(C[C@@H]2CCN(C(=O)C3CC3)C2)C1=O,7.400116927926312,2,IC50,FASN,CHEMBL4158
CC1(C)N=C(c2ccc(-c3ccc(-c4ccncc4)cc3)cc2F)N(CC2CN(C(=O)C3CC3)C2)C1=O,6.801342913045577,2,IC50,FASN,CHEMBL4158
CC1(C)N=C(c2ccc(-c3ccc(-c4ccncc4)cc3)cc2F)N(C[C@@H]2CCN(C(=O)C3CC3)C2)C1=O,7.279840696594043,2,IC50,FASN,CHEMBL4158
CC1(C)N=C(c2ccc(-c3ccc4[nH]ccc4c3)cc2)N(C[C@@H]2CCN(C(=O)C3CC3)C2)C1=O,7.204837832068501,4,IC50,FASN,CHEMBL4158
CC1(C)N=C(c2ccc(-c3ccc4cc(F)ccc4c3)cc2)N(CC2CN(C(=O)C3CC3)C2)C1=O,7.019996628416253,2,IC50,FASN,CHEMBL4158
CC1(C)N=C(c2ccc(-c3ccc4cc(F)ccc4c3)cc2)N(C[C@@H]2CCN(C(=O)C3CC3)C2)C1=O,7.259637310505756,2,IC50,FASN,CHEMBL4158
CC1(C)N=C(c2ccc(-c3ccc4cc(F)ccc4c3)cc2F)N(CC2CCN(C(=O)C3CC3)C2)C1=O,7.480172006224281,1,IC50,FASN,CHEMBL4158
CC1(C)N=C(c2ccc(-c3ccc4cc(F)ccc4c3)cc2F)N(CC2CN(C(=O)C3(O)CC3)C2)C1=O,7.51999305704285,2,IC50,FASN,CHEMBL4158
CC1(C)N=C(c2ccc(-c3ccc4cc(F)ccc4c3)cc2F)N(CC2CN(C(=O)C3CC3)C2)C1=O,7.549750891680639,2,IC50,FASN,CHEMBL4158
CC1(C)N=C(c2ccc(-c3ccc4cc(F)ccc4c3)cc2F)N(C[C@@H]2CCN(C(=O)C3(O)CC3)C2)C1=O,7.690369832574101,2,IC50,FASN,CHEMBL4158
CC1(C)N=C(c2ccc(-c3ccc4cc(F)ccc4c3)cc2F)N(C[C@@H]2CCN(C(=O)C3CC3)C2)C1=O,7.480172006224281,1,IC50,FASN,CHEMBL4158
CC1(C)N=C(c2ccc(-c3ccc4cccc(F)c4c3)cc2)N(CC2CN(C(=O)C3CC3)C2)C1=O,6.677287755511323,4,IC50,FASN,CHEMBL4158
CC1(C)N=C(c2ccc(-c3ccc4cccc(F)c4c3)cc2)N(C[C@@H]2CCN(C(=O)C3CC3)C2)C1=O,7.34008379993015,2,IC50,FASN,CHEMBL4158
CC1(C)N=C(c2ccc(-c3ccc4cccc(F)c4c3)cc2F)N(CC2CCN(C(=O)C3CC3)C2)C1=O,7.369572124974976,1,IC50,FASN,CHEMBL4158
CC1(C)N=C(c2ccc(-c3ccc4cccc(F)c4c3)cc2F)N(CC2CN(C(=O)C3CC3)C2)C1=O,7.459670525209126,2,IC50,FASN,CHEMBL4158
CC1(C)N=C(c2ccc(-c3ccc4cccc(F)c4c3)cc2F)N(C[C@@H]2CCN(C(=O)C3CC3)C2)C1=O,7.369572124974976,1,IC50,FASN,CHEMBL4158
CC1(C)N=C(c2ccc(-c3ccc4cccnc4c3)cc2)N(CC2CN(C(=O)C3CC3)C2)C1=O,6.690369832574101,2,IC50,FASN,CHEMBL4158
CC1(C)N=C(c2ccc(-c3ccc4cccnc4c3)cc2)N(C[C@@H]2CCN(C(=O)C3CC3)C2)C1=O,7.250147800460768,4,IC50,FASN,CHEMBL4158
CC1(C)N=C(c2ccc(-c3ccc4cccnc4c3)cc2F)N(CC2CN(C(=O)C3CC3)C2)C1=O,7.050122295963125,2,IC50,FASN,CHEMBL4158
CC1(C)N=C(c2ccc(-c3ccc4cccnc4c3)cc2F)N(C[C@@H]2CCN(C(=O)C3CC3)C2)C1=O,7.34008379993015,2,IC50,FASN,CHEMBL4158
CC1(C)N=C(c2ccc(-c3ccc4cnccc4c3)cc2)N(CC2CN(C(=O)C3CC3)C2)C1=O,6.718966632752272,2,IC50,FASN,CHEMBL4158
CC1(C)N=C(c2ccc(-c3ccc4cnccc4c3)cc2)N(C[C@@H]2CCN(C(=O)C3CC3)C2)C1=O,7.229884705212898,2,IC50,FASN,CHEMBL4158
CC1(C)N=C(c2ccc(-c3ccc4cnccc4c3)cc2F)N(CC2CCN(C(=O)C3CC3)C2)C1=O,7.259637310505756,1,IC50,FASN,CHEMBL4158
CC1(C)N=C(c2ccc(-c3ccc4cnccc4c3)cc2F)N(CC2CN(C(=O)C3CC3)C2)C1=O,7.170053304058364,2,IC50,FASN,CHEMBL4158
CC1(C)N=C(c2ccc(-c3ccc4cnccc4c3)cc2F)N(C[C@@H]2CCN(C(=O)C3CC3)C2)C1=O,7.259637310505756,1,IC50,FASN,CHEMBL4158
CC1(C)N=C(c2ccc(-c3ccc4cncnc4c3)cc2)N(CC2CN(C(=O)C3CC3)C2)C1=O,5.430041181903405,2,IC50,FASN,CHEMBL4158
CC1(C)N=C(c2ccc(-c3ccc4cncnc4c3)cc2)N(C[C@@H]2CCN(C(=O)C3CC3)C2)C1=O,6.649751981665837,2,IC50,FASN,CHEMBL4158
CC1(C)N=C(c2ccc(-c3ccc4cncnc4c3)cc2F)N(CC2CN(C(=O)C3CC3)C2)C1=O,6.110138278741811,1,IC50,FASN,CHEMBL4158
CC1(C)N=C(c2ccc(-c3ccc4cncnc4c3)cc2F)N(C[C@@H]2CCN(C(=O)C3CC3)C2)C1=O,6.790484985457369,2,IC50,FASN,CHEMBL4158
CC1(C)N=C(c2ccc(-c3ccc4ncccc4c3)cc2)N(C[C@@H]2CCN(C(=O)C3CC3)C2)C1=O,5.669992299127241,2,IC50,FASN,CHEMBL4158
CC1(C)N=C(c2ccc(-c3ccc4ncccc4c3)cc2F)N(CC2CN(C(=O)C3CC3)C2)C1=O,5.0499760934766735,2,IC50,FASN,CHEMBL4158
CC1(C)N=C(c2ccc(-c3ccc4ncccc4c3)cc2F)N(C[C@@H]2CCN(C(=O)C3CC3)C2)C1=O,5.860120913598763,2,IC50,FASN,CHEMBL4158
CC1(C)N=C(c2ccc(-c3ccc4nccnc4c3)cc2F)N(CC2CN(C(=O)C3CC3)C2)C1=O,6.110138278741811,1,IC50,FASN,CHEMBL4158
CC1(C)N=C(c2ccc(-c3ccc4occc4c3)cc2)N(C[C@@H]2CCN(C(=O)C3(F)CC3)C2)C1=O,6.920818753952375,2,IC50,FASN,CHEMBL4158
CC1(C)N=C(c2ccc(-c3ccc4occc4c3)cc2)N(C[C@@H]2CCN(C(=O)C3CC3)C2)C1=O,7.089909454405932,2,IC50,FASN,CHEMBL4158
CC1(C)N=C(c2ccc(-c3cccc4cnccc34)cc2F)N(CC2CN(C(=O)C3CC3)C2)C1=O,5.869988050328096,2,IC50,FASN,CHEMBL4158
CC1(C)N=C(c2ccc(-c3cccc4ncccc34)cc2)N(CC2CN(C(=O)C3CC3)C2)C1=O,5.250031916490597,2,IC50,FASN,CHEMBL4158
CC1(C)N=C(c2ccc(-c3cccc4ncccc34)cc2)N(C[C@@H]2CCN(C(=O)C3CC3)C2)C1=O,6.718966632752272,2,IC50,FASN,CHEMBL4158
CC1(C)N=C(c2ccc(-c3cccc4ncccc34)cc2F)N(C[C@@H]2CCN(C(=O)C3CC3)C2)C1=O,6.779891911959945,2,IC50,FASN,CHEMBL4158
CC1(C)N=C(c2ccc(-c3cnc4ccccc4c3)cc2)N(CC2CN(C(=O)C3CC3)C2)C1=O,5.3799681048737025,2,IC50,FASN,CHEMBL4158
CC1(C)N=C(c2ccc(-c3cnc4ccccc4c3)cc2)N(C[C@@H]2CCN(C(=O)C3CC3)C2)C1=O,6.149966742310231,2,IC50,FASN,CHEMBL4158
CC1(C)N=C(c2ccc(-c3cnc4ccccc4c3)cc2F)N(CC2CN(C(=O)C3CC3)C2)C1=O,5.700057099977233,2,IC50,FASN,CHEMBL4158
CC1(C)N=C(c2ccc(-c3cnc4ccccc4c3)cc2F)N(C[C@@H]2CCN(C(=O)C3CC3)C2)C1=O,6.6401645176601125,2,IC50,FASN,CHEMBL4158
CC1(C)N=C(c2ccc(-c3n[nH]c4ccccc34)cc2)N(CC2CN(C(=O)C3CC3)C2)C1=O,5.260032303240491,2,IC50,FASN,CHEMBL4158
CC1(C)N=C(c2ccc(-c3n[nH]c4ccccc34)cc2)N(C[C@@H]2CCN(C(=O)C3CC3)C2)C1=O,5.189969213594161,2,IC50,FASN,CHEMBL4158
CC1(C)N=C(c2ccc(-c3n[nH]c4ccccc34)cc2F)N(CC2CCN(C(=O)C3CC3)C2)C1=O,6.480172006224281,1,IC50,FASN,CHEMBL4158
CC1(C)N=C(c2ccc(-c3n[nH]c4ccccc34)cc2F)N(CC2CN(C(=O)C3CC3)C2)C1=O,6.0,2,IC50,FASN,CHEMBL4158
CC1(C)N=C(c2ccc(-c3n[nH]c4ccccc34)cc2F)N(C[C@@H]2CCN(C(=O)C3CC3)C2)C1=O,6.480172006224281,1,IC50,FASN,CHEMBL4158
CC1(C)N=C(c2ccc(-c3nc4ccccc4[nH]3)cc2)N(C[C@@H]2CCN(C(=O)C3CC3)C2)C1=O,5.230021381050964,3,IC50,FASN,CHEMBL4158
CC1(C)N=C(c2ccc(-c3nc4ccccc4[nH]3)cc2F)N(CC2CCN(C(=O)C3CC3)C2)C1=O,6.100179497572904,1,IC50,FASN,CHEMBL4158
CC1(C)N=C(c2ccc(-c3nc4ccccc4[nH]3)cc2F)N(CC2CN(C(=O)C3CC3)C2)C1=O,5.320027305722581,2,IC50,FASN,CHEMBL4158
CC1(C)N=C(c2ccc(-c3nc4ccccc4[nH]3)cc2F)N(C[C@@H]2CCN(C(=O)C3CC3)C2)C1=O,6.100179497572904,1,IC50,FASN,CHEMBL4158
CC1(C)N=C(c2ccc(-c3nc4ccccc4o3)cc2)N(CC2CN(C(=O)C3CC3)C2)C1=O,5.36997914888659,2,IC50,FASN,CHEMBL4158
CC1(C)N=C(c2ccc(-c3nc4ccccc4o3)cc2)N(C[C@@H]2CCN(C(=O)C3CC3)C2)C1=O,6.199970640755866,2,IC50,FASN,CHEMBL4158
CC1(C)N=C(c2ccc(-c3nc4ccccc4o3)cc2F)N(CC2CN(C(=O)C3CC3)C2)C1=O,6.250263684430939,2,IC50,FASN,CHEMBL4158
CC1(C)N=C(c2ccc(-c3nc4ccccc4o3)cc2F)N(C[C@@H]2CCN(C(=O)C3CC3)C2)C1=O,6.718966632752272,2,IC50,FASN,CHEMBL4158
CC1(C)N=C(c2ccc(-c3nc4ccccc4s3)cc2)N(CC2CN(C(=O)C3CC3)C2)C1=O,5.739928612014925,2,IC50,FASN,CHEMBL4158
CC1(C)N=C(c2ccc(-c3nc4ccccc4s3)cc2)N(C[C@@H]2CCN(C(=O)C3CC3)C2)C1=O,6.199970640755866,2,IC50,FASN,CHEMBL4158
CC1(C)N=C(c2ccc(-c3nc4ccccc4s3)cc2F)N(CC2CN(C(=O)C3CC3)C2)C1=O,6.379863945026242,2,IC50,FASN,CHEMBL4158
CC1(C)N=C(c2ccc(-c3nc4ccccc4s3)cc2F)N(C[C@@H]2CCN(C(=O)C3CC3)C2)C1=O,6.939302159646388,2,IC50,FASN,CHEMBL4158
CC1(C2CC2)N=C(c2ccc(-c3ccc4occc4c3)cc2)N(C[C@@H]2CCN(C(=O)C3CC3)C2)C1=O,6.480172006224281,2,IC50,FASN,CHEMBL4158
CC1(c2ccccc2)N=C(c2ccc(-c3ccc4[nH]ccc4c3)cc2)N(C[C@@H]2CCN(C(=O)C3CC3)C2)C1=O,7.140261433802853,2,IC50,FASN,CHEMBL4158
CC1(c2ccccc2)N=C(c2ccc(-c3ccc4occc4c3)cc2)N(C[C@@H]2CCN(C(=O)C3CC3)C2)C1=O,6.809668301829708,2,IC50,FASN,CHEMBL4158
CC1=C(c2cc(C(=O)N3CCC(c4ccc(C#N)cc4)CC3)ccc2C)CN=N1,6.508638306165727,1,IC50,FASN,CHEMBL4158
CC1COCc2[nH]c(-c3cc(C(=O)N4CCC(F)(c5ccc(C#N)cc5)CC4)ccc3C3CCC3)nc21,7.3979400086720375,1,IC50,FASN,CHEMBL4158
CC1COCc2[nH]c(-c3cc(C(=O)N4CCC(c5ccc(C#N)cc5)CC4)ccc3C3CC3)nc21,7.259637310505756,1,IC50,FASN,CHEMBL4158
CCC(=O)C1=C(O)C(C)(C)C(O)=C(CC2=C(O)C(C)(C)C(O)=C(C(=O)CC)C2=O)C1=O,4.220403508742176,1,IC50,FASN,CHEMBL4158
CCC(=O)C1=C(O)C(C)(C)C(O)=C(CC2=C(O)C(C)(C)C(O)=C(C(C)=O)C2=O)C1=O,4.1444808443322,1,IC50,FASN,CHEMBL4158
CCC(=O)N1CCc2nc(-c3cc(C(=O)N4CCC(c5ccc(C#N)cc5)CC4)c(C)cc3C)[nH]c2C1,7.522878745280337,1,IC50,FASN,CHEMBL4158
CCC(=O)N[C@@H]1CC[C@@H](N(C)C(=O)c2ccc(-c3nc4ccccc4o3)cc2)C1,4.576754126063192,1,IC50,FASN,CHEMBL4158
CCC(=O)N[C@H]1CC[C@@H](C(=O)N(C)c2ccc(-c3ccccc3)cc2)C1,6.522878745280337,1,IC50,FASN,CHEMBL4158
CCC(=O)N[C@H]1CC[C@@H](C(=O)N(C)c2ccc(-c3cn4ccccc4n3)cc2)C1,6.419315998882513,2,IC50,FASN,CHEMBL4158
CCC(=O)N[C@H]1CC[C@@H](C(=O)N(C)c2ccc(-c3nc4ccccc4[nH]3)cc2)C1,6.721246399047171,1,IC50,FASN,CHEMBL4158
CCC(=O)N[C@H]1CC[C@@H](C(=O)N(C)c2ccc(-c3nc4ccccc4n3C)cc2)C1,6.508638306165727,1,IC50,FASN,CHEMBL4158
CCC(=O)N[C@H]1CC[C@@H](C(=O)N(C)c2ccc(-c3nc4ccccc4o3)cc2)C1,6.840116476708261,6,IC50,FASN,CHEMBL4158
CCC(=O)N[C@H]1CC[C@@H](N(C)C(=O)c2ccc(-c3cc(F)c(C#N)c(F)c3)cc2)C1,4.576754126063192,1,IC50,FASN,CHEMBL4158
CCC(=O)N[C@H]1CC[C@@H](N(C)C(=O)c2ccc(-c3cc(F)c4[nH]cc(C(N)=O)c4c3)c(F)c2)C1,5.756961951313706,1,IC50,FASN,CHEMBL4158
CCC(=O)N[C@H]1CC[C@@H](N(C)C(=O)c2ccc(-c3cc(F)c4[nH]ccc4c3)nc2)C1,5.756961951313706,1,IC50,FASN,CHEMBL4158
CCC(=O)N[C@H]1CC[C@@H](N(C)C(=O)c2ccc(-c3cc(F)c4[nH]ccc4c3)nn2)C1,5.756961951313706,1,IC50,FASN,CHEMBL4158
CCC(=O)N[C@H]1CC[C@@H](N(C)C(=O)c2ccc(-c3cc(F)c4c(c3)CCN4)nc2)C1,5.756961951313706,1,IC50,FASN,CHEMBL4158
CCC(=O)N[C@H]1CC[C@@H](N(C)C(=O)c2ccc(-c3cc4cn[nH]c4cc3C)cn2)C1,5.756961951313706,1,IC50,FASN,CHEMBL4158
CCC(=O)N[C@H]1CC[C@@H](N(C)C(=O)c2ccc(-c3ccc(C(C)(C)C)cc3)cc2)C1,4.576754126063192,1,IC50,FASN,CHEMBL4158
CCC(=O)N[C@H]1CC[C@@H](N(C)C(=O)c2ccc(-c3ccc(C(C)C)cc3)cc2)C1,5.756961951313706,1,IC50,FASN,CHEMBL4158
CCC(=O)N[C@H]1CC[C@@H](N(C)C(=O)c2ccc(-c3ccc(C4CCC(C)CC4)cc3F)cc2)C1,5.756961951313706,1,IC50,FASN,CHEMBL4158
CCC(=O)N[C@H]1CC[C@@H](N(C)C(=O)c2ccc(-c3ccc(OC(F)(F)F)cc3)cc2)C1,5.756961951313706,1,IC50,FASN,CHEMBL4158
CCC(=O)N[C@H]1CC[C@@H](N(C)C(=O)c2ccc(-c3ccc4c(c3)C(F)(F)C(=O)N4)nc2)C1,4.576754126063192,1,IC50,FASN,CHEMBL4158
CCC(=O)N[C@H]1CC[C@@H](N(C)C(=O)c2ccc(-c3nc4ccc(Cl)cc4o3)nn2)C1,4.576754126063192,1,IC50,FASN,CHEMBL4158
CCC(=O)N[C@H]1CC[C@@H](N(C)C(=O)c2ccc(-c3ncc[nH]3)cc2)C1,4.576754126063192,1,IC50,FASN,CHEMBL4158
CCC(=O)N[C@H]1CC[C@@H](N(C)C(=O)c2cnc(-c3cc(F)c4[nH]ccc4c3)c(F)c2)C1,5.756961951313706,1,IC50,FASN,CHEMBL4158
CCC(=O)N[C@H]1CC[C@@H](N(C)C(=O)c2cnc(-c3cc(F)c4[nH]ccc4c3)cc2C)C1,5.756961951313706,1,IC50,FASN,CHEMBL4158
CCC(=O)N[C@H]1CC[C@@H](N(C)C(=O)c2cnc(-c3nc4ccc(Cl)cc4o3)cn2)C1,5.756961951313706,1,IC50,FASN,CHEMBL4158
CCC(=O)N[C@H]1CC[C@@H](N(C)C(=O)c2ncc(-c3nc4ccc(Cl)cc4o3)cn2)C1,4.576754126063192,1,IC50,FASN,CHEMBL4158
CCC(CC)c1cc(C)c(C(=O)N2CCC(c3ccc(C#N)cc3)CC2)cc1-c1nnc(C)[nH]1,5.917214629683549,1,IC50,FASN,CHEMBL4158
CCCC(=O)C1=C(O)C(C)(C)C(O)=C(CC2=C(O)C(C)(C)C(O)=C(C(=O)CC)C2=O)C1=O,4.251037138743839,1,IC50,FASN,CHEMBL4158
CCCC(=O)C1=C(O)C(C)C(O)=C(CC2=C(O)C(C)(C)C(O)=C(C(=O)CC)C2=O)C1=O,4.636388020107856,1,IC50,FASN,CHEMBL4158
CCCC(=O)C1=C(O)C(C)C(O)=C(CC2=C(O)C(C)(C)C(O)=C(C(C)=O)C2=O)C1=O,4.542118103266008,1,IC50,FASN,CHEMBL4158
CCCC(=O)C1=C(O)CC(O)=C(CC2=C(O)C(C)(C)C(O)=C(C(C)=O)C2=O)C1=O,4.527243550682788,1,IC50,FASN,CHEMBL4158
CCCC(=O)C1=C(OC)C(C)C(O)=C(CC2=C(O)C(C)(C)C(O)=C(C(=O)CCC)C2=O)C1=O,4.486782399932061,1,IC50,FASN,CHEMBL4158
CCCC(=O)N[C@H]1CC[C@@H](C(=O)N(C)c2ccc(-c3nc4ccccc4o3)cc2)C1,6.376750709602099,1,IC50,FASN,CHEMBL4158
CCCC(=O)c1c(O)c(C)c(O)c(Cc2c(O)c(C)c(O)c(C(=O)CCC)c2O)c1O,4.5951662833800615,1,IC50,FASN,CHEMBL4158
CCCC(=O)c1c(O)c(CC2=C(O)C(C)(C)C(O)=C(C(C)=O)C2=O)c(O)c(CC2=C(O)C(C)(C)C(O)=C(C(=O)CC)C2=O)c1O,4.508638306165727,1,IC50,FASN,CHEMBL4158
CCCC(=O)c1c(O)cc(OC)c(C)c1O,4.308918507877031,1,IC50,FASN,CHEMBL4158
CCCC1CCC(c2ccc(-c3ccc(C(=O)N(C)[C@@H]4CC[C@H](NC(=O)CC)C4)cc3)cc2)OC1,5.756961951313706,1,IC50,FASN,CHEMBL4158
CCCCC/C=C\C=C\CCCCCCCCC(=O)O,4.0,1,IC50,FASN,CHEMBL4158
CCCCCCCCCCC[C@@H](C[C@@H]1OC(=O)[C@H]1CCCCCC)OC(=O)[C@H](CC(C)C)NC=O,4.5134614855344175,2,IC50,FASN,CHEMBL4158
CCCCCC[C@@H]1C(=O)O[C@H]1C(=O)NCCCC[C@@H]1NC(=O)N([C@@H](C)C(=O)OCc2ccccc2)C1=O,5.255707016877324,1,IC50,FASN,CHEMBL4158
CCCCCC[C@@H]1C(=O)O[C@H]1C(=O)NCCCC[C@H](NC(=O)CNC(=O)OCc1ccccc1)C(=O)OCc1ccccc1,5.0195421077239,1,IC50,FASN,CHEMBL4158
CCCCCC[C@@H]1C(=O)O[C@H]1C(=O)NCCCC[C@H](NC(=O)OCc1ccccc1)C(=O)N[C@@H](C)C(=O)OCc1ccccc1,5.823908740944319,1,IC50,FASN,CHEMBL4158
CCCCCC[C@@H]1C(=O)O[C@H]1C(=O)NCCCC[C@H](NC(=O)[C@H](C)NC(=O)OCc1ccccc1)C(=O)OCc1ccccc1,5.498940737782249,1,IC50,FASN,CHEMBL4158
CCCCCC[C@@H]1C(=O)O[C@H]1C(=O)NCCCC[C@H](NC(=O)[C@H](C)NC(=O)c1ccc(Br)cc1)C(=O)OCc1ccccc1,5.317854923626168,1,IC50,FASN,CHEMBL4158
CCCCCC[C@@H]1C(=O)O[C@H]1C(=O)NCCC[C@H](NC(=O)[C@H](C)NC(=O)OCc1ccccc1)C(=O)OCc1ccccc1,6.078695380194719,2,IC50,FASN,CHEMBL4158
CCCCCC[C@@]1(C)C(=O)O[C@@H]1C(=O)NCCCC[C@H](NC(=O)[C@H](C)NC(=O)OCc1ccccc1)C(=O)OCc1ccccc1,5.507239610973162,1,IC50,FASN,CHEMBL4158
CCCCCC[C@@]1(C)C(=O)O[C@H]1C(=O)NCCCC[C@H](NC(=O)[C@H](C)NC(=O)OCc1ccccc1)C(=O)OCc1ccccc1,5.924453038607469,1,IC50,FASN,CHEMBL4158
CCCCCC[C@H]1C(=O)O[C@@H]1C(=O)NCCCC[C@H](NC(=O)CNC(=O)OCc1ccccc1)C(=O)OCc1ccccc1,5.07727454200674,1,IC50,FASN,CHEMBL4158
CCCCCC[C@H]1C(=O)O[C@@H]1C(=O)NCCCC[C@H](NC(=O)OCc1ccccc1)C(=O)N[C@@H](C)C(=O)OCc1ccccc1,4.8996294548824375,1,IC50,FASN,CHEMBL4158
CCCCCC[C@]1(C)C(=O)O[C@H]1C(=O)NCCCC[C@H](NC(=O)[C@H](C)NC(=O)OCc1ccccc1)C(=O)OCc1ccccc1,5.583359492661719,1,IC50,FASN,CHEMBL4158
CCC[C@@H]1C(=O)O[C@H]1C(=O)NCCC[C@H](NC(=O)[C@H](C)NC(=O)OCc1ccccc1)C(=O)OCc1ccccc1,6.795880017344075,1,IC50,FASN,CHEMBL4158
CCCc1cc(C)c(-c2nnc(COC)[nH]2)cc1C(=O)N1CCC(c2ccc(C#N)cc2)CC1,4.954481437115507,1,IC50,FASN,CHEMBL4158
CCN(CC)c1cc(C)c(C(=O)N2CCC(c3ccc(C#N)cc3)CC2)cc1-c1nnc(C)[nH]1,5.917214629683549,1,IC50,FASN,CHEMBL4158
CCN1CC2(CCN(S(=O)(=O)c3ccc(-c4ccc5occc5c4)cc3)CC2)OCC1=O,6.600326278518962,1,IC50,FASN,CHEMBL4158
CCN1CCc2[nH]c(-c3cc(C(=O)N4CCC(c5ccc(C#N)cc5)CC4)c(C)cc3C)nc2C1,7.221848749616356,1,IC50,FASN,CHEMBL4158
CCNC(=O)N[C@H]1CC[C@@H](C(=O)N(C)c2ccc(-c3ccccc3)cc2)C1,6.06246936830415,2,IC50,FASN,CHEMBL4158
CCNC(=O)N[C@H]1CC[C@@H](C(=O)N(C)c2ccc(-c3nc4ccccc4[nH]3)cc2)C1,6.3979400086720375,1,IC50,FASN,CHEMBL4158
CCNC(=O)N[C@H]1CC[C@@H](C(=O)N(C)c2ccc(-c3nc4ccccc4n3C)cc2)C1,6.0774509799928715,2,IC50,FASN,CHEMBL4158
CCNC(=O)N[C@H]1CC[C@@H](C(=O)N(C)c2ccc(-c3nc4ccccc4o3)cc2)C1,6.2883770630315965,2,IC50,FASN,CHEMBL4158
CCNC(=O)c1cc(C(=O)N2CCC(c3ccc(C#N)cc3)CC2)c(C)cc1C1CCC1,7.045757490560675,1,IC50,FASN,CHEMBL4158
CCNC(=O)c1ccnc(Nc2cc(C(=O)N3CCC(c4ccc(C#N)cc4)CC3)ccc2C)c1,5.96657624451305,1,IC50,FASN,CHEMBL4158
CCOC(=O)N1CCc2nc(-c3cc(C(=O)N4CCC(c5ccc(C#N)cc5)CC4)ccc3C3CCC3)[nH]c2C1,7.301029995663981,1,IC50,FASN,CHEMBL4158
CCOCCOc1n[nH]c(-c2cc(C(=O)N3CC(c4ccc(C#N)cc4)C3)ccc2C)c1C,7.698970004336019,1,IC50,FASN,CHEMBL4158
CCOCc1nnc(-c2cc(C(=O)N3CCC(F)(c4ccc(C#N)cc4)CC3)c(C)cc2CC)[nH]1,6.619788758288394,1,IC50,FASN,CHEMBL4158
CCOc1ccc(C2CN(C(=O)c3ccc(C)c(-c4[nH]nc(OCCO)c4C)c3)C2)cc1,7.657577319177793,1,IC50,FASN,CHEMBL4158
CCOc1nnc(-c2cc(C(=O)N3CCC(F)(c4ccc(C#N)cc4)CC3)c(C)cc2C2CCC2)[nH]1,7.259637310505756,1,IC50,FASN,CHEMBL4158
CCOc1nnc(-c2cc(C(=O)N3CCC(F)(c4ccc(C#N)cc4)CC3)c(CC)cc2C2CC2)[nH]1,7.154901959985743,1,IC50,FASN,CHEMBL4158
CCOc1nnc(-c2cc(C(=O)N3CCC(F)(c4ccc(C#N)cc4)CC3)c(CC)cc2C2CCC2)[nH]1,6.769551078621726,1,IC50,FASN,CHEMBL4158
CCOc1nnc(-c2cc(C(=O)N3CCC(F)(c4ccc(C(F)(F)F)cc4)CC3)c(C)cc2C2CCC2)[nH]1,6.6020599913279625,1,IC50,FASN,CHEMBL4158
CCOc1nnc(-c2cc(C(=O)N3CCC(c4ccc(C#N)cc4)CC3)c(C)cc2C)[nH]1,6.657577319177793,1,IC50,FASN,CHEMBL4158
CCOc1nnc(-c2cc(C(=O)N3CCC(c4ccc(C#N)cc4)CC3)c(C)cc2C2CCC2)[nH]1,7.070581074285707,1,IC50,FASN,CHEMBL4158
CCOc1nnc(-c2cc(C(=O)N3CCC(c4ccc(C#N)cc4)CC3)c(CC)cc2C)[nH]1,6.136677139879544,1,IC50,FASN,CHEMBL4158
CCOc1nnc(-c2cc(C(=O)N3CCC(c4ccc(C#N)cc4)CC3)c(CC)cc2C2CC2)[nH]1,6.958607314841775,1,IC50,FASN,CHEMBL4158
CCOc1nnc(-c2cc(C(=O)N3CCC(c4ccc(C#N)cc4)CC3)c(CC)cc2C2CCC2)[nH]1,7.096910013008056,1,IC50,FASN,CHEMBL4158
CCOc1nnc(-c2cc(C(=O)N3CCC(c4ccc(C#N)cc4)CC3)c(CC)cc2CC)[nH]1,6.709965388637482,1,IC50,FASN,CHEMBL4158
CCOc1nnc(-c2cc(C(=O)N3CCC(c4ccc(C#N)cc4)CC3)ccc2C)[nH]1,5.767003889607846,1,IC50,FASN,CHEMBL4158
CC[C@@H](C)CC(=O)N[C@@H]1CC[C@@H](N(C)C(=O)c2ccc(-c3nc4ccccc4o3)cc2)C1,4.576754126063192,1,IC50,FASN,CHEMBL4158
CC[C@H](C)[C@H](NC(=O)[C@@H](N)CCC(=O)O)C(=O)N[C@H](C(=O)N1CCC[C@H]1C(=O)N[C@@H](CCC(=O)O)C(=O)N[C@@H](CCCCN)C(=O)N[C@@H](CC(N)=O)C(=O)N1CCC[C@H]1C(=O)N[C@@H](CCC(N)=O)C(=O)N[C@@H](CC(C)C)C(=O)N[C@@H](CCCNC(=N)N)C(=O)O)[C@@H](C)O,5.0,1,IC50,FASN,CHEMBL4158
CCc1c(F)n[nH]c1-c1cc(C(=O)N2CC(c3ccc(C#N)cc3)C2)c(C)cc1C,7.200659450546418,2,IC50,FASN,CHEMBL4158
CCc1cc(-c2cc(C(=O)N3CCC(c4ccc(C#N)cc4)CC3)c(C)cc2C2CCC2)n[nH]1,6.309803919971486,1,IC50,FASN,CHEMBL4158
CCc1cc(C)c(-c2nc3c([nH]2)COCC3)cc1C(=O)N1CCC(c2ccc(C#N)cc2)CC1,7.187086643357144,1,IC50,FASN,CHEMBL4158
CCc1cc(C)c(-c2nc3c([nH]2)COCC3C)cc1C(=O)N1CCC(c2ccc(C#N)cc2)CC1,6.585026652029182,1,IC50,FASN,CHEMBL4158
CCc1cc(C)c(-c2nnc(C(C)COC)[nH]2)cc1C(=O)N1CCC(c2ccc(C#N)cc2)CC1,6.356547323513812,1,IC50,FASN,CHEMBL4158
CCc1cc(C)c(-c2nnc(C3CCOC3)[nH]2)cc1C(=O)N1CCC(c2ccc(C#N)cc2)CC1,6.522878745280337,1,IC50,FASN,CHEMBL4158
CCc1cc(C)c(-c2nnc(CCOC)[nH]2)cc1C(=O)N1CCC(c2ccc(C#N)cc2)CC1,6.698970004336019,1,IC50,FASN,CHEMBL4158
CCc1cc(C)c(-c2nnc(COC)[nH]2)cc1C(=O)N1CCC(c2ccc(C#N)cc2)CC1,6.3979400086720375,1,IC50,FASN,CHEMBL4158
CCc1cc(C)c(-c2nnc(N3CCOCC3)[nH]2)cc1C(=O)N1CCC(c2ccc(C#N)cc2)CC1,6.080921907623926,1,IC50,FASN,CHEMBL4158
CCc1cc(C)c(C(=O)N2CCC(F)(c3ccc(C#N)cc3)CC2)cc1-c1nc2c([nH]1)CN(C(C)=O)CC2,7.522878745280337,1,IC50,FASN,CHEMBL4158
CCc1cc(C)c(C(=O)N2CCC(F)(c3ccc(C#N)cc3)CC2)cc1-c1nc2c([nH]1)COCC2,6.585026652029182,1,IC50,FASN,CHEMBL4158
CCc1cc(C)c(C(=O)N2CCC(F)(c3ccc(C#N)cc3)CC2)cc1-c1nnc(CCOC)[nH]1,6.7447274948966935,1,IC50,FASN,CHEMBL4158
CCc1cc(C)c(C(=O)N2CCC(F)(c3ccc(C#N)cc3)CC2)cc1-c1nnc(COC(C)C)[nH]1,6.376750709602099,1,IC50,FASN,CHEMBL4158
CCc1cc(C)c(C(=O)N2CCC(F)(c3ccc(C#N)cc3)CC2)cc1NC(=O)NC[C@H]1CCCO1,7.455931955649724,1,IC50,FASN,CHEMBL4158
CCc1cc(C)c(C(=O)N2CCC(F)(c3ccc(C#N)cc3)CC2)cc1NC(=O)N[C@@H]1CCOC1,6.309803919971486,1,IC50,FASN,CHEMBL4158
CCc1cc(C)c(C(=O)N2CCC(F)(c3ccc(C#N)cc3)CC2)cc1NC(=O)c1ccc(N(C)CCOC)nc1,7.346787486224656,1,IC50,FASN,CHEMBL4158
CCc1cc(C)c(C(=O)N2CCC(F)(c3ccc(C#N)cc3)CC2)cc1NC(=O)c1ccc(N2CCC2)nc1,7.096910013008056,1,IC50,FASN,CHEMBL4158
CCc1cc(C)c(C(=O)N2CCC(F)(c3ccc(C#N)cc3)CC2)cc1NC(=O)c1ccc(N2CCOCC2)nc1,7.6020599913279625,1,IC50,FASN,CHEMBL4158
CCc1cc(C)c(C(=O)N2CCC(F)(c3ccc(C#N)cc3)CC2)cc1NC(=O)c1ccc(NC(C)C)nc1,7.045757490560675,1,IC50,FASN,CHEMBL4158
CCc1cc(C)c(C(=O)N2CCC(F)(c3ccc(C#N)cn3)CC2)cc1NC(=O)c1ccc(N2CCC2)nc1,6.638272163982407,1,IC50,FASN,CHEMBL4158
CCc1cc(C)c(C(=O)N2CCC(F)(c3ccc(C#N)cn3)CC2)cc1NC(=O)c1ccc(N2CCOCC2)nc1,6.292429823902063,1,IC50,FASN,CHEMBL4158
CCc1cc(C)c(C(=O)N2CCC(F)(c3ccc(C#N)cn3)CC2)cc1NC(=O)c1cnc(N2CCOCC2)nc1,7.031517051446065,1,IC50,FASN,CHEMBL4158
CCc1cc(C)c(C(=O)N2CCC(c3ccc(C#N)cc3)CC2)cc1-c1nc2c([nH]1)CN(C(C)=O)CC2,7.455931955649724,1,IC50,FASN,CHEMBL4158
CCc1cc(C)c(C(=O)N2CCC(c3ccc(C#N)cc3)CC2)cc1-c1nc2c([nH]1)COCC2,6.8696662315049934,1,IC50,FASN,CHEMBL4158
CCc1cc(C)c(C(=O)N2CCC(c3ccc(C#N)cc3)CC2)cc1-c1nnc(C2CCOC2)[nH]1,6.522878745280337,1,IC50,FASN,CHEMBL4158
CCc1cc(C)c(C(=O)N2CCC(c3ccc(C#N)cc3)CC2)cc1-c1nnc(CCOC)[nH]1,6.6020599913279625,1,IC50,FASN,CHEMBL4158
CCc1cc(C)c(NC(=O)NC2CCCOC2)cc1C(=O)N1CCC(F)(c2ccc(C#N)cc2)CC1,7.0,1,IC50,FASN,CHEMBL4158
CCc1cc(C)c(NC(=O)NC[C@H]2CCCO2)cc1C(=O)N1CCC(F)(c2ccc(C#N)cc2)CC1,7.045757490560675,1,IC50,FASN,CHEMBL4158
CCc1cc(C)c(NC(=O)O[C@@H]2CCOC2)cc1C(=O)N1CCC(F)(c2ccc(C#N)cc2)CC1,6.6020599913279625,1,IC50,FASN,CHEMBL4158
CCc1cc(C)c(NC(=O)O[C@H]2CCOC2)cc1C(=O)N1CCC(F)(c2ccc(C#N)cc2)CC1,6.853871964321762,1,IC50,FASN,CHEMBL4158
CCc1cc(C)c(NC(=O)c2ccc(N(C)CCOC)nc2)cc1C(=O)N1CCC(F)(c2ccc(C#N)cc2)CC1,7.070581074285707,1,IC50,FASN,CHEMBL4158
CCc1cc(C)c(NC(=O)c2ccc(NC(C)C)nc2)cc1C(=O)N1CCC(F)(c2ccc(C#N)cc2)CC1,6.769551078621726,1,IC50,FASN,CHEMBL4158
CCc1cc(C2CC2)c(-c2nc3c([nH]2)CN(C(=O)OC)CC3)cc1C(=O)N1CCC(c2ccc(C#N)cc2)CC1,7.455931955649724,1,IC50,FASN,CHEMBL4158
CCc1cc(C2CC2)c(-c2nc3c([nH]2)CN(C)CC3)cc1C(=O)N1CCC(c2ccc(C#N)cc2)CC1,7.455931955649724,1,IC50,FASN,CHEMBL4158
CCc1cc(C2CC2)c(-c2nc3c([nH]2)COCC3)cc1C(=O)N1CCC(c2ccc(C#N)cc2)CC1,7.113509274827518,1,IC50,FASN,CHEMBL4158
CCc1cc(C2CC2)c(-c2nnc(CCOC)[nH]2)cc1C(=O)N1CCC(c2ccc(C#N)cc2)CC1,6.838631997765026,1,IC50,FASN,CHEMBL4158
CCc1cc(C2CC2)c(-c2nnc(COC)[nH]2)cc1C(=O)N1CCC(c2ccc(C#N)cc2)CC1,6.769551078621726,1,IC50,FASN,CHEMBL4158
CCc1cc(C2CC2)c(-c2nnc(OC)[nH]2)cc1C(=O)N1CC(F)(c2ccc(C#N)cc2)C1,6.920818753952375,2,IC50,FASN,CHEMBL4158
CCc1cc(C2CC2)c(-c2nnc(OC)[nH]2)cc1C(=O)N1CC(c2ccc(C#N)cc2)C1,6.978810700930062,2,IC50,FASN,CHEMBL4158
CCc1cc(C2CC2)c(-c2nnc(OC)[nH]2)cc1C(=O)N1CCC(F)(c2ccc(C#N)cc2)CC1,7.259637310505756,1,IC50,FASN,CHEMBL4158
CCc1cc(C2CC2)c(-c2nnc(OC)[nH]2)cc1C(=O)N1CCC(c2ccc(C#N)cc2)CC1,7.045757490560675,1,IC50,FASN,CHEMBL4158
CCc1cc(C2CCC2)c(-c2nnc(CCOC)[nH]2)cc1C(=O)N1CCC(F)(c2ccc(C#N)cc2)CC1,7.187086643357144,1,IC50,FASN,CHEMBL4158
CCc1cc(C2CCC2)c(-c2nnc(CCOC)[nH]2)cc1C(=O)N1CCC(c2ccc(C#N)cc2)CC1,7.154901959985743,1,IC50,FASN,CHEMBL4158
CCc1cc(C2CCC2)c(-c2nnc(COC)[nH]2)cc1C(=O)N1CCC(F)(c2ccc(C#N)cc2)CC1,7.070581074285707,1,IC50,FASN,CHEMBL4158
CCc1cc(C2CCC2)c(-c2nnc(COC)[nH]2)cc1C(=O)N1CCC(c2ccc(C#N)cc2)CC1,7.096910013008056,1,IC50,FASN,CHEMBL4158
CCc1cc(C2CCC2)c(-c2nnc(OC)[nH]2)cc1C(=O)N1CCC(F)(c2ccc(C#N)cc2)CC1,7.0,1,IC50,FASN,CHEMBL4158
CCc1cc(C2CCC2)c(-c2nnc(OC)[nH]2)cc1C(=O)N1CCC(c2ccc(C#N)cc2)CC1,7.045757490560675,1,IC50,FASN,CHEMBL4158
CCc1cc(CC)c(-c2nc3c([nH]2)CN(C(C)=O)CC3)cc1C(=O)N1CCC(c2ccc(C#N)cc2)CC1,7.3979400086720375,1,IC50,FASN,CHEMBL4158
CCc1cc(CC)c(-c2nc3c([nH]2)COCC3)cc1C(=O)N1CCC(F)(c2ccc(C#N)cc2)CC1,7.301029995663981,1,IC50,FASN,CHEMBL4158
CCc1cc(CC)c(-c2nnc(C3CCOC3)[nH]2)cc1C(=O)N1CCC(c2ccc(C#N)cc2)CC1,6.508638306165727,1,IC50,FASN,CHEMBL4158
CCc1cc(CC)c(-c2nnc(CCOC)[nH]2)cc1C(=O)N1CCC(c2ccc(C#N)cc2)CC1,6.978810700930062,1,IC50,FASN,CHEMBL4158
CCc1cc(CC)c(-c2nnc(OC)[nH]2)cc1C(=O)N1CCC(c2ccc(C#N)cc2)CC1,7.0,1,IC50,FASN,CHEMBL4158
CCc1cc(Cl)c(-c2nc3c([nH]2)CN(C(C)=O)CC3)cc1C(=O)N1CCC(c2ccc(C#N)cc2)CC1,6.958607314841775,1,IC50,FASN,CHEMBL4158
CCc1cc(Cl)c(-c2nc3c([nH]2)COCC3)cc1C(=O)N1CCC(F)(c2ccc(C#N)cc2)CC1,6.638272163982407,1,IC50,FASN,CHEMBL4158
CCc1cc(Cl)c(-c2nnc(C3CCOC3)[nH]2)cc1C(=O)N1CCC(c2ccc(C#N)cc2)CC1,5.899629454882437,1,IC50,FASN,CHEMBL4158
CCc1cc(Cl)c(-c2nnc(CCOC)[nH]2)cc1C(=O)N1CCC(c2ccc(C#N)cc2)CC1,6.255707016877324,1,IC50,FASN,CHEMBL4158
CCc1cc(Cl)c(NC(=O)NC[C@H]2CCCO2)cc1C(=O)N1CCC(F)(c2ccc(C#N)cc2)CC1,6.853871964321762,1,IC50,FASN,CHEMBL4158
CCc1cc(Cl)c(NC(=O)NC[C@H]2CCCO2)cc1C(=O)N1CCC(F)(c2ccc(F)cc2)CC1,4.903785414653595,1,IC50,FASN,CHEMBL4158
CCc1cc(F)c(-c2nc3c([nH]2)COCC3)cc1C(=O)N1CCC(F)(c2ccc(C#N)cc2)CC1,5.94692155651658,1,IC50,FASN,CHEMBL4158
CCc1cc(F)c(C(=O)N2CCC(c3ccc(C#N)cc3)CC2)cc1-c1nnc(CCOC)[nH]1,5.08460016478773,1,IC50,FASN,CHEMBL4158
CCc1ccc(C(=O)N2CC(c3ccc(C#N)cc3)C2)cc1-c1[nH]nc(OCCO)c1C,7.795880017344075,1,IC50,FASN,CHEMBL4158
CCc1ccc(C(=O)N2CCC(F)(c3ccc(C#N)cc3)CC2)cc1NC(=O)NC1CCOC1,7.455931955649724,1,IC50,FASN,CHEMBL4158
CCc1ccc(C(=O)N2CCC(F)(c3ccc(C#N)cc3)CC2)cc1NC(=O)c1ccc(N2CCC2)nc1,7.455931955649724,1,IC50,FASN,CHEMBL4158
CCc1ccc(C(=O)N2CCC(c3ccc(C#N)cc3)CC2)cc1-c1[nH]c(COC)nc1C,7.522878745280337,2,IC50,FASN,CHEMBL4158
CCc1cnc(-c2cc(C(=O)N3CCC(c4ccc(C#N)cc4)CC3)c(C)cc2C2CCC2)[nH]1,7.698970004336019,1,IC50,FASN,CHEMBL4158
CCc1nc(C(F)(F)F)[nH]c1-c1cc(C(=O)N2CC(c3ccc(C#N)cc3)C2)ccc1C,7.6777807052660805,2,IC50,FASN,CHEMBL4158
CCc1nc(COC)[nH]c1-c1cc(C(=O)N2CCC(c3ccc(C#N)cc3)CC2)ccc1C,7.346787486224656,2,IC50,FASN,CHEMBL4158
CCc1ncc(-c2cc(C(=O)N3CCC(c4ccc(C#N)cc4)CC3)c(C)cc2C2CCC2)[nH]1,7.522878745280337,1,IC50,FASN,CHEMBL4158
CCc1nnc(-c2cc(C(=O)N3CCC(F)(c4ccc(C#N)cc4)CC3)c(C)cc2C2CCC2)[nH]1,7.3979400086720375,1,IC50,FASN,CHEMBL4158
CCc1nnc(-c2cc(C(=O)N3CCC(F)(c4ccc(C#N)cc4)CC3)c(CC)cc2C2CCC2)[nH]1,7.259637310505756,1,IC50,FASN,CHEMBL4158
CCc1nnc(-c2cc(C(=O)N3CCC(F)(c4ccc(C#N)cc4)CC3)ccc2C2CCC2)[nH]1,7.221848749616356,1,IC50,FASN,CHEMBL4158
CCc1nnc(-c2cc(C(=O)N3CCC(c4ccc(C#N)cc4)CC3)c(C)cc2C2CC(F)(F)C2)[nH]1,6.522878745280337,1,IC50,FASN,CHEMBL4158
CCc1nnc(-c2cc(C(=O)N3CCC(c4ccc(C#N)cc4)CC3)c(C)cc2C2CCC2)[nH]1,7.041773025725037,2,IC50,FASN,CHEMBL4158
CCc1nnc(-c2cc(C(=O)N3CCC(c4ccc(C#N)cc4)CC3)c(C)cc2C2CCC2)o1,4.508778423760717,1,IC50,FASN,CHEMBL4158
CCc1nnc(-c2cc(C(=O)N3CCC(c4ccc(C#N)cc4)CC3)c(C)cc2CC2CCC2)[nH]1,6.568636235841012,1,IC50,FASN,CHEMBL4158
CCc1nnc(-c2cc(C(=O)N3CCC(c4ccc(C#N)cc4)CC3)c(C)cc2SC)[nH]1,5.876148359032914,1,IC50,FASN,CHEMBL4158
CCc1nnc(-c2cc(C(=O)N3CCC(c4ccc(C#N)cc4)CC3)ccc2C)[nH]1,5.648783654660658,1,IC50,FASN,CHEMBL4158
CCc1nnc(-c2cc(C(=O)N3CCC(c4ccc(C#N)cc4)CC3)ccc2C2CCC2)[nH]1,7.045757490560675,1,IC50,FASN,CHEMBL4158
CCc1nnc(-c2cc(C(=O)N3CCC(c4ccc(C#N)cc4)CC3C)c(C)cc2C2CCC2)[nH]1,5.2225731776106885,1,IC50,FASN,CHEMBL4158
CCc1nnc(-c2cc(C(=O)N3CCC(c4ccc(C#N)cc4)CC3C)c(CC)cc2C2CCC2)[nH]1,6.939302159646388,1,IC50,FASN,CHEMBL4158
CCc1nnc(Nc2cc(C(=O)N3CCC(c4ccc(C#N)cc4)CC3)ccc2C)[nH]1,5.488116639021126,1,IC50,FASN,CHEMBL4158
CCc1nnc(Nc2cc(C(=O)N3CCC(c4ccc(C#N)cc4)CC3)ccc2C)o1,5.997833938243492,1,IC50,FASN,CHEMBL4158
CN(C(=O)[C@@H]1CC[C@H](NC(=O)C(F)F)C1)c1ccc(-c2nc3ccccc3o2)cc1,6.568636235841012,1,IC50,FASN,CHEMBL4158
CN(C(=O)c1ccc(-c2nc3ccc(Cl)cc3o2)nn1)[C@@H]1CC[C@H](NC(=O)[C@@H]2CCCO2)C1,5.756961951313706,1,IC50,FASN,CHEMBL4158
CN(C(=O)c1ccc(-c2nc3cccc(F)c3o2)cc1)[C@@H]1CC[C@H](NC(=O)C2CC2)C1,5.756961951313706,1,IC50,FASN,CHEMBL4158
CN(C(=O)c1ccc(-c2nc3ccccc3o2)cc1)C1CC[C@H](NC(=O)C[C@@H]2CCC(=O)N2)C1,4.576754126063192,1,IC50,FASN,CHEMBL4158
CN(C(=O)c1ccc(-c2nc3ccccc3o2)cc1)[C@@H]1CC[C@@H](NC(=O)Cc2ccccc2)C1,4.576754126063192,1,IC50,FASN,CHEMBL4158
CN(C(=O)c1ccc(-c2nc3ccccc3o2)cc1)[C@@H]1CC[C@H](NC(=O)C(F)(F)C(F)(F)F)C1,5.756961951313706,1,IC50,FASN,CHEMBL4158
CN(C(=O)c1ccc(-c2nc3ccccc3o2)cc1)[C@@H]1CC[C@H](NC(=O)c2ccccc2)C1,5.756961951313706,1,IC50,FASN,CHEMBL4158
CN(C(=O)c1ccc(-c2nc3ccccc3o2)cc1)[C@@H]1CC[C@H](NC(=O)c2ccncc2)C1,5.756961951313706,1,IC50,FASN,CHEMBL4158
CN(C(=O)c1ncc(-c2nc3ccc(Cl)cc3o2)cn1)[C@@H]1CC[C@H](NC(=O)[C@@H]2CCCO2)C1,5.756961951313706,1,IC50,FASN,CHEMBL4158
CN(C)C(=O)N[C@H]1CC[C@@H](C(=O)N(C)c2ccc(-c3nc4ccccc4o3)cc2)C1,6.552841968657781,1,IC50,FASN,CHEMBL4158
CN(C)CC(=O)N[C@H]1CC[C@@H](N(C)C(=O)c2ccc(-c3nc4ccccc4o3)cc2)C1,5.756961951313706,1,IC50,FASN,CHEMBL4158
CN(C)CCCCCC(=O)N[C@H]1CC[C@@H](C(=O)N(C)c2ccc(-c3ccccc3)cc2)C1,6.0,2,IC50,FASN,CHEMBL4158
CN(C)CCCCCC(=O)N[C@H]1CC[C@@H](C(=O)N(C)c2ccc(-c3nc4ccccc4[nH]3)cc2)C1,6.227965977824862,2,IC50,FASN,CHEMBL4158
CN(C)CCCCCC(=O)N[C@H]1CC[C@@H](C(=O)N(C)c2ccc(-c3nc4ccccc4n3C)cc2)C1,5.9604093769761874,2,IC50,FASN,CHEMBL4158
CN(C)CCCCCC(=O)N[C@H]1CC[C@@H](C(=O)N(C)c2ccc(-c3nc4ccccc4o3)cc2)C1,6.236572006437063,1,IC50,FASN,CHEMBL4158
CN(C)CCCCCNC(=O)N[C@H]1CC[C@@H](C(=O)N(C)c2ccc(-c3nc4ccccc4o3)cc2)C1,6.301029995663981,1,IC50,FASN,CHEMBL4158
CN(C)Cc1ccc(-c2ccc(-n3c(C[C@@H]4CCN(C(=O)C5CC5)C4)n[nH]c3=O)cc2)cc1,6.698970004336019,1,IC50,FASN,CHEMBL4158
CN(C[C@@H]1CCN(C(=O)C2CC2)C1)C(=O)c1ccc(-c2ccc3[nH]ccc3c2)cc1F,7.698970004336019,1,IC50,FASN,CHEMBL4158
CN1CCc2nc(-c3cc(C(=O)N4CCC(F)(c5ccc(C#N)cc5)CC4)ccc3C3CCC3)[nH]c2C1,7.301029995663981,1,IC50,FASN,CHEMBL4158
CN1CCc2nc(-c3cc(C(=O)N4CCC(F)(c5ccc(C#N)cc5)CC4)ccc3C3CCC3)[nH]c2CC1,7.301029995663981,1,IC50,FASN,CHEMBL4158
CN1CCc2nc(-c3cc(C(=O)N4CCC(c5ccc(C#N)cc5)CC4)ccc3C3CCC3)[nH]c2C1,7.698970004336019,1,IC50,FASN,CHEMBL4158
CN1CCc2nc(-c3cc(C(=O)N4CCC(c5ccc(C#N)cc5)CC4)ccc3C3CCC3)[nH]c2CC1,6.958607314841775,1,IC50,FASN,CHEMBL4158
CNC(=O)C1CCc2nc(-c3cc(C(=O)N4CCC(c5ccc(C#N)cc5)CC4)c(C)cc3C)[nH]c2C1,7.3979400086720375,1,IC50,FASN,CHEMBL4158
CNC(=O)C1Cc2nc(-c3cc(C(=O)N4CCC(c5ccc(C#N)cc5)CC4)c(C)cc3C)[nH]c2C1,6.585026652029182,1,IC50,FASN,CHEMBL4158
CNC(=O)c1cc(C(=O)N2CCC(c3ccc(-n4cccn4)cc3)CC2)c(C)cc1C1CCC1,6.337242168318426,2,IC50,FASN,CHEMBL4158
CNC(=O)c1cc(C(=O)N2CCC(c3ccc(-n4cnnc4)cc3)CC2)c(C)cc1C1CCC1,7.136677139879544,2,IC50,FASN,CHEMBL4158
CNC(=O)c1cc(C(=O)N2CCC(c3ccc(C#N)cc3)CC2)c(C)cc1C1CCC1,7.045757490560675,1,IC50,FASN,CHEMBL4158
CNC(=O)c1cc(C(=O)N2CCC(c3ccc4[nH]ncc4c3)CC2)c(C)cc1C1CCC1,6.187086643357144,2,IC50,FASN,CHEMBL4158
CNC(=O)c1cc(C(=O)N2CCC(c3ccc4ccoc4c3)CC2)c(C)cc1C1CCC1,5.928117992693874,2,IC50,FASN,CHEMBL4158
CNC(=O)c1cc(C(=O)N2CCC(c3ccc4nccn4c3)CC2)c(C)cc1C1CCC1,4.957818405484233,2,IC50,FASN,CHEMBL4158
CNC(=O)c1cc(C(=O)N2CCC(c3cccc4ccoc34)CC2)c(C)cc1C1CCC1,4.301029995663981,2,IC50,FASN,CHEMBL4158
CNC(=O)c1cc(C(=O)N2CCC(c3ccn4ccnc4c3)CC2)c(C)cc1C1CCC1,4.301029995663981,2,IC50,FASN,CHEMBL4158
CNC(=O)c1cc(C(=O)N2CCC(c3ccn4cncc4c3)CC2)c(C)cc1C1CCC1,6.376750709602099,2,IC50,FASN,CHEMBL4158
CNC(=O)c1cc(C(=O)N2CCC(c3ccn4nccc4c3)CC2)c(C)cc1C1CCC1,5.809668301829708,2,IC50,FASN,CHEMBL4158
CNC(=O)c1nc(C)[nH]c1-c1cc(C(=O)N2CC(c3ccc(C#N)cc3)C2)ccc1C,6.086186147616283,2,IC50,FASN,CHEMBL4158
CNC(=O)c1nnc(-c2cc(C(=O)N3CCC(c4ccc(C#N)cc4)CC3)c(C)cc2C)[nH]1,5.876148359032914,1,IC50,FASN,CHEMBL4158
COC(=O)Cc1nnc(-c2cc(C(=O)N3CCC(c4ccc(C#N)cc4)CC3)c(C)cc2C2CCC2)[nH]1,7.086186147616283,2,IC50,FASN,CHEMBL4158
COC(=O)N1CC(c2nc(C)c(-c3cc(C(=O)N4CC(c5ccc(C#N)cc5)C4)ccc3C)[nH]2)C1,8.096910013008056,2,IC50,FASN,CHEMBL4158
COC(=O)N1CC2(C1)N=C(c1ccc(-c3ccc4c(cnn4C)c3)cc1)N(C[C@@H]1CCN(C(=O)C3CC3)C1)C2=O,6.522878745280337,1,IC50,FASN,CHEMBL4158
COC(=O)N1CCC(C)(c2nc(C)c(-c3cc(C(=O)N4CC(F)(c5ccc(C#N)cc5)C4)ccc3C)[nH]2)CC1,7.180456064458131,2,IC50,FASN,CHEMBL4158
COC(=O)N1CCC(C)(c2nc(C)c(-c3cc(C(=O)N4CC(c5ccc(C#N)cc5)C4)ccc3C)[nH]2)CC1,7.481486060122112,2,IC50,FASN,CHEMBL4158
COC(=O)N1CCC(C)(c2nc(Cl)c(-c3cc(C(=O)N4CC(c5ccc(C#N)cc5)C4)ccc3C)[nH]2)CC1,7.853871964321762,2,IC50,FASN,CHEMBL4158
COC(=O)N1CCC(O)(c2nc(C)c(-c3cc(C(=O)N4CC(c5ccc(C#N)cc5)C4)ccc3C)[nH]2)CC1,7.619788758288394,2,IC50,FASN,CHEMBL4158
COC(=O)N1CCC(OC)(c2nc(C)c(-c3cc(C(=O)N4CC(c5ccc(C#N)cc5)C4)ccc3C)[nH]2)CC1,7.455931955649724,2,IC50,FASN,CHEMBL4158
COC(=O)N1CCC(c2nc(C(F)(F)F)c(-c3cc(C(=O)N4CC(c5ccc(C#N)cc5)C4)ccc3C)[nH]2)CC1,7.698970004336019,2,IC50,FASN,CHEMBL4158
COC(=O)N1CCC(c2nc(C)c(-c3cc(C(=O)N4CC(c5ccc(C#N)cc5)C4)ccc3C)[nH]2)CC1,8.045757490560675,2,IC50,FASN,CHEMBL4158
COC(=O)N1CCc2nc(-c3cc(C(=O)N4CCC(F)(c5ccc(C#N)cc5)CC4)c(C)cc3C3CCC3)[nH]c2C1,8.0,1,IC50,FASN,CHEMBL4158
COC(=O)N1CCc2nc(-c3cc(C(=O)N4CCC(F)(c5ccc(C#N)cc5)CC4)ccc3C3CCC3)[nH]c2C1,7.698970004336019,1,IC50,FASN,CHEMBL4158
COC(=O)N1CCc2nc(-c3cc(C(=O)N4CCC(c5ccc(C#N)cc5)CC4)c(C)cc3C)[nH]c2C1,7.522878745280337,1,IC50,FASN,CHEMBL4158
COC(=O)N1CCc2nc(-c3cc(C(=O)N4CCC(c5ccc(C#N)cc5)CC4)c(C)cc3C)[nH]c2C1C,7.113509274827518,1,IC50,FASN,CHEMBL4158
COC(=O)N1CCc2nc(-c3cc(C(=O)N4CCC(c5ccc(C#N)cc5)CC4)c(C)cc3C)[nH]c2CC1,7.455931955649724,1,IC50,FASN,CHEMBL4158
COC(=O)N1CCc2nc(-c3cc(C(=O)N4CCC(c5ccc(C#N)cc5)CC4)c(C)cc3C3CC3)[nH]c2C1,7.346787486224656,1,IC50,FASN,CHEMBL4158
COC(=O)N1CCc2nc(-c3cc(C(=O)N4CCC(c5ccc(C#N)cc5)CC4)c(C)cc3C3CCC3)[nH]c2C1,7.698970004336019,1,IC50,FASN,CHEMBL4158
COC(=O)N1CCc2nc(-c3cc(C(=O)N4CCC(c5ccc(C#N)cc5)CC4)ccc3C)[nH]c2C1,7.455931955649724,1,IC50,FASN,CHEMBL4158
COC(=O)N1CCc2nc(-c3cc(C(=O)N4CCC(c5ccc(C#N)cc5)CC4)ccc3C3CC3)[nH]c2C1,7.698970004336019,1,IC50,FASN,CHEMBL4158
COC(=O)N1CCc2nc(-c3cc(C(=O)N4CCC(c5ccc(C#N)cc5)CC4)ccc3C3CCC3)[nH]c2C1,8.0,1,IC50,FASN,CHEMBL4158
COC(=O)N1Cc2[nH]c(-c3cc(C(=O)N4CCC(c5ccc(C#N)cc5)CC4)c(C)cc3C)nc2CC1C,7.154901959985743,1,IC50,FASN,CHEMBL4158
COC(=O)[C@H](CC(=O)N[C@H]1CC[C@@H](N(C)C(=O)c2ccc(-c3nc4ccccc4o3)cc2)C1)NC(C)=O,5.756961951313706,1,IC50,FASN,CHEMBL4158
COC1(c2nc(C#N)c(-c3cc(C(=O)N4CC(c5ccc(C#N)cc5)C4)ccc3C)[nH]2)CCOCC1,7.2839966563652006,2,IC50,FASN,CHEMBL4158
COC1(c2nc(C)c(-c3cc(C(=O)N4CC(c5ccc(C#N)cc5)C4)ccc3C)[nH]2)CCCOC1,7.823908740944319,1,IC50,FASN,CHEMBL4158
COC1(c2nc(C)c(-c3cc(C(=O)N4CC(c5ccc(C#N)cc5)C4)ccc3C)[nH]2)CCOCC1,7.823908740944319,1,IC50,FASN,CHEMBL4158
COC1(c2nc(C)c(-c3cc(C(=O)N4CC(c5ccc(C#N)cc5)C4)ccc3C)[nH]2)COC1,7.6020599913279625,2,IC50,FASN,CHEMBL4158
COC1CCC(c2nc(C)c(-c3cc(C(=O)N4CC(c5ccc(C#N)cc5)C4)ccc3C)[nH]2)CC1,7.602407705158788,4,IC50,FASN,CHEMBL4158
COC1CCN(c2ccc(C(=O)N3CC(c4ccc(C#N)cc4)C3)cc2-c2[nH]c(C)nc2C)C1,7.3979400086720375,2,IC50,FASN,CHEMBL4158
COC1CCc2nc(-c3cc(C(=O)N4CCC(c5ccc(C#N)cc5)CC4)c(C)cc3C)[nH]c2C1,6.508638306165727,1,IC50,FASN,CHEMBL4158
COC1Cc2nc(-c3cc(C(=O)N4CCC(c5ccc(C#N)cc5)CC4)c(C)cc3C)[nH]c2C1,6.978810700930062,1,IC50,FASN,CHEMBL4158
COCC(=O)N[C@H]1CC[C@@H](C(=O)N(C)c2ccc(-c3nc4ccccc4o3)cc2)C1,6.170994301671444,2,IC50,FASN,CHEMBL4158
COCC1(C)N=C(c2ccc(-c3ccc4c(cnn4C)c3)cc2)N(C[C@@H]2CCN(C(=O)C3CC3)C2)C1=O,6.309803919971486,3,IC50,FASN,CHEMBL4158
COCC1(C)N=C(c2ccc(-c3ccc4occc4c3)cc2)N(C[C@@H]2CCN(C(=O)C3CC3)C2)C1=O,6.619788758288394,2,IC50,FASN,CHEMBL4158
COCCCOc1ccnc(C[S+]([O-])c2nc3ccccc3[nH]2)c1C,4.756572322361528,2,"Ki,IC50",FASN,CHEMBL4158
COCCN(C)C(=O)Nc1cc(C(=O)N2CCC(F)(c3ccc(C#N)cc3)CC2)ccc1C,5.052076380168273,1,IC50,FASN,CHEMBL4158
COCCN(C)c1cc2nc(-c3cc(C(=O)N4CCC(c5ccc(C#N)cc5)CC4)c(C)cc3C)[nH]c2cn1,7.22921037802671,2,IC50,FASN,CHEMBL4158
COCCN(C)c1ccc(C(=O)Nc2cc(C(=O)N3CCC(F)(c4ccc(C#N)cc4)CC3)c(C)cc2C)cn1,6.7447274948966935,1,IC50,FASN,CHEMBL4158
COCCN(C)c1ccc(C(=O)Nc2cc(C(=O)N3CCC4(CC3)OCc3cc(C#N)ccc34)ccc2C)cn1,6.978810700930062,1,IC50,FASN,CHEMBL4158
COCCN(C)c1nnc(-c2cc(C(=O)N3CCC(c4ccc(C#N)cc4)CC3)c(C)cc2C)[nH]1,5.1432711096171175,1,IC50,FASN,CHEMBL4158
COCCNC(=O)Nc1cc(-c2nnc3n2CCC(c2ccc(C#N)cc2)C3)ccc1C,5.446116973356125,1,IC50,FASN,CHEMBL4158
COCCNC(=O)Nc1cc(C(=O)N2CCC(F)(c3ccc(C#N)cc3)CC2)ccc1C,7.346787486224656,1,IC50,FASN,CHEMBL4158
COCCNC(=O)Nc1cc(C(=O)N2CCC(c3ccc(C#N)cc3)CC2)cnc1C,5.5934598195660445,1,IC50,FASN,CHEMBL4158
COCCNC(=O)Nc1cc(C(=O)N2CCC3(CC2)OCc2cc(C#N)ccc23)ccc1C,6.42021640338319,1,IC50,FASN,CHEMBL4158
COCCNC(=O)c1cc(C(=O)N2CCC(c3ccc(C#N)cc3)CC2)c(C)cc1C1CCC1,6.3872161432802645,1,IC50,FASN,CHEMBL4158
COCCNc1ccc(C(=O)Nc2cc(C(=O)N3CCC4(CC3)OCc3cc(C#N)ccc34)ccc2C)cn1,6.552841968657781,1,IC50,FASN,CHEMBL4158
COCCOc1n[nH]c(-c2cc(C(=O)N3CC(c4ccc(C#N)cc4)C3)c(C)cc2C)c1C,4.301029995663981,2,IC50,FASN,CHEMBL4158
COCCOc1n[nH]c(-c2cc(C(=O)N3CC(c4ccc(C#N)cc4)C3)ccc2C)c1C,7.823908740944319,1,IC50,FASN,CHEMBL4158
COCCOc1nnc(-c2cc(C(=O)N3CCC(c4ccc(C#N)cc4)CC3)c(C)cc2C)[nH]1,6.494850021680094,1,IC50,FASN,CHEMBL4158
COCCOc1nnc(-c2cc(C(=O)N3CCC(c4ccc(C#N)cc4)CC3)c(C)cc2C2CCC2)[nH]1,7.346787486224656,2,IC50,FASN,CHEMBL4158
COCCc1n[nH]c(-c2cc(C(=O)N3CC(c4ccc(C#N)cc4)C3)c(C)cc2C)c1C,7.107905397309519,2,IC50,FASN,CHEMBL4158
COCCc1n[nH]c(-c2cc(C(=O)N3CC(c4ccc(C#N)cc4)C3)c(C)cc2C)c1Cl,7.251811972993799,2,IC50,FASN,CHEMBL4158
COCCc1nc(C(F)(F)F)c(-c2cc(C(=O)N3CC(c4ccc(C#N)cc4)C3)ccc2C)[nH]1,7.958607314841775,2,IC50,FASN,CHEMBL4158
COCCc1nc(Cl)c(-c2cc(C(=O)N3CC(c4ccc(C#N)cc4)C3)ccc2C)[nH]1,7.886056647693163,2,IC50,FASN,CHEMBL4158
COCCc1ncc(-c2cc(C(=O)N3CCC(F)(c4ccc(C#N)cc4)CC3)c(C)cc2C2CCC2)[nH]1,7.096910013008056,1,IC50,FASN,CHEMBL4158
COCCc1ncc(-c2cc(C(=O)N3CCC(F)(c4ccc(C#N)cc4)CC3)ccc2C2CCC2)[nH]1,6.920818753952375,1,IC50,FASN,CHEMBL4158
COCCc1ncc(-c2cc(C(=O)N3CCC(c4ccc(C#N)cc4)CC3)c(C)cc2C2CCC2)[nH]1,7.0,1,IC50,FASN,CHEMBL4158
COCCc1ncc(-c2cc(C(=O)N3CCC(c4ccc(C#N)cc4)CC3)ccc2C2CCC2)[nH]1,6.657577319177793,1,IC50,FASN,CHEMBL4158
COCCc1nnc(-c2cc(C(=O)N3CC(F)(c4ccc(C#N)cc4)C3)c(C)cc2C2CCC2)[nH]1,7.2441251443275085,2,IC50,FASN,CHEMBL4158
COCCc1nnc(-c2cc(C(=O)N3CC(c4ccc(C#N)cc4)C3)c(C)cc2C2CCC2)[nH]1,7.267606240177031,2,IC50,FASN,CHEMBL4158
COCCc1nnc(-c2cc(C(=O)N3CCC(F)(c4ccc(C#N)cc4)CC3)c(C)cc2C2CCC2)[nH]1,7.522878745280337,1,IC50,FASN,CHEMBL4158
COCCc1nnc(-c2cc(C(=O)N3CCC(F)(c4ccc(C#N)cc4)CC3)ccc2C2CCC2)[nH]1,7.154901959985743,1,IC50,FASN,CHEMBL4158
COCCc1nnc(-c2cc(C(=O)N3CCC(c4ccc(C#N)cc4)CC3)c(C)cc2C(C)C)[nH]1,6.151810883008601,1,IC50,FASN,CHEMBL4158
COCCc1nnc(-c2cc(C(=O)N3CCC(c4ccc(C#N)cc4)CC3)c(C)cc2C)[nH]1,6.657577319177793,1,IC50,FASN,CHEMBL4158
COCCc1nnc(-c2cc(C(=O)N3CCC(c4ccc(C#N)cc4)CC3)c(C)cc2C2CC2)[nH]1,6.853871964321762,1,IC50,FASN,CHEMBL4158
COCCc1nnc(-c2cc(C(=O)N3CCC(c4ccc(C#N)cc4)CC3)c(C)cc2C2CCC2)[nH]1,7.259637310505756,1,IC50,FASN,CHEMBL4158
COCCc1nnc(-c2cc(C(=O)N3CCC(c4ccc(C#N)cc4)CC3)c(C)cc2Cl)[nH]1,5.675717544702307,1,IC50,FASN,CHEMBL4158
COCCc1nnc(-c2cc(C(=O)N3CCC(c4ccc(C#N)cc4)CC3)ccc2C(C)C)[nH]1,4.869023308394383,1,IC50,FASN,CHEMBL4158
COCCc1nnc(-c2cc(C(=O)N3CCC(c4ccc(C(F)(F)F)cc4)CC3)c(C)cc2C2CCC2)[nH]1,7.045757490560675,1,IC50,FASN,CHEMBL4158
COCc1[nH]c(-c2cc(C(=O)N3CCC(F)(c4ccc(C#N)cc4)CC3)c(C)cc2C2CCC2)nc1C,7.221848749616356,1,IC50,FASN,CHEMBL4158
COCc1c(C)n[nH]c1-c1cc(C(=O)N2CC(c3ccc(C#N)cc3)C2)c(C)cc1C,7.060480747381382,2,IC50,FASN,CHEMBL4158
COCc1ccc(C(=O)N2CCC(c3ccc(C#N)cc3)CC2)cc1-c1[nH]c(C)nc1C,6.782516055786093,2,IC50,FASN,CHEMBL4158
COCc1cnc(-c2cc(C(=O)N3CCC(F)(c4ccc(C#N)cc4)CC3)c(C)cc2C2CCC2)[nH]1,7.698970004336019,1,IC50,FASN,CHEMBL4158
COCc1cnc(-c2cc(C(=O)N3CCC(c4ccc(C#N)cc4)CC3)c(C)cc2C2CCC2)[nH]1,7.301029995663981,1,IC50,FASN,CHEMBL4158
COCc1n[nH]c(-c2cc(C(=O)N3CC(c4ccc(C#N)cc4)C3)c(C)cc2C)c1C,7.229147988357855,2,IC50,FASN,CHEMBL4158
COCc1n[nH]c(-c2cc(C(=O)N3CC(c4ccc(C#N)cc4)C3)c(C)cc2C)c1Cl,7.142667503568731,2,IC50,FASN,CHEMBL4158
COCc1nc(C(F)(F)F)[nH]c1-c1cc(C(=O)N2CC(c3ccc(C#N)cc3)C2)c(C)cc1C,7.7447274948966935,1,IC50,FASN,CHEMBL4158
COCc1nc(C(F)(F)F)[nH]c1-c1cc(C(=O)N2CC(c3ccc(C#N)cc3)C2)ccc1C,7.3979400086720375,2,IC50,FASN,CHEMBL4158
COCc1nc(C(F)(F)F)c(-c2cc(C(=O)N3CC(c4ccc(C#N)cc4)C3)ccc2C)[nH]1,7.920818753952375,2,IC50,FASN,CHEMBL4158
COCc1nc(C)c(-c2cc(C(=O)N3CCC(c4ccc(C#N)cc4)CC3)c(C)cc2C)[nH]1,7.3872161432802645,2,IC50,FASN,CHEMBL4158
COCc1nc(C)c(-c2cc(C(=O)N3CCC(c4ccc(C#N)cc4)CC3)ccc2C)[nH]1,7.443697499232712,2,IC50,FASN,CHEMBL4158
COCc1nc(C)c(-c2cc(C(=O)N3CCC(c4ccc(C#N)cc4)CC3)ccc2C2CC2)[nH]1,7.568636235841012,2,IC50,FASN,CHEMBL4158
COCc1nc(C)c(-c2cc(C(=O)N3CCC(c4ccc(C#N)cc4)CC3)ccc2C2CCC2)[nH]1,7.6020599913279625,2,IC50,FASN,CHEMBL4158
COCc1nc(C)c(-c2cccc(C(=O)N3CCC(c4ccc(C#N)cc4)CC3)c2)[nH]1,5.825358807339551,2,IC50,FASN,CHEMBL4158
COCc1nc(C2CC2)c(-c2cc(C(=O)N3CCC(c4ccc(C#N)cc4)CC3)ccc2C)[nH]1,7.275724130399211,2,IC50,FASN,CHEMBL4158
COCc1nc(Cl)c(-c2cc(C(=O)N3CC(c4ccc(C#N)cc4)C3)ccc2C)[nH]1,7.853871964321762,2,IC50,FASN,CHEMBL4158
COCc1nc(Cl)c(-c2cc(C(=O)N3CCC(c4ccc(C#N)cc4)CC3)ccc2C)[nH]1,8.045757490560675,2,IC50,FASN,CHEMBL4158
COCc1ncc(-c2cc(C(=O)N3CCC(F)(c4ccc(C#N)cc4)CC3)c(C)cc2C2CCC2)[nH]1,7.301029995663981,1,IC50,FASN,CHEMBL4158
COCc1ncc(-c2cc(C(=O)N3CCC(F)(c4ccc(C#N)cc4)CC3)ccc2C2CCC2)[nH]1,6.7447274948966935,1,IC50,FASN,CHEMBL4158
COCc1ncc(-c2cc(C(=O)N3CCC(c4ccc(C#N)cc4)CC3)c(C)cc2C2CCC2)[nH]1,7.301029995663981,1,IC50,FASN,CHEMBL4158
COCc1ncc(-c2cc(C(=O)N3CCC(c4ccc(C#N)cc4)CC3)ccc2C2CCC2)[nH]1,6.619788758288394,1,IC50,FASN,CHEMBL4158
COCc1nnc(-c2cc(C(=O)N3CCC(F)(c4ccc(C#N)cc4)CC3)c(C)cc2C2CCC2)[nH]1,6.886056647693163,1,IC50,FASN,CHEMBL4158
COCc1nnc(-c2cc(C(=O)N3CCC(c4ccc(C#N)cc4)CC3)c(C)cc2C(C)C)[nH]1,5.97469413473523,1,IC50,FASN,CHEMBL4158
COCc1nnc(-c2cc(C(=O)N3CCC(c4ccc(C#N)cc4)CC3)c(C)cc2C)[nH]1,6.346787486224656,1,IC50,FASN,CHEMBL4158
COCc1nnc(-c2cc(C(=O)N3CCC(c4ccc(C#N)cc4)CC3)c(C)cc2C2CC2)[nH]1,6.376750709602099,1,IC50,FASN,CHEMBL4158
COCc1nnc(-c2cc(C(=O)N3CCC(c4ccc(C#N)cc4)CC3)c(C)cc2C2CCC2)[nH]1,6.978810700930062,1,IC50,FASN,CHEMBL4158
COCc1nnc(-c2cc(C(=O)N3CCC(c4ccc(C#N)cc4)CC3)c(C3CC3)cc2C)[nH]1,5.2958494831602,1,IC50,FASN,CHEMBL4158
COCc1nnc(-c2cc(C(=O)N3CCC(c4ccc(C#N)cc4)CC3)ccc2C(C)C)[nH]1,4.6356366453842694,1,IC50,FASN,CHEMBL4158
COCc1nnc(-c2cc(C(=O)N3CCC(c4ccc(C#N)cc4)CC3)ccc2C)[nH]1,5.645891560852599,1,IC50,FASN,CHEMBL4158
COCc1nnc(-c2ccc(C)c(C(=O)N3CCC(c4ccc(C#N)cc4)CC3)c2)[nH]1,4.6728454875905685,1,IC50,FASN,CHEMBL4158
CO[C@@H]1CCN(c2cc(C)c(C(=O)N3CCC(c4ccc(C#N)cc4)CC3)cc2-c2nnc(C)[nH]2)C1,5.94692155651658,2,IC50,FASN,CHEMBL4158
CO[C@H](C)C(=O)N[C@H]1CC[C@@H](N(C)C(=O)c2ccc(-c3nc4ccccc4o3)cc2)C1,5.756961951313706,1,IC50,FASN,CHEMBL4158
CO[C@H]1CCN(c2cc(C)c(C(=O)N3CCC(c4ccc(C#N)cc4)CC3)cc2-c2nnc(C)[nH]2)C1,6.958607314841775,2,IC50,FASN,CHEMBL4158
CO[C@H]1CC[C@@H](c2nc(C(F)(F)F)c(-c3cc(C(=O)N4CC(c5ccc(C#N)cc5)C4)ccc3C)[nH]2)CC1,7.886056647693163,2,IC50,FASN,CHEMBL4158
CO[C@H]1CC[C@H](c2nc(C(F)(F)F)c(-c3cc(C(=O)N4CC(c5ccc(C#N)cc5)C4)ccc3C)[nH]2)CC1,8.045757490560675,2,IC50,FASN,CHEMBL4158
CO[C@H]1C[C@@H](c2cc(C)c(C(=O)N3CCC(c4ccc(C#N)cc4)CC3)cc2-c2nnc(C)[nH]2)C1,6.568636235841012,2,IC50,FASN,CHEMBL4158
CO[C@H]1C[C@H](c2cc(C)c(C(=O)N3CCC(c4ccc(C#N)cc4)CC3)cc2-c2nnc(C)[nH]2)C1,6.721246399047171,2,IC50,FASN,CHEMBL4158
COc1c(C#N)n[nH]c1-c1cc(C(=O)N2CC(c3ccc(C#N)cc3)C2)c(C)cc1C,7.050609993355087,2,IC50,FASN,CHEMBL4158
COc1c(C)n[nH]c1-c1cc(C(=O)N2CC(c3ccc(C#N)cc3)C2)ccc1C,7.1249387366083,2,IC50,FASN,CHEMBL4158
COc1c(Cl)n[nH]c1-c1cc(C(=O)N2CC(c3ccc(C#N)cc3)C2)c(C)cc1C,6.958607314841775,2,IC50,FASN,CHEMBL4158
COc1c(O)cc2oc3cc(O)c(CC=C(C)C)c(O)c3c(=O)c2c1CC=C(C)C,5.2564902352715706,1,IC50,FASN,CHEMBL4158
COc1c(O)cc2oc3cc4c(c(O)c3c(=O)c2c1CC=C(C)C)C=CC(C)(C)O4,4.391046300724137,1,IC50,FASN,CHEMBL4158
COc1cc(C#N)ccc1C1CCN(C(=O)c2cc(-c3nnc(C)[nH]3)c(C3CCC3)cc2C)CC1,5.3487219860018556,2,IC50,FASN,CHEMBL4158
COc1cc(C)c(C(=O)N2CCC(c3ccc(C#N)cc3)CC2)cc1-c1nc2c([nH]1)COCC2,5.655607726314889,1,IC50,FASN,CHEMBL4158
COc1cc(C2CCN(C(=O)c3cc(-c4nnc(C)[nH]4)c(C4CCC4)cc3C)CC2)ccc1C#N,5.886056647693163,2,IC50,FASN,CHEMBL4158
COc1cc(CCCO)cc2cc(-c3ccc4c(c3)OCO4)oc12,4.040624663424157,1,IC50,FASN,CHEMBL4158
COc1cc2oc3cc(O)c(OC)c(CC=C(C)C)c3c(=O)c2c(O)c1CC=C(C)C,4.605023280445436,1,IC50,FASN,CHEMBL4158
COc1ccc(-c2ccc(-n3c(C[C@@H]4CCN(C(=O)C5CC5)C4)n[nH]c3=O)c(F)c2)cc1,7.3979400086720375,1,IC50,FASN,CHEMBL4158
COc1ccc(-c2ccc(C(=O)N3CCN(C(=O)C4(O)CC4)CC3)cc2)c(Cl)c1,5.508638306165727,1,IC50,FASN,CHEMBL4158
COc1ccc(-c2nc3cc(N4CCCC4)ncc3[nH]2)cc1C(=O)N1CCC(c2ccc(C#N)cc2)CC1,6.667561540084394,1,IC50,FASN,CHEMBL4158
COc1ccc(C(=O)N2CCC(F)(c3ccc(C#N)cc3)CC2)cc1NC(=O)NC1CCOC1,6.920818753952375,1,IC50,FASN,CHEMBL4158
COc1ccc(C(=O)N2CCC(F)(c3ccc(C#N)cc3)CC2)cc1NC(=O)c1ccc(N2CCC2)nc1,7.070581074285707,1,IC50,FASN,CHEMBL4158
COc1ccc(C2(F)CCN(C(=O)c3ccc(C)c(NC(=O)NC4CCOC4)c3)CC2)nc1,5.9299621333922445,1,IC50,FASN,CHEMBL4158
COc1ccc(C2(F)CCN(C(=O)c3ccc(C)c(NC(=O)c4ccc(N5CCC5)nc4)c3)CC2)nc1,5.552841968657781,1,IC50,FASN,CHEMBL4158
COc1ccc(C2CCN(C(=O)c3cc(-c4nc5c([nH]4)COCC5)c(C)cc3C)CC2)cc1,6.508638306165727,1,IC50,FASN,CHEMBL4158
COc1ccc(C2CCN(C(=O)c3ccc(C)c(-c4[nH]c(C)nc4C)c3)CC2)cc1,7.050609993355087,2,IC50,FASN,CHEMBL4158
COc1ccc(C2CCN(C(=O)c3ccc(C)c(C(=O)Nc4ccc(N5CCCC5)nc4)c3)CC2)cc1,5.455931955649724,1,IC50,FASN,CHEMBL4158
COc1ccc([C@H]2[C@@H]3CN(C(=O)c4ccc(C)c(NC(=O)NC5CCOC5)c4)C[C@@H]32)cc1,6.337242168318426,1,IC50,FASN,CHEMBL4158
COc1ccc([C@H]2[C@@H]3CN(C(=O)c4ccc(C)c(NC(=O)c5ccc(NC(C)C)nc5)c4)C[C@@H]32)cc1,6.455931955649724,1,IC50,FASN,CHEMBL4158
COc1ccc2[nH]c([S+]([O-])Cc3ncc(C)c(OC)c3C)nc2c1,4.998614685949403,2,"Ki,IC50",FASN,CHEMBL4158
COc1ccccc1-c1cccc(-c2c(O)nc3cc(Cl)c(C#N)cc3c2O)c1,7.721246399047171,1,IC50,FASN,CHEMBL4158
COc1ccnc(C[S+]([O-])c2nc3cc(OC(F)F)ccc3[nH]2)c1OC,4.91425378637355,2,"Ki,IC50",FASN,CHEMBL4158
COc1cn[nH]c1-c1cc(C(=O)N2CC(F)(c3ccc(C#N)cc3)C2)ccc1C,6.468521082957745,2,IC50,FASN,CHEMBL4158
COc1cn[nH]c1-c1cc(C(=O)N2CC(c3ccc(C#N)cc3)C2)c(C)cc1C,6.958607314841775,2,IC50,FASN,CHEMBL4158
COc1cn[nH]c1-c1cc(C(=O)N2CC(c3ccc(C#N)cc3)C2)ccc1C,6.823908740944319,2,IC50,FASN,CHEMBL4158
COc1cn[nH]c1-c1cc(C(=O)N2CCC(c3ccc(C#N)cc3)CC2)ccc1C,6.962573502059376,2,IC50,FASN,CHEMBL4158
COc1n[nH]c(-c2cc(C(=O)N3CC(c4ccc(C#N)cc4)C3)c(C)cc2C)c1C,7.380666160604775,3,IC50,FASN,CHEMBL4158
COc1nccc2nc(-c3cc(C(=O)N4CCC(c5ccc(C#N)cc5)CC4)c(C)cc3C)[nH]c12,6.886056647693163,1,IC50,FASN,CHEMBL4158
COc1nnc(-c2cc(C(=O)N3CC(F)(c4ccc(C#N)cc4)C3)c(C)cc2C2CC2)[nH]1,6.853871964321762,2,IC50,FASN,CHEMBL4158
COc1nnc(-c2cc(C(=O)N3CC(F)(c4ccc(C#N)cc4)C3)c(C)cc2C2CCC2)[nH]1,7.1487416512809245,2,IC50,FASN,CHEMBL4158
COc1nnc(-c2cc(C(=O)N3CC(c4ccc(C#N)cc4)C3)c(C)cc2C2CC2)[nH]1,6.853871964321762,2,IC50,FASN,CHEMBL4158
COc1nnc(-c2cc(C(=O)N3CC(c4ccc(C#N)cc4)C3)c(C)cc2C2CCC2)[nH]1,7.309803919971486,2,IC50,FASN,CHEMBL4158
COc1nnc(-c2cc(C(=O)N3CCC(F)(c4ccc(C#N)cc4)CC3)c(C)cc2C2CC2)[nH]1,7.187086643357144,2,IC50,FASN,CHEMBL4158
COc1nnc(-c2cc(C(=O)N3CCC(F)(c4ccc(C#N)cc4)CC3)c(C)cc2C2CCC2)[nH]1,7.522878745280337,1,IC50,FASN,CHEMBL4158
COc1nnc(-c2cc(C(=O)N3CCC(F)(c4ccc(C(F)(F)F)cc4)CC3)c(C)cc2C2CCC2)[nH]1,6.853871964321762,1,IC50,FASN,CHEMBL4158
COc1nnc(-c2cc(C(=O)N3CCC(c4ccc(C#N)cc4)CC3)c(C)cc2C2CC2)[nH]1,7.00436480540245,2,IC50,FASN,CHEMBL4158
COc1nnc(-c2cc(C(=O)N3CCC(c4ccc(C#N)cc4)CC3)c(C)cc2C2CCC2)[nH]1,7.187086643357144,1,IC50,FASN,CHEMBL4158
COc1nnc(-c2cc(C(=O)N3CCC(c4ccc(C(F)(F)F)cc4)CC3)c(C)cc2C2CCC2)[nH]1,6.795880017344075,1,IC50,FASN,CHEMBL4158
CS(=O)(=O)C[C@H]1O[C@@H](n2cnc3c(N)ncnc32)[C@H](O)[C@@H]1O,3.6575773191777934,1,Ki,FASN,CHEMBL4158
CS(=O)(=O)Nc1cc(C(=O)N2CCC(c3ccc(C#N)cc3)CC2)ccc1C1CCC1,6.267606240177031,1,IC50,FASN,CHEMBL4158
CS(=O)(=O)c1cccc(-c2c(O)nc3cc(Cl)c(C#N)cc3c2O)c1,5.380489279161502,1,IC50,FASN,CHEMBL4158
CSC[C@H]1O[C@@H](n2cnc3c(N)ncnc32)[C@H](O)[C@@H]1O,2.8239087409443187,1,Ki,FASN,CHEMBL4158
C[C@@H]1O[C@@H](O[C@@H]2C(=O)c3c(O)cc(O)cc3O[C@H]2c2cc(O)cc(O)c2)[C@H](O)[C@H](O)[C@H]1O,4.308388125785584,1,IC50,FASN,CHEMBL4158
C[S+](C)CC[C@H](N)C(=O)O.[I-],0.8538719643217618,1,Ki,FASN,CHEMBL4158
C[S+](C)C[C@H]1O[C@@H](n2cnc3c(N)ncnc32)[C@H](O)[C@@H]1O.[I-],2.6020599913279625,1,Ki,FASN,CHEMBL4158
C[S+]([O-])C[C@H]1O[C@@H](n2cnc3c(N)ncnc32)[C@H](O)[C@@H]1O,3.3010299956639813,1,Ki,FASN,CHEMBL4158
Cc1c(OCC(F)(F)F)ccnc1C[S+]([O-])c1nc2ccccc2[nH]1,4.662810738947731,5,"Ki,IC50",FASN,CHEMBL4158
Cc1cc(-c2ccc(-c3cnn(C)c3)cc2)ccc1C1=NC(C)(C)C(=O)N1CC1CN(C(=O)C2(C)CC2)C1,7.11975822410452,2,IC50,FASN,CHEMBL4158
Cc1cc(-c2ccc(-c3cnn(C)c3)cc2)ccc1C1=NC(C)(C)C(=O)N1C[C@@H]1CCN(C(=O)C2(C)CC2)C1,7.270025714300444,2,IC50,FASN,CHEMBL4158
Cc1cc(-c2ccc3c(c2)ncn3C)ccc1C1=NC(C)(C)C(=O)N1CC1CN(C(=O)C2(C)CC2)C1,6.991399828238082,2,IC50,FASN,CHEMBL4158
Cc1cc(-c2ccc3c(c2)ncn3C)ccc1C1=NC(C)(C)C(=O)N1CC1CN(C(=O)C2(O)CC2)C1,6.369572124974976,2,IC50,FASN,CHEMBL4158
Cc1cc(-c2ccc3c(c2)ncn3C)ccc1C1=NC(C)(C)C(=O)N1C[C@@H]1CCN(C(=O)C2(C)CC2)C1,7.100179497572904,2,IC50,FASN,CHEMBL4158
Cc1cc(-c2ccc3c(c2)ncn3C)ccc1C1=NC(C)(C)C(=O)N1C[C@@H]1CCN(C(=O)C2(O)CC2)C1,7.0400051616715835,2,IC50,FASN,CHEMBL4158
Cc1cc(-c2ccc3c(cnn3C)c2)ccc1C1=NC(C)(C)C(=O)N1CC1CN(C(=O)C2(C)CC2)C1,6.821023052706831,2,IC50,FASN,CHEMBL4158
Cc1cc(-c2ccc3c(cnn3C)c2)ccc1C1=NC(C)(C)C(=O)N1C[C@@H]1CCN(C(=O)C2(C)CC2)C1,7.199970640755866,2,IC50,FASN,CHEMBL4158
Cc1cc(-c2ccc3c(cnn3C)c2)ccc1C1=NC2(CC2)C(=O)N1C[C@@H]1CCN(C(=O)C2CC2)C1,7.292429823902063,1,IC50,FASN,CHEMBL4158
Cc1cc(-c2ccc3cc(C#N)ccc3c2)ccc1C1=NC(C)(C)C(=O)N1CC1CN(C(=O)C2CC2)C1,7.39040559077478,2,IC50,FASN,CHEMBL4158
Cc1cc(-c2ccc3cc(F)ccc3c2)ccc1C1=NC(C)(C)C(=O)N1CC1CN(C(=O)C2(C)CC2)C1,7.4698003017969175,2,IC50,FASN,CHEMBL4158
Cc1cc(-c2ccc3cc(F)ccc3c2)ccc1C1=NC(C)(C)C(=O)N1C[C@@H]1CCN(C(=O)C2(C)CC2)C1,7.369572124974976,2,IC50,FASN,CHEMBL4158
Cc1cc(-c2ccc3cc[nH]c3c2)ccc1-n1c(C[C@@H]2CCN(C(=O)C3CC3)C2)n[nH]c1=O,8.301029995663981,1,IC50,FASN,CHEMBL4158
Cc1cc(C)c(-c2[nH]c(C#N)nc2C)cc1C(=O)N1CC(F)(c2ccc(C#N)cc2)C1,7.568636235841012,2,IC50,FASN,CHEMBL4158
Cc1cc(C)c(-c2[nH]c(C#N)nc2C)cc1C(=O)N1CC(c2ccc(C#N)cc2)C1,7.376750709602099,2,IC50,FASN,CHEMBL4158
Cc1cc(C)c(-c2[nH]c(C(=O)N(C)C)nc2C)cc1C(=O)N1CC(c2ccc(C#N)cc2)C1,6.356547323513812,2,IC50,FASN,CHEMBL4158
Cc1cc(C)c(-c2[nH]c(C(C)C)nc2C#N)cc1C(=O)N1CC(F)(c2ccc(C#N)cc2)C1,7.698970004336019,2,IC50,FASN,CHEMBL4158
Cc1cc(C)c(-c2[nH]c(C(C)C)nc2C)cc1C(=O)N1CC(c2ccc(C#N)cc2)C1,7.6777807052660805,2,IC50,FASN,CHEMBL4158
Cc1cc(C)c(-c2[nH]c(C(C)O)nc2C)cc1C(=O)N1CC(F)(c2ccc(C#N)cc2)C1,6.958607314841775,2,IC50,FASN,CHEMBL4158
Cc1cc(C)c(-c2[nH]c(C(C)O)nc2C)cc1C(=O)N1CC(c2ccc(C#N)cc2)C1,7.267606240177031,2,IC50,FASN,CHEMBL4158
Cc1cc(C)c(-c2[nH]c(C(F)(F)F)nc2C)cc1C(=O)N1CC(F)(c2ccc(C#N)cc2)C1,7.3979400086720375,2,IC50,FASN,CHEMBL4158
Cc1cc(C)c(-c2[nH]c(C(F)(F)F)nc2C)cc1C(=O)N1CC(c2ccc(C#N)cc2)C1,7.657577319177793,2,IC50,FASN,CHEMBL4158
Cc1cc(C)c(-c2[nH]c(C3(C)COC3)nc2C#N)cc1C(=O)N1CC(c2ccc(C#N)cc2)C1,7.455931955649724,2,IC50,FASN,CHEMBL4158
Cc1cc(C)c(-c2[nH]c(C3(C)COC3)nc2C)cc1C(=O)N1CC(F)(c2ccc(C#N)cc2)C1,7.619788758288394,2,IC50,FASN,CHEMBL4158
Cc1cc(C)c(-c2[nH]c(C3(C)COC3)nc2C)cc1C(=O)N1CC(c2ccc(C#N)cc2)C1,7.698970004336019,2,IC50,FASN,CHEMBL4158
Cc1cc(C)c(-c2[nH]c(C3CC3)nc2C#N)cc1C(=O)N1CC(F)(c2ccc(C#N)cc2)C1,7.619788758288394,2,IC50,FASN,CHEMBL4158
Cc1cc(C)c(-c2[nH]c(C3CC3)nc2C#N)cc1C(=O)N1CC(c2ccc(C#N)cc2)C1,7.455931955649724,2,IC50,FASN,CHEMBL4158
Cc1cc(C)c(-c2[nH]c(C3CC3)nc2C)cc1C(=O)N1CC(F)(c2ccc(C#N)cc2)C1,7.585026652029182,2,IC50,FASN,CHEMBL4158
Cc1cc(C)c(-c2[nH]c(C3CC3)nc2C)cc1C(=O)N1CC(c2ccc(C#N)cc2)C1,7.769551078621726,2,IC50,FASN,CHEMBL4158
Cc1cc(C)c(-c2[nH]c(C3CCCO3)nc2C)cc1C(=O)N1CC(c2ccc(C#N)cc2)C1,7.455931955649724,2,IC50,FASN,CHEMBL4158
Cc1cc(C)c(-c2[nH]c(C3CCOC3)nc2C)cc1C(=O)N1CC(c2ccc(C#N)cc2)C1,7.6777807052660805,2,IC50,FASN,CHEMBL4158
Cc1cc(C)c(-c2[nH]c(C3CCOCC3)nc2C#N)cc1C(=O)N1CC(c2ccc(C#N)cc2)C1,7.7447274948966935,2,IC50,FASN,CHEMBL4158
Cc1cc(C)c(-c2[nH]c(C3CCOCC3)nc2C)cc1C(=O)N1CC(F)(c2ccc(C#N)cc2)C1,7.214670164989233,2,IC50,FASN,CHEMBL4158
Cc1cc(C)c(-c2[nH]c(C3CCOCC3)nc2C)cc1C(=O)N1CC(c2ccc(C#N)cc2)C1,7.721246399047171,2,IC50,FASN,CHEMBL4158
Cc1cc(C)c(-c2[nH]c(C3CCOCC3)nc2C)cc1C(=O)N1CCC(F)(c2ccc(C#N)cc2)CC1,7.3979400086720375,2,IC50,FASN,CHEMBL4158
Cc1cc(C)c(-c2[nH]c(C3CCOCC3)nc2C)cc1C(=O)N1CCC(c2ccc(C#N)cc2)CC1,7.42021640338319,2,IC50,FASN,CHEMBL4158
Cc1cc(C)c(-c2[nH]c(C3COC3)nc2C)cc1C(=O)N1CC(F)(c2ccc(C#N)cc2)C1,7.167491087293763,2,IC50,FASN,CHEMBL4158
Cc1cc(C)c(-c2[nH]c(C3COC3)nc2C)cc1C(=O)N1CC(c2ccc(C#N)cc2)C1,7.468521082957745,2,IC50,FASN,CHEMBL4158
Cc1cc(C)c(-c2[nH]c(CC#N)nc2C)cc1C(=O)N1CC(F)(c2ccc(C#N)cc2)C1,7.275724130399211,2,IC50,FASN,CHEMBL4158
Cc1cc(C)c(-c2[nH]c(CCC#N)nc2C)cc1C(=O)N1CC(F)(c2ccc(C#N)cc2)C1,7.698970004336019,2,IC50,FASN,CHEMBL4158
Cc1cc(C)c(-c2[nH]c(CO)nc2C#N)cc1C(=O)N1CC(F)(c2ccc(C#N)cc2)C1,7.229147988357855,2,IC50,FASN,CHEMBL4158
Cc1cc(C)c(-c2[nH]c(CO)nc2C#N)cc1C(=O)N1CC(c2ccc(C#N)cc2)C1,7.301029995663981,2,IC50,FASN,CHEMBL4158
Cc1cc(C)c(-c2[nH]c(CO)nc2C)cc1C(=O)N1CC(F)(c2ccc(C#N)cc2)C1,7.229147988357855,2,IC50,FASN,CHEMBL4158
Cc1cc(C)c(-c2[nH]c(CO)nc2C)cc1C(=O)N1CC(c2ccc(C#N)cc2)C1,7.508638306165727,2,IC50,FASN,CHEMBL4158
Cc1cc(C)c(-c2[nH]c(CO)nc2C)cc1C(=O)N1CCC(c2ccc(C#N)cc2)CC1,7.494850021680094,2,IC50,FASN,CHEMBL4158
Cc1cc(C)c(-c2[nH]c(CO)nc2Cl)cc1C(=O)N1CC(F)(c2ccc(C#N)cc2)C1,7.769551078621726,2,IC50,FASN,CHEMBL4158
Cc1cc(C)c(-c2[nH]c(CO)nc2Cl)cc1C(=O)N1CC(c2ccc(C#N)cc2)C1,7.721246399047171,2,IC50,FASN,CHEMBL4158
Cc1cc(C)c(-c2[nH]nc(C#N)c2C)cc1C(=O)N1CC(c2ccc(C#N)cc2)C1,6.853871964321762,2,IC50,FASN,CHEMBL4158
Cc1cc(C)c(-c2[nH]nc(C(=O)N(C)C)c2C)cc1C(=O)N1CC(c2ccc(C#N)cc2)C1,7.619788758288394,1,IC50,FASN,CHEMBL4158
Cc1cc(C)c(-c2[nH]nc(C(F)(F)F)c2C)cc1C(=O)N1CC(c2ccc(C#N)cc2)C1,6.721246399047171,2,IC50,FASN,CHEMBL4158
Cc1cc(C)c(-c2[nH]nc(C)c2C(F)(F)F)cc1C(=O)N1CC(c2ccc(C#N)cc2)C1,6.853871964321762,2,IC50,FASN,CHEMBL4158
Cc1cc(C)c(-c2[nH]nc(C)c2C)cc1C(=O)N1CC(F)(c2ccc(C#N)cc2)C1,6.769551078621726,2,IC50,FASN,CHEMBL4158
Cc1cc(C)c(-c2[nH]nc(C)c2C)cc1C(=O)N1CC(c2ccc(C#N)cc2)C1,7.221848749616356,2,IC50,FASN,CHEMBL4158
Cc1cc(C)c(-c2[nH]nc(C)c2C2CC2)cc1C(=O)N1CC(c2ccc(C#N)cc2)C1,6.698970004336019,2,IC50,FASN,CHEMBL4158
Cc1cc(C)c(-c2[nH]nc(C)c2CC(F)(F)F)cc1C(=O)N1CC(c2ccc(C#N)cc2)C1,6.337242168318426,2,IC50,FASN,CHEMBL4158
Cc1cc(C)c(-c2[nH]nc(C)c2Cl)cc1C(=O)N1CC(c2ccc(C#N)cc2)C1,7.585026652029182,2,IC50,FASN,CHEMBL4158
Cc1cc(C)c(-c2[nH]nc(C3CC3)c2C)cc1C(=O)N1CC(c2ccc(C#N)cc2)C1,6.958607314841775,2,IC50,FASN,CHEMBL4158
Cc1cc(C)c(-c2[nH]nc(C3CC3)c2Cl)cc1C(=O)N1CC(c2ccc(C#N)cc2)C1,7.1938200260161125,2,IC50,FASN,CHEMBL4158
Cc1cc(C)c(-c2[nH]nc(C3CCCO3)c2C)cc1C(=O)N1CC(c2ccc(C#N)cc2)C1,7.292429823902063,2,IC50,FASN,CHEMBL4158
Cc1cc(C)c(-c2[nH]nc(C3CCOC3)c2C)cc1C(=O)N1CC(c2ccc(C#N)cc2)C1,7.0,2,IC50,FASN,CHEMBL4158
Cc1cc(C)c(-c2[nH]nc(C3CCOCC3)c2C)cc1C(=O)N1CC(c2ccc(C#N)cc2)C1,6.958607314841775,2,IC50,FASN,CHEMBL4158
Cc1cc(C)c(-c2[nH]nc(C3CCOCC3)c2Cl)cc1C(=O)N1CC(c2ccc(C#N)cc2)C1,7.309803919971486,2,IC50,FASN,CHEMBL4158
Cc1cc(C)c(-c2[nH]nc(CC(F)(F)F)c2C)cc1C(=O)N1CC(c2ccc(C#N)cc2)C1,7.0,2,IC50,FASN,CHEMBL4158
Cc1cc(C)c(-c2[nH]nc(CO)c2C)cc1C(=O)N1CC(c2ccc(C#N)cc2)C1,7.214670164989233,2,IC50,FASN,CHEMBL4158
Cc1cc(C)c(-c2[nH]nc(CO)c2Cl)cc1C(=O)N1CC(c2ccc(C#N)cc2)C1,7.6777807052660805,2,IC50,FASN,CHEMBL4158
Cc1cc(C)c(-c2[nH]nc(COC(C)C)c2C)cc1C(=O)N1CC(c2ccc(C#N)cc2)C1,7.259637310505756,2,IC50,FASN,CHEMBL4158
Cc1cc(C)c(-c2[nH]nc(COC3COC3)c2C)cc1C(=O)N1CC(c2ccc(C#N)cc2)C1,7.431798275933005,2,IC50,FASN,CHEMBL4158
Cc1cc(C)c(-c2[nH]nc(COCC(F)(F)F)c2C)cc1C(=O)N1CC(c2ccc(C#N)cc2)C1,7.431798275933005,2,IC50,FASN,CHEMBL4158
Cc1cc(C)c(-c2[nH]nc(COCC3CC3)c2C)cc1C(=O)N1CC(c2ccc(C#N)cc2)C1,7.2441251443275085,2,IC50,FASN,CHEMBL4158
Cc1cc(C)c(-c2[nH]nc(Cl)c2C)cc1C(=O)N1CC(F)(c2ccc(C#N)cc2)C1,6.7495799976911055,2,IC50,FASN,CHEMBL4158
Cc1cc(C)c(-c2[nH]nc(Cl)c2C)cc1C(=O)N1CC(c2ccc(C#N)cc2)C1,7.292429823902063,2,IC50,FASN,CHEMBL4158
Cc1cc(C)c(-c2[nH]nc(OCC3CC3)c2C)cc1C(=O)N1CC(c2ccc(C#N)cc2)C1,4.301029995663981,2,IC50,FASN,CHEMBL4158
Cc1cc(C)c(-c2[nH]nc(OCCO)c2C)cc1C(=O)N1CC(c2ccc(C#N)cc2)C1,7.721246399047171,1,IC50,FASN,CHEMBL4158
Cc1cc(C)c(-c2[nH]ncc2C)cc1C(=O)N1CC(F)(c2ccc(C#N)cc2)C1,6.920818753952375,2,IC50,FASN,CHEMBL4158
Cc1cc(C)c(-c2[nH]ncc2C)cc1C(=O)N1CC(c2ccc(C#N)cc2)C1,7.207608310501746,2,IC50,FASN,CHEMBL4158
Cc1cc(C)c(-c2[nH]ncc2C)cc1C(=O)N1CCC(c2ccc(C#N)cc2)CC1,7.075720713938118,2,IC50,FASN,CHEMBL4158
Cc1cc(C)c(-c2[nH]ncc2Cl)cc1C(=O)N1CC(F)(c2ccc(C#N)cc2)C1,7.537602002101044,2,IC50,FASN,CHEMBL4158
Cc1cc(C)c(-c2[nH]ncc2Cl)cc1C(=O)N1CC(c2ccc(C#N)cc2)C1,7.619788758288394,2,IC50,FASN,CHEMBL4158
Cc1cc(C)c(-c2nc3c([nH]2)C(C)N(C)CC3)cc1C(=O)N1CCC(c2ccc(C#N)cc2)CC1,6.8696662315049934,1,IC50,FASN,CHEMBL4158
Cc1cc(C)c(-c2nc3c([nH]2)C(C)OCC3)cc1C(=O)N1CCC(c2ccc(C#N)cc2)CC1,6.356547323513812,1,IC50,FASN,CHEMBL4158
Cc1cc(C)c(-c2nc3c([nH]2)CC(C#N)C3)cc1C(=O)N1CCC(c2ccc(C#N)cc2)CC1,7.301029995663981,1,IC50,FASN,CHEMBL4158
Cc1cc(C)c(-c2nc3c([nH]2)CC(O)CC3)cc1C(=O)N1CCC(c2ccc(C#N)cc2)CC1,7.045757490560675,1,IC50,FASN,CHEMBL4158
Cc1cc(C)c(-c2nc3c([nH]2)CCCC3)cc1C(=O)N1CCC(c2ccc(C#N)cc2)CC1,6.657577319177793,1,IC50,FASN,CHEMBL4158
Cc1cc(C)c(-c2nc3c([nH]2)CCCOC3)cc1C(=O)N1CCC(c2ccc(C#N)cc2)CC1,6.437707135543525,1,IC50,FASN,CHEMBL4158
Cc1cc(C)c(-c2nc3c([nH]2)CCN(C(C)C)CC3)cc1C(=O)N1CC(c2ccc(C#N)cc2)C1,7.207608310501746,2,IC50,FASN,CHEMBL4158
Cc1cc(C)c(-c2nc3c([nH]2)CCN(C(C)C)CC3)cc1C(=O)N1CCC(c2ccc(C#N)cc2)CC1,7.6020599913279625,1,IC50,FASN,CHEMBL4158
Cc1cc(C)c(-c2nc3c([nH]2)CCN(C)C3)cc1C(=O)N1CCC(c2ccc(C#N)cc2)CC1,7.1249387366083,1,IC50,FASN,CHEMBL4158
Cc1cc(C)c(-c2nc3c([nH]2)CCN(C)CC3)cc1C(=O)N1CC(c2ccc(C#N)cc2)C1,7.048563032995715,3,IC50,FASN,CHEMBL4158
Cc1cc(C)c(-c2nc3c([nH]2)CCN(C)CC3)cc1C(=O)N1CC(c2ccc(Cl)cc2)C1,7.2441251443275085,1,IC50,FASN,CHEMBL4158
Cc1cc(C)c(-c2nc3c([nH]2)CCN(C2CC2)C3)cc1C(=O)N1CCC(c2ccc(C#N)cc2)CC1,6.782516055786093,1,IC50,FASN,CHEMBL4158
Cc1cc(C)c(-c2nc3c([nH]2)CCN(C2COC2)C3)cc1C(=O)N1CCC(c2ccc(C#N)cc2)CC1,6.756961951313706,1,IC50,FASN,CHEMBL4158
Cc1cc(C)c(-c2nc3c([nH]2)CCN(CCF)C3)cc1C(=O)N1CCC(F)(c2ccc(C#N)cc2)CC1,7.3979400086720375,1,IC50,FASN,CHEMBL4158
Cc1cc(C)c(-c2nc3c([nH]2)CCN(CCF)C3)cc1C(=O)N1CCC(c2ccc(C#N)cc2)CC1,7.096910013008056,1,IC50,FASN,CHEMBL4158
Cc1cc(C)c(-c2nc3c([nH]2)CCN(CCF)CC3)cc1C(=O)N1CCC(c2ccc(C#N)cc2)CC1,7.3979400086720375,1,IC50,FASN,CHEMBL4158
Cc1cc(C)c(-c2nc3c([nH]2)CCNC3)cc1C(=O)N1CCC(c2ccc(C#N)cc2)CC1,6.221848749616356,1,IC50,FASN,CHEMBL4158
Cc1cc(C)c(-c2nc3c([nH]2)CCOCC3)cc1C(=O)N1CCC(c2ccc(C#N)cc2)CC1,6.327902142064282,1,IC50,FASN,CHEMBL4158
Cc1cc(C)c(-c2nc3c([nH]2)CN(C(=O)C(C)C)CC3)cc1C(=O)N1CCC(c2ccc(C#N)cc2)CC1,7.6020599913279625,1,IC50,FASN,CHEMBL4158
Cc1cc(C)c(-c2nc3c([nH]2)CN(C(=O)C(C)C)CC3)cc1C(=O)N1CCC(c2ccc(F)cc2)CC1,6.259637310505756,1,IC50,FASN,CHEMBL4158
Cc1cc(C)c(-c2nc3c([nH]2)CN(C(=O)C2CC2)CC3)cc1C(=O)N1CCC(c2ccc(C#N)cc2)CC1,7.522878745280337,1,IC50,FASN,CHEMBL4158
Cc1cc(C)c(-c2nc3c([nH]2)CN(C(=O)N(C)C)CC3)cc1C(=O)N1CCC(c2ccc(C#N)cc2)CC1,7.045757490560675,1,IC50,FASN,CHEMBL4158
Cc1cc(C)c(-c2nc3c([nH]2)CN(C(C)C)CC3(C)C)cc1C(=O)N1CCC(c2ccc(C#N)cc2)CC1,6.886056647693163,1,IC50,FASN,CHEMBL4158
Cc1cc(C)c(-c2nc3c([nH]2)CN(C(C)C)CC3)cc1C(=O)N1CCC(c2ccc(C#N)cc2)CC1,7.187086643357144,1,IC50,FASN,CHEMBL4158
Cc1cc(C)c(-c2nc3c([nH]2)CN(C)C(C)C3)cc1C(=O)N1CCC(c2ccc(C#N)cc2)CC1,6.886056647693163,1,IC50,FASN,CHEMBL4158
Cc1cc(C)c(-c2nc3c([nH]2)CN(C)CC3)cc1C(=O)N1CCC(c2ccc(C(F)(F)F)cc2)CC1,6.886056647693163,1,IC50,FASN,CHEMBL4158
Cc1cc(C)c(-c2nc3c([nH]2)CN(S(=O)(=O)C(C)C)CC3)cc1C(=O)N1CCC(c2ccc(C#N)cc2)CC1,7.259637310505756,1,IC50,FASN,CHEMBL4158
Cc1cc(C)c(-c2nc3c([nH]2)CN(S(=O)(=O)C(C)C)CC3)cc1C(=O)N1CCC(c2ccc(F)cc2)CC1,6.026872146400301,1,IC50,FASN,CHEMBL4158
Cc1cc(C)c(-c2nc3c([nH]2)CN(S(=O)(=O)N(C)C)CC3)cc1C(=O)N1CCC(c2ccc(C#N)cc2)CC1,7.301029995663981,1,IC50,FASN,CHEMBL4158
Cc1cc(C)c(-c2nc3c([nH]2)COC(C)(C)C3)cc1C(=O)N1CCC(c2ccc(C#N)cc2)CC1,6.107905397309519,1,IC50,FASN,CHEMBL4158
Cc1cc(C)c(-c2nc3c([nH]2)COC(C)C3)cc1C(=O)N1CCC(c2ccc(C#N)cc2)CC1,7.187086643357144,1,IC50,FASN,CHEMBL4158
Cc1cc(C)c(-c2nc3c([nH]2)COC3)cc1C(=O)N1CCC(c2ccc(C#N)cc2)CC1,4.460046158343603,1,IC50,FASN,CHEMBL4158
Cc1cc(C)c(-c2nc3c([nH]2)COCC3(C)C)cc1C(=O)N1CCC(c2ccc(C#N)cc2)CC1,6.8696662315049934,1,IC50,FASN,CHEMBL4158
Cc1cc(C)c(-c2nc3c([nH]2)COCC3)cc1C(=O)N1CCC(F)(c2ccc(C#N)cc2)CC1,6.769551078621726,1,IC50,FASN,CHEMBL4158
Cc1cc(C)c(-c2nc3c([nH]2)COCC3)cc1C(=O)N1CCC(c2ccc(C#N)c(F)c2)CC1,6.443697499232712,1,IC50,FASN,CHEMBL4158
Cc1cc(C)c(-c2nc3c([nH]2)COCC3)cc1C(=O)N1CCC(c2ccc(C#N)cc2)CC1,6.580044251510242,1,IC50,FASN,CHEMBL4158
Cc1cc(C)c(-c2nc3c([nH]2)COCC3)cc1C(=O)N1CCC(c2ccc(C(=O)N(C)C)cc2)CC1,5.274088367704952,1,IC50,FASN,CHEMBL4158
Cc1cc(C)c(-c2nc3c([nH]2)COCC3)cc1C(=O)N1CCC(c2ccc(C(F)(F)F)cc2)CC1,6.903089986991944,1,IC50,FASN,CHEMBL4158
Cc1cc(C)c(-c2nc3c([nH]2)COCC3)cc1C(=O)N1CCC(c2ccc(Cl)cc2)CC1,6.431798275933005,1,IC50,FASN,CHEMBL4158
Cc1cc(C)c(-c2nc3c([nH]2)COCC3)cc1C(=O)N1CCC(c2ccc(F)cc2)CC1,5.838631997765026,1,IC50,FASN,CHEMBL4158
Cc1cc(C)c(-c2nc3c([nH]2)COCC3)cc1C(=O)N1CCC(c2ccc(OC(F)(F)F)cc2)CC1,6.7447274948966935,1,IC50,FASN,CHEMBL4158
Cc1cc(C)c(-c2nc3c([nH]2)COCC3)cc1C(=O)N1CCC(c2ccc(S(C)(=O)=O)cc2)CC1,5.266000713461613,1,IC50,FASN,CHEMBL4158
Cc1cc(C)c(-c2nc3c([nH]2)COCC3)cc1C(=O)N1CCC(c2ccccc2)CC1,5.279014255846261,1,IC50,FASN,CHEMBL4158
Cc1cc(C)c(-c2nc3c([nH]2)COCC3C)cc1C(=O)N1CCC(c2ccc(C#N)cc2)CC1,6.978810700930062,1,IC50,FASN,CHEMBL4158
Cc1cc(C)c(-c2nc3c(s2)COCC3)cc1C(=O)N1CCC(c2ccc(C#N)cc2)CC1,4.974284616098659,1,IC50,FASN,CHEMBL4158
Cc1cc(C)c(-c2nc3cc(C#N)ccc3[nH]2)cc1C(=O)N1CCC(c2ccc(C#N)cc2)CC1,6.8696662315049934,1,IC50,FASN,CHEMBL4158
Cc1cc(C)c(-c2nc3cc(C(=O)N(C)C)ccc3[nH]2)cc1C(=O)N1CCC(c2ccc(C#N)cc2)CC1,6.6020599913279625,1,IC50,FASN,CHEMBL4158
Cc1cc(C)c(-c2nc3cc(C(=O)O)ccc3[nH]2)cc1C(=O)N1CCC(c2ccc(C#N)cc2)CC1,5.826813731587726,1,IC50,FASN,CHEMBL4158
Cc1cc(C)c(-c2nc3cc(C(N)=O)ccc3[nH]2)cc1C(=O)N1CCC(c2ccc(C#N)cc2)CC1,6.552841968657781,1,IC50,FASN,CHEMBL4158
Cc1cc(C)c(-c2nc3cc(N4CCC4)ncc3[nH]2)cc1C(=O)N1CCC(F)(c2ccc(C#N)cc2)CC1,6.823908740944319,1,IC50,FASN,CHEMBL4158
Cc1cc(C)c(-c2nc3cc(N4CCC4)ncc3[nH]2)cc1C(=O)N1CCC(F)(c2ccc(C#N)cn2)CC1,5.142969201727376,1,IC50,FASN,CHEMBL4158
Cc1cc(C)c(-c2nc3cc(N4CCC4)ncc3[nH]2)cc1C(=O)N1CCC(c2ccc(C#N)cc2)CC1,7.346787486224656,1,IC50,FASN,CHEMBL4158
Cc1cc(C)c(-c2nc3cc(N4CCCC4)ncc3[nH]2)cc1C(=O)N1CC(c2ccc(C#N)cc2)C1,7.443697499232712,2,IC50,FASN,CHEMBL4158
Cc1cc(C)c(-c2nc3cc(N4CCCC4)ncc3[nH]2)cc1C(=O)N1CCC(F)(c2ccc(C#N)cc2)CC1,7.823908740944319,1,IC50,FASN,CHEMBL4158
Cc1cc(C)c(-c2nc3cc(N4CCCC4)ncc3[nH]2)cc1C(=O)N1CCC(c2ccc(C#N)cc2)CC1,7.782649050583966,3,IC50,FASN,CHEMBL4158
Cc1cc(C)c(-c2nc3cc(N4CCN(C)CC4)ncc3[nH]2)cc1C(=O)N1CCC(c2ccc(C#N)cc2)CC1,6.185448174911431,2,IC50,FASN,CHEMBL4158
Cc1cc(C)c(-c2nc3cc(N4CCNCC4)ncc3[nH]2)cc1C(=O)N1CCC(c2ccc(C#N)cc2)CC1,6.060480747381382,2,IC50,FASN,CHEMBL4158
Cc1cc(C)c(-c2nc3cc(N4CCOCC4)ncc3[nH]2)cc1C(=O)N1CC(c2ccc(C#N)cc2)C1,7.2441251443275085,2,IC50,FASN,CHEMBL4158
Cc1cc(C)c(-c2nc3cc(N4CCOCC4)ncc3[nH]2)cc1C(=O)N1CCC(c2ccc(C#N)cc2)CC1,7.267308574275791,2,IC50,FASN,CHEMBL4158
Cc1cc(C)c(-c2nc3cc(OC4COC4)ncc3[nH]2)cc1C(=O)N1CCC(c2ccc(C#N)cc2)CC1,7.045757490560675,1,IC50,FASN,CHEMBL4158
Cc1cc(C)c(-c2nc3cc(S(C)(=O)=O)cnc3[nH]2)cc1C(=O)N1CCC(c2ccc(C#N)cc2)CC1,7.154901959985743,2,IC50,FASN,CHEMBL4158
Cc1cc(C)c(-c2nc3cc(S(C)(=O)=O)ncc3[nH]2)cc1C(=O)N1CCC(c2ccc(C#N)cc2)CC1,7.070581074285707,2,IC50,FASN,CHEMBL4158
Cc1cc(C)c(-c2nc3cc[nH]c(=O)c3[nH]2)cc1C(=O)N1CCC(c2ccc(C#N)cc2)CC1,6.610833915635467,1,IC50,FASN,CHEMBL4158
Cc1cc(C)c(-c2nc3ccnc(C4COC4)c3[nH]2)cc1C(=O)N1CCC(c2ccc(C#N)cc2)CC1,5.887730231582729,1,IC50,FASN,CHEMBL4158
Cc1cc(C)c(-c2nc3ccnc(N4CCC4)c3[nH]2)cc1C(=O)N1CCC(c2ccc(C#N)cc2)CC1,6.318758762624412,2,IC50,FASN,CHEMBL4158
Cc1cc(C)c(-c2nc3ccnc(N4CCCC4)c3[nH]2)cc1C(=O)N1CCC(c2ccc(C#N)cc2)CC1,7.045757490560675,1,IC50,FASN,CHEMBL4158
Cc1cc(C)c(-c2nc3ccncc3[nH]2)cc1C(=O)N1CCC(c2ccc(C#N)cc2)CC1,5.978810700930062,1,IC50,FASN,CHEMBL4158
Cc1cc(C)c(-c2nc3nc(N4CCC4)ccc3[nH]2)cc1C(=O)N1CCC(c2ccc(C#N)cc2)CC1,7.154901959985743,2,IC50,FASN,CHEMBL4158
Cc1cc(C)c(-c2ncc(C(=O)N(C)C)[nH]2)cc1C(=O)N1CCC(c2ccc(C#N)cc2)CC1,6.187086643357144,1,IC50,FASN,CHEMBL4158
Cc1cc(C)c(-c2ncc(C(=O)N3CCOCC3)[nH]2)cc1C(=O)N1CCC(c2ccc(C#N)cc2)CC1,5.787812395596042,1,IC50,FASN,CHEMBL4158
Cc1cc(C)c(-c2ncc([C@@H]3CCCO3)[nH]2)cc1C(=O)N1CCC(c2ccc(C#N)cc2)CC1,6.236572006437063,1,IC50,FASN,CHEMBL4158
Cc1cc(C)c(-c2nnc(C(=O)N(C)C)[nH]2)cc1C(=O)N1CCC(c2ccc(C#N)cc2)CC1,5.690369832574101,1,IC50,FASN,CHEMBL4158
Cc1cc(C)c(-c2nnc(C3CCOCC3)[nH]2)cc1C(=O)N1CCC(c2ccc(C#N)cc2)CC1,6.301029995663981,1,IC50,FASN,CHEMBL4158
Cc1cc(C)c(-c2nnc(CC#N)[nH]2)cc1C(=O)N1CCC(c2ccc(C#N)cc2)CC1,5.917214629683549,1,IC50,FASN,CHEMBL4158
Cc1cc(C)c(-c2nnc(CC3CCCO3)[nH]2)cc1C(=O)N1CCC(c2ccc(C#N)cc2)CC1,6.1938200260161125,1,IC50,FASN,CHEMBL4158
Cc1cc(C)c(-c2nnc(CC3CCOC3)[nH]2)cc1C(=O)N1CCC(c2ccc(C#N)cc2)CC1,6.522878745280337,1,IC50,FASN,CHEMBL4158
Cc1cc(C)c(-c2nnc(CCC#N)[nH]2)cc1C(=O)N1CCC(c2ccc(C#N)cc2)CC1,6.42021640338319,1,IC50,FASN,CHEMBL4158
Cc1cc(C)c(-c2nnc(N3CCCC3)[nH]2)cc1C(=O)N1CCC(c2ccc(C#N)cc2)CC1,4.541211118289155,1,IC50,FASN,CHEMBL4158
Cc1cc(C)c(-c2nnc(N3CCOCC3)[nH]2)cc1C(=O)N1CCC(c2ccc(C#N)cc2)CC1,6.102372908709558,1,IC50,FASN,CHEMBL4158
Cc1cc(C)c(-c2nnc(NC3CCOC3)[nH]2)cc1C(=O)N1CCC(c2ccc(C#N)cc2)CC1,6.481486060122112,1,IC50,FASN,CHEMBL4158
Cc1cc(C)c(-c2nnc(OC3CCOC3)[nH]2)cc1C(=O)N1CCC(c2ccc(C#N)cc2)CC1,6.522878745280337,1,IC50,FASN,CHEMBL4158
Cc1cc(C)c(-c2nnc([C@@H]3CCCO3)[nH]2)cc1C(=O)N1CCC(c2ccc(C#N)cc2)CC1,6.619788758288394,1,IC50,FASN,CHEMBL4158
Cc1cc(C)c(-c2nnc([C@H]3CCCO3)[nH]2)cc1C(=O)N1CCC(c2ccc(C#N)cc2)CC1,6.102372908709558,1,IC50,FASN,CHEMBL4158
Cc1cc(C)c(C(=O)N2CCC(F)(c3ccc(C#N)cc3)CC2)cc1NC(=O)NC1CCCOC1,7.045757490560675,1,IC50,FASN,CHEMBL4158
Cc1cc(C)c(C(=O)N2CCC(F)(c3ccc(C#N)cc3)CC2)cc1NC(=O)NC[C@H]1CCCO1,6.769551078621726,1,IC50,FASN,CHEMBL4158
Cc1cc(C)c(C(=O)N2CCC(F)(c3ccc(C#N)cc3)CC2)cc1NC(=O)N[C@@H]1CCOC1,6.638272163982407,1,IC50,FASN,CHEMBL4158
Cc1cc(C)c(C(=O)N2CCC(F)(c3ccc(C#N)cc3)CC2)cc1NC(=O)O[C@@H]1CCOC1,6.3979400086720375,1,IC50,FASN,CHEMBL4158
Cc1cc(C)c(C(=O)N2CCC(F)(c3ccc(C#N)cc3)CC2)cc1NC(=O)c1ccc(N2CCC2)nc1,7.301029995663981,1,IC50,FASN,CHEMBL4158
Cc1cc(C)c(C(=O)N2CCC(F)(c3ccc(C#N)cc3)CC2)cc1NC(=O)c1ccc(N2CCN(C)CC2)nc1,6.8326826652518236,1,IC50,FASN,CHEMBL4158
Cc1cc(C)c(C(=O)N2CCC(F)(c3ccc(C#N)cc3)CC2)cc1NC(=O)c1ccc(N2CCNCC2)nc1,6.853871964321762,1,IC50,FASN,CHEMBL4158
Cc1cc(C)c(C(=O)N2CCC(F)(c3ccc(C#N)cc3)CC2)cc1NC(=O)c1ccc(N2CCOCC2)nc1,6.958607314841775,1,IC50,FASN,CHEMBL4158
Cc1cc(C)c(C(=O)N2CCC(F)(c3ccc(C#N)cc3)CC2)cc1NC(=O)c1ccc(NC(C)C)nc1,7.173925197299173,1,IC50,FASN,CHEMBL4158
Cc1cc(C)c(C(=O)N2CCC(F)(c3ccc(C#N)cn3)CC2)cc1NC(=O)c1ccc(N2CCOCC2)nc1,6.221848749616356,1,IC50,FASN,CHEMBL4158
Cc1cc(C)c(C(=O)N2CCC(F)(c3ccc(C#N)cn3)CC2)cc1NC(=O)c1cnc(N2CCOCC2)nc1,6.638272163982407,1,IC50,FASN,CHEMBL4158
Cc1cc(C)cc(N2C(=O)NC(=O)/C(=C\c3ccc(-c4ccccc4)o3)C2=O)c1,6.42021640338319,1,Ki,FASN,CHEMBL4158
Cc1cc(C2=NC3(CC3)C(=O)N2C[C@@H]2CCN(C(=O)C3CC3)C2)ccc1-c1ccc2c(cnn2C)c1,6.522878745280337,1,IC50,FASN,CHEMBL4158
Cc1cc(C2CC2)c(-c2[nH]nc(C)c2C)cc1C(=O)N1CC(c2ccc(C#N)cc2)C1,7.0,2,IC50,FASN,CHEMBL4158
Cc1cc(C2CC2)c(-c2nc3c([nH]2)CCN(C)CC3)cc1C(=O)N1CC(c2ccc(C#N)cc2)C1,7.0655015487564325,2,IC50,FASN,CHEMBL4158
Cc1cc(C2CC2)c(-c2nc3c([nH]2)CN(C(C)C)CC3)cc1C(=O)N1CCC(c2ccc(C#N)cc2)CC1,7.3979400086720375,1,IC50,FASN,CHEMBL4158
Cc1cc(C2CC2)c(-c2nc3c([nH]2)CN(C)CC3)cc1C(=O)N1CC(c2ccc(C#N)cc2)C1,7.3979400086720375,2,IC50,FASN,CHEMBL4158
Cc1cc(C2CC2)c(-c2nc3c([nH]2)COCC3)cc1C(=O)N1CCC(c2ccc(C#N)cc2)CC1,7.187086643357144,1,IC50,FASN,CHEMBL4158
Cc1cc(C2CC2)c(-c2nnc(CC(=O)N(C)C)[nH]2)cc1C(=O)N1CCC(c2ccc(C#N)cc2)CC1,6.585026652029182,1,IC50,FASN,CHEMBL4158
Cc1cc(C2CC2)c(-c2nnc(CCN(C)C)[nH]2)cc1C(=O)N1CCC(c2ccc(C#N)cc2)CC1,6.756961951313706,1,IC50,FASN,CHEMBL4158
Cc1cc(C2CC2)c(-c2nnc(CN(C)C)[nH]2)cc1C(=O)N1CCC(c2ccc(C#N)cc2)CC1,6.494850021680094,1,IC50,FASN,CHEMBL4158
Cc1cc(C2CC2)c(-c2nnc(CN3CCC3)[nH]2)cc1C(=O)N1CCC(c2ccc(C#N)cc2)CC1,6.086186147616283,1,IC50,FASN,CHEMBL4158
Cc1cc(C2CCC2)c(-c2cn[nH]n2)cc1C(=O)N1CCC(c2ccc(C#N)cc2)CC1,6.4089353929735005,1,IC50,FASN,CHEMBL4158
Cc1cc(C2CCC2)c(-c2nc(C)c(C)[nH]2)cc1C(=O)N1CCC(c2ccc(C#N)cc2)CC1,7.154901959985743,1,IC50,FASN,CHEMBL4158
Cc1cc(C2CCC2)c(-c2nc3c([nH]2)CCN(C)CC3)cc1C(=O)N1CC(c2ccc(C#N)cc2)C1,7.698970004336019,2,IC50,FASN,CHEMBL4158
Cc1cc(C2CCC2)c(-c2nc3c([nH]2)CCN(C)CC3)cc1C(=O)N1CCC(F)(c2ccc(C#N)cc2)CC1,7.221848749616356,1,IC50,FASN,CHEMBL4158
Cc1cc(C2CCC2)c(-c2nc3c([nH]2)CCN(C)CC3)cc1C(=O)N1CCC(c2ccc(C#N)cc2)CC1,7.301029995663981,1,IC50,FASN,CHEMBL4158
Cc1cc(C2CCC2)c(-c2nc3c([nH]2)CN(C)CC3)cc1C(=O)N1CC(c2ccc(C#N)cc2)C1,7.6777807052660805,2,IC50,FASN,CHEMBL4158
Cc1cc(C2CCC2)c(-c2nc3c([nH]2)CN(C)CC3)cc1C(=O)N1CCC(F)(c2ccc(C#N)cc2)CC1,7.3979400086720375,1,IC50,FASN,CHEMBL4158
Cc1cc(C2CCC2)c(-c2nc3c([nH]2)CN(C)CC3)cc1C(=O)N1CCC(c2ccc(C#N)cc2)CC1,7.698970004336019,1,IC50,FASN,CHEMBL4158
Cc1cc(C2CCC2)c(-c2nc3c([nH]2)COCC3)cc1C(=O)N1CCC(F)(c2ccc(C#N)cc2)CC1,8.0,1,IC50,FASN,CHEMBL4158
Cc1cc(C2CCC2)c(-c2nc3c([nH]2)COCC3)cc1C(=O)N1CCC(c2ccc(C#N)cc2)CC1,7.6020599913279625,1,IC50,FASN,CHEMBL4158
Cc1cc(C2CCC2)c(-c2ncc(C#N)[nH]2)cc1C(=O)N1CCC(c2ccc(C#N)cc2)CC1,7.045757490560675,1,IC50,FASN,CHEMBL4158
Cc1cc(C2CCC2)c(-c2ncc(C(F)(F)F)[nH]2)cc1C(=O)N1CCC(c2ccc(C#N)cc2)CC1,6.236572006437063,1,IC50,FASN,CHEMBL4158
Cc1cc(C2CCC2)c(-c2ncc(Cl)[nH]2)cc1C(=O)N1CCC(c2ccc(C#N)cc2)CC1,6.7447274948966935,1,IC50,FASN,CHEMBL4158
Cc1cc(C2CCC2)c(-c2nnc(C#N)[nH]2)cc1C(=O)N1CCC(c2ccc(C#N)cc2)CC1,5.430626090384954,2,IC50,FASN,CHEMBL4158
Cc1cc(C2CCC2)c(-c2nnc(C(C)C)[nH]2)cc1C(=O)N1CCC(F)(c2ccc(C#N)cc2)CC1,6.8696662315049934,1,IC50,FASN,CHEMBL4158
Cc1cc(C2CCC2)c(-c2nnc(C(C)C)[nH]2)cc1C(=O)N1CCC(c2ccc(C#N)cc2)CC1,6.939302159646388,1,IC50,FASN,CHEMBL4158
Cc1cc(C2CCC2)c(-c2nnc(C(F)(F)F)[nH]2)cc1C(=O)N1CCC(c2ccc(C#N)cc2)CC1,6.0,1,IC50,FASN,CHEMBL4158
Cc1cc(C2CCC2)c(-c2nnc(C(F)F)[nH]2)cc1C(=O)N1CCC(F)(c2ccc(C#N)cc2)CC1,6.903089986991944,1,IC50,FASN,CHEMBL4158
Cc1cc(C2CCC2)c(-c2nnc(C(F)F)[nH]2)cc1C(=O)N1CCC(c2ccc(C#N)cc2)CC1,6.795880017344075,1,IC50,FASN,CHEMBL4158
Cc1cc(C2CCC2)c(-c2nnc(CC(=O)O)[nH]2)cc1C(=O)N1CCC(c2ccc(C#N)cc2)CC1,6.732828271596986,2,IC50,FASN,CHEMBL4158
Cc1cc(C2CCC2)c(-c2nnc(CCO)[nH]2)cc1C(=O)N1CCC(F)(c2ccc(C#N)cc2)CC1,7.154901959985743,1,IC50,FASN,CHEMBL4158
Cc1cc(C2CCC2)c(-c2nnc(CO)[nH]2)cc1C(=O)N1CCC(F)(c2ccc(C#N)cc2)CC1,7.522878745280337,2,IC50,FASN,CHEMBL4158
Cc1cc(C2CCC2)c(-c2nnc(CO)[nH]2)cc1C(=O)N1CCC(c2ccc(C#N)cc2)CC1,7.698970004336019,1,IC50,FASN,CHEMBL4158
Cc1cc(C2CCC2)c(-c2nnc(OCCO)[nH]2)cc1C(=O)N1CCC(c2ccc(C#N)cc2)CC1,7.259637310505756,2,IC50,FASN,CHEMBL4158
Cc1cc(C2CCC2)c(-c2nnc([C@@H]3CCCO3)[nH]2)cc1C(=O)N1CCC(F)(c2ccc(C#N)cc2)CC1,6.619788758288394,1,IC50,FASN,CHEMBL4158
Cc1cc(C2CCC2)c(-c2nnc([C@@H]3CCCO3)[nH]2)cc1C(=O)N1CCC(c2ccc(C#N)cc2)CC1,6.853871964321762,1,IC50,FASN,CHEMBL4158
Cc1cc(C2CCC2)c(-c2nnc([C@H]3CCCO3)[nH]2)cc1C(=O)N1CCC(c2ccc(C#N)cc2)CC1,6.698970004336019,1,IC50,FASN,CHEMBL4158
Cc1cc(C2CCC2)c(-c2nnc[nH]2)cc1C(=O)N1CCC(F)(c2ccc(C#N)cc2)CC1,7.346787486224656,1,IC50,FASN,CHEMBL4158
Cc1cc(C2CCC2)c(-c2nnc[nH]2)cc1C(=O)N1CCC(c2ccc(C#N)cc2)CC1,7.259637310505756,1,IC50,FASN,CHEMBL4158
Cc1cc(C2CCC2)c(C(N)=O)cc1C(=O)N1CC(c2ccc(C#N)cc2)C1,6.978810700930062,2,IC50,FASN,CHEMBL4158
Cc1cc(C2CCC2)c(C(N)=O)cc1C(=O)N1CCC(c2ccc(C#N)cc2)CC1,6.8696662315049934,2,IC50,FASN,CHEMBL4158
Cc1cc(Cl)c(-c2nc3c([nH]2)COCC3)cc1C(=O)N1CCC(F)(c2ccc(C#N)cc2)CC1,6.346787486224656,1,IC50,FASN,CHEMBL4158
Cc1cc(F)c(-c2nc3c([nH]2)COCC3)cc1C(=O)N1CCC(c2ccc(C#N)cc2)CC1,5.7423214251308154,1,IC50,FASN,CHEMBL4158
Cc1cc(F)c(-c2nc3cc(N4CCC4)ncc3[nH]2)cc1C(=O)N1CCC(c2ccc(C#N)cc2)CC1,6.045757490560675,1,IC50,FASN,CHEMBL4158
Cc1cc(N2CCC2)c(-c2[nH]nc(C)c2C)cc1C(=O)N1CC(c2ccc(C#N)cc2)C1,7.537602002101044,2,IC50,FASN,CHEMBL4158
Cc1ccc(-c2nc3cc(N4CCCC4)ncc3[nH]2)cc1C(=O)N1CCC(c2ccc(C#N)cc2)CC1,7.221848749616356,2,IC50,FASN,CHEMBL4158
Cc1ccc(-c2nnc3n2CCC(c2ccc(C#N)cc2)C3)cc1NC(=O)NCC(C)C,5.196542884351587,1,IC50,FASN,CHEMBL4158
Cc1ccc(-c2nnc3n2CCC(c2ccc(C#N)cc2)C3)cc1NC(=O)c1ccc(NC(C)C)nc1,6.522878745280337,1,IC50,FASN,CHEMBL4158
Cc1ccc(C(=O)N2CC(F)(c3ccc(C#N)cc3)C2)cc1-c1[nH]c(C(C)O)nc1C,6.886056647693163,2,IC50,FASN,CHEMBL4158
Cc1ccc(C(=O)N2CC(F)(c3ccc(C#N)cc3)C2)cc1-c1[nH]c(C(F)(F)F)nc1C,6.958607314841775,2,IC50,FASN,CHEMBL4158
Cc1ccc(C(=O)N2CC(F)(c3ccc(C#N)cc3)C2)cc1-c1[nH]c(C2(C)CCOCC2)nc1Cl,7.795880017344075,2,IC50,FASN,CHEMBL4158
Cc1ccc(C(=O)N2CC(F)(c3ccc(C#N)cc3)C2)cc1-c1[nH]c(C2(C)COC2)nc1C,7.568636235841012,2,IC50,FASN,CHEMBL4158
Cc1ccc(C(=O)N2CC(F)(c3ccc(C#N)cc3)C2)cc1-c1[nH]c(C2CC2)nc1Cl,7.920818753952375,2,IC50,FASN,CHEMBL4158
Cc1ccc(C(=O)N2CC(F)(c3ccc(C#N)cc3)C2)cc1-c1[nH]c(C2CCOCC2)nc1C,7.3979400086720375,2,IC50,FASN,CHEMBL4158
Cc1ccc(C(=O)N2CC(F)(c3ccc(C#N)cc3)C2)cc1-c1[nH]c(CCO)nc1Cl,7.7447274948966935,2,IC50,FASN,CHEMBL4158
Cc1ccc(C(=O)N2CC(F)(c3ccc(C#N)cc3)C2)cc1-c1[nH]c(CO)nc1C(F)(F)F,7.318758762624412,2,IC50,FASN,CHEMBL4158
Cc1ccc(C(=O)N2CC(F)(c3ccc(C#N)cc3)C2)cc1-c1[nH]c(CO)nc1Cl,7.795880017344075,2,IC50,FASN,CHEMBL4158
Cc1ccc(C(=O)N2CC(F)(c3ccc(C#N)cc3)C2)cc1-c1[nH]nc(C)c1C,6.958607314841775,2,IC50,FASN,CHEMBL4158
Cc1ccc(C(=O)N2CC(F)(c3ccc(C#N)cc3)C2)cc1-c1[nH]nc(C)c1Cl,7.0655015487564325,2,IC50,FASN,CHEMBL4158
Cc1ccc(C(=O)N2CC(F)(c3ccc(C#N)cc3)C2)cc1-c1[nH]nc(Cl)c1C,7.022276394711152,2,IC50,FASN,CHEMBL4158
Cc1ccc(C(=O)N2CC(F)(c3ccc(C#N)cc3)C2)cc1-c1[nH]ncc1C,6.991399828238082,2,IC50,FASN,CHEMBL4158
Cc1ccc(C(=O)N2CC(c3ccc(C#N)cc3)C2)cc1-c1[nH]c(C#N)nc1C,7.568636235841012,2,IC50,FASN,CHEMBL4158
Cc1ccc(C(=O)N2CC(c3ccc(C#N)cc3)C2)cc1-c1[nH]c(C#N)nc1Cl,7.4089353929735005,2,IC50,FASN,CHEMBL4158
Cc1ccc(C(=O)N2CC(c3ccc(C#N)cc3)C2)cc1-c1[nH]c(C(C)(F)F)nc1C,7.086186147616283,2,IC50,FASN,CHEMBL4158
Cc1ccc(C(=O)N2CC(c3ccc(C#N)cc3)C2)cc1-c1[nH]c(C(C)C)nc1C,7.721246399047171,2,IC50,FASN,CHEMBL4158
Cc1ccc(C(=O)N2CC(c3ccc(C#N)cc3)C2)cc1-c1[nH]c(C(C)C)nc1Cl,8.045757490560675,2,IC50,FASN,CHEMBL4158
Cc1ccc(C(=O)N2CC(c3ccc(C#N)cc3)C2)cc1-c1[nH]c(C(C)O)nc1C,7.568636235841012,2,IC50,FASN,CHEMBL4158
Cc1ccc(C(=O)N2CC(c3ccc(C#N)cc3)C2)cc1-c1[nH]c(C(F)(F)F)nc1C,7.275724130399211,2,IC50,FASN,CHEMBL4158
Cc1ccc(C(=O)N2CC(c3ccc(C#N)cc3)C2)cc1-c1[nH]c(C(F)(F)F)nc1C1CC1,7.638272163982407,2,IC50,FASN,CHEMBL4158
Cc1ccc(C(=O)N2CC(c3ccc(C#N)cc3)C2)cc1-c1[nH]c(C2(C)CCOCC2)nc1C,7.2839966563652006,2,IC50,FASN,CHEMBL4158
Cc1ccc(C(=O)N2CC(c3ccc(C#N)cc3)C2)cc1-c1[nH]c(C2(C)CCOCC2)nc1C#N,7.318758762624412,2,IC50,FASN,CHEMBL4158
Cc1ccc(C(=O)N2CC(c3ccc(C#N)cc3)C2)cc1-c1[nH]c(C2(C)CCOCC2)nc1C(F)(F)F,7.585026652029182,2,IC50,FASN,CHEMBL4158
Cc1ccc(C(=O)N2CC(c3ccc(C#N)cc3)C2)cc1-c1[nH]c(C2(C)CCOCC2)nc1Cl,7.7447274948966935,2,IC50,FASN,CHEMBL4158
Cc1ccc(C(=O)N2CC(c3ccc(C#N)cc3)C2)cc1-c1[nH]c(C2(C)COC2)nc1C,7.958607314841775,2,IC50,FASN,CHEMBL4158
Cc1ccc(C(=O)N2CC(c3ccc(C#N)cc3)C2)cc1-c1[nH]c(C2(C)COC2)nc1C#N,7.698970004336019,2,IC50,FASN,CHEMBL4158
Cc1ccc(C(=O)N2CC(c3ccc(C#N)cc3)C2)cc1-c1[nH]c(C2(C)COC2)nc1C(F)(F)F,7.7447274948966935,2,IC50,FASN,CHEMBL4158
Cc1ccc(C(=O)N2CC(c3ccc(C#N)cc3)C2)cc1-c1[nH]c(C2(F)COC2)nc1C,7.187086643357144,2,IC50,FASN,CHEMBL4158
Cc1ccc(C(=O)N2CC(c3ccc(C#N)cc3)C2)cc1-c1[nH]c(C2(O)CCOCC2)nc1C,7.886056647693163,2,IC50,FASN,CHEMBL4158
Cc1ccc(C(=O)N2CC(c3ccc(C#N)cc3)C2)cc1-c1[nH]c(C2(O)CCOCC2)nc1C#N,7.102372908709558,2,IC50,FASN,CHEMBL4158
Cc1ccc(C(=O)N2CC(c3ccc(C#N)cc3)C2)cc1-c1[nH]c(C2(O)COC2)nc1C,7.619788758288394,2,IC50,FASN,CHEMBL4158
Cc1ccc(C(=O)N2CC(c3ccc(C#N)cc3)C2)cc1-c1[nH]c(C2CC2)nc1C#N,8.0,2,IC50,FASN,CHEMBL4158
Cc1ccc(C(=O)N2CC(c3ccc(C#N)cc3)C2)cc1-c1[nH]c(C2CC2)nc1CO,8.0,2,IC50,FASN,CHEMBL4158
Cc1ccc(C(=O)N2CC(c3ccc(C#N)cc3)C2)cc1-c1[nH]c(C2CC2)nc1Cl,8.154901959985743,2,IC50,FASN,CHEMBL4158
Cc1ccc(C(=O)N2CC(c3ccc(C#N)cc3)C2)cc1-c1[nH]c(C2CCC(O)CC2)nc1C,8.0,2,IC50,FASN,CHEMBL4158
Cc1ccc(C(=O)N2CC(c3ccc(C#N)cc3)C2)cc1-c1[nH]c(C2CCCO2)nc1C,7.431798275933005,2,IC50,FASN,CHEMBL4158
Cc1ccc(C(=O)N2CC(c3ccc(C#N)cc3)C2)cc1-c1[nH]c(C2CCCO2)nc1C#N,7.187086643357144,2,IC50,FASN,CHEMBL4158
Cc1ccc(C(=O)N2CC(c3ccc(C#N)cc3)C2)cc1-c1[nH]c(C2CCN(C)C2)nc1C(F)(F)F,7.356547323513812,2,IC50,FASN,CHEMBL4158
Cc1ccc(C(=O)N2CC(c3ccc(C#N)cc3)C2)cc1-c1[nH]c(C2CCN(C)CC2)nc1C,7.42021640338319,2,IC50,FASN,CHEMBL4158
Cc1ccc(C(=O)N2CC(c3ccc(C#N)cc3)C2)cc1-c1[nH]c(C2CCN(C)CC2)nc1C(F)(F)F,7.6777807052660805,2,IC50,FASN,CHEMBL4158
Cc1ccc(C(=O)N2CC(c3ccc(C#N)cc3)C2)cc1-c1[nH]c(C2CCOC2)nc1C,7.958607314841775,2,IC50,FASN,CHEMBL4158
Cc1ccc(C(=O)N2CC(c3ccc(C#N)cc3)C2)cc1-c1[nH]c(C2CCOC2)nc1C#N,7.853871964321762,2,IC50,FASN,CHEMBL4158
Cc1ccc(C(=O)N2CC(c3ccc(C#N)cc3)C2)cc1-c1[nH]c(C2CCOCC2)nc1C,7.958607314841775,2,IC50,FASN,CHEMBL4158
Cc1ccc(C(=O)N2CC(c3ccc(C#N)cc3)C2)cc1-c1[nH]c(C2CCOCC2)nc1C#N,7.958607314841775,2,IC50,FASN,CHEMBL4158
Cc1ccc(C(=O)N2CC(c3ccc(C#N)cc3)C2)cc1-c1[nH]c(C2CCOCC2)nc1C(F)(F)F,7.537602002101044,2,IC50,FASN,CHEMBL4158
Cc1ccc(C(=O)N2CC(c3ccc(C#N)cc3)C2)cc1-c1[nH]c(C2CCOCC2)nc1Cl,8.045757490560675,2,IC50,FASN,CHEMBL4158
Cc1ccc(C(=O)N2CC(c3ccc(C#N)cc3)C2)cc1-c1[nH]c(C2CN(C)C2)nc1C,7.187086643357144,2,IC50,FASN,CHEMBL4158
Cc1ccc(C(=O)N2CC(c3ccc(C#N)cc3)C2)cc1-c1[nH]c(CC#N)nc1C,7.638272163982407,2,IC50,FASN,CHEMBL4158
Cc1ccc(C(=O)N2CC(c3ccc(C#N)cc3)C2)cc1-c1[nH]c(CC#N)nc1Cl,7.6777807052660805,2,IC50,FASN,CHEMBL4158
Cc1ccc(C(=O)N2CC(c3ccc(C#N)cc3)C2)cc1-c1[nH]c(CC2CCOCC2)nc1C,7.200659450546418,2,IC50,FASN,CHEMBL4158
Cc1ccc(C(=O)N2CC(c3ccc(C#N)cc3)C2)cc1-c1[nH]c(CCC#N)nc1C,7.958607314841775,2,IC50,FASN,CHEMBL4158
Cc1ccc(C(=O)N2CC(c3ccc(C#N)cc3)C2)cc1-c1[nH]c(CCC#N)nc1Cl,7.7447274948966935,2,IC50,FASN,CHEMBL4158
Cc1ccc(C(=O)N2CC(c3ccc(C#N)cc3)C2)cc1-c1[nH]c(CCN2CCC2)nc1Cl,6.6777807052660805,2,IC50,FASN,CHEMBL4158
Cc1ccc(C(=O)N2CC(c3ccc(C#N)cc3)C2)cc1-c1[nH]c(CCO)nc1C,7.920818753952375,2,IC50,FASN,CHEMBL4158
Cc1ccc(C(=O)N2CC(c3ccc(C#N)cc3)C2)cc1-c1[nH]c(CCO)nc1C(F)(F)F,7.958607314841775,2,IC50,FASN,CHEMBL4158
Cc1ccc(C(=O)N2CC(c3ccc(C#N)cc3)C2)cc1-c1[nH]c(CCO)nc1Cl,8.045757490560675,2,IC50,FASN,CHEMBL4158
Cc1ccc(C(=O)N2CC(c3ccc(C#N)cc3)C2)cc1-c1[nH]c(CO)nc1C,7.055517327849831,2,IC50,FASN,CHEMBL4158
Cc1ccc(C(=O)N2CC(c3ccc(C#N)cc3)C2)cc1-c1[nH]c(CO)nc1C#N,7.366531544420414,2,IC50,FASN,CHEMBL4158
Cc1ccc(C(=O)N2CC(c3ccc(C#N)cc3)C2)cc1-c1[nH]c(CO)nc1C(F)(F)F,7.356547323513812,2,IC50,FASN,CHEMBL4158
Cc1ccc(C(=O)N2CC(c3ccc(C#N)cc3)C2)cc1-c1[nH]c(CO)nc1Cl,7.318758762624412,2,IC50,FASN,CHEMBL4158
Cc1ccc(C(=O)N2CC(c3ccc(C#N)cc3)C2)cc1-c1[nH]c(N2CCCC2)nc1C,6.060480747381382,2,IC50,FASN,CHEMBL4158
Cc1ccc(C(=O)N2CC(c3ccc(C#N)cc3)C2)cc1-c1[nH]nc(C#N)c1C,7.236572006437063,2,IC50,FASN,CHEMBL4158
Cc1ccc(C(=O)N2CC(c3ccc(C#N)cc3)C2)cc1-c1[nH]nc(C#N)c1Cl,7.173925197299173,2,IC50,FASN,CHEMBL4158
Cc1ccc(C(=O)N2CC(c3ccc(C#N)cc3)C2)cc1-c1[nH]nc(C)c1C,7.481486060122112,2,IC50,FASN,CHEMBL4158
Cc1ccc(C(=O)N2CC(c3ccc(C#N)cc3)C2)cc1-c1[nH]nc(C)c1C#N,6.356547323513812,2,IC50,FASN,CHEMBL4158
Cc1ccc(C(=O)N2CC(c3ccc(C#N)cc3)C2)cc1-c1[nH]nc(C)c1Cl,7.698970004336019,2,IC50,FASN,CHEMBL4158
Cc1ccc(C(=O)N2CC(c3ccc(C#N)cc3)C2)cc1-c1[nH]nc(C2CC2)c1C,7.251811972993799,2,IC50,FASN,CHEMBL4158
Cc1ccc(C(=O)N2CC(c3ccc(C#N)cc3)C2)cc1-c1[nH]nc(C2CCOC2)c1C,7.026872146400302,1,IC50,FASN,CHEMBL4158
Cc1ccc(C(=O)N2CC(c3ccc(C#N)cc3)C2)cc1-c1[nH]nc(Cl)c1C,7.380889167856243,3,IC50,FASN,CHEMBL4158
Cc1ccc(C(=O)N2CC(c3ccc(C#N)cc3)C2)cc1-c1[nH]nc(OCCO)c1C,7.638272163982407,1,IC50,FASN,CHEMBL4158
Cc1ccc(C(=O)N2CC(c3ccc(C#N)cc3)C2)cc1-c1[nH]ncc1C,7.6777807052660805,2,IC50,FASN,CHEMBL4158
Cc1ccc(C(=O)N2CC(c3ccc(C#N)cc3)C2)cc1-c1[nH]ncc1C#N,6.6777807052660805,2,IC50,FASN,CHEMBL4158
Cc1ccc(C(=O)N2CC(c3ccc(C#N)cc3)C2)cc1-c1[nH]ncc1Cl,7.721246399047171,2,IC50,FASN,CHEMBL4158
Cc1ccc(C(=O)N2CC(c3ccc(C#N)cc3)C2)cc1-c1nc2cc(N3CCC3)ncc2[nH]1,6.229147988357855,2,IC50,FASN,CHEMBL4158
Cc1ccc(C(=O)N2CC(c3ccc(C#N)cc3)C2)cc1-c1nc2cc(N3CCCC3)ncc2[nH]1,7.026872146400302,2,IC50,FASN,CHEMBL4158
Cc1ccc(C(=O)N2CC(c3ccc(C#N)cc3)C2)cc1-c1nc2cc(N3CCOCC3)ncc2[nH]1,6.537602002101044,2,IC50,FASN,CHEMBL4158
Cc1ccc(C(=O)N2CC(c3ccc(OC(C)C)cc3)C2)cc1-c1[nH]nc(OCCO)c1C,7.455931955649724,1,IC50,FASN,CHEMBL4158
Cc1ccc(C(=O)N2CCC(F)(c3ccc(C#N)cc3)CC2)cc1-c1[nH]c(C2CC2)nc1Cl,8.045757490560675,2,IC50,FASN,CHEMBL4158
Cc1ccc(C(=O)N2CCC(F)(c3ccc(C#N)cc3)CC2)cc1-c1[nH]cnc1Cl,7.337242168318426,1,IC50,FASN,CHEMBL4158
Cc1ccc(C(=O)N2CCC(F)(c3ccc(C#N)cc3)CC2)cc1-c1[nH]nc(C)c1Cl,7.00436480540245,2,IC50,FASN,CHEMBL4158
Cc1ccc(C(=O)N2CCC(F)(c3ccc(C#N)cc3)CC2)cc1-c1[nH]ncc1Cl,7.337242168318426,1,IC50,FASN,CHEMBL4158
Cc1ccc(C(=O)N2CCC(F)(c3ccc(C#N)cc3)CC2)cc1-c1nnc(N[C@@H]2CCOC2)[nH]1,5.756961951313706,1,IC50,FASN,CHEMBL4158
Cc1ccc(C(=O)N2CCC(F)(c3ccc(C#N)cc3)CC2)cc1NC(=O)NC1CCCC1,7.522878745280337,1,IC50,FASN,CHEMBL4158
Cc1ccc(C(=O)N2CCC(F)(c3ccc(C#N)cc3)CC2)cc1NC(=O)NC1CCCOC1,7.431798275933005,1,IC50,FASN,CHEMBL4158
Cc1ccc(C(=O)N2CCC(F)(c3ccc(C#N)cc3)CC2)cc1NC(=O)NC1CCOC1,7.431798275933005,1,IC50,FASN,CHEMBL4158
Cc1ccc(C(=O)N2CCC(F)(c3ccc(C#N)cc3)CC2)cc1NC(=O)NC1CCOCC1,7.187086643357144,1,IC50,FASN,CHEMBL4158
Cc1ccc(C(=O)N2CCC(F)(c3ccc(C#N)cc3)CC2)cc1NC(=O)NC1COC1,7.301029995663981,1,IC50,FASN,CHEMBL4158
Cc1ccc(C(=O)N2CCC(F)(c3ccc(C#N)cc3)CC2)cc1NC(=O)NCC(C)C,7.6020599913279625,1,IC50,FASN,CHEMBL4158
Cc1ccc(C(=O)N2CCC(F)(c3ccc(C#N)cc3)CC2)cc1NC(=O)NCC1CCN(C)CC1,6.468521082957745,1,IC50,FASN,CHEMBL4158
Cc1ccc(C(=O)N2CCC(F)(c3ccc(C#N)cc3)CC2)cc1NC(=O)NCC1CCNCC1,6.214670164989233,1,IC50,FASN,CHEMBL4158
Cc1ccc(C(=O)N2CCC(F)(c3ccc(C#N)cc3)CC2)cc1NC(=O)NC[C@@H]1CCCO1,7.301029995663981,1,IC50,FASN,CHEMBL4158
Cc1ccc(C(=O)N2CCC(F)(c3ccc(C#N)cc3)CC2)cc1NC(=O)NC[C@H]1CCCO1,7.455931955649724,1,IC50,FASN,CHEMBL4158
Cc1ccc(C(=O)N2CCC(F)(c3ccc(C#N)cc3)CC2)cc1NC(=O)N[C@@H]1CCOC1,7.3979400086720375,1,IC50,FASN,CHEMBL4158
Cc1ccc(C(=O)N2CCC(F)(c3ccc(C#N)cc3)CC2)cc1NC(=O)N[C@H]1CCOC1,6.709965388637482,1,IC50,FASN,CHEMBL4158
Cc1ccc(C(=O)N2CCC(F)(c3ccc(C#N)cc3)CC2)cc1NC(=O)OC1CCOC1,7.113509274827518,1,IC50,FASN,CHEMBL4158
Cc1ccc(C(=O)N2CCC(F)(c3ccc(C#N)cc3)CC2)cc1NC(=O)O[C@H]1CCOC1,7.031517051446065,1,IC50,FASN,CHEMBL4158
Cc1ccc(C(=O)N2CCC(F)(c3ccc(C#N)cc3)CC2)cc1NC(=O)c1ccc(N2CCC2)nc1,7.6020599913279625,1,IC50,FASN,CHEMBL4158
Cc1ccc(C(=O)N2CCC(F)(c3ccc(C#N)cc3)CC2)cc1NC(=O)c1ccc(NC(C)C)nc1,7.3979400086720375,1,IC50,FASN,CHEMBL4158
Cc1ccc(C(=O)N2CCC(F)(c3ccc(C#N)cc3)CC2)cc1NC(=O)c1cnc(N2CCC2)nc1,7.327902142064282,1,IC50,FASN,CHEMBL4158
Cc1ccc(C(=O)N2CCC(F)(c3ccc(C#N)cn3)CC2)cc1NC(=O)NC1CCOC1,6.573488738635424,1,IC50,FASN,CHEMBL4158
Cc1ccc(C(=O)N2CCC(F)(c3ccc(C#N)cn3)CC2)cc1NC(=O)NC1CCOCC1,5.931814138253838,1,IC50,FASN,CHEMBL4158
Cc1ccc(C(=O)N2CCC(F)(c3ccc(C#N)cn3)CC2)cc1NC(=O)NC1COC1,5.991399828238082,1,IC50,FASN,CHEMBL4158
Cc1ccc(C(=O)N2CCC(F)(c3ccc(C#N)cn3)CC2)cc1NC(=O)N[C@@H]1CCOC1,6.698970004336019,1,IC50,FASN,CHEMBL4158
Cc1ccc(C(=O)N2CCC(F)(c3ccc(C#N)cn3)CC2)cc1NC(=O)N[C@H]1CCOC1,6.161150909262744,1,IC50,FASN,CHEMBL4158
Cc1ccc(C(=O)N2CCC(F)(c3ccc(C#N)cn3)CC2)cc1NC(=O)c1ccc(N2CCC2)nc1,6.7447274948966935,1,IC50,FASN,CHEMBL4158
Cc1ccc(C(=O)N2CCC(F)(c3ccc(C#N)cn3)CC2)cc1NC(=O)c1ccc(NC(C)C)nc1,6.443697499232712,1,IC50,FASN,CHEMBL4158
Cc1ccc(C(=O)N2CCC(F)(c3ccc(C#N)cn3)CC2)cc1NC(=O)c1cnc(N2CCC2)nc1,6.508638306165727,1,IC50,FASN,CHEMBL4158
Cc1ccc(C(=O)N2CCC(c3ccc(C#N)cc3)CC2)cc1-c1[nH]c(C#N)nc1C,7.585026652029182,2,IC50,FASN,CHEMBL4158
Cc1ccc(C(=O)N2CCC(c3ccc(C#N)cc3)CC2)cc1-c1[nH]c(C#N)nc1Cl,7.275724130399211,2,IC50,FASN,CHEMBL4158
Cc1ccc(C(=O)N2CCC(c3ccc(C#N)cc3)CC2)cc1-c1[nH]c(C(C)C)nc1C,7.431798275933005,2,IC50,FASN,CHEMBL4158
Cc1ccc(C(=O)N2CCC(c3ccc(C#N)cc3)CC2)cc1-c1[nH]c(C(C)C)nc1Cl,8.045757490560675,2,IC50,FASN,CHEMBL4158
Cc1ccc(C(=O)N2CCC(c3ccc(C#N)cc3)CC2)cc1-c1[nH]c(C2(C)COC2)nc1C,7.6020599913279625,2,IC50,FASN,CHEMBL4158
Cc1ccc(C(=O)N2CCC(c3ccc(C#N)cc3)CC2)cc1-c1[nH]c(C2CC2)nc1C#N,7.795880017344075,2,IC50,FASN,CHEMBL4158
Cc1ccc(C(=O)N2CCC(c3ccc(C#N)cc3)CC2)cc1-c1[nH]c(C2CC2)nc1Cl,8.154901959985743,2,IC50,FASN,CHEMBL4158
Cc1ccc(C(=O)N2CCC(c3ccc(C#N)cc3)CC2)cc1-c1[nH]c(C2CCOCC2)nc1C,7.455931955649724,2,IC50,FASN,CHEMBL4158
Cc1ccc(C(=O)N2CCC(c3ccc(C#N)cc3)CC2)cc1-c1[nH]c(CC#N)nc1Cl,7.468521082957745,2,IC50,FASN,CHEMBL4158
Cc1ccc(C(=O)N2CCC(c3ccc(C#N)cc3)CC2)cc1-c1[nH]c(CCC#N)nc1Cl,7.698970004336019,2,IC50,FASN,CHEMBL4158
Cc1ccc(C(=O)N2CCC(c3ccc(C#N)cc3)CC2)cc1-c1[nH]c(CCN(C)C)nc1C,7.3872161432802645,2,IC50,FASN,CHEMBL4158
Cc1ccc(C(=O)N2CCC(c3ccc(C#N)cc3)CC2)cc1-c1[nH]c(CCO)nc1C,7.537602002101044,2,IC50,FASN,CHEMBL4158
Cc1ccc(C(=O)N2CCC(c3ccc(C#N)cc3)CC2)cc1-c1[nH]c(CO)nc1C,7.443697499232712,2,IC50,FASN,CHEMBL4158
Cc1ccc(C(=O)N2CCC(c3ccc(C#N)cc3)CC2)cc1-c1[nH]c(CO)nc1Cl,7.619788758288394,2,IC50,FASN,CHEMBL4158
Cc1ccc(C(=O)N2CCC(c3ccc(C#N)cc3)CC2)cc1-c1[nH]cnc1C,6.684029654543082,2,IC50,FASN,CHEMBL4158
Cc1ccc(C(=O)N2CCC(c3ccc(C#N)cc3)CC2)cc1-c1[nH]nc(C)c1Cl,7.096910013008056,2,IC50,FASN,CHEMBL4158
Cc1ccc(C(=O)N2CCC(c3ccc(C#N)cc3)CC2)cc1-c1[nH]nc(Cl)c1C,7.096910013008056,1,IC50,FASN,CHEMBL4158
Cc1ccc(C(=O)N2CCC(c3ccc(C#N)cc3)CC2)cc1-c1[nH]ncc1C,7.013228265733755,2,IC50,FASN,CHEMBL4158
Cc1ccc(C(=O)N2CCC(c3ccc(C#N)cc3)CC2)cc1-c1[nH]ncc1Cl,7.481486060122112,2,IC50,FASN,CHEMBL4158
Cc1ccc(C(=O)N2CCC(c3ccc(C#N)cc3)CC2)cc1-c1ccn[nH]1,5.66354026615147,2,IC50,FASN,CHEMBL4158
Cc1ccc(C(=O)N2CCC(c3ccc(C#N)cc3)CC2)cc1-c1cn[nH]c1C,6.508638306165727,1,IC50,FASN,CHEMBL4158
Cc1ccc(C(=O)N2CCC(c3ccc(C#N)cc3)CC2)cc1-c1nc2c([nH]1)CN(C(C)C)CC2,7.070581074285707,1,IC50,FASN,CHEMBL4158
Cc1ccc(C(=O)N2CCC(c3ccc(C#N)cc3)CC2)cc1-c1nc2c([nH]1)CN(C)CC2,6.838631997765026,1,IC50,FASN,CHEMBL4158
Cc1ccc(C(=O)N2CCC(c3ccc(C#N)cc3)CC2)cc1-c1nc2c([nH]1)CN(S(C)(=O)=O)CC2,6.698970004336019,1,IC50,FASN,CHEMBL4158
Cc1ccc(C(=O)N2CCC(c3ccc(C#N)cc3)CC2)cc1-c1nc2c([nH]1)COCC2,6.638272163982407,1,IC50,FASN,CHEMBL4158
Cc1ccc(C(=O)N2CCC(c3ccc(C#N)cc3)CC2)cc1-c1nc2cc(Cl)ncc2[nH]1,6.494850021680094,1,IC50,FASN,CHEMBL4158
Cc1ccc(C(=O)N2CCC(c3ccc(C#N)cc3)CC2)cc1-c1nc2cc(N(C)CCO)ncc2[nH]1,7.221848749616356,1,IC50,FASN,CHEMBL4158
Cc1ccc(C(=O)N2CCC(c3ccc(C#N)cc3)CC2)cc1-c1nc2cc(N3CC(O)C3)ncc2[nH]1,6.522878745280337,2,IC50,FASN,CHEMBL4158
Cc1ccc(C(=O)N2CCC(c3ccc(C#N)cc3)CC2)cc1-c1nc2cc(N3CCC3)ncc2[nH]1,7.346787486224656,1,IC50,FASN,CHEMBL4158
Cc1ccc(C(=O)N2CCC(c3ccc(C#N)cc3)CC2)cc1-c1nc2cc(N3CCCC3)ncc2[nH]1,6.97061622231479,2,IC50,FASN,CHEMBL4158
Cc1ccc(C(=O)N2CCC(c3ccc(C#N)cc3)CC2)cc1-c1nc2cc(N3CCN(C)CC3)ncc2[nH]1,6.144180730883825,2,IC50,FASN,CHEMBL4158
Cc1ccc(C(=O)N2CCC(c3ccc(C#N)cc3)CC2)cc1-c1nc2ccccc2[nH]1,6.008773924307505,2,IC50,FASN,CHEMBL4158
Cc1ccc(C(=O)N2CCC(c3ccc(C#N)cc3)CC2)cc1-c1nc2ccncc2[nH]1,6.269475954164671,2,IC50,FASN,CHEMBL4158
Cc1ccc(C(=O)N2CCC(c3ccc(C#N)cc3)CC2)cc1-c1nnc(C(C)C)[nH]1,5.629857152948897,1,IC50,FASN,CHEMBL4158
Cc1ccc(C(=O)N2CCC(c3ccc(C#N)cc3)CC2)cc1-c1nnc(C2CCOC2)[nH]1,5.629857152948897,1,IC50,FASN,CHEMBL4158
Cc1ccc(C(=O)N2CCC(c3ccc(C#N)cc3)CC2)cc1-c1nnc(N[C@@H]2CCOC2)[nH]1,4.932557157223619,1,IC50,FASN,CHEMBL4158
Cc1ccc(C(=O)N2CCC(c3ccc(C#N)cc3)CC2)cc1-c1nnc(N[C@H]2CCOC2)[nH]1,5.042871802323187,1,IC50,FASN,CHEMBL4158
Cc1ccc(C(=O)N2CCC(c3ccc(C#N)cc3)CC2)cc1C(=O)NC1CCOC1,5.272214825817095,1,IC50,FASN,CHEMBL4158
Cc1ccc(C(=O)N2CCC(c3ccc(C#N)cc3)CC2)cc1C(=O)NCC1CCCO1,4.662540738709344,1,IC50,FASN,CHEMBL4158
Cc1ccc(C(=O)N2CCC(c3ccc(C#N)cc3)CC2)cc1C(=O)Nc1ccc(N(C)CCO)nc1,6.4089353929735005,1,IC50,FASN,CHEMBL4158
Cc1ccc(C(=O)N2CCC(c3ccc(C#N)cc3)CC2)cc1C(=O)Nc1ccc(N2CC(O)C2)nc1,5.8696662315049934,1,IC50,FASN,CHEMBL4158
Cc1ccc(C(=O)N2CCC(c3ccc(C#N)cc3)CC2)cc1C(=O)Nc1ccc(N2CCCC2)nc1,7.455931955649724,2,IC50,FASN,CHEMBL4158
Cc1ccc(C(=O)N2CCC(c3ccc(C#N)cc3)CC2)cc1C(=O)Nc1ccc(N2CCN(C)CC2)nc1,5.703334809738469,1,IC50,FASN,CHEMBL4158
Cc1ccc(C(=O)N2CCC(c3ccc(C#N)cc3)CC2)cc1NC(=O)c1ccc(N2CCCC2)nc1,7.301029995663981,1,IC50,FASN,CHEMBL4158
Cc1ccc(C(=O)N2CCC(c3ccc(C#N)cc3)CC2)cc1Nc1cc(C(=O)N2CCN(C)CC2)ccn1,5.417936637088291,1,IC50,FASN,CHEMBL4158
Cc1ccc(C(=O)N2CCC(c3ccc(C#N)cc3)CC2)cc1Nc1cc(C(=O)NC2CC2)ccn1,6.431798275933005,1,IC50,FASN,CHEMBL4158
Cc1ccc(C(=O)N2CCC(c3ccc(C#N)cc3)CC2)cc1Nc1ccc(C(=O)N2CCN(C)CC2)cn1,6.050609993355087,1,IC50,FASN,CHEMBL4158
Cc1ccc(C(=O)N2CCC(c3ccc(C#N)cc3)CC2)cc1Nc1ccc(C(=O)NC(C)C)cn1,5.638272163982407,1,IC50,FASN,CHEMBL4158
Cc1ccc(C(=O)N2CCC(c3ccc(C#N)cc3)CC2)cc1Nc1ccc(C(=O)NC2CC2)cn1,6.568636235841012,1,IC50,FASN,CHEMBL4158
Cc1ccc(C(=O)N2CCC(c3ccc(C#N)cc3)CC2)cc1Nc1cncc(C(=O)NC(C)C)c1,6.327902142064282,1,IC50,FASN,CHEMBL4158
Cc1ccc(C(=O)N2CCC(c3ccc(C#N)cc3)CC2)cc1Nc1nc2cnccc2[nH]1,4.373659632624958,1,IC50,FASN,CHEMBL4158
Cc1ccc(C(=O)N2CCC(c3ccc(C#N)cc3)CC2)cc1Nc1nc2nc(NC(C)C)ccc2[nH]1,4.485014189505963,1,IC50,FASN,CHEMBL4158
Cc1ccc(C(=O)N2CCC(c3ccc(C#N)cc3)CC2)cc1Nc1nnc(-c2cccnc2)o1,6.0,1,IC50,FASN,CHEMBL4158
Cc1ccc(C(=O)N2CCC(c3ccc(C#N)cc3)CC2)cc1Nc1nnc(-c2ccncc2)o1,6.154901959985743,1,IC50,FASN,CHEMBL4158
Cc1ccc(C(=O)N2CCC(c3ccc(C#N)cc3)CC2)cc1Nc1nnc(C(C)C)[nH]1,4.5215778122599195,1,IC50,FASN,CHEMBL4158
Cc1ccc(C(=O)N2CCC(c3ccc(C#N)cc3)CC2)nc1NC(=O)c1ccc(NC(C)C)nc1,4.486782399932061,1,IC50,FASN,CHEMBL4158
Cc1ccc(C(=O)N2CCC(c3ccc(C#N)cn3)CC2)cc1NC(=O)NC(C)C,5.537602002101044,1,IC50,FASN,CHEMBL4158
Cc1ccc(C(=O)N2CCC(c3ccc(C#N)cn3)CC2)cc1NC(=O)NC1CCC1,5.270835210307229,1,IC50,FASN,CHEMBL4158
Cc1ccc(C(=O)N2CCC(c3ccc(C#N)cn3)CC2)cc1NC(=O)NC1CCCC1,5.560667306169737,1,IC50,FASN,CHEMBL4158
Cc1ccc(C(=O)N2CCC(c3ccc(C#N)cn3)CC2)cc1NC(=O)NC1CCOC1,5.787812395596042,1,IC50,FASN,CHEMBL4158
Cc1ccc(C(=O)N2CCC(c3ccc(C#N)cn3)CC2)cc1NC(=O)NC1CCOCC1,5.056505484093897,1,IC50,FASN,CHEMBL4158
Cc1ccc(C(=O)N2CCC(c3ccc(C#N)cn3)CC2)cc1NC(=O)c1ccc(N2CCC2)nc1,6.167491087293763,1,IC50,FASN,CHEMBL4158
Cc1ccc(C(=O)N2CCC(c3ccc(C#N)cn3)CC2)cc1NC(=O)c1ccc(NC(C)C)nc1,6.2839966563652006,1,IC50,FASN,CHEMBL4158
Cc1ccc(C(=O)N2CCC(c3ccc(C#N)cn3)CC2)cc1NC(=O)c1cnc(N2CCC2)nc1,5.7055337738384075,1,IC50,FASN,CHEMBL4158
Cc1ccc(C(=O)N2CCC(c3ccc(C#N)nc3)CC2)cc1NC(=O)c1ccc(NC(C)C)nc1,5.769551078621726,1,IC50,FASN,CHEMBL4158
Cc1ccc(C(=O)N2CCC(c3ccc4nncn4c3)CC2)cc1NC(=O)c1ccc(Cl)nc1,7.031517051446065,1,IC50,FASN,CHEMBL4158
Cc1ccc(C(=O)N2CCC(c3ccncc3)CC2)cc1C(=O)Nc1ccc(N2CCCC2)nc1,4.519131076312832,1,IC50,FASN,CHEMBL4158
Cc1ccc(C(=O)N2CCC(c3ccncc3)CC2)cc1NC(=O)c1ccc(N2CCC2)nc1,5.560667306169737,1,IC50,FASN,CHEMBL4158
Cc1ccc(C(=O)N2CCC3(CC2)OCc2cc(C#N)ccc23)cc1NC(=O)N1CCCC1,4.732828271596986,1,IC50,FASN,CHEMBL4158
Cc1ccc(C(=O)N2CCC3(CC2)OCc2cc(C#N)ccc23)cc1NC(=O)NC1CCN(C)CC1,6.508638306165727,1,IC50,FASN,CHEMBL4158
Cc1ccc(C(=O)N2CCC3(CC2)OCc2cc(C#N)ccc23)cc1NC(=O)NC1CCNCC1,6.376750709602099,1,IC50,FASN,CHEMBL4158
Cc1ccc(C(=O)N2CCC3(CC2)OCc2cc(C#N)ccc23)cc1NC(=O)NCC(C)C,6.055517327849831,1,IC50,FASN,CHEMBL4158
Cc1ccc(C(=O)N2CCC3(CC2)OCc2cc(C#N)ccc23)cc1NC(=O)NCC1CCCO1,6.508638306165727,1,IC50,FASN,CHEMBL4158
Cc1ccc(C(=O)N2CCC3(CC2)OCc2cc(C#N)ccc23)cc1NC(=O)NC[C@@H]1CCCO1,7.301029995663981,1,IC50,FASN,CHEMBL4158
Cc1ccc(C(=O)N2CCC3(CC2)OCc2cc(C#N)ccc23)cc1NC(=O)NC[C@H]1CCCO1,6.7447274948966935,1,IC50,FASN,CHEMBL4158
Cc1ccc(C(=O)N2CCC3(CC2)OCc2cc(C#N)ccc23)cc1NC(=O)c1ccc(N(C)CCO)nc1,6.607303046740334,1,IC50,FASN,CHEMBL4158
Cc1ccc(C(=O)N2CCC3(CC2)OCc2cc(C#N)ccc23)cc1NC(=O)c1ccc(N2CCCC2)nc1,6.481486060122112,1,IC50,FASN,CHEMBL4158
Cc1ccc(C(=O)N2CCC3(CC2)OCc2cc(C#N)ccc23)cc1NC(=O)c1ccc(N2CCN(C)CC2)nc1,6.638272163982407,1,IC50,FASN,CHEMBL4158
Cc1ccc(C(=O)N2CCC3(CC2)OCc2cc(C#N)ccc23)cc1NC(=O)c1ccc(N2CCNCC2)nc1,6.094204119632131,1,IC50,FASN,CHEMBL4158
Cc1ccc(C(=O)N2CCC3(CC2)OCc2cc(C#N)ccc23)cc1NC(=O)c1ccc(NC(C)C)nc1,6.853871964321762,1,IC50,FASN,CHEMBL4158
Cc1ccc(C(=O)N2CCC3(CC2)OCc2cc(C#N)ccc23)cc1NC(=O)c1ccc(NCCO)nc1,6.443697499232712,1,IC50,FASN,CHEMBL4158
Cc1ccc(C(=O)N2CCCC(c3ccc(C#N)cc3)CC2)cc1NC(=O)c1ccc(NC(C)C)nc1,7.301029995663981,1,IC50,FASN,CHEMBL4158
Cc1ccc(C2CCN(C(=O)c3cc(-c4nc5c([nH]4)COCC5)c(C)cc3C)CC2)cc1,6.045757490560675,1,IC50,FASN,CHEMBL4158
Cc1ccc(NC(=O)O[C@@H]2CCOC2)cc1C(=O)N1CCC(F)(c2ccc(C#N)cc2)CC1,6.376750709602099,1,IC50,FASN,CHEMBL4158
Cc1ccnc(NS(=O)(=O)c2ccc(NC(=O)Nc3ccc(S(=O)(=O)Nc4nccc(C)n4)cc3)cc2)n1,7.801342913045577,1,IC50,FASN,CHEMBL4158
Cc1cnc(-c2cc(C(=O)N3CCC(c4ccc(C#N)cc4)CC3)c(C)cc2C2CCC2)[nH]1,7.522878745280337,1,IC50,FASN,CHEMBL4158
Cc1n[nH]c(C)c1-c1cccc(C(=O)N2CC(c3ccc(C#N)cc3)C2)c1,4.301029995663981,2,IC50,FASN,CHEMBL4158
Cc1nc(-c2cc(C(=O)N3CCC(c4ccc(C#N)cc4)CC3)c(C)cc2C2CCC2)n[nH]1,7.014362075630947,2,IC50,FASN,CHEMBL4158
Cc1nc(C#N)c(-c2cc(C(=O)N3CC(F)(c4ccc(C#N)cc4)C3)c(C)cc2C)[nH]1,7.443697499232712,2,IC50,FASN,CHEMBL4158
Cc1nc(C#N)c(-c2cc(C(=O)N3CC(c4ccc(C#N)cc4)C3)c(C)cc2C)[nH]1,7.669709531732837,3,IC50,FASN,CHEMBL4158
Cc1nc(C#N)c(-c2cc(C(=O)N3CC(c4ccc(C#N)cc4)C3)ccc2C)[nH]1,7.769551078621726,1,IC50,FASN,CHEMBL4158
Cc1nc(C#N)c(-c2cc(C(=O)N3CCC(c4ccc(C#N)cc4)CC3)ccc2C)[nH]1,7.7447274948966935,2,IC50,FASN,CHEMBL4158
Cc1nc(C(F)(F)F)[nH]c1-c1cc(C(=O)N2CC(c3ccc(C#N)cc3)C2)ccc1N1CCC1,7.7447274948966935,2,IC50,FASN,CHEMBL4158
Cc1nc(C(F)(F)F)c(-c2cc(C(=O)N3CC(F)(c4ccc(C#N)cc4)C3)c(C)cc2C)[nH]1,7.920818753952375,2,IC50,FASN,CHEMBL4158
Cc1nc(C(F)(F)F)c(-c2cc(C(=O)N3CC(F)(c4ccc(C#N)cc4)C3)ccc2C)[nH]1,7.920818753952375,2,IC50,FASN,CHEMBL4158
Cc1nc(C(F)(F)F)c(-c2cc(C(=O)N3CC(c4ccc(C#N)cc4)C3)c(C)cc2C)[nH]1,7.853871964321762,2,IC50,FASN,CHEMBL4158
Cc1nc(C(F)(F)F)c(-c2cc(C(=O)N3CC(c4ccc(C#N)cc4)C3)ccc2C)[nH]1,7.666273523555023,4,IC50,FASN,CHEMBL4158
Cc1nc(C)c(-c2cc(C(=O)N3CC(c4ccc(C#N)cc4)C3)c(C)cc2C)[nH]1,7.7447274948966935,2,IC50,FASN,CHEMBL4158
Cc1nc(C)c(-c2cc(C(=O)N3CC(c4ccc(C#N)cc4)C3)ccc2C(F)(F)F)[nH]1,7.229147988357855,2,IC50,FASN,CHEMBL4158
Cc1nc(C)c(-c2cc(C(=O)N3CC(c4ccc(C#N)cc4)C3)ccc2C)[nH]1,8.0,2,IC50,FASN,CHEMBL4158
Cc1nc(C)c(-c2cc(C(=O)N3CC(c4ccc(C#N)cc4)C3)ccc2Cl)[nH]1,7.142667503568731,2,IC50,FASN,CHEMBL4158
Cc1nc(C)c(-c2cc(C(=O)N3CC(c4ccc(C#N)cc4)C3)ccc2N2CC(C)C2)[nH]1,7.619788758288394,2,IC50,FASN,CHEMBL4158
Cc1nc(C)c(-c2cc(C(=O)N3CC(c4ccc(C#N)cc4)C3)ccc2N2CCC2)[nH]1,7.537602002101044,2,IC50,FASN,CHEMBL4158
Cc1nc(C)c(-c2cc(C(=O)N3CC(c4ccc(C#N)cc4)C3)ccc2N2CCCC2)[nH]1,7.920818753952375,2,IC50,FASN,CHEMBL4158
Cc1nc(C)c(-c2cc(C(=O)N3CCC(c4ccc(C#N)cc4)CC3)c(C)cc2C)[nH]1,7.619788758288394,2,IC50,FASN,CHEMBL4158
Cc1nc(C)c(-c2cc(C(=O)N3CCC(c4ccc(C#N)cc4)CC3)ccc2C)[nH]1,7.494850021680094,2,IC50,FASN,CHEMBL4158
Cc1nc(C)c(-c2cc(C(=O)N3CCC(c4ccc(C#N)cc4)CC3)ccc2Cl)[nH]1,6.838631997765026,2,IC50,FASN,CHEMBL4158
Cc1nc(C)c(-c2cc(C(=O)N3CCC(c4ccc(Cl)cc4)C3)ccc2C)[nH]1,5.542118103266008,2,IC50,FASN,CHEMBL4158
Cc1nc(C)c(-c2cc(C(=O)N3CCC(c4ccc(Cl)cc4)CC3)ccc2C)[nH]1,7.494850021680094,2,IC50,FASN,CHEMBL4158
Cc1nc(C)c(-c2cc(C(=O)N3CCC(c4ccc5nncn5c4)CC3)ccc2C)[nH]1,5.036684488613888,2,IC50,FASN,CHEMBL4158
Cc1nc(C)c(-c2cc(C(=O)N3CCC(c4ccn5c(C)ncc5c4)CC3)c(C)cc2C)[nH]1,5.603800652904264,2,IC50,FASN,CHEMBL4158
Cc1nc(C)c(-c2cc(C(=O)N3CCC(c4ccn5c(C)ncc5c4)CC3)ccc2C2CC2)[nH]1,6.0,2,IC50,FASN,CHEMBL4158
Cc1nc(C)c(-c2cc(C(=O)N3CCC(c4ccn5c(Cl)ncc5c4)CC3)c(C)cc2C)[nH]1,6.522878745280337,2,IC50,FASN,CHEMBL4158
Cc1nc(C)c(-c2cc(C(=O)N3CCC(c4ccn5cnc(C)c5c4)CC3)c(C)cc2C)[nH]1,5.625251653989896,1,IC50,FASN,CHEMBL4158
Cc1nc(C)c(-c2cc(C(=O)N3CCC(c4ccn5cnc(C)c5c4)CC3)ccc2C2CC2)[nH]1,6.376750709602099,2,IC50,FASN,CHEMBL4158
Cc1nc(C)c(-c2cc(C(=O)N3CCC(c4ccn5cnc(Cl)c5c4)CC3)c(C)cc2C)[nH]1,6.823908740944319,2,IC50,FASN,CHEMBL4158
Cc1nc(C)c(-c2cc(C(=O)N3CCC(c4ccn5cncc5c4)CC3)c(C)cc2C)[nH]1,6.688246138944246,2,IC50,FASN,CHEMBL4158
Cc1nc(C)c(-c2cc(C(=O)N3CCC(c4ccn5cncc5c4)CC3)ccc2C)[nH]1,6.982966660701219,2,IC50,FASN,CHEMBL4158
Cc1nc(C)c(-c2cc(C(=O)N3CCC(c4ccn5cncc5c4)CC3)ccc2C2CCC2)[nH]1,7.301029995663981,2,IC50,FASN,CHEMBL4158
Cc1nc(C)c(-c2cc(C(=O)N3CCC(c4ccn5cnnc5c4)CC3)ccc2C)[nH]1,4.301029995663981,2,IC50,FASN,CHEMBL4158
Cc1nc(C)c(-c2cc(C(=O)N3CCC(c4ccn5ncc(C)c5c4)CC3)c(C)cc2C)[nH]1,5.625251653989896,1,IC50,FASN,CHEMBL4158
Cc1nc(C)c(-c2cc(C(=O)N3CCC(c4ccn5nncc5c4)CC3)ccc2C)[nH]1,6.207608310501746,2,IC50,FASN,CHEMBL4158
Cc1nc(C)c(-c2ccc(C)c(C(=O)N3CCC(c4ccc(C#N)cc4)CC3)c2)[nH]1,6.267606240177031,2,IC50,FASN,CHEMBL4158
Cc1nc(C)c(-c2cccc(C(=O)N3CCC(c4ccc(C#N)cc4)CC3)c2)[nH]1,5.772113295386326,2,IC50,FASN,CHEMBL4158
Cc1nc(CC(F)(F)F)c(-c2cc(C(=O)N3CC(c4ccc(C#N)cc4)C3)c(C)cc2C)[nH]1,7.721246399047171,2,IC50,FASN,CHEMBL4158
Cc1nc(CC(F)(F)F)c(-c2cc(C(=O)N3CC(c4ccc(C#N)cc4)C3)ccc2C)[nH]1,7.619788758288394,2,IC50,FASN,CHEMBL4158
Cc1nc(CCO)c(-c2cc(C(=O)N3CC(c4ccc(C#N)cc4)C3)ccc2C)[nH]1,7.040958607678906,2,IC50,FASN,CHEMBL4158
Cc1nc(CO)c(-c2cc(C(=O)N3CC(c4ccc(C#N)cc4)C3)c(C)cc2C)[nH]1,7.721246399047171,2,IC50,FASN,CHEMBL4158
Cc1nc(CO)c(-c2cc(C(=O)N3CC(c4ccc(C#N)cc4)C3)ccc2C)[nH]1,7.795880017344075,2,IC50,FASN,CHEMBL4158
Cc1nc(Cl)c(-c2cc(C(=O)N3CC(c4ccc(C#N)cc4)C3)c(C)cc2C)[nH]1,7.958607314841775,2,IC50,FASN,CHEMBL4158
Cc1nc(Cl)c(-c2cc(C(=O)N3CC(c4ccc(C#N)cc4)C3)ccc2C)[nH]1,8.221848749616356,2,IC50,FASN,CHEMBL4158
Cc1nc(Cl)c(-c2cc(C(=O)N3CCC(F)(c4ccc(C#N)cc4)CC3)ccc2C)[nH]1,8.221848749616356,2,IC50,FASN,CHEMBL4158
Cc1nc(Cl)c(-c2cc(C(=O)N3CCC(c4ccc(C#N)cc4)CC3)c(C)cc2C)[nH]1,7.920818753952375,2,IC50,FASN,CHEMBL4158
Cc1nc(Cl)c(-c2cc(C(=O)N3CCC(c4ccc(C#N)cc4)CC3)ccc2C)[nH]1,8.301029995663981,2,IC50,FASN,CHEMBL4158
Cc1nc(Cl)c(-c2cccc(C(=O)N3CC(c4ccc(C#N)cc4)C3)c2)[nH]1,7.318758762624412,2,IC50,FASN,CHEMBL4158
Cc1nc(Cl)c(-c2cccc(C(=O)N3CCC(c4ccc(C#N)cc4)CC3)c2)[nH]1,7.096910013008056,2,IC50,FASN,CHEMBL4158
Cc1ncc(-c2cc(C(=O)N3CCC(F)(c4ccc(C#N)cc4)CC3)c(C)cc2C2CCC2)[nH]1,7.221848749616356,1,IC50,FASN,CHEMBL4158
Cc1ncc(-c2cc(C(=O)N3CCC(F)(c4ccc(C#N)cc4)CC3)ccc2C2CCC2)[nH]1,7.0,1,IC50,FASN,CHEMBL4158
Cc1ncc(-c2cc(C(=O)N3CCC(c4ccc(C#N)cc4)CC3)c(C)cc2C2CCC2)[nH]1,7.301029995663981,1,IC50,FASN,CHEMBL4158
Cc1ncc(-c2cc(C(=O)N3CCC(c4ccc(C#N)cc4)CC3)ccc2C)[nH]1,6.610833915635467,2,IC50,FASN,CHEMBL4158
Cc1ncc(-c2cc(C(=O)N3CCC(c4ccc(C#N)cc4)CC3)ccc2C2CCC2)[nH]1,6.920818753952375,1,IC50,FASN,CHEMBL4158
Cc1ncc(-c2cc(C(=O)N3CCC(c4ccc(C#N)cc4)CC3)ccc2N2CCC2)[nH]1,6.6777807052660805,1,IC50,FASN,CHEMBL4158
Cc1ncc(C(=O)N2CCC(c3ccc(C#N)cc3)CC2)cc1NC(=O)NCC(C)C,5.2168113089247425,1,IC50,FASN,CHEMBL4158
Cc1ncc(C(=O)N2CCC(c3ccc(C#N)cc3)CC2)cc1NC(=O)c1ccc(N2CCCC2)nc1,6.341988603342887,1,IC50,FASN,CHEMBL4158
Cc1ncc(C(=O)N2CCC(c3ccc(C#N)cc3)CC2)cc1NC(=O)c1ccc(NC(C)C)nc1,6.151810883008601,1,IC50,FASN,CHEMBL4158
Cc1ncc(C(=O)N2CCC3(CC2)OCc2cc(C#N)ccc23)cc1NC(=O)NCC(C)C,4.431798275933005,1,IC50,FASN,CHEMBL4158
Cc1ncc(C(=O)N2CCC3(CC2)OCc2cc(C#N)ccc23)cc1NC(=O)c1ccc(N2CCCC2)nc1,5.958607314841775,1,IC50,FASN,CHEMBL4158
Cc1ncc(C(=O)N2CCC3(CC2)OCc2cc(C#N)ccc23)cc1NC(=O)c1ccc(NC(C)C)nc1,5.145693958198919,1,IC50,FASN,CHEMBL4158
Cc1nnc(-c2cc(C(=O)N3CC(F)(c4ccc(C#N)cc4)C3)c(C)cc2C2CCC2)[nH]1,7.229147988357855,2,IC50,FASN,CHEMBL4158
Cc1nnc(-c2cc(C(=O)N3CC(c4ccc(C#N)cc4)C3)c(C)cc2C2CCC2)[nH]1,7.3979400086720375,2,IC50,FASN,CHEMBL4158
Cc1nnc(-c2cc(C(=O)N3CC(c4ccc(C#N)cc4)C3)ccc2C2CCC2)[nH]1,7.013228265733755,2,IC50,FASN,CHEMBL4158
Cc1nnc(-c2cc(C(=O)N3CCC(F)(c4ccc(C#N)cc4)CC3)c(C)cc2C2CCC2)[nH]1,7.2441251443275085,1,IC50,FASN,CHEMBL4158
Cc1nnc(-c2cc(C(=O)N3CCC(F)(c4ccc(C#N)cc4)CC3)ccc2C2CCC2)[nH]1,7.045757490560675,1,IC50,FASN,CHEMBL4158
Cc1nnc(-c2cc(C(=O)N3CCC(c4ccc(C#N)c(C)c4)CC3)c(C)cc2C2CCC2)[nH]1,6.638272163982407,2,IC50,FASN,CHEMBL4158
Cc1nnc(-c2cc(C(=O)N3CCC(c4ccc(C#N)c(Cl)c4)CC3)c(C)cc2C2CCC2)[nH]1,6.494850021680094,2,IC50,FASN,CHEMBL4158
Cc1nnc(-c2cc(C(=O)N3CCC(c4ccc(C#N)c(F)c4)CC3)c(C)cc2C2CCC2)[nH]1,6.838631997765026,2,IC50,FASN,CHEMBL4158
Cc1nnc(-c2cc(C(=O)N3CCC(c4ccc(C#N)cc4)CC3)c(C)cc2C2CCCC2)[nH]1,6.508638306165727,1,IC50,FASN,CHEMBL4158
Cc1nnc(-c2cc(C(=O)N3CCC(c4ccc(C#N)cc4)CC3)c(C)cc2C2CCCO2)[nH]1,6.075720713938118,2,IC50,FASN,CHEMBL4158
Cc1nnc(-c2cc(C(=O)N3CCC(c4ccc(C#N)cc4)CC3)c(C)cc2N(C)C)[nH]1,6.552841968657781,2,IC50,FASN,CHEMBL4158
Cc1nnc(-c2cc(C(=O)N3CCC(c4ccc(C#N)cc4)CC3)c(C)cc2N2CC(C)C2)[nH]1,7.008773924307505,2,IC50,FASN,CHEMBL4158
Cc1nnc(-c2cc(C(=O)N3CCC(c4ccc(C#N)cc4)CC3)c(C)cc2N2CCC(C)C2)[nH]1,7.154901959985743,2,IC50,FASN,CHEMBL4158
Cc1nnc(-c2cc(C(=O)N3CCC(c4ccc(C#N)cc4)CC3)c(C)cc2N2CCCC2)[nH]1,6.886056647693163,1,IC50,FASN,CHEMBL4158
Cc1nnc(-c2cc(C(=O)N3CCC(c4ccc(C#N)cc4)CC3)c(C)cc2N2CCCCC2)[nH]1,6.275724130399211,2,IC50,FASN,CHEMBL4158
Cc1nnc(-c2cc(C(=O)N3CCC(c4ccc(C#N)cc4)CC3)c(C)cc2N2CCC[C@@H]2C)[nH]1,6.853871964321762,2,IC50,FASN,CHEMBL4158
Cc1nnc(-c2cc(C(=O)N3CCC(c4ccc(C#N)cc4)CC3)c(C)cc2N2CCC[C@H]2C)[nH]1,5.485452247339714,2,IC50,FASN,CHEMBL4158
Cc1nnc(-c2cc(C(=O)N3CCC(c4ccc(C#N)cc4)CC3)c(C)cc2N2CCN(C)CC2)[nH]1,5.46344155742847,2,IC50,FASN,CHEMBL4158
Cc1nnc(-c2cc(C(=O)N3CCC(c4ccc(C#N)cc4)CC3)c(C)cc2N2CCOCC2)[nH]1,6.050609993355087,2,IC50,FASN,CHEMBL4158
Cc1nnc(-c2cc(C(=O)N3CCC(c4ccc(C#N)cc4)CC3)c(C)cc2[C@H]2C[C@@H](F)C2)[nH]1,5.253365801062421,2,IC50,FASN,CHEMBL4158
Cc1nnc(-c2cc(C(=O)N3CCC(c4ccc(C#N)cc4)CC3)c(C)cc2[C@H]2C[C@@H](O)C2)[nH]1,6.619788758288394,2,IC50,FASN,CHEMBL4158
Cc1nnc(-c2cc(C(=O)N3CCC(c4ccc(C#N)cc4)CC3)c(C)cc2[C@H]2C[C@H](F)C2)[nH]1,5.647817481888637,2,IC50,FASN,CHEMBL4158
Cc1nnc(-c2cc(C(=O)N3CCC(c4ccc(C#N)cc4)CC3)c(C)cc2[C@H]2C[C@H](O)C2)[nH]1,7.154901959985743,2,IC50,FASN,CHEMBL4158
Cc1nnc(-c2cc(C(=O)N3CCC(c4ccc(C#N)cc4)CC3)ccc2N2CCC2)[nH]1,6.6777807052660805,1,IC50,FASN,CHEMBL4158
Cc1nnc(-c2cc(C(=O)N3CCC(c4ccc(C#N)cc4C)CC3)c(C)cc2C2CCC2)[nH]1,6.008773924307505,2,IC50,FASN,CHEMBL4158
Cc1nnc(-c2cc(C(=O)N3CCC(c4ccc(C#N)cc4Cl)CC3)c(C)cc2C2CCC2)[nH]1,6.167491087293763,2,IC50,FASN,CHEMBL4158
Cc1nnc(-c2cc(C(=O)N3CCC(c4ccc(C#N)cc4F)CC3)c(C)cc2C2CCC2)[nH]1,6.698970004336019,2,IC50,FASN,CHEMBL4158
Cc1nnc(-c2cc(C(=O)N3CCC(c4ccc(C(F)(F)F)cc4)CC3)c(C)cc2C2CCC2)[nH]1,7.154901959985743,1,IC50,FASN,CHEMBL4158
Cc1nnc(-c2cc(C(=O)N3CCC(c4ccc(C(F)F)cc4)CC3)c(C)cc2C2CCC2)[nH]1,6.958607314841775,1,IC50,FASN,CHEMBL4158
Cc1nnc(-c2cc(C(=O)N3CCC(c4ccc5nccn5c4)CC3)c(C)cc2C2CCC2)[nH]1,5.435333935747911,2,IC50,FASN,CHEMBL4158
Cn1c(-c2ccc(C(=O)N3CCN(C(=O)C4(O)CC4)CC3)cc2)cc2ccccc21,7.318194010053928,2,IC50,FASN,CHEMBL4158
Cn1cc(-c2ccc(-c3ccc(C4=NC(C)(C)C(=O)N4CC4CN(C(=O)C5(C)CC5)C4)c(F)c3)cc2)cn1,7.17979854051436,2,IC50,FASN,CHEMBL4158
Cn1cc(-c2ccc(-c3ccc(C4=NC(C)(C)C(=O)N4CC4CN(C(=O)C5(O)CC5)C4)c(F)c3)cc2)cn1,6.279840696594043,2,IC50,FASN,CHEMBL4158
Cn1cc(-c2ccc(-c3ccc(C4=NC(C)(C)C(=O)N4CC4CN(C(=O)C5CC5)C4)c(F)c3)cc2)cn1,6.739928612014925,2,IC50,FASN,CHEMBL4158
Cn1cc(-c2ccc(-c3ccc(C4=NC(C)(C)C(=O)N4CC4CN(C(=O)C5CC5)C4)cc3)cc2)cn1,6.259637310505756,2,IC50,FASN,CHEMBL4158
Cn1cc(-c2ccc(-c3ccc(C4=NC(C)(C)C(=O)N4C[C@@H]4CCN(C(=O)C5(C)CC5)C4)c(F)c3)cc2)cn1,7.259637310505756,2,IC50,FASN,CHEMBL4158
Cn1cc(-c2ccc(-c3ccc(C4=NC(C)(C)C(=O)N4C[C@@H]4CCN(C(=O)C5(O)CC5)C4)c(F)c3)cc2)cn1,7.51999305704285,3,IC50,FASN,CHEMBL4158
Cn1cc(-c2ccc(-c3ccc(C4=NC(C)(C)C(=O)N4C[C@@H]4CCN(C(=O)C5CC5)C4)c(F)c3)cc2)cn1,7.199970640755866,2,IC50,FASN,CHEMBL4158
Cn1cc(-c2ccc(-c3ccc(C4=NC(C)(C)C(=O)N4C[C@@H]4CCN(C(=O)C5CC5)C4)cc3)cc2)cn1,6.991399828238082,2,IC50,FASN,CHEMBL4158
Cn1cc(-c2ccc(-c3ccc(C4=NC5(CC5)C(=O)N4C[C@@H]4CCN(C(=O)C5CC5)C4)cc3)cc2)cn1,7.410224104417406,2,IC50,FASN,CHEMBL4158
Cn1cc(-c2cccc(-c3c(O)nc4cc(Cl)c(C#N)cc4c3O)c2)cn1,6.13430394008393,1,IC50,FASN,CHEMBL4158
Cn1ccc(C(=O)N2CC[C@@H](CN3C(=O)C4(CC4)N=C3c3ccc(-c4ccc5occc5c4)cc3)C2)n1,6.346787486224656,1,IC50,FASN,CHEMBL4158
Cn1ccc2cc(-c3ccc(C(=O)N4CCN(C(=O)C5(O)CC5)CC4)cc3)ccc21,7.821032576499773,2,IC50,FASN,CHEMBL4158
Cn1cnc2cc(-c3ccc(-n4c(C[C@@H]5CCN(C(=O)C6CC6)C5)n[nH]c4=O)cc3)ccc21,7.886056647693163,1,IC50,FASN,CHEMBL4158
Cn1cnc2cc(-c3ccc(C4=NC(C)(C)C(=O)N4CC4CN(C(=O)C5(C)CC5)C4)c(F)c3)ccc21,7.0,2,IC50,FASN,CHEMBL4158
Cn1cnc2cc(-c3ccc(C4=NC(C)(C)C(=O)N4CC4CN(C(=O)C5(O)CC5)C4)c(F)c3)ccc21,6.489454989793388,2,IC50,FASN,CHEMBL4158
Cn1cnc2cc(-c3ccc(C4=NC(C)(C)C(=O)N4C[C@@H]4CCN(C(=O)C5(C)CC5)C4)c(F)c3)ccc21,7.100179497572904,2,IC50,FASN,CHEMBL4158
Cn1cnc2cc(-c3ccc(C4=NC(C)(C)C(=O)N4C[C@@H]4CCN(C(=O)C5(O)CC5)C4)c(F)c3)ccc21,7.219682687859849,2,IC50,FASN,CHEMBL4158
Cn1nc(C[C@@H]2CCN(C(=O)C3CC3)C2)n(-c2ccc(-c3ccc4occc4c3)cc2)c1=O,7.698970004336019,1,IC50,FASN,CHEMBL4158
Cn1ncc2c(=O)n(C[C@@H]3CCN(C(=O)C4CC4)C3)c(-c3ccc(-c4ccc5[nH]ccc5c4)cc3)nc21,8.102372908709558,1,IC50,FASN,CHEMBL4158
Cn1ncc2cc(-c3ccc(C4=NC(C)(C)C(=O)N4CC4CN(C(=O)C5(O)CC5)C4)c(F)c3)ccc21,6.610833915635467,2,IC50,FASN,CHEMBL4158
Cn1ncc2cc(-c3ccc(C4=NC(C)(C)C(=O)N4CC4CN(C(=O)C5CC5)C4)c(F)c3)ccc21,6.624244974864979,4,IC50,FASN,CHEMBL4158
Cn1ncc2cc(-c3ccc(C4=NC(C)(C)C(=O)N4C[C@@H]4CCN(C(=O)C5(C)CC5)C4)c(F)c3)ccc21,7.17979854051436,2,IC50,FASN,CHEMBL4158
Cn1ncc2cc(-c3ccc(C4=NC(C)(C)C(=O)N4C[C@@H]4CCN(C(=O)C5(O)CC5)C4)c(F)c3)ccc21,7.070070439915412,2,IC50,FASN,CHEMBL4158
Cn1ncc2cc(-c3ccc(C4=NC(C)(C)C(=O)N4C[C@@H]4CCN(C(=O)C5CC5)C4)c(F)c3)ccc21,6.895055088666309,4,IC50,FASN,CHEMBL4158
Cn1ncc2cc(-c3ccc(C4=NC(C)(C)C(=O)N4C[C@@H]4CCN(C(=O)C5CC5)C4)cc3)ccc21,6.851811246337,3,IC50,FASN,CHEMBL4158
Cn1ncc2cc(-c3ccc(C4=NC(C)(c5ccccc5)C(=O)N4C[C@@H]4CCN(C(=O)C5CC5)C4)cc3)ccc21,6.792283329419604,3,IC50,FASN,CHEMBL4158
Cn1ncc2cc(-c3ccc(C4=NC5(CC5)C(=O)N4CC4CCN(C(=O)C5CC5)CC4)cc3)ccc21,5.860120913598763,1,IC50,FASN,CHEMBL4158
Cn1ncc2cc(-c3ccc(C4=NC5(CC5)C(=O)N4CC4CN(C(=O)C5CC5)C4)cc3)ccc21,7.161150909262744,1,IC50,FASN,CHEMBL4158
Cn1ncc2cc(-c3ccc(C4=NC5(CC5)C(=O)N4C[C@@H]4CCN(C(=O)C5CC5)C4)c(F)c3)ccc21,7.657577319177793,1,IC50,FASN,CHEMBL4158
Cn1ncc2cc(-c3ccc(C4=NC5(CC5)C(=O)N4C[C@@H]4CCN(C(=O)C5CC5)C4)cc3)ccc21,7.522878745280337,1,IC50,FASN,CHEMBL4158
Cn1ncc2cc(-c3ccc(C4=NC5(CC5)C(=O)N4C[C@@H]4CCN(C(=O)C5CC5)C4)cc3F)ccc21,6.886056647693163,1,IC50,FASN,CHEMBL4158
Cn1ncc2cc(-c3ccc(C4=NC5(CC5)C(=O)N4C[C@@H]4CCN(C(=O)C5CC5)C4)cn3)ccc21,6.337242168318426,1,IC50,FASN,CHEMBL4158
Cn1ncc2cc(-c3ccc(C4=NC5(CC5)C(=O)N4C[C@@H]4CCN(C(=O)C5CC5)C4)nc3)ccc21,6.102372908709558,1,IC50,FASN,CHEMBL4158
Cn1ncc2cc(-c3ccc(C4=NC5(CC5)C(=O)N4C[C@@H]4CCN(C(=O)C5CC5)C4)s3)ccc21,5.050122295963125,1,IC50,FASN,CHEMBL4158
Cn1ncc2cc(-c3ccc(C4=NC5(CC5)C(=O)N4C[C@H]4CCCN(C(=O)C5CC5)C4)cc3)ccc21,5.070070439915412,1,IC50,FASN,CHEMBL4158
Cn1ncc2cc(-c3ccc(C4=NC5(CC5)C(=O)N4C[C@H]4CCN(C(=O)C5CC5)C4)cc3)ccc21,6.6020599913279625,1,IC50,FASN,CHEMBL4158
Cn1ncc2cc(-c3ccc(C4=NC5(CCCC5)C(=O)N4C[C@@H]4CCN(C(=O)C5CC5)C4)cc3)ccc21,7.080921907623926,1,IC50,FASN,CHEMBL4158
Cn1ncc2cc(-c3ccc(C4=NC5(CCOC5)C(=O)N4C[C@@H]4CCN(C(=O)C5CC5)C4)cc3)ccc21,6.259637310505756,1,IC50,FASN,CHEMBL4158
Cn1ncc2cc(-c3ccc(C4=NC5(CCOCC5)C(=O)N4C[C@@H]4CCN(C(=O)C5CC5)C4)cc3)ccc21,6.337242168318426,1,IC50,FASN,CHEMBL4158
Cn1ncc2cc(-c3cnc(C4=NC5(CC5)C(=O)N4C[C@@H]4CCN(C(=O)C5CC5)C4)nc3)ccc21,4.480172006224281,1,IC50,FASN,CHEMBL4158
Cn1ncc2cc(-c3ncc(C4=NC5(CC5)C(=O)N4C[C@@H]4CCN(C(=O)C5CC5)C4)cn3)ccc21,5.059981844992336,1,IC50,FASN,CHEMBL4158
Cn1ncc2ccc(-c3ccc(C(=O)N4CCN(C(=O)C5(O)CC5)CC4)cc3)cc21,7.585026652029182,1,IC50,FASN,CHEMBL4158
N#CC1(C(=O)N2CC[C@@H](CN3C(=O)C4(CC4)N=C3c3ccc(-c4ccc5occc5c4)cc3)C2)CC1,6.229147988357855,1,IC50,FASN,CHEMBL4158
N#Cc1cc(Cl)c2nc(O)c(-c3ccccc3)c(O)c2c1,6.39577394691553,1,IC50,FASN,CHEMBL4158
N#Cc1cc2c(O)c(-c3cccc(-c4cc(F)cc(F)c4)c3)c(O)nc2cc1Cl,6.137868620686962,1,IC50,FASN,CHEMBL4158
N#Cc1cc2c(O)c(-c3cccc(-c4ccc(F)c(F)c4)c3)c(O)nc2cc1Cl,7.167491087293763,1,IC50,FASN,CHEMBL4158
N#Cc1cc2c(O)c(-c3cccc(-c4ccc(F)cc4)c3)c(O)nc2cc1Cl,7.267606240177031,1,IC50,FASN,CHEMBL4158
N#Cc1cc2c(O)c(-c3cccc(-c4ccc5ccccc5c4)c3)c(O)nc2cc1Cl,6.896196279044043,1,IC50,FASN,CHEMBL4158
N#Cc1cc2c(O)c(-c3cccc(-c4ccccc4)c3)c(O)nc2cc1Cl,7.2839966563652006,1,IC50,FASN,CHEMBL4158
N#Cc1cc2c(O)c(-c3cccc(-c4cccnc4)c3)c(O)nc2cc1Cl,6.7121982700697735,1,IC50,FASN,CHEMBL4158
N#Cc1cc2c(O)c(-c3cccc(-c4csc5ccccc45)c3)c(O)nc2cc1Cl,6.995678626217357,1,IC50,FASN,CHEMBL4158
N#Cc1cc2c(O)c(-c3ccccc3)c(O)nc2cc1Cl,6.866461091629782,1,IC50,FASN,CHEMBL4158
N#Cc1ccc(-c2ccc(-n3c(CC4CCN(C(=O)C5CC5)C4)n[nH]c3=O)cc2)cc1,6.899629454882437,1,IC50,FASN,CHEMBL4158
N#Cc1ccc(C2(F)CCN(C(=O)c3ccc(C(F)(F)F)c(NC(=O)NC4CCOC4)c3)CC2)cc1,7.096910013008056,1,IC50,FASN,CHEMBL4158
N#Cc1ccc(C2(F)CCN(C(=O)c3ccc(C(F)(F)F)c(NC(=O)c4ccc(N5CCC5)nc4)c3)CC2)cc1,6.920818753952375,1,IC50,FASN,CHEMBL4158
N#Cc1ccc(C2(F)CCN(C(=O)c3ccc(C4CCC4)c(-c4nc5c([nH]4)COCC5)c3)CC2)cc1,7.481486060122112,1,IC50,FASN,CHEMBL4158
N#Cc1ccc(C2(F)CCN(C(=O)c3ccc(C4CCC4)c(NC(=O)N[C@@H]4CCOC4)c3)CC2)cc1,7.221848749616356,1,IC50,FASN,CHEMBL4158
N#Cc1ccc(C2(F)CCN(C(=O)c3ccc(C4CCC4)c(NC(=O)N[C@H]4CCOC4)c3)CC2)cc1,7.3979400086720375,1,IC50,FASN,CHEMBL4158
N#Cc1ccc(C2(F)CCN(C(=O)c3ccc(Cl)c(NC(=O)NC4CCOC4)c3)CC2)cc1,7.522878745280337,1,IC50,FASN,CHEMBL4158
N#Cc1ccc(C2(F)CCN(C(=O)c3ccc(Cl)c(NC(=O)c4ccc(N5CCC5)nc4)c3)CC2)cc1,7.522878745280337,1,IC50,FASN,CHEMBL4158
N#Cc1ccc(C2(F)CCN(C(=O)c3ccc(F)c(NC(=O)NC4CCOC4)c3)CC2)cc1,6.886056647693163,1,IC50,FASN,CHEMBL4158
N#Cc1ccc(C2(F)CCN(C(=O)c3ccc(F)c(NC(=O)c4ccc(N5CCC5)nc4)c3)CC2)cc1,6.657577319177793,1,IC50,FASN,CHEMBL4158
N#Cc1ccc(C2CCN(C(=O)c3cc(-c4nc5cc(N6CCCC6)ncc5[nH]4)ccc3C#N)CC2)cc1,5.1249387366083,1,IC50,FASN,CHEMBL4158
N#Cc1ccc(C2CCN(C(=O)c3cc(-c4nc5cc(N6CCCC6)ncc5[nH]4)ccc3Cl)CC2)cc1,7.096910013008056,1,IC50,FASN,CHEMBL4158
N#Cc1ccc(C2CCN(C(=O)c3cc(-c4nc5cc(N6CCCC6)ncc5[nH]4)ccc3OC(F)(F)F)CC2)cc1,4.600620521847371,1,IC50,FASN,CHEMBL4158
N#Cc1ccc(C2CCN(C(=O)c3ccc(C4CCC4)c(-c4nc5c([nH]4)COCC5)c3)CC2)cc1,7.187086643357144,1,IC50,FASN,CHEMBL4158
N#Cc1ccc(C2CCN(C(=O)c3ccc(C4CCC4)c(NC(=O)NC[C@@H]4CCCO4)c3)CC2)cc1,7.045757490560675,1,IC50,FASN,CHEMBL4158
N#Cc1ccc(C2CCN(C(=O)c3ccc(C4CCC4)c(NC(=O)NC[C@H]4CCCO4)c3)CC2)cc1,7.522878745280337,1,IC50,FASN,CHEMBL4158
N#Cc1ccc(C2CCN(C(=O)c3ccc(C4CCC4)c(NC(=O)N[C@H]4CCOC4)c3)CC2)cc1,7.522878745280337,1,IC50,FASN,CHEMBL4158
N#Cc1ccc(C2CCN(C(=O)c3ccc(C4CCC4)c(NC(=O)O[C@@H]4CCOC4)c3)CC2)cc1,7.045757490560675,1,IC50,FASN,CHEMBL4158
N#Cc1ccc(C2CCN(C(=O)c3ccc(C4CCC4)c(NC(=O)O[C@H]4CCOC4)c3)CC2)cc1,7.154901959985743,1,IC50,FASN,CHEMBL4158
N#Cc1ccc(C2CCN(C(=O)c3cccc(-c4nc5cc(N6CCCC6)ncc5[nH]4)c3)CC2)cc1,6.886056647693163,2,IC50,FASN,CHEMBL4158
N#Cc1ccc(C2CCN(C(=O)c3cccc(C(=O)Nc4ccc(N5CCCC5)nc4)c3)CC2)cc1,6.6020599913279625,1,IC50,FASN,CHEMBL4158
N#Cc1ccc(C2CCN(C(=O)c3ccnc(NC(=O)c4ccc(N5CCCC5)nc4)c3)CC2)cc1,6.161150909262744,1,IC50,FASN,CHEMBL4158
N#Cc1ccc2cc(N3CCN(S(=O)(=O)N4CCC5(CC4)CN(C4CC4)C(=O)CO5)CC3)ccc2c1,8.0,1,IC50,FASN,CHEMBL4158
N#Cc1ccc2nc(O)c(-c3ccccc3)c(O)c2c1,5.888065723667319,1,IC50,FASN,CHEMBL4158
N=C(N)NCCC[C@H](NC(=O)[C@H](CCC(N)=O)NC(=O)[C@H](CCC(N)=O)NC(=O)[C@H](CCC(=O)O)NC(=O)[C@H](CCC(=O)O)NC(=O)[C@H](CC(=O)O)NC(=O)[C@H](CCC(=O)O)NC(=O)[C@H](CC(=O)O)NC(=O)[C@H](CCC(=O)O)NC(=O)[C@H](CCC(=O)O)NC(=O)[C@H](CCC(N)=O)NC(=O)[C@H](CCCCN)NC(=O)[C@@H](N)CCCNC(=N)N)C(=O)N[C@@H](CCC(=O)O)C(=O)O,4.958607314841775,1,IC50,FASN,CHEMBL4158
Nc1ncnc2c1ncn2[C@@H]1O[C@H](CS(=O)(=O)CC[C@H](N)C(=O)O)[C@@H](O)[C@H]1O,4.0,1,Ki,FASN,CHEMBL4158
Nc1ncnc2c1ncn2[C@@H]1O[C@H](CSCCC(N)C(=O)O)[C@@H](O)[C@H]1O,4.522878745280337,1,Ki,FASN,CHEMBL4158
Nc1ncnc2c1ncn2[C@@H]1O[C@H](CSCC[C@H](N)C(=O)O)[C@@H](O)[C@H]1O,3.8239087409443187,1,Ki,FASN,CHEMBL4158
Nc1ncnc2c1ncn2[C@@H]1O[C@H](C[S+]([O-])CC[C@H](N)C(=O)O)[C@@H](O)[C@H]1O,4.215939160629546,3,Ki,FASN,CHEMBL4158
O=C(C1CC1)N1CC(Cc2n[nH]c(=O)n2-c2ccc(-c3ccc4cc[nH]c4c3)cc2)C1,7.795880017344075,1,IC50,FASN,CHEMBL4158
O=C(C1CC1)N1CC[C@@H](CN2C(=O)C3(CC3)N=C2c2ccc(-c3c[nH]c4ccccc34)cc2)C1,7.3872161432802645,1,IC50,FASN,CHEMBL4158
O=C(C1CC1)N1CC[C@@H](CN2C(=O)C3(CC3)N=C2c2ccc(-c3ccc(-c4ccncc4)cc3)cc2)C1,7.638272163982407,1,IC50,FASN,CHEMBL4158
O=C(C1CC1)N1CC[C@@H](CN2C(=O)C3(CC3)N=C2c2ccc(-c3ccc4[nH]ncc4c3)cc2)C1,7.494850021680094,1,IC50,FASN,CHEMBL4158
O=C(C1CC1)N1CC[C@@H](CN2C(=O)C3(CC3)N=C2c2ccc(-c3ccc4cc(F)ccc4c3)cc2)C1,7.6020599913279625,1,IC50,FASN,CHEMBL4158
O=C(C1CC1)N1CC[C@@H](CN2C(=O)C3(CC3)N=C2c2ccc(-c3ccc4cccnc4c3)cc2)C1,7.698970004336019,1,IC50,FASN,CHEMBL4158
O=C(C1CC1)N1CC[C@@H](CN2C(=O)C3(CC3)N=C2c2ccc(-c3ccc4cnccc4c3)cc2)C1,7.698970004336019,1,IC50,FASN,CHEMBL4158
O=C(C1CC1)N1CC[C@@H](CN2C(=O)C3(CC3)N=C2c2ccc(-c3ccc4ncccc4c3)cc2)C1,6.795880017344075,1,IC50,FASN,CHEMBL4158
O=C(C1CC1)N1CC[C@@H](CN2C(=O)C3(CC3)N=C2c2ccc(-c3ccc4occc4c3)cc2)C1,7.337242168318426,1,IC50,FASN,CHEMBL4158
O=C(C1CC1)N1CC[C@@H](CN2C(=O)C3(CC3)N=C2c2ccc(-c3ccc4scnc4c3)cc2)C1,7.376750709602099,1,IC50,FASN,CHEMBL4158
O=C(C1CC1)N1CC[C@@H](CN2C(=O)C3(CC3)N=C2c2ccc(-c3cccc(Cl)c3)cc2)C1,7.301029995663981,1,IC50,FASN,CHEMBL4158
O=C(C1CC1)N1CC[C@@H](CN2C(=O)C3(CC3)N=C2c2ccc(-c3cccc4[nH]ncc34)cc2)C1,7.481486060122112,1,IC50,FASN,CHEMBL4158
O=C(C1CC1)N1CC[C@@H](CN2C(=O)C3(CC3)N=C2c2ccc(-c3cnc4ccccc4c3)cc2)C1,6.920818753952375,1,IC50,FASN,CHEMBL4158
O=C(C1CC1)N1CC[C@@H](CN2C(=O)C3(CC3)N=C2c2ccc(-c3n[nH]c4ccccc34)cc2)C1,6.443697499232712,1,IC50,FASN,CHEMBL4158
O=C(C1CC1)N1CC[C@@H](CN2C(=O)C3(CC3)N=C2c2ccc(-c3nc4ccccc4[nH]3)cc2)C1,6.229147988357855,1,IC50,FASN,CHEMBL4158
O=C(C1CC1)N1CC[C@@H](Cc2n[nH]c(=O)n2-c2ccc(-c3ccc4c(c3)OCO4)cc2)C1,6.801342913045577,1,IC50,FASN,CHEMBL4158
O=C(C1CC1)N1CC[C@@H](Cc2n[nH]c(=O)n2-c2ccc(-c3ccc4ccncc4c3)cc2F)C1,8.522878745280337,1,IC50,FASN,CHEMBL4158
O=C(C1CC1)N1CC[C@@H](Cc2n[nH]c(=O)n2-c2ccc(-c3ccc4ccoc4c3)cc2)C1,8.221848749616356,1,IC50,FASN,CHEMBL4158
O=C(C1CC1)N1CC[C@@H](Cc2n[nH]c(=O)n2-c2ccc(-c3ccc4cnccc4c3)cc2F)C1,8.522878745280337,1,IC50,FASN,CHEMBL4158
O=C(C1CC1)N1CC[C@@H](Cc2n[nH]c(=O)n2-c2ccc(-c3ccc4occc4c3)cc2)C1,8.0,1,IC50,FASN,CHEMBL4158
O=C(C1CC1)N1CC[C@@H](Cn2cnnc2-c2ccc(-c3ccc4[nH]ncc4c3)cc2)C1,7.886056647693163,1,IC50,FASN,CHEMBL4158
O=C(CC(F)(F)F)N1CC[C@@H](CN2C(=O)C3(CC3)N=C2c2ccc(-c3ccc4occc4c3)cc2)C1,6.769551078621726,1,IC50,FASN,CHEMBL4158
O=C(N1CC[C@@H](CN2C(=O)C3(CC3)N=C2c2ccc(-c3ccc4occc4c3)cc2)C1)C1(O)CC1,7.443697499232712,1,IC50,FASN,CHEMBL4158
O=C(O[C@@H]1Cc2c(O)cc(O)cc2O[C@@H]1c1cc(O)c(O)c(O)c1)c1cc(O)c(O)c(O)c1,4.28424728317714,1,IC50,FASN,CHEMBL4158
O=C([C@@H]1CCCO1)N1CC[C@@H](CN2C(=O)C3(CC3)N=C2c2ccc(-c3ccc4occc4c3)cc2)C1,7.102372908709558,1,IC50,FASN,CHEMBL4158
O=C([C@H]1CCCO1)N1CC[C@@H](CN2C(=O)C3(CC3)N=C2c2ccc(-c3ccc4occc4c3)cc2)C1,6.522878745280337,1,IC50,FASN,CHEMBL4158
O=C(c1cc(O)cc(O)c1)c1c(O)cc(O)cc1O,5.066006836168757,1,IC50,FASN,CHEMBL4158
O=C(c1ccc(-c2cc(Cl)ccc2F)cc1)N1CCN(C(=O)C2(O)CC2)CC1,6.879975113943676,2,IC50,FASN,CHEMBL4158
O=C(c1ccc(-c2ccc(Cl)cc2F)cc1)N1CCN(C(=O)C2(O)CC2)CC1,6.716134018725965,2,IC50,FASN,CHEMBL4158
O=C(c1ccc(-c2ccc(F)cc2Cl)cc1)N1CCN(C(=O)C2(O)CC2)CC1,5.906578314837764,2,IC50,FASN,CHEMBL4158
O=C(c1ccc(-c2ccc3[nH]ccc3c2)cc1)N1CCN(C(=O)C2(O)CC2)CC1,7.770303756120384,2,IC50,FASN,CHEMBL4158
O=C(c1ccc(-c2ccc3ccccc3n2)cc1)N1CCN(C(=O)C2(O)CC2)CC1,7.245264323948725,2,IC50,FASN,CHEMBL4158
O=C(c1ccc(-c2ccc3cnccc3c2)cc1)N1CCN(C(=O)C2(O)CC2)CC1,7.922331981267469,2,IC50,FASN,CHEMBL4158
O=C(c1ccc(-c2ccc3ocnc3c2)cc1)N1CCN(C(=O)C2(O)CC2)CC1,6.718889266142825,2,IC50,FASN,CHEMBL4158
O=C(c1ccc(-c2ccc3scnc3c2)cc1)N1CCN(C(=O)C2(O)CC2)CC1,7.726728668260934,2,IC50,FASN,CHEMBL4158
O=C(c1ccc(-c2ccccc2)cc1)N1CCN(C(=O)C2(O)CC2)CC1,6.455931955649724,1,IC50,FASN,CHEMBL4158
O=C(c1ccc(-c2ccccc2)cc1)N1CCN(C(=O)C2(O)CCC2)CC1,5.7447274948966935,1,IC50,FASN,CHEMBL4158
O=C(c1ccc(-c2ccccc2)cc1)N1CCN(C(=O)C2(O)CCCC2)CC1,4.301029995663981,1,IC50,FASN,CHEMBL4158
O=C(c1ccc(-c2ccccc2)cc1)N1CCN(C(=O)C2CCCC2)CC1,4.301029995663981,1,IC50,FASN,CHEMBL4158
O=C(c1ccc(-c2ccccc2)cc1)N1CCN(C(=O)C2CCCO2)CC1,5.943095148663527,1,IC50,FASN,CHEMBL4158
O=C(c1ccc(-c2ccccc2)cc1)N1CCN(C(=O)[C@H]2CCCO2)CC1,5.958607314841775,1,IC50,FASN,CHEMBL4158
O=C(c1ccc(-c2cnc3ccccc3c2)cc1)N1CCN(C(=O)C2(O)CC2)CC1,7.9604093769761874,2,IC50,FASN,CHEMBL4158
O=C(c1ccc(-c2nc3cc(Cl)ccc3o2)cc1)N1CCN(C(=O)C2(O)CC2)CC1,7.013806000446263,2,IC50,FASN,CHEMBL4158
O=C(c1ccc(-c2nc3cc(F)ccc3o2)cc1)N1CCN(C(=O)C2(O)CC2)CC1,6.965684468142841,2,IC50,FASN,CHEMBL4158
O=C(c1ccc(-c2nc3ccc(Cl)cc3o2)cc1)N1CCN(C(=O)C2(O)CC2)CC1,6.998097463217487,2,IC50,FASN,CHEMBL4158
O=C(c1ccc(-c2nc3ccc(F)cc3o2)cc1)N1CCN(C(=O)C2(O)CC2)CC1,6.858688943560969,2,IC50,FASN,CHEMBL4158
O=C(c1ccc(-c2nc3ccccc3o2)cc1)N1CCN(C(=O)C2(O)CC2)CC1,7.131642433197194,2,IC50,FASN,CHEMBL4158
O=C(c1ccc(-c2nc3ccccc3s2)cc1)N1CCN(C(=O)C2(O)CC2)CC1,7.209025170813341,2,IC50,FASN,CHEMBL4158
O=C(c1cccc(O)c1)c1cc(O)c(O)c(O)c1,4.830913642512977,1,IC50,FASN,CHEMBL4158
O=C1COC2(CCN(S(=O)(=O)c3ccc(-c4ccc5cccnc5c4)cc3)CC2)CN1C1CC1,8.0,1,IC50,FASN,CHEMBL4158
O=C1COC2(CCN(S(=O)(=O)c3ccc(-c4ccc5cnccc5c4)cc3)CC2)CN1C1CC1,8.221848749616356,1,IC50,FASN,CHEMBL4158
O=C1COC2(CCN(S(=O)(=O)c3ccc(-c4cccc5cnccc45)cc3)CC2)CN1C1CC1,8.221848749616356,1,IC50,FASN,CHEMBL4158
O=[N+]([O-])c1cc2c(O)c(-c3ccccc3)c(O)nc2cc1Cl,6.684029654543082,1,IC50,FASN,CHEMBL4158
O=[N+]([O-])c1ccc2nc(O)c(-c3ccccc3)c(O)c2c1,5.85294232897164,1,IC50,FASN,CHEMBL4158
O=c1c2cc(O)c(O)cc2oc2cc(O)cc(O)c12,4.748361779551788,1,IC50,FASN,CHEMBL4158
O=c1c2cc(O)ccc2oc2cc(O)cc(O)c12,4.387428045934824,1,IC50,FASN,CHEMBL4158
O=c1cc(-c2ccc(O)c(O)c2)oc2cc(O)cc(O)c12,4.204119982655925,1,IC50,FASN,CHEMBL4158
C#CC(O)CC/C(C)=C/CC/C(C)=C/CC/C=C(\C)CC/C=C(\C)CCC(O)C#C,3.0,1,Ki,SQLE,CHEMBL3592
C#CC(O)CC/C(C)=C/CC/C(C)=C/CC/C=C(\C)CC/C=C(\C)CCC=C(C)C,3.210108201691595,2,"Ki,IC50",SQLE,CHEMBL3592
C/C(=C\CC/C=C(\C)CC/C=C(\C)CCCNC1CC1)CC/C=C(\C)CCCNCCCCCCN,5.619788758288394,1,Ki,SQLE,CHEMBL3592
C=C=CCC/C(C)=C/CC/C(C)=C/CC/C=C(\C)CC/C=C(\C)CCC=C(C)C,4.221848749616356,1,IC50,SQLE,CHEMBL3592
CC(C)=CCC/C(=C/CC/C(C)=C/CC/C=C(\C)CC/C=C(\C)CCC=C(C)C)CN,4.228711761869735,2,IC50,SQLE,CHEMBL3592
CC(C)=CCC/C(=C/CC/C(C)=C/CC/C=C(\C)CC/C=C(\C)CCC=C(C)C)CO,5.3979400086720375,1,Ki,SQLE,CHEMBL3592
CC(C)=CCC/C(C)=C/CC/C(C)=C/CC/C=C(\C)CC/C=C(\C)CCCC(O)C[N+](=O)[O-],3.568636235841013,1,IC50,SQLE,CHEMBL3592
CC(C)=CCC/C(C)=C/CC/C(C)=C/CC/C=C(\C)CC/C=C(\C)CCCCO,5.3979400086720375,1,IC50,SQLE,CHEMBL3592
CC(C)=CCC/C(C)=C/CC/C(C)=C/CC/C=C(\C)CC/C=C(\C)CCCN(C)O,4.886056647693163,1,IC50,SQLE,CHEMBL3592
CC(C)=CCC/C(C)=C/CC/C(C)=C/CC/C=C(\C)CC/C=C(\C)CCCO,5.3979400086720375,1,IC50,SQLE,CHEMBL3592
CC(C)=CCC/C(C)=C/CC/C(C)=C/CC/C=C(\C)CC/C=C(\C)CCO,4.3979400086720375,1,IC50,SQLE,CHEMBL3592
CC(C)=CCC/C(C)=C/CC/C(C)=C/CC/C=C(\C)CCCO,4.0,1,IC50,SQLE,CHEMBL3592
CCCCc1oc2ccccc2c1C(=O)c1cc(I)c(OCCN(CC)CC)c(I)c1,4.920818753952375,1,IC50,SQLE,CHEMBL3592
CCN(C/C=C/C#CC(C)(C)C)Cc1cccc(NC[Si](C)(C)c2ccccc2C)c1,7.0,1,IC50,SQLE,CHEMBL3592
CCN(C/C=C/C#CC(C)(C)C)Cc1cccc(OCCN(C)S(=O)(=O)c2cccs2)c1,7.198970004336019,2,IC50,SQLE,CHEMBL3592
CCN(C/C=C/C#CC(C)(C)C)Cc1cccc(OC[Si](C)(C)c2ccc(C#N)cc2)c1,7.698970004336019,1,IC50,SQLE,CHEMBL3592
CCN(C/C=C/C#CC(C)(C)C)Cc1cccc(OC[Si](C)(C)c2ccc(N=[N+]=[N-])cc2)c1,6.2839966563652006,1,IC50,SQLE,CHEMBL3592
CCN(C/C=C/C#CC(C)(C)C)Cc1cccc(OC[Si](C)(C)c2ccccc2C)c1,7.522878745280337,1,IC50,SQLE,CHEMBL3592
CCN(C/C=C/C#CC(C)(C)C)Cc1cccc(OCc2cc(CO)cc(C3(C(F)(F)F)N=N3)c2)c1,3.3010299956639813,1,IC50,SQLE,CHEMBL3592
CCN(CC#Cc1ccc(N=[N+]=[N-])cc1)Cc1cccc(OCc2cc(-c3ccsc3)cs2)c1,6.017728766960431,1,IC50,SQLE,CHEMBL3592
CCN(CC#Cc1cccc(N=[N+]=[N-])c1)Cc1cccc(OCc2cc(-c3ccsc3)cs2)c1,6.568636235841012,1,IC50,SQLE,CHEMBL3592
CCN(CC#Cc1ccccc1)Cc1cccc(OCc2cc(-c3ccsc3)cs2)c1,7.0,1,IC50,SQLE,CHEMBL3592
CCN(Cc1cccc(OCc2cc(-c3cccs3)cs2)c1)c1cc(C2(C(F)(F)F)N=N2)ccc1O,3.3010299956639813,1,IC50,SQLE,CHEMBL3592
CCN(Cc1cccc(OCc2cc(-c3cccs3)cs2)c1)c1cc(O)cc(C2(C(F)(F)F)N=N2)c1,3.3010299956639813,1,IC50,SQLE,CHEMBL3592
CCN(Cc1cccc(OCc2cc(-c3cccs3)cs2)c1)c1ccc(C(=O)c2ccc(CCl)cc2)cc1,3.3010299956639813,1,IC50,SQLE,CHEMBL3592
CN(C/C=C/C#CC(C)(C)C)Cc1cccc2ccccc12,6.372363747448347,2,"Ki,IC50",SQLE,CHEMBL3592
C#CCCC1(CCOP(=O)(OC(C)C)C(Cc2cc(C(C)(C)C)nc(C(C)(C)C)c2)P(=O)(OC(C)C)OC(C)C)N=N1,6.379863945026242,1,EC50,HMGCR,CHEMBL402
C#CCCOP(=O)(OC(C)C)C(Cc1cc(C(C)(C)C)nc(C(C)(C)C)c1)P(=O)(OC(C)C)OC(C)C,6.0996328713435295,1,EC50,HMGCR,CHEMBL402
C#CCOP(=O)(OC(C)C)C(Cc1cc(C(C)(C)C)nc(C(C)(C)C)c1)P(=O)(OC(C)C)OC(C)C,6.198596289982644,1,EC50,HMGCR,CHEMBL402
C#Cc1cc(CC(P(=O)(OC(C)C)OC(C)C)P(=O)(OC(C)C)OC(C)C)cc(C(C)(C)C)c1,5.450996737974212,1,EC50,HMGCR,CHEMBL402
C#Cc1ccc(CNC(=O)O[C@H]2C[C@@H](C)C=C3C=C[C@H](C)[C@H](CC[C@@H]4C[C@@H](O[Si](C)(C)C(C)(C)C)CC(=O)O4)[C@H]32)cc1,7.269217724333611,1,IC50,HMGCR,CHEMBL402
C#Cc1ccc(NC(=O)O[C@H]2C[C@@H](C)C=C3C=C[C@H](C)[C@H](CC[C@@H]4C[C@@H](O[Si](C)(C)C(C)(C)C)CC(=O)O4)[C@H]32)cc1,7.437707135543525,1,IC50,HMGCR,CHEMBL402
C/C(=C\CC[C@@H](C)[C@H]1CC[C@@]2(C)C3=C(CC[C@]12C)[C@@]1(C)CC[C@H](O)C(C)(C)[C@@H]1CC3=O)C(=O)O,4.651695136951839,1,IC50,HMGCR,CHEMBL402
C/C(=C\CC[C@@H](C)[C@H]1C[C@H](O)[C@@]2(C)C3=CC[C@H]4C(C)(C)C(=O)CC[C@]4(C)C3=CC[C@]12C)C(=O)O,4.663540266151471,1,IC50,HMGCR,CHEMBL402
C/C=C/c1cc(OC)c(OC)cc1OC,6.336038067534508,2,IC50,HMGCR,CHEMBL402
C=CCOC1C[C@H](OCc2ccccc2)C[C@@H](/C=C/c2c(-c3ccc(F)cc3)nc(N(C)S(C)(=O)=O)nc2C(C)C)O1,8.522878745280337,1,IC50,HMGCR,CHEMBL402
CC(=O)[C@@]12CC[C@H]([C@H](C)CCCC(C)C)[C@@]1(C)CCC1C2=CCC2C(C)(C)[C@@H](O)CC[C@]12C,6.0,1,IC50,HMGCR,CHEMBL402
CC(C)(C)c1nc(-c2ccc(F)cc2)c(-c2ccc(F)cc2)n1/C=C/[C@@H](O)C[C@@H](O)CC(=O)O,8.088842391260023,1,IC50,HMGCR,CHEMBL402
CC(C)(O)CCCCc1cccc(/C=C/[C@]2(C)CC[C@@H](O)CC2)c1,5.0,1,IC50,HMGCR,CHEMBL402
CC(C)=C[C@H]1C[C@H](C)[C@]2(CC[C@]3(C)C[C@@H]4C(=O)C=C5C4=C(CC[C@H]32)C(=O)N5CCO)O1,5.6020599913279625,1,IC50,HMGCR,CHEMBL402
CC(C)=C[C@H]1C[C@H](C)[C@]2(CC[C@]3(C)C[C@@H]4C(C)=CC(=O)[C@H]4/C(C=O)=C\C[C@H]32)O1,5.075720713938118,1,IC50,HMGCR,CHEMBL402
CC(C)CCC[C@@H](C)[C@H]1CC[C@@]2(C(C)O)C3=CCC4C(C)(C)[C@@H](O)CC[C@]4(C)C3CC[C@]12C,5.673393743112328,2,IC50,HMGCR,CHEMBL402
CC(C)C[C@H](N)C(=O)N1CCC[C@H]1C(=O)N[C@@H](CCCCN)C(=O)N[C@@H](Cc1c[nH]cn1)C(=O)N[C@@H](CO)C(=O)N[C@@H](C)C(=O)N[C@@H](CC(=O)O)C(=O)O,3.756218083906205,1,IC50,HMGCR,CHEMBL402
CC(C)C[C@H](N)C(=O)N1CCC[C@H]1C(=O)N[C@@H](Cc1ccc(O)cc1)C(=O)N1CCC[C@H]1C(=O)O,3.3145090605115266,1,IC50,HMGCR,CHEMBL402
CC(C)C[C@H](NC(=O)CN)C(=O)N1CCC[C@H]1C(=O)N[C@@H](CC(=O)O)C(=O)NCC(=O)NCC(=O)O,4.651500429716163,1,IC50,HMGCR,CHEMBL402
CC(C)C[C@H](NC(=O)CN)C(=O)N1CCC[C@H]1C(=O)N[C@@H](CCC(=O)O)C(=O)NCC(=O)NCC(=O)O,4.564155634015559,1,IC50,HMGCR,CHEMBL402
CC(C)C[C@H](NC(=O)CN)C(=O)N1CCC[C@H]1C(=O)N[C@H](C(=O)NCC(=O)NCC(=O)O)[C@@H](C)O,4.7115271994002175,1,IC50,HMGCR,CHEMBL402
CC(C)C[C@H](NC(=O)[C@H](Cc1ccc(O)cc1)NC(=O)[C@@H](N)CC(C)C)C(=O)N1CCC[C@H]1C(=O)N[C@@H](CCCCN)C(=O)N[C@@H](Cc1c[nH]cn1)C(=O)N[C@@H](CO)C(=O)N[C@@H](CC(=O)O)C(=O)N[C@@H](CCCNC(=N)N)C(=O)N[C@@H](CC(=O)O)C(=O)O,4.051098239029787,1,IC50,HMGCR,CHEMBL402
CC(C)NC(=O)c1c(-c2ccccc2)c(-c2ccc(F)cc2)c(CC[C@@H](O)C[C@@H](O)CC(=O)[O-])n1C(C)C.[Na+],7.823908740944319,1,IC50,HMGCR,CHEMBL402
CC(C)OC1C[C@@H](OCc2ccccc2)C[C@H](/C=C/c2c(-c3ccc(F)cc3)nc(N(C)S(C)(=O)=O)nc2C(C)C)O1,9.0,1,IC50,HMGCR,CHEMBL402
CC(C)OP(=O)(OC(C)C)C(=Cc1cc(C(C)(C)C)c(O)c(C(C)(C)C)c1)P(=O)(OC(C)C)OC(C)C,5.872895201635192,1,EC50,HMGCR,CHEMBL402
CC(C)OP(=O)(OC(C)C)C(Cc1cc(C(C)(C)C)c(O)c(C(C)(C)C)c1)P(=O)(OC(C)C)OC(C)C,6.146971787915344,3,EC50,HMGCR,CHEMBL402
CC(C)OP(=O)(OC(C)C)C(Cc1cc(C(C)(C)C)cc(C(C)(C)C)c1)P(=O)(OC(C)C)OC(C)C,6.498940737782249,1,EC50,HMGCR,CHEMBL402
CC(C)OP(=O)(OC(C)C)C(Cc1cc(C(C)(C)C)cc(C(C)(C)C)n1)P(=O)(OC(C)C)OC(C)C,6.159266765388193,1,EC50,HMGCR,CHEMBL402
CC(C)OP(=O)(OC(C)C)C(Cc1cc(C(C)(C)C)nc(C(C)(C)C)c1)P(=O)(OC(C)C)OC(C)C,6.847367318988275,2,EC50,HMGCR,CHEMBL402
CC(C)OP(=O)(OC(C)C)C(Cc1cc(C(C)(C)C)nc(C(C)(C)C)n1)P(=O)(OC(C)C)OC(C)C,6.346787486224656,1,EC50,HMGCR,CHEMBL402
CC(C)OP(=O)(OC(C)C)C(Cc1cc(C(C)(C)C)nc(C(C)(C)CF)c1)P(=O)(OC(C)C)OC(C)C,7.010550182333308,1,EC50,HMGCR,CHEMBL402
CC(C)OP(=O)(OC(C)C)C(Cc1cc(C(C)(C)C)nc(C(C)(C)CO)c1)P(=O)(OC(C)C)OC(C)C,6.410050398674292,1,EC50,HMGCR,CHEMBL402
CC(C)OP(=O)(OC(C)C)C(Cc1cc(C(C)(C)C)nc(C(C)(C)COCc2ccccc2)c1)P(=O)(OC(C)C)OC(C)C,6.507239610973162,1,EC50,HMGCR,CHEMBL402
CC(C)OP(=O)(OC(C)C)C(Cc1cc(C(C)(C)C)nc(C23CC4CC(CC(C4)C2)C3)c1)P(=O)(OC(C)C)OC(C)C,5.645891560852599,1,EC50,HMGCR,CHEMBL402
CC(C)OP(=O)(OC(C)C)C(Cc1cc(C(C)(C)C)nc2ccccc12)P(=O)(OC(C)C)OC(C)C,5.838631997765026,1,EC50,HMGCR,CHEMBL402
CC(C)OP(=O)(OC(C)C)C(Cc1cc(C(C)(C)CF)nc(C(C)(C)CF)c1)P(=O)(OC(C)C)OC(C)C,7.0746879085003505,1,EC50,HMGCR,CHEMBL402
CC(C)OP(=O)(OC(C)C)C(Cc1cc(C(C)C)nc(C(C)(C)C)c1)P(=O)(OC(C)C)OC(C)C,6.454692883534176,1,EC50,HMGCR,CHEMBL402
CC(C)OP(=O)(OC(C)C)C(Cc1cc(C2CCCCC2)nc(C(C)(C)C)c1)P(=O)(OC(C)C)OC(C)C,6.223298816011589,1,EC50,HMGCR,CHEMBL402
CC(C)OP(=O)(OC(C)C)C(Cc1cc(Cc2ccccc2)nc(C(C)(C)C)c1)P(=O)(OC(C)C)OC(C)C,6.058488567365597,1,EC50,HMGCR,CHEMBL402
CC(C)OP(=O)(OC(C)C)C(Cc1cc(I)cc(C(C)(C)C)c1)P(=O)(OC(C)C)OC(C)C,5.835647144215563,1,EC50,HMGCR,CHEMBL402
CC(C)OP(=O)(OC(C)C)C(Cc1cc(N=[N+]=[N-])cc(C(C)(C)C)c1)P(=O)(OC(C)C)OC(C)C,5.779891911959945,1,EC50,HMGCR,CHEMBL402
CC(C)[C@H](NC(=O)[C@@H](N)Cc1ccc(F)cc1)C(=O)N[C@@H](C)C(=O)N[C@@H](CCC(=O)O)C(=O)O,5.415668775632469,1,IC50,HMGCR,CHEMBL402
CC(C)[C@H](NC(=O)[C@@H](N)Cc1ccc(O)cc1)C(=O)N[C@@H](C)C(=O)N[C@@H](CCC(=O)O)C(=O)O,4.384997385475412,1,IC50,HMGCR,CHEMBL402
CC(C)[C@H](NC(=O)[C@H](C)NC(=O)[C@@H](N)Cc1ccc(O)cc1)C(=O)N[C@@H](CCC(=O)O)C(=O)O,4.348625056086957,1,IC50,HMGCR,CHEMBL402
CC(C)[C@H](NC(=O)[C@H](Cc1ccc(F)cc1)NC(=O)CNC(=O)[C@@H](N)Cc1ccccc1)C(=O)N[C@@H](C)C(=O)N[C@@H](CCC(=O)O)C(=O)O,5.0695604052333,1,IC50,HMGCR,CHEMBL402
CC(C)[C@H](NC(=O)[C@H](Cc1ccc(O)cc1)NC(=O)CNC(=O)[C@@H](N)Cc1ccccc1)C(=O)N[C@@H](C)C(=O)N[C@@H](CCC(=O)O)C(=O)O,6.3872161432802645,1,IC50,HMGCR,CHEMBL402
CC(C)[C@H](NC(=O)[C@H](Cc1ccc(O)cc1)NC(=O)CNC(=O)[C@H](Cc1ccccc1)NC(=O)CN)C(=O)N[C@@H](C)C(=O)N[C@@H](CCC(=O)O)C(=O)O,6.568636235841012,1,IC50,HMGCR,CHEMBL402
CC(C)[C@H](NC(=O)[C@H](Cc1ccc(O)cc1)NC(=O)CNC(=O)[C@H](Cc1ccccc1)NC(=O)[C@@H](N)CC(=O)O)C(=O)N[C@@H](C)C(=O)N[C@@H](CCC(=O)O)C(=O)O,7.044154920623069,2,"Ki,IC50",HMGCR,CHEMBL402
CC(C)[C@H](NC(=O)[C@H](Cc1ccc(O)cc1)NC(=O)CNC(=O)[C@H](Cc1ccccc1)NC(=O)[C@@H](N)CCC(=O)O)C(=O)N[C@@H](C)C(=O)N[C@@H](CCC(=O)O)C(=O)O,6.619788758288394,1,IC50,HMGCR,CHEMBL402
CC(C)[C@H](NC(=O)[C@H](Cc1ccc(O)cc1)NC(=O)CNC(=O)[C@H](Cc1ccccc1)NC(=O)[C@@H](N)[C@@H](C)O)C(=O)N[C@@H](C)C(=O)N[C@@H](CCC(=O)O)C(=O)O,6.585026652029182,1,IC50,HMGCR,CHEMBL402
CC(C)[C@H](NC(=O)[C@H](Cc1ccc(O)cc1)NC(=O)[C@@H]1CCCN1C(=O)[C@@H](N)Cc1ccccc1)C(=O)N[C@@H](C)C(=O)N[C@@H](CCC(=O)O)C(=O)O,5.8326826652518236,1,IC50,HMGCR,CHEMBL402
CC(C)[C@H](NC(=O)[C@H](Cc1ccc(O)cc1)NC(=O)[C@H](Cc1ccccc1)NC(=O)[C@@H](N)Cc1ccccc1)C(=O)N[C@@H](C)C(=O)N[C@@H](CCC(=O)O)C(=O)O,5.59176003468815,1,IC50,HMGCR,CHEMBL402
CC(C)c1c(-c2ccc(F)cc2)nc(-c2ccc(F)cc2)n1/C=C/[C@@H](O)C[C@@H](O)CC(=O)O,8.045757490560675,1,IC50,HMGCR,CHEMBL402
CC(C)c1c(/C=C/[C@@H](O)C[C@@H](O)CC(=O)[O-])c(-c2ccc(F)cc2)cn1-c1ccccc1.[Na+],10.853871964321762,1,IC50,HMGCR,CHEMBL402
CC(C)c1c(/C=C/[C@@H](O)C[C@@H](O)CC(=O)[O-])c(-c2ccc(F)cc2)cn1C(C)C.[Na+],10.301029995663981,1,IC50,HMGCR,CHEMBL402
CC(C)c1c(/C=C/[C@H](O)C[C@@H](O)CC(=O)[O-])c(-c2ccc(F)cc2)cn1C1CCCCC1.[Na+],9.97469413473523,1,IC50,HMGCR,CHEMBL402
CC(C)c1c(Br)c(-c2ccc(F)cc2)c(-c2ccc(F)cc2)n1/C=C/[C@@H](O)C[C@@H](O)CC(=O)O,8.021363051615525,1,IC50,HMGCR,CHEMBL402
CC(C)c1c(C(=O)Nc2ccccc2)c(-c2ccccc2)c(-c2ccc(F)cc2)n1CC[C@@H](O)C[C@@H](O)CC(=O)NO,7.063477401847519,3,IC50,HMGCR,CHEMBL402
CC(C)c1c(C(=O)Nc2ccccc2)c(-c2ccccc2)c(-c2ccc(F)cc2)n1CC[C@@H](O)C[C@@H](O)CC(=O)O,8.379676700679763,5,"Ki,IC50",HMGCR,CHEMBL402
CC(C)c1c(C(=O)Nc2ccccc2)c(-c2ccccc2)c(-c2ccc(F)cc2)n1CC[C@@H]1C[C@@H](O)CC(=O)O1,8.154901959985743,1,IC50,HMGCR,CHEMBL402
CC(C)c1c(CC[C@@H](O)C[C@@H](O)CC(=O)[O-])c(-c2ccc(F)cc2)cn1C(C)C.[Na+],11.698970004336019,1,IC50,HMGCR,CHEMBL402
CC(C)c1c(CC[C@@H](O)C[C@@H](O)CC(=O)[O-])c(-c2ccc(F)cc2)cn1C1CCCCC1.[Na+],10.744727494896694,1,IC50,HMGCR,CHEMBL402
CC(C)c1cc(-c2ccc(F)cc2)c(-c2ccc(F)cc2)n1/C=C/[C@@H](O)C[C@@H](O)CC(=O)O,8.10831266237911,2,IC50,HMGCR,CHEMBL402
CC(C)c1cc(-c2ccc(F)cc2)c(-c2cccc(Br)c2)n1/C=C/[C@@H](O)C[C@@H](O)CC(=O)O,8.145086977692145,1,IC50,HMGCR,CHEMBL402
CC(C)c1cc(-c2ccc(F)cc2)c(-c2cccc(Cl)c2)n1/C=C/[C@@H](O)C[C@@H](O)CC(=O)O,8.145693958198919,1,IC50,HMGCR,CHEMBL402
CC(C)c1cc(-c2ccc(F)cc2)c(-c2ccccc2)n1/C=C/[C@@H](O)C[C@@H](O)CC(=O)O,8.119186407719209,1,IC50,HMGCR,CHEMBL402
CC(C)c1cc(-c2cccc(Br)c2)c(-c2ccc(F)cc2)n1/C=C/[C@@H](O)C[C@@H](O)CC(=O)O,8.031517051446064,1,IC50,HMGCR,CHEMBL402
CC(C)c1cc(-c2cccc(Cl)c2)c(-c2ccc(F)cc2)n1/C=C/[C@@H](O)C[C@@H](O)CC(=O)O,8.060480747381382,1,IC50,HMGCR,CHEMBL402
CC(C)c1cc(-c2ccccc2)c(-c2ccc(F)cc2)n1/C=C/[C@@H](O)C[C@@H](O)CC(=O)O,8.060480747381382,1,IC50,HMGCR,CHEMBL402
CC(C)c1cc(-c2ccccc2)nc(-c2ccc(F)cc2)c1/C=C/[C@@H]1C[C@@H](O)CC(=O)O1,8.0,1,IC50,HMGCR,CHEMBL402
CC(C)c1cc(-c2ccccn2)c(-c2ccc(F)cc2)n1/C=C/[C@@H](O)C[C@@H](O)CC(=O)O,8.060480747381382,1,IC50,HMGCR,CHEMBL402
CC(C)c1cc(-c2ccncc2)c(-c2ccc(F)cc2)n1/C=C/[C@@H](O)C[C@@H](O)CC(=O)O,8.080921907623926,1,IC50,HMGCR,CHEMBL402
CC(C)c1ccc(-c2ccc(F)cc2)n1CC[C@@H]1C[C@@H](O)CC(=O)O1,6.638272163982407,1,IC50,HMGCR,CHEMBL402
CC(C)c1ccc(Sc2c(/C=C/[C@@H]3C[C@@H](O)CC(=O)O3)c(C3CC3)nc3cc(F)c(F)cc23)cc1,3.11975822410452,1,IC50,HMGCR,CHEMBL402
CC(C)c1ccc(Sc2c(/C=C/[C@@H]3C[C@@H](O)CC(=O)O3)c(C3CC3)nc3ccccc23)cc1,4.94692155651658,1,IC50,HMGCR,CHEMBL402
CC(C)c1nc(-c2ccc(F)cc2)c(-c2cc(Cl)cc(Cl)c2)n1/C=C/[C@@H](O)C[C@@H](O)CC(=O)O,8.115771230367397,1,IC50,HMGCR,CHEMBL402
CC(C)c1nc(-c2ccc(F)cc2)c(-c2ccc(F)cc2)n1/C=C/[C@@H](O)C[C@@H](O)CC(=O)O,8.045757490560675,1,IC50,HMGCR,CHEMBL402
CC(C)c1nc(-c2ccc(F)cc2)c(-c2ccc(F)cc2)n1/C=C/[C@H](O)C[C@@H](O)CC(=O)O,8.244125144327509,1,IC50,HMGCR,CHEMBL402
CC(C)c1nc(-c2ccc(F)cc2)c(-c2ccc(F)cc2)n1/C=C/[C@H](O)C[C@H](O)CC(=O)O,8.211124884224583,1,IC50,HMGCR,CHEMBL402
CC(C)c1nc(-c2ccc(F)cc2)c(-c2cccc(Cl)c2)n1/C=C/[C@@H](O)C[C@@H](O)CC(=O)O,8.09151498112135,1,IC50,HMGCR,CHEMBL402
CC(C)c1nc(-c2ccc(F)cc2)c(/C=C/[C@@H]2C[C@@H](O)CC(=O)O2)c(C(C)C)n1,8.318758762624412,1,IC50,HMGCR,CHEMBL402
CC(C)c1nc(-c2ccc(F)cc2)cc(-c2ccc(F)cc2)c1/C=C/[C@@H]1C[C@@H](O)CC(=O)O1,8.1249387366083,1,IC50,HMGCR,CHEMBL402
CC(C)c1nc(-c2ccc(F)cc2)nc(-c2ccc(F)cc2)c1/C=C/[C@@H]1C[C@@H](O)CC(=O)O1,7.7447274948966935,1,IC50,HMGCR,CHEMBL402
CC(C)c1nc(-c2cccc(S(C)(=O)=O)c2)c(-c2ccc(F)cc2)n1/C=C/[C@@H](O)C[C@@H](O)CC(=O)O,8.060480747381382,1,IC50,HMGCR,CHEMBL402
CC(C)c1nc(-c2ccccc2)cc(-c2ccc(F)cc2)c1/C=C/[C@@H]1C[C@@H](O)CC(=O)O1,8.301029995663981,1,IC50,HMGCR,CHEMBL402
CC(C)c1nc(-c2ccccc2)cc(-c2ccc(F)cc2)c1CCC1C[C@@H](O)CC(=O)O1,6.431798275933005,1,IC50,HMGCR,CHEMBL402
CC(C)c1nc(-c2ccccc2)nc(-c2ccc(F)cc2)c1/C=C/[C@@H]1C[C@@H](O)CC(=O)O1,8.301029995663981,1,IC50,HMGCR,CHEMBL402
CC(C)c1nc(-c2cccnc2)c(-c2ccc(F)cc2)n1/C=C/[C@@H](O)C[C@@H](O)CC(=O)O,8.045757490560675,1,IC50,HMGCR,CHEMBL402
CC(C)c1nc(C(C)(C)C)cc(-c2ccc(F)cc2)c1/C=C/[C@@H]1C[C@@H](O)CC(=O)O1,7.698970004336019,1,IC50,HMGCR,CHEMBL402
CC(C)c1nc(C2CCCCC2)cc(-c2ccc(F)cc2)c1/C=C/[C@@H]1C[C@@H](O)CC(=O)O1,8.022276394711152,1,IC50,HMGCR,CHEMBL402
CC(C)c1nc(C2CCCCC2)nc(-c2ccc(F)cc2)c1/C=C/[C@@H]1C[C@@H](O)CC(=O)O1,7.585026652029182,1,IC50,HMGCR,CHEMBL402
CC(C)c1nc(N(C)S(C)(=O)=O)nc(-c2ccc(F)cc2)c1/C=C/[C@@H](O)C[C@@H](O)CC(=O)NO,6.515283619215627,3,IC50,HMGCR,CHEMBL402
CC(C)c1nc(N(C)S(C)(=O)=O)nc(-c2ccc(F)cc2)c1/C=C/[C@@H](O)C[C@@H](O)CC(=O)O,7.778285615420063,6,"Ki,IC50",HMGCR,CHEMBL402
CC(C)c1nc(N(C)S(C)(=O)=O)nc(-c2ccc(F)cc2)c1/C=C/[C@@H]1C[C@@H](OCc2ccccc2)CC(OC(C)(C)C)O1,8.397940008672037,1,IC50,HMGCR,CHEMBL402
CC(C)c1nc(N(C)S(C)(=O)=O)nc(-c2ccc(F)cc2)c1/C=C/[C@@H]1C[C@@H](OCc2ccccc2)CC(OCC(Cl)(Cl)Cl)O1,8.698970004336019,1,IC50,HMGCR,CHEMBL402
CC(C)c1nc(N(C)S(C)(=O)=O)nc(-c2ccc(F)cc2)c1/C=C/[C@H]1C[C@H](O)CC(OCC(Cl)(Cl)Cl)O1,8.698970004336019,1,IC50,HMGCR,CHEMBL402
CC(C)c1nc(N(C)S(C)(=O)=O)nc(-c2ccc(F)cc2)c1/C=C/[C@H]1C[C@H](O)CC(Oc2c(F)cc(F)cc2F)O1,9.0,1,IC50,HMGCR,CHEMBL402
CC(C)c1nn(-c2ccc3ccccc3n2)c(-c2ccc(F)cc2)c1/C=C/[C@@H](O)C[C@@H](O)CC(=O)[O-].[Na+],7.207608310501746,1,IC50,HMGCR,CHEMBL402
CC(C)c1nn(-c2ccccc2)c(-c2ccc(F)cc2)c1/C=C/[C@@H](O)C[C@@H](O)CC(=O)[O-].[Na+],8.154901959985743,1,IC50,HMGCR,CHEMBL402
CC(C)c1nn(-c2ccccc2)c(-c2ccc(F)cc2)c1CCC(O)C[C@@H](O)CC(=O)[O-].[Na+],7.3979400086720375,1,IC50,HMGCR,CHEMBL402
CC(C)c1nn(-c2ccccn2)c(-c2ccc(F)cc2)c1/C=C/[C@@H](O)C[C@@H](O)CC(=O)[O-].[Na+],7.858349385648225,2,IC50,HMGCR,CHEMBL402
CC(C)c1nn(-c2ccccn2)c(-c2ccc(F)cc2)c1CCC(O)C[C@@H](O)CC(=O)[O-].[Na+],6.958607314841775,1,IC50,HMGCR,CHEMBL402
CC(C)c1nn(-c2cnccn2)c(-c2ccc(F)cc2)c1/C=C/[C@@H](O)C[C@@H](O)CC(=O)[O-].[Na+],7.667679012221937,2,IC50,HMGCR,CHEMBL402
CC(C)c1nn(-c2nc3ccccc3s2)c(-c2ccc(F)cc2)c1/C=C/[C@@H](O)C[C@@H](O)CC(=O)[O-].[Na+],7.229147988357855,1,IC50,HMGCR,CHEMBL402
CC(C)n1c(/C=C/C(O)CC(O)CC(=O)O)c(-c2ccc(F)cc2)c2ccccc21,8.502533631634979,2,IC50,HMGCR,CHEMBL402
CC(C)n1c(/C=C/[C@@H](O)C(F)(F)[C@@H](O)CC(=O)[O-])c(-c2ccc(F)cc2)c2ccccc21.[Na+],8.051000545973046,1,IC50,HMGCR,CHEMBL402
CC(C)n1c(CC[C@@H](O)C[C@@H](O)CC(=O)O)c(-c2ccc(F)cc2)c(-c2ccc(F)cc2)c1C(=O)Nc1ccccc1,8.744727494896694,1,IC50,HMGCR,CHEMBL402
CC(C)n1c(CC[C@@H](O)C[C@@H](O)CC(=O)O)c(-c2ccc(F)cc2)c(-c2ccccc2)c1C(=O)N(C)Cc1ccccc1,8.522878745280337,1,IC50,HMGCR,CHEMBL402
CC(C)n1c(CC[C@@H](O)C[C@@H](O)CC(=O)[O-])c(-c2ccc(F)cc2)c(-c2ccc(F)cc2)c1C(=O)Nc1cccc(C(=O)N(C)C)c1.[Na+],9.522878745280337,1,IC50,HMGCR,CHEMBL402
CC(C)n1c(CC[C@@H](O)C[C@@H](O)CC(=O)[O-])c(-c2ccc(F)cc2)c(-c2ccc(F)cc2)c1C(=O)Nc1cccc(O)c1.[Na+],9.154901959985743,1,IC50,HMGCR,CHEMBL402
CC(C)n1c(CC[C@@H](O)C[C@@H](O)CC(=O)[O-])c(-c2ccc(F)cc2)c(-c2ccc(F)cc2)c1C(=O)Nc1ccccc1.[Na+],7.906578314837764,1,IC50,HMGCR,CHEMBL402
CC(C)n1c(CC[C@@H](O)C[C@@H](O)CC(=O)[O-])c(-c2ccc(F)cc2)c(-c2ccccc2)c1C(=O)N(C)C.[Na+],7.698970004336019,1,IC50,HMGCR,CHEMBL402
CC(C)n1c(CC[C@@H](O)C[C@@H](O)CC(=O)[O-])c(-c2ccc(F)cc2)c(-c2ccccc2)c1C(=O)NC1CC1.[Na+],8.42021640338319,1,IC50,HMGCR,CHEMBL402
CC(C)n1c(CC[C@@H](O)C[C@@H](O)CC(=O)[O-])c(-c2ccc(F)cc2)c(-c2ccccc2)c1C(=O)NCc1ccc(C#N)cc1.[Na+],9.698970004336019,1,IC50,HMGCR,CHEMBL402
CC(C)n1c(CC[C@@H](O)C[C@@H](O)CC(=O)[O-])c(-c2ccc(F)cc2)c(-c2ccccc2)c1C(=O)NCc1ccc(C(=O)N(C)C)cc1.[Na+],8.920818753952375,1,IC50,HMGCR,CHEMBL402
CC(C)n1c(CC[C@@H](O)C[C@@H](O)CC(=O)[O-])c(-c2ccc(F)cc2)c(-c2ccccc2)c1C(=O)NCc1ccc(C(=O)O)cc1.[Na+],8.657577319177793,1,IC50,HMGCR,CHEMBL402
CC(C)n1c(CC[C@@H](O)C[C@@H](O)CC(=O)[O-])c(-c2ccc(F)cc2)c(-c2ccccc2)c1C(=O)NCc1cccc(C(N)=O)c1.[Na+],8.920818753952375,1,IC50,HMGCR,CHEMBL402
CC(C)n1c(CC[C@@H](O)C[C@@H](O)CC(=O)[O-])c(-c2ccc(F)cc2)c(-c2ccccc2)c1C(=O)NCc1ccccc1.[Na+],9.096910013008056,1,IC50,HMGCR,CHEMBL402
CC(C)n1c(CC[C@@H](O)C[C@@H](O)CC(=O)[O-])c(-c2ccc(F)cc2)c(-c2ccccc2)c1C(=O)NCc1ccccn1.[Na+],9.096910013008056,1,IC50,HMGCR,CHEMBL402
CC(C)n1c(CC[C@@H](O)C[C@@H](O)CC(=O)[O-])c(-c2ccc(F)cc2)c(-c2ccccc2)c1C(=O)Nc1ccc(C(=O)N(C)C)cc1.[Na+],8.853871964321762,1,IC50,HMGCR,CHEMBL402
CC(C)n1c(CC[C@@H](O)C[C@@H](O)CC(=O)[O-])c(-c2ccc(F)cc2)c(-c2ccccc2)c1C(=O)Nc1ccc(C(=O)O)cc1.[Na+],9.522878745280337,1,IC50,HMGCR,CHEMBL402
CC(C)n1c(CC[C@@H](O)C[C@@H](O)CC(=O)[O-])c(-c2ccc(F)cc2)c(-c2ccccc2)c1C(=O)Nc1ccc(C(N)=O)cc1.[Na+],9.522878745280337,1,IC50,HMGCR,CHEMBL402
CC(C)n1c(CC[C@@H](O)C[C@@H](O)CC(=O)[O-])c(-c2ccc(F)cc2)c(-c2ccccc2)c1C(=O)Nc1ccc(O)cc1.[Na+],9.397940008672037,1,IC50,HMGCR,CHEMBL402
CC(C)n1c(CC[C@@H](O)C[C@@H](O)CC(=O)[O-])c(-c2ccc(F)cc2)c(-c2ccccc2)c1C(=O)Nc1ccc(S(N)(=O)=O)cc1.[Na+],8.537602002101044,1,IC50,HMGCR,CHEMBL402
CC(C)n1c(CC[C@@H](O)C[C@@H](O)CC(=O)[O-])c(-c2ccc(F)cc2)c(-c2ccccc2)c1C(=O)Nc1ccccc1.[Na+],8.744727494896694,1,IC50,HMGCR,CHEMBL402
CC(C)n1c(CC[C@@H](O)C[C@@H](O)CC(=O)[O-])c(-c2ccc(F)cc2)c(-c2ccccc2)c1C(N)=O.[Na+],8.522878745280337,1,IC50,HMGCR,CHEMBL402
CC(C)n1c(CC[C@@H](O)C[C@@H](O)CC(=O)[O-])c(-c2ccc(F)cc2)c2c1C(=O)N(Cc1ccccc1)CCC2.[Na+],8.455931955649724,1,IC50,HMGCR,CHEMBL402
CC(C)n1c(CC[C@@H](O)C[C@@H](O)CC(=O)[O-])c(-c2ccc(F)cc2)c2c1C(=O)N(c1ccccc1)CCC2.[Na+],9.522878745280337,1,IC50,HMGCR,CHEMBL402
CC(C)n1c(CC[C@@H](O)C[C@@H](O)CC(=O)[O-])c(-c2ccc(F)cc2)c2c1C(=O)N(c1ccccc1)Cc1ccccc1-2.[Na+],8.017728766960431,1,IC50,HMGCR,CHEMBL402
CC(C)n1c(CC[C@@H](O)C[C@@H](O)CC(=O)[O-])c(-c2ccc(F)cc2)c2c3ccccc3[nH]c(=O)c21.[Na+],7.931814138253838,1,IC50,HMGCR,CHEMBL402
CC(C)n1c(CC[C@@H](O)C[C@@H](O)CC(=O)[O-])c(-c2ccc(F)cc2)c2c3ccccc3n(-c3ccc(F)cc3)c(=O)c21.[Na+],7.785156151952302,1,IC50,HMGCR,CHEMBL402
CC(C)n1c(CC[C@@H](O)C[C@@H](O)CC(=O)[O-])c(-c2ccc(F)cc2)c2c3ccccc3n(-c3cccc(Cl)c3)c(=O)c21.[Na+],8.537602002101044,1,IC50,HMGCR,CHEMBL402
CC(C)n1c(CC[C@@H](O)C[C@@H](O)CC(=O)[O-])c(-c2ccc(F)cc2)c2c3ccccc3n(-c3cccc(F)c3)c(=O)c21.[Na+],8.721246399047171,1,IC50,HMGCR,CHEMBL402
CC(C)n1c(CC[C@@H](O)C[C@@H](O)CC(=O)[O-])c(-c2ccc(F)cc2)c2c3ccccc3n(-c3ccccc3)c(=O)c21.[Na+],7.777283528852417,1,IC50,HMGCR,CHEMBL402
CC(C)n1c(CC[C@@H](O)C[C@@H](O)CC(=O)[O-])c(-c2ccc(F)cc2)c2c3ccccc3n(Cc3ccc(F)cc3)c(=O)c21.[Na+],8.327902142064282,1,IC50,HMGCR,CHEMBL402
CC(C)n1c(CC[C@@H](O)C[C@@H](O)CC(=O)[O-])c(-c2ccc(F)cc2)c2c3ccccc3n(Cc3cccc(F)c3)c(=O)c21.[Na+],7.42712839779952,1,IC50,HMGCR,CHEMBL402
CC(C)n1c(CC[C@@H](O)C[C@@H](O)CC(=O)[O-])c(-c2ccc(F)cc2)c2c3ccccc3n(Cc3ccccc3)c(=O)c21.[Na+],7.856985199745905,1,IC50,HMGCR,CHEMBL402
CC(C)n1c(CC[C@@H](O)C[C@@H](O)CC(=O)[O-])c(-c2ccc(F)cc2)c2c3ccccc3n(Cc3ccccc3F)c(=O)c21.[Na+],8.522878745280337,1,IC50,HMGCR,CHEMBL402
CC(O)(CC(=O)O)CC(=O)O,6.51343607320015,2,"Ki,IC50",HMGCR,CHEMBL402
CC1=CCC[C@@H]2[C@@](C)(CCC3=CC(=O)O[C@@H]3O)[C@H](C)CC[C@@]12C,4.519993057042849,1,IC50,HMGCR,CHEMBL402
CCC(=O)c1cc(OC)c(OC)cc1O,6.458110777308683,2,IC50,HMGCR,CHEMBL402
CCC(C)(C)C(=O)OC[C@H]1CCCC[C@@H]1CCC(O)C[C@@H](O)CC(=O)O,5.337242168318426,1,IC50,HMGCR,CHEMBL402
CCC(C)(C)C(=O)O[C@@H]1C2C(=C[C@H](C)[C@@H]1O)C=C[C@H](C)[C@@H]2CC[C@@H]1C[C@@H](O)CC(=O)O1,7.876148359032914,1,IC50,HMGCR,CHEMBL402
CCC(C)(C)C(=O)O[C@@H]1C2C(=C[C@H](C)[C@H]1CO)C=C[C@H](C)[C@@H]2CC[C@@H]1C[C@@H](O)CC(=O)O1,7.966576244513051,1,IC50,HMGCR,CHEMBL402
CCC(C)(C)C(=O)O[C@@H]1C2C(=C[C@H](C)[C@H]1[C@@H](O)c1ccccc1)C=C[C@H](C)[C@@H]2CC[C@@H]1C[C@@H](O)CC(=O)O1,7.7055337738384075,1,IC50,HMGCR,CHEMBL402
CCC(C)(C)C(=O)O[C@@H]1C2C(=C[C@H](C)[C@H]1[C@H](C)O)C=C[C@H](C)[C@@H]2CC[C@@H]1C[C@@H](O)CC(=O)O1,8.119186407719209,1,IC50,HMGCR,CHEMBL402
CCC(C)(C)C(=O)O[C@H]1C[C@@H](C)C=C2C=C[C@H](C)[C@H](CC[C@@H](O)C[C@@H](O)CC(=O)NO)[C@H]21,6.976065587239106,3,IC50,HMGCR,CHEMBL402
CCC(C)(C)C(=O)O[C@H]1C[C@@H](C)C=C2C=C[C@H](C)[C@H](CC[C@@H]3C[C@@H](O)CC(=O)O3)C21,7.91721462968355,1,IC50,HMGCR,CHEMBL402
CCC(C)(C)C(=O)O[C@H]1C[C@@H](C)C=C2C=C[C@H](C)[C@H](CC[C@@H]3C[C@@H](O)CC(=O)O3)[C@H]21,7.341103927596845,10,"Ki,IC50",HMGCR,CHEMBL402
CCC(C)(C)c1cc(CC(P(=O)(OC(C)C)OC(C)C)P(=O)(OC(C)C)OC(C)C)cc(C(C)(C)C)n1,6.818156412055227,1,EC50,HMGCR,CHEMBL402
CCC(C)(C)c1cc(CC(P(=O)(OC(C)C)OC(C)C)P(=O)(OC(C)C)OC(C)C)cc(C(C)(C)CC)n1,7.00788851221305,1,EC50,HMGCR,CHEMBL402
CCC(C)C(=O)OC1C[C@@H](C)C=C2C=C[C@H](C)[C@H](CC[C@@H](O)C[C@@H](O)CC(=O)NO)[C@H]21,7.774690718274137,1,IC50,HMGCR,CHEMBL402
CCC(CC)c1cc(CC(P(=O)(OC(C)C)OC(C)C)P(=O)(OC(C)C)OC(C)C)cc(C(C)(C)C)n1,6.141462802430361,1,EC50,HMGCR,CHEMBL402
CCC(CF)(CF)c1cc(CC(P(=O)(OC(C)C)OC(C)C)P(=O)(OC(C)C)OC(C)C)cc(C(C)(C)C)n1,6.991399828238082,1,EC50,HMGCR,CHEMBL402
CCC(CF)(CF)c1cc(CC(P(=O)(OC(C)C)OC(C)C)P(=O)(OC(C)C)OC(C)C)cc(C(CC)(CF)CF)n1,6.448550002027124,1,EC50,HMGCR,CHEMBL402
CCCC(=O)c1cc(OC)c(OCC(=O)OC)cc1O,6.27088653730197,2,IC50,HMGCR,CHEMBL402
CCCC(C)(C)c1cc(CC(P(=O)(OC(C)C)OC(C)C)P(=O)(OC(C)C)OC(C)C)cc(C(C)(C)C)n1,6.4736607226101555,1,EC50,HMGCR,CHEMBL402
CCCCC#CC#CCCCCCC(=O)O,5.522878745280337,1,IC50,HMGCR,CHEMBL402
CCCCC(CC)c1cc(CC(P(=O)(OC(C)C)OC(C)C)P(=O)(OC(C)C)OC(C)C)cc(C(C)(C)C)n1,6.004364805402449,1,EC50,HMGCR,CHEMBL402
CCCCCCCCC#C/C=C/CCCCCC(=O)O,5.698970004336019,1,IC50,HMGCR,CHEMBL402
CCCCCCCCC#C/C=C\CCCCCC(=O)O,5.522878745280337,1,IC50,HMGCR,CHEMBL402
CCCCCCCCC#CC#C/C=C/CCCC(=O)O,6.301029995663981,1,IC50,HMGCR,CHEMBL402
CCCCCCCCC#CC#C/C=C\CCCC(=O)O,5.823908740944319,1,IC50,HMGCR,CHEMBL402
CCCCCCCCC#CC#CC(O)CCCCC(=O)O,5.154901959985743,1,IC50,HMGCR,CHEMBL402
CCCCCCCCC#CC#CC1OC1CCCC(=O)O,5.301029995663981,1,IC50,HMGCR,CHEMBL402
CCCCCCCCC#CC#CCCCCCC(=O)O,5.301029995663981,1,IC50,HMGCR,CHEMBL402
CCCCCCCCC#CCCCCCCCC(=O)O,5.301029995663981,1,IC50,HMGCR,CHEMBL402
CCCOC1C[C@@H](O)C[C@H](/C=C/c2c(-c3ccc(F)cc3)nc(N(C)S(C)(=O)=O)nc2C(C)C)O1,8.0,1,IC50,HMGCR,CHEMBL402
CCCOC1C[C@@H](OC(=O)c2cccnc2)C[C@H](/C=C/c2c(-c3ccc(F)cc3)nc(N(C)S(C)(=O)=O)nc2C(C)C)O1,8.096910013008056,1,IC50,HMGCR,CHEMBL402
CCCOP(=O)(OCCC)C(Cc1cc(C(C)(C)C)nc(C(C)(C)C)c1)P(=O)(OCCC)OCCC,6.0798766737092755,1,EC50,HMGCR,CHEMBL402
CCC[C@@H]1CCC[C@H](/C=C/[C@@H](O)C[C@@H](O)CC(=O)O)[C@H]1COC(=O)C(C)(C)CC,5.309803919971486,1,IC50,HMGCR,CHEMBL402
CCC[C@@H]1CCC[C@H](CC[C@@H](O)C[C@@H](O)CC(=O)O)[C@H]1COC(=O)C(C)(C)CC,5.769551078621726,1,IC50,HMGCR,CHEMBL402
CCC[C@@H]1CC[C@H](C)[C@H](CC[C@@H](O)C[C@@H](O)CC(=O)O)[C@H]1COC(=O)C(C)(C)CC,8.096910013008056,1,IC50,HMGCR,CHEMBL402
CCCc1cc(OC)c(OC)cc1O,6.479819698698019,2,IC50,HMGCR,CHEMBL402
CCCc1cc(OC)c(OCC(=O)OC)cc1O,6.306983306086674,2,IC50,HMGCR,CHEMBL402
CCNC(=O)c1c(-c2ccccc2)c(-c2ccc(F)cc2)c(CC[C@@H](O)C[C@@H](O)CC(=O)[O-])n1C(C)C.[Na+],7.920818753952375,1,IC50,HMGCR,CHEMBL402
CCOP(=O)(OCC)C(=Cc1cc(C(C)(C)C)c(O)c(C(C)(C)C)c1)P(=O)(OCC)OCC,5.958607314841775,1,EC50,HMGCR,CHEMBL402
CCOP(=O)(OCC)C(=Cc1cc(C(C)(C)C)cc(C(C)(C)C)c1)P(=O)(OCC)OCC,5.935542010773082,1,EC50,HMGCR,CHEMBL402
CCOP(=O)(OCC)C(Cc1cc(C(C)(C)C)c(O)c(C(C)(C)C)c1)P(=O)(OCC)OCC,5.758063772888663,2,EC50,HMGCR,CHEMBL402
CCOP(=O)(OCC)C(Cc1cc(C(C)(C)C)nc(C(C)(C)C)c1)P(=O)(OCC)OCC,6.4723700991286615,1,EC50,HMGCR,CHEMBL402
CC[C@@H](C)C(=O)O[C@H]1C[C@@H](C)C=C2C=C[C@H](C)[C@H](CC[C@@H]3C[C@@H](O)CC(=O)O3)[C@H]21,8.657577319177793,1,IC50,HMGCR,CHEMBL402
CC[C@H](C)C(=O)O[C@H]1CCC=C2C=C[C@H](C)[C@H](CC[C@@H]3C[C@@H](O)CC(=O)O3)[C@H]21,7.436919756631311,4,IC50,HMGCR,CHEMBL402
CC[C@H](C)C(=O)O[C@H]1C[C@@H](C)C=C2C=C[C@H](C)[C@H](CCC(O)C[C@@H](O)CC(=O)[O-])[C@H]21.[Na+],7.698970004336019,1,IC50,HMGCR,CHEMBL402
CC[C@H](C)C(=O)O[C@H]1C[C@@H](C)C=C2C=C[C@H](C)[C@H](CC[C@@H](O)C[C@@H](O)CC(=O)NO)[C@H]21,6.286646796976843,2,IC50,HMGCR,CHEMBL402
CC[C@H](C)C(=O)O[C@H]1C[C@@H](C)C=C2C=C[C@H](C)[C@H](CC[C@@H]3C[C@@H](O)CC(=O)O3)C21,7.7447274948966935,1,IC50,HMGCR,CHEMBL402
CC[C@H](C)C(=O)O[C@H]1C[C@@H](C)C=C2C=C[C@H](C)[C@H](CC[C@@H]3C[C@@H](O)CC(=O)O3)[C@H]21,7.613692628499011,13,"Ki,IC50",HMGCR,CHEMBL402
CC[C@H](C)C(=O)O[C@H]1C[C@@H](C)[C@H](O)C2=C[C@@H](O)[C@H](C)[C@H](CC[C@@H]3CC=CC(=O)O3)[C@H]21,3.4122890349810886,1,IC50,HMGCR,CHEMBL402
CC[C@H](C)C(=O)O[C@H]1C[C@H](O)C=C2C=C[C@H](C)[C@H](CC[C@@H](O)C[C@@H](O)CC(=O)O)[C@H]21,7.391109753897901,3,IC50,HMGCR,CHEMBL402
CC[C@H](C)C(=O)O[C@H]1C[C@H](O)C=C2C=C[C@H](C)[C@H](CC[C@@H](O)C[C@@H](O)CC(=O)[O-])[C@H]21.[Na+],6.693079089061966,2,IC50,HMGCR,CHEMBL402
CC[C@H](C)[C@H](N)C(=O)N[C@@H](C)C(=O)N[C@H](C(=O)N1CCC[C@H]1C(=O)NCC(=O)N[C@@H](CCC(=O)O)C(=O)N[C@H](C(=O)N[C@@H](C)C(=O)O)C(C)C)C(C)C,3.6965447396581173,1,IC50,HMGCR,CHEMBL402
CC[C@H](C)[C@H](N)C(=O)N[C@@H](C)C(=O)N[C@H](C(=O)N1CCC[C@H]1C(=O)N[C@H](C(=O)NCC(=O)N[C@H](C(=O)N[C@@H](C)C(=O)O)C(C)C)[C@@H](C)O)C(C)C,3.8176138829629336,1,IC50,HMGCR,CHEMBL402
CC[C@H](C)[C@H](N)C(=O)N[C@@H](C)C(=O)N[C@H](C(=O)N[C@@H](CCC(=O)O)C(=O)O)C(C)C,4.123608938180812,1,IC50,HMGCR,CHEMBL402
CC[C@H](C)[C@H](N)C(=O)N[C@H](C(=O)N[C@@H](C)C(=O)N[C@@H](CCC(=O)O)C(=O)O)C(C)C,4.2784366816425194,1,IC50,HMGCR,CHEMBL402
CC[C@H](C)[C@H](NC(=O)[C@@H](N)CC(C)C)C(=O)N[C@@H](CC(C)C)C(=O)N1CCC[C@H]1C(=O)N[C@@H](CCCCN)C(=O)N[C@@H](Cc1c[nH]cn1)C(=O)N[C@@H](CO)C(=O)N[C@@H](C)C(=O)N[C@@H](CC(=O)O)C(=O)O,3.8320921899985203,1,IC50,HMGCR,CHEMBL402
CCc1cc(-c2c(-c3ccc(F)cc3)nc(C(C)C)n2/C=C/[C@@H](O)C[C@@H](O)CC(=O)O)cc(CC)c1F,8.154901959985743,1,IC50,HMGCR,CHEMBL402
CN(C)c1nc(-c2ccc(F)cc2)c(-c2ccc(F)cc2)n1/C=C/[C@@H](O)C[C@@H](O)CC(=O)O,8.094743951251548,1,IC50,HMGCR,CHEMBL402
CNC(=O)c1c(-c2ccccc2)c(-c2ccc(F)cc2)c(CC[C@@H](O)C[C@@H](O)CC(=O)[O-])n1C(C)C.[Na+],8.05551732784983,1,IC50,HMGCR,CHEMBL402
CNCCCCCn1c(-c2ncc(-c3ccc4ccccc4c3)n2CC2CCCCC2)cnc1I,4.441171475182989,1,IC50,HMGCR,CHEMBL402
CNCCCCCn1c(-c2ncc(-c3ccc4ccccc4c3)n2CCCC(C)(C)C)cnc1I,3.8332739444199486,1,IC50,HMGCR,CHEMBL402
CNCCCCCn1cncc1-c1ncc(-c2ccc3ccccc3c2)n1CC1CCCCC1,4.4156687756324695,1,IC50,HMGCR,CHEMBL402
CNCCCCCn1cncc1-c1ncc(-c2ccc3ccccc3c2)n1CCCC(C)(C)C,4.3927594961682574,1,IC50,HMGCR,CHEMBL402
CNc1cccc(-c2nc(C(C)C)n(/C=C/[C@@H](O)C[C@@H](O)CC(=O)O)c2-c2ccc(F)cc2)c1,8.0695604052333,1,IC50,HMGCR,CHEMBL402
COC1C[C@H](OCc2ccccc2)C[C@@H](/C=C/c2c(-c3ccc(F)cc3)nc(N(C)S(C)(=O)=O)nc2C(C)C)O1,7.657577319177793,1,IC50,HMGCR,CHEMBL402
COCOCC(C)(C)c1cc(CC(P(=O)(OC(C)C)OC(C)C)P(=O)(OC(C)C)OC(C)C)cc(C(C)(C)C)n1,6.308034897232639,1,EC50,HMGCR,CHEMBL402
COCc1c(C(C)C)nc(C(C)C)c(/C=C/[C@@H](O)C[C@@H](O)CC(=O)O)c1-c1ccc(F)cc1,9.035290537142853,2,IC50,HMGCR,CHEMBL402
COCc1ccc(CNC(=O)c2c(-c3ccccc3)c(-c3ccc(F)cc3)c(CC[C@@H](O)C[C@@H](O)CC(=O)[O-])n2C(C)C)cc1.[Na+],9.154901959985743,1,IC50,HMGCR,CHEMBL402
COc1cc(N)c(Cl)cc1C(=O)NC1CCN(CCCOc2ccc(F)cc2)CC1OC,5.4723700991286615,1,IC50,HMGCR,CHEMBL402
COc1ccc(-c2cc(-c3ccccc3)nc(C(C)C)c2/C=C/[C@@H]2C[C@@H](O)CC(=O)O2)cc1,6.823908740944319,1,IC50,HMGCR,CHEMBL402
COc1ccc(CNC(=O)c2c(-c3ccccc3)c(-c3ccc(F)cc3)c(CC[C@@H](O)C[C@@H](O)CC(=O)[O-])n2C(C)C)cc1.[Na+],9.096910013008056,1,IC50,HMGCR,CHEMBL402
COc1ccc(OC2C[C@@H](O)C[C@H](/C=C/c3c(-c4ccc(F)cc4)nc(N(C)S(C)(=O)=O)nc3C(C)C)O2)c(OC)c1,8.698970004336019,1,IC50,HMGCR,CHEMBL402
COc1ccc2nc(C3CC3)c(/C=C/[C@@H]3C[C@@H](O)CC(=O)O3)c(Sc3ccc(C(C)C)cc3)c2c1,4.384049948343599,1,IC50,HMGCR,CHEMBL402
COc1ccc2nc(C3CC3)c(/C=C/[C@@H]3C[C@@H](O)CC(=O)O3)c(Sc3ccc(F)cc3)c2c1,4.590066876668706,1,IC50,HMGCR,CHEMBL402
COc1cccc(CNC(=O)c2c(-c3ccccc3)c(-c3ccc(F)cc3)c(CC[C@@H](O)C[C@@H](O)CC(=O)[O-])n2C(C)C)c1.[Na+],8.744727494896694,1,IC50,HMGCR,CHEMBL402
COc1cccc(NC(=O)c2c(-c3ccc(F)cc3)c(-c3ccc(F)cc3)c(CC[C@@H](O)C[C@@H](O)CC(=O)[O-])n2C(C)C)c1.[Na+],8.18045606445813,1,IC50,HMGCR,CHEMBL402
COc1cccc(Sc2c(/C=C/[C@@H]3C[C@@H](O)CC(=O)O3)c(C3CC3)nc3cc(F)c(F)cc23)c1,3.4441803169388088,1,IC50,HMGCR,CHEMBL402
COc1cccc(Sc2c(/C=C/[C@@H]3C[C@@H](O)CC(=O)O3)c(C3CC3)nc3ccc(F)cc23)c1,5.251037138743838,1,IC50,HMGCR,CHEMBL402
COc1cccc(Sc2cc3nc(C4CC4)c(/C=C/[C@@H]4C[C@@H](O)CC(=O)O4)c(Sc4cccc(OC)c4)c3cc2F)c1,5.1487416512809245,1,IC50,HMGCR,CHEMBL402
C[C@@H](O)[C@H](NC(=O)[C@@H]1CCCN1C(=O)[C@H](Cc1ccc(F)cc1)NC(=O)CN)C(=O)NCC(=O)NCC(=O)O,5.950989806895166,2,"Ki,IC50",HMGCR,CHEMBL402
C[C@@H](O)[C@H](NC(=O)[C@@H]1CCCN1C(=O)[C@H](Cc1ccccc1)NC(=O)CN)C(=O)NCC(=O)NCC(=O)O,4.771086594005312,1,IC50,HMGCR,CHEMBL402
C[C@H](CCCC(C)(C)O)[C@H]1CC[C@H]2[C@@H]3CC=C4C[C@@H](O)CC[C@]4(C)[C@H]3CC[C@]12C,6.361769097913378,2,"EC50,IC50",HMGCR,CHEMBL402
C[C@H]1C=C2C=C[C@H](C)[C@H](CC[C@@H]3C[C@@H](O[Si](C)(C)C(C)(C)C)CC(=O)O3)[C@H]2[C@@H](OC(=O)NCCCCCCC(=O)NO)C1,6.471010512860338,3,IC50,HMGCR,CHEMBL402
C[C@H]1C=C2C=C[C@H](C)[C@H](CC[C@@H]3C[C@@H](O[Si](C)(C)C(C)(C)C)CC(=O)O3)[C@H]2[C@@H](OC(=O)NCc2ccc(-c3cn(CCCCCCC(=O)NO)nn3)cc2)C1,6.443869857545124,3,IC50,HMGCR,CHEMBL402
C[C@H]1C=C2C=C[C@H](C)[C@H](CC[C@@H]3C[C@@H](O[Si](C)(C)C(C)(C)C)CC(=O)O3)[C@H]2[C@@H](OC(=O)Nc2ccc(-c3cn(CCCCCCC(=O)NO)nn3)cc2)C1,6.509036469346296,3,IC50,HMGCR,CHEMBL402
C[C@H]1C=CC[C@H](COC(=O)C(C)(C)C)[C@H]1CCC(O)CC(O)CC(=O)O,2.8239087409443187,1,IC50,HMGCR,CHEMBL402
Cc1c(/C=C/[C@@H](O)C[C@@H](O)CC(=O)[O-])c(-c2ccc(F)cc2)c(C)n1-c1ccccc1.[Na+],8.301029995663981,1,IC50,HMGCR,CHEMBL402
Cc1c(/C=C/[C@@H](O)C[C@@H](O)CC(=O)[O-])c(-c2ccc(F)cc2)cn1C(C)C.[Na+],8.221848749616356,1,IC50,HMGCR,CHEMBL402
Cc1c(/C=C/[C@H](O)C[C@@H](O)CC(=O)[O-])c(-c2ccc(F)cc2)cn1-c1ccccc1.[Na+],9.080921907623926,1,IC50,HMGCR,CHEMBL402
Cc1c(CC[C@@H](O)C[C@@H](O)CC(=O)[O-])c(-c2ccc(F)cc2)c(C)n1-c1ccccc1.[Na+],9.244125144327509,1,IC50,HMGCR,CHEMBL402
Cc1c(CC[C@@H](O)C[C@@H](O)CC(=O)[O-])c(-c2ccc(F)cc2)cn1C(C)C.[Na+],9.568636235841012,1,IC50,HMGCR,CHEMBL402
Cc1cc(-c2c(-c3ccc(F)cc3)nc(C(C)C)n2/C=C/[C@@H](O)C[C@@H](O)CC(=O)O)cc(C)c1F,8.123782159408357,1,IC50,HMGCR,CHEMBL402
Cc1cc(-c2ccc(F)cc2)c(/C=C/[C@@H]2C[C@@H](O)CC(=O)O2)c(C(C)C)n1,7.301029995663981,1,IC50,HMGCR,CHEMBL402
Cc1cc(-c2ccc(F)cc2)c(/C=C/[C@@H]2C[C@@H](O)CC(=O)O2)c(C)n1,5.698970004336019,1,IC50,HMGCR,CHEMBL402
Cc1cc(-c2nc(C(C)C)n(/C=C/[C@@H](O)C[C@@H](O)CC(=O)O)c2-c2ccc(F)cc2)cc(C)c1Cl,8.060480747381382,1,IC50,HMGCR,CHEMBL402
Cc1cc(C)cc(-c2c(-c3ccc(F)cc3)nc(C(C)C)n2/C=C/[C@@H](O)C[C@@H](O)CC(=O)O)c1,8.139661993429007,1,IC50,HMGCR,CHEMBL402
Cc1cc(CNC(=O)c2c(-c3ccccc3)c(-c3ccc(F)cc3)c(CC[C@@H](O)C[C@@H](O)CC(=O)[O-])n2C(C)C)n[nH]1.[Na+],8.585026652029182,1,IC50,HMGCR,CHEMBL402
Cc1cc(CNC(=O)c2c(-c3ccccc3)c(-c3ccc(F)cc3)c(CC[C@@H](O)C[C@@H](O)CC(=O)[O-])n2C(C)C)nn1C.[Na+],9.221848749616356,1,IC50,HMGCR,CHEMBL402
Cc1cc(F)ccc1-c1c(-c2ccc(F)cc2)nc(C(C)C)n1/C=C/[C@@H](O)C[C@@H](O)CC(=O)O,8.075720713938118,1,IC50,HMGCR,CHEMBL402
Cc1ccc(C)c(-c2cc(-c3ccc(F)cc3)c(/C=C/[C@@H]3C[C@@H](O)CC(=O)O3)c(C(C)C)n2)c1,7.698970004336019,1,IC50,HMGCR,CHEMBL402
Cc1cnc(CNC(=O)c2c(-c3ccccc3)c(-c3ccc(F)cc3)c(CC[C@@H](O)C[C@@H](O)CC(=O)[O-])n2C(C)C)[nH]1.[Na+],8.468521082957745,1,IC50,HMGCR,CHEMBL402
Cc1csc(CNC(=O)c2c(-c3ccccc3)c(-c3ccc(F)cc3)c(CC[C@@H](O)C[C@@H](O)CC(=O)[O-])n2C(C)C)n1.[Na+],8.823908740944319,1,IC50,HMGCR,CHEMBL402
Cc1nc(-c2ccccc2)cc(-c2ccc(F)cc2)c1/C=C/[C@@H]1C[C@@H](O)CC(=O)O1,7.045757490560675,1,IC50,HMGCR,CHEMBL402
Cc1nc(-c2ccccc2)cc(-c2ccc(F)cc2)c1/C=C\[C@@H]1C[C@@H](O)CC(=O)O1,5.301029995663981,1,IC50,HMGCR,CHEMBL402
Cc1ncsc1-c1ccc(CNC(=O)[C@@H]2C[C@@H](O)CN2C(=O)[C@@H](NC(=O)CCCCCCCCCCNC(=O)O[C@@H]2C[C@H](C)C=C3C=C[C@@H](C)[C@@H](CC[C@@H](O)C[C@@H](C)CC(=O)O)[C@@H]32)C(C)(C)C)cc1,6.920818753952375,1,IC50,HMGCR,CHEMBL402
Cc1ncsc1-c1ccc(CNC(=O)[C@@H]2C[C@@H](O)CN2C(=O)[C@H](NC(=O)CCCCCCCCCCNC(=O)OC2C[C@@H](C)C=C3C=C[C@H](C)[C@H](CC[C@@H](O)C[C@@H](O)CC=O)[C@H]32)C(C)(C)C)cc1,6.6020599913279625,1,IC50,HMGCR,CHEMBL402
Cc1ncsc1-c1ccc(CNC(=O)[C@@H]2C[C@@H](O)CN2C(=O)[C@H](NC(=O)CCCCCCCCCCNC(=O)OC2C[C@@H](C)C=C3C=C[C@H](C)[C@H](CC[C@@H]4C[C@@H](O)CC(=O)O4)[C@H]32)C(C)(C)C)cc1,5.886056647693163,1,IC50,HMGCR,CHEMBL402
Cc1nnnn1C(/C=C/[C@@H](O)C[C@@H](O)CC(=O)[O-])=C(c1ccc(F)cc1)c1ccc(F)cc1.[Na+],5.889410289700751,1,IC50,HMGCR,CHEMBL402
Cn1nnnc1C(/C=C/[C@@H](O)C[C@@H](O)CC(=O)[O-])=C(c1ccc(F)cc1)c1ccc(F)cc1.[Na+],5.730551321419868,3,IC50,HMGCR,CHEMBL402
NCC(=O)N[C@@H](Cc1ccc(F)cc1)C(=O)N1CCC[C@H]1C(=O)N[C@@H](CC(=O)O)C(=O)NCC(=O)NCC(=O)O,5.158015195409886,1,IC50,HMGCR,CHEMBL402
NCC(=O)N[C@@H](Cc1ccc(F)cc1)C(=O)N1CCC[C@H]1C(=O)N[C@@H](CCC(=O)O)C(=O)NCC(=O)NCC(=O)O,6.1249387366083,1,IC50,HMGCR,CHEMBL402
NCC(=O)N[C@@H](Cc1ccccc1)C(=O)N1CCC[C@H]1C(=O)N[C@@H](CC(=O)O)C(=O)NCC(=O)NCC(=O)O,5.818156412055227,1,IC50,HMGCR,CHEMBL402
NCC(=O)N[C@@H](Cc1ccccc1)C(=O)N1CCC[C@H]1C(=O)N[C@@H](CCC(=O)O)C(=O)NCC(=O)NCC(=O)O,5.7495799976911055,1,IC50,HMGCR,CHEMBL402
O=C(O)C[C@H](O)CP(=O)(O)CCc1c(Cl)cc(Cl)cc1OCc1ccccc1,7.795880017344075,1,Ki,HMGCR,CHEMBL402
O=C(O)C[C@H](O)C[C@H](O)/C=C/n1c(C(F)(F)F)nc(-c2ccc(F)cc2)c1-c1ccc(F)cc1,8.10292299679058,1,IC50,HMGCR,CHEMBL402
O=C(O)C[C@H](O)C[C@H](O)CCc1c(Cl)cc(Cl)cc1OCc1ccccc1,8.522878745280337,1,Ki,HMGCR,CHEMBL402
O=C(OC[C@H]1O[C@@H](OC(=O)c2cc(O)c(O)c(OC(=O)c3cc(O)c(O)c(O)c3)c2)[C@H](OC(=O)c2cc(O)c(O)c(OC(=O)c3cc(O)c(O)c(O)c3)c2)[C@@H](OC(=O)c2cc(O)c(O)c(OC(=O)c3cc(O)c(O)c(O)c3)c2)[C@@H]1OC(=O)c1cc(O)c(O)c(OC(=O)c2cc(O)c(O)c(O)c2)c1)c1cc(O)c(O)c(OC(=O)c2cc(O)c(O)c(O)c2)c1,5.504872118757067,1,IC50,HMGCR,CHEMBL402
O=C([O-])C[C@H](O)C[C@H](O)/C=C/C(=C(c1ccc(F)cc1)c1ccc(F)cc1)n1cnnn1.[Na+],5.764471553092451,1,IC50,HMGCR,CHEMBL402
O=C([O-])C[C@H](O)C[C@H](O)/C=C/c1c(C(F)(F)F)nn(-c2ccccn2)c1-c1ccc(F)cc1.[Na+],7.769551078621726,1,IC50,HMGCR,CHEMBL402
O=C([O-])C[C@H](O)C[C@H](O)/C=C/c1c(C2CC2)nc2ccccc2c1-c1ccc(F)cc1.O=C([O-])C[C@H](O)C[C@H](O)/C=C/c1c(C2CC2)nc2ccccc2c1-c1ccc(F)cc1.[Ca+2],5.050609993355087,1,IC50,HMGCR,CHEMBL402
O=C1C[C@H](O)C[C@@H](/C=C/c2c(C3CC3)nc3cc(Sc4ccc(F)cc4)c(F)cc3c2Sc2ccc(F)cc2)O1,4.34008379993015,1,IC50,HMGCR,CHEMBL402
O=C1C[C@H](O)C[C@@H](/C=C/c2c(C3CC3)nc3ccc(F)cc3c2Sc2ccc(F)cc2)O1,5.159266765388193,1,IC50,HMGCR,CHEMBL402
O=C1C[C@H](O)C[C@@H](/C=C/c2c(C3CC3)nc3ccccc3c2Sc2ccc(F)cc2)O1,4.204815410317576,1,IC50,HMGCR,CHEMBL402
C/C=C\CCCCCOc1ccc(NS(=O)(=O)c2ccc3c(c2)CN(C(=O)Nc2ccc(C(C)(C)C)cc2)C3)c(F)c1,8.698970004336019,1,IC50,DGAT2,CHEMBL2439944
C/C=C\CCCOc1ccc(NS(=O)(=O)c2ccc3c(c2)CN(C(=O)Nc2ccc(C(C)(C)C)cc2)C3)c(F)c1,6.892790030352131,1,IC50,DGAT2,CHEMBL2439944
CC(=O)Nc1cc(S(=O)(=O)Nc2ccc(F)cc2F)cc2c1N(CCc1ccccc1)CC2,9.0,1,IC50,DGAT2,CHEMBL2439944
CC(=O)c1ccc(C2=C(n3nn[nH]c3=O)C(=O)N[C@@](c3ccc(OCCCC(F)(F)F)cc3)(C(F)(F)F)C2)s1,8.096910013008056,1,IC50,DGAT2,CHEMBL2439944
CC(C)(C)[C@H]1CC[C@@H](C(=O)N2CCc3cc(S(=O)(=O)Nc4ccc(CCCC5CCCC5)cc4F)ccc3C2)CC1,6.534617148551582,1,IC50,DGAT2,CHEMBL2439944
CC(C)(C)[C@H]1CC[C@H](C(=O)N2CCc3cc(S(=O)(=O)Nc4ccc(CCCC5CCCC5)cc4F)ccc3C2)CC1,7.055517327849831,1,IC50,DGAT2,CHEMBL2439944
CC(C)(C)c1cc(CCN2CCc3cc(S(=O)(=O)Nc4ccc(CCCC5CCCC5)cc4F)ccc3C2)ccn1,6.785156151952302,1,IC50,DGAT2,CHEMBL2439944
CC(C)(C)c1cc(CN2CCc3cc(S(=O)(=O)Nc4ccc(CCCC5CCCC5)cc4F)ccc3C2)ccn1,7.1487416512809245,1,IC50,DGAT2,CHEMBL2439944
CC(C)(C)c1cc(CN2CCc3cc(S(=O)(=O)Nc4ccc(OCCC5CCOCC5)cc4F)ccc3C2)ccn1,6.628932137728263,1,IC50,DGAT2,CHEMBL2439944
CC(C)(C)c1ccc(C(=O)N2CCc3cc(S(=O)(=O)Nc4ccc(CCCC5CCCC5)cc4F)ccc3C2)cc1,6.675717544702307,1,IC50,DGAT2,CHEMBL2439944
CC(C)(C)c1ccc(C(C)(C)N2CCc3cc(S(=O)(=O)Nc4ccc(CCCC5CCCC5)cc4F)ccc3C2)cn1,8.301029995663981,1,IC50,DGAT2,CHEMBL2439944
CC(C)(C)c1ccc(C2(N3CCc4cc(S(=O)(=O)Nc5ccc(CCCC6CCCC6)cc5F)ccc4C3)CC2)cn1,7.221848749616356,1,IC50,DGAT2,CHEMBL2439944
CC(C)(C)c1ccc(CC(=O)N2CCc3cc(S(=O)(=O)Nc4ccc(OCCC5CCCCC5)cc4F)ccc3C2)cc1,6.826813731587726,1,IC50,DGAT2,CHEMBL2439944
CC(C)(C)c1ccc(CC(=O)N2Cc3ccc(S(=O)(=O)Nc4ccc(F)cc4)cc3C2)cc1,5.09312646527793,1,IC50,DGAT2,CHEMBL2439944
CC(C)(C)c1ccc(CC(C)(C)N2CCc3cc(S(=O)(=O)Nc4ccc(CCCC5CCCC5)cc4F)ccc3C2)cc1,7.853871964321762,1,IC50,DGAT2,CHEMBL2439944
CC(C)(C)c1ccc(CC(C)(C)N2CCc3cc(S(=O)(=O)Nc4ccc(OCCC5CCOCC5)cc4F)ccc3C2)cc1,6.651695136951839,1,IC50,DGAT2,CHEMBL2439944
CC(C)(C)c1ccc(CC2(N3CCc4cc(S(=O)(=O)Nc5ccc(CCCC6CCCC6)cc5F)ccc4C3)CC2)cc1,6.698970004336019,1,IC50,DGAT2,CHEMBL2439944
CC(C)(C)c1ccc(CCN2CCc3cc(S(=O)(=O)Nc4ccc(CCCC5CCCC5)cc4F)ccc3C2)cc1,7.552841968657781,1,IC50,DGAT2,CHEMBL2439944
CC(C)(C)c1ccc(CCN2CCc3cc(S(=O)(=O)Nc4ccc(CCCC5CCCC5)cc4F)ccc3C2)cn1,7.207608310501746,1,IC50,DGAT2,CHEMBL2439944
CC(C)(C)c1ccc(CCN2CCc3cc(S(=O)(=O)Nc4ccc(CCCC5CCCCC5)cc4F)ccc3C2)cc1,7.207608310501746,1,IC50,DGAT2,CHEMBL2439944
CC(C)(C)c1ccc(CCN2CCc3cc(S(=O)(=O)Nc4ccc(CCCC5CCOCC5)cc4F)ccc3C2)cc1,7.619788758288394,1,IC50,DGAT2,CHEMBL2439944
CC(C)(C)c1ccc(CCN2CCc3cc(S(=O)(=O)Nc4ccc(CCCCCc5ccccc5)cc4F)ccc3C2)cc1,7.275724130399211,1,IC50,DGAT2,CHEMBL2439944
CC(C)(C)c1ccc(CCN2CCc3cc(S(=O)(=O)Nc4ccc(F)cc4)ccc3C2)cc1,5.817585347565446,1,IC50,DGAT2,CHEMBL2439944
CC(C)(C)c1ccc(CCN2CCc3cc(S(=O)(=O)Nc4ccc(OCCC5CCCC5)cc4F)ccc3C2)cc1,7.537602002101044,1,IC50,DGAT2,CHEMBL2439944
CC(C)(C)c1ccc(CCN2CCc3cc(S(=O)(=O)Nc4ccc(OCCC5CCCCC5)cc4F)ccc3C2)cc1,7.119186407719209,1,IC50,DGAT2,CHEMBL2439944
CC(C)(C)c1ccc(CCN2CCc3cc(S(=O)(=O)Nc4ccc(OCCC5CCOC5)cc4F)ccc3C2)cc1,6.8297382846050425,1,IC50,DGAT2,CHEMBL2439944
CC(C)(C)c1ccc(CCN2CCc3cc(S(=O)(=O)Nc4ccc(OCCC5CCOCC5)cc4F)ccc3C2)cc1,7.102372908709558,1,IC50,DGAT2,CHEMBL2439944
CC(C)(C)c1ccc(CCN2CCc3cc(S(=O)(=O)Nc4ccc(OCCCC5CCCCC5)cc4F)ccc3C2)cc1,7.4089353929735005,1,IC50,DGAT2,CHEMBL2439944
CC(C)(C)c1ccc(CCN2CCc3cc(S(=O)(=O)Nc4ccc(OCCCCCc5ccccc5)cc4F)ccc3C2)cc1,7.619788758288394,1,IC50,DGAT2,CHEMBL2439944
CC(C)(C)c1ccc(CCN2CCc3cc(S(=O)(=O)Nc4ccc(OCCCCc5ccccc5)cc4F)ccc3C2)cc1,7.154901959985743,1,IC50,DGAT2,CHEMBL2439944
CC(C)(C)c1ccc(CCN2CCc3cc(S(=O)(=O)Nc4ccc(OCCCOC5CCCC5)cc4F)ccc3C2)cc1,7.167491087293763,1,IC50,DGAT2,CHEMBL2439944
CC(C)(C)c1ccc(CCN2CCc3cc(S(=O)(=O)Nc4ccc(OCCCOCC(F)(F)F)cc4F)ccc3C2)cc1,6.801342913045577,1,IC50,DGAT2,CHEMBL2439944
CC(C)(C)c1ccc(CCN2CCc3cc(S(=O)(=O)Nc4ccc(OCCCS(=O)(=O)c5ccccc5)cc4F)ccc3C2)cc1,7.455931955649724,1,IC50,DGAT2,CHEMBL2439944
CC(C)(C)c1ccc(CCN2CCc3cc(S(=O)(=O)Nc4ccc(OCCCc5ccccc5)cc4F)ccc3C2)cc1,6.761953896871205,1,IC50,DGAT2,CHEMBL2439944
CC(C)(C)c1ccc(CCN2CCc3cc(S(=O)(=O)Nc4ccc(OCCCc5ccccc5)cc4F)ccc3C2)cn1,6.543633966870956,1,IC50,DGAT2,CHEMBL2439944
CC(C)(C)c1ccc(CCN2CCc3cc(S(=O)(=O)Nc4ccc(OCCOC5CCCCC5)cc4F)ccc3C2)cc1,6.863279432843593,1,IC50,DGAT2,CHEMBL2439944
CC(C)(C)c1ccc(CCN2CCc3cc(S(=O)(=O)Nc4ccc(OCCOCC5CCCCO5)cc4F)ccc3C2)cc1,6.7495799976911055,1,IC50,DGAT2,CHEMBL2439944
CC(C)(C)c1ccc(CCN2CCc3cc(S(=O)(=O)Nc4ccc(OCCOCC5CCCO5)cc4F)ccc3C2)cc1,6.795880017344075,1,IC50,DGAT2,CHEMBL2439944
CC(C)(C)c1ccc(CCN2CCc3cc(S(=O)(=O)Nc4ccc(OCC[C@H]5CCOC[C@@H]5F)cc4F)ccc3C2)cc1,6.690369832574101,1,IC50,DGAT2,CHEMBL2439944
CC(C)(C)c1ccc(CCN2CCc3cc(S(=O)(=O)Nc4ccc(OCC[C@H]5CCOC[C@H]5F)cc4F)ccc3C2)cc1,6.772113295386326,1,IC50,DGAT2,CHEMBL2439944
CC(C)(C)c1ccc(CCN2CCc3ccc(S(=O)(=O)Nc4ccc(F)cc4)cc3C2)cc1,5.514278573518419,1,IC50,DGAT2,CHEMBL2439944
CC(C)(C)c1ccc(CCN2Cc3ccc(S(=O)(=O)Nc4ccc(F)cc4)cc3C2)cc1,5.673664139071249,1,IC50,DGAT2,CHEMBL2439944
CC(C)(C)c1ccc(CN2CCc3cc(S(=O)(=O)Nc4ccc(CCCC5CCCC5)cc4F)ccc3C2)cn1,7.508638306165727,1,IC50,DGAT2,CHEMBL2439944
CC(C)(C)c1ccc(CN2CCc3cc(S(=O)(=O)Nc4ccc(OCCC5CCOCC5)cc4F)ccc3C2)cc1,6.692503962086787,1,IC50,DGAT2,CHEMBL2439944
CC(C)(C)c1ccc(CN2CCc3cc(S(=O)(=O)Nc4ccc(OCCCC5CCCCC5)cc4F)ccc3C2)cn1,7.187086643357144,1,IC50,DGAT2,CHEMBL2439944
CC(C)(C)c1ccc(CN2CCc3cc(S(=O)(=O)Nc4ccc(OCCCCCc5ccccc5)cc4F)ccc3C2)cn1,7.443697499232712,1,IC50,DGAT2,CHEMBL2439944
CC(C)(C)c1ccc(CN2CCc3cc(S(=O)(=O)Nc4ccc(OCCCc5ccccc5)cc4F)ccc3C2)cn1,6.661543506395395,1,IC50,DGAT2,CHEMBL2439944
CC(C)(C)c1ccc(NC(=O)N2CCc3cc(S(=O)(=O)Nc4ccc(OCCC5CCOCC5)cc4F)ccc3C2)cc1,6.7495799976911055,1,IC50,DGAT2,CHEMBL2439944
CC(C)(C)c1ccc(NC(=O)N2Cc3ccc(S(=O)(=O)Nc4ccc(F)cc4)cc3C2)cc1,6.2262135550188065,1,IC50,DGAT2,CHEMBL2439944
CC(C)(C)c1ccc(NC(=O)N2Cc3ccc(S(=O)(=O)Nc4ccc(F)cc4Cl)cc3C2)cc1,5.954677021213342,1,IC50,DGAT2,CHEMBL2439944
CC(C)(C)c1ccc(NC(=O)N2Cc3ccc(S(=O)(=O)Nc4ccc(F)cc4F)cc3C2)cc1,6.164309428507575,1,IC50,DGAT2,CHEMBL2439944
CC(C)(C)c1ccc(NC(=O)N2Cc3ccc(S(=O)(=O)Nc4ccc(OCC5CCCCC5)cc4F)cc3C2)cc1,6.638272163982407,1,IC50,DGAT2,CHEMBL2439944
CC(C)(C)c1ccc(NC(=O)N2Cc3ccc(S(=O)(=O)Nc4ccc(OCCC5CC5)cc4F)cc3C2)cc1,6.575118363368933,1,IC50,DGAT2,CHEMBL2439944
CC(C)(C)c1ccc(NC(=O)N2Cc3ccc(S(=O)(=O)Nc4ccc(OCCC5CCCC5)cc4F)cc3C2)cc1,7.236572006437063,1,IC50,DGAT2,CHEMBL2439944
CC(C)(C)c1ccc(NC(=O)N2Cc3ccc(S(=O)(=O)Nc4ccc(OCCC5CCCCC5)cc4F)cc3C2)cc1,7.537602002101044,1,IC50,DGAT2,CHEMBL2439944
CC(C)(C)c1ccc(NC(=O)N2Cc3ccc(S(=O)(=O)Nc4ccc(OCCCC(F)(F)F)cc4F)cc3C2)cc1,6.732828271596986,1,IC50,DGAT2,CHEMBL2439944
CC(C)(C)c1ccc(NC(=O)N2Cc3ccc(S(=O)(=O)Nc4ccc(OCCCC5CCCC5)cc4F)cc3C2)cc1,8.397940008672037,1,IC50,DGAT2,CHEMBL2439944
CC(C)(C)c1ccc(NC(=O)N2Cc3ccc(S(=O)(=O)Nc4ccc(OCCCC5CCCCC5)cc4F)cc3C2)cc1,7.585026652029182,1,IC50,DGAT2,CHEMBL2439944
CC(C)(C)c1ccc(NC(=O)N2Cc3ccc(S(=O)(=O)Nc4ccc(OCCCCCc5ccccc5)cc4F)cc3C2)cc1,8.0,1,IC50,DGAT2,CHEMBL2439944
CC(C)(C)c1ccc(NC(=O)N2Cc3ccc(S(=O)(=O)Nc4ccc(OCCCCOc5ccccc5)cc4F)cc3C2)cc1,7.481486060122112,1,IC50,DGAT2,CHEMBL2439944
CC(C)(C)c1ccc(NC(=O)N2Cc3ccc(S(=O)(=O)Nc4ccc(OCCCCc5ccccc5)cc4F)cc3C2)cc1,7.522878745280337,1,IC50,DGAT2,CHEMBL2439944
CC(C)(C)c1ccc(NC(=O)N2Cc3ccc(S(=O)(=O)Nc4ccc(OCCCOc5cccc(Cl)c5)cc4F)cc3C2)cc1,7.207608310501746,1,IC50,DGAT2,CHEMBL2439944
CC(C)(C)c1ccc(NC(=O)N2Cc3ccc(S(=O)(=O)Nc4ccc(OCCCOc5ccccc5)cc4F)cc3C2)cc1,7.036212172654444,1,IC50,DGAT2,CHEMBL2439944
CC(C)(C)c1ccc(NC(=O)N2Cc3ccc(S(=O)(=O)Nc4ccc(OCCCc5ccccc5)cc4F)cc3C2)cc1,7.251811972993799,1,IC50,DGAT2,CHEMBL2439944
CC(C)(C)c1ccc(NC(=O)N2Cc3ccc(S(=O)(=O)Nc4ccc(OCCOC5CCCC5)cc4F)cc3C2)cc1,6.892790030352131,1,IC50,DGAT2,CHEMBL2439944
CC(C)(C)c1ccc(NC(=O)N2Cc3ccc(S(=O)(=O)Nc4ccc(OCCOc5ccc(F)cc5)cc4F)cc3C2)cc1,6.903089986991944,1,IC50,DGAT2,CHEMBL2439944
CC(C)(C)c1ccc(NC(=O)N2Cc3ccc(S(=O)(=O)Nc4ccc(OCCOc5cccc(C(F)(F)F)c5)cc4F)cc3C2)cc1,7.229147988357855,1,IC50,DGAT2,CHEMBL2439944
CC(C)(C)c1ccc(NC(=O)N2Cc3ccc(S(=O)(=O)Nc4ccc(OCCOc5ccccc5)cc4F)cc3C2)cc1,6.866461091629782,1,IC50,DGAT2,CHEMBL2439944
CC(C)(C)c1ccc(NC(=O)N2Cc3ccc(S(=O)(=O)Nc4ccc(OCCc5ccccc5)cc4F)cc3C2)cc1,6.896196279044043,1,IC50,DGAT2,CHEMBL2439944
CC(C)(C)c1ccc(NC(=O)N2Cc3ccc(S(=O)(=O)Nc4ccc(OCCc5ccccn5)cc4F)cc3C2)cc1,7.638272163982407,1,IC50,DGAT2,CHEMBL2439944
CC(C)(C)c1cnc(CCN2CCc3cc(S(=O)(=O)Nc4ccc(CCCC5CCCC5)cc4F)ccc3C2)cn1,7.337242168318426,1,IC50,DGAT2,CHEMBL2439944
CC(C)(C)c1cnc(CCN2CCc3cc(S(=O)(=O)Nc4ccc(CCCC5CCCC5)cc4F)ccc3C2)nc1,7.3979400086720375,1,IC50,DGAT2,CHEMBL2439944
CC(C)(C)c1cnc(CN2CCc3cc(S(=O)(=O)Nc4ccc(CCCC5CCCC5)cc4F)ccc3C2)cn1,6.632644078973981,1,IC50,DGAT2,CHEMBL2439944
CC(C)(C)c1ncc(CCN2CCc3cc(S(=O)(=O)Nc4ccc(CCCC5CCCC5)cc4F)ccc3C2)s1,6.605548319173783,1,IC50,DGAT2,CHEMBL2439944
CC(C)(C)c1ncc(CN2CCc3cc(S(=O)(=O)Nc4ccc(CCCC5CCCC5)cc4F)ccc3C2)cn1,7.2839966563652006,1,IC50,DGAT2,CHEMBL2439944
CC(C)(C)c1ncc(CN2CCc3cc(S(=O)(=O)Nc4ccc(CCCC5CCCC5)cc4F)ccc3C2)s1,7.309803919971486,1,IC50,DGAT2,CHEMBL2439944
CC(C)(C)n1cc(CCN2CCc3cc(S(=O)(=O)Nc4ccc(CCCC5CCCC5)cc4F)ccc3C2)cn1,6.853871964321762,1,IC50,DGAT2,CHEMBL2439944
CC(C)(C)n1cc(CN2CCc3cc(S(=O)(=O)Nc4ccc(CCCC5CCCC5)cc4F)ccc3C2)cn1,7.036212172654444,1,IC50,DGAT2,CHEMBL2439944
CC(C)(C)n1cc(CN2CCc3cc(S(=O)(=O)Nc4ccc(OCCC5CCOCC5)cc4F)ccc3C2)cn1,6.703334809738469,1,IC50,DGAT2,CHEMBL2439944
CC(C)CCCOc1ccc(NS(=O)(=O)c2ccc3c(c2)CN(C(=O)Nc2ccc(C(C)(C)C)cc2)C3)c(F)c1,7.00436480540245,1,IC50,DGAT2,CHEMBL2439944
CC(C)Cn1cc(CN2CCc3cc(S(=O)(=O)Nc4ccc(CCCC5CCCC5)cc4F)ccc3C2)cn1,6.7594507517174005,1,IC50,DGAT2,CHEMBL2439944
CC(C)Cn1ccc(C2=C(n3nn[nH]c3=O)C(=O)N[C@@](c3ccc(CCCCC(F)(F)F)cc3F)(C(F)(F)F)C2)n1,7.468521082957745,1,IC50,DGAT2,CHEMBL2439944
CC(C)Cn1ccc(C2=C(n3nn[nH]c3=O)C(=O)N[C@@](c3ccc(OCCCC(F)(F)F)cc3F)(C(F)(F)F)C2)n1,6.838631997765026,1,IC50,DGAT2,CHEMBL2439944
CC(C)N1CCc2cc(S(=O)(=O)Nc3ccc(CCCC4CCCC4)cc3F)ccc2C1,7.30784720409595,3,IC50,DGAT2,CHEMBL2439944
CC(C)Oc1ccc(CN2CCc3cc(S(=O)(=O)Nc4ccc(CCCC5CCCC5)cc4F)ccc3C2)cc1,6.701146923590294,1,IC50,DGAT2,CHEMBL2439944
CC(C)n1cc(CN2CCc3cc(S(=O)(=O)Nc4ccc(CCCC5CCCC5)cc4F)ccc3C2)cn1,6.7447274948966935,1,IC50,DGAT2,CHEMBL2439944
CC(C)n1ccc(C2=C(n3nn[nH]c3=O)C(=O)N[C@@](c3ccc(CCCCC(F)(F)F)cc3F)(C(F)(F)F)C2)n1,7.443697499232712,1,IC50,DGAT2,CHEMBL2439944
CC(C)n1ccc(C2=C(n3nn[nH]c3=O)C(=O)N[C@@](c3ccc(OCCCC(F)(F)F)cc3F)(C(F)(F)F)C2)n1,6.863279432843593,1,IC50,DGAT2,CHEMBL2439944
CC(Cc1ccc(C(C)(C)C)cc1)N1CCc2cc(S(=O)(=O)Nc3ccc(CCCC4CCCC4)cc3F)ccc2C1,7.479303657420887,2,IC50,DGAT2,CHEMBL2439944
CC(Cc1ccc(C(C)(C)C)cc1)N1CCc2cc(S(=O)(=O)Nc3ccc(OCCC4CCOCC4)cc3F)ccc2C1,7.262019205403788,2,IC50,DGAT2,CHEMBL2439944
CC(Cc1ccc(C(C)(C)C)cc1)N1CCc2cc(S(=O)(=O)Nc3ccc(OCCCC4CCCCC4)cc3F)ccc2C1,7.077575099596681,2,IC50,DGAT2,CHEMBL2439944
CC(Cc1ccc(C(C)(C)C)cc1)N1CCc2cc(S(=O)(=O)Nc3ccc(OCCCCCc4ccccc4)cc3F)ccc2C1,7.236830361305078,2,IC50,DGAT2,CHEMBL2439944
CC(O)c1ccc(C2=C(n3nn[nH]c3=O)C(=O)N[C@@](c3ccc(OCCCC(F)(F)F)cc3)(C(F)(F)F)C2)s1,8.0,1,IC50,DGAT2,CHEMBL2439944
CC(c1ccc(C(C)(C)C)cc1)N1CCc2cc(S(=O)(=O)Nc3ccc(OCCCc4ccccc4)cc3F)ccc2C1,6.935542010773082,1,IC50,DGAT2,CHEMBL2439944
CC(c1ccc(C(C)(C)C)nc1)N1CCc2cc(S(=O)(=O)Nc3ccc(CCCC4CCCC4)cc3F)ccc2C1,7.940532886155414,3,IC50,DGAT2,CHEMBL2439944
CC(c1ccc(C(C)(C)C)nc1)N1CCc2cc(S(=O)(=O)Nc3ccc(OCCCCCc4ccccc4)cc3F)ccc2C1,7.853871964321762,1,IC50,DGAT2,CHEMBL2439944
CC(c1ccc(C(C)(C)C)nc1)N1CCc2cc(S(=O)(=O)Nc3ccc(OCCCc4ccccc4)cc3F)ccc2C1,6.917214629683549,1,IC50,DGAT2,CHEMBL2439944
CC(c1ccc(C(F)(F)F)nc1)N1CCc2cc(S(=O)(=O)Nc3ccc(CCCC4CCCC4)cc3F)ccc2C1,7.054789490599543,2,IC50,DGAT2,CHEMBL2439944
CC(c1ccc(OCC(F)(F)F)nc1)N1CCc2cc(S(=O)(=O)Nc3ccc(CCCC4CCCC4)cc3F)ccc2C1,6.939302159646388,1,IC50,DGAT2,CHEMBL2439944
CC(c1ccnc(C(C)(C)C)c1)N1CCc2cc(S(=O)(=O)Nc3ccc(CCCC4CCCC4)cc3F)ccc2C1,7.886056647693163,1,IC50,DGAT2,CHEMBL2439944
CC(c1cnc(C(C)(C)C)nc1)N1CCc2cc(S(=O)(=O)Nc3ccc(CCCC4CCCC4)cc3F)ccc2C1,7.356323113642627,2,IC50,DGAT2,CHEMBL2439944
CC(c1cnc(C(F)(F)F)nc1)N1CCc2cc(S(=O)(=O)Nc3ccc(CCCC4CCCC4)cc3F)ccc2C1,6.941364352172117,2,IC50,DGAT2,CHEMBL2439944
CC1(C)NC(=O)c2c(ccc(S(=O)(=O)Nc3ccc(C(F)(F)F)cc3)c2F)NC1=O,4.393618634889395,1,IC50,DGAT2,CHEMBL2439944
CC1(C)NC(=O)c2cc(S(=O)(=O)Nc3ccc(C(F)(F)F)cc3)c(F)cc2NC1=O,5.826813731587726,1,IC50,DGAT2,CHEMBL2439944
CC1(C)NC(=O)c2cc(S(=O)(=O)Nc3ccc(C(F)(F)F)cc3)cc(F)c2NC1=O,5.709965388637482,1,IC50,DGAT2,CHEMBL2439944
CC1(C)NC(=O)c2cc(S(=O)(=O)Nc3ccc(C(F)(F)F)cc3)ccc2NC1=O,6.040481623027002,1,IC50,DGAT2,CHEMBL2439944
CC1(C)NC(=O)c2cc(S(=O)(=O)Nc3ccc(C(F)(F)F)cc3)ncc2NC1=O,4.978810700930062,1,IC50,DGAT2,CHEMBL2439944
CC1(C)NC(=O)c2cc(S(=O)(=O)Nc3ccc(F)cc3F)cc(C#N)c2NC1=O,6.392544976785331,1,IC50,DGAT2,CHEMBL2439944
CC1(C)NC(=O)c2cc(S(=O)(=O)Nc3ccc(F)cc3F)cc(C(F)(F)F)c2NC1=O,7.522878745280337,1,IC50,DGAT2,CHEMBL2439944
CC1(C)NC(=O)c2cc(S(=O)(=O)Nc3ccc(F)cc3F)ccc2NC1=O,7.236572006437063,1,IC50,DGAT2,CHEMBL2439944
CCC(c1ccc(C(C)(C)C)cc1)N1CCc2cc(S(=O)(=O)Nc3ccc(OCCCc4ccccc4)cc3F)ccc2C1,6.628932137728263,1,IC50,DGAT2,CHEMBL2439944
CCC1(C)NC(=O)c2cc(S(=O)(=O)Nc3ccc(C(F)(F)F)cc3F)cc(Cl)c2NC1=O,7.920818753952375,1,IC50,DGAT2,CHEMBL2439944
CCC1(C)NC(=O)c2cc(S(=O)(=O)Nc3ccc(C(F)(F)F)cc3OC)cc(Cl)c2NC1=O,8.154901959985743,1,IC50,DGAT2,CHEMBL2439944
CCC1(C)NC(=O)c2cc(S(=O)(=O)Nc3ccc(C)cc3C#N)cc(Cl)c2NC1=O,7.285043151118122,2,IC50,DGAT2,CHEMBL2439944
CCC1(C)NC(=O)c2cc(S(=O)(=O)Nc3ccc(F)cc3F)cc(C)c2NC1=O,7.681255135243744,2,IC50,DGAT2,CHEMBL2439944
CCC1(C)NC(=O)c2cc(S(=O)(=O)Nc3ccc(F)cc3F)cc(Cl)c2NC1=O,8.045757490560675,1,IC50,DGAT2,CHEMBL2439944
CCC1(C)NC(=O)c2cc(S(=O)(=O)Nc3ccc(F)cc3F)cc(OC)c2NC1=O,8.0,1,IC50,DGAT2,CHEMBL2439944
CCCCCCCCN1CCc2cc(S(=O)(=O)Nc3ccc(OCCCCCC)cc3F)ccc2C1,6.596879478824182,1,IC50,DGAT2,CHEMBL2439944
CCCCCCCCOc1ccc(NS(=O)(=O)c2ccc3c(c2)CCN(C(C)Cc2ccc(C(C)(C)C)cc2)C3)c(F)c1,7.015478516347093,2,IC50,DGAT2,CHEMBL2439944
CCCCCCCCOc1ccc(NS(=O)(=O)c2ccc3c(c2)CCN(CCc2ccc(C(C)(C)C)cc2)C3)c(F)c1,7.346787486224656,1,IC50,DGAT2,CHEMBL2439944
CCCCCCCCOc1ccc(NS(=O)(=O)c2ccc3c(c2)CCN(Cc2ccc(C(C)(C)C)nc2)C3)c(F)c1,7.585026652029182,1,IC50,DGAT2,CHEMBL2439944
CCCCCCCCOc1ccc(NS(=O)(=O)c2ccc3c(c2)CN(C(=O)Nc2ccc(C(C)(C)C)cc2)C3)c(F)c1,8.154901959985743,1,IC50,DGAT2,CHEMBL2439944
CCCCCCCOc1ccc(NS(=O)(=O)c2ccc3c(c2)CCN(CCc2ccc(C(C)(C)C)cc2)C3)c(F)c1,7.3979400086720375,1,IC50,DGAT2,CHEMBL2439944
CCCCCCCOc1ccc(NS(=O)(=O)c2ccc3c(c2)CN(C(=O)Nc2ccc(C(C)(C)C)cc2)C3)c(F)c1,7.552841968657781,1,IC50,DGAT2,CHEMBL2439944
CCCCCCCc1ccc(NS(=O)(=O)c2ccc3c(c2)CCN(C(C)Cc2ccc(C(C)(C)C)cc2)C3)c(F)c1,7.358123308333736,2,IC50,DGAT2,CHEMBL2439944
CCCCCCCc1ccc(NS(=O)(=O)c2ccc3c(c2)CCN(CCCCCC)C3)c(F)c1,6.657577319177793,1,IC50,DGAT2,CHEMBL2439944
CCCCCCCc1ccc(NS(=O)(=O)c2ccc3c(c2)CCN(CCc2ccc(C(C)(C)C)cc2)C3)c(F)c1,7.455931955649724,1,IC50,DGAT2,CHEMBL2439944
CCCCCCCc1ccc(NS(=O)(=O)c2ccc3c(c2)CCN(Cc2ccc(C(C)(C)C)nc2)C3)c(F)c1,7.508638306165727,1,IC50,DGAT2,CHEMBL2439944
CCCCCCCc1ccc(NS(=O)(=O)c2ccc3c(c2)CCN(Cc2ccc(C(F)(F)F)nc2)C3)c(F)c1,6.872895201635192,1,IC50,DGAT2,CHEMBL2439944
CCCCCCCc1ccc(NS(=O)(=O)c2ccc3c(c2)CCN(Cc2cnc(C(C)(C)C)s2)C3)c(F)c1,7.376750709602099,1,IC50,DGAT2,CHEMBL2439944
CCCCCCOc1ccc(NS(=O)(=O)c2ccc3c(c2)CCN(C(=O)Nc2ccc(C(C)(C)C)cc2)C3)c(F)c1,7.008773924307505,1,IC50,DGAT2,CHEMBL2439944
CCCCCCOc1ccc(NS(=O)(=O)c2ccc3c(c2)CCN(C(=O)Nc2ccc(CCCC)cc2)C3)c(F)c1,7.119186407719209,1,IC50,DGAT2,CHEMBL2439944
CCCCCCOc1ccc(NS(=O)(=O)c2ccc3c(c2)CCN(C(C)Cc2ccc(C(C)(C)C)cc2)C3)c(F)c1,7.496981022501341,2,IC50,DGAT2,CHEMBL2439944
CCCCCCOc1ccc(NS(=O)(=O)c2ccc3c(c2)CCN(CCc2ccc(C(C)(C)C)cc2)C3)c(F)c1,6.876148359032914,1,IC50,DGAT2,CHEMBL2439944
CCCCCCOc1ccc(NS(=O)(=O)c2ccc3c(c2)CCN(CCc2ccc(C(C)(C)C)nc2)C3)c(F)c1,6.58838029403677,1,IC50,DGAT2,CHEMBL2439944
CCCCCCOc1ccc(NS(=O)(=O)c2ccc3c(c2)CCN(CCc2ccc(C(C)(C)CO)cc2)C3)c(F)c1,6.669586226650809,1,IC50,DGAT2,CHEMBL2439944
CCCCCCOc1ccc(NS(=O)(=O)c2ccc3c(c2)CCN(CCc2cnc(C(C)(C)C)cn2)C3)c(F)c1,6.673664139071249,1,IC50,DGAT2,CHEMBL2439944
CCCCCCOc1ccc(NS(=O)(=O)c2ccc3c(c2)CCN(CCc2ncc(C(C)(C)C)cn2)C3)c(F)c1,6.785156151952302,1,IC50,DGAT2,CHEMBL2439944
CCCCCCOc1ccc(NS(=O)(=O)c2ccc3c(c2)CCN(Cc2ccc(C(C)(C)C)nc2)C3)c(F)c1,6.8696662315049934,1,IC50,DGAT2,CHEMBL2439944
CCCCCCOc1ccc(NS(=O)(=O)c2ccc3c(c2)CCN(Cc2cnc(C(C)(C)C)s2)C3)c(F)c1,6.709965388637482,1,IC50,DGAT2,CHEMBL2439944
CCCCCCOc1ccc(NS(=O)(=O)c2ccc3c(c2)CN(C(=O)Nc2ccc(C(C)(C)C)cc2)C3)c(F)c1,7.366531544420414,1,IC50,DGAT2,CHEMBL2439944
CCCCCOc1ccc(NS(=O)(=O)c2ccc3c(c2)CN(C(=O)Nc2ccc(C(C)(C)C)cc2)C3)c(F)c1,6.8326826652518236,2,IC50,DGAT2,CHEMBL2439944
CCCCOc1ccc(NS(=O)(=O)c2ccc3c(c2)CN(C(=O)Nc2ccc(C(C)(C)C)cc2)C3)c(F)c1,6.262012673666569,1,IC50,DGAT2,CHEMBL2439944
CCCOc1cc(F)ccc1NS(=O)(=O)c1ccc2c(c1)CN(C(=O)Nc1ccc(C(C)(C)C)cc1)C2,5.638272163982407,1,IC50,DGAT2,CHEMBL2439944
CCCOc1ccc(NS(=O)(=O)c2ccc3c(c2)CN(C(=O)Nc2ccc(C(C)(C)C)cc2)C3)c(F)c1,5.703334809738469,1,IC50,DGAT2,CHEMBL2439944
CCCn1cc(CN2CCc3cc(S(=O)(=O)Nc4ccc(CCCC5CCCC5)cc4F)ccc3C2)cn1,6.671620396561263,1,IC50,DGAT2,CHEMBL2439944
CCOc1cc(F)ccc1NS(=O)(=O)c1ccc2c(c1)CN(C(=O)Nc1ccc(C(C)(C)C)cc1)C2,6.134896025358872,1,IC50,DGAT2,CHEMBL2439944
CCOc1cc(OCCCC(F)(F)F)ccc1-c1cc(-c2ccc(C)cc2)c(-c2nnn[nH]2)c(=O)[nH]1,7.853871964321762,1,IC50,DGAT2,CHEMBL2439944
CCOc1ccc(NS(=O)(=O)c2ccc3c(c2)CN(C(=O)Nc2ccc(C(C)(C)C)cc2)C3)c(F)c1,5.2839966563652006,1,IC50,DGAT2,CHEMBL2439944
CC[C@]1(C)NC(=O)c2cc(S(=O)(=O)Nc3ccc(C(F)(F)F)cc3F)ccc2NC1=O,7.920818753952375,1,IC50,DGAT2,CHEMBL2439944
CC[C@]1(C)NC(=O)c2cc(S(=O)(=O)Nc3ccc(F)cc3F)ccc2NC1=O,8.0,1,IC50,DGAT2,CHEMBL2439944
CCc1cc(F)ccc1NS(=O)(=O)c1ccc2c(c1)CN(C(=O)Nc1ccc(C(C)(C)C)cc1)C2,5.603800652904264,1,IC50,DGAT2,CHEMBL2439944
CCc1cc(S(=O)(=O)Nc2ccc(F)cc2F)cc2c1NC(=O)C(C)(CC)NC2=O,8.397940008672037,1,IC50,DGAT2,CHEMBL2439944
CCc1ccc(-c2cc(-c3ccc(OCCCC(F)(F)F)cc3)[nH]c(=O)c2-c2nnn[nH]2)s1,8.096910013008056,1,IC50,DGAT2,CHEMBL2439944
CCc1ccc(-c2cc(-c3ccc(OCCCC(F)(F)F)cc3)[nH]c(=O)c2C(=O)Nc2ccc(OC(F)(F)F)cc2)s1,7.6777807052660805,1,IC50,DGAT2,CHEMBL2439944
CCc1ccc(-c2cc(-c3ccc(OCCCCCC(F)(F)F)cc3)[nH]c(=O)c2-c2nnn[nH]2)s1,8.698970004336019,1,IC50,DGAT2,CHEMBL2439944
CCc1ccc(C2=C(n3nn[nH]c3=O)C(=O)N[C@@](c3ccc(OCCCC(F)(F)F)cc3)(C(F)(F)F)C2)s1,7.221848749616356,1,IC50,DGAT2,CHEMBL2439944
CCc1ccc(C2=C(n3nn[nH]c3=O)C(=O)N[C@H](c3ccc(OCCCC(F)(F)F)cc3Cl)C2)s1,7.443697499232712,1,IC50,DGAT2,CHEMBL2439944
CCn1cc(CN2CCc3cc(S(=O)(=O)Nc4ccc(CCCC5CCCC5)cc4F)ccc3C2)cn1,6.739928612014925,1,IC50,DGAT2,CHEMBL2439944
CCn1ccc(-c2cc(-c3ccc(OCCCC(F)(F)F)cc3)[nH]c(=O)c2-c2nnn[nH]2)n1,7.356547323513812,1,IC50,DGAT2,CHEMBL2439944
CCn1ccc(-c2cc(-c3ccc(OCCCCCC(F)(F)F)cc3)[nH]c(=O)c2-c2nnn[nH]2)n1,6.8297382846050425,1,IC50,DGAT2,CHEMBL2439944
CCn1ccc(C2=C(n3nn[nH]c3=O)C(=O)N[C@@](c3ccc(CCCCC(F)(F)F)cc3F)(C(F)(F)F)C2)n1,7.075720713938118,1,IC50,DGAT2,CHEMBL2439944
CCn1ccc(C2=C(n3nn[nH]c3=O)C(=O)N[C@@](c3ccc(OCCCC(F)(F)F)cc3F)(C(F)(F)F)C2)n1,6.96657624451305,1,IC50,DGAT2,CHEMBL2439944
CCn1nnc(C2=C(c3ccc(C)cc3)CC(c3ccc(OCCCC(F)(F)F)cc3)(C(F)(F)F)NC2=O)n1,5.69718965801151,2,IC50,DGAT2,CHEMBL2439944
CN(C)c1ncc(-c2cc(-c3ccc(OCCCC(F)(F)F)cc3)[nH]c(=O)c2C(=O)Nc2ccc(OC(F)(F)F)cc2)s1,8.698970004336019,1,IC50,DGAT2,CHEMBL2439944
COc1cc(F)cc(F)c1NS(=O)(=O)c1ccc2c(c1)CN(C(=O)Nc1ccc(C(C)(C)C)cc1)C2,6.714442690992226,1,IC50,DGAT2,CHEMBL2439944
COc1cc(F)ccc1NS(=O)(=O)c1ccc2c(c1)CN(C(=O)Nc1ccc(C(C)(C)C)cc1)C2,6.774690718274137,2,IC50,DGAT2,CHEMBL2439944
COc1cc(S(=O)(=O)Nc2ccc(C(F)(F)F)cc2)cc2c1NC(=O)C(C)(C)NC2=O,6.962573502059376,1,IC50,DGAT2,CHEMBL2439944
COc1cc2c(cc1S(=O)(=O)Nc1ccc(C(F)(F)F)cc1)C(=O)NC(C)(C)C(=O)N2,5.118615343229427,1,IC50,DGAT2,CHEMBL2439944
COc1ccc(C(=O)Nc2c(-c3ccc(C)cc3)cc(-c3ccc(OCCCC(F)(F)F)cc3)[nH]c2=O)cc1,6.97469413473523,1,IC50,DGAT2,CHEMBL2439944
COc1ccc(C2=C(n3nn[nH]c3=O)C(=O)N[C@@](c3ccc(OCCCC(F)(F)F)cc3)(C(F)(F)F)C2)cc1,6.468521082957745,1,IC50,DGAT2,CHEMBL2439944
COc1ccc(C2=C(n3nn[nH]c3=O)C(=O)N[C@@](c3ccc(OCCCCCC(F)(F)F)cc3)(C(F)(F)F)C2)cc1,7.1487416512809245,1,IC50,DGAT2,CHEMBL2439944
COc1ccc(NC(=O)C2=C(c3ccc(C)cc3)CC(c3ccc(OCCCC(F)(F)F)cc3)(C(F)(F)F)NC2=O)cc1,7.989405350465031,2,IC50,DGAT2,CHEMBL2439944
COc1ccc(NS(=O)(=O)c2ccc3c(c2)CN(C(=O)Nc2ccc(C(C)(C)C)cc2)C3)c(F)c1,6.785156151952302,2,IC50,DGAT2,CHEMBL2439944
COc1ccc(NS(=O)(=O)c2ccc3c(c2)CN(C(=O)Nc2ccc(C(C)(C)C)cc2)C3)c(OC)c1,5.500312917381596,1,IC50,DGAT2,CHEMBL2439944
COc1ccc(OCCOc2ccc(NS(=O)(=O)c3ccc4c(c3)CN(C(=O)Nc3ccc(C(C)(C)C)cc3)C4)c(F)c2)cc1,6.920818753952375,1,IC50,DGAT2,CHEMBL2439944
CS(=O)(=O)N[C@@H](c1ccc(CN2CCOC(c3ccc(F)cc3)C2)cc1)C(F)(F)F,7.3979400086720375,1,IC50,DGAT2,CHEMBL2439944
CS(=O)(=O)N[C@@H](c1ccc(CN2CCOC(c3ccccc3Cl)C2)cc1)C(F)(F)F,7.795880017344075,1,IC50,DGAT2,CHEMBL2439944
CS(=O)(=O)N[C@@H](c1ccc(CNC[C@H]2COc3cccnc3O2)cc1)C(F)(F)F.Cl,8.42021640338319,1,IC50,DGAT2,CHEMBL2439944
C[C@@H](NS(C)(=O)=O)c1ccc(CN2CCOC(c3cccc(C(F)(F)F)c3)C2)cc1,7.008773924307505,1,IC50,DGAT2,CHEMBL2439944
C[C@@H](NS(C)(=O)=O)c1ccc(CN2CCO[C@@H](c3ccc(F)cc3)C2)cc1,6.9593983803467125,2,IC50,DGAT2,CHEMBL2439944
C[C@@H](NS(C)(=O)=O)c1ccc(CN2CCO[C@@H](c3ccccc3)C2)cc1,7.026872146400302,1,IC50,DGAT2,CHEMBL2439944
C[C@@H](NS(C)(=O)=O)c1ccc(CNC2CCN(c3ccccc3)C2)cc1.Cl,6.978810700930062,1,IC50,DGAT2,CHEMBL2439944
C[C@@H](NS(C)(=O)=O)c1ccc(CNCC2COc3ccccc3N2)cc1.Cl,6.319664486585436,1,IC50,DGAT2,CHEMBL2439944
C[C@@H](NS(C)(=O)=O)c1ccc(CNC[C@@H]2CO[C@@H](c3ccccc3)CO2)cc1.Cl,6.531652669587842,1,IC50,DGAT2,CHEMBL2439944
Cc1c(CN2CCc3cc(S(=O)(=O)Nc4ccc(CCCC5CCCC5)cc4F)ccc3C2)cnn1-c1ccccc1,7.0915149811213505,1,IC50,DGAT2,CHEMBL2439944
Cc1c(S(=O)(=O)Nc2ccc(C(F)(F)F)cc2)ccc2c1C(=O)NC(C)(C)C(=O)N2,4.866461091629782,1,IC50,DGAT2,CHEMBL2439944
Cc1cc(C(F)(F)F)nn1-c1cnc(N2CCc3cc(S(=O)(=O)Nc4c(F)cc(Cl)cc4F)cc(N4CCCC4=O)c32)nc1,8.67778070526608,1,IC50,DGAT2,CHEMBL2439944
Cc1cc(CN2CCc3cc(S(=O)(=O)Nc4ccc(CCCC5CCCC5)cc4F)ccc3C2)c(C)n1-c1cccc(C(F)(F)F)c1,7.346787486224656,1,IC50,DGAT2,CHEMBL2439944
Cc1cc(CN2CCc3cc(S(=O)(=O)Nc4ccc(CCCC5CCCC5)cc4F)ccc3C2)c(C)n1-c1ccncc1,6.838631997765026,1,IC50,DGAT2,CHEMBL2439944
Cc1cc(S(=O)(=O)Nc2ccc(C(F)(F)F)cc2)cc2c1NC(=O)C(C)(C)NC2=O,7.2839966563652006,1,IC50,DGAT2,CHEMBL2439944
Cc1cc(S(=O)(=O)Nc2ccc(F)cc2F)cc2c1NC(=O)C(C)(C)NC2=O,7.795880017344075,1,IC50,DGAT2,CHEMBL2439944
Cc1cc2c(cc1S(=O)(=O)Nc1ccc(C(F)(F)F)cc1)C(=O)NC(C)(C)C(=O)N2,4.872895201635193,1,IC50,DGAT2,CHEMBL2439944
Cc1ccc(-c2cc(-c3ccc(C4=CCC(C)(C)CC4)cc3)[nH]c(=O)c2-c2nn[nH]n2)cc1,7.568636235841012,1,IC50,DGAT2,CHEMBL2439944
Cc1ccc(-c2cc(-c3ccc(C4CCC(C)(C)CC4)cc3)[nH]c(=O)c2-c2nn[nH]n2)cc1,6.634512015109101,1,IC50,DGAT2,CHEMBL2439944
Cc1ccc(-c2cc(-c3ccc(OCCCC(F)(F)F)cc3)[nH]c(=O)c2-c2nn[nH]n2)cc1,7.6777807052660805,1,IC50,DGAT2,CHEMBL2439944
Cc1ccc(-c2cc(-c3ccc(OCCCC(F)(F)F)cc3)[nH]c(=O)c2C(=O)NS(=O)(=O)C2CC2)cc1,7.494850021680094,1,IC50,DGAT2,CHEMBL2439944
Cc1ccc(-c2cc(-c3ccc(OCCCC(F)(F)F)cc3)[nH]c(=O)c2NC(=O)c2cc(C)no2)cc1,7.251811972993799,1,IC50,DGAT2,CHEMBL2439944
Cc1ccc(-c2cc(-c3ccc(OCCCC(F)(F)F)cc3)[nH]c(=O)c2NC(=O)c2ccno2)cc1,8.0,1,IC50,DGAT2,CHEMBL2439944
Cc1ccc(-c2cc(-c3ccc(OCCCC(F)(F)F)cc3)[nH]c(=O)c2NC(=O)c2nnn[nH]2)cc1,7.096910013008056,1,IC50,DGAT2,CHEMBL2439944
Cc1ccc(-c2cc(-c3ccc(OCCCC(F)(F)F)cc3C(F)(F)F)[nH]c(=O)c2-c2nnn[nH]2)cc1,7.769551078621726,1,IC50,DGAT2,CHEMBL2439944
Cc1ccc(-c2cc(-c3ccc(OCCCC(F)(F)F)cc3Cl)[nH]c(=O)c2-c2nnn[nH]2)cc1,8.096910013008056,1,IC50,DGAT2,CHEMBL2439944
Cc1ccc(-c2cc(-c3ccc(OCCCC(F)(F)F)cc3F)[nH]c(=O)c2-c2nnn[nH]2)cc1,7.795880017344075,1,IC50,DGAT2,CHEMBL2439944
Cc1ccc(-c2cc(-c3ccc(OCCCC(F)(F)F)cc3F)[nH]c(=O)c2C(=O)NS(=O)(=O)C2CC2)cc1,7.42021640338319,1,IC50,DGAT2,CHEMBL2439944
Cc1ccc(-c2cc(-c3ccc(OCCCCC(F)(F)F)cc3F)[nH]c(=O)c2-c2nnn[nH]2)cc1,8.045757490560675,1,IC50,DGAT2,CHEMBL2439944
Cc1ccc(-c2cc(-c3ccc(OCCCCCC(F)(F)F)cc3)[nH]c(=O)c2-c2nnn[nH]2)cc1,7.619788758288394,1,IC50,DGAT2,CHEMBL2439944
Cc1ccc(-c2cc(-c3ccc(OCCCCCC(F)(F)F)cc3)[nH]c(=O)c2C(=O)NS(C)(=O)=O)cc1,7.568636235841012,1,IC50,DGAT2,CHEMBL2439944
Cc1ccc(-c2cc(-c3ccc(OCCCCCC(F)(F)F)cc3F)[nH]c(=O)c2-c2nnn[nH]2)cc1,9.0,1,IC50,DGAT2,CHEMBL2439944
Cc1ccc(-c2cc(-c3ccc(OCCCCCC(F)(F)F)cc3F)[nH]c(=O)c2C(=O)NS(=O)(=O)C2CC2)cc1,8.301029995663981,1,IC50,DGAT2,CHEMBL2439944
Cc1ccc(-c2cc(-c3ccc(OCCCCCC(F)(F)F)cc3F)[nH]c(=O)c2C(=O)NS(C)(=O)=O)cc1,8.301029995663981,1,IC50,DGAT2,CHEMBL2439944
Cc1ccc(-n2cc(CN3CCc4cc(S(=O)(=O)Nc5ccc(CCCC6CCCC6)cc5F)ccc4C3)cn2)cc1,7.795880017344075,1,IC50,DGAT2,CHEMBL2439944
Cc1ccc(-n2nc(C)c(CN3CCc4cc(S(=O)(=O)Nc5ccc(CCCC6CCCC6)cc5F)ccc4C3)c2C)cc1,7.180456064458131,1,IC50,DGAT2,CHEMBL2439944
Cc1ccc(C2=C(C(=O)Nc3ccc(-c4nnn[nH]4)cc3)C(=O)N[C@@](c3ccc(OCCCC(F)(F)F)cc3)(C(F)(F)F)C2)cc1,8.100329725273209,2,IC50,DGAT2,CHEMBL2439944
Cc1ccc(C2=C(C(=O)Nc3ccno3)C(=O)N[C@@](c3ccc(OCCCC(F)(F)F)cc3)(C(F)(F)F)C2)cc1,8.397940008672037,2,IC50,DGAT2,CHEMBL2439944
Cc1ccc(C2=C(n3nn[nH]c3=O)C(=O)N[C@@](c3ccc(OCCCC(F)(F)F)cc3)(C(F)(F)F)C2)cc1,7.568636235841012,1,IC50,DGAT2,CHEMBL2439944
Cc1ccc(C2=C(n3nn[nH]c3=O)C(=O)N[C@@](c3ccc(OCCCCCC(F)(F)F)cc3)(C(F)(F)F)C2)cc1,8.301029995663981,1,IC50,DGAT2,CHEMBL2439944
Cc1nc(-c2ccc(C(F)(F)F)cc2)sc1CN1CCc2cc(S(=O)(=O)Nc3ccc(CCCC4CCCC4)cc3F)ccc2C1,7.292429823902063,1,IC50,DGAT2,CHEMBL2439944
Cc1nc(-c2ccccc2)sc1CN1CCc2cc(S(=O)(=O)Nc3ccc(CCCC4CCCC4)cc3F)ccc2C1,6.928117992693874,1,IC50,DGAT2,CHEMBL2439944
Cc1nn(-c2ccccc2)c(C)c1CN1CCc2cc(S(=O)(=O)Nc3ccc(CCCC4CCCC4)cc3F)ccc2C1,7.2441251443275085,1,IC50,DGAT2,CHEMBL2439944
Cc1nn(C)c(C)c1CN1CCc2cc(S(=O)(=O)Nc3ccc(CCCC4CCCC4)cc3F)ccc2C1,6.723538195826755,1,IC50,DGAT2,CHEMBL2439944
Cn1nc(C(F)(F)F)cc1-c1cnc(N2CCc3cc(S(=O)(=O)Nc4c(F)cc(Cl)cc4F)cc(N4CCCC4=O)c32)nc1,8.10790539730952,1,IC50,DGAT2,CHEMBL2439944
Cn1nc(C(F)(F)F)cc1-c1cnc(N2CCc3cc(S(=O)(=O)Nc4c(F)cc(Cl)cc4F)cc(N4CCNC4=O)c32)nc1,8.431798275933005,1,IC50,DGAT2,CHEMBL2439944
O=C(NC1CCCCC1)N1CCc2cc(S(=O)(=O)Nc3ccc(CCCC4CCCC4)cc3F)ccc2C1,7.161150909262744,1,IC50,DGAT2,CHEMBL2439944
O=C(Nc1ccc(OC(F)(F)F)cc1)c1c(-c2ccn(C3CC3)n2)cc(-c2ccc(OCCCC(F)(F)F)cc2)[nH]c1=O,7.229147988357855,1,IC50,DGAT2,CHEMBL2439944
O=C(Nc1ccc(OC(F)(F)F)cc1)c1c(-c2ccn(CC3CC3)n2)cc(-c2ccc(OCCCC(F)(F)F)cc2)[nH]c1=O,7.769551078621726,1,IC50,DGAT2,CHEMBL2439944
O=C(OC1CCCCC1)N1CCc2cc(S(=O)(=O)Nc3ccc(CCCC4CCCC4)cc3F)ccc2C1,6.66354026615147,1,IC50,DGAT2,CHEMBL2439944
O=C(c1ccc(C(F)(F)F)nc1)N1CCc2cc(S(=O)(=O)Nc3ccc(CCCC4CCCC4)cc3F)ccc2C1,6.8124792791635365,1,IC50,DGAT2,CHEMBL2439944
O=C1CCCN1c1cc(S(=O)(=O)Nc2c(F)cc(Cl)cc2F)cc2c1N(C(=O)Nc1ccc(C(F)(F)F)cc1)CC2,7.522878745280337,1,IC50,DGAT2,CHEMBL2439944
O=C1CCCN1c1cc(S(=O)(=O)Nc2c(F)cc(Cl)cc2F)cc2c1N(C(=O)OC1CCN(CC(F)(F)C(F)(F)F)CC1)CC2,7.721246399047171,1,IC50,DGAT2,CHEMBL2439944
O=C1CCCN1c1cc(S(=O)(=O)Nc2c(F)cc(Cl)cc2F)cc2c1N(c1ccc(-c3ccc(C(F)(F)F)cc3)cc1)CC2,9.602059991327963,1,IC50,DGAT2,CHEMBL2439944
O=C1CCCN1c1cc(S(=O)(=O)Nc2c(F)cc(Cl)cc2F)cc2c1N(c1ncc(-c3ccc(C(F)(F)F)cc3)cn1)CC2,9.161150909262744,1,IC50,DGAT2,CHEMBL2439944
O=C1CCCN1c1cc(S(=O)(=O)Nc2c(F)cc(Cl)cc2F)cc2c1N(c1ncc(-c3ccc(C(F)(F)F)cc3F)cn1)CC2,9.3767507096021,1,IC50,DGAT2,CHEMBL2439944
O=C1CCCN1c1cc(S(=O)(=O)Nc2c(F)cc(Cl)cc2F)cc2c1N(c1ncc(-n3cc(C(F)(F)F)cn3)cn1)CC2,8.207608310501746,1,IC50,DGAT2,CHEMBL2439944
O=C1CCCN1c1cc(S(=O)(=O)Nc2c(F)cc(Cl)cc2F)cc2c1N(c1ncc(-n3ccc(C(F)(F)F)n3)cn1)CC2,8.086186147616283,1,IC50,DGAT2,CHEMBL2439944
O=C1CCCN1c1cc(S(=O)(=O)Nc2c(F)cc(F)cc2F)cc2c1N(C(=O)OC1CCN(CC(F)(F)C(F)(F)F)CC1)CC2,7.1249387366083,1,IC50,DGAT2,CHEMBL2439944
O=C1CCCN1c1cc(S(=O)(=O)Nc2ccc(C(F)(F)F)cc2F)cc2c1N(C(=O)OC1CCN(CC(F)(F)C(F)(F)F)CC1)CC2,7.376750709602099,1,IC50,DGAT2,CHEMBL2439944
O=C1CCCN1c1cc(S(=O)(=O)Nc2ccc(F)cc2F)cc2c1N(C(=O)Nc1ccc(C(F)(F)F)cc1)CC2,8.468521082957745,1,IC50,DGAT2,CHEMBL2439944
O=C1CCCN1c1cc(S(=O)(=O)Nc2ccc(F)cc2F)cc2c1N(C(=O)OC1CCN(CC(F)(F)C(F)(F)F)CC1)CC2,8.387216143280265,1,IC50,DGAT2,CHEMBL2439944
O=C1N[C@@](c2ccc(CCCCC(F)(F)F)cc2)(C(F)(F)F)CC(c2ccn(CC3CC3)n2)=C1n1nn[nH]c1=O,8.522878745280337,1,IC50,DGAT2,CHEMBL2439944
O=C1N[C@@](c2ccc(CCCCC(F)(F)F)cc2F)(C(F)(F)F)CC(c2ccn(CC3CC3)n2)=C1n1nn[nH]c1=O,8.045757490560675,1,IC50,DGAT2,CHEMBL2439944
O=C1N[C@@](c2ccc(OCCCC(F)(F)F)cc2F)(C(F)(F)F)CC(c2ccc(C(F)F)cc2)=C1n1nn[nH]c1=O,8.0,1,IC50,DGAT2,CHEMBL2439944
O=C1N[C@@](c2ccc(OCCCC(F)(F)F)cc2F)(C(F)(F)F)CC(c2ccn(C3CC3)n2)=C1n1nn[nH]c1=O,6.761953896871205,1,IC50,DGAT2,CHEMBL2439944
O=C1N[C@@](c2ccc(OCCCC(F)(F)F)cc2F)(C(F)(F)F)CC(c2ccn(C3CCC3)n2)=C1n1nn[nH]c1=O,7.522878745280337,1,IC50,DGAT2,CHEMBL2439944
O=C1N[C@@](c2ccc(OCCCC(F)(F)F)cc2F)(C(F)(F)F)CC(c2ccn(CC3CC3)n2)=C1n1nn[nH]c1=O,8.301029995663981,1,IC50,DGAT2,CHEMBL2439944
O=C1N[C@@](c2ccc(OCCCC(F)(F)F)cc2F)(C(F)(F)F)CC(c2ccn(CC3CCC3)n2)=C1n1nn[nH]c1=O,8.301029995663981,1,IC50,DGAT2,CHEMBL2439944
O=C1N[C@@](c2ccc(OCCCC(F)(F)F)cc2F)(C(F)(F)F)CC(c2ncc(C3CC3)s2)=C1n1nn[nH]c1=O,8.698970004336019,1,IC50,DGAT2,CHEMBL2439944
O=C1N[C@@](c2ccc(OCCCCCC(F)(F)F)cc2)(C(F)(F)F)CC(c2ccc(OC(F)F)cc2)=C1n1nn[nH]c1=O,7.769551078621726,1,IC50,DGAT2,CHEMBL2439944
O=C1N[C@@](c2cnn(CCCCCCC(F)(F)F)c2)(C(F)(F)F)CC(c2ccc3c(c2)CCCC3)=C1n1nn[nH]c1=O,8.301029995663981,1,IC50,DGAT2,CHEMBL2439944
O=S(=O)(Nc1ccc(CCCC2CCCC2)cc1F)c1ccc2c(c1)CCN(CCCC(F)(F)F)C2,6.790484985457369,1,IC50,DGAT2,CHEMBL2439944
O=S(=O)(Nc1ccc(CCCC2CCCC2)cc1F)c1ccc2c(c1)CCN(CCc1ccc(C(F)(F)F)cn1)C2,7.337242168318426,1,IC50,DGAT2,CHEMBL2439944
O=S(=O)(Nc1ccc(CCCC2CCCC2)cc1F)c1ccc2c(c1)CCN(CCc1ccc(OC(F)(F)F)cc1)C2,6.59176003468815,1,IC50,DGAT2,CHEMBL2439944
O=S(=O)(Nc1ccc(CCCC2CCCC2)cc1F)c1ccc2c(c1)CCN(Cc1ccc(C(F)(F)F)nc1)C2,6.7447274948966935,1,IC50,DGAT2,CHEMBL2439944
O=S(=O)(Nc1ccc(CCCC2CCCC2)cc1F)c1ccc2c(c1)CCN(Cc1ccc(OC(F)(F)C(F)F)cc1)C2,6.5638373529592435,1,IC50,DGAT2,CHEMBL2439944
O=S(=O)(Nc1ccc(CCCC2CCCC2)cc1F)c1ccc2c(c1)CCN(Cc1ccc(OCC(F)(F)F)nc1)C2,6.605548319173783,1,IC50,DGAT2,CHEMBL2439944
O=S(=O)(Nc1ccc(CCCC2CCCC2)cc1F)c1ccc2c(c1)CCN(Cc1cnc(-c3ccc(Cl)cc3)s1)C2,6.978810700930062,1,IC50,DGAT2,CHEMBL2439944
O=S(=O)(Nc1ccc(CCCC2CCCC2)cc1F)c1ccc2c(c1)CCN(Cc1cnc(C(F)(F)F)nc1)C2,6.642065152999546,1,IC50,DGAT2,CHEMBL2439944
O=S(=O)(Nc1ccc(CCCC2CCCC2)cc1F)c1ccc2c(c1)CCN(Cc1cnn(C3CCC3)c1)C2,6.847711655616944,1,IC50,DGAT2,CHEMBL2439944
O=S(=O)(Nc1ccc(CCCC2CCCC2)cc1F)c1ccc2c(c1)CCN(Cc1cnn(CC3CC3)c1)C2,6.630784142589857,1,IC50,DGAT2,CHEMBL2439944
O=S(=O)(Nc1ccc(OCCC2CCOCC2)cc1F)c1ccc2c(c1)CCN(Cc1cnc(C(F)(F)F)nc1)C2,6.714442690992226,1,IC50,DGAT2,CHEMBL2439944
O=c1[nH]c(-c2ccc(OCCCC(F)(F)F)cc2)cc(-c2ccc(C3CC3)s2)c1-c1nnn[nH]1,7.6020599913279625,1,IC50,DGAT2,CHEMBL2439944
O=c1[nH]c(-c2ccc(OCCCCCC(F)(F)F)cc2)cc(-c2ccc(C3CC3)s2)c1-c1nnn[nH]1,8.698970004336019,1,IC50,DGAT2,CHEMBL2439944
C(#Cc1ccc(OCc2ccccc2)cc1)C1=CN2CCC1CC2,6.6020599913279625,1,IC50,FDFT1,CHEMBL3338
C/C(=C\[C@@H](C)Cc1ccccc1)CC[C@]12O[C@H](C(=O)O)[C@@](O)(C(=O)O)[C@](C(=O)O)(O1)[C@H](O)[C@H]2O,6.681936665037238,1,IC50,FDFT1,CHEMBL3338
C1=C(c2ccc(OCc3ccccc3)cc2)C2CCN1CC2,6.6020599913279625,1,IC50,FDFT1,CHEMBL3338
C=C(C)C[C@H]1C(=O)N(CC(=O)O)C[C@H](c2ccccc2Cl)c2cc(Cl)ccc21,5.259637310505756,1,IC50,FDFT1,CHEMBL3338
C=C(CCC12CCC(C(=O)O)(O1)C(O)(C(=O)O)C(C(=O)O)O2)[C@@H](OC(C)=O)[C@H](C)Cc1ccccc1,6.366531544420413,1,IC50,FDFT1,CHEMBL3338
C=C(CCC12OC(C(=O)O)C(O)(C(=O)O)C(C(=O)O)(O1)[C@H](OC(=O)/C=C/[C@@H](C)C[C@@H](C)CC)[C@H]2O)[C@@H](OC(C)=O)[C@H](C)Cc1ccccc1,9.619788758288394,1,IC50,FDFT1,CHEMBL3338
C=C(CCC12OC(C(=O)O)C(O)(C(=O)O)C(C(=O)O)(O1)[C@H](OC(=O)/C=C/[C@H](C)C[C@H](C)CC)[C@H]2O)[C@@H](OC(C)=O)[C@H](C)Cc1ccccc1,8.301029995663981,1,IC50,FDFT1,CHEMBL3338
C=C(CCC12OC(C(=O)O)C(O)(C(=O)O)C(C(=O)O)(O1)[C@H](OC(=O)CCCCCCCCCCC)[C@H]2O)[C@@H](OC(C)=O)[C@H](C)Cc1ccccc1,9.017728766960431,1,IC50,FDFT1,CHEMBL3338
C=C(CCC12OC(C(=O)O)C(O)(C(=O)O)C(C(=O)O)(O1)[C@H](OC(=O)NCCCCCCCCCC)[C@H]2O)[C@@H](OC(C)=O)[C@H](C)Cc1ccccc1,8.494850021680094,1,IC50,FDFT1,CHEMBL3338
C=C(CCC12OC(C(=O)O)C(O)(C(=O)O)C(C(=O)O)(O1)[C@H](OC(=O)OCCCCCCCCCC)[C@H]2O)[C@@H](OC(C)=O)[C@H](C)Cc1ccccc1,9.193820026016112,1,IC50,FDFT1,CHEMBL3338
C=C(CCC12OC(C(=O)O)C(O)(C(=O)O)C(C(=O)O)(O1)[C@H](OC(=O)OCCCCCCCCCCCOc1ccccc1)[C@H]2O)[C@@H](OC(C)=O)[C@H](C)Cc1ccccc1,9.55284196865778,1,IC50,FDFT1,CHEMBL3338
C=C(CCC12OC(C(=O)O)C(O)(C(=O)O)C(C(=O)O)(O1)[C@H](OCCCCCCCCCCCC)[C@H]2O)[C@@H](OC(C)=O)[C@H](C)Cc1ccccc1,9.522878745280337,1,IC50,FDFT1,CHEMBL3338
C=C(CCC1OC(C(=O)O)C(O)(C(=O)O)C(C(=O)O)O1)C(OC(C)=O)C(C)Cc1ccccc1,5.920818753952375,1,IC50,FDFT1,CHEMBL3338
C=C(CC[C@]12O[C@H](C(=O)O)[C@@](O)(C(=O)O)[C@](C(=O)O)(O1)[C@H](OC(=O)/C=C/[C@@H](C)C[C@@H](C)CC)[C@H]2O)[C@@H](OC(C)=O)[C@H](C)Cc1ccccc1,8.301029995663981,2,IC50,FDFT1,CHEMBL3338
C=C(CC[C@]12O[C@H](C(=O)O)[C@@](O)(C(=O)O)[C@](C(=O)O)(O1)[C@H](OC(=O)/C=C/[C@@H](C)C[C@@H](C)CC)[C@H]2O)[C@H](OC(C)=O)[C@@H](C)Cc1ccccc1,8.301029995663981,1,IC50,FDFT1,CHEMBL3338
C=C(CC[C@]12O[C@H](C(=O)O)[C@@](O)(C(=O)O)[C@](C(=O)O)(O1)[C@H](OC(=O)/C=C/[C@@H](C)C[C@@H](C)CC)[C@H]2OC(=O)OC)[C@@H](OC(C)=O)[C@H](C)Cc1ccccc1,7.823908740944319,1,IC50,FDFT1,CHEMBL3338
C=C(CC[C@]12O[C@H](C(=O)O)[C@@](O)(C(=O)O)[C@](C(=O)O)(O1)[C@H](OC(=O)/C=C/c1ccccc1)[C@H]2O)[C@@H](OC(C)=O)[C@H](C)Cc1ccccc1,8.0,1,IC50,FDFT1,CHEMBL3338
C=C(CC[C@]12O[C@H](C(=O)O)[C@@](O)(C(=O)O)[C@](C(=O)O)(O1)[C@H](OC(=O)C1CCCCC1)[C@H]2O)[C@@H](OC(C)=O)[C@H](C)Cc1ccccc1,7.769551078621726,1,IC50,FDFT1,CHEMBL3338
C=C(CC[C@]12O[C@H](C(=O)O)[C@@](O)(C(=O)O)[C@](C(=O)O)(O1)[C@H](OC(=O)CC1CCCCC1)[C@H]2O)[C@@H](OC(C)=O)[C@H](C)Cc1ccccc1,8.397940008672037,1,IC50,FDFT1,CHEMBL3338
C=C(CC[C@]12O[C@H](C(=O)O)[C@@](O)(C(=O)O)[C@](C(=O)O)(O1)[C@H](OC(=O)CCCC)[C@H]2O)[C@@H](OC(C)=O)[C@H](C)Cc1ccccc1,7.585026652029182,1,IC50,FDFT1,CHEMBL3338
C=C(CC[C@]12O[C@H](C(=O)O)[C@@](O)(C(=O)O)[C@](C(=O)O)(O1)[C@H](OC(=O)CCCCCCc1ccccc1)[C@H]2O)[C@@H](OC(C)=O)[C@H](C)Cc1ccccc1,8.154901959985743,1,IC50,FDFT1,CHEMBL3338
C=C(CC[C@]12O[C@H](C(=O)O)[C@@](O)(C(=O)O)[C@](C(=O)O)(O1)[C@H](OC(=O)OCCCC)[C@H]2O)[C@@H](OC(C)=O)[C@H](C)Cc1ccccc1,8.096910013008056,1,IC50,FDFT1,CHEMBL3338
C=C(CC[C@]12O[C@H](C(=O)O)[C@@](O)(C(=O)O)[C@](C(=O)O)(O1)[C@H](OC(=O)OCCCCCCCCC)[C@H]2O)[C@@H](OC(C)=O)[C@H](C)Cc1ccccc1,8.698970004336019,1,IC50,FDFT1,CHEMBL3338
C=C(CC[C@]12O[C@H](C(=O)O)[C@@](O)(C(=O)O)[C@](C(=O)O)(O1)[C@H](OC(=O)c1ccccc1)[C@H]2O)[C@@H](OC(C)=O)[C@H](C)Cc1ccccc1,8.096910013008056,1,IC50,FDFT1,CHEMBL3338
C=CCc1cc(CCC(=O)OCC)ccc1C#CC1(O)CN2CCC1CC2,7.366531544420414,1,Ki,FDFT1,CHEMBL3338
CC(=O)O[C@@H](C(C)CC[C@]12O[C@H](C(=O)O)[C@@](O)(C(=O)O)[C@](C(=O)O)(O1)[C@H](O)[C@H]2O)[C@@H](C)Cc1ccccc1,6.698970004336019,1,IC50,FDFT1,CHEMBL3338
CC(=O)O[C@H](CCC[C@]12O[C@H](C(=O)O)[C@@](O)(C(=O)O)[C@](C(=O)O)(O1)[C@H](OC(=O)CC/C=C/[C@H](C)CCCc1ccccc1)[C@H]2O)[C@H](C)Cc1ccccc1,9.522878745280337,1,IC50,FDFT1,CHEMBL3338
CC(C)(C(=O)NCCCc1cccc(Oc2ccccc2)c1)P(=O)([O-])[O-].[K+].[K+],6.2839966563652006,1,Ki,FDFT1,CHEMBL3338
CC(C)(C)CN(C(=O)CCC(=O)N1CCC(C(=O)O)CC1)c1ccc(Cl)cc1C(O)c1cccc(F)c1Cl,7.769551078621726,1,IC50,FDFT1,CHEMBL3338
CC(C)(C)CN(C(=O)CCC(=O)N1CCC(C(=O)O)CC1)c1ccc(Cl)cc1C(O)c1cccc2c1OCCO2,8.154901959985743,1,IC50,FDFT1,CHEMBL3338
CC(C)(C)CN(C(=O)CCC(=O)N1CCC(C(=O)O)CC1)c1ccc(Cl)cc1C(O)c1ccccc1Cl,6.886056647693163,1,IC50,FDFT1,CHEMBL3338
CC(C)(C)CN(C(=O)CCC(=O)N1CCC(C(=O)O)CC1)c1ccc(Cl)cc1C(O)c1ccccc1F,5.769551078621726,1,IC50,FDFT1,CHEMBL3338
CC(C)(C)CN(C(=O)CCC(=O)N1CCC(C(N)=O)CC1)c1ccc(Cl)cc1C(O)c1ccccc1Cl,6.552841968657781,1,IC50,FDFT1,CHEMBL3338
CC(C)(C)CN(C(=O)CCC(=O)N1CCCC(C(=O)O)C1)c1ccc(Cl)cc1C(O)c1ccc(F)cc1Cl,6.721246399047171,1,IC50,FDFT1,CHEMBL3338
CC(C)(C)CN(C(=O)CCC(=O)N1CCCC(C(=O)O)C1)c1ccc(Cl)cc1C(O)c1cccc(F)c1Cl,8.075720713938118,1,IC50,FDFT1,CHEMBL3338
CC(C)(C)CN(C(=O)CCC(=O)N1CCCC(C(=O)O)C1)c1ccc(Cl)cc1C(O)c1cccc2c1OCCO2,8.167491087293763,1,IC50,FDFT1,CHEMBL3338
CC(C)(C)CN(C(=O)CCC(=O)N1CCCC(C(=O)O)C1)c1ccc(Cl)cc1C(O)c1ccccc1F,6.537602002101044,1,IC50,FDFT1,CHEMBL3338
CC(C)(C)CN(C(=O)CCC(=O)N1CCCC(C(=O)O)C1)c1ccc(Cl)cc1[C@H](O)c1ccccc1Cl,7.698970004336019,1,IC50,FDFT1,CHEMBL3338
CC(C)(C)CN(C(=O)CCC(=O)N1CCN(C(=O)OCc2ccccc2)CC1)c1ccc(Cl)cc1C(O)c1ccccc1Cl,8.958607314841775,1,IC50,FDFT1,CHEMBL3338
CC(C)(C)CN(C(=O)CCC(=O)N1CCN(S(C)(=O)=O)CC1)c1ccc(Cl)cc1C(O)c1ccccc1Cl,6.585026652029182,1,IC50,FDFT1,CHEMBL3338
CC(C)(C)CN(C(=O)CCC(=O)N1CCNCC1)c1ccc(Cl)cc1C(O)c1ccccc1Cl,5.6777807052660805,1,IC50,FDFT1,CHEMBL3338
CC(C)(C)CN(C(=O)CCC(=O)NCC1CCCCC1)c1ccc(Cl)cc1C(O)c1ccccc1Cl,6.657577319177793,1,IC50,FDFT1,CHEMBL3338
CC(C)(C)CN(C(=O)CCC(=O)O)c1ccc(Cl)cc1C(O)c1ccccc1Cl,5.187086643357144,1,IC50,FDFT1,CHEMBL3338
CC(C)(C)c1ccc(Oc2cccc(CCCC(P(=O)([O-])[O-])S(=O)(=O)[O-])c2)cc1.[K+].[K+].[K+],5.3979400086720375,1,IC50,FDFT1,CHEMBL3338
CC(C)=CCC/C(C)=C/CC/C(C)=C/CC(C/C=C(\C)CC/C=C(\C)CCC=C(C)C)(P(=O)([O-])[O-])P(=O)([O-])CP(=O)([O-])[O-].[K+].[K+].[K+].[K+].[K+],4.632644078973981,1,IC50,FDFT1,CHEMBL3338
CC(C)=CCC/C(C)=C/CC/C(C)=C/CC(P(=O)([O-])[O-])P(=O)([O-])CP(=O)([O-])[O-].[K+].[K+].[K+].[K+].[K+],5.958607314841775,1,IC50,FDFT1,CHEMBL3338
CC(C)=CCC/C(C)=C/CC/C(C)=C/CC(P(=O)([O-])[O-])P(=O)([O-])[O-].[K+].[K+].[K+].[K+],7.7447274948966935,1,IC50,FDFT1,CHEMBL3338
CC(C)=CCC/C(C)=C/CC/C(C)=C/CC1P(=O)([O-])CP(=O)([O-])OP1(=O)[O-].[K+].[K+].[K+],4.333482019445119,1,IC50,FDFT1,CHEMBL3338
CC(C)=CCC/C(C)=C/CNCCNC1C2CC3CC(C2)CC1C3,5.065384140134512,2,"Ki,IC50",FDFT1,CHEMBL3338
CC(C)=CCC/C(C)=C/CNCCOC1C2CC3CC(C2)CC1C3,4.0,1,IC50,FDFT1,CHEMBL3338
CC(C)=CCC/C(C)=C/COCCNC1C2CC3CC(C2)CC1C3,4.0,1,IC50,FDFT1,CHEMBL3338
CC(C)C[C@H]1C(=O)N(CC(=O)N2CCC(C(=O)O)CC2)C[C@H](c2ccccc2Cl)c2cc(Cl)ccc21,6.031517051446064,1,IC50,FDFT1,CHEMBL3338
CC(C)C[C@H]1C(=O)N(CC(=O)N2CCC(CC(=O)O)CC2)C[C@H](c2ccccc2Cl)c2cc(Cl)ccc21,5.853871964321762,1,IC50,FDFT1,CHEMBL3338
CC(C)C[C@H]1C(=O)N(CC(=O)NCCCCCC(=O)O)C[C@H](c2ccccc2Cl)c2cc(Cl)ccc21,5.619788758288394,1,IC50,FDFT1,CHEMBL3338
CC(C)C[C@H]1C(=O)N(CC(=O)O)C[C@H](c2ccccc2)c2cc(Cl)ccc21,4.815308569182402,1,IC50,FDFT1,CHEMBL3338
CC(C)C[C@H]1C(=O)N(CC(=O)O)C[C@H](c2ccccc2Br)c2cc(Cl)ccc21,5.657577319177793,1,IC50,FDFT1,CHEMBL3338
CC(C)C[C@H]1C(=O)N(CC(=O)O)C[C@H](c2ccccc2Cl)c2cc(Cl)ccc21,5.481486060122112,1,IC50,FDFT1,CHEMBL3338
CC(C)NC(=O)C1CCN(C(=O)CCC(=O)N(CC(C)(C)C)c2ccc(Cl)cc2C(O)c2ccccc2Cl)CC1,8.431798275933005,1,IC50,FDFT1,CHEMBL3338
CC(CC[C@]12O[C@H](C(=O)O)[C@@](O)(C(=O)O)[C@](C(=O)O)(O1)[C@H](O)[C@H]2O)C[C@@H](C)Cc1ccccc1,6.698970004336019,1,IC50,FDFT1,CHEMBL3338
CC(NC(=O)CC(CC(=O)O)C(=O)O)C(Cc1ccc(Cl)cc1)c1ccc(Cl)cc1,6.180456064458131,1,IC50,FDFT1,CHEMBL3338
CCC(=O)OCC(C)(C)CN1C(=O)[C@@H](CC(=O)N2CCC(CC(=O)O)CC2)O[C@H](c2cccc(OC)c2OC)c2cc(Cl)ccc21,7.060480747381382,1,IC50,FDFT1,CHEMBL3338
CCCC(=O)OCC(C)(C)CN1C(=O)[C@@H](CC(=O)N2CCC(CC(=O)O)CC2)O[C@H](c2cccc(OC)c2OC)c2cc(Cl)ccc21,7.031517051446065,1,IC50,FDFT1,CHEMBL3338
CCCCCCC[C@@H](CCC[C@]12O[C@H](C(=O)O)[C@@](O)(C(=O)O)[C@](C(=O)O)(O1)[C@H](OC(=O)CC/C=C/[C@@H](C)CCCc1ccccc1)[C@H]2O)OC(C)=O,8.698970004336019,1,IC50,FDFT1,CHEMBL3338
CCCCNC(=O)C1CCN(C(=O)CCC(=O)N(CC(C)(C)C)c2ccc(Cl)cc2C(O)c2ccccc2Cl)CC1,8.795880017344075,1,IC50,FDFT1,CHEMBL3338
CCCCc1ccc(-c2ccc(CCCC(P(=O)([O-])[O-])S(=O)(=O)[O-])cc2)cc1.[K+].[K+].[K+],6.886056647693163,1,IC50,FDFT1,CHEMBL3338
CCCCc1oc2ccccc2c1C(=O)c1cc(I)c(OCCN(CC)CC)c(I)c1,5.096910013008056,1,IC50,FDFT1,CHEMBL3338
CCCN(C(=O)CCC(=O)N1CCC(C(=O)OCC)CC1)c1ccc(Cl)cc1C(O)c1ccccc1Cl,6.221848749616356,1,IC50,FDFT1,CHEMBL3338
CCCOc1cccc(-c2ccc(CCCC(P(=O)([O-])[O-])S(=O)(=O)[O-])cc2)c1.[K+].[K+].[K+],5.7447274948966935,1,IC50,FDFT1,CHEMBL3338
CCCc1ccc(Oc2cccc(CCCC(P(=O)([O-])[O-])S(=O)(=O)[O-])c2)cc1.[K+].[K+].[K+],5.721246399047171,1,IC50,FDFT1,CHEMBL3338
CCNC(=O)C1CCN(C(=O)CCC(=O)N(CC(C)(C)C)c2ccc(Cl)cc2C(O)c2ccccc2Cl)CC1,8.619788758288394,1,IC50,FDFT1,CHEMBL3338
CCOC(=O)C1CCCN(C(=O)CCC(=O)N(CC(C)(C)C)c2ccc(Cl)cc2C(O)c2cccc(F)c2Cl)C1,7.552841968657781,1,IC50,FDFT1,CHEMBL3338
CCOC(=O)C1CCCN(C(=O)CCC(=O)N(CC(C)(C)C)c2ccc(Cl)cc2C(O)c2cccc(OC)c2OC)C1,8.886056647693163,1,IC50,FDFT1,CHEMBL3338
CCOC(=O)C1CCCN(C(=O)CCC(=O)N(CC(C)(C)C)c2ccc(Cl)cc2C(O)c2cccc3c2OCCO3)C1,7.886056647693163,1,IC50,FDFT1,CHEMBL3338
CCOC(=O)C1CCCN(C(=O)CCC(=O)N(CC(C)(C)C)c2ccc(Cl)cc2C(O)c2ccccc2Cl)C1,6.3872161432802645,1,IC50,FDFT1,CHEMBL3338
CCOC(=O)C1CCCN(C(=O)CCC(=O)N(CC(C)(C)C)c2ccc(Cl)cc2C(O)c2ccccc2OC)C1,8.585026652029182,1,IC50,FDFT1,CHEMBL3338
CCOC(=O)C1CCN(C(=O)CCC(=O)N(C)c2ccc(Cl)cc2C(O)c2ccccc2Cl)CC1,4.6777807052660805,1,IC50,FDFT1,CHEMBL3338
CCOC(=O)C1CCN(C(=O)CCC(=O)N(CC(C)(C)C)c2ccc(Cl)cc2C(O)c2ccc(F)cc2Cl)CC1,8.698970004336019,1,IC50,FDFT1,CHEMBL3338
CCOC(=O)C1CCN(C(=O)CCC(=O)N(CC(C)(C)C)c2ccc(Cl)cc2C(O)c2cccc(F)c2Cl)CC1,8.142667503568731,1,IC50,FDFT1,CHEMBL3338
CCOC(=O)C1CCN(C(=O)CCC(=O)N(CC(C)(C)C)c2ccc(Cl)cc2C(O)c2cccc(OC)c2)CC1,6.6777807052660805,1,IC50,FDFT1,CHEMBL3338
CCOC(=O)C1CCN(C(=O)CCC(=O)N(CC(C)(C)C)c2ccc(Cl)cc2C(O)c2cccc(OC)c2OC)CC1,8.958607314841775,1,IC50,FDFT1,CHEMBL3338
CCOC(=O)C1CCN(C(=O)CCC(=O)N(CC(C)(C)C)c2ccc(Cl)cc2C(O)c2cccc3c2OCCO3)CC1,8.0,1,IC50,FDFT1,CHEMBL3338
CCOC(=O)C1CCN(C(=O)CCC(=O)N(CC(C)(C)C)c2ccc(Cl)cc2C(O)c2ccccc2)CC1,6.113509274827518,1,IC50,FDFT1,CHEMBL3338
CCOC(=O)C1CCN(C(=O)CCC(=O)N(CC(C)(C)C)c2ccc(Cl)cc2C(O)c2ccccc2Cl)CC1,9.070581074285707,1,IC50,FDFT1,CHEMBL3338
CCOC(=O)C1CCN(C(=O)CCC(=O)N(CC(C)(C)C)c2ccc(Cl)cc2C(O)c2ccccc2F)CC1,9.346787486224656,1,IC50,FDFT1,CHEMBL3338
CCOC(=O)C1CCN(C(=O)CCC(=O)N(CC(C)(C)C)c2ccc(Cl)cc2C(O)c2ccccc2OC)CC1,8.958607314841775,1,IC50,FDFT1,CHEMBL3338
CCOC(=O)C1CCN(C(=O)CCC(=O)N(CC(C)(C)C)c2ccc(Cl)cc2C(O)c2ccccc2OCC)CC1,6.3872161432802645,1,IC50,FDFT1,CHEMBL3338
CCOC(=O)C1CCN(C(=O)CCC(=O)N(CC(C)(C)C)c2ccc(Cl)cc2Cc2ccccc2Cl)CC1,6.187086643357144,1,IC50,FDFT1,CHEMBL3338
CCOC(=O)CN1CCN(C(=O)CCC(=O)N(CC(C)(C)C)c2ccc(Cl)cc2C(O)c2ccccc2Cl)CC1,8.102372908709558,1,IC50,FDFT1,CHEMBL3338
CCOC(=O)Cc1ccc(C#CC2(O)CN3CCC2CC3)cc1,6.180456064458131,1,IC50,FDFT1,CHEMBL3338
CCOC(=O)N1CCN(C(=O)CCC(=O)N(CC(C)(C)C)c2ccc(Cl)cc2C(O)c2ccccc2Cl)CC1,8.638272163982407,1,IC50,FDFT1,CHEMBL3338
CCOC(=O)c1ccc(C2=CN3CCC2CC3)cc1,5.154901959985743,2,IC50,FDFT1,CHEMBL3338
CC[C@H](C)C[C@H](C)CCC(=O)O[C@@H]1[C@@H](O)[C@@]2(CCC(C)C[C@@H](C)Cc3ccccc3)O[C@H](C(=O)O)[C@@](O)(C(=O)O)[C@]1(C(=O)O)O2,7.853871964321762,1,IC50,FDFT1,CHEMBL3338
CC[C@H](C)C[C@H](C)CCC(=O)O[C@@H]1[C@@H](O)[C@@]2(CCC(C)[C@H](O)[C@@H](C)Cc3ccccc3)O[C@H](C(=O)O)[C@@](O)(C(=O)O)[C@]1(C(=O)O)O2,8.045757490560675,1,IC50,FDFT1,CHEMBL3338
CC[C@H](C)C[C@H](C)CCC(=O)O[C@@H]1[C@@H](O)[C@@]2(CCC(C)[C@H](OC(C)=O)[C@@H](C)Cc3ccccc3)O[C@H](C(=O)O)[C@@](O)(C(=O)O)[C@]1(C(=O)O)O2,7.593209505715905,2,IC50,FDFT1,CHEMBL3338
CCn1c2ccccc2c2cc(CCCC(P(=O)([O-])[O-])S(=O)(=O)[O-])ccc21.[K+].[K+].[K+],4.931814138253839,1,IC50,FDFT1,CHEMBL3338
CN(C)C(=O)C1CCN(C(=O)CCC(=O)N(CC(C)(C)C)c2ccc(Cl)cc2C(O)c2ccccc2Cl)CC1,7.013228265733755,1,IC50,FDFT1,CHEMBL3338
CN(CCCc1cccc(Oc2ccccc2)c1)C(=O)CP(=O)([O-])[O-].[K+].[K+],6.0,1,Ki,FDFT1,CHEMBL3338
CNC(=O)C1CCN(C(=O)CCC(=O)N(CC(C)(C)C)c2ccc(Cl)cc2C(O)c2ccccc2Cl)CC1,8.886056647693163,1,IC50,FDFT1,CHEMBL3338
COC(=O)CCC(=O)N(CC(C)(C)C)c1ccc(Cl)cc1C(O)c1ccccc1Cl,5.769551078621726,1,IC50,FDFT1,CHEMBL3338
COCCCOc1ccc(C#C[C@@]2(O)CN3CCC2CC3)c(Cc2ccccc2)n1,8.221848749616356,1,IC50,FDFT1,CHEMBL3338
CO[C@H]1CN(c2ccc(C#C[C@@]3(O)CN4CCC3CC4)c(Cc3ccccc3)n2)C[C@H]1O,8.823908740944319,1,IC50,FDFT1,CHEMBL3338
COc1ccc(Oc2ccc(F)cc2)cc1CCCC(P(=O)([O-])[O-])S(=O)(=O)[O-].[K+].[K+].[K+],6.102372908709558,1,IC50,FDFT1,CHEMBL3338
COc1ccc2cc(C3=CN4CCC3CC4)ccc2c1,5.552841968657781,1,IC50,FDFT1,CHEMBL3338
COc1cccc(C(O)c2cc(Cl)ccc2N(CC(C)(C)C)C(=O)CCC(=O)N2CCC(C(=O)O)CC2)c1OC,8.55284196865778,1,IC50,FDFT1,CHEMBL3338
COc1cccc(C(O)c2cc(Cl)ccc2N(CC(C)(C)C)C(=O)CCC(=O)N2CCCC(C(=O)O)C2)c1OC,8.698970004336019,1,IC50,FDFT1,CHEMBL3338
COc1cccc(C2OC(CC(=O)O)c3noc(C(C)C)c3-c3ccc(Cl)cc32)c1OC,6.015875302946041,2,IC50,FDFT1,CHEMBL3338
COc1cccc([C@@H]2CN(CC(=O)N3CCC(C(=O)O)CC3)C(=O)[C@H](CC(C)C)c3ccc(Cl)cc32)c1OC,6.657577319177793,1,IC50,FDFT1,CHEMBL3338
COc1cccc([C@@H]2O[C@@H](CC(=O)O)c3noc(C(C)C)c3-c3ccc(Cl)cc32)c1OC,5.847711655616944,1,IC50,FDFT1,CHEMBL3338
COc1cccc([C@H]2CN(CC(=O)N3CCC(C(=O)O)CC3)C(=O)[C@H](CC(C)C)c3ccc(Cl)cc32)c1OC,6.346787486224656,1,IC50,FDFT1,CHEMBL3338
COc1cccc([C@H]2CN(CC(=O)O)C(=O)[C@H](CC(C)C)c3ccc(Cl)cc32)c1OC,5.920818753952375,1,IC50,FDFT1,CHEMBL3338
COc1cccc([C@H]2O[C@H](CC(=O)N(C)CC(=O)O)C(=O)N(CC(C)(C)CO)c3ccc(Cl)cc32)c1OC,7.7447274948966935,1,IC50,FDFT1,CHEMBL3338
COc1cccc([C@H]2O[C@H](CC(=O)N3CCC(C(=O)O)CC3)C(=O)N(CC(C)(C)CO)c3ccc(Cl)cc32)c1OC,7.7447274948966935,1,IC50,FDFT1,CHEMBL3338
COc1cccc([C@H]2O[C@H](CC(=O)N3CCC(C(=O)O)CC3)c3noc(C(C)C)c3-c3ccc(Cl)cc32)c1OC,6.950781977329818,1,IC50,FDFT1,CHEMBL3338
COc1cccc([C@H]2O[C@H](CC(=O)N3CCC(CC(=O)O)CC3)C(=O)N(CC(C)(C)CO)c3ccc(Cl)cc32)c1OC,6.965907069126919,2,IC50,FDFT1,CHEMBL3338
COc1cccc([C@H]2O[C@H](CC(=O)N3CCC(CC(=O)O)CC3)C(=O)N(CC(C)(C)COC(=O)C(C)C)c3ccc(Cl)cc32)c1OC,7.050609993355087,1,IC50,FDFT1,CHEMBL3338
COc1cccc([C@H]2O[C@H](CC(=O)N3CCC(CC(=O)O)CC3)C(=O)N(CC(C)(C)COC(C)=O)c3ccc(Cl)cc32)c1OC,6.889762896935391,2,IC50,FDFT1,CHEMBL3338
COc1cccc([C@H]2O[C@H](CC(=O)N3CCC(CC(=O)O)CC3)C(=O)N(CC(C)(C)COCC(=O)OC(C)(C)C)c3ccc(Cl)cc32)c1OC,6.326979092871104,1,IC50,FDFT1,CHEMBL3338
COc1cccc([C@H]2O[C@H](CC(=O)N3CCC(CC(=O)O)CC3)c3noc(C(C)C)c3-c3ccc(Cl)cc32)c1OC,6.882728704344236,1,IC50,FDFT1,CHEMBL3338
COc1cccc([C@H]2O[C@H](CC(=O)N3CCC(CCC(=O)O)CC3)C(=O)N(CC(C)(C)CO)c3ccc(Cl)cc32)c1OC,7.214670164989233,1,IC50,FDFT1,CHEMBL3338
COc1cccc([C@H]2O[C@H](CC(=O)N3CCC(CCCC(=O)O)CC3)C(=O)N(CC(C)(C)CO)c3ccc(Cl)cc32)c1OC,7.154901959985743,1,IC50,FDFT1,CHEMBL3338
COc1cccc([C@H]2O[C@H](CC(=O)N3CC[C@@H](O)C3)c3noc(C(C)C)c3-c3ccc(Cl)cc32)c1OC,6.790484985457369,1,IC50,FDFT1,CHEMBL3338
COc1cccc([C@H]2O[C@H](CC(=O)NC(CC(C)C)C(=O)O)C(=O)N(CC(C)(C)CO)c3ccc(Cl)cc32)c1OC,7.552841968657781,1,IC50,FDFT1,CHEMBL3338
COc1cccc([C@H]2O[C@H](CC(=O)NCC(=O)O)C(=O)N(CC(C)(C)CO)c3ccc(Cl)cc32)c1OC,7.823908740944319,1,IC50,FDFT1,CHEMBL3338
COc1cccc([C@H]2O[C@H](CC(=O)NCCC(=O)O)C(=O)N(CC(C)(C)CO)c3ccc(Cl)cc32)c1OC,7.823908740944319,1,IC50,FDFT1,CHEMBL3338
COc1cccc([C@H]2O[C@H](CC(=O)NCCCC(=O)O)C(=O)N(CC(C)(C)CO)c3ccc(Cl)cc32)c1OC,7.494850021680094,1,IC50,FDFT1,CHEMBL3338
COc1cccc([C@H]2O[C@H](CC(=O)NCCCCC(=O)O)C(=O)N(CC(C)(C)CO)c3ccc(Cl)cc32)c1OC,7.42021640338319,1,IC50,FDFT1,CHEMBL3338
COc1cccc([C@H]2O[C@H](CC(=O)N[C@@H](C)C(=O)O)C(=O)N(CC(C)(C)CO)c3ccc(Cl)cc32)c1OC,7.6777807052660805,1,IC50,FDFT1,CHEMBL3338
COc1cccc([C@H]2O[C@H](CC(=O)N[C@H](C)C(=O)O)C(=O)N(CC(C)(C)CO)c3ccc(Cl)cc32)c1OC,7.7447274948966935,1,IC50,FDFT1,CHEMBL3338
COc1cccc([C@H]2O[C@H](CC(=O)O)C(=O)N(CC(C)(C)CO)c3ccc(Cl)cc32)c1OC,6.651695136951839,1,IC50,FDFT1,CHEMBL3338
COc1cccc([C@H]2O[C@H](CC(=O)O)c3noc(C(C)C)c3-c3ccc(Cl)cc32)c1OC,7.251811972993799,1,IC50,FDFT1,CHEMBL3338
COc1ccccc1C(O)c1cc(Cl)ccc1N(CC(C)(C)C)C(=O)CCC(=O)N1CCC(C(=O)O)CC1,8.769551078621726,1,IC50,FDFT1,CHEMBL3338
COc1ccccc1C(O)c1cc(Cl)ccc1N(CC(C)(C)C)C(=O)CCC(=O)N1CCCC(C(=O)O)C1,8.886056647693163,1,IC50,FDFT1,CHEMBL3338
COc1ccccc1[C@H]1CN(CC(=O)N2CCC(C(=O)O)CC2)C(=O)[C@H](CC(C)C)c2ccc(Cl)cc21,6.301029995663981,1,IC50,FDFT1,CHEMBL3338
COc1ccccc1[C@H]1CN(CC(=O)N2CCCCC2)C(=O)[C@H](CC(C)C)c2ccc(Cl)cc21,6.431798275933005,1,IC50,FDFT1,CHEMBL3338
COc1ccccc1[C@H]1CN(CC(=O)O)C(=O)[C@H](CC(C)C)c2ccc(Cl)cc21,5.721246399047171,1,IC50,FDFT1,CHEMBL3338
CP(=O)([O-])C(CCCc1ccc(-c2ccccc2)cc1)P(=O)([O-])[O-].[K+].[K+].[K+],7.142667503568731,1,IC50,FDFT1,CHEMBL3338
CSCC[C@H](NC(=O)[C@@H]1CC[C@@H]2CCC[C@H](NC(=O)[C@@H](CS)NC(=O)OCC3c4ccccc4-c4ccccc43)C(=O)N21)C(=O)O,5.154901959985743,1,IC50,FDFT1,CHEMBL3338
CSCC[C@H](NC(=O)[C@@H]1CC[C@@H]2CC[C@](Cc3ccccc3)(NC(=O)[C@H](CS)NC(=O)OCC3c4ccccc4-c4ccccc43)C(=O)N21)C(=O)O,5.301029995663981,1,IC50,FDFT1,CHEMBL3338
CSCC[C@H](NC(=O)[C@H](Cc1ccccc1)NC[C@@H](NC[C@@H](N)CS)C(C)C)C(=O)O,6.522878745280337,1,IC50,FDFT1,CHEMBL3338
C[C@@H](CC(=O)O)CC(=O)N[C@@H](C)[C@@H](Cc1ccc(Cl)c(Cl)c1)c1ccc(-c2ccccc2)c(F)c1,8.4089353929735,1,IC50,FDFT1,CHEMBL3338
C[C@@H](CC(=O)O)CC(=O)N[C@@H](C)[C@H](/C=C/c1ccc2ccccc2c1)Cc1ccc(Cl)c(Cl)c1,8.602059991327963,1,IC50,FDFT1,CHEMBL3338
C[C@@H](CCCC[C@]12O[C@H](C(=O)O)[C@@](O)(C(=O)O)[C@](C(=O)O)(O1)[C@H](OC(=O)CC/C=C/[C@@H](C)CCCc1ccccc1)[C@H]2O)Cc1ccccc1,9.698970004336019,1,IC50,FDFT1,CHEMBL3338
C[C@@H](NC(=O)C[C@H](CC(=O)O)C(=O)O)[C@@H](Cc1ccc(Cl)c(Cl)c1)c1ccc(-c2ccccc2)c(F)c1,7.721246399047171,1,IC50,FDFT1,CHEMBL3338
C[C@@H](NC(=O)C[C@H](CC(=O)O)C(=O)O)[C@H](Cc1ccc(Cl)c(Cl)c1)c1ccc(-c2ccccc2)c(F)c1,7.795880017344075,1,IC50,FDFT1,CHEMBL3338
C[C@H](/C=C/CCC(=O)O[C@@H]1[C@@H](O)[C@@]2(CC/C=C/[C@H](C)CCCc3ccccc3)O[C@H](C(=O)O)[C@@](O)(C(=O)O)[C@]1(C(=O)O)O2)CCCc1ccccc1,8.397940008672037,1,IC50,FDFT1,CHEMBL3338
C[C@H](NC(=O)C[C@@H](CC(=O)O)C(=O)O)[C@@H](Cc1ccc(Cl)c(Cl)c1)c1ccc(-c2ccccc2)c(F)c1,9.2839966563652,2,IC50,FDFT1,CHEMBL3338
C[C@H](NC(=O)C[C@@H](CC(=O)O)C(=O)O)[C@@H](Cc1ccc(Cl)c(Cl)c1)c1ccc(-c2ccccc2)cc1,8.920818753952375,1,IC50,FDFT1,CHEMBL3338
C[C@H](NC(=O)C[C@@H](CC(=O)O)C(=O)O)[C@@H](Cc1ccc(Cl)cc1)c1ccc(-c2ccccc2)cc1,8.494850021680094,1,IC50,FDFT1,CHEMBL3338
C[C@H](NC(=O)C[C@H](CC(=O)O)C(=O)O)[C@@H](Cc1ccc(Cl)c(Cl)c1)c1ccc(-c2ccccc2)c(F)c1,9.136677139879545,1,IC50,FDFT1,CHEMBL3338
Cc1ccc(-c2ccc(CCCC(P(=O)([O-])[O-])S(=O)(=O)[O-])cc2)cc1.[K+].[K+].[K+],6.537602002101044,1,IC50,FDFT1,CHEMBL3338
Cc1cccc(NC(P(=O)(O)O)P(=O)(O)O)n1,5.889410289700751,1,IC50,FDFT1,CHEMBL3338
O=C(CCCCc1cccc(Oc2ccccc2)c1)CP(=O)([O-])[O-].[K+].[K+],4.698970004336019,1,Ki,FDFT1,CHEMBL3338
O=C(CP(=O)([O-])[O-])N(O)CCCc1cccc(Oc2ccc(Cl)c(Cl)c2)c1.[K+].[K+],5.795880017344075,1,Ki,FDFT1,CHEMBL3338
O=C(CP(=O)([O-])[O-])N(O)CCCc1cccc(Oc2ccccc2)c1.[K+].[K+],4.522878745280337,1,Ki,FDFT1,CHEMBL3338
O=C(CP(=O)([O-])[O-])NCCCc1cccc(Oc2ccc(Cl)c(Cl)c2)c1.[K+].[K+],6.130768280269024,1,Ki,FDFT1,CHEMBL3338
O=C(CP(=O)([O-])[O-])NCCCc1cccc(Oc2ccc(Cl)cc2)c1.[K+].[K+],5.958607314841775,1,Ki,FDFT1,CHEMBL3338
O=C(CP(=O)([O-])[O-])NCCCc1cccc(Oc2ccccc2)c1.[K+].[K+],6.275724130399211,1,Ki,FDFT1,CHEMBL3338
O=C(CP(=O)([O-])[O-])NCCc1cccc(Oc2ccccc2)c1.[K+].[K+],5.207608310501746,1,Ki,FDFT1,CHEMBL3338
O=C(NO)C(CCCc1cccc(Oc2ccccc2)c1)P(=O)([O-])[O-].[K+].[K+],6.522878745280337,1,Ki,FDFT1,CHEMBL3338
O=C(O)C1OC(CCCCCCc2ccccc2)OC(C(=O)O)C1(O)C(=O)O,5.096910013008056,1,IC50,FDFT1,CHEMBL3338
O=P(O)(O)C(Nc1ccc(Br)nc1)P(=O)(O)O,5.853871964321762,1,IC50,FDFT1,CHEMBL3338
O=P(O)(O)C(Nc1ccc(Cl)cn1)P(=O)(O)O,6.619788758288394,1,IC50,FDFT1,CHEMBL3338
O=P([O-])([O-])C(CCCc1cc(Oc2ccc(F)cc2)ccc1F)S(=O)(=O)[O-].[K+].[K+].[K+],8.397940008672037,1,IC50,FDFT1,CHEMBL3338
O=P([O-])([O-])C(CCCc1ccc(-c2ccc(C(F)(F)F)cc2)cc1)P(=O)([O-])[O-].[K+].[K+].[K+].[K+],8.522878745280337,1,IC50,FDFT1,CHEMBL3338
O=P([O-])([O-])C(CCCc1ccc(-c2ccc(F)cc2F)cc1)S(=O)(=O)[O-].[K+].[K+].[K+],6.657577319177793,1,IC50,FDFT1,CHEMBL3338
O=P([O-])([O-])C(CCCc1ccc(-c2ccccc2)cc1)P(=O)([O-])[O-].[K+].[K+].[K+].[K+],9.0,1,IC50,FDFT1,CHEMBL3338
O=P([O-])([O-])C(CCCc1ccc(-c2ccccc2)cc1)S(=O)(=O)[O-].[K+].[K+].[K+],6.455931955649724,1,IC50,FDFT1,CHEMBL3338
O=P([O-])([O-])C(CCCc1ccc(Oc2ccccc2)cc1)S(=O)(=O)[O-].[K+].[K+].[K+],7.376750709602099,1,IC50,FDFT1,CHEMBL3338
O=P([O-])([O-])C(CCCc1cccc(Cc2ccccc2)c1)S(=O)(=O)[O-].[K+].[K+].[K+],7.161150909262744,1,IC50,FDFT1,CHEMBL3338
O=P([O-])([O-])C(CCCc1cccc(Nc2ccccc2)c1)S(=O)(=O)[O-].[K+].[K+].[K+],7.102372908709558,1,IC50,FDFT1,CHEMBL3338
O=P([O-])([O-])C(CCCc1cccc(Oc2cc(Cl)cc(Cl)c2)c1)S(=O)(=O)[O-].[K+].[K+].[K+],7.698970004336019,1,IC50,FDFT1,CHEMBL3338
O=P([O-])([O-])C(CCCc1cccc(Oc2cc(F)cc(F)c2)c1)S(=O)(=O)[O-].[K+].[K+].[K+],7.494850021680094,1,IC50,FDFT1,CHEMBL3338
O=P([O-])([O-])C(CCCc1cccc(Oc2ccc(-c3ccco3)cc2)c1)S(=O)(=O)[O-].[K+].[K+].[K+],6.267606240177031,1,IC50,FDFT1,CHEMBL3338
O=P([O-])([O-])C(CCCc1cccc(Oc2ccc(C(F)(F)F)cc2)c1)S(=O)(=O)[O-].[K+].[K+].[K+],6.769551078621726,1,IC50,FDFT1,CHEMBL3338
O=P([O-])([O-])C(CCCc1cccc(Oc2ccc(Cc3ccccc3)cc2)c1)S(=O)(=O)[O-].[K+].[K+].[K+],6.142667503568731,1,IC50,FDFT1,CHEMBL3338
O=P([O-])([O-])C(CCCc1cccc(Oc2ccc(Cl)c(Cl)c2)c1)S(=O)(=O)[O-].[K+].[K+].[K+],7.853871964321762,1,IC50,FDFT1,CHEMBL3338
O=P([O-])([O-])C(CCCc1cccc(Oc2ccc(Cl)cc2)c1)S(=O)(=O)[O-].[K+].[K+].[K+],7.698970004336019,1,IC50,FDFT1,CHEMBL3338
O=P([O-])([O-])C(CCCc1cccc(Oc2ccc(F)c(F)c2)c1)S(=O)(=O)[O-].[K+].[K+].[K+],7.481486060122112,1,IC50,FDFT1,CHEMBL3338
O=P([O-])([O-])C(CCCc1cccc(Oc2ccc(F)cc2)c1)S(=O)(=O)[O-].[K+].[K+].[K+],7.769551078621726,1,IC50,FDFT1,CHEMBL3338
O=P([O-])([O-])C(CCCc1cccc(Oc2ccc(O)cc2)c1)S(=O)(=O)[O-].[K+].[K+].[K+],6.327902142064282,1,IC50,FDFT1,CHEMBL3338
O=P([O-])([O-])C(CCCc1cccc(Oc2ccc(Oc3ccccc3)cc2)c1)S(=O)(=O)[O-].[K+].[K+].[K+],5.958607314841775,1,IC50,FDFT1,CHEMBL3338
O=P([O-])([O-])C(CCCc1cccc(Oc2ccc3occc3c2)c1)S(=O)(=O)[O-].[K+].[K+].[K+],8.698970004336019,1,IC50,FDFT1,CHEMBL3338
O=P([O-])([O-])C(CCCc1cccc(Oc2cccc(C(F)(F)F)c2)c1)S(=O)(=O)[O-].[K+].[K+].[K+],7.161150909262744,1,IC50,FDFT1,CHEMBL3338
O=P([O-])([O-])C(CCCc1cccc(Oc2cccc(F)c2)c1)S(=O)(=O)[O-].[K+].[K+].[K+],8.096910013008056,1,IC50,FDFT1,CHEMBL3338
O=P([O-])([O-])C(CCCc1cccc(Oc2ccccc2)c1)S(=O)(=O)[O-].[K+].[K+].[K+],7.638272163982407,1,IC50,FDFT1,CHEMBL3338
O=P([O-])([O-])C(CCCc1cccc(Oc2ccccc2C(F)(F)F)c1)S(=O)(=O)[O-].[K+].[K+].[K+],6.7447274948966935,1,IC50,FDFT1,CHEMBL3338
O=P([O-])([O-])C(CCCc1cccc(Oc2ccccc2Cc2ccccc2)c1)S(=O)(=O)[O-].[K+].[K+].[K+],8.522878745280337,1,IC50,FDFT1,CHEMBL3338
O=P([O-])([O-])C(CCCc1cccc(Oc2ccccc2F)c1)S(=O)(=O)[O-].[K+].[K+].[K+],8.301029995663981,1,IC50,FDFT1,CHEMBL3338
O=P([O-])([O-])C(CCc1cccc(Oc2ccccc2)c1)S(=O)(=O)[O-].[K+].[K+].[K+],6.259637310505756,1,IC50,FDFT1,CHEMBL3338
O=P([O-])([O-])C(Cc1cccc(Oc2ccccc2)c1)S(=O)(=O)[O-].[K+].[K+].[K+],5.431798275933005,1,IC50,FDFT1,CHEMBL3338
O=P([O-])([O-])[C@@H](CCCc1cccc(Oc2ccccc2)c1)S(=O)(=O)[O-].[K+].[K+].[K+],5.721246399047171,1,IC50,FDFT1,CHEMBL3338
O=P([O-])([O-])[C@H](CCCc1cccc(Oc2ccccc2)c1)S(=O)(=O)[O-].[K+].[K+].[K+],5.721246399047171,1,IC50,FDFT1,CHEMBL3338
C#Cc1cc(C(=O)Nc2cnn(Cc3cccc(F)c3)c2)no1,5.2839966563652006,1,IC50,SCD,CHEMBL1275210
C=C(C)c1cc(C(=O)N2CCC3(CCc4c(F)cccc4O3)CC2)no1,5.42021640338319,1,IC50,SCD,CHEMBL1275210
C=C(C)c1cc(C(=O)Nc2cnn(Cc3cccc(F)c3)c2)no1,6.040958607678906,1,IC50,SCD,CHEMBL1275210
C=C(C)c1cc(C(=O)Nc2cnn(Cc3ccccc3)c2)on1,5.154901959985743,1,IC50,SCD,CHEMBL1275210
C=C(C)c1cc(C(=O)Nc2cnn(Cc3cnccc3C(F)(F)F)c2)no1,5.4089353929735005,1,IC50,SCD,CHEMBL1275210
C=Cc1cc(C(=O)Nc2cnn(Cc3cccc(F)c3)c2)no1,5.721246399047171,1,IC50,SCD,CHEMBL1275210
CC(=O)c1cc(C(=O)Nc2cnn(Cc3cccc(F)c3)c2)no1,5.022276394711152,1,IC50,SCD,CHEMBL1275210
CC(C)(C)OC(=O)N1CCC2(CCN(C(=O)c3cc(-c4ccccc4)on3)C2)C1,4.532243948755967,1,IC50,SCD,CHEMBL1275210
CC(C)(C)OC(=O)N1CCN(C(=O)c2cc(-c3ccc4c(c3)OCO4)on2)CC1,4.688882157337495,1,IC50,SCD,CHEMBL1275210
CC(C)(C)OC(=O)N1CCN(c2cc(C(=O)Nc3cnn(Cc4ccccc4)c3)no2)CC1,7.2839966563652006,1,IC50,SCD,CHEMBL1275210
CC(C)(C)c1cc(C(=O)Nc2cnn(Cc3ccccc3)c2)no1,5.568636235841012,1,IC50,SCD,CHEMBL1275210
CC(C)c1cc(C(=O)N2CC(Cc3ccccc3)C2)no1,4.795880017344075,1,IC50,SCD,CHEMBL1275210
CC(C)c1cc(C(=O)N2CCC(c3cccc(F)c3)C2)no1,4.6777807052660805,1,IC50,SCD,CHEMBL1275210
CC(C)c1cc(C(=O)Nc2cnn(Cc3cccc(F)c3)c2)no1,6.113509274827518,1,IC50,SCD,CHEMBL1275210
CC(C)c1cc(C(=O)Nc2cnn(Cc3ccccc3)c2)no1,6.318758762624412,1,IC50,SCD,CHEMBL1275210
CC(C)c1cc(C(=O)Nc2cnn(Cc3ccccc3)c2)on1,5.7447274948966935,1,IC50,SCD,CHEMBL1275210
CC(C)c1cc(C(=O)Nc2cnn(Cc3cnccc3C(F)(F)F)c2)no1,5.853871964321762,1,IC50,SCD,CHEMBL1275210
CC1(c2cc(C(=O)Nc3cnn(Cc4ccccc4)c3)no2)COC1,4.721246399047171,1,IC50,SCD,CHEMBL1275210
CC1(c2ccccc2)CCN(C(=O)c2cc(-c3ccc4c(c3)OCO4)on2)CC1,5.531652669587842,1,IC50,SCD,CHEMBL1275210
CC1CN(c2ccccc2)CCN1C(=O)c1cc(-c2ccc3c(c2)OCO3)on1,5.3979400086720375,1,IC50,SCD,CHEMBL1275210
CCc1cc(C(=O)Nc2cnn(Cc3cccc(F)c3)c2)no1,6.0,1,IC50,SCD,CHEMBL1275210
CN(C)c1cc(C(=O)Nc2cnn(Cc3ccccc3)c2)no1,5.6020599913279625,1,IC50,SCD,CHEMBL1275210
CN(Cc1cccc(F)c1)C(=O)c1cc(-c2ccccc2)on1,4.80493100353141,1,IC50,SCD,CHEMBL1275210
CNC(=O)c1cc(C(=O)N2CCC(c3ccccc3)C2)no1,5.277366077466188,1,IC50,SCD,CHEMBL1275210
CNC(=O)c1ccc(-c2cc(C(=O)N3CC(c4ccccc4)C3)no2)cc1,5.229884705212898,1,IC50,SCD,CHEMBL1275210
CNC(=O)c1ccc(-c2cc(C(=O)N3CCC(F)(c4ccccc4)CC3)no2)cc1,4.795880017344075,1,IC50,SCD,CHEMBL1275210
CNC(=O)c1ccc(-c2cc(C(=O)N3CCC(c4ccccc4)CC3)no2)cc1,7.045757490560675,1,IC50,SCD,CHEMBL1275210
CNC(=O)c1ccccc1-c1cc(C(=O)N2CCC(c3ccccc3)CC2)no1,5.181774106386044,1,IC50,SCD,CHEMBL1275210
COC1(c2cc(C(=O)Nc3cnn(Cc4cccc(F)c4)c3)no2)CCC1,5.1938200260161125,1,IC50,SCD,CHEMBL1275210
COC1(c2cc(C(=O)Nc3cnn(Cc4ccccc4)c3)no2)CCC1,4.721246399047171,1,IC50,SCD,CHEMBL1275210
COC1(c2ccccc2)CCN(C(=O)c2cc(-c3ccccc3)on2)CC1,4.756218083906205,1,IC50,SCD,CHEMBL1275210
COC1CCN(c2cc(C(=O)N3CC(c4ccccc4)C3)no2)CC1,4.585026652029182,1,IC50,SCD,CHEMBL1275210
COCc1ncc(-c2cc(C(=O)Nc3cnn(Cc4ccccc4)c3)no2)s1,4.902326300550902,1,IC50,SCD,CHEMBL1275210
CO[C@@H]1CCN(c2cc(C(=O)Nc3cnn(Cc4ccccc4)c3)no2)C1,6.795880017344075,1,IC50,SCD,CHEMBL1275210
CO[C@H]1CCN(c2cc(C(=O)Nc3cnn(Cc4ccccc4)c3)no2)C1,6.462180904926726,1,IC50,SCD,CHEMBL1275210
COc1cc(F)ccc1C1CCCN1C(=O)c1cc(-c2ccc3c(c2)OCO3)on1,4.522878745280337,1,IC50,SCD,CHEMBL1275210
COc1ccc(-c2cc(C(=O)N3CC(Cc4ccccc4)C3)no2)nn1,4.769551078621726,1,IC50,SCD,CHEMBL1275210
COc1ccc(-c2cc(C(=O)N3CC(c4cccc(F)c4)C3)no2)cc1OC,5.809668301829708,1,IC50,SCD,CHEMBL1275210
COc1ccc(-c2cc(C(=O)N3CC(c4ccccc4)C3)no2)nc1,6.515700160653214,1,IC50,SCD,CHEMBL1275210
COc1ccc(-c2cc(C(=O)N3CC(c4ccccc4)C3)no2)nn1,5.7447274948966935,1,IC50,SCD,CHEMBL1275210
COc1ccc(-c2cc(C(=O)N3CCCC3c3ccccc3F)no2)nc1,4.7848914189469065,1,IC50,SCD,CHEMBL1275210
COc1ccc(-c2cc(C(=O)N3CCC[C@H]3c3ccccc3)no2)cn1,4.550830267834799,1,IC50,SCD,CHEMBL1275210
COc1ccc(-c2cc(C(=O)N3CCC[C@H]3c3ccccc3)no2)nc1,4.849857838151442,1,IC50,SCD,CHEMBL1275210
COc1ccc(-c2cc(C(=O)N3CCN(c4ccccc4)CC3)no2)cc1OC,4.458046525541763,1,IC50,SCD,CHEMBL1275210
COc1ccc(C2CCCN2C(=O)c2cc(-c3ccc(F)c(OC)c3)on2)cc1,4.641113795594131,1,IC50,SCD,CHEMBL1275210
COc1ccc(C2CCCN2C(=O)c2cc(-c3ccc(OC(F)(F)F)cc3)on2)cc1,4.47716468633947,1,IC50,SCD,CHEMBL1275210
COc1ccc(C2CCCN2C(=O)c2cc(-c3ccc4c(C)nn(C)c4c3)on2)cc1,4.747632485540101,1,IC50,SCD,CHEMBL1275210
COc1ccc(C2CCCN2C(=O)c2cc(-c3ccc4c(c3)OC(F)(F)O4)on2)cc1,4.380176499542722,1,IC50,SCD,CHEMBL1275210
COc1ccc(C2CCCN2C(=O)c2cc(-c3ccc4c(c3)OCO4)on2)c(F)c1,4.391902053674721,1,IC50,SCD,CHEMBL1275210
COc1ccc(C2CCCN2C(=O)c2cc(-c3ccc4nc(N(C)C)oc4c3)on2)cc1,5.539102157243452,1,IC50,SCD,CHEMBL1275210
COc1ccc(C2CCCN2C(=O)c2cc(-c3cccc(OC)c3)on2)cc1,4.402085528797472,1,IC50,SCD,CHEMBL1275210
COc1ccc(C2CCCN2C(=O)c2cc(-c3ccccc3OC)on2)cc1,4.801893001126598,1,IC50,SCD,CHEMBL1275210
COc1ccc([C@H]2CCCN2C(=O)c2cc(-c3ccc4c(c3)OCO4)on2)cc1,4.474825572164728,1,IC50,SCD,CHEMBL1275210
COc1cccc(C2CCCN2C(=O)c2cc(-c3ccc4c(c3)OCO4)on2)c1,4.606073993414163,1,IC50,SCD,CHEMBL1275210
COc1cccc(F)c1C1CCCN1C(=O)c1cc(-c2ccc3c(c2)OCO3)on1,4.862645888629267,1,IC50,SCD,CHEMBL1275210
COc1cccc(N2CCN(C(=O)c3cc(-c4ccc5c(c4)OCO5)on3)CC2)c1,5.326979092871104,1,IC50,SCD,CHEMBL1275210
COc1ccccc1C1CCCN1C(=O)c1cc(-c2ccc3c(c2)OCO3)on1,4.699404516110037,1,IC50,SCD,CHEMBL1275210
COc1ccccc1Cn1cc(NC(=O)c2cc(-c3ccccc3)on2)cn1,4.958607314841775,1,IC50,SCD,CHEMBL1275210
C[C@@H]1CCCN1C(=O)c1cc(-c2ccc3c(c2)OCO3)on1,4.702896349850744,1,IC50,SCD,CHEMBL1275210
C[C@H]1CCCN1C(=O)c1cc(-c2ccc3c(c2)OCO3)on1,4.509058794643213,1,IC50,SCD,CHEMBL1275210
Cc1cccc(C2CCCN2C(=O)c2cc(-c3ccc4c(c3)OCO4)on2)c1,4.363211310965625,1,IC50,SCD,CHEMBL1275210
Cc1cnccc1-c1cc(C(=O)Nc2cnn(Cc3ccccc3)c2)no1,4.468521082957745,1,IC50,SCD,CHEMBL1275210
Cc1ncc(-c2cc(C(=O)Nc3cnn(Cc4cccc(F)c4)c3)no2)o1,5.10292299679058,1,IC50,SCD,CHEMBL1275210
Cc1ncc(-c2cc(C(=O)Nc3cnn(Cc4ccccc4)c3)no2)o1,5.0,1,IC50,SCD,CHEMBL1275210
Cc1nn(C)c2cc(-c3cc(C(=O)N4COCC4c4ccccc4)no3)ccc12,4.550521600812635,1,IC50,SCD,CHEMBL1275210
Cc1nn(C)c2cc(-c3cc(CN4C(=O)OCC4c4ccccc4)no3)ccc12,4.4071573168689,1,IC50,SCD,CHEMBL1275210
Cc1nn(Cc2ccc(Cl)c(Cl)c2)c(C)c1NC(=O)c1cc(-c2ccco2)on1,5.145693958198919,1,IC50,SCD,CHEMBL1275210
Cc1nn(Cc2ccc(Cl)c(Cl)c2)cc1NC(=O)c1cc(-c2ccco2)on1,5.3124710387853655,1,IC50,SCD,CHEMBL1275210
Cc1nn(Cc2ccccc2)c(C)c1NC(=O)c1cc(-c2ccc3c(c2)OCO3)on1,4.823908740944319,1,IC50,SCD,CHEMBL1275210
Cc1nn(Cc2ccccc2)c(C)c1NC(=O)c1cc(-c2ccco2)on1,4.4129628822565445,1,IC50,SCD,CHEMBL1275210
Cn1c(=O)oc2ccc(-c3cc(C(=O)N4CCC[C@H]4c4ccccc4)no3)cc21,4.587035728003337,1,IC50,SCD,CHEMBL1275210
Cn1cc(-c2cc(C(=O)N3CCC[C@H]3c3ccccc3)no2)ccc1=O,4.390619055749293,1,IC50,SCD,CHEMBL1275210
Cn1cc2ccc(-c3cc(C(=O)N4CC(c5ccccc5)C4)no3)cc2n1,5.287350298372789,1,IC50,SCD,CHEMBL1275210
Cn1ccnc1C1CCCN1C(=O)c1cc(-c2ccc3c(c2)OCO3)on1,4.47716468633947,1,IC50,SCD,CHEMBL1275210
Cn1ncc2ccc(-c3cc(C(=O)N4CC(c5ccccc5)C4)no3)cc21,5.787812395596042,1,IC50,SCD,CHEMBL1275210
Cn1nccc1-c1ccc2c(C(=O)N3CCC[C@H]3c3ccccc3)noc2c1,4.640354207325457,1,IC50,SCD,CHEMBL1275210
N#Cc1ccc(-c2cc(C(=O)N3CCC(c4ccccc4)CC3)no2)c(F)c1,5.259637310505756,1,IC50,SCD,CHEMBL1275210
N#Cc1ccc(-c2cc(C(=O)N3CCC(c4ccccc4)CC3)no2)cc1,6.154901959985743,1,IC50,SCD,CHEMBL1275210
N#Cc1ccc(-c2cc(C(=O)N3CCC[C@H]3c3ccccc3)no2)nc1,4.380176499542722,1,IC50,SCD,CHEMBL1275210
N#Cc1ccc(C2CCCN2C(=O)c2cc(-c3ccc4c(c3)OCO4)on2)cc1,4.4805658050862975,1,IC50,SCD,CHEMBL1275210
N#Cc1ccc(C2CCN(C(=O)c3cc(-c4ccc5c(c4)OCO5)on3)CC2)cc1,5.323306390375134,1,IC50,SCD,CHEMBL1275210
N#Cc1cccc(-c2cc(C(=O)N3CCC[C@H]3c3ccccc3)no2)c1,4.696803942579511,1,IC50,SCD,CHEMBL1275210
N#Cc1cccc(C2CCCN2C(=O)c2cc(-c3ccc4c(c3)OCO4)on2)c1,4.648977147415876,1,IC50,SCD,CHEMBL1275210
N#Cc1ccccc1-c1cc(C(=O)N2CCC(c3ccccc3)CC2)no1,5.2441251443275085,1,IC50,SCD,CHEMBL1275210
N#Cc1ccccc1-c1cc(C(=O)N2CCC[C@H]2c2ccccc2)no1,4.434742656579786,1,IC50,SCD,CHEMBL1275210
O=C(NC1CCN(c2ccccc2)C1)c1cc(-c2ccco2)on1,4.5519123333076585,1,IC50,SCD,CHEMBL1275210
O=C(Nc1cc(-c2ccco2)on1)c1cnn(Cc2ccccc2)c1,5.576754126063192,1,IC50,SCD,CHEMBL1275210
O=C(Nc1cnn(CC2CCCCC2)c1)c1cc(-c2ccco2)on1,4.508638306165727,1,IC50,SCD,CHEMBL1275210
O=C(Nc1cnn(CCCC(F)(F)F)c1)c1cc(-c2ccco2)on1,5.192464971931146,1,IC50,SCD,CHEMBL1275210
O=C(Nc1cnn(Cc2cc(F)ccc2C(F)(F)F)c1)c1cc(-c2ccco2)on1,8.0,1,IC50,SCD,CHEMBL1275210
O=C(Nc1cnn(Cc2cc(F)ccc2Cl)c1)c1cc(-c2ccco2)on1,7.045757490560675,1,IC50,SCD,CHEMBL1275210
O=C(Nc1cnn(Cc2ccc(F)cc2)c1)c1cc(-c2ccco2)on1,7.096910013008056,1,IC50,SCD,CHEMBL1275210
O=C(Nc1cnn(Cc2cccc(C(F)(F)F)c2)c1)c1cc(-c2ccco2)on1,6.698970004336019,1,IC50,SCD,CHEMBL1275210
O=C(Nc1cnn(Cc2cccc(Cl)c2)c1)c1cc(-c2ccco2)on1,7.698970004336019,1,IC50,SCD,CHEMBL1275210
O=C(Nc1cnn(Cc2cccc(F)c2)c1)c1cc(-c2ccco2)on1,7.522878745280337,1,IC50,SCD,CHEMBL1275210
O=C(Nc1cnn(Cc2cccc(F)c2)c1)c1cc(-c2ccncc2)on1,5.570247719997592,1,IC50,SCD,CHEMBL1275210
O=C(Nc1cnn(Cc2cccc(F)c2)c1)c1cc(-c2ccncn2)on1,7.236572006437063,1,IC50,SCD,CHEMBL1275210
O=C(Nc1cnn(Cc2cccc(F)c2)c1)c1cc(-c2ccns2)on1,5.795880017344075,1,IC50,SCD,CHEMBL1275210
O=C(Nc1cnn(Cc2cccc(F)c2)c1)c1cc(-c2cnco2)on1,6.162411561764489,1,IC50,SCD,CHEMBL1275210
O=C(Nc1cnn(Cc2cccc(F)c2)c1)c1cc(-c2cncs2)on1,5.102372908709558,1,IC50,SCD,CHEMBL1275210
O=C(Nc1cnn(Cc2cccc(F)c2)c1)c1cc(-c2ncccc2F)on1,5.7447274948966935,1,IC50,SCD,CHEMBL1275210
O=C(Nc1cnn(Cc2cccc(F)c2)c1)c1cc(C2(O)CCC2)on1,4.698970004336019,1,IC50,SCD,CHEMBL1275210
O=C(Nc1cnn(Cc2cccc(F)c2)c1)c1cc(C2=CCCCC2)on1,6.485452247339714,1,IC50,SCD,CHEMBL1275210
O=C(Nc1cnn(Cc2cccc(F)c2)c1)c1cc(C2CCCCC2)on1,6.559090917934782,1,IC50,SCD,CHEMBL1275210
O=C(Nc1cnn(Cc2cccc(F)c2)c1)c1cc(C2COC2)on1,5.156891858000393,1,IC50,SCD,CHEMBL1275210
O=C(Nc1cnn(Cc2cccc(F)c2)c1)c1cc(Cl)on1,5.040958607678906,1,IC50,SCD,CHEMBL1275210
O=C(Nc1cnn(Cc2cccc(F)c2)c1)c1cc(N2CCCCC2)on1,7.136677139879544,1,IC50,SCD,CHEMBL1275210
O=C(Nc1cnn(Cc2cccc(F)c2)c1)c1cc(N2CCOCC2)on1,5.920818753952375,1,IC50,SCD,CHEMBL1275210
O=C(Nc1cnn(Cc2cccc(F)c2)c1)c1noc2c1CCCC2,7.327902142064282,1,IC50,SCD,CHEMBL1275210
O=C(Nc1cnn(Cc2ccccc2)c1)c1cc(-c2ccc3c(c2)OCO3)on1,7.522878745280337,1,IC50,SCD,CHEMBL1275210
O=C(Nc1cnn(Cc2ccccc2)c1)c1cc(-c2ccccc2)on1,7.045757490560675,1,IC50,SCD,CHEMBL1275210
O=C(Nc1cnn(Cc2ccccc2)c1)c1cc(-c2ccccc2F)on1,6.187086643357144,1,IC50,SCD,CHEMBL1275210
O=C(Nc1cnn(Cc2ccccc2)c1)c1cc(-c2ccccn2)on1,6.259637310505756,1,IC50,SCD,CHEMBL1275210
O=C(Nc1cnn(Cc2ccccc2)c1)c1cc(-c2ccco2)no1,7.522878745280337,1,IC50,SCD,CHEMBL1275210
O=C(Nc1cnn(Cc2ccccc2)c1)c1cc(-c2ccco2)on1,7.154901959985743,1,IC50,SCD,CHEMBL1275210
O=C(Nc1cnn(Cc2ccccc2)c1)c1cc(-c2ccncc2)on1,5.154901959985743,1,IC50,SCD,CHEMBL1275210
O=C(Nc1cnn(Cc2ccccc2)c1)c1cc(-c2ccncc2Cl)on1,5.304518323509802,1,IC50,SCD,CHEMBL1275210
O=C(Nc1cnn(Cc2ccccc2)c1)c1cc(-c2ccncc2F)on1,5.130768280269024,1,IC50,SCD,CHEMBL1275210
O=C(Nc1cnn(Cc2ccccc2)c1)c1cc(-c2ccncn2)on1,6.455931955649724,1,IC50,SCD,CHEMBL1275210
O=C(Nc1cnn(Cc2ccccc2)c1)c1cc(-c2cnco2)on1,5.1938200260161125,1,IC50,SCD,CHEMBL1275210
O=C(Nc1cnn(Cc2ccccc2)c1)c1cc(-c2cncs2)on1,6.236572006437063,1,IC50,SCD,CHEMBL1275210
O=C(Nc1cnn(Cc2ccccc2)c1)c1cc(-c2ncccc2F)on1,4.6777807052660805,1,IC50,SCD,CHEMBL1275210
O=C(Nc1cnn(Cc2ccccc2)c1)c1cc(-c2nccs2)on1,4.958607314841775,1,IC50,SCD,CHEMBL1275210
O=C(Nc1cnn(Cc2ccccc2)c1)c1cc(-c2nncs2)on1,6.318758762624412,1,IC50,SCD,CHEMBL1275210
O=C(Nc1cnn(Cc2ccccc2)c1)c1cc(C2CC2)on1,5.698970004336019,1,IC50,SCD,CHEMBL1275210
O=C(Nc1cnn(Cc2ccccc2)c1)c1cc(N2CCCC2)on1,7.301029995663981,1,IC50,SCD,CHEMBL1275210
O=C(Nc1cnn(Cc2ccccc2)c1)c1cc(N2CCCCC2)on1,6.413412695328245,1,IC50,SCD,CHEMBL1275210
O=C(Nc1cnn(Cc2ccccc2)c1)c1cc(N2CC[C@@H](O)C2)on1,5.119186407719209,1,IC50,SCD,CHEMBL1275210
O=C(Nc1cnn(Cc2ccccc2)c1)c1noc2c1CCCC2,6.1487416512809245,1,IC50,SCD,CHEMBL1275210
O=C(Nc1cnn(Cc2ccccc2C(F)(F)F)c1)c1cc(-c2ccco2)on1,7.3979400086720375,1,IC50,SCD,CHEMBL1275210
O=C(Nc1cnn(Cc2ccccc2Cl)c1)c1cc(-c2ccco2)on1,7.096910013008056,1,IC50,SCD,CHEMBL1275210
O=C(Nc1cnn(Cc2ccccc2F)c1)c1cc(-c2ccccc2)on1,4.795880017344075,1,IC50,SCD,CHEMBL1275210
O=C(Nc1cnn(Cc2ccccc2F)c1)c1cc(-c2ccco2)on1,6.309803919971486,1,IC50,SCD,CHEMBL1275210
O=C(Nc1cnn(Cc2cnccc2C(F)(F)F)c1)c1cc(-c2ccc3c(c2)OCO3)on1,5.221848749616356,1,IC50,SCD,CHEMBL1275210
O=C(Nc1cnn(Cc2cnccc2C(F)(F)F)c1)c1cc(-c2ccccc2)on1,5.638272163982407,1,IC50,SCD,CHEMBL1275210
O=C(Nc1cnn(Cc2cnccc2C(F)(F)F)c1)c1cc(-c2ccccc2F)on1,6.1487416512809245,1,IC50,SCD,CHEMBL1275210
O=C(Nc1cnn(Cc2cnccc2C(F)(F)F)c1)c1cc(-c2ccccn2)on1,4.853871964321762,1,IC50,SCD,CHEMBL1275210
O=C(Nc1cnn(Cc2cnccc2C(F)(F)F)c1)c1cc(-c2ccco2)on1,5.638272163982407,1,IC50,SCD,CHEMBL1275210
O=C(Nc1cnn(Cc2cnccc2C(F)(F)F)c1)c1cc(-c2ccncn2)on1,5.200659450546418,1,IC50,SCD,CHEMBL1275210
O=C(Nc1cnn(Cc2cnccc2C(F)(F)F)c1)c1cc(-c2cnco2)on1,5.0,1,IC50,SCD,CHEMBL1275210
O=C(Nc1cnn(Cc2cnccc2C(F)(F)F)c1)c1cc(N2CCCCC2)on1,6.376750709602099,1,IC50,SCD,CHEMBL1275210
O=C(Nc1cnn(Cc2cnccc2C(F)(F)F)c1)c1noc2c1CCCC2,6.157390760389438,1,IC50,SCD,CHEMBL1275210
O=C(O)Cn1nnc(-c2cc(N3CC4CN(c5cc(F)ccc5Cl)CC4C3)no2)n1,6.616184634019569,1,IC50,SCD,CHEMBL1275210
O=C(O)Cn1nnc(-c2cc(OCCCOc3cc(F)ccc3Br)no2)n1,7.494850021680094,1,IC50,SCD,CHEMBL1275210
O=C(O)c1cncc(-c2ccc(N3CCC(Oc4cc(F)ccc4Br)CC3)nn2)c1,8.397940008672037,1,IC50,SCD,CHEMBL1275210
O=C(c1cc(-c2ccc(Cl)cn2)on1)N1CC(Cc2ccccc2)C1,4.455931955649724,1,IC50,SCD,CHEMBL1275210
O=C(c1cc(-c2ccc(Cl)cn2)on1)N1CC(c2ccccc2)C1,6.201349354554731,1,IC50,SCD,CHEMBL1275210
O=C(c1cc(-c2ccc(F)cn2)on1)N1CC(c2ccccc2)C1,5.823908740944319,1,IC50,SCD,CHEMBL1275210
O=C(c1cc(-c2ccc3c(c2)OCO3)on1)N1CC(Cc2ccccc2)C1,5.94692155651658,1,IC50,SCD,CHEMBL1275210
O=C(c1cc(-c2ccc3c(c2)OCO3)on1)N1CC(c2cccc(F)c2)C1,5.71669877129645,1,IC50,SCD,CHEMBL1275210
O=C(c1cc(-c2ccc3c(c2)OCO3)on1)N1CC(c2ccccc2)C1,6.494850021680094,1,IC50,SCD,CHEMBL1275210
O=C(c1cc(-c2ccc3c(c2)OCO3)on1)N1CC2(C1)CC(O)(c1ccccc1)C2,6.022276394711152,1,IC50,SCD,CHEMBL1275210
O=C(c1cc(-c2ccc3c(c2)OCO3)on1)N1CC2(CC(c3ccccc3)C2)C1,4.730487055782084,1,IC50,SCD,CHEMBL1275210
O=C(c1cc(-c2ccc3c(c2)OCO3)on1)N1CC=C(c2cc(F)ccc2Cl)CC1,6.337242168318426,1,IC50,SCD,CHEMBL1275210
O=C(c1cc(-c2ccc3c(c2)OCO3)on1)N1CCC(O)(c2ccccc2)CC1,4.730954290342377,1,IC50,SCD,CHEMBL1275210
O=C(c1cc(-c2ccc3c(c2)OCO3)on1)N1CCC(Oc2ccccc2)CC1,5.534617148551582,1,IC50,SCD,CHEMBL1275210
O=C(c1cc(-c2ccc3c(c2)OCO3)on1)N1CCC(c2cc(F)ccc2Cl)CC1,5.324221658325914,1,IC50,SCD,CHEMBL1275210
O=C(c1cc(-c2ccc3c(c2)OCO3)on1)N1CCC(c2ccc(F)c(F)c2)CC1,5.739928612014925,1,IC50,SCD,CHEMBL1275210
O=C(c1cc(-c2ccc3c(c2)OCO3)on1)N1CCC(c2cccc(F)c2)CC1,5.995678626217357,1,IC50,SCD,CHEMBL1275210
O=C(c1cc(-c2ccc3c(c2)OCO3)on1)N1CCC(c2ccccc2)CC1,5.94692155651658,1,IC50,SCD,CHEMBL1275210
O=C(c1cc(-c2ccc3c(c2)OCO3)on1)N1CCC(c2ccccc2C(F)(F)F)CC1,5.59176003468815,1,IC50,SCD,CHEMBL1275210
O=C(c1cc(-c2ccc3c(c2)OCO3)on1)N1CCC1c1ccc(F)cc1,5.486782399932061,1,IC50,SCD,CHEMBL1275210
O=C(c1cc(-c2ccc3c(c2)OCO3)on1)N1CCC1c1cccc(F)c1,5.534617148551582,1,IC50,SCD,CHEMBL1275210
O=C(c1cc(-c2ccc3c(c2)OCO3)on1)N1CCC1c1ccccc1,5.455931955649724,1,IC50,SCD,CHEMBL1275210
O=C(c1cc(-c2ccc3c(c2)OCO3)on1)N1CCCC12CC2,5.308034897232639,1,IC50,SCD,CHEMBL1275210
O=C(c1cc(-c2ccc3c(c2)OCO3)on1)N1CCCC1C1CC1,4.988006885340743,1,IC50,SCD,CHEMBL1275210
O=C(c1cc(-c2ccc3c(c2)OCO3)on1)N1CCCC1C1CCOCC1,4.388382889445664,1,IC50,SCD,CHEMBL1275210
O=C(c1cc(-c2ccc3c(c2)OCO3)on1)N1CCCC1Cc1ccccc1,5.330683119433887,1,IC50,SCD,CHEMBL1275210
O=C(c1cc(-c2ccc3c(c2)OCO3)on1)N1CCCC1c1cc(Br)no1,4.489454989793388,1,IC50,SCD,CHEMBL1275210
O=C(c1cc(-c2ccc3c(c2)OCO3)on1)N1CCCC1c1ccc(Br)cc1,4.718285029972704,1,IC50,SCD,CHEMBL1275210
O=C(c1cc(-c2ccc3c(c2)OCO3)on1)N1CCCC1c1ccc(F)cc1,4.6777807052660805,1,IC50,SCD,CHEMBL1275210
O=C(c1cc(-c2ccc3c(c2)OCO3)on1)N1CCCC1c1cccc(Br)c1,4.687188173787912,1,IC50,SCD,CHEMBL1275210
O=C(c1cc(-c2ccc3c(c2)OCO3)on1)N1CCCC1c1cccc(F)c1,4.49254893909803,1,IC50,SCD,CHEMBL1275210
O=C(c1cc(-c2ccc3c(c2)OCO3)on1)N1CCCC1c1ccccc1Br,4.730954290342377,1,IC50,SCD,CHEMBL1275210
O=C(c1cc(-c2ccc3c(c2)OCO3)on1)N1CCCC1c1ccccc1C(F)F,5.209011524911184,1,IC50,SCD,CHEMBL1275210
O=C(c1cc(-c2ccc3c(c2)OCO3)on1)N1CCCC1c1ccnc(Br)c1F,4.634137784597445,1,IC50,SCD,CHEMBL1275210
O=C(c1cc(-c2ccc3c(c2)OCO3)on1)N1CCCC1c1ccncc1F,4.553773598221837,1,IC50,SCD,CHEMBL1275210
O=C(c1cc(-c2ccc3c(c2)OCO3)on1)N1CCCC1c1nc2ccccc2o1,4.558619115083489,1,IC50,SCD,CHEMBL1275210
O=C(c1cc(-c2ccc3c(c2)OCO3)on1)N1CCCC1c1ncco1,4.399789693590672,1,IC50,SCD,CHEMBL1275210
O=C(c1cc(-c2ccc3c(c2)OCO3)on1)N1CCC[C@@H]1C(F)(F)F,4.522734004575147,1,IC50,SCD,CHEMBL1275210
O=C(c1cc(-c2ccc3c(c2)OCO3)on1)N1CCC[C@@H]1c1ccccc1,4.512437439743622,1,IC50,SCD,CHEMBL1275210
O=C(c1cc(-c2ccc3c(c2)OCO3)on1)N1CCC[C@H]1c1ccccc1,5.211124884224583,1,IC50,SCD,CHEMBL1275210
O=C(c1cc(-c2ccc3c(c2)OCO3)on1)N1CCC[C@H]1c1ccon1,4.563678299860267,1,IC50,SCD,CHEMBL1275210
O=C(c1cc(-c2ccc3c(c2)OCO3)on1)N1CCCc2cccc(F)c21,4.513003111568177,1,IC50,SCD,CHEMBL1275210
O=C(c1cc(-c2ccc3c(c2)OCO3)on1)N1CCN(c2cc(F)ccc2Cl)CC1,5.0614802748235075,1,IC50,SCD,CHEMBL1275210
O=C(c1cc(-c2ccc3c(c2)OCO3)on1)N1CCN(c2ccccc2)C(=O)C1,4.950781977329818,1,IC50,SCD,CHEMBL1275210
O=C(c1cc(-c2ccc3c(c2)OCO3)on1)N1CCN(c2ccccc2)CC1,5.605548319173783,1,IC50,SCD,CHEMBL1275210
O=C(c1cc(-c2ccc3c(c2)OCO3)on1)N1CCN(c2ccccc2F)CC1,4.7942544590573375,1,IC50,SCD,CHEMBL1275210
O=C(c1cc(-c2ccc3c(c2)OCO3)on1)N1CCOCC1c1ccccc1,4.770830297460899,1,IC50,SCD,CHEMBL1275210
O=C(c1cc(-c2ccc3c(c2)OCO3)on1)N1CCOc2ccccc21,4.384260311380845,1,IC50,SCD,CHEMBL1275210
O=C(c1cc(-c2ccc3c(c2)OCO3)on1)N1C[C@@H](F)C[C@H]1c1ccccc1,4.706416486503883,1,IC50,SCD,CHEMBL1275210
O=C(c1cc(-c2ccc3c(c2)OCO3)on1)N1C[C@H](F)C[C@H]1c1ccccc1,4.438779321066057,1,IC50,SCD,CHEMBL1275210
O=C(c1cc(-c2ccccc2)on1)N1CC(CCl)(CNc2ccccc2)C1,5.866461091629782,1,IC50,SCD,CHEMBL1275210
O=C(c1cc(-c2ccccc2)on1)N1CC(Cc2ccccc2)C1,6.09151498112135,1,IC50,SCD,CHEMBL1275210
O=C(c1cc(-c2ccccc2)on1)N1CC(c2ccccc2)C1,5.790484985457369,1,IC50,SCD,CHEMBL1275210
O=C(c1cc(-c2ccccc2)on1)N1CC2(C1)CC(O)(c1ccccc1)C2,6.022276394711152,1,IC50,SCD,CHEMBL1275210
O=C(c1cc(-c2ccccc2)on1)N1CC2(C=C(c3ccccc3)C2)C1,5.193141970481182,1,IC50,SCD,CHEMBL1275210
O=C(c1cc(-c2ccccc2)on1)N1CC2(CC(c3ccccc3)C2)C1,5.052076380168273,1,IC50,SCD,CHEMBL1275210
O=C(c1cc(-c2ccccc2)on1)N1CC=C(c2cc(F)ccc2Cl)CC1,7.045757490560675,1,IC50,SCD,CHEMBL1275210
O=C(c1cc(-c2ccccc2)on1)N1CCC(Oc2ccccc2)CC1,5.380906669373257,1,IC50,SCD,CHEMBL1275210
O=C(c1cc(-c2ccccc2)on1)N1CCC(c2cc(F)ccc2Cl)CC1,5.978810700930062,1,IC50,SCD,CHEMBL1275210
O=C(c1cc(-c2ccccc2)on1)N1CCC(c2cccc(F)c2)C1,6.026872146400301,1,IC50,SCD,CHEMBL1275210
O=C(c1cc(-c2ccccc2)on1)N1CCC(c2cccc(F)c2)CC1,6.823908740944319,1,IC50,SCD,CHEMBL1275210
O=C(c1cc(-c2ccccc2)on1)N1CCC(c2ccccc2)C1,5.585026652029182,1,IC50,SCD,CHEMBL1275210
O=C(c1cc(-c2ccccc2)on1)N1CCC(c2ccccc2)CC1,5.787812395596042,1,IC50,SCD,CHEMBL1275210
O=C(c1cc(-c2ccccc2)on1)N1CCC(c2ccccc2C(F)(F)F)CC1,4.957818405484233,1,IC50,SCD,CHEMBL1275210
O=C(c1cc(-c2ccccc2)on1)N1CCC2(CCN(c3ccccc3)C2)C1,4.468521082957745,1,IC50,SCD,CHEMBL1275210
O=C(c1cc(-c2ccccc2)on1)N1CCCC1Cc1ccccc1,5.050609993355087,1,IC50,SCD,CHEMBL1275210
O=C(c1cc(-c2ccccc2)on1)N1CCCC1c1ccccc1,4.522444667801019,1,IC50,SCD,CHEMBL1275210
O=C(c1cc(-c2ccccc2)on1)N1CCC[C@@H]1c1ccccc1,4.9931062920521,1,IC50,SCD,CHEMBL1275210
O=C(c1cc(-c2ccccc2)on1)N1CCC[C@H]1c1ccccc1,4.7447274948966935,1,IC50,SCD,CHEMBL1275210
O=C(c1cc(-c2ccccc2)on1)N1CCN(c2cc(F)ccc2Cl)CC1,5.253365801062421,1,IC50,SCD,CHEMBL1275210
O=C(c1cc(-c2ccccc2)on1)N1CCN(c2ccccc2)CC1,4.877129077135565,1,IC50,SCD,CHEMBL1275210
O=C(c1cc(-c2ccccc2)on1)N1CCn2ccnc2C1,4.530325227448202,1,IC50,SCD,CHEMBL1275210
O=C(c1cc(-c2ccccc2C(F)(F)F)on1)N1CCC(c2ccccc2)C1,5.133712660915805,1,IC50,SCD,CHEMBL1275210
O=C(c1cc(-c2ccccc2Cl)on1)N1CCC(c2ccccc2)C1,4.864549300654486,1,IC50,SCD,CHEMBL1275210
O=C(c1cc(-c2ccccn2)on1)N(Cc1ccc(F)c(F)c1)c1cnn(Cc2ccc(F)c(F)c2)c1,4.4795164672592085,1,IC50,SCD,CHEMBL1275210
O=C(c1cc(-c2ccccn2)on1)N1CC(c2ccccc2)C1,5.505845405981557,1,IC50,SCD,CHEMBL1275210
O=C(c1cc(-c2ccccn2)on1)N1CCC(c2cccc(F)c2)C1,5.045757490560675,1,IC50,SCD,CHEMBL1275210
O=C(c1cc(-c2ccccn2)on1)N1CCC(c2ccccc2)C1,4.6777807052660805,1,IC50,SCD,CHEMBL1275210
O=C(c1cc(-c2ccccn2)on1)N1CCC(c2ccccc2)CC1,4.850165303284215,1,IC50,SCD,CHEMBL1275210
O=C(c1cc(-c2ccccn2)on1)N1CCC[C@H]1c1ccccc1,4.464705879957229,1,IC50,SCD,CHEMBL1275210
O=C(c1cc(-c2cccnc2)on1)N1CC(c2ccccc2)C1,5.29413628771608,1,IC50,SCD,CHEMBL1275210
O=C(c1cc(-c2cccnc2)on1)N1CCC(c2ccccc2)CC1,5.97469413473523,1,IC50,SCD,CHEMBL1275210
O=C(c1cc(-c2ccco2)on1)N1CC(Cc2ccccc2)C1,6.200659450546418,1,IC50,SCD,CHEMBL1275210
O=C(c1cc(-c2ccco2)on1)N1CC(Oc2ccccc2)C1,5.853871964321762,1,IC50,SCD,CHEMBL1275210
O=C(c1cc(-c2ccco2)on1)N1CC(c2ccccc2)C1,5.943095148663527,1,IC50,SCD,CHEMBL1275210
O=C(c1cc(-c2ccco2)on1)N1CC2(CCC2)C1,4.657577319177793,1,IC50,SCD,CHEMBL1275210
O=C(c1cc(-c2ccco2)on1)N1CCC(c2ccccc2)C1,5.554395796726403,1,IC50,SCD,CHEMBL1275210
O=C(c1cc(-c2ccncc2)on1)N1CC(c2ccccc2)C1,5.1444808443322,1,IC50,SCD,CHEMBL1275210
O=C(c1cc(-c2ccncc2)on1)N1CCC(c2ccccc2)CC1,5.8124792791635365,1,IC50,SCD,CHEMBL1275210
O=C(c1cc(-c2ccncn2)on1)N1CC(Cc2ccccc2)C1,6.0,1,IC50,SCD,CHEMBL1275210
O=C(c1cc(-c2ccncn2)on1)N1CC(c2ccccc2)C1,5.503070351926786,1,IC50,SCD,CHEMBL1275210
O=C(c1cc(-c2cnccn2)on1)N1CC(c2ccccc2)C1,5.301029995663981,1,IC50,SCD,CHEMBL1275210
O=C(c1cc(N2CCOCC2)on1)N1CC(c2ccccc2)C1,4.568636235841013,1,IC50,SCD,CHEMBL1275210
O=C(c1cc(N2CCOCC2)on1)N1CCC[C@H]1c1ccccc1,4.3979400086720375,1,IC50,SCD,CHEMBL1275210
O=C(c1noc2c1CCCC2)N1CC(Cc2ccccc2)C1,4.886056647693163,1,IC50,SCD,CHEMBL1275210
O=C(c1noc2c1CCCC2)N1CC(c2ccccc2)C1,5.1249387366083,1,IC50,SCD,CHEMBL1275210
O=C(c1noc2cc(Br)ccc12)N1CCC[C@H]1c1ccccc1,4.380176499542722,1,IC50,SCD,CHEMBL1275210
C#CCOC(=O)N1CCc2c(OCCc3nc(-c4ccccc4)oc3C)ccc(CCC(=O)O)c2C1,7.366649016557956,2,"EC50,IC50",PPARG,CHEMBL235
C#CCOc1cc(COc2ccc(C(F)(F)F)cc2)ccc1Sc1ccc(OCC(=O)O)c(C)c1C,6.022878745280337,2,"Ki,EC50",PPARG,CHEMBL235
C#CCOc1cc(COc2ccc(C(F)(F)F)cc2)ccc1Sc1ccc(OCC(=O)O)c2c1CCCC2,5.6153113369619305,2,"Ki,EC50",PPARG,CHEMBL235
C#CCOc1cccc(Cc2c(C)n(C(=O)c3ccc(OC)cc3)c3ccc(OC(F)(F)F)cc23)c1,7.207608310501746,1,IC50,PPARG,CHEMBL235
C/C(=C/C(=O)c1ccccc1)N[C@@H](Cc1ccc(OCCc2nc(-c3ccccc3)oc2C)cc1)C(=O)O,9.4172706576646,3,"Ki,EC50",PPARG,CHEMBL235
C/C(=C1/c2ccc(Cc3c(C4CC4)nc4c(Cl)cccn34)cc2COc2cc(F)ccc21)c1noc(=O)[nH]1,8.48940535046503,2,EC50,PPARG,CHEMBL235
C/C(=C1/c2ccc(Cc3c(C4CC4)nc4c5c(ccn34)OCC5)cc2COc2cc(F)ccc21)c1noc(=O)[nH]1,7.679759281514789,2,EC50,PPARG,CHEMBL235
C/C(=C1/c2ccc(Cc3c(C4CC4)nc4cc(Cl)ccn34)cc2COc2cc(F)ccc21)c1noc(=O)[nH]1,8.648784731777237,2,EC50,PPARG,CHEMBL235
C/C(=C1/c2ccc(Cc3c(C4CC4)nc4cc(F)ccn34)cc2COc2cc(F)ccc21)c1noc(=O)[nH]1,8.327803863157445,2,EC50,PPARG,CHEMBL235
C/C(=C1/c2ccc(Cc3c(C4CC4)nc4ccc(Cl)cn34)cc2COc2cc(F)ccc21)c1noc(=O)[nH]1,8.328788659588897,2,EC50,PPARG,CHEMBL235
C/C(=C1/c2ccc(Cc3c(C4CC4)nc4ccccn34)cc2COc2cc(F)ccc21)c1noc(=O)[nH]1,7.998485264723191,2,EC50,PPARG,CHEMBL235
C/C(=C1/c2ccc(Cn3c(C4CC4)nc4c(Cl)ccnc43)cc2COc2cc(F)ccc21)c1noc(=O)[nH]1,7.494850021680094,2,EC50,PPARG,CHEMBL235
C/C(=C1/c2ccc(Cn3c(C4CC4)nc4c(Cl)nccc43)cc2COc2cc(F)ccc21)c1noc(=O)[nH]1,7.6386830387330935,2,EC50,PPARG,CHEMBL235
C/C(=C1/c2ccc(Cn3c(C4CC4)nc4cscc43)cc2COc2cc(F)ccc21)c1noc(=O)[nH]1,8.100329725273209,2,EC50,PPARG,CHEMBL235
C/C(=C\C(=O)c1ccccc1)NC(Cc1ccc(OCCCOc2ccc(/C=C/c3ccc(C(F)(F)F)cc3)cc2)cc1)C(=O)O,7.494850021680094,1,EC50,PPARG,CHEMBL235
C/C(=C\C(=O)c1ccccc1)NC(Cc1ccc(OCCCOc2ccc(/C=C/c3ccc(Cl)cc3)cc2)cc1)C(=O)O,7.920818753952375,1,EC50,PPARG,CHEMBL235
C/C(=C\C(=O)c1ccccc1)NC(Cc1ccc(OCCCOc2ccc(/C=C/c3ccccc3)cc2)cc1)C(=O)O,7.327902142064282,1,EC50,PPARG,CHEMBL235
C/C(=C\C(=O)c1ccccc1)NC(Cc1ccc(OCCCOc2ccc(/N=N/c3ccc(Cl)cc3)cc2)cc1)C(=O)O,7.327902142064282,1,EC50,PPARG,CHEMBL235
C/C(=C\C(=O)c1ccccc1)NC(Cc1ccc(OCCCOc2ccc(/N=N/c3ccc([N+](=O)[O-])cc3)cc2)cc1)C(=O)O,7.537602002101044,1,EC50,PPARG,CHEMBL235
C/C(=C\C(=O)c1ccccc1)NC(Cc1ccc(OCCCOc2ccc(/N=N/c3ccccc3)cc2)cc1)C(=O)O,5.863279432843593,1,EC50,PPARG,CHEMBL235
C/C(=C\C(=O)c1ccccc1)NC(Cc1ccc(OCCOc2ccc(/C=C/c3ccc(C(F)(F)F)cc3)cc2)cc1)C(=O)O,7.075720713938118,1,EC50,PPARG,CHEMBL235
C/C(=C\C(=O)c1ccccc1)NC(Cc1ccc(OCCOc2ccc(/C=C/c3ccc(C)cc3)cc2)cc1)C(=O)O,7.6777807052660805,1,EC50,PPARG,CHEMBL235
C/C(=C\C(=O)c1ccccc1)NC(Cc1ccc(OCCOc2ccc(/C=C/c3ccc(Cl)cc3)cc2)cc1)C(=O)O,7.585026652029182,1,EC50,PPARG,CHEMBL235
C/C(=C\C(=O)c1ccccc1)NC(Cc1ccc(OCCOc2ccc(/C=C/c3ccccc3)cc2)cc1)C(=O)O,7.920818753952375,1,EC50,PPARG,CHEMBL235
C/C(=C\C(=O)c1ccccc1)NC(Cc1ccc(OCCOc2ccc(/N=N/c3ccc(Cl)cc3)cc2)cc1)C(=O)O,7.4089353929735005,1,EC50,PPARG,CHEMBL235
C/C(=C\C(=O)c1ccccc1)NC(Cc1ccc(OCCOc2ccc(/N=N/c3ccccc3)cc2)cc1)C(=O)O,6.73754891026957,1,EC50,PPARG,CHEMBL235
C/C(=C\CC[C@]1(C)CCc2cc(O)cc(C)c2O1)CC/C=C(\C)C(=O)O,7.075720713938118,1,EC50,PPARG,CHEMBL235
C/C(=N/OCCOc1ccc(CC2SC(=O)NC2=O)cc1)c1ccc(-c2ccccc2)nc1,6.721246399047171,1,EC50,PPARG,CHEMBL235
C/C(=N/OCCOc1cccc(CC2SC(=O)NC2=O)c1)c1ccc(-c2ccccc2)cc1,6.721246399047171,1,IC50,PPARG,CHEMBL235
C/C(=N\O)c1ccc(OC(Cc2ccccc2)C(=O)O)cc1,5.026872146400301,1,EC50,PPARG,CHEMBL235
C/C(=N\OCCOc1ccc(CC2SC(=O)NC2=O)cc1)c1ccc(-c2ccccc2)cn1,5.958607314841775,1,EC50,PPARG,CHEMBL235
C/C(=N\OCCOc1ccc(CC2SC(=O)NC2=O)cc1)c1ccc(-c2ccccc2)nc1,6.721246399047171,3,EC50,PPARG,CHEMBL235
C/C(=N\OCCOc1ccc(CC2SC(=O)NC2=O)cc1)c1ccc(-c2ccccn2)cc1,6.1938200260161125,1,EC50,PPARG,CHEMBL235
C/C(=N\OCCOc1ccc(CC2SC(=O)NC2=O)cc1)c1ccc(-c2cccnc2)cc1,6.096910013008056,1,EC50,PPARG,CHEMBL235
C/C(=N\OCCOc1ccc(CC2SC(=O)NC2=O)cc1)c1ccc(-c2ccncc2)cc1,5.795880017344075,1,EC50,PPARG,CHEMBL235
C/C(=N\OCCOc1ccc(CC2SC(=O)NC2=O)cc1)c1cccc(-c2ccccc2)c1,6.481486060122112,1,EC50,PPARG,CHEMBL235
C/C(=N\OCCOc1ccc(CC2SC(=O)NC2=O)cc1)c1ccccc1,5.769551078621726,1,EC50,PPARG,CHEMBL235
C/C(=N\OCCOc1ccc(CC2SC(=O)NC2=O)cc1)c1ccccn1,5.552841968657781,1,EC50,PPARG,CHEMBL235
C/C(=N\OCCOc1ccc(CC2SC(=O)NC2=O)cc1)c1cccnc1,5.552841968657781,1,EC50,PPARG,CHEMBL235
C/C(=N\OCCOc1ccc(CC2SC(=O)NC2=O)cc1)c1ccncc1,5.102372908709558,1,EC50,PPARG,CHEMBL235
C/C(CC(=O)Nc1ccc(C)cc1C)=N\NC(=N)N,3.7447274948966935,1,IC50,PPARG,CHEMBL235
C/C(O)=C/C(C)=N/[C@@H](Cc1ccc(OCc2ccccc2)cc1)C(=O)O,5.710001024518515,1,Ki,PPARG,CHEMBL235
C/C=C(\C)C(=O)OC[C@@]12C(=O)C[C@@H](C)[C@](C)(CCC3=CC(=O)OC3)[C@H]1CCC[C@]2(O)CCl,5.899629454882437,1,IC50,PPARG,CHEMBL235
C/C=C(\C)C(=O)OC[C@@]12C(=O)C[C@@H](C)[C@](C)(CCC3=CC(=O)OC3)[C@H]1CCC[C@]21CO1,5.688246138944246,1,IC50,PPARG,CHEMBL235
C/C=C(\C)C(=O)OC[C@@]12[C@@H](OC(C)=O)C[C@@H](C)[C@](C)(CCC3=CC(=O)OC3)[C@H]1CCC[C@]2(O)CCl,4.991399828238082,1,IC50,PPARG,CHEMBL235
C/C=C(\C)C(=O)OC[C@@]12[C@@H](OC(C)=O)C[C@@H](C)[C@](C)(CCC3=CC(=O)OC3)[C@H]1CCC[C@]21CO1,5.078313524516398,1,IC50,PPARG,CHEMBL235
C/C=C(\C)C(=O)OC[C@@]12[C@@H](OC(C)=O)C[C@@H](C)[C@](C)(C[C@H](O)C3=CC(=O)OC3)[C@H]1CCC[C@]21CO1,4.823908740944319,1,IC50,PPARG,CHEMBL235
C/C=C(\C)C(=O)OC[C@@]12[C@H](CCC[C@]1(O)CCl)[C@@](C)(CCC1=CC(=O)OC1)[C@H](C)C[C@@H]2O,4.982966660701219,1,IC50,PPARG,CHEMBL235
C/C=C(\C)C(=O)OC[C@@]12[C@H](CCC[C@]1(O)CCl)[C@@](C)(C[C@H](O)C1=CC(=O)OC1)[C@H](C)C[C@@H]2O,4.939302159646388,1,IC50,PPARG,CHEMBL235
C/C=C(\C)C(=O)OC[C@@]12[C@H](CCC[C@]13CO3)[C@@](C)(CCC1=CC(=O)OC1)[C@H](C)C[C@@H]2O,4.924453038607469,1,IC50,PPARG,CHEMBL235
C/C=C(\C)C(=O)OC[C@@]12[C@H](CCC[C@]13CO3)[C@@](C)(C[C@H](O)C1=CC(=O)OC1)[C@H](C)C[C@@H]2O,4.939302159646388,1,IC50,PPARG,CHEMBL235
C/C=C(\C)C(=O)OC[C@]12C(=O)CCC[C@@H]1[C@@](C)(CCC1=CC(=O)OC1)[C@H](C)CC2=O,4.876148359032914,1,IC50,PPARG,CHEMBL235
C/C=C(\C)C(=O)OC[C@]12C(=O)CCC[C@@H]1[C@@](C)(CCC1=CC(=O)OC1)[C@H](C)C[C@@H]2OC(C)=O,5.281498311132726,1,IC50,PPARG,CHEMBL235
C/C=C(\C)C(=O)OC[C@]12[C@H]3CCC[C@@]1(O)CO[C@@]2(O)C[C@H](C)[C@@]3(C)CCC1=CC(=O)OC1,5.087246696328677,1,IC50,PPARG,CHEMBL235
C/C=C(\C)C(=O)O[C@@H](C[C@@]1(C)[C@H](C)C[C@H](OC(C)=O)[C@]2(COC(C)=O)[C@@H]1CCC[C@]2(O)CCl)C1=CC(=O)OC1,5.0,1,IC50,PPARG,CHEMBL235
C/C=C(\C)C(=O)O[C@@H](C[C@@]1(C)[C@H](C)C[C@H](OC(C)=O)[C@]2(COC(C)=O)[C@@H]1CCC[C@]21CO1)C1=CC(=O)OC1,5.1555228242543185,1,IC50,PPARG,CHEMBL235
C/C=C(\C)C(=O)O[C@@H](C[C@@]1(C)[C@H](C)C[C@H](OC(C)=O)[C@]2(COC(C)=O)[C@@H]1[C@H](O)CC[C@]21CO1)C1=CC(=O)OC1,4.709965388637482,1,IC50,PPARG,CHEMBL235
C/C=C(\C)C(=O)O[C@@H](C[C@@]1(C)[C@H](C)C[C@H](OC(C)=O)[C@]2(COC(C)=O)[C@@H]1[C@H](OC(C)=O)CC[C@]21CO1)C1=CC(=O)OC1,4.935542010773082,1,IC50,PPARG,CHEMBL235
C/C=C/C=C(\C)C(=O)N1Cc2cc(OCCc3nc(/C=C/CCC(C)C)oc3C)ccc2C[C@H]1C(=O)O.CC(C)(C)N,7.301029995663981,1,EC50,PPARG,CHEMBL235
C/C=C/C=C/C(=O)N1Cc2cc(OCCc3nc(/C(=C/C)CC)oc3C)ccc2C[C@H]1C(=O)O.CC(C)(C)N,6.455931955649724,1,EC50,PPARG,CHEMBL235
C/C=C/C=C/C(=O)N1Cc2cc(OCCc3nc(/C(C)=C/CC)oc3C)ccc2C[C@H]1C(=O)O.CC(C)(C)N,6.920818753952375,1,EC50,PPARG,CHEMBL235
C/C=C/C=C/C(=O)N1Cc2cc(OCCc3nc(/C(C)=C/CCC(C)C)oc3C)ccc2C[C@H]1C(=O)O.CC(C)(C)N,7.698970004336019,1,EC50,PPARG,CHEMBL235
C/C=C/C=C/C(=O)N1Cc2cc(OCCc3nc(/C=C/C(C)(C)C)oc3C)ccc2C[C@H]1C(=O)O.CC(C)(C)N,6.267606240177031,1,EC50,PPARG,CHEMBL235
C/C=C/C=C/C(=O)N1Cc2cc(OCCc3nc(/C=C/C(C)(C)CC)oc3C)ccc2C[C@H]1C(=O)O.CC(C)(C)N,6.119186407719209,1,EC50,PPARG,CHEMBL235
C/C=C/C=C/C(=O)N1Cc2cc(OCCc3nc(/C=C/C(C)C)oc3C)ccc2C[C@H]1C(=O)O.CC(C)(C)N,6.173925197299173,1,EC50,PPARG,CHEMBL235
C/C=C/C=C/C(=O)N1Cc2cc(OCCc3nc(/C=C/C(C)CCC)oc3C)ccc2C[C@H]1C(=O)O.CC(C)(C)N,6.508638306165727,1,EC50,PPARG,CHEMBL235
C/C=C/C=C/C(=O)N1Cc2cc(OCCc3nc(/C=C/C(CC)CC)oc3C)ccc2C[C@H]1C(=O)O.CC(C)(C)N,6.119186407719209,1,EC50,PPARG,CHEMBL235
C/C=C/C=C/C(=O)N1Cc2cc(OCCc3nc(/C=C/CC(C)(C)C)oc3C)ccc2C[C@H]1C(=O)O.CC(C)(C)N,6.795880017344075,1,EC50,PPARG,CHEMBL235
C/C=C/C=C/C(=O)N1Cc2cc(OCCc3nc(/C=C/CC(C)C)oc3C)ccc2C[C@H]1C(=O)O.CC(C)(C)N,6.795880017344075,1,EC50,PPARG,CHEMBL235
C/C=C/C=C/C(=O)N1Cc2cc(OCCc3nc(/C=C/CCC(C)C)oc3C)ccc2C[C@H]1C(=O)O.CC(C)(C)N,7.522878745280337,1,EC50,PPARG,CHEMBL235
C/C=C/C=C/C(=O)N1Cc2cc(OCCc3nc(CCCCC(C)C)oc3C)ccc2C[C@H]1C(=O)O.CC(C)(C)N,6.958607314841775,1,EC50,PPARG,CHEMBL235
C/C=C/CC(=O)N(C)CCOc1ccc(CC2SC(=O)NC2=O)cc1,5.920818753952375,1,Ki,PPARG,CHEMBL235
C/C=C1/C(=O)C[C@H]2[C@@H]3CCC4=CC(=O)CC[C@]4(C)[C@H]3CC[C@]12C,4.568636235841013,1,IC50,PPARG,CHEMBL235
C/C=C\CC/C=C/C=C/C(=O)NCC(C)C,5.443697499232712,1,EC50,PPARG,CHEMBL235
C=C(C)C1Cc2cc3c(cc2C1)C(=O)C[C@@H](c1ccc(O)c(O)c1)C3,5.327902142064282,1,Ki,PPARG,CHEMBL235
C=C(C)[C@@H]1CCC(C)=C[C@H]1C1=C(O)C(=O)C(CCCCC)=CC1=O,4.978810700930062,1,EC50,PPARG,CHEMBL235
C=C1C(=O)O[C@@H]2C[C@H](C)[C@@]3(O)CC[C@@](C)(C[C@@H](OC(=O)C(C)C)[C@@H]12)O3,4.568636235841013,1,IC50,PPARG,CHEMBL235
C=C1C(=O)O[C@@H]2C[C@H](C)[C@@]3(O)C[C@H](O)[C@@](C)(C[C@@H](OC(=O)C(C)C)[C@@H]12)O3,4.259637310505756,1,IC50,PPARG,CHEMBL235
C=CC(=O)Nc1ccc2oc(-c3ccc(CC)cc3)nc2c1,5.2403321553103694,1,IC50,PPARG,CHEMBL235
C=CC(c1ccc(O)c(OC)c1)c1c(O)cc(O)c2c(=O)cc(-c3ccccc3)oc12,5.596879478824182,1,Ki,PPARG,CHEMBL235
C=CC(c1ccccc1)c1c(O)cc(O)c2c(=O)cc(-c3ccccc3)oc12,5.85078088734462,1,Ki,PPARG,CHEMBL235
C=CCC(OC(=O)Cc1ccc(SCc2ccccc2C(=O)O)cc1)c1ccccc1,4.823908740944319,1,EC50,PPARG,CHEMBL235
C=CCC/C=C/C(=O)N(C)CCOc1ccc(CC2SC(=O)NC2=O)cc1,7.7447274948966935,1,Ki,PPARG,CHEMBL235
C=CCC/C=C/C(=O)NCCOc1ccc(CC2SC(=O)NC2=O)cc1,5.167491087293763,1,Ki,PPARG,CHEMBL235
C=CCCC(=O)N(C)CCOc1ccc(CC2SC(=O)NC2=O)cc1,6.221848749616356,1,Ki,PPARG,CHEMBL235
C=CCCC(=O)N1Cc2cc(OCCc3nc(/C=C/CCC(C)C)oc3C)ccc2C[C@H]1C(=O)O.CC(C)(C)N,7.3979400086720375,1,EC50,PPARG,CHEMBL235
C=CCCCC(=O)N1Cc2cc(OCCc3nc(/C=C/CCC(C)C)oc3C)ccc2C[C@H]1C(=O)O.CC(C)(C)N,7.301029995663981,1,EC50,PPARG,CHEMBL235
C=CCO/N=C(\c1ccccc1)c1ccc2c(c1)C(C)(C)CCN2CCOc1ccc(C[C@H](OCC)C(=O)O)cc1,7.266000713461613,1,Ki,PPARG,CHEMBL235
C=CCc1ccc(O)c(-c2cc(CC=C)ccc2O)c1,6.064809753726751,2,EC50,PPARG,CHEMBL235
C=CCc1ccc(OC)c(OC)c1,4.3979400086720375,1,EC50,PPARG,CHEMBL235
C=C[C@@H](O)C#CC#C[C@@H](O)/C=C\CCCCCCC,5.494850021680094,1,EC50,PPARG,CHEMBL235
C=C[C@@H](O)C#CC#C[C@H](/C=C\CCCCCCC)OC(=O)/C=C/c1ccc(O)c(OC)c1,5.779545458967391,2,EC50,PPARG,CHEMBL235
C=C[C@@H](O)C#CC#C[C@H](/C=C\CCCCCCC)O[C@]1(C)CCC[C@]2(C)CC[C@@H](C(C)(C)O)C[C@H]21,5.769551078621726,1,EC50,PPARG,CHEMBL235
C=C[C@H](C#CC#C[C@@H](O)/C=C\CCCCCCC)O[C@]1(C)CCC[C@]2(C)CC[C@@H](C(C)(C)O)C[C@H]21,5.721246399047171,1,EC50,PPARG,CHEMBL235
C=C[C@H](C#CC#C[C@@H](O)/C=C\CCCCCCC)O[C@]1(C)CC[C@@H](O)[C@]2(C)CC[C@@H](C(C)C)[C@@H](O)[C@H]21,5.698970004336019,1,EC50,PPARG,CHEMBL235
C=C[C@H]1OCc2cc3cc(OC)c(O)cc3c(C#C[C@@H](O)/C=C\CCCCCCC)c21,5.769551078621726,1,EC50,PPARG,CHEMBL235
CC#CCOC(=O)Cc1c(C(C)C)nc(CCCC)n(Cc2ccc(-c3ccccc3-c3noc(=O)[nH]3)cc2)c1=O,5.97469413473523,1,EC50,PPARG,CHEMBL235
CC#CCOC(=O)Cc1c(C)nc(CCCC)n(Cc2ccc(-c3ccccc3-c3noc(=O)[nH]3)cc2)c1=O,5.596879478824182,1,EC50,PPARG,CHEMBL235
CC#CCOc1cc(COc2ccc(C(F)(F)F)cc2)ccc1Sc1ccc(OCC(=O)O)c2c1CCCC2,6.63420561740663,2,"Ki,EC50",PPARG,CHEMBL235
CC#Cc1nc(NCc2cccc(Br)c2)c2ncn(C[C@@H]3SC[C@@H](O)[C@H]3O)c2n1,5.152427340857888,1,Ki,PPARG,CHEMBL235
CC#Cc1nc(NCc2cccc(F)c2)c2ncn(C[C@@H]3SC[C@@H](O)[C@H]3O)c2n1,5.115771230367396,1,Ki,PPARG,CHEMBL235
CC#Cc1nc(NCc2cccc(I)c2)c2ncn(C[C@@H]3SC[C@@H](O)[C@H]3O)c2n1,5.136677139879544,1,Ki,PPARG,CHEMBL235
CC(/C=C(\O)c1ccccc1)=N\[C@@H](Cc1ccc(OCc2ccccc2)cc1)C(=O)O,7.9299621333922445,1,Ki,PPARG,CHEMBL235
CC(/C=C(\O)c1ccccc1)=N\[C@@H](Cc1ccc(OCc2ccccc2)cc1)C(N)=O,5.879998925531604,1,Ki,PPARG,CHEMBL235
CC(/C=N/Nc1ccc(S(=O)(=O)/N=C/C(C)=C/c2ccccc2)cc1)=C\c1ccccc1,5.638272163982407,1,IC50,PPARG,CHEMBL235
CC(=O)/C=C(\C)NC(Cc1ccc(OCCOc2ccc(/C=C/c3ccccc3)cc2)cc1)C(=O)O,6.6020599913279625,1,EC50,PPARG,CHEMBL235
CC(=O)NCCOC(=O)C(Oc1cccc(C(F)(F)F)c1)c1ccc(Cl)cc1,5.318758762624412,2,EC50,PPARG,CHEMBL235
CC(=O)NCCOC(=O)[C@H](Oc1cccc(C(F)(F)F)c1)c1ccc(Cl)cc1,5.026823001386862,2,EC50,PPARG,CHEMBL235
CC(=O)NC[C@H](Cc1ccc(OCCc2nc(-c3ccccc3)oc2C)cc1)Nc1ccccc1C(=O)c1ccccc1,6.219998641394585,3,"Ki,EC50,IC50",PPARG,CHEMBL235
CC(=O)N[C@@H](Cc1ccc(OCCc2nc(-c3ccccc3)oc2C)cc1)C(=O)O,5.585026652029182,1,Ki,PPARG,CHEMBL235
CC(=O)Nc1cc(-n2ccnn2)ccc1OCCCOc1ccc2c(c1)CC[C@H]2CC(=O)O,3.7399999901217527,1,EC50,PPARG,CHEMBL235
CC(=O)Nc1ccc(OS(=O)(=O)/C=C/c2ccccc2)cc1,4.970129435996047,1,IC50,PPARG,CHEMBL235
CC(=O)Nc1ccc(S(=O)(=O)NCCc2ccc(S(=O)(=O)NC(=O)NC3CCC(C)CC3)cc2)cc1,5.146301788223825,1,IC50,PPARG,CHEMBL235
CC(=O)Nc1ccc(S(=O)(=O)NCCc2ccc(S(=O)(=O)NC(=O)NC3CCC(C)CC3)cc2)cc1C,5.619788758288394,1,IC50,PPARG,CHEMBL235
CC(=O)OC[C@@]12[C@@H](OC(C)=O)C[C@@H](C)[C@](C)(CCC3=CC(=O)OC3)[C@H]1CCC[C@]21CO1,4.920818753952375,1,IC50,PPARG,CHEMBL235
CC(=O)OC[C@@]12[C@@H](OC(C)=O)C[C@@H](C)[C@](C)(C[C@H](O)C3=CC(=O)OC3)[C@H]1CCC[C@]21CO1,4.882728704344236,1,IC50,PPARG,CHEMBL235
CC(=O)OC[C@@]12[C@@H](OC(C)=O)C[C@@H](C)[C@](C)(C[C@H](OC(C)=O)C3=CC(=O)OC3)[C@H]1CCC[C@]21CO1,4.87942606879415,1,IC50,PPARG,CHEMBL235
CC(=O)OC[C@@]12[C@@H](OC(C)=O)C[C@@H](C)[C@](C)(C[C@H](OC(C)=O)C3=CC(=O)OC3)[C@H]1[C@H](O)CC[C@]21CO1,4.886056647693163,1,IC50,PPARG,CHEMBL235
CC(=O)Oc1ccc(O[C@H]2CC[C@H](NC(=O)Nc3ccc(OC(F)(F)F)c(F)c3)CC2)cc1,5.725743871829482,2,EC50,PPARG,CHEMBL235
CC(=O)c1cc(C(C)=O)c(CC(=O)C(=O)Nc2cccc(C)c2C)cc1CC(=O)C(=O)Nc1cccc(C)c1C,5.585026652029182,1,IC50,PPARG,CHEMBL235
CC(=O)c1cc(NS(=O)(=O)c2ccc(Cl)cc2Cl)cc(Cl)c1Oc1cncc(Cl)c1,7.721848749616356,2,"EC50,IC50",PPARG,CHEMBL235
CC(=O)c1cc(NS(=O)(=O)c2ccc(Cl)cc2Cl)ccc1Oc1cnc2ccccc2c1,7.372363747448347,2,"EC50,IC50",PPARG,CHEMBL235
CC(=O)c1cc(NS(=O)(=O)c2ccc(Cl)cc2Cl)ccc1Oc1cncc(Cl)c1,7.911954370472159,2,"EC50,IC50",PPARG,CHEMBL235
CC(=O)c1ccc(N2CCN(Cc3cc(C)c(OC(C)(C)C(=O)O)c(C)c3)CC2)nc1,5.3872161432802645,1,EC50,PPARG,CHEMBL235
CC(=O)c1ccc(OCCOc2ccc(C[C@H](Nc3ccccc3C(=O)c3ccccc3)C(=O)O)cc2)cc1,6.630005338391571,1,Ki,PPARG,CHEMBL235
CC(=O)c1ccc(OCc2nc3ccc(Oc4cc(C)c(N)c(C)c4)cc3n2C)cc1.Cl.Cl,6.468521082957745,1,EC50,PPARG,CHEMBL235
CC(=O)c1ccc(O[C@@H](Cc2ccccc2)C(=O)O)cc1,4.908289116966377,2,EC50,PPARG,CHEMBL235
CC(=O)c1cccc(OCc2nc3ccc(Oc4cc(C)c(N)c(C)c4)cc3n2C)c1.Cl.Cl,7.187086643357144,1,EC50,PPARG,CHEMBL235
CC(=O)c1ccccc1N[C@@H](Cc1ccc(OCCc2nc(-c3ccccc3)oc2C)cc1)C(=O)O,9.0,1,IC50,PPARG,CHEMBL235
CC(=O)c1ccccc1OCc1nc2ccc(Oc3cc(C)c(N)c(C)c3)cc2n1C.Cl.Cl,6.448550002027124,1,EC50,PPARG,CHEMBL235
CC(=O)c1cncc(Oc2c(Cl)cc(NS(=O)(=O)c3ccc(Cl)cc3Cl)cc2Cl)c1,6.995699914119041,2,"EC50,IC50",PPARG,CHEMBL235
CC(=O)c1sc(-c2ccc(OCCCOc3ccc4c(c3)CC[C@H]4CC(=O)O)cc2)nc1C,2.680000000177526,1,EC50,PPARG,CHEMBL235
CC(C(=O)OCc1ccc(CC(SCCc2ccc(F)cc2)C(=O)O)cc1)c1ccccc1,5.769551078621726,1,EC50,PPARG,CHEMBL235
CC(C)(C)N.CC(C)=C/C=C/C(=O)N1Cc2cc(OCCc3nc(/C=C/CCC(C)C)oc3C)ccc2C[C@H]1C(=O)O,7.522878745280337,1,EC50,PPARG,CHEMBL235
CC(C)(C)N.CCC(O)/C=C/C(=O)N1Cc2cc(OCCc3nc(/C=C/CCC(C)C)oc3C)ccc2C[C@H]1C(=O)O,6.619788758288394,1,EC50,PPARG,CHEMBL235
CC(C)(C)N.CCC/C=C/C(=O)N1Cc2cc(OCCc3nc(/C=C/CCC(C)C)oc3C)ccc2C[C@H]1C(=O)O,7.522878745280337,1,EC50,PPARG,CHEMBL235
CC(C)(C)N.CCCCCC(=O)N1Cc2cc(OCCc3nc(/C=C/CCC(C)C)oc3C)ccc2C[C@H]1C(=O)O,7.698970004336019,1,EC50,PPARG,CHEMBL235
CC(C)(C)N.CCO/C=C/C(=O)N1Cc2cc(OCCc3nc(/C=C/CCC(C)C)oc3C)ccc2C[C@H]1C(=O)O,7.698970004336019,1,EC50,PPARG,CHEMBL235
CC(C)(C)N.CCOC/C=C/C(=O)N1Cc2cc(OCCc3nc(/C=C/CCC(C)C)oc3C)ccc2C[C@H]1C(=O)O,7.045757490560675,1,EC50,PPARG,CHEMBL235
CC(C)(C)N.CCOCCC(=O)N1Cc2cc(OCCc3nc(/C=C/CCC(C)C)oc3C)ccc2C[C@H]1C(=O)O,7.154901959985743,1,EC50,PPARG,CHEMBL235
CC(C)(C)N.Cc1oc(/C=C/CCC(C)C)nc1CCOc1ccc2c(c1)CN(C(=O)/C=C/C1CC1)[C@H](C(=O)O)C2,7.154901959985743,1,EC50,PPARG,CHEMBL235
CC(C)(C)N.Cc1oc(/C=C/CCC(C)C)nc1CCOc1ccc2c(c1)CN(C(=O)/C=C/c1ccco1)[C@H](C(=O)O)C2,7.154901959985743,1,EC50,PPARG,CHEMBL235
CC(C)(C)N.Cc1oc(/C=C/CCC(C)C)nc1CCOc1ccc2c(c1)CN(C(=O)/C=C/c1cccs1)[C@H](C(=O)O)C2,7.3979400086720375,1,EC50,PPARG,CHEMBL235
CC(C)(C)OC(=O)NC(COCc1ccc(-c2ccccc2)cc1)C(=O)O,4.886056647693163,1,EC50,PPARG,CHEMBL235
CC(C)(C)OC(=O)NC(COCc1ccc(C(=O)c2ccccc2)cc1)C(=O)O,4.698970004336019,1,EC50,PPARG,CHEMBL235
CC(C)(C)OC(=O)NC(CSCc1ccc(-c2ccccc2)cc1)C(=O)O,5.4089353929735005,1,EC50,PPARG,CHEMBL235
CC(C)(C)OC(=O)NC(CSCc1ccc(/C=C/C(=O)c2ccccc2)cc1)C(=O)O,4.991399828238082,1,EC50,PPARG,CHEMBL235
CC(C)(C)OC(=O)NC(CSCc1ccc(C(=O)c2ccc(C(F)(F)F)cc2)cc1)C(=O)O,5.657577319177793,1,EC50,PPARG,CHEMBL235
CC(C)(C)OC(=O)NC(CSCc1ccc(C(=O)c2ccc(Cl)cc2)cc1)C(=O)O,5.494850021680094,1,EC50,PPARG,CHEMBL235
CC(C)(C)OC(=O)NC(CSCc1ccc(C(=O)c2ccc([N+](=O)[O-])cc2)cc1)C(=O)O,4.892790030352131,1,EC50,PPARG,CHEMBL235
CC(C)(C)OC(=O)NC(CSCc1ccc(C(=O)c2ccccc2)cc1)C(=O)O,4.987162775294828,1,EC50,PPARG,CHEMBL235
CC(C)(C)OC(=O)NC(CSCc1ccc(Cc2ccccc2)cc1)C(=O)O,5.468521082957745,1,EC50,PPARG,CHEMBL235
CC(C)(C)OC(=O)NC(CSCc1ccccc1)C(=O)O,4.590066876668706,1,EC50,PPARG,CHEMBL235
CC(C)(C)OC(=O)N[C@@H](CSCc1ccc(C(=O)c2ccccc2)cc1)C(=O)O,5.075720713938118,1,EC50,PPARG,CHEMBL235
CC(C)(C)c1ccc(-n2c(C(=O)O)c(Oc3cc(C(F)(F)F)cc(C(F)(F)F)c3)c3cc(Cl)ccc32)cc1,7.080921907623926,1,IC50,PPARG,CHEMBL235
CC(C)(C)c1ccc(-n2c(C(=O)O)c(Oc3ccc(-c4cc(C(F)(F)F)c[nH]4)cc3)c3cccnc32)cc1,6.600326278518962,1,IC50,PPARG,CHEMBL235
CC(C)(C)c1ccc(-n2c(C(=O)O)c(Oc3ccc(Cl)c(C(F)(F)F)c3)c3cc(Cl)ccc32)cc1,7.886056647693163,1,IC50,PPARG,CHEMBL235
CC(C)(C)c1ccc(-n2c(C(=O)O)c(Oc3ccc(Cl)cc3)c3ccc(OC(F)(F)F)cc32)cc1,6.525783735923745,1,IC50,PPARG,CHEMBL235
CC(C)(C)c1ccc(-n2c(C(=O)O)c(Oc3ccc(OC(F)(F)F)cc3)c3ccccc32)cc1,7.309803919971486,1,IC50,PPARG,CHEMBL235
CC(C)(C)c1ccc(-n2c(C(=O)O)c(Oc3cccc(-c4cc(C(F)(F)F)c[nH]4)c3)c3ccc(Cl)nc32)cc1,7.236572006437063,1,IC50,PPARG,CHEMBL235
CC(C)(C)c1ccc(-n2c(C(=O)O)c(Oc3cccc(C(F)(F)F)c3)c3cc(Cl)ccc32)cc1,7.769551078621726,1,IC50,PPARG,CHEMBL235
CC(C)(C)c1ccc(-n2c(C(=O)O)c(Oc3cccc(C(F)(F)F)c3)c3cc(O)ccc32)cc1,6.497572880015568,1,IC50,PPARG,CHEMBL235
CC(C)(C)c1ccc(-n2c(C(=O)O)c(Oc3cccc(C(F)(F)F)c3)c3cc(Oc4cc(C(F)(F)F)c[nH]4)ccc32)cc1,8.301029995663981,1,IC50,PPARG,CHEMBL235
CC(C)(C)c1ccc(-n2c(C(=O)O)c(Oc3cccc(C(F)(F)F)c3)c3cc(Oc4cc(Cl)c[nH]4)ccc32)cc1,8.698970004336019,1,IC50,PPARG,CHEMBL235
CC(C)(C)c1ccc(-n2c(C(=O)O)c(Oc3cccc(C(F)(F)F)c3)c3cc(Oc4ccc[nH]4)ccc32)cc1,7.958607314841775,1,IC50,PPARG,CHEMBL235
CC(C)(C)c1ccc(-n2c(C(=O)O)c(Oc3cccc(C(F)(F)F)c3)c3ccc(Cl)cc32)cc1,7.568636235841012,1,IC50,PPARG,CHEMBL235
CC(C)(C)c1ccc(-n2c(C(=O)O)c(Oc3cccc(C(F)(F)F)c3)c3ccc(Cl)nc32)cc1,7.6777807052660805,1,IC50,PPARG,CHEMBL235
CC(C)(C)c1ccc(-n2c(C(=O)O)c(Oc3cccc(C(F)(F)F)c3)c3ccccc32)cc1,7.920818753952375,1,IC50,PPARG,CHEMBL235
CC(C)(C)c1ccc(-n2c(C(=O)O)c(Oc3cccc(C(F)(F)F)c3)c3cccnc32)cc1,7.1249387366083,1,IC50,PPARG,CHEMBL235
CC(C)(C)c1ccc(-n2c(C(=O)O)c(Oc3cccc(O)c3)c3ccccc32)cc1,7.107905397309519,1,IC50,PPARG,CHEMBL235
CC(C)(C)c1ccc(-n2c(C(=O)O)c(Oc3cccc(S(C)(=O)=O)c3)c3ccc(Cl)nc32)cc1,6.694648630553376,1,IC50,PPARG,CHEMBL235
CC(C)(C)c1ccc(-n2cnc3c(NC(=O)Cc4ccc(C(=O)O)cc4)cccc32)cc1,5.543761846977124,3,"EC50,IC50",PPARG,CHEMBL235
CC(C)(C)c1ccc(C(=O)NCc2ccc(NS(C)(=O)=O)cc2Cl)cc1,4.8326826652518236,1,EC50,PPARG,CHEMBL235
CC(C)(C)c1ccc(C(=O)Nc2cc(Cl)ccc2C(=O)Nc2cccc(C(=O)O)c2)cc1,5.045757490560675,1,EC50,PPARG,CHEMBL235
CC(C)(C)c1ccc(C(=O)Nc2ccc(Cl)cc2C(=O)Nc2cccc(C(=O)O)c2)cc1,5.267606240177031,1,EC50,PPARG,CHEMBL235
CC(C)(C)c1ccc(C(=O)Nc2ccccc2C(=O)Nc2cc(C(=O)O)ccc2Cl)cc1,5.721246399047171,1,EC50,PPARG,CHEMBL235
CC(C)(C)c1ccc(C(=O)Nc2ccccc2C(=O)Nc2cc(C(=O)O)ccc2F)cc1,5.236572006437063,1,EC50,PPARG,CHEMBL235
CC(C)(C)c1ccc(C(=O)Nc2ccccc2C(=O)Nc2ccc(Br)c(C(=O)O)c2)cc1,5.200659450546418,1,EC50,PPARG,CHEMBL235
CC(C)(C)c1ccc(C(=O)Nc2ccccc2C(=O)Nc2ccc(Cl)c(C(=O)O)c2)cc1,5.267606240177031,1,EC50,PPARG,CHEMBL235
CC(C)(C)c1ccc(C(=O)Nc2ccccc2C(=O)Nc2cccc(C(=O)O)c2)cc1,5.4089353929735005,1,EC50,PPARG,CHEMBL235
CC(C)(C)c1ccc(C(=O)Nc2ccccc2C(=O)Nc2cccc(CC(=O)O)c2)cc1,5.207608310501746,1,EC50,PPARG,CHEMBL235
CC(C)(C)c1ccc(C(=O)Nc2ccccc2C(=O)Nc2cccc(CCC(=O)O)c2)cc1,5.301029995663981,1,EC50,PPARG,CHEMBL235
CC(C)(C)c1ccc(CNC(=O)c2ccc(NC(=O)c3cccc(CN4C(=O)OC[C@H]4Cc4ccccc4)c3)cc2)cc1,5.88672530753565,1,EC50,PPARG,CHEMBL235
CC(C)(C)c1ccc(Cn2c(C(=O)NS(=O)(=O)c3cccc(C(F)(F)F)c3)cc3ccccc32)cc1,6.481486060122112,1,IC50,PPARG,CHEMBL235
CC(C)(C)c1ccc(S2(=O)=N[Se]c3cc(C(C)(C)C)ccc32)cc1,6.12668290053121,2,"Ki,IC50",PPARG,CHEMBL235
CC(C)(C)c1cccc(OCCCOc2ccc3c(c2)OCC3CC(=O)O)c1,5.756961951313706,1,EC50,PPARG,CHEMBL235
CC(C)(C)c1cccc(OCCOc2ccc3c(c2)OCC3CC(=O)O)c1,5.692503962086787,1,EC50,PPARG,CHEMBL235
CC(C)(CCc1cc2cc(Cl)ccc2n1S(=O)(=O)c1ccccc1)C(=O)O,6.040958607678906,1,EC50,PPARG,CHEMBL235
CC(C)(NC(=O)c1ccc2c(ccn2Cc2ccc(F)cc2F)c1)c1ccccc1,8.397940008672037,1,IC50,PPARG,CHEMBL235
CC(C)(O)C#CCOc1cc(COc2ccc(C(F)(F)F)cc2)ccc1Sc1ccc(OCC(=O)O)c2c1CCCC2,6.366649016557956,2,"Ki,EC50",PPARG,CHEMBL235
CC(C)(O)C1=C[C@@H](O)[C@@](C)(O)CC1,4.663540266151471,1,EC50,PPARG,CHEMBL235
CC(C)(O)c1ccc(NC(=O)c2cc(C(=O)NCc3ccc(F)c(F)c3)c(F)cc2Cl)cc1,7.623866910427398,3,"EC50,IC50",PPARG,CHEMBL235
CC(C)(Oc1c(Br)cc(CN2C(=O)CN(c3ccc(C(F)(F)F)cc3)C2=O)cc1Br)C(=O)O,5.5550188879120554,1,EC50,PPARG,CHEMBL235
CC(C)(Oc1c(Cl)cc(CN2C(=O)CN(c3ccc(C(F)(F)F)cc3)C2=O)cc1Cl)C(=O)O,5.312694039807931,1,EC50,PPARG,CHEMBL235
CC(C)(Oc1c(Cl)cc(Cn2ncn(-c3ccc(C(F)(F)F)cc3)c2=O)cc1Cl)C(=O)O,5.30925475186425,1,EC50,PPARG,CHEMBL235
CC(C)(Oc1ccc(-c2cccc3ccccc23)cc1)C(=O)O,5.200659450546418,1,EC50,PPARG,CHEMBL235
CC(C)(Oc1ccc(C(=O)c2cc3c(ccc4ccccc43)oc2=O)cc1)C(=O)O,4.246340352714001,1,EC50,PPARG,CHEMBL235
CC(C)(Oc1ccc(C(=O)c2cc3ccccc3oc2=O)cc1)C(=O)O,5.435333935747911,1,EC50,PPARG,CHEMBL235
CC(C)(Oc1ccc(C(=O)c2ccc(Cl)cc2)cc1)C(=O)O,3.391394851671599,3,"EC50,IC50",PPARG,CHEMBL235
CC(C)(Oc1ccc(CCCOc2ccc(/C=C/c3ccccc3)cc2)cc1)C(=O)O,6.096910013008056,1,EC50,PPARG,CHEMBL235
CC(C)(Oc1ccc(CCCOc2ccc(/N=N/c3ccccc3)cc2)cc1)C(=O)O,5.0,1,EC50,PPARG,CHEMBL235
CC(C)(Oc1ccc(CCCOc2ccc(C(=O)/C=C/c3ccccc3)cc2)cc1)C(=O)O,6.096910013008056,1,EC50,PPARG,CHEMBL235
CC(C)(Oc1ccc(CCCOc2ccc(C(=O)c3ccccc3)cc2)cc1)C(=O)O,5.236572006437063,1,EC50,PPARG,CHEMBL235
CC(C)(Oc1ccc(CCCOc2ccc(Oc3ccccc3)cc2)cc1)C(=O)O,4.123782159408358,1,EC50,PPARG,CHEMBL235
CC(C)(Oc1ccc(CCCOc2nc3ccccc3s2)cc1)C(=O)O,5.102372908709558,1,EC50,PPARG,CHEMBL235
CC(C)(Oc1ccc(CCNC(=O)c2ccc(Cl)cc2)cc1)C(=O)O,4.429177510057228,5,EC50,PPARG,CHEMBL235
CC(C)(Oc1ccc(CCOc2ccc(/C=C/c3ccccc3)cc2)cc1)C(=O)O,4.8996294548824375,1,EC50,PPARG,CHEMBL235
CC(C)(Oc1ccc(CCOc2ccc(/N=N/c3ccc(Cl)cc3)cc2)cc1)C(=O)O,5.494850021680094,1,EC50,PPARG,CHEMBL235
CC(C)(Oc1ccc(CCOc2ccc(/N=N/c3ccccc3)cc2)cc1)C(=O)NS(=O)(=O)c1ccccc1,4.853871964321762,1,IC50,PPARG,CHEMBL235
CC(C)(Oc1ccc(CCOc2ccc(/N=N/c3ccccc3)cc2)cc1)C(=O)O,5.713680351478593,2,EC50,PPARG,CHEMBL235
CC(C)(Oc1ccc(CCOc2ccc(/N=N/c3ccccc3)cc2C(F)(F)F)cc1)C(=O)O,6.221848749616356,1,EC50,PPARG,CHEMBL235
CC(C)(Oc1ccc(CCOc2ccc(/N=N/c3ccccc3)cc2Cl)cc1)C(=O)O,6.086186147616283,1,EC50,PPARG,CHEMBL235
CC(C)(Oc1ccc(CCOc2ccc(/N=N\c3ccccc3)cc2)cc1)C(=O)O,5.221848749616356,1,EC50,PPARG,CHEMBL235
CC(C)(Oc1ccc(CCOc2ccc(/N=N\c3ccccc3)cc2C(F)(F)F)cc1)C(=O)O,6.113509274827518,1,EC50,PPARG,CHEMBL235
CC(C)(Oc1ccc(CCOc2ccc(/N=N\c3ccccc3)cc2Cl)cc1)C(=O)O,6.036212172654444,1,EC50,PPARG,CHEMBL235
CC(C)(Oc1ccc(CCOc2ccc(C(=O)/C=C/c3ccccc3)cc2)cc1)C(=O)O,5.229147988357855,1,EC50,PPARG,CHEMBL235
CC(C)(Oc1ccc(CCOc2ccc(C(=O)c3ccccc3)cc2)cc1)C(=O)O,4.262807357295263,1,EC50,PPARG,CHEMBL235
CC(C)(Oc1ccc(CCOc2ccc(Oc3ccccc3)cc2)cc1)C(=O)O,5.161150909262744,1,EC50,PPARG,CHEMBL235
CC(C)(Oc1ccc(CCOc2nc3ccccc3s2)cc1)C(=O)O,4.405607449624573,1,EC50,PPARG,CHEMBL235
CC(C)(Oc1ccc(CO)cc1)C(=O)O,4.522878745280337,1,EC50,PPARG,CHEMBL235
CC(C)(Oc1ccc(COc2ccc(/C=C/c3ccccc3)cc2)cc1)C(=O)O,5.221848749616356,1,EC50,PPARG,CHEMBL235
CC(C)(Oc1ccc(COc2ccc(/N=N/c3ccccc3)cc2)cc1)C(=O)O,4.972693472721556,2,EC50,PPARG,CHEMBL235
CC(C)(Oc1ccc(COc2ccc(/N=N\c3ccccc3)cc2)cc1)C(=O)O,5.180456064458131,1,EC50,PPARG,CHEMBL235
CC(C)(Oc1ccc(COc2ccc(C(=O)c3ccccc3)cc2)cc1)C(=O)O,5.267606240177031,1,EC50,PPARG,CHEMBL235
CC(C)(Oc1ccc(COc2ccc(Oc3ccccc3)cc2)cc1)C(=O)O,6.096910013008056,1,EC50,PPARG,CHEMBL235
CC(C)(Oc1ccc(COc2nc3ccccc3s2)cc1)C(=O)O,4.494850021680094,1,EC50,PPARG,CHEMBL235
CC(C)(Oc1ccc(Cl)cc1)C(=O)O,3.5100415205751654,1,EC50,PPARG,CHEMBL235
CC(C)(Oc1ccc(Cn2ncn(-c3ccc(C(F)(F)F)cc3)c2=O)cc1C(F)(F)F)C(=O)O,5.750581492764013,1,EC50,PPARG,CHEMBL235
CC(C)(Oc1ccc(Cn2ncn(-c3ccc(C(F)(F)F)cc3)c2=O)cc1Cl)C(=O)O,5.556111453222628,1,EC50,PPARG,CHEMBL235
CC(C)(Oc1ccc(Cn2ncn(-c3ccc(C(F)(F)F)cc3)c2=O)cc1OC(F)(F)F)C(=O)O,5.8395314688809625,1,EC50,PPARG,CHEMBL235
CC(C)(Oc1ccc(Cn2ncn(-c3ccc(OC(F)(F)F)cc3)c2=O)cc1C(F)(F)F)C(=O)O,5.781464494783473,1,EC50,PPARG,CHEMBL235
CC(C)(Oc1ccc(Cn2ncn(-c3ccc(OC(F)(F)F)cc3)c2=O)cc1Cl)C(=O)O,5.308034897232639,1,EC50,PPARG,CHEMBL235
CC(C)(Oc1ccc(Cn2ncn(-c3ccc(OC(F)(F)F)cc3)c2=O)cc1OC(F)(F)F)C(=O)O,5.32984695480782,1,EC50,PPARG,CHEMBL235
CC(C)(Oc1ccc(OCCCCOc2ccc(Oc3ccc(F)cc3)cc2Cl)cc1)C(=O)O,5.114073660198569,1,EC50,PPARG,CHEMBL235
CC(C)(Oc1ccc(OCCCOc2ccc(Oc3ccc(F)cc3)cc2Cl)cc1)C(=O)O,6.008330992620051,1,IC50,PPARG,CHEMBL235
CC(C)(Oc1ccc(OCCc2ccc(/N=N/c3ccccc3)cc2)cc1)C(=O)O,5.221848749616356,1,EC50,PPARG,CHEMBL235
CC(C)(Sc1ccc(CCN(CCCCC2CCCCC2)C(=O)NC2CCCCC2)cc1)C(=O)O,5.958607314841775,1,EC50,PPARG,CHEMBL235
CC(C)(Sc1ccc(CCN(CCCCC2CCCCC2)C(=O)Nc2cc(Cl)cc(Cl)c2)cc1)C(=O)O,6.0,1,EC50,PPARG,CHEMBL235
CC(C)(Sc1ccc(CCN(CCCCC2CCCCC2)C(=O)Nc2cccc(C#N)c2)cc1)C(=O)O,6.0,1,EC50,PPARG,CHEMBL235
CC(C)(Sc1ccc(CCN(CCc2ccc(-c3ccccc3)cc2)C(=O)NC2CCCCC2)cc1)C(=O)O,5.619788758288394,1,EC50,PPARG,CHEMBL235
CC(C)(Sc1ccc(CCN(CCc2ccc(-c3ccccc3)cc2)C(=O)Nc2cc(Cl)cc(Cl)c2)cc1)C(=O)O,5.698970004336019,1,EC50,PPARG,CHEMBL235
CC(C)=CCC/C(C)=C/Cc1c(O)cc(/C=C/c2cc(F)cc(F)c2)cc1O,5.600329725273209,2,"EC50,IC50",PPARG,CHEMBL235
CC(C)=CCC/C(C)=C/Cc1c(O)cc(/C=C/c2ccc(C#N)cc2)cc1O,5.920818753952375,1,IC50,PPARG,CHEMBL235
CC(C)=CCC/C(C)=C/Cc1c(O)cc(/C=C/c2ccc(C(F)(F)F)cc2)cc1O,5.09151498112135,1,IC50,PPARG,CHEMBL235
CC(C)=CCC/C(C)=C/Cc1c(O)cc(/C=C/c2ccc(C=O)cc2)cc1O,6.050609993355087,1,IC50,PPARG,CHEMBL235
CC(C)=CCC/C(C)=C/Cc1c(O)cc(/C=C/c2ccc(Cl)cc2)cc1O,6.267606240177031,1,IC50,PPARG,CHEMBL235
CC(C)=CCC/C(C)=C/Cc1c(O)cc(/C=C/c2ccc(F)cc2)cc1O,5.296559664975438,2,"EC50,IC50",PPARG,CHEMBL235
CC(C)=CCC/C(C)=C/Cc1c(O)cc(/C=C/c2ccc(O)cc2)cc1O,6.027758663924915,2,"EC50,IC50",PPARG,CHEMBL235
CC(C)=CCC/C(C)=C/Cc1c(O)cc(/C=C/c2cccc(C(F)(F)F)c2)cc1O,5.7883770630315965,2,"EC50,IC50",PPARG,CHEMBL235
CC(C)=CCC/C(C)=C/Cc1c(O)cc(/C=C/c2ccccc2)cc1O,5.685805534974844,2,"EC50,IC50",PPARG,CHEMBL235
CC(C)=CCC/C(C)=C/Cc1c(O)cc(/C=C/c2ccoc2)cc1O,5.744058319510563,2,"EC50,IC50",PPARG,CHEMBL235
CC(C)=CCC/C(C)=C/Cc1c(O)cc(/C=C/c2ccsc2)cc1O,5.6087636879168565,2,"EC50,IC50",PPARG,CHEMBL235
CC(C)=CCC[C@@](C)(O)[C@H]1CC[C@]2(C)[C@@H]1[C@H](O)C[C@@H]1[C@@]3(C)CC[C@H](O)C(C)(C)[C@@H]3[C@@H](O)C[C@]12C,4.266000713461613,1,Ki,PPARG,CHEMBL235
CC(C)=CCOc1cc(OCC=C(C)C)c2c(=O)cc(-c3ccccc3)oc2c1,6.431798275933005,1,Ki,PPARG,CHEMBL235
CC(C)=CCOc1cc(OCc2ccccc2)c2c(=O)cc(-c3ccccc3)oc2c1,5.48369061957464,2,"Ki,EC50",PPARG,CHEMBL235
CC(C)C(COc1ccc(C[C@H](Nc2ccccc2C(=O)c2ccccc2)C(=O)O)cc1)c1ccccc1,6.260000690598032,1,Ki,PPARG,CHEMBL235
CC(C)C(Oc1ccc(-c2cccc3ccccc23)cc1)C(=O)O,4.935542010773082,1,EC50,PPARG,CHEMBL235
CC(C)C1(CCOc2cc(CC(=O)O)ccc2Cl)CCN(c2nc3ccc(Cl)cc3s2)CC1,6.161150909262744,1,EC50,PPARG,CHEMBL235
CC(C)C1=CC(C)(C)Oc2cc(OCCCOc3ccc(CC(C)(C)C(=O)O)cc3)c(Cl)cc21,5.734003629504921,1,IC50,PPARG,CHEMBL235
CC(C)CC1(CCOc2cc(Cl)cc(CC(=O)O)c2)CCN(c2nc3ccc(Cl)cc3s2)CC1,6.337242168318426,1,EC50,PPARG,CHEMBL235
CC(C)CCNc1cc(Cl)nc(SC(C(=O)O)c2cccc3ccccc23)n1,5.050609993355087,1,EC50,PPARG,CHEMBL235
CC(C)CCS(=O)(=O)NC(=O)/C=C/c1cc(OC(C)C)nn1Cc1ccc(C(F)(F)F)cc1Cl,7.823908740944319,1,IC50,PPARG,CHEMBL235
CC(C)CO/N=C/c1ccc(OC(Cc2ccccc2)C(=O)[O-])cc1.[Na+],5.346787486224656,1,EC50,PPARG,CHEMBL235
CC(C)COc1ccc(Cl)cc1-c1ccccc1-c1cccc(C(=O)[O-])n1.[Na+],5.150000164057106,2,"Ki,EC50",PPARG,CHEMBL235
CC(C)COc1ccc2c(c1)c(Oc1cccc(C(F)(F)F)c1)c(C(=O)O)n2-c1ccc(C(C)(C)C)cc1,7.7447274948966935,1,IC50,PPARG,CHEMBL235
CC(C)C[C@H]1CN(c2nc3ccc(Cl)cc3s2)CCC1CCOc1cc(CC(=O)O)ccc1Cl,5.958607314841775,1,EC50,PPARG,CHEMBL235
CC(C)Cc1cc(Oc2ccccc2)ccc1OCCCOc1ccc(C2SC(=O)NC2=O)cc1,6.318758762624412,1,IC50,PPARG,CHEMBL235
CC(C)Cc1ccc(C(C)C(=O)OCc2ccc(CC(SCCc3ccc(F)cc3)C(=O)O)cc2)cc1,6.031517051446064,1,EC50,PPARG,CHEMBL235
CC(C)Cc1ccc(OCCCOc2ccc3c(c2)O[C@@](C)(C(=O)O)CC3)c(Cl)c1,5.522878745280337,1,IC50,PPARG,CHEMBL235
CC(C)Cn1ccc2cc(C(=O)NCc3ccc(CS(=O)(=O)C4CC4)cc3C(F)(F)F)ccc21,6.698970004336019,1,EC50,PPARG,CHEMBL235
CC(C)N(CCOc1ccc(CC2SC(=O)NC2=O)cc1)c1nc2ccccc2s1,4.698970004336019,1,IC50,PPARG,CHEMBL235
CC(C)N(Cc1ccc(CCC(=O)O)cc1)C(=O)c1cccc(CNC(=O)c2ccccc2)c1,4.412289034981089,1,IC50,PPARG,CHEMBL235
CC(C)O/N=C/c1ccc(OC(Cc2ccccc2)C(=O)[O-])cc1.[Na+],5.251811972993799,1,EC50,PPARG,CHEMBL235
CC(C)OC(=O)C(C)(C)Oc1ccc(C(=O)c2ccc(Cl)cc2)cc1,4.419274694542112,4,EC50,PPARG,CHEMBL235
CC(C)O[C@@H](Cc1ccc(OCc2noc(-c3cc(C(F)(F)F)cc(C(F)(F)F)c3)n2)cc1)C(=O)O,7.50003813440381,1,EC50,PPARG,CHEMBL235
CC(C)O[C@@H](Cc1ccc(OCc2noc(-c3ccc(C(C)C)cc3)n2)cc1)C(=O)O,8.397940008672037,1,EC50,PPARG,CHEMBL235
CC(C)O[C@H](Cc1ccc(OCc2noc(-c3cc(C(F)(F)F)cc(C(F)(F)F)c3)n2)cc1)C(=O)O,6.199998172182031,1,EC50,PPARG,CHEMBL235
CC(C)S(=O)(=O)n1ccc2cc(C(=O)NCc3ccc(CS(=O)(=O)C4CC4)cc3C(F)(F)F)ccc21,5.978810700930062,1,EC50,PPARG,CHEMBL235
CC(C)[C@H](Oc1ccc(-c2cccc3ccccc23)cc1)C(=O)O,4.939302159646388,1,EC50,PPARG,CHEMBL235
CC(C)c1ccc(/N=N/c2ccc(OCCc3ccc(OC(C)(C)C(=O)O)cc3)cc2)cc1,5.6777807052660805,1,EC50,PPARG,CHEMBL235
CC(C)c1ccc(/N=N\c2ccc(OCCc3ccc(OC(C)(C)C(=O)O)cc3)cc2)cc1,5.585026652029182,1,EC50,PPARG,CHEMBL235
CC(C)c1ccc(COc2ccc(C[C@H](Nc3ccccc3C(=O)c3ccccc3)C(=O)O)cc2)cc1,6.6550036645461725,2,Ki,PPARG,CHEMBL235
CC(C)c1ccc(NC(=O)N(CCc2ccc(SC(C)(C)C(=O)O)cc2)CCc2ccc(-c3ccccc3)cc2)cc1,5.4622265193037345,2,EC50,PPARG,CHEMBL235
CC(C)c1ccc(Nc2cc(Cl)nc(SC(C(=O)O)c3cccc4ccccc34)n2)cc1,5.119186407719209,1,EC50,PPARG,CHEMBL235
CC(C)c1ccc(OCCCOc2ccc3c(c2)O[C@@](C)(C(=O)O)CC3)c(Cl)c1,5.301029995663981,1,IC50,PPARG,CHEMBL235
CC(C)c1cccc(-n2c(C(=O)O)c(Oc3ccc(C(F)(F)F)cc3)c3ccccc32)c1,6.920818753952375,1,IC50,PPARG,CHEMBL235
CC(C)c1cccc(-n2c(C(=O)O)c(Oc3cccc(C(F)(F)F)c3)c3ccccc32)c1,7.221848749616356,1,IC50,PPARG,CHEMBL235
CC(C)c1cccc(-n2c(C(=O)O)c(Oc3cccc(O)c3)c3ccccc32)c1,6.991399828238082,1,IC50,PPARG,CHEMBL235
CC(C)c1cccc(Oc2c(C(=O)O)n(-c3ccc(C(C)(C)C)cc3)c3cc(Cl)ccc23)c1,7.721246399047171,1,IC50,PPARG,CHEMBL235
CC(C)c1ccccc1-c1ccc(O[C@@H](Cc2ccccc2)C(=O)O)cc1,6.0,1,EC50,PPARG,CHEMBL235
CC(C)n1ccc2cc(C(=O)NCc3ccc(CS(=O)(=O)C4CC4)cc3C(F)(F)F)ccc21,6.309803919971486,1,EC50,PPARG,CHEMBL235
CC(COc1ccc(C[C@H](Nc2ccccc2C(=O)c2ccccc2)C(=O)O)cc1)Cc1ccccc1,6.270001452716578,1,Ki,PPARG,CHEMBL235
CC(Cc1ccc(C(=O)NCc2ccccc2C(F)(F)F)cc1)C(=O)O,5.522878745280337,1,EC50,PPARG,CHEMBL235
CC(Cc1ccc(OCCN(C)c2nc3ccccc3o2)cc1)C(=O)O,5.823908740944319,1,Ki,PPARG,CHEMBL235
CC(Cc1ccccc1)(Oc1ccc(Cl)cc1)C(=O)O,5.4089353929735005,1,IC50,PPARG,CHEMBL235
CC(NC(=O)c1ccc2c(ccn2Cc2ccc(F)cc2F)c1)c1cccc2ccccc12,7.309803919971486,1,IC50,PPARG,CHEMBL235
CC(O)c1ccc(CCOc2ccc(CC3SC(=O)NC3=O)cc2)nc1,5.707640768379709,5,"Ki,EC50,IC50",PPARG,CHEMBL235
CC(OC(=O)Cc1cccc(SCc2ccccc2C(=O)O)c1)c1ccc(C(F)(F)F)cc1,5.455931955649724,1,EC50,PPARG,CHEMBL235
CC(Oc1ccc(-c2cccc3ccccc23)cc1)(C(=O)O)c1ccccc1,5.366531544420413,2,EC50,PPARG,CHEMBL235
CC(Oc1ccc(Cc2ccc(OCc3coc(-c4ccccc4)n3)cc2)cc1)C(=O)O,6.537602002101044,1,EC50,PPARG,CHEMBL235
CC(SCc1ccccc1)C(NC(=O)c1ccccc1)C(=O)O,5.173925197299173,1,EC50,PPARG,CHEMBL235
CC(c1cccc(F)c1)n1ccc2cc(C(=O)NCc3ccc(CS(C)(=O)=O)cc3C(F)(F)F)ccc21,5.872895201635192,1,EC50,PPARG,CHEMBL235
CC/C(=C\c1cc(OCc2ccc3nc(C(F)(F)F)cc(OC)c3c2)ccc1OCc1ccc(F)cc1)C(=O)O,5.2441251443275085,1,IC50,PPARG,CHEMBL235
CC/C(=C\c1ccc(C(=O)NCc2ccccc2C(F)(F)F)cc1)C(=O)O,5.657577319177793,1,EC50,PPARG,CHEMBL235
CC/C(=N\OCCOc1ccc(CC2SC(=O)NC2=O)cc1)c1ccc(-c2ccccc2)cc1,5.795880017344075,1,EC50,PPARG,CHEMBL235
CC/C=C/C(=O)N(C)CCOc1ccc(CC2SC(=O)NC2=O)cc1,5.920818753952375,1,Ki,PPARG,CHEMBL235
CC/C=C\C/C=C\C/C=C\C/C=C\C/C=C\CCCC(=O)O,5.795880017344075,1,IC50,PPARG,CHEMBL235
CC/C=C\C/C=C\C/C=C\CCCCCCCC(=O)O,5.221848749616356,1,IC50,PPARG,CHEMBL235
CC1(C(=O)O)CCc2ccc(OCCCOc3ccc(Oc4ccccc4)cc3Cl)cc2O1,6.148784731777237,2,"EC50,IC50",PPARG,CHEMBL235
CC1(C)C=Cc2cc3c(cc2O1)C[C@H](c1ccc(O)c(O)c1)CC3=O,5.236572006437063,1,Ki,PPARG,CHEMBL235
CC1(C)C=Cc2cc3c(cc2O1)C[C@H](c1ccc(O)cc1)CC3=O,5.309803919971486,1,Ki,PPARG,CHEMBL235
CC1(C)CCC(C)(C)c2cc(OCCOc3ccc(CC(C(=O)O)C(=O)O)cc3)ccc21,5.688246138944246,1,EC50,PPARG,CHEMBL235
CC1(C)CCC(c2ccc(OCCCOc3ccc4c(c3)O[C@@](C)(C(=O)O)CC4)c(Cl)c2)CC1,5.1938200260161125,1,IC50,PPARG,CHEMBL235
CC1(CC/C=N/Nc2nc3ccccc3s2)CCc2cc(OCc3ccc(F)cc3)ccc2O1,5.485452247339714,1,EC50,PPARG,CHEMBL235
CC1(CC/C=N/Nc2ncc(Cl)cc2C(F)(F)F)CCc2cc(OCc3ccc(F)cc3)ccc2O1,5.2564902352715706,1,EC50,PPARG,CHEMBL235
CC1(COc2ccc(CC3SC(=O)NC3=O)cc2)CCCCC1,5.516439051694693,2,"Ki,EC50",PPARG,CHEMBL235
CC1(COc2ccc(C[C@H](Nc3ccccc3C(=O)c3ccccc3)C(=O)O)cc2)CCCCC1,7.289967300934246,1,Ki,PPARG,CHEMBL235
CC1=C(C(=O)O)C(c2ccc(OCCCOc3cc(C)nc4ccccc34)cc2)NC(=O)N1,6.1249387366083,1,IC50,PPARG,CHEMBL235
CC1=C(C(=O)O)C(c2ccc(OCCCOc3cccc4[nH]c5ccccc5c34)cc2)NC(=O)N1,6.045757490560675,1,IC50,PPARG,CHEMBL235
CC1=C(C(=O)O)C(c2ccc(OCCCn3ccc4cccnc43)cc2)NC(=O)N1,6.1249387366083,1,IC50,PPARG,CHEMBL235
CC1=C(C(=O)O)C(c2ccc(OCCOc3cc(C)nc4ccccc34)cc2)NC(=O)N1,6.119186407719209,1,IC50,PPARG,CHEMBL235
CC1=C(C(=O)O)C(c2ccc(OCCOc3ccc(C(=O)c4ccc(Cl)cc4)cc3)cc2)NC(=O)N1,6.031517051446064,1,IC50,PPARG,CHEMBL235
CC1=C(C(=O)O)C(c2ccc(OCCOc3cccc4[nH]c5ccccc5c34)cc2)NC(=O)N1,6.0,1,IC50,PPARG,CHEMBL235
CC1=C(C(=O)O)C(c2ccc(OCCOc3cccc4ccc(C)nc34)cc2)NC(=O)N1,6.221848749616356,1,IC50,PPARG,CHEMBL235
CC1=C(C(=O)O)C(c2ccc(OCCn3c4ccccc4c4ccccc43)cc2)NC(=O)N1,6.045757490560675,1,IC50,PPARG,CHEMBL235
CC1=C(C(=O)O)C(c2ccc(OCCn3ccc4cccnc43)cc2)NC(=O)N1,6.0,1,IC50,PPARG,CHEMBL235
CC1=C(CC(=O)O)c2cc(F)ccc2/C1=C/c1cccc(C)c1,5.279840696594043,1,EC50,PPARG,CHEMBL235
CC1=C(CC(=O)O)c2cc(F)ccc2/C1=C\c1ccc(F)cc1,4.933301449577005,1,EC50,PPARG,CHEMBL235
CC1=C(CC(=O)O)c2cc(F)ccc2/C1=C\c1ccc([S+](C)[O-])cc1,4.644931793651149,1,EC50,PPARG,CHEMBL235
CC1=C(CC(=O)O)c2cc(F)ccc2/C1=C\c1cccc(Br)c1,5.336299074610352,1,EC50,PPARG,CHEMBL235
CC1=C(CC(=O)O)c2cc(F)ccc2/C1=C\c1cccc(C(C)C)c1,5.193141970481182,1,EC50,PPARG,CHEMBL235
CC1=C(CC(=O)O)c2cc(F)ccc2/C1=C\c1cccc(C)c1,4.92009553233328,1,EC50,PPARG,CHEMBL235
CC1=C(CC(=O)O)c2cc(F)ccc2/C1=C\c1cccc(Cl)c1,5.7594507517174005,1,EC50,PPARG,CHEMBL235
CC1=C(CC(=O)O)c2cc(F)ccc2/C1=C\c1cccc(F)c1,5.735182176990463,1,EC50,PPARG,CHEMBL235
CC1=C(CC(=O)O)c2cc(F)ccc2/C1=C\c1cccc(O)c1,5.201349354554731,1,EC50,PPARG,CHEMBL235
CC1=C(CC(=O)O)c2cc(F)ccc2/C1=C\c1cccc(OCc2ccccc2)c1,6.031517051446064,1,EC50,PPARG,CHEMBL235
CC1=C(CC(=O)O)c2cc(F)ccc2/C1=C\c1cccc(Oc2ccccc2)c1,5.928854709548917,1,EC50,PPARG,CHEMBL235
CC1=C(CC(=O)O)c2cc(F)ccc2/C1=C\c1ccccc1,5.555955204081924,1,EC50,PPARG,CHEMBL235
CC1CCC(NC(=O)NS(=O)(=O)c2ccc(CCNS(=O)(=O)c3ccc(Br)cc3)cc2)CC1,5.795880017344075,1,IC50,PPARG,CHEMBL235
CC1CCC(NC(=O)NS(=O)(=O)c2ccc(CCNS(=O)(=O)c3ccccc3)cc2)CC1,5.468521082957745,1,IC50,PPARG,CHEMBL235
CC1CN(c2nc3ccc(Cl)cc3s2)CCC1CCOc1cc(CC(=O)O)ccc1Cl,5.853871964321762,1,EC50,PPARG,CHEMBL235
CC=C/C=C\CC/C=C/C=C/C(=O)NCC(C)C,4.281498311132726,1,EC50,PPARG,CHEMBL235
CCC#CCOc1cc(COC2CCCC2)ccc1Sc1ccc(OCC(=O)O)c2c1CCCC2,6.710108201691595,2,"Ki,EC50",PPARG,CHEMBL235
CCC#CCOc1cc(COC2CCOCC2)ccc1Sc1ccc(OCC(=O)O)c2c1CCCC2,6.261439372640169,2,"Ki,EC50",PPARG,CHEMBL235
CCC#CCOc1cc(COCC2CC2)ccc1Sc1ccc(OCC(=O)O)c2c1CCCC2,6.6837713539076375,2,"Ki,EC50",PPARG,CHEMBL235
CCC#CCOc1cc(COc2ccc(C(F)(F)F)cc2)ccc1Sc1ccc(OCC(=O)O)c2c1CCCC2,7.1386830387330935,2,"Ki,EC50",PPARG,CHEMBL235
CCC#CCOc1cc(COc2ccc(C(F)(F)F)cn2)ccc1Sc1ccc(OCC(=O)O)c2c1CCCC2,6.692762316954802,2,"Ki,EC50",PPARG,CHEMBL235
CCC#CCOc1cc(COc2ccc(Cl)cc2)ccc1Sc1ccc(OCC(=O)O)c2c1CCCC2,6.83037368298365,2,"Ki,EC50",PPARG,CHEMBL235
CCC#CCOc1cc(COc2ccc(Cl)cc2C)ccc1Sc1ccc(OCC(=O)O)c2c1CCCC2,6.519289452966776,2,"Ki,EC50",PPARG,CHEMBL235
CCC#CCOc1cc(COc2cccc(C(F)(F)F)c2)ccc1Sc1ccc(OCC(=O)O)c2c1CCCC2,7.022878745280337,2,"Ki,EC50",PPARG,CHEMBL235
CCC#CCOc1cc(COc2ccccc2C(F)(F)F)ccc1Sc1ccc(OCC(=O)O)c2c1CCCC2,6.058169282423191,2,"Ki,EC50",PPARG,CHEMBL235
CCC(C(=O)Nc1ccc2c(c1)c(C)c(C)n2Cc1ccc(-c2ccccc2C(=O)O)cc1)c1ccccc1,6.241088107602026,1,IC50,PPARG,CHEMBL235
CCC(C(=O)O)C1CCc2cc(OCCc3coc(-c4ccccc4)n3)ccc21,6.514278573518419,1,EC50,PPARG,CHEMBL235
CCC(C(=O)O)C1CCc2cc(OCCc3nc(-c4c(F)cccc4F)oc3C)ccc21,6.434152181326482,1,EC50,PPARG,CHEMBL235
CCC(C(=O)O)C1CCc2cc(OCCc3nc(-c4cc(C(F)(F)F)cc(C(F)(F)F)c4)oc3C)ccc21,6.607303046740334,1,EC50,PPARG,CHEMBL235
CCC(C(=O)O)C1CCc2cc(OCCc3nc(-c4cc(C)on4)oc3C)ccc21,6.118045028660399,1,EC50,PPARG,CHEMBL235
CCC(C(=O)O)C1CCc2cc(OCCc3nc(-c4cc5ccccc5s4)oc3C)ccc21,7.431798275933005,1,EC50,PPARG,CHEMBL235
CCC(C(=O)O)C1CCc2cc(OCCc3nc(-c4ccc(-c5ccccc5)cc4)oc3C)ccc21,7.366531544420414,1,EC50,PPARG,CHEMBL235
CCC(C(=O)O)C1CCc2cc(OCCc3nc(-c4ccc(C(C)(C)C)cc4)oc3C)ccc21,7.721246399047171,1,EC50,PPARG,CHEMBL235
CCC(C(=O)O)C1CCc2cc(OCCc3nc(-c4ccc(C(C)C)cc4)oc3C)ccc21,7.657577319177793,1,EC50,PPARG,CHEMBL235
CCC(C(=O)O)C1CCc2cc(OCCc3nc(-c4ccc(C(F)(F)F)cc4)oc3C)ccc21,6.688246138944246,1,EC50,PPARG,CHEMBL235
CCC(C(=O)O)C1CCc2cc(OCCc3nc(-c4ccc(C)c(C)c4)oc3C)ccc21,7.494850021680094,1,EC50,PPARG,CHEMBL235
CCC(C(=O)O)C1CCc2cc(OCCc3nc(-c4ccc(C)c(F)c4)oc3C)ccc21,7.366531544420414,1,EC50,PPARG,CHEMBL235
CCC(C(=O)O)C1CCc2cc(OCCc3nc(-c4ccc(C)cc4)oc3C)ccc21,7.346787486224656,1,EC50,PPARG,CHEMBL235
CCC(C(=O)O)C1CCc2cc(OCCc3nc(-c4ccc(Cl)c(Cl)c4)oc3C)ccc21,6.954800425372269,2,EC50,PPARG,CHEMBL235
CCC(C(=O)O)C1CCc2cc(OCCc3nc(-c4ccc(Cl)cc4)oc3C)ccc21,6.686132779630847,1,EC50,PPARG,CHEMBL235
CCC(C(=O)O)C1CCc2cc(OCCc3nc(-c4ccc(Cl)cc4Cl)oc3C)ccc21,6.131943638176958,1,EC50,PPARG,CHEMBL235
CCC(C(=O)O)C1CCc2cc(OCCc3nc(-c4ccc(F)c(C)c4)oc3C)ccc21,7.113509274827518,1,EC50,PPARG,CHEMBL235
CCC(C(=O)O)C1CCc2cc(OCCc3nc(-c4ccc(F)cc4)oc3C)ccc21,7.020813633760696,2,EC50,PPARG,CHEMBL235
CCC(C(=O)O)C1CCc2cc(OCCc3nc(-c4ccc(OC)c(OC)c4)oc3C)ccc21,7.075720713938118,1,EC50,PPARG,CHEMBL235
CCC(C(=O)O)C1CCc2cc(OCCc3nc(-c4ccc(OC)cc4)oc3C)ccc21,7.376750709602099,1,EC50,PPARG,CHEMBL235
CCC(C(=O)O)C1CCc2cc(OCCc3nc(-c4ccc5c(c4)OCC5)oc3C)ccc21,8.221848749616356,1,EC50,PPARG,CHEMBL235
CCC(C(=O)O)C1CCc2cc(OCCc3nc(-c4ccc5c(c4)OCO5)oc3C)ccc21,7.853871964321762,1,EC50,PPARG,CHEMBL235
CCC(C(=O)O)C1CCc2cc(OCCc3nc(-c4ccc5ccccc5c4)oc3C)ccc21,7.795880017344075,1,EC50,PPARG,CHEMBL235
CCC(C(=O)O)C1CCc2cc(OCCc3nc(-c4cccc(C(F)(F)F)c4)oc3C)ccc21,7.6777807052660805,1,EC50,PPARG,CHEMBL235
CCC(C(=O)O)C1CCc2cc(OCCc3nc(-c4cccc(C)c4)oc3C)ccc21,7.468521082957745,1,EC50,PPARG,CHEMBL235
CCC(C(=O)O)C1CCc2cc(OCCc3nc(-c4cccc(F)c4)oc3C)ccc21,7.214670164989233,1,EC50,PPARG,CHEMBL235
CCC(C(=O)O)C1CCc2cc(OCCc3nc(-c4cccc(OC)c4)oc3C)ccc21,9.0,1,EC50,PPARG,CHEMBL235
CCC(C(=O)O)C1CCc2cc(OCCc3nc(-c4cccc5ccccc45)oc3C)ccc21,6.94692155651658,1,EC50,PPARG,CHEMBL235
CCC(C(=O)O)C1CCc2cc(OCCc3nc(-c4ccccc4)oc3-c3ccccc3)ccc21,6.209714835966759,1,EC50,PPARG,CHEMBL235
CCC(C(=O)O)C1CCc2cc(OCCc3nc(-c4ccccc4)oc3C(C)C)ccc21,6.459670525209127,1,EC50,PPARG,CHEMBL235
CCC(C(=O)O)C1CCc2cc(OCCc3nc(-c4ccccc4)oc3C)c(-c3ccc(Cl)cc3)cc21,6.774690718274137,1,EC50,PPARG,CHEMBL235
CCC(C(=O)O)C1CCc2cc(OCCc3nc(-c4ccccc4)oc3C)c(-c3ccc(OC)cc3)cc21,6.906578314837764,1,EC50,PPARG,CHEMBL235
CCC(C(=O)O)C1CCc2cc(OCCc3nc(-c4ccccc4)oc3C)c(-c3ccccc3)cc21,6.537602002101044,1,EC50,PPARG,CHEMBL235
CCC(C(=O)O)C1CCc2cc(OCCc3nc(-c4ccccc4)oc3C)c(Cl)cc21,6.531652669587842,1,EC50,PPARG,CHEMBL235
CCC(C(=O)O)C1CCc2cc(OCCc3nc(-c4ccccc4)oc3C)ccc21,7.376750709602099,1,EC50,PPARG,CHEMBL235
CCC(C(=O)O)C1CCc2cc(OCCc3nc(-c4ccccc4)sc3C)ccc21,7.070581074285707,1,EC50,PPARG,CHEMBL235
CCC(C(=O)O)C1CCc2cc(OCCc3nc(-c4ccccc4C)oc3C)ccc21,6.815308569182401,1,EC50,PPARG,CHEMBL235
CCC(C(=O)O)C1CCc2cc(OCCc3nc(-c4ccccc4F)oc3C)ccc21,7.309803919971486,1,EC50,PPARG,CHEMBL235
CCC(C(=O)O)C1CCc2cc(OCCc3nc(-c4ccco4)oc3C)ccc21,6.402304814074488,1,EC50,PPARG,CHEMBL235
CCC(C(=O)O)C1CCc2cc(OCCc3nc(C4CCCC4)oc3C)ccc21,6.673664139071249,1,EC50,PPARG,CHEMBL235
CCC(C(=O)O)C1CCc2cc(OCCc3nc(C4CCCCC4)oc3C)ccc21,6.866461091629782,1,EC50,PPARG,CHEMBL235
CCC(C(=O)O)C1CCc2cc(OCCc3nc(COc4ccc(Cl)cc4)oc3C)ccc21,6.982966660701219,1,EC50,PPARG,CHEMBL235
CCC(C(=O)O)C1CCc2cc(OCCc3nc(COc4ccccc4)oc3C)ccc21,7.346787486224656,1,EC50,PPARG,CHEMBL235
CCC(C(=O)O)C1CCc2cc(OCCc3nc(Cc4ccc(F)cc4)oc3C)ccc21,6.281498311132726,1,EC50,PPARG,CHEMBL235
CCC(C(=O)O)C1CCc2cc(OCCc3nc(Cc4ccccc4)oc3C)ccc21,6.481486060122112,1,EC50,PPARG,CHEMBL235
CCC(C(=O)O)C1CCc2cc(OCCn3nc(-c4ccccc4)cc3C)ccc21,6.707743928643524,1,EC50,PPARG,CHEMBL235
CCC(C(=O)O)C1CCc2cc(OCc3nc(-c4ccccc4)oc3C)ccc21,6.199282921717614,1,EC50,PPARG,CHEMBL235
CCC(C)(C)c1ccc(OCCCOc2ccc3c(c2)O[C@@](C)(C(=O)O)CC3)c(Cl)c1,4.823908740944319,1,IC50,PPARG,CHEMBL235
CCC(C)(Cc1ccc(OCCCOc2ccc(Oc3ccc(F)cc3)cc2Cl)cc1)C(=O)O,5.906578314837764,1,IC50,PPARG,CHEMBL235
CCC(C)(Oc1ccc(-c2cccc3ccccc23)cc1)C(=O)O,5.3448615651886175,1,EC50,PPARG,CHEMBL235
CCC(C)C(=O)O[C@@H](C[C@@]1(C)[C@H](C)C[C@H](O)[C@]2(C)[C@@H]1CCC[C@H]2C(=O)OC)C1=CC(=O)OC1,4.886056647693163,1,IC50,PPARG,CHEMBL235
CCC(C)C(=O)O[C@@H](C[C@@]1(C)[C@H](C)C[C@H](OC(C)=O)[C@]2(COC(C)=O)[C@@H]1CCC[C@]21CO1)C1=CC(=O)OC1,4.913640169325252,1,IC50,PPARG,CHEMBL235
CCC(C)C1(CCOc2cc(Cl)cc(CC(=O)O)c2)CCN(c2nc3ccc(Cl)cc3s2)CC1,6.638272163982407,1,EC50,PPARG,CHEMBL235
CCC(Cc1ccc(C(=O)NCc2ccc(C(F)(F)F)cc2)cc1)C(=O)O,5.200659450546418,1,EC50,PPARG,CHEMBL235
CCC(Cc1ccc(C(=O)NCc2ccc(Cl)cc2)cc1)C(=O)O,5.3979400086720375,1,EC50,PPARG,CHEMBL235
CCC(Cc1ccc(C(=O)NCc2ccc(F)cc2C(F)(F)F)cc1)C(=O)O,6.221848749616356,1,EC50,PPARG,CHEMBL235
CCC(Cc1ccc(C(=O)NCc2ccc(OC(F)(F)F)cc2)cc1)C(=O)O,5.698970004336019,1,EC50,PPARG,CHEMBL235
CCC(Cc1ccc(C(=O)NCc2ccc(OC)cc2)cc1)C(=O)O,5.154901959985743,1,EC50,PPARG,CHEMBL235
CCC(Cc1ccc(C(=O)NCc2ccc(OC)cc2C(F)(F)F)cc1)C(=O)O,6.465907069126919,2,EC50,PPARG,CHEMBL235
CCC(Cc1ccc(C(=O)NCc2ccc(Oc3ccccc3)cc2)cc1)C(=O)O,6.522878745280337,1,EC50,PPARG,CHEMBL235
CCC(Cc1ccc(C(=O)NCc2ccccc2)cc1)C(=O)O,4.8696662315049934,1,EC50,PPARG,CHEMBL235
CCC(Cc1ccc(C(=O)NCc2ccccc2C(F)(F)F)cc1)C(=O)O,5.318758762624412,1,EC50,PPARG,CHEMBL235
CCC(Cc1ccc(C(=O)NCc2ccccc2C)cc1)C(=O)O,5.3979400086720375,1,EC50,PPARG,CHEMBL235
CCC(Cc1ccc(C(=O)NCc2ccccc2OC(F)(F)F)cc1)C(=O)O,5.096910013008056,1,EC50,PPARG,CHEMBL235
CCC(Cc1ccc(OC)c(C(=O)NCc2ccc(C(F)(F)F)cc2)c1)C(=O)O,6.3979400086720375,1,EC50,PPARG,CHEMBL235
CCC(Cc1ccc(OC)c(CNC(=O)c2ccc(C(F)(F)F)cc2)c1)C(=O)O,5.585026652029182,1,EC50,PPARG,CHEMBL235
CCC(Cc1ccc(OC)c(CNC(=O)c2ccc(C(F)(F)F)cc2F)c1)C(=O)O,5.657577319177793,1,EC50,PPARG,CHEMBL235
CCC(Cc1ccc(OCCc2nc(-c3ccccc3)oc2C)cc1)(Oc1ccccc1)C(=O)O,6.54515513999149,1,EC50,PPARG,CHEMBL235
CCC(Cc1ccc(OCCc2nc(-c3ccccc3)oc2C)nc1)C(=O)O,5.958607314841775,1,Ki,PPARG,CHEMBL235
CCC(Cc1ccc(OCc2ccccc2)c(CNC(=O)c2ccc(C(F)(F)F)cc2)c1)C(=O)O,5.207608310501746,1,EC50,PPARG,CHEMBL235
CCC(Cc1cccc(C(=O)NCc2ccccc2C(F)(F)F)c1)C(=O)O,5.1938200260161125,1,EC50,PPARG,CHEMBL235
CCC(NC(=O)c1ccc2c(c1)c(C)c(C)n2Cc1ccc(-c2ccccc2-c2nnn[nH]2)cc1)c1ccccc1,8.221848749616356,1,IC50,PPARG,CHEMBL235
CCC(NC(=O)c1ccc2c(c1)c(C)c(C)n2Cc1ccc(-c2ccccc2C#N)cc1)c1ccccc1,9.267606240177031,1,IC50,PPARG,CHEMBL235
CCC(NC(=O)c1ccc2c(c1)c(C)c(C)n2Cc1ccc(-c2ccccc2C(=O)O)cc1)c1ccccc1,8.627918737410571,4,"EC50,IC50",PPARG,CHEMBL235
CCC(NC(=O)c1ccc2c(c1)c(C)c(C)n2Cc1ccc(Cl)cc1)c1ccccc1,7.537602002101044,1,IC50,PPARG,CHEMBL235
CCC(NC(=O)c1ccc2c(c1)c(C)c(C)n2Cc1ccccc1-c1cccc(C(=O)O)c1)c1ccccc1,7.00436480540245,1,IC50,PPARG,CHEMBL235
CCC(NC(=O)c1ccc2c(c1)c(C)cn2Cc1ccc(-c2ccccc2C(=O)O)cc1)c1ccccc1,8.698970004336019,1,IC50,PPARG,CHEMBL235
CCC(NC(=O)c1ccc2c(c1)c(SC)c(C)n2Cc1ccc(-c2ccccc2C(=O)O)cc1)c1ccccc1,7.920818753952375,1,IC50,PPARG,CHEMBL235
CCC(NC(=O)c1ccc2c(c1)cc(C)n2Cc1ccc(-c2ccccc2C(=O)O)cc1)c1ccccc1,8.221848749616356,2,IC50,PPARG,CHEMBL235
CCC(NC(=O)c1ccc2c(ccn2C(=O)c2cccc(F)c2F)c1)c1ccccc1,6.249491605148654,1,IC50,PPARG,CHEMBL235
CCC(NC(=O)c1ccc2c(ccn2C(=O)c2ccccc2)c1)c1ccccc1,6.0,1,IC50,PPARG,CHEMBL235
CCC(NC(=O)c1ccc2c(ccn2Cc2ccc(-c3ccccc3C(=O)O)cc2)c1)c1ccccc1,8.221848749616356,1,IC50,PPARG,CHEMBL235
CCC(NC(=O)c1ccc2c(ccn2Cc2ccc(Cl)nc2)c1)c1ccccc1,8.522878745280337,1,IC50,PPARG,CHEMBL235
CCC(NC(=O)c1ccc2c(ccn2Cc2ccc(F)cc2F)c1)c1ccccc1,9.0,2,IC50,PPARG,CHEMBL235
CCC(NC(=O)c1ccc2c(ccn2Cc2cccc(-c3ccc(C(=O)O)cc3)c2)c1)c1ccccc1,8.698970004336019,1,IC50,PPARG,CHEMBL235
CCC(NC(=O)c1ccc2c(ccn2Cc2cccc(-c3ccccc3C(=O)O)c2)c1)c1ccccc1,8.221848749616356,1,IC50,PPARG,CHEMBL235
CCC(NC(=O)c1ccc2c(ccn2Cc2ccccc2-c2ccc(C(=O)O)cc2)c1)c1ccccc1,8.0,1,IC50,PPARG,CHEMBL235
CCC(NC(=O)c1ccc2c(ccn2Cc2ccccc2-c2cccc(C(=O)O)c2)c1)c1ccccc1,8.397940008672037,1,IC50,PPARG,CHEMBL235
CCC(NC(=O)c1ccc2c(ccn2S(=O)(=O)c2ccc(C)cc2)c1)c1ccccc1,7.008773924307505,1,IC50,PPARG,CHEMBL235
CCC(NC(=O)c1ccc2c(ccn2S(=O)(=O)c2cccc3ccccc23)c1)c1ccccc1,8.154901959985743,1,IC50,PPARG,CHEMBL235
CCC(NC(=O)c1ccc2cc(C)n(Cc3ccc(-c4ccccc4C(=O)O)cc3)c2c1)c1ccccc1,6.493494967595128,1,IC50,PPARG,CHEMBL235
CCC(OC(=O)N(Cc1ccccc1)C(=O)Nc1cc(OC)cc(OC)c1)c1cc(-c2ccc(OC(C)(C)C(=O)O)cc2)no1,8.481486060122112,1,EC50,PPARG,CHEMBL235
CCC(Oc1ccc(-c2cccc3ccccc23)cc1)C(=O)O,5.0,1,EC50,PPARG,CHEMBL235
CCC(Oc1cccc(Cc2c(C)n(C(=O)c3ccc(OC)cc3)c3ccc(OC(F)(F)F)cc23)c1)C(=O)O,8.522878745280337,1,IC50,PPARG,CHEMBL235
CCC(Oc1ccccc1Cc1c(C)n(C(=O)c2ccc(OC)cc2)c2ccc(OC(F)(F)F)cc12)C(=O)O,8.522878745280337,1,IC50,PPARG,CHEMBL235
CCC(Sc1nc(Cl)cc(Nc2cccc(C)c2C)n1)C(=O)O,4.920818753952375,1,EC50,PPARG,CHEMBL235
CCC(Sc1nc(Cl)cc(Nc2nc(-c3ccc(Cl)cc3)cs2)n1)C(=O)O,5.4089353929735005,1,EC50,PPARG,CHEMBL235
CCC/C(=C\c1cc(OCc2ccc3[nH]c(=O)ccc3c2)ccc1OCc1ccc(F)cc1)C(=O)O,5.214670164989233,1,IC50,PPARG,CHEMBL235
CCC/C(=C\c1cc(OCc2ccc3c(ccc[n+]3[O-])c2)ccc1OCc1ccc(F)cc1)C(=O)O,5.214670164989233,1,IC50,PPARG,CHEMBL235
CCC/C(=C\c1cc(OCc2ccc3ccccc3c2)ccc1OCc1ccc(F)cc1)C(=O)O,4.801342913045578,1,IC50,PPARG,CHEMBL235
CCC/C(=C\c1cc(OCc2ccc3ccccc3n2)ccc1OCc1ccc(F)cc1)C(=O)O,4.882728704344236,1,IC50,PPARG,CHEMBL235
CCC/C(=C\c1cc(OCc2ccc3cccnc3c2)ccc1OCc1ccc(F)cc1)C(=O)O,4.621602099051862,1,IC50,PPARG,CHEMBL235
CCC/C(=C\c1cc(OCc2ccc3nc(C(F)(F)F)cc(OC)c3c2)ccc1NC(=O)c1ccc(F)cc1)C(=O)O,5.022276394711152,1,IC50,PPARG,CHEMBL235
CCC/C(=C\c1cc(OCc2ccc3nc(C(F)(F)F)cc(OC)c3c2)ccc1OCC1CCN(C)CC1)C(=O)O,5.6020599913279625,1,IC50,PPARG,CHEMBL235
CCC/C(=C\c1cc(OCc2ccc3nc(C(F)(F)F)cc(OC)c3c2)ccc1OCCN1CCN(C)CC1)C(=O)O,5.260861084040197,2,IC50,PPARG,CHEMBL235
CCC/C(=C\c1cc(OCc2ccc3nc(C(F)(F)F)cc(OC)c3c2)ccc1OCCN1CCNCC1)C(=O)O,5.017728766960431,1,IC50,PPARG,CHEMBL235
CCC/C(=C\c1cc(OCc2ccc3nc(C(F)(F)F)cc(OC)c3c2)ccc1OCc1ccc(F)cc1)C(=O)O,5.494850021680094,1,IC50,PPARG,CHEMBL235
CCC/C(=C\c1cc(OCc2ccc3nc(C(F)(F)F)cc(OC)c3c2)ccc1OCc1cccc(F)c1)C(=O)O,5.4089353929735005,1,IC50,PPARG,CHEMBL235
CCC/C(=C\c1cc(OCc2ccc3nc(C(F)(F)F)cc(OC)c3c2)ccc1OCc1ccccc1)C(=O)O,5.142667503568731,1,IC50,PPARG,CHEMBL235
CCC/C(=C\c1cc(OCc2ccc3nc(C(F)(F)F)cc(OC)c3c2)ccc1OCc1ccccc1F)C(=O)O,5.455931955649724,1,IC50,PPARG,CHEMBL235
CCC/C(=C\c1cc(OCc2ccc3nc(C(F)(F)F)cc(OC)c3c2)ccc1OCc1ccncc1)C(=O)O,5.327902142064282,1,IC50,PPARG,CHEMBL235
CCC/C(=C\c1cc(OCc2ccc3nc(C)ccc3c2)ccc1OCc1ccc(F)cc1)C(=O)O,5.376750709602099,1,IC50,PPARG,CHEMBL235
CCC/C(=C\c1cc(OCc2ccc3ncccc3c2)ccc1OCC1CCN(C)CC1)C(=O)O,4.82102305270683,1,IC50,PPARG,CHEMBL235
CCC/C(=C\c1cc(OCc2ccc3ncccc3c2)ccc1OCc1ccc(F)cc1)C(=O)O,5.301029995663981,1,IC50,PPARG,CHEMBL235
CCC/C=C1/C(=O)O[C@@H](C)[C@@H]1O,4.6890692654453865,2,"Ki,EC50",PPARG,CHEMBL235
CCC/C=C1/C(=O)O[C@@H](C)[C@H]1O,4.596193389452577,1,EC50,PPARG,CHEMBL235
CCC1(C(=O)O)CCc2ccc(OCCCOc3ccc(Oc4ccccc4)cc3)cc2O1,5.0,1,EC50,PPARG,CHEMBL235
CCC1(C(=O)O)CCc2ccc(OCCCOc3ccc(Oc4ccccc4)cc3Cl)cc2O1,6.47851546330341,2,"EC50,IC50",PPARG,CHEMBL235
CCC1(C(=O)O)CCc2ccc(OCCCOc3ccc(Oc4ccccc4)cc3F)cc2O1,5.663951071032141,2,"EC50,IC50",PPARG,CHEMBL235
CCC1(C(=O)O)Cc2cc(OCCCOc3ccc(C(C)(C)C)cc3Cl)ccc2O1,5.363512103646634,1,IC50,PPARG,CHEMBL235
CCC1(C(=O)O)Cc2cc(OCCCOc3ccc(CC(C)(C)C)cc3Cl)ccc2O1,5.251811972993799,1,IC50,PPARG,CHEMBL235
CCC1(C(=O)O)Cc2cc(OCCCOc3ccc(SC(F)(F)F)cc3Cl)ccc2O1,5.169411331314856,1,IC50,PPARG,CHEMBL235
CCC1(C(=O)O)Cc2ccc(OCCCOc3ccc(OC(F)(F)F)cc3Cl)cc2O1,5.492144128304169,1,IC50,PPARG,CHEMBL235
CCC1(CCOc2cc(CC(=O)O)ccc2Cl)CCN(c2nc3ccc(Cl)cc3s2)CC1,6.113509274827518,1,EC50,PPARG,CHEMBL235
CCC1=C[C@@](CC)(C[C@H](/C=C/C(C)=O)CC)O/C1=C\C(=O)OC,5.301029995663981,1,EC50,PPARG,CHEMBL235
CCC1=C[C@@](CC)(C[C@H](/C=C/C(C)=O)CC)OC1=O,5.698970004336019,1,EC50,PPARG,CHEMBL235
CCC1=C[C@@](CC)(C[C@H](/C=C/[C@H](C)O)CC)O/C1=C\C(=O)OC,5.0,1,EC50,PPARG,CHEMBL235
CCCC(=O)NC[C@H](Cc1ccc(OCCc2nc(-c3ccccc3)oc2C)cc1)Nc1ccccc1C(=O)c1ccccc1,6.286659800065997,3,"Ki,EC50,IC50",PPARG,CHEMBL235
CCCC(C(=O)O)C1CCc2cc(OCCc3nc(-c4ccccc4)oc3C)ccc21,7.2839966563652006,1,EC50,PPARG,CHEMBL235
CCCC(CCOc1ccc(CCC(=O)O)c(C)c1)Oc1ccc(CC)cc1C(=O)c1ccccc1,6.379863945026242,1,IC50,PPARG,CHEMBL235
CCCC(Cc1ccc(C(=O)NCc2ccccc2C(F)(F)F)cc1)C(=O)O,5.823908740944319,1,EC50,PPARG,CHEMBL235
CCCC(Cc1ccc(C(=O)NCc2ccccc2C(F)(F)F)cc1)C(=O)OCC,6.045757490560675,1,EC50,PPARG,CHEMBL235
CCCC(Cc1ccc(OC)c(CNC(=O)c2ccc(C(F)(F)F)cc2)c1)C(=O)O,5.443697499232712,1,EC50,PPARG,CHEMBL235
CCCC(Cc1ccc(OC)c(CNC(=O)c2ccc(C(F)(F)F)cc2F)c1)C(=O)O,5.823908740944319,1,EC50,PPARG,CHEMBL235
CCCC(Cc1ccc(OCCc2nc(-c3ccccc3)oc2C)nc1)C(=O)O,6.619788758288394,1,Ki,PPARG,CHEMBL235
CCCC(Oc1cccc(Cc2c(C)n(C(=O)c3ccc(OC)cc3)c3ccc(OC(F)(F)F)cc23)c1)C(=O)O,8.397940008672037,1,IC50,PPARG,CHEMBL235
CCCC(Sc1nc(Cl)cc(Nc2cccc(C)c2C)n1)C(=O)O,5.259637310505756,1,EC50,PPARG,CHEMBL235
CCCC/C(=C\c1cc(OC/C=C/c2ccccc2)ccc1OCc1ccc(C(F)(F)F)cc1)C(=O)O,4.889410289700751,1,EC50,PPARG,CHEMBL235
CCCC/C(=C\c1cc(OCC(c2ccccc2)c2ccccc2)ccc1OCc1ccc(C(F)(F)F)cc1)C(=O)O,5.899629454882437,1,EC50,PPARG,CHEMBL235
CCCC/C(=C\c1cc(OCC2CCC(C(F)(F)F)CC2)ccc1OCc1ccc(C(F)(F)F)cc1)C(=O)O,5.665546248849069,1,EC50,PPARG,CHEMBL235
CCCC/C(=C\c1cc(OCCc2ccc(C(F)(F)F)cc2)ccc1OCCc1ccc(C(F)(F)F)cc1)C(=O)O,5.142667503568731,1,EC50,PPARG,CHEMBL235
CCCC/C(=C\c1cc(OCCc2ccccc2)cc(OCCc2ccccc2)c1)C(=O)O,5.107905397309519,1,EC50,PPARG,CHEMBL235
CCCC/C(=C\c1cc(OCCc2ccccc2)ccc1OCCc1ccccc1)C(=O)O,5.7447274948966935,1,EC50,PPARG,CHEMBL235
CCCC/C(=C\c1cc(OCc2cc(C(F)(F)F)cc(C(F)(F)F)c2)ccc1OCc1ccc(C(F)(F)F)cc1)C(=O)O,5.333482019445119,1,EC50,PPARG,CHEMBL235
CCCC/C(=C\c1cc(OCc2ccc(Cl)c(Cl)c2)ccc1OCc1ccc(C(F)(F)F)cc1)C(=O)O,5.675717544702307,1,EC50,PPARG,CHEMBL235
CCCC/C(=C\c1cc(OCc2ccc(F)cc2)ccc1OCc1ccc(C(F)(F)F)cc1)C(=O)O,5.286509456906058,1,EC50,PPARG,CHEMBL235
CCCC/C(=C\c1cc(OCc2ccc(OCCN3CCOCC3)cc2)ccc1OCc1ccc(C(F)(F)F)cc1)C(=O)O,5.423658649794207,1,EC50,PPARG,CHEMBL235
CCCC/C(=C\c1cc(OCc2ccc3nc(C(F)(F)F)cc(OC)c3c2)ccc1OCc1ccc(C(F)(F)F)cc1)C(=O)O,5.366531544420413,1,IC50,PPARG,CHEMBL235
CCCC/C(=C\c1cc(OCc2ccc3nc(C(F)(F)F)cc(OC)c3c2)ccc1OCc1ccc(F)cc1)C(=O)O,5.638272163982407,1,IC50,PPARG,CHEMBL235
CCCC/C(=C\c1cc(OCc2ccc3nc(C(F)(F)F)cc(OC)c3c2)ccc1OCc1ccc(OC(F)(F)F)cc1)C(=O)O,5.721246399047171,1,IC50,PPARG,CHEMBL235
CCCC/C(=C\c1cc(OCc2ccc3nc(C(F)(F)F)cc(OC)c3c2)ccc1OCc1ccc(OC(F)F)cc1)C(=O)O,5.585026652029182,1,IC50,PPARG,CHEMBL235
CCCC/C(=C\c1cc(OCc2ccccc2)ccc1OCc1ccc(C(F)(F)F)cc1)C(=O)O,4.931814138253839,1,EC50,PPARG,CHEMBL235
CCCC/C(=C\c1cc(OCc2cccnc2)ccc1OCc1ccc(C(F)(F)F)cc1)C(=O)O,5.59176003468815,1,EC50,PPARG,CHEMBL235
CCCC/C(=C\c1cc(Oc2ccccc2)ccc1OCc1ccc(C(F)(F)F)cc1)C(=O)O,6.142667503568731,1,EC50,PPARG,CHEMBL235
CCCC1(CCOc2cc(CC(=O)O)ccc2Cl)CCN(c2nc3ccc(Cl)cc3s2)CC1,6.055517327849831,1,EC50,PPARG,CHEMBL235
CCCC1Sc2ccccc2N1Cc1ccc(-c2ccccc2C(=O)O)cc1,5.978810700930062,1,EC50,PPARG,CHEMBL235
CCCCC(=O)N(C)CCOc1ccc(CC2SC(=O)NC2=O)cc1,5.958607314841775,1,Ki,PPARG,CHEMBL235
CCCCC(Cc1cc(OCCc2ccccc2)cc(OCCc2ccccc2)c1)C(=O)O,5.327902142064282,1,EC50,PPARG,CHEMBL235
CCCCC(Cc1cc(OCCc2ccccc2)ccc1OCCc1ccccc1)C(=O)O,4.966576244513051,1,EC50,PPARG,CHEMBL235
CCCCC(Cc1ccc(OC)c(C(=O)NCc2ccc(C(F)(F)F)cc2)c1)C(=O)O,5.6020599913279625,1,EC50,PPARG,CHEMBL235
CCCCC(Cc1ccc(OC)c(CNC(=O)c2ccc(C(F)(F)F)cc2)c1)C(=O)O,5.619788758288394,1,EC50,PPARG,CHEMBL235
CCCCC(Cc1ccc(OC)c(CNC(=O)c2ccc(C(F)(F)F)cc2F)c1)C(=O)O,6.0,1,EC50,PPARG,CHEMBL235
CCCCC(Cc1ccc(OCCC2CCCCC2)c(OCCC2CCCCC2)c1)C(=O)O,5.958607314841775,1,EC50,PPARG,CHEMBL235
CCCCC(Cc1ccc(OCCC2CCCCC2)c(OCCc2ccccc2)c1)C(=O)O,5.6020599913279625,1,EC50,PPARG,CHEMBL235
CCCCC(Cc1ccc(OCCc2ccccc2)c(OCCC2CCCCC2)c1)C(=O)O,5.823908740944319,1,EC50,PPARG,CHEMBL235
CCCCC(Cc1ccc(OCCc2ccccc2)c(OCCc2ccccc2)c1)C(=O)O,5.657577319177793,1,EC50,PPARG,CHEMBL235
CCCCC(Cc1ccc(OCCc2nc(-c3ccccc3)oc2C)cc1)(Oc1ccccc1)C(=O)O,5.600845666041783,1,EC50,PPARG,CHEMBL235
CCCCC(Cc1cccc(OCCc2ccccc2)c1OCCc1ccccc1)C(=O)O,5.431798275933005,1,EC50,PPARG,CHEMBL235
CCCCC(Oc1cc(OCCc2ccccc2)cc(OCCc2ccccc2)c1)C(=O)O,5.318758762624412,1,EC50,PPARG,CHEMBL235
CCCCC(Oc1ccc(S(=O)(=O)N(CCCC)c2cccc(-c3ccc(Cl)cc3)c2C)c(C)c1C)C(=O)O,5.40000018605658,1,IC50,PPARG,CHEMBL235
CCCCC(Sc1cc(OCCc2ccccc2)cc(OCCc2ccccc2)c1)C(=O)O,5.468521082957745,1,EC50,PPARG,CHEMBL235
CCCCC(Sc1nc(Cl)cc(Nc2ccc(Nc3ccccc3)cc2)n1)C(=O)O,5.97469413473523,1,EC50,PPARG,CHEMBL235
CCCCC(Sc1nc(Cl)cc(Nc2cccc(C)c2C)n1)C(=O)O,5.522878745280337,2,EC50,PPARG,CHEMBL235
CCCCC(Sc1nc(Cl)cc(Nc2nc(-c3ccc(Cl)cc3)cs2)n1)C(=O)O,5.119186407719209,1,EC50,PPARG,CHEMBL235
CCCCC(Sc1nc(OCCC2CCCCC2)cc(OCCC2CCCCC2)n1)C(=O)O,5.180456064458131,2,EC50,PPARG,CHEMBL235
CCCCC(Sc1nc(OCCc2ccc(C(F)(F)F)cc2)cc(OCCc2ccc(C(F)(F)F)cc2)n1)C(=O)O,4.958607314841775,1,EC50,PPARG,CHEMBL235
CCCCC(Sc1nc(OCCc2ccccc2)cc(OCCc2ccccc2)n1)C(=O)O,5.080921907623926,2,EC50,PPARG,CHEMBL235
CCCCC(Sc1nc2ccc(NC(=O)c3ccc(C(C)(C)C)cc3)cc2s1)C(=O)O,5.431798275933005,1,EC50,PPARG,CHEMBL235
CCCCC/C(=C\CCCCCCCCCCC(=O)O)[N+](=O)[O-],6.464427354774458,2,"EC50,IC50",PPARG,CHEMBL235
CCCCC/C=C(\C/C=C\CCCCCCCC(=O)O)[N+](=O)[O-],6.962968529830221,3,"EC50,IC50",PPARG,CHEMBL235
CCCCC/C=C(\CCCCCCCCCCC(=O)O)[N+](=O)[O-],7.4089353929735005,1,IC50,PPARG,CHEMBL235
CCCCC/C=C/C(=O)CCCCCCCC(=O)O,5.070581074285707,1,EC50,PPARG,CHEMBL235
CCCCC/C=C/C/C=C\C/C=C\C/C=C\CCCC(=O)O,5.823908740944319,1,Ki,PPARG,CHEMBL235
CCCCC/C=C\C/C=C\C/C=C\C/C=C\CCCC(=O)O,5.795880017344075,1,IC50,PPARG,CHEMBL235
CCCCC/C=C\C/C=C\C/C=C\CCCCC(=O)O,5.657577319177793,1,IC50,PPARG,CHEMBL235
CCCCC/C=C\C/C=C\C/C=C\CCCCCCC(=O)O,5.619788758288394,1,IC50,PPARG,CHEMBL235
CCCCC/C=C\C/C=C\CCCCCCCC(=O)O,5.207608310501746,1,IC50,PPARG,CHEMBL235
CCCCC1(CCOc2cc(CC(=O)O)ccc2Cl)CCN(c2nc3ccc(Cl)cc3s2)CC1,6.180456064458131,1,EC50,PPARG,CHEMBL235
CCCCC1=NC(C(C)C)=C(CC(=S)N2CCCC2)CN1Cc1ccc(-c2ccccc2-c2noc(=O)[nH]2)cc1,5.508638306165727,1,EC50,PPARG,CHEMBL235
CCCCC1=NC(C)=C(CC(=S)N(C)C)CN1Cc1ccc(-c2ccccc2-c2nnn[nH]2)cc1,6.337242168318426,1,EC50,PPARG,CHEMBL235
CCCCCC(=O)N(C)CCOc1ccc(CC2SC(=O)NC2=O)cc1,6.7447274948966935,1,Ki,PPARG,CHEMBL235
CCCCCC(=O)NCCOc1ccc(CC2SC(=O)NC2=O)cc1,5.0,1,Ki,PPARG,CHEMBL235
CCCCCC/C(=C\CCCCCCCC(=O)O)[N+](=O)[O-],6.200659450546418,1,IC50,PPARG,CHEMBL235
CCCCCC/C=C(\CCCCCCCC(=O)O)[N+](=O)[O-],6.080921907623926,1,IC50,PPARG,CHEMBL235
CCCCCC/C=C\CCCCCCCC(=O)O,5.1938200260161125,1,IC50,PPARG,CHEMBL235
CCCCCC/C=C\CCCCCCCc1cccc(OC(C)(C)C(=O)O)c1,5.7495799976911055,1,EC50,PPARG,CHEMBL235
CCCCCC1=CC(=O)C(C/C=C(\C)CCC=C(C)C)=C(O)C1=O,5.309803919971486,1,EC50,PPARG,CHEMBL235
CCCCCC1=CC(=O)C2=C(OC(C)(C)c3ccc(C)cc32)C1=O,4.636388020107856,1,EC50,PPARG,CHEMBL235
CCCCCC1=CC(=O)C2=C(OC(C)(CCC=C(C)C)C=C2)C1=O,4.8326826652518236,1,EC50,PPARG,CHEMBL235
CCCCCCC#CC1=CC(=O)[C@H](CCCCCCC)[C@@H]1OCCCCCC(=O)O,5.3979400086720375,1,EC50,PPARG,CHEMBL235
CCCCCCC#CC1=CC(=O)[C@H](CCCCCCC)[C@H]1OCCCCCC(=O)O,5.096910013008056,1,EC50,PPARG,CHEMBL235
CCCCCCC(=O)N(C)CCOc1ccc(CC2SC(=O)NC2=O)cc1,7.214670164989233,1,Ki,PPARG,CHEMBL235
CCCCCCC(=O)NCCOc1ccc(CC2SC(=O)NC2=O)cc1,5.853871964321762,1,Ki,PPARG,CHEMBL235
CCCCCCC(=O)NC[C@H](Cc1ccc(OCCc2nc(-c3ccccc3)oc2C)cc1)Nc1ccccc1C(=O)c1ccccc1,7.209996479609511,1,Ki,PPARG,CHEMBL235
CCCCCCC(Sc1nc(Cl)cc(NCCCC(=O)NCc2ccccc2C(F)(F)F)n1)C(=O)O,5.221848749616356,1,EC50,PPARG,CHEMBL235
CCCCCCC(Sc1nc(Cl)cc(Nc2ccc(-c3ccc(C#N)cc3)cc2)n1)C(=O)O,5.823908740944319,1,IC50,PPARG,CHEMBL235
CCCCCCC(Sc1nc(Cl)cc(Nc2ccc(C(=O)c3ccc(N)cc3)cc2)n1)C(=O)O,5.920818753952375,1,EC50,PPARG,CHEMBL235
CCCCCCC(Sc1nc(Cl)cc(Nc2ccc(Cc3ccccc3)cc2)n1)C(=O)O,6.309803919971486,1,EC50,PPARG,CHEMBL235
CCCCCCC(Sc1nc(Cl)cc(Nc2ccc(Nc3ccccc3)cc2)n1)C(=O)O,6.161150909262744,2,EC50,PPARG,CHEMBL235
CCCCCCC(Sc1nc(Cl)cc(Nc2ccc(Oc3ccccc3)cc2)n1)C(=O)O,5.627087997029893,1,EC50,PPARG,CHEMBL235
CCCCCCC(Sc1nc(Cl)cc(Nc2ccc3ncccc3c2)n1)C(=O)O,5.455931955649724,1,IC50,PPARG,CHEMBL235
CCCCCCC(Sc1nc(Cl)cc(Nc2cccc(C)c2C)n1)C(=O)O,5.443697499232712,3,"EC50,IC50",PPARG,CHEMBL235
CCCCCCC(Sc1nc(Cl)cc(Nc2nc(-c3ccc(Br)cc3)c(C)s2)n1)C(=O)O,5.42021640338319,1,EC50,PPARG,CHEMBL235
CCCCCCC(Sc1nc(Cl)cc(Nc2nc(-c3ccc(C)cc3)cs2)n1)C(=O)O,5.142667503568731,1,EC50,PPARG,CHEMBL235
CCCCCCC(Sc1nc(Cl)cc(Nc2nc(-c3ccc(Cl)cc3)cs2)n1)C(=O)O,5.1938200260161125,1,EC50,PPARG,CHEMBL235
CCCCCCC(Sc1nc(Cl)cc(Nc2nc(-c3ccc(F)c(F)c3)cs2)n1)C(=O)O,5.537602002101044,1,EC50,PPARG,CHEMBL235
CCCCCCC(Sc1nc(Cl)cc(Nc2nc(-c3ccc(F)cc3F)cs2)n1)C(=O)O,5.443697499232712,1,EC50,PPARG,CHEMBL235
CCCCCCC(Sc1nc(Cl)cc(Nc2nc(-c3ccc([N+](=O)[O-])cc3)cs2)n1)C(=O)O,5.468521082957745,1,EC50,PPARG,CHEMBL235
CCCCCCC(Sc1nc(Cl)cc(Nc2nc(-c3ccc4c(c3)CCCC4)cs2)n1)C(=O)O,5.3872161432802645,1,EC50,PPARG,CHEMBL235
CCCCCCC(Sc1nc(Cl)cc(Nc2nc(-c3ccc4ccccc4c3)cs2)n1)C(=O)O,5.886056647693163,1,EC50,PPARG,CHEMBL235
CCCCCCC(Sc1nc(Cl)cc(Nc2nc(-c3ccccc3)c(C)s2)n1)C(=O)O,5.638272163982407,1,EC50,PPARG,CHEMBL235
CCCCCCC(Sc1nc(Cl)cc(Nc2nc(-c3ccccc3)cs2)n1)C(=O)O,5.2441251443275085,1,EC50,PPARG,CHEMBL235
CCCCCCC(Sc1nc(Cl)cc(Nc2nc3c(s2)CCc2cc(OC)ccc2-3)n1)C(=O)O,5.431798275933005,1,EC50,PPARG,CHEMBL235
CCCCCCC(Sc1nc2ccc(NC(=O)c3ccc(C(C)(C)C)cc3)cc2s1)C(=O)O,5.366531544420413,1,EC50,PPARG,CHEMBL235
CCCCCCC(Sc1nc2ccc(NC(=O)c3ccccc3)cc2s1)C(=O)O,5.309803919971486,1,EC50,PPARG,CHEMBL235
CCCCCCC(Sc1nc2ccc(NCc3cc(Cl)cc(Cl)c3)cc2s1)C(=O)O,5.537602002101044,1,EC50,PPARG,CHEMBL235
CCCCCCC(Sc1nc2ccc(NCc3ccc(-c4ccccc4)cc3)cc2s1)C(=O)O,6.113509274827518,1,EC50,PPARG,CHEMBL235
CCCCCCC(Sc1nc2ccc(NCc3ccc(C(C)(C)C)cc3)cc2s1)C(=O)O,5.431798275933005,1,EC50,PPARG,CHEMBL235
CCCCCCC(Sc1nc2ccc(NCc3ccc(C(F)(F)F)cc3)cc2s1)C(=O)O,5.7447274948966935,1,EC50,PPARG,CHEMBL235
CCCCCCC(Sc1nc2ccc(NCc3ccc(Cl)c(Cl)c3)cc2s1)C(=O)O,5.552841968657781,1,EC50,PPARG,CHEMBL235
CCCCCCC(Sc1nc2ccc(NCc3ccc(Cl)cc3)cc2s1)C(=O)O,5.619788758288394,1,EC50,PPARG,CHEMBL235
CCCCCCC(Sc1nc2ccc(NCc3ccc4ccccc4c3)cc2s1)C(=O)O,5.522878745280337,1,EC50,PPARG,CHEMBL235
CCCCCCC(Sc1nc2ccc(NCc3cccc(Cl)c3)cc2s1)C(=O)O,5.823908740944319,1,EC50,PPARG,CHEMBL235
CCCCCCC(Sc1nc2ccc(NCc3ccccc3)cc2s1)C(=O)O,5.769551078621726,1,EC50,PPARG,CHEMBL235
CCCCCCC(Sc1nc2ccc(NS(=O)(=O)c3ccc(-c4ccccc4)cc3)cc2s1)C(=O)O,6.585026652029182,1,EC50,PPARG,CHEMBL235
CCCCCCC(Sc1nc2ccc(NS(=O)(=O)c3ccc(C(C)(C)C)cc3)cc2s1)C(=O)O,6.154901959985743,1,EC50,PPARG,CHEMBL235
CCCCCCC(Sc1nc2ccc(NS(=O)(=O)c3ccc(Cl)cc3)cc2s1)C(=O)O,7.301029995663981,1,EC50,PPARG,CHEMBL235
CCCCCCC(Sc1nc2ccc(NS(=O)(=O)c3ccc(Cl)cc3Cl)cc2s1)C(=O)O,7.4445757717769965,3,EC50,PPARG,CHEMBL235
CCCCCCCC(=O)/C=C/CCCCCC(=O)O,5.0,1,EC50,PPARG,CHEMBL235
CCCCCCCC(=O)N(C)CCOc1ccc(CC2SC(=O)NC2=O)cc1,7.318758762624412,1,Ki,PPARG,CHEMBL235
CCCCCCCC(=O)NCCOc1ccc(CC2SC(=O)NC2=O)cc1,6.537602002101044,1,Ki,PPARG,CHEMBL235
CCCCCCCC/C(=C\CCCCCCCC(=O)O)[N+](=O)[O-],5.79317412396815,1,IC50,PPARG,CHEMBL235
CCCCCCCC/C=C(\CCCCCCCC(=O)O)[N+](=O)[O-],6.008773924307505,1,IC50,PPARG,CHEMBL235
CCCCCCCC/C=C\CCCCCCCC(=O)O,5.3872161432802645,1,IC50,PPARG,CHEMBL235
CCCCCCCC/C=C\CCCCCCCCCCCC(=O)O,4.522878745280337,1,IC50,PPARG,CHEMBL235
CCCCCCCCC(=O)N(C)CCOc1ccc(CC2SC(=O)NC2=O)cc1,7.7447274948966935,1,Ki,PPARG,CHEMBL235
CCCCCCCCC(=O)NCCOc1ccc(CC2SC(=O)NC2=O)cc1,6.568636235841012,1,Ki,PPARG,CHEMBL235
CCCCCCCCCC(=O)N(C)CCOc1ccc(CC2SC(=O)NC2=O)cc1,7.698970004336019,1,Ki,PPARG,CHEMBL235
CCCCCCCCCC(=O)NCCOc1ccc(CC2SC(=O)NC2=O)cc1,6.886056647693163,1,Ki,PPARG,CHEMBL235
CCCCCCCCCC(=O)O,4.641812178088593,4,"Ki,EC50,IC50",PPARG,CHEMBL235
CCCCCCCCCCCC(=O)O,4.522878745280337,1,IC50,PPARG,CHEMBL235
CCCCCCCCCCCC/C(=C\CCCC(=O)O)[N+](=O)[O-],5.764471553092451,1,IC50,PPARG,CHEMBL235
CCCCCCCCCCCC/C=C(\CCCC(=O)O)[N+](=O)[O-],5.774690718274137,1,IC50,PPARG,CHEMBL235
CCCCCCCCCCCCC/C=C1/C(=O)O[C@@H](C)[C@@H]1O,5.721246399047171,1,Ki,PPARG,CHEMBL235
CCCCCCCCCCCCC/C=C1/C(=O)O[C@@H](C)[C@H]1O,5.036212172654444,1,Ki,PPARG,CHEMBL235
CCCCCCCCCCCCCC(=O)O,4.6777807052660805,1,IC50,PPARG,CHEMBL235
CCCCCCCCCCCCCCCC(=O)O,4.522878745280337,1,IC50,PPARG,CHEMBL235
CCCCCCCCCCCCCCCCCC(=O)O,4.522878745280337,1,IC50,PPARG,CHEMBL235
CCCCCCCCCCCCCCCCCCCC(=O)O,4.522878745280337,1,IC50,PPARG,CHEMBL235
CCCCCCCCCCCCCCCCCCCCCC(=O)O,4.522878745280337,1,IC50,PPARG,CHEMBL235
CCCCCCCCCCCCCCCc1ccc(C(=O)O)c(OC)c1,5.09151498112135,1,EC50,PPARG,CHEMBL235
CCCCCCCCCCCCCCCc1cccc(O)c1C(=O)O,4.769551078621726,1,EC50,PPARG,CHEMBL235
CCCCCCCCCCCCCCCc1cccc(OC(C)(C)C(=O)O)c1,6.045757490560675,1,EC50,PPARG,CHEMBL235
CCCCCCCCCCCCCCCc1cccc(OC(C)(C)C(=O)OCC)c1,5.4089353929735005,1,EC50,PPARG,CHEMBL235
CCCCCCCCCCCCCCCc1cccc(OC(C)=O)c1C(=O)O,4.920818753952375,1,EC50,PPARG,CHEMBL235
CCCCCCCCCCCCCCCc1cccc(OCC(=O)O)c1,5.431798275933005,1,EC50,PPARG,CHEMBL235
CCCCCCCCCCCCCCCc1cccc(OCC(=O)OCC)c1,4.5376020021010435,1,EC50,PPARG,CHEMBL235
CCCCCCCCOc1ccc(C(=O)N[C@H](C(=O)O)C(C)C)cc1,5.964161871817067,5,"EC50,IC50",PPARG,CHEMBL235
CCCCCCCN(CC(=O)O)Cc1ccc(OCCc2nc(-c3ccccc3)oc2C)cc1,5.638272163982407,1,IC50,PPARG,CHEMBL235
CCCCCCCN(CCc1ccc(OC(C)(C)C(=O)O)cc1)c1nc2ccccc2o1,6.956056075253533,2,EC50,PPARG,CHEMBL235
CCCCCCCN(CCc1ccc(OCC(=O)[O-])cc1)c1nc2ccccc2o1.[Na+],6.096910013008056,1,EC50,PPARG,CHEMBL235
CCCCCCCN(CCc1ccc(O[C@@H](C)C(=O)[O-])cc1)c1nc2ccccc2o1.[Na+],5.638272163982407,1,EC50,PPARG,CHEMBL235
CCCCCCCN(CCc1ccc(O[C@@H](Cc2ccccc2)C(=O)O)cc1)c1nc2ccccc2o1.NC1CCCCC1,5.769551078621726,1,EC50,PPARG,CHEMBL235
CCCCCCCN(CCc1ccc(O[C@@](C)(CC)C(=O)O)cc1)C(=O)Nc1ccc(F)cc1F,6.316924483561703,4,"EC50,IC50",PPARG,CHEMBL235
CCCCCCCN(CCc1ccc(O[C@@](C)(CC)C(=O)O)cc1)c1nc2ccccc2o1,6.232718300042964,5,"Ki,EC50",PPARG,CHEMBL235
CCCCCCCN(CCc1ccc(O[C@H](C)C(=O)[O-])cc1)c1nc2ccccc2o1.[Na+],6.823908740944319,1,EC50,PPARG,CHEMBL235
CCCCCCCN(CCc1ccc(O[C@H](Cc2ccccc2)C(=O)O)cc1)c1nc2ccccc2o1.NC1CCCCC1,5.568636235841012,1,EC50,PPARG,CHEMBL235
CCCCCCCN(CCc1ccc(O[C@](C)(CC)C(=O)O)cc1)c1nc2ccccc2o1,7.1444628524008325,5,"Ki,EC50",PPARG,CHEMBL235
CCCCCCCN(CCc1ccc(SC(C)(C)C(=O)O)cc1)C(=O)Nc1ccc(F)cc1F,6.287232433944573,3,"EC50,IC50",PPARG,CHEMBL235
CCCCCCC[C@H]1C(=O)C=C(I)[C@@H]1OCCCCCC(=O)O,7.522878745280337,1,EC50,PPARG,CHEMBL235
CCCCCCC[C@H]1C(=O)C=C(I)[C@H]1OCCCCCC(=O)O,7.221848749616356,1,EC50,PPARG,CHEMBL235
CCCCCCC[C@H]1C(=O)C=C[C@@H]1OCCCCCC(=O)O,5.3979400086720375,1,EC50,PPARG,CHEMBL235
CCCCCCC[C@H]1C(=O)C=C[C@H]1OCCCCCC(=O)O,5.698970004336019,1,EC50,PPARG,CHEMBL235
CCCCCCCc1cc(CCCCCC(=O)O)no1,2.6989700043360187,1,EC50,PPARG,CHEMBL235
CCCCCCCc1nc2ccccc2n1Cc1ccc(-c2ccccc2C(=O)O)cc1,6.769551078621726,1,EC50,PPARG,CHEMBL235
CCCCCCCc1nc2ccccc2n1Cc1ccc(-c2ccccc2C(N)=O)cc1,6.075720713938118,1,EC50,PPARG,CHEMBL235
CCCCCCCc1oc2cc(O)ccc2c(=O)c1-c1ccc(O)cc1,5.301029995663981,1,IC50,PPARG,CHEMBL235
CCCCCCOC(Cc1ccc(OCCc2nc(-c3ccccc3)oc2C)c2ccsc12)C(=O)O,8.698970004336019,1,IC50,PPARG,CHEMBL235
CCCCCCOc1ccc(C(=O)N[C@H](C(=O)NO)C(C)C)cc1,5.735182176990463,1,EC50,PPARG,CHEMBL235
CCCCCCOc1ccc(C(=O)N[C@H](C(=O)O)C(C)C)cc1,5.7121982700697735,1,EC50,PPARG,CHEMBL235
CCCCCCOc1ccc(CC(CC)C(=O)O)cc1CNC(=O)c1ccc(C(F)(F)F)cc1,5.638272163982407,1,EC50,PPARG,CHEMBL235
CCCCCC[C@@H](Sc1nc2ccc(NS(=O)(=O)c3ccc(Cl)cc3Cl)cc2s1)C(=O)O,8.795880017344075,1,EC50,PPARG,CHEMBL235
CCCCCC[C@H](Sc1nc2ccc(NS(=O)(=O)c3ccc(Cl)cc3Cl)cc2s1)C(=O)O,6.795880017344075,1,EC50,PPARG,CHEMBL235
CCCCCCc1nc2ccccc2n1Cc1ccc(-c2ccccc2C(=O)O)cc1,6.6777807052660805,1,EC50,PPARG,CHEMBL235
CCCCCCc1nc2ccccc2n1Cc1ccc(-c2ccccc2C(N)=O)cc1,5.514278573518419,1,EC50,PPARG,CHEMBL235
CCCCCN(c1cccc(-c2ccc(Cl)cc2)c1C)S(=O)(=O)c1ccc(OC(C)C(=O)O)c(C)c1C,5.300000202445418,1,IC50,PPARG,CHEMBL235
CCCCCNC(=O)CCc1ccc(OC(C)C)cc1Oc1ncc(C(F)(F)F)cc1Cl,6.537602002101044,1,EC50,PPARG,CHEMBL235
CCCCCNC(=O)c1ccc(NC(=O)c2cccc(CN3C(=O)OC[C@H]3Cc3ccccc3)c2)cc1,5.789949150124863,1,EC50,PPARG,CHEMBL235
CCCCCNS(=O)(=O)NC(=O)CCc1ccc(OCCOC)cc1Oc1ncc(C(F)(F)F)cc1Cl,8.958607314841775,1,EC50,PPARG,CHEMBL235
CCCCCOC(=O)Cc1c(C(C)C)nc(CCCC)n(Cc2ccc(-c3ccccc3-c3noc(=O)[nH]3)cc2)c1=O,5.962573502059376,1,EC50,PPARG,CHEMBL235
CCCCCOc1cc2ccccc2cc1C(O)C/C=C/CCCC(=O)OC,6.1438755557577,1,Ki,PPARG,CHEMBL235
CCCCCOc1cc2ccccc2cc1C(O)C/C=C\CCCC(=O)[O-].[Na+],5.987162775294828,1,Ki,PPARG,CHEMBL235
CCCCCOc1cc2ccccc2cc1C(O)CC#CCCCC(=O)OC,6.158015195409886,1,Ki,PPARG,CHEMBL235
CCCCCOc1cc2ccccc2cc1C(O)CC#CCCCC(=O)[O-].[Na+],5.357535479757878,1,Ki,PPARG,CHEMBL235
CCCCCOc1cc2ccccc2cc1C(O)CCCCCCC(=O)[O-].[Na+],6.013676222949234,1,Ki,PPARG,CHEMBL235
CCCCCOc1cc2ccccc2cc1C(O)CCCCCCCC(=O)OC,6.237321436272564,1,Ki,PPARG,CHEMBL235
CCCCCOc1ccccc1C(O)C/C=C\CCCC(=O)OC,5.424812155072339,1,Ki,PPARG,CHEMBL235
CCCCCOc1ccccc1C(O)CC#CCCCC(=O)OC,5.978810700930062,1,Ki,PPARG,CHEMBL235
CCCCCOc1ccccc1C(O)CCCCCCC(=O)OC,6.288192770958808,1,Ki,PPARG,CHEMBL235
CCCCCOc1ccccc1C(O)CCCCCCC(=O)[O-].[Na+],5.174573882232177,1,Ki,PPARG,CHEMBL235
CCCCCOc1nc2ccccc2cc1C(O)C/C=C\CCCC(=O)OC,5.876148359032914,1,Ki,PPARG,CHEMBL235
CCCCCOc1nc2ccccc2cc1C(O)CC#CCCCC(=O)[O-].[Na+],6.023650020996726,1,Ki,PPARG,CHEMBL235
CCCCCOc1nc2ccccc2cc1C(O)CCCCCC(=O)[O-].[Na+],5.543633966870956,1,Ki,PPARG,CHEMBL235
CCCCCS(=O)(=O)NC(=O)/C(C)=C/c1ccc(OCCOC)cc1Oc1ncc(C(F)(F)F)cc1Cl,8.2839966563652,1,EC50,PPARG,CHEMBL235
CCCCCS(=O)(=O)NC(=O)/C=C/c1cc(C2CC2)nn1Cc1ccc(C(F)(F)F)cc1Cl,7.920818753952375,1,IC50,PPARG,CHEMBL235
CCCCCS(=O)(=O)NC(=O)/C=C/c1cc(OC(C)C)nn1Cc1ccc(C(F)(F)F)cc1Cl,7.638272163982407,1,IC50,PPARG,CHEMBL235
CCCCCS(=O)(=O)NC(=O)/C=C/c1ccc(OC(C)C)cc1Oc1ncc(C(F)(F)F)cc1Cl,7.585026652029182,1,EC50,PPARG,CHEMBL235
CCCCCS(=O)(=O)NC(=O)/C=C/c1ccc(OCCC(C)=O)cc1Oc1ncc(C(F)(F)F)cc1Cl,7.229147988357855,1,EC50,PPARG,CHEMBL235
CCCCCS(=O)(=O)NC(=O)/C=C/c1ccc(OCCCC#N)cc1Oc1ncc(C(F)(F)F)cc1Cl,7.823908740944319,1,EC50,PPARG,CHEMBL235
CCCCCS(=O)(=O)NC(=O)/C=C/c1ccc(OCCCOC)cc1Oc1ncc(C(F)(F)F)cc1Cl,8.130768280269024,1,EC50,PPARG,CHEMBL235
CCCCCS(=O)(=O)NC(=O)/C=C/c1ccc(OCCCS(C)(=O)=O)cc1Oc1ncc(C(F)(F)F)cc1Cl,6.494850021680094,1,EC50,PPARG,CHEMBL235
CCCCCS(=O)(=O)NC(=O)/C=C/c1ccc(OCCO)cc1Oc1ncc(C(F)(F)F)cc1Cl,7.096910013008056,1,EC50,PPARG,CHEMBL235
CCCCCS(=O)(=O)NC(=O)/C=C/c1ccc(OCCOC)cc1Oc1ccc(C(F)(F)F)cc1Cl,7.026872146400302,1,EC50,PPARG,CHEMBL235
CCCCCS(=O)(=O)NC(=O)/C=C/c1ccc(OCCOC)cc1Oc1ncc(C(F)(F)F)cc1Cl,7.152697400533215,2,"EC50,IC50",PPARG,CHEMBL235
CCCCCS(=O)(=O)NC(=O)/C=C/c1ccc(OCCOC)cc1Oc1ncc(Cl)cc1Cl,6.721246399047171,1,EC50,PPARG,CHEMBL235
CCCCCS(=O)(=O)NC(=O)/C=C/c1ccc(OCCOC2CC2)cc1Oc1ncc(C(F)(F)F)cc1Cl,8.207608310501746,1,EC50,PPARG,CHEMBL235
CCCCCS(=O)(=O)NC(=O)C(C)Cc1ccc(OCCOC)cc1Oc1ncc(C(F)(F)F)cc1Cl,8.638272163982407,1,EC50,PPARG,CHEMBL235
CCCCCS(=O)(=O)NC(=O)C(Cc1ccc(OCCOC)cc1Oc1ncc(C(F)(F)F)cc1Cl)OC,8.173925197299173,1,EC50,PPARG,CHEMBL235
CCCCCS(=O)(=O)NC(=O)C1CC1c1ccc(OCCOC)cc1Oc1ncc(C(F)(F)F)cc1Cl,8.259637310505756,1,EC50,PPARG,CHEMBL235
CCCCCS(=O)(=O)NC(=O)CCc1cc(OC(C)C)nn1Cc1ccc(C(F)(F)F)cc1Cl,7.6777807052660805,1,IC50,PPARG,CHEMBL235
CCCCCS(=O)(=O)NC(=O)CCc1ccc(OC(C)C)cc1Oc1ncc(C(F)(F)F)cc1Cl,8.585026652029182,1,EC50,PPARG,CHEMBL235
CCCCCS(=O)(=O)NC(=O)CCc1ccc(OCC(=O)N(CC)CC)cc1Oc1ncc(C(F)(F)F)cc1Cl,8.161150909262744,1,EC50,PPARG,CHEMBL235
CCCCCS(=O)(=O)NC(=O)CCc1ccc(OCCN2CCCC2=O)cc1Oc1ncc(C(F)(F)F)cc1Cl,8.468521082957745,1,EC50,PPARG,CHEMBL235
CCCCCS(=O)(=O)NC(=O)CCc1ccc(OCCOC)cc1Oc1ncc(C(F)(F)F)cc1Cl,8.823908740944319,1,EC50,PPARG,CHEMBL235
CCCCCS(=O)(=O)NC(=O)CCc1ccccc1Oc1ncc(C(F)(F)F)cc1Cl,7.214670164989233,1,EC50,PPARG,CHEMBL235
CCCCCS(=O)(=O)NC(=O)OCCCc1ccc(OCCOC)cc1Oc1ncc(C(F)(F)F)cc1Cl,8.346787486224656,1,EC50,PPARG,CHEMBL235
CCCCCS(=O)(=O)NC(=O)OCc1ccc(OCCOC)cc1Oc1ncc(C(F)(F)F)cc1Cl,8.0,1,EC50,PPARG,CHEMBL235
CCCCCS(=O)(=O)NC(=O)c1ccc2nc(C)n(Cc3ccc(Cl)cc3Cl)c2c1,6.787812395596042,1,EC50,PPARG,CHEMBL235
CCCCCS(=O)(=O)NCCCc1ccc(OCCOC)cc1Oc1ncc(C(F)(F)F)cc1Cl,7.494850021680094,1,EC50,PPARG,CHEMBL235
CCCCCS(=O)(=O)[N-]C(=O)C(C)(C)Cc1ccc(OCCOC)cc1Oc1ncc(C(F)(F)F)cc1Cl.[Na+],8.508638306165727,1,EC50,PPARG,CHEMBL235
CCCCC[C@H](O)/C=C/[C@@H]1[C@H]2C/C(=C\CCCC(=O)O)C[C@H]2C[C@H]1O,5.101823516502323,1,EC50,PPARG,CHEMBL235
CCCCCc1cc(O)c(C/C=C(\C)CCC=C(C)C)c(O)c1,4.804100347590766,1,EC50,PPARG,CHEMBL235
CCCCCc1cc(OC)c(CC=C(C)C)c(O)c1C(=O)O,5.920818753952375,1,EC50,PPARG,CHEMBL235
CCCCCc1cc2c(c(O)c1C(=O)O)[C@@H]1C=C(C)CC[C@H]1C(C)(C)O2,6.327902142064282,1,IC50,PPARG,CHEMBL235
CCCCCc1nc2ccccc2n1Cc1ccc(-c2ccccc2C(=O)O)cc1,6.3979400086720375,1,EC50,PPARG,CHEMBL235
CCCCCc1nc2ccccc2n1Cc1ccc(-c2ccccc2C(N)=O)cc1,5.4089353929735005,1,EC50,PPARG,CHEMBL235
CCCCN(c1c(C)cc(C)c(-c2ccc(Cl)cc2)c1C)S(=O)(=O)c1ccc(OC(C)C(=O)O)c(C)c1C,5.100000128334196,1,IC50,PPARG,CHEMBL235
CCCCN(c1cc(-c2ccc(Cl)cc2)c(F)cc1C)S(=O)(=O)c1ccc(OC(C)C(=O)O)c(C)c1C,5.100000128334196,1,IC50,PPARG,CHEMBL235
CCCCN(c1cc(-c2ccc(Cl)cc2)c(F)cc1F)S(=O)(=O)c1ccc(OC(C)C(=O)O)c(C)c1C,5.800000874803203,1,IC50,PPARG,CHEMBL235
CCCCN(c1cc(-c2ccc(Cl)cc2)cc(C(F)(F)F)c1)S(=O)(=O)c1ccc(OC(C)C(=O)O)c(C)c1C,5.300000202445418,1,IC50,PPARG,CHEMBL235
CCCCN(c1cc(-c2ccc(Cl)cc2)ccc1C)S(=O)(=O)c1ccc(OC(C)C(=O)O)c(C)c1C,5.200000237109354,1,IC50,PPARG,CHEMBL235
CCCCN(c1cc(-c2ccc(Cl)cc2)ccc1OC(F)(F)F)S(=O)(=O)c1ccc(OC(C)C(=O)O)c(C)c1C,5.0,1,IC50,PPARG,CHEMBL235
CCCCN(c1ccc(C)c(-c2ccc(Cl)cc2)c1)S(=O)(=O)c1ccc(OC(C)C(=O)O)c(C)c1C,5.499999678657065,1,IC50,PPARG,CHEMBL235
CCCCN(c1ccc(F)c(-c2ccc(Cl)cc2)c1)S(=O)(=O)c1ccc(OC(C)C(=O)O)c(C)c1C,5.700000503883016,1,IC50,PPARG,CHEMBL235
CCCCN(c1cccc(-c2ccc(C(F)(F)F)cc2)c1C)S(=O)(=O)c1ccc(OC(C)C(=O)O)c(C)c1C,5.200000237109354,1,IC50,PPARG,CHEMBL235
CCCCN(c1cccc(-c2ccc(C(F)(F)F)cc2)c1Cl)S(=O)(=O)c1ccc(OC(C)C(=O)O)c(C)c1C,5.200000237109354,1,IC50,PPARG,CHEMBL235
CCCCN(c1cccc(-c2ccc(C)cc2)c1C)S(=O)(=O)c1ccc(OC(C)C(=O)O)c(C)c1C,5.300000202445418,1,IC50,PPARG,CHEMBL235
CCCCN(c1cccc(-c2ccc(Cl)c(Cl)c2)c1C)S(=O)(=O)c1ccc(OC(C)C(=O)O)c(C)c1C,5.300000202445418,1,IC50,PPARG,CHEMBL235
CCCCN(c1cccc(-c2ccc(Cl)cc2)c1C)S(=O)(=O)c1ccc(OC(C)C(=O)O)c(C)c1C,5.100000128334196,1,IC50,PPARG,CHEMBL235
CCCCN(c1cccc(-c2ccc(Cl)cc2)c1C)S(=O)(=O)c1ccc(OC(C)C(=O)O)c(C2CCCCC2)c1,5.100000128334196,1,IC50,PPARG,CHEMBL235
CCCCN(c1cccc(-c2ccc(Cl)cc2)c1C)S(=O)(=O)c1ccc(OC(C)C(=O)O)c(Cl)c1Cl,5.40000018605658,1,IC50,PPARG,CHEMBL235
CCCCN(c1cccc(-c2ccc(Cl)cc2)c1C)S(=O)(=O)c1ccc(OC(C)C(=O)O)c(F)c1Cl,5.200000237109354,1,IC50,PPARG,CHEMBL235
CCCCN(c1cccc(-c2ccc(Cl)cc2)c1C)S(=O)(=O)c1ccc(OC(C)C(=O)O)c(F)c1F,5.499999678657065,1,IC50,PPARG,CHEMBL235
CCCCN(c1cccc(-c2ccc(Cl)cc2)c1C)S(=O)(=O)c1ccc(OC(C)C(=O)O)c(F)c1OC,5.300000202445418,1,IC50,PPARG,CHEMBL235
CCCCN(c1cccc(-c2ccc(Cl)cc2)c1C)S(=O)(=O)c1ccc(OC(C)C(=O)O)c(OC)c1Cl,5.200000237109354,1,IC50,PPARG,CHEMBL235
CCCCN(c1cccc(-c2ccc(Cl)cc2)c1C)S(=O)(=O)c1ccc(OC(C)C(=O)O)c(OC)c1OC,5.40000018605658,1,IC50,PPARG,CHEMBL235
CCCCN(c1cccc(-c2ccc(Cl)cc2)c1C)S(=O)(=O)c1ccc(OC(CC)C(=O)O)c(C)c1C,5.300000202445418,1,IC50,PPARG,CHEMBL235
CCCCN(c1cccc(-c2ccc(Cl)cc2)c1C)S(=O)(=O)c1ccc(OC(CCC)C(=O)O)c(C)c1C,5.499999678657065,1,IC50,PPARG,CHEMBL235
CCCCN(c1cccc(-c2ccc(Cl)cc2)c1C)S(=O)(=O)c1ccc(OCC(=O)O)c(C)c1C,5.59999938302362,1,IC50,PPARG,CHEMBL235
CCCCN(c1cccc(-c2ccc(Cl)cc2)c1C)S(=O)(=O)c1ccc(O[C@@H](C)C(=O)O)c(C)c1C,5.200000237109354,1,IC50,PPARG,CHEMBL235
CCCCN(c1cccc(-c2ccc(Cl)cc2)c1C)S(=O)(=O)c1ccc(O[C@H](C)C(=O)O)c(C)c1C,5.200000237109354,1,IC50,PPARG,CHEMBL235
CCCCN(c1cccc(-c2ccc(Cl)cc2)c1Cl)S(=O)(=O)c1ccc(OC(C)C(=O)O)c(C)c1C,5.300000202445418,1,IC50,PPARG,CHEMBL235
CCCCN(c1cccc(-c2ccc(Cl)cc2)c1OC)S(=O)(=O)c1ccc(OC(C)C(=O)O)c(C)c1C,5.100000128334196,1,IC50,PPARG,CHEMBL235
CCCCN(c1cccc(-c2ccc(OC(F)(F)F)cc2)c1C)S(=O)(=O)c1ccc(OC(C)C(=O)O)c(C)c1C,5.300000202445418,1,IC50,PPARG,CHEMBL235
CCCCN(c1cccc(-c2ccc(OC(F)(F)F)cc2)c1Cl)S(=O)(=O)c1ccc(OC(C)C(=O)O)c(C)c1C,5.200000237109354,1,IC50,PPARG,CHEMBL235
CCCCN(c1cccc(-c2ccc(OC)cc2)c1C)S(=O)(=O)c1ccc(OC(C)C(=O)O)c(C)c1C,5.200000237109354,1,IC50,PPARG,CHEMBL235
CCCCN(c1cccc(-c2cccc(Cl)c2)c1C)S(=O)(=O)c1ccc(OC(C)C(=O)O)c(C)c1C,5.40000018605658,1,IC50,PPARG,CHEMBL235
CCCCN(c1cccc(-c2ccccc2Cl)c1C)S(=O)(=O)c1ccc(OC(C)C(=O)O)c(C)c1C,5.300000202445418,1,IC50,PPARG,CHEMBL235
CCCCNC(=O)CN1C(=O)S/C(=C/c2ccc(Cl)cc2)C1=O,5.229147988357855,1,EC50,PPARG,CHEMBL235
CCCCNC(=O)NS(=O)(=O)c1ccc(NC(=O)CN2CC(=O)Nc3ccccc32)cc1,5.888401475119606,1,IC50,PPARG,CHEMBL235
CCCCNC(=O)NS(=O)(=O)c1ccc(NC(=O)CSc2nc3ccccc3c(=O)n2-c2ccc(C)cc2)cc1,6.362510270487489,1,IC50,PPARG,CHEMBL235
CCCCNC(=O)NS(=O)(=O)c1ccc(NC(=O)CSc2nc3ccccc3c(=O)n2-c2ccc(OC)cc2)cc1,6.432973633840939,1,IC50,PPARG,CHEMBL235
CCCCNC(=O)NS(=O)(=O)c1ccc(NC(=O)Cn2c(=O)c(C)nc3ccccc32)cc1,5.853429258274534,2,IC50,PPARG,CHEMBL235
CCCCNC(=O)NS(=O)(=O)c1ccc(NC(=O)Cn2c(C)nc3ccccc3c2=O)cc1,6.008773924307505,1,IC50,PPARG,CHEMBL235
CCCCNC(=O)NS(=O)(=O)c1ccc(NC(=O)Cn2c(CC)nc3ccccc3c2=O)cc1,6.3893398369101195,1,IC50,PPARG,CHEMBL235
CCCCNC(=O)NS(=O)(=O)c1ccc(NCC(=O)N2CC(=O)Nc3ccccc32)cc1,5.8794260687941495,1,IC50,PPARG,CHEMBL235
CCCCNC(=O)OCCCc1ccc(OCCOC)cc1Oc1ncc(C(F)(F)F)cc1Cl,7.318758762624412,1,EC50,PPARG,CHEMBL235
CCCCNC(=S)NS(=O)(=O)c1ccc(NC(=O)Cn2c(=O)c(C)nc3ccccc32)cc1,5.915456821256488,2,IC50,PPARG,CHEMBL235
CCCCO/N=C/c1ccc(OC(Cc2ccccc2)C(=O)O)cc1,5.437707135543525,1,EC50,PPARG,CHEMBL235
CCCCOC(=O)Cc1c(C(C)C)nc(CCCC)n(Cc2ccc(-c3ccccc3-c3noc(=O)[nH]3)cc2)c1=O,6.0,1,EC50,PPARG,CHEMBL235
CCCCOC(=O)Cc1c(C)nc(CCCC)n(Cc2ccc(-c3ccccc3-c3noc(=O)[nH]3)cc2)c1=O,5.647817481888637,1,EC50,PPARG,CHEMBL235
CCCCOC(=O)N(CC(=O)O)Cc1cc(OCc2nc(-c3ccc(Cl)cc3)oc2C)ccc1F,5.9083330424043154,1,EC50,PPARG,CHEMBL235
CCCCOC(=O)NCCCc1ccc(OCCOC)cc1Oc1ncc(C(F)(F)F)cc1Cl,7.42021640338319,1,EC50,PPARG,CHEMBL235
CCCCOc1ccc(CC(CC)C(=O)O)cc1CNC(=O)c1ccc(C(F)(F)F)cc1,5.886056647693163,1,EC50,PPARG,CHEMBL235
CCCCOc1ccc(CC(CC)C(=O)O)cc1CNC(=O)c1ccc(C(F)(F)F)cc1F,5.853871964321762,1,EC50,PPARG,CHEMBL235
CCCCOc1ccc(CC(CCC)C(=O)O)cc1CNC(=O)c1ccc(C(F)(F)F)cc1F,6.0,1,EC50,PPARG,CHEMBL235
CCCCOc1ccc(C[C@@H](CC)C(=O)O)cc1CNC(=O)c1ccc(C(F)(F)F)cc1F,5.154901959985743,1,EC50,PPARG,CHEMBL235
CCCCOc1ccc(C[C@H](CC)C(=O)O)cc1CNC(=O)c1ccc(C(F)(F)F)cc1F,5.958607314841775,1,EC50,PPARG,CHEMBL235
CCCCOc1ccc2c(c1)O/C(=C\c1cc(C)c(OC(C)(C)C(=O)O)c(C)c1)C2=O,6.474955192963154,1,EC50,PPARG,CHEMBL235
CCCC[C@H](NC(=O)c1ccc2c(c1)c(C)c(C)n2Cc1ccc(-c2ccccc2)cc1)c1cccc(C(C)C)c1,7.0915149811213505,1,IC50,PPARG,CHEMBL235
CCCC[C@H](NC(=O)c1ccc2c(c1)c(C)c(C)n2Cc1ccc(-c2ccccc2C(=O)O)cc1)c1cccc(C(C)C)c1,7.013528495947217,2,"EC50,IC50",PPARG,CHEMBL235
CCCCc1ccc(-c2nc(CCOc3ccc4c(c3)CCC4C(CC)C(=O)O)c(C)o2)cc1,7.795880017344075,1,EC50,PPARG,CHEMBL235
CCCCc1ccc2ccccc2c1CNC(=O)c1c(OC)cc(O)c2c1OC1=CC(O)=C(C(C)=O)C(=O)[C@]12C,7.229147988357855,1,EC50,PPARG,CHEMBL235
CCCCc1nc(C(C)C)c(CC(=O)O)c(=O)n1Cc1ccc(-c2ccccc2-c2noc(=O)[nH]2)cc1,4.987162775294828,1,EC50,PPARG,CHEMBL235
CCCCc1nc(C(C)C)c(CC(=O)OC)c(=O)n1Cc1ccc(-c2ccccc2-c2noc(=O)[nH]2)cc1,5.581698708680255,1,EC50,PPARG,CHEMBL235
CCCCc1nc(C(C)C)c(CC(=O)OC2CC2)c(=O)n1Cc1ccc(-c2ccccc2-c2noc(=O)[nH]2)cc1,5.866461091629782,1,EC50,PPARG,CHEMBL235
CCCCc1nc(C(C)C)c(CC(=O)OC2CCCCC2)c(=O)n1Cc1ccc(-c2ccccc2-c2noc(=O)[nH]2)cc1,6.136677139879544,1,EC50,PPARG,CHEMBL235
CCCCc1nc(C(C)C)c(CC(=O)OCC(C)C)c(=O)n1Cc1ccc(-c2ccccc2-c2noc(=O)[nH]2)cc1,5.910094888560602,1,EC50,PPARG,CHEMBL235
CCCCc1nc(C(C)C)c(CC(=O)OCC(F)(F)F)c(=O)n1Cc1ccc(-c2ccccc2-c2noc(=O)[nH]2)cc1,5.555955204081924,1,EC50,PPARG,CHEMBL235
CCCCc1nc(C(C)C)c(CC(=O)OCC)c(=O)n1Cc1ccc(-c2ccccc2-c2noc(=O)[nH]2)cc1,6.0592506101925085,2,"EC50,IC50",PPARG,CHEMBL235
CCCCc1nc(C(C)C)c(CC(=O)OCCC)c(=O)n1Cc1ccc(-c2ccccc2-c2noc(=O)[nH]2)cc1,5.823908740944319,1,EC50,PPARG,CHEMBL235
CCCCc1nc(C(C)C)c(CC(=S)N2CCCC2)c(=O)n1Cc1ccc(-c2ccccc2-c2noc(=O)[nH]2)cc1,5.508638306165727,1,EC50,PPARG,CHEMBL235
CCCCc1nc(C(C)C)c(Cc2nc(C(C)(C)C)no2)c(=O)n1Cc1ccc(-c2ccccc2-c2noc(=O)[nH]2)cc1,6.229147988357855,1,EC50,PPARG,CHEMBL235
CCCCc1nc(C(C)C)c(Cc2nc(C)no2)c(=O)n1Cc1ccc(-c2ccccc2-c2noc(=O)[nH]2)cc1,5.978810700930062,1,EC50,PPARG,CHEMBL235
CCCCc1nc(C(C)C)c(Cc2nc(C3CC3)no2)c(=O)n1Cc1ccc(-c2ccccc2-c2noc(=O)[nH]2)cc1,5.5934598195660445,1,EC50,PPARG,CHEMBL235
CCCCc1nc(C(C)C)c(Cc2nc(Cc3ccc(F)cc3)no2)c(=O)n1Cc1ccc(-c2ccccc2-c2noc(=O)[nH]2)cc1,5.8297382846050425,1,EC50,PPARG,CHEMBL235
CCCCc1nc(C(C)C)c(Cc2nc(Cc3ccccc3)no2)c(=O)n1Cc1ccc(-c2ccccc2-c2noc(=O)[nH]2)cc1,5.943095148663527,1,EC50,PPARG,CHEMBL235
CCCCc1nc(C)c(CC(=O)OC(C)C)c(=O)n1Cc1ccc(-c2ccccc2-c2noc(=O)[nH]2)cc1,5.779891911959945,1,EC50,PPARG,CHEMBL235
CCCCc1nc(C)c(CC(=O)OC)c(=O)n1Cc1ccc(-c2ccccc2-c2noc(=O)[nH]2)cc1,5.133122185662501,1,EC50,PPARG,CHEMBL235
CCCCc1nc(C)c(CC(=O)OC2CC2)c(=O)n1Cc1ccc(-c2ccccc2-c2noc(=O)[nH]2)cc1,5.480172006224281,1,EC50,PPARG,CHEMBL235
CCCCc1nc(C)c(CC(=O)OC2CCCCC2)c(=O)n1Cc1ccc(-c2ccccc2-c2noc(=O)[nH]2)cc1,6.0,1,EC50,PPARG,CHEMBL235
CCCCc1nc(C)c(CC(=O)OCC(C)C)c(=O)n1Cc1ccc(-c2ccccc2-c2noc(=O)[nH]2)cc1,5.815308569182401,1,EC50,PPARG,CHEMBL235
CCCCc1nc(C)c(CC(=O)OCC2CC2)c(=O)n1Cc1ccc(-c2ccccc2-c2noc(=O)[nH]2)cc1,5.7423214251308154,1,EC50,PPARG,CHEMBL235
CCCCc1nc(C)c(CC(=O)OCC2CCCCC2)c(=O)n1Cc1ccc(-c2ccccc2-c2noc(=O)[nH]2)cc1,5.8794260687941495,1,EC50,PPARG,CHEMBL235
CCCCc1nc(C)c(Cc2nc(C(C)(C)C)no2)c(=O)n1Cc1ccc(-c2ccccc2-c2noc(=O)[nH]2)cc1,6.552841968657781,1,EC50,PPARG,CHEMBL235
CCCCc1nc(C)c(Cc2nc(C(C)C)no2)c(=O)n1Cc1ccc(-c2ccccc2-c2noc(=O)[nH]2)cc1,5.8794260687941495,1,EC50,PPARG,CHEMBL235
CCCCc1nc(C)c(Cc2nc(C3CC3)no2)c(=O)n1Cc1ccc(-c2ccccc2-c2noc(=O)[nH]2)cc1,5.371611069949688,1,EC50,PPARG,CHEMBL235
CCCCc1nc(C)c(Cc2nc(CCOC)no2)c(=O)n1Cc1ccc(-c2ccccc2-c2noc(=O)[nH]2)cc1,5.375717904164332,1,EC50,PPARG,CHEMBL235
CCCCc1nc(C)c(Cc2nc(COC)no2)c(=O)n1Cc1ccc(-c2ccccc2-c2noc(=O)[nH]2)cc1,5.4698003017969175,1,EC50,PPARG,CHEMBL235
CCCCc1nc(C)c(Cc2nc(Cc3cc(F)cc(F)c3)no2)c(=O)n1Cc1ccc(-c2ccccc2-c2noc(=O)[nH]2)cc1,5.860120913598763,1,EC50,PPARG,CHEMBL235
CCCCc1nc(C)c(Cc2nc(Cc3ccc(F)cc3)no2)c(=O)n1Cc1ccc(-c2ccccc2-c2noc(=O)[nH]2)cc1,5.617982957425132,1,EC50,PPARG,CHEMBL235
CCCCc1nc(C)c(Cc2nc(Cc3cccc(F)c3)no2)c(=O)n1Cc1ccc(-c2ccccc2-c2noc(=O)[nH]2)cc1,5.856985199745905,1,EC50,PPARG,CHEMBL235
CCCCc1nc(C)c(Cc2nc(Cc3ccccc3)no2)c(=O)n1Cc1ccc(-c2ccccc2-c2noc(=O)[nH]2)cc1,5.756961951313706,1,EC50,PPARG,CHEMBL235
CCCCc1nc(C2CC2)c(CC(=O)OC(C)C)c(=O)n1Cc1ccc(-c2ccccc2-c2noc(=O)[nH]2)cc1,5.565431095965801,1,EC50,PPARG,CHEMBL235
CCCCc1nc(C2CC2)c(CC(=O)OC)c(=O)n1Cc1ccc(-c2ccccc2-c2noc(=O)[nH]2)cc1,5.627087997029893,1,EC50,PPARG,CHEMBL235
CCCCc1nc2c(C)cc(C)nc2n1C1CCc2cc(-c3ccccc3-c3nn[nH]n3)ccc21,5.657577319177793,1,EC50,PPARG,CHEMBL235
CCCCn1c(-c2ccc3nn(CCC)c(Cc4ccc(-c5ccccc5-c5nn[nH]n5)cc4)c3c2)nc2ccccc21,6.6020599913279625,1,EC50,PPARG,CHEMBL235
CCCCn1c(-c2ccc3nn(CCC)c(Cc4ccc(-c5ccccc5C(=O)O)cc4)c3c2)nc2ccccc21,6.1938200260161125,1,EC50,PPARG,CHEMBL235
CCCN(c1cccc(-c2ccc(Cl)cc2)c1C)S(=O)(=O)c1ccc(OC(C)C(=O)O)c(C)c1C,5.100000128334196,1,IC50,PPARG,CHEMBL235
CCCN[C@@H](Cc1ccc(OCCc2nc(-c3ccccc3)oc2C)cc1)C(=O)O,6.95200130809973,2,"Ki,EC50",PPARG,CHEMBL235
CCCO/N=C(/c1ccccc1)c1ccc(OC(Cc2ccccc2)C(=O)O)cc1,6.167491087293763,1,EC50,PPARG,CHEMBL235
CCCO/N=C(\c1ccccc1)c1ccc(OC(Cc2ccccc2)C(=O)O)cc1,6.0,1,EC50,PPARG,CHEMBL235
CCCO/N=C/c1ccc(OC(Cc2ccccc2)C(=O)O)cc1,5.102372908709558,1,EC50,PPARG,CHEMBL235
CCCO/N=C/c1ccc(O[C@@H](Cc2ccccc2)C(=O)O)cc1,5.42021640338319,1,EC50,PPARG,CHEMBL235
CCCOC(=O)/C(C)=C/CC/C(C)=C/CC[C@]1(C)CCc2cc(O)cc(C)c2O1,6.003926345514724,1,EC50,PPARG,CHEMBL235
CCCOC(=O)N(CC(=O)O)Cc1cc(OCc2nc(-c3ccc(Cl)cc3)oc2C)ccc1F,5.696156225111345,1,EC50,PPARG,CHEMBL235
CCCOC(=O)N(CC(=O)O)Cc1cccc(OCc2nc(-c3ccc(Cl)cc3)oc2C)c1,4.986741334716483,1,IC50,PPARG,CHEMBL235
CCCOC(=O)N1C=C(Cc2cccc(OCCc3nc(-c4ccccc4)oc3C)c2)C(C(=O)O)CC1,6.30189945437661,1,IC50,PPARG,CHEMBL235
CCCOC(=O)N1CCC(C(=O)O)=C(Cc2cccc(OCCc3nc(-c4ccccc4)oc3C)c2)C1,6.013228265733755,1,IC50,PPARG,CHEMBL235
CCCOC(=O)N1CCc2c(OCCc3nc(-c4ccc(-c5ccccc5)cc4)oc3C)ccc(CCC(=O)O)c2C1,8.100329725273209,2,"EC50,IC50",PPARG,CHEMBL235
CCCOC(=O)N1CCc2c(OCCc3nc(-c4ccccc4)oc3C)ccc(CCC(=O)O)c2C1,7.939713034397075,2,"EC50,IC50",PPARG,CHEMBL235
CCCOC(=O)c1ccccc1NC(Cc1ccc(OCCc2nc(-c3ccccc3)oc2C)cc1)C(=O)O,8.61996975203217,1,Ki,PPARG,CHEMBL235
CCCOC(Cc1ccc(OCCc2nc(-c3ccccc3)oc2C)c2ccccc12)C(=O)O,8.154901959985743,1,IC50,PPARG,CHEMBL235
CCCOC(Cc1ccc(OCCc2nc(-c3ccccc3)oc2C)c2ccsc12)C(=O)O,8.397940008672037,1,IC50,PPARG,CHEMBL235
CCCOC(Cc1ccc2c(ccn2Cc2nc(-c3ccc(C(F)(F)F)cc3)oc2C)c1)C(=O)O,6.399027104313252,1,IC50,PPARG,CHEMBL235
CCCO[C@@H](Cc1ccc(OCCc2nc(-c3ccccc3)oc2C)c2ccsc12)C(=O)O,8.698970004336019,1,IC50,PPARG,CHEMBL235
CCCOc1cc(C)c2c(c1)CC[C@@](C)(CC/C=C(\C)CC/C=C(\C)C(=O)O)O2,5.771599641296995,1,EC50,PPARG,CHEMBL235
CCCOc1cc(C)c2c(c1C)C[C@H]([C@H](C)C(=O)O)CC2,4.823908740944319,1,EC50,PPARG,CHEMBL235
CCCOc1cc(Oc2ccc(C)nc2C)cc2c1nc(COc1cccc(C(=O)O)c1)n2C,7.494850021680094,1,EC50,PPARG,CHEMBL235
CCCOc1ccc(CC(CC)C(=O)O)cc1CNC(=O)c1ccc(C(F)(F)F)cc1,5.886056647693163,1,EC50,PPARG,CHEMBL235
CCCOc1ccc(CC(CC)C(=O)O)cc1CNC(=O)c1ccc(C(F)(F)F)cc1F,6.187086643357144,1,EC50,PPARG,CHEMBL235
CCCOc1ccc(CC(Cc2ccccc2)C(=O)O)cc1CNC(=O)c1ccc(-c2ncccn2)cc1,7.460923901207224,1,EC50,PPARG,CHEMBL235
CCCOc1ccc(CC(Cc2ccccc2)C(=O)O)cc1CNC(=O)c1ccc(C23CC4CC(CC(C4)C2)C3)cc1,8.443697499232712,1,EC50,PPARG,CHEMBL235
CCCOc1ccc(C[C@@H](CC)C(=O)O)cc1CNC(=O)c1ccc(C23CC4CC(CC(C4)C2)C3)cc1,7.080921907623926,2,EC50,PPARG,CHEMBL235
CCCOc1ccc(C[C@@H](CC2CCCCC2)C(=O)O)cc1CNC(=O)c1ccc(C23CC4CC(CC(C4)C2)C3)cc1,7.920818753952375,1,EC50,PPARG,CHEMBL235
CCCOc1ccc(C[C@@H](CCc2ccccc2)C(=O)O)cc1CNC(=O)c1ccc(C23CC4CC(CC(C4)C2)C3)cc1,7.468521082957745,1,EC50,PPARG,CHEMBL235
CCCOc1ccc(C[C@@H](Cc2ccccc2)C(=O)O)cc1CNC(=O)c1ccc(-c2ccc(F)cc2)cc1,6.988852639224202,1,EC50,PPARG,CHEMBL235
CCCOc1ccc(C[C@@H](Cc2ccccc2)C(=O)O)cc1CNC(=O)c1ccc(-c2cccc(F)c2)cc1,7.542118103266008,1,EC50,PPARG,CHEMBL235
CCCOc1ccc(C[C@@H](Cc2ccccc2)C(=O)O)cc1CNC(=O)c1ccc(-c2ccccc2)cc1,7.066006836168757,1,EC50,PPARG,CHEMBL235
CCCOc1ccc(C[C@@H](Cc2ccccc2)C(=O)O)cc1CNC(=O)c1ccc(-c2ccccc2C)cc1,7.131943638176958,1,EC50,PPARG,CHEMBL235
CCCOc1ccc(C[C@@H](Cc2ccccc2)C(=O)O)cc1CNC(=O)c1ccc(-c2ccccc2F)cc1,7.305394801066432,1,EC50,PPARG,CHEMBL235
CCCOc1ccc(C[C@@H](Cc2ccccc2)C(=O)O)cc1CNC(=O)c1ccc(-c2ccccn2)cc1,6.730253626869233,1,EC50,PPARG,CHEMBL235
CCCOc1ccc(C[C@@H](Cc2ccccc2)C(=O)O)cc1CNC(=O)c1ccc(-c2cccnc2)cc1,6.073657553374344,1,EC50,PPARG,CHEMBL235
CCCOc1ccc(C[C@@H](Cc2ccccc2)C(=O)O)cc1CNC(=O)c1ccc(-c2cccs2)cc1,7.185752404268079,1,EC50,PPARG,CHEMBL235
CCCOc1ccc(C[C@@H](Cc2ccccc2)C(=O)O)cc1CNC(=O)c1ccc(-c2ccncc2)cc1,5.772627557710363,1,EC50,PPARG,CHEMBL235
CCCOc1ccc(C[C@@H](Cc2ccccc2)C(=O)O)cc1CNC(=O)c1ccc(-c2cnccn2)cc1,6.146362618041406,1,EC50,PPARG,CHEMBL235
CCCOc1ccc(C[C@@H](Cc2ccccc2)C(=O)O)cc1CNC(=O)c1ccc(-c2cncnc2)cc1,5.509339346643863,1,EC50,PPARG,CHEMBL235
CCCOc1ccc(C[C@@H](Cc2ccccc2)C(=O)O)cc1CNC(=O)c1ccc(-c2ncccn2)cc1,7.460923901207224,1,EC50,PPARG,CHEMBL235
CCCOc1ccc(C[C@@H](Cc2ccccc2)C(=O)O)cc1CNC(=O)c1ccc(C23CC4CC(CC(C4)C2)C3)cc1,8.443697499232712,3,EC50,PPARG,CHEMBL235
CCCOc1ccc(C[C@@H](Cc2ccccc2)C(=O)O)cc1CNC(=O)c1ccc(N2C3CC4CC(C3)CC2C4)cc1,8.657577319177793,1,EC50,PPARG,CHEMBL235
CCCOc1ccc(C[C@@H](Cc2ccccc2)C(=O)O)cc1CNC(=O)c1ccc(N2C3CCCC2CC3)cc1,8.173925197299173,1,EC50,PPARG,CHEMBL235
CCCOc1ccc(C[C@@H](Cc2ccccc2)C(=O)O)cc1CNC(=O)c1ccc(N2C3CCCC2CCC3)cc1,8.275724130399212,1,EC50,PPARG,CHEMBL235
CCCOc1ccc(C[C@@H](Cc2ccccc2)C(=O)O)cc1CNC(=O)c1ccc(N2CC(C)(C)CC(C)(C)C2)cc1,8.657577319177793,1,EC50,PPARG,CHEMBL235
CCCOc1ccc(C[C@@H](Cc2ccccc2)C(=O)O)cc1CNC(=O)c1ccc(N2CC3CCC(C3)C2)cc1,7.931814138253838,1,EC50,PPARG,CHEMBL235
CCCOc1ccc(C[C@@H](Cc2ccccc2)C(=O)O)cc1CNC(=O)c1ccc(N2CCC(C)(C)CC2)cc1,7.982966660701219,1,EC50,PPARG,CHEMBL235
CCCOc1ccc(C[C@@H](Cc2ccccc2)C(=O)O)cc1CNC(=O)c1ccc(N2CCCC(C)(C)C2)cc1,8.154901959985743,1,EC50,PPARG,CHEMBL235
CCCOc1ccc(C[C@@H](Cc2ccccc2)C(=O)O)cc1CNC(=O)c1ccc(N2CCCCC2)cc1,7.278189384787454,1,EC50,PPARG,CHEMBL235
CCCOc1ccc(C[C@@H](Cc2ccccc2)C(=O)O)cc1CNC(=O)c1ccc(N2CCCCCC2)cc1,8.173925197299173,1,EC50,PPARG,CHEMBL235
CCCOc1ccc(C[C@@H](Cc2ccccc2)C(=O)O)cc1CNC(=O)c1ccc(N2CCCCCCC2)cc1,8.721246399047171,1,EC50,PPARG,CHEMBL235
CCCOc1ccc(C[C@@H](Cc2ccccc2)C(=O)O)cc1CNC(=O)c1ccc(N2CCCCCCCC2)cc1,7.410050398674292,1,EC50,PPARG,CHEMBL235
CCCOc1ccc(C[C@H](CC)C(=O)O)cc1CNC(=O)c1ccc(C23CC4CC(CC(C4)C2)C3)cc1,7.3872161432802645,2,EC50,PPARG,CHEMBL235
CCCOc1ccc(C[C@H](CC2CCCCC2)C(=O)O)cc1CNC(=O)c1ccc(C23CC4CC(CC(C4)C2)C3)cc1,7.657577319177793,1,EC50,PPARG,CHEMBL235
CCCOc1ccc(C[C@H](CCc2ccccc2)C(=O)O)cc1CNC(=O)c1ccc(C23CC4CC(CC(C4)C2)C3)cc1,8.036212172654444,1,EC50,PPARG,CHEMBL235
CCCOc1ccc(C[C@H](Cc2ccccc2)C(=O)O)cc1CNC(=O)c1ccc(C23CC4CC(CC(C4)C2)C3)cc1,7.9196173791961,3,EC50,PPARG,CHEMBL235
CCCOc1ccc2c(c1)O/C(=C\c1cc(C)c(OC(C)(C)C(=O)O)c(C)c1)C2=O,6.3851027839668655,1,EC50,PPARG,CHEMBL235
CCCOc1ccc2c(c1)O/C(=C\c1cc(C)c(OCC(=O)O)c(C)c1)C2=O,5.402085528797471,1,EC50,PPARG,CHEMBL235
CCC[C@@H](OCc1ccc(-c2ccc(Cl)cc2)cc1)C(=O)O,5.267606240177031,1,EC50,PPARG,CHEMBL235
CCC[C@@H](Oc1ccc2ccccc2c1)C(=O)O,4.903089986991944,1,EC50,PPARG,CHEMBL235
CCC[C@@H](Oc1cccc(Cn2c(C)c(C(=O)c3ccc(Cl)cc3)c3ccc(OC(F)(F)F)cc32)c1)C(=O)O,7.920818753952375,1,IC50,PPARG,CHEMBL235
CCC[C@H](NC(=O)c1ccc2c(c1)c(C)c(C)n2Cc1ccc(-c2ccccc2C(=O)O)cc1)c1ccccc1,9.096910013008056,1,IC50,PPARG,CHEMBL235
CCC[C@H](OCc1ccc(-c2ccc(Cl)cc2)cc1)C(=O)O,5.050609993355087,1,EC50,PPARG,CHEMBL235
CCC[C@H](Oc1ccc2ccccc2c1)C(=O)O,5.141333739816979,2,EC50,PPARG,CHEMBL235
CCC[C@H](Oc1cccc(Cn2c(C)c(C(=O)c3ccc(Cl)cc3)c3ccc(OC(F)(F)F)cc32)c1)C(=O)O,8.096910013008056,1,IC50,PPARG,CHEMBL235
CCCc1[nH]c2cc(C(=O)NC(CC)c3ccccc3)ccc2c1Cc1ccc(-c2ccccc2C(=O)O)cc1,8.221848749616356,1,EC50,PPARG,CHEMBL235
CCCc1[nH]c2ccc(C(=O)NC(CC)c3ccccc3)cc2c1Cc1ccc(-c2ccccc2C(=O)O)cc1,6.455931955649724,1,EC50,PPARG,CHEMBL235
CCCc1c(-c2ccccc2)[nH]c2ccc(C(=O)O)cc12,5.430000267796055,1,Ki,PPARG,CHEMBL235
CCCc1c(-c2ccccc2)[nH]c2ccc(CC(=O)O)cc12,5.410000161858408,1,Ki,PPARG,CHEMBL235
CCCc1c(Cc2ccc(-c3ccccc3C(=O)O)cc2)c2cc(C(=O)NC(CC)c3ccccc3)ccc2n1OC,7.045757490560675,1,EC50,PPARG,CHEMBL235
CCCc1c(Cc2ccc(-c3ccccc3C(=O)O)cc2)c2ccc(C(=O)NC(CC)c3ccccc3)cc2n1C,8.698970004336019,1,EC50,PPARG,CHEMBL235
CCCc1c(O)c(C(=O)CC)cc(Cl)c1OC(C(=O)O)c1ccccc1,5.7156879622873635,2,Ki,PPARG,CHEMBL235
CCCc1c(OC(C(=O)O)c2ccccc2)c(Cl)cc2c(CC)noc12,5.950781977329818,1,Ki,PPARG,CHEMBL235
CCCc1c(OC(C(=O)O)c2ccccc2)ccc2c(C(F)(F)F)noc12,5.337242168318426,1,Ki,PPARG,CHEMBL235
CCCc1c(OCC(C)COc2cccc3c2ccn3CC(=O)O)ccc2c(C(F)(F)F)noc12,5.88672530753565,1,IC50,PPARG,CHEMBL235
CCCc1c(OCCC(C)CCOc2ccc3c(ccn3CC(=O)O)c2)ccc2c(C(F)(F)F)noc12,5.863913902615902,1,IC50,PPARG,CHEMBL235
CCCc1c(OCCC(C)CCOc2cccc3c2ccn3CC(=O)O)ccc2c(C(F)(F)F)noc12,5.838033383635925,1,IC50,PPARG,CHEMBL235
CCCc1c(OCCCCCOc2ccc3c(ccn3CC(=O)O)c2)ccc2c(C(F)(F)F)noc12,5.978810700930062,1,IC50,PPARG,CHEMBL235
CCCc1c(OCCCCCOc2cccc3c2ccn3CC(=O)O)ccc2c(C(F)(F)F)noc12,5.748605149959896,1,IC50,PPARG,CHEMBL235
CCCc1c(OCCCCOc2ccc(/C=C/C(=O)O)cc2)ccc2c(-c3ccccc3)noc12,7.886056647693163,1,Ki,PPARG,CHEMBL235
CCCc1c(OCCCCOc2ccc(C(C)(C)C(=O)O)cc2)ccc2c(-c3ccccc3)noc12,7.769551078621726,1,Ki,PPARG,CHEMBL235
CCCc1c(OCCCCOc2ccc(C(C)(C)CC(=O)O)cc2)ccc2c(-c3ccccc3)noc12,7.2839966563652006,1,Ki,PPARG,CHEMBL235
CCCc1c(OCCCCOc2ccc(CC(=O)O)cc2)ccc2c(-c3ccccc3)noc12,7.522878745280337,1,Ki,PPARG,CHEMBL235
CCCc1c(OCCCCOc2ccc(CC(C)(C)C(=O)O)cc2)ccc2c(-c3ccccc3)noc12,7.698970004336019,3,"Ki,EC50",PPARG,CHEMBL235
CCCc1c(OCCCCOc2ccc(CCC(=O)O)cc2)ccc2c(-c3ccccc3)noc12,8.050609993355087,1,Ki,PPARG,CHEMBL235
CCCc1c(OCCCCOc2ccc(OC(C)(C)C(=O)O)cc2)ccc2c(-c3ccccc3)noc12,8.619788758288394,1,Ki,PPARG,CHEMBL235
CCCc1c(OCCCCOc2ccc(OC(C)C(=O)O)cc2)ccc2c(-c3ccccc3)noc12,7.698970004336019,1,Ki,PPARG,CHEMBL235
CCCc1c(OCCCCOc2ccc3c(ccn3CC(=O)O)c2)ccc2c(C(F)(F)F)noc12,6.978810700930062,1,IC50,PPARG,CHEMBL235
CCCc1c(OCCCCOc2cccc(C(=O)O)c2)ccc2c(-c3ccccc3)noc12,7.0,1,Ki,PPARG,CHEMBL235
CCCc1c(OCCCCOc2cccc(C(C)(C)C(=O)O)c2)ccc2c(-c3ccccc3)noc12,7.585026652029182,1,Ki,PPARG,CHEMBL235
CCCc1c(OCCCCOc2cccc(CC(=O)O)c2)ccc2c(-c3ccccc3)noc12,8.365243527891042,2,"Ki,EC50",PPARG,CHEMBL235
CCCc1c(OCCCCOc2cccc(CCC(=O)O)c2)ccc2c(-c3ccccc3)noc12,6.939302159646388,1,Ki,PPARG,CHEMBL235
CCCc1c(OCCCCOc2cccc(OC(C)(C)C(=O)O)c2)ccc2c(-c3ccccc3)noc12,7.3872161432802645,1,Ki,PPARG,CHEMBL235
CCCc1c(OCCCCOc2cccc(OCC(=O)O)c2)ccc2c(-c3ccccc3)noc12,7.2839966563652006,1,Ki,PPARG,CHEMBL235
CCCc1c(OCCCCOc2cccc3c2ccn3CC(=O)O)ccc2c(C(F)(F)F)noc12,6.111259039317107,1,IC50,PPARG,CHEMBL235
CCCc1c(OCCCCOc2ccccc2CC(=O)O)ccc2c(-c3ccccc3)noc12,6.458420756053419,1,Ki,PPARG,CHEMBL235
CCCc1c(OCCCN(C)c2ccc(CC(=O)O)c(C)c2)ccc2c(C(F)(F)F)noc12,5.337242168318426,1,IC50,PPARG,CHEMBL235
CCCc1c(OCCCN(C)c2ccc(CC(=O)O)cc2)ccc2c(C(F)(F)F)noc12,5.537602002101044,1,IC50,PPARG,CHEMBL235
CCCc1c(OCCCN(C)c2ccc(CC(=O)O)cc2C)ccc2c(C(F)(F)F)noc12,6.337242168318426,1,IC50,PPARG,CHEMBL235
CCCc1c(OCCCN(C)c2cccc(CC(=O)O)c2)ccc2c(C(F)(F)F)noc12,5.522878745280337,1,IC50,PPARG,CHEMBL235
CCCc1c(OCCCNc2ccc(CC(=O)O)cc2)ccc2c(C(F)(F)F)noc12,6.991399828238082,1,IC50,PPARG,CHEMBL235
CCCc1c(OCCCOc2ccc(/C=C/C(=O)O)cc2)ccc2c(-c3ccccc3)noc12,6.818156412055227,1,Ki,PPARG,CHEMBL235
CCCc1c(OCCCOc2ccc(CC(=O)O)cc2)ccc2c(-c3ccccc3)noc12,7.494850021680094,1,Ki,PPARG,CHEMBL235
CCCc1c(OCCCOc2ccc(CC(=O)O)cc2)ccc2c(C(F)(F)F)noc12,6.568636235841012,1,IC50,PPARG,CHEMBL235
CCCc1c(OCCCOc2ccc(CC(=O)O)cc2Cl)ccc2c(C(F)(F)F)noc12,6.552841968657781,1,IC50,PPARG,CHEMBL235
CCCc1c(OCCCOc2ccc(CCC(=O)O)cc2)ccc2c(-c3ccccc3)noc12,7.494850021680094,1,Ki,PPARG,CHEMBL235
CCCc1c(OCCCOc2ccc(CCCC(=O)O)cc2)ccc2c(-c3ccccc3)noc12,6.838631997765026,1,Ki,PPARG,CHEMBL235
CCCc1c(OCCCOc2ccc(OC(C)C(=O)O)cc2)ccc2c(-c3ccccc3)noc12,7.657577319177793,1,Ki,PPARG,CHEMBL235
CCCc1c(OCCCOc2ccc(OCC(=O)O)cc2)ccc2c(-c3ccccc3)noc12,7.468521082957745,1,Ki,PPARG,CHEMBL235
CCCc1c(OCCCOc2ccc3c(ccn3C(CC)C(=O)O)c2)ccc2c(C(F)(F)F)noc12,5.767257937279263,1,IC50,PPARG,CHEMBL235
CCCc1c(OCCCOc2ccc3c(ccn3CC(=O)O)c2)ccc2c(-c3ccccc3)noc12,6.920818753952375,1,IC50,PPARG,CHEMBL235
CCCc1c(OCCCOc2ccc3c(ccn3CC(=O)O)c2)ccc2c(C#N)c[nH]c12,6.11975822410452,1,IC50,PPARG,CHEMBL235
CCCc1c(OCCCOc2ccc3c(ccn3CC(=O)O)c2)ccc2c(C(=O)C(F)(F)F)c[nH]c12,5.618884919290149,1,IC50,PPARG,CHEMBL235
CCCc1c(OCCCOc2ccc3c(ccn3CC(=O)O)c2)ccc2c(C(F)(F)F)noc12,6.818156412055227,2,IC50,PPARG,CHEMBL235
CCCc1c(OCCCOc2ccc3c(ccn3CC(=O)O)c2)ccc2cc(C(=O)c3ccccc3)ccc12,7.227965977824862,2,"EC50,IC50",PPARG,CHEMBL235
CCCc1c(OCCCOc2ccc3c(ccn3CCC(=O)O)c2)ccc2c(C(F)(F)F)noc12,6.2335871528876,1,IC50,PPARG,CHEMBL235
CCCc1c(OCCCOc2ccc3c(ccn3Cc3nn[nH]n3)c2)ccc2c(C(F)(F)F)noc12,5.949620243738542,1,IC50,PPARG,CHEMBL235
CCCc1c(OCCCOc2ccc3ccn(CC(=O)O)c3c2)ccc2c(C(F)(F)F)noc12,5.980053318321158,1,IC50,PPARG,CHEMBL235
CCCc1c(OCCCOc2ccc3ccn(CC(=O)O)c3c2)ccc2cc(C(=O)c3ccccc3)ccc12,5.693789491832239,1,IC50,PPARG,CHEMBL235
CCCc1c(OCCCOc2cccc(CC(=O)O)c2)ccc2c(-c3ccccc3)noc12,6.1791420105603,1,Ki,PPARG,CHEMBL235
CCCc1c(OCCCOc2cccc(CCC(=O)O)c2)ccc2c(-c3ccccc3)noc12,6.3487219860018556,1,Ki,PPARG,CHEMBL235
CCCc1c(OCCCOc2cccc3c2ccn3C(CC)C(=O)O)ccc2c(C(F)(F)F)noc12,5.892111974817201,1,IC50,PPARG,CHEMBL235
CCCc1c(OCCCOc2cccc3c2ccn3CC(=O)O)ccc2c(-c3ccccc3)coc12,5.401428336517859,1,IC50,PPARG,CHEMBL235
CCCc1c(OCCCOc2cccc3c2ccn3CC(=O)O)ccc2c(-c3ccccc3)noc12,6.896196279044043,1,IC50,PPARG,CHEMBL235
CCCc1c(OCCCOc2cccc3c2ccn3CC(=O)O)ccc2c(C(F)(F)F)noc12,5.702020755840637,1,IC50,PPARG,CHEMBL235
CCCc1c(OCCCOc2cccc3c2ccn3CC(=O)O)ccc2cc(-c3ccccc3)[nH]c12,5.774949303861951,1,IC50,PPARG,CHEMBL235
CCCc1c(OCCCOc2cccc3c2ccn3CC(=O)O)ccc2cc(-c3ccccc3)oc12,5.710411047457404,1,IC50,PPARG,CHEMBL235
CCCc1c(OCCCOc2cccc3c2ccn3CC(=O)O)ccc2cc(C(=O)c3ccccc3)ccc12,6.084072788302884,1,IC50,PPARG,CHEMBL235
CCCc1c(OCCCOc2cccc3c2ccn3CC(=O)O)ccc2cc[nH]c12,5.317945222926193,1,IC50,PPARG,CHEMBL235
CCCc1c(OCCCOc2cccc3c2ccn3CCC(=O)O)ccc2c(C(F)(F)F)noc12,5.959397659885926,1,IC50,PPARG,CHEMBL235
CCCc1c(OCCCOc2ccccc2CC(=O)O)ccc2c(-c3ccccc3)noc12,6.302770657240282,1,Ki,PPARG,CHEMBL235
CCCc1c(OCCCOc2ccccc2CCC(=O)O)ccc2c(-c3ccccc3)noc12,5.876148359032914,1,Ki,PPARG,CHEMBL235
CCCc1c(OCCCSc2ccc(CC(=O)O)cc2Cl)ccc(/C(CC)=N/O)c1O,7.5713337517843655,2,"EC50,IC50",PPARG,CHEMBL235
CCCc1c(OCCCSc2ccc(CC(=O)O)cc2Cl)ccc(C(=O)CC)c1O,6.83889035263304,2,"EC50,IC50",PPARG,CHEMBL235
CCCc1c(OCCCSc2ccc(CC(=O)O)cc2Cl)ccc(C(C)=O)c1O,6.437422085209735,2,"EC50,IC50",PPARG,CHEMBL235
CCCc1c(OCCCSc2ccc(CC(=O)O)cc2Cl)ccc2c(-c3ccccc3)coc12,7.536314818480488,2,"EC50,IC50",PPARG,CHEMBL235
CCCc1c(OCCCSc2ccc(CC(=O)O)cc2Cl)ccc2c(-c3ccccc3)noc12,7.958607314841775,1,Ki,PPARG,CHEMBL235
CCCc1c(OCCCSc2ccc(CC(=O)O)cc2Cl)ccc2c(C(F)(F)F)noc12,7.06736983898055,3,"EC50,IC50",PPARG,CHEMBL235
CCCc1c(OCCCSc2ccc(CC(=O)O)cc2Cl)ccc2c(CC)coc12,6.621605900615941,2,"EC50,IC50",PPARG,CHEMBL235
CCCc1c(OCCCSc2ccc(CC(=O)O)cc2Cl)ccc2c(CC)noc12,7.226617904629649,3,"EC50,IC50",PPARG,CHEMBL235
CCCc1c(OCCCn2ccc3c(OC(C)(C)C(=O)O)cccc32)ccc2cc(C(=O)c3ccccc3)ccc12,6.6777807052660805,1,EC50,PPARG,CHEMBL235
CCCc1c(OCCCn2ccc3c(OCC(=O)O)cccc32)ccc2cc(C(=O)c3ccccc3)ccc12,5.374687549038326,1,EC50,PPARG,CHEMBL235
CCCc1c(OCCCn2ccc3cc(CC(=O)O)ccc32)ccc2c(C(F)(F)F)noc12,5.721246399047171,1,IC50,PPARG,CHEMBL235
CCCc1c(OCCCn2ccc3cc(CCC(=O)O)ccc32)ccc2c(C(F)(F)F)noc12,5.920818753952375,1,IC50,PPARG,CHEMBL235
CCCc1c(OCCCn2ccc3cc(OC(C)(C)C(=O)O)ccc32)ccc2cc(C(=O)c3ccccc3)ccc12,6.187086643357144,1,EC50,PPARG,CHEMBL235
CCCc1c(OCCCn2ccc3cc(OCC(=O)O)ccc32)ccc2cc(C(=O)c3ccccc3)ccc12,5.655607726314889,1,EC50,PPARG,CHEMBL235
CCCc1c(OCCCn2ccc3ccc(OC(C)(C)C(=O)O)cc32)ccc2cc(C(=O)c3ccccc3)ccc12,6.327902142064282,1,EC50,PPARG,CHEMBL235
CCCc1c(OCCCn2ccc3ccc(OCC(=O)O)cc32)ccc2cc(C(=O)c3ccccc3)ccc12,5.459670525209127,1,EC50,PPARG,CHEMBL235
CCCc1c(OCCOc2ccc(CCC(=O)O)cc2)ccc2c(-c3ccccc3)noc12,6.517126416391246,1,Ki,PPARG,CHEMBL235
CCCc1c(OCCOc2ccc(CCCC(=O)O)cc2)ccc2c(-c3ccccc3)noc12,6.210419287835574,1,Ki,PPARG,CHEMBL235
CCCc1c(OCCOc2ccc3c(ccn3CC(=O)O)c2)ccc2c(C(F)(F)F)noc12,6.374687549038326,1,IC50,PPARG,CHEMBL235
CCCc1c(OCCOc2cccc3c2ccn3CC(=O)O)ccc2c(C(F)(F)F)noc12,5.825358807339551,1,IC50,PPARG,CHEMBL235
CCCc1c(O[C@H](C(=O)O)c2ccc(C(C)C)cc2)c(Cl)cc2c1oc(=O)n2CC,6.2839966563652006,1,IC50,PPARG,CHEMBL235
CCCc1c(Oc2c(C)n(-c3noc4cc(Cl)ccc34)c3ccc(OC(F)(F)F)cc23)cccc1O[C@@H](C)C(=O)O,6.193141970481182,1,IC50,PPARG,CHEMBL235
CCCc1c(SC)c2cc(NC(=O)C(CC)c3ccccc3)ccc2n1Cc1ccc(-c2ccccc2C(=O)O)cc1,7.443697499232712,1,IC50,PPARG,CHEMBL235
CCCc1c(SC)c2ccc(NC(=O)C(CC)c3ccccc3)cc2n1Cc1ccc(-c2ccccc2C(=O)O)cc1,6.309803919971486,1,IC50,PPARG,CHEMBL235
CCCc1cc(-c2ccccc2)ccc1OCCCOc1cccc(C2OC(=O)NC2=O)c1,6.346787486224656,1,IC50,PPARG,CHEMBL235
CCCc1cc(-c2nc(C(C)(C)C)cs2)ccc1OCCCOc1ccc2c(c1)CC[C@H]2CC(=O)O,1.2499999999925464,1,EC50,PPARG,CHEMBL235
CCCc1cc(-c2nc(C(F)(F)F)cs2)ccc1OCCCOc1ccc2c(c1)CC[C@H]2CC(=O)O,1.7399999999069173,1,EC50,PPARG,CHEMBL235
CCCc1cc(-c2nc(C)c(C(=O)N(C)C)s2)ccc1OCCCOc1ccc2c(c1)CC[C@H]2CC(=O)O,1.3000000000236325,1,EC50,PPARG,CHEMBL235
CCCc1cc(-c2nc(C)c(C(=O)O)s2)ccc1OCCCOc1ccc2c(c1)CC[C@H]2CC(=O)O,2.3699999997980044,1,EC50,PPARG,CHEMBL235
CCCc1cc(-c2nc(C)c(C(C)=O)s2)ccc1OCCCOc1ccc2c(c1)CC[C@H]2CC(=O)O,1.2299999999672453,1,EC50,PPARG,CHEMBL235
CCCc1cc(-c2nc(CC)cs2)ccc1OCCCOc1ccc2c(c1)CC[C@H]2CC(=O)O,1.6499999999162611,1,EC50,PPARG,CHEMBL235
CCCc1cc(-c2nc(CO)c(C(=O)O)s2)ccc1OCCCOc1ccc2c(c1)CC[C@H]2CC(=O)O,2.9400000005662026,1,EC50,PPARG,CHEMBL235
CCCc1cc(-c2nc(OC(C)C)cs2)ccc1OCCCOc1ccc2c(c1)CC[C@H]2CC(=O)O,1.6499999999162611,1,EC50,PPARG,CHEMBL235
CCCc1cc(-c2nc(OCC)c(C)s2)ccc1OCCCOc1ccc2c(c1)CC[C@H]2CC(=O)O,1.5299999999509062,1,EC50,PPARG,CHEMBL235
CCCc1cc(-c2nc(OCC)cs2)ccc1OCCCOc1ccc2c(c1)CC[C@H]2CC(=O)O,1.6099999999442742,1,EC50,PPARG,CHEMBL235
CCCc1cc(-c2nc3c(s2)CCC3)ccc1OCCCOc1ccc2c(c1)CC[C@H]2CC(=O)O,1.9700000000963032,1,EC50,PPARG,CHEMBL235
CCCc1cc(-c2nc3c(s2)CCCC3)ccc1OCCCOc1ccc2c(c1)CC[C@H]2CC(=O)O,1.0700000000012126,1,EC50,PPARG,CHEMBL235
CCCc1cc(-c2nc3c(s2)CCCO3)ccc1OCCCOc1ccc2c(c1)CC[C@H]2CC(=O)O,1.6200000000035288,1,EC50,PPARG,CHEMBL235
CCCc1cc(-c2nccs2)ccc1OCCCOc1ccc2c(c1)CC[C@H]2CC(=O)O,1.6799999999696595,1,EC50,PPARG,CHEMBL235
CCCc1cc(-c2noc3ccccc23)ccc1OCCCOc1cccc(C2SC(=O)NC2=O)c1,7.522878745280337,1,IC50,PPARG,CHEMBL235
CCCc1cc(C#N)ccc1OCCCOc1ccc2c(c1)CC[C@H]2CC(=O)O,2.750000000009506,1,EC50,PPARG,CHEMBL235
CCCc1cc(C(=O)C(C)(C)C)cc(CCC)c1OC(C(=O)O)c1ccccc1,5.568636235841012,1,IC50,PPARG,CHEMBL235
CCCc1cc(C(=O)C(C)C)cc(CCC)c1OC(C(=O)O)c1ccccc1,5.500312917381596,1,IC50,PPARG,CHEMBL235
CCCc1cc(C(=O)C2CCCCC2)ccc1OCCCOc1cccc(C2SC(=O)NC2=O)c1,7.1938200260161125,1,IC50,PPARG,CHEMBL235
CCCc1cc(C(=O)CC)c(O)c(CCC)c1OC(C(=O)O)c1ccccc1,5.962573502059376,1,Ki,PPARG,CHEMBL235
CCCc1cc(C(=O)CC)cc(C)c1OC(C(=O)O)c1ccc(C(C)C)cc1,6.585026652029182,1,IC50,PPARG,CHEMBL235
CCCc1cc(C(=O)CC)cc(CCC)c1OC(C(=O)O)c1ccccc1,5.559090917934782,1,IC50,PPARG,CHEMBL235
CCCc1cc(C(=O)CC)cc(CCC)c1OC(C)(C)C(=O)O,5.899848408509207,2,"EC50,IC50",PPARG,CHEMBL235
CCCc1cc(C(=O)CC)cc(CCC)c1O[C@@H](C(=O)O)c1ccc(C(C)C)cc1,5.525783735923745,1,IC50,PPARG,CHEMBL235
CCCc1cc(C(=O)CC)cc(CCC)c1O[C@H](C(=O)O)c1ccc(C(C)C)cc1,7.1249387366083,1,IC50,PPARG,CHEMBL235
CCCc1cc(C(=O)CC)cc(CCC)c1O[C@H](C(=O)O)c1ccc(C(F)(F)F)cc1,6.6777807052660805,1,IC50,PPARG,CHEMBL235
CCCc1cc(C(=O)CC)cc(CCC)c1O[C@H](C(=O)O)c1ccc(CC(C)C)cc1,6.657577319177793,1,IC50,PPARG,CHEMBL235
CCCc1cc(C(=O)CC)cc(CCC)c1O[C@H](C(=O)O)c1ccc(CC)cc1,6.6777807052660805,1,IC50,PPARG,CHEMBL235
CCCc1cc(C(=O)CC)cc(CCC)c1O[C@H](C(=O)O)c1ccc(OC(C)C)cc1,6.698970004336019,1,IC50,PPARG,CHEMBL235
CCCc1cc(C(=O)CC)cc(Cl)c1O[C@H](C(=O)O)c1ccc(C(C)C)cc1,6.657577319177793,1,IC50,PPARG,CHEMBL235
CCCc1cc(C(=O)OC)cc(C)c1OC(C(=O)O)c1ccccc1,5.2262135550188065,1,Ki,PPARG,CHEMBL235
CCCc1cc(C(=O)OC)cc(CCC)c1OC(C(=O)O)c1ccccc1,5.958607314841775,1,Ki,PPARG,CHEMBL235
CCCc1cc(C(=O)OC)cc(Cl)c1OC(C(=O)O)c1ccccc1,5.069050968832477,1,Ki,PPARG,CHEMBL235
CCCc1cc(C(=O)c2ccc(Cl)cc2)ccc1OCCCOc1cccc(C2SC(=O)NC2=O)c1,6.84163750790475,1,IC50,PPARG,CHEMBL235
CCCc1cc(C(=O)c2ccc(F)cc2)ccc1OCCCOc1ccc2c(ccn2CC(=O)O)c1,6.889410289700751,1,IC50,PPARG,CHEMBL235
CCCc1cc(C(=O)c2ccc(F)cc2)ccc1OCCCOc1ccc2ccn(CC(=O)O)c2c1,5.890421453095613,1,IC50,PPARG,CHEMBL235
CCCc1cc(C(=O)c2ccc(F)cc2)ccc1OCCCOc1cccc2c1ccn2CC(=O)O,5.618163200001657,1,IC50,PPARG,CHEMBL235
CCCc1cc(C(=O)c2ccccc2)cc(CCC)c1OC(C(=O)O)c1ccccc1,5.329754146925875,1,IC50,PPARG,CHEMBL235
CCCc1cc(C(=O)c2ccccc2)ccc1OCCCOc1cccc(C2SC(=O)NC2=O)c1,7.721246399047171,1,IC50,PPARG,CHEMBL235
CCCc1cc(C(F)(F)F)ccc1OCCCOc1ccc2c(c1)CC[C@H]2CC(=O)O,2.4800000006329412,1,EC50,PPARG,CHEMBL235
CCCc1cc(C2CCC(=O)CC2)ccc1OCCCOc1cccc(C2OC(=O)NC2=O)c1,5.935542010773082,1,IC50,PPARG,CHEMBL235
CCCc1cc(C2CCC(C)(C)CC2)ccc1OCCCOc1cccc(C2OC(=O)NC2=O)c1,5.75448733218585,1,IC50,PPARG,CHEMBL235
CCCc1cc(C2CCC(F)(F)CC2)ccc1OCCCOc1cccc(C2OC(=O)NC2=O)c1,6.267606240177031,1,IC50,PPARG,CHEMBL235
CCCc1cc(C2CCC(O)CC2)ccc1OCCCOc1cccc(C2OC(=O)NC2=O)c1,6.7447274948966935,1,IC50,PPARG,CHEMBL235
CCCc1cc(C2CCCC2)ccc1OCCCOc1cccc(C2OC(=O)NC2=O)c1,5.97469413473523,1,IC50,PPARG,CHEMBL235
CCCc1cc(C2CCCCC2)ccc1OCCCOc1cccc(C2OC(=O)NC2=O)c1,6.309803919971486,1,IC50,PPARG,CHEMBL235
CCCc1cc(C2CCCCCC2)ccc1OCCCOc1cccc(C2OC(=O)NC2=O)c1,6.1938200260161125,1,IC50,PPARG,CHEMBL235
CCCc1cc(C2CCOCC2)ccc1OCCCOc1cccc(C2OC(=O)NC2=O)c1,6.1249387366083,1,IC50,PPARG,CHEMBL235
CCCc1cc(C=C2CCCCC2)ccc1OCCCOc1cccc(C2SC(=O)NC2=O)c1,6.823908740944319,1,IC50,PPARG,CHEMBL235
CCCc1cc(CC2CCCCC2)ccc1OCCCOc1cccc(C2SC(=O)NC2=O)c1,7.229147988357855,1,IC50,PPARG,CHEMBL235
CCCc1cc(OC2CCCC2)ccc1OCCCOc1cccc(C2SC(=O)NC2=O)c1,7.200659450546418,1,IC50,PPARG,CHEMBL235
CCCc1cc(OC2CCCCC2)ccc1OCCCOc1cccc(C2SC(=O)NC2=O)c1,7.431798275933005,1,IC50,PPARG,CHEMBL235
CCCc1cc(OC2CCCCCC2)ccc1OCCCOc1cccc(C2SC(=O)NC2=O)c1,7.070581074285707,1,IC50,PPARG,CHEMBL235
CCCc1cc(Oc2ccc(-c3ccccc3)cc2)ccc1OCCCOc1ccc(C2SC(=O)NC2=O)cc1,7.292513326014591,2,"EC50,IC50",PPARG,CHEMBL235
CCCc1cc(Oc2ccc(-c3ccccc3)cc2)ccc1OCCCOc1cccc(C2SC(=O)NC2=O)c1,6.645891560852599,1,IC50,PPARG,CHEMBL235
CCCc1cc(Oc2ccc(C(C)(C)C)cc2)ccc1OCCCOc1cccc(C2SC(=O)NC2=O)c1,6.474955192963154,1,IC50,PPARG,CHEMBL235
CCCc1cc(Oc2ccc(C(C)C)cc2)ccc1OCCCOc1ccc(C2SC(=O)NC2=O)cc1,6.777283528852417,1,EC50,PPARG,CHEMBL235
CCCc1cc(Oc2ccc(C(C)C)cc2)ccc1OCCCOc1cccc(C2SC(=O)NC2=O)c1,6.769551078621726,1,IC50,PPARG,CHEMBL235
CCCc1cc(Oc2ccc(C(F)(F)F)cc2)ccc1OCCCOc1ccc(C2SC(=O)NC2=O)cc1,5.7447274948966935,1,IC50,PPARG,CHEMBL235
CCCc1cc(Oc2ccc(C)cc2)ccc1OCCCOc1ccc(C2SC(=O)NC2=O)cc1,5.585026652029182,1,IC50,PPARG,CHEMBL235
CCCc1cc(Oc2ccc(C3CCCC3)cc2)ccc1OCCCOc1ccc(C2SC(=O)NC2=O)cc1,6.827411191728648,2,"EC50,IC50",PPARG,CHEMBL235
CCCc1cc(Oc2ccc(C3CCCC3)cc2)ccc1OCCCOc1cccc(C2SC(=O)NC2=O)c1,6.481486060122112,1,IC50,PPARG,CHEMBL235
CCCc1cc(Oc2ccc(CC(C)C)cc2)ccc1OCCCOc1ccc(C2SC(=O)NC2=O)cc1,7.20446769648675,2,"EC50,IC50",PPARG,CHEMBL235
CCCc1cc(Oc2ccc(CC(C)C)cc2)ccc1OCCCOc1cccc(C2SC(=O)NC2=O)c1,6.536107011014092,1,IC50,PPARG,CHEMBL235
CCCc1cc(Oc2ccc(Cl)c(C)c2)ccc1OCCCOc1ccc(C2SC(=O)NC2=O)cc1,7.568636235841012,1,EC50,PPARG,CHEMBL235
CCCc1cc(Oc2ccc(Cl)c(C)c2)ccc1OCCCOc1cccc(C2SC(=O)NC2=O)c1,7.251811972993799,1,IC50,PPARG,CHEMBL235
CCCc1cc(Oc2ccc(Cl)c(Cl)c2)ccc1OCCCOc1ccc(C2SC(=O)NC2=O)cc1,7.327902142064282,1,EC50,PPARG,CHEMBL235
CCCc1cc(Oc2ccc(Cl)c(Cl)c2)ccc1OCCCOc1cccc(C2SC(=O)NC2=O)c1,7.1938200260161125,1,IC50,PPARG,CHEMBL235
CCCc1cc(Oc2ccc(Cl)cc2)ccc1OCCCOc1ccc(C2SC(=O)NC2=O)cc1,6.3979400086720375,2,"EC50,IC50",PPARG,CHEMBL235
CCCc1cc(Oc2ccc(Cl)cc2)ccc1OCCCOc1ccc2c(c1)OC(CC)(C(=O)O)CC2,6.0138985808104675,2,"EC50,IC50",PPARG,CHEMBL235
CCCc1cc(Oc2ccc(Cl)cc2)ccc1OCCCOc1cccc(C2SC(=O)NC2=O)c1,7.136677139879544,1,IC50,PPARG,CHEMBL235
CCCc1cc(Oc2ccc(F)c(C)c2)ccc1OCCCOc1ccc(C2SC(=O)NC2=O)cc1,6.97469413473523,1,EC50,PPARG,CHEMBL235
CCCc1cc(Oc2ccc(F)c(C)c2)ccc1OCCCOc1cccc(C2SC(=O)NC2=O)c1,7.107905397309519,1,IC50,PPARG,CHEMBL235
CCCc1cc(Oc2ccc(F)cc2)ccc1OCCCOc1ccc(C2SC(=O)NC2=O)cc1,6.480582519382814,3,"EC50,IC50",PPARG,CHEMBL235
CCCc1cc(Oc2ccc(F)cc2)ccc1OCCCOc1ccc(OC(C)(C)C(=O)O)cc1,5.963770455913705,1,EC50,PPARG,CHEMBL235
CCCc1cc(Oc2ccc(F)cc2)ccc1OCCCOc1ccc2c(c1)OC(CC)(C(=O)O)CC2,6.022878745280337,2,"EC50,IC50",PPARG,CHEMBL235
CCCc1cc(Oc2ccc(F)cc2)ccc1OCCCOc1cccc(C2SC(=O)NC2=O)c1,7.113509274827518,1,IC50,PPARG,CHEMBL235
CCCc1cc(Oc2ccc(NS(=O)(=O)c3ccc(C)cc3)cc2)ccc1OCCCOc1ccc(C2SC(=O)NC2=O)cc1,5.772577569995745,2,"EC50,IC50",PPARG,CHEMBL235
CCCc1cc(Oc2ccc(NS(C)(=O)=O)cc2)ccc1OCCCOc1ccc(C2SC(=O)NC2=O)cc1,5.698970004336019,1,IC50,PPARG,CHEMBL235
CCCc1cc(Oc2ccc(O)cc2)ccc1OCCCOc1ccc(C2SC(=O)NC2=O)cc1,7.638272163982407,1,EC50,PPARG,CHEMBL235
CCCc1cc(Oc2ccc(O)cc2)ccc1OCCCOc1cccc(C2SC(=O)NC2=O)c1,7.522878745280337,1,IC50,PPARG,CHEMBL235
CCCc1cc(Oc2ccc(OC)cc2)ccc1OCCCOc1ccc(C2SC(=O)NC2=O)cc1,6.9300604567993815,2,"EC50,IC50",PPARG,CHEMBL235
CCCc1cc(Oc2ccc(OC)cc2)ccc1OCCCOc1ccc2c(c1)OC(CC)(C(=O)O)CC2,6.125634721950752,2,"EC50,IC50",PPARG,CHEMBL235
CCCc1cc(Oc2ccc(OC)cc2)ccc1OCCCOc1cccc(C2SC(=O)NC2=O)c1,6.522878745280337,1,IC50,PPARG,CHEMBL235
CCCc1cc(Oc2ccc(S(C)(=O)=O)cc2)ccc1OCCCOc1ccc(C2SC(=O)NC2=O)cc1,6.761439372640169,2,"EC50,IC50",PPARG,CHEMBL235
CCCc1cc(Oc2ccc(S(C)(=O)=O)cc2)ccc1OCCCOc1ccc2c(c1)OC(CC)(C(=O)O)CC2,5.992320122295393,2,"EC50,IC50",PPARG,CHEMBL235
CCCc1cc(Oc2ccccc2)ccc1OCCCCOc1ccc(C2SC(=O)NC2=O)cc1,5.761439372640169,2,"EC50,IC50",PPARG,CHEMBL235
CCCc1cc(Oc2ccccc2)ccc1OCCCCOc1ccc2c(c1)CCC(C(=O)O)O2,5.56246936830415,2,"EC50,IC50",PPARG,CHEMBL235
CCCc1cc(Oc2ccccc2)ccc1OCCCCOc1ccc2c(c1)CCC(C)(C(=O)O)O2,5.779545458967391,2,"EC50,IC50",PPARG,CHEMBL235
CCCc1cc(Oc2ccccc2)ccc1OCCCCOc1ccc2c(c1)OC(C(=O)O)CC2,5.770303756120384,2,"EC50,IC50",PPARG,CHEMBL235
CCCc1cc(Oc2ccccc2)ccc1OCCCCOc1ccc2c(c1)OC(C)(C(=O)O)CC2,5.368063661567388,2,"EC50,IC50",PPARG,CHEMBL235
CCCc1cc(Oc2ccccc2)ccc1OCCCCOc1cccc(C2SC(=O)NC2=O)c1,6.709965388637482,1,IC50,PPARG,CHEMBL235
CCCc1cc(Oc2ccccc2)ccc1OCCCOc1ccc(C2SC(=O)NC2=O)cc1,6.966551424848872,4,"EC50,IC50",PPARG,CHEMBL235
CCCc1cc(Oc2ccccc2)ccc1OCCCOc1ccc(C2SC(=O)NC2=O)cc1C,6.0869625986495866,2,"EC50,IC50",PPARG,CHEMBL235
CCCc1cc(Oc2ccccc2)ccc1OCCCOc1ccc(C2SC(=O)NC2=O)cc1CCC,6.809894379144197,2,"EC50,IC50",PPARG,CHEMBL235
CCCc1cc(Oc2ccccc2)ccc1OCCCOc1ccc(C2SC(=O)NC2=O)cc1Cl,6.260716752203078,2,"EC50,IC50",PPARG,CHEMBL235
CCCc1cc(Oc2ccccc2)ccc1OCCCOc1ccc(C2SC(=O)NC2=O)cc1F,6.522878745280337,1,EC50,PPARG,CHEMBL235
CCCc1cc(Oc2ccccc2)ccc1OCCCOc1ccc(C2SC(=O)NC2=O)cc1OC,6.198970004336019,2,"EC50,IC50",PPARG,CHEMBL235
CCCc1cc(Oc2ccccc2)ccc1OCCCOc1ccc2c(c1)CCC(C(=O)O)O2,5.5452219853794125,2,"EC50,IC50",PPARG,CHEMBL235
CCCc1cc(Oc2ccccc2)ccc1OCCCOc1ccc2c(c1)CCC(C)(C(=O)O)O2,5.468521082957745,2,"EC50,IC50",PPARG,CHEMBL235
CCCc1cc(Oc2ccccc2)ccc1OCCCOc1ccc2c(c1)OC(C(=O)O)CC2,5.572725532093525,2,"EC50,IC50",PPARG,CHEMBL235
CCCc1cc(Oc2ccccc2)ccc1OCCCOc1ccc2c(c1)OC(C)(C(=O)O)CC2,6.06246936830415,2,"EC50,IC50",PPARG,CHEMBL235
CCCc1cc(Oc2ccccc2)ccc1OCCCOc1ccc2c(c1)OC(CC(C)C)(C(=O)O)CC2,5.920818753952375,1,IC50,PPARG,CHEMBL235
CCCc1cc(Oc2ccccc2)ccc1OCCCOc1ccc2c(c1)OC(CC)(C(=O)O)CC2,6.178273661756906,2,"EC50,IC50",PPARG,CHEMBL235
CCCc1cc(Oc2ccccc2)ccc1OCCCOc1ccc2c(c1)OC(CCC)(C(=O)O)CC2,6.256360091778466,2,"EC50,IC50",PPARG,CHEMBL235
CCCc1cc(Oc2ccccc2)ccc1OCCCOc1cccc(C2SC(=O)NC2=O)c1,7.427524759567843,4,"Ki,EC50,IC50",PPARG,CHEMBL235
CCCc1cc(SC(F)(F)F)ccc1OCCCOc1ccc2c(c1)CC(CC)(C(=O)O)O2,5.507239610973162,1,IC50,PPARG,CHEMBL235
CCCc1cc2c(=O)n(C(C)C)oc2c(CCC)c1O[C@H](C(=O)O)c1ccc(C(C)C)cc1,6.795880017344075,1,IC50,PPARG,CHEMBL235
CCCc1cc2c(=O)n(C(C)C)oc2c(CCC)c1O[C@H](C(=O)O)c1ccc(CC(C)C)cc1,6.585026652029182,1,IC50,PPARG,CHEMBL235
CCCc1cc2c(=O)n(C)oc2c(CCC)c1O[C@H](C(=O)O)c1ccc(C(C)C)cc1,6.6777807052660805,1,IC50,PPARG,CHEMBL235
CCCc1cc2c(=O)n(C)oc2c(CCC)c1O[C@H](C(=O)O)c1ccccc1,5.42021640338319,1,IC50,PPARG,CHEMBL235
CCCc1cc2c(=O)n(C3CCCCC3)oc2c(CCC)c1O[C@H](C(=O)O)c1ccc(C(C)C)cc1,6.356547323513812,1,IC50,PPARG,CHEMBL235
CCCc1cc2c(C(F)(F)F)noc2c(CCC)c1OC(C(=O)O)c1ccc(C(C)C)cc1,7.240348575382286,2,Ki,PPARG,CHEMBL235
CCCc1cc2c(C(F)(F)F)noc2c(CCC)c1OC(C(=O)O)c1ccc(C(F)(F)F)cc1,7.042669784705389,2,Ki,PPARG,CHEMBL235
CCCc1cc2c(C(F)(F)F)noc2c(CCC)c1OC(C(=O)O)c1ccc(CCc2ccccn2)cc1,6.832070544340091,2,Ki,PPARG,CHEMBL235
CCCc1cc2c(C(F)(F)F)noc2c(CCC)c1OC(C(=O)O)c1ccc(Cl)cc1,6.85778463307774,2,Ki,PPARG,CHEMBL235
CCCc1cc2c(C(F)(F)F)noc2c(CCC)c1OC(C(=O)O)c1ccc(OCc2ccccn2)cc1,6.949883674017746,2,Ki,PPARG,CHEMBL235
CCCc1cc2c(C(F)(F)F)noc2c(CCC)c1OC(C(=O)O)c1ccccc1,6.228624621633713,2,Ki,PPARG,CHEMBL235
CCCc1cc2c(C(F)(F)F)noc2c(CCC)c1OC(C)(C)C(=O)O,5.801342913045577,1,IC50,PPARG,CHEMBL235
CCCc1cc2c(C(F)(F)F)noc2c(CCC)c1O[C@@H](C(=O)O)c1ccccc1,5.501827339363456,1,Ki,PPARG,CHEMBL235
CCCc1cc2c(C(F)(F)F)noc2c(CCC)c1O[C@H](C(=O)O)c1ccccc1,6.460604897490478,2,Ki,PPARG,CHEMBL235
CCCc1cc2c(CC)noc2c(CCC)c1OC(C(=O)O)c1ccccc1,5.911838589482505,2,Ki,PPARG,CHEMBL235
CCCc1cc2c(OC)noc2c(CCC)c1OC(C)(C)C(=O)O,5.8745461501495715,2,"EC50,IC50",PPARG,CHEMBL235
CCCc1cc2c(oc(=O)n2C(C)C)c(CCC)c1O[C@H](C(=O)O)c1ccc(C(C)C)cc1,7.292429823902063,1,IC50,PPARG,CHEMBL235
CCCc1cc2c(oc(=O)n2C(C)C)c(CCC)c1O[C@H](C(=O)O)c1ccccc1,5.747146969020107,1,IC50,PPARG,CHEMBL235
CCCc1cc2c(oc(=O)n2C)c(CCC)c1O[C@H](C(=O)O)c1ccc(C(C)C)cc1,7.070581074285707,1,IC50,PPARG,CHEMBL235
CCCc1cc2c(oc(=O)n2CC(F)(F)F)c(CCC)c1O[C@H](C(=O)O)c1ccc(C(C)C)cc1,6.958607314841775,1,IC50,PPARG,CHEMBL235
CCCc1cc2c(oc(=O)n2CC)c(CCC)c1O[C@H](C(=O)O)c1ccc(C(C)C)cc1,7.00436480540245,1,IC50,PPARG,CHEMBL235
CCCc1cc2c(oc(=O)n2CC)c(CCC)c1O[C@H](C(=O)O)c1ccc(Cl)cc1,6.657577319177793,1,IC50,PPARG,CHEMBL235
CCCc1cc2c(oc(=O)n2CC2CC2)c(CCC)c1O[C@H](C(=O)O)c1ccc(C(C)C)cc1,6.920818753952375,1,IC50,PPARG,CHEMBL235
CCCc1cc2c(oc(=O)n2CCC)c(CCC)c1O[C@H](C(=O)O)c1ccc(C(C)C)cc1,7.060480747381382,1,IC50,PPARG,CHEMBL235
CCCc1cc2cc(NC(=O)C(CC)c3ccccc3)ccc2n1Cc1ccc(-c2ccccc2C(=O)O)cc1,6.585026652029182,1,IC50,PPARG,CHEMBL235
CCCc1cc2ccccc2n1Cc1ccc(-c2ccccc2C#N)cc1,5.09528445472132,1,EC50,PPARG,CHEMBL235
CCCc1cc2ccccc2n1Cc1ccc(-c2ccccc2C(=O)O)cc1,5.730487055782083,1,EC50,PPARG,CHEMBL235
CCCc1ccc(CC(Oc2ccc(Cl)cc2)C(=O)O)cc1,5.856985199745905,1,EC50,PPARG,CHEMBL235
CCCc1ccc(Oc2c(C)n(-c3noc4cc(Cl)ccc34)c3ccc(OC(F)(F)F)cc23)cc1O[C@@H](C)C(=O)O,7.698970004336019,1,IC50,PPARG,CHEMBL235
CCCc1ccc(S2(=O)=N[Se]c3cc(CCC)ccc32)cc1,5.897451976210758,2,"Ki,IC50",PPARG,CHEMBL235
CCCc1ccc([C@H](C)NC(=O)c2ccc3c(c2)c(C)c(C)n3Cc2ccc(-c3ccccc3C(=O)O)cc2)cc1,7.3979400086720375,1,IC50,PPARG,CHEMBL235
CCCc1ccc2ccccc2c1CNC(=O)c1c(OC)cc(O)c2c1OC1=CC(O)=C(C(C)=O)C(=O)[C@]12C,7.366531544420414,1,EC50,PPARG,CHEMBL235
CCCc1ccccc1CC(Oc1ccc(Cl)cc1)C(=O)O,5.434152181326482,1,EC50,PPARG,CHEMBL235
CCCc1ccccc1OCCCOc1ccc2c(c1)CC[C@H]2CC(=O)O,3.179999998690331,1,EC50,PPARG,CHEMBL235
CCCc1ccccc1OCCCOc1cccc(C2OC(=O)NC2=O)c1,6.468521082957745,1,IC50,PPARG,CHEMBL235
CCCc1nc(-c2ccccc2)cn1Cc1ccc2c(c1)COc1ccccc1/C2=C(\C)c1noc(=O)[nH]1,6.821023052706831,1,EC50,PPARG,CHEMBL235
CCCc1nc(-c2ccncc2)cn1Cc1ccc2c(c1)COc1ccccc1/C2=C(\C)c1noc(=O)[nH]1,6.226945306635738,1,EC50,PPARG,CHEMBL235
CCCc1nc2c(Br)cccc2n1Cc1ccc(-c2ccccc2C(=O)O)cc1,5.0835460514500745,1,EC50,PPARG,CHEMBL235
CCCc1nc2c(C(=O)NCCO)cccc2n1Cc1ccc2c(c1)COc1ccccc1/C2=C(\C)c1noc(=O)[nH]1,7.2441251443275085,1,EC50,PPARG,CHEMBL235
CCCc1nc2c(C(C)(C)O)cccc2n1Cc1ccc2c(c1)COc1ccccc1/C2=C(\C)c1noc(=O)[nH]1,7.886056647693163,1,EC50,PPARG,CHEMBL235
CCCc1nc2c(C(F)(F)F)cccc2n1Cc1ccc(-c2ccccc2C(=O)O)cc1,4.91721462968355,1,EC50,PPARG,CHEMBL235
CCCc1nc2c(C)cc(-c3nc4ccccc4n3C)cc2n1Cc1ccc(-c2ccccc2C(=O)O)cc1,5.540689260702353,14,"Ki,EC50,IC50",PPARG,CHEMBL235
CCCc1nc2c(C)cc(-c3nc4ccccc4n3C)cc2n1Cc1ccc(-c2ccccc2C(N)=O)cc1,5.040958607678906,1,EC50,PPARG,CHEMBL235
CCCc1nc2c(C)cc(C)nc2n1[C@H]1CCc2cc(-c3ccccc3-c3nnn[nH]3)ccc21,5.8794260687941495,1,EC50,PPARG,CHEMBL235
CCCc1nc2c(C)cccc2n1Cc1ccc(-c2ccccc2C(=O)O)cc1,4.954677021213342,1,EC50,PPARG,CHEMBL235
CCCc1nc2c(C)cccc2n1Cc1ccc2c(c1)COc1ccccc1/C2=C(\C)c1noc(=O)[nH]1,8.550637409205253,2,EC50,PPARG,CHEMBL235
CCCc1nc2c(C)cccc2n1Cc1ccc2c(c1)OCc1ncccc1/C2=C(\C)c1noc(=O)[nH]1,5.658763376761307,1,EC50,PPARG,CHEMBL235
CCCc1nc2c(C)cccc2n1Cc1ccc2c(n1)COc1ccccc1/C2=C(\C)c1noc(=O)[nH]1,7.0655015487564325,1,EC50,PPARG,CHEMBL235
CCCc1nc2c(CO)cccc2n1Cc1ccc2c(c1)COc1ccccc1/C2=C(\C)c1noc(=O)[nH]1,7.481486060122112,1,EC50,PPARG,CHEMBL235
CCCc1nc2c(Cl)cccc2n1Cc1ccc(-c2ccccc2C(=O)O)cc1,5.061980902523789,1,EC50,PPARG,CHEMBL235
CCCc1nc2c(F)cccc2n1Cc1ccc(-c2ccccc2C(=O)O)cc1,5.062482107982653,1,EC50,PPARG,CHEMBL235
CCCc1nc2c(NS(C)(=O)=O)cccc2n1Cc1ccc2c(c1)COc1ccccc1/C2=C(\C)c1noc(=O)[nH]1,6.779891911959945,1,EC50,PPARG,CHEMBL235
CCCc1nc2cc(-c3ccc(Cl)cc3)ccc2n1Cc1ccc(-c2ccccc2C(=O)O)cc1,6.721246399047171,1,EC50,PPARG,CHEMBL235
CCCc1nc2cc(-c3ccc(O)cc3)ccc2n1Cc1ccc(-c2ccccc2C(=O)O)cc1,5.995678626217357,1,EC50,PPARG,CHEMBL235
CCCc1nc2cc(-c3ccc(OC)cc3)ccc2n1Cc1ccc(-c2ccccc2C(=O)O)cc1,6.3872161432802645,1,EC50,PPARG,CHEMBL235
CCCc1nc2cc(-c3cccc(O)c3)ccc2n1Cc1ccc(-c2ccccc2C(=O)O)cc1,5.903089986991944,1,EC50,PPARG,CHEMBL235
CCCc1nc2cc(-c3cccc(OC)c3)ccc2n1Cc1ccc(-c2ccccc2C(=O)O)cc1,6.537602002101044,1,EC50,PPARG,CHEMBL235
CCCc1nc2cc(-c3ccccc3Cl)ccc2n1Cc1ccc(-c2ccccc2C(=O)O)cc1,6.031517051446064,1,EC50,PPARG,CHEMBL235
CCCc1nc2cc(Br)c(Br)cc2n1Cc1ccc(-c2ccccc2C(=O)O)cc1,6.3979400086720375,1,EC50,PPARG,CHEMBL235
CCCc1nc2cc(Br)ccc2n1Cc1ccc(-c2ccccc2C(=O)O)cc1,6.3979400086720375,1,EC50,PPARG,CHEMBL235
CCCc1nc2cc(C(=O)NC(CC)c3ccccc3)ccc2n1Cc1ccc(-c2ccccc2C(=O)O)cc1,5.576754126063192,1,EC50,PPARG,CHEMBL235
CCCc1nc2cc(C(=O)c3ccccc3)ccc2n1Cc1ccc(-c2ccccc2C(=O)O)cc1,6.236572006437063,1,EC50,PPARG,CHEMBL235
CCCc1nc2cc(C(O)c3ccccc3)ccc2n1Cc1ccc(-c2ccccc2C(=O)O)cc1,5.537602002101044,1,EC50,PPARG,CHEMBL235
CCCc1nc2cc3ccccc3cc2n1Cc1ccc(-c2ccccc2C(=O)O)cc1,6.585026652029182,1,EC50,PPARG,CHEMBL235
CCCc1nc2ccc(-c3ccc(Cl)cc3)cc2n1Cc1ccc(-c2ccccc2C(=O)O)cc1,5.939302159646388,1,EC50,PPARG,CHEMBL235
CCCc1nc2ccc(-c3ccc(O)cc3)cc2n1Cc1ccc(-c2ccccc2C(=O)O)cc1,5.525783735923745,1,EC50,PPARG,CHEMBL235
CCCc1nc2ccc(-c3ccc(OC)cc3)cc2n1Cc1ccc(-c2ccccc2C(=O)O)cc1,5.995678626217357,1,EC50,PPARG,CHEMBL235
CCCc1nc2ccc(-c3cccc(Cl)c3)cc2n1Cc1ccc(-c2ccccc2C(=O)O)cc1,6.113509274827518,1,EC50,PPARG,CHEMBL235
CCCc1nc2ccc(-c3cccc(O)c3)cc2n1Cc1ccc(-c2ccccc2C(=O)O)cc1,5.388276691992658,1,EC50,PPARG,CHEMBL235
CCCc1nc2ccc(-c3cccc(OC)c3)cc2n1Cc1ccc(-c2ccccc2C(=O)O)cc1,5.8696662315049934,1,EC50,PPARG,CHEMBL235
CCCc1nc2ccc(-c3ccccc3Cl)cc2n1Cc1ccc(-c2ccccc2C(=O)O)cc1,5.856985199745905,1,EC50,PPARG,CHEMBL235
CCCc1nc2ccc(Br)cc2n1Cc1ccc(-c2ccccc2C(=O)O)cc1,6.327902142064282,1,EC50,PPARG,CHEMBL235
CCCc1nc2ccc(C(=O)NC(CC)c3ccccc3)cc2n1Cc1ccc(-c2ccccc2C(=O)O)cc1,6.045757490560675,1,EC50,PPARG,CHEMBL235
CCCc1nc2ccc(C(=O)c3ccccc3)cc2n1Cc1ccc(-c2ccccc2C(=O)O)cc1,6.207608310501746,2,EC50,PPARG,CHEMBL235
CCCc1nc2ccc(C(O)c3ccccc3)cc2n1Cc1ccc(-c2ccccc2C(=O)O)cc1,5.455931955649724,2,EC50,PPARG,CHEMBL235
CCCc1nc2ccccc2n1Cc1ccc(-c2ccc(C(=O)O)cc2)cc1,5.7258421507363195,1,EC50,PPARG,CHEMBL235
CCCc1nc2ccccc2n1Cc1ccc(-c2cccc(C(=O)O)c2)cc1,5.204815410317575,1,EC50,PPARG,CHEMBL235
CCCc1nc2ccccc2n1Cc1ccc(-c2ccccc2C#N)cc1,5.300162274132754,1,EC50,PPARG,CHEMBL235
CCCc1nc2ccccc2n1Cc1ccc(-c2ccccc2C(=O)O)cc1,5.35842181978599,4,EC50,PPARG,CHEMBL235
CCCc1nc2ccccc2n1Cc1ccc(-c2ccccc2C(N)=O)cc1,5.501689446210399,1,EC50,PPARG,CHEMBL235
CCCc1nc2ccccc2n1Cc1ccc2c(c1)COc1c(F)cccc1/C2=C(\C)c1noc(=O)[nH]1,8.388381863448501,2,EC50,PPARG,CHEMBL235
CCCc1nc2ccccc2n1Cc1ccc2c(c1)COc1cc(F)ccc1/C2=C(\C)c1noc(=O)[nH]1,8.565384140134512,2,EC50,PPARG,CHEMBL235
CCCc1nc2ccccc2n1Cc1ccc2c(c1)COc1ccc(F)cc1/C2=C(\C)c1noc(=O)[nH]1,8.037860356969059,2,EC50,PPARG,CHEMBL235
CCCc1nc2ccccc2n1Cc1ccc2c(c1)COc1ccccc1/C2=C(\C)c1noc(=O)[nH]1,8.568636235841012,1,EC50,PPARG,CHEMBL235
CCCc1nn2ccc(-c3nc4ccccc4n3CCC)cc2c1Cc1ccc(-c2ccccc2-c2nn[nH]n2)cc1,7.096910013008056,1,EC50,PPARG,CHEMBL235
CCCc1nn2ccc(-c3nc4ccccc4n3CCC)cc2c1Cc1ccc(-c2ccccc2C(=O)O)cc1,6.552841968657781,1,EC50,PPARG,CHEMBL235
CCCc1nn2ccc(C(=O)NC(CC)c3ccccc3)cc2c1Cc1ccc(-c2ccccc2-c2nn[nH]n2)cc1,6.7447274948966935,1,EC50,PPARG,CHEMBL235
CCCc1nn2ccc(C(=O)NC(CC)c3ccccc3)cc2c1Cc1ccc(-c2ccccc2C(=O)O)cc1,6.4089353929735005,1,EC50,PPARG,CHEMBL235
CCCn1c(C(=O)O)cc2c(OC)ccc(OCc3ccc4nc(C(F)(F)F)cc(OC)c4c3)c21,5.4089353929735005,1,IC50,PPARG,CHEMBL235
CCCn1c(CCCc2ccc(OC(C)(C)C(=O)O)cc2)nn(C(C)c2ccccc2)c1=O,5.214670164989233,1,IC50,PPARG,CHEMBL235
CCCn1c(CCCc2ccc(OC(C)(C)C(=O)O)cc2)nn(CC2CCCCC2)c1=O,5.769551078621726,1,IC50,PPARG,CHEMBL235
CCCn1c(CCCc2ccc(OC(C)(C)C(=O)O)cc2)nn(Cc2ccc(C)cc2)c1=O,5.309803919971486,1,IC50,PPARG,CHEMBL235
CCCn1c(CCCc2ccc(OC(C)(C)C(=O)O)cc2)nn(Cc2cccc(OC)c2)c1=O,5.207608310501746,1,IC50,PPARG,CHEMBL235
CCCn1nc2ccc(C(=O)NC(CC)c3ccccc3)cc2c1Cc1ccc(-c2ccccc2C(=O)O)cc1,6.886056647693163,1,EC50,PPARG,CHEMBL235
CCN(CC)c1ccc(CN(CC(=O)c2ccc(Cl)c(Cl)c2)Cc2ccccc2)cc1,5.346787486224656,1,IC50,PPARG,CHEMBL235
CCN(CCOc1ccc(/C=C2\SC(=O)NC2=O)cc1)c1ccccn1,4.823908740944319,1,IC50,PPARG,CHEMBL235
CCN(CCOc1ccc(/C=C2\SC(=O)NC2=O)cc1)c1nc2ccccc2s1,4.769551078621726,1,IC50,PPARG,CHEMBL235
CCN(CCOc1ccc(CC2SC(=O)NC2=O)cc1)c1ccccn1,4.6777807052660805,1,IC50,PPARG,CHEMBL235
CCN(CCOc1ccc(CC2SC(=O)NC2=O)cc1)c1nc2ccccc2s1,4.6020599913279625,1,IC50,PPARG,CHEMBL235
CCN(CCOc1ccc(C[C@H](Nc2ccccc2C(=O)c2ccccc2)C(=O)O)cc1)c1cccc(C)c1,6.970007824622153,1,Ki,PPARG,CHEMBL235
CCN(Cc1cccc(C(=O)N(CC)Cc2ccc(CCC(=O)O)cc2)c1)C(=O)c1ccccc1,4.250263684430939,1,IC50,PPARG,CHEMBL235
CCNC(=O)c1cc(NS(=O)(=O)c2cc(C)c(Cl)cc2Cl)ccc1Oc1cncc(Cl)c1,7.56246936830415,2,"EC50,IC50",PPARG,CHEMBL235
CCNC(=O)c1cc(NS(=O)(=O)c2ccc(Br)cc2OC(F)(F)F)ccc1Oc1cncc(Cl)c1,7.784318117920506,2,"EC50,IC50",PPARG,CHEMBL235
CCNC(=O)c1cc(NS(=O)(=O)c2ccc(C(F)(F)F)cc2Cl)ccc1Oc1cncc(Cl)c1,7.411954370472159,2,"EC50,IC50",PPARG,CHEMBL235
CCNC(=O)c1cc(NS(=O)(=O)c2ccc(Cl)c(Cl)c2)ccc1Oc1cncc(Cl)c1,7.5774509799928715,2,"EC50,IC50",PPARG,CHEMBL235
CCNC(=O)c1cc(NS(=O)(=O)c2ccc(Cl)cc2)ccc1Oc1cncc(Cl)c1,6.795880017344075,1,IC50,PPARG,CHEMBL235
CCNC(=O)c1cc(NS(=O)(=O)c2ccc(Cl)cc2Cl)ccc1Oc1cncc(Cl)c1,7.823908740944319,2,"EC50,IC50",PPARG,CHEMBL235
CCNC(=O)c1cc(NS(=O)(=O)c2ccc(I)cc2)ccc1Oc1cncc(Cl)c1,7.150514997831991,2,"EC50,IC50",PPARG,CHEMBL235
CCNC(=O)c1cc(NS(=O)(=O)c2ccc(OC)cc2)ccc1Oc1cncc(Cl)c1,6.048455006504028,2,"EC50,IC50",PPARG,CHEMBL235
CCNC(=O)c1cc(NS(=O)(=O)c2ccc([N+](=O)[O-])cc2)ccc1Oc1cncc(Cl)c1,6.853871964321762,2,"EC50,IC50",PPARG,CHEMBL235
CCOC(=O)C(C(=O)O)C1CCc2cc(OCCc3nc(-c4ccccc4)oc3C)ccc21,7.167491087293763,1,EC50,PPARG,CHEMBL235
CCOC(=O)C(C)(C)Oc1ccc(C(=O)C2Cc3ccccc3OC2=O)cc1,4.401537799525849,1,EC50,PPARG,CHEMBL235
CCOC(=O)C(C)(C)Oc1ccc(C(=O)c2cc3cc([N+](=O)[O-])ccc3oc2=O)cc1,6.040958607678906,1,EC50,PPARG,CHEMBL235
CCOC(=O)C(C)(C)Oc1ccc(C(=O)c2cc3ccccc3oc2=O)cc1,5.284832642151542,1,EC50,PPARG,CHEMBL235
CCOC(=O)C(C)Cc1ccc(C(=O)NCc2ccccc2C(F)(F)F)cc1,5.096910013008056,1,EC50,PPARG,CHEMBL235
CCOC(=O)C(CC)Cc1ccc(C(=O)NCc2ccc(C(F)(F)F)cc2)cc1,5.376750709602099,1,EC50,PPARG,CHEMBL235
CCOC(=O)C(CC)Cc1ccc(C(=O)NCc2ccc(F)cc2)cc1,4.958607314841775,1,EC50,PPARG,CHEMBL235
CCOC(=O)C(CC)Cc1ccc(C(=O)NCc2ccc(F)cc2C(F)(F)F)cc1,5.552841968657781,1,EC50,PPARG,CHEMBL235
CCOC(=O)C(CC)Cc1ccc(C(=O)NCc2ccc(OC(F)(F)F)cc2)cc1,5.522878745280337,1,EC50,PPARG,CHEMBL235
CCOC(=O)C(CC)Cc1ccc(C(=O)NCc2ccc(OC)cc2C(F)(F)F)cc1,5.698970004336019,1,EC50,PPARG,CHEMBL235
CCOC(=O)C(CC)Cc1ccc(C(=O)NCc2ccc(Oc3ccccc3)cc2)cc1,5.853871964321762,1,EC50,PPARG,CHEMBL235
CCOC(=O)C(CC)Cc1ccc(C(=O)NCc2ccccc2)cc1,4.795880017344075,1,EC50,PPARG,CHEMBL235
CCOC(=O)C(CC)Cc1ccc(C(=O)NCc2ccccc2C(F)(F)F)cc1,5.7447274948966935,1,EC50,PPARG,CHEMBL235
CCOC(=O)C(CC)Cc1ccc(C(=O)NCc2ccccc2OC(F)(F)F)cc1,5.455931955649724,1,EC50,PPARG,CHEMBL235
CCOC(=O)C(Cc1ccc(C(=O)NCc2ccccc2C(F)(F)F)cc1)c1ccccc1,5.698970004336019,1,EC50,PPARG,CHEMBL235
CCOC(=O)C(Cc1ccc(OCCN2CCC(C)(C)c3cc(/C(=N\O)c4ccccc4)ccc32)cc1)OCC,6.209011524911184,1,Ki,PPARG,CHEMBL235
CCOC(=O)C(Cc1ccc(OCCN2CCC(C)(C)c3cc(/C(=N\OC)c4ccccc4)ccc32)cc1)OCC,5.0,1,Ki,PPARG,CHEMBL235
CCOC(=O)C(Cc1ccc(OCCn2c(=O)sc3cc(/C=C/c4cc(O)cc(O)c4)ccc32)cc1)OCC,8.0,1,EC50,PPARG,CHEMBL235
CCOC(=O)C(Cc1ccc(OCCn2c(=O)sc3cc(/C=C/c4cc(O)cc(O)c4)ccc32)cc1)OCC(F)(F)F,7.096910013008056,1,EC50,PPARG,CHEMBL235
CCOC(=O)C(Cc1ccc(OCCn2c(=O)sc3cc(/C=C/c4cc(OC)cc(OC)c4)ccc32)cc1)OCC(F)(F)F,7.301029995663981,1,EC50,PPARG,CHEMBL235
CCOC(=O)C(Cc1ccc(OCCn2c(=O)sc3cc(C(=O)/C=C/c4cc(O)cc(O)c4)ccc32)cc1)OCC,7.698970004336019,1,EC50,PPARG,CHEMBL235
CCOC(=O)C(Cc1ccc(OCCn2c(=O)sc3cc(C(=O)/C=C/c4cc(O)cc(O)c4)ccc32)cc1)OCC(F)(F)F,7.522878745280337,1,EC50,PPARG,CHEMBL235
CCOC(=O)C(Cc1ccc(OCCn2c(=O)sc3cc(C(=O)/C=C/c4cc(OC)cc(OC)c4)ccc32)cc1)OCC,7.522878745280337,1,EC50,PPARG,CHEMBL235
CCOC(=O)C(Cc1ccc(OCCn2c(=O)sc3cc(C(=O)/C=C/c4cc(OC)cc(OC)c4)ccc32)cc1)OCC(F)(F)F,6.698970004336019,1,EC50,PPARG,CHEMBL235
CCOC(=O)CC/C(C)=C/CCC1(C)CCc2cc(OCc3ccccc3)ccc2O1,5.798602875679549,1,EC50,PPARG,CHEMBL235
CCOC(=O)CC/C(C)=C/CCc1ccc2cc(OCc3ccccc3)ccc2n1,5.71669877129645,1,EC50,PPARG,CHEMBL235
CCOC(=O)CN(CCCOc1ccc2ccccc2c1)c1ccc(OC)cc1,5.318758762624412,1,EC50,PPARG,CHEMBL235
CCOC(=O)CN1C(=O)S/C(=C\c2ccc(C(F)(F)F)cc2)C1=O,5.0,1,EC50,PPARG,CHEMBL235
CCOC(=O)CN1C(=O)S/C(=C\c2ccc(C)cc2)C1=O,5.045757490560675,1,EC50,PPARG,CHEMBL235
CCOC(=O)CN1C(=O)S/C(=C\c2ccc(Cl)cc2)C1=O,5.096910013008056,1,EC50,PPARG,CHEMBL235
CCOC(=O)CN1C(=O)S/C(=C\c2ccc(OC)cc2)C1=O,5.154901959985743,1,EC50,PPARG,CHEMBL235
CCOC(=O)CN1C(=O)S/C(=C\c2ccc(OCCBr)cc2)C1=O,4.958607314841775,1,EC50,PPARG,CHEMBL235
CCOC(=O)CN1C(=O)S/C(=C\c2cccc([N+](=O)[O-])c2)C1=O,4.958607314841775,1,EC50,PPARG,CHEMBL235
CCOC(=O)CN1C(=O)SC(Cc2ccc(C(F)(F)F)cc2)C1=O,5.045757490560675,1,EC50,PPARG,CHEMBL235
CCOC(=O)CN1C(=O)SC(Cc2ccc(F)cc2)C1=O,5.0,1,EC50,PPARG,CHEMBL235
CCOC(=O)CN1C(=O)SC(Cc2ccc(N)cc2)C1=O,5.096910013008056,1,EC50,PPARG,CHEMBL235
CCOC(=O)CN1C(=O)SC(Cc2ccc(OCCBr)cc2)C1=O,4.920818753952375,1,EC50,PPARG,CHEMBL235
CCOC(=O)C[C@H](C)NC(=O)c1csc(C2CCN(C(=O)c3c(F)cccc3Cl)CC2)n1,4.356547323513812,1,IC50,PPARG,CHEMBL235
CCOC(=O)N(CC(=O)O)Cc1cc(OCc2nc(-c3ccc(Cl)cc3)oc2C)ccc1F,5.369267107182804,1,EC50,PPARG,CHEMBL235
CCOC(=O)N1C[C@@H](CCc2ccc(OCCc3nc(-c4ccccc4)oc3C)cc2)[C@@H](C(=O)O)C1,6.214378574719888,2,"EC50,IC50",PPARG,CHEMBL235
CCOC(=O)N1C[C@@H](CCc2cccc(OCCc3nc(-c4ccccc4)oc3C)c2)[C@@H](C(=O)O)C1,6.229272785626206,2,"EC50,IC50",PPARG,CHEMBL235
CCOC(=O)N1C[C@@H](Cc2ccc(OCCc3nc(-c4ccccc4)oc3C)cc2)[C@@H](C(=O)O)C1,6.047371975625774,2,"EC50,IC50",PPARG,CHEMBL235
CCOC(=O)N1C[C@@H](Cc2cccc(OCCc3nc(-c4ccccc4)oc3C)c2)[C@@H](C(=O)O)C1,6.428241419730744,4,"EC50,IC50",PPARG,CHEMBL235
CCOC(=O)N1C[C@@H](Cc2cccc(OCCc3nc(-c4ccccc4)oc3C)c2)[C@@H](CC(=O)O)C1,5.548213564475709,1,IC50,PPARG,CHEMBL235
CCOC(=O)N1C[C@H](C(=O)O)[C@H](c2cccc(OCCc3nc(-c4ccccc4)oc3C)c2)C1,4.619788758288394,1,EC50,PPARG,CHEMBL235
CCOC(=O)N1C[C@H](CC(=O)O)[C@@H](Cc2cccc(OCCc3nc(-c4ccccc4)oc3C)c2)C1,5.090979145788844,1,IC50,PPARG,CHEMBL235
CCOC(=O)N1C[C@H](CC(=O)O)[C@@H](c2cccc(OCCc3nc(-c4ccccc4)oc3C)c2)C1,5.138465999993434,2,"EC50,IC50",PPARG,CHEMBL235
CCOC(=O)N1C[C@H](CC(=O)O)[C@H](c2cccc(OCCc3nc(-c4ccccc4)oc3C)c2)C1,6.869964306007462,2,"EC50,IC50",PPARG,CHEMBL235
CCOC(=O)N1C[C@H](CCc2ccc(OCCc3nc(-c4ccccc4)oc3C)cc2)[C@@H](C(=O)O)C1,5.798602875679549,1,IC50,PPARG,CHEMBL235
CCOC(=O)N1C[C@H](Cc2cccc(OCCc3nc(-c4ccccc4)oc3C)c2)[C@@H](C(=O)O)C1,5.3180671428901665,2,"EC50,IC50",PPARG,CHEMBL235
CCOC(=O)N1C[C@H](Cc2cccc(OCCc3nc(-c4ccccc4)oc3C)c2)[C@H](C(=O)O)C1,5.368556230986828,1,IC50,PPARG,CHEMBL235
CCOC(=O)[C@H](Cc1ccc(OCCN2CCC(C)(C)c3cc(/C(=N\OC)c4ccccc4)ccc32)cc1)OCC,5.0,1,Ki,PPARG,CHEMBL235
CCOC(=O)c1cc(NS(=O)(=O)c2ccc(Cl)cc2)ccc1Oc1cncc(Cl)c1,6.8979400086720375,2,"EC50,IC50",PPARG,CHEMBL235
CCOC(=O)c1ccc(OS(=O)(=O)/C=C/c2ccccc2)cc1,6.126679398184601,1,IC50,PPARG,CHEMBL235
CCOC(=O)c1ccccc1NC(Cc1ccc(OCCc2nc(-c3ccccc3)oc2C)cc1)C(=O)O,8.51999305704285,1,Ki,PPARG,CHEMBL235
CCOC(=O)c1sc(N2C(=O)C(O)=C(C(=O)c3cccs3)C2c2ccc(C)o2)nc1C,5.619788758288394,2,EC50,PPARG,CHEMBL235
CCOC(C(=O)O)C1CCc2cc(OCCc3nc(-c4ccccc4)oc3C)ccc21,7.920818753952375,1,EC50,PPARG,CHEMBL235
CCOC(CC)(Cc1ccc(OCCc2nc(-c3ccccc3)oc2C)nc1)C(=O)O,4.841637507904751,1,Ki,PPARG,CHEMBL235
CCOC(Cc1ccc(C(=O)OCc2ccc(OS(C)(=O)=O)cc2)cc1)C(=O)O,5.853871964321762,1,EC50,PPARG,CHEMBL235
CCOC(Cc1ccc(OC(=O)Cc2ccc(NC(=O)OC(C)(C)C)cc2)c(C)c1)C(=O)O,7.136677139879544,1,EC50,PPARG,CHEMBL235
CCOC(Cc1ccc(OC(=O)Cc2ccc(NC(=O)OC(C)(C)C)cc2)c(Cc2ccccc2)c1)C(=O)O,8.2839966563652,1,EC50,PPARG,CHEMBL235
CCOC(Cc1ccc(OC(=O)Cc2nc(-c3ccccc3)oc2C)c(C)c1)C(=O)O,7.366531544420414,1,EC50,PPARG,CHEMBL235
CCOC(Cc1ccc(OC(=O)Cc2nc(-c3ccccc3)oc2C)c(Cc2ccccc2)c1)C(=O)O,7.275724130399211,1,EC50,PPARG,CHEMBL235
CCOC(Cc1ccc(OC)c(C(=O)NCc2ccc(C(F)(F)F)cc2)c1)C(=O)O,5.552841968657781,1,EC50,PPARG,CHEMBL235
CCOC(Cc1ccc(OCCCc2nc(-c3ccccc3)oc2C)cn1)C(=O)O,5.958607314841775,1,Ki,PPARG,CHEMBL235
CCOC(Cc1ccc(OCCN(C)c2nc3ccccc3o2)cc1)C(=O)O,8.602059991327963,2,Ki,PPARG,CHEMBL235
CCOC(Cc1ccc(OCCN2CCC(C)(C)c3cc(/C(=N\OC)c4ccccc4)ccc32)cc1)C(=O)O,7.318758762624412,1,Ki,PPARG,CHEMBL235
CCOC(Cc1ccc(OCCc2nc(-c3ccccc3)oc2C)c2ccccc12)C(=O)O,7.522878745280337,1,IC50,PPARG,CHEMBL235
CCOC(Cc1ccc(OCCc2nc(-c3ccccc3)oc2C)c2ccsc12)C(=O)O,8.154901959985743,1,IC50,PPARG,CHEMBL235
CCOC(Cc1ccc(OCCc2nc(-c3ccccc3)oc2C)cn1)C(=O)O,7.136677139879544,1,Ki,PPARG,CHEMBL235
CCOC(Cc1ccc(OCCc2nc(-c3ccccc3)oc2C)nc1)C(=O)O,6.823908740944319,1,Ki,PPARG,CHEMBL235
CCOC(Cc1ccc(OCCn2c(=O)sc3cc(/C=C/c4cc(O)cc(O)c4)ccc32)cc1)C(=O)O,6.0,1,EC50,PPARG,CHEMBL235
CCOC(Cc1ccc(OCCn2c(=O)sc3cc(C(=O)/C=C/c4cc(OC)cc(OC)c4)ccc32)cc1)C(=O)O,6.0,1,EC50,PPARG,CHEMBL235
CCOC(Cc1ccc(OCc2nc(-c3ccc(OC)cc3)c(-c3ccc(C(F)(F)F)cc3)s2)cc1)C(=O)O,5.882728704344236,1,EC50,PPARG,CHEMBL235
CCOC(Cc1ccc(Oc2ccc(OCc3ccccc3)cc2)cc1)C(=O)O,4.7447274948966935,1,EC50,PPARG,CHEMBL235
CCOC(Cc1ccc2c(c1)c(C)cn2Cc1nc(-c2ccc(C(F)(F)F)cc2)oc1C)C(=O)O,6.651695136951839,1,IC50,PPARG,CHEMBL235
CCOC(Cc1ccc2c(c1)cc(C)n2Cc1nc(-c2ccc(C(F)(F)F)cc2)oc1C)C(=O)O,5.096910013008056,1,IC50,PPARG,CHEMBL235
CCOC(Cc1ccc2c(ccn2Cc2nc(-c3cc(C)cc(C)c3)oc2C)c1)C(=O)O,7.42021640338319,1,IC50,PPARG,CHEMBL235
CCOC(Cc1ccc2c(ccn2Cc2nc(-c3cc(Cl)cc(Cl)c3)oc2C)c1)C(=O)O,7.1487416512809245,1,IC50,PPARG,CHEMBL235
CCOC(Cc1ccc2c(ccn2Cc2nc(-c3cc(OC)cc(OC)c3)oc2C)c1)C(=O)O,7.6020599913279625,1,IC50,PPARG,CHEMBL235
CCOC(Cc1ccc2c(ccn2Cc2nc(-c3ccc(C(C)(C)C)cc3)oc2C)c1)C(=O)O,7.823908740944319,1,IC50,PPARG,CHEMBL235
CCOC(Cc1ccc2c(ccn2Cc2nc(-c3ccc(C(C)C)cc3)oc2C)c1)C(=O)O,7.886056647693163,1,IC50,PPARG,CHEMBL235
CCOC(Cc1ccc2c(ccn2Cc2nc(-c3ccc(C(F)(F)F)cc3)oc2C)c1)C(=O)O,6.493494967595128,1,IC50,PPARG,CHEMBL235
CCOC(Cc1ccc2c(ccn2Cc2nc(-c3ccc(CC)cc3)oc2C)c1)C(=O)O,7.568636235841012,1,IC50,PPARG,CHEMBL235
CCOC(Cc1ccc2c(ccn2Cc2nc(-c3ccc(F)c(C)c3)oc2C)c1)C(=O)O,6.8696662315049934,1,IC50,PPARG,CHEMBL235
CCOC(Cc1ccc2c(ccn2Cc2nc(-c3ccc(F)cc3)oc2C)c1)C(=O)O,6.423658649794207,1,IC50,PPARG,CHEMBL235
CCOC(Cc1ccc2c(ccn2Cc2nc(-c3cccc(Cl)c3)oc2C)c1)C(=O)O,7.619788758288394,1,IC50,PPARG,CHEMBL235
CCOC(Cc1ccc2c(ccn2Cc2nc(-c3ccccc3)oc2C)c1)C(=O)O,6.7495799976911055,1,IC50,PPARG,CHEMBL235
CCOC(Cc1ccc2c(ccn2Cc2nc(-c3ccccc3C)oc2C)c1)C(=O)O,6.500312917381596,1,IC50,PPARG,CHEMBL235
CCOC(Cc1ccc2c(ccn2Cc2nc(-c3ccccc3Cl)oc2C)c1)C(=O)O,6.600326278518962,1,IC50,PPARG,CHEMBL235
CCOC(Cc1ccc2c(ccn2Cc2nc(-c3ccccc3F)oc2C)c1)C(=O)O,6.707743928643524,1,IC50,PPARG,CHEMBL235
CCOC(Cc1ccc2c(ccn2Cc2nc(-c3ccccc3OC(C)C)oc2C)c1)C(=O)O,5.267606240177031,1,IC50,PPARG,CHEMBL235
CCOC(Cc1ccc2c(ccn2Cc2nc(-c3ccccc3OC)oc2C)c1)C(=O)O,6.1295960947209736,1,IC50,PPARG,CHEMBL235
CCOC(Cc1cccc2c1ccn2CCCc1nc(-c2ccccc2)oc1C)C(=O)O,6.562249437179612,1,IC50,PPARG,CHEMBL235
CCOC(Cc1cccc2c1ccn2Cc1nc(-c2ccccc2)oc1C)C(=O)O,5.823908740944319,1,IC50,PPARG,CHEMBL235
CCOC(c1ccc(OC(F)(F)F)cc1)C1CC1c1cc(C)c(OC(C)(C)C(=O)O)c(C)c1,7.215605893842326,2,EC50,PPARG,CHEMBL235
CCO[C@@H](CC(=O)O)c1ccc(OCc2ccc(C(F)(F)F)cc2)cc1,4.982966660701219,1,EC50,PPARG,CHEMBL235
CCO[C@@H](Cc1ccc(OC(=O)Cc2ccc(NC(=O)OC(C)(C)C)cc2)cc1)C(=O)O,4.7447274948966935,1,EC50,PPARG,CHEMBL235
CCO[C@@H](Cc1ccc(OC/C=C(/c2ccccc2)c2ccc(-c3ccccc3)cc2)cc1)C(=O)O,5.769776006336217,4,EC50,PPARG,CHEMBL235
CCO[C@@H](Cc1ccc(OC/C=C(/c2ccccc2)c2ccc(-c3ccco3)cc2)cc1)C(=O)O,5.698970004336019,1,EC50,PPARG,CHEMBL235
CCO[C@@H](Cc1ccc(OC/C=C(/c2ccccc2)c2ccc(Br)cc2)cc1)C(=O)O,5.367687532979971,3,EC50,PPARG,CHEMBL235
CCO[C@@H](Cc1ccc(OC/C=C(/c2ccccc2)c2ccc(F)cc2)cc1)C(=O)O,5.31647005572337,4,EC50,PPARG,CHEMBL235
CCO[C@@H](Cc1ccc(OC/C=C(\C)c2ccc(-c3ccc(/C(C)=C/COc4ccc(C[C@H](OCC)C(=O)O)cc4)cc3)cc2)cc1)C(=O)O,6.494850021680094,1,EC50,PPARG,CHEMBL235
CCO[C@@H](Cc1ccc(OC/C=C(\C)c2ccc(-c3ccccc3)cc2)cc1)C(=O)O,5.692503962086787,1,EC50,PPARG,CHEMBL235
CCO[C@@H](Cc1ccc(OC/C=C(\c2ccccc2)c2ccc(-c3ccccc3)cc2)cc1)C(=O)O,6.221232400298714,3,EC50,PPARG,CHEMBL235
CCO[C@@H](Cc1ccc(OC/C=C(\c2ccccc2)c2ccc(-c3ccco3)cc2)cc1)C(=O)O,6.096910013008056,1,EC50,PPARG,CHEMBL235
CCO[C@@H](Cc1ccc(OC/C=C(\c2ccccc2)c2ccc(Br)cc2)cc1)C(=O)O,5.709454337552141,4,EC50,PPARG,CHEMBL235
CCO[C@@H](Cc1ccc(OC/C=C(\c2ccccc2)c2ccc(F)cc2)cc1)C(=O)O,5.070387389354745,3,EC50,PPARG,CHEMBL235
CCO[C@@H](Cc1ccc(OC/C=C/C#Cc2ccc(C#C/C=C/COc3ccc(C[C@H](OCC)C(=O)O)cc3)cc2)cc1)C(=O)O,6.958607314841775,1,EC50,PPARG,CHEMBL235
CCO[C@@H](Cc1ccc(OC/C=C/C#Cc2cccc(C#C/C=C/COc3ccc(C[C@H](OCC)C(=O)O)cc3)c2)cc1)C(=O)O,5.782516055786093,1,EC50,PPARG,CHEMBL235
CCO[C@@H](Cc1ccc(OC/C=C/C#Cc2ccccc2)cc1)C(=O)O,5.94692155651658,1,EC50,PPARG,CHEMBL235
CCO[C@@H](Cc1ccc(OCC=C(c2ccc(-c3ccccc3)cc2)c2ccc(-c3ccccc3)cc2)cc1)C(=O)O,6.522878745280337,1,EC50,PPARG,CHEMBL235
CCO[C@@H](Cc1ccc(OCC=C(c2ccc(-c3ccco3)cc2)c2ccc(-c3ccco3)cc2)cc1)C(=O)O,5.537602002101044,1,EC50,PPARG,CHEMBL235
CCO[C@@H](Cc1ccc(OCC=C(c2ccc(Br)cc2)c2ccc(Br)cc2)cc1)C(=O)O,6.0777368957200055,6,EC50,PPARG,CHEMBL235
CCO[C@@H](Cc1ccc(OCC=C(c2ccc(C)cc2)c2ccc(C)cc2)cc1)C(=O)O,5.509318832137387,4,EC50,PPARG,CHEMBL235
CCO[C@@H](Cc1ccc(OCC=C(c2ccc(OC)cc2)c2ccc(OC)cc2)cc1)C(=O)O,5.658788820774783,4,EC50,PPARG,CHEMBL235
CCO[C@@H](Cc1ccc(OCC=C(c2ccccc2)c2ccccc2)cc1)C(=O)O,5.5693185054913465,4,EC50,PPARG,CHEMBL235
CCO[C@@H](Cc1ccc(OCCCOc2ccc(Oc3ccccc3)cc2)cc1)C(=O)O,6.953149107597225,2,"EC50,IC50",PPARG,CHEMBL235
CCO[C@@H](Cc1ccc(OCCN(c2ccccc2)c2ccccc2)cc1)C(=O)O,5.480743109726218,4,EC50,PPARG,CHEMBL235
CCO[C@@H](Cc1ccc(OCCN2CCC(C)(C)c3cc(/C(=N/OC)c4ccccc4)ccc32)cc1)C(=O)O,7.7447274948966935,1,Ki,PPARG,CHEMBL235
CCO[C@@H](Cc1ccc(OCCN2CCC(C)(C)c3cc(/C(=N/OCC4CC4)c4ccccc4)ccc32)cc1)C(=O)O,6.5951662833800615,1,Ki,PPARG,CHEMBL235
CCO[C@@H](Cc1ccc(OCCN2CCC(C)(C)c3cc(/C(=N/OCc4ccccc4)c4ccccc4)ccc32)cc1)C(=O)O,7.735182176990463,1,Ki,PPARG,CHEMBL235
CCO[C@@H](Cc1ccc(OCCN2CCC(C)(C)c3cc(/C(=N\OC)c4ccccc4)ccc32)cc1)C(=O)O,7.7447274948966935,1,Ki,PPARG,CHEMBL235
CCO[C@@H](Cc1ccc(OCCN2c3ccccc3Oc3ccccc32)cc1)C(=O)O,6.442308768242462,8,"Ki,EC50,IC50",PPARG,CHEMBL235
CCO[C@@H](Cc1ccc(OCCc2ccc(OS(C)(=O)=O)cc2)cc1)C(=O)O,6.936568187666036,5,"Ki,EC50,IC50",PPARG,CHEMBL235
CCO[C@@H](Cc1ccc(OCCc2nc(-c3ccc(-c4ccccc4)cc3)oc2C)c2ccsc12)C(=O)O,8.522878745280337,1,IC50,PPARG,CHEMBL235
CCO[C@@H](Cc1ccc(OCCc2nc(-c3ccc(-c4ccccc4)s3)oc2C)cc1)C(=O)O,8.346787486224656,1,EC50,PPARG,CHEMBL235
CCO[C@@H](Cc1ccc(OCCc2nc(-c3ccc(C(F)(F)F)cc3)oc2C)c2ccccc12)C(=O)O,7.568636235841012,1,IC50,PPARG,CHEMBL235
CCO[C@@H](Cc1ccc(OCCc2nc(-c3ccc(C(F)(F)F)cc3)oc2C)c2ccsc12)C(=O)O,7.769551078621726,1,IC50,PPARG,CHEMBL235
CCO[C@@H](Cc1ccc(OCCc2nc(-c3ccc(C)s3)oc2C)cc1)C(=O)O,10.744727494896694,1,EC50,PPARG,CHEMBL235
CCO[C@@H](Cc1ccc(OCCc2nc(-c3ccccc3)oc2C)c2ccccc12)C(=O)O,7.443697499232712,1,IC50,PPARG,CHEMBL235
CCO[C@@H](Cc1ccc(OCCc2nc(-c3ccccc3)oc2C)c2ccsc12)C(=O)O,7.6777807052660805,1,IC50,PPARG,CHEMBL235
CCO[C@@H](Cc1ccc(OCCc2nc(-c3ccccc3)oc2C)c2sccc12)C(=O)O,7.886056647693163,1,IC50,PPARG,CHEMBL235
CCO[C@@H](Cc1ccc(OCCc2nc(-c3cccs3)oc2C)cc1)C(=O)O,10.301029995663981,1,EC50,PPARG,CHEMBL235
CCO[C@@H](Cc1ccc(OCCc2nc(-c3ccsc3)oc2C)cc1)C(=O)O,9.221848749616356,1,EC50,PPARG,CHEMBL235
CCO[C@@H](Cc1ccc(OCCc2nc(-c3sccc3C)oc2C)cc1)C(=O)O,13.0,1,EC50,PPARG,CHEMBL235
CCO[C@@H](Cc1ccc(OCCn2c3ccc(Br)cc3c3cc(Br)ccc32)cc1)C(=O)O,7.358859609143546,3,EC50,PPARG,CHEMBL235
CCO[C@@H](Cc1ccc(OCCn2c3ccccc3c3cc(Br)ccc32)cc1)C(=O)O,6.480496333961472,3,EC50,PPARG,CHEMBL235
CCO[C@@H](Cc1ccc(OCCn2c3ccccc3c3ccccc32)cc1)C(=O)O,6.769735112555111,5,EC50,PPARG,CHEMBL235
CCO[C@@H](Cc1ccc(OCCn2c3ccccc3c3ccncc32)cc1)C(=O)O,7.96018944585165,1,EC50,PPARG,CHEMBL235
CCO[C@@H](Cc1ccc(OCc2nc(-c3ccc(-c4ccccc4)s3)oc2C)cc1)C(=O)O,8.522878745280337,1,EC50,PPARG,CHEMBL235
CCO[C@@H](Cc1ccc(OCc2nc(-c3ccc(C)s3)oc2C)cc1)C(=O)O,12.698970004336019,1,EC50,PPARG,CHEMBL235
CCO[C@@H](Cc1ccc(OCc2nc(-c3cccs3)oc2C)cc1)C(=O)O,11.823908740944319,1,EC50,PPARG,CHEMBL235
CCO[C@@H](Cc1ccc(OCc2nc(-c3ccsc3)oc2C)cc1)C(=O)O,8.568636235841012,1,EC50,PPARG,CHEMBL235
CCO[C@@H](Cc1ccc(OCc2nc(-c3sccc3C)oc2C)cc1)C(=O)O,12.522878745280337,1,EC50,PPARG,CHEMBL235
CCO[C@@H](Cc1cccc(-c2cc(-c3ccccc3)on2)c1)C(=O)O,5.482804102050025,1,EC50,PPARG,CHEMBL235
CCO[C@@H](Cc1cccc(/C(C)=N/OCc2ccc(Br)cc2)c1)C(=O)O,7.443697499232712,1,EC50,PPARG,CHEMBL235
CCO[C@@H](Cc1cccc(/C(C)=N/OCc2ccc(C(C)(C)C)cc2)c1)C(=O)O,6.554395796726403,1,EC50,PPARG,CHEMBL235
CCO[C@@H](Cc1cccc(/C(C)=N/OCc2ccc(C(F)(F)F)cc2)c1)C(=O)O,7.337242168318426,1,EC50,PPARG,CHEMBL235
CCO[C@@H](Cc1cccc(/C(C)=N/OCc2ccc(Cl)cc2)c1)C(=O)O,7.552841968657781,1,EC50,PPARG,CHEMBL235
CCO[C@@H](Cc1cccc(/C(C)=N/OCc2ccc(F)cc2)c1)C(=O)O,6.856985199745905,1,EC50,PPARG,CHEMBL235
CCO[C@@H](Cc1cccc(/C(C)=N/OCc2ccc(I)cc2)c1)C(=O)O,7.3979400086720375,1,EC50,PPARG,CHEMBL235
CCO[C@@H](Cc1cccc(/C(C)=N/OCc2ccc(O)cc2)c1)C(=O)O,5.531652669587842,1,EC50,PPARG,CHEMBL235
CCO[C@@H](Cc1cccc(/C(C)=N/OCc2ccc(OC)cc2)c1)C(=O)O,6.756961951313706,1,EC50,PPARG,CHEMBL235
CCO[C@@H](Cc1cccc(/C(C)=N/OCc2ccc(OS(C)(=O)=O)cc2)c1)C(=O)O,5.79317412396815,1,EC50,PPARG,CHEMBL235
CCO[C@@H](Cc1cccc(/C(C)=N/OCc2cccc(Cl)c2)c1)C(=O)O,8.0,1,EC50,PPARG,CHEMBL235
CCO[C@@H](Cc1cccc(/C(C)=N/OCc2ccccc2)c1)C(=O)O,6.917214629683549,1,EC50,PPARG,CHEMBL235
CCO[C@@H](Cc1cccc(/C(C)=N/OCc2ccccc2Cl)c1)C(=O)O,7.585026652029182,1,EC50,PPARG,CHEMBL235
CCO[C@@H](Cc1cccc(C2=NOC(CCc3ccccc3)C2)c1)C(=O)O,5.732828271596986,1,EC50,PPARG,CHEMBL235
CCO[C@@H](Cc1cccc(C2=NOC(Cc3ccccc3)C2)c1)C(=O)O,5.159266765388193,1,EC50,PPARG,CHEMBL235
CCO[C@@H](Cc1cccc(C2=NOC(c3ccc(Br)cc3)C2)c1)C(=O)O,6.130768280269024,1,EC50,PPARG,CHEMBL235
CCO[C@@H](Cc1cccc(C2=NOC(c3ccc(C(C)(C)C)cc3)C2)c1)C(=O)O,5.5638373529592435,1,EC50,PPARG,CHEMBL235
CCO[C@@H](Cc1cccc(C2=NOC(c3ccc(Cl)cc3)C2)c1)C(=O)O,6.088309841246138,1,EC50,PPARG,CHEMBL235
CCO[C@@H](Cc1cccc(C2=NOC(c3ccc(F)cc3)C2)c1)C(=O)O,5.935542010773082,1,EC50,PPARG,CHEMBL235
CCO[C@@H](Cc1cccc(C2=NOC(c3ccc(I)cc3)C2)c1)C(=O)O,6.217527375833714,1,EC50,PPARG,CHEMBL235
CCO[C@@H](Cc1cccc(C2=NOC(c3ccc(O)cc3)C2)c1)C(=O)O,4.413412695328245,1,EC50,PPARG,CHEMBL235
CCO[C@@H](Cc1cccc(C2=NOC(c3ccc(OC)cc3)C2)c1)C(=O)O,5.496209316942819,1,EC50,PPARG,CHEMBL235
CCO[C@@H](Cc1cccc(C2=NOC(c3ccc(OS(C)(=O)=O)cc3)C2)c1)C(=O)O,4.55129368009492,1,EC50,PPARG,CHEMBL235
CCO[C@@H](Cc1cccc(C2=NOC(c3ccccc3)C2)c1)C(=O)O,6.657577319177793,1,EC50,PPARG,CHEMBL235
CCO[C@H](Cc1ccc(OCCN2CCC(C)(C)c3cc(/C(=N\OC)c4ccccc4)ccc32)cc1)C(=O)O,7.050609993355087,1,Ki,PPARG,CHEMBL235
CCO[C@H](Cc1ccc(OCCc2nc(-c3ccccc3)oc2C)c2ccsc12)C(=O)O,5.571865205971211,1,IC50,PPARG,CHEMBL235
CCO[C@H](Cc1cccc(-c2cc(-c3ccccc3)on2)c1)C(=O)O,4.42712839779952,1,EC50,PPARG,CHEMBL235
CCO[C@H](Cc1cccc(/C(C)=N/OCc2ccccc2)c1)C(=O)O,5.723538195826755,1,EC50,PPARG,CHEMBL235
CCO[C@H](Cc1cccc(C2=NOC(CCc3ccccc3)C2)c1)C(=O)O,4.600326278518962,1,EC50,PPARG,CHEMBL235
CCO[C@H](Cc1cccc(C2=NOC(Cc3ccccc3)C2)c1)C(=O)O,4.382999658879101,1,EC50,PPARG,CHEMBL235
CCO[C@H](Cc1cccc(C2=NOC(c3ccccc3)C2)c1)C(=O)O,4.5951662833800615,1,EC50,PPARG,CHEMBL235
CCOc1cc(/C=C2\S/C(=N/c3ccc(Cl)c(C(=O)O)c3)N(C)C2=O)cc(Cl)c1O,5.098541678603888,1,IC50,PPARG,CHEMBL235
CCOc1cc(C)ccc1OCCCOc1ccc2c(c1)CC[C@H]2CC(=O)O,3.089999997950482,1,EC50,PPARG,CHEMBL235
CCOc1cc(Oc2ccc(C)nc2C)cc2c1nc(COc1cccc(C(=O)O)c1)n2C,6.982966660701219,1,EC50,PPARG,CHEMBL235
CCOc1cc(Oc2ccc3nc(COc4cccc(C(=O)O)c4)n(C)c3c2)ccn1,6.739928612014925,1,EC50,PPARG,CHEMBL235
CCOc1cc(Oc2ccnc(OC)c2)cc2c1nc(COc1cccc(C(=O)O)c1)n2C,7.236572006437063,1,EC50,PPARG,CHEMBL235
CCOc1cc(Oc2ncc(C)cc2C)cc2c1nc(COc1cccc(C(=O)O)c1)n2C,7.236572006437063,1,EC50,PPARG,CHEMBL235
CCOc1ccc(-c2ccc(CCCc3nn(-c4ccc(C(F)(F)F)cc4)c(=O)n3-c3ccccc3F)cc2)cc1CC(=O)O,4.671620396561262,1,IC50,PPARG,CHEMBL235
CCOc1ccc(/C=C/c2cc(OCC)cc(OCc3ccc(OCC(=O)O)c(F)c3)c2)cc1,4.645891560852599,1,EC50,PPARG,CHEMBL235
CCOc1ccc(CC(CC)C(=O)O)cc1CNC(=O)c1ccc(C(F)(F)F)cc1,5.7447274948966935,1,EC50,PPARG,CHEMBL235
CCOc1ccc(COc2ccc(NC(=O)c3ccc(Cl)cc3Cl)c(C(=O)[O-])c2)cc1.[Li+],5.443697499232712,1,Ki,PPARG,CHEMBL235
CCOc1ccc(F)c(N2CC[C@@H](Oc3ccc(N4C[C@H](OC(F)F)C[C@@H]4CC(=O)O)cc3)[C@H](C)C2)c1,5.42021640338319,1,EC50,PPARG,CHEMBL235
CCOc1ccc(F)c(N2CC[C@@H](Oc3ccc(N4C[C@H](OC)C[C@@H]4CC(=O)O)cc3)[C@H](C)C2)c1,4.920818753952375,1,EC50,PPARG,CHEMBL235
CCOc1ccc(F)c(N2CC[C@@H](Oc3ccc(N4C[C@H](OCCCOC)C[C@@H]4CC(=O)O)cc3)[C@H](C)C2)c1,5.366531544420413,1,EC50,PPARG,CHEMBL235
CCOc1ccc(F)c(N2CC[C@@H](Oc3ccc(N4C[C@](C)(OC)C[C@@H]4CC(=O)O)cc3)[C@H](C)C2)c1,5.251811972993799,1,EC50,PPARG,CHEMBL235
CCOc1ccc(OCCCOc2ccc3c(c2)CC[C@H]3CC(=O)O)cc1,2.9699999980697678,1,EC50,PPARG,CHEMBL235
CCOc1ccc([C@H](C)NC(=O)c2ccc3c(c2)c(C)c(C)n3Cc2ccc(-c3ccccc3C(=O)O)cc2)cc1,7.889187180028132,3,"EC50,IC50",PPARG,CHEMBL235
CCOc1ccc2c(c1)O/C(=C\c1cc(C)c(OC(C)(C)C(=O)O)c(C)c1)C2=O,6.54515513999149,1,EC50,PPARG,CHEMBL235
CCOc1ccc2c(c1)O/C(=C\c1cc(C)c(OCC(=O)O)c(C)c1)C2=O,5.878440155812499,1,EC50,PPARG,CHEMBL235
CCOc1ccc2c(c1)c(Oc1cccc(C(F)(F)F)c1)c(C(=O)O)n2-c1ccc(C(C)(C)C)cc1,7.7447274948966935,1,IC50,PPARG,CHEMBL235
CCOc1cccc(-c2ccc(NC(=O)c3ccc(Cl)cc3Cl)c(C(=O)[O-])c2)c1.[Li+],5.920818753952375,1,Ki,PPARG,CHEMBL235
CCOc1cccc(Oc2c(C(=O)O)n(-c3ccc(C(C)(C)C)cc3)c3ccccc23)c1,7.309803919971486,1,IC50,PPARG,CHEMBL235
CCOc1cccc(Oc2ccc3nc(COc4cccc(C(=O)O)c4)n(C)c3c2)c1,7.3979400086720375,1,EC50,PPARG,CHEMBL235
CCOc1cccc([C@H](C)NC(=O)c2ccc3c(c2)c(C)c(C)n3Cc2ccc(-c3ccccc3)cc2)c1,7.6777807052660805,1,IC50,PPARG,CHEMBL235
CCOc1csc(-c2ccc(OCCCOc3ccc4c(c3)CC[C@H]4CC(=O)O)cc2)n1,2.8700000008343753,1,EC50,PPARG,CHEMBL235
CCOc1nc(-c2ccc(OCCCOc3ccc4c(c3)CC[C@H]4CC(=O)O)c(OC)c2)sc1C,2.240000000254458,1,EC50,PPARG,CHEMBL235
CCOc1nc(-c2ccc(OCCCOc3ccc4c(c3)CC[C@H]4CC(=O)O)c(OC)c2)sc1CC,2.250000000147006,1,EC50,PPARG,CHEMBL235
CCOc1nc2cccc(C(=O)OC(C)OC(=O)OC3CCCCC3)c2n1Cc1ccc(-c2ccccc2-c2nn[nH]n2)cc1,5.376750709602099,1,EC50,PPARG,CHEMBL235
CCS(=O)(=O)Nc1ccc(CNC(=O)c2ccc3c(ccn3Cc3cccc(F)c3)c2)c(C(F)(F)F)c1,6.431798275933005,1,EC50,PPARG,CHEMBL235
CC[C@@H](C(=O)O)[C@@H]1CCc2cc(OCCc3nc(-c4ccccc4)oc3C)ccc21,7.022276394711152,1,EC50,PPARG,CHEMBL235
CC[C@@H](C(=O)O)[C@H]1CCc2cc(OCCc3nc(-c4ccc(Cl)c(Cl)c4)oc3C)ccc21,6.647817481888637,1,EC50,PPARG,CHEMBL235
CC[C@@H](C(=O)O)[C@H]1CCc2cc(OCCc3nc(-c4ccccc4)oc3C)ccc21,6.2182446253475305,1,EC50,PPARG,CHEMBL235
CC[C@@H](Cc1ccc(C(=O)NCc2ccc(OC)cc2C(F)(F)F)cc1)C(=O)O,5.4430283238465815,2,EC50,PPARG,CHEMBL235
CC[C@@H](Cc1ccc(OC)c(C(=O)NCc2ccc(C(F)(F)F)cc2)c1)C(=O)O,4.356547323513812,1,IC50,PPARG,CHEMBL235
CC[C@@H](Cc1ccc(OC)c(C(=O)NCc2ccc(Oc3ccc(F)cc3)cc2)c1)C(=O)O,5.6020599913279625,1,EC50,PPARG,CHEMBL235
CC[C@@H](NC(=O)c1ccc2c(c1)c(C)c(C)n2Cc1ccc(-c2ccccc2C(=O)O)cc1)c1ccccc1,9.469645130991166,3,"EC50,IC50",PPARG,CHEMBL235
CC[C@@H](NC(=O)c1ccc2c(c1)c(C)c(C)n2Cc1ccccc1-c1ccc(C(=O)O)cc1)c1ccccc1,7.096910013008056,1,IC50,PPARG,CHEMBL235
CC[C@@H](NC(=O)c1ccc2c(c1)c(C)c(C)n2Cc1ccccc1-c1cccc(C(=O)O)c1)c1ccccc1,7.698970004336019,1,IC50,PPARG,CHEMBL235
CC[C@@H](NC(=O)c1ccc2c(ccn2Cc2ccccc2-c2ccc(C(=O)O)cc2)c1)c1ccccc1,8.301029995663981,1,IC50,PPARG,CHEMBL235
CC[C@@H](NC(=O)c1ccc2c(ccn2Cc2ccccc2-c2cccc(C(=O)O)c2)c1)c1ccccc1,8.397940008672037,1,IC50,PPARG,CHEMBL235
CC[C@@H](OC(=O)N(Cc1ccccc1)C(=O)Nc1cc(OC)cc(OC)c1)c1cc(-c2ccc(OC(C)(C)C(=O)O)cc2)no1,9.42021640338319,2,EC50,PPARG,CHEMBL235
CC[C@@H](Oc1ccc(-c2cccc3ccccc23)cc1)C(=O)O.NC1CCCCC1,5.136677139879544,1,EC50,PPARG,CHEMBL235
CC[C@@H](Oc1cccc(-n2c(C)c(C(=O)c3ccc(OC)cc3)c3ccc(OC(F)(F)F)cc32)c1)C(=O)O,8.045757490560675,1,IC50,PPARG,CHEMBL235
CC[C@@H](Oc1cccc(CN(CCCOc2ccc(OC)cc2)c2nc3ccccc3o2)c1)C(=O)O,5.769551078621726,1,EC50,PPARG,CHEMBL235
CC[C@@H](Oc1cccc(Cn2c(=O)n(-c3noc4cc(OC)ccc34)c3ccc(C(F)(F)F)cc32)c1)C(=O)O,5.436875039661956,1,IC50,PPARG,CHEMBL235
CC[C@@H](Oc1cccc(Cn2c(C)c(C(=O)c3ccc(Cl)cc3)c3ccc(OC(F)(F)F)cc32)c1)C(=O)O,8.045757490560675,1,IC50,PPARG,CHEMBL235
CC[C@@H]1CN(Cc2cc(C)cc(CC(=O)O)c2)CCN1c1nc2ccc(C(F)(F)F)cc2s1,6.366531544420413,1,EC50,PPARG,CHEMBL235
CC[C@@](C)(Cc1ccc(OCCCOc2ccc(C3CCC(C)(C)CC3)cc2Cl)cc1)C(=O)O,5.442492798094342,1,IC50,PPARG,CHEMBL235
CC[C@@](C)(Cc1ccc(OCCCOc2ccc(C3CCCCC3)cc2Cl)cc1)C(=O)O,5.732593581247096,1,IC50,PPARG,CHEMBL235
CC[C@@](C)(Cc1ccc(OCCCOc2ccccc2Cl)cc1)C(=O)O,6.070070439915412,1,IC50,PPARG,CHEMBL235
CC[C@@](C)(Oc1ccc(-c2cccc3ccccc23)cc1)C(=O)O.NC1CCCCC1,5.366531544420413,1,EC50,PPARG,CHEMBL235
CC[C@@](C)(Oc1cccc(Cn2c(C)c(C(=O)c3ccc(Cl)cc3)c3ccc(OC(F)(F)F)cc32)c1)C(=O)O,8.173393743112328,2,IC50,PPARG,CHEMBL235
CC[C@@]1(C(=O)O)CCc2ccc(OCCCOc3ccc(Oc4ccc(F)cc4)cc3Cl)cc2O1,5.328788659588897,2,"EC50,IC50",PPARG,CHEMBL235
CC[C@H](C(=O)O)[C@@H]1CCc2cc(OCCc3nc(-c4ccc(C)cc4)oc3C)ccc21,7.522878745280337,1,EC50,PPARG,CHEMBL235
CC[C@H](C(=O)O)[C@@H]1CCc2cc(OCCc3nc(-c4ccc(Cl)c(Cl)c4)oc3C)ccc21,7.337242168318426,1,EC50,PPARG,CHEMBL235
CC[C@H](C(=O)O)[C@@H]1CCc2cc(OCCc3nc(-c4ccc(F)cc4)oc3C)ccc21,7.337242168318426,1,EC50,PPARG,CHEMBL235
CC[C@H](C(=O)O)[C@@H]1CCc2cc(OCCc3nc(-c4ccccc4)oc3C)ccc21,8.221848749616356,1,EC50,PPARG,CHEMBL235
CC[C@H](C(=O)O)[C@H]1CCc2cc(OCCc3nc(-c4ccc(C)cc4)oc3C)ccc21,7.080921907623926,1,EC50,PPARG,CHEMBL235
CC[C@H](C(=O)O)[C@H]1CCc2cc(OCCc3nc(-c4ccccc4)oc3C)ccc21,7.721246399047171,1,EC50,PPARG,CHEMBL235
CC[C@H](Cc1ccc(C(=O)NCc2ccc(OC)cc2C(F)(F)F)cc1)C(=O)O,6.483288122256525,2,EC50,PPARG,CHEMBL235
CC[C@H](NC(=O)c1ccc2c(c1)c(C)c(C)n2Cc1ccc(-c2ccccc2C(=O)O)cc1)c1cccc(C(C)C)c1,7.697171660373783,3,"EC50,IC50",PPARG,CHEMBL235
CC[C@H](NC(=O)c1ccc2c(c1)c(C)c(C)n2Cc1ccc(-c2ccccc2C(=O)O)cc1)c1ccccc1,8.107160540319962,3,"EC50,IC50",PPARG,CHEMBL235
CC[C@H](NC(=O)c1ccc2c(c1)c(C)c(C)n2Cc1ccccc1-c1cccc(C(=O)O)c1)c1ccccc1,7.096910013008056,1,IC50,PPARG,CHEMBL235
CC[C@H](NC(=O)c1ccc2c(ccn2Cc2ccccc2-c2ccc(C(=O)O)cc2)c1)c1ccccc1,7.0,1,IC50,PPARG,CHEMBL235
CC[C@H](NC(=O)c1ccc2c(ccn2Cc2ccccc2-c2cccc(C(=O)O)c2)c1)c1ccccc1,7.096910013008056,1,IC50,PPARG,CHEMBL235
CC[C@H](OC(=O)N(Cc1ccccc1)C(=O)Nc1cc(OC)cc(OC)c1)c1cc(-c2ccc(OC(C)(C)C(=O)O)cc2)no1,6.73754891026957,2,EC50,PPARG,CHEMBL235
CC[C@H](Oc1ccc(-c2cccc3ccccc23)cc1)C(=O)O.NC1CCCCC1,4.958607314841775,1,EC50,PPARG,CHEMBL235
CC[C@H](Oc1cccc(Cn2c(C)c(C(=O)c3ccc(Cl)cc3)c3ccc(OC(F)(F)F)cc32)c1)C(=O)O,8.397940008672037,1,IC50,PPARG,CHEMBL235
CC[C@H]1CN(Cc2cc(C)cc(CC(=O)O)c2)CCN1c1nc2ccc(C(F)(F)F)cc2s1,5.721246399047171,1,EC50,PPARG,CHEMBL235
CC[C@H]1CN(c2nc3ccc(C(F)(F)F)cc3s2)CCN1CCOc1cc(CC(=O)O)ccc1Cl,6.431798275933005,1,EC50,PPARG,CHEMBL235
CC[C@H]1CN(c2nc3ccc(Cl)cc3s2)CCC1CCOc1cc(CC(=O)O)ccc1Cl,6.1487416512809245,1,EC50,PPARG,CHEMBL235
CC[C@](C)(Oc1ccc(-c2cccc3ccccc23)cc1)C(=O)O.NC1CCCCC1,5.327902142064282,1,EC50,PPARG,CHEMBL235
CC[C@]1(C(=O)O)CCc2ccc(OCCCOc3ccc(C(C)(C)C)cc3Cl)cc2O1,5.552841968657781,1,IC50,PPARG,CHEMBL235
CC[C@]1(C(=O)O)CCc2ccc(OCCCOc3ccc(C(C)C)cc3Cl)cc2O1,5.537602002101044,1,IC50,PPARG,CHEMBL235
CC[C@]1(C(=O)O)CCc2ccc(OCCCOc3ccc(C(F)(F)F)cc3Cl)cc2O1,5.366531544420413,1,IC50,PPARG,CHEMBL235
CC[C@]1(C(=O)O)CCc2ccc(OCCCOc3ccc(C4CCC(C)(C)CC4)cc3Cl)cc2O1,5.2441251443275085,1,IC50,PPARG,CHEMBL235
CC[C@]1(C(=O)O)CCc2ccc(OCCCOc3ccc(C4CCC5(CC4)CC5)cc3Cl)cc2O1,5.431798275933005,1,IC50,PPARG,CHEMBL235
CC[C@]1(C(=O)O)CCc2ccc(OCCCOc3ccc(C4CCCCC4)cc3Cl)cc2O1,5.853871964321762,1,IC50,PPARG,CHEMBL235
CC[C@]1(C(=O)O)CCc2ccc(OCCCOc3ccc(CC(C)C)cc3Cl)cc2O1,5.7447274948966935,1,IC50,PPARG,CHEMBL235
CC[C@]1(C(=O)O)CCc2ccc(OCCCOc3ccc(Cl)cc3Cl)cc2O1,5.537602002101044,1,IC50,PPARG,CHEMBL235
CC[C@]1(C(=O)O)CCc2ccc(OCCCOc3ccc(F)cc3Cl)cc2O1,5.366531544420413,1,IC50,PPARG,CHEMBL235
CC[C@]1(C(=O)O)CCc2ccc(OCCCOc3ccc(OC(F)(F)F)cc3Cl)cc2O1,5.585026652029182,1,IC50,PPARG,CHEMBL235
CC[C@]1(C(=O)O)CCc2ccc(OCCCOc3ccc(OCC(F)(F)F)cc3Cl)cc2O1,6.004364805402449,1,IC50,PPARG,CHEMBL235
CC[C@]1(C(=O)O)CCc2ccc(OCCCOc3ccc(Oc4ccc(F)cc4)cc3Cl)cc2O1,6.659643596754027,4,"EC50,IC50",PPARG,CHEMBL235
CCc1c(C(=O)OC)cc2c(c1O)C(=O)c1c(O)cc3cc(C)c(Cl)c(OC)c3c1C2=O,6.7447274948966935,1,EC50,PPARG,CHEMBL235
CCc1c(C)nc2c(nc(CC)n2[C@H]2CCc3cc(-c4ccccc4-c4nnn[nH]4)ccc32)c1C,5.872895201635192,1,EC50,PPARG,CHEMBL235
CCc1cc(C(F)(F)F)ccc1C(=O)NCc1cccc(Oc2ccc(OC(C)(C)C(=O)O)c(C)c2)c1,8.0,1,IC50,PPARG,CHEMBL235
CCc1cc(C)c2nc(C(C)C)n([C@H]3CCc4cc(-c5ccccc5-c5nnn[nH]5)ccc43)c2n1,6.578396073130168,1,EC50,PPARG,CHEMBL235
CCc1cc(C)c2nc(CC)n([C@H]3CCc4cc(-c5ccccc5-c5nnn[nH]5)ccc43)c2n1,6.306273051076353,1,EC50,PPARG,CHEMBL235
CCc1cc(Cn2ncn(-c3ccc(C(F)(F)F)cc3)c2=O)cc(CC)c1OC(C)(C)C(=O)O,5.65949639683955,1,EC50,PPARG,CHEMBL235
CCc1cc(Cn2ncn(-c3ccc(OC(F)(F)F)cc3)c2=O)cc(CC)c1OC(C)(C)C(=O)O,5.510055575640196,1,EC50,PPARG,CHEMBL235
CCc1cc(F)c2ccccc2c1CNC(=O)c1c(OC)cc(O)c2c1OC1=CC(O)=C(C(C)=O)C(=O)[C@]12C,8.473845450176338,2,EC50,PPARG,CHEMBL235
CCc1cc(OCC[C@@H](C)Oc2ccc(C(F)(F)F)cc2-c2ccccn2)ccc1CCC(=O)O,7.795880017344075,1,IC50,PPARG,CHEMBL235
CCc1cc(OCC[C@@H](C)Oc2ccc(Cl)cc2Oc2ccccc2)ccc1CCC(=O)O,7.721246399047171,1,IC50,PPARG,CHEMBL235
CCc1cc(OCCc2coc(-c3ccc(C(F)(F)F)cc3)n2)ccc1CCC(=O)O,6.1598939055432425,1,EC50,PPARG,CHEMBL235
CCc1cc(OCCc2nc(-c3ccc(-c4nnn[nH]4)cc3)oc2C)ccc1CCC(=O)O,5.169989064063882,1,EC50,PPARG,CHEMBL235
CCc1cc(OCCc2nc(-c3ccc(C#N)cc3)oc2C)ncc1CCC(=O)O,7.657577319177793,1,EC50,PPARG,CHEMBL235
CCc1cc(OCCc2nc(-c3ccc(C(C)(C)C)cc3)oc2C)ccc1CCC(=O)O,7.050609993355087,1,EC50,PPARG,CHEMBL235
CCc1cc(OCCc2nc(-c3ccc(C(F)(F)F)cc3)oc2C)ccc1CCC(=O)O,8.301029995663981,1,EC50,PPARG,CHEMBL235
CCc1cc(OCCc2nc(-c3ccc(C(N)=O)cc3)oc2C)ncc1CCC(=O)O,7.327902142064282,1,EC50,PPARG,CHEMBL235
CCc1cc(OCCc2nc(-c3ccc(C)cc3)oc2C)ccc1CCC(=O)O,8.397940008672037,1,EC50,PPARG,CHEMBL235
CCc1cc(OCCc2nc(-c3ccc(F)cc3)oc2C)ccc1CCC(=O)O,7.886056647693163,1,EC50,PPARG,CHEMBL235
CCc1cc(OCCc2nc(-c3ccc([N+](=O)[O-])cc3)oc2C)ncc1CCC(=O)O,7.6020599913279625,1,EC50,PPARG,CHEMBL235
CCc1cc(Oc2cc(F)cc([C@@H](C)NC(=O)c3c(C)c4cc(Cl)ccc4n3C)c2)ccc1CCC(=O)O,7.4089353929735005,1,IC50,PPARG,CHEMBL235
CCc1cc(Oc2cc(F)cc([C@@H](C)NC(=O)c3sc4ccc(Cl)cc4c3C)c2)ccc1CCC(=O)O,7.301029995663981,1,IC50,PPARG,CHEMBL235
CCc1cc(Oc2ccc3nc(COc4cccc(C(=O)O)c4)n(C)c3c2)ccn1,6.293282217663242,1,EC50,PPARG,CHEMBL235
CCc1ccc(-c2nc(CCOc3ccc4c(c3)CCC4C(CC)C(=O)O)c(C)o2)cc1,7.3979400086720375,1,EC50,PPARG,CHEMBL235
CCc1ccc(-c2nc3cc(NC(=O)c4cc(C#N)ccc4Cl)ccc3o2)cc1,7.562991148068907,2,"EC50,IC50",PPARG,CHEMBL235
CCc1ccc(-c2nc3cc(NC(=O)c4cc(C(F)(F)F)ccc4Cl)ccc3o2)cc1,8.236572006437063,1,EC50,PPARG,CHEMBL235
CCc1ccc(-c2nc3cc(NC(=O)c4cc([N+](=O)[O-])ccc4Br)ccc3o2)cc1,8.625321845561547,3,"EC50,IC50",PPARG,CHEMBL235
CCc1ccc(-c2nc3cc(NC(=O)c4cc([N+](=O)[O-])ccc4Cl)ccc3n2C)cc1,8.394172799723409,2,"EC50,IC50",PPARG,CHEMBL235
CCc1ccc(-c2nc3cc(NC(=O)c4cc([N+](=O)[O-])ccc4Cl)ccc3o2)cc1,9.134687697910275,3,"EC50,IC50",PPARG,CHEMBL235
CCc1ccc(-c2nc3cc(NC(=O)c4cc([N+](=O)[O-])ccc4Cl)ccc3o2)cn1,9.15051499783199,2,"EC50,IC50",PPARG,CHEMBL235
CCc1ccc(-c2nc3cc(NC(=O)c4cc([N+](=O)[O-])ccc4F)ccc3o2)cc1,8.439713034397075,2,"EC50,IC50",PPARG,CHEMBL235
CCc1ccc(-c2nc3cc(NC(=O)c4cc([N+](=O)[O-])ccc4I)ccc3o2)cc1,8.545221985379413,2,"EC50,IC50",PPARG,CHEMBL235
CCc1ccc(-c2nc3cc(NC(=O)c4ccc([N+](=O)[O-])s4)ccc3o2)cc1,5.064410630235505,2,"EC50,IC50",PPARG,CHEMBL235
CCc1ccc(-c2nc3cc(NC(=O)c4cccc([N+](=O)[O-])c4)ccc3o2)cc1,5.094204119632131,1,EC50,PPARG,CHEMBL235
CCc1ccc(-c2nc3ccc(NC(=O)c4cc([N+](=O)[O-])ccc4Cl)cc3n2C)cc1,8.101366229584642,2,"EC50,IC50",PPARG,CHEMBL235
CCc1ccc(-n2cnn(Cc3cc(C)c(OC(C)(C)C(=O)O)c(C)c3)c2=O)cc1,5.928007592875824,1,EC50,PPARG,CHEMBL235
CCc1ccc(C(=O)COc2ccc(CC3SC(=O)NC3=O)cc2)cc1,5.0726296369609765,1,IC50,PPARG,CHEMBL235
CCc1ccc(C(=O)COc2ccc(CC3SC(=O)NC3=O)cc2)nc1,5.41706488369603,2,"EC50,IC50",PPARG,CHEMBL235
CCc1ccc(CC(=O)O)cc1OCCC1CCN(c2nc3ccc(Cl)cc3s2)CC1,6.167491087293763,1,EC50,PPARG,CHEMBL235
CCc1ccc(CCOc2ccc(CC3SC(=O)NC3=O)cc2)cc1,6.078695380194719,2,"Ki,EC50",PPARG,CHEMBL235
CCc1ccc(CCOc2ccc(CC3SC(=O)NC3=O)cc2)nc1,6.138050046201454,61,"Ki,EC50,IC50",PPARG,CHEMBL235
CCc1ccc(CCOc2ccc(C[C@@H]3SC(=O)NC3=O)cc2)nc1,5.459670525209127,2,EC50,PPARG,CHEMBL235
CCc1ccc(CCOc2ccc(C[C@H](Nc3ccccc3C(=O)c3ccccc3)C(=O)O)cc2)nc1,8.18996921359416,1,Ki,PPARG,CHEMBL235
CCc1ccc(COc2ccc(C[C@H](Nc3ccccc3C(=O)c3ccccc3)C(=O)O)cc2)cc1,6.570005615848293,1,Ki,PPARG,CHEMBL235
CCc1ccc(N2CC(=O)N(Cc3cc(C)c(OC(C)(C)C(=O)O)c(C)c3)C2=O)cc1,5.783570169123749,1,EC50,PPARG,CHEMBL235
CCc1ccc(N2CCN(Cc3cc(C)c(OC(C)(C)C(=O)O)c(C)c3)C2=O)cc1,5.8887374863409345,1,EC50,PPARG,CHEMBL235
CCc1ccc(OC(C)CCOc2ccc(CCC(=O)O)c(C)c2)c(C(=O)c2ccccc2)c1,7.920818753952375,1,IC50,PPARG,CHEMBL235
CCc1ccc(OC(C)CCOc2ccc(CCC(=O)O)c(C)c2)c(Cc2ccccc2)c1,7.229147988357855,1,IC50,PPARG,CHEMBL235
CCc1ccc(OC(C)CCOc2ccc(OC(C)(C)C(=O)O)cc2)c(C(=O)c2ccccc2)c1,8.221848749616356,1,IC50,PPARG,CHEMBL235
CCc1ccc(OC(CC)CCOc2ccc(CCC(=O)O)c(C)c2)c(C(=O)c2ccccc2)c1,7.7447274948966935,1,IC50,PPARG,CHEMBL235
CCc1ccc(OCCCOc2ccc(OC(C)(C)C(=O)O)cc2)c(C(=O)c2ccccc2)c1,7.42021640338319,1,IC50,PPARG,CHEMBL235
CCc1ccc(OCCCOc2ccc3c(c2)CC[C@H]3CC(=O)O)c(OC)c1,3.210000001311122,1,EC50,PPARG,CHEMBL235
CCc1ccc(OCCCOc2ccc3c(c2)CC[C@H]3CC(=O)O)cc1,3.789999999292764,1,EC50,PPARG,CHEMBL235
CCc1ccc(O[C@@H](C)CCOc2ccc(CCC(=O)O)c(C)c2)c(C(=O)c2ccccc2)c1,5.94692155651658,1,IC50,PPARG,CHEMBL235
CCc1ccc(O[C@@H](Cc2ccccc2)C(=O)O)cc1,5.441848782372887,2,EC50,PPARG,CHEMBL235
CCc1ccc(O[C@H](C)CCOc2ccc(CCC(=O)O)c(C)c2)c(-c2ccccc2)c1,6.667561540084394,1,IC50,PPARG,CHEMBL235
CCc1ccc(O[C@H](C)CCOc2ccc(CCC(=O)O)c(C)c2)c(-c2ccccn2)c1,7.337242168318426,1,IC50,PPARG,CHEMBL235
CCc1ccc(O[C@H](C)CCOc2ccc(CCC(=O)O)c(C)c2)c(-c2cccnc2)c1,7.221848749616356,1,IC50,PPARG,CHEMBL235
CCc1ccc(O[C@H](C)CCOc2ccc(CCC(=O)O)c(C)c2)c(-c2ccco2)c1,6.026872146400301,1,IC50,PPARG,CHEMBL235
CCc1ccc(O[C@H](C)CCOc2ccc(CCC(=O)O)c(C)c2)c(-c2cccs2)c1,5.962573502059376,1,IC50,PPARG,CHEMBL235
CCc1ccc(O[C@H](C)CCOc2ccc(CCC(=O)O)c(C)c2)c(-c2ccncc2)c1,6.2839966563652006,1,IC50,PPARG,CHEMBL235
CCc1ccc(O[C@H](C)CCOc2ccc(CCC(=O)O)c(C)c2)c(-c2ccsc2)c1,6.245651664288982,1,IC50,PPARG,CHEMBL235
CCc1ccc(O[C@H](C)CCOc2ccc(CCC(=O)O)c(C)c2)c(-c2cocn2)c1,6.009217308196862,1,IC50,PPARG,CHEMBL235
CCc1ccc(O[C@H](C)CCOc2ccc(CCC(=O)O)c(C)c2)c(-c2cscn2)c1,6.460923901207224,1,IC50,PPARG,CHEMBL235
CCc1ccc(O[C@H](C)CCOc2ccc(CCC(=O)O)c(C)c2)c(-c2ncco2)c1,6.316052869248487,1,IC50,PPARG,CHEMBL235
CCc1ccc(O[C@H](C)CCOc2ccc(CCC(=O)O)c(C)c2)c(-c2nccs2)c1,5.815308569182401,1,IC50,PPARG,CHEMBL235
CCc1ccc(O[C@H](C)CCOc2ccc(CCC(=O)O)c(C)c2)c(C(=O)c2ccccc2)c1,8.301029995663981,2,IC50,PPARG,CHEMBL235
CCc1ccc(O[C@H](C)CCOc2ccc(CCC(=O)O)c(C)c2)c(Oc2ccccc2)c1,8.221848749616356,1,IC50,PPARG,CHEMBL235
CCc1ccc(O[C@H](C)CCOc2ccc(CCC(=O)O)c(CC)c2)c(-c2ccccn2)c1,7.455931955649724,1,IC50,PPARG,CHEMBL235
CCc1ccc([C@@H](O)COc2ccc(CC3SC(=O)NC3=O)cc2)nc1,5.029633211047601,2,"EC50,IC50",PPARG,CHEMBL235
CCc1ccc([C@H](C)NC(=O)c2ccc3c(c2)c(C)c(C)n3Cc2ccc(-c3ccccc3C(=O)O)cc2)cc1,7.366531544420414,1,IC50,PPARG,CHEMBL235
CCc1ccc([C@H](O)COc2ccc(CC3SC(=O)NC3=O)cc2)nc1,6.036438057553576,2,"EC50,IC50",PPARG,CHEMBL235
CCc1ccc2ccc(F)cc2c1CNC(=O)c1c(OC)cc(O)c2c1OC1=CC(O)=C(C(C)=O)C(=O)[C@]12C,7.920818753952375,1,EC50,PPARG,CHEMBL235
CCc1ccc2ccccc2c1CNC(=O)c1c(OC)cc(O)c2c1OC1=CC(O)=C(C(C)=O)C(=O)[C@]12C,8.431798275933005,1,EC50,PPARG,CHEMBL235
CCc1ccc2oc(-c3cccc(NC(=O)c4cc([N+](=O)[O-])ccc4Cl)c3)nc2c1,7.267606240177031,1,EC50,PPARG,CHEMBL235
CCc1ccccc1-c1ccc(O[C@@H](Cc2ccccc2)C(=O)O)cc1,5.920818753952375,1,EC50,PPARG,CHEMBL235
CCc1ccccc1COc1ccc(C[C@H](Nc2ccccc2C(=O)c2ccccc2)C(=O)O)cc1,5.860001341725205,1,Ki,PPARG,CHEMBL235
CCc1ccccc1[C@H](C)NC(=O)c1ccc2c(c1)c(C)c(C)n2Cc1ccc(-c2ccccc2C(=O)O)cc1,7.639983677473715,3,"EC50,IC50",PPARG,CHEMBL235
CCc1csc(-c2ccc(OCCCOc3ccc4c(c3)CC[C@H]4CC(=O)O)c(OC)c2)n1,1.8099999999754592,1,EC50,PPARG,CHEMBL235
CCc1csc(-c2ccc(OCCCOc3ccc4c(c3)CC[C@H]4CC(=O)O)cc2)n1,2.9400000005662026,1,EC50,PPARG,CHEMBL235
CCc1nc2c(C)c(C)c(C)nc2n1[C@H]1CCc2cc(-c3ccccc3-c3nnn[nH]3)ccc21,5.739928612014925,1,EC50,PPARG,CHEMBL235
CCc1nc2c(C)cc(C)nc2n1C1CCc2cc(-c3ccccc3-c3nn[nH]n3)ccc21,6.241088107602026,1,EC50,PPARG,CHEMBL235
CCc1nc2c(C)cc(C)nc2n1Cc1ccc2c(c1)CCc1ccccc1/C2=C(\C)c1nn[nH]n1,6.600326278518962,1,EC50,PPARG,CHEMBL235
CCc1nc2c(C)cc(C)nc2n1Cc1ccc2c(c1)CCc1ccccc1/C2=C(\C)c1noc(=O)[nH]1,6.752026733638193,1,EC50,PPARG,CHEMBL235
CCc1nc2c(C)cc(C)nc2n1Cc1ccc2c(c1)CCc1ccccc1C2C(C)c1nn[nH]n1,6.7055337738384075,1,EC50,PPARG,CHEMBL235
CCc1nc2c(C)cc(C)nc2n1Cc1ccc2c(c1)COc1ccccc1/C2=C(\C)c1noc(=O)[nH]1,7.075720713938118,1,EC50,PPARG,CHEMBL235
CCc1nc2c(C)cc(C)nc2n1[C@@H]1CCc2cc(-c3ccccc3-c3nnn[nH]3)ccc21,5.581698708680255,1,EC50,PPARG,CHEMBL235
CCc1nc2c(C)cc(C)nc2n1[C@H]1CCc2cc(-c3ccccc3-c3nnn[nH]3)ccc21,6.228412519118745,1,EC50,PPARG,CHEMBL235
CCc1nc2c(C)cc(CC(C)C)nc2n1[C@H]1CCc2cc(-c3ccccc3-c3nnn[nH]3)ccc21,6.673664139071249,2,EC50,PPARG,CHEMBL235
CCc1nc2c(C)cc(CC(C)C)nc2n1[C@H]1CCc2cc(-c3ccccc3C(=O)O)ccc21,6.756961951313706,1,EC50,PPARG,CHEMBL235
CCc1nc2c(C)cc(Cc3ccccc3)nc2n1[C@H]1CCc2cc(-c3ccccc3-c3nnn[nH]3)ccc21,7.045757490560675,1,EC50,PPARG,CHEMBL235
CCc1nc2c(C)cn(Cc3ccccc3C#N)c(=O)c2n1[C@H]1CCc2cc(-c3ccccc3-c3nnn[nH]3)ccc21,6.530177984021837,1,EC50,PPARG,CHEMBL235
CCc1nc2c(C)cn(Cc3ccccc3C)c(=O)c2n1[C@H]1CCc2cc(-c3ccccc3-c3nnn[nH]3)ccc21,7.376750709602099,1,EC50,PPARG,CHEMBL235
CCc1nc2c(CC(C)C)cc(C)nc2n1[C@H]1CCc2cc(-c3ccccc3-c3nnn[nH]3)ccc21,6.782516055786093,1,EC50,PPARG,CHEMBL235
CCc1nc2ccccc2c(=O)n1CC(=O)Nc1ccc(S(=O)(=O)NC(=O)NC2CCCCC2)cc1,6.229147988357855,1,IC50,PPARG,CHEMBL235
CCc1nc2ccccc2n1Cc1ccc2c(c1)COc1ccccc1/C2=C(\C)c1noc(=O)[nH]1,7.769551078621726,1,EC50,PPARG,CHEMBL235
CCc1nc2ccn(CC(=O)OCc3ccccc3)c(=O)c2n1[C@H]1CCc2cc(-c3ccccc3-c3nnn[nH]3)ccc21,5.903089986991944,1,EC50,PPARG,CHEMBL235
CCc1nc2ccn(CC(C)C)c(=O)c2n1[C@H]1CCc2cc(-c3ccccc3-c3nnn[nH]3)ccc21,5.767003889607846,1,EC50,PPARG,CHEMBL235
CCc1nc2ccn(CC3CCCCC3)c(=O)c2n1[C@H]1CCc2cc(-c3ccccc3-c3nnn[nH]3)ccc21,6.025949097207123,1,EC50,PPARG,CHEMBL235
CCc1nc2ccn(Cc3c(C)noc3C)c(=O)c2n1[C@H]1CCc2cc(-c3ccccc3-c3nnn[nH]3)ccc21,5.349692476868063,1,EC50,PPARG,CHEMBL235
CCc1nc2ccn(Cc3cccc(C(F)(F)F)c3)c(=O)c2n1[C@H]1CCc2cc(-c3ccccc3-c3nnn[nH]3)ccc21,6.347753658996677,1,EC50,PPARG,CHEMBL235
CCc1nc2ccn(Cc3cccc(C)c3)c(=O)c2n1[C@H]1CCc2cc(-c3ccccc3-c3nnn[nH]3)ccc21,6.96657624451305,1,EC50,PPARG,CHEMBL235
CCc1nc2ccn(Cc3cccc(F)c3)c(=O)c2n1[C@H]1CCc2cc(-c3ccccc3-c3nnn[nH]3)ccc21,6.798602875679549,1,EC50,PPARG,CHEMBL235
CCc1nc2ccn(Cc3ccccc3)c(=O)c2n1[C@H]1CCc2cc(-c3ccccc3-c3nnn[nH]3)ccc21,6.534617148551582,1,EC50,PPARG,CHEMBL235
CCc1nc2ccn(Cc3ccccc3C#N)c(=O)c2n1[C@H]1CCc2cc(-c3ccccc3-c3nnn[nH]3)ccc21,6.164309428507575,1,EC50,PPARG,CHEMBL235
CCc1nc2ccn(Cc3ccccc3C(F)(F)F)c(=O)c2n1[C@H]1CCc2cc(-c3ccccc3-c3nnn[nH]3)ccc21,6.7281583934635005,1,EC50,PPARG,CHEMBL235
CCc1nc2ccn(Cc3ccccc3C)c(=O)c2n1[C@H]1CCc2cc(-c3ccccc3-c3nnn[nH]3)ccc21,7.013228265733755,1,EC50,PPARG,CHEMBL235
CCc1nc2ccn(Cc3ccccc3F)c(=O)c2n1[C@H]1CCc2cc(-c3ccccc3-c3nnn[nH]3)ccc21,6.987162775294828,1,EC50,PPARG,CHEMBL235
CCc1nc2ccn(Cc3ccccc3OC(F)(F)F)c(=O)c2n1[C@H]1CCc2cc(-c3ccccc3-c3nnn[nH]3)ccc21,7.698970004336019,1,EC50,PPARG,CHEMBL235
CCc1nc2ccn(Cc3ccccn3)c(=O)c2n1[C@H]1CCc2cc(-c3ccccc3-c3nnn[nH]3)ccc21,5.446116973356125,1,EC50,PPARG,CHEMBL235
CCc1nc2ccn(Cc3cccnc3)c(=O)c2n1[C@H]1CCc2cc(-c3ccccc3-c3nnn[nH]3)ccc21,5.438898616350944,1,EC50,PPARG,CHEMBL235
CCc1oc(-c2ccccc2)nc1CCOc1ccc2c(c1)CCC2C(CC)C(=O)O,7.337242168318426,1,EC50,PPARG,CHEMBL235
CCn1c(C(=O)NS(=O)(=O)c2cccc(C(F)(F)F)c2)cc2ccccc21,5.61261017366127,1,IC50,PPARG,CHEMBL235
CCn1c(CCCc2ccc(-c3ccc(NS(=O)(=O)c4ccccc4)cn3)cc2)nn(Cc2ccc(C(C)(C)C)cc2)c1=O,4.823908740944319,1,IC50,PPARG,CHEMBL235
CCn1c(SCC(=O)Nc2ccc(C(=O)O)cc2)nnc1-c1cc2cccc(OC)c2o1,4.3979400086720375,1,IC50,PPARG,CHEMBL235
CCn1ccc2cc(C(=O)NCc3ccc(CS(=O)(=O)C4CC4)cc3C(F)(F)F)ccc21,6.356547323513812,1,EC50,PPARG,CHEMBL235
CN(C)CCCOc1ccc2nc3c(nc2c1)N(CCCN(C)C)CC1c2ccccc2CCN31.Cl.Cl,5.548183741957881,2,"Ki,EC50",PPARG,CHEMBL235
CN(C)c1ccc(CCOc2ccc(C[C@H](Nc3ccccc3C(=O)c3ccccc3)C(=O)O)cc2)cc1,6.929999096197655,1,Ki,PPARG,CHEMBL235
CN(C/C=C/c1ccc(C[C@@H](C(=O)O)n2cccc2)cc1)c1ccccc1,5.698970004336019,1,IC50,PPARG,CHEMBL235
CN(C/C=C/c1ccc(C[C@@H](C(=O)O)n2cccc2)cc1)c1ccccn1,4.920818753952375,1,IC50,PPARG,CHEMBL235
CN(CC#Cc1ccc(CC(C(=O)O)n2cccc2)cc1)c1ccccn1,4.275724130399211,1,IC50,PPARG,CHEMBL235
CN(CC#Cc1ccc(C[C@@H](C(=O)O)n2cccc2)cc1)c1ccccc1,4.920818753952375,1,IC50,PPARG,CHEMBL235
CN(CCCc1ccc(C[C@@H](C(=O)O)n2cccc2)cc1)c1ccccc1,4.958607314841775,1,IC50,PPARG,CHEMBL235
CN(CCCc1ccc(C[C@@H](C(=O)O)n2cccc2)cc1)c1ccccn1,4.552841968657781,1,IC50,PPARG,CHEMBL235
CN(CCO)C(=O)[C@@H](NC(=O)OCc1ccccc1)c1cccc(NC(=O)CCl)c1,5.047207556955907,1,EC50,PPARG,CHEMBL235
CN(CCOc1ccc(/C=C2\SC(=O)NC2=O)cc1)c1ccc2ccccc2c1,4.3979400086720375,1,IC50,PPARG,CHEMBL235
CN(CCOc1ccc(/C=C2\SC(=O)NC2=O)cc1)c1nc2ccccc2[nH]1,4.42021640338319,1,IC50,PPARG,CHEMBL235
CN(CCOc1ccc(/C=C2\SC(=O)NC2=O)cc1)c1nc2ccccc2s1,4.886056647693163,1,IC50,PPARG,CHEMBL235
CN(CCOc1ccc(/C=C2\SC(=O)NC2=O)cc1)c1nccs1,4.376750709602099,1,IC50,PPARG,CHEMBL235
CN(CCOc1ccc(CC(CCCc2ccccc2)C(=O)O)cc1)c1nc2ccccc2o1,7.522878745280337,1,Ki,PPARG,CHEMBL235
CN(CCOc1ccc(CC(Cl)C(=O)O)cc1)c1nc2ccccc2o1,7.481486060122112,1,Ki,PPARG,CHEMBL235
CN(CCOc1ccc(CC(NCc2ccccc2C(=O)c2ccccc2)C(=O)O)cc1)c1nc2ccccc2o1,7.550059011226662,1,Ki,PPARG,CHEMBL235
CN(CCOc1ccc(CC(Nc2ccc(Cl)cc2C(=O)c2ccccc2)C(=O)O)cc1)c1nc2ccccc2o1,8.059981844992336,1,Ki,PPARG,CHEMBL235
CN(CCOc1ccc(CC(Nc2cccc3c2C(=O)c2ccccc2-3)C(=O)O)cc1)c1nc2ccccc2o1,7.070019409484486,1,Ki,PPARG,CHEMBL235
CN(CCOc1ccc(CC(Nc2cccc3c2C(=O)c2ccccc2C3=O)C(=O)O)cc1)c1nc2ccccc2o1,8.289967300934247,1,Ki,PPARG,CHEMBL235
CN(CCOc1ccc(CC(Nc2ccccc2/C(=N/N)c2ccccc2)C(=O)O)cc1)c1ccccn1,6.790002703917631,1,Ki,PPARG,CHEMBL235
CN(CCOc1ccc(CC(Nc2ccccc2C(=O)C2CCCC2)C(=O)O)cc1)c1nc2ccccc2o1,8.18996921359416,1,Ki,PPARG,CHEMBL235
CN(CCOc1ccc(CC(Nc2ccccc2C(=O)C2CCCCCC2)C(=O)O)cc1)c1nc2ccccc2o1,7.400007822415902,1,Ki,PPARG,CHEMBL235
CN(CCOc1ccc(CC(Nc2ccccc2C(=O)Cc2ccccc2)C(=O)O)cc1)c1nc2ccccc2o1,8.480040819247932,1,Ki,PPARG,CHEMBL235
CN(CCOc1ccc(CC(Nc2ccccc2C(=O)c2ccc(-c3ccccc3)cc2)C(=O)O)cc1)c1nc2ccccc2o1,7.309981219211305,1,Ki,PPARG,CHEMBL235
CN(CCOc1ccc(CC(Nc2ccccc2C(=O)c2ccc(C(F)(F)F)cc2)C(=O)O)cc1)c1nc2ccccc2o1,8.289967300934247,1,Ki,PPARG,CHEMBL235
CN(CCOc1ccc(CC(Nc2ccccc2C(=O)c2ccc(OCc3ccccc3)cc2)C(=O)O)cc1)c1nc2ccccc2o1,7.179995693191682,1,Ki,PPARG,CHEMBL235
CN(CCOc1ccc(CC(Nc2ccccc2C(=O)c2cccc(C(F)(F)F)c2)C(=O)O)cc1)c1nc2ccccc2o1,8.580044251510243,1,Ki,PPARG,CHEMBL235
CN(CCOc1ccc(CC(Nc2ccccc2C(=O)c2cccc(OCc3ccccc3)c2)C(=O)O)cc1)c1nc2ccccc2o1,7.270025714300444,1,Ki,PPARG,CHEMBL235
CN(CCOc1ccc(CC(Nc2ccccc2C(=O)c2cccc3ccccc23)C(=O)O)cc1)c1nc2ccccc2o1,8.489991487059765,1,Ki,PPARG,CHEMBL235
CN(CCOc1ccc(CC(Nc2ccccc2C(=O)c2ccccc2)C(=O)O)cc1)c1nc2ccccc2o1,8.830031826003108,1,Ki,PPARG,CHEMBL235
CN(CCOc1ccc(CC(Nc2ccccc2C(=O)c2ccccc2C(F)(F)F)C(=O)O)cc1)c1nc2ccccc2o1,8.569924944448061,1,Ki,PPARG,CHEMBL235
CN(CCOc1ccc(CC(Nc2ccccc2C(=O)c2cccs2)C(=O)O)cc1)c1nc2ccccc2o1,8.560036064079096,1,Ki,PPARG,CHEMBL235
CN(CCOc1ccc(CC(Nc2ccccc2C(=O)c2ccsc2)C(=O)O)cc1)c1nc2ccccc2o1,8.630042392653946,1,Ki,PPARG,CHEMBL235
CN(CCOc1ccc(CC(Nc2ccccc2Oc2ccccc2)C(=O)O)cc1)c1nc2ccccc2o1,8.430041181903405,1,Ki,PPARG,CHEMBL235
CN(CCOc1ccc(CC(Nc2ccccc2S(=O)(=O)c2ccccc2)C(=O)O)cc1)c1nc2ccccc2o1,6.909988975992853,1,Ki,PPARG,CHEMBL235
CN(CCOc1ccc(CC(Nc2ccncc2C(=O)c2ccccc2)C(=O)O)cc1)c1nc2ccccc2o1,6.810004660035681,1,Ki,PPARG,CHEMBL235
CN(CCOc1ccc(CC(Nc2ccsc2C(=O)c2ccccc2)C(=O)O)cc1)c1nc2ccccc2o1,8.010016541698601,1,Ki,PPARG,CHEMBL235
CN(CCOc1ccc(CC(Nc2cscc2C(=O)c2ccccc2)C(=O)O)cc1)c1nc2ccccc2o1,8.590066876668706,1,Ki,PPARG,CHEMBL235
CN(CCOc1ccc(CC(Nc2sccc2C(=O)c2ccccc2)C(=O)O)cc1)c1nc2ccccc2o1,7.630042392653947,1,Ki,PPARG,CHEMBL235
CN(CCOc1ccc(CC(Oc2ccccc2)C(=O)O)cc1)c1nc2ccccc2o1,9.397940008672037,1,Ki,PPARG,CHEMBL235
CN(CCOc1ccc(CC(Oc2ccccc2C(=O)c2ccccc2)C(=O)O)cc1)c1nc2ccccc2o1,7.489991487059765,1,Ki,PPARG,CHEMBL235
CN(CCOc1ccc(CC(Sc2ccccc2)C(=O)O)cc1)c1nc2ccccc2o1,7.431798275933005,1,Ki,PPARG,CHEMBL235
CN(CCOc1ccc(CC(Sc2ccccc2C(=O)c2ccccc2)C(=O)O)cc1)c1nc2ccccc2o1,7.4800408192479315,1,Ki,PPARG,CHEMBL235
CN(CCOc1ccc(CC2SC(=O)NC2=O)cc1)c1ccccn1,7.059275990628729,171,"Ki,EC50,IC50",PPARG,CHEMBL235
CN(CCOc1ccc(CC2SC(=O)NC2=O)cc1)c1ccccn1.O=C(O)/C=C\C(=O)O,7.360166527975772,2,Ki,PPARG,CHEMBL235
CN(CCOc1ccc(CC2SC(=O)NC2=O)cc1)c1nc2ccccc2o1,7.628359860934549,3,Ki,PPARG,CHEMBL235
CN(CCOc1ccc(CC2SC(=O)NC2=O)cc1)c1nc2ccccc2s1,4.698970004336019,1,IC50,PPARG,CHEMBL235
CN(CCOc1ccc(C[C@@H](Nc2ccccc2C(=O)C2CCCCC2)C(=O)O)cc1)c1nc2ccccc2o1,5.809999051930337,1,Ki,PPARG,CHEMBL235
CN(CCOc1ccc(C[C@@H]2SC(=O)NC2=O)cc1)c1ccccn1,7.372363747448347,2,IC50,PPARG,CHEMBL235
CN(CCOc1ccc(C[C@H](Nc2ccccc2C(=O)C2CCCCC2)C(=O)O)cc1)c1nc2ccccc2o1,8.389978975335854,1,Ki,PPARG,CHEMBL235
CN(CCOc1ccc(C[C@H](Nc2ccccc2C(=O)c2ccccc2)C(=O)O)cc1)c1ccccn1,8.015407652443368,19,"Ki,EC50",PPARG,CHEMBL235
CN(CCOc1ccc(C[C@H](Nc2ccccc2C(=O)c2ccccc2)C(=O)O)cc1)c1ccccn1.Cl,9.366531544420413,1,Ki,PPARG,CHEMBL235
CN(CCOc1ccc(C[C@H](Nc2ccccc2C(=O)c2ccccc2)C(=O)O)cc1)c1nc2ccccc2o1,8.830031826003108,1,Ki,PPARG,CHEMBL235
CN(CCOc1ccc(C[C@H]2SC(=O)NC2=O)cc1)c1ccccn1,6.5,2,IC50,PPARG,CHEMBL235
CN1CCN(CC(=O)OCc2ccc(CC(SCCc3ccc(F)cc3)C(=O)O)cc2)CC1,6.09151498112135,1,EC50,PPARG,CHEMBL235
CN1CCN(c2ccc(NC(=O)c3cc(C#N)ccc3Cl)cn2)CC1,4.5934598195660445,1,IC50,PPARG,CHEMBL235
CN1CCOc2ccc(S(=O)(=O)n3c(CCCC(=O)O)cc4cc(Cl)ccc43)cc21,7.795880017344075,1,EC50,PPARG,CHEMBL235
CNC(=O)[C@H]1O[C@@H](n2cnc3c(NCc4cccc(I)c4)nc(Cl)nc32)[C@H](O)[C@@H]1O,7.096598087991619,2,"Ki,EC50",PPARG,CHEMBL235
CNC(=O)[C@H]1S[C@@H](n2cnc3c(NCc4cccc(I)c4)nc(Cl)nc32)[C@H](O)[C@@H]1O,6.8353620938817725,2,"Ki,EC50",PPARG,CHEMBL235
CNC(=O)[C@H]1[Se][C@@H](n2cnc3c(NCc4cccc(I)c4)nc(Cl)nc32)[C@H](O)[C@@H]1O,5.274905478918531,1,EC50,PPARG,CHEMBL235
CNC(=O)c1ccccc1-c1ccc(Cn2c(C)c(C)c3cc(C(=O)N[C@@H](C)c4cccc(C(C)C)c4)ccc32)cc1,7.119186407719209,1,IC50,PPARG,CHEMBL235
CNC(=O)c1ccccc1NC(Cc1ccc(OCCc2nc(-c3ccccc3)oc2C)cc1)C(=O)O,7.809948582240794,1,Ki,PPARG,CHEMBL235
CN[C@@H](Cc1ccc(OCCc2nc(-c3ccccc3)oc2C)cc1)C(=O)O,5.6777807052660805,1,Ki,PPARG,CHEMBL235
CO/N=C(\c1ccccc1)c1ccc2c(c1)C(C)(C)CCN2CCOc1ccc(C[C@H](Nc2ccccc2C(=O)c2ccccc2)C(=O)O)cc1,7.267606240177031,1,Ki,PPARG,CHEMBL235
CO/N=C(\c1ccccc1)c1ccc2c(c1)C(C)(C)CCN2CCOc1ccc(C[C@H](OCC(F)(F)F)C(=O)O)cc1,7.481486060122112,1,Ki,PPARG,CHEMBL235
CO/N=C/c1ccc(OC(Cc2ccccc2)C(=O)[O-])cc1.[Na+],4.892790030352131,1,EC50,PPARG,CHEMBL235
COC(=O)/C(=C\c1cc(OC)cc(OC)c1)c1ccc(Oc2ccc(CC3SC(=O)NC3=O)cc2)cc1,6.546681659952963,1,EC50,PPARG,CHEMBL235
COC(=O)C(Cc1ccc(OCCN(C)c2nc3ccccc3o2)cc1)SC,6.221848749616356,1,Ki,PPARG,CHEMBL235
COC(=O)C(Cc1ccc(OCCN2CCC(C)(C)c3cc(/C(=N\O)c4ccccc4)ccc32)cc1)C(=O)OC,5.0,1,Ki,PPARG,CHEMBL235
COC(=O)C(Cc1ccc(OCCN2CCC(C)(C)c3cc(C(=O)c4ccccc4)ccc32)cc1)C(=O)OC,5.0,1,Ki,PPARG,CHEMBL235
COC(=O)C(Cc1ccc(OCCOc2ccc3c(c2)C(C)(C)CCC3(C)C)cc1)C(=O)O,7.045757490560675,1,EC50,PPARG,CHEMBL235
COC(=O)C(Cc1ccc(OCCOc2ccc3c(c2)C(C)(C)CCC3(C)C)cc1)C(=O)OC,6.823908740944319,1,EC50,PPARG,CHEMBL235
COC(=O)C(Cc1ccc(OCCOc2ccc3c(c2)C(C)(C)CCC3(C)C)cc1)C(N)=O,6.080921907623926,1,EC50,PPARG,CHEMBL235
COC(=O)C(Cc1ccc(OCCOc2ccc3c(c2)CCCC3)cc1)C(=O)O,6.161150909262744,1,EC50,PPARG,CHEMBL235
COC(=O)C(Cc1ccc(OCCOc2ccc3c(c2)CCCC3)cc1)C(=O)OC,5.823908740944319,1,EC50,PPARG,CHEMBL235
COC(=O)C(Cc1ccc(OCCOc2ccc3c(c2)CCCC3)cc1)C(N)=O,5.464705879957229,1,EC50,PPARG,CHEMBL235
COC(=O)C(Cc1ccc(OCCOc2ccc3c(c2)NCCC3)cc1)C(=O)O,5.42021640338319,1,EC50,PPARG,CHEMBL235
COC(=O)C(Cc1ccc(OCCOc2ccc3c(c2)NCCC3)cc1)C(=O)OC,5.500312917381596,1,EC50,PPARG,CHEMBL235
COC(=O)C(Cc1ccc(OCCOc2ccc3ccccc3c2)cc1)C(=O)O,5.950781977329818,1,EC50,PPARG,CHEMBL235
COC(=O)C(Cc1ccc(OCCOc2ccc3ccccc3c2)cc1)C(=O)OC,6.275724130399211,1,EC50,PPARG,CHEMBL235
COC(=O)C(Cc1ccccc1)OC(=O)Cc1ccc(SCc2ccccc2C(=O)O)cc1,5.4089353929735005,1,EC50,PPARG,CHEMBL235
COC(=O)C(Cc1ccccc1)OC(=O)Cc1cccc(SCc2ccccc2C(=O)O)c1,5.221848749616356,1,EC50,PPARG,CHEMBL235
COC(=O)C(c1ccccc1)(c1ccc(SCc2ccccc2C(=O)O)cc1)c1ncco1,4.7447274948966935,1,EC50,PPARG,CHEMBL235
COC(=O)CCc1ccc(OCCN(C)c2nc3ccccc3o2)cc1,5.221848749616356,1,Ki,PPARG,CHEMBL235
COC(=O)CN1C(=O)S/C(=C\c2ccc(O)cc2)C1=O,5.0,1,EC50,PPARG,CHEMBL235
COC(=O)CN1C(=O)SC(Cc2ccc(O)cc2)C1=O,5.045757490560675,1,EC50,PPARG,CHEMBL235
COC(=O)Cc1ccc(OCc2oc(-c3cccc(OC)c3)nc2C)cc1,5.173925197299173,1,IC50,PPARG,CHEMBL235
COC(=O)Cc1ccc(OCc2oc(-c3ccccc3OC)nc2C)cc1,5.200659450546418,1,IC50,PPARG,CHEMBL235
COC(=O)N(CC(=O)O)Cc1cc(F)cc(OCc2nc(-c3ccc(Cl)cc3)oc2C)c1,5.5499049241283975,1,EC50,PPARG,CHEMBL235
COC(=O)N(CC(=O)O)Cc1cc(OCc2nc(-c3ccc(C(C)(C)C)cc3)oc2C)ccc1F,6.3829996588791005,1,EC50,PPARG,CHEMBL235
COC(=O)N(CC(=O)O)Cc1cc(OCc2nc(-c3ccc(C(F)(F)F)cc3)oc2C)ccc1F,5.685711339052503,1,EC50,PPARG,CHEMBL235
COC(=O)N(CC(=O)O)Cc1cc(OCc2nc(-c3ccc(C)cc3)oc2C)ccc1F,5.6611452537476765,1,EC50,PPARG,CHEMBL235
COC(=O)N(CC(=O)O)Cc1cc(OCc2nc(-c3ccc(Cl)cc3)oc2C)ccc1F,5.34572717290229,1,EC50,PPARG,CHEMBL235
COC(=O)N(CC(=O)O)Cc1cc(OCc2nc(-c3ccc(F)cc3)oc2C)ccc1F,4.999565922520682,1,EC50,PPARG,CHEMBL235
COC(=O)N(CC(=O)O)Cc1cc(OCc2nc(-c3ccc(OC(F)(F)F)cc3)oc2C)ccc1F,5.622693748931801,1,EC50,PPARG,CHEMBL235
COC(=O)N(CC(=O)O)Cc1cc(OCc2nc(-c3ccccc3)oc2C)ccc1F,5.06514819703434,1,EC50,PPARG,CHEMBL235
COC(=O)N(CC(=O)O)Cc1ccc(F)c(OCc2nc(-c3ccc(Cl)cc3)oc2C)c1,5.037725395376685,1,EC50,PPARG,CHEMBL235
COC(=O)N(CC(=O)O)[C@@H](C)c1cccc(OCc2nc(-c3ccc(Cl)cc3)oc2C)c1,5.544089759617258,1,EC50,PPARG,CHEMBL235
COC(=O)[C@@H](NC(=O)OCc1ccccc1)c1cccc(NC(=O)CCl)c1,4.64994590642097,1,EC50,PPARG,CHEMBL235
COC(=O)[C@@H]1CCC[C@@H]2[C@@](C)(C[C@@H]3OC(=O)C=C3CO)[C@H](C)C[C@H](O)[C@]21C,4.82102305270683,1,IC50,PPARG,CHEMBL235
COC(=O)[C@@H]1CCC[C@@H]2[C@@](C)(C[C@H](OC(=O)C(C)C)C3=CC(=O)OC3)[C@H](C)C[C@H](O)[C@]21C,4.903089986991944,1,IC50,PPARG,CHEMBL235
COC(=O)[C@H](Cc1ccc(OCc2ccccc2)cc1)/N=C(C)/C=C(\O)c1ccccc1,6.119998611678231,1,Ki,PPARG,CHEMBL235
COC(=O)c1cc2c(c(O)c1C(C)OC(=O)CO)C(=O)c1c(O)cc3cc(C)c(Cl)c(OC)c3c1C2=O,6.886056647693163,1,EC50,PPARG,CHEMBL235
COC(=O)c1cc2c(c(O)c1C(C)OC(C)=O)C(=O)c1c(O)cc3cc(C)c(Cl)c(OC)c3c1C2=O,6.795880017344075,1,EC50,PPARG,CHEMBL235
COC(=O)c1ccc(CNC(=O)c2ccc3c(c2)c(C)c(C)n3Cc2ccc(-c3ccccc3C(=O)O)cc2)cc1,8.698970004336019,1,IC50,PPARG,CHEMBL235
COC(=O)c1ccc(NC(=O)C[C@H]2C(=O)N(c3cccc(OC)c3)C(=O)N2Cc2ccc(OC)cc2)cc1,4.886056647693163,1,IC50,PPARG,CHEMBL235
COC(=O)c1ccc(OCc2oc(-c3cccc(OC)c3)nc2C)cc1,5.119186407719209,1,IC50,PPARG,CHEMBL235
COC(=O)c1cccc(OCc2nc3ccc(Oc4ccccc4)nc3n2C)c1.Cl.Cl,4.906578314837765,1,EC50,PPARG,CHEMBL235
COC(=O)c1cccc(OCc2oc(-c3ccccc3OC)nc2C)c1,5.119186407719209,1,IC50,PPARG,CHEMBL235
COC(=O)c1ccccc1N[C@@H](Cc1ccc(OCCc2nc(-c3ccccc3)oc2C)cc1)C(=O)O,8.802959546565855,4,"Ki,EC50",PPARG,CHEMBL235
COC(=O)c1ccccc1S(=O)(=O)NC(=O)c1c(-c2ccc(OC)cc2)c2ccccc2n1Cc1cccc(C(F)(F)F)c1,9.0,1,IC50,PPARG,CHEMBL235
COC(=O)c1ccccc1[C@@](O)(Cc1ccc(OCCc2nc(-c3ccccc3)oc2C)cc1)C(=O)O,9.149384869476037,2,EC50,PPARG,CHEMBL235
COC(C(=O)O)C1CCc2cc(OCCc3nc(-c4ccccc4)oc3C)ccc21,7.346787486224656,1,EC50,PPARG,CHEMBL235
COC(C)(Cc1ccc(OCCc2nc(-c3ccccc3)oc2C)cn1)C(=O)O,5.795880017344075,1,Ki,PPARG,CHEMBL235
COC(C)(Cc1ccc(OCCc2nc(-c3ccccc3)oc2C)nc1)C(=O)O,6.251811972993799,1,Ki,PPARG,CHEMBL235
COC(COc1ccc(C[C@H](Nc2ccccc2C(=O)c2ccccc2)C(=O)O)cc1)c1ccccc1,6.0999990348465305,1,Ki,PPARG,CHEMBL235
COC(Cc1ccc(OCCN(C)c2nc3ccccc3o2)cc1)C(=O)O,7.823908740944319,1,Ki,PPARG,CHEMBL235
COC(Cc1ccc(OCCc2ccc(Oc3cccc(Cl)c3)cc2C)nc1)C(=O)O,7.823908740944319,1,Ki,PPARG,CHEMBL235
COC(Cc1ccc(OCCc2nc(-c3ccccc3)oc2C)c2ccccc12)C(=O)O,6.94692155651658,1,IC50,PPARG,CHEMBL235
COC(Cc1ccc(OCCc2nc(-c3ccccc3)oc2C)c2ccsc12)C(=O)O,7.337242168318426,1,IC50,PPARG,CHEMBL235
COC(Cc1ccc(OCCc2nc(-c3ccccc3)oc2C)cn1)C(=O)O,6.458420756053419,1,Ki,PPARG,CHEMBL235
COC(Cc1ccc(OCCc2nc(-c3ccccc3)oc2C)nc1)C(=O)O,7.200659450546418,1,Ki,PPARG,CHEMBL235
COC(Cc1ccc(OCCc2nc(-c3ccccc3C)oc2C)c2ccccc12)C(=O)O,6.095825631715837,1,IC50,PPARG,CHEMBL235
COC(Cc1ccc2c(ccn2Cc2nc(-c3ccccc3)oc2C)c1)C(=O)O,6.497572880015568,1,IC50,PPARG,CHEMBL235
COC(c1ccc(Br)cc1)C1CC1c1cc(C)c(OC(C)(C)C(=O)O)c(C)c1,7.538896861280492,2,EC50,PPARG,CHEMBL235
COC(c1ccc(C(F)(F)F)cc1)C1CC1c1cc(C)c(OC(C)(C)C(=O)O)c(C)c1,7.698970004336019,1,EC50,PPARG,CHEMBL235
COC(c1ccc(C)cc1)C1CC1c1cc(C)c(OC(C)(C)C(=O)O)c(C)c1,6.958607314841775,1,EC50,PPARG,CHEMBL235
COC(c1ccc(OC(F)(F)F)cc1)C1CC1c1cc(C)c(OC(C)(C)C(=O)O)c(C)c1,7.740842776159459,4,EC50,PPARG,CHEMBL235
COC(c1ccccc1OC(F)(F)F)C1CC1c1cc(C)c(OC(C)(C)C(=O)O)c(C)c1,7.142667503568731,1,EC50,PPARG,CHEMBL235
COC1Oc2cc(O)c3c(c2C(=O)N1C(=O)NCc1cccc2ccccc12)OC1=CC(O)=C(C(C)=O)C(=O)[C@]13C,6.6468972290590145,2,"Ki,IC50",PPARG,CHEMBL235
COC1Oc2cc(O)c3c(c2C(=O)N1C(=O)NCc1ccco1)OC1=CC(O)=C(C(C)=O)C(=O)[C@]13C,4.886056647693163,1,IC50,PPARG,CHEMBL235
COCC#CCOc1cc(COc2ccc(C(F)(F)F)cc2)ccc1Sc1ccc(OCC(=O)O)c2c1CCCC2,6.956820084662626,2,"Ki,EC50",PPARG,CHEMBL235
COCCC#CCOc1cc(COc2ccc(C(F)(F)F)cc2)ccc1Sc1ccc(OCC(=O)O)c2c1CCCC2,6.605209643917787,2,"Ki,EC50",PPARG,CHEMBL235
COCCCOc1cc(COc2ccc(C(F)(F)F)cc2)ccc1Sc1ccc(OCC(=O)O)c(C)c1C,5.568636235841012,1,Ki,PPARG,CHEMBL235
COCCCS(=O)(=O)NC(=O)CCc1ccc(OCCOC)cc1Oc1ncc(C(F)(F)F)cc1Cl,7.958607314841775,1,EC50,PPARG,CHEMBL235
COCCN(c1cccc(-c2ccc(Cl)cc2)c1C)S(=O)(=O)c1ccc(OC(C)C(=O)O)c(C)c1C,4.900000142057633,1,IC50,PPARG,CHEMBL235
COCCNC(=O)c1ccc2c(c1)c(C)c(C)n2Cc1ccc(-c2ccccc2C(=O)O)cc1,7.769551078621726,1,IC50,PPARG,CHEMBL235
COCCNc1nc(CCOc2ccc(C[C@H](Nc3ccccc3C(=O)c3ccccc3)C(=O)O)cc2)c(C)s1,8.590066876668706,1,Ki,PPARG,CHEMBL235
COCCOCc1cc(F)ccc1CNC(=O)c1cc(C(=O)Nc2ccc(C(F)(F)F)cc2C)c(Cl)cc1F,7.821175483540766,2,"EC50,IC50",PPARG,CHEMBL235
COCCOc1cc(COc2ccc(C(F)(F)F)cc2)ccc1Sc1ccc(OCC(=O)O)c(C)c1C,5.229147988357855,1,Ki,PPARG,CHEMBL235
COCCOc1ccc(CCC(=O)NS(=O)(=O)c2ccc(Cl)cc2)c(Oc2ncc(C(F)(F)F)cc2Cl)c1,8.065501548756432,1,EC50,PPARG,CHEMBL235
COCCOc1ccc(CCC(=O)NS(=O)(=O)c2ccccc2)c(Oc2ncc(C(F)(F)F)cc2Cl)c1,7.494850021680094,1,EC50,PPARG,CHEMBL235
COCCn1ccc2cc(C(=O)NCc3ccc(CS(=O)(=O)C4CC4)cc3C(F)(F)F)ccc21,5.366531544420413,1,EC50,PPARG,CHEMBL235
COCc1nc2c(Cl)cccn2c1Cc1ccc2c(c1)COc1cc(F)ccc1/C2=C(\C)c1noc(=O)[nH]1,8.2417323130521,2,EC50,PPARG,CHEMBL235
COCc1nc2cc(Cl)ccn2c1Cc1ccc2c(c1)COc1cc(F)ccc1/C2=C(\C)c1noc(=O)[nH]1,8.637862065199606,2,EC50,PPARG,CHEMBL235
COCn1c(-c2ccccc2)nc(C)c1CCOc1ccc(C[C@H](Nc2ccccc2C(=O)c2ccccc2)C(=O)O)cc1,8.700057099977233,1,Ki,PPARG,CHEMBL235
CO[C@@H](Cc1ccc(C#CCCCOc2ccc(Oc3ccccc3)cc2)cc1)C(=O)O,7.388252029518803,2,"EC50,IC50",PPARG,CHEMBL235
CO[C@@H](Cc1ccc(C#CCCOc2ccc(Oc3ccccc3)cc2)cc1)C(=O)O,7.436609711493995,2,"EC50,IC50",PPARG,CHEMBL235
CO[C@@H](Cc1ccc(OCCCOc2ccc(-c3ccccc3)cc2)cc1)C(=O)O,7.2451299922148085,2,"EC50,IC50",PPARG,CHEMBL235
CO[C@@H](Cc1ccc(OCCCOc2ccc(C(=O)c3ccccc3)cc2)c(Cl)c1)C(=O)O,7.408365078158598,2,"EC50,IC50",PPARG,CHEMBL235
CO[C@@H](Cc1ccc(OCCCOc2ccc(C(=O)c3ccccc3)cc2)cc1)C(=O)O,7.4430283238465815,2,"EC50,IC50",PPARG,CHEMBL235
CO[C@@H](Cc1ccc(OCCCOc2ccc(Oc3ccccc3)cc2)cc1)C(=O)O,6.9555069405260435,2,"EC50,IC50",PPARG,CHEMBL235
CO[C@@H](Cc1ccc(OCCc2nc(-c3cc(C)cc(C)c3)oc2C)c2ccsc12)C(=O)O,8.096910013008056,1,IC50,PPARG,CHEMBL235
CO[C@@H](Cc1ccc(OCCc2nc(-c3ccc(C(C)C)cc3)oc2C)c2ccsc12)C(=O)O,8.698970004336019,1,IC50,PPARG,CHEMBL235
CO[C@@H](Cc1ccc(OCCc2nc(-c3ccc(C(F)(F)F)cc3)oc2C)c2ccsc12)C(=O)O,7.638272163982407,1,IC50,PPARG,CHEMBL235
CO[C@@H](Cc1ccc(OCCc2nc(-c3ccccc3)oc2C)c2ccsc12)C(=O)O,7.721246399047171,1,IC50,PPARG,CHEMBL235
CO[C@@H](Cc1ccc(OCCc2nc(-c3ccccc3)oc2C)c2sccc12)C(=O)O,7.958607314841775,1,IC50,PPARG,CHEMBL235
CO[C@@](C)(Cc1ccc(OCCc2nc(-c3ccccc3)oc2C)nc1)C(=O)O,6.568636235841012,1,Ki,PPARG,CHEMBL235
CO[C@H](Cc1ccc(OCCc2nc(-c3ccccc3)oc2C)c2ccccc12)C(=O)O,5.804100347590767,1,IC50,PPARG,CHEMBL235
CO[C@H](Cc1ccc(OCCc2nc(-c3ccccc3)oc2C)c2ccsc12)C(=O)O,5.84163750790475,1,IC50,PPARG,CHEMBL235
COc1c(Br)cccc1COc1ccc(C[C@H](Nc2ccccc2C(=O)c2ccccc2)C(=O)O)cc1,6.329995488683631,1,Ki,PPARG,CHEMBL235
COc1c(CC=C(C)C)c(=O)[nH]c2c(OC)c(O)ccc12,5.066442033057068,5,"Ki,EC50",PPARG,CHEMBL235
COc1c(CC=C(C)C)c(O)c(C(=O)O)c(CCc2ccccc2)c1CC=C(C)C,6.154901959985743,1,Ki,PPARG,CHEMBL235
COc1c(Cl)c(C)cc2cc(O)c3c(c12)C(=O)c1cc2c(c(O)c1C3=O)C(C)OC2=O,6.585026652029182,1,EC50,PPARG,CHEMBL235
COc1c(F)cccc1[C@H](C)NC(=O)c1ccc2c(c1)c(C)c(C)n2Cc1ccc(-c2ccccc2)cc1,7.6777807052660805,1,IC50,PPARG,CHEMBL235
COc1c(OC)c(O)c2c(=O)cc(-c3ccc(O)cc3)oc2c1OC,5.267606240177031,1,IC50,PPARG,CHEMBL235
COc1cc(-c2nc(C(F)(F)F)cs2)ccc1OCCCOc1ccc2c(c1)CC[C@H]2CC(=O)O,2.510000000353247,1,EC50,PPARG,CHEMBL235
COc1cc(-c2nc(C)c(C(=O)O)s2)ccc1OCCCOc1ccc2c(c1)CC[C@H]2CC(=O)O,3.0,1,EC50,PPARG,CHEMBL235
COc1cc(-c2nc(C)c(C(C)=O)s2)ccc1OCCCOc1ccc2c(c1)CC[C@H]2CC(=O)O,1.6899999999297064,1,EC50,PPARG,CHEMBL235
COc1cc(-c2nc(C)c(C)s2)ccc1OCCCOc1ccc2c(c1)CC[C@H]2CC(=O)O,1.509999999931643,1,EC50,PPARG,CHEMBL235
COc1cc(-c2nc(C)cs2)ccc1OCCCOc1ccc2c(c1)CC[C@H]2CC(=O)O,2.979999999191614,1,EC50,PPARG,CHEMBL235
COc1cc(-c2nc(OC(C)C)cs2)ccc1OCCCOc1ccc2c(c1)CC[C@H]2CC(=O)O,1.6399999999559753,1,EC50,PPARG,CHEMBL235
COc1cc(-c2nc3c(s2)CCC3)ccc1OCCCOc1ccc2c(c1)CC[C@H]2CC(=O)O,2.0599999999781,1,EC50,PPARG,CHEMBL235
COc1cc(-c2nc3c(s2)CCCC3)ccc1OCCCOc1ccc2c(c1)CC[C@H]2CC(=O)O,1.9199999998617976,1,EC50,PPARG,CHEMBL235
COc1cc(-c2nc3c(s2)CCCO3)ccc1OCCCOc1ccc2c(c1)CC[C@H]2CC(=O)O,2.250000000147006,1,EC50,PPARG,CHEMBL235
COc1cc(-c2nc3ccccc3s2)ccc1OCCCOc1ccc2c(c1)CC[C@H]2CC(=O)O,2.330000000266665,1,EC50,PPARG,CHEMBL235
COc1cc(-c2nccs2)ccc1OCCCOc1ccc2c(c1)CC[C@H]2CC(=O)O,2.5700000006336303,1,EC50,PPARG,CHEMBL235
COc1cc(-c2oc3cc(O)cc(O)c3c(=O)c2O)ccc1O,5.455931955649724,1,IC50,PPARG,CHEMBL235
COc1cc(/C=C/C(=O)c2ccc3c(c2)sc(=O)n3CCOc2ccc(CC(OCC(F)(F)F)C(=O)O)cc2)cc(OC)c1,6.0,1,EC50,PPARG,CHEMBL235
COc1cc(/C=C/c2ccc3c(c2)sc(=O)n3CCOc2ccc(CC(OCC(F)(F)F)C(=O)O)cc2)cc(OC)c1,7.698970004336019,1,EC50,PPARG,CHEMBL235
COc1cc(/C=C2\SC(Nc3ccc(S(N)(=O)=O)cc3)=NC2=O)ccc1OCCc1ccccc1,4.953504835665291,1,EC50,PPARG,CHEMBL235
COc1cc(/C=C2\SC(Nc3ccc(S(N)(=O)=O)cc3)=NC2=O)ccc1OCc1ccc(C)cc1,5.3124710387853655,1,EC50,PPARG,CHEMBL235
COc1cc(C#N)ccc1OCCCOc1ccc2c(c1)CC[C@H]2CC(=O)O,2.84000000022412,1,EC50,PPARG,CHEMBL235
COc1cc(C(=O)NS(=O)(=O)c2cc(Cl)cc(Cl)c2)ccc1Cc1cn(C)c2ccc(NC(=O)NC3CCCCC3)cc12,6.130768280269024,1,EC50,PPARG,CHEMBL235
COc1cc(C(=O)NS(=O)(=O)c2cccc(C(F)(F)F)c2)ccc1Cc1cn(C)c2ccc(NC(=O)NC3CCCCC3)cc12,6.455931955649724,1,EC50,PPARG,CHEMBL235
COc1cc(C(=O)NS(=O)(=O)c2cccc(Cl)c2)ccc1Cc1cn(C)c2ccc(NC(=O)NC3CCCCC3)cc12,6.431798275933005,1,EC50,PPARG,CHEMBL235
COc1cc(C(=O)NS(=O)(=O)c2cccc(Cl)c2)ccc1Cc1cn(C)c2ccc(NC(=O)OC3CCCC3)cc12,6.853871964321762,1,EC50,PPARG,CHEMBL235
COc1cc(C(=O)NS(=O)(=O)c2cccc(F)c2)ccc1Cc1cn(C)c2ccc(NC(=O)NC3CCCCC3)cc12,6.698970004336019,1,EC50,PPARG,CHEMBL235
COc1cc(C(=O)NS(=O)(=O)c2ccccc2)ccc1Cc1cn(C)c2ccc(NC(=O)NC3CCCCC3)cc12,6.022878745280337,2,EC50,PPARG,CHEMBL235
COc1cc(C(=O)NS(=O)(=O)c2ccccc2)ccc1Cc1cn(C)c2ccc(NC(=O)OC3CCCC3)cc12,6.638272163982407,1,EC50,PPARG,CHEMBL235
COc1cc(C(=O)NS(=O)(=O)c2ccccc2C)ccc1Cc1cn(C)c2ccc(NC(=O)NC3CCCC3)cc12,5.603800652904264,1,EC50,PPARG,CHEMBL235
COc1cc(C(=O)NS(=O)(=O)c2ccccc2C)ccc1Cc1cn(C)c2ccc(NC(=O)NC3CCCCC3)cc12,6.173925197299173,1,EC50,PPARG,CHEMBL235
COc1cc(C(=O)NS(=O)(=O)c2ccccc2C)ccc1Cc1cn(C)c2ccc(NC(=O)OC3CCCC3)cc12,5.61261017366127,1,EC50,PPARG,CHEMBL235
COc1cc(C(F)(F)F)ccc1C(=O)NCc1cccc(Oc2ccc(OC(C)(C)C(=O)O)c(C)c2)c1,8.154901959985743,1,IC50,PPARG,CHEMBL235
COc1cc(C(F)(F)F)ccc1[C@@H](C)NC(=O)c1ccc2c(c1)c(C)c(C)n2Cc1ccc(-c2ccccc2C(=O)O)cc1,8.698970004336019,1,IC50,PPARG,CHEMBL235
COc1cc(C(F)(F)F)ccc1[C@H](C)NC(=O)c1ccc2c(c1)c(C)c(C)n2Cc1ccc(-c2ccccc2C(=O)O)cc1,7.136677139879544,1,IC50,PPARG,CHEMBL235
COc1cc(C(F)(F)F)nc2ccc(COc3ccc(OCC4CCN(C)CC4)c(/C=C(\CCC4CC4)C(=O)O)c3)cc12,5.1249387366083,1,IC50,PPARG,CHEMBL235
COc1cc(C(F)(F)F)nc2ccc(COc3ccc(OCc4ccc(F)cc4)c(/C=C(\C)C(=O)O)c3)cc12,5.026872146400301,1,IC50,PPARG,CHEMBL235
COc1cc(C(F)(F)F)nc2ccc(COc3ccc(OCc4ccc(F)cc4)c(/C=C(\CC4CC4)C(=O)O)c3)cc12,5.075720713938118,1,IC50,PPARG,CHEMBL235
COc1cc(C(F)(F)F)nc2ccc(COc3ccc(OCc4ccc(F)cc4)c(/C=C/C(=O)O)c3)cc12,4.958607314841775,1,IC50,PPARG,CHEMBL235
COc1cc(C)c2c(c1)CC[C@@](C)(CC/C=C(\C)CC/C=C(\C)C(=O)O)O2,6.0,1,EC50,PPARG,CHEMBL235
COc1cc(C)ccc1OCCCOc1ccc2c(c1)CC[C@H]2CC(=O)O,3.2199999971705955,1,EC50,PPARG,CHEMBL235
COc1cc(C2NC(=O)NC(C)=C2C(=O)O)ccc1OCCOc1cc(C)nc2ccccc12,6.026872146400301,1,IC50,PPARG,CHEMBL235
COc1cc(C2NC(=O)NC(C)=C2C(=O)O)ccc1OCCOc1cccc2ccc(C)nc12,6.096910013008056,1,IC50,PPARG,CHEMBL235
COc1cc(C2NC(=O)NC(C)=C2C(=O)O)ccc1OCCn1c2ccccc2c2ccccc21,6.086186147616283,1,IC50,PPARG,CHEMBL235
COc1cc(C2NC(=O)NC(C)=C2C(=O)O)ccc1OCCn1ccc2cccnc21,6.142667503568731,1,IC50,PPARG,CHEMBL235
COc1cc(CCC[C@H]2OC(=O)NC2=O)ccc1OCc1nc(-c2ccco2)oc1C,8.052076380168273,1,EC50,PPARG,CHEMBL235
COc1cc(CCc2ccccc2)c(C(=O)O)c(O)c1C/C=C(/C)CCC=C(C)C,7.136677139879544,1,EC50,PPARG,CHEMBL235
COc1cc(CCc2ccccc2)c(C(=O)O)c(O)c1C/C=C(\C)CC=C(C)C,7.428961769463358,2,"Ki,EC50",PPARG,CHEMBL235
COc1cc(CCc2ccccc2)c(C(=O)O)c(O)c1C/C=C(\C)CCC=C(C)C,7.218853567771763,2,EC50,PPARG,CHEMBL235
COc1cc(CCc2ccccc2)c(C(=O)O)c(O)c1CC=C(C)C,6.4351190136740515,3,"Ki,EC50",PPARG,CHEMBL235
COc1cc(CNC(=O)c2ccc3c(c2)c(C)c(C)n3Cc2ccc(-c3ccccc3C(=O)O)cc2)cc(OC)c1,8.0,1,IC50,PPARG,CHEMBL235
COc1cc(CNC(=O)c2ccc3c(c2)c(C)c(C)n3Cc2ccc(-c3ccccc3C(=O)O)cc2)ccc1O,7.8278038631574445,2,"Ki,IC50",PPARG,CHEMBL235
COc1cc(CNC(=O)c2ccc3c(c2)c(C)c(C)n3Cc2cccc(C(F)(F)F)c2)ccc1O,8.048455006504028,2,"Ki,IC50",PPARG,CHEMBL235
COc1cc(C[C@H](OC)C(=O)O)ccc1OCCCOc1ccc(Oc2ccccc2)cc1,7.309442459645075,2,"EC50,IC50",PPARG,CHEMBL235
COc1cc(F)cc([C@H](C)NC(=O)c2ccc3c(c2)c(C)c(C)n3Cc2ccc(-c3ccccc3)cc2)c1,7.920818753952375,1,IC50,PPARG,CHEMBL235
COc1cc(NS(=O)(=O)c2ccc(Cl)cc2Cl)ccc1Oc1cncc(Cl)c1,7.721246399047171,1,IC50,PPARG,CHEMBL235
COc1cc(O)c2c(c1C(=O)NCc1c(C)cc(Cl)c3ccccc13)OC1=CC(O)=C(C(C)=O)C(=O)[C@]12C,7.657577319177793,1,EC50,PPARG,CHEMBL235
COc1cc(O)c2c(c1C(=O)NCc1c(C)cc(F)c3ccccc13)OC1=CC(O)=C(C(C)=O)C(=O)[C@]12C,8.318758762624412,1,EC50,PPARG,CHEMBL235
COc1cc(O)c2c(c1C(=O)NCc1c(C)ccc3c(Cl)cccc13)OC1=CC(O)=C(C(C)=O)C(=O)[C@]12C,6.769551078621726,1,EC50,PPARG,CHEMBL235
COc1cc(O)c2c(c1C(=O)NCc1c(C)ccc3c(F)cccc13)OC1=CC(O)=C(C(C)=O)C(=O)[C@]12C,7.795880017344075,1,EC50,PPARG,CHEMBL235
COc1cc(O)c2c(c1C(=O)NCc1c(C)ccc3cc(Cl)ccc13)OC1=CC(O)=C(C(C)=O)C(=O)[C@]12C,7.251811972993799,1,EC50,PPARG,CHEMBL235
COc1cc(O)c2c(c1C(=O)NCc1c(C)ccc3cc(F)ccc13)OC1=CC(O)=C(C(C)=O)C(=O)[C@]12C,7.568636235841012,1,EC50,PPARG,CHEMBL235
COc1cc(O)c2c(c1C(=O)NCc1c(C)ccc3ccc(Cl)cc13)OC1=CC(O)=C(C(C)=O)C(=O)[C@]12C,8.309803919971486,1,EC50,PPARG,CHEMBL235
COc1cc(O)c2c(c1C(=O)NCc1c(C)ccc3ccc(F)cc13)OC1=CC(O)=C(C(C)=O)C(=O)[C@]12C,7.187086643357144,1,EC50,PPARG,CHEMBL235
COc1cc(O)c2c(c1C(=O)NCc1c(C)ccc3ccccc13)OC1=CC(O)=C(C(C)=O)C(=O)[C@]12C,7.552841968657781,1,EC50,PPARG,CHEMBL235
COc1cc(O)c2c(c1C(=O)NCc1cccc3ccccc13)OC1=CC(O)=C(C(C)=O)C(=O)[C@]12C,6.7447274948966935,1,EC50,PPARG,CHEMBL235
COc1cc(OC)c2c(=O)c(OCc3ccccc3)c(-c3ccccc3)oc2c1,5.0588732274974255,3,"Ki,EC50",PPARG,CHEMBL235
COc1cc(OC)c2c(=O)cc(-c3cccnc3)oc2c1,5.958607314841775,1,IC50,PPARG,CHEMBL235
COc1cc(OC)cc(-c2coc3cc(O)ccc3c2=O)c1,4.72445831159869,2,EC50,PPARG,CHEMBL235
COc1cc(OC)cc(-c2nc(CCOc3ccc(C[C@H](OC)C(=O)O)c4sccc34)c(C)o2)c1,8.522878745280337,1,IC50,PPARG,CHEMBL235
COc1cc(OC)cc([C@H](C)NC(=O)c2ccc3c(c2)c(C)c(C)n3Cc2ccc(-c3ccccc3)cc2)c1,7.698970004336019,1,IC50,PPARG,CHEMBL235
COc1cc(OCC(=O)O)c(C)cc1SCc1ccc(OCc2ccc(C(F)(F)F)cc2)cc1,4.627087997029894,1,IC50,PPARG,CHEMBL235
COc1cc(Oc2cc(C)c3nc(COc4cccc(C(=O)O)c4)n(C)c3c2)ccn1,7.2441251443275085,1,EC50,PPARG,CHEMBL235
COc1cc(Oc2cc(OC(C)C)c3nc(COc4cccc(C(=O)O)c4)n(C)c3c2)ccn1,7.494850021680094,1,EC50,PPARG,CHEMBL235
COc1cc(Oc2ccc(C)nc2C)cc2c1nc(COc1cccc(C(=O)O)c1)n2C,6.603800652904264,1,EC50,PPARG,CHEMBL235
COc1cc(Oc2ccc3nc(COc4cccc(C(=O)O)c4)n(C)c3c2)cc(C)n1,7.0,1,EC50,PPARG,CHEMBL235
COc1cc(Oc2ccc3nc(COc4cccc(C(=O)O)c4)n(C)c3c2)ccn1,6.7258421507363195,1,EC50,PPARG,CHEMBL235
COc1cc(Oc2ccc3nc(COc4cccc(C(=O)O)c4)n(C)c3c2F)ccn1,7.221848749616356,1,EC50,PPARG,CHEMBL235
COc1cc(Oc2ccc3nc(COc4cccc(C(=O)O)c4)n(C)c3n2)cc(C)n1,6.779891911959945,1,EC50,PPARG,CHEMBL235
COc1cc([C@@H]2OC[C@@H]3[C@H]2CO[C@H]3c2ccc3c(c2)OCO3)ccc1O,4.723538195826756,1,EC50,PPARG,CHEMBL235
COc1cc([C@H]2OC[C@@H]3[C@H]2CO[C@H]3c2ccc3c(c2)OCO3)ccc1O,4.3124710387853655,1,EC50,PPARG,CHEMBL235
COc1cc([C@H]2OC[C@H]3[C@@H]2CO[C@H]3c2ccc(O)c(OC)c2)ccc1O,4.23210238398191,1,EC50,PPARG,CHEMBL235
COc1cc([C@H]2OC[C@H]3[C@@H]2CO[C@H]3c2ccc3c(c2)OCO3)cc(OC)c1O,4.645891560852599,1,EC50,PPARG,CHEMBL235
COc1cc2c(cc1CC=C(C)C)C(=O)C[C@@H](c1ccc(O)cc1)O2,6.432374217515496,2,"Ki,IC50",PPARG,CHEMBL235
COc1cc2c(cc1CC=C(C)C)C(=O)C[C@H](c1ccc(O)cc1)O2,6.549325555311606,2,"Ki,IC50",PPARG,CHEMBL235
COc1cc2c(cc1OC)C(=O)/C(=C/c1ccccc1OCCc1cccs1)C2,6.207608310501746,1,IC50,PPARG,CHEMBL235
COc1cc2ccc(=O)oc2cc1OC/C=C(\C)CCC=C(C)C,4.773650137740922,3,"Ki,EC50",PPARG,CHEMBL235
COc1cc2oc(-c3ccc(O)cc3)cc(=O)c2cc1CC=C(C)C,6.533295840981829,2,"Ki,IC50",PPARG,CHEMBL235
COc1ccc(-c2c(C(=O)NS(=O)(=O)c3ccc(F)cc3)n(Cc3cccc(C(F)(F)F)c3)c3ccccc23)cc1,8.154901959985743,1,IC50,PPARG,CHEMBL235
COc1ccc(-c2c(C(=O)NS(=O)(=O)c3cccc(C(F)(F)F)c3)n(Cc3cccc(C(F)(F)F)c3)c3ccccc23)cc1,7.221848749616356,1,IC50,PPARG,CHEMBL235
COc1ccc(-c2c(C(=O)NS(=O)(=O)c3ccccc3)n(Cc3cccc(C(F)(F)F)c3)c3ccccc23)cc1,8.522878745280337,1,IC50,PPARG,CHEMBL235
COc1ccc(-c2c(C(=O)NS(=O)(=O)c3ccccc3C)n(Cc3cccc(C(F)(F)F)c3)c3ccccc23)cc1,8.154901959985743,1,IC50,PPARG,CHEMBL235
COc1ccc(-c2c(C(=O)NS(C)(=O)=O)n(Cc3cccc(C(F)(F)F)c3)c3ccccc23)cc1,8.698970004336019,1,IC50,PPARG,CHEMBL235
COc1ccc(-c2cc(=O)c3c(O)c(OC)c(OC)c(OC)c3o2)cc1,5.6020599913279625,1,IC50,PPARG,CHEMBL235
COc1ccc(-c2cccc(C(=O)O)c2)cc1CNC(=O)c1ccc(Oc2ccccc2)cc1,5.229147988357855,1,EC50,PPARG,CHEMBL235
COc1ccc(-c2cn3cccc(OCc4ccc(Cl)c(Cl)c4)c3n2)cc1,5.508638306165727,1,EC50,PPARG,CHEMBL235
COc1ccc(-c2nc(CCOc3ccc(CC4(C(=O)O)CCCO4)cn3)c(C)o2)cc1,7.769551078621726,1,Ki,PPARG,CHEMBL235
COc1ccc(-c2nc(CCOc3ccc(CC4(C(=O)O)CCCO4)nc3)c(C)o2)cc1,7.031517051446065,1,Ki,PPARG,CHEMBL235
COc1ccc(-c2nc(CCOc3ccc(C[C@H](Nc4ccccc4C(=O)c4ccccc4)C(=O)O)cc3)c(C)o2)cc1,9.090080159257155,2,"Ki,EC50",PPARG,CHEMBL235
COc1ccc(-c2nc(CCOc3cccc(C[C@@H]4C(=O)N(c5ccc(C(C)(C)C)cc5)[C@@H]4C(=O)O)c3)c(C)o2)cc1,6.657577319177793,1,IC50,PPARG,CHEMBL235
COc1ccc(-c2nc(COc3cccc(CN(CC(=O)O)C(=O)Oc4ccc(C)cc4)c3)c(C)o2)cc1,6.0589857562944305,1,IC50,PPARG,CHEMBL235
COc1ccc(-c2nc(SCCCCOc3ccc(OCC(=O)O)c(C)c3)sc2-c2ccc(OC)cc2)cc1,5.196542884351587,1,EC50,PPARG,CHEMBL235
COc1ccc(-c2nc(SCCCCOc3ccc(OCC(=O)O)cc3Cl)sc2-c2ccc(OC)cc2)cc1,5.59176003468815,1,EC50,PPARG,CHEMBL235
COc1ccc(-c2nc(SCCCOc3ccc(OCC(=O)O)c(C)c3)sc2-c2ccc(OC)cc2)cc1,5.161780778092375,1,EC50,PPARG,CHEMBL235
COc1ccc(-c2nc(SCCCOc3ccc(OCC(=O)O)cc3Cl)sc2-c2ccc(OC)cc2)cc1,5.336299074610352,1,EC50,PPARG,CHEMBL235
COc1ccc(-c2nc(SCCOc3ccc(OCC(=O)O)c(C)c3)sc2-c2ccc(OC)cc2)cc1,5.247183568811728,1,EC50,PPARG,CHEMBL235
COc1ccc(-c2nc(SCCOc3ccc(OCC(=O)O)cc3Cl)sc2-c2ccc(OC)cc2)cc1,5.231361898752386,1,EC50,PPARG,CHEMBL235
COc1ccc(-c2nc(Sc3cccc(C(C)C(=O)O)c3)sc2-c2ccc(OC)cc2)cc1,5.638272163982407,1,EC50,PPARG,CHEMBL235
COc1ccc(-c2nc3cc(NC(=O)c4cc([N+](=O)[O-])ccc4Cl)ccc3o2)cc1F,9.1479247415801,2,"EC50,IC50",PPARG,CHEMBL235
COc1ccc(-n2c(C(=O)O)c(Oc3cccc(C(F)(F)F)c3)c3ccccc32)cc1,6.939302159646388,1,IC50,PPARG,CHEMBL235
COc1ccc(-n2c(C)c(Cc3cccc(O[C@@H](C)C(=O)O)c3)c3cc(OC(F)(F)F)ccc32)cc1,9.0,1,IC50,PPARG,CHEMBL235
COc1ccc(-n2c(SCC(=O)Nc3ccc(S(=O)(=O)NC(=O)NC4CCCCC4)cc3)nc3ccccc3c2=O)cc1,6.455931955649724,1,IC50,PPARG,CHEMBL235
COc1ccc(-n2cnn(Cc3cc(C)c(OC(C)(C)C(=O)O)c(C)c3)c2=O)cc1,5.694713134523875,1,EC50,PPARG,CHEMBL235
COc1ccc(/C=C/c2cc(O)c(C/C=C(\C)CCC=C(C)C)c(O)c2)cc1,5.52726570743409,2,"EC50,IC50",PPARG,CHEMBL235
COc1ccc(/C=C/c2cc(OC)cc(OCCCCCCCC(=O)O)c2)cc1,4.58838029403677,1,EC50,PPARG,CHEMBL235
COc1ccc(/C=C/c2cc(OC)cc(OCc3ccc(OC(C)(C)C(=O)O)c(F)c3)c2)cc1,4.686554629573586,1,EC50,PPARG,CHEMBL235
COc1ccc(/C=C/c2cc(OC)cc(OCc3ccc(OC(C)C(=O)O)c(F)c3)c2)cc1,4.739928612014925,1,EC50,PPARG,CHEMBL235
COc1ccc(/C=C/c2cc(OC)cc(OCc3ccc(OCC(=O)O)c(C)c3)c2)cc1,4.684029654543083,1,EC50,PPARG,CHEMBL235
COc1ccc(/C=C/c2cc(OC)cc(OCc3ccc(OCC(=O)O)c(F)c3)c2)cc1,4.54515513999149,1,EC50,PPARG,CHEMBL235
COc1ccc(/C=C/c2cc(OC)cc(OCc3ccc(OCC(=O)O)cc3)c2)cc1,4.806318970458719,1,EC50,PPARG,CHEMBL235
COc1ccc(C(=O)NC[C@H](Cc2ccc(OCCc3nc(-c4ccccc4)oc3C)cc2)Nc2ccccc2C(=O)c2ccccc2)cc1,7.320027305722581,1,Ki,PPARG,CHEMBL235
COc1ccc(C(=O)NCc2cccc(Oc3ccc(OC(C)(C)C(=O)O)c(C)c3)c2)c(C)c1,8.096910013008056,1,IC50,PPARG,CHEMBL235
COc1ccc(C(=O)Nc2cccc(C(=O)O)c2)c(NC(=O)c2ccc(C(C)(C)C)cc2)c1,5.52432881167557,1,EC50,PPARG,CHEMBL235
COc1ccc(C(=O)O)cc1NC(=O)c1ccccc1NC(=O)c1ccc(C(C)(C)C)cc1,5.346787486224656,1,EC50,PPARG,CHEMBL235
COc1ccc(C(=O)c2c(C)n(Cc3cc(O[C@@H](C)C(=O)O)ccc3Cl)c3nc(OC)ccc23)cc1,8.698970004336019,1,IC50,PPARG,CHEMBL235
COc1ccc(C(=O)c2c(C)n(Cc3cc(O[C@@H](C)C(=O)O)ccc3F)c3nc(C)ccc23)cc1,8.397940008672037,1,IC50,PPARG,CHEMBL235
COc1ccc(C(=O)c2c(C)n(Cc3cc(O[C@@H](C)C(=O)O)ccc3F)c3nc(OC)ccc23)cc1,8.698970004336019,1,IC50,PPARG,CHEMBL235
COc1ccc(C(=O)c2c(C)n(Cc3cc(O[C@@H](C)C(=O)O)ccc3F)c3ncccc23)cc1,8.301029995663981,1,IC50,PPARG,CHEMBL235
COc1ccc(C(=O)c2c(C)n(Cc3ccc(F)c(O[C@@H](C)C(=O)O)c3)c3nc(OC)ccc23)cc1,9.0,1,IC50,PPARG,CHEMBL235
COc1ccc(C(=O)c2c(C)n(Cc3ccc(F)c(O[C@@H](C)C(=O)O)c3)c3ncccc23)cc1,8.0,1,IC50,PPARG,CHEMBL235
COc1ccc(C(=O)c2c(C)n(Cc3cccc(O[C@@H](C)C(=O)O)c3)c3cc(OC(F)(F)F)ccc23)cc1,9.0,1,IC50,PPARG,CHEMBL235
COc1ccc(C(=O)c2c(C)n(Cc3cccc(O[C@@H](C)C(=O)O)c3)c3nc(C)ccc23)cc1,7.795880017344075,1,IC50,PPARG,CHEMBL235
COc1ccc(C(=O)c2c(C)n(Cc3cccc(O[C@@H](C)C(=O)O)c3)c3ncccc23)cc1,7.180456064458131,1,IC50,PPARG,CHEMBL235
COc1ccc(C(=O)c2c(C)n(Cc3cccc(O[C@H](C)C(=O)O)c3)c3ncccc23)cc1,6.139063379299906,1,IC50,PPARG,CHEMBL235
COc1ccc(C(=O)c2cc(C)cn2C/C=C/c2ccc(Cl)cc2C(=O)NS(C)(=O)=O)cc1,4.920818753952375,1,EC50,PPARG,CHEMBL235
COc1ccc(C(=O)c2ccc(CSCC(NC(=O)OC(C)(C)C)C(=O)O)cc2)cc1,5.1249387366083,1,EC50,PPARG,CHEMBL235
COc1ccc(C(=O)c2ccccc2NC(Cc2ccc(OCCN(C)c3nc4ccccc4o3)cc2)C(=O)O)cc1,8.250031916490597,1,Ki,PPARG,CHEMBL235
COc1ccc(C(=O)c2cccn2C/C=C/c2cccc(CC(=O)O)c2)cc1,5.698970004336019,1,EC50,PPARG,CHEMBL235
COc1ccc(C(=O)c2cccn2C/C=C/c2cccc(OCC(=O)O)c2)cc1,5.721246399047171,1,EC50,PPARG,CHEMBL235
COc1ccc(C(=O)n2c(C)c(Cc3cccc(OC(C)(C)C(=O)O)c3)c3cc(OC(F)(F)F)ccc32)cc1,8.522878745280337,1,IC50,PPARG,CHEMBL235
COc1ccc(C(=O)n2c(C)c(Cc3cccc(OC(C)C(=O)O)c3)c3cc(OC(F)(F)F)ccc32)cc1,9.0,1,IC50,PPARG,CHEMBL235
COc1ccc(C(=O)n2c(C)c(Cc3cccc(OCC#N)c3)c3cc(OC(F)(F)F)ccc32)cc1,7.376750709602099,1,IC50,PPARG,CHEMBL235
COc1ccc(C(=O)n2c(C)c(Cc3cccc(O[C@@H](C)C(=O)O)c3)c3cc(OC(F)(F)F)ccc32)cc1,8.81938200260161,5,"EC50,IC50",PPARG,CHEMBL235
COc1ccc(C(=O)n2c(C)c(Cc3cccc(O[C@H](C)C(=O)O)c3)c3cc(OC(F)(F)F)ccc32)cc1,8.522878745280337,1,IC50,PPARG,CHEMBL235
COc1ccc(C(=O)n2c(C)c(Cc3ccccc3OC(C)(C)C(=O)O)c3cc(OC(F)(F)F)ccc32)cc1,9.0,1,IC50,PPARG,CHEMBL235
COc1ccc(C(=O)n2c(C)c(Cc3ccccc3OC(C)C(=O)O)c3cc(OC(F)(F)F)ccc32)cc1,9.0,1,IC50,PPARG,CHEMBL235
COc1ccc(C(=O)n2c(C)c(Cc3ccccc3O[C@@H](C)C(=O)O)c3cc(OC(F)(F)F)ccc32)cc1,8.698970004336019,2,"EC50,IC50",PPARG,CHEMBL235
COc1ccc(C(=O)n2c(C)c(Cc3ccccc3O[C@H](C)C(=O)O)c3cc(OC(F)(F)F)ccc32)cc1,8.168621084159213,2,"EC50,IC50",PPARG,CHEMBL235
COc1ccc(C(C)C(=O)c2ccc(O)cc2O)cc1,4.585026652029182,1,IC50,PPARG,CHEMBL235
COc1ccc(C)cc1NC(=O)N(CCc1ccc(SC(C)(C)C(=O)O)cc1)CCc1ccc(-c2ccccc2)cc1,5.0,1,EC50,PPARG,CHEMBL235
COc1ccc(C2COc3cc(O)ccc3C2=O)cc1,3.9065783148377653,1,IC50,PPARG,CHEMBL235
COc1ccc(CC(=O)OCc2ccc(CC(SCCc3ccc(F)cc3)C(=O)O)cc2)cc1,5.6020599913279625,1,EC50,PPARG,CHEMBL235
COc1ccc(CC2SC(=O)NC2=O)cc1C(=O)NCc1ccc(C(F)(F)F)cc1,6.173813278577559,6,"Ki,EC50,IC50",PPARG,CHEMBL235
COc1ccc(CCCC(=O)O)cc1C(=O)NCc1ccc(C(F)(F)F)cc1,5.522878745280337,1,EC50,PPARG,CHEMBL235
COc1ccc(CCCOc2ccc(C[C@H](Nc3ccccc3C(=O)c3ccccc3)C(=O)O)cc2)cc1,6.139997578098902,1,Ki,PPARG,CHEMBL235
COc1ccc(CCCOc2ccc(C[C@H](Nc3ccccc3C(=O)c3ccccc3)C(=O)O)cc2)cc1OC,6.919987152892072,1,Ki,PPARG,CHEMBL235
COc1ccc(CCOC(=O)Cc2ccc(SCc3ccccc3C(=O)O)cc2)cc1OC,5.154901959985743,1,EC50,PPARG,CHEMBL235
COc1ccc(CCOC(=O)Cc2cccc(SCc3ccccc3C(=O)O)c2)cc1OC,4.958607314841775,1,EC50,PPARG,CHEMBL235
COc1ccc(CCc2c(-c3ccccc3)[nH]c3ccc(CC(=O)O)cc23)cc1,7.307362432350182,3,"Ki,IC50",PPARG,CHEMBL235
COc1ccc(CNC(=O)c2ccc3c(c2)[nH]c(=O)n3Cc2cccc(F)c2)c(C(F)(F)F)c1,5.962573502059376,1,EC50,PPARG,CHEMBL235
COc1ccc(CNC(=O)c2ccc3c(c2)[nH]c(=O)n3Cc2ccccc2)c(C(F)(F)F)c1,5.995678626217357,1,EC50,PPARG,CHEMBL235
COc1ccc(CNC(=O)c2ccc3c(c2)c(C)c(C)n3Cc2ccc(-c3ccccc3C(=O)O)cc2)c(OC)c1,7.795880017344075,1,IC50,PPARG,CHEMBL235
COc1ccc(CNC(=O)c2ccc3c(c2)c(C)c(C)n3Cc2ccc(-c3ccccc3C(=O)O)cc2)cc1,8.154901959985743,1,IC50,PPARG,CHEMBL235
COc1ccc(CNC(=O)c2ccc3c(c2)c(C)c(C)n3Cc2ccc(-c3ccccc3C(=O)O)cc2)cc1F,7.886056647693163,1,IC50,PPARG,CHEMBL235
COc1ccc(CNC(=O)c2ccc3c(c2)c(C)c(C)n3Cc2ccc(-c3ccccc3C(=O)O)cc2)cc1OC,6.903089986991944,1,IC50,PPARG,CHEMBL235
COc1ccc(CNC(=O)c2ccc3c(c2)ncn3Cc2cccc(F)c2)c(C(F)(F)F)c1,5.950781977329818,1,EC50,PPARG,CHEMBL235
COc1ccc(CNC(=O)c2ccc3c(ccn3Cc3ccc(F)cc3F)c2)c(OC)c1,6.498940737782249,1,IC50,PPARG,CHEMBL235
COc1ccc(CNC(=O)c2ccc3c(ccn3Cc3ccc(F)cc3F)c2)cc1OC,6.522878745280337,1,IC50,PPARG,CHEMBL235
COc1ccc(CNC(=O)c2ccc3c(ccn3Cc3cccc(F)c3)c2)c(C(F)(F)F)c1,6.070581074285707,1,EC50,PPARG,CHEMBL235
COc1ccc(CNC(=O)c2ccc3c(cnn3Cc3cccc(F)c3)c2)c(C(F)(F)F)c1,5.798602875679549,1,EC50,PPARG,CHEMBL235
COc1ccc(COCCN(CCOCc2ccc(OC)cc2)c2ccc(C=C3C(=O)NC(=O)NC3=O)cc2)cc1,4.228412519118745,1,IC50,PPARG,CHEMBL235
COc1ccc(COCCN(CCOCc2ccccc2)c2ccc(C=C3C(=O)NC(=O)NC3=O)cc2)cc1,3.718966632752273,1,IC50,PPARG,CHEMBL235
COc1ccc(COCCN(CCOc2ccccn2)c2ccc(C=C3C(=O)NC(=O)NC3=O)cc2)cc1,4.075720713938118,1,IC50,PPARG,CHEMBL235
COc1ccc(COc2ccc(CNc3cccc(OC(C)(C)C(=O)O)c3)c(OCc3ccc(OC)cc3)c2)cc1,5.251811972993799,1,EC50,PPARG,CHEMBL235
COc1ccc(COc2ccc(CNc3cccc(OC(C)(C)C(=O)O)c3)cc2)cc1,4.73754891026957,1,EC50,PPARG,CHEMBL235
COc1ccc(COc2ccc(CSc3ccc(OCC(=O)O)c4c3CCC4)cc2)cc1,4.860120913598763,1,IC50,PPARG,CHEMBL235
COc1ccc(COc2cccc(OCCOc3ccc4c(c3)c(CC(=O)O)cn4Cc3ccccc3)c2)cc1,5.721246399047171,1,EC50,PPARG,CHEMBL235
COc1ccc(Cl)cc1C(=O)NCCc1ccc(S(=O)(=O)NC(=O)NC2CCCCC2)cc1,5.909364114220269,2,"Ki,EC50",PPARG,CHEMBL235
COc1ccc(Cn2c(C)c(C)c3cc(C(=O)N[C@@H](C)c4ccc(C(C)(C)C)cc4)ccc32)cc1O[C@@H](C)C(=O)O,7.214670164989233,1,IC50,PPARG,CHEMBL235
COc1ccc(Cn2c(C)c(C)c3cc(C(=O)N[C@@H](C)c4cccc(C(C)C)c4)ccc32)cc1O[C@@H](C)C(=O)O,7.113509274827518,1,IC50,PPARG,CHEMBL235
COc1ccc(Cn2c(C)c(C)c3cc(C(=O)N[C@@H](C)c4cccc(C5CC5)c4)ccc32)cc1O[C@@H](C)C(=O)O,7.154901959985743,1,IC50,PPARG,CHEMBL235
COc1ccc(F)c(-c2ccc(Cc3ccc(N4C[C@H](C(F)(F)F)C[C@@H]4CC(=O)O)cc3)c(C)c2)c1,5.356547323513812,1,EC50,PPARG,CHEMBL235
COc1ccc(F)cc1[C@@H](C)NC(=O)c1ccc2c(c1)c(C)c(C)n2Cc1ccc(-c2ccccc2C(=O)O)cc1,8.301029995663981,1,IC50,PPARG,CHEMBL235
COc1ccc(F)cc1[C@H](C)NC(=O)c1ccc2c(c1)c(C)c(C)n2Cc1ccc(-c2ccccc2C(=O)O)cc1,7.585026652029182,1,IC50,PPARG,CHEMBL235
COc1ccc(N2C(=O)C(Cc3cccc(OCCc4nc(-c5ccccc5)oc4C)c3)C2C(=O)O)cc1,6.795880017344075,1,IC50,PPARG,CHEMBL235
COc1ccc(N2C(=O)C(Cc3cccc(OCCc4nc(-c5ccccc5)oc4C)c3)C2C(=O)O)cn1,6.638272163982407,1,IC50,PPARG,CHEMBL235
COc1ccc(N2C(=O)[C@@H](Cc3ccc(OCCc4nc(-c5ccccc5)oc4C)cc3)[C@H]2C(=O)O)cc1,7.3979400086720375,1,IC50,PPARG,CHEMBL235
COc1ccc(N2C(=O)[C@@H](Cc3cccc(OCCc4nc(-c5ccccc5)oc4C)c3)[C@H]2C(=O)O)cc1,7.0,1,IC50,PPARG,CHEMBL235
COc1ccc(N2C(=O)[C@H](Cc3ccc(OCCc4nc(-c5ccccc5)oc4C)cc3)[C@@H]2C(=O)O)cc1,5.468521082957745,1,IC50,PPARG,CHEMBL235
COc1ccc(N2C(=O)[C@H](Cc3cccc(OCCc4nc(-c5ccccc5)oc4C)c3)[C@@H]2C(=O)O)cc1,5.958607314841775,1,IC50,PPARG,CHEMBL235
COc1ccc(N2CC(=O)N(Cc3cc(C)c(OC(C)(C)C(=O)O)c(C)c3)C2=O)cc1,5.472048041656058,1,EC50,PPARG,CHEMBL235
COc1ccc(N2CCN(Cc3cc(C)c(OC(C)(C)C(=O)O)c(C)c3)C2=O)cc1,5.587539452570039,1,EC50,PPARG,CHEMBL235
COc1ccc(NC(=O)CC[C@H](NS(=O)(=O)c2ccc(C)cc2)C(=O)O)cc1,3.560667306169737,1,IC50,PPARG,CHEMBL235
COc1ccc(NC(=O)COc2cc(O)c3c(=O)cc(-c4ccccc4)oc3c2)cc1OC,5.424535858940091,2,"Ki,IC50",PPARG,CHEMBL235
COc1ccc(NC(=O)N(CCc2ccc(SC(C)(C)C(=O)O)cc2)CCc2ccc(-c3ccccc3)cc2)c(OC)c1,5.920818753952375,1,EC50,PPARG,CHEMBL235
COc1ccc(NC(=O)c2ccccc2NC(=O)c2ccc(C(C)(C)C)cc2)cc1C(=O)O,5.356547323513812,1,EC50,PPARG,CHEMBL235
COc1ccc(NC(=S)NS(=O)(=O)c2ccc(CCNS(=O)(=O)c3ccc(Cl)cc3)cc2)cc1,4.47755576649368,1,IC50,PPARG,CHEMBL235
COc1ccc(NC(=S)NS(=O)(=O)c2ccc(CCNS(=O)(=O)c3ccccc3)cc2)cc1,3.0,1,IC50,PPARG,CHEMBL235
COc1ccc(NCCCOc2ccc3ccccc3c2)cc1,4.471083299722345,1,EC50,PPARG,CHEMBL235
COc1ccc(O)c(/C=N/c2ccccc2NS(=O)(=O)c2ccc(C)cc2)c1,5.638272163982407,1,IC50,PPARG,CHEMBL235
COc1ccc(OC(=O)N(CC(=O)O)Cc2cc(OCc3nc(-c4ccc(Cl)cc4)oc3C)ccc2F)cc1,5.963770455913705,1,EC50,PPARG,CHEMBL235
COc1ccc(OC(=O)N(CC(=O)O)Cc2ccc(OCCc3nc(-c4ccc(O)cc4)oc3C)cc2)cc1,5.688246138944246,1,IC50,PPARG,CHEMBL235
COc1ccc(OC(=O)N(CC(=O)O)Cc2ccc(OCCc3nc(-c4ccccc4)oc3C)cc2)cc1,7.1947867337126805,8,"EC50,IC50",PPARG,CHEMBL235
COc1ccc(OC(=O)N(CC(=O)O)Cc2ccc(OCCc3nc(-c4ccccc4)oc3C)cc2)cc1.Cl,6.607303046740334,1,IC50,PPARG,CHEMBL235
COc1ccc(OC(=O)N2[C@H](C(=O)O)CC[C@H]2c2ccc(OCCc3nc(-c4ccccc4)oc3C)cc2)cc1,7.301029995663981,1,EC50,PPARG,CHEMBL235
COc1ccc(OC)c(/C=C/C(=O)OCc2cc(=O)c(O)co2)c1,5.154901959985743,1,Ki,PPARG,CHEMBL235
COc1ccc(OC)c(CNC(=O)c2ccc3c(c2)c(C)c(C)n3Cc2cccc(C(F)(F)F)c2)c1,7.369487583003801,2,"Ki,IC50",PPARG,CHEMBL235
COc1ccc(OC)c(NC(=O)c2cc3ccccc3cc2OC(=O)Nc2cc(Cl)ccc2OC)c1,5.060480747381382,1,IC50,PPARG,CHEMBL235
COc1ccc(OCCCOc2ccc3c(c2)CC[C@H]3CC(=O)O)cc1,3.46999999505164,1,EC50,PPARG,CHEMBL235
COc1ccc(OS(=O)(=O)/C=C/c2ccccc2)cc1,5.888065723667319,1,IC50,PPARG,CHEMBL235
COc1ccc(O[C@@H](Cc2ccccc2)C(=O)O)cc1,4.698402005568271,2,EC50,PPARG,CHEMBL235
COc1ccc(Oc2cc(N(C)CCOc3ccc(CC4SC(=O)NC4=O)cc3)ncn2)cc1,8.133803120088515,2,"EC50,IC50",PPARG,CHEMBL235
COc1ccc(Oc2cc(N(C)CCOc3ccc(CC4SC(=O)NC4=O)cc3)ncn2)cc1.O=S(=O)(O)O,7.7447274948966935,1,IC50,PPARG,CHEMBL235
COc1ccc(Oc2ccc3nc(COc4cccc(C(=O)O)c4)n(C)c3c2)c(C)n1,6.5934598195660445,1,EC50,PPARG,CHEMBL235
COc1ccc(Oc2ccc3nc(COc4cccc(C(=O)O)c4)n(C)c3c2)cc1,6.512861624522813,1,EC50,PPARG,CHEMBL235
COc1ccc(Oc2ccc3nc(COc4cccc(C(=O)O)c4)n(C)c3c2)cn1,6.939302159646388,1,EC50,PPARG,CHEMBL235
COc1ccc(S(=O)(=O)n2c(CCCC(=O)O)cc3cc(C(F)(F)F)ccc32)cc1,7.086186147616283,1,EC50,PPARG,CHEMBL235
COc1ccc(S(=O)(=O)n2c(CCCC(=O)O)cc3cc(Cl)ccc32)cc1,7.142667503568731,1,EC50,PPARG,CHEMBL235
COc1ccc(S(=O)(=O)n2cc(CCC(=O)O)c3cc(OC)ccc32)cc1,5.987162775294828,1,EC50,PPARG,CHEMBL235
COc1ccc([C@@H](C)NC(=O)c2ccc3c(c2)c(C)c(C)n3Cc2ccc(-c3ccccc3C(=O)O)cc2)cc1,8.614786788746741,3,"EC50,IC50",PPARG,CHEMBL235
COc1ccc([C@@H](O)[C@H](O)CO)cc1OC,4.714442690992226,1,EC50,PPARG,CHEMBL235
COc1ccc([C@@H]2CC(=O)c3cc4c(cc3C2)OC(C)(C)C=C4)cc1O,4.747146969020107,1,Ki,PPARG,CHEMBL235
COc1ccc([C@H](C)NC(=O)c2ccc3c(c2)c(C)c(C)n3Cc2ccc(-c3ccccc3C(=O)O)cc2)cc1,7.924762543981643,3,"EC50,IC50",PPARG,CHEMBL235
COc1ccc([C@H](C)NC(=O)c2ccc3c(c2)c(C)c(C)n3Cc2ccc(-c3ccccc3C(=O)O)cc2)cc1Cl,7.769551078621726,1,IC50,PPARG,CHEMBL235
COc1ccc2c(-c3c(C)n(Cc4cc(O[C@@H](C)C(=O)O)ccc4Cl)c4cc(OC(F)(F)F)ccc34)noc2c1,8.698970004336019,1,IC50,PPARG,CHEMBL235
COc1ccc2c(-n3c(=O)n(-c4cccc([C@@]5(C)OC(=O)NC5=O)c4)c4cc(C(F)(F)F)ccc43)noc2c1,5.1589535345906965,1,IC50,PPARG,CHEMBL235
COc1ccc2c(-n3c(=O)n(Cc4cc(O[C@H](C)C(=O)O)ccc4Cl)c4cc(C(F)(F)F)ccc43)noc2c1,8.040958607678906,1,IC50,PPARG,CHEMBL235
COc1ccc2c(-n3c(=O)n(Cc4cc(O[C@H](C)C(=O)O)ccc4Cl)c4ccccc43)noc2c1,7.863279432843593,1,IC50,PPARG,CHEMBL235
COc1ccc2c(-n3c(=O)n(Cc4cc([C@@]5(C)OC(=O)NC5=O)ccc4Cl)c4cc(C(F)(F)F)ccc43)noc2c1,8.113509274827518,1,IC50,PPARG,CHEMBL235
COc1ccc2c(-n3c(=O)n(Cc4cc([C@@]5(C)OC(=O)NC5=O)ccc4Cl)c4ccccc43)noc2c1,8.00436480540245,1,IC50,PPARG,CHEMBL235
COc1ccc2c(-n3c(=O)n(Cc4ccc(Cl)c(O[C@@H](C)C(=O)O)c4)c4cc(C(F)(F)F)ccc43)noc2c1,7.180456064458131,1,IC50,PPARG,CHEMBL235
COc1ccc2c(-n3c(=O)n(Cc4ccc(Cl)c(O[C@H](C)C(=O)O)c4)c4cc(C(F)(F)F)ccc43)noc2c1,8.387216143280265,1,IC50,PPARG,CHEMBL235
COc1ccc2c(-n3c(=O)n(Cc4ccc(Cl)c(O[C@H](C)C(=O)O)c4)c4cc(OC(F)(F)F)ccc43)noc2c1,8.494850021680094,1,IC50,PPARG,CHEMBL235
COc1ccc2c(-n3c(=O)n(Cc4ccc(Cl)c(O[C@H](C)C(=O)O)c4)c4ccc(C(F)(F)F)cc43)noc2c1,8.638272163982407,1,IC50,PPARG,CHEMBL235
COc1ccc2c(-n3c(=O)n(Cc4ccc(Cl)c(O[C@H](C)C(=O)O)c4)c4ccc(OC(F)(F)F)cc43)noc2c1,8.387216143280265,1,IC50,PPARG,CHEMBL235
COc1ccc2c(-n3c(=O)n(Cc4ccc(Cl)c(O[C@H](C)C(=O)O)c4)c4ccccc43)noc2c1,8.161150909262744,1,IC50,PPARG,CHEMBL235
COc1ccc2c(-n3c(=O)n(Cc4ccc([C@@]5(C)OC(=O)NC5=O)cc4)c4cc(C(F)(F)F)ccc43)noc2c1,5.662141570958905,1,IC50,PPARG,CHEMBL235
COc1ccc2c(-n3c(=O)n(Cc4cccc(O[C@H](C)C(=O)O)c4)c4cc(C(F)(F)F)ccc43)noc2c1,6.0343280287798935,1,IC50,PPARG,CHEMBL235
COc1ccc2c(-n3c(=O)n(Cc4cccc([C@@]5(C)OC(=O)NC5=O)c4)c4cc(C(F)(F)F)ccc43)noc2c1,7.031517051446065,1,IC50,PPARG,CHEMBL235
COc1ccc2c(-n3c(=O)n(Cc4cccc([C@@]5(C)OC(=O)NC5=O)c4)c4ccccc43)noc2c1,7.080398976215889,1,IC50,PPARG,CHEMBL235
COc1ccc2c(-n3c(=O)n(Cc4ccccc4[C@@]4(C)OC(=O)NC4=O)c4cc(C(F)(F)F)ccc43)noc2c1,5.178290002701623,1,IC50,PPARG,CHEMBL235
COc1ccc2c(-n3c(C)c(Cc4cc(O[C@H](C)C(=O)O)ccc4Cl)c4cc(OC(F)(F)F)ccc43)noc2c1,8.698970004336019,1,IC50,PPARG,CHEMBL235
COc1ccc2c(=O)cc(CCc3ccccc3)oc2c1,4.826813731587726,1,Ki,PPARG,CHEMBL235
COc1ccc2c(Oc3cccc(C(F)(F)F)c3)c(C(=O)O)n(-c3ccc(C(C)(C)C)cc3)c2n1,7.0,1,IC50,PPARG,CHEMBL235
COc1ccc2c(c1)CCN(S(=O)(=O)c1cccc(C(=O)Nc3ccc(Cl)cc3C(=O)O)c1)C2,5.200000237109354,1,IC50,PPARG,CHEMBL235
COc1ccc2c(c1)O/C(=C\c1cc(C)c(OC(C)(C)C(=O)O)c(C)c1)C2=O,6.1979107421182675,1,EC50,PPARG,CHEMBL235
COc1ccc2c(c1)O/C(=C\c1cc(C)c(OCC(=O)O)c(C)c1)C2=O,5.801617869991706,1,EC50,PPARG,CHEMBL235
COc1ccc2c(c1)c(CC(=O)O)c(C)n2C(=O)c1ccc(Cl)cc1,4.301029995663981,1,EC50,PPARG,CHEMBL235
COc1ccc2c(c1)c(Cc1ccc(C(=O)O)cc1)c(C)n2C(=O)c1ccc(Cl)cc1,5.328827157284916,1,IC50,PPARG,CHEMBL235
COc1ccc2c(c1)c(Cc1ccc(OC(C)(C)C(=O)O)cc1)c(C)n2C(=O)c1ccc(Cl)cc1,6.039053804266169,1,IC50,PPARG,CHEMBL235
COc1ccc2c(c1)c(Cc1ccc(OC(C)C(=O)O)cc1)c(C)n2C(=O)c1ccc(Cl)cc1,5.669586226650809,1,IC50,PPARG,CHEMBL235
COc1ccc2c(c1)c(Cc1ccc(OCC(=O)O)cc1)c(C)n2C(=O)c1ccc(Cl)cc1,7.075720713938118,1,IC50,PPARG,CHEMBL235
COc1ccc2c(c1)c(Cc1cccc(C(=O)O)c1)c(C)n2C(=O)c1ccc(Cl)cc1,6.681936665037238,1,IC50,PPARG,CHEMBL235
COc1ccc2c(c1)c(Cc1cccc(OC(C)(C)C(=O)O)c1)c(C)n2C(=O)c1ccc(Cl)cc1,7.346787486224656,1,IC50,PPARG,CHEMBL235
COc1ccc2c(c1)c(Cc1cccc(OC(C)C(=O)O)c1)c(C)n2C(=O)c1ccc(Cl)cc1,7.309803919971486,1,IC50,PPARG,CHEMBL235
COc1ccc2c(c1)c(Cc1ccccc1C(=O)O)c(C)n2C(=O)c1ccc(Cl)cc1,5.202040356262804,1,IC50,PPARG,CHEMBL235
COc1ccc2c(c1)c(Cc1ccccc1OC(C)(C)C(=O)O)c(C)n2C(=O)c1ccc(Cl)cc1,7.102372908709558,1,IC50,PPARG,CHEMBL235
COc1ccc2c(c1)c(Cc1ccccc1OC(C)C(=O)O)c(C)n2C(=O)c1ccc(Cl)cc1,7.075720713938118,1,IC50,PPARG,CHEMBL235
COc1ccc2c(c1)c(Cc1ccccc1OCC(=O)O)c(C)n2C(=O)c1ccc(Cl)cc1,6.47755576649368,1,IC50,PPARG,CHEMBL235
COc1ccc2c(c1)c(Oc1cccc(C(F)(F)F)c1)c(C(=O)O)n2-c1ccc(C(C)(C)C)cc1,7.4089353929735005,1,IC50,PPARG,CHEMBL235
COc1ccc2c(c[n+](C)c3c4cc5c(cc4ccc23)OCO5)c1OC,6.247183568811728,2,IC50,PPARG,CHEMBL235
COc1ccc2c(ccn2S(=O)(=O)c2cccc(C(=O)Nc3ccc(C)cc3C(=O)O)c2)c1,5.0,1,IC50,PPARG,CHEMBL235
COc1ccc2c(ccn2S(=O)(=O)c2cccc(C(=O)Nc3ccc(C)cc3C(=O)O)c2)c1C,5.499999678657065,1,IC50,PPARG,CHEMBL235
COc1ccc2c(ccn2S(=O)(=O)c2cccc(C(=O)Nc3ccc(Cl)cc3C(=O)O)c2)c1,5.40000018605658,1,IC50,PPARG,CHEMBL235
COc1ccc2c(ccn2S(=O)(=O)c2cccc(C(=O)Nc3ccc(Cl)cc3C(=O)O)c2)c1C,5.499999678657065,1,IC50,PPARG,CHEMBL235
COc1ccc2ccn(S(=O)(=O)c3cccc(C(=O)Nc4ccc(C)cc4C(=O)O)c3)c2c1,5.100000128334196,1,IC50,PPARG,CHEMBL235
COc1ccc2ccn(S(=O)(=O)c3cccc(C(=O)Nc4ccc(Cl)cc4C(=O)O)c3)c2c1,5.59999938302362,1,IC50,PPARG,CHEMBL235
COc1ccc2nc(-n3c(C)c(Cc4cccc(O[C@@H](C)C(=O)O)c4)c4cc(OC(F)(F)F)ccc43)ccc2c1,6.8696662315049934,1,IC50,PPARG,CHEMBL235
COc1ccc2nc(COc3ccc(CC4SC(=O)NC4=O)cc3)n(C)c2c1,7.366531544420414,1,EC50,PPARG,CHEMBL235
COc1ccc2ncc(-n3c(C)c(Cc4cccc(O[C@@H](C)C(=O)O)c4)c4cc(OC(F)(F)F)ccc43)cc2c1,7.537602002101044,1,IC50,PPARG,CHEMBL235
COc1ccc2oc(CCc3ccccc3)cc(=O)c2c1,4.7423214251308154,1,Ki,PPARG,CHEMBL235
COc1cccc(-c2coc3cc(O)ccc3c2=O)c1,4.651889931519762,2,EC50,PPARG,CHEMBL235
COc1cccc(-c2nc(CCOc3ccc(CC4(C(=O)O)CCCO4)cn3)c(C)o2)c1,8.154901959985743,1,Ki,PPARG,CHEMBL235
COc1cccc(-c2nc(CCOc3ccc(CC4(C(=O)O)CCCO4)nc3)c(C)o2)c1,7.698970004336019,1,Ki,PPARG,CHEMBL235
COc1cccc(-c2nc(CCOc3cccc(C[C@@H]4C(=O)N(c5ccc(C(C)(C)C)cc5)[C@@H]4C(=O)O)c3)c(C)o2)c1,6.958607314841775,1,IC50,PPARG,CHEMBL235
COc1cccc(/C=C/C(=O)OCc2cc(=O)c(O)co2)c1OC,5.173925197299173,1,Ki,PPARG,CHEMBL235
COc1cccc(/C=C2/C(C)=C(CC(=O)O)c3cc(F)ccc32)c1,5.275724130399211,1,EC50,PPARG,CHEMBL235
COc1cccc(C(=O)COc2ccc(CC3SC(=O)NC3=O)cc2)c1,5.379319664803689,2,"EC50,IC50",PPARG,CHEMBL235
COc1cccc(C(=O)c2ccccc2NC(Cc2ccc(OCCN(C)c3nc4ccccc4o3)cc2)C(=O)O)c1,8.639974910810603,1,Ki,PPARG,CHEMBL235
COc1cccc(C(F)(F)F)c1C(=O)c1nc(-c2ccc(C(=O)O)cc2F)c2n1CCCC2,5.040958607678906,1,IC50,PPARG,CHEMBL235
COc1cccc(CC(=O)N2Cc3ccc(S(=O)(=O)Nc4cnn(C5CCC5)n4)cc3C2)c1,5.3979400086720375,1,IC50,PPARG,CHEMBL235
COc1cccc(CN2C(=O)S/C(=C\c3ccc(Nc4ccc(Cl)cc4)cc3)C2=O)c1,5.933301449577005,1,EC50,PPARG,CHEMBL235
COc1cccc(CN2C(=O)S/C(=C\c3ccc(Nc4cccc(Cl)c4)cc3)C2=O)c1,5.790216985151485,1,EC50,PPARG,CHEMBL235
COc1cccc(CNC(=O)c2ccc3c(c2)c(C)c(C)n3Cc2ccc(-c3ccccc3C(=O)O)cc2)c1,7.8405740560267985,3,"EC50,IC50",PPARG,CHEMBL235
COc1cccc(COc2cc(/C=C3\SC(Nc4ccc(S(N)(=O)=O)cc4)=NC3=O)ccc2OC)c1,5.531652669587842,1,EC50,PPARG,CHEMBL235
COc1cccc(COc2ccc(/C=C3\SC(Nc4ccc(S(N)(=O)=O)cc4)=NC3=O)cc2OC)c1,5.400116927926312,1,EC50,PPARG,CHEMBL235
COc1cccc(Cl)c1C(=O)c1nc(-c2ccc(C(=O)O)cc2F)c2n1CCCC2,5.259637310505756,1,IC50,PPARG,CHEMBL235
COc1cccc(Cn2c(C(=O)NS(=O)(=O)c3cccc(C(F)(F)F)c3)cc3ccccc32)c1,6.853871964321762,1,IC50,PPARG,CHEMBL235
COc1cccc(Oc2c(C(=O)O)n(-c3ccc(C(C)(C)C)cc3)c3nc(Cl)ccc23)c1,6.982966660701219,1,IC50,PPARG,CHEMBL235
COc1cccc(Oc2ccc3nc(COc4cccc(C(=O)O)c4)n(C)c3c2)c1,6.628932137728263,1,EC50,PPARG,CHEMBL235
COc1cccc(S(=O)(=O)n2c(CCCC(=O)O)cc3cc(C(F)(F)F)ccc32)c1,7.187086643357144,1,EC50,PPARG,CHEMBL235
COc1cccc(S(=O)(=O)n2c(CCCC(=O)O)cc3cc(Cl)ccc32)c1,7.259637310505756,1,EC50,PPARG,CHEMBL235
COc1cccc(S2(=O)=N[Se]c3ccc(OC)cc32)c1,5.706122074491097,2,"Ki,IC50",PPARG,CHEMBL235
COc1cccc(SCCOc2ccc(C[C@H](Nc3ccccc3C(=O)c3ccccc3)C(=O)O)cc2)n1,6.799998134593398,1,Ki,PPARG,CHEMBL235
COc1cccc([C@@H](C)NC(=O)c2ccc3c(c2)c(C)c(C)n3Cc2ccc(-c3ccccc3)cc2)c1,8.698970004336019,1,IC50,PPARG,CHEMBL235
COc1cccc([C@@H](O)COc2ccc(CC3SC(=O)NC3=O)cc2)c1,4.934939302584748,2,"EC50,IC50",PPARG,CHEMBL235
COc1cccc([C@H](C)NC(=O)c2ccc3c(c2)c(C)c(C)n3Cc2ccc(-c3ccccc3C(=O)O)cc2)c1,7.886056647693163,1,IC50,PPARG,CHEMBL235
COc1cccc([C@H](O)COc2ccc(CC3SC(=O)NC3=O)cc2)c1,6.1994917841007755,2,"EC50,IC50",PPARG,CHEMBL235
COc1cccc2c1CCN(S(=O)(=O)c1cccc(C(=O)Nc3ccc(Cl)cc3C(=O)O)c1)C2,5.300000202445418,1,IC50,PPARG,CHEMBL235
COc1cccc2c1c1ccccc1n2CCOc1ccc(C2NC(=O)NC(C)=C2C(=O)O)cc1,6.096910013008056,1,IC50,PPARG,CHEMBL235
COc1cccc2c1ccn2S(=O)(=O)c1cccc(C(=O)Nc2ccc(C)cc2C(=O)O)c1,5.800000874803203,1,IC50,PPARG,CHEMBL235
COc1cccc2c1ccn2S(=O)(=O)c1cccc(C(=O)Nc2ccc(Cl)cc2C(=O)O)c1,5.700000503883016,1,IC50,PPARG,CHEMBL235
COc1cccc2ccc(-c3cc(-c4ccc5cccc(OC)c5c4O)c4cccc(OC)c4c3O)c(O)c12,4.506551460234177,2,"Ki,EC50",PPARG,CHEMBL235
COc1cccc2ccc(-c3ccc(O)c4c(OC)cccc34)c(O)c12,5.180456064458131,1,Ki,PPARG,CHEMBL235
COc1cccc2ccn(S(=O)(=O)c3cccc(C(=O)Nc4ccc(C)cc4C(=O)O)c3)c12,5.300000202445418,1,IC50,PPARG,CHEMBL235
COc1ccccc1-c1ccc(O[C@@H](Cc2ccccc2)C(=O)O)cc1,5.638272163982407,1,EC50,PPARG,CHEMBL235
COc1ccccc1-c1nc(CCOc2ccc(CC(OC)C(=O)O)c3sccc23)c(C)o1,6.03810452633215,1,IC50,PPARG,CHEMBL235
COc1ccccc1C(=O)CN1C(=O)S/C(=C/c2ccc(Br)cc2)C1=O,5.20342566678957,1,EC50,PPARG,CHEMBL235
COc1ccccc1C(=O)N1CCC[C@H]1COc1ccc(C[C@H](Nc2ccccc2C(=O)c2ccccc2)C(=O)O)cc1,6.020001176026261,1,Ki,PPARG,CHEMBL235
COc1ccccc1C(=O)c1ccccc1NC(Cc1ccc(OCCN(C)c2nc3ccccc3o2)cc1)C(=O)O,8.759950227887352,1,Ki,PPARG,CHEMBL235
COc1ccccc1CNC(=O)c1ccc(Cl)c(C(=O)Nc2ccccc2)c1,5.6107073360685185,2,"EC50,IC50",PPARG,CHEMBL235
COc1ccccc1NC(=O)N(CCCCC1CCCCC1)CCc1ccc(SC(C)(C)C(=O)O)cc1,6.494850021680094,1,EC50,PPARG,CHEMBL235
COc1ccccc1OC[C@H](O)CNc1ccc(Cl)cc1C(=O)c1ccccc1,5.619788758288394,1,IC50,PPARG,CHEMBL235
COc1ccccc1Oc1ccc2nc(COc3cccc(C(=O)O)c3)n(C)c2c1.Cl,6.324221658325914,1,EC50,PPARG,CHEMBL235
COc1ccccc1S(=O)(=O)n1c(CCCC(=O)O)cc2cc(C(F)(F)F)ccc21,5.903785414653594,1,EC50,PPARG,CHEMBL235
COc1ccccc1[C@H](C)NC(=O)c1ccc2c(c1)c(C)c(C)n2Cc1ccc(-c2ccccc2)cc1,7.795880017344075,1,IC50,PPARG,CHEMBL235
COc1ccncc1-c1ccc(OCCCOc2ccc3c(c2)CC[C@H]3CC(=O)O)cc1,2.680000000177526,1,EC50,PPARG,CHEMBL235
COc1cncc(Oc2ccc3nc(COc4cccc(C(=O)O)c4)n(C)c3c2)c1,6.636388020107855,1,EC50,PPARG,CHEMBL235
COc1csc(-c2ccc(OCCCOc3ccc4c(c3)CC[C@H]4CC(=O)O)c(OC)c2)n1,1.830000000049389,1,EC50,PPARG,CHEMBL235
COc1csc(-c2ccc(OCCCOc3ccc4c(c3)CC[C@H]4CC(=O)O)cc2)n1,2.4700000001784153,1,EC50,PPARG,CHEMBL235
COc1nc(C)ccc1Oc1ccc2nc(COc3cccc(C(=O)O)c3)n(C)c2c1,6.360513510731414,1,EC50,PPARG,CHEMBL235
COc1nc2ccc([C@@](O)(c3ccccc3)C3CCN(C(C)=O)CC3)cc2c(Cl)c1Cc1ccc(-n2cccn2)cc1,5.267606240177031,1,IC50,PPARG,CHEMBL235
COc1ncc(-c2ccc(OCCCOc3ccc4c(c3)CC[C@H]4CC(=O)O)cc2)c(OC)n1,2.4700000001784153,1,EC50,PPARG,CHEMBL235
COc1ncc(Oc2ccc3nc(COc4cccc(C(=O)O)c4)n(C)c3c2)cc1C,6.501689446210399,1,EC50,PPARG,CHEMBL235
COc1ncccc1Oc1ccc2nc(COc3cccc(C(=O)O)c3)n(C)c2c1,5.9233595563296575,1,EC50,PPARG,CHEMBL235
CS(=O)(=O)Cc1ccc(CNC(=O)c2ccc3[nH]ccc3c2)c(C(F)(F)F)c1,5.6595558851598815,1,EC50,PPARG,CHEMBL235
CS(=O)(=O)Cc1ccc(CNC(=O)c2ccc3c(ccn3C(=O)c3cccc(F)c3)c2)c(C(F)(F)F)c1,5.866461091629782,1,EC50,PPARG,CHEMBL235
CS(=O)(=O)Cc1ccc(CNC(=O)c2ccc3c(ccn3Cc3cccc(F)c3)c2)c(C(F)(F)F)c1,5.8696662315049934,1,EC50,PPARG,CHEMBL235
CS(=O)(=O)Cc1ccc(CNC(=O)c2ccc3c(ccn3Cc3cccc(F)c3)c2)c(Cl)c1,5.669586226650809,1,EC50,PPARG,CHEMBL235
CS(=O)(=O)Cc1ccc(CNC(=O)c2ccc3c(ccn3Cc3cccc(F)c3)c2)c(F)c1,5.790484985457369,1,EC50,PPARG,CHEMBL235
CS(=O)(=O)Cc1ccc(CNC(=O)c2ccc3c(ccn3Cc3cccc(F)c3)c2)cc1,5.450996737974212,1,EC50,PPARG,CHEMBL235
CS(=O)(=O)Cc1ccc(CNC(=O)c2ccc3c(ccn3S(=O)(=O)c3cccc(F)c3)c2)c(C(F)(F)F)c1,6.1006447563189745,3,"EC50,IC50",PPARG,CHEMBL235
CS(=O)(=O)NC(=O)c1cc2ccccc2n1Cc1cccc(C(F)(F)F)c1,6.167491087293763,1,IC50,PPARG,CHEMBL235
CS(=O)(=O)Nc1ccc(CNC(=O)c2ccc3c(ccn3Cc3cccc(F)c3)c2)c(C(F)(F)F)c1,6.3310724815422175,3,"EC50,IC50",PPARG,CHEMBL235
CS(=O)(=O)Oc1ccc(C(=O)OCc2ccc(CC(SCCc3ccc(F)cc3)C(=O)O)cc2)cc1,5.7447274948966935,1,EC50,PPARG,CHEMBL235
CS(=O)(=O)Oc1ccc(CC(=O)OCCCc2ccc(CC(SCCc3ccc(F)cc3)C(=O)O)cc2)cc1,4.7447274948966935,1,EC50,PPARG,CHEMBL235
CS(=O)(=O)Oc1ccc(CC(=O)OCCc2ccc(CC(SCCc3ccc(F)cc3)C(=O)O)cc2)cc1,5.221848749616356,1,EC50,PPARG,CHEMBL235
CS(=O)(=O)Oc1ccc(CC(=O)OCc2ccc(CC(SCCc3ccc(F)cc3)C(=O)O)cc2)cc1,5.769551078621726,1,EC50,PPARG,CHEMBL235
CS(=O)(=O)Oc1ccc(CCCCCC[C@H]2CO[C@@](C)(C(=O)O)OC2)cc1,4.823908740944319,1,EC50,PPARG,CHEMBL235
CS(=O)(=O)c1cc(NS(=O)(=O)c2ccc(Cl)cc2Cl)ccc1Oc1cncc(Cl)c1,6.031743128760553,2,"EC50,IC50",PPARG,CHEMBL235
CS(=O)(=O)c1ccc(/C=C2\SC(=O)N(Cc3cccc(Cl)c3)C2=O)cc1,4.366531544420414,1,Ki,PPARG,CHEMBL235
CS(=O)(=O)c1ccc(/C=C2\SC(=O)N(Cc3ccccc3Br)C2=O)cc1,5.136677139879544,1,Ki,PPARG,CHEMBL235
CS(=O)(=O)c1cnc(C#N)cc1-c1cc(=O)c2c(F)cc(F)cc2[nH]1,9.309803919971486,1,EC50,PPARG,CHEMBL235
CSCCOc1ccc(NC(=O)c2ccc(Cl)cc2Cl)c(C(=O)[O-])c1.[Li+],5.795880017344075,1,Ki,PPARG,CHEMBL235
CSCc1ccc(CNC(=O)c2ccc3c(ccn3Cc3cccc(F)c3)c2)c(C(F)(F)F)c1,5.844663962534938,1,EC50,PPARG,CHEMBL235
CSc1ccc(/C=C2/C(C)=C(CC(=O)O)c3cc(F)ccc32)cc1,6.096910013008056,1,EC50,PPARG,CHEMBL235
CSc1ccc(/C=C2\Oc3cc(OCc4cc(C)c(OC(C)(C)C(=O)O)c(C)c4)ccc3C2=O)cc1,5.764471553092451,1,EC50,PPARG,CHEMBL235
CSc1ccc(C(=O)/C=C/c2cc(C)c(OC(C)(C)C(=O)O)c(C)c2)cc1,5.821237007518747,6,EC50,PPARG,CHEMBL235
CSc1ccc(C(=O)Nc2ccccc2C(=O)Nc2cccc(CC(=O)O)c2)cc1,4.7594507517174005,1,EC50,PPARG,CHEMBL235
CSc1ccc(COc2ccc(C[C@H](Nc3ccccc3C(=O)c3ccccc3)C(=O)O)cc2)cc1,5.620000528471499,1,Ki,PPARG,CHEMBL235
CSc1ccc(N2CC(=O)N(Cc3cc(C)c(OC(C)(C)C(=O)O)c(C)c3)C2=O)cc1,5.930442895417305,1,EC50,PPARG,CHEMBL235
CSc1cnc(C#N)cc1-c1cc(=O)c2c(F)cc(F)cc2[nH]1,8.0,1,EC50,PPARG,CHEMBL235
CSc1nc(NC(Cc2ccc(OCCN(C)c3nc4ccccc4o3)cc2)C(=O)O)c(C(=O)c2ccccc2)s1,7.36997914888659,1,Ki,PPARG,CHEMBL235
CSc1nc(Sc2nnc(-c3cc(C(F)(F)F)cc(C(F)(F)F)c3)[nH]2)cc(Sc2nnc(-c3cc(C(F)(F)F)cc(C(F)(F)F)c3)[nH]2)n1,5.267606240177031,1,EC50,PPARG,CHEMBL235
C[C@@H](NC(=O)c1ccc2c(ccn2Cc2ccc(F)cc2F)c1)c1ccc(Br)cc1,8.045757490560675,1,IC50,PPARG,CHEMBL235
C[C@@H](NC(=O)c1ccc2c(ccn2Cc2ccc(F)cc2F)c1)c1ccc([N+](=O)[O-])cc1,7.508638306165727,1,IC50,PPARG,CHEMBL235
C[C@@H](Oc1cc(Cn2c(=O)n(-c3ccc(C(C)(C)C)cc3)c3ccc(C(F)(F)F)cc32)ccc1Cl)C(=O)O,6.79317412396815,1,IC50,PPARG,CHEMBL235
C[C@@H](Oc1cc(Cn2c(=O)n(-c3nc4ccc(Cl)cc4s3)c3ccc(C(F)(F)F)cc32)ccc1Cl)C(=O)O,5.862013267276469,1,IC50,PPARG,CHEMBL235
C[C@@H](Oc1cc(Cn2c(=O)n(-c3noc4cc(Cl)ccc34)c3ccc(C(F)(F)F)cc32)ccc1Cl)C(=O)O,7.167491087293763,1,IC50,PPARG,CHEMBL235
C[C@@H](Oc1cc(Cn2c(=O)n(-c3noc4ccc(Cl)cc34)c3ccc(C(F)(F)F)cc32)ccc1Cl)C(=O)O,7.450996737974212,1,IC50,PPARG,CHEMBL235
C[C@@H](Oc1cc(Cn2c(=O)n(C(=O)c3ccc(Cl)cc3)c3ccc(C(F)(F)F)cc32)ccc1Cl)C(=O)O,6.5934598195660445,1,IC50,PPARG,CHEMBL235
C[C@@H](Oc1cc(Cn2c(=O)n(Cc3ccc(Cl)cc3)c3ccc(C(F)(F)F)cc32)ccc1Cl)C(=O)O,5.318758762624412,1,IC50,PPARG,CHEMBL235
C[C@@H](Oc1ccc(-c2cccc3ccccc23)cc1)C(=O)O,5.031517051446064,1,EC50,PPARG,CHEMBL235
C[C@@H](Oc1ccc(Cc2ccc(OCc3coc(-c4ccccc4)n3)cc2)cc1)C(=O)O,6.552841968657781,1,EC50,PPARG,CHEMBL235
C[C@@H]1CN(CCOc2cc(CC(=O)O)ccc2Cl)CCN1c1nc2ccc(Cl)cc2s1,7.795880017344075,1,EC50,PPARG,CHEMBL235
C[C@@H]1CN(c2cc(-c3n[nH]c4ccc(OC5(C)CC5)cc34)ncn2)C[C@H](C)O1,5.371094682397459,4,"Ki,IC50",PPARG,CHEMBL235
C[C@@H]1CN(c2nc3ccc(Cl)cc3s2)CCN1CCOc1cc(CC(=O)O)ccc1Cl,6.356547323513812,1,EC50,PPARG,CHEMBL235
C[C@@H]1C[C@H](O)[C@@]2(COC(=O)/C=C/c3ccc(C(F)(F)F)cc3)C(=O)CCC[C@@H]2[C@@]1(C)CCC1=CC(=O)OC1,5.657577319177793,1,IC50,PPARG,CHEMBL235
C[C@@H]1C[C@H](O)[C@@]2(COC(=O)/C=C/c3ccc(F)cc3)C(=O)CCC[C@@H]2[C@@]1(C)CCC1=CC(=O)OC1,5.886056647693163,1,IC50,PPARG,CHEMBL235
C[C@@H]1C[C@H](O)[C@@]2(COC(=O)c3ccc(C(F)(F)F)cc3)C(=O)CCC[C@@H]2[C@@]1(C)CCC1=CC(=O)OC1,6.1249387366083,1,IC50,PPARG,CHEMBL235
C[C@@H]1C[C@H](O)[C@@]2(COC(=O)c3ccc(F)cc3)C(=O)CCC[C@@H]2[C@@]1(C)CCC1=CC(=O)OC1,5.844663962534938,1,IC50,PPARG,CHEMBL235
C[C@@H]1C[C@H](O)[C@@]2(COC(=O)c3ccc(N(C)C)cc3)C(=O)CCC[C@@H]2[C@@]1(C)CCC1=CC(=O)OC1,5.657577319177793,1,IC50,PPARG,CHEMBL235
C[C@@H]1OC(=O)/C(=C/CCCCCCCC/C=C2/C(=O)O[C@@H](C)[C@H]2O)[C@@H]1O,5.572513163136791,2,"Ki,EC50",PPARG,CHEMBL235
C[C@@H]1OC(=O)/C(=C\CCCCCCCC/C=C2/C(=O)O[C@@H](C)[C@H]2O)[C@@H]1O,5.618671969580153,2,"Ki,EC50",PPARG,CHEMBL235
C[C@@](Oc1ccc(-c2cc3ccccc3c3ccccc23)cc1)(C(=O)O)c1ccccc1,5.585026652029182,1,EC50,PPARG,CHEMBL235
C[C@@](Oc1ccc(-c2cccc3ccccc23)cc1)(C(=O)O)c1ccccc1,5.779891911959945,1,EC50,PPARG,CHEMBL235
C[C@@]1(C(=O)O)CCc2ccc(OCCCOc3ccc(OCC(F)(F)F)cc3Cl)cc2O1,5.568636235841012,1,IC50,PPARG,CHEMBL235
C[C@@]1(C(=O)O)CCc2ccc(OCCCOc3ccc(Oc4ccccc4)cc3Cl)cc2O1,5.486529186020485,2,"EC50,IC50",PPARG,CHEMBL235
C[C@H](CCOc1ccc(CCC(=O)O)c(C(F)(F)F)c1)Oc1ccc(Cl)cc1Oc1ccccc1,7.214670164989233,1,IC50,PPARG,CHEMBL235
C[C@H](CCOc1ccc(CCC(=O)O)c(F)c1)Oc1ccc(Cl)cc1Oc1ccccc1,7.200659450546418,1,IC50,PPARG,CHEMBL235
C[C@H](NC(=O)c1ccc2c(ccn2Cc2ccc(-c3ccc(O)cc3)cc2)c1)c1ccc([N+](=O)[O-])cc1,6.522878745280337,1,IC50,PPARG,CHEMBL235
C[C@H](NC(=O)c1ccc2c(ccn2Cc2ccc(-c3ccccc3C(=O)O)cc2)c1)c1ccc(Br)cc1,6.787812395596042,1,IC50,PPARG,CHEMBL235
C[C@H](NC(=O)c1ccc2c(ccn2Cc2ccc(-c3ccccc3C(=O)O)cc2)c1)c1ccc([N+](=O)[O-])cc1,6.189767482004916,1,IC50,PPARG,CHEMBL235
C[C@H](NC(=O)c1ccc2c(ccn2Cc2ccc(F)cc2F)c1)c1ccc(Br)cc1,6.8124792791635365,1,IC50,PPARG,CHEMBL235
C[C@H](NC(=O)c1ccc2c(ccn2Cc2ccc(F)cc2F)c1)c1ccc(F)cc1,7.853871964321762,1,IC50,PPARG,CHEMBL235
C[C@H](NC(=O)c1ccc2c(ccn2Cc2ccc(F)cc2F)c1)c1ccc([N+](=O)[O-])cc1,6.534617148551582,1,IC50,PPARG,CHEMBL235
C[C@H](O)C#CCOc1cc(COc2ccc(C(F)(F)F)cc2)ccc1Sc1ccc(OCC(=O)O)c2c1CCCC2,6.291929484415835,2,"Ki,EC50",PPARG,CHEMBL235
C[C@H](Oc1ccc(-c2cccc3ccccc23)cc1)C(=O)O,4.856985199745905,1,EC50,PPARG,CHEMBL235
C[C@H](Oc1ccc(Cc2ccc(OCc3coc(-c4ccccc4)n3)cc2)cc1)C(=O)O,6.522878745280337,1,EC50,PPARG,CHEMBL235
C[C@H]1CN(CCOc2cc(CC(=O)O)ccc2Cl)CCN1c1nc2ccc(Cl)cc2s1,6.318758762624412,1,EC50,PPARG,CHEMBL235
C[C@H]1CN(c2nc3ccc(C(F)(F)F)cc3s2)CCN1CCOc1cc(CC(=O)O)ccc1Cl,6.050609993355087,1,EC50,PPARG,CHEMBL235
C[C@H]1CN(c2nc3ccc(Cl)cc3s2)CCN1CCOc1cc(CC(=O)O)ccc1Cl,6.096910013008056,1,EC50,PPARG,CHEMBL235
C[C@](Oc1ccc(-c2cccc3ccccc23)cc1)(C(=O)O)c1ccccc1,5.309803919971486,1,EC50,PPARG,CHEMBL235
C[C@]1(C(=O)O)CCc2ccc(OCCCOc3ccc(C4CCC5(CC4)CC5)cc3Cl)cc2O1,5.346787486224656,1,IC50,PPARG,CHEMBL235
C[C@]1(C(=O)O)CCc2ccc(OCCCOc3ccc(C4CCCC4)cc3Cl)cc2O1,5.42021640338319,1,IC50,PPARG,CHEMBL235
C[C@]1(C(=O)O)CCc2ccc(OCCCOc3ccc(C4CCCCC4)cc3Cl)cc2O1,5.236572006437063,1,IC50,PPARG,CHEMBL235
C[C@]1(C(=O)O)CCc2ccc(OCCCOc3ccc(OCC(F)(F)F)cc3Cl)cc2O1,5.221848749616356,1,IC50,PPARG,CHEMBL235
C[C@]1(C(=O)O)CCc2ccc(OCCCOc3ccc(OCC4CCC4)cc3Cl)cc2O1,5.698970004336019,1,IC50,PPARG,CHEMBL235
C[C@]1(C(=O)O)CCc2ccc(OCCCOc3ccc(Oc4ccc(F)cc4)cc3Cl)cc2O1,6.045757490560675,1,IC50,PPARG,CHEMBL235
C[C@]1(C(=O)O)CCc2ccc(OCCCOc3ccc(Oc4ccccc4)cc3Cl)cc2O1,6.849485002168009,2,"EC50,IC50",PPARG,CHEMBL235
C[C@]1(c2cccc(Cn3c(=O)n(-c4noc5cc(Cl)ccc45)c4ccccc43)c2)OC(=O)NC1=O,7.308918507877031,1,IC50,PPARG,CHEMBL235
Cc1[nH]c(-c2ccccc2)nc1CCOc1ccc(C[C@H](Nc2ccccc2C(=O)c2ccccc2)C(=O)O)cc1,8.590066876668706,1,Ki,PPARG,CHEMBL235
Cc1c(-c2ccc(Cl)cc2)cccc1N(CC1CC1)S(=O)(=O)c1ccc(OC(C)C(=O)O)c(C)c1C,5.100000128334196,1,IC50,PPARG,CHEMBL235
Cc1c(-c2ccc(Cl)cc2)cccc1N(CC1CCC1)S(=O)(=O)c1ccc(OC(C)C(=O)O)c(C)c1C,5.200000237109354,1,IC50,PPARG,CHEMBL235
Cc1c(-c2ccc(Cl)cc2)cccc1N(CCCC(F)(F)F)S(=O)(=O)c1ccc(OC(C)C(=O)O)c(C)c1C,5.300000202445418,1,IC50,PPARG,CHEMBL235
Cc1c(Br)ccc(Nc2cc(Cl)nc(SCC(=O)O)n2)c1C,4.2839966563652006,1,EC50,PPARG,CHEMBL235
Cc1c(C(=O)c2ccc(Cl)cc2)c2ccc(OC(F)(F)F)cc2n1Cc1cccc(OC2(C(=O)O)CCC2)c1,7.795880017344075,1,IC50,PPARG,CHEMBL235
Cc1c(C(=O)c2ccc(Cl)cc2)c2ccc(OC(F)(F)F)cc2n1Cc1cccc(OCC(=O)O)c1,8.698970004336019,1,IC50,PPARG,CHEMBL235
Cc1c(C(=O)c2ccc(Cl)cc2)c2ccc(OC(F)(F)F)cc2n1Cc1cccc(O[C@@H](C(=O)O)C(C)C)c1,8.0,1,IC50,PPARG,CHEMBL235
Cc1c(C(=O)c2ccc(Cl)cc2)c2ccc(OC(F)(F)F)cc2n1Cc1cccc(O[C@@H](C)C(=O)O)c1,9.0,2,IC50,PPARG,CHEMBL235
Cc1c(C(=O)c2ccc(Cl)cc2)c2ccc(OC(F)(F)F)cc2n1Cc1cccc(O[C@H](C(=O)O)C(C)C)c1,7.769551078621726,1,IC50,PPARG,CHEMBL235
Cc1c(C(=O)c2ccc(Cl)cc2)c2ccc(OC(F)(F)F)cc2n1Cc1cccc(O[C@H](C)C(=O)O)c1,7.958607314841775,1,IC50,PPARG,CHEMBL235
Cc1c(C)c2c(c(C)c1O)CCC(C)(COc1ccc(CC3SC(=O)NC3=O)cc1)O2,6.134498773073579,25,"Ki,EC50,IC50",PPARG,CHEMBL235
Cc1c(C)c2c(c(C)c1O)CCC(C)(COc1ccc(C[C@H](Nc3ccccc3C(=O)c3ccccc3)C(=O)O)cc1)O2,8.280006173632396,1,Ki,PPARG,CHEMBL235
Cc1c(C)n(C(C)c2cccc(O[C@@H](C)C(=O)O)c2)c2ccc(C(=O)N[C@@H](C)c3ccc(C(C)(C)C)cc3)cc12,6.5934598195660445,1,IC50,PPARG,CHEMBL235
Cc1c(C)n(C(C)c2cccc(O[C@@H](C)C(=O)O)c2)c2ccc(C(=O)N[C@@H](C)c3cccc(C4CC4)c3)cc12,7.013228265733755,1,IC50,PPARG,CHEMBL235
Cc1c(C)n(Cc2cc(Cl)cc(O[C@@H](C)C(=O)O)c2)c2ccc(C(=O)N[C@@H](C)c3ccc(C(C)(C)C)cc3)cc12,7.6020599913279625,1,IC50,PPARG,CHEMBL235
Cc1c(C)n(Cc2cc(Cl)cc(O[C@@H](C)C(=O)O)c2)c2ccc(C(=O)N[C@@H](C)c3cccc(C4CC4)c3)cc12,7.119186407719209,1,IC50,PPARG,CHEMBL235
Cc1c(C)n(Cc2cc(O[C@@H](C)C(=O)O)ccc2Cl)c2ccc(C(=O)N[C@@H](C)c3ccc(Br)cc3)cc12,9.522878745280337,1,IC50,PPARG,CHEMBL235
Cc1c(C)n(Cc2cc(O[C@@H](C)C(=O)O)ccc2Cl)c2ccc(C(=O)N[C@@H](C)c3ccc(C(C)(C)C)cc3)cc12,8.259996528521425,2,IC50,PPARG,CHEMBL235
Cc1c(C)n(Cc2cc(O[C@@H](C)C(=O)O)ccc2Cl)c2ccc(C(=O)N[C@@H](C)c3cccc(C(C)(C)C)c3)cc12,8.795880017344075,1,IC50,PPARG,CHEMBL235
Cc1c(C)n(Cc2cc(O[C@@H](C)C(=O)O)ccc2Cl)c2ccc(C(=O)N[C@@H](C)c3cccc(C(C)C)c3)cc12,10.221848749616356,1,IC50,PPARG,CHEMBL235
Cc1c(C)n(Cc2cc(O[C@@H](C)C(=O)O)ccc2Cl)c2ccc(C(=O)N[C@@H](C)c3cccc(C4CC4)c3)cc12,9.221848749616356,1,IC50,PPARG,CHEMBL235
Cc1c(C)n(Cc2cc(O[C@@H](C)C(=O)O)ccc2Cl)c2ccc(C(=O)N[C@@H](C)c3cccc(OC(C)C)c3)cc12,8.301029995663981,1,IC50,PPARG,CHEMBL235
Cc1c(C)n(Cc2cc(O[C@@H](C)C(=O)O)ccc2F)c2ccc(C(=O)N[C@@H](C)c3ccc(C(C)(C)C)cc3)cc12,8.0,1,IC50,PPARG,CHEMBL235
Cc1c(C)n(Cc2ccc(-c3ccccc3)cc2)c2ccc(C(=O)NC(C)(C)c3ccc(Br)cc3)cc12,9.0,1,IC50,PPARG,CHEMBL235
Cc1c(C)n(Cc2ccc(-c3ccccc3)cc2)c2ccc(C(=O)NCc3ccc(Cl)cc3C(F)(F)F)cc12,8.698970004336019,1,IC50,PPARG,CHEMBL235
Cc1c(C)n(Cc2ccc(-c3ccccc3)cc2)c2ccc(C(=O)NCc3ccc(F)cc3F)cc12,7.721246399047171,1,IC50,PPARG,CHEMBL235
Cc1c(C)n(Cc2ccc(-c3ccccc3)cc2)c2ccc(C(=O)NCc3cccc(C(C)C)c3)cc12,8.301029995663981,1,IC50,PPARG,CHEMBL235
Cc1c(C)n(Cc2ccc(-c3ccccc3)cc2)c2ccc(C(=O)N[C@@H](C)[C@@H]3CCCN3C(=O)OCc3ccccc3)cc12,6.928117992693874,1,IC50,PPARG,CHEMBL235
Cc1c(C)n(Cc2ccc(-c3ccccc3)cc2)c2ccc(C(=O)N[C@@H](C)[C@@H]3CCN(C(=O)OCc4ccccc4)C3)cc12,7.236572006437063,1,IC50,PPARG,CHEMBL235
Cc1c(C)n(Cc2ccc(-c3ccccc3)cc2)c2ccc(C(=O)N[C@@H](C)[C@H]3CCCN3C(=O)OCc3ccccc3)cc12,7.698970004336019,1,IC50,PPARG,CHEMBL235
Cc1c(C)n(Cc2ccc(-c3ccccc3)cc2)c2ccc(C(=O)N[C@@H](C)c3c(Cl)cccc3Cl)cc12,7.292429823902063,1,IC50,PPARG,CHEMBL235
Cc1c(C)n(Cc2ccc(-c3ccccc3)cc2)c2ccc(C(=O)N[C@@H](C)c3c(F)ccc(F)c3F)cc12,7.769551078621726,1,IC50,PPARG,CHEMBL235
Cc1c(C)n(Cc2ccc(-c3ccccc3)cc2)c2ccc(C(=O)N[C@@H](C)c3cc(C(F)(F)F)ccc3C(F)(F)F)cc12,8.045757490560675,1,IC50,PPARG,CHEMBL235
Cc1c(C)n(Cc2ccc(-c3ccccc3)cc2)c2ccc(C(=O)N[C@@H](C)c3cc(F)ccc3C(F)(F)F)cc12,7.2441251443275085,1,IC50,PPARG,CHEMBL235
Cc1c(C)n(Cc2ccc(-c3ccccc3)cc2)c2ccc(C(=O)N[C@@H](C)c3ccc(C(C)(C)C)cc3)cc12,8.301029995663981,1,IC50,PPARG,CHEMBL235
Cc1c(C)n(Cc2ccc(-c3ccccc3)cc2)c2ccc(C(=O)N[C@@H](C)c3ccc(C(C)C)cc3)cc12,8.096910013008056,1,IC50,PPARG,CHEMBL235
Cc1c(C)n(Cc2ccc(-c3ccccc3)cc2)c2ccc(C(=O)N[C@@H](C)c3ccc(C(F)(F)F)c(F)c3)cc12,7.275724130399211,1,IC50,PPARG,CHEMBL235
Cc1c(C)n(Cc2ccc(-c3ccccc3)cc2)c2ccc(C(=O)N[C@@H](C)c3ccc(C(F)(F)F)cc3)cc12,7.214670164989233,1,IC50,PPARG,CHEMBL235
Cc1c(C)n(Cc2ccc(-c3ccccc3)cc2)c2ccc(C(=O)N[C@@H](C)c3ccc(F)c(F)c3)cc12,8.045757490560675,1,IC50,PPARG,CHEMBL235
Cc1c(C)n(Cc2ccc(-c3ccccc3)cc2)c2ccc(C(=O)N[C@@H](C)c3ccc(F)cc3C(F)(F)F)cc12,7.443697499232712,1,IC50,PPARG,CHEMBL235
Cc1c(C)n(Cc2ccc(-c3ccccc3)cc2)c2ccc(C(=O)N[C@@H](C)c3ccc(F)cc3F)cc12,8.301029995663981,1,IC50,PPARG,CHEMBL235
Cc1c(C)n(Cc2ccc(-c3ccccc3)cc2)c2ccc(C(=O)N[C@@H](C)c3ccc(OC(F)(F)F)cc3)cc12,7.552841968657781,1,IC50,PPARG,CHEMBL235
Cc1c(C)n(Cc2ccc(-c3ccccc3)cc2)c2ccc(C(=O)N[C@@H](C)c3cccc(C(C)(C)C)c3)cc12,7.187086643357144,1,IC50,PPARG,CHEMBL235
Cc1c(C)n(Cc2ccc(-c3ccccc3)cc2)c2ccc(C(=O)N[C@@H](C)c3cccc(C(C)C)c3)cc12,7.522878745280337,1,IC50,PPARG,CHEMBL235
Cc1c(C)n(Cc2ccc(-c3ccccc3)cc2)c2ccc(C(=O)N[C@@H](C)c3cccc(C(F)(F)F)c3)cc12,7.4089353929735005,1,IC50,PPARG,CHEMBL235
Cc1c(C)n(Cc2ccc(-c3ccccc3)cc2)c2ccc(C(=O)N[C@@H](C)c3cccc(C(F)(F)F)c3Cl)cc12,6.987162775294828,1,IC50,PPARG,CHEMBL235
Cc1c(C)n(Cc2ccc(-c3ccccc3)cc2)c2ccc(C(=O)N[C@@H](C)c3cccc(Cl)c3)cc12,8.522878745280337,1,IC50,PPARG,CHEMBL235
Cc1c(C)n(Cc2ccc(-c3ccccc3)cc2)c2ccc(C(=O)N[C@@H](C)c3cccc(Cl)c3F)cc12,7.7447274948966935,1,IC50,PPARG,CHEMBL235
Cc1c(C)n(Cc2ccc(-c3ccccc3)cc2)c2ccc(C(=O)N[C@@H](C)c3cccc(F)c3)cc12,8.096910013008056,1,IC50,PPARG,CHEMBL235
Cc1c(C)n(Cc2ccc(-c3ccccc3)cc2)c2ccc(C(=O)N[C@@H](C)c3cccc(F)c3Cl)cc12,8.397940008672037,1,IC50,PPARG,CHEMBL235
Cc1c(C)n(Cc2ccc(-c3ccccc3)cc2)c2ccc(C(=O)N[C@@H](C)c3cccc(F)c3F)cc12,8.045757490560675,1,IC50,PPARG,CHEMBL235
Cc1c(C)n(Cc2ccc(-c3ccccc3)cc2)c2ccc(C(=O)N[C@@H](C)c3cccc4c3OCO4)cc12,8.0,1,IC50,PPARG,CHEMBL235
Cc1c(C)n(Cc2ccc(-c3ccccc3)cc2)c2ccc(C(=O)N[C@@H](C)c3cccc4ccccc34)cc12,6.59176003468815,1,IC50,PPARG,CHEMBL235
Cc1c(C)n(Cc2ccc(-c3ccccc3)cc2)c2ccc(C(=O)N[C@@H](C)c3ccccc3F)cc12,8.154901959985743,1,IC50,PPARG,CHEMBL235
Cc1c(C)n(Cc2ccc(-c3ccccc3)cc2)c2ccc(C(=O)N[C@@H](C)c3ccccn3)cc12,8.698970004336019,1,IC50,PPARG,CHEMBL235
Cc1c(C)n(Cc2ccc(-c3ccccc3)cc2)c2ccc(C(=O)N[C@@H](C)c3ccnc4ccccc34)cc12,8.221848749616356,1,IC50,PPARG,CHEMBL235
Cc1c(C)n(Cc2ccc(-c3ccccc3)cc2)c2ccc(C(=O)N[C@@H](C)c3ccncc3Cl)cc12,7.3872161432802645,1,IC50,PPARG,CHEMBL235
Cc1c(C)n(Cc2ccc(-c3ccccc3)cc2)c2ccc(C(=O)N[C@@H](CC(C)C)c3cccc(C(C)C)c3)cc12,5.912928794093465,1,IC50,PPARG,CHEMBL235
Cc1c(C)n(Cc2ccc(-c3ccccc3)cc2)c2ccc(C(=O)N[C@@H](Cc3ccccc3)c3cccc(C(C)C)c3)cc12,7.013228265733755,1,IC50,PPARG,CHEMBL235
Cc1c(C)n(Cc2ccc(-c3ccccc3)cc2)c2ccc(C(=O)N[C@H](C)c3c(Cl)cccc3Cl)cc12,7.522878745280337,1,IC50,PPARG,CHEMBL235
Cc1c(C)n(Cc2ccc(-c3ccccc3)cc2)c2ccc(C(=O)N[C@H](C)c3c(F)ccc(F)c3F)cc12,8.522878745280337,1,IC50,PPARG,CHEMBL235
Cc1c(C)n(Cc2ccc(-c3ccccc3)cc2)c2ccc(C(=O)N[C@H](C)c3cc(C(F)(F)F)ccc3C(F)(F)F)cc12,8.397940008672037,1,IC50,PPARG,CHEMBL235
Cc1c(C)n(Cc2ccc(-c3ccccc3)cc2)c2ccc(C(=O)N[C@H](C)c3cc(F)ccc3C(F)(F)F)cc12,7.769551078621726,1,IC50,PPARG,CHEMBL235
Cc1c(C)n(Cc2ccc(-c3ccccc3)cc2)c2ccc(C(=O)N[C@H](C)c3cccc(C(F)(F)F)c3Cl)cc12,8.698970004336019,1,IC50,PPARG,CHEMBL235
Cc1c(C)n(Cc2ccc(-c3ccccc3)cc2)c2ccc(C(=O)N[C@H](C)c3cccc(Cl)c3Cl)cc12,8.301029995663981,1,IC50,PPARG,CHEMBL235
Cc1c(C)n(Cc2ccc(-c3ccccc3)cc2)c2ccc(C(=O)N[C@H](C)c3ccnc4ccccc34)cc12,6.290730039024169,1,IC50,PPARG,CHEMBL235
Cc1c(C)n(Cc2ccc(-c3ccccc3)cc2)c2ccc(C(=O)N[C@H](C)c3ccncc3)cc12,7.958607314841775,1,IC50,PPARG,CHEMBL235
Cc1c(C)n(Cc2ccc(-c3ccccc3)cc2)c2ccc(C(=O)N[C@H](c3cccc(C(C)C)c3)C(C)C)cc12,7.096910013008056,1,IC50,PPARG,CHEMBL235
Cc1c(C)n(Cc2ccc(-c3ccccc3)cc2)c2ccc(C(=O)N[C@H](c3cccc(C(C)C)c3)C(F)(F)F)cc12,7.769551078621726,1,IC50,PPARG,CHEMBL235
Cc1c(C)n(Cc2ccc(-c3ccccc3)cc2)c2ccc(C(=O)N[C@H](c3cccc(C(C)C)c3)C3CC3)cc12,8.096910013008056,1,IC50,PPARG,CHEMBL235
Cc1c(C)n(Cc2ccc(-c3ccccc3-c3n[nH]c(=O)o3)cc2)c2ccc(C(=O)N[C@@H](C)c3cccc(C(C)C)c3)cc12,8.154901959985743,1,IC50,PPARG,CHEMBL235
Cc1c(C)n(Cc2ccc(-c3ccccc3-c3nn[nH]n3)cc2)c2ccc(C(=O)N[C@@H](C)c3cccc(C(C)C)c3)cc12,7.657577319177793,1,IC50,PPARG,CHEMBL235
Cc1c(C)n(Cc2ccc(-c3ccccc3-c3nnn[nH]3)cc2)c2ccc(C(=O)N[C@@H](C)c3cccc(C4CC4)c3)cc12,8.0,1,IC50,PPARG,CHEMBL235
Cc1c(C)n(Cc2ccc(-c3ccccc3-c3noc(=O)[nH]3)cc2)c2ccc(C(=O)N[C@@H](C)c3cccc(C(C)C)c3)cc12,7.3979400086720375,1,IC50,PPARG,CHEMBL235
Cc1c(C)n(Cc2ccc(-c3ccccc3C#N)cc2)c2ccc(C(=O)N[C@@H](C)c3ccc(Br)cc3)cc12,7.3979400086720375,1,IC50,PPARG,CHEMBL235
Cc1c(C)n(Cc2ccc(-c3ccccc3C#N)cc2)c2ccc(C(=O)N[C@@H](C)c3ccc(OC(C)C)cc3)cc12,6.092588639225414,1,IC50,PPARG,CHEMBL235
Cc1c(C)n(Cc2ccc(-c3ccccc3C(=O)N(C)C)cc2)c2ccc(C(=O)N[C@@H](C)c3cccc(C(C)C)c3)cc12,6.8297382846050425,1,IC50,PPARG,CHEMBL235
Cc1c(C)n(Cc2ccc(-c3ccccc3C(=O)NC3CC3)cc2)c2ccc(C(=O)N[C@@H](C)c3cccc(C(C)C)c3)cc12,7.026872146400302,1,IC50,PPARG,CHEMBL235
Cc1c(C)n(Cc2ccc(-c3ccccc3C(=O)NCCO)cc2)c2ccc(C(=O)N[C@@H](C)c3cccc(C(C)C)c3)cc12,6.221848749616356,1,IC50,PPARG,CHEMBL235
Cc1c(C)n(Cc2ccc(-c3ccccc3C(=O)NO)cc2)c2ccc(C(=O)N[C@@H](C)c3cccc(C(C)C)c3)cc12,7.113509274827518,1,IC50,PPARG,CHEMBL235
Cc1c(C)n(Cc2ccc(-c3ccccc3C(=O)NS(C)(=O)=O)cc2)c2ccc(C(=O)N[C@@H](C)c3cccc(C(C)C)c3)cc12,6.54515513999149,1,IC50,PPARG,CHEMBL235
Cc1c(C)n(Cc2ccc(-c3ccccc3C(=O)O)cc2)c2ccc(C(=O)N(C)Cc3ccccc3)cc12,6.686132779630847,1,IC50,PPARG,CHEMBL235
Cc1c(C)n(Cc2ccc(-c3ccccc3C(=O)O)cc2)c2ccc(C(=O)NC(C)(C)c3ccccc3)cc12,9.301029995663981,1,IC50,PPARG,CHEMBL235
Cc1c(C)n(Cc2ccc(-c3ccccc3C(=O)O)cc2)c2ccc(C(=O)NC(C)CCc3ccccc3)cc12,8.522878745280337,1,IC50,PPARG,CHEMBL235
Cc1c(C)n(Cc2ccc(-c3ccccc3C(=O)O)cc2)c2ccc(C(=O)NC(C)c3cccc4ccccc34)cc12,8.698970004336019,1,IC50,PPARG,CHEMBL235
Cc1c(C)n(Cc2ccc(-c3ccccc3C(=O)O)cc2)c2ccc(C(=O)NC(C)c3cncc(Br)c3)cc12,8.096910013008056,1,IC50,PPARG,CHEMBL235
Cc1c(C)n(Cc2ccc(-c3ccccc3C(=O)O)cc2)c2ccc(C(=O)NC(C)c3cncc(C4CC4)c3)cc12,7.721246399047171,1,IC50,PPARG,CHEMBL235
Cc1c(C)n(Cc2ccc(-c3ccccc3C(=O)O)cc2)c2ccc(C(=O)NC(c3ccccc3)c3ccccc3)cc12,8.05668443468612,3,"EC50,IC50",PPARG,CHEMBL235
Cc1c(C)n(Cc2ccc(-c3ccccc3C(=O)O)cc2)c2ccc(C(=O)NC3CCC3)cc12,6.74550004305359,3,"EC50,IC50",PPARG,CHEMBL235
Cc1c(C)n(Cc2ccc(-c3ccccc3C(=O)O)cc2)c2ccc(C(=O)NC3CCCC3)cc12,7.6020599913279625,1,IC50,PPARG,CHEMBL235
Cc1c(C)n(Cc2ccc(-c3ccccc3C(=O)O)cc2)c2ccc(C(=O)NC3CCNCC3)cc12,4.438033692677703,2,"Ki,IC50",PPARG,CHEMBL235
Cc1c(C)n(Cc2ccc(-c3ccccc3C(=O)O)cc2)c2ccc(C(=O)NC3COc4ccccc4C3)cc12,7.828788659588897,2,IC50,PPARG,CHEMBL235
Cc1c(C)n(Cc2ccc(-c3ccccc3C(=O)O)cc2)c2ccc(C(=O)NCC(=O)c3ccccc3)cc12,6.61261017366127,1,IC50,PPARG,CHEMBL235
Cc1c(C)n(Cc2ccc(-c3ccccc3C(=O)O)cc2)c2ccc(C(=O)NCC3CCCCC3)cc12,6.987652587879715,3,"EC50,IC50",PPARG,CHEMBL235
Cc1c(C)n(Cc2ccc(-c3ccccc3C(=O)O)cc2)c2ccc(C(=O)NCC3CCNCC3)cc12,4.970280168843312,2,"Ki,IC50",PPARG,CHEMBL235
Cc1c(C)n(Cc2ccc(-c3ccccc3C(=O)O)cc2)c2ccc(C(=O)NCC3COc4ccccc4C3)cc12,7.769551078621726,1,IC50,PPARG,CHEMBL235
Cc1c(C)n(Cc2ccc(-c3ccccc3C(=O)O)cc2)c2ccc(C(=O)NCC3COc4ccccc4O3)cc12,7.958607314841775,1,IC50,PPARG,CHEMBL235
Cc1c(C)n(Cc2ccc(-c3ccccc3C(=O)O)cc2)c2ccc(C(=O)NCCCc3ccccc3)cc12,7.7447274948966935,1,IC50,PPARG,CHEMBL235
Cc1c(C)n(Cc2ccc(-c3ccccc3C(=O)O)cc2)c2ccc(C(=O)NCCc3ccc(O)cc3)cc12,7.369487583003801,2,"Ki,IC50",PPARG,CHEMBL235
Cc1c(C)n(Cc2ccc(-c3ccccc3C(=O)O)cc2)c2ccc(C(=O)NC[C@H](C)c3ccccc3)cc12,7.119186407719209,1,IC50,PPARG,CHEMBL235
Cc1c(C)n(Cc2ccc(-c3ccccc3C(=O)O)cc2)c2ccc(C(=O)NCc3ccc(-c4ccccc4)cc3)cc12,6.607303046740334,1,IC50,PPARG,CHEMBL235
Cc1c(C)n(Cc2ccc(-c3ccccc3C(=O)O)cc2)c2ccc(C(=O)NCc3ccc(Br)cc3)cc12,7.331698075672104,3,"EC50,IC50",PPARG,CHEMBL235
Cc1c(C)n(Cc2ccc(-c3ccccc3C(=O)O)cc2)c2ccc(C(=O)NCc3ccc(C(C)(C)C)cc3)cc12,6.419442215668222,3,"EC50,IC50",PPARG,CHEMBL235
Cc1c(C)n(Cc2ccc(-c3ccccc3C(=O)O)cc2)c2ccc(C(=O)NCc3ccc(C(C)C)cc3)cc12,7.638272163982407,1,IC50,PPARG,CHEMBL235
Cc1c(C)n(Cc2ccc(-c3ccccc3C(=O)O)cc2)c2ccc(C(=O)NCc3ccc(C(F)(F)F)cc3)cc12,6.681936665037238,1,IC50,PPARG,CHEMBL235
Cc1c(C)n(Cc2ccc(-c3ccccc3C(=O)O)cc2)c2ccc(C(=O)NCc3ccc(Cl)cc3)cc12,8.397940008672037,1,IC50,PPARG,CHEMBL235
Cc1c(C)n(Cc2ccc(-c3ccccc3C(=O)O)cc2)c2ccc(C(=O)NCc3ccc(F)c(F)c3)cc12,7.508638306165727,1,IC50,PPARG,CHEMBL235
Cc1c(C)n(Cc2ccc(-c3ccccc3C(=O)O)cc2)c2ccc(C(=O)NCc3ccc(F)cc3)cc12,8.301029995663981,1,IC50,PPARG,CHEMBL235
Cc1c(C)n(Cc2ccc(-c3ccccc3C(=O)O)cc2)c2ccc(C(=O)NCc3ccc(I)cc3)cc12,8.397940008672037,1,IC50,PPARG,CHEMBL235
Cc1c(C)n(Cc2ccc(-c3ccccc3C(=O)O)cc2)c2ccc(C(=O)NCc3ccc(N(C)C)cc3)cc12,7.886056647693163,1,IC50,PPARG,CHEMBL235
Cc1c(C)n(Cc2ccc(-c3ccccc3C(=O)O)cc2)c2ccc(C(=O)NCc3ccc(N)cc3)cc12,8.397940008672037,1,IC50,PPARG,CHEMBL235
Cc1c(C)n(Cc2ccc(-c3ccccc3C(=O)O)cc2)c2ccc(C(=O)NCc3ccc(S(C)(=O)=O)cc3)cc12,6.257274868695301,1,IC50,PPARG,CHEMBL235
Cc1c(C)n(Cc2ccc(-c3ccccc3C(=O)O)cc2)c2ccc(C(=O)NCc3ccc(S(N)(=O)=O)cc3)cc12,6.5471114416410545,3,"Ki,IC50",PPARG,CHEMBL235
Cc1c(C)n(Cc2ccc(-c3ccccc3C(=O)O)cc2)c2ccc(C(=O)NCc3ccc([N+](=O)[O-])cc3)cc12,6.904011179349524,3,"EC50,IC50",PPARG,CHEMBL235
Cc1c(C)n(Cc2ccc(-c3ccccc3C(=O)O)cc2)c2ccc(C(=O)NCc3ccc4c(c3)OCO4)cc12,7.742071185006268,3,"Ki,IC50",PPARG,CHEMBL235
Cc1c(C)n(Cc2ccc(-c3ccccc3C(=O)O)cc2)c2ccc(C(=O)NCc3cccc(C(C)C)c3)cc12,7.588589177348448,2,"EC50,IC50",PPARG,CHEMBL235
Cc1c(C)n(Cc2ccc(-c3ccccc3C(=O)O)cc2)c2ccc(C(=O)NCc3cccc(C(F)(F)F)c3)cc12,6.718966632752272,1,IC50,PPARG,CHEMBL235
Cc1c(C)n(Cc2ccc(-c3ccccc3C(=O)O)cc2)c2ccc(C(=O)NCc3cccc(Cl)c3)cc12,8.698970004336019,1,IC50,PPARG,CHEMBL235
Cc1c(C)n(Cc2ccc(-c3ccccc3C(=O)O)cc2)c2ccc(C(=O)NCc3cccc(N)c3)cc12,7.886056647693163,1,IC50,PPARG,CHEMBL235
Cc1c(C)n(Cc2ccc(-c3ccccc3C(=O)O)cc2)c2ccc(C(=O)NCc3cccc(OC(F)(F)F)c3)cc12,6.804100347590767,1,IC50,PPARG,CHEMBL235
Cc1c(C)n(Cc2ccc(-c3ccccc3C(=O)O)cc2)c2ccc(C(=O)NCc3cccc(OCC(=O)O)c3)cc12,7.232226360411666,2,"Ki,IC50",PPARG,CHEMBL235
Cc1c(C)n(Cc2ccc(-c3ccccc3C(=O)O)cc2)c2ccc(C(=O)NCc3cccc(S(C)(=O)=O)c3)cc12,6.638272163982407,1,IC50,PPARG,CHEMBL235
Cc1c(C)n(Cc2ccc(-c3ccccc3C(=O)O)cc2)c2ccc(C(=O)NCc3cccc([N+](=O)[O-])c3)cc12,7.161022730377329,3,"EC50,IC50",PPARG,CHEMBL235
Cc1c(C)n(Cc2ccc(-c3ccccc3C(=O)O)cc2)c2ccc(C(=O)NCc3cccc4ccccc34)cc12,7.1938200260161125,1,IC50,PPARG,CHEMBL235
Cc1c(C)n(Cc2ccc(-c3ccccc3C(=O)O)cc2)c2ccc(C(=O)NCc3ccccc3)cc12,7.97752372214015,4,"EC50,IC50",PPARG,CHEMBL235
Cc1c(C)n(Cc2ccc(-c3ccccc3C(=O)O)cc2)c2ccc(C(=O)NCc3ccccc3Br)cc12,7.769551078621726,1,IC50,PPARG,CHEMBL235
Cc1c(C)n(Cc2ccc(-c3ccccc3C(=O)O)cc2)c2ccc(C(=O)NCc3ccccc3Cl)cc12,8.221848749616356,1,IC50,PPARG,CHEMBL235
Cc1c(C)n(Cc2ccc(-c3ccccc3C(=O)O)cc2)c2ccc(C(=O)NCc3ccccc3N)cc12,6.862078780671624,3,"EC50,IC50",PPARG,CHEMBL235
Cc1c(C)n(Cc2ccc(-c3ccccc3C(=O)O)cc2)c2ccc(C(=O)NCc3ccccc3[N+](=O)[O-])cc12,7.1066588309308925,3,"EC50,IC50",PPARG,CHEMBL235
Cc1c(C)n(Cc2ccc(-c3ccccc3C(=O)O)cc2)c2ccc(C(=O)NCc3ccccn3)cc12,7.518578659399378,2,"Ki,IC50",PPARG,CHEMBL235
Cc1c(C)n(Cc2ccc(-c3ccccc3C(=O)O)cc2)c2ccc(C(=O)NCc3cccnc3)cc12,6.313691266910521,2,"Ki,IC50",PPARG,CHEMBL235
Cc1c(C)n(Cc2ccc(-c3ccccc3C(=O)O)cc2)c2ccc(C(=O)NCc3cccs3)cc12,8.235914642881175,3,"EC50,IC50",PPARG,CHEMBL235
Cc1c(C)n(Cc2ccc(-c3ccccc3C(=O)O)cc2)c2ccc(C(=O)N[C@@H](C)C3CCCCC3)cc12,8.397940008672037,1,IC50,PPARG,CHEMBL235
Cc1c(C)n(Cc2ccc(-c3ccccc3C(=O)O)cc2)c2ccc(C(=O)N[C@@H](C)C3CCN(C(=O)NCc4ccccc4)CC3)cc12,6.094204119632131,1,IC50,PPARG,CHEMBL235
Cc1c(C)n(Cc2ccc(-c3ccccc3C(=O)O)cc2)c2ccc(C(=O)N[C@@H](C)C3CCN(C(=O)OCc4ccccc4)CC3)cc12,7.455931955649724,1,IC50,PPARG,CHEMBL235
Cc1c(C)n(Cc2ccc(-c3ccccc3C(=O)O)cc2)c2ccc(C(=O)N[C@@H](C)C3COc4ccccc4O3)cc12,7.6020599913279625,1,IC50,PPARG,CHEMBL235
Cc1c(C)n(Cc2ccc(-c3ccccc3C(=O)O)cc2)c2ccc(C(=O)N[C@@H](C)c3c(F)cccc3C(F)(F)F)cc12,8.045757490560675,1,IC50,PPARG,CHEMBL235
Cc1c(C)n(Cc2ccc(-c3ccccc3C(=O)O)cc2)c2ccc(C(=O)N[C@@H](C)c3c(F)cncc3F)cc12,7.481486060122112,1,IC50,PPARG,CHEMBL235
Cc1c(C)n(Cc2ccc(-c3ccccc3C(=O)O)cc2)c2ccc(C(=O)N[C@@H](C)c3cc(C(F)(F)F)ccc3Cl)cc12,8.522878745280337,1,IC50,PPARG,CHEMBL235
Cc1c(C)n(Cc2ccc(-c3ccccc3C(=O)O)cc2)c2ccc(C(=O)N[C@@H](C)c3cc(C(F)(F)F)ccc3F)cc12,7.958607314841775,1,IC50,PPARG,CHEMBL235
Cc1c(C)n(Cc2ccc(-c3ccccc3C(=O)O)cc2)c2ccc(C(=O)N[C@@H](C)c3cc(C4CC4)ccn3)cc12,8.096910013008056,1,IC50,PPARG,CHEMBL235
Cc1c(C)n(Cc2ccc(-c3ccccc3C(=O)O)cc2)c2ccc(C(=O)N[C@@H](C)c3cc(Cl)cc(Cl)c3)cc12,7.823908740944319,1,IC50,PPARG,CHEMBL235
Cc1c(C)n(Cc2ccc(-c3ccccc3C(=O)O)cc2)c2ccc(C(=O)N[C@@H](C)c3cc(Cl)ccn3)cc12,8.397940008672037,1,IC50,PPARG,CHEMBL235
Cc1c(C)n(Cc2ccc(-c3ccccc3C(=O)O)cc2)c2ccc(C(=O)N[C@@H](C)c3cc(F)c(F)cc3F)cc12,8.096910013008056,1,IC50,PPARG,CHEMBL235
Cc1c(C)n(Cc2ccc(-c3ccccc3C(=O)O)cc2)c2ccc(C(=O)N[C@@H](C)c3ccc(Br)cc3)cc12,7.131011411896117,3,"EC50,IC50",PPARG,CHEMBL235
Cc1c(C)n(Cc2ccc(-c3ccccc3C(=O)O)cc2)c2ccc(C(=O)N[C@@H](C)c3ccc(Br)cn3)cc12,8.698970004336019,1,IC50,PPARG,CHEMBL235
Cc1c(C)n(Cc2ccc(-c3ccccc3C(=O)O)cc2)c2ccc(C(=O)N[C@@H](C)c3ccc(C(C)(C)C)cc3)cc12,7.68394387942429,3,"EC50,IC50",PPARG,CHEMBL235
Cc1c(C)n(Cc2ccc(-c3ccccc3C(=O)O)cc2)c2ccc(C(=O)N[C@@H](C)c3ccc(C(C)C)cc3)cc12,6.914385501637474,2,"EC50,IC50",PPARG,CHEMBL235
Cc1c(C)n(Cc2ccc(-c3ccccc3C(=O)O)cc2)c2ccc(C(=O)N[C@@H](C)c3ccc(C(F)(F)F)cc3C(F)(F)F)cc12,6.617982957425132,1,IC50,PPARG,CHEMBL235
Cc1c(C)n(Cc2ccc(-c3ccccc3C(=O)O)cc2)c2ccc(C(=O)N[C@@H](C)c3ccc(C(F)(F)F)cc3F)cc12,7.958607314841775,1,IC50,PPARG,CHEMBL235
Cc1c(C)n(Cc2ccc(-c3ccccc3C(=O)O)cc2)c2ccc(C(=O)N[C@@H](C)c3ccc(C(F)(F)F)nc3)cc12,6.638272163982407,1,IC50,PPARG,CHEMBL235
Cc1c(C)n(Cc2ccc(-c3ccccc3C(=O)O)cc2)c2ccc(C(=O)N[C@@H](C)c3ccc(C4CC4)cc3)cc12,7.301029995663981,1,IC50,PPARG,CHEMBL235
Cc1c(C)n(Cc2ccc(-c3ccccc3C(=O)O)cc2)c2ccc(C(=O)N[C@@H](C)c3ccc(C4CC4)cn3)cc12,8.397940008672037,1,IC50,PPARG,CHEMBL235
Cc1c(C)n(Cc2ccc(-c3ccccc3C(=O)O)cc2)c2ccc(C(=O)N[C@@H](C)c3ccc(C4CC4)nc3)cc12,7.229147988357855,1,IC50,PPARG,CHEMBL235
Cc1c(C)n(Cc2ccc(-c3ccccc3C(=O)O)cc2)c2ccc(C(=O)N[C@@H](C)c3ccc(Cl)c(C(F)(F)F)c3)cc12,7.823908740944319,1,IC50,PPARG,CHEMBL235
Cc1c(C)n(Cc2ccc(-c3ccccc3C(=O)O)cc2)c2ccc(C(=O)N[C@@H](C)c3ccc(Cl)c(Cl)c3)cc12,8.0,1,IC50,PPARG,CHEMBL235
Cc1c(C)n(Cc2ccc(-c3ccccc3C(=O)O)cc2)c2ccc(C(=O)N[C@@H](C)c3ccc(Cl)cc3)cc12,7.275724130399211,1,IC50,PPARG,CHEMBL235
Cc1c(C)n(Cc2ccc(-c3ccccc3C(=O)O)cc2)c2ccc(C(=O)N[C@@H](C)c3ccc(Cl)cc3Cl)cc12,8.397940008672037,1,IC50,PPARG,CHEMBL235
Cc1c(C)n(Cc2ccc(-c3ccccc3C(=O)O)cc2)c2ccc(C(=O)N[C@@H](C)c3ccc(Cl)nc3)cc12,6.84163750790475,1,IC50,PPARG,CHEMBL235
Cc1c(C)n(Cc2ccc(-c3ccccc3C(=O)O)cc2)c2ccc(C(=O)N[C@@H](C)c3ccc(F)cc3)cc12,7.183580243936999,3,"EC50,IC50",PPARG,CHEMBL235
Cc1c(C)n(Cc2ccc(-c3ccccc3C(=O)O)cc2)c2ccc(C(=O)N[C@@H](C)c3ccc(N)cc3)cc12,6.619788758288394,1,IC50,PPARG,CHEMBL235
Cc1c(C)n(Cc2ccc(-c3ccccc3C(=O)O)cc2)c2ccc(C(=O)N[C@@H](C)c3ccc(OC(C)(C)C)cc3)cc12,6.347753658996677,1,IC50,PPARG,CHEMBL235
Cc1c(C)n(Cc2ccc(-c3ccccc3C(=O)O)cc2)c2ccc(C(=O)N[C@@H](C)c3ccc(OC(C)C)cc3)cc12,7.468521082957745,1,IC50,PPARG,CHEMBL235
Cc1c(C)n(Cc2ccc(-c3ccccc3C(=O)O)cc2)c2ccc(C(=O)N[C@@H](C)c3ccc(S(C)(=O)=O)cc3)cc12,6.196542884351587,1,IC50,PPARG,CHEMBL235
Cc1c(C)n(Cc2ccc(-c3ccccc3C(=O)O)cc2)c2ccc(C(=O)N[C@@H](C)c3ccc([N+](=O)[O-])cc3)cc12,6.686348080135445,7,"EC50,IC50",PPARG,CHEMBL235
Cc1c(C)n(Cc2ccc(-c3ccccc3C(=O)O)cc2)c2ccc(C(=O)N[C@@H](C)c3ccc4c(c3)CCO4)cc12,6.651695136951839,1,IC50,PPARG,CHEMBL235
Cc1c(C)n(Cc2ccc(-c3ccccc3C(=O)O)cc2)c2ccc(C(=O)N[C@@H](C)c3cccc(Br)c3)cc12,7.236572006437063,1,IC50,PPARG,CHEMBL235
Cc1c(C)n(Cc2ccc(-c3ccccc3C(=O)O)cc2)c2ccc(C(=O)N[C@@H](C)c3cccc(Br)n3)cc12,7.823908740944319,1,IC50,PPARG,CHEMBL235
Cc1c(C)n(Cc2ccc(-c3ccccc3C(=O)O)cc2)c2ccc(C(=O)N[C@@H](C)c3cccc(C(C)(C)C)c3)cc12,7.3014647250202955,2,"EC50,IC50",PPARG,CHEMBL235
Cc1c(C)n(Cc2ccc(-c3ccccc3C(=O)O)cc2)c2ccc(C(=O)N[C@@H](C)c3cccc(C(C)(C)O)c3)cc12,7.769551078621726,1,IC50,PPARG,CHEMBL235
Cc1c(C)n(Cc2ccc(-c3ccccc3C(=O)O)cc2)c2ccc(C(=O)N[C@@H](C)c3cccc(C(C)C)c3)cc12,6.796219575256819,2,"EC50,IC50",PPARG,CHEMBL235
Cc1c(C)n(Cc2ccc(-c3ccccc3C(=O)O)cc2)c2ccc(C(=O)N[C@@H](C)c3cccc(C(F)(F)F)c3)cc12,7.070881832285243,2,"EC50,IC50",PPARG,CHEMBL235
Cc1c(C)n(Cc2ccc(-c3ccccc3C(=O)O)cc2)c2ccc(C(=O)N[C@@H](C)c3cccc(C(F)(F)F)c3F)cc12,7.568636235841012,1,IC50,PPARG,CHEMBL235
Cc1c(C)n(Cc2ccc(-c3ccccc3C(=O)O)cc2)c2ccc(C(=O)N[C@@H](C)c3cccc(C4CC4)c3)cc12,7.378084630720339,4,"EC50,IC50",PPARG,CHEMBL235
Cc1c(C)n(Cc2ccc(-c3ccccc3C(=O)O)cc2)c2ccc(C(=O)N[C@@H](C)c3cccc(C4CC4)n3)cc12,7.721246399047171,1,IC50,PPARG,CHEMBL235
Cc1c(C)n(Cc2ccc(-c3ccccc3C(=O)O)cc2)c2ccc(C(=O)N[C@@H](C)c3cccc(Cl)c3)cc12,7.72921037802671,2,"EC50,IC50",PPARG,CHEMBL235
Cc1c(C)n(Cc2ccc(-c3ccccc3C(=O)O)cc2)c2ccc(C(=O)N[C@@H](C)c3cccc(OC(C)C)c3)cc12,7.721246399047171,1,IC50,PPARG,CHEMBL235
Cc1c(C)n(Cc2ccc(-c3ccccc3C(=O)O)cc2)c2ccc(C(=O)N[C@@H](C)c3ccccc3Br)cc12,8.277560888417275,3,"EC50,IC50",PPARG,CHEMBL235
Cc1c(C)n(Cc2ccc(-c3ccccc3C(=O)O)cc2)c2ccc(C(=O)N[C@@H](C)c3ccccc3C(F)(F)F)cc12,7.657577319177793,1,IC50,PPARG,CHEMBL235
Cc1c(C)n(Cc2ccc(-c3ccccc3C(=O)O)cc2)c2ccc(C(=O)N[C@@H](C)c3ccccc3OC(C)C)cc12,5.7567068576521905,3,"EC50,IC50",PPARG,CHEMBL235
Cc1c(C)n(Cc2ccc(-c3ccccc3C(=O)O)cc2)c2ccc(C(=O)N[C@@H](C)c3ccccc3OC(F)(F)F)cc12,7.42021640338319,1,IC50,PPARG,CHEMBL235
Cc1c(C)n(Cc2ccc(-c3ccccc3C(=O)O)cc2)c2ccc(C(=O)N[C@@H](C)c3ccnc(Br)c3)cc12,7.008773924307505,1,IC50,PPARG,CHEMBL235
Cc1c(C)n(Cc2ccc(-c3ccccc3C(=O)O)cc2)c2ccc(C(=O)N[C@@H](C)c3ccnc(C4CC4)c3)cc12,6.453457336521868,1,IC50,PPARG,CHEMBL235
Cc1c(C)n(Cc2ccc(-c3ccccc3C(=O)O)cc2)c2ccc(C(=O)N[C@@H](CC(C)C)c3cccc(C(C)C)c3)cc12,6.279410177473032,2,"EC50,IC50",PPARG,CHEMBL235
Cc1c(C)n(Cc2ccc(-c3ccccc3C(=O)O)cc2)c2ccc(C(=O)N[C@@H](CO)c3ccccc3)cc12,7.431798275933005,1,IC50,PPARG,CHEMBL235
Cc1c(C)n(Cc2ccc(-c3ccccc3C(=O)O)cc2)c2ccc(C(=O)N[C@@H](Cc3ccccc3)c3cccc(C(C)C)c3)cc12,6.918568503339037,2,"EC50,IC50",PPARG,CHEMBL235
Cc1c(C)n(Cc2ccc(-c3ccccc3C(=O)O)cc2)c2ccc(C(=O)N[C@@H](c3cccc(C(C)C)c3)C(F)(F)F)cc12,7.384775539310863,2,"EC50,IC50",PPARG,CHEMBL235
Cc1c(C)n(Cc2ccc(-c3ccccc3C(=O)O)cc2)c2ccc(C(=O)N[C@@H]3COc4ccccc4C3)cc12,7.055517327849831,1,IC50,PPARG,CHEMBL235
Cc1c(C)n(Cc2ccc(-c3ccccc3C(=O)O)cc2)c2ccc(C(=O)N[C@@H]3C[C@H]3c3ccccc3)cc12,7.657577319177793,1,IC50,PPARG,CHEMBL235
Cc1c(C)n(Cc2ccc(-c3ccccc3C(=O)O)cc2)c2ccc(C(=O)N[C@H](C)C3COc4ccccc4O3)cc12,8.522878745280337,1,IC50,PPARG,CHEMBL235
Cc1c(C)n(Cc2ccc(-c3ccccc3C(=O)O)cc2)c2ccc(C(=O)N[C@H](C)c3c(F)cncc3F)cc12,6.510041520575165,1,IC50,PPARG,CHEMBL235
Cc1c(C)n(Cc2ccc(-c3ccccc3C(=O)O)cc2)c2ccc(C(=O)N[C@H](C)c3ccc(Br)cc3)cc12,8.393663129855346,3,"EC50,IC50",PPARG,CHEMBL235
Cc1c(C)n(Cc2ccc(-c3ccccc3C(=O)O)cc2)c2ccc(C(=O)N[C@H](C)c3ccc(C(F)(F)F)cc3C(F)(F)F)cc12,7.958607314841775,1,IC50,PPARG,CHEMBL235
Cc1c(C)n(Cc2ccc(-c3ccccc3C(=O)O)cc2)c2ccc(C(=O)N[C@H](C)c3ccc(C4CC4)nc3)cc12,7.494850021680094,1,IC50,PPARG,CHEMBL235
Cc1c(C)n(Cc2ccc(-c3ccccc3C(=O)O)cc2)c2ccc(C(=O)N[C@H](C)c3ccc(F)cc3)cc12,8.509061687927298,3,"EC50,IC50",PPARG,CHEMBL235
Cc1c(C)n(Cc2ccc(-c3ccccc3C(=O)O)cc2)c2ccc(C(=O)N[C@H](C)c3ccc(S(C)(=O)=O)cc3)cc12,7.958607314841775,1,IC50,PPARG,CHEMBL235
Cc1c(C)n(Cc2ccc(-c3ccccc3C(=O)O)cc2)c2ccc(C(=O)N[C@H](C)c3ccc([N+](=O)[O-])cc3)cc12,7.898790674538703,3,"EC50,IC50",PPARG,CHEMBL235
Cc1c(C)n(Cc2ccc(-c3ccccc3C(=O)O)cc2)c2ccc(C(=O)N[C@H](C)c3cccc(Br)n3)cc12,8.698970004336019,1,IC50,PPARG,CHEMBL235
Cc1c(C)n(Cc2ccc(-c3ccccc3C(=O)O)cc2)c2ccc(C(=O)N[C@H](C)c3ccccc3C(F)(F)F)cc12,9.0,1,IC50,PPARG,CHEMBL235
Cc1c(C)n(Cc2ccc(-c3ccccc3C(=O)O)cc2)c2ccc(C(=O)N[C@H](C)c3ccnc(Br)c3)cc12,8.096910013008056,1,IC50,PPARG,CHEMBL235
Cc1c(C)n(Cc2ccc(-c3ccccc3C(=O)O)cc2)c2ccc(C(=O)N[C@H](C)c3ccnc(C4CC4)c3)cc12,7.823908740944319,1,IC50,PPARG,CHEMBL235
Cc1c(C)n(Cc2ccc(-c3ccccc3C(=O)O)cc2)c2ccc(C(=O)N[C@H](c3cccc(C(C)C)c3)C(C)C)cc12,6.986529186020485,2,"EC50,IC50",PPARG,CHEMBL235
Cc1c(C)n(Cc2ccc(-c3ccccc3C(=O)O)cc2)c2ccc(C(=O)N[C@H](c3cccc(C(C)C)c3)C3CC3)cc12,7.659379381312206,2,"EC50,IC50",PPARG,CHEMBL235
Cc1c(C)n(Cc2ccc(-c3ccccc3C(=O)O)cc2)c2ccc(C(=O)N[C@H]3CCN(C(=O)OCc4ccccc4)C3)cc12,6.270835210307229,1,IC50,PPARG,CHEMBL235
Cc1c(C)n(Cc2ccc(-c3ccccc3C(=O)O)cc2)c2ccc(C(=O)O)cc12,5.36657930092524,2,"Ki,IC50",PPARG,CHEMBL235
Cc1c(C)n(Cc2ccc(-c3ccccc3C(N)=O)cc2)c2ccc(C(=O)N[C@@H](C)c3cccc(C(C)C)c3)cc12,7.207608310501746,1,IC50,PPARG,CHEMBL235
Cc1c(C)n(Cc2ccc(-c3cccnc3)cc2)c2ccc(C(=O)N[C@@H](C)c3ccc([N+](=O)[O-])cc3)cc12,6.823908740944319,1,IC50,PPARG,CHEMBL235
Cc1c(C)n(Cc2ccc(C(C)(C)C(=O)O)cc2)c2ccc(C(=O)N[C@@H](C)c3cccc(C4CC4)c3)cc12,6.96657624451305,1,IC50,PPARG,CHEMBL235
Cc1c(C)n(Cc2ccc(C3(C(=O)O)CC3)cc2)c2ccc(C(=O)N[C@@H](C)c3ccc(Br)cc3)cc12,7.508638306165727,1,IC50,PPARG,CHEMBL235
Cc1c(C)n(Cc2ccc(C3(C(=O)O)CC3)cc2)c2ccc(C(=O)N[C@@H](C)c3ccc(C(C)C)cc3)cc12,6.497572880015568,1,IC50,PPARG,CHEMBL235
Cc1c(C)n(Cc2ccc(C3(C(=O)O)CC3)cc2)c2ccc(C(=O)N[C@@H](C)c3cccc(C(C)C)c3)cc12,7.356547323513812,1,IC50,PPARG,CHEMBL235
Cc1c(C)n(Cc2ccc(Cl)c(O[C@@H](C)C(=O)O)c2)c2ccc(C(=O)N[C@@H](C)c3ccc(Br)cc3)cc12,9.154901959985743,1,IC50,PPARG,CHEMBL235
Cc1c(C)n(Cc2ccc(Cl)c(O[C@@H](C)C(=O)O)c2)c2ccc(C(=O)N[C@@H](C)c3ccc(C(C)(C)C)cc3)cc12,8.474700753533664,4,IC50,PPARG,CHEMBL235
Cc1c(C)n(Cc2ccc(Cl)c(O[C@@H](C)C(=O)O)c2)c2ccc(C(=O)N[C@@H](C)c3cccc(C(C)(C)C)c3)cc12,8.795880017344075,1,IC50,PPARG,CHEMBL235
Cc1c(C)n(Cc2ccc(Cl)c(O[C@@H](C)C(=O)O)c2)c2ccc(C(=O)N[C@@H](C)c3cccc(C(C)C)c3)cc12,9.221848749616356,1,IC50,PPARG,CHEMBL235
Cc1c(C)n(Cc2ccc(Cl)c(O[C@@H](C)C(=O)O)c2)c2ccc(C(=O)N[C@@H](C)c3cccc(C4CC4)c3)cc12,9.221848749616356,1,IC50,PPARG,CHEMBL235
Cc1c(C)n(Cc2ccc(Cl)c(O[C@@H](C)C(=O)O)c2)c2ccc(C(=O)N[C@@H](C)c3cccc(OC(C)C)c3)cc12,8.301029995663981,1,IC50,PPARG,CHEMBL235
Cc1c(C)n(Cc2ccc(F)c(O[C@@H](C)C(=O)O)c2)c2ccc(C(=O)N[C@@H](C)c3ccc(C(C)(C)C)cc3)cc12,7.795880017344075,1,IC50,PPARG,CHEMBL235
Cc1c(C)n(Cc2ccc(F)c(O[C@@H](C)C(=O)O)c2)c2ccc(C(=O)N[C@@H](C)c3cccc(C4CC4)c3)cc12,7.698970004336019,1,IC50,PPARG,CHEMBL235
Cc1c(C)n(Cc2ccc(OC(C)(C)C(=O)O)cc2)c2ccc(C(=O)N[C@@H](C)c3cccc(C(C)C)c3)cc12,6.995678626217357,1,IC50,PPARG,CHEMBL235
Cc1c(C)n(Cc2ccc(OCC(=O)O)cc2)c2ccc(C(=O)N[C@@H](C)c3ccc(C(C)(C)C)cc3)cc12,6.431798275933005,1,IC50,PPARG,CHEMBL235
Cc1c(C)n(Cc2ccc(OCC(=O)O)cc2)c2ccc(C(=O)N[C@@H](C)c3cccc(C(C)C)c3)cc12,6.906578314837764,1,IC50,PPARG,CHEMBL235
Cc1c(C)n(Cc2ccc(OCC(=O)O)cc2)c2ccc(C(=O)N[C@@H](C)c3cccc(C4CC4)c3)cc12,6.899629454882437,1,IC50,PPARG,CHEMBL235
Cc1c(C)n(Cc2ccc(O[C@@H](C)C(=O)O)c(Cl)c2)c2ccc(C(=O)N[C@@H](C)c3ccc(C(C)(C)C)cc3)cc12,6.844663962534938,1,IC50,PPARG,CHEMBL235
Cc1c(C)n(Cc2ccc(O[C@@H](C)C(=O)O)c(Cl)c2)c2ccc(C(=O)N[C@@H](C)c3cccc(C4CC4)c3)cc12,7.173925197299173,1,IC50,PPARG,CHEMBL235
Cc1c(C)n(Cc2ccc(O[C@@H](C)C(=O)O)cc2)c2ccc(C(=O)N[C@@H](C)c3cccc(C(C)C)c3)cc12,6.504455662453552,1,IC50,PPARG,CHEMBL235
Cc1c(C)n(Cc2ccc(O[C@H](C)C(=O)O)cc2)c2ccc(C(=O)N[C@@H](C)c3cccc(C(C)C)c3)cc12,6.97061622231479,1,IC50,PPARG,CHEMBL235
Cc1c(C)n(Cc2cccc(C(=O)O)c2)c2ccc(C(=O)N[C@@H](C)c3cccc(C4CC4)c3)cc12,7.4089353929735005,1,IC50,PPARG,CHEMBL235
Cc1c(C)n(Cc2cccc(C(C)(C)C#N)c2)c2ccc(C(=O)N[C@@H](C)c3cccc(C4CC4)c3)cc12,6.920818753952375,1,IC50,PPARG,CHEMBL235
Cc1c(C)n(Cc2cccc(C(C)(C)C(N)=O)c2)c2ccc(C(=O)N[C@@H](C)c3cccc(C4CC4)c3)cc12,7.126216418631188,2,IC50,PPARG,CHEMBL235
Cc1c(C)n(Cc2cccc(C(F)(F)F)c2)c2ccc(C(=O)NCc3ccc4c(c3)OCO4)cc12,7.840968332518619,2,"Ki,IC50",PPARG,CHEMBL235
Cc1c(C)n(Cc2cccc(C(F)(F)F)c2)c2ccc(C(=O)NCc3ccccn3)cc12,6.787232889750868,2,"Ki,IC50",PPARG,CHEMBL235
Cc1c(C)n(Cc2cccc(C(F)(F)F)c2)c2ccc(C(=O)N[C@@H](Cc3ccc(O)cc3)C(=O)O)cc12,6.514780068524118,2,"Ki,IC50",PPARG,CHEMBL235
Cc1c(C)n(Cc2cccc(C3(C(=O)O)CC3)c2)c2ccc(C(=O)N[C@@H](C)c3cccc(C4CC4)c3)cc12,7.886056647693163,1,IC50,PPARG,CHEMBL235
Cc1c(C)n(Cc2cccc(OC(C)(C)C(=O)O)c2)c2ccc(C(=O)N[C@@H](C)c3ccc(C(C)(C)C)cc3)cc12,6.493494967595128,2,IC50,PPARG,CHEMBL235
Cc1c(C)n(Cc2cccc(OC(C)(C)C(=O)O)c2)c2ccc(C(=O)N[C@@H](C)c3cccc(C(C)C)c3)cc12,6.97061622231479,1,IC50,PPARG,CHEMBL235
Cc1c(C)n(Cc2cccc(OCC#N)c2)c2ccc(C(=O)N[C@@H](C)c3ccc(C(C)(C)C)cc3)cc12,6.97061622231479,1,IC50,PPARG,CHEMBL235
Cc1c(C)n(Cc2cccc(OCC#N)c2)c2ccc(C(=O)N[C@@H](C)c3cccc(C(C)C)c3)cc12,7.130768280269024,1,IC50,PPARG,CHEMBL235
Cc1c(C)n(Cc2cccc(OCC(=O)O)c2)c2ccc(C(=O)N[C@@H](C)c3ccc(C(C)(C)C)cc3)cc12,6.882728704344236,1,IC50,PPARG,CHEMBL235
Cc1c(C)n(Cc2cccc(OCC(=O)O)c2)c2ccc(C(=O)N[C@@H](C)c3cccc(C(C)C)c3)cc12,7.161150909262744,1,IC50,PPARG,CHEMBL235
Cc1c(C)n(Cc2cccc(OCC(=O)O)c2)c2ccc(C(=O)N[C@@H](C)c3cccc(C4CC4)c3)cc12,7.251811972993799,1,IC50,PPARG,CHEMBL235
Cc1c(C)n(Cc2cccc(O[C@@H](C)C(=O)O)c2)c2ccc(C(=O)N[C@@H](C)c3ccc(Br)cc3)cc12,6.982966660701219,1,IC50,PPARG,CHEMBL235
Cc1c(C)n(Cc2cccc(O[C@@H](C)C(=O)O)c2)c2ccc(C(=O)N[C@@H](C)c3ccc(C(C)(C)C)cc3)cc12,6.833982861486241,2,IC50,PPARG,CHEMBL235
Cc1c(C)n(Cc2cccc(O[C@@H](C)C(=O)O)c2)c2ccc(C(=O)N[C@@H](C)c3ccc(C(F)(F)F)cc3)cc12,6.671620396561263,1,IC50,PPARG,CHEMBL235
Cc1c(C)n(Cc2cccc(O[C@@H](C)C(=O)O)c2)c2ccc(C(=O)N[C@@H](C)c3ccc(Cl)cc3)cc12,7.086186147616283,1,IC50,PPARG,CHEMBL235
Cc1c(C)n(Cc2cccc(O[C@@H](C)C(=O)O)c2)c2ccc(C(=O)N[C@@H](C)c3cccc(C(C)(C)C)c3)cc12,7.086186147616283,1,IC50,PPARG,CHEMBL235
Cc1c(C)n(Cc2cccc(O[C@@H](C)C(=O)O)c2)c2ccc(C(=O)N[C@@H](C)c3cccc(C(C)C)c3)cc12,7.119186407719209,1,IC50,PPARG,CHEMBL235
Cc1c(C)n(Cc2cccc(O[C@@H](C)C(=O)O)c2)c2ccc(C(=O)N[C@@H](C)c3cccc(C4CC4)c3)cc12,7.229147988357855,1,IC50,PPARG,CHEMBL235
Cc1c(C)n(Cc2cccc(O[C@@H](C)C(=O)O)c2)c2ccc(C(=O)N[C@@H](C)c3cccc(Cl)c3)cc12,7.214670164989233,1,IC50,PPARG,CHEMBL235
Cc1c(C)n(Cc2cccc(O[C@@H](C)C(=O)O)c2)c2ccc(C(=O)N[C@@H](C)c3cccc(OC(C)C)c3)cc12,7.229147988357855,1,IC50,PPARG,CHEMBL235
Cc1c(C)n(Cc2cccc(O[C@@H](C)C(=O)O)c2)c2ccc(C(=O)N[C@@H](C)c3ccccc3Cl)cc12,7.3979400086720375,1,IC50,PPARG,CHEMBL235
Cc1c(C)n(Cc2cccc(O[C@@H](C)C(=O)O)c2Cl)c2ccc(C(=O)N[C@@H](C)c3ccc(C(C)(C)C)cc3)cc12,5.3979400086720375,1,IC50,PPARG,CHEMBL235
Cc1c(C)n(Cc2cccc(O[C@@H](C)C(=O)O)c2Cl)c2ccc(C(=O)N[C@@H](C)c3cccc(C4CC4)c3)cc12,6.454692883534176,1,IC50,PPARG,CHEMBL235
Cc1c(C)n(Cc2cccc(O[C@H](C)C(=O)O)c2)c2ccc(C(=O)N[C@@H](C)c3cccc(C(C)C)c3)cc12,6.259637310505756,1,IC50,PPARG,CHEMBL235
Cc1c(Cc2cccc(OCC(=O)O)c2)c2cc(OC(F)(F)F)ccc2n1C(=O)c1ccc(Cl)cc1,9.0,1,IC50,PPARG,CHEMBL235
Cc1c(Cc2cccc(O[C@@H](C)C(=O)O)c2)c2cc(OC(F)(F)F)ccc2n1-c1ccccn1,6.33161408331,1,IC50,PPARG,CHEMBL235
Cc1c(Cl)ccc(Nc2cc(Cl)nc(SCC(=O)O)n2)c1C,4.309803919971486,1,EC50,PPARG,CHEMBL235
Cc1c(Cl)ccc2c1CN(S(=O)(=O)c1cccc(C(=O)Nc3ccc(Cl)cc3C(=O)O)c1)CC2,5.300000202445418,1,IC50,PPARG,CHEMBL235
Cc1c(NC(=O)c2ccccc2NC(=O)c2ccc(C(C)(C)C)cc2)cccc1C(=O)O,4.8696662315049934,1,EC50,PPARG,CHEMBL235
Cc1c(OCC(=O)O)ccc(Sc2ccc(COc3ccc(C(F)(F)F)cc3)cc2OCC#N)c1C,5.657577319177793,1,Ki,PPARG,CHEMBL235
Cc1c(OCC(=O)O)ccc(Sc2ccc(COc3ccc(C(F)(F)F)cc3)cc2OCC2CCCO2)c1C,5.119186407719209,1,Ki,PPARG,CHEMBL235
Cc1c(OCC(=O)O)ccc(Sc2ccc(COc3ccc(C(F)(F)F)cc3)cc2OCCN2CCOCC2)c1C,5.3979400086720375,1,Ki,PPARG,CHEMBL235
Cc1c(OCC(=O)O)ccc(Sc2ccc(COc3ccc(C(F)(F)F)cc3)cc2OCc2cccnc2)c1C,5.3872161432802645,1,Ki,PPARG,CHEMBL235
Cc1c(OCC(=O)O)ccc(Sc2ccc(COc3ccc(C(F)(F)F)cc3)cc2OCc2ccncc2)c1C,5.301029995663981,1,Ki,PPARG,CHEMBL235
Cc1c(Oc2cc(Cl)cc(O[C@@H](C)C(=O)O)c2)c2cc(OC(F)(F)F)ccc2n1-c1noc2cc(Cl)ccc12,6.962573502059376,1,IC50,PPARG,CHEMBL235
Cc1c(Oc2cc(O[C@@H](C)C(=O)O)ccc2Cl)c2cc(OC(F)(F)F)ccc2n1-c1noc2cc(Cl)ccc12,8.261439372640169,2,IC50,PPARG,CHEMBL235
Cc1c(Oc2ccc(Cl)c(O[C@@H](C)C(=O)O)c2)c2cc(OC(F)(F)F)ccc2n1-c1noc2cc(Cl)ccc12,9.0,1,IC50,PPARG,CHEMBL235
Cc1c(Oc2ccc(Cl)cc2)c2ccc(C(F)(F)F)nc2n1Cc1ccc(Cl)c(O[C@@H](C)C(=O)O)c1,7.657577319177793,1,IC50,PPARG,CHEMBL235
Cc1c(Oc2ccc(Cl)cc2)c2ccc(Cl)nc2n1Cc1ccc(Cl)c(O[C@@H](C)C(=O)O)c1,8.522878745280337,1,IC50,PPARG,CHEMBL235
Cc1c(Oc2ccc(Cl)cc2)c2ccc(F)nc2n1Cc1cc(O[C@@H](C)C(=O)O)ccc1Cl,7.823908740944319,1,IC50,PPARG,CHEMBL235
Cc1c(Oc2ccc(Cl)cc2)c2ccc(F)nc2n1Cc1ccc(Cl)c(O[C@@H](C)C(=O)O)c1,8.522878745280337,1,IC50,PPARG,CHEMBL235
Cc1c(Oc2ccc(Cl)cc2)c2ccc(F)nc2n1Cc1ccc(F)c(O[C@@H](C)C(=O)O)c1,7.638272163982407,1,IC50,PPARG,CHEMBL235
Cc1c(Oc2ccc(Cl)cc2)c2ccc(OC(F)(F)F)cc2n1Cc1ccc(Cl)c(O[C@@H](C)C(=O)O)c1,9.0,1,IC50,PPARG,CHEMBL235
Cc1c(Oc2ccc(Cl)cc2)c2cccnc2n1Cc1cc(O[C@@H](C)C(=O)O)ccc1Cl,7.6020599913279625,1,IC50,PPARG,CHEMBL235
Cc1c(Oc2ccc(Cl)cc2)c2cccnc2n1Cc1cc(O[C@@H](C)C(=O)O)ccc1F,7.267606240177031,1,IC50,PPARG,CHEMBL235
Cc1c(Oc2ccc(Cl)cc2)c2cccnc2n1Cc1ccc(F)c(O[C@@H](C)C(=O)O)c1,6.97469413473523,1,IC50,PPARG,CHEMBL235
Cc1c(Oc2cccc(O[C@@H](C)C(=O)O)c2)c2cc(OC(F)(F)F)ccc2n1-c1noc2cc(Cl)ccc12,7.481486060122112,1,IC50,PPARG,CHEMBL235
Cc1cc(-c2ccccc2)cc(C)c1O[C@@H](Cc1ccccc1)C(=O)O,5.508638306165727,1,EC50,PPARG,CHEMBL235
Cc1cc(-c2ccccc2)ccc1O[C@@H](Cc1ccccc1)C(=O)O,6.154901959985743,1,EC50,PPARG,CHEMBL235
Cc1cc(-c2ccccc2)nn1CCOc1ccc(C[C@H](Nc2ccccc2C(=O)c2ccccc2)C(=O)O)cc1,8.750068243365805,1,Ki,PPARG,CHEMBL235
Cc1cc(-c2nc(C(F)(F)F)ns2)ccc1OCCCOc1ccc2c(c1)CC[C@H]2CC(=O)O,2.1900000000233106,1,EC50,PPARG,CHEMBL235
Cc1cc(-c2nc(CCOc3ccc(C[C@H](Nc4ccccc4C(=O)c4ccccc4)C(=O)O)cc3)c(C)s2)no1,9.049976093476673,1,Ki,PPARG,CHEMBL235
Cc1cc(-c2nnco2)ccc1NC(=O)c1cc(C(=O)NCc2ccc(F)c(F)c2)c(F)cc1Cl,7.814281341297949,2,"EC50,IC50",PPARG,CHEMBL235
Cc1cc(-c2onc(-c3c(Cl)cccc3C(F)(F)F)c2COc2ccc(C(=O)O)cc2)c[nH]1,5.411809653878365,2,"EC50,IC50",PPARG,CHEMBL235
Cc1cc(-n2nc3ccccc3n2)cc(C)c1OC(C)(C)C(=O)O,6.318758762624412,1,EC50,PPARG,CHEMBL235
Cc1cc(/C=C2\Oc3cc(OCC(C)C)ccc3C2=O)cc(C)c1OC(C)(C)C(=O)O,6.298432014944073,1,EC50,PPARG,CHEMBL235
Cc1cc(/C=C2\Oc3cc(OCC(C)C)ccc3C2=O)cc(C)c1OCC(=O)O,5.758204568704802,1,EC50,PPARG,CHEMBL235
Cc1cc(/C=C2\Oc3cc(OCC4CC4)ccc3C2=O)cc(C)c1OC(C)(C)C(=O)O,6.625251653989896,1,EC50,PPARG,CHEMBL235
Cc1cc(/C=C2\Oc3cc(OCC4CC4)ccc3C2=O)cc(C)c1OCC(=O)O,5.973466735476704,1,EC50,PPARG,CHEMBL235
Cc1cc(/C=C2\Oc3cc(OCCC(C)C)ccc3C2=O)cc(C)c1OC(C)(C)C(=O)O,6.11690664142431,1,EC50,PPARG,CHEMBL235
Cc1cc(/N=N/c2ccccc2)ccc1OCCc1ccc(OC(C)(C)C(=O)O)cc1,5.920818753952375,1,EC50,PPARG,CHEMBL235
Cc1cc(/N=N\c2ccccc2)ccc1OCCc1ccc(OC(C)(C)C(=O)O)cc1,5.769551078621726,1,EC50,PPARG,CHEMBL235
Cc1cc(Br)ccc1NC(=O)COc1ccc2cc(/C=C3/SC(=O)NC3=O)ccc2c1,6.44490555142168,1,EC50,PPARG,CHEMBL235
Cc1cc(C(=O)O)c2c(C(C)C)nn(-c3ccc(Cl)cc3)c2n1,5.3487219860018556,1,IC50,PPARG,CHEMBL235
Cc1cc(C(=O)O)nc(N2C[C@H]3C[C@@H](c4ccccc4C(F)(F)F)C[C@H]3C2)n1,5.443697499232712,1,IC50,PPARG,CHEMBL235
Cc1cc(C(Cc2ccc(CCCc3nc(-c4ccccc4)oc3C)cc2)C(=O)O)no1,4.853871964321762,1,IC50,PPARG,CHEMBL235
Cc1cc(C(Cc2ccc(CCCc3nc(-c4ccccc4)oc3C)cc2)C(=O)O)on1,5.795880017344075,1,IC50,PPARG,CHEMBL235
Cc1cc(C)c(NC(=O)N(CCc2ccc(SC(C)(C)C(=O)O)cc2)CCc2ccc(-c3ccccc3)cc2)cc1C,5.8696662315049934,1,EC50,PPARG,CHEMBL235
Cc1cc(C)c(S(=O)(=O)Nc2cc(Cl)c(Oc3cnc4ccccc4c3)c(Cl)c2)c(C)c1,5.479647495916682,1,EC50,PPARG,CHEMBL235
Cc1cc(C)c2nc(C(C)C)n([C@H]3CCc4cc(-c5ccccc5-c5nnn[nH]5)ccc43)c2n1,6.530177984021837,1,EC50,PPARG,CHEMBL235
Cc1cc(C)c2nc(C3CC3)n([C@H]3CCc4cc(-c5ccccc5-c5nnn[nH]5)ccc43)c2n1,6.118045028660399,1,EC50,PPARG,CHEMBL235
Cc1cc(C)cc(Oc2ccc3nc(COc4cccc(C(=O)O)c4)n(C)c3n2)c1,7.3872161432802645,1,EC50,PPARG,CHEMBL235
Cc1cc(C)cc(S2(=O)=N[Se]c3c(C)cc(C)cc32)c1,4.640120795305119,2,"Ki,IC50",PPARG,CHEMBL235
Cc1cc(C2CC2C(OC(=O)c2ccccc2)c2ccc(OC(F)(F)F)cc2)cc(C)c1OC(C)(C)C(=O)O,7.286907087377744,2,EC50,PPARG,CHEMBL235
Cc1cc(C2CC2C(OCCC2CCCCC2)c2ccc(OC(F)(F)F)cc2)cc(C)c1OC(C)(C)C(=O)O,7.468521082957745,1,EC50,PPARG,CHEMBL235
Cc1cc(C2COC2)cnc1NC(=O)c1cc(C(=O)NCc2ccc(F)c(F)c2)c(F)cc1Cl,7.70170145218677,2,"EC50,IC50",PPARG,CHEMBL235
Cc1cc(CC(=O)O)cc(CN2CCN(c3nc4ccc(C(F)(F)F)cc4s3)CC2)c1,5.6777807052660805,1,EC50,PPARG,CHEMBL235
Cc1cc(CC(=O)O)cc(CN2CCN(c3nc4ccc(C(F)(F)F)cc4s3)C[C@@H]2C)c1,5.920818753952375,1,EC50,PPARG,CHEMBL235
Cc1cc(CC(=O)O)cc(CN2CCN(c3nc4ccc(C(F)(F)F)cc4s3)C[C@H]2C)c1,5.853871964321762,1,EC50,PPARG,CHEMBL235
Cc1cc(CC(=O)O)cc(CN2CCN(c3nc4ccc(C(F)(F)F)cc4s3)[C@@H](C)C2)c1,5.508638306165727,1,EC50,PPARG,CHEMBL235
Cc1cc(CC(=O)O)cc(CN2CCN(c3nc4ccc(C(F)(F)F)cc4s3)[C@@H](CC(C)C)C2)c1,5.823908740944319,1,EC50,PPARG,CHEMBL235
Cc1cc(CC(=O)O)cc(CN2CCN(c3nc4ccc(C(F)(F)F)cc4s3)[C@H](C(C)C)C2)c1,6.568636235841012,1,EC50,PPARG,CHEMBL235
Cc1cc(CC(=O)O)cc(CN2CCN(c3nc4ccc(C(F)(F)F)cc4s3)[C@H](C)C2)c1,5.920818753952375,1,EC50,PPARG,CHEMBL235
Cc1cc(CC(=O)O)cc(OCCC2(N3CCCC3)CCN(c3nc4ccc(Cl)cc4s3)CC2)c1,5.823908740944319,1,EC50,PPARG,CHEMBL235
Cc1cc(CC(=O)O)cc(OCCC2CCN(c3nc4ccc(Cl)cc4s3)CC2)c1,5.97061622231479,1,EC50,PPARG,CHEMBL235
Cc1cc(CC(C)C)nc2c1nc(C(C)C)n2[C@H]1CCc2cc(-c3ccccc3-c3nnn[nH]3)ccc21,7.050609993355087,1,EC50,PPARG,CHEMBL235
Cc1cc(CCCN2C(=O)CN(c3ccc(C(F)(F)F)cc3)C2=O)cc(C)c1OC(C)(C)C(=O)O,6.2021095169416505,1,EC50,PPARG,CHEMBL235
Cc1cc(CCN2C(=O)CN(c3ccc(C(F)(F)F)cc3)C2=O)cc(C)c1OC(C)(C)C(=O)O,6.557050130422138,1,EC50,PPARG,CHEMBL235
Cc1cc(CCOc2ccc(C[C@H](Nc3ccccc3C(=O)c3ccccc3)C(=O)O)cc2)nn1-c1ccccc1,8.899974269892137,1,Ki,PPARG,CHEMBL235
Cc1cc(CCc2cc(-c3ccc(Br)cc3)on2)cc(C)c1OC(C)(C)C(=O)O,6.34008379993015,1,EC50,PPARG,CHEMBL235
Cc1cc(CCn2ncn(-c3ccc(C(F)(F)F)cc3)c2=O)cc(C)c1OC(C)(C)C(=O)O,5.693853868315085,1,EC50,PPARG,CHEMBL235
Cc1cc(CN2C(=O)CN(Cc3ccc(C(F)(F)F)cc3)C2=O)cc(C)c1OC(C)(C)C(=O)O,5.827455445627637,1,EC50,PPARG,CHEMBL235
Cc1cc(CN2C(=O)CN(c3ccc(-c4ccccc4)cc3)C2=O)cc(C)c1OC(C)(C)C(=O)O,6.2009352806489915,1,EC50,PPARG,CHEMBL235
Cc1cc(CN2C(=O)CN(c3ccc(Br)cc3)C2=O)cc(C)c1OC(C)(C)C(=O)O,5.919193195665638,1,EC50,PPARG,CHEMBL235
Cc1cc(CN2C(=O)CN(c3ccc(C#N)cc3)C2=O)cc(C)c1OC(C)(C)C(=O)O,5.391473966422806,1,EC50,PPARG,CHEMBL235
Cc1cc(CN2C(=O)CN(c3ccc(C(C)(C)C)cc3)C2=O)cc(C)c1OC(C)(C)C(=O)O,5.745693667668714,1,EC50,PPARG,CHEMBL235
Cc1cc(CN2C(=O)CN(c3ccc(C(C)C)cc3)C2=O)cc(C)c1OC(C)(C)C(=O)O,6.0126019008629825,1,EC50,PPARG,CHEMBL235
Cc1cc(CN2C(=O)CN(c3ccc(C(F)(F)F)c(Cl)c3)C2=O)cc(C)c1OC(C)(C)C(=O)O,6.182500738132242,1,EC50,PPARG,CHEMBL235
Cc1cc(CN2C(=O)CN(c3ccc(C(F)(F)F)c(F)c3)C2=O)cc(C)c1OC(C)(C)C(=O)O,5.970332197324677,1,EC50,PPARG,CHEMBL235
Cc1cc(CN2C(=O)CN(c3ccc(C(F)(F)F)cc3)C2=O)cc(C)c1OC(C)(C)C(=O)O,5.780913442830748,1,EC50,PPARG,CHEMBL235
Cc1cc(CN2C(=O)CN(c3ccc(C(F)(F)F)cc3)C2=O)ccc1OC(C)(C)C(=O)O,5.565415129550406,1,EC50,PPARG,CHEMBL235
Cc1cc(CN2C(=O)CN(c3ccc(Cl)cc3)C2=O)cc(C)c1OC(C)(C)C(=O)O,5.848814081913927,1,EC50,PPARG,CHEMBL235
Cc1cc(CN2C(=O)CN(c3ccc(F)cc3)C2=O)cc(C)c1OC(C)(C)C(=O)O,5.43916118138139,1,EC50,PPARG,CHEMBL235
Cc1cc(CN2C(=O)CN(c3ccc(OC(F)(F)F)cc3)C2=O)cc(C)c1OC(C)(C)C(=O)O,5.857641824236154,1,EC50,PPARG,CHEMBL235
Cc1cc(CN2C(=O)CN(c3cccc(C(F)(F)F)c3)C2=O)cc(C)c1OC(C)(C)C(=O)O,6.001609869681952,1,EC50,PPARG,CHEMBL235
Cc1cc(CN2C(=O)CN(c3ccccc3)C2=O)cc(C)c1OC(C)(C)C(=O)O,5.676747899828313,1,EC50,PPARG,CHEMBL235
Cc1cc(CN2C(=O)N(c3ccc(C(F)(F)F)cc3)C(=O)C2(C)C)cc(C)c1OC(C)(C)C(=O)O,5.774174008538107,1,EC50,PPARG,CHEMBL235
Cc1cc(CN2C(=O)N(c3ccc(C(F)(F)F)cc3)C(C)(C)C2=O)cc(C)c1OC(C)(C)C(=O)O,5.789681480173768,1,EC50,PPARG,CHEMBL235
Cc1cc(CN2CCN(Cc3ccc(C(F)(F)F)cn3)CC2)cc(C)c1OC(C)(C)C(=O)O,5.065501548756432,1,EC50,PPARG,CHEMBL235
Cc1cc(CN2CCN(Cc3ccncc3)CC2)ccc1-c1ccc(C(O)(C(F)(F)F)C(F)(F)F)cc1,6.679853713888946,1,IC50,PPARG,CHEMBL235
Cc1cc(CN2CCN(c3cc(C(F)(F)F)ccn3)CC2)cc(C)c1OC(C)(C)C(=O)O,5.455931955649724,1,EC50,PPARG,CHEMBL235
Cc1cc(CN2CCN(c3ccc(Br)cn3)CC2)cc(C)c1OC(C)(C)C(=O)O,5.443697499232712,1,EC50,PPARG,CHEMBL235
Cc1cc(CN2CCN(c3ccc(C(C)(C)C)cc3)C2=O)cc(C)c1OC(C)(C)C(=O)O,5.535808629359,1,EC50,PPARG,CHEMBL235
Cc1cc(CN2CCN(c3ccc(C(C)C)cc3)C2=O)cc(C)c1OC(C)(C)C(=O)O,6.044697177238309,1,EC50,PPARG,CHEMBL235
Cc1cc(CN2CCN(c3ccc(C(F)(F)F)cc3)C2=O)cc(C)c1OC(C)(C)C(=O)O,5.893469146177619,1,EC50,PPARG,CHEMBL235
Cc1cc(CN2CCN(c3ccc(C(F)(F)F)cn3)CC2)cc(C)c1OC(C)(C)C(=O)O,5.7447274948966935,1,EC50,PPARG,CHEMBL235
Cc1cc(CN2CCN(c3ccc(Cl)cn3)CC2)cc(C)c1OC(C)(C)C(=O)O,5.301029995663981,1,EC50,PPARG,CHEMBL235
Cc1cc(CN2CCN(c3ccc(F)cc3)C2=O)cc(C)c1OC(C)(C)C(=O)O,5.672028376376989,1,EC50,PPARG,CHEMBL235
Cc1cc(CN2CCN(c3ccc(F)cn3)CC2)cc(C)c1OC(C)(C)C(=O)O,5.142667503568731,1,EC50,PPARG,CHEMBL235
Cc1cc(CN2CCN(c3ccc(OC(F)(F)F)cc3)C2=O)cc(C)c1OC(C)(C)C(=O)O,6.3814289718798705,1,EC50,PPARG,CHEMBL235
Cc1cc(CN2CCN(c3cccc(C(F)(F)F)c3)C2=O)cc(C)c1OC(C)(C)C(=O)O,6.053449489430145,1,EC50,PPARG,CHEMBL235
Cc1cc(CN2CCN(c3ccccc3)C2=O)cc(C)c1OC(C)(C)C(=O)O,5.376130731649697,1,EC50,PPARG,CHEMBL235
Cc1cc(CN2CCN(c3ccccc3C(F)(F)F)C2=O)cc(C)c1OC(C)(C)C(=O)O,5.462432742847325,1,EC50,PPARG,CHEMBL235
Cc1cc(CN2CCN(c3ncc(C(F)(F)F)cn3)CC2)cc(C)c1OC(C)(C)C(=O)O,5.431798275933005,1,EC50,PPARG,CHEMBL235
Cc1cc(CN2CCN(c3ncccc3C(F)(F)F)CC2)cc(C)c1OC(C)(C)C(=O)O,5.585026652029182,1,EC50,PPARG,CHEMBL235
Cc1cc(CN2CCc3ccccc3C2C(=O)Nc2ccc(Cl)cc2Cl)ccc1OCC(=O)O,5.568636235841012,1,EC50,PPARG,CHEMBL235
Cc1cc(CN2Cc3ccccc3C[C@@H]2C(=O)Nc2ccc(Cl)cc2Cl)ccc1OCC(=O)O,6.096910013008056,1,EC50,PPARG,CHEMBL235
Cc1cc(CNC(=O)c2ccc(C(F)(F)F)cc2F)cc(Oc2ccc(OC(C)(C)C(=O)O)c(C)c2)c1,7.920818753952375,1,IC50,PPARG,CHEMBL235
Cc1cc(COc2cc(COc3ccc(C(F)(F)F)cc3)ccc2Sc2ccc(OCC(=O)O)c(C)c2C)no1,6.180456064458131,1,Ki,PPARG,CHEMBL235
Cc1cc(COc2ccc3c(c2)O/C(=C\c2ccc(-c4ccccc4)cc2)C3=O)cc(C)c1OC(C)(C)C(=O)O,6.0,1,EC50,PPARG,CHEMBL235
Cc1cc(COc2ccc3c(c2)O/C(=C\c2ccc(C(F)(F)F)cc2)C3=O)cc(C)c1OC(C)(C)C(=O)O,5.374687549038326,1,EC50,PPARG,CHEMBL235
Cc1cc(COc2ccc3c(c2)O/C(=C\c2ccc(OC(F)(F)F)cc2)C3=O)cc(C)c1OC(C)(C)C(=O)O,5.196542884351587,1,EC50,PPARG,CHEMBL235
Cc1cc(COc2ccc3c(c2)O/C(=C\c2ccc(SC(F)(F)F)cc2)C3=O)cc(C)c1OC(C)(C)C(=O)O,5.787812395596042,1,EC50,PPARG,CHEMBL235
Cc1cc(Cc2cc(-c3ccc(Br)cc3)on2)cc(C)c1OC(C)(C)C(=O)O,5.545997101267028,2,EC50,PPARG,CHEMBL235
Cc1cc(Cl)ccc1-c1cc2cc(CCC(=O)O)ccc2[nH]1,4.556424120249742,1,EC50,PPARG,CHEMBL235
Cc1cc(Cl)ccc1[C@H](C)NC(=O)c1ccc2c(c1)c(C)c(C)n2Cc1ccc(-c2ccccc2)cc1,7.958607314841775,1,IC50,PPARG,CHEMBL235
Cc1cc(Cl)cnc1Oc1ccc2nc(COc3cccc(C(=O)O)c3)n(C)c2c1,7.6777807052660805,1,EC50,PPARG,CHEMBL235
Cc1cc(Cn2ncn(-c3ccc(-c4ccccc4)cc3)c2=O)cc(C)c1OC(C)(C)C(=O)O,5.748556464966638,1,EC50,PPARG,CHEMBL235
Cc1cc(Cn2ncn(-c3ccc(Br)cc3)c2=O)cc(C)c1OC(C)(C)C(=O)O,5.749872879223103,1,EC50,PPARG,CHEMBL235
Cc1cc(Cn2ncn(-c3ccc(C(C)C)cc3)c2=O)cc(C)c1OC(C)(C)C(=O)O,5.75448733218585,1,EC50,PPARG,CHEMBL235
Cc1cc(Cn2ncn(-c3ccc(C(F)(F)F)cc3)c2=O)cc(C(F)(F)F)c1OC(C)(C)C(=O)O,6.090337014845982,1,EC50,PPARG,CHEMBL235
Cc1cc(Cn2ncn(-c3ccc(C(F)(F)F)cc3)c2=O)cc(C)c1OC(C)(C)C(=O)O,5.845119755281239,1,EC50,PPARG,CHEMBL235
Cc1cc(Cn2ncn(-c3ccc(C(F)(F)F)cc3)c2=O)cc(Cl)c1OC(C)(C)C(=O)O,5.745983939138963,1,EC50,PPARG,CHEMBL235
Cc1cc(Cn2ncn(-c3ccc(C(F)(F)F)cc3)c2=O)ccc1OC(C)(C)C(=O)O,5.745814590537908,1,EC50,PPARG,CHEMBL235
Cc1cc(Cn2ncn(-c3ccc(Cl)cc3)c2=O)cc(C)c1OC(C)(C)C(=O)O,5.73716936514434,1,EC50,PPARG,CHEMBL235
Cc1cc(Cn2ncn(-c3ccc(F)cc3)c2=O)cc(C)c1OC(C)(C)C(=O)O,5.820735535660974,1,EC50,PPARG,CHEMBL235
Cc1cc(Cn2ncn(-c3ccc(OC(F)(F)F)cc3)c2=O)cc(C(F)(F)F)c1OC(C)(C)C(=O)O,5.775078654415969,1,EC50,PPARG,CHEMBL235
Cc1cc(Cn2ncn(-c3ccc(OC(F)(F)F)cc3)c2=O)cc(C)c1OC(C)(C)C(=O)O,5.778405857666848,4,EC50,PPARG,CHEMBL235
Cc1cc(Cn2ncn(-c3ccc(OC(F)(F)F)cc3)c2=O)ccc1OC(C)(C)C(=O)O,5.724688645458189,1,EC50,PPARG,CHEMBL235
Cc1cc(Cn2ncn(-c3cccc(C(F)(F)F)c3)c2=O)cc(C)c1OC(C)(C)C(=O)O,5.597515077926236,1,EC50,PPARG,CHEMBL235
Cc1cc(Cn2ncn(-c3ccccc3)c2=O)cc(C)c1OC(C)(C)C(=O)O,6.062983892535186,1,EC50,PPARG,CHEMBL235
Cc1cc(Cn2ncn(-c3ccccc3C(F)(F)F)c2=O)cc(C)c1OC(C)(C)C(=O)O,5.421418088598131,1,EC50,PPARG,CHEMBL235
Cc1cc(F)cc(Oc2ccc3nc(COc4cccc(C(=O)O)c4)n(C)c3c2)c1,7.6777807052660805,1,EC50,PPARG,CHEMBL235
Cc1cc(F)ccc1-c1cc2cc(CCC(=O)O)ccc2[nH]1,4.244582537189063,1,EC50,PPARG,CHEMBL235
Cc1cc(F)ccc1Oc1ccc2nc(COc3cccc(C(=O)O)c3)n(C)c2c1,7.657577319177793,1,EC50,PPARG,CHEMBL235
Cc1cc(F)cnc1Oc1ccc2nc(COc3cccc(C(=O)O)c3)n(C)c2c1,7.0,1,EC50,PPARG,CHEMBL235
Cc1cc(N2C(=O)CN(Cc3ccc(C(F)(F)F)cc3)C2=O)cc(C)c1OC(C)(C)C(=O)O,6.1666616110606025,1,EC50,PPARG,CHEMBL235
Cc1cc(N2CC(=O)N(Cc3cc(C)c(OC(C)(C)C(=O)O)c(C)c3)C2=O)ccc1OC(F)(F)F,6.132886220168023,1,EC50,PPARG,CHEMBL235
Cc1cc(N2CCOCC2)cnc1NC(=O)c1cc(C(=O)NCc2ccc(F)c(F)c2)c(F)cc1Cl,7.69864826040281,3,"EC50,IC50",PPARG,CHEMBL235
Cc1cc(NS(=O)(=O)c2ccc(Cl)cc2Cl)ccc1Oc1cncc(Cl)c1,6.02726570743409,2,"EC50,IC50",PPARG,CHEMBL235
Cc1cc(O)c(C(=O)/C=C/c2ccnc(F)c2)c(=O)o1,5.481486060122112,1,Ki,PPARG,CHEMBL235
Cc1cc(O)c(C(=O)/C=C/c2ccncc2)c(=O)o1,4.889410289700751,1,Ki,PPARG,CHEMBL235
Cc1cc(OC(Cc2ccccc2)C(=O)O)cc(C)c1-c1ccccc1,5.690369832574101,1,EC50,PPARG,CHEMBL235
Cc1cc(OC(F)F)ccc1NC(=O)c1cc(C(=O)NCc2ccc(F)cc2)c(F)cc1Cl,8.112049456496008,3,"EC50,IC50",PPARG,CHEMBL235
Cc1cc(OCCCOc2ccc(-c3ccccc3)cc2)ccc1OCC(=O)O,5.341035157335565,1,EC50,PPARG,CHEMBL235
Cc1cc(OCCCOc2cccc(Cl)c2)ccc1OCC(=O)O,5.8124792791635365,1,EC50,PPARG,CHEMBL235
Cc1cc(OCCO)ccc1NC(=O)c1cc(C(=O)NCc2ccc(F)c(F)c2)c(F)cc1Cl,7.4622265193037345,2,"EC50,IC50",PPARG,CHEMBL235
Cc1cc(OCC[C@@H](C)Oc2ccc(C(F)(F)F)cc2-c2ccccn2)ccc1CCC(=O)O,7.698970004336019,1,IC50,PPARG,CHEMBL235
Cc1cc(OCC[C@@H](C)Oc2ccc(C(F)(F)F)cc2Oc2ccccc2)ccc1CCC(=O)O,8.221848749616356,1,IC50,PPARG,CHEMBL235
Cc1cc(OCC[C@@H](C)Oc2ccc(Cl)cc2-c2ccccn2)ccc1CCC(=O)O,7.055517327849831,1,IC50,PPARG,CHEMBL235
Cc1cc(OCC[C@@H](C)Oc2ccc(Cl)cc2Oc2ccccc2)ccc1CCC(=O)O,7.823908740944319,1,IC50,PPARG,CHEMBL235
Cc1cc(OCC[C@@H](C)Oc2ccc(OC(F)(F)F)cc2Oc2ccccc2)ccc1CCC(=O)O,8.221848749616356,1,IC50,PPARG,CHEMBL235
Cc1cc(OCc2cc(-c3ccc(Cl)cc3)on2)cc2scc(CC(=O)O)c12,5.062482107982653,1,IC50,PPARG,CHEMBL235
Cc1cc(OCc2nc(-c3ccc(C(=O)N(C)C(C)C)cc3)c(-c3ccc(OC(F)(F)F)cc3)o2)ccc1OCC(=O)O,6.221848749616356,1,EC50,PPARG,CHEMBL235
Cc1cc(OCc2nc(-c3ccc(C(=O)N(C)C(C)C)cc3)c(-c3ccc(OC(F)(F)F)cc3)s2)ccc1OCC(=O)O,5.920818753952375,1,EC50,PPARG,CHEMBL235
Cc1cc(OCc2nc(-c3ccc(C(=O)N4CCCCC4)cc3)c(-c3ccc(OC(F)(F)F)cc3)s2)ccc1OCC(=O)O,5.806875401645538,1,EC50,PPARG,CHEMBL235
Cc1cc(OCc2nc(-c3ccc(N4CCOCC4)nc3)c(-c3ccc(OC(F)(F)F)cc3)o2)ccc1OCC(=O)O,5.603800652904264,1,EC50,PPARG,CHEMBL235
Cc1cc(OCc2nc(-c3ccc(OC(C)C)nc3)c(-c3ccc(OC(F)(F)F)cc3)o2)ccc1OCC(=O)O,4.154901959985743,1,EC50,PPARG,CHEMBL235
Cc1cc(OCc2nc(-c3cnc(N4CCOCC4)nc3)c(-c3ccc(OC(F)(F)F)cc3)o2)ccc1OCC(=O)O,5.987162775294828,1,EC50,PPARG,CHEMBL235
Cc1cc(OCc2nc(-c3cnc(OC(C)C)nc3)c(-c3ccc(OC(F)(F)F)cc3)o2)ccc1OCC(=O)O,6.008773924307505,1,EC50,PPARG,CHEMBL235
Cc1cc(OCc2sc(-c3ccc(C(F)(F)F)cc3)nc2C)ccc1/C=C/C(=O)O,5.568636235841012,1,EC50,PPARG,CHEMBL235
Cc1cc(OCc2sc(-c3ccc(C(F)(F)F)cc3)nc2C)ccc1CCC(=O)O,5.376750709602099,1,EC50,PPARG,CHEMBL235
Cc1cc(O[C@@H](Cc2ccccc2)C(=O)O)ccc1-c1ccccc1,6.154901959985743,1,EC50,PPARG,CHEMBL235
Cc1cc(Oc2cc(F)cc(CNC(=O)c3ccc(C(F)(F)F)cc3F)c2)ccc1OC(C)(C)C(=O)O,8.096910013008056,1,IC50,PPARG,CHEMBL235
Cc1cc(Oc2ccc(F)c(CNC(=O)c3ccc(C(F)(F)F)cc3F)c2)ccc1OC(C)(C)C(=O)O,8.096910013008056,1,IC50,PPARG,CHEMBL235
Cc1cc(Oc2ccc3nc(COc4ccc(C#N)cc4)n(C)c3c2)cc(C)c1N.Cl.Cl,6.403402904373539,1,EC50,PPARG,CHEMBL235
Cc1cc(Oc2ccc3nc(COc4ccc(C(=O)O)cc4)n(C)c3c2)cc(C)c1N.Cl.Cl,6.098541678603888,1,EC50,PPARG,CHEMBL235
Cc1cc(Oc2ccc3nc(COc4ccc(CC5SC(=O)NC5=O)cc4)n(C)c3c2)cc(C)c1N,9.710108201691595,2,EC50,PPARG,CHEMBL235
Cc1cc(Oc2ccc3nc(COc4cccc(C#N)c4)n(C)c3c2)cc(C)c1N.Cl.Cl,7.366531544420414,1,EC50,PPARG,CHEMBL235
Cc1cc(Oc2ccc3nc(COc4cccc(C(=O)O)c4)n(C)c3c2)cc(C)c1N.Cl.Cl,6.52432881167557,1,EC50,PPARG,CHEMBL235
Cc1cc(Oc2ccc3nc(COc4cccc(C(=O)O)c4)n(C)c3c2)cc(C)n1,5.561457651213889,1,EC50,PPARG,CHEMBL235
Cc1cc(Oc2ccc3nc(COc4cccc(C(=O)O)c4)n(C)c3c2)ccc1F.Cl,7.207608310501746,1,EC50,PPARG,CHEMBL235
Cc1cc(Oc2ccc3nc(COc4cccc(C(=O)O)c4)n(C)c3c2)ccn1,5.225702061500723,1,EC50,PPARG,CHEMBL235
Cc1cc(Oc2ccc3nc(COc4ccccc4)n(C)c3c2)cc(C)c1N.Cl.Cl,6.497572880015568,1,EC50,PPARG,CHEMBL235
Cc1cc(Oc2ccc3nc(COc4ccccc4C#N)n(C)c3c2)cc(C)c1N.Cl.Cl,6.407823242604133,1,EC50,PPARG,CHEMBL235
Cc1cc(Oc2ccc3nc(COc4ccccc4C(=O)O)n(C)c3c2)cc(C)c1N.Cl.Cl,5.215097550113345,1,EC50,PPARG,CHEMBL235
Cc1cc(Oc2cccc(CNC(=O)c3[nH]c4ccc(Cl)cc4c3C)c2)ccc1CCC(=O)O,7.568636235841012,1,IC50,PPARG,CHEMBL235
Cc1cc(Oc2cccc(CNC(=O)c3c(C)c4cc(Cl)ccc4n3C)c2)ccc1CCC(=O)O,7.455931955649724,1,IC50,PPARG,CHEMBL235
Cc1cc(Oc2cccc(CNC(=O)c3cc4c(Cl)cccc4[nH]3)c2)ccc1CCC(=O)O,6.58838029403677,1,IC50,PPARG,CHEMBL235
Cc1cc(Oc2cccc(CNC(=O)c3cc4cc(Br)ccc4[nH]3)c2)ccc1CCC(=O)O,8.096910013008056,1,IC50,PPARG,CHEMBL235
Cc1cc(Oc2cccc(CNC(=O)c3cc4cc(Cl)c(Cl)cc4[nH]3)c2)ccc1CCC(=O)O,7.022276394711152,1,IC50,PPARG,CHEMBL235
Cc1cc(Oc2cccc(CNC(=O)c3cc4cc(Cl)ccc4[nH]3)c2)ccc1CCC(=O)O,7.886056647693163,1,IC50,PPARG,CHEMBL235
Cc1cc(Oc2cccc(CNC(=O)c3cc4cc(Cl)ccc4n3C)c2)ccc1CCC(=O)O,7.008773924307505,1,IC50,PPARG,CHEMBL235
Cc1cc(Oc2cccc(CNC(=O)c3cc4ccc(Cl)cc4[nH]3)c2)ccc1CCC(=O)O,6.632644078973981,1,IC50,PPARG,CHEMBL235
Cc1cc(Oc2cccc(CNC(=O)c3cc4cccc(Br)c4[nH]3)c2)ccc1CCC(=O)O,7.431798275933005,1,IC50,PPARG,CHEMBL235
Cc1cc(Oc2cccc(CNC(=O)c3ccc(C(F)(F)F)cc3)c2)ccc1OC(C)(C)C(=O)O,7.7447274948966935,1,IC50,PPARG,CHEMBL235
Cc1cc(Oc2cccc(CNC(=O)c3ccc(C(F)(F)F)cc3Br)c2)ccc1OC(C)(C)C(=O)O,7.920818753952375,1,IC50,PPARG,CHEMBL235
Cc1cc(Oc2cccc(CNC(=O)c3ccc(C(F)(F)F)cc3C(F)(F)F)c2)ccc1OC(C)(C)C(=O)O,6.692503962086787,1,IC50,PPARG,CHEMBL235
Cc1cc(Oc2cccc(CNC(=O)c3ccc(C(F)(F)F)cc3C)c2)ccc1CCC(=O)O,6.899629454882437,1,IC50,PPARG,CHEMBL235
Cc1cc(Oc2cccc(CNC(=O)c3ccc(C(F)(F)F)cc3C)c2)ccc1OC(C)(C)C(=O)O,8.045757490560675,1,IC50,PPARG,CHEMBL235
Cc1cc(Oc2cccc(CNC(=O)c3ccc(C(F)(F)F)cc3Cl)c2)ccc1OC(C)(C)C(=O)O,7.823908740944319,1,IC50,PPARG,CHEMBL235
Cc1cc(Oc2cccc(CNC(=O)c3ccc(C(F)(F)F)cc3F)c2)ccc1OC(C)(C)C(=O)O,7.920818753952375,1,IC50,PPARG,CHEMBL235
Cc1cc(Oc2cccc(CNC(=O)c3ccc(C(F)(F)F)cc3Oc3ccccc3)c2)ccc1OC(C)(C)C(=O)O,6.943095148663527,1,IC50,PPARG,CHEMBL235
Cc1cc(Oc2cccc(CNC(=O)c3ccc(Cl)cc3C)c2)ccc1OC(C)(C)C(=O)O,8.045757490560675,1,IC50,PPARG,CHEMBL235
Cc1cc(Oc2cccc(CNC(=O)c3ccc(OC(F)(F)F)cc3C)c2)ccc1OC(C)(C)C(=O)O,7.327902142064282,1,IC50,PPARG,CHEMBL235
Cc1cc(Oc2cccc(CNC(=O)c3ccccc3C)c2)ccc1OC(C)(C)C(=O)O,7.698970004336019,1,IC50,PPARG,CHEMBL235
Cc1cc(S(=O)(=O)N(CCC(C)C)c2cccc(-c3ccc(C(F)(F)F)cc3)c2)ccc1OCC(=O)O,5.300000202445418,1,IC50,PPARG,CHEMBL235
Cc1cc(S(=O)(=O)Nc2cc(Cl)c(Oc3cnc4ccccc4c3)c(Cl)c2)ccc1Br,6.221848749616356,1,EC50,PPARG,CHEMBL235
Cc1cc(SCc2ccc(OCc3ccc(C(F)(F)F)cc3)cc2)c(Cl)cc1OCC(=O)O,5.0400051616715835,1,IC50,PPARG,CHEMBL235
Cc1cc(SCc2ccc(OCc3ccc(C(F)(F)F)cc3)cc2)c2c(c1OCC(=O)O)CCC2,4.665546248849069,1,IC50,PPARG,CHEMBL235
Cc1cc(SCc2ccc(OCc3ccc(C(F)(F)F)cc3)cc2)c2c(c1OCC(=O)O)CCCO2,4.47755576649368,1,IC50,PPARG,CHEMBL235
Cc1cc(SCc2nnc(-c3ccc(OC(C)(C)C)cc3)s2)ccc1OCC(=O)O,6.318758762624412,1,EC50,PPARG,CHEMBL235
Cc1cc(SCc2oc(-c3ccc(C(F)(F)F)cc3)nc2C)ccc1OCC(=O)O,5.79317412396815,1,EC50,PPARG,CHEMBL235
Cc1cc(SCc2sc(-c3ccc(C(F)(F)F)c(F)c3)nc2C)ccc1OCC(=O)O,5.359938551848846,2,EC50,PPARG,CHEMBL235
Cc1cc(SCc2sc(-c3ccc(C(F)(F)F)cc3)nc2C)ccc1OCC(=O)O,5.510352744703984,10,"EC50,IC50",PPARG,CHEMBL235
Cc1cc(SCn2ncn(-c3ccc(C(F)(F)F)cc3)c2=O)cc(C)c1OC(C)(C)C(=O)O,5.545795624964485,1,EC50,PPARG,CHEMBL235
Cc1cc2c(CC(=O)O)csc2cc1OCc1ccccc1COc1ccc(C(F)(F)F)cc1,5.120330794367947,1,IC50,PPARG,CHEMBL235
Cc1cc2c(CC(=O)O)csc2cc1OCc1sc(-c2ccc(C(F)(F)F)cc2)nc1C,5.20342566678957,1,IC50,PPARG,CHEMBL235
Cc1cc2c(CCc3nc(-c4ccc(Cl)cc4Cl)oc3C(C)C)noc2cc1OCC(=O)O,5.0,1,EC50,PPARG,CHEMBL235
Cc1cc2c(s1)c(-c1ccc(C(=O)O)cc1)nn2C(=O)c1c(Cl)cccc1Cl,6.522878745280337,1,EC50,PPARG,CHEMBL235
Cc1cc2cc(C(=O)NCc3ccc(CS(=O)(=O)C4CC4)cc3C(F)(F)F)ccc2n1Cc1cccc(F)c1,6.585240959732719,3,"EC50,IC50",PPARG,CHEMBL235
Cc1cc2cc(C(=O)NCc3ccc(CS(=O)(=O)C4CC4)cc3C(F)(F)F)ccc2n1S(=O)(=O)C(C)C,6.200659450546418,1,EC50,PPARG,CHEMBL235
Cc1cc2cc(C(=O)N[C@@H](C)c3ccc(Br)cc3)ccc2n1Cc1ccc(-c2ccccc2C(=O)O)cc1,7.096910013008056,1,IC50,PPARG,CHEMBL235
Cc1cc2nc(-c3ccc(NC(=O)c4cc([N+](=O)[O-])ccc4Cl)cc3)oc2cc1C,8.397940008672037,2,"EC50,IC50",PPARG,CHEMBL235
Cc1ccc(-c2ccc(O[C@@H](Cc3ccccc3)C(=O)O)cc2)cc1,6.229147988357855,1,EC50,PPARG,CHEMBL235
Cc1ccc(-c2nc(C)c(C(=O)N[C@H]3CCCN(c4cccc(C(=O)O)c4)C3)s2)cc1,5.508638306165727,1,EC50,PPARG,CHEMBL235
Cc1ccc(-c2nc(CCCC[C@H]3CO[C@@](C)(C(=O)O)OC3)c(C)o2)cc1,5.154901959985743,1,EC50,PPARG,CHEMBL235
Cc1ccc(-c2nc(CCOc3ccc(CC4(C(=O)O)CCCO4)cn3)c(C)o2)cc1,7.638272163982407,1,Ki,PPARG,CHEMBL235
Cc1ccc(-c2nc(CCOc3ccc(C[C@H](Nc4ccccc4C(=O)c4ccccc4)C(=O)O)cc3)c(C)o2)s1,9.070019409484486,1,Ki,PPARG,CHEMBL235
Cc1ccc(-c2nc3ccc(NC(=O)c4cc([N+](=O)[O-])ccc4Cl)cc3o2)cc1,7.0713337517843655,2,"EC50,IC50",PPARG,CHEMBL235
Cc1ccc(-n2c(SCC(=O)Nc3ccc(S(=O)(=O)NC(=O)NC4CCCCC4)cc3)nc3ccccc3c2=O)cc1,6.39577394691553,1,IC50,PPARG,CHEMBL235
Cc1ccc(-n2c(SCC(=O)Nc3ccc(S(=O)(=O)NC(=O)Nc4ccccc4)cc3)nc3ccccc3c2=O)cc1,6.430626090384954,1,IC50,PPARG,CHEMBL235
Cc1ccc(-n2cnn(Cc3cc(C)c(OC(C)(C)C(=O)O)c(C)c3)c2=O)cc1,6.020133077435097,1,EC50,PPARG,CHEMBL235
Cc1ccc(-n2nc3ccc(NC(=O)c4cc([N+](=O)[O-])ccc4Cl)cc3n2)cc1,8.925698672596953,2,"EC50,IC50",PPARG,CHEMBL235
Cc1ccc(/N=N/c2ccc(OCCc3ccc(OC(C)(C)C(=O)O)cc3)c(C(F)(F)F)c2)cc1,5.920818753952375,1,EC50,PPARG,CHEMBL235
Cc1ccc(/N=N/c2ccc(OCCc3ccc(OC(C)(C)C(=O)O)cc3)c(C)c2)cc1,5.638272163982407,1,EC50,PPARG,CHEMBL235
Cc1ccc(/N=N/c2ccc(OCCc3ccc(OC(C)(C)C(=O)O)cc3)c(Cl)c2)cc1,5.346787486224656,1,EC50,PPARG,CHEMBL235
Cc1ccc(/N=N\c2ccc(OCCc3ccc(OC(C)(C)C(=O)O)cc3)c(C(F)(F)F)c2)cc1,5.886056647693163,1,EC50,PPARG,CHEMBL235
Cc1ccc(/N=N\c2ccc(OCCc3ccc(OC(C)(C)C(=O)O)cc3)c(C)c2)cc1,5.920818753952375,1,EC50,PPARG,CHEMBL235
Cc1ccc(/N=N\c2ccc(OCCc3ccc(OC(C)(C)C(=O)O)cc3)c(Cl)c2)cc1,5.318758762624412,1,EC50,PPARG,CHEMBL235
Cc1ccc(=O)n(CCOc2ccc(C[C@H](Nc3ccccc3C(=O)c3ccccc3)C(=O)O)cc2)n1,6.879985747921933,1,Ki,PPARG,CHEMBL235
Cc1ccc(C(=O)NCc2cccc(Oc3ccc(OC(C)(C)C(=O)O)c(C)c3)c2)c(C)c1,8.154901959985743,1,IC50,PPARG,CHEMBL235
Cc1ccc(C(=O)O)cc1NC(=O)c1ccccc1NC(=O)c1ccc(C(C)(C)C)cc1,5.200659450546418,1,EC50,PPARG,CHEMBL235
Cc1ccc(C(=O)c2ccc(CSCC(NC(=O)OC(C)(C)C)C(=O)O)cc2)cc1,5.337242168318426,1,EC50,PPARG,CHEMBL235
Cc1ccc(C(=O)c2ccccc2NC(Cc2ccc(OCCN(C)c3nc4ccccc4o3)cc2)C(=O)O)cc1,8.550059011226661,1,Ki,PPARG,CHEMBL235
Cc1ccc(C(=O)c2cccn2C/C=C/c2cccc(OCC(=O)O)c2)cc1,5.920818753952375,1,EC50,PPARG,CHEMBL235
Cc1ccc(C)c(OCCCC(C)(C)C(=O)O)c1,3.997634732110538,2,EC50,PPARG,CHEMBL235
Cc1ccc(C)c(Oc2ccc3nc(COc4cccc(C(=O)O)c4)n(C)c3c2)n1,6.1444808443322,1,EC50,PPARG,CHEMBL235
Cc1ccc(CC(=O)O)cc1OCCC1(N2CCCC2)CCN(c2nc3ccc(Cl)cc3s2)CC1,5.795880017344075,1,EC50,PPARG,CHEMBL235
Cc1ccc(CC(=O)O)cc1OCCC1CCN(c2nc3ccc(Cl)cc3s2)CC1,6.266000713461613,2,EC50,PPARG,CHEMBL235
Cc1ccc(CC(=O)O)cc1OCCN1CCN(c2nc3ccc(Cl)cc3s2)C[C@@H]1C,5.958607314841775,1,EC50,PPARG,CHEMBL235
Cc1ccc(CC(Oc2ccc(Cl)cc2)C(=O)O)cc1,5.360513510731414,1,EC50,PPARG,CHEMBL235
Cc1ccc(CN2C(=O)S/C(=C\c3ccc(Nc4ccc(Cl)cc4)cc3)C2=O)cc1,5.867100230055517,1,EC50,PPARG,CHEMBL235
Cc1ccc(CN2C(=O)S/C(=C\c3ccc(Nc4ccc(Cl)cc4)s3)C2=O)cc1,5.832978204209743,1,EC50,PPARG,CHEMBL235
Cc1ccc(CN2C(=O)S/C(=C\c3ccc(Nc4ccc([N+](=O)[O-])cc4)s3)C2=O)cc1,5.809948582240795,1,EC50,PPARG,CHEMBL235
Cc1ccc(CN2C(=O)S/C(=C\c3ccc(Nc4cccc(Cl)c4)s3)C2=O)cc1,6.082652062372228,1,EC50,PPARG,CHEMBL235
Cc1ccc(CN2C(=O)S/C(=C\c3ccc(Nc4ccccc4Cl)s3)C2=O)cc1,6.131355561605174,1,EC50,PPARG,CHEMBL235
Cc1ccc(CN2C(=O)S/C(=C\c3ccc(Nc4ccccc4[N+](=O)[O-])s3)C2=O)cc1,6.033107704132863,1,EC50,PPARG,CHEMBL235
Cc1ccc(CN2C(=O)S/C(=C\c3ccc(OCc4ccccc4)s3)C2=O)cc1,5.6965879294032575,1,EC50,PPARG,CHEMBL235
Cc1ccc(CN2C(=O)S/C(=C\c3ccc(Oc4ccc([N+](=O)[O-])cc4)s3)C2=O)cc1,5.813043664534588,1,EC50,PPARG,CHEMBL235
Cc1ccc(CN2C(=O)S/C(=C\c3ccc(Oc4ccc5ccccc5c4)s3)C2=O)cc1,5.447940465812115,1,EC50,PPARG,CHEMBL235
Cc1ccc(CN2C(=O)S/C(=C\c3ccc(Oc4ccccc4)s3)C2=O)cc1,5.5616158929652855,1,EC50,PPARG,CHEMBL235
Cc1ccc(CNC(=O)c2ccc(C(F)(F)F)cc2F)cc1Oc1ccc(OC(C)(C)C(=O)O)c(C)c1,8.301029995663981,1,IC50,PPARG,CHEMBL235
Cc1ccc(CNC(=O)c2ccc3c(c2)c(C)c(C)n3Cc2ccc(-c3ccccc3C(=O)O)cc2)cc1,8.216583993888612,3,"EC50,IC50",PPARG,CHEMBL235
Cc1ccc(CNC(=O)c2ccc3c(c2)c(C)c(C)n3Cc2ccc(-c3ccccc3C(=O)O)cc2)o1,7.920818753952375,1,IC50,PPARG,CHEMBL235
Cc1ccc(COc2cccc(OCCCOc3ccc4[nH]cc(CC(=O)O)c4c3)c2)cc1,5.769551078621726,1,EC50,PPARG,CHEMBL235
Cc1ccc(COc2cccc(OCCCOc3ccc4c(CC(=O)O)cn(Cc5ccccc5)c4c3)c2)cc1,5.886056647693163,1,EC50,PPARG,CHEMBL235
Cc1ccc(COc2ccccc2/C=C2/SC(=S)N(CCC(=O)O)C2=O)cc1,5.879755204453635,1,IC50,PPARG,CHEMBL235
Cc1ccc(Cn2nc(CCCc3ccc(OC(C)(C)C(=O)O)cc3)n(C)c2=O)cc1C,5.769551078621726,1,IC50,PPARG,CHEMBL235
Cc1ccc(Cn2nc(CCCc3ccc(OC(C)(C)C(=O)O)cc3)n(CC(=O)O)c2=O)cc1,5.102372908709558,1,IC50,PPARG,CHEMBL235
Cc1ccc(Cn2nc(CCCc3ccc(OC(C)(C)C(=O)O)cc3)n(CCO)c2=O)cc1,5.214670164989233,1,IC50,PPARG,CHEMBL235
Cc1ccc(Cn2nc(CCCc3ccc(OC(C)(C)C(=O)O)cc3)nc2O)cc1,5.187086643357144,1,IC50,PPARG,CHEMBL235
Cc1ccc(F)c(Oc2ccc3nc(COc4cccc(C(=O)O)c4)n(C)c3c2)c1,6.856985199745905,1,EC50,PPARG,CHEMBL235
Cc1ccc(F)c([C@H](C)NC(=O)c2ccc3c(c2)c(C)c(C)n3Cc2ccc(-c3ccccc3C(=O)O)cc2)c1,8.221848749616356,1,IC50,PPARG,CHEMBL235
Cc1ccc(F)cc1Oc1ccc2nc(COc3cccc(C(=O)O)c3)n(C)c2c1,7.4089353929735005,1,EC50,PPARG,CHEMBL235
Cc1ccc(N2CC(=O)N(Cc3cc(C)c(OC(C)(C)C(=O)O)c(C)c3)C2=O)cc1,6.201487466968649,1,EC50,PPARG,CHEMBL235
Cc1ccc(N2CCN(Cc3cc(C)c(OC(C)(C)C(=O)O)c(C)c3)C2=O)cc1,5.92009553233328,1,EC50,PPARG,CHEMBL235
Cc1ccc(N2CCN(Cc3cc(C)c(OC(C)(C)C(=O)O)c(C)c3)CC2)nc1,5.267606240177031,1,EC50,PPARG,CHEMBL235
Cc1ccc(NC(=O)COc2ccc3cc(/C=C4/SC(=O)NC4=O)ccc3c2)cc1,5.913640169325252,1,EC50,PPARG,CHEMBL235
Cc1ccc(NC(=O)N(CCCCC2CCCCC2)CCc2ccc(SC(C)(C)C(=O)O)cc2)cc1[N+](=O)[O-],5.698970004336019,1,EC50,PPARG,CHEMBL235
Cc1ccc(NC(=O)c2ccc(Cl)cc2Cl)c(C(=O)O)c1,5.657577319177793,1,Ki,PPARG,CHEMBL235
Cc1ccc(NC(=O)c2cccc(S(=O)(=O)N3CCc4ccccc4C3)c2)c(C(=O)O)c1,5.300000202445418,1,IC50,PPARG,CHEMBL235
Cc1ccc(NC(=O)c2cccc(S(=O)(=O)n3ccc4c(Br)cccc43)c2)c(C(=O)O)c1,5.899998417198648,1,IC50,PPARG,CHEMBL235
Cc1ccc(NC(=O)c2cccc(S(=O)(=O)n3ccc4c(C)cccc43)c2)c(C(=O)O)c1,5.700000503883016,1,IC50,PPARG,CHEMBL235
Cc1ccc(NC(=O)c2cccc(S(=O)(=O)n3ccc4cc(C)ccc43)c2)c(C(=O)O)c1,5.59999938302362,1,IC50,PPARG,CHEMBL235
Cc1ccc(NC(=O)c2cccc(S(=O)(=O)n3ccc4cc(Cl)ccc43)c2)c(C(=O)O)c1,5.800000874803203,1,IC50,PPARG,CHEMBL235
Cc1ccc(NC(=O)c2cccc(S(=O)(=O)n3ccc4ccc(C)cc43)c2)c(C(=O)O)c1,5.59999938302362,1,IC50,PPARG,CHEMBL235
Cc1ccc(NC(=O)c2cccc(S(=O)(=O)n3ccc4ccc(Cl)cc43)c2)c(C(=O)O)c1,5.700000503883016,1,IC50,PPARG,CHEMBL235
Cc1ccc(NC(=O)c2cccc(S(=O)(=O)n3ccc4cccc(C)c43)c2)c(C(=O)O)c1,6.0,1,IC50,PPARG,CHEMBL235
Cc1ccc(NC(=O)c2cccc(S(=O)(=O)n3ccc4cccc(Cl)c43)c2)c(C(=O)O)c1,6.0999990348465305,1,IC50,PPARG,CHEMBL235
Cc1ccc(NC(=O)c2ccccc2NC(=O)c2ccc(C(C)(C)C)cc2)cc1C(=O)O,5.301029995663981,1,EC50,PPARG,CHEMBL235
Cc1ccc(NC(=S)NS(=O)(=O)c2ccc(CCNS(=O)(=O)c3ccccc3)cc2)cc1,4.301029995663981,1,IC50,PPARG,CHEMBL235
Cc1ccc(NC(Cc2ccc(OCCN(C)c3nc4ccccc4o3)cc2)C(=O)O)c(C(=O)c2ccccc2)c1,7.869988050328096,1,Ki,PPARG,CHEMBL235
Cc1ccc(Nc2cc(Cl)nc(SC(C(=O)O)c3cccc4ccccc34)n2)cc1C,5.107905397309519,1,EC50,PPARG,CHEMBL235
Cc1ccc(OC(=O)N(CC(=O)O)Cc2cc(OCc3nc(-c4ccc(Cl)cc4)oc3C)ccc2F)cc1,5.901356274182943,1,EC50,PPARG,CHEMBL235
Cc1ccc(OC(=O)N(CC(=O)O)Cc2ccc(OCCc3nc(-c4ccc(Cl)cc4)oc3C)cc2)cc1,6.849550590539119,1,IC50,PPARG,CHEMBL235
Cc1ccc(OC(=O)N(CC(=O)O)Cc2ccc(OCc3nc(-c4ccc(Cl)cc4)oc3C)cc2)cc1,6.605898697959955,1,IC50,PPARG,CHEMBL235
Cc1ccc(OC(=O)N(CC(=O)O)Cc2cccc(OCCc3nc(-c4ccc(Cl)cc4)oc3C)c2)cc1,6.790484985457369,1,IC50,PPARG,CHEMBL235
Cc1ccc(OC(=O)N(CC(=O)O)Cc2cccc(OCc3nc(-c4ccc(-c5ccccc5)cc4)oc3C)c2)cc1,5.701583619938706,1,IC50,PPARG,CHEMBL235
Cc1ccc(OC(=O)N(CC(=O)O)Cc2cccc(OCc3nc(-c4ccc(C#N)cc4)oc3C)c2)cc1,5.139242876918457,1,IC50,PPARG,CHEMBL235
Cc1ccc(OC(=O)N(CC(=O)O)Cc2cccc(OCc3nc(-c4ccc(C(C)(C)C)cc4)oc3C)c2)cc1,6.316052869248487,1,IC50,PPARG,CHEMBL235
Cc1ccc(OC(=O)N(CC(=O)O)Cc2cccc(OCc3nc(-c4ccc(C(C)C)cc4)oc3C)c2)cc1,6.3036436112666685,1,IC50,PPARG,CHEMBL235
Cc1ccc(OC(=O)N(CC(=O)O)Cc2cccc(OCc3nc(-c4ccc(C(F)(F)F)cc4)oc3C)c2)cc1,5.562725202589876,1,IC50,PPARG,CHEMBL235
Cc1ccc(OC(=O)N(CC(=O)O)Cc2cccc(OCc3nc(-c4ccc(C)cc4)oc3C)c2)cc1,5.866141874796665,1,IC50,PPARG,CHEMBL235
Cc1ccc(OC(=O)N(CC(=O)O)Cc2cccc(OCc3nc(-c4ccc(Cl)cc4)oc3C)c2)cc1,5.55455148573395,1,IC50,PPARG,CHEMBL235
Cc1ccc(OC(=O)N(CC(=O)O)Cc2cccc(OCc3nc(-c4ccc(Cl)cc4)sc3C)c2)cc1,5.473402290896548,1,IC50,PPARG,CHEMBL235
Cc1ccc(OC(=O)N(CC(=O)O)Cc2cccc(OCc3nc(-c4ccc(F)cc4)oc3C)c2)cc1,5.638272163982407,1,IC50,PPARG,CHEMBL235
Cc1ccc(OC(=O)N(CC(=O)O)Cc2cccc(OCc3nc(-c4ccc(N5CCOCC5)cc4)oc3C)c2)cc1,5.92299567320665,1,IC50,PPARG,CHEMBL235
Cc1ccc(OC(=O)N(CC(=O)O)Cc2cccc(OCc3nc(-c4cccc(Cl)c4)oc3C)c2)cc1,6.415668775632469,1,IC50,PPARG,CHEMBL235
Cc1ccc(OC(=O)N(CC(=O)O)Cc2cccc(OCc3nc(-c4ccccc4Cl)oc3C)c2)cc1,5.983384452442823,1,IC50,PPARG,CHEMBL235
Cc1ccc(OC(=O)N(CC(=O)O)Cc2cccc(OCc3oc(-c4ccc(Cl)cc4)nc3C)c2)cc1,5.450261268735101,1,IC50,PPARG,CHEMBL235
Cc1ccc(OC(=O)N(CC(=O)O)Cc2cccc(OCc3sc(-c4ccc(Cl)cc4)nc3C)c2)cc1,5.391794992295674,1,IC50,PPARG,CHEMBL235
Cc1ccc(OCCC2CCN(c3nc4ccc(Cl)cc4s3)CC2)cc1CC(=O)O,6.008773924307505,1,EC50,PPARG,CHEMBL235
Cc1ccc(OCCCOc2ccc3c(c2)CC[C@H]3CC(=O)O)c(C)c1,3.3300000011951703,1,EC50,PPARG,CHEMBL235
Cc1ccc(OCCCOc2ccc3c(c2)OCC3CC(=O)O)cc1,5.7423214251308154,1,EC50,PPARG,CHEMBL235
Cc1ccc(OCCOc2ccc(C[C@H](Nc3ccccc3C(=O)c3ccccc3)C(=O)O)cc2)cc1,7.029978734171634,1,Ki,PPARG,CHEMBL235
Cc1ccc(OS(=O)(=O)/C=C/c2ccccc2)cc1,6.39040559077478,1,IC50,PPARG,CHEMBL235
Cc1ccc(Oc2cc(C)c3nc(COc4cccc(C(=O)O)c4)n(C)c3c2)c(C)n1,6.090979145788844,1,EC50,PPARG,CHEMBL235
Cc1ccc(Oc2cc(OC(C)C)c3nc(COc4cccc(C(=O)O)c4)n(C)c3c2)c(C)n1,7.508638306165727,1,EC50,PPARG,CHEMBL235
Cc1ccc(Oc2cc3c(cn2)nc(COc2cccc(C(=O)O)c2)n3C)cc1,6.127261172527332,1,EC50,PPARG,CHEMBL235
Cc1ccc(Oc2ccc(OC(C)(C)C(=O)O)c(C)c2)cc1CNC(=O)c1ccc(C(F)(F)F)cc1F,7.769551078621726,1,IC50,PPARG,CHEMBL235
Cc1ccc(Oc2ccc3nc(COc4cccc(C(=O)O)c4)n(C)c3c2)c(C)n1,6.5638373529592435,1,EC50,PPARG,CHEMBL235
Cc1ccc(Oc2ccc3nc(COc4cccc(C(=O)O)c4)n(C)c3c2)c(F)c1,7.036212172654444,1,EC50,PPARG,CHEMBL235
Cc1ccc(Oc2ccc3nc(COc4cccc(C(=O)O)c4)n(C)c3c2)cc1,7.3979400086720375,1,EC50,PPARG,CHEMBL235
Cc1ccc(Oc2ccc3nc(COc4cccc(C(=O)O)c4)n(C)c3c2)cc1F,8.356547323513812,1,EC50,PPARG,CHEMBL235
Cc1ccc(Oc2ccc3nc(COc4cccc(C(=O)O)c4)n(C)c3c2)cn1,6.265200170411153,1,EC50,PPARG,CHEMBL235
Cc1ccc(Oc2ccc3nc(COc4cccc(C(=O)O)c4)n(C)c3c2)nc1,6.889410289700751,1,EC50,PPARG,CHEMBL235
Cc1ccc(Oc2ccc3nc(COc4cccc(C(=O)O)c4)n(C)c3c2)nc1C,6.75448733218585,1,EC50,PPARG,CHEMBL235
Cc1ccc(Oc2ccc3nc(COc4cccc(C(=O)O)c4)n(C)c3c2C)c(C)n1,6.61261017366127,1,EC50,PPARG,CHEMBL235
Cc1ccc(Oc2ccc3nc(COc4cccc(C(=O)O)c4)n(C)c3c2F)c(C)n1,6.609064892896621,1,EC50,PPARG,CHEMBL235
Cc1ccc(Oc2ccc3nc(COc4cccc(C(=O)O)c4)n(C)c3n2)c(C)c1,6.995678626217357,1,EC50,PPARG,CHEMBL235
Cc1ccc(Oc2ccc3nc(COc4cccc(C(=O)O)c4)n(C)c3n2)cc1,7.346787486224656,1,EC50,PPARG,CHEMBL235
Cc1ccc(Oc2ccc3nc(COc4cccc(C(=O)O)c4)n(C)c3n2)cc1C,7.045757490560675,1,EC50,PPARG,CHEMBL235
Cc1ccc(Oc2ccc3nc(COc4cccc(C(=O)O)c4)n(C)c3n2)cc1F,7.301029995663981,1,EC50,PPARG,CHEMBL235
Cc1ccc(S(=O)(=O)NC(=O)c2cc3ccccc3n2Cc2cccc(C(F)(F)F)c2)cc1,6.537602002101044,1,IC50,PPARG,CHEMBL235
Cc1ccc(S(=O)(=O)N[C@@H](CCC(=O)Nc2ccccc2)C(=O)O)cc1,3.853871964321762,1,IC50,PPARG,CHEMBL235
Cc1ccc(S(=O)(=O)Oc2ccc(S3(=O)=N[Se]c4cc(OS(=O)(=O)c5ccc(C)cc5)ccc43)cc2)cc1,6.683751108022494,2,"Ki,IC50",PPARG,CHEMBL235
Cc1ccc(S(=O)(=O)n2c(CCCC(=O)O)cc3cc(Cl)ccc32)cc1,6.557520230935552,1,EC50,PPARG,CHEMBL235
Cc1ccc(S2(=O)=N[Se]c3cc(C)ccc32)cc1,5.122245510035528,2,"Ki,IC50",PPARG,CHEMBL235
Cc1ccc([C@H](C)NC(=O)c2ccc3c(c2)c(C)c(C)n3Cc2ccc(-c3ccccc3)cc2)cc1,7.886056647693163,1,IC50,PPARG,CHEMBL235
Cc1ccc([C@H](C)NC(=O)c2ccc3c(c2)c(C)c(C)n3Cc2ccc(-c3ccccc3C(=O)O)cc2)cc1,7.174749102560817,2,"EC50,IC50",PPARG,CHEMBL235
Cc1ccc2[nH]c(-c3cccc(OCCCCCCCC(=O)O)c3)nc2c1,4.991399828238082,1,EC50,PPARG,CHEMBL235
Cc1ccc2c(-n3c(=O)n(Cc4ccc(Cl)c(O[C@H](C)C(=O)O)c4)c4cc(C(F)(F)F)ccc43)noc2c1,7.847711655616943,1,IC50,PPARG,CHEMBL235
Cc1ccc2c(c1)cc(CCCC(=O)O)n2S(=O)(=O)c1ccccc1,6.546681659952963,1,EC50,PPARG,CHEMBL235
Cc1ccc2onc(-n3c(=O)n(Cc4ccc(Cl)c(O[C@H](C)C(=O)O)c4)c4cc(C(F)(F)F)ccc43)c2c1,7.950781977329818,1,IC50,PPARG,CHEMBL235
Cc1cccc(-c2ccc(OC(Cc3ccccc3)C(=O)O)cc2)c1,6.337242168318426,1,EC50,PPARG,CHEMBL235
Cc1cccc(-c2ccc(OCCCOc3ccc4c(c3)CC[C@H]4CC(=O)O)cc2)n1,2.739999999668255,1,EC50,PPARG,CHEMBL235
Cc1cccc(-c2nc(CCOc3ccc(CC4(C(=O)O)CCCO4)cn3)c(C)o2)c1,7.795880017344075,1,Ki,PPARG,CHEMBL235
Cc1cccc(-c2nc(CCOc3ccc(CC4(C(=O)O)CCCO4)nc3)c(C)o2)c1,7.366531544420414,1,Ki,PPARG,CHEMBL235
Cc1cccc(-c2nc3cc(NC(=O)c4cc(C(=O)NCc5ccc(F)c(F)c5)c(F)cc4Cl)ccc3o2)c1,7.409364114220269,2,"EC50,IC50",PPARG,CHEMBL235
Cc1cccc(-c2nc3cc(NC(=O)c4cc([N+](=O)[O-])ccc4Cl)ccc3o2)c1,7.315392071294928,2,"EC50,IC50",PPARG,CHEMBL235
Cc1cccc(C(=O)c2ccccc2NC(Cc2ccc(OCCN(C)c3nc4ccccc4o3)cc2)C(=O)O)c1,8.569924944448061,1,Ki,PPARG,CHEMBL235
Cc1cccc(C)c1-c1ccc(O[C@@H](Cc2ccccc2)C(=O)O)cc1,5.5951662833800615,1,EC50,PPARG,CHEMBL235
Cc1cccc(C)c1COC(=O)Cc1ccc(SCc2ccccc2C(=O)O)cc1,4.7447274948966935,1,EC50,PPARG,CHEMBL235
Cc1cccc(C)c1COC(=O)Cc1cccc(SCc2ccccc2C(=O)O)c1,5.42021640338319,1,EC50,PPARG,CHEMBL235
Cc1cccc(CCCOCCOc2ccc(C[C@H](Nc3ccccc3C(=O)c3ccccc3)C(=O)O)cc2)n1,6.119998611678231,1,Ki,PPARG,CHEMBL235
Cc1cccc(CCCOc2ccc(C[C@H](Nc3ccccc3C(=O)c3ccccc3)C(=O)O)cc2)n1,5.990001269951939,1,Ki,PPARG,CHEMBL235
Cc1cccc(CNC(=O)c2ccc(Cl)c(C(=O)Nc3ccccc3)c2)c1,5.522878745280337,1,EC50,PPARG,CHEMBL235
Cc1cccc(CNC(=O)c2ccc3c(c2)c(C)c(C)n3Cc2ccc(-c3ccccc3C(=O)O)cc2)c1,7.68071778876395,3,"EC50,IC50",PPARG,CHEMBL235
Cc1cccc(COc2ccc(C[C@H](Nc3ccccc3C(=O)c3ccccc3)C(=O)O)cc2)c1,6.009998764965339,1,Ki,PPARG,CHEMBL235
Cc1cccc(Nc2cc(Br)nc(SCC(=O)O)n2)c1C,4.87942606879415,1,EC50,PPARG,CHEMBL235
Cc1cccc(Nc2cc(Cl)nc(OCCC(=O)O)n2)c1C,4.853871964321762,1,EC50,PPARG,CHEMBL235
Cc1cccc(Nc2cc(Cl)nc(SC(C(=O)O)c3ccc(-c4ccccc4)c4ccccc34)n2)c1C,5.346787486224656,1,EC50,PPARG,CHEMBL235
Cc1cccc(Nc2cc(Cl)nc(SC(C(=O)O)c3cccc4ccccc34)n2)c1C,5.207608310501746,2,"EC50,IC50",PPARG,CHEMBL235
Cc1cccc(Nc2cc(Cl)nc(SC(C(=O)O)c3ccccc3)n2)c1C,4.522878745280337,1,EC50,PPARG,CHEMBL235
Cc1cccc(Nc2cc(Cl)nc(SC(C)(C)C(=O)O)n2)c1C,4.886056647693163,1,EC50,PPARG,CHEMBL235
Cc1cccc(Nc2cc(Cl)nc(SC(C)C(=O)O)n2)c1C,4.886056647693163,1,EC50,PPARG,CHEMBL235
Cc1cccc(Nc2cc(Cl)nc(SCC(=O)O)n2)c1,4.552841968657781,1,EC50,PPARG,CHEMBL235
Cc1cccc(Nc2cc(Cl)nc(SCC(=O)O)n2)c1C,4.567782630011388,6,"EC50,IC50",PPARG,CHEMBL235
Cc1cccc(Nc2ccnc(SCC(=O)O)n2)c1C,4.443697499232713,1,EC50,PPARG,CHEMBL235
Cc1cccc(OCCCOc2ccc3c(c2)CC[C@H]3CC(=O)O)c1,3.900000004068662,1,EC50,PPARG,CHEMBL235
Cc1cccc(OCCCOc2ccc3c(c2)OCC3CC(=O)O)c1,5.756961951313706,1,EC50,PPARG,CHEMBL235
Cc1cccc(OS(=O)(=O)/C=C/c2ccccc2)c1,5.925549281045409,1,IC50,PPARG,CHEMBL235
Cc1cccc(Oc2ccc3nc(COc4cccc(C(=O)O)c4)n(C)c3c2)c1,7.102372908709558,1,EC50,PPARG,CHEMBL235
Cc1cccc(Oc2ccc3nc(COc4cccc(C(=O)O)c4)n(C)c3c2)n1,5.722390785695909,1,EC50,PPARG,CHEMBL235
Cc1cccc(S(=O)(=O)n2c(CCCC(=O)O)cc3cc(Cl)ccc32)c1,7.1249387366083,1,EC50,PPARG,CHEMBL235
Cc1cccc(S2(=O)=N[Se]c3ccc(C)cc32)c1,5.305131751681202,2,"Ki,IC50",PPARG,CHEMBL235
Cc1cccc([C@H](C)NC(=O)c2ccc3c(c2)c(C)c(C)n3Cc2ccc(-c3ccccc3C(=O)O)cc2)c1,7.958607314841775,1,IC50,PPARG,CHEMBL235
Cc1cccc2c(-n3c(=O)n(Cc4ccc(Cl)c(O[C@H](C)C(=O)O)c4)c4cc(C(F)(F)F)ccc43)noc12,8.036212172654444,1,IC50,PPARG,CHEMBL235
Cc1ccccc1-c1ccc(/N=N/c2ccc(CC3SC(=O)NC3=O)cc2)cc1,5.552841968657781,1,EC50,PPARG,CHEMBL235
Cc1ccccc1-c1ccc(/N=N\c2ccc(CC3SC(=O)NC3=O)cc2)cc1,5.619788758288394,2,EC50,PPARG,CHEMBL235
Cc1ccccc1-c1ccc(O[C@@H](Cc2ccccc2)C(=O)O)cc1,5.866461091629782,1,EC50,PPARG,CHEMBL235
Cc1ccccc1-c1ccc(O[C@@H](Cc2ccccc2)C(=O)O)cc1C,6.1938200260161125,1,EC50,PPARG,CHEMBL235
Cc1ccccc1-c1nc2cc(NC(=O)c3cc([N+](=O)[O-])ccc3Cl)ccc2o1,7.496981022501341,2,"EC50,IC50",PPARG,CHEMBL235
Cc1ccccc1C(=O)c1ccccc1NC(Cc1ccc(OCCN(C)c2nc3ccccc3o2)cc1)C(=O)O,8.64994590642097,1,Ki,PPARG,CHEMBL235
Cc1ccccc1CC(Oc1ccc(Cl)cc1)C(=O)O,5.068542129310995,1,EC50,PPARG,CHEMBL235
Cc1ccccc1CCOc1ccc(C[C@H](Nc2ccccc2C(=O)c2ccccc2)C(=O)O)cc1,6.890016705180107,1,Ki,PPARG,CHEMBL235
Cc1ccccc1CNC(=O)c1ccc(Cl)c(C(=O)Nc2ccccc2)c1,5.867496697169706,2,"EC50,IC50",PPARG,CHEMBL235
Cc1ccccc1CNC(=O)c1ccc2c(c1)c(C)c(C)n2Cc1ccc(-c2ccccc2C(=O)O)cc1,7.547660140316776,3,"EC50,IC50",PPARG,CHEMBL235
Cc1ccccc1COc1ccc(C[C@H](Nc2ccccc2C(=O)c2ccccc2)C(=O)O)cc1,6.429994423238211,1,Ki,PPARG,CHEMBL235
Cc1ccccc1NC(=O)c1cc(C(=O)NCc2ccccc2)c(F)cc1Cl,7.290683656322967,2,"EC50,IC50",PPARG,CHEMBL235
Cc1ccccc1Nc1cc(Cl)nc(SCC(=O)O)n1,4.481486060122113,1,EC50,PPARG,CHEMBL235
Cc1ccccc1OCCCOc1ccc2c(c1)OCC2CC(=O)O,5.694648630553376,1,EC50,PPARG,CHEMBL235
Cc1ccccc1Oc1ccc2nc(COc3cccc(C(=O)O)c3)n(C)c2c1,7.251811972993799,1,EC50,PPARG,CHEMBL235
Cc1ccccc1S(=O)(=O)NC(=O)c1cc2ccccc2n1Cc1cccc(C(F)(F)F)c1,6.7447274948966935,1,IC50,PPARG,CHEMBL235
Cc1ccccc1S1(=O)=N[Se]c2cccc(C)c21,4.628569355813328,2,"Ki,IC50",PPARG,CHEMBL235
Cc1ccccc1[C@H](C)NC(=O)c1ccc2c(c1)c(C)c(C)n2Cc1ccc(-c2ccccc2C(=O)O)cc1,7.9594800519375,3,"EC50,IC50",PPARG,CHEMBL235
Cc1cccnc1NC(=O)c1cc(C(=O)NCc2ccc(F)c(F)c2)c(F)cc1Cl,6.670994301671444,2,"EC50,IC50",PPARG,CHEMBL235
Cc1cccnc1Oc1ccc2nc(COc3cccc(C(=O)O)c3)n(C)c2c1,6.454692883534176,1,EC50,PPARG,CHEMBL235
Cc1ccnc(N2C[C@@H](Cc3ccc(OCCc4nc(-c5ccccc5)oc4C)cc3)[C@@H](C(=O)O)C2)n1,6.273723468385537,2,"EC50,IC50",PPARG,CHEMBL235
Cc1ccnc(Oc2ccc3nc(COc4cccc(C(=O)O)c4)n(C)c3c2)c1,6.339134521996131,1,EC50,PPARG,CHEMBL235
Cc1ccsc1-c1nc(CCOc2ccc(C[C@H](Nc3ccccc3C(=O)c3ccccc3)C(=O)O)cc2)c(C)o1,8.720105019988361,1,Ki,PPARG,CHEMBL235
Cc1cn(Cc2ccc(-c3ccccc3C(=O)O)cc2)c2ccc(C(=O)N[C@@H](C)c3ccc(Br)cc3)cc12,7.619788758288394,1,IC50,PPARG,CHEMBL235
Cc1cn(Cc2ccc(-c3ccccc3C(=O)O)cc2)c2ccc(C(=O)N[C@@H](C)c3ccc([N+](=O)[O-])cc3)cc12,6.899629454882437,1,IC50,PPARG,CHEMBL235
Cc1cnc(Oc2cc(OC(C)C)c3nc(COc4cccc(C(=O)O)c4)n(C)c3c2)c(C)c1,7.2441251443275085,1,EC50,PPARG,CHEMBL235
Cc1cnc(Oc2ccc3nc(COc4cccc(C(=O)O)c4)n(C)c3c2)c(C)c1,7.387216143280265,3,EC50,PPARG,CHEMBL235
Cc1cnc(Oc2ccc3nc(COc4cccc(C(=O)O)c4)n(C)c3c2)c(F)c1,7.366531544420414,1,EC50,PPARG,CHEMBL235
Cc1cncc(-c2nc3cc(NC(=O)c4cc([N+](=O)[O-])ccc4Cl)ccc3o2)c1,9.49148333035061,2,"EC50,IC50",PPARG,CHEMBL235
Cc1cncc(Oc2c(Cl)cc(NS(=O)(=O)c3ccc(Cl)cc3Cl)cc2Cl)c1,7.383501944803923,2,"EC50,IC50",PPARG,CHEMBL235
Cc1cncc(Oc2ccc3nc(COc4cccc(C(=O)O)c4)n(C)c3c2)c1,6.108462542327436,1,EC50,PPARG,CHEMBL235
Cc1coc2c1C(=O)C(=O)c1c-2ccc2c1CCCC2(C)C,5.59176003468815,1,Ki,PPARG,CHEMBL235
Cc1nc(-c2ccc(C(F)(F)F)c(F)c2)sc1COc1ccc(/C=C/C(=O)O)cc1,4.87942606879415,1,EC50,PPARG,CHEMBL235
Cc1nc(-c2ccc(C(F)(F)F)c(F)c2)sc1CSc1ccc(/C=C/C(=O)O)cc1,5.886056647693163,1,EC50,PPARG,CHEMBL235
Cc1nc(-c2ccc(C(F)(F)F)cc2)oc1COc1ccc(CCC(=O)O)cc1,5.481486060122112,1,EC50,PPARG,CHEMBL235
Cc1nc(-c2ccc(C(F)(F)F)cc2)oc1COc1ccc(OCC(=O)O)cc1,5.008773924307505,1,EC50,PPARG,CHEMBL235
Cc1nc(-c2ccc(C(F)(F)F)cc2)oc1CSc1ccc(OCC(=O)O)cc1,5.1938200260161125,1,EC50,PPARG,CHEMBL235
Cc1nc(-c2ccc(C(F)(F)F)cc2)sc1CN(C)c1ccc(/C=C/C(=O)O)cc1,4.607303046740334,1,EC50,PPARG,CHEMBL235
Cc1nc(-c2ccc(C(F)(F)F)cc2)sc1CNc1ccc(/C=C/C(=O)O)cc1,5.277366077466188,1,EC50,PPARG,CHEMBL235
Cc1nc(-c2ccc(C(F)(F)F)cc2)sc1COc1ccc(CC(=O)O)cc1,5.102372908709558,1,EC50,PPARG,CHEMBL235
Cc1nc(-c2ccc(C(F)(F)F)cc2)sc1COc1ccc(CCC(=O)O)cc1,5.152427340857888,1,EC50,PPARG,CHEMBL235
Cc1nc(-c2ccc(C(F)(F)F)cc2)sc1COc1ccc2c(c1)OC[C@H]2CC(=O)O,6.327902142064282,1,EC50,PPARG,CHEMBL235
Cc1nc(-c2ccc(C(F)(F)F)cc2)sc1CSc1ccc(/C=C/C(=O)O)cc1,4.769551078621726,1,EC50,PPARG,CHEMBL235
Cc1nc(-c2ccc(Cl)cc2)sc1C(=O)N[C@H]1CCCN(c2cccc(C(=O)O)c2)C1,5.099092415709281,2,EC50,PPARG,CHEMBL235
Cc1nc(-c2ccc(OCCCOc3ccc4c(c3)CC[C@H]4CC(=O)O)cc2)sc1C,2.439999999725008,1,EC50,PPARG,CHEMBL235
Cc1nc(-c2ccc(OCCCOc3ccc4c(c3)CC[C@H]4CC(=O)O)cc2)sc1C(=O)O,2.489999999905554,1,EC50,PPARG,CHEMBL235
Cc1nc(-c2cccc(C(F)(F)F)c2)sc1CNCc1ccc(OC(C)(C)C(=O)O)cc1,4.6020599913279625,1,EC50,PPARG,CHEMBL235
Cc1nc(-c2ccccc2)nn1CCOc1ccc(C[C@H](Nc2ccccc2C(=O)c2ccccc2)C(=O)O)cc1,8.320027305722581,1,Ki,PPARG,CHEMBL235
Cc1nc2cc(S(=O)(=O)n3c(CCCC(=O)O)cc4cc(Cl)ccc43)ccc2s1,6.756961951313706,1,EC50,PPARG,CHEMBL235
Cc1nc2ccc(Br)cc2c(=O)n1CC(=O)Nc1ccc(S(=O)(=O)NC(=O)NC2CCCCC2)cc1,6.452225294612178,1,IC50,PPARG,CHEMBL235
Cc1nc2ccc(S(=O)(=O)n3c(CCCC(=O)O)cc4cc(Cl)ccc43)cc2s1,7.958607314841775,1,EC50,PPARG,CHEMBL235
Cc1nc2ccccc2c(=O)n1CC(=O)Nc1ccc(S(=O)(=O)NC(=O)NC2CCCCC2)cc1,6.333482019445119,1,IC50,PPARG,CHEMBL235
Cc1nc2ccccc2n(CC(=O)Nc2ccc(S(=O)(=O)NC(=O)NC3CCCCC3)cc2)c1=O,5.8574464852165935,2,IC50,PPARG,CHEMBL235
Cc1nc2ccccc2n(CC(=O)Nc2ccc(S(=O)(=O)NC(=O)Nc3ccccc3)cc2)c1=O,5.3979400086720375,1,IC50,PPARG,CHEMBL235
Cc1nc2ccccc2n(CC(=O)Nc2ccc(S(=O)(=O)NC(=S)NC3CCCCC3)cc2)c1=O,5.926935982160881,2,IC50,PPARG,CHEMBL235
Cc1nc2ccccc2n(CC(=O)Nc2ccc(S(=O)(=O)NC(=S)Nc3ccccc3)cc2)c1=O,5.3979400086720375,1,IC50,PPARG,CHEMBL235
Cc1ncccc1-c1cc2cc(CCC(=O)O)ccc2[nH]1,4.244887733604929,1,EC50,PPARG,CHEMBL235
Cc1ncsc1CCOc1ccc(C[C@H](Nc2ccccc2C(=O)c2ccccc2)C(=O)O)cc1,7.2900159334316,2,Ki,PPARG,CHEMBL235
Cc1oc(-c2ccc(-c3ccccc3)cc2)nc1CCOc1ccc(CC(C)(Oc2ccccc2)C(=O)O)cc1,8.154901959985743,1,EC50,PPARG,CHEMBL235
Cc1oc(-c2ccc(-c3ccccc3)cc2)nc1CCOc1ccc(CCC(=O)O)c(CNC(=O)OC(C)C)c1,7.524574270555727,4,"EC50,IC50",PPARG,CHEMBL235
Cc1oc(-c2ccc(-c3ccccc3)cc2)nc1CCOc1ccc(CCC(=O)O)c(CNC(=O)Oc2cnccn2)c1,8.1419983281826,2,"EC50,IC50",PPARG,CHEMBL235
Cc1oc(-c2ccc(-c3ccccc3)cc2)nc1CCOc1ccc(CCC(=O)O)c2c1CCN(C(=O)OCC(C)(C)C)C2,7.763621775341393,2,"EC50,IC50",PPARG,CHEMBL235
Cc1oc(-c2ccc(-c3ccccc3)cc2)nc1CCOc1ccc(C[C@H](OCC(F)(F)F)C(=O)O)c2ccccc12,8.096910013008056,1,IC50,PPARG,CHEMBL235
Cc1oc(-c2ccc(-c3ccccc3)cc2)nc1CCOc1ccc(OC(C)(C)C(=O)O)cc1,6.1577263736848495,4,"Ki,EC50,IC50",PPARG,CHEMBL235
Cc1oc(-c2ccc(-c3ncccn3)cc2)nc1CCOc1ccc(CCC(=O)O)c(CNC(=O)OC(C)C)c1,7.849485002168009,2,"EC50,IC50",PPARG,CHEMBL235
Cc1oc(-c2ccc(Br)cc2)nc1CCOc1ccc(OC(C)(C)C(=O)O)cc1,5.553449500540125,2,"EC50,IC50",PPARG,CHEMBL235
Cc1oc(-c2ccc(C#N)cc2)nc1CCOc1ccc(CC2(C(=O)O)CCCO2)cn1,6.476253533188435,1,Ki,PPARG,CHEMBL235
Cc1oc(-c2ccc(C(C)C)cc2)nc1CCOc1ccc(C[C@H](OCC2CC2)C(=O)O)c2sccc12,8.301029995663981,1,IC50,PPARG,CHEMBL235
Cc1oc(-c2ccc(C(F)(F)F)cc2)nc1CCOc1ccc(CC2(C(=O)O)CCCO2)cn1,7.026872146400302,1,Ki,PPARG,CHEMBL235
Cc1oc(-c2ccc(C(F)(F)F)cc2)nc1Cn1ccc2cc(CC(OC(C)C)C(=O)O)ccc21,6.856985199745905,1,IC50,PPARG,CHEMBL235
Cc1oc(-c2ccc(Cl)cc2)nc1CCOc1ccc(CC2(C(=O)O)CCCO2)cn1,7.2839966563652006,1,Ki,PPARG,CHEMBL235
Cc1oc(-c2ccc(Cl)cc2)nc1CCOc1ccc(CC2(C(=O)O)CCCO2)nc1,6.522878745280337,1,Ki,PPARG,CHEMBL235
Cc1oc(-c2ccc(Cl)cc2)nc1CCOc1cccc(C[C@@H]2C(=O)N(c3ccc(C(C)(C)C)cc3)[C@@H]2C(=O)O)c1,6.173925197299173,1,IC50,PPARG,CHEMBL235
Cc1oc(-c2ccc(Cl)cc2)nc1COc1ccc(F)c(CN(CC(=O)O)C(=O)OCC(C)C)c1,5.822752163744377,1,EC50,PPARG,CHEMBL235
Cc1oc(-c2ccc(Cl)cc2)nc1COc1ccc(F)c(CN(CC(=O)O)C(=O)OCCCF)c1,5.358228529346041,1,EC50,PPARG,CHEMBL235
Cc1oc(-c2ccc(Cl)cc2)nc1COc1cccc(CN(CC(=O)O)C(=O)OC2CCC2)c1,5.276298106008732,1,IC50,PPARG,CHEMBL235
Cc1oc(-c2ccc(Cl)cc2)nc1COc1cccc(CN(CC(=O)O)C(=O)OC2CCCC2)c1,5.02484402159331,1,IC50,PPARG,CHEMBL235
Cc1oc(-c2ccc(Cl)cc2)nc1COc1cccc(CN(CC(=O)O)C(=O)OC2CCCCC2)c1,5.346980548900387,1,IC50,PPARG,CHEMBL235
Cc1oc(-c2ccc(Cl)cc2)nc1COc1cccc(CN(CC(=O)O)C(=O)OCC2CC2)c1,5.2727841790915075,1,IC50,PPARG,CHEMBL235
Cc1oc(-c2ccc(F)cc2)nc1CCOc1ccc(C[C@H](Nc2ccccc2C(=O)c2ccccc2)C(=O)O)cc1,9.349972501669184,2,"Ki,EC50",PPARG,CHEMBL235
Cc1oc(-c2ccc(Oc3ccccc3)cc2)nc1CCOc1ccc(CCC(=O)O)c(CNC(=O)OC(C)C)c1,8.0,2,"EC50,IC50",PPARG,CHEMBL235
Cc1oc(-c2cccc(-c3ccccc3)c2)nc1CCOc1ccc(CC(C)(Oc2ccccc2)C(=O)O)cc1,8.221848749616356,1,EC50,PPARG,CHEMBL235
Cc1oc(-c2cccc(C(F)(F)F)c2)nc1CCOc1ccc(CC2(C(=O)O)CCCO2)cn1,7.823908740944319,1,Ki,PPARG,CHEMBL235
Cc1oc(-c2cccc(Cl)c2)nc1CCOc1ccc(CC2(C(=O)O)CCCO2)cn1,7.958607314841775,1,Ki,PPARG,CHEMBL235
Cc1oc(-c2cccc(Cl)c2)nc1CCOc1cccc(C[C@@H]2C(=O)N(c3ccc(C(C)(C)C)cc3)[C@@H]2C(=O)O)c1,6.6020599913279625,1,IC50,PPARG,CHEMBL235
Cc1oc(-c2cccc[s+]2)nc1CCOc1ccc(C[C@@](C)(Oc2ccccc2)C(=O)O)cc1,8.400007822415901,1,EC50,PPARG,CHEMBL235
Cc1oc(-c2ccccc2)nc1C/C=C/c1ccc(C[C@@H](C(=O)O)n2cccc2)cc1,6.5934598195660445,1,IC50,PPARG,CHEMBL235
Cc1oc(-c2ccccc2)nc1C/C=C/c1ccc(C[C@H](C(=O)O)n2cccc2)cc1,5.585026652029182,1,IC50,PPARG,CHEMBL235
Cc1oc(-c2ccccc2)nc1CC#Cc1ccc(CC(C(=O)O)c2ccc(-c3ccccc3)cc2)cc1,5.657577319177793,1,IC50,PPARG,CHEMBL235
Cc1oc(-c2ccccc2)nc1CC#Cc1ccc(CC(C(=O)O)c2cccc(-c3ccccc3)c2)cc1,5.552841968657781,1,IC50,PPARG,CHEMBL235
Cc1oc(-c2ccccc2)nc1CC#Cc1ccc(CC(C(=O)O)c2cccnc2)cc1,4.585026652029182,1,IC50,PPARG,CHEMBL235
Cc1oc(-c2ccccc2)nc1CC#Cc1ccc(C[C@@H](C(=O)O)n2cccc2)cc1,6.53313237964589,1,IC50,PPARG,CHEMBL235
Cc1oc(-c2ccccc2)nc1CC(=O)OCc1ccc(CC(SCCc2ccc(F)cc2)C(=O)O)cc1,6.2018114280012,2,EC50,PPARG,CHEMBL235
Cc1oc(-c2ccccc2)nc1CCCOc1ccc(CC2(C(=O)O)CCCO2)cn1,6.09151498112135,1,Ki,PPARG,CHEMBL235
Cc1oc(-c2ccccc2)nc1CCCc1ccc(CC(C(=O)O)c2ccc(-c3ccccc3)cc2)cc1,6.231361898752386,1,IC50,PPARG,CHEMBL235
Cc1oc(-c2ccccc2)nc1CCCc1ccc(CC(C(=O)O)c2cccc(-c3ccccc3)c2)cc1,5.552841968657781,1,IC50,PPARG,CHEMBL235
Cc1oc(-c2ccccc2)nc1CCCc1ccc(CC(C(=O)O)c2ccccc2)cc1,5.3979400086720375,1,IC50,PPARG,CHEMBL235
Cc1oc(-c2ccccc2)nc1CCCc1ccc(CC(C(=O)O)c2cccnc2)cc1,4.657577319177793,1,IC50,PPARG,CHEMBL235
Cc1oc(-c2ccccc2)nc1CCCc1ccc(CC(C(=O)O)c2ccsc2)cc1,5.795880017344075,1,IC50,PPARG,CHEMBL235
Cc1oc(-c2ccccc2)nc1CCCc1ccc(CC(C(=O)O)n2cccn2)cc1,6.485452247339714,1,IC50,PPARG,CHEMBL235
Cc1oc(-c2ccccc2)nc1CCCc1ccc(CC(C(=O)O)n2nccn2)cc1,8.301029995663981,1,IC50,PPARG,CHEMBL235
Cc1oc(-c2ccccc2)nc1CCCc1ccc(C[C@@H](C(=O)O)n2cccc2)cc1,6.732828271596986,2,IC50,PPARG,CHEMBL235
Cc1oc(-c2ccccc2)nc1CCCc1ccc(C[C@@H](C(=O)O)n2cccn2)cc1,6.838631997765026,1,IC50,PPARG,CHEMBL235
Cc1oc(-c2ccccc2)nc1CCCc1ccc(C[C@@H](C(=O)O)n2nccn2)cc1,8.522878745280337,1,IC50,PPARG,CHEMBL235
Cc1oc(-c2ccccc2)nc1CCCc1ccc(C[C@H](C(=O)O)n2cccc2)cc1,5.508638306165727,1,IC50,PPARG,CHEMBL235
Cc1oc(-c2ccccc2)nc1CCCc1ccc(C[C@H](C(=O)O)n2cccn2)cc1,4.481486060122113,1,IC50,PPARG,CHEMBL235
Cc1oc(-c2ccccc2)nc1CCCc1ccc(C[C@H](C(=O)O)n2ccnn2)cc1,4.853871964321762,1,IC50,PPARG,CHEMBL235
Cc1oc(-c2ccccc2)nc1CCCc1ccc(C[C@H](C(=O)O)n2cncn2)cc1,4.7447274948966935,1,IC50,PPARG,CHEMBL235
Cc1oc(-c2ccccc2)nc1CCNc1ccc(C[C@@H](C(=O)O)n2cccc2)cc1,5.795880017344075,1,IC50,PPARG,CHEMBL235
Cc1oc(-c2ccccc2)nc1CCOC(=O)c1ccc(CC(SCCc2ccc(F)cc2)C(=O)O)cc1,7.050637409205253,2,EC50,PPARG,CHEMBL235
Cc1oc(-c2ccccc2)nc1CCOc1ccc(-c2nn(-c3ccccc3)nc2C(=O)O)cc1,5.502281128431933,2,"EC50,IC50",PPARG,CHEMBL235
Cc1oc(-c2ccccc2)nc1CCOc1ccc(-c2nn(-c3ccccc3)nc2CC(=O)O)cc1,5.849961076117151,2,"EC50,IC50",PPARG,CHEMBL235
Cc1oc(-c2ccccc2)nc1CCOc1ccc(CC(C(=O)O)C(C)(C)C)cn1,4.920818753952375,1,Ki,PPARG,CHEMBL235
Cc1oc(-c2ccccc2)nc1CCOc1ccc(CC(C(=O)O)C(C)C)cn1,5.055517327849831,1,Ki,PPARG,CHEMBL235
Cc1oc(-c2ccccc2)nc1CCOc1ccc(CC(C)(C)C(=O)O)cn1,5.292429823902063,1,Ki,PPARG,CHEMBL235
Cc1oc(-c2ccccc2)nc1CCOc1ccc(CC(C)(Oc2ccccc2)C(=O)O)cc1,7.920818753952375,2,"EC50,IC50",PPARG,CHEMBL235
Cc1oc(-c2ccccc2)nc1CCOc1ccc(CC(C)C(=O)O)cn1,5.6777807052660805,1,Ki,PPARG,CHEMBL235
Cc1oc(-c2ccccc2)nc1CCOc1ccc(CC(CC(C)C)C(=O)O)cn1,6.443697499232712,1,Ki,PPARG,CHEMBL235
Cc1oc(-c2ccccc2)nc1CCOc1ccc(CC(Nc2ccccc2C(=O)N(C)C)C(=O)O)cc1,6.599997654072045,1,Ki,PPARG,CHEMBL235
Cc1oc(-c2ccccc2)nc1CCOc1ccc(CC(Nc2ccccc2C(=O)OC(C)C)C(=O)O)cc1,9.010016541698601,1,Ki,PPARG,CHEMBL235
Cc1oc(-c2ccccc2)nc1CCOc1ccc(CC(Nc2ccccc2C(=O)c2ccc(C(=O)O)cc2)C(=O)O)cc1,6.190002844637807,1,Ki,PPARG,CHEMBL235
Cc1oc(-c2ccccc2)nc1CCOc1ccc(CC(Nc2ccccc2C(=O)c2ccc(CN(C)C)cc2)C(=O)O)cc1,7.809948582240794,1,Ki,PPARG,CHEMBL235
Cc1oc(-c2ccccc2)nc1CCOc1ccc(CC(Nc2ccccc2C(=O)c2ccc(CO)cc2)C(=O)O)cc1,8.379968104873702,1,Ki,PPARG,CHEMBL235
Cc1oc(-c2ccccc2)nc1CCOc1ccc(CC(Nc2ccccc2C(=O)c2cccc(C(=O)O)c2)C(=O)O)cc1,6.090000275786018,1,Ki,PPARG,CHEMBL235
Cc1oc(-c2ccccc2)nc1CCOc1ccc(CC(Nc2ccccc2C(=O)c2cccc(CN(C)C)c2)C(=O)O)cc1,5.940001369850309,1,Ki,PPARG,CHEMBL235
Cc1oc(-c2ccccc2)nc1CCOc1ccc(CC(Nc2ccccc2C(=O)c2cccc(CO)c2)C(=O)O)cc1,8.47005659834133,1,Ki,PPARG,CHEMBL235
Cc1oc(-c2ccccc2)nc1CCOc1ccc(CC(Nc2ccccc2C(=O)c2cccc(N)c2)C(=O)O)cc1,8.489991487059765,1,Ki,PPARG,CHEMBL235
Cc1oc(-c2ccccc2)nc1CCOc1ccc(CC(Nc2ccccc2C(=O)c2cccnc2)C(=O)O)cc1,9.029978734171634,1,Ki,PPARG,CHEMBL235
Cc1oc(-c2ccccc2)nc1CCOc1ccc(CC(Nc2ccccc2C(=O)c2ccncc2)C(=O)O)cc1,8.739928612014925,1,Ki,PPARG,CHEMBL235
Cc1oc(-c2ccccc2)nc1CCOc1ccc(CC(OCC(C)C)C(=O)O)c2sccc12,8.522878745280337,1,IC50,PPARG,CHEMBL235
Cc1oc(-c2ccccc2)nc1CCOc1ccc(CC(Oc2ccccc2)C(=O)O)cc1,6.4089353929735005,1,EC50,PPARG,CHEMBL235
Cc1oc(-c2ccccc2)nc1CCOc1ccc(CC2(C(=O)O)CC2)cn1,5.09799710864927,1,Ki,PPARG,CHEMBL235
Cc1oc(-c2ccccc2)nc1CCOc1ccc(CC2(C(=O)O)CCC2)cn1,6.404503778174426,1,Ki,PPARG,CHEMBL235
Cc1oc(-c2ccccc2)nc1CCOc1ccc(CC2(C(=O)O)CCCCC2)cn1,5.455931955649724,1,Ki,PPARG,CHEMBL235
Cc1oc(-c2ccccc2)nc1CCOc1ccc(CC2(C(=O)O)CCCCO2)cn1,7.0915149811213505,1,Ki,PPARG,CHEMBL235
Cc1oc(-c2ccccc2)nc1CCOc1ccc(CC2(C(=O)O)CCCCO2)nc1,5.958607314841775,1,Ki,PPARG,CHEMBL235
Cc1oc(-c2ccccc2)nc1CCOc1ccc(CC2(C(=O)O)CCCO2)cn1,7.42021640338319,1,Ki,PPARG,CHEMBL235
Cc1oc(-c2ccccc2)nc1CCOc1ccc(CC2(C(=O)O)CCCO2)nc1,6.6777807052660805,1,Ki,PPARG,CHEMBL235
Cc1oc(-c2ccccc2)nc1CCOc1ccc(CC2(C(=O)O)CCOC2)cn1,4.769551078621726,1,Ki,PPARG,CHEMBL235
Cc1oc(-c2ccccc2)nc1CCOc1ccc(CC2=C(C(=O)O)CCN(C(=O)OCC(C)C)C2)cc1,5.931814138253838,1,IC50,PPARG,CHEMBL235
Cc1oc(-c2ccccc2)nc1CCOc1ccc(CC2C(=O)NOC2=O)cc1,7.080921907623926,1,EC50,PPARG,CHEMBL235
Cc1oc(-c2ccccc2)nc1CCOc1ccc(CC2CN(C(=O)OCC(C)C)CCC2C(=O)O)cc1,6.667561540084394,1,IC50,PPARG,CHEMBL235
Cc1oc(-c2ccccc2)nc1CCOc1ccc(CC2SC(=O)NC2=O)cc1,8.10692037540547,3,"Ki,EC50,IC50",PPARG,CHEMBL235
Cc1oc(-c2ccccc2)nc1CCOc1ccc(CCC(=O)O)c(CNC(=O)CCc2ccccc2)c1,6.392499969980862,2,"EC50,IC50",PPARG,CHEMBL235
Cc1oc(-c2ccccc2)nc1CCOc1ccc(CCC(=O)O)c(CNC(=O)NCc2ccccc2)c1,5.86120639372562,2,"EC50,IC50",PPARG,CHEMBL235
Cc1oc(-c2ccccc2)nc1CCOc1ccc(CCC(=O)O)c(CNC(=O)OC(C)C)c1,7.840968332518619,2,"EC50,IC50",PPARG,CHEMBL235
Cc1oc(-c2ccccc2)nc1CCOc1ccc(CCC(=O)O)c(CNC(=O)OCc2ccccc2)c1,6.990130383662647,2,"EC50,IC50",PPARG,CHEMBL235
Cc1oc(-c2ccccc2)nc1CCOc1ccc(CCC(=O)O)c(CNC(=O)Oc2cnccn2)c1,7.9622265193037345,2,"EC50,IC50",PPARG,CHEMBL235
Cc1oc(-c2ccccc2)nc1CCOc1ccc(CCC(=O)O)c(CNS(=O)(=O)Cc2ccccc2)c1,6.710428444178092,2,"EC50,IC50",PPARG,CHEMBL235
Cc1oc(-c2ccccc2)nc1CCOc1ccc(CCC(=O)O)c2c1CCN(C(=O)OCC(C)C)C2,7.933230545814891,2,"EC50,IC50",PPARG,CHEMBL235
Cc1oc(-c2ccccc2)nc1CCOc1ccc(CCC2=C(C(=O)O)CCN(C(=O)OCC(C)C)C2)cc1,6.5934598195660445,1,IC50,PPARG,CHEMBL235
Cc1oc(-c2ccccc2)nc1CCOc1ccc(CCC2CN(C(=O)OCC(C)C)CCC2C(=O)O)cc1,6.148130399270234,1,IC50,PPARG,CHEMBL235
Cc1oc(-c2ccccc2)nc1CCOc1ccc(CC[C@@H]2CN(C(=O)Oc3ccccc3)C[C@@H]2C(=O)O)cc1,6.920818753952375,2,"EC50,IC50",PPARG,CHEMBL235
Cc1oc(-c2ccccc2)nc1CCOc1ccc(CC[C@H]2CN(C(=O)Oc3ccccc3)C[C@@H]2C(=O)O)cc1,6.468521082957745,1,IC50,PPARG,CHEMBL235
Cc1oc(-c2ccccc2)nc1CCOc1ccc(CN(CC(=O)O)Cc2ccc(-c3ccccc3Cl)o2)cc1,6.552841968657781,1,IC50,PPARG,CHEMBL235
Cc1oc(-c2ccccc2)nc1CCOc1ccc(CN(CC(=O)O)Cc2ccc(OCc3ccccc3)cc2)cc1,6.546681659952963,1,IC50,PPARG,CHEMBL235
Cc1oc(-c2ccccc2)nc1CCOc1ccc(CN(CC(=O)O)Cc2ccc(Oc3ccccc3)cc2)cc1,6.6439741428068775,1,IC50,PPARG,CHEMBL235
Cc1oc(-c2ccccc2)nc1CCOc1ccc(CN(CC(=O)O)Cc2ccc3c(c2)OCO3)cc1,5.482804102050025,1,IC50,PPARG,CHEMBL235
Cc1oc(-c2ccccc2)nc1CCOc1ccc(CN(CC(=O)O)Cc2ccc3ccccc3c2)cc1,5.917214629683549,1,IC50,PPARG,CHEMBL235
Cc1oc(-c2ccccc2)nc1CCOc1ccc(CN(CC(=O)O)Cc2cccc(Oc3ccccc3)c2)cc1,6.318758762624412,1,IC50,PPARG,CHEMBL235
Cc1oc(-c2ccccc2)nc1CCOc1ccc(CN(CC(=O)O)Cc2cccc3ccccc23)cc1,6.115204636051018,1,IC50,PPARG,CHEMBL235
Cc1oc(-c2ccccc2)nc1CCOc1ccc(CN(CC(=O)O)Cc2ccccc2)cc1,5.631564745735641,3,"EC50,IC50",PPARG,CHEMBL235
Cc1oc(-c2ccccc2)nc1CCOc1ccc(CN(CC(=O)O)Cc2ccccn2)cc1,5.537602002101044,1,IC50,PPARG,CHEMBL235
Cc1oc(-c2ccccc2)nc1CCOc1ccc(CN(CCOCc2ccccc2)CC(=O)O)cc1,5.341035157335565,1,IC50,PPARG,CHEMBL235
Cc1oc(-c2ccccc2)nc1CCOc1ccc(C[C@@H](C(=O)O)N(C)C)cc1,6.070581074285707,1,Ki,PPARG,CHEMBL235
Cc1oc(-c2ccccc2)nc1CCOc1ccc(C[C@@H](C(=O)O)N2CCCC2)cc1,6.443697499232712,1,Ki,PPARG,CHEMBL235
Cc1oc(-c2ccccc2)nc1CCOc1ccc(C[C@@H](C(=O)O)N2CCCCC2)cc1,6.318758762624412,1,Ki,PPARG,CHEMBL235
Cc1oc(-c2ccccc2)nc1CCOc1ccc(C[C@@H](C(=O)O)N2CCOCC2)cc1,7.210656332538873,2,"Ki,EC50",PPARG,CHEMBL235
Cc1oc(-c2ccccc2)nc1CCOc1ccc(C[C@@H](C(=O)O)n2c(C)ccc2C)cc1,6.008773924307505,1,Ki,PPARG,CHEMBL235
Cc1oc(-c2ccccc2)nc1CCOc1ccc(C[C@@H](C(=O)O)n2cccc2)cc1,7.896473254924018,5,"Ki,EC50,IC50",PPARG,CHEMBL235
Cc1oc(-c2ccccc2)nc1CCOc1ccc(C[C@@H](CNC(=O)C(C)CC(C)C(=O)O)Nc2ccccc2C(=O)c2ccccc2)cc1,6.840011949618013,1,Ki,PPARG,CHEMBL235
Cc1oc(-c2ccccc2)nc1CCOc1ccc(C[C@@H](CNC(=O)C2CC2)Nc2ccccc2C(=O)c2ccccc2)cc1,6.353343286148714,3,"Ki,EC50,IC50",PPARG,CHEMBL235
Cc1oc(-c2ccccc2)nc1CCOc1ccc(C[C@@H](CNC(=O)C2CCC(CN)CC2)Nc2ccccc2C(=O)c2ccccc2)cc1,6.710009933945681,1,Ki,PPARG,CHEMBL235
Cc1oc(-c2ccccc2)nc1CCOc1ccc(C[C@@H](CNC(=O)C2CCC(O)CC2)Nc2ccccc2C(=O)c2ccccc2)cc1,6.509999358109048,1,Ki,PPARG,CHEMBL235
Cc1oc(-c2ccccc2)nc1CCOc1ccc(C[C@@H](CNC(=O)C2CCCNC2)Nc2ccccc2C(=O)c2ccccc2)cc1,7.289967300934246,1,Ki,PPARG,CHEMBL235
Cc1oc(-c2ccccc2)nc1CCOc1ccc(C[C@@H](CNC(=O)CC(C)C(=O)O)Nc2ccccc2C(=O)c2ccccc2)cc1,6.020000199848397,2,"Ki,IC50",PPARG,CHEMBL235
Cc1oc(-c2ccccc2)nc1CCOc1ccc(C[C@@H](CNC(=O)CCC(=O)O)Nc2ccccc2C(=O)c2ccccc2)cc1,6.570005615848293,1,Ki,PPARG,CHEMBL235
Cc1oc(-c2ccccc2)nc1CCOc1ccc(C[C@@H](CNC(=O)CCc2ccc(SC(C)(C)C(=O)O)cc2)Nc2ccccc2C(=O)c2ccccc2)cc1,6.1499990789775305,2,"Ki,IC50",PPARG,CHEMBL235
Cc1oc(-c2ccccc2)nc1CCOc1ccc(C[C@@H](CNC(=O)CNC(=O)c2ccc(O)cc2)Nc2ccccc2C(=O)c2ccccc2)cc1,6.760000207113128,1,Ki,PPARG,CHEMBL235
Cc1oc(-c2ccccc2)nc1CCOc1ccc(C[C@@H](CNC(=O)CNC(=O)c2cccc(CO)c2)Nc2ccccc2C(=O)c2ccccc2)cc1,7.0,1,Ki,PPARG,CHEMBL235
Cc1oc(-c2ccccc2)nc1CCOc1ccc(C[C@@H](CNC(=O)CO)Nc2ccccc2C(=O)c2ccccc2)cc1,6.950007143079858,1,Ki,PPARG,CHEMBL235
Cc1oc(-c2ccccc2)nc1CCOc1ccc(C[C@@H](CNC(=O)COc2cccc(N)c2)Nc2ccccc2C(=O)c2ccccc2)cc1,6.697972160433447,3,"Ki,IC50",PPARG,CHEMBL235
Cc1oc(-c2ccccc2)nc1CCOc1ccc(C[C@@H](CNC(=O)c2ccc(CO)cc2)Nc2ccccc2C(=O)c2ccccc2)cc1,6.799998134593398,1,Ki,PPARG,CHEMBL235
Cc1oc(-c2ccccc2)nc1CCOc1ccc(C[C@@H](CNC(=O)c2cccc(OCCN(C)C)c2)Nc2ccccc2C(=O)c2ccccc2)cc1,6.100000118554677,2,"Ki,IC50",PPARG,CHEMBL235
Cc1oc(-c2ccccc2)nc1CCOc1ccc(C[C@@H](CNC(=O)c2ccccc2C(=O)O)Nc2ccccc2C(=O)c2ccccc2)cc1,6.9399824574684,1,Ki,PPARG,CHEMBL235
Cc1oc(-c2ccccc2)nc1CCOc1ccc(C[C@@H](CNc2ccccn2)Nc2ccccc2C(=O)c2ccccc2)cc1,6.779996573843064,1,Ki,PPARG,CHEMBL235
Cc1oc(-c2ccccc2)nc1CCOc1ccc(C[C@@H](NC(=O)/C=C/c2ccco2)C(=O)O)cc1,6.809668301829708,1,EC50,PPARG,CHEMBL235
Cc1oc(-c2ccccc2)nc1CCOc1ccc(C[C@@H](Nc2ccccc2C(=O)C2CCCCC2)C(=O)O)cc1,6.719991046891813,1,Ki,PPARG,CHEMBL235
Cc1oc(-c2ccccc2)nc1CCOc1ccc(C[C@@H]2C(=O)N(c3ccc(C(C)(C)C)cc3)[C@@H]2C(=O)O)cc1,6.958607314841775,1,IC50,PPARG,CHEMBL235
Cc1oc(-c2ccccc2)nc1CCOc1ccc(C[C@@H]2CN(C(=O)Oc3ccccc3)C[C@@H]2C(=O)O)cc1,6.977629699328141,4,"EC50,IC50",PPARG,CHEMBL235
Cc1oc(-c2ccccc2)nc1CCOc1ccc(C[C@@H]2CN(c3nc(C(F)(F)F)co3)C[C@@H]2C(=O)O)cc1,7.301029995663981,1,IC50,PPARG,CHEMBL235
Cc1oc(-c2ccccc2)nc1CCOc1ccc(C[C@@H]2CN(c3nc4ccccc4o3)C[C@@H]2C(=O)O)cc1,5.955542326697547,2,"EC50,IC50",PPARG,CHEMBL235
Cc1oc(-c2ccccc2)nc1CCOc1ccc(C[C@@H]2CN(c3nccc(C(F)(F)F)n3)C[C@@H]2C(=O)O)cc1,7.511439372640169,4,"EC50,IC50",PPARG,CHEMBL235
Cc1oc(-c2ccccc2)nc1CCOc1ccc(C[C@@H]2CN(c3nccc(C(F)(F)F)n3)C[C@H]2C(=O)O)cc1,5.935542010773082,1,IC50,PPARG,CHEMBL235
Cc1oc(-c2ccccc2)nc1CCOc1ccc(C[C@@H]2CN(c3ncccn3)C[C@@H]2C(=O)O)cc1,5.832531983654665,2,"EC50,IC50",PPARG,CHEMBL235
Cc1oc(-c2ccccc2)nc1CCOc1ccc(C[C@@](C)(Oc2ccccc2)C(=O)O)cc1,6.418967973749625,2,EC50,PPARG,CHEMBL235
Cc1oc(-c2ccccc2)nc1CCOc1ccc(C[C@@](O)(C(=O)O)c2ccccc2C(=O)c2ccccc2)cc1,9.469288840649536,2,EC50,PPARG,CHEMBL235
Cc1oc(-c2ccccc2)nc1CCOc1ccc(C[C@@]2(C(=O)O)C=CC=CO2)cc1,8.328967386077888,2,EC50,PPARG,CHEMBL235
Cc1oc(-c2ccccc2)nc1CCOc1ccc(C[C@@]2(C(=O)O)CCCO2)nc1,4.6777807052660805,1,Ki,PPARG,CHEMBL235
Cc1oc(-c2ccccc2)nc1CCOc1ccc(C[C@@]2(C(=O)O)CCOCCO2)cc1,7.619879255160281,2,EC50,PPARG,CHEMBL235
Cc1oc(-c2ccccc2)nc1CCOc1ccc(C[C@H](C(=O)O)n2cccc2)cc1,7.700057099977233,1,EC50,PPARG,CHEMBL235
Cc1oc(-c2ccccc2)nc1CCOc1ccc(C[C@H](NS(C)(=O)=O)C(=O)O)cc1,6.207608310501746,1,Ki,PPARG,CHEMBL235
Cc1oc(-c2ccccc2)nc1CCOc1ccc(C[C@H](Nc2ccccc2C(=O)C2CCCCC2)C(=O)O)cc1,8.789949150124862,1,Ki,PPARG,CHEMBL235
Cc1oc(-c2ccccc2)nc1CCOc1ccc(C[C@H](Nc2ccccc2C(=O)c2ccccc2)C(=O)O)cc1,8.613939706480375,10,"Ki,EC50,IC50",PPARG,CHEMBL235
Cc1oc(-c2ccccc2)nc1CCOc1ccc(C[C@H](Nc2ncccn2)C(=O)O)cc1,6.552841968657781,1,Ki,PPARG,CHEMBL235
Cc1oc(-c2ccccc2)nc1CCOc1ccc(C[C@H](OCC(F)(F)F)C(=O)O)c2sccc12,8.522878745280337,1,IC50,PPARG,CHEMBL235
Cc1oc(-c2ccccc2)nc1CCOc1ccc(C[C@H](OCC2CC2)C(=O)O)c2sccc12,8.698970004336019,1,IC50,PPARG,CHEMBL235
Cc1oc(-c2ccccc2)nc1CCOc1ccc(C[C@H]2C(=O)N(c3ccc(C(C)(C)C)cc3)[C@H]2C(=O)O)cc1,5.372634143407268,1,IC50,PPARG,CHEMBL235
Cc1oc(-c2ccccc2)nc1CCOc1ccc(C[C@H]2CN(c3nccc(C(F)(F)F)n3)C[C@@H]2C(=O)O)cc1,5.447331783887806,1,IC50,PPARG,CHEMBL235
Cc1oc(-c2ccccc2)nc1CCOc1ccc(C[C@H]2CN(c3nccc(C(F)(F)F)n3)C[C@H]2C(=O)O)cc1,5.815308569182401,1,IC50,PPARG,CHEMBL235
Cc1oc(-c2ccccc2)nc1CCOc1ccc(C[C@](C)(Oc2ccccc2)C(=O)O)cc1,8.521435901161594,4,EC50,PPARG,CHEMBL235
Cc1oc(-c2ccccc2)nc1CCOc1ccc(C[C@]2(C(=O)O)C=CC=CO2)cc1,7.699513552156626,2,EC50,PPARG,CHEMBL235
Cc1oc(-c2ccccc2)nc1CCOc1ccc(C[C@]2(C(=O)O)CCCO2)cn1,8.221848749616356,1,Ki,PPARG,CHEMBL235
Cc1oc(-c2ccccc2)nc1CCOc1ccc(C[C@]2(C(=O)O)CCCO2)nc1,7.366531544420414,1,Ki,PPARG,CHEMBL235
Cc1oc(-c2ccccc2)nc1CCOc1ccc(Cc2c(C(=O)O)cnn2-c2ccccc2)cc1,6.043543724411951,2,"EC50,IC50",PPARG,CHEMBL235
Cc1oc(-c2ccccc2)nc1CCOc1ccc(Cc2c(C(=O)O)nnn2-c2ccccc2)cc1,4.933230545814891,2,"EC50,IC50",PPARG,CHEMBL235
Cc1oc(-c2ccccc2)nc1CCOc1ccc(Cc2cn(-c3ccccc3)cc2C(=O)O)cc1,5.713680351478593,2,"EC50,IC50",PPARG,CHEMBL235
Cc1oc(-c2ccccc2)nc1CCOc1ccc(Cc2cn(C)cc2C(=O)O)cc1,5.611018492339529,2,"EC50,IC50",PPARG,CHEMBL235
Cc1oc(-c2ccccc2)nc1CCOc1ccc(Cc2nn(-c3ccccc3)cc2C(=O)O)cc1,5.894664204128714,2,"EC50,IC50",PPARG,CHEMBL235
Cc1oc(-c2ccccc2)nc1CCOc1ccc(Cc2nn(-c3ccccc3)nc2C(=O)O)cc1,5.590220136109323,2,"EC50,IC50",PPARG,CHEMBL235
Cc1oc(-c2ccccc2)nc1CCOc1ccc(Cc2nn(-c3ccccc3)nc2CC(=O)O)cc1,8.020479303839453,2,"EC50,IC50",PPARG,CHEMBL235
Cc1oc(-c2ccccc2)nc1CCOc1ccc(Cc2nnn(-c3ccccc3)c2C(=O)O)cc1,5.646044667143447,2,"EC50,IC50",PPARG,CHEMBL235
Cc1oc(-c2ccccc2)nc1CCOc1ccc(OC(C)(C)C(=O)O)cc1,5.598945073291895,3,"EC50,IC50",PPARG,CHEMBL235
Cc1oc(-c2ccccc2)nc1CCOc1ccc(OC(C)(Cc2ccccc2)C(=O)O)cc1,6.029737773217224,2,"EC50,IC50",PPARG,CHEMBL235
Cc1oc(-c2ccccc2)nc1CCOc1ccc(OC(C)C(=O)O)cc1,5.533177407795937,2,"EC50,IC50",PPARG,CHEMBL235
Cc1oc(-c2ccccc2)nc1CCOc1ccc(OCC(=O)O)cc1,4.975063031962557,1,IC50,PPARG,CHEMBL235
Cc1oc(-c2ccccc2)nc1CCOc1ccc([C@@H]2CN(C(=O)Oc3ccccc3)C[C@@H]2C(=O)O)cc1,5.364258097546514,2,"EC50,IC50",PPARG,CHEMBL235
Cc1oc(-c2ccccc2)nc1CCOc1ccc([C@@H]2CN(C(=O)Oc3ccccc3)C[C@@H]2CC(=O)O)cc1,5.229611347220427,2,"EC50,IC50",PPARG,CHEMBL235
Cc1oc(-c2ccccc2)nc1CCOc1ccc([C@H]2CN(C(=O)Oc3ccccc3)C[C@@H]2C(=O)O)cc1,6.616051191990954,2,"EC50,IC50",PPARG,CHEMBL235
Cc1oc(-c2ccccc2)nc1CCOc1ccc2c(c1)CCC2C(C(=O)O)C(=O)O,5.730487055782083,1,EC50,PPARG,CHEMBL235
Cc1oc(-c2ccccc2)nc1CCOc1ccc2c(c1)CCC2C(C(=O)O)C1CC1,6.795880017344075,1,EC50,PPARG,CHEMBL235
Cc1oc(-c2ccccc2)nc1CCOc1ccc2c(c1)CCC2C(C(=O)O)c1ccccc1,5.0195421077239,1,EC50,PPARG,CHEMBL235
Cc1oc(-c2ccccc2)nc1CCOc1ccc2c(c1)CCC2C(C)(C)C(=O)O,5.248720896016658,1,EC50,PPARG,CHEMBL235
Cc1oc(-c2ccccc2)nc1CCOc1ccc2c(c1)CCC2C(C)C(=O)O,6.982966660701219,1,EC50,PPARG,CHEMBL235
Cc1oc(-c2ccccc2)nc1CCOc1ccc2c(c1)CCC2C(CC(F)(F)F)C(=O)O,6.752026733638193,1,EC50,PPARG,CHEMBL235
Cc1oc(-c2ccccc2)nc1CCOc1ccc2c(c1)CCC2C(CCCc1ccccc1)C(=O)O,5.497572880015568,1,EC50,PPARG,CHEMBL235
Cc1oc(-c2ccccc2)nc1CCOc1cccc(-c2nn(-c3ccccc3)nc2C(=O)O)c1,5.916740541229528,2,"EC50,IC50",PPARG,CHEMBL235
Cc1oc(-c2ccccc2)nc1CCOc1cccc(-c2nn(-c3ccccc3)nc2CC(=O)O)c1,6.860166527975772,2,"EC50,IC50",PPARG,CHEMBL235
Cc1oc(-c2ccccc2)nc1CCOc1cccc(C2=C(CC(=O)O)CCN(C(=O)OCC(C)C)C2)c1,6.886056647693163,1,IC50,PPARG,CHEMBL235
Cc1oc(-c2ccccc2)nc1CCOc1cccc(C2=C(CC(=O)O)CCN(C(=O)Oc3ccccc3)C2)c1,7.795880017344075,1,IC50,PPARG,CHEMBL235
Cc1oc(-c2ccccc2)nc1CCOc1cccc(C2CN(C(=O)OCC(C)C)CCC2C(=O)O)c1,5.118045028660399,1,IC50,PPARG,CHEMBL235
Cc1oc(-c2ccccc2)nc1CCOc1cccc(C2CN(C(=O)Oc3ccccc3)CCC2CC(=O)O)c1,5.090443970758825,1,IC50,PPARG,CHEMBL235
Cc1oc(-c2ccccc2)nc1CCOc1cccc(CC2=C(C(=O)O)CCN(C(=O)OCC(C)C)C2)c1,5.59176003468815,1,IC50,PPARG,CHEMBL235
Cc1oc(-c2ccccc2)nc1CCOc1cccc(CC2=C(C(=O)O)CCN(c3nccc(C(F)(F)F)n3)C2)c1,5.876801924968001,1,IC50,PPARG,CHEMBL235
Cc1oc(-c2ccccc2)nc1CCOc1cccc(CC2=CN(C(=O)OCC(C)C)CCC2C(=O)O)c1,6.064996848546345,1,IC50,PPARG,CHEMBL235
Cc1oc(-c2ccccc2)nc1CCOc1cccc(CC2=CN(C(=O)OCc3ccccc3)CCC2C(=O)O)c1,6.184422251675732,1,IC50,PPARG,CHEMBL235
Cc1oc(-c2ccccc2)nc1CCOc1cccc(CC2=CN(c3nccc(C(F)(F)F)n3)CCC2C(=O)O)c1,5.9673812391492795,1,IC50,PPARG,CHEMBL235
Cc1oc(-c2ccccc2)nc1CCOc1cccc(CC2C(=O)N(c3ccc(Cl)cc3)C2C(=O)O)c1,6.443697499232712,1,IC50,PPARG,CHEMBL235
Cc1oc(-c2ccccc2)nc1CCOc1cccc(CC2C(=O)N(c3ccc(F)cc3)C2C(=O)O)c1,6.7447274948966935,1,IC50,PPARG,CHEMBL235
Cc1oc(-c2ccccc2)nc1CCOc1cccc(CC2CN(C(=O)OCC(C)C)CCC2C(=O)O)c1,5.863279432843593,1,IC50,PPARG,CHEMBL235
Cc1oc(-c2ccccc2)nc1CCOc1cccc(CC[C@@H]2CN(C(=O)Oc3ccccc3)C[C@@H]2C(=O)O)c1,6.439220077906249,2,"EC50,IC50",PPARG,CHEMBL235
Cc1oc(-c2ccccc2)nc1CCOc1cccc(CC[C@H]2CN(C(=O)Oc3ccccc3)C[C@@H]2C(=O)O)c1,6.107905397309519,2,"EC50,IC50",PPARG,CHEMBL235
Cc1oc(-c2ccccc2)nc1CCOc1cccc(CN(CC(=O)O)Cc2cc3ccccc3[nH]2)c1,6.267606240177031,1,IC50,PPARG,CHEMBL235
Cc1oc(-c2ccccc2)nc1CCOc1cccc(CN(CC(=O)O)Cc2ccc(OCc3ccccc3)cc2)c1,6.73754891026957,1,IC50,PPARG,CHEMBL235
Cc1oc(-c2ccccc2)nc1CCOc1cccc(CN(CC(=O)O)Cc2ccc(Oc3ccccc3)cc2)c1,6.638272163982407,1,IC50,PPARG,CHEMBL235
Cc1oc(-c2ccccc2)nc1CCOc1cccc(CN(CC(=O)O)Cc2ccc3ccccc3c2)c1,6.838631997765026,1,IC50,PPARG,CHEMBL235
Cc1oc(-c2ccccc2)nc1CCOc1cccc(CN(CC(=O)O)Cc2cccc(Oc3ccccc3)c2)c1,6.958607314841775,1,IC50,PPARG,CHEMBL235
Cc1oc(-c2ccccc2)nc1CCOc1cccc(CN(CC(=O)O)Cc2cccc3ccccc23)c1,7.173925197299173,1,IC50,PPARG,CHEMBL235
Cc1oc(-c2ccccc2)nc1CCOc1cccc(CN(CC(=O)O)Cc2ccccc2)c1,6.619788758288394,1,IC50,PPARG,CHEMBL235
Cc1oc(-c2ccccc2)nc1CCOc1cccc(CN(CCCc2ccccc2)CC(=O)O)c1,6.111820506081675,1,IC50,PPARG,CHEMBL235
Cc1oc(-c2ccccc2)nc1CCOc1cccc(CN(CCc2ccccc2)CC(=O)O)c1,6.872895201635192,1,IC50,PPARG,CHEMBL235
Cc1oc(-c2ccccc2)nc1CCOc1cccc(C[C@@H]2C(=O)N(c3ccc(C(C)(C)C)cc3)[C@@H]2C(=O)O)c1,7.3979400086720375,1,IC50,PPARG,CHEMBL235
Cc1oc(-c2ccccc2)nc1CCOc1cccc(C[C@@H]2CN(C(=O)Oc3ccccc3)C[C@@H]2C(=O)O)c1,5.947003067583091,4,"EC50,IC50",PPARG,CHEMBL235
Cc1oc(-c2ccccc2)nc1CCOc1cccc(C[C@@H]2CN(c3ccccc3)C[C@@H]2C(=O)O)c1,6.171293627655455,4,"EC50,IC50",PPARG,CHEMBL235
Cc1oc(-c2ccccc2)nc1CCOc1cccc(C[C@@H]2CN(c3nccc(C(F)(F)F)n3)C[C@@H]2C(=O)O)c1,6.5,2,"EC50,IC50",PPARG,CHEMBL235
Cc1oc(-c2ccccc2)nc1CCOc1cccc(C[C@H]2C(=O)N(c3ccc(C(C)(C)C)cc3)[C@H]2C(=O)O)c1,6.096910013008056,1,IC50,PPARG,CHEMBL235
Cc1oc(-c2ccccc2)nc1CCOc1cccc(C[C@H]2CN(C(=O)Oc3ccccc3)C[C@@H]2C(=O)O)c1,5.324904105465324,2,"EC50,IC50",PPARG,CHEMBL235
Cc1oc(-c2ccccc2)nc1CCOc1cccc(C[C@H]2CN(C(=O)Oc3ccccc3)C[C@@H]2CC(=O)O)c1,6.6777807052660805,1,IC50,PPARG,CHEMBL235
Cc1oc(-c2ccccc2)nc1CCOc1cccc(C[C@H]2CN(C(=O)Oc3ccccc3)C[C@H]2C(=O)O)c1,5.552648173695385,2,"EC50,IC50",PPARG,CHEMBL235
Cc1oc(-c2ccccc2)nc1CCOc1cccc(C[C@H]2CN(c3ccccc3)C[C@H]2C(=O)O)c1,6.853871964321762,1,IC50,PPARG,CHEMBL235
Cc1oc(-c2ccccc2)nc1CCOc1cccc(C[C@H]2CN(c3nccc(C(F)(F)F)n3)C[C@H]2C(=O)O)c1,6.958607314841775,1,IC50,PPARG,CHEMBL235
Cc1oc(-c2ccccc2)nc1CCOc1cccc(Cc2c(C(=O)O)cnn2-c2ccccc2)c1,5.841870110677746,2,"EC50,IC50",PPARG,CHEMBL235
Cc1oc(-c2ccccc2)nc1CCOc1cccc(Cc2c(C(=O)O)nnn2-c2ccccc2)c1,5.613655822658929,2,"EC50,IC50",PPARG,CHEMBL235
Cc1oc(-c2ccccc2)nc1CCOc1cccc(Cc2cn(-c3ccccc3)cc2C(=O)O)c1,6.527758663924915,2,"EC50,IC50",PPARG,CHEMBL235
Cc1oc(-c2ccccc2)nc1CCOc1cccc(Cc2cn(-c3ccccc3)nc2C(=O)O)c1,6.9808886808156405,2,"EC50,IC50",PPARG,CHEMBL235
Cc1oc(-c2ccccc2)nc1CCOc1cccc(Cc2cn(C)cc2C(=O)O)c1,5.701267591421156,2,"EC50,IC50",PPARG,CHEMBL235
Cc1oc(-c2ccccc2)nc1CCOc1cccc(Cc2nn(-c3ccccc3)cc2C(=O)O)c1,7.246072064152084,2,"EC50,IC50",PPARG,CHEMBL235
Cc1oc(-c2ccccc2)nc1CCOc1cccc(Cc2nn(-c3ccccc3)nc2C(=O)O)c1,6.291255849647336,2,"EC50,IC50",PPARG,CHEMBL235
Cc1oc(-c2ccccc2)nc1CCOc1cccc(Cc2nn(-c3ccccc3)nc2CC(=O)O)c1,8.34948500216801,2,"EC50,IC50",PPARG,CHEMBL235
Cc1oc(-c2ccccc2)nc1CCOc1cccc(Cc2nnn(-c3ccccc3)c2C(=O)O)c1,5.431329275230272,2,"EC50,IC50",PPARG,CHEMBL235
Cc1oc(-c2ccccc2)nc1CCOc1cccc([C@@H]2CN(C(=O)Oc3ccccc3)C[C@@H]2C(=O)O)c1,5.247951552180561,1,EC50,PPARG,CHEMBL235
Cc1oc(-c2ccccc2)nc1CCOc1cccc([C@@H]2CN(C(=O)Oc3ccccc3)C[C@@H]2CC(=O)O)c1,5.969273760456403,2,"EC50,IC50",PPARG,CHEMBL235
Cc1oc(-c2ccccc2)nc1CCOc1cccc([C@H]2CN(C(=O)Oc3ccccc3)C[C@@H]2CC(=O)O)c1,5.287787878115244,2,"EC50,IC50",PPARG,CHEMBL235
Cc1oc(-c2ccccc2)nc1CCOc1cnc(CC2(C(=O)O)CCCO2)cn1,6.795880017344075,1,Ki,PPARG,CHEMBL235
Cc1oc(-c2ccccc2)nc1CCOc1ncc(CC2(C(=O)O)CCCO2)cn1,5.638272163982407,1,Ki,PPARG,CHEMBL235
Cc1oc(-c2ccccc2)nc1COc1ccc(Cc2ccc(OC(C)C(=O)O)cc2)cc1,6.537602002101044,1,EC50,PPARG,CHEMBL235
Cc1oc(-c2cccs2)nc1CCOc1ccc(CC(C)(Oc2ccccc2)C(=O)O)cc1,8.380889167856244,3,"Ki,EC50",PPARG,CHEMBL235
Cc1oc(-c2cccs2)nc1CCOc1ccc(C[C@@](C)(Oc2ccccc2)C(=O)O)cc1,6.917214629683549,1,EC50,PPARG,CHEMBL235
Cc1oc(-c2cccs2)nc1CCOc1ccc(C[C@](C)(Oc2ccccc2)C(=O)O)cc1,8.39897391554397,4,EC50,PPARG,CHEMBL235
Cc1oc(-c2ccncc2)nc1CCOc1ccc(C[C@H](Nc2ccccc2C(=O)c2ccccc2)C(=O)O)cc1,8.849857838151442,1,Ki,PPARG,CHEMBL235
Cc1oc(C2CCCCC2)nc1CCOc1ccc(CC(C)(Oc2ccccc2)C(=O)O)cc1,8.045757490560675,1,EC50,PPARG,CHEMBL235
Cc1oc(C2CCCCC2)nc1CCOc1ccc(C[C@H](Oc2ccccc2)C(=O)O)cc1,9.0,3,EC50,PPARG,CHEMBL235
Cc1oc(C2CCCCC2)nc1CCOc1ccc(C[C@](C)(Oc2ccccc2)C(=O)O)cc1,9.0,1,EC50,PPARG,CHEMBL235
Cc1oc(N2CCCCC2)nc1CCOc1ccc(C[C@H](Nc2ccccc2C(=O)c2ccccc2)C(=O)O)cc1,6.770011163455189,1,Ki,PPARG,CHEMBL235
Cc1sc(-c2ccccc2)nc1CCOc1ccc(C[C@@](O)(C(=O)O)c2ccccc2C(=O)c2ccccc2)cc1,10.0,2,EC50,PPARG,CHEMBL235
Cc1sc(-c2ccccc2)nc1CCOc1ccc(C[C@H](Nc2ccccc2C(=O)c2ccccc2)C(=O)O)cc1,9.480094722925825,2,"Ki,EC50",PPARG,CHEMBL235
Cc1sc(-c2ccncc2)nc1CCOc1ccc(C[C@H](Nc2ccccc2C(=O)c2ccccc2)C(=O)O)cc1,8.870021702506014,2,"Ki,EC50",PPARG,CHEMBL235
Cc1sc(N(C)C)nc1CCOc1ccc(C[C@H](Nc2ccccc2C(=O)c2ccccc2)C(=O)O)cc1,7.560036064079095,1,Ki,PPARG,CHEMBL235
Cc1sc(N2CCN(C(=O)OC(C)(C)C)CC2)nc1CCOc1ccc(C[C@H](Nc2ccccc2C(=O)c2ccccc2)C(=O)O)cc1,9.010016541698601,1,Ki,PPARG,CHEMBL235
Cc1sc(N2CCN(C)CC2)nc1CCOc1ccc(C[C@@](O)(C(=O)O)c2ccccc2C(=O)c2ccccc2)cc1,8.889747213338477,2,EC50,PPARG,CHEMBL235
Cc1sc(N2CCN(C)CC2)nc1CCOc1ccc(C[C@H](Nc2ccccc2C(=O)c2ccccc2)C(=O)O)cc1,8.775018409657406,2,"Ki,EC50",PPARG,CHEMBL235
Cc1sc(N2CCN(S(C)(=O)=O)CC2)nc1CCOc1ccc(C[C@H](Nc2ccccc2C(=O)c2ccccc2)C(=O)O)cc1,8.580044251510243,1,Ki,PPARG,CHEMBL235
Cc1sc(N2CCNCC2)nc1CCOc1ccc(C[C@H](Nc2ccccc2C(=O)c2ccccc2)C(=O)O)cc1,8.36001575195841,1,Ki,PPARG,CHEMBL235
Cc1sc(N2CCOCC2)nc1CCOc1ccc(CCC(=O)O)c(CNC(=O)OC(C)C)c1,7.605209643917787,2,"EC50,IC50",PPARG,CHEMBL235
Cc1sc(N2CCOCC2)nc1CCOc1ccc(C[C@H](Nc2ccccc2C(=O)c2ccccc2)C(=O)O)cc1,9.110026361596004,1,Ki,PPARG,CHEMBL235
Cc1sc(NCCCN(C)C)nc1CCOc1ccc(C[C@H](Nc2ccccc2C(=O)c2ccccc2)C(=O)O)cc1,7.910094888560602,1,Ki,PPARG,CHEMBL235
Cl.Cl.Cn1c(COc2cccc(C(=O)O)c2)nc2ccc(Oc3ccccc3)nc21,6.259637310505756,1,EC50,PPARG,CHEMBL235
Cl.Cn1c(COc2cccc(C(=O)O)c2)nc2ccc(Oc3ccc(F)c(Cl)c3)cc21,7.1938200260161125,1,EC50,PPARG,CHEMBL235
Cl.Cn1c(COc2cccc(C(=O)O)c2)nc2ccc(Oc3ccc(F)c(F)c3)cc21,6.928117992693874,1,EC50,PPARG,CHEMBL235
Cl.Cn1c(COc2cccc(C(=O)O)c2)nc2ccc(Oc3ccc4c(c3)CCO4)cc21,7.060480747381382,1,EC50,PPARG,CHEMBL235
Cl.Cn1c(COc2cccc(C(=O)O)c2)nc2ccc(Oc3cccc(C(F)(F)F)c3)cc21,7.638272163982407,1,EC50,PPARG,CHEMBL235
Cl.Cn1c(COc2cccc(C(=O)O)c2)nc2ccc(Oc3cccc(Cl)c3)cc21,7.0655015487564325,1,EC50,PPARG,CHEMBL235
Cl.Cn1c(COc2cccc(C(=O)O)c2)nc2ccc(Oc3ccccc3)cc21,6.073143291050307,1,EC50,PPARG,CHEMBL235
Cn1c(-c2ccccc2)c(CCc2ccccc2)c2cc(CC(=O)O)ccc21,6.260000690598032,1,Ki,PPARG,CHEMBL235
Cn1c(-c2ccccc2)c(CCc2ccccc2)c2cc(OCC(=O)O)ccc21,6.669992299127241,1,Ki,PPARG,CHEMBL235
Cn1c(CCCc2ccc(OC(C)(C)C(=O)O)cc2)nn(Cc2ccc(C(C)(C)C)cc2)c1=O,6.2839966563652006,1,IC50,PPARG,CHEMBL235
Cn1c(COc2ccc(CC3SC(=O)NC3=O)cc2)nc2ccccc2c1=O,5.8696662315049934,1,EC50,PPARG,CHEMBL235
Cn1c(COc2cccc(C(=O)O)c2)nc2ccc(Oc3c(F)cccc3F)cc21,5.877456475931245,1,EC50,PPARG,CHEMBL235
Cn1c(COc2cccc(C(=O)O)c2)nc2ccc(Oc3cc(Cl)ccn3)cc21,6.211124884224583,1,EC50,PPARG,CHEMBL235
Cn1c(COc2cccc(C(=O)O)c2)nc2ccc(Oc3cc(F)cc(Cl)c3)cc21,7.638272163982407,1,EC50,PPARG,CHEMBL235
Cn1c(COc2cccc(C(=O)O)c2)nc2ccc(Oc3cc(F)cc(F)c3)cc21,7.022276394711152,1,EC50,PPARG,CHEMBL235
Cn1c(COc2cccc(C(=O)O)c2)nc2ccc(Oc3cc(F)ccc3F)cc21,6.872895201635192,1,EC50,PPARG,CHEMBL235
Cn1c(COc2cccc(C(=O)O)c2)nc2ccc(Oc3ccc(Cl)c(F)c3)cc21,7.167491087293763,2,EC50,PPARG,CHEMBL235
Cn1c(COc2cccc(C(=O)O)c2)nc2ccc(Oc3ccc(Cl)c(F)c3)nc21,6.570247719997592,1,EC50,PPARG,CHEMBL235
Cn1c(COc2cccc(C(=O)O)c2)nc2ccc(Oc3ccc(Cl)cc3)cc21,6.899629454882437,1,EC50,PPARG,CHEMBL235
Cn1c(COc2cccc(C(=O)O)c2)nc2ccc(Oc3ccc(Cl)cn3)cc21,7.1487416512809245,1,EC50,PPARG,CHEMBL235
Cn1c(COc2cccc(C(=O)O)c2)nc2ccc(Oc3ccc(F)cc3)cc21,6.913640169325252,1,EC50,PPARG,CHEMBL235
Cn1c(COc2cccc(C(=O)O)c2)nc2ccc(Oc3ccc(F)cc3)nc21,5.97469413473523,1,EC50,PPARG,CHEMBL235
Cn1c(COc2cccc(C(=O)O)c2)nc2ccc(Oc3ccc(F)cc3F)cc21,6.844663962534938,1,EC50,PPARG,CHEMBL235
Cn1c(COc2cccc(C(=O)O)c2)nc2ccc(Oc3ccc(F)cn3)cc21,6.092588639225414,1,EC50,PPARG,CHEMBL235
Cn1c(COc2cccc(C(=O)O)c2)nc2ccc(Oc3ccc4c(c3)CCC4)nc21,7.6020599913279625,1,EC50,PPARG,CHEMBL235
Cn1c(COc2cccc(C(=O)O)c2)nc2ccc(Oc3ccc4c(c3)OCC4)cc21,7.6777807052660805,1,EC50,PPARG,CHEMBL235
Cn1c(COc2cccc(C(=O)O)c2)nc2ccc(Oc3ccc4c(c3)OCC4)nc21,7.026872146400302,1,EC50,PPARG,CHEMBL235
Cn1c(COc2cccc(C(=O)O)c2)nc2ccc(Oc3ccc4ccoc4c3)cc21,6.7258421507363195,1,EC50,PPARG,CHEMBL235
Cn1c(COc2cccc(C(=O)O)c2)nc2ccc(Oc3cccc(Cl)n3)cc21,6.133122185662501,1,EC50,PPARG,CHEMBL235
Cn1c(COc2cccc(C(=O)O)c2)nc2ccc(Oc3cccc(F)c3)cc21,6.6968039425795105,1,EC50,PPARG,CHEMBL235
Cn1c(COc2cccc(C(=O)O)c2)nc2ccc(Oc3cccc(F)c3F)cc21,6.638272163982407,1,EC50,PPARG,CHEMBL235
Cn1c(COc2cccc(C(=O)O)c2)nc2ccc(Oc3cccc(OC(F)(F)F)c3)cc21,6.94692155651658,1,EC50,PPARG,CHEMBL235
Cn1c(COc2cccc(C(=O)O)c2)nc2ccc(Oc3ccccc3F)cc21,5.843450848668219,1,EC50,PPARG,CHEMBL235
Cn1c(COc2cccc(C(=O)O)c2)nc2ccc(Oc3ccccn3)cc21,5.946153573147747,1,EC50,PPARG,CHEMBL235
Cn1c(COc2cccc(C(=O)O)c2)nc2ccc(Oc3cccnc3)cc21,5.165515714665195,1,EC50,PPARG,CHEMBL235
Cn1c(COc2cccc(C(=O)O)c2)nc2ccc(Oc3ccnc(Cl)c3)cc21,5.225702061500723,1,EC50,PPARG,CHEMBL235
Cn1c(COc2cccc(C(=O)O)c2)nc2ccc(Oc3ncc(Cl)cc3Cl)cc21,7.050609993355087,1,EC50,PPARG,CHEMBL235
Cn1c(COc2cccc(C(=O)O)c2)nc2ccc(Oc3ncc(Cl)cc3F)cc21,7.619788758288394,1,EC50,PPARG,CHEMBL235
Cn1c(COc2cccc(C(=O)O)c2)nc2ccc(Oc3ncccc3Cl)cc21,6.698970004336019,1,EC50,PPARG,CHEMBL235
Cn1c(COc2cccc(C(=O)O)c2)nc2ccc(Oc3ncccc3F)cc21,6.552841968657781,1,EC50,PPARG,CHEMBL235
Cn1c(COc2cccc(C(=O)O)c2)nc2cnc(Oc3ccc(Cl)c(F)c3)cc21,5.930331903088405,1,EC50,PPARG,CHEMBL235
Cn1c(COc2cccc(C(=O)O)c2)nc2cnc(Oc3ccc4c(c3)CCC4)cc21,7.698970004336019,1,EC50,PPARG,CHEMBL235
Cn1c(COc2cccc(C(=O)O)c2)nc2cnc(Oc3ccc4c(c3)OCC4)cc21,6.474955192963154,1,EC50,PPARG,CHEMBL235
Cn1cc(-c2ccccc2)nc1CCOc1ccc(C[C@H](Nc2ccccc2C(=O)c2ccccc2)C(=O)O)cc1,9.160019442321657,1,Ki,PPARG,CHEMBL235
Cn1ccc(-c2onc(-c3c(Cl)cccc3C(F)(F)F)c2COc2ccc(C(=O)O)cc2)c1,5.309894379144197,2,"EC50,IC50",PPARG,CHEMBL235
Cn1ccc2cc(C(=O)NCc3ccc(CS(=O)(=O)C4CC4)cc3C(F)(F)F)ccc21,5.935542010773082,1,EC50,PPARG,CHEMBL235
N#Cc1cc(NS(=O)(=O)c2ccc(Cl)cc2Cl)ccc1Oc1cncc(Cl)c1,6.740743030061056,2,"EC50,IC50",PPARG,CHEMBL235
N#Cc1ccc(Cl)c(C(=O)Nc2ccc(-c3ccncc3)nc2)c1,4.5934598195660445,1,IC50,PPARG,CHEMBL235
N#Cc1ccc(Cl)c(C(=O)Nc2ccc(N3CCOCC3)nc2)c1,4.5934598195660445,1,IC50,PPARG,CHEMBL235
N#Cc1ccc(Cl)c(C(=O)Nc2ccnc(-c3ccc(F)cc3)c2)c1,6.221848749616356,1,IC50,PPARG,CHEMBL235
N#Cc1ccc(Cl)c(C(=O)Nc2ccnc(-c3cccnc3)c2)c1,4.5934598195660445,1,IC50,PPARG,CHEMBL235
N#Cc1ccc(Cl)c(C(=O)Nc2ccnc(N3CCOCC3)c2)c1,4.5934598195660445,1,IC50,PPARG,CHEMBL235
N#Cc1ccc(OCCN(CCOc2ccc(C#N)cc2)c2ccc(C=C3C(=O)NC(=O)NC3=O)cc2)cc1,5.187086643357144,1,IC50,PPARG,CHEMBL235
N#Cc1cccc(Cl)c1C(=O)c1nc(-c2ccc(C(=O)O)cc2F)c2n1CCCC2,5.113509274827518,1,IC50,PPARG,CHEMBL235
N#Cc1cccc(OCCOc2ccc(C[C@H](Nc3ccccc3C(=O)c3ccccc3)C(=O)O)cc2)c1,6.429994423238211,1,Ki,PPARG,CHEMBL235
N#Cc1cncc(Oc2c(Cl)cc(NS(=O)(=O)c3ccc(Cl)cc3Cl)cc2Cl)c1,7.332773124424534,2,"EC50,IC50",PPARG,CHEMBL235
NC(=O)C(Cc1ccc(OCCOc2ccc3c(c2)NCCC3)cc1)C(=O)O,5.5406075122407685,1,EC50,PPARG,CHEMBL235
NC(=O)C(Cc1ccc(OCCOc2ccc3ccccc3c2)cc1)C(=O)O,5.51999305704285,1,EC50,PPARG,CHEMBL235
NC(=O)c1cncc(Oc2c(Cl)cc(NS(=O)(=O)c3ccc(Cl)cc3Cl)cc2Cl)c1,7.096910013008056,2,"EC50,IC50",PPARG,CHEMBL235
NS(=O)(=O)c1ccc(NC2=NC(=O)/C(=C/c3ccc(OCc4ccc(Cl)cc4)cc3)S2)cc1,5.142064735280571,1,EC50,PPARG,CHEMBL235
N[C@@H](Cc1c[nH]c2ccccc12)C(=O)N[C@@H](CCC(=O)O)C(=O)O,5.061980902523789,1,IC50,PPARG,CHEMBL235
N[C@@H](Cc1cc(Br)c(Oc2cc(I)c(O)c(I)c2)c(I)c1)C(=O)O,4.889410289700751,1,EC50,PPARG,CHEMBL235
N[C@@H](Cc1cc(I)c(Oc2cc(I)c(O)c(I)c2)c(I)c1)C(=O)O,4.920818753952375,1,EC50,PPARG,CHEMBL235
N[C@@H](Cc1cc(I)c(Oc2ccc(O)c(I)c2)c(I)c1)C(=O)O,5.236572006437063,1,EC50,PPARG,CHEMBL235
N[C@@H](Cc1ccc(Oc2cc(I)c(O)c(I)c2)c(I)c1)C(=O)O,5.42021640338319,1,EC50,PPARG,CHEMBL235
Nc1ccc(CNC(=O)c2ccc3c(ccn3Cc3ccc(F)cc3F)c2)cc1,6.8326826652518236,1,IC50,PPARG,CHEMBL235
Nc1ccc(CNC(=O)c2ccc3c(ccn3Cc3cccc(F)c3)c2)c(C(F)(F)F)c1,5.774690718274137,1,EC50,PPARG,CHEMBL235
Nc1nc2ccc(S(=O)(=O)n3c(CCCC(=O)O)cc4cc(Cl)ccc43)cc2o1,6.422508200162774,1,EC50,PPARG,CHEMBL235
Nc1nc2ccc(S(=O)(=O)n3c(CCCC(=O)O)cc4cc(Cl)ccc43)cc2s1,7.3872161432802645,1,EC50,PPARG,CHEMBL235
O=C(/C=C/c1ccccc1)NC(Cc1ccc(OCCOc2ccc(/C=C/c3ccccc3)cc2)cc1)C(=O)O,6.1938200260161125,1,EC50,PPARG,CHEMBL235
O=C(CCCC(=O)N/N=C/c1cccc2ccccc12)N/N=C/c1ccc2ccccc2c1,5.6777807052660805,1,IC50,PPARG,CHEMBL235
O=C(CCCOc1ccc(Cl)cc1Cl)N[C@@H](Cc1c[nH]c2ccccc12)C(=O)O,5.619788758288394,1,IC50,PPARG,CHEMBL235
O=C(CN1CC(=O)Nc2ccccc21)Nc1ccc(S(=O)(=O)NC(=O)NC2CCCCC2)cc1,5.939302159646388,1,IC50,PPARG,CHEMBL235
O=C(CN1c2ccccc2Sc2ccccc21)NNC(=S)NCc1ccccc1,5.108191117404626,2,EC50,PPARG,CHEMBL235
O=C(CNC(=O)Nc1ccc(NC(=O)NCC(=O)Nc2ccc(C3=NCCN3)cc2)cc1)Nc1ccc(C2=NCCN2)cc1,5.795880017344075,1,IC50,PPARG,CHEMBL235
O=C(COc1cc(O)c2c(=O)cc(-c3ccccc3)oc2c1)NCc1ccc(C(F)(F)F)cc1,5.986039931797098,2,"Ki,IC50",PPARG,CHEMBL235
O=C(COc1ccc2cc(/C=C3/SC(=O)NC3=O)ccc2c1)Nc1c(F)cc(F)cc1Br,6.610833915635467,1,EC50,PPARG,CHEMBL235
O=C(COc1ccc2cc(/C=C3/SC(=O)NC3=O)ccc2c1)Nc1ccc(Br)cc1,6.137272471682025,1,EC50,PPARG,CHEMBL235
O=C(COc1ccc2cc(/C=C3/SC(=O)NC3=O)ccc2c1)Nc1ccc(Br)cc1F,6.101823516502323,1,EC50,PPARG,CHEMBL235
O=C(COc1ccc2cc(/C=C3/SC(=O)NC3=O)ccc2c1)Nc1ccc([N+](=O)[O-])cc1,5.79317412396815,1,EC50,PPARG,CHEMBL235
O=C(Cc1ccc(C(F)(F)F)cc1)OCc1ccc(SCc2ccccc2C(=O)O)cc1,6.119186407719209,1,EC50,PPARG,CHEMBL235
O=C(Cc1ccc(CC(C(=O)O)S(=O)(=O)CCc2ccc(F)cc2)cc1)OCc1ccc(C(F)(F)F)cc1,4.7447274948966935,1,EC50,PPARG,CHEMBL235
O=C(Cc1ccc(CC(SCCc2ccc(F)cc2)C(=O)O)cc1)OCc1ccc(C(F)(F)F)cc1,5.769551078621726,1,EC50,PPARG,CHEMBL235
O=C(Cc1ccc(SCc2ccccc2C(=O)O)cc1)OCCc1ccccc1C(F)(F)F,5.086186147616283,1,EC50,PPARG,CHEMBL235
O=C(Cc1ccc(SCc2ccccc2C(=O)O)cc1)OCc1ccc(-n2cccn2)cc1,5.376750709602099,1,EC50,PPARG,CHEMBL235
O=C(Cc1ccc(SCc2ccccc2C(=O)O)cc1)OCc1ccc(C(F)(F)F)cc1,5.769551078621726,1,EC50,PPARG,CHEMBL235
O=C(Cc1cccc(SCc2ccccc2C(=O)O)c1)OCCc1ccc(C(F)(F)F)cc1,5.522878745280337,1,EC50,PPARG,CHEMBL235
O=C(Cc1cccc(SCc2ccccc2C(=O)O)c1)OCCc1ccccc1C(F)(F)F,5.045757490560675,1,EC50,PPARG,CHEMBL235
O=C(Cc1cccc(SCc2ccccc2C(=O)O)c1)OCc1ccc(-n2cccn2)cc1,5.376750709602099,1,EC50,PPARG,CHEMBL235
O=C(Cc1cccc(SCc2ccccc2C(=O)O)c1)OCc1ccc(C(F)(F)F)cc1,5.6020599913279625,1,EC50,PPARG,CHEMBL235
O=C(Cc1ccccc1)NC(CSCc1ccccc1)C(=O)O,4.962573502059376,1,EC50,PPARG,CHEMBL235
O=C(Cc1ccccc1)c1ccc(OC(Cc2ccccc2)C(=O)[O-])cc1.[Na+],5.040958607678906,1,EC50,PPARG,CHEMBL235
O=C(Cc1ccccn1)OCc1ccc(CC(SCCc2ccc(F)cc2)C(=O)O)cc1,5.6777807052660805,1,EC50,PPARG,CHEMBL235
O=C(NC(CSCc1ccc(C(=O)c2ccccc2)cc1)C(=O)O)OCc1ccccc1,5.102372908709558,1,EC50,PPARG,CHEMBL235
O=C(NC1CCC1)[C@H]1S[C@@H](n2cnc3c(NCc4cccc(I)c4)ncnc32)[C@H](O)[C@@H]1O,9.769551078621726,1,Ki,PPARG,CHEMBL235
O=C(NC1CCCCC1)NS(=O)(=O)c1ccc(CCNS(=O)(=O)c2ccc(Br)cc2)cc1,5.621602099051863,1,IC50,PPARG,CHEMBL235
O=C(NC1CCCCC1)NS(=O)(=O)c1ccc(CCNS(=O)(=O)c2ccc(Cl)cc2)cc1,5.508638306165727,1,IC50,PPARG,CHEMBL235
O=C(NC1CCCCC1)NS(=O)(=O)c1ccc(CCNS(=O)(=O)c2ccccc2)cc1,4.903089986991944,1,IC50,PPARG,CHEMBL235
O=C(NCC1CC1)[C@H]1S[C@@H](n2cnc3c(NCc4cccc(I)c4)ncnc32)[C@H](O)[C@@H]1O,8.73754891026957,1,Ki,PPARG,CHEMBL235
O=C(NCCSSCCNC(=O)/C(Cc1ccc(O)c(Br)c1)=N/O)/C(Cc1ccc(O)c(Br)c1)=N/O,5.2441251443275085,1,EC50,PPARG,CHEMBL235
O=C(NCc1ccc(CS(=O)(=O)C2CC2)cc1C(F)(F)F)c1ccc2[nH]ccc2c1,5.8297382846050425,1,EC50,PPARG,CHEMBL235
O=C(NCc1ccc(CS(=O)(=O)C2CC2)cc1C(F)(F)F)c1ccc2c(ccn2CC(C(F)(F)F)C(F)(F)F)c1,6.086186147616283,1,EC50,PPARG,CHEMBL235
O=C(NCc1ccc(CS(=O)(=O)C2CC2)cc1C(F)(F)F)c1ccc2c(ccn2CC2CC2)c1,6.468521082957745,1,EC50,PPARG,CHEMBL235
O=C(NCc1ccc(CS(=O)(=O)C2CC2)cc1C(F)(F)F)c1ccc2c(ccn2CC2COC2)c1,5.494850021680094,1,EC50,PPARG,CHEMBL235
O=C(NCc1ccc(CS(=O)(=O)C2CC2)cc1C(F)(F)F)c1ccc2c(ccn2S(=O)(=O)c2cccc(F)c2)c1,5.991399828238082,1,EC50,PPARG,CHEMBL235
O=C(NCc1ccc(Cl)cc1)c1ccc(Cl)c(C(=O)Nc2ccccc2)c1,5.142667503568731,1,EC50,PPARG,CHEMBL235
O=C(NCc1ccc(F)c(F)c1)c1cc(C(=O)Nc2ccccn2)c(Cl)cc1F,7.113106777509403,2,"EC50,IC50",PPARG,CHEMBL235
O=C(NCc1ccc(F)c(F)c1)c1ccc(Cl)c(C(=O)Nc2ccccc2)c1,5.443865115791365,2,"EC50,IC50",PPARG,CHEMBL235
O=C(NCc1ccc(F)cc1)c1ccc(Cl)c(C(=O)Nc2ccccc2)c1,5.4808886808156405,2,"EC50,IC50",PPARG,CHEMBL235
O=C(NCc1ccc(NC(=O)C(F)(F)F)cc1C(F)(F)F)c1ccc2c(ccn2Cc2cccc(F)c2)c1,5.882728704344236,1,EC50,PPARG,CHEMBL235
O=C(NCc1ccc(NS(=O)(=O)C2CC2)cc1C(F)(F)F)c1ccc2c(ccn2Cc2cccc(F)c2)c1,6.7011524070372435,2,EC50,PPARG,CHEMBL235
O=C(NCc1cccc(O)c1)c1ccc(NCc2ccc(-c3ccccc3C(=O)O)cc2)cc1,6.5416414612005935,2,"Ki,IC50",PPARG,CHEMBL235
O=C(NCc1ccccc1)c1cc(C(=O)Nc2ccccc2)c(Cl)c(C(F)(F)F)c1,5.657577319177793,1,EC50,PPARG,CHEMBL235
O=C(NCc1ccccc1)c1cc(C(=O)Nc2ccccc2)c(Cl)cc1F,6.778525065211069,2,"EC50,IC50",PPARG,CHEMBL235
O=C(NCc1ccccc1)c1cc(Cl)c(Cl)c(C(=O)Nc2ccccc2)c1,8.58374554364688,2,"EC50,IC50",PPARG,CHEMBL235
O=C(NCc1ccccc1)c1ccc(Br)c(C(=O)Nc2ccccc2)c1,6.497411889482436,2,"EC50,IC50",PPARG,CHEMBL235
O=C(NCc1ccccc1)c1ccc(Cl)c(C(=O)Nc2ccccc2)c1,5.789857057529041,2,"EC50,IC50",PPARG,CHEMBL235
O=C(NCc1ccccc1)c1ccc2c(ccn2Cc2ccc(F)cc2F)c1,8.301029995663981,1,IC50,PPARG,CHEMBL235
O=C(NCc1ccccc1C(F)(F)F)c1ccc(CC(C(=O)O)c2ccccc2)cc1,5.522878745280337,1,EC50,PPARG,CHEMBL235
O=C(NCc1ccccc1C(F)(F)F)c1ccc2c(c1)[nH]c(=O)n2CC1CCCCC1,6.154901959985743,1,EC50,PPARG,CHEMBL235
O=C(NCc1ccccc1C(F)(F)F)c1ccc2c(c1)[nH]c(=O)n2Cc1cc(F)cc(F)c1,5.707743928643524,1,EC50,PPARG,CHEMBL235
O=C(NCc1ccccc1C(F)(F)F)c1ccc2c(c1)[nH]c(=O)n2Cc1ccc(Cl)c(Cl)c1,6.0,1,EC50,PPARG,CHEMBL235
O=C(NCc1ccccc1C(F)(F)F)c1ccc2c(c1)[nH]c(=O)n2Cc1cccc(Cl)c1,5.3872161432802645,1,EC50,PPARG,CHEMBL235
O=C(NCc1ccccc1C(F)(F)F)c1ccc2c(c1)[nH]c(=O)n2Cc1cccc(F)c1,6.920818753952375,1,EC50,PPARG,CHEMBL235
O=C(NCc1ccccc1C(F)(F)F)c1ccc2c(c1)[nH]c(=O)n2Cc1ccccc1,6.267606240177031,1,EC50,PPARG,CHEMBL235
O=C(NCc1ccccc1C(F)(F)F)c1ccc2c(c1)[nH]c(=O)n2Cc1ccccc1C(F)(F)F,5.431798275933005,1,EC50,PPARG,CHEMBL235
O=C(NCc1ccccc1C(F)(F)F)c1ccc2c(c1)[nH]c(=O)n2Cc1ccccc1Cl,5.47755576649368,1,EC50,PPARG,CHEMBL235
O=C(NCc1ccccc1C(F)(F)F)c1ccc2c(c1)ncn2Cc1cccc(F)c1,5.85078088734462,1,EC50,PPARG,CHEMBL235
O=C(NCc1ccccc1C(F)(F)F)c1ccc2c(cnn2Cc2cccc(F)c2)c1,5.795880017344075,1,EC50,PPARG,CHEMBL235
O=C(NCc1ccccc1Cn1cccc1C(=O)O)NC12CC3CC(CC(C3)C1)C2,5.221848749616356,1,EC50,PPARG,CHEMBL235
O=C(NCc1ccccc1Cn1cccc1C(=O)O)NC12C[C@H]3C[C@@H](C1)C[C@@H](C2)C3,5.221848749616356,1,EC50,PPARG,CHEMBL235
O=C(NCc1ccccc1Cn1cccc1C(=O)O)Nc1ccc(OC(F)(F)F)cc1,5.698970004336019,1,EC50,PPARG,CHEMBL235
O=C(NCc1cccs1)c1ccc2c(ccn2Cc2ccc(F)cc2F)c1,8.154901959985743,1,IC50,PPARG,CHEMBL235
O=C(NS(=O)(=O)c1ccc(C(F)(F)F)cc1)c1cc2ccccc2n1Cc1ccc(C(F)(F)F)cc1,6.154901959985743,1,IC50,PPARG,CHEMBL235
O=C(NS(=O)(=O)c1ccc(Cl)cc1)c1cc2ccccc2n1Cc1cccc(C(F)(F)F)c1,6.552841968657781,1,IC50,PPARG,CHEMBL235
O=C(NS(=O)(=O)c1ccc(Cl)s1)c1cc2ccccc2n1Cc1cccc(C(F)(F)F)c1,7.096910013008056,1,IC50,PPARG,CHEMBL235
O=C(NS(=O)(=O)c1ccc(F)cc1)c1cc2ccccc2n1Cc1cccc(C(F)(F)F)c1,6.142667503568731,1,IC50,PPARG,CHEMBL235
O=C(NS(=O)(=O)c1ccc2ccccc2c1)c1cc2ccccc2n1Cc1cccc(C(F)(F)F)c1,7.045757490560675,1,IC50,PPARG,CHEMBL235
O=C(NS(=O)(=O)c1cccc(C(F)(F)F)c1)c1cc2cc(Cl)ccc2n1Cc1cccc(C(F)(F)F)c1,6.481486060122112,1,IC50,PPARG,CHEMBL235
O=C(NS(=O)(=O)c1cccc(C(F)(F)F)c1)c1cc2cc(O)ccc2n1Cc1cccc(C(F)(F)F)c1,6.267606240177031,1,IC50,PPARG,CHEMBL235
O=C(NS(=O)(=O)c1cccc(C(F)(F)F)c1)c1cc2cc(OCc3ccccc3)ccc2n1Cc1cccc(C(F)(F)F)c1,6.113509274827518,1,IC50,PPARG,CHEMBL235
O=C(NS(=O)(=O)c1cccc(C(F)(F)F)c1)c1cc2ccccc2n1C(=O)c1cccc(C(F)(F)F)c1,5.026872146400301,1,IC50,PPARG,CHEMBL235
O=C(NS(=O)(=O)c1cccc(C(F)(F)F)c1)c1cc2ccccc2n1Cc1cc(Cl)ccc1Cl,6.42021640338319,1,IC50,PPARG,CHEMBL235
O=C(NS(=O)(=O)c1cccc(C(F)(F)F)c1)c1cc2ccccc2n1Cc1ccc(C(F)(F)F)cc1,6.3979400086720375,1,IC50,PPARG,CHEMBL235
O=C(NS(=O)(=O)c1cccc(C(F)(F)F)c1)c1cc2ccccc2n1Cc1cccc(C(F)(F)F)c1,7.096910013008056,1,IC50,PPARG,CHEMBL235
O=C(NS(=O)(=O)c1cccc(C(F)(F)F)c1)c1cc2ccccc2n1Cc1cccc(OC(F)(F)F)c1,7.045757490560675,1,IC50,PPARG,CHEMBL235
O=C(NS(=O)(=O)c1cccc(C(F)(F)F)c1)c1cc2ccccc2n1Cc1cccc(OCc2ccccc2)c1,7.301029995663981,1,IC50,PPARG,CHEMBL235
O=C(NS(=O)(=O)c1cccc(C(F)(F)F)c1)c1cc2ccccc2n1Cc1ccccc1,6.552841968657781,1,IC50,PPARG,CHEMBL235
O=C(NS(=O)(=O)c1ccccc1)c1cc2ccccc2n1Cc1cccc(C(F)(F)F)c1,6.537602002101044,1,IC50,PPARG,CHEMBL235
O=C(NS(=O)(=O)c1ccccc1C(F)(F)F)c1cc2ccccc2n1Cc1cccc(C(F)(F)F)c1,7.096910013008056,1,IC50,PPARG,CHEMBL235
O=C(N[C@@H]1C[C@H]1c1ccccc1)c1ccc2c(ccn2Cc2ccc(F)cc2F)c1,5.173925197299173,1,IC50,PPARG,CHEMBL235
O=C(Nc1cc(Br)ccc1C(=O)O)c1cccc(S(=O)(=O)N2CCc3ccccc3C2)c1,5.40000018605658,1,IC50,PPARG,CHEMBL235
O=C(Nc1ccc(-c2cccc3cccnc23)cc1C(=O)[O-])c1ccc(Cl)cc1Cl.[Li+],6.154901959985743,1,Ki,PPARG,CHEMBL235
O=C(Nc1ccc(-c2ccco2)cc1C(=O)[O-])c1ccc(Cl)cc1Cl.[Li+],6.301029995663981,1,Ki,PPARG,CHEMBL235
O=C(Nc1ccc(-c2ccsc2)cc1C(=O)[O-])c1ccc(Cl)cc1Cl.[Li+],6.045757490560675,1,Ki,PPARG,CHEMBL235
O=C(Nc1ccc(Br)cc1C(=O)O)c1cccc(S(=O)(=O)N2CCc3ccccc3C2)c1,5.59999938302362,1,IC50,PPARG,CHEMBL235
O=C(Nc1ccc(C(F)(F)F)cc1C(=O)O)c1cccc(S(=O)(=O)N2CCc3ccccc3C2)c1,5.499999678657065,1,IC50,PPARG,CHEMBL235
O=C(Nc1ccc(Cl)cc1C(=O)O)c1cccc(S(=O)(=O)N2CCc3c(O)cccc3C2)c1,5.300000202445418,1,IC50,PPARG,CHEMBL235
O=C(Nc1ccc(Cl)cc1C(=O)O)c1cccc(S(=O)(=O)N2CCc3c(cccc3C(=O)O)C2)c1,5.100000128334196,1,IC50,PPARG,CHEMBL235
O=C(Nc1ccc(Cl)cc1C(=O)O)c1cccc(S(=O)(=O)N2CCc3ccc(Cl)cc3C2)c1,5.40000018605658,1,IC50,PPARG,CHEMBL235
O=C(Nc1ccc(Cl)cc1C(=O)O)c1cccc(S(=O)(=O)N2CCc3ccc(F)cc3C2)c1,5.499999678657065,1,IC50,PPARG,CHEMBL235
O=C(Nc1ccc(Cl)cc1C(=O)O)c1cccc(S(=O)(=O)N2CCc3ccccc3C2)c1,5.40000018605658,1,IC50,PPARG,CHEMBL235
O=C(Nc1ccc(F)cc1C(=O)O)c1cccc(S(=O)(=O)N2CCc3ccccc3C2)c1,5.200000237109354,1,IC50,PPARG,CHEMBL235
O=C(Nc1ccc(OC(F)(F)F)c(F)c1)N[C@H]1CC[C@H](Oc2ccc(O)cc2)CC1,6.221848749616356,1,EC50,PPARG,CHEMBL235
O=C(Nc1ccc(OCCc2ccccn2)cc1C(=O)[O-])c1ccc(Cl)cc1Cl.[Li+],5.823908740944319,1,Ki,PPARG,CHEMBL235
O=C(Nc1ccc(OCCc2cccs2)cc1C(=O)[O-])c1ccc(Cl)cc1Cl.[Li+],6.0,1,Ki,PPARG,CHEMBL235
O=C(Nc1ccc(OCCc2ccsc2)cc1C(=O)[O-])c1ccc(Cl)cc1Cl.[Li+],6.221848749616356,1,Ki,PPARG,CHEMBL235
O=C(Nc1ccc(OCc2cccs2)cc1C(=O)[O-])c1ccc(Cl)cc1Cl.[Li+],6.3979400086720375,1,Ki,PPARG,CHEMBL235
O=C(Nc1ccc(Oc2ccc([N+](=O)[O-])cn2)cc1C(=O)[O-])c1ccc(Cl)cc1Cl.[Li+],6.7447274948966935,1,Ki,PPARG,CHEMBL235
O=C(Nc1ccc(Oc2cncc(Cl)n2)cc1C(=O)[O-])c1ccc(Cl)cc1Cl.[Li+],6.795880017344075,1,Ki,PPARG,CHEMBL235
O=C(Nc1ccc(Oc2ncccc2[N+](=O)[O-])cc1C(=O)[O-])c1ccc(Cl)cc1Cl.[Li+],6.769551078621726,1,Ki,PPARG,CHEMBL235
O=C(Nc1ccc(Oc2ncccn2)cc1C(=O)O)c1ccc(Cl)cc1Cl,5.886056647693163,1,EC50,PPARG,CHEMBL235
O=C(Nc1ccc(Oc2ncccn2)cc1C(=O)[O-])c1ccc(Cl)cc1Cl.[Li+],7.0,1,Ki,PPARG,CHEMBL235
O=C(Nc1ccc2nc(-c3ccccc3)cn2c1)c1cc([N+](=O)[O-])ccc1Cl,8.910799329233122,2,"EC50,IC50",PPARG,CHEMBL235
O=C(Nc1ccc2oc(-c3cccc(Cl)c3)nc2c1)c1cc([N+](=O)[O-])ccc1Cl,7.713332079966966,2,"EC50,IC50",PPARG,CHEMBL235
O=C(Nc1ccc2oc(-c3ccccc3Br)nc2c1)c1cc([N+](=O)[O-])ccc1Cl,7.363847077798956,2,"EC50,IC50",PPARG,CHEMBL235
O=C(Nc1ccccc1)c1cc([N+](=O)[O-])ccc1Cl,8.590228032229065,2,"EC50,IC50",PPARG,CHEMBL235
O=C(Nc1ccccc1C(=O)N/N=C/c1c(O)ccc2ccccc12)c1ccccc1Cl,5.769551078621726,1,IC50,PPARG,CHEMBL235
O=C(Nc1ccccc1C(=O)O)c1cccc(S(=O)(=O)N2CCc3ccccc3C2)c1,5.100000128334196,1,IC50,PPARG,CHEMBL235
O=C(Nc1ccncc1)c1cc([N+](=O)[O-])ccc1Cl,8.037663576452164,4,IC50,PPARG,CHEMBL235
O=C(Nn1cc([N+](=O)[O-])cn1)c1cccc(COc2ccc(Br)cc2)c1,5.2636034977233574,2,EC50,PPARG,CHEMBL235
O=C(O)C(Cc1ccc(Br)cc1)Oc1ccc(Cl)cc1,5.684029654543082,1,EC50,PPARG,CHEMBL235
O=C(O)C(Cc1ccc(Cl)cc1)Oc1ccc(Cl)cc1,5.500312917381596,1,EC50,PPARG,CHEMBL235
O=C(O)C(Cc1ccc(Cl)cc1)Oc1ccc(Cl)cc1F,6.045757490560675,1,EC50,PPARG,CHEMBL235
O=C(O)C(Cc1ccc(F)cc1)Oc1ccc(Cl)cc1,5.2839966563652006,1,EC50,PPARG,CHEMBL235
O=C(O)C(Cc1ccc(OCCOc2ccc3c(c2)CCCC3)cc1)C(=O)O,5.675717544702307,1,EC50,PPARG,CHEMBL235
O=C(O)C(Cc1ccc(OCCn2c(=O)sc3cc(/C=C/c4cc(O)cc(O)c4)ccc32)cc1)OCC(F)(F)F,6.698970004336019,1,EC50,PPARG,CHEMBL235
O=C(O)C(Cc1ccc(Oc2ccccc2)cc1)Oc1ccc(Cl)cc1,5.97469413473523,1,EC50,PPARG,CHEMBL235
O=C(O)C(Cc1cccc(F)c1)Oc1ccc(Cl)cc1,5.455931955649724,1,EC50,PPARG,CHEMBL235
O=C(O)C(Cc1cccc(F)c1)Oc1ccc(Cl)cc1F,5.619788758288394,1,EC50,PPARG,CHEMBL235
O=C(O)C(Cc1cccc(F)c1)Oc1ccccc1C(F)(F)F,4.935542010773082,1,EC50,PPARG,CHEMBL235
O=C(O)C(Cc1cccc(Oc2ccccc2)c1)Oc1ccc(Cl)cc1,5.514278573518419,1,EC50,PPARG,CHEMBL235
O=C(O)C(Cc1ccccc1)Oc1ccc(/C(=N/O)c2ccccc2)cc1,4.906578314837765,1,EC50,PPARG,CHEMBL235
O=C(O)C(Cc1ccccc1)Oc1ccc(/C=C/c2ccccc2)cc1,6.142667503568731,1,EC50,PPARG,CHEMBL235
O=C(O)C(Cc1ccccc1)Oc1ccc(/C=N/O)cc1,4.366531544420414,1,EC50,PPARG,CHEMBL235
O=C(O)C(Cc1ccccc1)Oc1ccc(/C=N/OCCCc2ccccc2)cc1,5.903089986991944,1,EC50,PPARG,CHEMBL235
O=C(O)C(Cc1ccccc1)Oc1ccc(/C=N/OCc2ccccc2)cc1,5.6777807052660805,1,EC50,PPARG,CHEMBL235
O=C(O)C(Cc1ccccc1)Oc1ccc(C#Cc2ccccc2)cc1,6.267606240177031,1,EC50,PPARG,CHEMBL235
O=C(O)C(Cc1ccccc1)Oc1ccc(CCCc2ccccc2)cc1,6.060480747381382,1,EC50,PPARG,CHEMBL235
O=C(O)C(Cc1ccccc1)Oc1ccc(CCc2ccccc2)cc1,6.065501548756432,1,EC50,PPARG,CHEMBL235
O=C(O)C(Cc1ccccc1)Oc1ccc(CNc2ccccc2)cc1,5.026872146400301,1,EC50,PPARG,CHEMBL235
O=C(O)C(Cc1ccccc1)Oc1ccc(COc2ccccc2)cc1,5.522878745280337,1,EC50,PPARG,CHEMBL235
O=C(O)C(Cc1ccccc1)Oc1ccc(CSc2ccccc2)cc1,6.3979400086720375,1,EC50,PPARG,CHEMBL235
O=C(O)C(Cc1ccccc1)Oc1ccc(Cc2ccccc2)cc1,6.236572006437063,1,EC50,PPARG,CHEMBL235
O=C(O)C(Cc1ccccc1)Oc1ccc(Cl)c(C(F)(F)F)c1,5.236572006437063,1,EC50,PPARG,CHEMBL235
O=C(O)C(Cc1ccccc1)Oc1ccc(Cl)c(Cl)c1,5.5934598195660445,1,EC50,PPARG,CHEMBL235
O=C(O)C(Cc1ccccc1)Oc1ccc(Cl)c(F)c1,4.85078088734462,1,EC50,PPARG,CHEMBL235
O=C(O)C(Cc1ccccc1)Oc1ccc(NCc2ccccc2)cc1,4.886056647693163,1,EC50,PPARG,CHEMBL235
O=C(O)C(Cc1ccccc1)Oc1ccc(OCc2ccccc2)cc1,5.619788758288394,1,EC50,PPARG,CHEMBL235
O=C(O)C(Cc1ccccc1)Oc1ccc(Oc2ccccc2)cc1,5.917214629683549,1,EC50,PPARG,CHEMBL235
O=C(O)C(Cc1ccccc1)Oc1ccc(SCc2ccccc2)cc1,5.853871964321762,1,EC50,PPARG,CHEMBL235
O=C(O)C(Cc1ccccc1)Oc1cccc(F)c1,4.3872161432802645,1,EC50,PPARG,CHEMBL235
O=C(O)C(Cc1ccccc1)Oc1ccccc1C(F)(F)F,4.522878745280337,1,EC50,PPARG,CHEMBL235
O=C(O)C(Cc1ccccc1)Oc1ccccc1F,4.721246399047171,1,EC50,PPARG,CHEMBL235
O=C(O)C(Cc1ccccc1Br)Oc1ccc(Cl)cc1,5.605548319173783,1,EC50,PPARG,CHEMBL235
O=C(O)C(Cc1ccccc1C(F)(F)F)Oc1ccc(Cl)cc1,5.39469495385889,1,EC50,PPARG,CHEMBL235
O=C(O)C(Cc1ccccc1Cl)Oc1ccc(Cl)cc1,5.651695136951839,1,EC50,PPARG,CHEMBL235
O=C(O)C(Cc1ccccc1F)Oc1ccc(Cl)cc1,5.309803919971486,1,EC50,PPARG,CHEMBL235
O=C(O)C(Oc1ccc(Cl)cc1F)c1ccc(Cl)cc1,4.785156151952302,1,EC50,PPARG,CHEMBL235
O=C(O)C(Oc1ccc(Cl)cc1F)c1ccccc1,4.494850021680094,1,EC50,PPARG,CHEMBL235
O=C(O)C(Oc1cccc(C(F)(F)F)c1)c1ccc(Cl)cc1,5.0,1,EC50,PPARG,CHEMBL235
O=C(O)C(Sc1nc(Cl)cc(NCCCc2ccccc2)n1)c1cccc2ccccc12,5.050609993355087,1,EC50,PPARG,CHEMBL235
O=C(O)C(Sc1nc(Cl)cc(NCCc2ccccc2)n1)c1cccc2ccccc12,4.966576244513051,1,EC50,PPARG,CHEMBL235
O=C(O)C(Sc1nc(Cl)cc(Nc2ccc(Cl)cc2)n1)c1cccc2ccccc12,5.045757490560675,1,EC50,PPARG,CHEMBL235
O=C(O)C(Sc1nc(Cl)cc(Nc2ccc(F)cc2)n1)c1cccc2ccccc12,4.886056647693163,1,EC50,PPARG,CHEMBL235
O=C(O)C(Sc1nc(Cl)cc(Nc2ccc3c(c2)CCC3)n1)c1cccc2ccccc12,5.167491087293763,1,EC50,PPARG,CHEMBL235
O=C(O)C(Sc1nc(Cl)cc(Nc2ccc3ccccc3c2)n1)c1cccc2ccccc12,5.161150909262744,1,EC50,PPARG,CHEMBL235
O=C(O)C(Sc1nc(Cl)cc(Nc2cccc(Cl)c2)n1)c1cccc2ccccc12,5.136677139879544,1,EC50,PPARG,CHEMBL235
O=C(O)C1CCc2ccc(OCCCOc3ccc(OCC(F)(F)F)cc3Cl)cc2O1,5.3872161432802645,1,IC50,PPARG,CHEMBL235
O=C(O)CC1COc2cc(OCCCOc3ccc(-c4ccccc4)cc3)ccc21,5.527243550682788,1,EC50,PPARG,CHEMBL235
O=C(O)CC1COc2cc(OCCCOc3cccc(-c4ccccc4)c3)ccc21,5.732828271596986,1,EC50,PPARG,CHEMBL235
O=C(O)CC1COc2cc(OCCCOc3cccc(Br)c3)ccc21,5.777283528852417,1,EC50,PPARG,CHEMBL235
O=C(O)CC1COc2cc(OCCCOc3cccc(Cl)c3)ccc21,5.772113295386326,1,EC50,PPARG,CHEMBL235
O=C(O)CC1COc2cc(OCCCOc3ccccc3)ccc21,5.279014255846261,1,EC50,PPARG,CHEMBL235
O=C(O)CC1COc2cc(OCCCOc3ccccc3F)ccc21,5.573488738635424,1,EC50,PPARG,CHEMBL235
O=C(O)CC1COc2cc(OCCOc3ccccc3)ccc21,5.110698297493689,1,EC50,PPARG,CHEMBL235
O=C(O)CCCCNC(=O)c1ccccc1NC(=O)c1ccc2ccccc2c1,4.585026652029182,1,EC50,PPARG,CHEMBL235
O=C(O)CCCNC(=O)c1ccccc1NC(=O)c1ccc(-c2ccccc2)cc1,4.886056647693163,1,EC50,PPARG,CHEMBL235
O=C(O)CCCNC(=O)c1ccccc1NC(=O)c1ccc2ccccc2c1,4.7423214251308154,1,EC50,PPARG,CHEMBL235
O=C(O)CCCNC(=O)c1ccccc1NC(=O)c1cccc(-c2ccccc2)c1,4.431798275933005,1,EC50,PPARG,CHEMBL235
O=C(O)CCCNC(=O)c1ccccc1NC(=O)c1cccc2ccccc12,4.3872161432802645,1,EC50,PPARG,CHEMBL235
O=C(O)CCCNC(=O)c1ccccc1NC(=O)c1ccccc1-c1ccccc1,4.638272163982407,1,EC50,PPARG,CHEMBL235
O=C(O)CCCc1cc2cc(C(F)(F)F)ccc2n1S(=O)(=O)c1ccc(Cl)cc1,6.201349354554731,1,EC50,PPARG,CHEMBL235
O=C(O)CCCc1cc2cc(C(F)(F)F)ccc2n1S(=O)(=O)c1ccc(OC(F)(F)F)cc1,6.24184537803261,1,EC50,PPARG,CHEMBL235
O=C(O)CCCc1cc2cc(C(F)(F)F)ccc2n1S(=O)(=O)c1ccc2scnc2c1,6.8326826652518236,1,EC50,PPARG,CHEMBL235
O=C(O)CCCc1cc2cc(C(F)(F)F)ccc2n1S(=O)(=O)c1cccc(Cl)c1,6.59176003468815,1,EC50,PPARG,CHEMBL235
O=C(O)CCCc1cc2cc(C(F)(F)F)ccc2n1S(=O)(=O)c1cccc(OC(F)(F)F)c1,6.6968039425795105,1,EC50,PPARG,CHEMBL235
O=C(O)CCCc1cc2cc(C(F)(F)F)ccc2n1S(=O)(=O)c1ccccc1,6.379863945026242,1,EC50,PPARG,CHEMBL235
O=C(O)CCCc1cc2cc(Cl)ccc2n1S(=O)(=O)c1ccc2c(c1)OCO2,7.1487416512809245,1,EC50,PPARG,CHEMBL235
O=C(O)CCCc1cc2cc(Cl)ccc2n1S(=O)(=O)c1ccc2ccccc2c1,7.455931955649724,1,EC50,PPARG,CHEMBL235
O=C(O)CCCc1cc2cc(Cl)ccc2n1S(=O)(=O)c1ccc2ncsc2c1,5.898900522104968,13,EC50,PPARG,CHEMBL235
O=C(O)CCCc1cc2cc(Cl)ccc2n1S(=O)(=O)c1ccc2nsnc2c1,6.815308569182401,1,EC50,PPARG,CHEMBL235
O=C(O)CCCc1cc2cc(Cl)ccc2n1S(=O)(=O)c1cccc2ccccc12,6.576754126063192,1,EC50,PPARG,CHEMBL235
O=C(O)CCCc1cc2cc(Cl)ccc2n1S(=O)(=O)c1ccccc1,6.546681659952963,1,EC50,PPARG,CHEMBL235
O=C(O)CCN1C(=O)/C(=C\c2ccc(Cl)cc2Cl)SC1=S,6.05749589383192,1,IC50,PPARG,CHEMBL235
O=C(O)CCc1cc2cc(Cl)ccc2n1S(=O)(=O)c1ccccc1,5.807432546663454,1,EC50,PPARG,CHEMBL235
O=C(O)CCc1ccc(CNC(=O)c2cccc(CNC(=O)c3ccccc3)c2)cc1,4.202732459169283,1,IC50,PPARG,CHEMBL235
O=C(O)CCc1ccc(OCCCOc2ccc(Oc3ccc(F)cc3)cc2Cl)cc1,5.1911141326401875,1,IC50,PPARG,CHEMBL235
O=C(O)CCc1ccc2[nH]c(-c3cccc(Br)c3)cc2c1,3.6263525277907824,1,EC50,PPARG,CHEMBL235
O=C(O)CCc1ccc2[nH]c(-c3cccc(Cl)c3)cc2c1,5.619788758288394,1,EC50,PPARG,CHEMBL235
O=C(O)CCc1ccc2[nH]c(-c3ccccc3)c(CCc3ccccc3)c2c1,5.139999976065226,1,Ki,PPARG,CHEMBL235
O=C(O)CCc1cccc(NC(=O)c2ccccc2NC(=O)c2ccc(C(F)(F)F)cc2)c1,5.161150909262744,1,EC50,PPARG,CHEMBL235
O=C(O)COc1ccc(COc2cc(/C=C/c3ccc(OCC4CC4)cc3)cc(OCC3CC3)c2)cc1F,4.610833915635467,1,EC50,PPARG,CHEMBL235
O=C(O)COc1ccc(OCCCOc2cccc(Cl)c2)cc1F,5.498940737782249,1,EC50,PPARG,CHEMBL235
O=C(O)COc1ccc(SCc2ccc(OCc3ccc(C(F)(F)F)cc3)cc2)c2c1CCCO2,5.2549252084179425,1,IC50,PPARG,CHEMBL235
O=C(O)COc1ccc(SCc2ccc(OCc3ccccc3)cc2)c2c1CCC2,5.120904120499928,1,IC50,PPARG,CHEMBL235
O=C(O)COc1ccc(Sc2ccc(COc3ccc(C(F)(F)F)cc3)cc2Cl)c2c1CCCC2,6.3569964389602625,2,Ki,PPARG,CHEMBL235
O=C(O)COc1ccc(Sc2ccc(COc3ccc(C(F)(F)F)cc3)cc2OCC#CCCO)c2c1CCCC2,7.366531544420414,1,Ki,PPARG,CHEMBL235
O=C(O)COc1ccc(Sc2ccc(COc3ccc(C(F)(F)F)cc3)cc2OCC#CCO)c2c1CCCC2,5.953464346811968,2,"Ki,EC50",PPARG,CHEMBL235
O=C(O)COc1ccc(Sc2ccc(COc3ccc(C(F)(F)F)cc3)cc2OCC#Cc2cccnc2)c2c1CCCC2,6.698970004336019,2,"Ki,EC50",PPARG,CHEMBL235
O=C(O)COc1cccc2c1CCN(S(=O)(=O)c1cccc(C(=O)Nc3ccc(Cl)cc3C(=O)O)c1)C2,5.100000128334196,1,IC50,PPARG,CHEMBL235
O=C(O)CSc1nc(Cl)cc(Nc2ccc(Cl)c3c2CCC3)n1,5.508638306165727,1,EC50,PPARG,CHEMBL235
O=C(O)CSc1nc(Cl)cc(Nc2ccc(Nc3ccccc3)cc2)n1,4.906578314837765,1,EC50,PPARG,CHEMBL235
O=C(O)CSc1nc(Cl)cc(Nc2cccc3c2CCC3)n1,4.42021640338319,1,EC50,PPARG,CHEMBL235
O=C(O)CSc1nc(Cl)cc(Nc2cccc3c2CCCC3)n1,5.6777807052660805,1,EC50,PPARG,CHEMBL235
O=C(O)CSc1nc(OCCc2ccccc2)cc(OCCc2ccccc2)n1,5.431798275933005,1,IC50,PPARG,CHEMBL235
O=C(O)C[C@@H]1CCc2cc(OCCCOc3ccc(-c4ccc(C(F)(F)F)cn4)cc3)ccc21,3.2499999962855215,1,EC50,PPARG,CHEMBL235
O=C(O)C[C@@H]1CCc2cc(OCCCOc3ccc(-c4ccc5cc[nH]c5c4)cc3)ccc21,2.860000001448153,1,EC50,PPARG,CHEMBL235
O=C(O)C[C@@H]1CCc2cc(OCCCOc3ccc(-c4cccnc4)cc3)ccc21,2.739999999668255,1,EC50,PPARG,CHEMBL235
O=C(O)C[C@@H]1CCc2cc(OCCCOc3ccc(-c4ccoc4)cc3)ccc21,3.6100000027750427,1,EC50,PPARG,CHEMBL235
O=C(O)C[C@@H]1CCc2cc(OCCCOc3ccc(-c4ccsc4)cc3)ccc21,2.809999999695055,1,EC50,PPARG,CHEMBL235
O=C(O)C[C@@H]1CCc2cc(OCCCOc3ccc(-c4cncnc4)cc3)ccc21,2.979999999191614,1,EC50,PPARG,CHEMBL235
O=C(O)C[C@@H]1CCc2cc(OCCCOc3ccc(-c4nc5c(s4)CCCC5)cc3)ccc21,2.4600000005668043,1,EC50,PPARG,CHEMBL235
O=C(O)C[C@@H]1CCc2cc(OCCCOc3ccc(-n4cncn4)cc3)ccc21,2.739999999668255,1,EC50,PPARG,CHEMBL235
O=C(O)C[C@@H]1CCc2cc(OCCCOc3ccc(-n4cnnc4)cc3Cl)ccc21,3.9299999833436425,1,EC50,PPARG,CHEMBL235
O=C(O)C[C@@H]1CCc2cc(OCCCOc3ccc(C(F)(F)F)cc3)ccc21,3.7399999901217527,1,EC50,PPARG,CHEMBL235
O=C(O)C[C@@H]1CCc2cc(OCCCOc3ccc(OC(F)(F)F)cc3)ccc21,3.0,1,EC50,PPARG,CHEMBL235
O=C(O)C[C@@H]1COc2cc(OCCCOc3cccc(Cl)c3)ccc21,5.844663962534938,1,EC50,PPARG,CHEMBL235
O=C(O)C[C@@H]1COc2cc(OCc3ccc4nc(-c5ccc(C(F)(F)F)cc5)cn4c3)ccc21,6.180456064458131,1,EC50,PPARG,CHEMBL235
O=C(O)Cc1cc(Br)c(Oc2cc(I)c(O)c(I)c2)c(I)c1,6.522878745280337,1,EC50,PPARG,CHEMBL235
O=C(O)Cc1cc(Cl)cc(OCCC2(C3CCCC3)CCN(c3nc4ccc(Cl)cc4s3)CC2)c1,6.657577319177793,1,EC50,PPARG,CHEMBL235
O=C(O)Cc1cc(Cl)cc(OCCC2(N3CCCC3)CCN(c3nc4ccc(C(F)(F)F)cc4s3)CC2)c1,5.769551078621726,1,EC50,PPARG,CHEMBL235
O=C(O)Cc1cc(Cl)cc(OCCC2(N3CCCC3)CCN(c3nc4ccc(C(F)(F)F)nc4s3)CC2)c1,5.455931955649724,1,EC50,PPARG,CHEMBL235
O=C(O)Cc1cc(Cl)cc(OCCC2(N3CCCC3)CCN(c3nc4ccc(Cl)cc4s3)CC2)c1,5.920818753952375,1,EC50,PPARG,CHEMBL235
O=C(O)Cc1cc(Cl)cc(OCCC2(N3CCCCC3)CCN(c3nc4ccc(Cl)cc4s3)CC2)c1,6.0,1,EC50,PPARG,CHEMBL235
O=C(O)Cc1cc(I)c(Oc2cc(I)c(O)c(I)c2)c(I)c1,7.0,1,EC50,PPARG,CHEMBL235
O=C(O)Cc1cc(I)c(Oc2ccc(O)c(I)c2)c(I)c1,6.431798275933005,1,EC50,PPARG,CHEMBL235
O=C(O)Cc1ccc(Cl)c(OCCC2(N3CCCC3)CCN(c3nc4ccc(C(F)(F)F)nc4s3)CC2)c1,5.455931955649724,1,EC50,PPARG,CHEMBL235
O=C(O)Cc1ccc(Cl)c(OCCC2CCN(c3nc4ccc(Cl)cc4s3)CC2)c1,6.005682847330363,2,EC50,PPARG,CHEMBL235
O=C(O)Cc1ccc2[nH]c(-c3ccc(F)cc3)c(CCc3ccc(F)cc3)c2c1,6.309998953116937,1,Ki,PPARG,CHEMBL235
O=C(O)Cc1ccc2[nH]c(-c3ccccc3)c(CCc3ccccc3)c2c1,6.83000246293343,1,Ki,PPARG,CHEMBL235
O=C(O)Cc1ccc2[nH]c(-c3ccccc3)cc2c1,5.349999603463148,1,Ki,PPARG,CHEMBL235
O=C(O)Cc1cccc(NC(=O)c2ccccc2NC(=O)c2ccc(-c3ccccc3)cc2)c1,5.585026652029182,1,EC50,PPARG,CHEMBL235
O=C(O)Cc1cccc(NC(=O)c2ccccc2NC(=O)c2ccc(C(F)(F)F)cc2)c1,5.026872146400301,1,EC50,PPARG,CHEMBL235
O=C(O)Cc1cccc(NC(=O)c2ccccc2NC(=O)c2ccc(SC(F)(F)F)cc2)c1,5.356547323513812,1,EC50,PPARG,CHEMBL235
O=C(O)Cc1cccc(NC(=O)c2ccccc2NC(=O)c2ccc3ccccc3c2)c1,4.7447274948966935,1,EC50,PPARG,CHEMBL235
O=C(O)Cc1cccc(OCCC2CCN(c3nc4ccc(Cl)cc4s3)CC2)c1,5.58838029403677,1,EC50,PPARG,CHEMBL235
O=C(O)Cc1cn(Cc2ccccc2)c2ccc(OCCCOc3cccc(OCc4ccc(Cl)cc4)c3)cc12,6.301029995663981,1,EC50,PPARG,CHEMBL235
O=C(O)Cc1coc2cc(OCc3cccc(COc4ccc(C(F)(F)F)cc4)c3)ccc12,5.267606240177031,1,IC50,PPARG,CHEMBL235
O=C(O)Cc1csc2cc(OCc3ccc(COc4ccc(C(F)(F)F)cc4)cc3)ccc12,5.428291168191312,1,IC50,PPARG,CHEMBL235
O=C(O)Cc1csc2cc(OCc3cccc(COc4ccc(C(F)(F)F)cc4)c3)ccc12,5.237321436272564,1,IC50,PPARG,CHEMBL235
O=C(O)Cn1c(SCCOc2ccc3ccccc3c2)nc2ccccc21,5.653060537301009,1,IC50,PPARG,CHEMBL235
O=C(O)Cn1ccc2c(OCCCOc3ccc(C(=O)c4ccc(F)cc4)cc3)cccc21,5.528708288941061,1,IC50,PPARG,CHEMBL235
O=C(O)Cn1ccc2c(OCCCOc3ccc4cc(C(=O)c5ccccc5)ccc4c3)cccc21,5.567511744229494,1,IC50,PPARG,CHEMBL235
O=C(O)Cn1ccc2cc(OCCCOc3ccc(C(=O)c4ccc(F)cc4)cc3)ccc21,6.671620396561263,1,IC50,PPARG,CHEMBL235
O=C(O)Cn1ccc2cc(OCCCOc3ccc4cc(C(=O)c5ccccc5)ccc4c3)ccc21,6.201349354554731,1,IC50,PPARG,CHEMBL235
O=C(O)Cn1ccc2ccc(OCCCOc3ccc(C(=O)c4ccc(F)cc4)cc3)cc21,5.683610248926804,1,IC50,PPARG,CHEMBL235
O=C(O)Cn1ccc2ccc(OCCCOc3ccc4cc(C(=O)c5ccccc5)ccc4c3)cc21,5.801342913045577,1,IC50,PPARG,CHEMBL235
O=C(O)[C@@H](Cc1ccc(-c2ccc(O[C@H](Cc3ccccc3)C(=O)O)cc2)cc1)Oc1ccc(-c2ccccc2)cc1,4.823908740944319,1,EC50,PPARG,CHEMBL235
O=C(O)[C@@H](Cc1ccc(-c2ccccc2)cc1)Oc1ccc(-c2ccccc2)cc1,6.050609993355087,1,EC50,PPARG,CHEMBL235
O=C(O)[C@@H](Cc1ccc(Oc2ccccc2)cc1)Oc1ccc(Cl)cc1,4.94692155651658,1,EC50,PPARG,CHEMBL235
O=C(O)[C@@H](Cc1ccccc1)Oc1ccc(-c2cc3ccccc3c3ccccc23)cc1,5.769551078621726,1,EC50,PPARG,CHEMBL235
O=C(O)[C@@H](Cc1ccccc1)Oc1ccc(-c2ccccc2)cc1,5.226945306635738,1,EC50,PPARG,CHEMBL235
O=C(O)[C@@H](Cc1ccccc1)Oc1ccc(CCc2ccccc2)cc1,5.795880017344075,1,EC50,PPARG,CHEMBL235
O=C(O)[C@@H](Cc1ccccc1)Oc1ccc(Cc2ccccc2)cc1,5.2441251443275085,1,EC50,PPARG,CHEMBL235
O=C(O)[C@@H](Cc1ccccc1)Oc1ccc(Cl)cc1,4.978810700930062,1,EC50,PPARG,CHEMBL235
O=C(O)[C@@H](Oc1cccc(C(F)(F)F)c1)c1ccc(Cl)cc1,5.1386830387330935,2,EC50,PPARG,CHEMBL235
O=C(O)[C@H](CCCc1ccc(Cl)cc1)Oc1ccc(Cl)cc1,6.499996931948306,1,EC50,PPARG,CHEMBL235
O=C(O)[C@H](CCCc1ccccc1)Oc1ccc(Cl)cc1,6.040000399696793,1,EC50,PPARG,CHEMBL235
O=C(O)[C@H](CCOc1ccccc1)Oc1ccc(Cl)cc1,5.899998417198648,1,EC50,PPARG,CHEMBL235
O=C(O)[C@H](CCc1ccccc1)Oc1ccc(Cl)cc1,5.149999867728904,1,EC50,PPARG,CHEMBL235
O=C(O)[C@H](COc1ccccc1)Oc1ccc(Cl)cc1,5.779999190713337,1,EC50,PPARG,CHEMBL235
O=C(O)[C@H](Cc1ccc(-c2ccc(O[C@@H](Cc3ccccc3)C(=O)O)cc2)cc1)Oc1ccc(-c2ccccc2)cc1,5.008773924307505,1,EC50,PPARG,CHEMBL235
O=C(O)[C@H](Cc1ccc(-c2ccc(O[C@H](Cc3ccccc3)C(=O)O)cc2)cc1)Oc1ccc(-c2ccccc2)cc1,4.7447274948966935,1,EC50,PPARG,CHEMBL235
O=C(O)[C@H](Cc1ccc(-c2ccccc2)cc1)Oc1ccc(-c2ccccc2)cc1,5.727152168249301,4,EC50,PPARG,CHEMBL235
O=C(O)[C@H](Cc1ccc(-c2ccccc2)cc1)Oc1ccc(Cl)cc1,6.630381598270562,2,EC50,PPARG,CHEMBL235
O=C(O)[C@H](Cc1ccc(-c2cccs2)cc1)Oc1ccc(Cl)cc1,6.709558600976008,2,EC50,PPARG,CHEMBL235
O=C(O)[C@H](Cc1ccc(C(F)(F)F)cc1)Oc1ccc(Cl)cc1,5.908853246621728,2,EC50,PPARG,CHEMBL235
O=C(O)[C@H](Cc1ccc(Cl)cc1)Oc1ccc(Cl)cc1F,6.301029995663981,1,EC50,PPARG,CHEMBL235
O=C(O)[C@H](Cc1ccc(OCc2ccccc2)cc1)/N=C1\CCCC\C1=C(\O)c1ccccc1,6.0999990348465305,1,Ki,PPARG,CHEMBL235
O=C(O)[C@H](Cc1ccc(Oc2ccccc2)cc1)Oc1ccc(Cl)cc1,6.708418571169845,3,EC50,PPARG,CHEMBL235
O=C(O)[C@H](Cc1ccccc1)Oc1ccc(-c2cc3ccccc3c3ccccc23)cc1,5.6777807052660805,1,EC50,PPARG,CHEMBL235
O=C(O)[C@H](Cc1ccccc1)Oc1ccc(-c2ccc(C[C@@H](Oc3ccc(-c4ccccc4)cc3)C(=O)O)cc2)cc1,4.6020599913279625,1,EC50,PPARG,CHEMBL235
O=C(O)[C@H](Cc1ccccc1)Oc1ccc(-c2ccc(Cl)cc2)cc1,5.049999969853415,1,EC50,PPARG,CHEMBL235
O=C(O)[C@H](Cc1ccccc1)Oc1ccc(-c2cccc3ccccc23)cc1,5.847711655616944,1,EC50,PPARG,CHEMBL235
O=C(O)[C@H](Cc1ccccc1)Oc1ccc(-c2ccccc2)cc1,6.279947876908539,7,EC50,PPARG,CHEMBL235
O=C(O)[C@H](Cc1ccccc1)Oc1ccc(-c2ccccc2-c2ccccc2)cc1,5.853871964321762,1,EC50,PPARG,CHEMBL235
O=C(O)[C@H](Cc1ccccc1)Oc1ccc(-c2ccccc2C(F)(F)F)cc1,6.0,1,EC50,PPARG,CHEMBL235
O=C(O)[C@H](Cc1ccccc1)Oc1ccc(-c2ccccc2F)cc1,6.161150909262744,1,EC50,PPARG,CHEMBL235
O=C(O)[C@H](Cc1ccccc1)Oc1ccc(-c2cccs2)cc1,5.795880017344075,1,EC50,PPARG,CHEMBL235
O=C(O)[C@H](Cc1ccccc1)Oc1ccc(/C=N/O)cc1,4.552841968657781,1,EC50,PPARG,CHEMBL235
O=C(O)[C@H](Cc1ccccc1)Oc1ccc(C(F)(F)F)cc1,6.04717181275381,3,EC50,PPARG,CHEMBL235
O=C(O)[C@H](Cc1ccccc1)Oc1ccc(CCc2ccccc2)cc1,6.3989684610221484,2,EC50,PPARG,CHEMBL235
O=C(O)[C@H](Cc1ccccc1)Oc1ccc(CO)cc1,4.59003341998265,2,EC50,PPARG,CHEMBL235
O=C(O)[C@H](Cc1ccccc1)Oc1ccc(Cc2ccccc2)cc1,6.2348175578435345,3,EC50,PPARG,CHEMBL235
O=C(O)[C@H](Cc1ccccc1)Oc1ccc(Cl)cc1,5.314136318879007,4,EC50,PPARG,CHEMBL235
O=C(O)[C@H](Cc1ccccc1)Oc1ccc(Cl)cc1F,5.6020599913279625,1,EC50,PPARG,CHEMBL235
O=C(O)[C@H](Cc1ccccc1)Oc1ccc(F)cc1,4.453457336521869,1,EC50,PPARG,CHEMBL235
O=C(O)[C@H](Cc1ccccc1)Oc1ccc(Oc2ccccc2)cc1,5.800000874803203,1,EC50,PPARG,CHEMBL235
O=C(O)[C@H](Cc1ccccc1)Oc1ccc2ccccc2c1,5.821954549582578,2,EC50,PPARG,CHEMBL235
O=C(O)[C@H](Cc1ccccc1)Oc1cccc(C(F)(F)F)c1,4.798602875679548,1,EC50,PPARG,CHEMBL235
O=C(O)[C@H](Oc1cccc(C(F)(F)F)c1)c1ccc(Cl)cc1,5.119186407719209,1,EC50,PPARG,CHEMBL235
O=C(O)c1c(Oc2cccc(C(F)(F)F)c2)c2ccccc2n1-c1ccc(C(F)(F)F)cc1,6.97061622231479,1,IC50,PPARG,CHEMBL235
O=C(O)c1c(Sc2ccccc2)c2cc(Cl)ccc2n1Cc1ccc(Cl)cc1,7.414575898178345,2,"EC50,IC50",PPARG,CHEMBL235
O=C(O)c1ccc(-c2nc(C(=O)c3c(Cl)cccc3C(F)(F)F)n3c2CCCC3)c(F)c1,6.119186407719209,1,IC50,PPARG,CHEMBL235
O=C(O)c1ccc(-c2nc(C(=O)c3c(Cl)cccc3C(F)(F)F)n3c2CCCC3)cc1,5.6777807052660805,1,IC50,PPARG,CHEMBL235
O=C(O)c1ccc(-c2nc(C(=O)c3c(Cl)cccc3C(F)(F)F)n3ccccc23)c(F)c1,6.494850021680094,1,IC50,PPARG,CHEMBL235
O=C(O)c1ccc(-c2nc(C(=O)c3c(Cl)cccc3C(F)(F)F)n3ccccc23)cc1,5.823908740944319,2,IC50,PPARG,CHEMBL235
O=C(O)c1ccc(-c2nc(C(=O)c3c(Cl)cccc3C(F)(F)F)n3ccccc23)cc1O,6.187086643357144,1,IC50,PPARG,CHEMBL235
O=C(O)c1ccc(-c2nc(C(=O)c3c(Cl)cccc3C(F)(F)F)n3cccnc23)cc1,5.376750709602099,1,IC50,PPARG,CHEMBL235
O=C(O)c1ccc(-c2nc(C(=O)c3c(Cl)cccc3C3CC3)n3c2CCCC3)c(F)c1,5.886056647693163,1,IC50,PPARG,CHEMBL235
O=C(O)c1ccc(-c2nc(C(=O)c3c(Cl)cccc3C3CC3)n3cccnc23)cc1O,5.468521082957745,1,IC50,PPARG,CHEMBL235
O=C(O)c1ccc(-c2nc(C(=O)c3c(Cl)cccc3Cl)n3c2CCCC3)c(F)c1,5.958607314841775,1,IC50,PPARG,CHEMBL235
O=C(O)c1ccc(-c2nc(C(=O)c3c(F)cccc3Cl)n3c2CCCC3)c(F)c1,5.537602002101044,1,IC50,PPARG,CHEMBL235
O=C(O)c1ccc(-c2nc(C(=O)c3ccccc3C(F)(F)F)n3c2CCCC3)c(F)c1,5.251811972993799,1,IC50,PPARG,CHEMBL235
O=C(O)c1ccc(-c2nn(C(=O)c3c(Cl)cccc3C(F)(F)F)c3ccccc23)cc1,6.397843488429369,12,"Ki,EC50,IC50",PPARG,CHEMBL235
O=C(O)c1ccc(-c2nn(C(=O)c3c(Cl)cccc3C(F)(F)F)c3cccnc23)c(F)c1,5.698970004336019,1,IC50,PPARG,CHEMBL235
O=C(O)c1ccc(-n2nnnc2SCc2ccccc2Br)cc1,5.28971335229711,1,IC50,PPARG,CHEMBL235
O=C(O)c1ccc(/C=C/c2c(-c3c(Cl)cccc3C(F)(F)F)noc2-c2cc[nH]c2)cc1,4.8979400086720375,2,"EC50,IC50",PPARG,CHEMBL235
O=C(O)c1ccc(/C=C\c2c(-c3c(Cl)cccc3C(F)(F)F)noc2-c2cc[nH]c2)cc1,5.1249387366083,1,EC50,PPARG,CHEMBL235
O=C(O)c1ccc(COc2ccc3ccccc3c2/C=N/c2ccc(N3CCOCC3)cc2)cc1,4.698970004336019,1,IC50,PPARG,CHEMBL235
O=C(O)c1ccc(COc2ccccc2C=C2C(=O)c3ccccc3C2=O)cc1,5.941573975542995,1,IC50,PPARG,CHEMBL235
O=C(O)c1ccc(NC(=O)c2ccccc2NC(=O)c2ccc3ccccc3c2)cc1,4.6777807052660805,1,EC50,PPARG,CHEMBL235
O=C(O)c1ccc(NCc2c(-c3c(Cl)cccc3C(F)(F)F)noc2-c2cc[nH]c2)cc1,4.809837700577145,3,"EC50,IC50",PPARG,CHEMBL235
O=C(O)c1ccc(NCc2c(-c3c(Cl)cccc3C(F)(F)F)noc2-c2cc[nH]c2)cc1F,4.823908740944319,1,EC50,PPARG,CHEMBL235
O=C(O)c1ccc(OCc2c(-c3c(Cl)cccc3C(F)(F)F)noc2-c2cc[nH]c2)cc1,4.854648878356072,2,"EC50,IC50",PPARG,CHEMBL235
O=C(O)c1ccc(OCc2c(-c3c(Cl)cccc3C(F)(F)F)noc2-c2cc[nH]c2)cc1F,4.705248601868119,2,"EC50,IC50",PPARG,CHEMBL235
O=C(O)c1ccc(OCc2c(-c3c(Cl)cccc3C(F)(F)F)noc2-c2ccc[nH]2)cc1,5.153576540361385,2,"EC50,IC50",PPARG,CHEMBL235
O=C(O)c1ccc(OCc2c(-c3c(Cl)cccc3C(F)(F)F)noc2-c2cn[nH]c2)cc1,4.773035203971135,2,"EC50,IC50",PPARG,CHEMBL235
O=C(O)c1ccc(SCc2c(-c3c(Cl)cccc3C(F)(F)F)noc2-c2cc[nH]c2)cc1,4.7447274948966935,1,EC50,PPARG,CHEMBL235
O=C(O)c1cccc(-c2ccc(NC(=O)c3ccc(Cl)cc3Cl)c(C(=O)[O-])c2)c1.[Li+],5.853871964321762,1,Ki,PPARG,CHEMBL235
O=C(O)c1cccc(NC(=O)c2cc(Cl)ccc2NC(=O)c2ccc(C(F)(F)F)cc2)c1,5.327902142064282,1,EC50,PPARG,CHEMBL235
O=C(O)c1cccc(NC(=O)c2ccc(Cl)cc2NC(=O)c2ccc(C(F)(F)F)cc2)c1,5.060480747381382,1,EC50,PPARG,CHEMBL235
O=C(O)c1cccc(NC(=O)c2ccccc2NC(=O)c2cc(C(F)(F)F)cc(C(F)(F)F)c2)c1,4.958607314841775,1,EC50,PPARG,CHEMBL235
O=C(O)c1cccc(NC(=O)c2ccccc2NC(=O)c2ccc(Br)cc2)c1,5.346787486224656,1,EC50,PPARG,CHEMBL235
O=C(O)c1cccc(NC(=O)c2ccccc2NC(=O)c2ccc(C(F)(F)F)c(F)c2)c1,5.161150909262744,1,EC50,PPARG,CHEMBL235
O=C(O)c1cccc(NC(=O)c2ccccc2NC(=O)c2ccc(C(F)(F)F)cc2)c1,5.070581074285707,1,EC50,PPARG,CHEMBL235
O=C(O)c1cccc(NC(=O)c2ccccc2NC(=O)c2ccc3c(c2)OCO3)c1,4.6020599913279625,1,EC50,PPARG,CHEMBL235
O=C(O)c1cccc(NC(=O)c2ccccc2NC(=O)c2ccc3ccccc3c2)c1,5.259637310505756,1,EC50,PPARG,CHEMBL235
O=C(O)c1cccc(OS(=O)(=O)/C=C/c2ccccc2)c1,4.86899118720936,1,IC50,PPARG,CHEMBL235
O=C(O)c1ccccc1-c1ccccc1C(=O)Nc1ccc2c(c1)-c1ccccc1C2,5.455931955649724,1,IC50,PPARG,CHEMBL235
O=C(O)c1nn(Cc2ccc(Cl)c(Cl)c2)c(=O)c2cc(Oc3ccccc3)ccc12,7.207834387816234,2,IC50,PPARG,CHEMBL235
O=C(OCc1ccc(CC(SCCc2ccc(F)cc2)C(=O)O)cc1)c1nc(-c2ccccc2)oc1C(F)(F)F,7.522878745280337,1,EC50,PPARG,CHEMBL235
O=C(OCc1cccc2ccc3cccc(COC(=O)c4ccccc4)c3c12)c1ccccc1,5.267606240177031,1,IC50,PPARG,CHEMBL235
O=C(OCc1nc(-c2ccccc2)oc1C(F)(F)F)c1ccc(CC(SCCc2ccc(F)cc2)C(=O)O)cc1,7.236572006437063,1,EC50,PPARG,CHEMBL235
O=C(Oc1ccc([N+](=O)[O-])cc1)c1cn(-c2ccccc2)nc1-c1ccccc1,6.011887159731648,1,IC50,PPARG,CHEMBL235
O=C([O-])C(Cc1ccccc1)Oc1ccc(/C=C\c2ccccc2)cc1.[Na+],5.823908740944319,1,EC50,PPARG,CHEMBL235
O=C([O-])C(Cc1ccccc1)Oc1ccc(/C=N/OCCc2ccccc2)cc1.[Na+],5.7447274948966935,1,EC50,PPARG,CHEMBL235
O=C(c1c(Cl)cccc1C(F)(F)F)c1nc(C2=CCC(C(=O)O)CC2)c2ccccn12,5.7447274948966935,1,IC50,PPARG,CHEMBL235
O=C(c1ccccc1)c1ccc(N[C@@H](Cc2ccc(OCc3ccccc3)cc2)C(=O)O)cc1,5.899998417198648,1,Ki,PPARG,CHEMBL235
O=C(c1ccccc1)c1ccccc1N[C@@H](Cc1ccc(/N=N/c2ccc(Cl)cc2)cc1)C(=O)O,5.795880017344075,1,EC50,PPARG,CHEMBL235
O=C(c1ccccc1)c1ccccc1N[C@@H](Cc1ccc(/N=N/c2ccccc2)cc1)C(=O)O,6.0,1,EC50,PPARG,CHEMBL235
O=C(c1ccccc1)c1ccccc1N[C@@H](Cc1ccc(/N=N\c2ccc(Cl)cc2)cc1)C(=O)O,5.301029995663981,1,EC50,PPARG,CHEMBL235
O=C(c1ccccc1)c1ccccc1N[C@@H](Cc1ccc(/N=N\c2ccccc2)cc1)C(=O)O,5.886056647693163,1,EC50,PPARG,CHEMBL235
O=C(c1ccccc1)c1ccccc1N[C@@H](Cc1ccc(OC2CCN2C(c2ccccc2)c2ccccc2)cc1)C(=O)O,5.790000026071146,1,Ki,PPARG,CHEMBL235
O=C(c1ccccc1)c1ccccc1N[C@@H](Cc1ccc(OCC2CCc3ccccc3C2)cc1)C(=O)O,6.840011949618013,1,Ki,PPARG,CHEMBL235
O=C(c1ccccc1)c1ccccc1N[C@@H](Cc1ccc(OCC2COCCOCCOCCO2)cc1)C(=O)O,5.929999096197655,1,Ki,PPARG,CHEMBL235
O=C(c1ccccc1)c1ccccc1N[C@@H](Cc1ccc(OCCCc2ccncc2)cc1)C(=O)O,5.990001269951939,1,Ki,PPARG,CHEMBL235
O=C(c1ccccc1)c1ccccc1N[C@@H](Cc1ccc(OCCOCc2ccccc2)cc1)C(=O)O,6.459996055149974,1,Ki,PPARG,CHEMBL235
O=C(c1ccccc1)c1ccccc1N[C@@H](Cc1ccc(OCCOc2c(Cl)cccc2Cl)cc1)C(=O)O,5.860001341725205,1,Ki,PPARG,CHEMBL235
O=C(c1ccccc1)c1ccccc1N[C@@H](Cc1ccc(OCCOc2ccc(Br)cc2)cc1)C(=O)O,7.4249934734977305,2,Ki,PPARG,CHEMBL235
O=C(c1ccccc1)c1ccccc1N[C@@H](Cc1ccc(OCCOc2ccc(SCl)cc2)cc1)C(=O)O,7.320024954692116,2,Ki,PPARG,CHEMBL235
O=C(c1ccccc1)c1ccccc1N[C@@H](Cc1ccc(OCCOc2ccc([N+](=O)[O-])cn2)cc1)C(=O)O,7.0400051616715835,1,Ki,PPARG,CHEMBL235
O=C(c1ccccc1)c1ccccc1N[C@@H](Cc1ccc(OCCc2ccc(Cl)cc2)cc1)C(=O)O,7.434995341894823,2,Ki,PPARG,CHEMBL235
O=C(c1ccccc1)c1ccccc1N[C@@H](Cc1ccc(OCCc2ccc(OC(F)(F)F)cc2)cc1)C(=O)O,6.790002703917631,1,Ki,PPARG,CHEMBL235
O=C(c1ccccc1)c1ccccc1N[C@@H](Cc1ccc(OCCc2cccc(Br)c2)cc1)C(=O)O,6.17000191130262,1,Ki,PPARG,CHEMBL235
O=C(c1ccccc1)c1ccccc1N[C@@H](Cc1ccc(OCCc2cccc(F)c2)cc1)C(=O)O,6.950007143079858,1,Ki,PPARG,CHEMBL235
O=C(c1ccccc1)c1ccccc1N[C@@H](Cc1ccc(OCCc2ccccn2)cc1)C(=O)O,6.450004148469349,1,Ki,PPARG,CHEMBL235
O=C(c1ccccc1)c1ccccc1N[C@@H](Cc1ccc(OCCc2scnc2-c2ccccc2)cc1)C(=O)O,5.839999931118699,1,Ki,PPARG,CHEMBL235
O=C(c1ccccc1)c1ccccc1N[C@@H](Cc1ccc(OC[C@@H]2CCCN2c2ccc([N+](=O)[O-])cc2)cc1)C(=O)O,7.140021558357979,1,Ki,PPARG,CHEMBL235
O=C(c1ccccc1)c1ccccc1N[C@@H](Cc1ccc(OCc2ccc(Cl)cc2)cc1)C(=O)O,6.795026332581758,2,Ki,PPARG,CHEMBL235
O=C(c1ccccc1)c1ccccc1N[C@@H](Cc1ccc(OCc2cccc(I)c2)cc1)C(=O)O,6.379999357699932,1,Ki,PPARG,CHEMBL235
O=C(c1ccccc1)c1ccccc1N[C@@H](Cc1ccc(OCc2ccccc2)cc1)C(=O)O,6.790002703917631,1,Ki,PPARG,CHEMBL235
O=C1C=C(Nc2ccccc2C(=O)CC(=O)C(=O)Nc2ccc(Cl)c(Cl)c2)c2ccccc2C1=O,5.552841968657781,1,IC50,PPARG,CHEMBL235
O=C1CN(C(=O)CNc2ccc(S(=O)(=O)NC(=O)NC3CCCCC3)cc2)c2ccccc2N1,5.942714355581785,1,IC50,PPARG,CHEMBL235
O=C1CSC(=O)N1Cc1ccc2[nH]c(-c3ccccc3)c(CCc3ccccc3)c2c1,5.720000163638921,1,Ki,PPARG,CHEMBL235
O=C1NC(=O)/C(=C/c2ccc(OCCNc3nc4ccccc4s3)cc2)S1,4.853871964321762,1,IC50,PPARG,CHEMBL235
O=C1NC(=O)C(=Cc2ccc(N(CCO)CCOC(c3ccccc3)(c3ccccc3)c3ccccc3)cc2)C(=O)N1,4.653647025549361,1,IC50,PPARG,CHEMBL235
O=C1NC(=O)C(=Cc2ccc(N(CCOCc3ccccc3)CCOCc3ccccc3)cc2)C(=O)N1,4.105683937315561,1,IC50,PPARG,CHEMBL235
O=C1NC(=O)C(=Cc2ccc(N(CCOc3ccc([N+](=O)[O-])cc3)CCOc3ccc([N+](=O)[O-])cc3)cc2)C(=O)N1,4.995678626217358,1,IC50,PPARG,CHEMBL235
O=C1NC(=O)C(=Cc2ccc(OCc3ccccc3)cc2)C(=O)N1,7.0,1,IC50,PPARG,CHEMBL235
O=C1NC(=O)C(Cc2ccc(/N=N/c3ccc(C(F)(F)F)cc3)cc2)S1,5.657577319177793,1,EC50,PPARG,CHEMBL235
O=C1NC(=O)C(Cc2ccc(/N=N/c3ccc(Cl)cc3)cc2)S1,5.537602002101044,1,EC50,PPARG,CHEMBL235
O=C1NC(=O)C(Cc2ccc(/N=N/c3ccccc3)cc2)S1,5.657577319177793,1,EC50,PPARG,CHEMBL235
O=C1NC(=O)C(Cc2ccc(/N=N\c3ccc(C(F)(F)F)cc3)cc2)S1,5.187086643357144,1,EC50,PPARG,CHEMBL235
O=C1NC(=O)C(Cc2ccc(/N=N\c3ccc(Cl)cc3)cc2)S1,5.154901959985743,1,EC50,PPARG,CHEMBL235
O=C1NC(=O)C(Cc2ccc(/N=N\c3ccccc3)cc2)S1,5.200659450546418,1,EC50,PPARG,CHEMBL235
O=C1NC(=O)C(Cc2ccc(OCC(=O)c3ccccc3)cc2)S1,4.931814138253839,1,IC50,PPARG,CHEMBL235
O=C1NC(=O)C(Cc2ccc(OCCn3ccc4ccc(Cl)cc43)cc2)S1,5.345823458122039,1,EC50,PPARG,CHEMBL235
O=C1NC(=O)C(Cc2ccc(OCCn3ccc4ccccc43)cc2)S1,5.404503778174426,1,EC50,PPARG,CHEMBL235
O=C1NC(=O)C(Cc2ccc(OCCn3cnc4ccccc43)cc2)S1,5.634512015109101,1,EC50,PPARG,CHEMBL235
O=C1NC(=O)C(Cc2ccc3c(c2)CC[C@H](Cc2ccccc2)O3)S1,6.0,1,EC50,PPARG,CHEMBL235
O=C1NC(=O)C(Cc2ccc3cc(OCc4ccccc4F)ccc3c2)S1,2.5228787452803374,1,EC50,PPARG,CHEMBL235
O=C1NC(=O)C(c2cccc(OCCCOc3ccc(Oc4ccccc4)cc3)c2)S1,7.119186407719209,1,IC50,PPARG,CHEMBL235
O=C1NC(=S)NC(=O)C1=Cc1ccc(OCc2ccccc2)c(Cl)c1,6.57783908955276,2,EC50,PPARG,CHEMBL235
O=C1S/C(=C\c2ccc(-c3ccccc3)cc2)C(=O)N1Cc1cccc(Cl)c1,4.360513510731414,1,Ki,PPARG,CHEMBL235
O=C1S/C(=C\c2ccc(Cl)cc2Cl)C(=O)N1Cc1c(F)cccc1Cl,5.3979400086720375,1,Ki,PPARG,CHEMBL235
O=CN1CCc2c([nH]c3ccccc23)C1c1cccc2cccnc12,5.1487416512809245,1,Ki,PPARG,CHEMBL235
O=Cc1ccc(OS(=O)(=O)/C=C/c2ccccc2)cc1,5.678194516142461,1,IC50,PPARG,CHEMBL235
O=S(=O)(/C=C/c1ccccc1)Oc1c(Cl)cc(Cl)cc1Cl,5.841939206063395,1,IC50,PPARG,CHEMBL235
O=S(=O)(/C=C/c1ccccc1)Oc1ccc(Cl)cc1,6.51999305704285,1,IC50,PPARG,CHEMBL235
O=S(=O)(/C=C/c1ccccc1)Oc1ccc(OCc2ccccc2)cc1,6.153044674980176,1,IC50,PPARG,CHEMBL235
O=S(=O)(/C=C/c1ccccc1)Oc1ccc2ccccc2c1,5.963371104637838,1,IC50,PPARG,CHEMBL235
O=S(=O)(/C=C/c1ccccc1)Oc1cccc(Oc2ccccc2)c1,6.417936637088291,1,IC50,PPARG,CHEMBL235
O=S(=O)(/C=C/c1ccccc1)Oc1ccccc1,5.877456475931245,1,IC50,PPARG,CHEMBL235
O=S(=O)(NCCSSCCNS(=O)(=O)c1cccc2cccnc12)c1cccc2cccnc12,5.823908740944319,1,IC50,PPARG,CHEMBL235
O=S(=O)(NCCc1ccc(S(=O)(=O)NC(=S)Nc2ccc(Cl)cc2)cc1)c1ccc(Cl)cc1,4.47755576649368,1,IC50,PPARG,CHEMBL235
O=S(=O)(NCCc1ccc(S(=O)(=O)NC(=S)Nc2ccc(Cl)cc2)cc1)c1ccccc1,4.47755576649368,1,IC50,PPARG,CHEMBL235
O=S(=O)(Nc1cc(-c2cccs2)nn1-c1ccc(F)cc1)c1cc(C(F)(F)F)cc(C(F)(F)F)c1,7.6439741428068775,1,IC50,PPARG,CHEMBL235
O=S(=O)(Nc1cc(-c2cccs2)nn1-c1ccc(F)cc1)c1ccc(-c2cc(C(F)(F)F)on2)s1,6.756961951313706,1,IC50,PPARG,CHEMBL235
O=S(=O)(Nc1cc(-c2cccs2)nn1-c1ccc(F)cc1)c1cccc(F)c1,6.290730039024169,2,IC50,PPARG,CHEMBL235
O=S(=O)(Nc1cc(C(F)(F)F)c(Oc2cncc(Cl)c2)c(C(F)(F)F)c1)c1ccc(Cl)cc1Cl,7.2543191530828635,2,"EC50,IC50",PPARG,CHEMBL235
O=S(=O)(Nc1cc(Cc2cc(NS(=O)(=O)c3ccccc3)cc(C(F)(F)F)c2)cc(C(F)(F)F)c1)c1ccccc1,5.84518491628705,2,EC50,PPARG,CHEMBL235
O=S(=O)(Nc1cc(Cl)c(Oc2ccc3ncccc3c2)c(Cl)c1)c1ccc(Cl)cc1Cl,7.426935982160881,2,"EC50,IC50",PPARG,CHEMBL235
O=S(=O)(Nc1cc(Cl)c(Oc2cnc3ccccc3c2)c(Cl)c1)c1cc(F)c(Br)cc1F,6.882728704344236,1,EC50,PPARG,CHEMBL235
O=S(=O)(Nc1cc(Cl)c(Oc2cnc3ccccc3c2)c(Cl)c1)c1ccc(Br)c(C(F)(F)F)c1,6.019088062223156,1,EC50,PPARG,CHEMBL235
O=S(=O)(Nc1cc(Cl)c(Oc2cnc3ccccc3c2)c(Cl)c1)c1ccc(Br)c(F)c1,6.772113295386326,1,EC50,PPARG,CHEMBL235
O=S(=O)(Nc1cc(Cl)c(Oc2cnc3ccccc3c2)c(Cl)c1)c1ccc(Br)cc1,6.821023052706831,1,EC50,PPARG,CHEMBL235
O=S(=O)(Nc1cc(Cl)c(Oc2cnc3ccccc3c2)c(Cl)c1)c1ccc(Br)cc1C(F)(F)F,7.026872146400302,1,EC50,PPARG,CHEMBL235
O=S(=O)(Nc1cc(Cl)c(Oc2cnc3ccccc3c2)c(Cl)c1)c1ccc(Br)cc1Cl,6.872895201635192,1,EC50,PPARG,CHEMBL235
O=S(=O)(Nc1cc(Cl)c(Oc2cnc3ccccc3c2)c(Cl)c1)c1ccc(Br)cc1F,8.698970004336019,1,EC50,PPARG,CHEMBL235
O=S(=O)(Nc1cc(Cl)c(Oc2cnc3ccccc3c2)c(Cl)c1)c1ccc(Br)cc1OC(F)(F)F,8.397940008672037,1,EC50,PPARG,CHEMBL235
O=S(=O)(Nc1cc(Cl)c(Oc2cnc3ccccc3c2)c(Cl)c1)c1ccc(C(F)(F)F)cc1Cl,7.1020599913279625,2,"EC50,IC50",PPARG,CHEMBL235
O=S(=O)(Nc1cc(Cl)c(Oc2cnc3ccccc3c2)c(Cl)c1)c1ccc(Cl)cc1Cl,7.526091821123818,9,"Ki,EC50,IC50",PPARG,CHEMBL235
O=S(=O)(Nc1cc(Cl)c(Oc2cnc3ccccc3c2)c(Cl)c1)c1ccc2ccccc2c1,5.367643953760927,1,EC50,PPARG,CHEMBL235
O=S(=O)(Nc1cc(Cl)c(Oc2cnc3ccccc3c2)c(Cl)c1)c1ccccc1Cl,5.235823867609669,1,EC50,PPARG,CHEMBL235
O=S(=O)(Nc1cc(Cl)c(Oc2cncc(Cl)c2)c(Cl)c1)c1ccc(Cl)cc1Cl,7.949814727441218,2,"EC50,IC50",PPARG,CHEMBL235
O=S(=O)(Nc1cc(F)c(Oc2cncc(Cl)c2)c(Cl)c1)c1ccc(Cl)cc1Cl,7.721848749616356,2,"EC50,IC50",PPARG,CHEMBL235
O=S(=O)(Nc1ccc(Oc2ccc3ccccc3c2)c(Cl)c1)c1ccc(Cl)cc1Cl,6.008864383480216,2,"EC50,IC50",PPARG,CHEMBL235
O=S(=O)(Nc1ccc(Oc2cnc3ccccc3c2)c(Cl)c1)c1ccc(Cl)cc1Cl,7.372363747448347,2,"EC50,IC50",PPARG,CHEMBL235
O=S(=O)(Nc1ccc(Oc2cnc3ccccc3c2)c(F)c1)c1ccc(Cl)cc1Cl,7.3979400086720375,1,IC50,PPARG,CHEMBL235
O=S(=O)(Nc1ccc(Oc2cncc(Cl)c2)c(C(F)(F)F)c1)c1ccc(Cl)cc1Cl,6.851667404869234,2,"EC50,IC50",PPARG,CHEMBL235
O=S(=O)(Nc1ccc(Oc2cncc(Cl)c2)c(Cl)c1)c1ccc(Cl)cc1Cl,7.037860356969059,2,"EC50,IC50",PPARG,CHEMBL235
O=S(=O)(Nc1ccc(Oc2cncc(Cl)c2)c(F)c1)c1ccc(Cl)cc1Cl,6.721848749616356,2,"EC50,IC50",PPARG,CHEMBL235
O=S(=O)(Nc1ccc(Oc2cncc(Cl)c2)cc1)c1ccc(Cl)cc1Cl,5.698970004336019,1,IC50,PPARG,CHEMBL235
O=S(=O)(Oc1ccc(S2(=O)=N[Se]c3cc(OS(=O)(=O)C(F)(F)F)ccc32)cc1)C(F)(F)F,5.828079156264435,2,"Ki,IC50",PPARG,CHEMBL235
O=S(=O)(c1ccc(Cl)cc1)c1cnn(S(=O)(=O)c2ccc(Cl)cc2Cl)c1-c1ccc(Cl)cc1,5.6777807052660805,1,EC50,PPARG,CHEMBL235
O=S1(c2ccc(-c3ccccc3)cc2)=N[Se]c2cc(-c3ccccc3)ccc21,5.998269733945246,2,"Ki,IC50",PPARG,CHEMBL235
O=S1(c2ccc(Br)cc2)=N[Se]c2cc(Br)ccc21,6.052731207502127,2,"Ki,IC50",PPARG,CHEMBL235
O=S1(c2ccc(C(F)(F)F)cc2)=N[Se]c2cc(C(F)(F)F)ccc21,5.984781103686475,2,"Ki,IC50",PPARG,CHEMBL235
O=S1(c2ccc(Cl)cc2)=N[Se]c2cc(Cl)ccc21,4.616490228481976,2,"Ki,IC50",PPARG,CHEMBL235
O=S1(c2cccc(Cl)c2)=N[Se]c2ccc(Cl)cc21,6.41604609499926,2,"Ki,IC50",PPARG,CHEMBL235
O=[N+]([O-])c1ccc(S2(=O)=N[Se]c3cc([N+](=O)[O-])ccc32)cc1,6.396856977793783,2,"Ki,IC50",PPARG,CHEMBL235
O=c1c(-c2ccc(F)cc2)coc2cc(O)ccc12,4.813043664534588,2,EC50,PPARG,CHEMBL235
O=c1c(-c2ccc3c(c2)OCO3)coc2cc(O)ccc12,4.569602408613033,2,EC50,PPARG,CHEMBL235
O=c1c(O)c(-c2ccc(O)c(O)c2)oc2cc(O)cc(O)c12,4.585026652029182,1,IC50,PPARG,CHEMBL235
O=c1c(O)c(-c2ccc(O)cc2)oc2cc(O)cc(O)c12,4.636388020107856,1,IC50,PPARG,CHEMBL235
O=c1c(O)c(-c2ccccc2)oc2cc(O)cc(O)c12,5.251811972993799,1,Ki,PPARG,CHEMBL235
O=c1cc(-c2ccccc2)oc2cc(O)cc(O)c12,4.688004428130764,3,"Ki,IC50",PPARG,CHEMBL235
O=c1cc(CCc2ccccc2)oc2ccccc12,4.267606240177032,1,Ki,PPARG,CHEMBL235
OC[C@H]1O[C@@H](Oc2ccc(CCCC[C@H](O)CCc3ccc(O[C@@H]4O[C@H](CO)[C@@H](O)[C@H](O)[C@H]4O)c(O)c3)cc2O)[C@H](O)[C@@H](O)[C@@H]1O,4.480172006224281,1,EC50,PPARG,CHEMBL235
O[C@@H]1C[C@@H]2C[C@]2(Cn2cnc3c(NCc4cccc(Br)c4)nc(Cl)nc32)[C@@H]1O,5.207608310501746,1,Ki,PPARG,CHEMBL235
O[C@@H]1C[C@@H]2C[C@]2(Cn2cnc3c(NCc4cccc(Cl)c4)nc(Cl)nc32)[C@@H]1O,5.013228265733755,1,Ki,PPARG,CHEMBL235
O[C@@H]1C[C@@H]2C[C@]2(Cn2cnc3c(NCc4cccc(I)c4)nc(Cl)nc32)[C@@H]1O,5.721246399047171,1,Ki,PPARG,CHEMBL235
O[C@@H]1C[C@@H]2C[C@]2(Cn2cnc3c(NCc4cccc(I)c4)nc(I)nc32)[C@@H]1O,5.795880017344075,1,Ki,PPARG,CHEMBL235
O[C@@H]1[C@H](O)C=C[C@H]1Cn1cnc2c(NCc3cccc(Br)c3)nc(Cl)nc21,4.856985199745905,1,Ki,PPARG,CHEMBL235
O[C@@H]1[C@H](O)C=C[C@H]1Cn1cnc2c(NCc3cccc(I)c3)nc(Cl)nc21,5.327902142064282,1,Ki,PPARG,CHEMBL235
O[C@@H]1[C@H](O)CO[C@H]1Cn1cnc2c(NCc3cccc(Br)c3)nc(Cl)nc21,5.231847063824483,2,Ki,PPARG,CHEMBL235
O[C@@H]1[C@H](O)CO[C@H]1Cn1cnc2c(NCc3cccc(Cl)c3)nc(Cl)nc21,5.115771230367396,1,Ki,PPARG,CHEMBL235
O[C@@H]1[C@H](O)CO[C@H]1Cn1cnc2c(NCc3cccc(I)c3)nc(Cl)nc21,5.125059986629623,3,"Ki,EC50",PPARG,CHEMBL235
O[C@@H]1[C@H](O)CS[C@H]1Cn1cnc2c(NCc3cccc(Br)c3)nc(Cl)nc21,5.39040559077478,1,Ki,PPARG,CHEMBL235
O[C@@H]1[C@H](O)CS[C@H]1Cn1cnc2c(NCc3cccc(Cl)c3)nc(I)nc21,5.920818753952375,1,Ki,PPARG,CHEMBL235
O[C@@H]1[C@H](O)CS[C@H]1Cn1cnc2c(NCc3cccc(F)c3)nc(Cl)nc21,5.410050398674292,1,Ki,PPARG,CHEMBL235
O[C@@H]1[C@H](O)CS[C@H]1Cn1cnc2c(NCc3cccc(I)c3)nc(Cl)nc21,5.537202158534088,2,"Ki,EC50",PPARG,CHEMBL235
O[C@@H]1[C@H](O)CS[C@H]1n1cnc2c(NCc3cccc(I)c3)nc(Cl)nc21,6.971764830218772,2,Ki,PPARG,CHEMBL235
O[C@@H]1[C@H](O)[C@@H]2C[C@@H]2[C@H]1Cn1cnc2c(NCc3cccc(Br)c3)nc(Cl)nc21,5.214670164989233,1,Ki,PPARG,CHEMBL235
O[C@@H]1[C@H](O)[C@@H]2C[C@@H]2[C@H]1Cn1cnc2c(NCc3cccc(C(F)(F)F)c3)nc(Cl)nc21,5.259637310505756,1,Ki,PPARG,CHEMBL235
O[C@@H]1[C@H](O)[C@@H]2C[C@@H]2[C@H]1Cn1cnc2c(NCc3cccc(I)c3)nc(Cl)nc21,5.619788758288394,1,Ki,PPARG,CHEMBL235
O[C@@H]1[C@H](O)[C@@H]2C[C@@H]2[C@H]1Cn1cnc2c(NCc3cccc(I)c3)nc(I)nc21,5.823908740944319,1,Ki,PPARG,CHEMBL235
O[C@@H]1[C@H](O)[C@@H]2C[C@@H]2[C@H]1Cn1cnc2c(NCc3ccccc3I)nc(Cl)nc21,5.638272163982407,1,Ki,PPARG,CHEMBL235
O[C@H]1[C@@H](O)CO[C@@H]1Cn1cnc2c(NCc3cccc(I)c3)nc(Cl)nc21,5.568636235841012,1,Ki,PPARG,CHEMBL235
O[C@H]1[C@H](Cn2cnc3c(NCc4cccc(Br)c4)nc(Cl)nc32)CC[C@H]1O,5.075720713938118,1,Ki,PPARG,CHEMBL235
O[C@H]1[C@H](Cn2cnc3c(NCc4cccc(I)c4)nc(Cl)nc32)CC[C@H]1O,5.508638306165727,1,Ki,PPARG,CHEMBL235
O[C@H]1[C@H](Cn2cnc3c(NCc4cccc(I)c4)nc(I)nc32)CC[C@H]1O,5.795880017344075,1,Ki,PPARG,CHEMBL235
Oc1ccc(/C=C/c2cc(O)cc(O)c2)cc1,4.112945621949043,1,EC50,PPARG,CHEMBL235
[2H]C([2H])(Cc1ccc(OCCCOc2cccc(Cl)c2)cc1)C(=O)O,5.71669877129645,1,EC50,PPARG,CHEMBL235
[2H]C([2H])(Cc1cn(S(=O)(=O)c2ccc(C3CC3)cc2)c2ccc(OC)cc12)C(=O)O,6.013228265733755,1,EC50,PPARG,CHEMBL235
[2H]C([2H])(Cc1cn(S(=O)(=O)c2ccc(OC(F)(F)F)cc2)c2ccc(OC)cc12)C(=O)O,6.022276394711152,1,EC50,PPARG,CHEMBL235
[2H]C([2H])(Cc1cn(S(=O)(=O)c2ccc(OC)cc2)c2ccc(C3CC3)cc12)C(=O)O,5.73754891026957,1,EC50,PPARG,CHEMBL235
[2H]C([2H])(Cc1cn(S(=O)(=O)c2ccc(OC)cc2)c2ccc(OC)cc12)C(=O)O,6.036212172654444,1,EC50,PPARG,CHEMBL235
[2H]C([2H])(Cc1cn(S(=O)(=O)c2ccc3c(c2)CCO3)c2ccc(OC)cc12)C(=O)O,6.167491087293763,1,EC50,PPARG,CHEMBL235
[C-]#[N+]c1ccc(CNC(=O)c2ccc3c(c2)c(C)c(C)n3Cc2ccc(-c3ccccc3C(=O)O)cc2)cc1,7.468521082957745,1,IC50,PPARG,CHEMBL235
c1ccc(CNCCOc2ccc3ccccc3c2)cc1,6.3979400086720375,1,EC50,PPARG,CHEMBL235
C#CCC(CC#C)(C(=O)O)c1ccc(COc2cccc(-c3ccc(C(F)(F)F)c4ncc(C(=O)c5ccccc5)cc34)c2)cc1,8.698970004336019,1,IC50,LXRa,CHEMBL2808
C=C1c2ccccc2C(=O)N(C)c2ccc(O)cc21,5.421574049464994,2,IC50,LXRa,CHEMBL2808
C=CCC(C(=O)O)c1ccc(COc2cccc(-c3ccc(C(F)(F)F)c4ncc(C(=O)c5ccccc5)cc34)c2)cc1,7.795880017344075,1,IC50,LXRa,CHEMBL2808
C=CCCCOC(=O)[C@@]1(C)CCC[C@]2(C)c3cc(O)ccc3CC[C@@H]12,5.42021640338319,1,IC50,LXRa,CHEMBL2808
C=CCCOC(=O)[C@@]1(C)CCC[C@]2(C)c3cc(O)ccc3CC[C@@H]12,5.2958494831602,1,IC50,LXRa,CHEMBL2808
CC#CCC(C(=O)O)c1ccc(COc2cccc(-c3ccc(C(F)(F)F)c4ncc(C(=O)c5ccccc5)cc34)c2)cc1,8.221848749616356,1,IC50,LXRa,CHEMBL2808
CC(=O)Oc1ccc2c(c1)[C@@]1(C)CCCC(C)(C(=O)OC(=O)[C@@]3(C)CCC[C@]4(C)c5cc(OC(C)=O)ccc5CC[C@@H]34)[C@@H]1CC2,8.698970004336019,2,IC50,LXRa,CHEMBL2808
CC(C(=O)O)c1ccc(CNc2cccc(-c3c(C(=O)c4ccccc4)cnc4c(C(F)(F)F)cccc34)c2)cc1,7.818156412055227,1,IC50,LXRa,CHEMBL2808
CC(C)(C(=O)O)c1ccc(CNc2cccc(-c3c(C(=O)c4ccccc4)cnc4c(C(F)(F)F)cccc34)c2)cc1,7.764471553092451,1,IC50,LXRa,CHEMBL2808
CC(C)(C)OC(=O)CN(Cc1ccc(Cl)cc1)Cc1ccc([N+](=O)[O-])s1,5.301029995663981,1,IC50,LXRa,CHEMBL2808
CC(C)(C)c1ccc(/C=C/c2ccccc2N2C(=O)c3ccccc3C2=O)cc1,5.167491087293763,1,IC50,LXRa,CHEMBL2808
CC(C)(C)c1ccc(CC(C(=O)O)c2ccc(COc3cccc(-c4ccc(C(F)(F)F)c5ncc(C(=O)c6ccccc6)cc45)c3)cc2)cc1,7.187086643357144,1,IC50,LXRa,CHEMBL2808
CC(C)(C)c1nc2c(C(F)(F)F)cccn2c1-c1cccc(Oc2cccc(S(C)(=O)=O)c2)c1,8.187086643357144,1,IC50,LXRa,CHEMBL2808
CC(C)(O)c1cccc(Oc2cccc(-c3c(Cc4ccccc4)cnc4c(C(F)(F)F)cccc34)c2)c1,8.2839966563652,1,IC50,LXRa,CHEMBL2808
CC(C)(O)c1cn(-c2ccc(-c3cc(F)c(CO)c(S(C)(=O)=O)c3)cc2F)c(C(C)(C)c2c(Cl)cccc2Cl)n1,7.161150909262744,1,IC50,LXRa,CHEMBL2808
CC(C)=CCC/C(C)=C/C[C@H]1C[C@]2(CC=C(C)C)C(=O)[C@@](CC=C(C)C)(C(=O)C(C(=O)c3ccc(O)c(O)c3)=C2O)[C@]1(C)CCC=C(C)C,5.468521082957745,1,IC50,LXRa,CHEMBL2808
CC(C)CCC[C@@H](C)[C@H]1CC[C@H]2[C@@H]3C(=O)C=C4C[C@@H](OS(=O)(=O)O)CC[C@]4(C)[C@H]3CC[C@]12C,5.301029995663981,1,IC50,LXRa,CHEMBL2808
CC(C)CCC[C@@H](C)[C@H]1CC[C@H]2[C@@H]3C[C@@H]4O[C@@]45C[C@@H](OS(=O)(=O)O)CC[C@]5(C)[C@H]3CC[C@]12C,5.698970004336019,1,IC50,LXRa,CHEMBL2808
CC(C)CCN(Cc1ccc(Cl)cc1)Cc1ccc([N+](=O)[O-])s1,4.795880017344075,1,IC50,LXRa,CHEMBL2808
CC(C)CC[C@H](O)[C@@H](C)[C@H]1CC[C@H]2[C@@H]3CC=C4C[C@@H](OS(=O)(=O)[O-])CC[C@]4(C)[C@H]3CC[C@]12C.[Na+],5.285670240254767,1,IC50,LXRa,CHEMBL2808
CC(C)CN(Cc1ccc(-c2cccc(S(C)(=O)=O)c2)s1)S(=O)(=O)Cc1ccccc1,4.5376020021010435,1,IC50,LXRa,CHEMBL2808
CC(C)Cc1nc2c(C(F)(F)F)cccc2n1-c1cccc(Oc2cccc(S(C)(=O)=O)c2)c1,9.096910013008056,1,IC50,LXRa,CHEMBL2808
CC(C)NC(=O)c1cccc(Oc2cccc(-c3c(Cc4ccccc4)cnc4c(C(F)(F)F)cccc34)c2)c1,7.130768280269024,1,IC50,LXRa,CHEMBL2808
CC(C)S(=O)(=O)c1cccc(Oc2ccc(Cl)c(-n3cnc4c(C(F)(F)F)cccc43)c2)c1,8.397940008672037,1,IC50,LXRa,CHEMBL2808
CC(C)S(=O)(=O)c1cccc(Oc2cccc(-c3c(C(N)=O)cnc4c(C(F)(F)F)cccc34)c2)c1,6.543633966870956,1,IC50,LXRa,CHEMBL2808
CC(C)S(=O)(=O)c1cccc(Oc2cccc(-c3ccnc4c(C(F)(F)F)cccc34)c2)c1,8.619788758288394,1,IC50,LXRa,CHEMBL2808
CC(C)[C@@H](O)CC[C@@H](C)[C@H]1CC[C@H]2[C@@H]3CC=C4C[C@@H](OS(=O)(=O)O)CC[C@]4(C)[C@H]3CC[C@]12C,6.823908740944319,1,IC50,LXRa,CHEMBL2808
CC(C)[C@@H]1N(C(=O)C(C)(C)C)CC[C@@]12C(=O)N(c1cccc(-c3ccc(CO)c(S(C)(=O)=O)c3)c1)c1ccccc12,5.122628654130226,1,IC50,LXRa,CHEMBL2808
CC(C)[C@@H]1N(C(=O)C(F)(F)F)CC[C@@]12C(=O)N(c1cccc(-c3ccc(CO)c(S(C)(=O)=O)c3)c1)c1ccccc12,5.088309841246138,1,IC50,LXRa,CHEMBL2808
CC(C)[C@@H]1N(C(=O)CC(C)(C)C)CC[C@@]12C(=O)N(c1cccc(-c3ccc(CO)c(S(C)(=O)=O)c3)c1)c1ccccc12,5.0670191780768015,1,IC50,LXRa,CHEMBL2808
CC(C)[C@@H]1N(C(=O)OC(C)(C)C)CC[C@@]12C(=O)N(c1cccc(-c3ccc(CO)c(S(C)(=O)=O)c3)c1)c1ccccc12,5.266834639996042,2,IC50,LXRa,CHEMBL2808
CC(C)[C@@H]1N(C(=S)NC(C)(C)C)CC[C@@]12C(=O)N(c1cccc(-c3ccc(C(=O)N(C)C)c(Cl)c3)c1)c1ccccc12,5.586700235918748,1,IC50,LXRa,CHEMBL2808
CC(C)[C@@H]1N(S(=O)(=O)C(C)C)CC[C@@]12C(=O)N(c1cccc(-c3ccc(C(=O)N(C)C)c(Cl)c3)c1)c1ccccc12,5.448550002027124,1,IC50,LXRa,CHEMBL2808
CC(C)[C@H](CC[C@@H](C)[C@H]1CC[C@H]2[C@@H]3CC=C4C[C@@H](O)CC[C@]4(C)[C@H]3CC[C@]12C)OS(=O)(=O)O,6.508638306165727,1,IC50,LXRa,CHEMBL2808
CC(C)[C@H]1N(C(=O)OC(C)(C)C)CC[C@]12C(=O)N(c1cccc(-c3ccc(CO)c(S(C)(=O)=O)c3)c1)c1ccccc12,5.647817481888637,1,IC50,LXRa,CHEMBL2808
CC(C)c1cnc2c(C(F)(F)F)cccc2c1-c1cccc(-c2cccc(S(C)(=O)=O)c2)c1,8.086186147616283,1,IC50,LXRa,CHEMBL2808
CC(C)c1nc2c(C#N)cccn2c1-c1cccc(Oc2cccc(S(C)(=O)=O)c2)c1,7.366531544420414,1,IC50,LXRa,CHEMBL2808
CC(C)c1nc2c(C(F)(F)F)cccc2n1-c1cccc(Oc2cccc(S(C)(=O)=O)c2)c1,9.0,1,IC50,LXRa,CHEMBL2808
CC(C)c1nc2c(C(F)(F)F)cccn2c1-c1ccc(-c2cccc(S(C)(=O)=O)c2)cc1,6.779891911959945,1,IC50,LXRa,CHEMBL2808
CC(C)c1nc2c(C(F)(F)F)cccn2c1-c1cccc(OCc2cccc(S(C)(=O)=O)c2)c1,7.050609993355087,1,IC50,LXRa,CHEMBL2808
CC(C)c1nc2c(C(F)(F)F)cccn2c1-c1cccc(Oc2cccc(CS(C)(=O)=O)c2)c1,6.7281583934635005,1,IC50,LXRa,CHEMBL2808
CC(C)c1nc2c(C(F)(F)F)cccn2c1-c1cccc(Oc2cccc(S(=O)(=O)C(F)(F)F)c2)c1,6.7121982700697735,1,IC50,LXRa,CHEMBL2808
CC(C)c1nc2c(C(F)(F)F)cccn2c1-c1cccc(Oc2cccc(S(C)(=O)=O)c2)c1,8.455931955649724,1,IC50,LXRa,CHEMBL2808
CC(C)c1nc2c(Cl)cccc2n1-c1cccc(Oc2cccc(S(C)(=O)=O)c2)c1,8.823908740944319,1,IC50,LXRa,CHEMBL2808
CC(C)c1nc2c(Cl)cccn2c1-c1cccc(Oc2cccc(S(C)(=O)=O)c2)c1,8.0,1,IC50,LXRa,CHEMBL2808
CC(C)c1nc2c(Cl)cccn2c1-c1cccc(Oc2cccc(S(N)(=O)=O)c2)c1,6.866461091629782,1,IC50,LXRa,CHEMBL2808
CC(CNC(=O)[C@@]1(C)CCC[C@]2(C)c3ccccc3CC[C@@H]12)(c1ccccc1)c1ccccc1,6.309803919971486,1,IC50,LXRa,CHEMBL2808
CC(NC(=O)[C@@]1(C)CCC[C@]2(C)c3cc(O)ccc3CC[C@@H]12)C12CC3CC(CC(C3)C1)C2,7.045757490560675,1,IC50,LXRa,CHEMBL2808
CC1(C(=O)CC(=O)[C@@]2(C)CCC[C@]3(C)c4cc(O)ccc4CC[C@@H]23)CCC[C@]2(C)c3cc(O)ccc3CC[C@@H]12,7.173925197299173,1,IC50,LXRa,CHEMBL2808
CC1(C(=O)NC(=O)[C@@]2(C)CCC[C@]3(C)c4cc(O)ccc4CC[C@@H]23)CCC[C@]2(C)c3cc(O)ccc3CC[C@@H]12,9.0,2,IC50,LXRa,CHEMBL2808
CC1(C(=O)O)CCC[C@]2(C)c3cc(OC(=O)[C@@]4(C)CCC[C@]5(C)c6cc(O)ccc6CC[C@@H]45)ccc3CC[C@@H]12,7.045757490560675,1,IC50,LXRa,CHEMBL2808
CC1(C(=O)OC(=O)C2(C)CCC[C@]3(C)c4cc(O)ccc4CC[C@@H]23)CCCC2(C)c3cc(O)ccc3CCC12,8.698970004336019,1,IC50,LXRa,CHEMBL2808
CC1(C)C2CCC(NC(=O)[C@@]3(C)CCC[C@]4(C)c5cc(O)ccc5CC[C@@H]34)C1C2,6.455931955649724,1,IC50,LXRa,CHEMBL2808
CC1(COC(=O)[C@@]2(C)CCC[C@]3(C)c4cc(O)ccc4CC[C@@H]23)CCC[C@]2(C)c3cc(O)ccc3CC[C@@H]12,7.853871964321762,1,IC50,LXRa,CHEMBL2808
CCC#CCC(C(=O)O)c1ccc(COc2cccc(-c3ccc(C(F)(F)F)c4ncc(C(=O)c5ccccc5)cc34)c2)cc1,7.6777807052660805,1,IC50,LXRa,CHEMBL2808
CCC#CCC(CC#CCC)(C(=O)O)c1ccc(COc2cccc(-c3ccc(C(F)(F)F)c4ncc(C(=O)c5ccccc5)cc34)c2)cc1,6.8326826652518236,1,IC50,LXRa,CHEMBL2808
CCCCCNC(=O)N1CCC(CN(Cc2ccc(Cl)cc2)Cc2ccc([N+](=O)[O-])s2)C1,4.886056647693163,1,IC50,LXRa,CHEMBL2808
CCCCN(Cc1cc(Cl)c(O)c(Cl)c1)c1ccc(C(O)(C(F)(F)F)C(F)(F)F)cc1,6.7447274948966935,1,IC50,LXRa,CHEMBL2808
CCCCN(Cc1cc(Cl)c(O)c(OC)c1)c1ccc(C(O)(C(F)(F)F)C(F)(F)F)cc1,6.110698297493689,1,IC50,LXRa,CHEMBL2808
CCCCN(Cc1cc(Cl)c(OC)c(Cl)c1)c1ccc(C(O)(C(F)(F)F)C(F)(F)F)cc1,6.769551078621726,1,IC50,LXRa,CHEMBL2808
CCCCN(Cc1cc(Cl)c(OC)c(OC)c1)c1ccc(C(O)(C(F)(F)F)C(F)(F)F)cc1,6.782516055786093,1,IC50,LXRa,CHEMBL2808
CCCCN(Cc1cc(Cl)cc(Cl)c1)c1ccc(C(O)(C(F)(F)F)C(F)(F)F)cc1,6.709965388637482,1,IC50,LXRa,CHEMBL2808
CCCCN(Cc1cc(Cl)cc(Cl)c1O)c1ccc(C(O)(C(F)(F)F)C(F)(F)F)cc1,6.050609993355087,1,IC50,LXRa,CHEMBL2808
CCCCN(Cc1cc(Cl)ccc1O)c1ccc(C(O)(C(F)(F)F)C(F)(F)F)cc1,6.657577319177793,1,IC50,LXRa,CHEMBL2808
CCCCN(Cc1cc(OC(F)(F)F)ccc1O)c1ccc(C(O)(C(F)(F)F)C(F)(F)F)cc1,6.721246399047171,1,IC50,LXRa,CHEMBL2808
CCCCN(Cc1ccc(O)c(Cl)c1)c1ccc(C(O)(C(F)(F)F)C(F)(F)F)cc1,6.251811972993799,1,IC50,LXRa,CHEMBL2808
CCCCN(Cc1ccc(O)cc1)c1ccc(C(O)(C(F)(F)F)C(F)(F)F)cc1,6.019996628416253,1,IC50,LXRa,CHEMBL2808
CCCCN(Cc1cccc(CCO)c1)c1ccc(C(O)(C(F)(F)F)C(F)(F)F)cc1,6.939302159646388,1,IC50,LXRa,CHEMBL2808
CCCCN(Cc1cccc(F)c1O)c1ccc(C(O)(C(F)(F)F)C(F)(F)F)cc1,6.211124884224583,1,IC50,LXRa,CHEMBL2808
CCCCN(Cc1cccc(O)c1)c1ccc(C(O)(C(F)(F)F)C(F)(F)F)cc1,6.795880017344075,1,IC50,LXRa,CHEMBL2808
CCCCN(Cc1ccccc1)c1ccc(C(O)(C(F)(F)F)C(F)(F)F)cc1,6.769551078621726,1,IC50,LXRa,CHEMBL2808
CCCCN(Cc1ccccc1O)c1ccc(C(O)(C(F)(F)F)C(F)(F)F)cc1,6.7447274948966935,1,IC50,LXRa,CHEMBL2808
CCCCN(Cc1ccccn1)c1ccc(C(O)(C(F)(F)F)C(F)(F)F)cc1,6.920818753952375,1,IC50,LXRa,CHEMBL2808
CCCCN(Cc1ccncc1)c1ccc(C(O)(C(F)(F)F)C(F)(F)F)cc1,7.045757490560675,1,IC50,LXRa,CHEMBL2808
CCCNC(=O)c1cccc(Oc2cccc(-c3c(C)cnc4c(Cl)cccc34)c2)c1,6.552841968657781,1,IC50,LXRa,CHEMBL2808
CCCNC(=O)c1cccc(Oc2cccc(-c3c(Cc4ccccc4)cnc4c(C(F)(F)F)cccc34)c2)c1,7.040958607678906,1,IC50,LXRa,CHEMBL2808
CCCS(=O)(=O)c1cccc(Oc2cccc(-c3c(C(N)=O)cnc4c(C(F)(F)F)cccc34)c2)c1,5.864867348623225,1,IC50,LXRa,CHEMBL2808
CCCS(=O)(=O)c1cccc(Oc2cccc(-c3c(C)cnc4c(C(F)(F)F)cccc34)c2)c1,8.585026652029182,1,IC50,LXRa,CHEMBL2808
CCCS(=O)(=O)c1cccc(Oc2cccc(-n3c(C)nc4c(C(F)(F)F)cccc43)c2)c1,7.619788758288394,1,IC50,LXRa,CHEMBL2808
CCCc1c(OCCCCc2ccc(CC(=O)O)cc2)ccc2c(C(F)(F)F)noc12,6.275724130399211,1,IC50,LXRa,CHEMBL2808
CCCc1c(OCCCN(C(C)=O)c2ccc(CC(=O)O)cc2)ccc2c(C(F)(F)F)noc12,5.1938200260161125,1,IC50,LXRa,CHEMBL2808
CCCc1c(OCCCN(C)c2ccc(C(=O)O)cc2)ccc2c(C(F)(F)F)noc12,7.102372908709558,1,IC50,LXRa,CHEMBL2808
CCCc1c(OCCCN(C)c2ccc(CC(=O)O)c(C(F)(F)F)c2)ccc2c(C(F)(F)F)noc12,7.221848749616356,1,IC50,LXRa,CHEMBL2808
CCCc1c(OCCCN(C)c2ccc(CC(=O)O)c(C)c2)ccc2c(C(F)(F)F)noc12,6.931814138253838,1,IC50,LXRa,CHEMBL2808
CCCc1c(OCCCN(C)c2ccc(CC(=O)O)c(Cl)c2)ccc2c(C(F)(F)F)noc12,7.920818753952375,1,IC50,LXRa,CHEMBL2808
CCCc1c(OCCCN(C)c2ccc(CC(=O)O)cc2)ccc2c(C(F)(F)F)noc12,7.7447274948966935,1,IC50,LXRa,CHEMBL2808
CCCc1c(OCCCN(C)c2ccc(CC(=O)O)cc2C)ccc2c(C(F)(F)F)noc12,6.236572006437063,1,IC50,LXRa,CHEMBL2808
CCCc1c(OCCCN(C)c2ccc(CC(=O)O)cc2Cl)ccc2c(C(F)(F)F)noc12,6.200659450546418,1,IC50,LXRa,CHEMBL2808
CCCc1c(OCCCN(C)c2ccc(CC(=O)O)cn2)ccc2c(C(F)(F)F)noc12,6.978810700930062,1,IC50,LXRa,CHEMBL2808
CCCc1c(OCCCN(C)c2cccc(CC(=O)O)c2)ccc2c(C(F)(F)F)noc12,6.991399828238082,1,IC50,LXRa,CHEMBL2808
CCCc1c(OCCCN(C)c2ccccc2)ccc2c(C(F)(F)F)noc12,6.429457060118103,1,IC50,LXRa,CHEMBL2808
CCCc1c(OCCCN(C)c2cnc(CC(=O)O)cn2)ccc2c(C(F)(F)F)noc12,7.045757490560675,1,IC50,LXRa,CHEMBL2808
CCCc1c(OCCCN(C)c2ncc(CC(=O)O)cn2)ccc2c(C(F)(F)F)noc12,7.585026652029182,1,IC50,LXRa,CHEMBL2808
CCCc1c(OCCCN(C)c2ncc(CC(=O)O)s2)ccc2c(C(F)(F)F)noc12,7.173925197299173,1,IC50,LXRa,CHEMBL2808
CCCc1c(OCCCN(C=O)c2ccc(CC(=O)O)cc2)ccc2c(C(F)(F)F)noc12,5.1938200260161125,1,IC50,LXRa,CHEMBL2808
CCCc1c(OCCCN(CC)c2ccc(CC(=O)O)cc2)ccc2c(C(F)(F)F)noc12,6.958607314841775,1,IC50,LXRa,CHEMBL2808
CCCc1c(OCCCN2C(=O)Cc3cc(C(=O)O)ccc32)ccc2c(C(F)(F)F)noc12,7.013228265733755,1,IC50,LXRa,CHEMBL2808
CCCc1c(OCCCN2C(=O)Cc3cc(CC(=O)O)ccc32)ccc2c(C(F)(F)F)noc12,7.721246399047171,1,IC50,LXRa,CHEMBL2808
CCCc1c(OCCCNc2ccc(CC(=O)O)cc2)ccc2c(C(F)(F)F)noc12,7.167491087293763,1,IC50,LXRa,CHEMBL2808
CCCc1c(OCCCOc2ccc(CC(=O)O)cc2)ccc2c(C(F)(F)F)noc12,6.136677139879544,1,IC50,LXRa,CHEMBL2808
CCCc1c(OCCCOc2ccc(CC(=O)O)cc2Cl)ccc2c(C(F)(F)F)noc12,7.4089353929735005,1,IC50,LXRa,CHEMBL2808
CCCc1c(OCCCSc2ccc(CC(=O)O)cc2Cl)ccc2c(C(F)(F)F)noc12,7.465614499209505,3,IC50,LXRa,CHEMBL2808
CCCc1c(OCCCn2ccc3cc(C(=O)O)ccc32)ccc2c(C(F)(F)F)noc12,7.142667503568731,1,IC50,LXRa,CHEMBL2808
CCCc1c(OCCCn2ccc3cc(CC(=O)O)ccc32)ccc2c(C(F)(F)F)noc12,7.795880017344075,1,IC50,LXRa,CHEMBL2808
CCCc1c(OCCCn2ccc3cc(CCC(=O)O)ccc32)ccc2c(C(F)(F)F)noc12,7.7447274948966935,1,IC50,LXRa,CHEMBL2808
CCCc1c(OCCCn2cnc3cc(CC(=O)O)ccc32)ccc2c(C(F)(F)F)noc12,6.7447274948966935,1,IC50,LXRa,CHEMBL2808
CCCc1c(OCCCn2ncc3cc(CC(=O)O)ccc32)ccc2c(C(F)(F)F)noc12,7.136677139879544,1,IC50,LXRa,CHEMBL2808
CCCc1c(OCCCn2nnc3cc(CC(=O)O)ccc32)ccc2c(C(F)(F)F)noc12,6.3872161432802645,1,IC50,LXRa,CHEMBL2808
CCCc1cnc2c(C(F)(F)F)cccc2c1-c1cccc(-c2cccc(S(C)(=O)=O)c2)c1,8.119186407719209,1,IC50,LXRa,CHEMBL2808
CCN(CC(O)c1ccccc1)c1ccc(C(O)(C(F)(F)F)C(F)(F)F)cc1,6.301029995663981,1,IC50,LXRa,CHEMBL2808
CCN(CC)C(=O)c1cccc(Oc2cccc(-c3c(C)cnc4c(Cl)cccc34)c2)c1,6.96657624451305,1,IC50,LXRa,CHEMBL2808
CCN(CC)C(=O)c1cccc(Oc2cccc(-c3c(Cc4ccccc4)cnc4c(C(F)(F)F)cccc34)c2)c1,7.920818753952375,1,IC50,LXRa,CHEMBL2808
CCN(CCc1ccccc1)c1ccc(C(O)(C(F)(F)F)C(F)(F)F)cc1,6.920818753952375,1,IC50,LXRa,CHEMBL2808
CCN(CCc1ccccc1)c1ccc(C(O)(C(F)(F)F)C(F)(F)F)cc1Cl,8.221848749616356,1,IC50,LXRa,CHEMBL2808
CCN(Cc1ccccc1)c1ccc(C(O)(C(F)(F)F)C(F)(F)F)cc1,7.301029995663981,1,IC50,LXRa,CHEMBL2808
CCN(Cc1ccccc1)c1ccc(C(O)(C(F)(F)F)C(F)(F)F)cc1Cl,8.522878745280337,1,IC50,LXRa,CHEMBL2808
CCN(Cc1ccccn1)c1ccc(C(O)(C(F)(F)F)C(F)(F)F)cc1,5.823908740944319,1,IC50,LXRa,CHEMBL2808
CCN(Cc1cccnc1)c1ccc(C(O)(C(F)(F)F)C(F)(F)F)cc1,5.568636235841012,1,IC50,LXRa,CHEMBL2808
CCN(Cc1ccncc1)c1ccc(C(O)(C(F)(F)F)C(F)(F)F)cc1,5.769551078621726,1,IC50,LXRa,CHEMBL2808
CCN(Cc1cscn1)c1ccc(C(O)(C(F)(F)F)C(F)(F)F)cc1,6.221848749616356,1,IC50,LXRa,CHEMBL2808
CCN(Cc1cscn1)c1ccc(C(O)(C(F)(F)F)C(F)(F)F)cc1Cl,7.698970004336019,1,IC50,LXRa,CHEMBL2808
CCN(Cc1nc(-c2cccc(C(F)(F)F)c2)oc1C)c1ccc(C(O)(C(F)(F)F)C(F)(F)F)cc1,8.221848749616356,1,IC50,LXRa,CHEMBL2808
CCN(Cc1nc(-c2cccc(C(F)(F)F)c2)oc1C)c1ccc(C(O)(C(F)(F)F)C(F)(F)F)cc1Cl,8.221848749616356,1,IC50,LXRa,CHEMBL2808
CCN(Cc1nc(-c2cccc(Cl)c2)oc1C)c1ccc(C(O)(C(F)(F)F)C(F)(F)F)cc1,8.301029995663981,1,IC50,LXRa,CHEMBL2808
CCN(Cc1nc(-c2cccc(Cl)c2)oc1C)c1ccc(C(O)(C(F)(F)F)C(F)(F)F)cc1Cl,8.698970004336019,1,IC50,LXRa,CHEMBL2808
CCN(c1ccc(C(O)(C(F)(F)F)C(F)(F)F)cc1)C(C(=O)N(C)C)c1ccccc1,4.860120913598763,1,IC50,LXRa,CHEMBL2808
CCN(c1ccc(C(O)(C(F)(F)F)C(F)(F)F)cc1)C(C(=O)N1CCCCC1)c1ccccc1,5.657577319177793,1,IC50,LXRa,CHEMBL2808
CCN(c1ccc(C(O)(C(F)(F)F)C(F)(F)F)cc1)C(C(=O)N1CCOCC1)c1ccccc1,5.267606240177031,1,IC50,LXRa,CHEMBL2808
CCN(c1ccc(C(O)(C(F)(F)F)C(F)(F)F)cc1)C(C(=O)NC)c1ccccc1,4.950781977329818,1,IC50,LXRa,CHEMBL2808
CCN(c1ccc(C(O)(C(F)(F)F)C(F)(F)F)cc1)C(C(=O)O)c1ccccc1,5.2839966563652006,1,IC50,LXRa,CHEMBL2808
CCN(c1ccc(C(O)(C(F)(F)F)C(F)(F)F)cc1)C(C(=O)OC)c1ccccc1,6.154901959985743,1,IC50,LXRa,CHEMBL2808
CCN(c1ccc(C(O)(C(F)(F)F)C(F)(F)F)cc1)C(C)(C(=O)N(C)C)c1ccccc1,6.698970004336019,1,IC50,LXRa,CHEMBL2808
CCN(c1ccc(C(O)(C(F)(F)F)C(F)(F)F)cc1)C(C)(C(=O)OC)c1ccccc1,7.301029995663981,1,IC50,LXRa,CHEMBL2808
CCN(c1ccc(C(O)(C(F)(F)F)C(F)(F)F)cc1)C(CC)(C(=O)OC)c1ccccc1,7.301029995663981,1,IC50,LXRa,CHEMBL2808
CCN(c1ccc(C(O)(C(F)(F)F)C(F)(F)F)cc1)C(CO)c1ccccc1,5.958607314841775,1,IC50,LXRa,CHEMBL2808
CCN(c1ccc(C(O)(C(F)(F)F)C(F)(F)F)cc1)C(COC)c1ccccc1,6.3979400086720375,1,IC50,LXRa,CHEMBL2808
CCN(c1ccc(C(O)(C(F)(F)F)C(F)(F)F)cc1)C(COCC(=O)N(C)C)c1ccccc1,6.045757490560675,1,IC50,LXRa,CHEMBL2808
CCN(c1ccc(C(O)(C(F)(F)F)C(F)(F)F)cc1)C(COCC(=O)NC)c1ccccc1,4.7447274948966935,1,IC50,LXRa,CHEMBL2808
CCN(c1ccc(C(O)(C(F)(F)F)C(F)(F)F)cc1)C(COCC(=O)O)c1ccccc1,4.214670164989233,1,IC50,LXRa,CHEMBL2808
CCN(c1ccc(C(O)(C(F)(F)F)C(F)(F)F)cc1)C(COCC(=O)OC)c1ccccc1,6.221848749616356,1,IC50,LXRa,CHEMBL2808
CCN(c1ccc(C(O)(C(F)(F)F)C(F)(F)F)cc1)C(COCCO)c1ccccc1,4.920818753952375,1,IC50,LXRa,CHEMBL2808
CCN(c1ccc(C(O)(C(F)(F)F)C(F)(F)F)cc1)C(COCc1ccccc1)c1ccccc1,6.698970004336019,1,IC50,LXRa,CHEMBL2808
CCN(c1ccc(C(O)(C(F)(F)F)C(F)(F)F)cc1)[C@@H](CO)c1ccccc1,5.886056647693163,1,IC50,LXRa,CHEMBL2808
CCN(c1ccc(C(O)(C(F)(F)F)C(F)(F)F)cc1)[C@H](CO)c1ccccc1,6.301029995663981,1,IC50,LXRa,CHEMBL2808
CCN(c1ccc(C(O)(C(F)(F)F)C(F)(F)F)cc1Cl)C(CC)(C(=O)OC)c1ccccc1,7.221848749616356,1,IC50,LXRa,CHEMBL2808
CCN(c1ccc(C(O)(C(F)(F)F)C(F)(F)F)cc1Cl)C(CO)c1ccccc1,6.698970004336019,1,IC50,LXRa,CHEMBL2808
CCN(c1ccc(C(O)(C(F)(F)F)C(F)(F)F)cc1Cl)C(COc1ccc(C(=O)O)cc1)c1ccccc1,7.0,1,IC50,LXRa,CHEMBL2808
CCN(c1ccc(C(O)(C(F)(F)F)C(F)(F)F)cc1Cl)C(COc1ccc(C(=O)OC)cc1)c1ccccc1,7.221848749616356,1,IC50,LXRa,CHEMBL2808
CCN(c1ccc(C(O)(C(F)(F)F)C(F)(F)F)cc1Cl)C(COc1ccc(CC(=O)O)cc1)c1ccccc1,7.0,1,IC50,LXRa,CHEMBL2808
CCN(c1ccc(C(O)(C(F)(F)F)C(F)(F)F)cc1Cl)C(COc1ccc(CC(=O)OC)cc1)c1ccccc1,6.698970004336019,1,IC50,LXRa,CHEMBL2808
CCN(c1ccc(C(O)(C(F)(F)F)C(F)(F)F)cc1Cl)C(COc1ccc(CCC(=O)O)cc1)c1ccccc1,7.221848749616356,1,IC50,LXRa,CHEMBL2808
CCN(c1ccc(C(O)(C(F)(F)F)C(F)(F)F)cc1Cl)C(COc1ccc(CCC(=O)OC)cc1)c1ccccc1,7.0,1,IC50,LXRa,CHEMBL2808
CCNC(=O)c1cccc(Oc2cccc(-c3c(C)cnc4c(Cl)cccc34)c2)c1,6.565431095965801,1,IC50,LXRa,CHEMBL2808
CCNC(=O)c1cnc2c(C(F)(F)F)cccc2c1-c1cccc(Oc2cccc(S(C)(=O)=O)c2)c1,5.163422725159351,1,IC50,LXRa,CHEMBL2808
CCOC(=O)C12CC3CC(CC(NC(=O)[C@@]4(C)CCC[C@]5(C)c6cc(O)ccc6CC[C@@H]45)(C3)C1)C2,7.522878745280337,1,IC50,LXRa,CHEMBL2808
CCOC(=O)N1CCC(CN(Cc2ccc(Cl)cc2)Cc2ccc([N+](=O)[O-])s2)C1,5.200659450546418,1,IC50,LXRa,CHEMBL2808
CCOC(=O)c1ccc(CN(Cc2ccc(-c3cccc(S(C)(=O)=O)c3)cc2)S(=O)(=O)c2c(C)cc(C)cc2C)o1,6.711684156881898,3,IC50,LXRa,CHEMBL2808
CCOC(=O)c1cnc2c(C(F)(F)F)cccc2c1-c1cccc(Oc2cccc(S(C)(=O)=O)c2)c1,8.18045606445813,1,IC50,LXRa,CHEMBL2808
CCOCCn1cccc1C(O)(c1ccc(N(C)S(=O)(=O)c2ccccc2)cc1)C(F)(F)F,6.301029995663981,1,IC50,LXRa,CHEMBL2808
CCOCCn1cccc1C(c1ccc(N(C)S(=O)(=O)c2ccccc2)cc1)C(F)(F)F,6.698970004336019,1,IC50,LXRa,CHEMBL2808
CCS(=O)(=O)c1cc(F)cc(Oc2cccc(-n3c(C)nc4c(C(F)(F)F)cccc43)c2)c1,7.42021640338319,1,IC50,LXRa,CHEMBL2808
CCS(=O)(=O)c1cccc(-c2cccc(-c3c(C)cnc4c(C(F)(F)F)cccc34)c2)c1,7.136677139879544,1,IC50,LXRa,CHEMBL2808
CCS(=O)(=O)c1cccc(-c2cccc(-c3ccnc4c(C(F)(F)F)cccc34)c2)c1,6.441291429466834,1,IC50,LXRa,CHEMBL2808
CCS(=O)(=O)c1cccc(Oc2ccc(Cl)c(-n3c(C)nc4c(Cl)cccc43)c2)c1,8.455931955649724,1,IC50,LXRa,CHEMBL2808
CCS(=O)(=O)c1cccc(Oc2ccc(Cl)c(-n3cnc4c(C(F)(F)F)cccc43)c2)c1,8.619788758288394,1,IC50,LXRa,CHEMBL2808
CCS(=O)(=O)c1cccc(Oc2cccc(-c3c(C(N)=O)cnc4c(C(F)(F)F)cccc34)c2)c1,6.343901797987169,1,IC50,LXRa,CHEMBL2808
CCS(=O)(=O)c1cccc(Oc2cccc(-c3c(C)cnc4c(C(F)(F)F)cccc34)c2)c1,8.795880017344075,1,IC50,LXRa,CHEMBL2808
CCS(=O)(=O)c1cccc(Oc2cccc(-c3c(C)nc4c(C(F)(F)F)cccn34)c2)c1,7.522878745280337,1,IC50,LXRa,CHEMBL2808
CCS(=O)(=O)c1cccc(Oc2cccc(-n3c(C)nc4c(C(F)(F)F)cccc43)c2)c1,8.244125144327509,1,IC50,LXRa,CHEMBL2808
CCS(=O)(=O)c1cccc(Oc2cccc(-n3c(C)nc4c(Cl)cccc43)c2)c1,8.292429823902063,1,IC50,LXRa,CHEMBL2808
CCc1cnc2c(C(F)(F)F)cccc2c1-c1cccc(-c2cccc(S(C)(=O)=O)c2)c1,8.318758762624412,1,IC50,LXRa,CHEMBL2808
CCc1nc2c(C(F)(F)F)cccc2n1-c1cccc(Oc2cccc(S(C)(=O)=O)c2)c1,8.769551078621726,1,IC50,LXRa,CHEMBL2808
CCc1nc2c(C(F)(F)F)cccc2nc1-c1ccc(-c2cccc(S(C)(=O)=O)c2)cc1,6.782516055786093,1,IC50,LXRa,CHEMBL2808
CCc1nc2c(C(F)(F)F)cccn2c1-c1cccc(COc2cccc(S(C)(=O)=O)c2)c1,6.534617148551582,1,IC50,LXRa,CHEMBL2808
CCc1nc2c(C(F)(F)F)cccn2c1-c1cccc(Cc2cccc(S(C)(=O)=O)c2)c1,7.102372908709558,1,IC50,LXRa,CHEMBL2808
CCc1nc2c(C(F)(F)F)cccn2c1-c1cccc(Oc2cccc(S(C)(=O)=O)c2)c1,7.853871964321762,1,IC50,LXRa,CHEMBL2808
CN(C)C(=O)[C@](F)([C@H]1Cc2[nH]c3ccc(Cl)cc3c2C1)S(=O)(=O)c1ccccc1,5.747146969020107,1,IC50,LXRa,CHEMBL2808
CN(C)c1nnc([C@](F)([C@H]2Cc3[nH]c4ccc(Cl)cc4c3C2)S(=O)(=O)c2ccccc2)o1,6.522878745280337,1,IC50,LXRa,CHEMBL2808
CN(C)c1noc([C@](F)([C@H]2Cc3[nH]c4ccc(Cl)cc4c3C2)S(=O)(=O)c2ccccc2)n1,7.537602002101044,1,IC50,LXRa,CHEMBL2808
CN(Cc1ccc(CC(=O)O)cc1)c1cccc(-c2c(Cc3ccccc3)cnc3c(C(F)(F)F)cccc23)c1,6.562249437179612,1,IC50,LXRa,CHEMBL2808
CN(Cc1ccccc1)c1ccc(C(O)(C(F)(F)F)C(F)(F)F)cc1,6.508638306165727,1,IC50,LXRa,CHEMBL2808
CN(c1ccc(C(O)(C(F)(F)F)C(F)(F)F)cc1)S(=O)(=O)c1ccccc1,7.3979400086720375,1,IC50,LXRa,CHEMBL2808
CN(c1ccc(C(O)(c2cccn2Cc2ccccc2)C(F)(F)F)cc1)S(=O)(=O)c1ccccc1,6.096910013008056,1,IC50,LXRa,CHEMBL2808
CNC(=O)[C@](F)([C@H]1Cc2[nH]c3ccc(Cl)cc3c2C1)S(=O)(=O)c1ccccc1,5.568636235841012,1,IC50,LXRa,CHEMBL2808
CNC(=O)c1cccc(Oc2cccc(-c3c(C)cnc4c(Cl)cccc34)c2)c1,7.474423738776309,2,IC50,LXRa,CHEMBL2808
CNS(=O)(=O)c1cccc(Oc2cccc(-c3c(C(C)C)nc4c(Cl)cccn34)c2)c1,8.1249387366083,1,IC50,LXRa,CHEMBL2808
COC(=O)C1(c2ccccc2)CCCCN1c1ccc(C(O)(C(F)(F)F)C(F)(F)F)cc1,7.221848749616356,1,IC50,LXRa,CHEMBL2808
COC(=O)C1(c2ccccc2)CCCN1c1ccc(C(O)(C(F)(F)F)C(F)(F)F)cc1,7.301029995663981,1,IC50,LXRa,CHEMBL2808
COC(=O)[C@](C)([C@@H]1CCc2c([nH]c3ccc(Cl)cc23)C1)S(=O)(=O)c1ccc(Cl)c(Cl)c1,4.056011124926228,1,IC50,LXRa,CHEMBL2808
COC(=O)[C@](C)([C@@H]1CCc2c([nH]c3ccc(Cl)cc23)C1)S(=O)(=O)c1ccc(F)cc1,5.481486060122112,1,IC50,LXRa,CHEMBL2808
COC(=O)[C@](C)([C@@H]1CCc2c([nH]c3ccc(Cl)cc23)C1)S(=O)(=O)c1cccc(Cl)c1,6.086186147616283,1,IC50,LXRa,CHEMBL2808
COC(=O)[C@](C)([C@@H]1CCc2c([nH]c3ccc(Cl)cc23)C1)S(=O)(=O)c1ccccc1Cl,6.267606240177031,1,IC50,LXRa,CHEMBL2808
COC(=O)[C@](C)([C@@H]1CCc2c([nH]c3ccc(Cl)cc23)C1)S(=O)(=O)c1ccccc1OC,5.647817481888637,1,IC50,LXRa,CHEMBL2808
COC(=O)[C@](C)([C@H]1Cc2[nH]c3ccc(Cl)cc3c2C1)S(=O)(=O)c1ccccc1,5.958607314841775,1,IC50,LXRa,CHEMBL2808
COC(=O)[C@](F)([C@@H]1CCc2c([nH]c3ccc(Cl)cc23)C1)S(=O)(=O)c1cccc(Cl)c1,7.0,1,IC50,LXRa,CHEMBL2808
COC(=O)[C@](F)([C@@H]1CCc2c([nH]c3ccc(Cl)cc23)C1)S(=O)(=O)c1cccc(F)c1,7.136677139879544,1,IC50,LXRa,CHEMBL2808
COC(=O)[C@](F)([C@H]1Cc2[nH]c3ccc(Cl)cc3c2C1)S(=O)(=O)c1cccc(Br)c1,7.0,1,IC50,LXRa,CHEMBL2808
COC(=O)[C@](F)([C@H]1Cc2[nH]c3ccc(Cl)cc3c2C1)S(=O)(=O)c1cccc(Cl)c1,5.917214629683549,1,IC50,LXRa,CHEMBL2808
COC(=O)[C@](F)([C@H]1Cc2[nH]c3ccc(Cl)cc3c2C1)S(=O)(=O)c1cccc(F)c1,7.309803919971486,1,IC50,LXRa,CHEMBL2808
COC(=O)[C@](F)([C@H]1Cc2[nH]c3ccc(Cl)cc3c2C1)S(=O)(=O)c1cccc(OC)c1,7.207608310501746,1,IC50,LXRa,CHEMBL2808
COC(=O)[C@](F)([C@H]1Cc2[nH]c3ccc(Cl)cc3c2C1)S(=O)(=O)c1ccccc1,7.045757490560675,1,IC50,LXRa,CHEMBL2808
COC(=O)[C@](F)([C@H]1Cc2[nH]c3ccc(Cl)cc3c2C1)S(=O)(=O)c1ccccn1,4.913640169325252,1,IC50,LXRa,CHEMBL2808
COC(=O)[C@](F)([C@H]1Cc2[nH]c3ccc(Cl)cc3c2C1)S(=O)(=O)c1cccnc1,4.698970004336019,1,IC50,LXRa,CHEMBL2808
COC(=O)[C@](F)([C@H]1Cc2[nH]c3ccc(Cl)nc3c2C1)S(=O)(=O)c1ccccc1,5.58838029403677,1,IC50,LXRa,CHEMBL2808
COC(=O)c1cccc(Oc2cccc(-c3c(C)cnc4c(Cl)cccc34)c2)c1,5.999132278468773,2,IC50,LXRa,CHEMBL2808
COC(=O)c1cccc(Oc2cccc(-c3c(Cc4ccccc4)cnc4c(C(F)(F)F)cccc34)c2)c1,6.636388020107855,2,IC50,LXRa,CHEMBL2808
COC(=O)c1noc([C@](F)([C@H]2Cc3[nH]c4ccc(Cl)cc4c3C2)S(=O)(=O)c2ccccc2)n1,5.787812395596042,1,IC50,LXRa,CHEMBL2808
COCCCS(=O)(=O)c1cccc(Oc2cccc(-c3c(C)cnc4c(C(F)(F)F)cccc34)c2)c1,8.494850021680094,1,IC50,LXRa,CHEMBL2808
COCCn1cccc1C(O)(c1ccc(N(C)S(=O)(=O)c2ccccc2)cc1)C(F)(F)F,5.823908740944319,1,IC50,LXRa,CHEMBL2808
COCCn1cccc1C(OC)(c1ccc(N(C)S(=O)(=O)c2ccccc2)cc1)C(F)(F)F,6.3979400086720375,1,IC50,LXRa,CHEMBL2808
COCCn1cccc1C(c1ccc(N(C)S(=O)(=O)c2ccccc2)cc1)C(F)(F)F,6.698970004336019,1,IC50,LXRa,CHEMBL2808
COc1cc(/C=C/c2ccccc2N2C(=O)c3ccccc3C2=O)cc(OC)c1,4.886056647693163,1,IC50,LXRa,CHEMBL2808
COc1cc(C)c2c(c1)O[C@@]1(C)Cc3cc4c(c(O)c3[C@@H]2O1)C(=O)c1c(O)c(Cl)c(O)c(Cl)c1C4(C)C,5.0,1,IC50,LXRa,CHEMBL2808
COc1cc(O)c(C(CC(=O)N2C[C@H](C)C[C@H](C)C2)c2ccc3c(c2)OCO3)c(OC)c1,5.0,1,IC50,LXRa,CHEMBL2808
COc1ccc(/C=C/c2ccccc2N2C(=O)c3ccccc3C2=O)cc1OC,5.481486060122112,1,IC50,LXRa,CHEMBL2808
COc1ccc(/C=C\c2ccccc2N2C(=O)c3ccccc3C2=O)cc1OC,4.769551078621726,1,IC50,LXRa,CHEMBL2808
COc1ccc(CCc2ccccc2N2C(=O)c3ccccc3C2=O)cc1OC,4.638272163982407,1,IC50,LXRa,CHEMBL2808
COc1ccc(CN(C)S(=O)(=O)c2cccc(Oc3cccc(-c4c(C(C)C)nc5c(Cl)cccn45)c3)c2)cc1,7.619788758288394,1,IC50,LXRa,CHEMBL2808
COc1ccc(CN(Cc2cccnc2)Cc2ccc([N+](=O)[O-])s2)cc1,4.494850021680094,1,IC50,LXRa,CHEMBL2808
COc1ccc(Oc2cccc(-c3c(C)cnc4c(C(F)(F)F)cccc34)c2)cc1S(C)(=O)=O,8.086186147616283,1,IC50,LXRa,CHEMBL2808
COc1ccc(Oc2cccc(-c3c(Cc4ccccc4)cnc4c(C(F)(F)F)cccc34)c2)cc1,6.306273051076353,1,IC50,LXRa,CHEMBL2808
COc1cccc(/C=C/c2ccccc2N2C(=O)c3ccccc3C2=O)c1,4.522878745280337,1,IC50,LXRa,CHEMBL2808
COc1cccc(CN(Cc2cccnc2)Cc2ccc([N+](=O)[O-])s2)c1,5.0,1,IC50,LXRa,CHEMBL2808
COc1ccccc1/C=C/c1ccccc1N1C(=O)c2ccccc2C1=O,4.522878745280337,1,IC50,LXRa,CHEMBL2808
COc1nc2ccc([C@@](O)(c3ccccc3)C3CCN(C(C)=O)CC3)cc2c(Cl)c1Cc1ccc(-n2cccn2)cc1,5.1938200260161125,1,IC50,LXRa,CHEMBL2808
CS(=O)(=O)c1cc(-c2ccc(CN(Cc3ccccc3)S(=O)(=O)c3ccccc3C(F)(F)F)s2)ccc1CO,7.468521082957745,1,IC50,LXRa,CHEMBL2808
CS(=O)(=O)c1cc(-c2cccc(-c3ccnc4c(C(F)(F)F)cccc34)c2)c(F)cc1F,7.6020599913279625,1,IC50,LXRa,CHEMBL2808
CS(=O)(=O)c1cc(-c2cccc(-c3ccnc4c(C(F)(F)F)cccc34)c2)ccc1F,7.494850021680094,1,IC50,LXRa,CHEMBL2808
CS(=O)(=O)c1cc(Cl)cc(Oc2cccc(-c3c(C(N)=O)cnc4c(C(F)(F)F)cccc34)c2)c1,5.75178150804358,2,IC50,LXRa,CHEMBL2808
CS(=O)(=O)c1cc(F)cc(Oc2cccc(-c3c(C(N)=O)cnc4c(C(F)(F)F)cccc34)c2)c1,6.258060922270801,1,IC50,LXRa,CHEMBL2808
CS(=O)(=O)c1ccc(-c2cccc(-c3c(Cc4ccccc4)cnc4c(C(F)(F)F)cccc34)c2)cc1,6.429457060118103,1,IC50,LXRa,CHEMBL2808
CS(=O)(=O)c1ccc(F)c(N2CCN(Cc3ccc(C(F)(F)F)nc3)C(c3ccccc3)C2)c1,4.311891771448192,1,IC50,LXRa,CHEMBL2808
CS(=O)(=O)c1cccc(-c2cccc(-c3c(Cc4ccccc4)cnc4c(C(F)(F)F)cccc34)c2)c1,8.154901959985743,1,IC50,LXRa,CHEMBL2808
CS(=O)(=O)c1cccc(-c2cccc(-c3ccnc4c(C(F)(F)F)cccc34)c2)c1,7.167491087293763,1,IC50,LXRa,CHEMBL2808
CS(=O)(=O)c1cccc(N2CCN(Cc3ccc(C(F)(F)F)c(Cl)c3)C(c3ccccc3)C2)c1,4.560667306169737,1,IC50,LXRa,CHEMBL2808
CS(=O)(=O)c1cccc(N2CCN(Cc3ccc(C(F)(F)F)c(Cl)c3)[C@@H](c3ccccc3)C2)c1,4.522878745280337,1,IC50,LXRa,CHEMBL2808
CS(=O)(=O)c1cccc(Oc2ccc(Cl)c(-n3cnc4c(C(F)(F)F)cccc43)c2)c1,8.568636235841012,1,IC50,LXRa,CHEMBL2808
CS(=O)(=O)c1cccc(Oc2cccc(-c3c(-c4ccccc4)nc4c(C(F)(F)F)cccn34)c2)c1,8.142667503568731,1,IC50,LXRa,CHEMBL2808
CS(=O)(=O)c1cccc(Oc2cccc(-c3c(-n4ccnc4)nc4c(C(F)(F)F)cccn34)c2)c1,7.522878745280337,1,IC50,LXRa,CHEMBL2808
CS(=O)(=O)c1cccc(Oc2cccc(-c3c(-n4cnnn4)cnc4c(C(F)(F)F)cccc34)c2)c1,4.574906166034557,1,IC50,LXRa,CHEMBL2808
CS(=O)(=O)c1cccc(Oc2cccc(-c3c(C#N)cnc4c(C(F)(F)F)cccc34)c2)c1,7.872895201635192,1,IC50,LXRa,CHEMBL2808
CS(=O)(=O)c1cccc(Oc2cccc(-c3c(C(=N)N)cnc4c(C(F)(F)F)cccc34)c2)c1,4.525055664534612,1,IC50,LXRa,CHEMBL2808
CS(=O)(=O)c1cccc(Oc2cccc(-c3c(C(=O)O)cnc4c(C(F)(F)F)cccc34)c2)c1,5.197363081917189,1,IC50,LXRa,CHEMBL2808
CS(=O)(=O)c1cccc(Oc2cccc(-c3c(C(N)=O)cnc4c(C(F)(F)F)cccc34)c2)c1,6.221848749616356,1,IC50,LXRa,CHEMBL2808
CS(=O)(=O)c1cccc(Oc2cccc(-c3c(C(N)=O)cnc4c(Cl)cccc34)c2)c1,6.265200170411153,1,IC50,LXRa,CHEMBL2808
CS(=O)(=O)c1cccc(Oc2cccc(-c3c(C(N)=O)cnc4c(F)cccc34)c2)c1,4.896196279044043,1,IC50,LXRa,CHEMBL2808
CS(=O)(=O)c1cccc(Oc2cccc(-c3c(CN)cnc4c(C(F)(F)F)cccc34)c2)c1,6.351639989019068,1,IC50,LXRa,CHEMBL2808
CS(=O)(=O)c1cccc(Oc2cccc(-c3c(CN4CCCC4)nc4c(C(F)(F)F)cccn34)c2)c1,6.554395796726403,1,IC50,LXRa,CHEMBL2808
CS(=O)(=O)c1cccc(Oc2cccc(-c3c(CN4CCCCC4)nc4c(C(F)(F)F)cccn34)c2)c1,7.161150909262744,1,IC50,LXRa,CHEMBL2808
CS(=O)(=O)c1cccc(Oc2cccc(-c3c(CN4CCSC4)nc4c(C(F)(F)F)cccn34)c2)c1,8.698970004336019,1,IC50,LXRa,CHEMBL2808
CS(=O)(=O)c1cccc(Oc2cccc(-c3c(Cc4ccccc4)cnc4c(C(F)(F)F)cccc34)c2)c1,9.036212172654444,1,IC50,LXRa,CHEMBL2808
CS(=O)(=O)c1cccc(Oc2cccc(-c3c(Cc4ccccc4)cnc4c(Cl)cccc34)c2)c1,8.920818753952375,1,IC50,LXRa,CHEMBL2808
CS(=O)(=O)c1cccc(Oc2cccc(-c3c(Cc4ccccc4)nc4c(C(F)(F)F)cccn34)c2)c1,9.09151498112135,1,IC50,LXRa,CHEMBL2808
CS(=O)(=O)c1cccc(Oc2cccc(-c3ccnc4c(C(F)(F)F)cccc34)c2)c1,8.55284196865778,1,IC50,LXRa,CHEMBL2808
CS(=O)(=O)c1cccc(Oc2cccc(-c3ccnc4c(Cl)cccc34)c2)c1,8.142667503568731,1,IC50,LXRa,CHEMBL2808
CS(=O)(=O)c1cccc(Oc2cccc(-n3c(-c4ccccc4)nc4c(C(F)(F)F)cccc43)c2)c1,8.958607314841775,1,IC50,LXRa,CHEMBL2808
CS(=O)(=O)c1cccc(Oc2cccc(-n3c(C(F)(F)F)nc4c(C(F)(F)F)cccc43)c2)c1,8.886056647693163,1,IC50,LXRa,CHEMBL2808
CS(=O)(=O)c1cccc(Oc2cccc(-n3c(C4CC4)nc4c(C(F)(F)F)cccc43)c2)c1,8.3767507096021,1,IC50,LXRa,CHEMBL2808
CS(=O)(=O)c1cccc(Oc2cccc(-n3c(Cc4ccc(F)cc4)nc4c(C(F)(F)F)cccc43)c2)c1,8.920818753952375,1,IC50,LXRa,CHEMBL2808
CS(=O)(=O)c1cccc(Oc2cccc(-n3cnc4c(C(F)(F)F)cccc43)c2)c1,7.356547323513812,1,IC50,LXRa,CHEMBL2808
C[C@@H]([C@H]1CC[C@H]2[C@@H]3CC=C4C[C@@H](O)CC[C@]4(C)[C@H]3CC[C@]12C)[C@@H](O)Cc1ccc(F)cc1,5.333482019445119,1,IC50,LXRa,CHEMBL2808
C[C@@H]([C@H]1CC[C@H]2[C@@H]3CC=C4C[C@@H](O)CC[C@]4(C)[C@H]3CC[C@]12C)[C@@H](O)Cc1cccc(F)c1,6.036212172654444,1,IC50,LXRa,CHEMBL2808
C[C@@H]([C@H]1CC[C@H]2[C@@H]3CC=C4C[C@@H](O)CC[C@]4(C)[C@H]3CC[C@]12C)[C@@H](O)Cc1ccccc1,5.690369832574101,1,IC50,LXRa,CHEMBL2808
C[C@@H]([C@H]1CC[C@H]2[C@@H]3CC=C4C[C@@H](O)CC[C@]4(C)[C@H]3CC[C@]12C)[C@@H](O)Cc1ccccc1F,4.835349784065703,1,IC50,LXRa,CHEMBL2808
C[C@@H]1[C@H]2C[C@@H](C[C@H]1NC(=O)[C@@]1(C)CCC[C@]3(C)c4cc(O)ccc4CC[C@@H]13)C2(C)C,6.568636235841012,1,IC50,LXRa,CHEMBL2808
C[C@H](CCCC(C)(C)O)[C@H]1CC[C@H]2[C@@H]3CC=C4C[C@@H](OS(=O)(=O)O)CC[C@]4(C)[C@H]3CC[C@]12C,4.8996294548824375,1,IC50,LXRa,CHEMBL2808
C[C@H](C[C@@H](O)c1ccccc1)[C@H]1CC[C@H]2[C@@H]3CC=C4C[C@@H](O)CC[C@]4(C)[C@H]3CC[C@]12C,5.06398920428479,1,IC50,LXRa,CHEMBL2808
C[C@]1(C(=O)CC(=O)C23CC4CC(CC(C4)C2)C3)CCC[C@]2(C)c3ccccc3CC[C@@H]12,5.777283528852417,1,IC50,LXRa,CHEMBL2808
C[C@]1(C(=O)N2C3CCCCC3C3CCCCC32)CCC[C@]2(C)c3cc(O)ccc3CC[C@@H]12,6.522878745280337,1,IC50,LXRa,CHEMBL2808
C[C@]1(C(=O)N2CCC(c3ccccc3)CC2)CCC[C@]2(C)c3ccccc3CC[C@@H]12,6.698970004336019,1,IC50,LXRa,CHEMBL2808
C[C@]1(C(=O)N2CCC3(C=Cc4ccccc43)CC2)CCC[C@]2(C)c3ccccc3CC[C@@H]12,6.1249387366083,1,IC50,LXRa,CHEMBL2808
C[C@]1(C(=O)N2CCCC(c3ccccc3)C2)CCC[C@]2(C)c3ccccc3CC[C@@H]12,6.443697499232712,1,IC50,LXRa,CHEMBL2808
C[C@]1(C(=O)NC(=O)C2(c3ccccc3)CCCCC2)CCC[C@]2(C)c3ccccc3CC[C@@H]12,6.376750709602099,1,IC50,LXRa,CHEMBL2808
C[C@]1(C(=O)NC(=O)C23CC4CC(CC(C4)C2)C3)CCC[C@]2(C)c3ccccc3CC[C@@H]12,6.537602002101044,1,IC50,LXRa,CHEMBL2808
C[C@]1(C(=O)NC23CC4CC(CC(C4)C2)C3)CCC[C@]2(C)c3cc(O)ccc3CC[C@@H]12,6.853871964321762,1,IC50,LXRa,CHEMBL2808
C[C@]1(C(=O)NC2C3CC4CC(C3)CC2C4)CCC[C@]2(C)c3cc(O)ccc3CC[C@@H]12,6.886056647693163,1,IC50,LXRa,CHEMBL2808
C[C@]1(C(=O)NC2CC3CCC2C3)CCC[C@]2(C)c3cc(O)ccc3CC[C@@H]12,5.508638306165727,1,IC50,LXRa,CHEMBL2808
C[C@]1(C(=O)NCC2(c3ccccc3)CCCCC2)CCC[C@]2(C)c3cc(O)ccc3CC[C@@H]12,7.301029995663981,1,IC50,LXRa,CHEMBL2808
C[C@]1(C(=O)NCC2(c3ccccc3)CCCCC2)CCC[C@]2(C)c3ccccc3CC[C@@H]12,6.698970004336019,1,IC50,LXRa,CHEMBL2808
C[C@]1(C(=O)NCC23CC4CC(CC(C4)C2)C3)CCC[C@]2(C)c3cc(O)ccc3CC[C@@H]12,7.0,1,IC50,LXRa,CHEMBL2808
C[C@]1(C(=O)NCCc2ccccc2)CCC[C@]2(C)c3cc(O)ccc3CC[C@@H]12,5.53313237964589,1,IC50,LXRa,CHEMBL2808
C[C@]1(C(=O)OCc2ccccc2)CCC[C@]2(C)c3cc(O)ccc3CC[C@@H]12,5.552841968657781,1,IC50,LXRa,CHEMBL2808
Cc1c(CC(=O)O)ccc(NCc2cccc(-c3c(Cc4ccccc4)cnc4c(C(F)(F)F)cccc34)c2)c1C,5.736572006437063,2,IC50,LXRa,CHEMBL2808
Cc1cc(CC(=O)O)c(C)cc1COc1cccc(-c2c(Cc3ccccc3)cnc3c(C(F)(F)F)cccc23)c1,7.958607314841775,1,IC50,LXRa,CHEMBL2808
Cc1cc(Cl)ccc1CN(Cc1ccc(Cl)cc1)Cc1ccc([N+](=O)[O-])s1,4.200659450546418,1,IC50,LXRa,CHEMBL2808
Cc1cc(NCc2cccc(-c3c(Cc4ccccc4)cnc4c(C(F)(F)F)cccc34)c2)c(C)cc1CC(=O)O,7.6777807052660805,1,IC50,LXRa,CHEMBL2808
Cc1cc(O)cc2c1[C@H]1O[C@](C)(Cc3cc4c(c(O)c31)C(=O)c1c(O)cc(O)cc1C4(C)C)O2,5.698970004336019,1,IC50,LXRa,CHEMBL2808
Cc1cc(OCc2cccc(-c3c(Cc4ccccc4)cnc4c(C(F)(F)F)cccc34)c2)c(C)cc1CC(=O)O,7.508638306165727,1,IC50,LXRa,CHEMBL2808
Cc1ccc(-c2cccc(-c3c(C)cnc4c(C(F)(F)F)cccc34)c2)cc1S(C)(=O)=O,7.920818753952375,1,IC50,LXRa,CHEMBL2808
Cc1ccc(CN(Cc2cccnc2)Cc2ccc([N+](=O)[O-])s2)cc1,4.3979400086720375,1,IC50,LXRa,CHEMBL2808
Cc1ccc(Cn2nc3c(C(F)(F)F)cccc3c2-c2ccc(F)cc2)c(C)c1,7.107905397309519,1,IC50,LXRa,CHEMBL2808
Cc1cccc(/C=C/c2ccccc2N2C(=O)c3ccccc3C2=O)c1,4.6020599913279625,1,IC50,LXRa,CHEMBL2808
Cc1cccc(CN(Cc2cccnc2)Cc2ccc([N+](=O)[O-])s2)c1,4.6020599913279625,1,IC50,LXRa,CHEMBL2808
Cc1cccc2c(-c3cccc(NCc4ccc(CC(=O)O)cc4)c3)c(C(=O)c3ccccc3)cnc12,7.7447274948966935,1,IC50,LXRa,CHEMBL2808
Cc1cccc2c(-c3cccc(NCc4ccc(CC(=O)O)cc4)c3)c(Cc3ccccc3)cnc12,7.6777807052660805,1,IC50,LXRa,CHEMBL2808
Cc1cccc2c(-c3cccc(Oc4cccc(S(C)(=O)=O)c4)c3)c(C(N)=O)cnc12,6.121478204498794,1,IC50,LXRa,CHEMBL2808
Cc1ccccc1/C=C/c1ccccc1N1C(=O)c2ccccc2C1=O,4.657577319177793,1,IC50,LXRa,CHEMBL2808
Cc1ccccc1CN(Cc1cccnc1)Cc1ccc([N+](=O)[O-])s1,4.494850021680094,1,IC50,LXRa,CHEMBL2808
Cc1cnc2c(C(F)(F)F)cccc2c1-c1cccc(-c2cc(S(C)(=O)=O)c(F)cc2F)c1,8.0,1,IC50,LXRa,CHEMBL2808
Cc1cnc2c(C(F)(F)F)cccc2c1-c1cccc(-c2ccc(F)c(S(C)(=O)=O)c2)c1,8.0,1,IC50,LXRa,CHEMBL2808
Cc1cnc2c(C(F)(F)F)cccc2c1-c1cccc(-c2cccc(S(C)(=O)=O)c2)c1,8.045757490560675,1,IC50,LXRa,CHEMBL2808
Cc1cnc2c(C(F)(F)F)cccc2c1-c1cccc(CNc2cccc3c(CC(=O)O)cccc23)c1,6.675717544702307,1,IC50,LXRa,CHEMBL2808
Cc1cnc2c(C(F)(F)F)cccc2c1-c1cccc(NCc2ccc(CC(=O)O)cc2)c1,7.795880017344075,1,IC50,LXRa,CHEMBL2808
Cc1cnc2c(C(F)(F)F)cccc2c1-c1cccc(Oc2cc(Cl)cc(S(C)(=O)=O)c2)c1,8.522878745280337,1,IC50,LXRa,CHEMBL2808
Cc1cnc2c(C(F)(F)F)cccc2c1-c1cccc(Oc2cc(F)cc(S(C)(=O)=O)c2)c1,8.721246399047171,1,IC50,LXRa,CHEMBL2808
Cc1cnc2c(C(F)(F)F)cccc2c1-c1cccc(Oc2ccc(CO)cc2)c1,6.882728704344236,1,IC50,LXRa,CHEMBL2808
Cc1cnc2c(C(F)(F)F)cccc2c1-c1cccc(Oc2ccc(S(C)(=O)=O)cc2)c1,7.376750709602099,1,IC50,LXRa,CHEMBL2808
Cc1cnc2c(C(F)(F)F)cccc2c1-c1cccc(Oc2cccc(CO)c2)c1,8.257139286759209,2,IC50,LXRa,CHEMBL2808
Cc1cnc2c(C(F)(F)F)cccc2c1-c1cccc(Oc2cccc(S(=O)(=O)C(C)C)c2)c1,8.744727494896694,1,IC50,LXRa,CHEMBL2808
Cc1cnc2c(C(F)(F)F)cccc2c1-c1cccc(Oc2cccc(S(=O)(=O)CC(C)C)c2)c1,8.09151498112135,1,IC50,LXRa,CHEMBL2808
Cc1cnc2c(C(F)(F)F)cccc2c1-c1cccc(Oc2cccc(S(=O)(=O)CCC(C)(C)O)c2)c1,8.086186147616283,1,IC50,LXRa,CHEMBL2808
Cc1cnc2c(C(F)(F)F)cccc2c1-c1cccc(Oc2cccc(S(=O)(=O)CCC(C)C)c2)c1,7.886056647693163,1,IC50,LXRa,CHEMBL2808
Cc1cnc2c(C(F)(F)F)cccc2c1-c1cccc(Oc2cccc(S(=O)(=O)CCCO)c2)c1,8.853871964321762,1,IC50,LXRa,CHEMBL2808
Cc1cnc2c(C(F)(F)F)cccc2c1-c1cccc(Oc2cccc(S(C)(=O)=O)c2)c1,8.924742501084005,4,IC50,LXRa,CHEMBL2808
Cc1cnc2c(C(F)(F)F)cccc2c1-c1cccc(Oc2ccccc2S(C)(=O)=O)c1,6.251811972993799,1,IC50,LXRa,CHEMBL2808
Cc1cnc2c(Cl)cccc2c1-c1cccc(Oc2cccc(C(=O)N3CCCC3)c2)c1,7.468521082957745,1,IC50,LXRa,CHEMBL2808
Cc1cnc2c(Cl)cccc2c1-c1cccc(Oc2cccc(C(=O)N3CCCCC3)c2)c1,7.301029995663981,1,IC50,LXRa,CHEMBL2808
Cc1cnc2c(Cl)cccc2c1-c1cccc(Oc2cccc(C(=O)N3CCOCC3)c2)c1,6.801342913045577,1,IC50,LXRa,CHEMBL2808
Cc1cnc2c(Cl)cccc2c1-c1cccc(Oc2cccc(C(=O)NC(C)C)c2)c1,6.447331783887806,1,IC50,LXRa,CHEMBL2808
Cc1cnc2c(Cl)cccc2c1-c1cccc(Oc2cccc(C(C)(C)O)c2)c1,8.18045606445813,1,IC50,LXRa,CHEMBL2808
Cc1cnc2c(Cl)cccc2c1-c1cccc(Oc2cccc(CO)c2)c1,7.229147988357855,1,IC50,LXRa,CHEMBL2808
Cc1cnc2c(Cl)cccc2c1-c1cccc(Oc2cccc(S(C)(=O)=O)c2)c1,8.958607314841775,1,IC50,LXRa,CHEMBL2808
Cc1nc2c(C(F)(F)F)cccc2n1-c1cccc(Oc2cc(F)cc(S(C)(=O)=O)c2)c1,7.886056647693163,1,IC50,LXRa,CHEMBL2808
Cc1nc2c(C(F)(F)F)cccc2n1-c1cccc(Oc2cccc(S(=O)(=O)C(C)C)c2)c1,8.267606240177031,1,IC50,LXRa,CHEMBL2808
Cc1nc2c(C(F)(F)F)cccc2n1-c1cccc(Oc2cccc(S(=O)(=O)CCCO)c2)c1,7.886056647693163,1,IC50,LXRa,CHEMBL2808
Cc1nc2c(C(F)(F)F)cccc2n1-c1cccc(Oc2cccc(S(C)(=O)=O)c2)c1,8.154901959985743,2,IC50,LXRa,CHEMBL2808
Cc1nc2c(C(F)(F)F)cccn2c1-c1cccc(Oc2cccc(S(=O)(=O)C(C)C)c2)c1,7.481486060122112,1,IC50,LXRa,CHEMBL2808
Cc1nc2c(C(F)(F)F)cccn2c1-c1cccc(Oc2cccc(S(=O)(=O)CCCO)c2)c1,6.7258421507363195,1,IC50,LXRa,CHEMBL2808
Cc1nc2c(C(F)(F)F)cccn2c1-c1cccc(Oc2cccc(S(C)(=O)=O)c2)c1,7.309803919971486,1,IC50,LXRa,CHEMBL2808
Cc1nc2c(Cl)cccc2n1-c1cc(Oc2cc(F)cc(S(C)(=O)=O)c2)ccc1Cl,8.327902142064282,1,IC50,LXRa,CHEMBL2808
Cc1nc2c(Cl)cccc2n1-c1cc(Oc2cccc(S(=O)(=O)C(C)C)c2)ccc1Cl,8.443697499232712,1,IC50,LXRa,CHEMBL2808
Cc1nc2c(Cl)cccc2n1-c1cc(Oc2cccc(S(=O)(=O)C(F)(F)F)c2)ccc1Cl,7.769551078621726,1,IC50,LXRa,CHEMBL2808
Cc1nc2c(Cl)cccc2n1-c1cc(Oc2cccc(S(C)(=O)=O)c2)ccc1Cl,8.431798275933005,1,IC50,LXRa,CHEMBL2808
Cc1nc2c(Cl)cccc2n1-c1cccc(Oc2cccc(S(=O)(=O)C(C)C)c2)c1,8.2518119729938,1,IC50,LXRa,CHEMBL2808
Cc1nc2c(Cl)cccc2n1-c1cccc(Oc2cccc(S(=O)(=O)C(F)(F)F)c2)c1,7.698970004336019,1,IC50,LXRa,CHEMBL2808
Cc1nc2c(Cl)cccc2n1-c1cccc(Oc2cccc(S(C)(=O)=O)c2)c1,8.136677139879545,1,IC50,LXRa,CHEMBL2808
Cc1nc2c(Cl)cccc2nc1-c1ccc(-c2cccc(S(C)(=O)=O)c2)cc1,6.13430394008393,1,IC50,LXRa,CHEMBL2808
Cc1nc2ccccc2n1-c1cccc(Oc2cccc(S(C)(=O)=O)c2)c1,6.570247719997592,1,IC50,LXRa,CHEMBL2808
Cc1ncnc(C2CC2)c1-c1ncc2nc(NCc3ccc(S(C)(=O)=O)cn3)c(=O)n([C@@H](C)C3CC3)c2n1,5.0,1,IC50,LXRa,CHEMBL2808
Cc1nnc([C@](F)([C@H]2Cc3[nH]c4ccc(Cl)cc4c3C2)S(=O)(=O)c2ccccc2)o1,5.974312493396698,3,IC50,LXRa,CHEMBL2808
Cc1noc([C@](F)([C@H]2Cc3[nH]c4ccc(Cl)cc4c3C2)S(=O)(=O)c2ccccc2)n1,6.6777807052660805,1,IC50,LXRa,CHEMBL2808
Cc1oc(-c2cccc(C(F)(F)F)c2)nc1CN(CC(F)(F)F)c1ccc(C(O)(C(F)(F)F)C(F)(F)F)cc1,7.886056647693163,1,IC50,LXRa,CHEMBL2808
Cc1oc(-c2cccc(Cl)c2)nc1CN(CC(F)(F)F)c1ccc(C(O)(C(F)(F)F)C(F)(F)F)cc1,7.522878745280337,1,IC50,LXRa,CHEMBL2808
Cc1sc(CN(Cc2ccc(Cl)cc2)Cc2cccnc2)cc1Br,4.494850021680094,1,IC50,LXRa,CHEMBL2808
Clc1ccc(CN(Cc2cccnc2)Cc2cc3ccccc3s2)cc1,4.3979400086720375,1,IC50,LXRa,CHEMBL2808
Clc1ccc(CN(Cc2cccnc2)Cc2nccs2)cc1,4.301029995663981,1,IC50,LXRa,CHEMBL2808
Clc1ccc(CN(Cc2cccnc2)Cc2sccc2-n2cccc2)cc1,4.3979400086720375,1,IC50,LXRa,CHEMBL2808
Clc1cccc2c(-c3cccc(OCc4ccccc4)c3)c(Cc3ccccc3)nnc12,3.7447274948966935,1,IC50,LXRa,CHEMBL2808
Clc1ccccc1COc1cccc(-c2c(Cc3ccccc3)nnc3c(Cl)cccc23)c1,4.036212172654444,1,IC50,LXRa,CHEMBL2808
Cn1c(CNc2cccc(-c3c(Cc4ccccc4)cnc4c(C(F)(F)F)cccc34)c2)cc2ccccc21,2.9496202437385426,1,IC50,LXRa,CHEMBL2808
Cn1c(CNc2cccc(-c3c(Cc4ccccc4)nnc4c(Cl)cccc34)c2)cc2ccccc21,3.219682687859849,1,IC50,LXRa,CHEMBL2808
Cn1ccc2cccc(CNc3cccc(-c4c(-c5ccccc5)nnc5c(Cl)cccc45)c3)c21,4.2076083105017466,1,IC50,LXRa,CHEMBL2808
Cn1ccc2cccc(CNc3cccc(-c4c(Cc5ccccc5)cnc5c(C(F)(F)F)cccc45)c3)c21,2.8492435601396906,1,IC50,LXRa,CHEMBL2808
Cn1ccc2cccc(COc3cccc(-c4c(Cc5ccccc5)cnc5c(C(F)(F)F)cccc45)c3)c21,3.175223537524454,1,IC50,LXRa,CHEMBL2808
FC(F)(F)c1ccc(Cl)c(COc2cccc(-c3c(Cc4ccccc4)nnc4c(Cl)cccc34)c2)c1,3.8326826652518236,1,IC50,LXRa,CHEMBL2808
FC(F)(F)c1ccc(Cl)cc1COc1cccc(-c2c(-c3ccccc3)nnc3c(Cl)cccc23)c1,3.4788619162959638,1,IC50,LXRa,CHEMBL2808
FC(F)(F)c1ccc(Cl)cc1COc1cccc(-c2c(Cc3ccccc3)nnc3c(Cl)cccc23)c1,2.7384992268017196,1,IC50,LXRa,CHEMBL2808
FC(F)(F)c1ccc(Cn2nc3c(C(F)(F)F)cccc3c2-c2ccc(Cl)cc2)cc1,5.508498233762674,1,IC50,LXRa,CHEMBL2808
FC(F)(F)c1cccc(CNc2cccc(-c3c(-c4ccccc4)nnc4c(Cl)cccc34)c2)c1Cl,3.7471469690201067,1,IC50,LXRa,CHEMBL2808
FC(F)(F)c1cccc(CNc2cccc(-c3c(Cc4ccccc4)nnc4c(Cl)cccc34)c2)c1Cl,2.9492336887669577,1,IC50,LXRa,CHEMBL2808
FC(F)(F)c1cccc(COc2cccc(-c3c(Cc4ccccc4)nnc4c(C(F)(F)F)cccc34)c2)c1Cl,2.5335772775662084,1,IC50,LXRa,CHEMBL2808
FC(F)(F)c1cccc(COc2cccc(-c3c(Cc4ccccc4)nnc4c(Cl)cccc34)c2)c1,4.2076083105017466,1,IC50,LXRa,CHEMBL2808
FC(F)(F)c1cccc(COc2cccc(-c3c(Cc4ccccc4)nnc4c(Cl)cccc34)c2)c1Cl,3.07727454200674,1,IC50,LXRa,CHEMBL2808
FC(F)(F)c1cccc2c(-c3ccc(Cl)cc3)n(Cc3ccccc3Cl)nc12,6.421360790031928,1,IC50,LXRa,CHEMBL2808
FC(F)(F)c1cccc2c(-c3cccc(NCc4cccc5cc[nH]c45)c3)c(Cc3ccccc3)cnc12,3.8728952016351927,1,IC50,LXRa,CHEMBL2808
FC(F)(F)c1cccc2c(-c3ccccc3)n(Cc3ccccc3)nc12,6.554395796726403,1,IC50,LXRa,CHEMBL2808
FC(F)(F)c1ccccc1Cn1nc2c(C(F)(F)F)cccc2c1-c1ccc(Cl)cc1,6.332547047110046,1,IC50,LXRa,CHEMBL2808
Fc1c(COc2cccc(-c3c(Cc4ccccc4)nnc4c(C(F)(F)F)cccc34)c2)cccc1C(F)(F)F,2.874193541860473,1,IC50,LXRa,CHEMBL2808
Fc1cc(Cl)ccc1Cn1nc2c(C(F)(F)F)cccc2c1-c1ccc(Cl)cc1,6.585026652029182,1,IC50,LXRa,CHEMBL2808
Fc1ccc(-c2c3cccc(C(F)(F)F)c3nn2Cc2ccc(Cl)cc2)cc1,6.396855627379818,1,IC50,LXRa,CHEMBL2808
Fc1ccc(-c2c3cccc(C(F)(F)F)c3nn2Cc2ccc(F)cc2Cl)cc1,6.747146969020107,1,IC50,LXRa,CHEMBL2808
Fc1ccc(-c2c3cccc(C(F)(F)F)c3nn2Cc2ccccc2Cl)cc1,6.527243550682788,1,IC50,LXRa,CHEMBL2808
Fc1ccc(-c2c3cccc(C(F)(F)F)c3nn2Cc2ccccc2F)cc1,6.605548319173783,1,IC50,LXRa,CHEMBL2808
Fc1ccc(C(F)(F)F)c(COc2cccc(-c3c(Cc4ccccc4)nnc4c(C(F)(F)F)cccc34)c2)c1,2.9229956732066498,1,IC50,LXRa,CHEMBL2808
Fc1ccc(C(F)(F)F)c(COc2cccc(-c3c(Cc4ccccc4)nnc4c(Cl)cccc34)c2)c1,2.924088238517222,1,IC50,LXRa,CHEMBL2808
Fc1ccc(Cn2nc3c(C(F)(F)F)cccc3c2-c2ccc(Cl)cc2)c(Cl)c1,6.598599459218455,1,IC50,LXRa,CHEMBL2808
Fc1ccc(Cn2nc3c(C(F)(F)F)cccc3c2-c2ccc(F)cc2)cc1,6.498940737782249,1,IC50,LXRa,CHEMBL2808
Fc1ccccc1Cn1nc2c(C(F)(F)F)cccc2c1-c1ccc(Cl)cc1,6.517126416391246,1,IC50,LXRa,CHEMBL2808
N#Cc1ccc(/C=C/c2ccccc2N2C(=O)c3ccccc3C2=O)cc1,4.568636235841013,1,IC50,LXRa,CHEMBL2808
N#Cc1ccc(CN(Cc2ccc(Cl)cc2)Cc2cccnc2)s1,4.698970004336019,1,IC50,LXRa,CHEMBL2808
N#Cc1ccc(CN(Cc2cccnc2)Cc2cc(F)ccc2F)s1,5.200659450546418,1,IC50,LXRa,CHEMBL2808
N#Cc1ccc(CN(Cc2cccnc2)Cc2ccc(F)c(F)c2)s1,4.795880017344075,1,IC50,LXRa,CHEMBL2808
N#Cc1ccc(CN(Cc2cccnc2)Cc2ccccc2F)s1,4.494850021680094,1,IC50,LXRa,CHEMBL2808
N#Cc1cnc2c(C(F)(F)F)cccc2c1-c1cccc(NCc2ccc(CC(=O)O)cc2)c1,6.823908740944319,1,IC50,LXRa,CHEMBL2808
N#Cc1noc([C@](F)([C@H]2Cc3[nH]c4ccc(Cl)cc4c3C2)S(=O)(=O)c2ccccc2)n1,7.0,1,IC50,LXRa,CHEMBL2808
NC(=O)Cc1ccc(CNc2cccc(-c3c(C(=O)c4ccccc4)cnc4c(C(F)(F)F)cccc34)c2)cc1,7.958607314841775,1,IC50,LXRa,CHEMBL2808
O=C(O)COc1ccc(CNc2cccc(-c3c(C(=O)c4ccccc4)cnc4c(C(F)(F)F)cccc34)c2)cc1,7.1944991418416,1,IC50,LXRa,CHEMBL2808
O=C(O)Cc1ccc(CNc2cccc(-c3c(-c4ccccc4)cnc4c(C(F)(F)F)cccc34)c2)cc1,8.096910013008056,1,IC50,LXRa,CHEMBL2808
O=C(O)Cc1ccc(CNc2cccc(-c3c(C(=O)c4ccccc4)cnc4c(C(F)(F)F)cccc34)c2)cc1,8.154901959985743,1,IC50,LXRa,CHEMBL2808
O=C(O)Cc1ccc(CNc2cccc(-c3c(C(=O)c4ccccc4)cnc4c(Cl)cccc34)c2)cc1,8.045757490560675,1,IC50,LXRa,CHEMBL2808
O=C(O)Cc1ccc(CNc2cccc(-c3c(C(=O)c4ccccc4)cnc4c(F)cccc34)c2)cc1,6.982966660701219,1,IC50,LXRa,CHEMBL2808
O=C(O)Cc1ccc(CNc2cccc(-c3c(C(=O)c4ccccc4)cnc4ccccc34)c2)cc1,6.187086643357144,1,IC50,LXRa,CHEMBL2808
O=C(O)Cc1ccc(CNc2cccc(-c3c(C(O)c4ccccc4)cnc4c(C(F)(F)F)cccc34)c2)cc1,6.415668775632469,1,IC50,LXRa,CHEMBL2808
O=C(O)Cc1ccc(CNc2cccc(-c3c(Cc4ccccc4)cnc4c(C(F)(F)F)cccc34)c2)cc1,8.111760942815492,3,IC50,LXRa,CHEMBL2808
O=C(O)Cc1ccc(CNc2cccc(-c3c(Cc4ccccc4)cnc4c(Cl)cccc34)c2)cc1,8.301029995663981,1,IC50,LXRa,CHEMBL2808
O=C(O)Cc1ccc(COc2cccc(-c3c(C(=O)c4ccccc4)cnc4c(C(F)(F)F)cccc34)c2)cc1,7.782516055786093,1,IC50,LXRa,CHEMBL2808
O=C(O)Cc1ccc(COc2cccc(-c3c(Cc4ccccc4)cnc4c(C(F)(F)F)cccc34)c2)cc1,7.511138197355575,6,IC50,LXRa,CHEMBL2808
O=C(O)Cc1ccc(COc2cccc(-c3ccc(C(F)(F)F)c4ncc(C(=O)c5ccccc5)cc34)c2)cc1,7.769551078621726,1,IC50,LXRa,CHEMBL2808
O=C(O)Cc1ccc(NCc2cccc(-c3c(Cc4ccccc4)cnc4c(C(F)(F)F)cccc34)c2)c2ccccc12,7.6777807052660805,1,IC50,LXRa,CHEMBL2808
O=C(O)Cc1ccc(NCc2cccc(-c3c(Cc4ccccc4)cnc4c(C(F)(F)F)cccc34)c2)cc1,7.327902142064282,2,IC50,LXRa,CHEMBL2808
O=C(O)Cc1cccc(CNc2cccc(-c3c(C(=O)c4ccccc4)cnc4c(C(F)(F)F)cccc34)c2)c1,7.4736607226101555,1,IC50,LXRa,CHEMBL2808
O=C(O)Cc1cccc(OCCCN(Cc2cccc(C(F)(F)F)c2Cl)CC(c2ccccc2)c2ccccc2)c1,6.907233034432066,4,IC50,LXRa,CHEMBL2808
O=C(O)Cc1cccc2c(NCc3cccc(-c4c(Cc5ccccc5)cnc5c(C(F)(F)F)cccc45)c3)cccc12,6.910094888560602,1,IC50,LXRa,CHEMBL2808
O=C(O)Cc1cccc2c(NCc3cccc(-c4ccnc5c(C(F)(F)F)cccc45)c3)cccc12,6.127843727251707,1,IC50,LXRa,CHEMBL2808
O=C(O)Cc1cccc2c(OCc3cccc(-c4c(Cc5ccccc5)cnc5c(C(F)(F)F)cccc45)c3)cccc12,6.79317412396815,1,IC50,LXRa,CHEMBL2808
O=C(O)c1ccc(CNc2cccc(-c3c(C(=O)c4ccccc4)cnc4c(C(F)(F)F)cccc34)c2)cc1,6.376750709602099,1,IC50,LXRa,CHEMBL2808
O=C(O)c1ccc(COc2ccc(-c3c(C(=O)c4ccccc4)cnc4c(C(F)(F)F)cccc34)cc2)cc1,6.140861702705469,1,IC50,LXRa,CHEMBL2808
O=C(O)c1ccc(COc2cccc(-c3c(C(=O)c4ccccc4)cnc4c(C(F)(F)F)cccc34)c2)cc1,6.886056647693163,1,IC50,LXRa,CHEMBL2808
O=C(O)c1cccc(COc2cccc(-c3c(C(=O)c4ccccc4)cnc4c(C(F)(F)F)cccc34)c2)c1,5.72792621249999,1,IC50,LXRa,CHEMBL2808
O=C(O)c1cccc2c(NCc3cccc(-c4c(Cc5ccccc5)cnc5c(C(F)(F)F)cccc45)c3)cccc12,6.804100347590767,1,IC50,LXRa,CHEMBL2808
O=C(c1cccc(Oc2cccc(-c3c(Cc4ccccc4)cnc4c(C(F)(F)F)cccc34)c2)c1)N1CCCC1,7.920818753952375,1,IC50,LXRa,CHEMBL2808
O=C(c1cccc(Oc2cccc(-c3c(Cc4ccccc4)cnc4c(C(F)(F)F)cccc34)c2)c1)N1CCCCC1,7.698970004336019,1,IC50,LXRa,CHEMBL2808
O=C(c1cccc(Oc2cccc(-c3c(Cc4ccccc4)cnc4c(C(F)(F)F)cccc34)c2)c1)N1CCOCC1,7.823908740944319,1,IC50,LXRa,CHEMBL2808
O=C(c1ccccc1)c1cnc2c(C(F)(F)F)ccc(-c3cccc(OCc4ccc(C(Cc5ccc(-c6ccccc6)cc5)C(=O)O)cc4)c3)c2c1,6.277366077466188,1,IC50,LXRa,CHEMBL2808
O=C(c1ccccc1)c1cnc2c(C(F)(F)F)ccc(-c3cccc(OCc4ccc(C(Cc5ccccc5)C(=O)O)cc4)c3)c2c1,6.950781977329818,1,IC50,LXRa,CHEMBL2808
O=C(c1ccccc1)c1cnc2c(C(F)(F)F)cccc2c1-c1cccc(NCc2ccc(C(F)(F)C(=O)O)cc2)c1,7.51999305704285,1,IC50,LXRa,CHEMBL2808
O=C(c1ccccc1)c1cnc2c(C(F)(F)F)cccc2c1-c1cccc(NCc2ccc(C(O)C(=O)O)cc2)c1,7.4736607226101555,1,IC50,LXRa,CHEMBL2808
O=C(c1ccccc1)c1cnc2c(C(F)(F)F)cccc2c1-c1cccc(NCc2ccc(CCO)cc2)c1,7.468521082957745,1,IC50,LXRa,CHEMBL2808
O=C(c1ccccc1)c1cnc2c(C(F)(F)F)cccc2c1-c1cccc(NCc2ccc(CO)cc2)c1,7.043351420794797,1,IC50,LXRa,CHEMBL2808
O=C(c1ccccc1)c1cnc2c(C(F)(F)F)cccc2c1-c1cccc(NCc2ccccc2)c1,6.617982957425132,1,IC50,LXRa,CHEMBL2808
O=C(c1ccccc1)c1cnc2c(C(F)(F)F)cccc2c1-c1ccccc1,6.585026652029182,1,IC50,LXRa,CHEMBL2808
O=C1NC(=O)/C(=C/c2ccc(CNc3cccc(-c4c(C(=O)c5ccccc5)cnc5c(C(F)(F)F)cccc45)c3)cc2)S1,6.341035157335565,1,IC50,LXRa,CHEMBL2808
O=C1NC(=S)S/C1=C/c1ccc(CNc2cccc(-c3c(C(=O)c4ccccc4)cnc4c(C(F)(F)F)cccc34)c2)cc1,6.319664486585436,1,IC50,LXRa,CHEMBL2808
O=C1c2ccccc2C(=O)N1c1cccc(CCc2ccccc2)c1,4.958607314841775,1,IC50,LXRa,CHEMBL2808
O=C1c2ccccc2C(=O)N1c1ccccc1/C=C/c1ccc(C(F)(F)F)cc1,4.638272163982407,1,IC50,LXRa,CHEMBL2808
O=C1c2ccccc2C(=O)N1c1ccccc1CCc1ccccc1,4.886056647693163,1,IC50,LXRa,CHEMBL2808
O=S(=O)(c1ccccc1)N(CC(F)(F)F)c1ccc(C(O)(C(F)(F)F)C(F)(F)F)cc1,7.550422119981025,15,IC50,LXRa,CHEMBL2808
O=S(=O)(c1ccccc1)[C@](F)(c1nnc(C2CC2)o1)[C@H]1Cc2[nH]c3ccc(Cl)cc3c2C1,6.537602002101044,1,IC50,LXRa,CHEMBL2808
O=S(=O)(c1ccccc1)[C@](F)(c1nnco1)[C@H]1Cc2[nH]c3ccc(Cl)cc3c2C1,5.638272163982407,1,IC50,LXRa,CHEMBL2808
O=[N+]([O-])c1ccc(CN(Cc2ccc(Cl)cc2)Cc2ccccc2F)s1,4.698970004336019,1,IC50,LXRa,CHEMBL2808
O=[N+]([O-])c1ccc(CN(Cc2ccc(Cl)cc2)Cc2cccnc2)s1,4.886056647693163,1,IC50,LXRa,CHEMBL2808
O=[N+]([O-])c1ccc(CN(Cc2ccc(F)cc2)Cc2cccnc2)s1,4.3979400086720375,1,IC50,LXRa,CHEMBL2808
O=[N+]([O-])c1ccc(CN(Cc2cccnc2)Cc2cccc(C(F)(F)F)c2)s1,4.795880017344075,1,IC50,LXRa,CHEMBL2808
OC(c1ccc(N(Cc2ccccc2)CC(F)(F)F)c(Cl)c1)(C(F)(F)F)C(F)(F)F,9.0,1,IC50,LXRa,CHEMBL2808
OC(c1ccc(N(Cc2ccccc2)CC(F)(F)F)cc1)(C(F)(F)F)C(F)(F)F,7.154901959985743,1,IC50,LXRa,CHEMBL2808
OC(c1ccc(N(Cc2ccccc2)Cc2ccccc2)cc1)(C(F)(F)F)C(F)(F)F,6.501689446210399,1,IC50,LXRa,CHEMBL2808
OCc1ccc(Oc2cccc(-c3c(-c4ccccc4)cnc4c(C(F)(F)F)cccc34)c2)cc1,6.97061622231479,1,IC50,LXRa,CHEMBL2808
OCc1ccc(Oc2cccc(-c3c(-c4ccccc4)cnc4c(Cl)cccc34)c2)cc1,7.443697499232712,1,IC50,LXRa,CHEMBL2808
OCc1cccc(Oc2cccc(-c3c(-c4ccccc4)cnc4c(C(F)(F)F)cccc34)c2)c1,7.327902142064282,1,IC50,LXRa,CHEMBL2808
OCc1cccc(Oc2cccc(-c3c(Cc4ccccc4)cnc4c(C(F)(F)F)cccc34)c2)c1,7.1249387366083,1,IC50,LXRa,CHEMBL2808
Oc1ccc(Oc2cccc(-c3c(Cc4ccccc4)cnc4c(C(F)(F)F)cccc34)c2)cc1,6.939302159646388,1,IC50,LXRa,CHEMBL2808
C#CCCC(=O)N[C@@H](C)c1ccc(C2CN(c3ccc(OCC4CC4)cc3)C2)cc1,5.623423042943488,1,IC50,ACC2,CHEMBL4829
C=CCC(=O)NC(C)Cc1ccc(C2CN(c3ccc(OCC4CC4)cc3)C2)cc1,5.97061622231479,1,IC50,ACC2,CHEMBL4829
C=CCC(=O)NC(C)Cc1ccc(C2CN(c3ccc4c(c3)OCCO4)C2)cc1,5.5406075122407685,1,IC50,ACC2,CHEMBL4829
C=CCC(=O)N[C@@H](C)c1ccc(C2CN(c3ccc(OCC4CC4)cc3)C2)cc1,6.200659450546418,1,IC50,ACC2,CHEMBL4829
C=CCC(=O)N[C@@H](C)c1ccc(C2CN(c3ccc4c(c3)OCCO4)C2)cc1,6.013228265733755,1,IC50,ACC2,CHEMBL4829
C=CCC(=O)N[C@@H](C)c1ccc(OC2CN(c3ccc(OCC)cc3)C2)cc1,6.346787486224656,1,IC50,ACC2,CHEMBL4829
C=Cc1cc(OCC(C)C)ccc1Oc1ncc(C#CC(C)NC(C)=O)s1,6.585026652029182,1,IC50,ACC2,CHEMBL4829
CC(=O)N1CCC(C(=O)N2CCC(N3CCN(C(=O)c4cc(-c5ccc(C)cc5)nc(-c5ccc(C)cc5)c4)CC3)CC2)CC1,7.638272163982407,2,IC50,ACC2,CHEMBL4829
CC(=O)NC(C#Cc1cnc(Oc2ccc(OC(C)C)cc2)s1)C1CC1,6.065619020893974,2,IC50,ACC2,CHEMBL4829
CC(=O)NC(C#Cc1cnc(Oc2ccc(OC(C)C)cc2)s1)CO,6.040958607678906,1,IC50,ACC2,CHEMBL4829
CC(=O)NC(C)(C)C#Cc1cnc(Oc2ccc(OC(C)C)cc2)s1,6.301029995663981,1,IC50,ACC2,CHEMBL4829
CC(=O)NC(C)(C)c1ccc(C#Cc2ccc(OC(C)C)nc2)cc1,4.665546248849069,1,IC50,ACC2,CHEMBL4829
CC(=O)NC(C)(C)c1ccc(C#Cc2ccc(OC3CCC3)cc2)cc1,4.609064892896621,1,IC50,ACC2,CHEMBL4829
CC(=O)NC(C)(C)c1ccc(C#Cc2ccnc(OC(C)C)c2)cc1,4.995678626217358,1,IC50,ACC2,CHEMBL4829
CC(=O)NC(C)C#Cc1ccc(Oc2ccc(OC(C)C)cc2)cc1,8.090228032229065,2,IC50,ACC2,CHEMBL4829
CC(=O)NC(C)C#Cc1cnc(Oc2ccc(C(=O)NC(C)C)cc2)s1,4.710411047457403,1,IC50,ACC2,CHEMBL4829
CC(=O)NC(C)C#Cc1cnc(Oc2ccc(C(=O)NCC(C)C)cc2)s1,6.455931955649724,1,IC50,ACC2,CHEMBL4829
CC(=O)NC(C)C#Cc1cnc(Oc2ccc(CC(C)C)cc2)s1,7.0915149811213505,1,IC50,ACC2,CHEMBL4829
CC(=O)NC(C)C#Cc1cnc(Oc2ccc(NC(C)C)cc2)s1,6.823908740944319,2,IC50,ACC2,CHEMBL4829
CC(=O)NC(C)C#Cc1cnc(Oc2ccc(NCC3CC3)c(Cl)c2)s1,7.853871964321762,1,IC50,ACC2,CHEMBL4829
CC(=O)NC(C)C#Cc1cnc(Oc2ccc(O)cc2)s1,5.769551078621726,1,IC50,ACC2,CHEMBL4829
CC(=O)NC(C)C#Cc1cnc(Oc2ccc(OC(=O)NC(C)C)cc2)s1,6.468521082957745,1,IC50,ACC2,CHEMBL4829
CC(=O)NC(C)C#Cc1cnc(Oc2ccc(OC(C)C)cc2)s1,7.721246399047172,5,IC50,ACC2,CHEMBL4829
CC(=O)NC(C)C#Cc1cnc(Oc2ccc(OC(C)C)cc2Cl)s1,7.161150909262744,1,IC50,ACC2,CHEMBL4829
CC(=O)NC(C)C#Cc1cnc(Oc2ccc(OC(C)C)nc2)s1,7.823908740944319,1,IC50,ACC2,CHEMBL4829
CC(=O)NC(C)C#Cc1cnc(Oc2ccc(OC3CCCC3)cc2)s1,7.886056647693163,1,IC50,ACC2,CHEMBL4829
CC(=O)NC(C)C#Cc1cnc(Oc2ccc(OC3CCCCC3)cc2)s1,7.795880017344075,2,IC50,ACC2,CHEMBL4829
CC(=O)NC(C)C#Cc1cnc(Oc2ccc(OC3CCCCC3)cc2Cl)s1,7.468521082957745,1,IC50,ACC2,CHEMBL4829
CC(=O)NC(C)C#Cc1cnc(Oc2ccc(OC3CCOC3)cc2)s1,6.431798275933005,1,IC50,ACC2,CHEMBL4829
CC(=O)NC(C)C#Cc1cnc(Oc2ccc(OCC(C)C)cc2)s1,8.0,2,IC50,ACC2,CHEMBL4829
CC(=O)NC(C)C#Cc1cnc(Oc2ccc(OCC(C)C)cc2/C=N\O)s1,6.2441251443275085,1,IC50,ACC2,CHEMBL4829
CC(=O)NC(C)C#Cc1cnc(Oc2ccc(OCC(C)C)cc2Br)s1,7.455931955649724,1,IC50,ACC2,CHEMBL4829
CC(=O)NC(C)C#Cc1cnc(Oc2ccc(OCC(C)C)cc2C#N)s1,7.376750709602099,1,IC50,ACC2,CHEMBL4829
CC(=O)NC(C)C#Cc1cnc(Oc2ccc(OCC(C)C)cc2C)s1,8.045757490560675,1,IC50,ACC2,CHEMBL4829
CC(=O)NC(C)C#Cc1cnc(Oc2ccc(OCC(C)C)cc2C=O)s1,6.259637310505756,1,IC50,ACC2,CHEMBL4829
CC(=O)NC(C)C#Cc1cnc(Oc2ccc(OCC(C)C)cc2CO)s1,6.0,1,IC50,ACC2,CHEMBL4829
CC(=O)NC(C)C#Cc1cnc(Oc2ccc(OCC(C)C)cc2Cl)s1,7.920818753952375,1,IC50,ACC2,CHEMBL4829
CC(=O)NC(C)C#Cc1cnc(Oc2ccc(OCC(C)C)cc2F)s1,7.958607314841775,1,IC50,ACC2,CHEMBL4829
CC(=O)NC(C)C#Cc1cnc(Oc2ccc(OCC(C)C)cc2N)s1,4.801342913045578,1,IC50,ACC2,CHEMBL4829
CC(=O)NC(C)C#Cc1cnc(Oc2ccc(OCC(C)C)cc2[N+](=O)[O-])s1,7.154901959985743,1,IC50,ACC2,CHEMBL4829
CC(=O)NC(C)C#Cc1cnc(Oc2ccc(OCC3CC3)cc2)s1,8.154901959985743,2,IC50,ACC2,CHEMBL4829
CC(=O)NC(C)C#Cc1cnc(Oc2ccc(OCC3CC3)cc2Cl)s1,8.0,1,IC50,ACC2,CHEMBL4829
CC(=O)NC(C)C#Cc1cnc(Oc2ccc(OCC3CCCC3)cc2)s1,8.301029995663981,1,IC50,ACC2,CHEMBL4829
CC(=O)NC(C)C#Cc1cnc(Oc2ccc(OCC3CCCCC3)cc2)s1,7.568636235841012,2,IC50,ACC2,CHEMBL4829
CC(=O)NC(C)C#Cc1cnc(Oc2ccc(OCC3CCCCC3)cc2Cl)s1,7.537602002101044,1,IC50,ACC2,CHEMBL4829
CC(=O)NC(C)C#Cc1cnc(Oc2ccc(OCC3CCOC3)cc2)s1,7.173925197299173,2,IC50,ACC2,CHEMBL4829
CC(=O)NC(C)C#Cc1cnc(Oc2ccc(OCC3CCOC3)cc2Cl)s1,6.853871964321762,1,IC50,ACC2,CHEMBL4829
CC(=O)NC(C)C#Cc1cnc(Oc2ccc(Oc3ccccc3)cc2)s1,7.958607314841775,2,IC50,ACC2,CHEMBL4829
CC(=O)NC(C)C#Cc1cnc(Oc2ccc(Oc3ccccn3)cc2)s1,7.2441251443275085,1,IC50,ACC2,CHEMBL4829
CC(=O)NC(C)C#Cc1cnc(Oc2ccc(Oc3nccs3)cc2)s1,6.537602002101044,1,IC50,ACC2,CHEMBL4829
CC(=O)NC(C)C#Cc1cnc(Oc2ccc(S(=O)(=O)C(C)C)cc2)s1,5.392544976785331,1,IC50,ACC2,CHEMBL4829
CC(=O)NC(C)C#Cc1cnc(Oc2ccc(SC(C)C)cc2)s1,7.259637310505756,2,IC50,ACC2,CHEMBL4829
CC(=O)NC(C)C#Cc1cnc(Oc2cccc(OC(=O)NCC(C)C)c2)s1,6.42021640338319,1,IC50,ACC2,CHEMBL4829
CC(=O)NC(C)C#Cc1cnc(Oc2cccc(OC(C)C)c2)s1,7.853871964321762,1,IC50,ACC2,CHEMBL4829
CC(=O)NC(C)C#Cc1cnc(Oc2cccc(OC(F)(F)F)c2)s1,6.886056647693163,1,IC50,ACC2,CHEMBL4829
CC(=O)NC(C)C#Cc1cnc(Oc2cccc(OC3CCCCC3)c2)s1,7.585026652029182,1,IC50,ACC2,CHEMBL4829
CC(=O)NC(C)C#Cc1cnc(Oc2cccc(OC3CCOC3)c2)s1,6.6777807052660805,1,IC50,ACC2,CHEMBL4829
CC(=O)NC(C)C#Cc1cnc(Oc2cccc(OCC(C)C)c2)s1,7.886056647693163,2,IC50,ACC2,CHEMBL4829
CC(=O)NC(C)C#Cc1cnc(Oc2cccc(OCC(C)C)c2C)s1,7.7447274948966935,1,IC50,ACC2,CHEMBL4829
CC(=O)NC(C)C#Cc1cnc(Oc2cccc(Oc3ccccc3)c2)s1,7.119186407719209,1,IC50,ACC2,CHEMBL4829
CC(=O)NC(C)C#Cc1cnc(Oc2ccccc2)s1,5.707743928643524,1,IC50,ACC2,CHEMBL4829
CC(=O)NC(C)C#Cc1cnc(Oc2ccccc2OC(C)C)s1,5.210419287835574,1,IC50,ACC2,CHEMBL4829
CC(=O)NC(C)C#Cc1cnc(Sc2ccc(OC(C)C)cc2)s1,7.161150909262744,1,IC50,ACC2,CHEMBL4829
CC(=O)NC(C)CCC1CCC(Oc2ccc(OC(C)C)nc2)CC1,7.096910013008056,1,IC50,ACC2,CHEMBL4829
CC(=O)NC(C)CCc1ccc(C2CN(c3ccc(OC4CC4)cc3)C2)cc1,6.318758762624412,1,IC50,ACC2,CHEMBL4829
CC(=O)NC(C)CCc1ccc(C2CN(c3ccc(OCC4CC4)cc3)C2)cc1,6.721246399047171,1,IC50,ACC2,CHEMBL4829
CC(=O)NC(C)CCc1ccc(C2CN(c3ccc4c(c3)OCCO4)C2)cc1,6.173925197299173,1,IC50,ACC2,CHEMBL4829
CC(=O)NC(C)CCc1ccc(C2CN(c3cccc(C(F)(F)F)n3)C2)cc1,5.847711655616944,1,IC50,ACC2,CHEMBL4829
CC(=O)NC(C)CCc1ccc(C2CN(c3cccc(OC(C)C)c3)C2)cc1,5.497572880015568,1,IC50,ACC2,CHEMBL4829
CC(=O)NC(C)CCc1ccc(C2CN(c3ncc(C4CC4)cn3)C2)cc1,5.59176003468815,1,IC50,ACC2,CHEMBL4829
CC(=O)NC(C)CCc1ccc(C2CN(c3ncc4nc(-c5ccccc5)oc4n3)C2)cc1,6.09151498112135,1,IC50,ACC2,CHEMBL4829
CC(=O)NC(C)CCc1ccc(OC2=NCC(OC(C)C)N=C2)cc1,5.920818753952375,1,IC50,ACC2,CHEMBL4829
CC(=O)NC(C)CCc1ccc(Oc2ccc(OC(C)C)cn2)cc1,6.761439372640169,2,IC50,ACC2,CHEMBL4829
CC(=O)NC(C)CCc1ccc(Oc2ccc(OC(C)C)nc2)cc1,7.221848749616356,1,IC50,ACC2,CHEMBL4829
CC(=O)NC(C)CCc1ccc(Oc2ccc(OC(C)C)nn2)cc1,5.173925197299173,1,IC50,ACC2,CHEMBL4829
CC(=O)NC(C)CCc1ccc(Oc2ccc(OC3CCCC3)cn2)cc1,6.853871964321762,2,IC50,ACC2,CHEMBL4829
CC(=O)NC(C)CCc1ccc(Oc2ccc(OC3CCOC3)cn2)cc1,5.443697499232712,1,IC50,ACC2,CHEMBL4829
CC(=O)NC(C)CCc1ccc(Oc2ccc(OCC3CC3)nc2)cc1,6.769551078621726,1,IC50,ACC2,CHEMBL4829
CC(=O)NC(C)CCc1ccc(Oc2ccc(OCC3CCC3)cn2)cc1,7.301029995663981,1,IC50,ACC2,CHEMBL4829
CC(=O)NC(C)CCc1ccc(Oc2ccc(OCc3ccccc3)cn2)cc1,6.843884223195947,3,IC50,ACC2,CHEMBL4829
CC(=O)NC(C)CCc1ccc(Oc2ccc(OCc3ccccc3)nc2)cc1,7.1259059864969,2,IC50,ACC2,CHEMBL4829
CC(=O)NC(C)CCc1ccc(Oc2cnc(OC(C)C)cn2)cc1,5.920818753952375,1,IC50,ACC2,CHEMBL4829
CC(=O)NC(C)CCc1ccc(Oc2cnc(OC(C)C)nc2)cc1,6.142835120127383,2,IC50,ACC2,CHEMBL4829
CC(=O)NC(C)CCc1ccc(Oc2ncc(OC(C)C)cc2Cl)cc1,5.886056647693163,1,IC50,ACC2,CHEMBL4829
CC(=O)NC(C)CCc1cnc(Oc2ccc(OCc3ccccc3)nc2)nc1,5.229147988357855,1,IC50,ACC2,CHEMBL4829
CC(=O)NC(C)COc1ccc(Oc2ccc(OC(C)C)cn2)cc1,5.886056647693163,1,IC50,ACC2,CHEMBL4829
CC(=O)NC(C)Cc1ccc(C#Cc2cc(C)c3c(c2)oc(=O)n3C)cc1,5.3979400086720375,1,IC50,ACC2,CHEMBL4829
CC(=O)NC(C)Cc1ccc(C#Cc2cc(OCc3ccccc3)ncn2)cc1,6.1249387366083,1,IC50,ACC2,CHEMBL4829
CC(=O)NC(C)Cc1ccc(C#Cc2ccc(-c3ccc(C)cc3)cn2)cc1,6.4089353929735005,1,IC50,ACC2,CHEMBL4829
CC(=O)NC(C)Cc1ccc(C#Cc2ccc(-c3ccc(Cl)cc3)nn2)cc1,6.161150909262744,1,IC50,ACC2,CHEMBL4829
CC(=O)NC(C)Cc1ccc(C#Cc2ccc(-c3ccc(F)cc3)cn2)cc1,6.920818753952375,1,IC50,ACC2,CHEMBL4829
CC(=O)NC(C)Cc1ccc(C#Cc2ccc(-n3cccc3)cc2)cc1,6.337242168318426,1,IC50,ACC2,CHEMBL4829
CC(=O)NC(C)Cc1ccc(C#Cc2ccc(Br)cc2)cc1,6.251811972993799,1,IC50,ACC2,CHEMBL4829
CC(=O)NC(C)Cc1ccc(C#Cc2ccc(Br)cc2F)cc1,5.958607314841775,1,IC50,ACC2,CHEMBL4829
CC(=O)NC(C)Cc1ccc(C#Cc2ccc(C(=O)N3CCCC3)c(C)c2)cc1,6.004364805402449,1,IC50,ACC2,CHEMBL4829
CC(=O)NC(C)Cc1ccc(C#Cc2ccc(C(=O)N3CCOCC3)cc2)cc1,5.259637310505756,1,IC50,ACC2,CHEMBL4829
CC(=O)NC(C)Cc1ccc(C#Cc2ccc(C(=O)NCC(F)(F)F)cc2)cc1,5.769551078621726,1,IC50,ACC2,CHEMBL4829
CC(=O)NC(C)Cc1ccc(C#Cc2ccc(C(=O)NCc3ccccc3)cc2)cc1,5.638272163982407,1,IC50,ACC2,CHEMBL4829
CC(=O)NC(C)Cc1ccc(C#Cc2ccc(C(=O)O)cc2)cc1,5.619788758288394,1,IC50,ACC2,CHEMBL4829
CC(=O)NC(C)Cc1ccc(C#Cc2ccc(C(C)(C)C)cc2C#N)cc1,6.568636235841012,1,IC50,ACC2,CHEMBL4829
CC(=O)NC(C)Cc1ccc(C#Cc2ccc(C(C)=O)cc2)cc1,5.443697499232712,1,IC50,ACC2,CHEMBL4829
CC(=O)NC(C)Cc1ccc(C#Cc2ccc(C(C)C)cc2)cc1,6.537602002101044,1,IC50,ACC2,CHEMBL4829
CC(=O)NC(C)Cc1ccc(C#Cc2ccc(C(F)(F)F)cc2Cl)cc1,5.853871964321762,1,IC50,ACC2,CHEMBL4829
CC(=O)NC(C)Cc1ccc(C#Cc2ccc(C)cc2)cc1,6.09151498112135,1,IC50,ACC2,CHEMBL4829
CC(=O)NC(C)Cc1ccc(C#Cc2ccc(C3CC3)cn2)cc1,6.130768280269024,1,IC50,ACC2,CHEMBL4829
CC(=O)NC(C)Cc1ccc(C#Cc2ccc(CCO)cc2)cc1,5.657577319177793,1,IC50,ACC2,CHEMBL4829
CC(=O)NC(C)Cc1ccc(C#Cc2ccc(CN3CCCC3)cc2)cc1,5.173925197299173,1,IC50,ACC2,CHEMBL4829
CC(=O)NC(C)Cc1ccc(C#Cc2ccc(Cl)cc2)cc1,6.275724130399211,1,IC50,ACC2,CHEMBL4829
CC(=O)NC(C)Cc1ccc(C#Cc2ccc(N(C)C)cc2)cc1,5.823908740944319,1,IC50,ACC2,CHEMBL4829
CC(=O)NC(C)Cc1ccc(C#Cc2ccc(N3CCCCC3=O)cc2)cc1,5.853871964321762,1,IC50,ACC2,CHEMBL4829
CC(=O)NC(C)Cc1ccc(C#Cc2ccc(N3CCOCC3)cc2)cc1,6.1938200260161125,1,IC50,ACC2,CHEMBL4829
CC(=O)NC(C)Cc1ccc(C#Cc2ccc(OC(C)(C)C)cc2)cc1,7.0,1,IC50,ACC2,CHEMBL4829
CC(=O)NC(C)Cc1ccc(C#Cc2ccc(OC(C)C)cc2)cc1,6.6020599913279625,1,IC50,ACC2,CHEMBL4829
CC(=O)NC(C)Cc1ccc(C#Cc2ccc(OC(C)C)cn2)cc1,6.214670164989233,1,IC50,ACC2,CHEMBL4829
CC(=O)NC(C)Cc1ccc(C#Cc2ccc(OC(C)C)nc2)cc1,6.619788758288394,1,IC50,ACC2,CHEMBL4829
CC(=O)NC(C)Cc1ccc(C#Cc2ccc(OC(C)C)nn2)cc1,6.031517051446064,1,IC50,ACC2,CHEMBL4829
CC(=O)NC(C)Cc1ccc(C#Cc2ccc(OC(F)(F)F)cc2C#N)cc1,5.1249387366083,1,IC50,ACC2,CHEMBL4829
CC(=O)NC(C)Cc1ccc(C#Cc2ccc(OC(F)F)cc2)cc1,6.119186407719209,1,IC50,ACC2,CHEMBL4829
CC(=O)NC(C)Cc1ccc(C#Cc2ccc(OC3CCCC3)nc2)cc1,6.769551078621726,1,IC50,ACC2,CHEMBL4829
CC(=O)NC(C)Cc1ccc(C#Cc2ccc(OCC(C)C)cc2)cc1,6.958607314841775,1,IC50,ACC2,CHEMBL4829
CC(=O)NC(C)Cc1ccc(C#Cc2ccc(OCC3(N)CC3)c(C)c2)cc1,6.086186147616283,1,IC50,ACC2,CHEMBL4829
CC(=O)NC(C)Cc1ccc(C#Cc2ccc(OCC3CC3)nc2)cc1,6.494850021680094,1,IC50,ACC2,CHEMBL4829
CC(=O)NC(C)Cc1ccc(C#Cc2ccc(Oc3ccccc3)cc2)cc1,6.920818753952375,1,IC50,ACC2,CHEMBL4829
CC(=O)NC(C)Cc1ccc(C#Cc2ccc(Oc3ccccc3)nc2)cc1,6.698970004336019,1,IC50,ACC2,CHEMBL4829
CC(=O)NC(C)Cc1ccc(C#Cc2ccc(Oc3ccccc3)nn2)cc1,5.823908740944319,1,IC50,ACC2,CHEMBL4829
CC(=O)NC(C)Cc1ccc(C#Cc2ccc(Oc3cncnc3)nc2)cc1,6.031517051446064,1,IC50,ACC2,CHEMBL4829
CC(=O)NC(C)Cc1ccc(C#Cc2ccc3c(c2)CCC3=O)cc1,5.236572006437063,1,IC50,ACC2,CHEMBL4829
CC(=O)NC(C)Cc1ccc(C#Cc2ccc3c(c2)CCO3)cc1,6.136677139879544,1,IC50,ACC2,CHEMBL4829
CC(=O)NC(C)Cc1ccc(C#Cc2ccc3c(ccn3CCO)c2)cc1,5.292429823902063,1,IC50,ACC2,CHEMBL4829
CC(=O)NC(C)Cc1ccc(C#Cc2ccc3ccccc3c2)cc1,6.055517327849831,1,IC50,ACC2,CHEMBL4829
CC(=O)NC(C)Cc1ccc(C#Cc2ccc3ncccc3c2)cc1,5.958607314841775,1,IC50,ACC2,CHEMBL4829
CC(=O)NC(C)Cc1ccc(C#Cc2cccc(C(=O)N3CCN(C(C)C)CC3)c2)cc1,5.075720713938118,1,IC50,ACC2,CHEMBL4829
CC(=O)NC(C)Cc1ccc(C#Cc2cccc(C(=O)N3CCOCC3)c2)cc1,4.772113295386326,1,IC50,ACC2,CHEMBL4829
CC(=O)NC(C)Cc1ccc(C#Cc2cccc(C(C)=O)c2)cc1,6.0,1,IC50,ACC2,CHEMBL4829
CC(=O)NC(C)Cc1ccc(C#Cc2cccc(OC(C)C)c2)cc1,6.259637310505756,1,IC50,ACC2,CHEMBL4829
CC(=O)NC(C)Cc1ccc(C#Cc2cccc(OC(F)F)c2)cc1,5.309803919971486,1,IC50,ACC2,CHEMBL4829
CC(=O)NC(C)Cc1ccc(C#Cc2cccc3ccccc23)cc1,5.698970004336019,1,IC50,ACC2,CHEMBL4829
CC(=O)NC(C)Cc1ccc(C#Cc2cccc3ncccc23)cc1,5.481486060122112,1,IC50,ACC2,CHEMBL4829
CC(=O)NC(C)Cc1ccc(C#Cc2ccn(C(C)C)c(=O)c2)cc1,5.236572006437063,1,IC50,ACC2,CHEMBL4829
CC(=O)NC(C)Cc1ccc(C#Cc2ccn(CC(C)C)c(=O)c2)cc1,5.795880017344075,1,IC50,ACC2,CHEMBL4829
CC(=O)NC(C)Cc1ccc(C#Cc2ccnc(OC(C)C)c2)cc1,6.853871964321762,1,IC50,ACC2,CHEMBL4829
CC(=O)NC(C)Cc1ccc(C#Cc2ccnc(Oc3ccccc3)c2)cc1,6.823908740944319,1,IC50,ACC2,CHEMBL4829
CC(=O)NC(C)Cc1ccc(C#Cc2ccnc(Oc3cncnc3)c2)cc1,6.3979400086720375,1,IC50,ACC2,CHEMBL4829
CC(=O)NC(C)Cc1ccc(C#Cc2cnc(-c3ccc(Cl)cc3)cn2)cc1,6.698970004336019,1,IC50,ACC2,CHEMBL4829
CC(=O)NC(C)Cc1ccc(C#Cc2cnc3ccccc3c2)cc1,6.040958607678906,1,IC50,ACC2,CHEMBL4829
CC(=O)NC(C)Cc1ccc(C#Cc2cnn(-c3ccccc3)c2)cc1,6.346787486224656,1,IC50,ACC2,CHEMBL4829
CC(=O)NC(C)Cc1ccc(C2CN(c3ccc(-c4ccc(Cl)cc4)nn3)C2)cc1,5.153662887870195,1,IC50,ACC2,CHEMBL4829
CC(=O)NC(C)Cc1ccc(C2CN(c3ccc(C(C)(C)C)cc3)C2)cc1,5.5638373529592435,1,IC50,ACC2,CHEMBL4829
CC(=O)NC(C)Cc1ccc(C2CN(c3ccc(OC4CC4)cc3)C2)cc1,6.468521082957745,1,IC50,ACC2,CHEMBL4829
CC(=O)NC(C)Cc1ccc(C2CN(c3ccc(OC4CCC4)cc3)C2)cc1,6.585026652029182,1,IC50,ACC2,CHEMBL4829
CC(=O)NC(C)Cc1ccc(C2CN(c3ccc(OCC4CC4)cc3)C2)cc1,6.200659450546418,1,IC50,ACC2,CHEMBL4829
CC(=O)NC(C)Cc1ccc(C2CN(c3ccc4c(c3)OCCO4)C2)cc1,6.022276394711152,1,IC50,ACC2,CHEMBL4829
CC(=O)NC(C)Cc1ccc(C2CN(c3ccc4ncccc4c3)C2)cc1,5.09151498112135,1,IC50,ACC2,CHEMBL4829
CC(=O)NC(C)Cc1ccc(C2CN(c3cnc(NC4CCC4)nc3)C2)cc1,5.249491605148654,1,IC50,ACC2,CHEMBL4829
CC(=O)NC(C)Cc1ccc(C2CN(c3cnc(OC4CCC4)nc3)C2)cc1,5.41907502432438,1,IC50,ACC2,CHEMBL4829
CC(=O)NC(C)Cc1ccc(C2CN(c3ncc(Br)cn3)C2)cc1,5.0675262353228465,1,IC50,ACC2,CHEMBL4829
CC(=O)NC(C)Cc1ccc(C2CN(c3ncc(OCC4CC4(F)F)cc3F)C2)cc1,6.130768280269024,1,IC50,ACC2,CHEMBL4829
CC(=O)NC(C)Cc1ccc(C2CN(c3ncc(OCC4CC4(F)F)cn3)C2)cc1,5.882728704344236,1,IC50,ACC2,CHEMBL4829
CC(=O)NC(C)Cc1ccc(OC2CN(c3ccc(C(C)(C)C)cc3)C2)cc1,5.655607726314889,1,IC50,ACC2,CHEMBL4829
CC(=O)NC(C)c1cc(-c2cnc(Oc3ccc(OC(C)C)cc3)s2)no1,8.096910013008056,1,IC50,ACC2,CHEMBL4829
CC(=O)NC(C)c1ccc(-c2ccc(Oc3ccc(-c4c(O)ccc5c4CCCC5)cc3)cc2)cc1,6.571865205971211,1,IC50,ACC2,CHEMBL4829
CC(=O)NC(C)c1ccc(-c2ccc(Oc3ccc(C(=O)c4ccccc4)cc3)cc2)cc1,6.94692155651658,1,IC50,ACC2,CHEMBL4829
CC(=O)NC(C)c1ccc(-c2ccc(Oc3ccc(Cc4ccccc4)cc3)cc2)cc1,6.0245681914907365,1,IC50,ACC2,CHEMBL4829
CC(=O)NC(C)c1ccc(-c2ccc(Oc3ccc(OC(C)C)cc3)cc2)c(C)c1,6.518557371497695,1,IC50,ACC2,CHEMBL4829
CC(=O)NC(C)c1ccc(-c2ccc(Oc3ccc(OC(C)C)cc3)cc2)cc1,7.481486060122112,1,IC50,ACC2,CHEMBL4829
CC(=O)NC(C)c1ccc(-c2ccc(Oc3ccc(OC(C)C)cc3)cc2C)c(C)c1,7.055517327849831,1,IC50,ACC2,CHEMBL4829
CC(=O)NC(C)c1ccc(-c2ccc(Oc3ccc(OC(C)C)cc3)cc2C)cc1,7.455931955649724,1,IC50,ACC2,CHEMBL4829
CC(=O)NC(C)c1ccc(-c2ccc(Oc3ccc(OC(C)C)cc3)nc2)cc1,7.031517051446065,1,IC50,ACC2,CHEMBL4829
CC(=O)NC(C)c1ccc(-c2ccc(Oc3ccc(OCc4ccccc4)cc3)cc2)cc1,4.522878745280337,1,IC50,ACC2,CHEMBL4829
CC(=O)NC(C)c1ccc(-c2ccc(Oc3ccc(OCc4ccccc4)cc3)nc2)cc1,6.931814138253838,1,IC50,ACC2,CHEMBL4829
CC(=O)NC(C)c1ccc(-c2ccc(Oc3ccc(Oc4ccccc4)cc3)cc2)cc1,8.154901959985743,1,IC50,ACC2,CHEMBL4829
CC(=O)NC(C)c1ccc(-c2ccc(Oc3cccc(Oc4ccccc4)c3)cc2)cc1,7.795880017344075,1,IC50,ACC2,CHEMBL4829
CC(=O)NC(C)c1ccc(-c2ccc(Oc3cccc(Oc4ccccc4)c3)nc2)cc1,7.494850021680094,1,IC50,ACC2,CHEMBL4829
CC(=O)NC(C)c1ccc(C#Cc2ccc(OC(C)(C)C)cc2)cc1,6.376750709602099,1,IC50,ACC2,CHEMBL4829
CC(=O)NC(C)c1ccc(C#Cc2ccc(OC(C)C)cc2)cc1,6.443697499232712,1,IC50,ACC2,CHEMBL4829
CC(=O)NC(C)c1ccc(C#Cc2ccc(OC(C)C)nc2)cc1,6.045757490560675,1,IC50,ACC2,CHEMBL4829
CC(=O)NC(C)c1ccc(C#Cc2ccc(OC3CC3)cc2)cc1,7.154901959985743,1,IC50,ACC2,CHEMBL4829
CC(=O)NC(C)c1ccc(C#Cc2ccc(OC3CCC3)cc2)cc1,6.920818753952375,1,IC50,ACC2,CHEMBL4829
CC(=O)NC(C)c1ccc(C#Cc2ccc(OC3CCCC3)cc2)cc1,6.721246399047171,1,IC50,ACC2,CHEMBL4829
CC(=O)NC(C)c1ccc(C#Cc2ccc(OC3CCCC3)nc2)cc1,6.346787486224656,1,IC50,ACC2,CHEMBL4829
CC(=O)NC(C)c1ccc(C#Cc2ccc(OCC(C)C)cc2)cc1,6.585026652029182,1,IC50,ACC2,CHEMBL4829
CC(=O)NC(C)c1ccc(C#Cc2ccc3c(c2)CCO3)cc1,6.6020599913279625,1,IC50,ACC2,CHEMBL4829
CC(=O)NC(C)c1ccc(C2CN(c3ccc(OC4CCCC4)cc3)C2)cc1,6.468521082957745,1,IC50,ACC2,CHEMBL4829
CC(=O)NC(C)c1ccc(C2CN(c3ccc4c(c3)OCCO4)C2)cc1,6.309803919971486,1,IC50,ACC2,CHEMBL4829
CC(=O)NC(C)c1ccc(OC2CN(c3ccc(C(C)(C)C)cc3)C2)cc1,6.7447274948966935,1,IC50,ACC2,CHEMBL4829
CC(=O)NC(C)c1ccc(OC2CN(c3ccc(OC4CC4)cc3)C2)cc1,6.275724130399211,1,IC50,ACC2,CHEMBL4829
CC(=O)NC(C)c1ccc(OC2CN(c3ccc(OC4CCC4)cc3)C2)cc1,6.886056647693163,1,IC50,ACC2,CHEMBL4829
CC(=O)NC(C)c1ccc(OC2CN(c3ccc(OC4CCCC4)cc3)C2)cc1,7.096910013008056,1,IC50,ACC2,CHEMBL4829
CC(=O)NC(C)c1ccc(OC2CN(c3ccc(OCC4CC4)cc3)C2)c(F)c1,7.0,1,IC50,ACC2,CHEMBL4829
CC(=O)NC(C)c1ccc(OC2CN(c3ccc4c(c3)OCCO4)C2)cc1,6.619788758288394,1,IC50,ACC2,CHEMBL4829
CC(=O)NC(C)c1ccc(OC2CN(c3cnc(OC4CCC4)nc3)C2)cc1,6.173925197299173,1,IC50,ACC2,CHEMBL4829
CC(=O)NC(C)c1ccc(OC2CN(c3ncc(Br)cn3)C2)cc1,6.259637310505756,1,IC50,ACC2,CHEMBL4829
CC(=O)NC(C)c1ccc(OC2CN(c3ncc(C4CC4)cn3)C2)cc1,6.823908740944319,1,IC50,ACC2,CHEMBL4829
CC(=O)NC(C)c1cnc(-c2cnc(Oc3ccc(OC(C)C)cc3)s2)s1,7.552841968657781,1,IC50,ACC2,CHEMBL4829
CC(=O)NC(C)c1nc(-c2ccc(Oc3ccc(OC(C)C)cc3)cc2)no1,7.0,1,IC50,ACC2,CHEMBL4829
CC(=O)NC(C)c1nc(-c2ccc(Oc3ccc(Oc4ccccc4)cc3)cc2)no1,7.318758762624412,1,IC50,ACC2,CHEMBL4829
CC(=O)NC(C)c1nc(-c2ccc(Oc3ccccc3)cc2)no1,6.537602002101044,1,IC50,ACC2,CHEMBL4829
CC(=O)NCC#Cc1cnc(Oc2ccc(OC(C)C)cc2)s1,5.751464949841498,3,IC50,ACC2,CHEMBL4829
CC(=O)NCC(C)(C)c1ccc(C#Cc2ccc(OCC3CC3)cc2)cc1,7.0,1,IC50,ACC2,CHEMBL4829
CC(=O)NCC(C)(C)c1ccc(C#Cc2cnc(NC3CCC3)nc2)cc1,6.568636235841012,1,IC50,ACC2,CHEMBL4829
CC(=O)NCC(C)(C)c1ccc(C#Cc2cnc(OC3CCC3)nc2)cc1,6.7447274948966935,1,IC50,ACC2,CHEMBL4829
CC(=O)NCCCC(=O)NC(C)Cc1ccc(C2CN(c3ccc(OCC4CC4)cc3)C2)cc1,5.774690718274137,1,IC50,ACC2,CHEMBL4829
CC(=O)NCCCC(=O)N[C@@H](C)c1ccc(C2CN(c3ccc(OCC4CC4)cc3)C2)cc1,5.684029654543082,1,IC50,ACC2,CHEMBL4829
CC(=O)NCCCC1OCC(Cc2cccc(OCC3CCC3)c2)CO1,6.154901959985743,1,IC50,ACC2,CHEMBL4829
CC(=O)NCCCC1OCC(Cc2cccc(OCCC3CC3)c2)CO1,5.576754126063192,1,IC50,ACC2,CHEMBL4829
CC(=O)NCCCC1OCC(Cc2cccc(OCCC3CCCC3)c2)CO1,6.568636235841012,1,IC50,ACC2,CHEMBL4829
CC(=O)NCCCC1OCC(Cc2cccc(OCCc3ccccc3)c2)CO1,5.6777807052660805,1,IC50,ACC2,CHEMBL4829
CC(=O)NCCCC1OCC(c2cccc3cc(OC4CCCC4)ccc23)CO1,6.200659450546418,1,IC50,ACC2,CHEMBL4829
CC(=O)NCCC[C@H]1OC[C@H](Oc2ccc(OC(C)C)cn2)CO1,5.698970004336019,1,IC50,ACC2,CHEMBL4829
CC(=O)NCCC[C@H]1OC[C@H](Oc2ccc(OC3CCCC3)cc2)CO1,6.710108201691595,2,IC50,ACC2,CHEMBL4829
CC(=O)NCCC[C@H]1OC[C@H](Oc2ccc(OCc3ccccc3)cc2)CO1,6.3979400086720375,2,IC50,ACC2,CHEMBL4829
CC(=O)NCCC[C@H]1OC[C@H](Oc2ccc(OCc3ccccc3)cn2)CO1,7.227965977824862,2,IC50,ACC2,CHEMBL4829
CC(=O)NCCC[C@H]1OC[C@H](Oc2ncc(OC(C)C)cc2Cl)CO1,6.42021640338319,1,IC50,ACC2,CHEMBL4829
CC(=O)NCCCc1ccc(Oc2ccc(OC3CCCC3)cn2)cc1,5.892790030352131,2,IC50,ACC2,CHEMBL4829
CC(=O)NCc1nc(-c2ccc(Oc3ccc(OC(C)C)cc3)cc2)no1,5.958607314841775,1,IC50,ACC2,CHEMBL4829
CC(=O)N[C@@H](C)C#Cc1cnc(Oc2ccc(OC(C)C)cc2)s1,7.221848749616356,1,IC50,ACC2,CHEMBL4829
CC(=O)N[C@@H](C)CC[C@H]1CC[C@H](Oc2ccc(OC(C)C)nc2)CC1,7.823908740944319,1,IC50,ACC2,CHEMBL4829
CC(=O)N[C@@H](C)CCc1ccc(Oc2ccc(OC(C)C)cn2)cc1,6.698970004336019,2,IC50,ACC2,CHEMBL4829
CC(=O)N[C@@H](C)CCc1ccc(Oc2ccc(OC(C)C)nc2)cc1,7.522878745280337,2,IC50,ACC2,CHEMBL4829
CC(=O)N[C@@H](C)CCc1ccc(Oc2ccc(OCc3ccccc3)cn2)cc1,7.0,1,IC50,ACC2,CHEMBL4829
CC(=O)N[C@@H](C)CO[C@H]1CC[C@H](Oc2ccc(OC(C)C)nc2)CC1,7.221848749616356,1,IC50,ACC2,CHEMBL4829
CC(=O)N[C@@H](C)COc1ccc(Oc2ccc(OC(C)C)cc2)cc1,6.920818753952375,1,IC50,ACC2,CHEMBL4829
CC(=O)N[C@@H](C)COc1ccc(Oc2ccc(OC(C)C)cc2)nc1,5.6020599913279625,1,IC50,ACC2,CHEMBL4829
CC(=O)N[C@@H](C)COc1ccc(Oc2ccc(OC(C)C)cn2)cc1,5.920818753952375,1,IC50,ACC2,CHEMBL4829
CC(=O)N[C@@H](C)c1cc(-c2cnc(Oc3ccc(OC(C)C)cc3)s2)no1,8.522878745280337,1,IC50,ACC2,CHEMBL4829
CC(=O)N[C@@H](C)c1ccc(C2CN(c3ccc(C(F)(F)F)cn3)C2)cc1,6.346787486224656,1,IC50,ACC2,CHEMBL4829
CC(=O)N[C@@H](C)c1ccc(C2CN(c3ccc(OC4CC4)cc3)C2)cc1,6.267606240177031,1,IC50,ACC2,CHEMBL4829
CC(=O)N[C@@H](C)c1ccc(C2CN(c3ccc(OC4CCC4)cc3)C2)cc1,5.787812395596042,1,IC50,ACC2,CHEMBL4829
CC(=O)N[C@@H](C)c1ccc(C2CN(c3ccc(OCC4CC4(F)F)cn3)C2)cc1,6.221848749616356,1,IC50,ACC2,CHEMBL4829
CC(=O)N[C@@H](C)c1ccc(C2CN(c3ccc(OCC4CC4)cc3)C2)cc1,6.42021640338319,1,IC50,ACC2,CHEMBL4829
CC(=O)N[C@@H](C)c1ccc(C2CN(c3ccc(OCCCF)cn3)C2)cc1,6.080921907623926,1,IC50,ACC2,CHEMBL4829
CC(=O)N[C@@H](C)c1ccc(C2CN(c3ccc4c(c3)OCCCO4)C2)cc1,6.107905397309519,1,IC50,ACC2,CHEMBL4829
CC(=O)N[C@@H](C)c1ccc(C2CN(c3ccc4c(c3)OCCO4)C2)cc1,6.769551078621726,1,IC50,ACC2,CHEMBL4829
CC(=O)N[C@@H](C)c1ccc(C2CN(c3cccc(C(F)(F)F)n3)C2)cc1,6.327902142064282,1,IC50,ACC2,CHEMBL4829
CC(=O)N[C@@H](C)c1ccc(C2CN(c3ccnc(N4CCOCC4)n3)C2)cc1,5.043831569524636,1,IC50,ACC2,CHEMBL4829
CC(=O)N[C@@H](C)c1ccc(C2CN(c3ccnc(OCC(F)F)c3)C2)cc1,5.913640169325252,1,IC50,ACC2,CHEMBL4829
CC(=O)N[C@@H](C)c1ccc(C2CN(c3ccnc(OCC4CC4(F)F)c3F)C2)cc1,5.829827525235928,2,IC50,ACC2,CHEMBL4829
CC(=O)N[C@@H](C)c1ccc(C2CN(c3ccnc(OCC4CC4)c3)C2)cc1,5.798602875679549,1,IC50,ACC2,CHEMBL4829
CC(=O)N[C@@H](C)c1ccc(C2CN(c3nc(N(C)C)ncc3F)C2)cc1,5.995678626217357,1,IC50,ACC2,CHEMBL4829
CC(=O)N[C@@H](C)c1ccc(C2CN(c3nc(N(C)CC(F)F)ncc3F)C2)cc1,5.739928612014925,1,IC50,ACC2,CHEMBL4829
CC(=O)N[C@@H](C)c1ccc(C2CN(c3ncc(C(F)(F)F)cn3)C2)cc1,6.070581074285707,1,IC50,ACC2,CHEMBL4829
CC(=O)N[C@@H](C)c1ccc(C2CN(c3ncc(C4CC4)cn3)C2)cc1,6.376750709602099,1,IC50,ACC2,CHEMBL4829
CC(=O)N[C@@H](C)c1ccc(C2CN(c3ncc(OCC4CC4(F)F)cc3F)C2)cc1,6.7447274948966935,1,IC50,ACC2,CHEMBL4829
CC(=O)N[C@@H](C)c1ccc(C2CN(c3ncc(OCC4CC4(F)F)cn3)C2)cc1,6.7447274948966935,2,IC50,ACC2,CHEMBL4829
CC(=O)N[C@@H](C)c1ccc(C2CN(c3ncc4nc(-c5ccccc5)oc4n3)C2)cc1,6.468521082957745,1,IC50,ACC2,CHEMBL4829
CC(=O)N[C@@H](C)c1ccc(C2CN(c3ncc4nc(-c5ccsc5)oc4n3)C2)cc1,6.161150909262744,1,IC50,ACC2,CHEMBL4829
CC(=O)N[C@@H](C)c1ccc(C2CN(c3ncnc(OCC4CC4(F)F)c3F)C2)cc1,6.267606240177031,1,IC50,ACC2,CHEMBL4829
CC(=O)N[C@@H](C)c1ccc(C2CN(c3ncnc(OCC4CC4)c3Cl)C2)cc1,6.42021640338319,1,IC50,ACC2,CHEMBL4829
CC(=O)N[C@@H](C)c1ccc(C2CN(c3ncnc(OCC4CC4)c3F)C2)cc1,6.3979400086720375,1,IC50,ACC2,CHEMBL4829
CC(=O)N[C@@H](C)c1ccc(C2CN(c3nnc(-c4ccccc4)s3)C2)cc1,5.110138278741811,1,IC50,ACC2,CHEMBL4829
CC(=O)N[C@@H](C)c1ccc(OC2CN(c3c(F)cc(OC4CC4)cc3F)C2)cc1,6.886056647693163,1,IC50,ACC2,CHEMBL4829
CC(=O)N[C@@H](C)c1ccc(OC2CN(c3cc(Br)ccn3)C2)cc1,5.7447274948966935,1,IC50,ACC2,CHEMBL4829
CC(=O)N[C@@H](C)c1ccc(OC2CN(c3cc(C(F)(F)F)cc(C)n3)C2)cc1,5.399027104313252,1,IC50,ACC2,CHEMBL4829
CC(=O)N[C@@H](C)c1ccc(OC2CN(c3cc(C(F)(F)F)ccn3)C2)cc1,6.113509274827518,1,IC50,ACC2,CHEMBL4829
CC(=O)N[C@@H](C)c1ccc(OC2CN(c3cc(C(F)(F)F)ncn3)C2)cc1,5.213958789757446,1,IC50,ACC2,CHEMBL4829
CC(=O)N[C@@H](C)c1ccc(OC2CN(c3cc(Cl)ccn3)C2)cc1,5.459670525209127,1,IC50,ACC2,CHEMBL4829
CC(=O)N[C@@H](C)c1ccc(OC2CN(c3cc(N(C)CC4CC4)ncn3)C2)cc1,5.3851027839668655,1,IC50,ACC2,CHEMBL4829
CC(=O)N[C@@H](C)c1ccc(OC2CN(c3cc(OC(C)C)ncn3)C2)cc1,4.97469413473523,1,IC50,ACC2,CHEMBL4829
CC(=O)N[C@@H](C)c1ccc(OC2CN(c3cc(OC4CCC4)ncn3)C2)cc1,5.494850021680094,1,IC50,ACC2,CHEMBL4829
CC(=O)N[C@@H](C)c1ccc(OC2CN(c3cc(OCC4CC4)ncn3)C2)cc1,5.621602099051863,1,IC50,ACC2,CHEMBL4829
CC(=O)N[C@@H](C)c1ccc(OC2CN(c3cc4c(cc3F)OCCCO4)C2)cc1,6.119186407719209,1,IC50,ACC2,CHEMBL4829
CC(=O)N[C@@H](C)c1ccc(OC2CN(c3cc4c(cc3F)OCCO4)C2)cc1,6.130768280269024,1,IC50,ACC2,CHEMBL4829
CC(=O)N[C@@H](C)c1ccc(OC2CN(c3ccc(-c4ccccc4)cn3)C2)cc1,6.619788758288394,1,IC50,ACC2,CHEMBL4829
CC(=O)N[C@@H](C)c1ccc(OC2CN(c3ccc(Br)c(C#N)n3)C2)cc1,5.954677021213342,1,IC50,ACC2,CHEMBL4829
CC(=O)N[C@@H](C)c1ccc(OC2CN(c3ccc(Br)cn3)C2)cc1,6.537602002101044,1,IC50,ACC2,CHEMBL4829
CC(=O)N[C@@H](C)c1ccc(OC2CN(c3ccc(C(C)C)cn3)C2)cc1,5.610833915635467,1,IC50,ACC2,CHEMBL4829
CC(=O)N[C@@H](C)c1ccc(OC2CN(c3ccc(C(F)(F)F)cc3C#N)C2)cc1,5.55129368009492,1,IC50,ACC2,CHEMBL4829
CC(=O)N[C@@H](C)c1ccc(OC2CN(c3ccc(C(F)(F)F)cn3)C2)cc1,6.698970004336019,1,IC50,ACC2,CHEMBL4829
CC(=O)N[C@@H](C)c1ccc(OC2CN(c3ccc(C4(C#N)CC4)cn3)C2)cc1,5.97469413473523,1,IC50,ACC2,CHEMBL4829
CC(=O)N[C@@H](C)c1ccc(OC2CN(c3ccc(Cl)c(C(F)(F)F)n3)C2)cc1,7.0,1,IC50,ACC2,CHEMBL4829
CC(=O)N[C@@H](C)c1ccc(OC2CN(c3ccc(F)c(C(F)(F)F)n3)C2)cc1,6.537602002101044,1,IC50,ACC2,CHEMBL4829
CC(=O)N[C@@H](C)c1ccc(OC2CN(c3ccc(OC4CC4)cc3C)C2)cc1,6.6020599913279625,1,IC50,ACC2,CHEMBL4829
CC(=O)N[C@@H](C)c1ccc(OC2CN(c3ccc(OC4CC4)cc3F)C2)cc1,6.958607314841775,1,IC50,ACC2,CHEMBL4829
CC(=O)N[C@@H](C)c1ccc(OC2CN(c3ccc(OC4CC4)cc3OC3CC3)C2)cc1,5.211831628858832,1,IC50,ACC2,CHEMBL4829
CC(=O)N[C@@H](C)c1ccc(OC2CN(c3ccc(OC4CCC4)cc3C#N)C2)cc1,6.769551078621726,1,IC50,ACC2,CHEMBL4829
CC(=O)N[C@@H](C)c1ccc(OC2CN(c3ccc(OCC4CC4(F)F)cc3F)C2)cc1,7.3979400086720375,1,IC50,ACC2,CHEMBL4829
CC(=O)N[C@@H](C)c1ccc(OC2CN(c3ccc(OCC4CC4)cc3)C2)cc1,7.154901959985743,1,IC50,ACC2,CHEMBL4829
CC(=O)N[C@@H](C)c1ccc(OC2CN(c3ccc(OCC4CC4)cc3)C2)cn1,5.690369832574101,1,IC50,ACC2,CHEMBL4829
CC(=O)N[C@@H](C)c1ccc(OC2CN(c3ccc(OCC4CC4)cc3C#N)C2)cc1,6.3979400086720375,1,IC50,ACC2,CHEMBL4829
CC(=O)N[C@@H](C)c1ccc(OC2CN(c3ccc(OCC4CC4)cc3F)C2)cc1,7.221848749616356,1,IC50,ACC2,CHEMBL4829
CC(=O)N[C@@H](C)c1ccc(OC2CN(c3ccc(OCC4CC4)nc3)C2)cc1,6.055517327849831,1,IC50,ACC2,CHEMBL4829
CC(=O)N[C@@H](C)c1ccc(OC2CN(c3ccc(OCC4CC4)nc3C#N)C2)cc1,6.187086643357144,1,IC50,ACC2,CHEMBL4829
CC(=O)N[C@@H](C)c1ccc(OC2CN(c3ccc4c(c3)OC(F)(F)O4)C2)cc1,6.130768280269024,1,IC50,ACC2,CHEMBL4829
CC(=O)N[C@@H](C)c1ccc(OC2CN(c3ccc4c(c3)OCC(C)(C)CO4)C2)cc1,6.853871964321762,1,IC50,ACC2,CHEMBL4829
CC(=O)N[C@@H](C)c1ccc(OC2CN(c3ccc4c(c3)OCCCC4(C)C)C2)cc1,6.721246399047171,1,IC50,ACC2,CHEMBL4829
CC(=O)N[C@@H](C)c1ccc(OC2CN(c3ccc4c(c3)OCCCO4)C2)cc1,6.346787486224656,1,IC50,ACC2,CHEMBL4829
CC(=O)N[C@@H](C)c1ccc(OC2CN(c3ccc4c(c3)OCCO4)C2)cc1,6.920818753952375,1,IC50,ACC2,CHEMBL4829
CC(=O)N[C@@H](C)c1ccc(OC2CN(c3ccc4cc(Cl)ccc4n3)C2)cc1,6.161150909262744,1,IC50,ACC2,CHEMBL4829
CC(=O)N[C@@H](C)c1ccc(OC2CN(c3ccc4ccccc4n3)C2)cc1,5.690369832574101,1,IC50,ACC2,CHEMBL4829
CC(=O)N[C@@H](C)c1ccc(OC2CN(c3ccc4oc(-c5ccccc5)nc4c3)C2)cc1,5.790484985457369,1,IC50,ACC2,CHEMBL4829
CC(=O)N[C@@H](C)c1ccc(OC2CN(c3ccc4oc(C)nc4c3)C2)cc1,5.756961951313706,1,IC50,ACC2,CHEMBL4829
CC(=O)N[C@@H](C)c1ccc(OC2CN(c3cccc(C(F)(F)F)c3)C2)cc1,6.823908740944319,1,IC50,ACC2,CHEMBL4829
CC(=O)N[C@@H](C)c1ccc(OC2CN(c3cccc(C(F)(F)F)n3)C2)cc1,6.3872161432802645,1,IC50,ACC2,CHEMBL4829
CC(=O)N[C@@H](C)c1ccc(OC2CN(c3cccc(OC(C)C)c3)C2)cc1,6.050609993355087,1,IC50,ACC2,CHEMBL4829
CC(=O)N[C@@H](C)c1ccc(OC2CN(c3cccc(OC4CCCC4)c3)C2)cc1,6.107905397309519,1,IC50,ACC2,CHEMBL4829
CC(=O)N[C@@H](C)c1ccc(OC2CN(c3cccc(OCC(C)C)c3)C2)cc1,5.94692155651658,1,IC50,ACC2,CHEMBL4829
CC(=O)N[C@@H](C)c1ccc(OC2CN(c3cccc(OCC4CC4(F)F)c3)C2)cc1,5.903089986991944,1,IC50,ACC2,CHEMBL4829
CC(=O)N[C@@H](C)c1ccc(OC2CN(c3cccc(OCC4CC4)c3)C2)cc1,5.84163750790475,1,IC50,ACC2,CHEMBL4829
CC(=O)N[C@@H](C)c1ccc(OC2CN(c3ccnc(C(F)(F)F)c3)C2)cc1,5.931814138253838,1,IC50,ACC2,CHEMBL4829
CC(=O)N[C@@H](C)c1ccc(OC2CN(c3ccnc(C(F)(F)F)n3)C2)cc1,6.142667503568731,1,IC50,ACC2,CHEMBL4829
CC(=O)N[C@@H](C)c1ccc(OC2CN(c3ccnc(N(C)CC4CC4)n3)C2)cc1,6.154901959985743,1,IC50,ACC2,CHEMBL4829
CC(=O)N[C@@H](C)c1ccc(OC2CN(c3ccnc(OC(C)C)c3)C2)cc1,5.686132779630847,1,IC50,ACC2,CHEMBL4829
CC(=O)N[C@@H](C)c1ccc(OC2CN(c3ccnc(Oc4ccccc4)c3)C2)cc1,5.3872161432802645,1,IC50,ACC2,CHEMBL4829
CC(=O)N[C@@H](C)c1ccc(OC2CN(c3ccnc(Oc4cncnc4)c3)C2)cc1,4.973466735476703,1,IC50,ACC2,CHEMBL4829
CC(=O)N[C@@H](C)c1ccc(OC2CN(c3cnc(NC4CCC4)nc3)C2)cc1,6.7447274948966935,1,IC50,ACC2,CHEMBL4829
CC(=O)N[C@@H](C)c1ccc(OC2CN(c3cnc4ccccc4n3)C2)cc1,6.443697499232712,1,IC50,ACC2,CHEMBL4829
CC(=O)N[C@@H](C)c1ccc(OC2CN(c3cncc(C(F)(F)F)c3)C2)cc1,5.978810700930062,1,IC50,ACC2,CHEMBL4829
CC(=O)N[C@@H](C)c1ccc(OC2CN(c3nc(-c4ccccc4)no3)C2)cc1,5.458420756053419,1,IC50,ACC2,CHEMBL4829
CC(=O)N[C@@H](C)c1ccc(OC2CN(c3nc(C(F)(F)F)ccc3F)C2)cc1,6.275724130399211,1,IC50,ACC2,CHEMBL4829
CC(=O)N[C@@H](C)c1ccc(OC2CN(c3nc4ccccc4nc3C)C2)cc1,5.515700160653214,1,IC50,ACC2,CHEMBL4829
CC(=O)N[C@@H](C)c1ccc(OC2CN(c3nc4ccccc4o3)C2)cc1,6.318758762624412,1,IC50,ACC2,CHEMBL4829
CC(=O)N[C@@H](C)c1ccc(OC2CN(c3nc4ccccc4s3)C2)cc1,6.6020599913279625,1,IC50,ACC2,CHEMBL4829
CC(=O)N[C@@H](C)c1ccc(OC2CN(c3ncc(-c4ccc(F)cc4)cn3)C2)cc1,7.045757490560675,1,IC50,ACC2,CHEMBL4829
CC(=O)N[C@@H](C)c1ccc(OC2CN(c3ncc(Br)cc3F)C2)cc1,6.2441251443275085,1,IC50,ACC2,CHEMBL4829
CC(=O)N[C@@H](C)c1ccc(OC2CN(c3ncc(Br)cn3)C2)cc1,6.6777807052660805,1,IC50,ACC2,CHEMBL4829
CC(=O)N[C@@H](C)c1ccc(OC2CN(c3ncc(C(C)(C)C)cn3)C2)cc1,6.2441251443275085,1,IC50,ACC2,CHEMBL4829
CC(=O)N[C@@H](C)c1ccc(OC2CN(c3ncc(C(F)(F)F)cc3F)C2)cc1,6.721246399047171,1,IC50,ACC2,CHEMBL4829
CC(=O)N[C@@H](C)c1ccc(OC2CN(c3ncc(C)cn3)C2)cc1,5.661543506395395,1,IC50,ACC2,CHEMBL4829
CC(=O)N[C@@H](C)c1ccc(OC2CN(c3ncc(C4CC4)cn3)C2)cc1,6.769551078621726,1,IC50,ACC2,CHEMBL4829
CC(=O)N[C@@H](C)c1ccc(OC2CN(c3ncc(Cl)cn3)C2)cc1,6.373088780645963,2,IC50,ACC2,CHEMBL4829
CC(=O)N[C@@H](C)c1ccc(OC2CN(c3ncc(OC(C)C)cn3)C2)cc1,6.026872146400301,1,IC50,ACC2,CHEMBL4829
CC(=O)N[C@@H](C)c1ccc(OC2CN(c3ncc(OCC4CC4(F)F)cn3)C2)cc1,6.275724130399211,1,IC50,ACC2,CHEMBL4829
CC(=O)N[C@@H](C)c1ccc(OC2CN(c3ncc4nc(-c5ccccc5)oc4n3)C2)cc1,5.928117992693874,1,IC50,ACC2,CHEMBL4829
CC(=O)N[C@@H](C)c1ccc(OC2CN(c3ncc4nc(-c5ccsc5)oc4n3)C2)cc1,4.87484417041947,1,IC50,ACC2,CHEMBL4829
CC(=O)N[C@@H](C)c1ccc(OC2CN(c3nccc(C(F)(F)F)c3F)C2)cc1,6.431798275933005,1,IC50,ACC2,CHEMBL4829
CC(=O)N[C@@H](C)c1ccc(OC2CN(c3nccc(C(F)(F)F)n3)C2)cc1,6.327902142064282,1,IC50,ACC2,CHEMBL4829
CC(=O)N[C@@H](C)c1ccc(OC2CN(c3nccc4ccccc34)C2)cc1,5.20551195334083,1,IC50,ACC2,CHEMBL4829
CC(=O)N[C@@H](C)c1ccc(OC2CN(c3nnc(-c4ccccc4)s3)C2)cc1,5.417936637088291,1,IC50,ACC2,CHEMBL4829
CC(=O)N[C@@H](C)c1ccc(OC2CN(c3noc4ccccc34)C2)cc1,6.1249387366083,1,IC50,ACC2,CHEMBL4829
CC(=O)N[C@@H](C)c1ccc(O[C@@H]2CCN(c3nc(N(C)C)ncc3F)C2)cc1,7.096910013008056,1,IC50,ACC2,CHEMBL4829
CC(=O)N[C@@H](C)c1nc(-c2ccc(Oc3ccc(Oc4ccccc4)cc3)cc2)no1,7.795880017344075,1,IC50,ACC2,CHEMBL4829
CC(=O)N[C@@H](C)c1nc(-c2ccc(Oc3ccccc3)cc2)no1,6.657577319177793,1,IC50,ACC2,CHEMBL4829
CC(=O)N[C@H](C)CCc1ccc(Oc2ccc(OC(C)C)nc2)cc1,5.107905397309519,1,IC50,ACC2,CHEMBL4829
CC(=O)N[C@H](C)c1cc(-c2cnc(Oc3ccc(OC(C)C)cc3)s2)no1,6.200659450546418,1,IC50,ACC2,CHEMBL4829
CC(=O)N[C@H](C)c1nc(-c2ccc(Oc3ccc(Oc4ccccc4)cc3)cc2)no1,5.1249387366083,1,IC50,ACC2,CHEMBL4829
CC(=O)Nc1cc(C(=O)N[C@@H](C)c2ccc(C3CN(c4ccc(OCC5CC5)cc4)C3)cc2)ccn1,6.107905397309519,1,IC50,ACC2,CHEMBL4829
CC(=O)Nc1cc(C(=O)N[C@@H](C)c2ccc(C3CN(c4ccc5c(c4)OCCO5)C3)cc2)ccn1,5.619788758288394,1,IC50,ACC2,CHEMBL4829
CC(=O)Nc1cccc(C(=O)N[C@@H](C)c2ccc(C3CN(c4ccc(OCC5CC5)cc4)C3)cc2)c1,5.6595558851598815,1,IC50,ACC2,CHEMBL4829
CC(=O)Nc1cncc(C(=O)NC(C)Cc2ccc(C3CN(c4ccc(OCC5CC5)cc4)C3)cc2)c1,5.761953896871205,1,IC50,ACC2,CHEMBL4829
CC(=O)Nc1cncc(C(=O)N[C@@H](C)c2ccc(C3CN(c4ccc(OCC5CC5)cc4)C3)cc2)c1,5.661543506395395,1,IC50,ACC2,CHEMBL4829
CC(=O)Nc1nc(C(=O)N[C@@H](C)c2ccc(C3CN(c4ccc(OCC5CC5)cc4)C3)cc2)co1,5.627087997029893,1,IC50,ACC2,CHEMBL4829
CC(=O)Nc1nc(C(=O)N[C@@H](C)c2ccc(C3CN(c4ccc(OCC5CC5)cc4)C3)cc2)cs1,5.785156151952302,1,IC50,ACC2,CHEMBL4829
CC(=O)Nc1nc(C)c(C(=O)NC(C)Cc2ccc(C3CN(c4ccc(OCC5CC5)cc4)C3)cc2)s1,5.978810700930062,1,IC50,ACC2,CHEMBL4829
CC(=O)Nc1nc(C)c(C(=O)N[C@@H](C)c2ccc(C3CN(c4ccc(OCC5CC5)cc4)C3)cc2)s1,6.6020599913279625,1,IC50,ACC2,CHEMBL4829
CC(=O)Nc1nc(C)c(C(=O)N[C@@H](C)c2ccc(C3CN(c4ccc5c(c4)OCCO5)C3)cc2)s1,5.7055337738384075,1,IC50,ACC2,CHEMBL4829
CC(=O)Nc1ncc(C(=O)N[C@@H](C)c2ccc(C3CN(c4ccc(OCC5CC5)cc4)C3)cc2)s1,5.772113295386326,1,IC50,ACC2,CHEMBL4829
CC(=O)Nc1sc2ccccc2c1C(=O)N1CCC(N2CCCC3(C2)CC(C)(C)OC3=O)CC1,7.0,1,IC50,ACC2,CHEMBL4829
CC(C#Cc1cnc(Oc2ccc(OC(C)C)cc2)s1)NC(=O)C1CCCC1,6.2441251443275085,1,IC50,ACC2,CHEMBL4829
CC(C#Cc1cnc(Oc2ccc(OC(C)C)cc2)s1)NC(=O)C1CCOC1,6.657577319177793,1,IC50,ACC2,CHEMBL4829
CC(C#Cc1cnc(Oc2ccc(OC(C)C)cc2)s1)NC(=O)N(C)C,7.1487416512809245,1,IC50,ACC2,CHEMBL4829
CC(C#Cc1cnc(Oc2ccc(OC(C)C)cc2)s1)NC(=O)N1CCOCC1,6.173925197299173,1,IC50,ACC2,CHEMBL4829
CC(C#Cc1cnc(Oc2ccc(OC(C)C)cc2)s1)NC(=O)NCC(N)=O,6.036212172654444,1,IC50,ACC2,CHEMBL4829
CC(C#Cc1cnc(Oc2ccc(OC(C)C)cc2)s1)NC(=O)NO,6.481486060122112,1,IC50,ACC2,CHEMBL4829
CC(C#Cc1cnc(Oc2ccc(OC(C)C)cc2)s1)NC(=O)ON,6.167491087293763,1,IC50,ACC2,CHEMBL4829
CC(C#Cc1cnc(Oc2ccc(OC(C)C)cc2)s1)NC(N)=O,7.431798275933005,1,IC50,ACC2,CHEMBL4829
CC(C#Cc1cnc(Oc2ccc(Oc3ccccc3)cc2)s1)N(O)C(N)=O,7.110924374808178,2,IC50,ACC2,CHEMBL4829
CC(C#Cc1cnc(Oc2ccc(Oc3ccccc3)cc2)s1)NC(N)=O,7.585026652029182,1,IC50,ACC2,CHEMBL4829
CC(C#Cc1cnc(Oc2ccc(Oc3ccccc3)cc2)s1)Nc1ccon1,7.376750709602099,1,IC50,ACC2,CHEMBL4829
CC(C#Cc1cnc(Oc2ccc(Oc3ccccc3)cc2)s1)Nc1ncc[nH]1,5.400116927926312,1,IC50,ACC2,CHEMBL4829
CC(C#Cc1cnc(Oc2ccc(Oc3ccccc3)cc2)s1)Nc1nccs1,6.161150909262744,1,IC50,ACC2,CHEMBL4829
CC(C#N)C(=O)N[C@@H](C)c1ccc(C2CN(c3ccc(OCC4CC4)cc3)C2)cc1,5.917214629683549,1,IC50,ACC2,CHEMBL4829
CC(C(=O)N[C@@H](C)c1ccc(C2CN(c3ccc(OCC4CC4)cc3)C2)cc1)C(F)(F)F,5.568636235841012,1,IC50,ACC2,CHEMBL4829
CC(C)(C)OC(=O)NC[C@H]1CC[C@@H](CNC(=O)c2cc(-c3ccccc3)nc3ccccc23)CC1,6.0,1,IC50,ACC2,CHEMBL4829
CC(C)(C)OC(=O)NC[C@H]1CC[C@H](CNC(=O)c2cc(-c3ccc(C(=O)O)cc3)nc3ccccc23)CC1,6.1249387366083,1,IC50,ACC2,CHEMBL4829
CC(C)(C)OC(=O)NC[C@H]1CC[C@H](CNC(=O)c2cc(-c3ccc(CN)cc3)nc3ccccc23)CC1,6.481486060122112,1,IC50,ACC2,CHEMBL4829
CC(C)(C)OC(=O)NC[C@H]1CC[C@H](CNC(=O)c2cc(-c3cccc(CN)c3)nc3ccccc23)CC1,7.2839966563652006,1,IC50,ACC2,CHEMBL4829
CC(C)(C)OC(=O)NC[C@H]1CC[C@H](CNC(=O)c2cc(-c3ccccc3)nc3[nH]ccc23)CC1,6.107905397309519,1,IC50,ACC2,CHEMBL4829
CC(C)(C)OC(=O)NC[C@H]1CC[C@H](CNC(=O)c2cc(-c3ccccc3)nc3ccccc23)CC1,6.6777807052660805,1,IC50,ACC2,CHEMBL4829
CC(C)(C)OC(=O)NC[C@H]1CC[C@H](CNC(=O)c2cc(-c3ccncc3)nc3ccccc23)CC1,6.6777807052660805,1,IC50,ACC2,CHEMBL4829
CC(C)(C)OC(=O)NC[C@H]1CC[C@H](CNC(=O)c2cc(-c3cn[nH]c3)nc3ccccc23)CC1,6.2441251443275085,1,IC50,ACC2,CHEMBL4829
CC(C)(C)OC(=O)NC[C@H]1CC[C@H](CNC(=O)c2cc(Cl)nc3ccccc23)CC1,5.42021640338319,1,IC50,ACC2,CHEMBL4829
CC(C)(C)OC(=O)NC[C@H]1CC[C@H](CNC(=O)c2cc(N3CCC(CCN)CC3)nc3ccccc23)CC1,7.050609993355087,1,IC50,ACC2,CHEMBL4829
CC(C)(C)OC(=O)NC[C@H]1CC[C@H](CNC(=O)c2cc(N3CCC(CCN4CC(O)C4)CC3)nc3ccccc23)CC1,7.00436480540245,1,IC50,ACC2,CHEMBL4829
CC(C)(C)OC(=O)NC[C@H]1CC[C@H](CNC(=O)c2cc(N3CCC(CCO)CC3)nc3ccccc23)CC1,6.638272163982407,1,IC50,ACC2,CHEMBL4829
CC(C)(C)OC(=O)NC[C@H]1CC[C@H](CNC(=O)c2cc(N3CCC(CN)CC3)nc3ccccc23)CC1,6.161150909262744,1,IC50,ACC2,CHEMBL4829
CC(C)(C)OC(=O)NC[C@H]1CC[C@H](CNC(=O)c2cc(N3CCNCC3)nc3ccccc23)CC1,5.886056647693163,1,IC50,ACC2,CHEMBL4829
CC(C)(C)OC(=O)NC[C@H]1CC[C@H](CNC(=O)c2ccnc(-c3ccccc3)c2)CC1,5.346787486224656,1,IC50,ACC2,CHEMBL4829
CC(C)(C)OC(=O)NC[C@H]1CC[C@H](CNS(=O)(=O)c2cc(-c3ccccc3)nc3ccccc23)CC1,6.161150909262744,1,IC50,ACC2,CHEMBL4829
CC(C)(C)OC(=O)NC[C@H]1CC[C@H](CNS(=O)(=O)c2ccc3ccccc3c2)CC1,5.6020599913279625,1,IC50,ACC2,CHEMBL4829
CC(C)(C)n1cc2c(n1)C(=O)C(C)(C)C1(CCN(C(=O)c3ccc4[nH]ncc4c3)CC1)O2,5.958607314841775,1,IC50,ACC2,CHEMBL4829
CC(C)(C)n1cc2c(n1)C(=O)CC1(CCN(C(=O)c3ccc4[nH]cnc4c3)CC1)O2,7.958607314841775,1,IC50,ACC2,CHEMBL4829
CC(C)(C)n1cc2c(n1)C(=O)CC1(CCN(C(=O)c3ccc4[nH]ncc4c3)CC1)O2,7.989127079716426,3,IC50,ACC2,CHEMBL4829
CC(C)(C)n1cc2c(n1)C(=O)NC1(CCN(C(=O)c3ccc4[nH]cc(Cl)c4c3)CC1)C2,8.167491087293763,1,IC50,ACC2,CHEMBL4829
CC(C)(C)n1cc2c(n1)C(=O)NC1(CCN(C(=O)c3ccc4[nH]nc(C(F)(F)F)c4c3)CC1)C2,7.721246399047171,1,IC50,ACC2,CHEMBL4829
CC(C)(C)n1cc2c(n1)C(=O)NC1(CCN(C(=O)c3ccc4[nH]nc(Cl)c4c3)CC1)C2,8.173925197299173,1,IC50,ACC2,CHEMBL4829
CC(C)(C)n1cc2c(n1)C(=O)NC1(CCN(C(=O)c3ccc4[nH]ncc4c3)CC1)C2,7.119186407719209,1,IC50,ACC2,CHEMBL4829
CC(C)(C)n1cc2c(n1)C(=O)NC1(CCN(C(=O)c3ccc4c(Cl)c[nH]c4c3)CC1)C2,8.522878745280337,1,IC50,ACC2,CHEMBL4829
CC(C)(C)n1cc2c(n1)C(=O)NC1(CCN(C(=O)c3cnc4c(Cl)c[nH]c4c3)CC1)C2,8.301029995663981,1,IC50,ACC2,CHEMBL4829
CC(C)(C)n1ncc2c1C(=O)CC1(CCN(C(=O)c3ccc4[nH]ncc4c3)CC1)C2,7.769551078621726,1,IC50,ACC2,CHEMBL4829
CC(C)C(=O)N[C@@H](C)c1ccc(C2CN(c3ccc(OCC4CC4)cc3)C2)cc1,5.75448733218585,1,IC50,ACC2,CHEMBL4829
CC(C)CONC(=O)NC(C)C#Cc1cnc(Oc2ccc(OC(C)C)cc2)s1,4.688458041598805,1,IC50,ACC2,CHEMBL4829
CC(C)Oc1ccc(C2=NC(CSc3nc4ncccc4o3)CO2)cc1,5.552841968657781,2,IC50,ACC2,CHEMBL4829
CC(C)Oc1ccc(Oc2ccc(CC[C@H](C)NC(=O)C3CC3)cc2)cn1,7.096910013008056,2,IC50,ACC2,CHEMBL4829
CC(C)n1ncc2c1C(=O)CC1(CCN(C(=O)c3ccc4[nH]c(C(N)=O)cc4c3)CC1)C2,8.537602002101044,1,IC50,ACC2,CHEMBL4829
CC(C)n1ncc2c1C(=O)CC1(CCN(C(=O)c3ccc4[nH]ncc4c3)CC1)C2,7.522878745280337,1,IC50,ACC2,CHEMBL4829
CC(C)n1ncc2c1C(=O)CC1(CCN(C(=O)c3ccc4ccc(N)nc4c3)CC1)C2,8.0,1,IC50,ACC2,CHEMBL4829
CC(C)n1ncc2c1C(=O)CC1(CCN(C(=O)c3cnc4cc[nH]c4c3)CC1)C2,7.638272163982407,1,IC50,ACC2,CHEMBL4829
CC(CCc1ccc(Oc2ccc(OC(C)C)nc2)cc1)NC(=O)C1CC1,6.883501944803923,2,IC50,ACC2,CHEMBL4829
CC(CCc1ccc(Oc2ccc(OC(C)C)nc2)cc1)NC(=O)CO,6.045757490560675,1,IC50,ACC2,CHEMBL4829
CC(CCc1ccc(Oc2ccc(OC(C)C)nc2)cc1)NC(N)=O,6.823908740944319,2,IC50,ACC2,CHEMBL4829
CC(CCc1ccc(Oc2ccc(OC(C)C)nc2)cc1)NC=O,6.173925197299173,2,IC50,ACC2,CHEMBL4829
CC(Cc1ccc(C#Cc2ccc(-c3ccc(F)cc3)cn2)cc1)NC(=O)C1CC1,6.346787486224656,1,IC50,ACC2,CHEMBL4829
CC(Cc1ccc(C#Cc2ccc(C(C)C)cc2)cc1)NC(=O)C1CC1,6.2441251443275085,1,IC50,ACC2,CHEMBL4829
CC(Cc1ccc(C#Cc2ccc(C3CC3)cn2)cc1)NC(=O)C1CC1,5.142667503568731,1,IC50,ACC2,CHEMBL4829
CC(Cc1ccc(C#Cc2ccc(OC(C)(C)C)cc2)cc1)NC(=O)C1CC1,5.698970004336019,1,IC50,ACC2,CHEMBL4829
CC(Cc1ccc(C#Cc2ccc(OC(C)C)nc2)cc1)NC(=O)C1CC1,6.318758762624412,1,IC50,ACC2,CHEMBL4829
CC(Cc1ccc(C#Cc2ccc(OC(F)F)cc2)cc1)NC(=O)C1CC1,5.6777807052660805,1,IC50,ACC2,CHEMBL4829
CC(Cc1ccc(C#Cc2ccc(OC3CCCC3)nc2)cc1)NC(=O)C1CC1,6.638272163982407,1,IC50,ACC2,CHEMBL4829
CC(Cc1ccc(C#Cc2ccc3c(c2)CCO3)cc1)NC(=O)C1CC1,6.130768280269024,1,IC50,ACC2,CHEMBL4829
CC(Cc1ccc(C2CN(c3ccc(OCC4CC4)cc3)C2)cc1)NC(=O)C(C)(F)F,5.838631997765026,1,IC50,ACC2,CHEMBL4829
CC(Cc1ccc(C2CN(c3ccc(OCC4CC4)cc3)C2)cc1)NC(=O)C(C)F,5.600326278518962,1,IC50,ACC2,CHEMBL4829
CC(Cc1ccc(C2CN(c3ccc(OCC4CC4)cc3)C2)cc1)NC(=O)C(F)F,5.5638373529592435,1,IC50,ACC2,CHEMBL4829
CC(Cc1ccc(C2CN(c3ccc(OCC4CC4)cc3)C2)cc1)NC(=O)C1(C#N)CC1,5.58838029403677,1,IC50,ACC2,CHEMBL4829
CC(Cc1ccc(C2CN(c3ccc(OCC4CC4)cc3)C2)cc1)NC(=O)C1(C)CC1,5.913640169325252,1,IC50,ACC2,CHEMBL4829
CC(Cc1ccc(C2CN(c3ccc(OCC4CC4)cc3)C2)cc1)NC(=O)C1CCC1,5.536107011014092,1,IC50,ACC2,CHEMBL4829
CC(Cc1ccc(C2CN(c3ccc(OCC4CC4)cc3)C2)cc1)NC(=O)CCC#N,5.515700160653214,1,IC50,ACC2,CHEMBL4829
CC(Cc1ccc(C2CN(c3ccc(OCC4CC4)cc3)C2)cc1)NC(=O)CF,5.752026733638193,1,IC50,ACC2,CHEMBL4829
CC(Cc1ccc(C2CN(c3ccc(OCC4CC4)cc3)C2)cc1)NC(=O)Cc1cc[nH]c1,5.527243550682788,1,IC50,ACC2,CHEMBL4829
CC(Cc1ccc(C2CN(c3ccc(OCC4CC4)cc3)C2)cc1)NC(=O)c1ccon1,5.769551078621726,1,IC50,ACC2,CHEMBL4829
CC(Cc1ccc(C2CN(c3ccc4c(c3)OCCO4)C2)cc1)NC(=O)C(F)F,5.443697499232712,1,IC50,ACC2,CHEMBL4829
CC(F)C(=O)N[C@@H](C)c1ccc(C2CN(c3ccc(OCC4CC4)cc3)C2)cc1,5.876148359032914,1,IC50,ACC2,CHEMBL4829
CC(F)C(=O)N[C@@H](C)c1ccc(C2CN(c3ccc4c(c3)OCCO4)C2)cc1,5.598599459218455,1,IC50,ACC2,CHEMBL4829
CC(N)C#Cc1cnc(Oc2ccc(Oc3ccccc3)cc2)s1,5.616184634019569,1,IC50,ACC2,CHEMBL4829
CC(O)C#Cc1cnc(Oc2ccc(Oc3ccccc3)cc2)s1,6.221848749616356,1,IC50,ACC2,CHEMBL4829
CC1(C)CC2(CCCN(C3CCN(C(=O)c4c(N)sc5ccccc45)CC3)C2)C(=O)O1,6.1249387366083,1,IC50,ACC2,CHEMBL4829
CC1(C)CC2(CCCN(C3CCN(C(=O)c4c(NC(=O)NC5CCCCC5)sc5ccccc45)CC3)C2)C(=O)O1,7.346787486224656,1,IC50,ACC2,CHEMBL4829
CC1(C)CC2(CCCN(C3CCN(C(=O)c4c(NC(N)=O)sc5ccccc45)CC3)C2)C(=O)O1,7.823908740944319,1,IC50,ACC2,CHEMBL4829
CC1(C)CC2(CCCN(C3CCN(C(=O)c4c5ccccc5cc5ccccc45)CC3)C2)C(=O)O1,7.366531544420414,1,IC50,ACC2,CHEMBL4829
CC1(C)CC2(CCCN(C3CCN(C(=O)c4csc5ccccc45)CC3)C2)C(=O)O1,6.055517327849831,1,IC50,ACC2,CHEMBL4829
CC1C(=O)c2nn(C(C)(C)C)cc2OC12CCN(C(=O)c1ccc3[nH]ncc3c1)CC2,7.1542824239279685,2,IC50,ACC2,CHEMBL4829
CC1CC2(CCCN(C3CCN(C(=O)c4c5ccccc5cc5ccccc45)CC3)C2)C(=O)O1,6.958607314841775,1,IC50,ACC2,CHEMBL4829
CCC(=O)NC(C)C#Cc1cnc(Oc2ccc(OC(C)C)cc2)s1,7.327902142064282,1,IC50,ACC2,CHEMBL4829
CCC(=O)NC(C)Cc1ccc(C2CN(c3ccc(OCC4CC4)cc3)C2)cc1,6.050609993355087,1,IC50,ACC2,CHEMBL4829
CCC(=O)NC(C)Cc1ccc(C2CN(c3ccc4c(c3)OCCO4)C2)cc1,5.504455662453552,1,IC50,ACC2,CHEMBL4829
CCC(=O)N[C@@H](C)c1ccc(C2CN(c3ccc(OCC4CC4)cc3)C2)cc1,6.026872146400301,1,IC50,ACC2,CHEMBL4829
CCC(=O)N[C@@H](C)c1ccc(C2CN(c3ccc4c(c3)OCCO4)C2)cc1,6.0,1,IC50,ACC2,CHEMBL4829
CCC(=O)N[C@@H](C)c1ccc(OC2CN(c3ncc(C4CC4)cn3)C2)cc1,5.958607314841775,1,IC50,ACC2,CHEMBL4829
CCC(C#Cc1cnc(Oc2ccc(OC(C)C)cc2)s1)NC(C)=O,6.275724130399211,1,IC50,ACC2,CHEMBL4829
CCC(C)(C)n1cc2c(n1)C(=O)NC1(CCN(C(=O)c3cc(C)c4[nH]nc(C)c4c3)CC1)C2,8.346787486224656,1,IC50,ACC2,CHEMBL4829
CCC(C)Nc1ncc(N2CC(c3ccc(C(C)NC(C)=O)cc3)C2)cn1,5.681936665037238,1,IC50,ACC2,CHEMBL4829
CCC(C)Oc1ccc(N2CC(Oc3ccc([C@H](C)NC(C)=O)cc3)C2)c(OC)c1,5.636388020107855,1,IC50,ACC2,CHEMBL4829
CCC1=NC2(CCCN(C3CCN(C(=O)c4c(NC(N)=O)sc5ccccc45)CC3)C2)C(=O)N1CC,7.366531544420414,1,IC50,ACC2,CHEMBL4829
CCCC(=O)NC(C)Cc1ccc(C2CN(c3ccc(OCC4CC4)cc3)C2)cc1,5.512861624522813,1,IC50,ACC2,CHEMBL4829
CCCC(=O)N[C@@H](C)c1ccc(OC2CN(c3ccc(OCC)cc3)C2)cc1,5.772113295386326,1,IC50,ACC2,CHEMBL4829
CCCCC(=O)NC(C)c1ccc(-c2ccc(Oc3ccc(OCCC)cc3)nc2)cc1,5.821023052706831,1,IC50,ACC2,CHEMBL4829
CCCCCCOc1ccc(Oc2ccc(-c3noc(C(C)NC(C)=O)n3)cc2)cc1,6.585026652029182,1,IC50,ACC2,CHEMBL4829
CCCCOc1cc(C#Cc2ccc(CC(C)NC(C)=O)cc2)ccn1,6.886056647693163,1,IC50,ACC2,CHEMBL4829
CCCCOc1ccc(C#Cc2ccc(CC(C)NC(C)=O)cc2)nn1,6.055517327849831,1,IC50,ACC2,CHEMBL4829
CCCCn1ccc(C#Cc2ccc(CC(C)NC(C)=O)cc2)cc1=O,5.958607314841775,1,IC50,ACC2,CHEMBL4829
CCCNc1ccc2ccc(C(=O)N3CCC4(CC3)Cc3cn(C(C)(C)C)nc3C(=O)N4)cc2n1,8.769551078621726,1,IC50,ACC2,CHEMBL4829
CCCOc1cc(C#Cc2ccc(CC(C)NC(C)=O)cc2)ccn1,6.886056647693163,1,IC50,ACC2,CHEMBL4829
CCCOc1cc(N2CC(Oc3ccc([C@H](C)NC(C)=O)cc3)C2)ncn1,5.221125527997261,1,IC50,ACC2,CHEMBL4829
CCCOc1cc(N2CC(c3ccc(CC(C)NC(C)=O)cc3)C2)ccn1,6.214670164989233,1,IC50,ACC2,CHEMBL4829
CCCOc1ccc(-c2ccc(-c3noc(CC)n3)cc2)c(C)c1,6.943396115088632,2,IC50,ACC2,CHEMBL4829
CCCOc1ccc(-c2ccc(-c3noc(CC)n3)cc2)cc1,6.2600547778118845,2,IC50,ACC2,CHEMBL4829
CCCOc1ccc(C#Cc2ccc(C(C)(C)CNC(C)=O)cc2)cc1,6.853871964321762,1,IC50,ACC2,CHEMBL4829
CCCOc1ccc(C#Cc2ccc(C(C)(C)CNC(C)=O)cc2)cn1,6.886056647693163,1,IC50,ACC2,CHEMBL4829
CCCOc1ccc(C#Cc2ccc(C(C)(C)NC(C)=O)cc2)c(OC)c1,4.928117992693875,1,IC50,ACC2,CHEMBL4829
CCCOc1ccc(C#Cc2ccc(C(C)(C)NC(C)=O)cc2)cc1,4.6020599913279625,1,IC50,ACC2,CHEMBL4829
CCCOc1ccc(C#Cc2ccc(C(C)NC(C)=O)cc2)c(OC)c1,5.886056647693163,1,IC50,ACC2,CHEMBL4829
CCCOc1ccc(C#Cc2ccc(C(C)NC(C)=O)cc2)cc1,6.6020599913279625,1,IC50,ACC2,CHEMBL4829
CCCOc1ccc(C#Cc2ccc(C(C)NC(C)=O)cc2)cn1,5.920818753952375,1,IC50,ACC2,CHEMBL4829
CCCOc1ccc(C#Cc2ccc(CC(C)NC(=O)C3CC3)cc2)c(OC)c1,6.6020599913279625,1,IC50,ACC2,CHEMBL4829
CCCOc1ccc(C#Cc2ccc(CC(C)NC(=O)C3CC3)cc2)cn1,6.096910013008056,1,IC50,ACC2,CHEMBL4829
CCCOc1ccc(C#Cc2ccc(CC(C)NC(C)=O)cc2)c(C#N)c1,6.769551078621726,1,IC50,ACC2,CHEMBL4829
CCCOc1ccc(C#Cc2ccc(CC(C)NC(C)=O)cc2)c(C(N)=O)c1,5.2839966563652006,1,IC50,ACC2,CHEMBL4829
CCCOc1ccc(C#Cc2ccc(CC(C)NC(C)=O)cc2)c(C)c1,6.958607314841775,1,IC50,ACC2,CHEMBL4829
CCCOc1ccc(C#Cc2ccc(CC(C)NC(C)=O)cc2)c(Cl)c1,7.096910013008056,1,IC50,ACC2,CHEMBL4829
CCCOc1ccc(C#Cc2ccc(CC(C)NC(C)=O)cc2)c(OC)c1,6.795880017344075,1,IC50,ACC2,CHEMBL4829
CCCOc1ccc(C#Cc2ccc(CC(C)NC(C)=O)cc2)cn1,6.552841968657781,1,IC50,ACC2,CHEMBL4829
CCCOc1ccc(C2CCN(c3ccc(C(C)NC(C)=O)cc3F)CC2)c(C)c1,7.221848749616356,1,IC50,ACC2,CHEMBL4829
CCCOc1ccc(N2CC(Oc3ccc(C(C)NC(C)=O)cc3)C2)cn1,6.251811972993799,1,IC50,ACC2,CHEMBL4829
CCCOc1ccc(N2CC(Oc3ccc([C@H](C)NC(=O)C4CC4)cc3)C2)c(OC)c1,5.113509274827518,1,IC50,ACC2,CHEMBL4829
CCCOc1ccc(N2CC(Oc3ccc([C@H](C)NC(=O)C4CC4)cc3)C2)cc1,7.221848749616356,1,IC50,ACC2,CHEMBL4829
CCCOc1ccc(N2CC(Oc3ccc([C@H](C)NC(=O)CF)cc3)C2)c(OC)c1,5.625251653989896,1,IC50,ACC2,CHEMBL4829
CCCOc1ccc(N2CC(Oc3ccc([C@H](C)NC(=O)N(C)C)cc3)C2)c(OC)c1,6.318758762624412,1,IC50,ACC2,CHEMBL4829
CCCOc1ccc(N2CC(Oc3ccc([C@H](C)NC(=O)N(C)C)cc3)C2)cc1,6.721246399047171,1,IC50,ACC2,CHEMBL4829
CCCOc1ccc(N2CC(Oc3ccc([C@H](C)NC(=O)c4cn[nH]c4)cc3)C2)c(OC)c1,5.962573502059376,1,IC50,ACC2,CHEMBL4829
CCCOc1ccc(N2CC(Oc3ccc([C@H](C)NC(=O)c4cncs4)cc3)C2)c(OC)c1,6.366531544420413,1,IC50,ACC2,CHEMBL4829
CCCOc1ccc(N2CC(Oc3ccc([C@H](C)NC(C)=O)cc3)C2)c(C#N)c1,6.236572006437063,1,IC50,ACC2,CHEMBL4829
CCCOc1ccc(N2CC(Oc3ccc([C@H](C)NC(C)=O)cc3)C2)c(C#N)n1,6.522878745280337,1,IC50,ACC2,CHEMBL4829
CCCOc1ccc(N2CC(Oc3ccc([C@H](C)NC(C)=O)cc3)C2)c(C)c1,6.769551078621726,1,IC50,ACC2,CHEMBL4829
CCCOc1ccc(N2CC(Oc3ccc([C@H](C)NC(C)=O)cc3)C2)c(Cl)c1,7.045757490560675,1,IC50,ACC2,CHEMBL4829
CCCOc1ccc(N2CC(Oc3ccc([C@H](C)NC(C)=O)cc3)C2)c(OC)c1,6.721246399047171,1,IC50,ACC2,CHEMBL4829
CCCOc1ccc(N2CC(Oc3ccc([C@H](C)NC(C)=O)cc3)C2)cc1,7.154901959985743,1,IC50,ACC2,CHEMBL4829
CCCOc1ccc(N2CC(Oc3ccc([C@H](C)NC(C)=O)cc3)C2)nc1,7.045757490560675,1,IC50,ACC2,CHEMBL4829
CCCOc1ccc(N2CC(c3ccc(CC(C)NC(C)=O)cc3)C2)c(OC)c1,6.221848749616356,1,IC50,ACC2,CHEMBL4829
CCCOc1ccc(N2CC(c3ccc(CC(C)NC(C)=O)cc3)C2)cc1,6.292429823902063,1,IC50,ACC2,CHEMBL4829
CCCOc1ccc(N2CC(c3ccc(CC(C)NC(C)=O)cc3)C2)cn1,6.045757490560675,1,IC50,ACC2,CHEMBL4829
CCCOc1ccc(N2CC(c3ccc([C@H](C)NC(C)=O)cc3)C2)cc1,6.292429823902063,1,IC50,ACC2,CHEMBL4829
CCCOc1ccc(N2CCN(c3noc(CC)n3)C(C(F)(F)F)C2)c(C)c1,6.779891911959945,1,IC50,ACC2,CHEMBL4829
CCCOc1ccc(N2CCN(c3noc(CC)n3)CC2)c(C)c1,6.650306636478132,2,IC50,ACC2,CHEMBL4829
CCCOc1ccc(N2CCN(c3noc(CC)n3)[C@@H](C(C)C)C2)c(C)c1,6.474955192963154,1,IC50,ACC2,CHEMBL4829
CCCOc1ccc(N2CCN(c3noc(CC)n3)[C@@H](C)C2)c(C(F)(F)F)c1,6.609064892896621,1,IC50,ACC2,CHEMBL4829
CCCOc1ccc(N2CCN(c3noc(CC)n3)[C@@H](C)C2)c(C)c1,7.1487416512809245,1,IC50,ACC2,CHEMBL4829
CCCOc1ccc(N2CCN(c3noc(CC)n3)[C@@H](C)C2)c(Cl)c1,6.61261017366127,1,IC50,ACC2,CHEMBL4829
CCCOc1ccc(N2CCN(c3noc(CC)n3)[C@@H](C)C2)cc1,5.58838029403677,1,IC50,ACC2,CHEMBL4829
CCCOc1ccc(N2CCN(c3noc(CC)n3)[C@@H](CC)C2)c(C)c1,6.636388020107855,1,IC50,ACC2,CHEMBL4829
CCCOc1ccc(N2CCN(c3noc(CC)n3)[C@H](C)C2)c(C)c1,6.7495799976911055,1,IC50,ACC2,CHEMBL4829
CCCOc1ccc(Oc2ccc(-c3ccc(C(C)NC(=O)C(C)C)cc3)cc2)cc1,6.669586226650809,1,IC50,ACC2,CHEMBL4829
CCCOc1ccc(Oc2ccc(-c3ccc(C(C)NC(=O)C(C)C)cc3)cn2)cc1,6.806875401645538,1,IC50,ACC2,CHEMBL4829
CCCOc1ccc(Oc2ccc(-c3ccc(C(C)NC(=O)C(C)O)cc3)cc2)cc1,5.735182176990463,1,IC50,ACC2,CHEMBL4829
CCCOc1ccc(Oc2ccc(-c3ccc(C(C)NC(=O)C4CC4)cc3)cc2)cc1,6.259637310505756,1,IC50,ACC2,CHEMBL4829
CCCOc1ccc(Oc2ccc(-c3ccc(C(C)NC(=O)C4CC4)cc3)cn2)cc1,6.85078088734462,1,IC50,ACC2,CHEMBL4829
CCCOc1ccc(Oc2ccc(-c3ccc(C(C)NC(=O)CC)cc3)cc2)cc1,6.694648630553376,1,IC50,ACC2,CHEMBL4829
CCCOc1ccc(Oc2ccc(-c3ccc(C(C)NC(=O)CC)cc3)cn2)cc1,6.306273051076353,1,IC50,ACC2,CHEMBL4829
CCCOc1ccc(Oc2ccc(-c3ccc(C(C)NC(=O)CCC)cc3)cn2)cc1,7.455931955649724,1,IC50,ACC2,CHEMBL4829
CCCOc1ccc(Oc2ccc(-c3ccc(C(C)NC(=O)COC)cc3)cc2)cc1,6.1438755557577,1,IC50,ACC2,CHEMBL4829
CCCOc1ccc(Oc2ccc(-c3ccc(C(C)NC(=O)COC)cc3)cn2)cc1,6.055024091587953,1,IC50,ACC2,CHEMBL4829
CCCOc1ccc(Oc2ccc(-c3ccc(C(C)NC(=O)OCC)cc3)cc2)cc1,5.508638306165727,1,IC50,ACC2,CHEMBL4829
CCCOc1ccc(Oc2ccc(-c3ccc(C(C)NC(=O)OCC)cc3)cn2)cc1,6.6439741428068775,1,IC50,ACC2,CHEMBL4829
CCCOc1ccc(Oc2ccc(-c3ccc(C(C)NC(=O)c4cn[nH]c4)cc3)cn2)cc1,5.5951662833800615,1,IC50,ACC2,CHEMBL4829
CCCOc1ccc(Oc2ccc(-c3ccc(C(C)NC(C)=O)cc3)cc2)cc1,7.853871964321762,1,IC50,ACC2,CHEMBL4829
CCCOc1ccc(Oc2ccc(-c3ccc(C(C)NC(C)=O)cc3)cn2)cc1,7.7447274948966935,1,IC50,ACC2,CHEMBL4829
CCCOc1ccc(Oc2ccc(-c3ccc([C@@H](C)NC(C)=O)cc3)cn2)cc1,6.1095789811990855,1,IC50,ACC2,CHEMBL4829
CCCOc1ccc(Oc2ccc(-c3ccc([C@H](C)NC(C)=O)cc3)cn2)cc1,8.096910013008056,1,IC50,ACC2,CHEMBL4829
CCCOc1ccc(Oc2ccc(-c3noc(C(C)NC(C)=O)n3)cc2)cc1,6.214670164989233,1,IC50,ACC2,CHEMBL4829
CCCOc1ccc(Oc2ccc(CCC(C)NC(C)=O)cc2)nc1,6.853871964321762,1,IC50,ACC2,CHEMBL4829
CCCOc1ccc(Oc2ncc(C#CC(C)NC(C)=O)s2)c(Cl)c1,7.886056647693163,1,IC50,ACC2,CHEMBL4829
CCCOc1ccc(Oc2ncc(C#CC(C)NC(C)=O)s2)cc1,8.397940008672037,2,IC50,ACC2,CHEMBL4829
CCCOc1cccc(N2CC(Oc3ccc([C@H](C)NC(=O)N(C)C)cc3)C2)c1,5.978810700930062,1,IC50,ACC2,CHEMBL4829
CCCOc1cccc(N2CC(Oc3ccc([C@H](C)NC(C)=O)cc3)C2)c1,5.991399828238082,1,IC50,ACC2,CHEMBL4829
CCCOc1cccc(Oc2ccc(-c3ccc(C(C)NC(=O)c4cn[nH]c4)cc3)cc2)c1,6.215382707367125,1,IC50,ACC2,CHEMBL4829
CCCOc1cccc(Oc2ccc(-c3ccc(C(C)NC(C)=O)cc3)cc2)c1,7.920818753952375,1,IC50,ACC2,CHEMBL4829
CCCOc1ccnc(N2CC(Oc3ccc([C@H](C)NC(C)=O)cc3)C2)c1,5.346787486224656,1,IC50,ACC2,CHEMBL4829
CCCOc1nccc(N2CC(Oc3ccc([C@H](C)NC(C)=O)cc3)C2)n1,5.081969663215119,1,IC50,ACC2,CHEMBL4829
CCCOc1ncnc(N2CC(c3ccc([C@H](C)NC(C)=O)cc3)C2)c1Cl,6.167491087293763,1,IC50,ACC2,CHEMBL4829
CCCS(=O)(=O)Nc1sc2ccccc2c1C(=O)N1CCC(N2CCCC3(C2)CC(C)(C)OC3=O)CC1,6.0,1,IC50,ACC2,CHEMBL4829
CCCc1ccc(C#Cc2ccc(C(C)NC(C)=O)cc2)cc1,6.3872161432802645,1,IC50,ACC2,CHEMBL4829
CCCc1ccc(C#Cc2ccc(CC(C)NC(=O)C3CC3)cc2)cc1,6.337242168318426,1,IC50,ACC2,CHEMBL4829
CCCc1ccc(C#Cc2ccc(CC(C)NC(C)=O)cc2)cc1,6.522878745280337,1,IC50,ACC2,CHEMBL4829
CCCc1ccc(N2CC(Oc3ccc([C@H](C)NC(=O)c4ccncc4)cc3)C2)cc1,5.899629454882437,1,IC50,ACC2,CHEMBL4829
CCCc1ccc(Oc2ccc(-c3ccc(C(C)NC(C)=O)cc3)cc2)cc1,6.943095148663527,1,IC50,ACC2,CHEMBL4829
CCCc1cnc(N2CC(Oc3ccc(C(C)NC(C)=O)cc3)C2)nc1,6.494850021680094,1,IC50,ACC2,CHEMBL4829
CCCc1cnc(N2CC(Oc3ccc([C@H](C)NC(C)=O)cc3)C2)nc1,6.221848749616356,1,IC50,ACC2,CHEMBL4829
CCCc1cnc(N2CC(c3ccc(CC(C)NC(C)=O)cc3)C2)nc1,5.421360790031928,1,IC50,ACC2,CHEMBL4829
CCCn1cc2c(n1)C(=O)CC1(CCN(C(=O)c3cc(C)c4[nH]ncc4c3)CC1)O2,7.346787486224656,1,IC50,ACC2,CHEMBL4829
CCN(CC)C(=O)C1CCCN(C2CCN(C(=O)c3c4ccccc4cc4ccccc34)CC2)C1,6.958607314841775,1,IC50,ACC2,CHEMBL4829
CCN(CC)C(=O)Nc1sc2ccccc2c1C(=O)N1CCC(N2CCCC3(C2)CC(C)(C)OC3=O)CC1,5.920818753952375,1,IC50,ACC2,CHEMBL4829
CCN(CC)C(=O)c1cccc(N2CCN(C(=O)c3c4ccccc4cc4ccccc34)CC2)c1,6.657577319177793,1,IC50,ACC2,CHEMBL4829
CCN1C(=O)C2(CCCN(C3CCN(C(=O)c4c(NC(=O)NC)sc5ccccc45)CC3)C2)C(=O)N1CC,8.09151498112135,1,IC50,ACC2,CHEMBL4829
CCN1C(=O)C2(CCCN(C3CCN(C(=O)c4c(NC(N)=O)sc5ccccc45)CC3)C2)N=C1C,7.1249387366083,1,IC50,ACC2,CHEMBL4829
CCN1C(=O)C2(CCCN(C3CCN(C(=O)c4c(NC(N)=O)sc5ccccc45)CC3)C2)N=C1C(C)C,7.769551078621726,1,IC50,ACC2,CHEMBL4829
CCN1C(=O)CC2(CCCN(C3CCN(C(=O)c4c(NC(N)=O)sc5ccccc45)CC3)C2)C1=O,7.638272163982407,1,IC50,ACC2,CHEMBL4829
CCN1C(=O)OC2(CCCN(C3CCN(C(=O)c4c(NC(N)=O)sc5ccccc45)CC3)C2)C1=O,7.309803919971486,1,IC50,ACC2,CHEMBL4829
CCN1CCC2(CCCN(C3CCN(C(=O)c4c5ccccc5cc5ccccc45)CC3)C2)C1=O,6.853871964321762,1,IC50,ACC2,CHEMBL4829
CCN1CCCC2(CCCN(C3CCN(C(=O)c4c5ccccc5cc5ccccc45)CC3)C2)C1=O,6.552841968657781,1,IC50,ACC2,CHEMBL4829
CCN1Cc2ccc(N3CCN(C(=O)c4c5ccccc5cc5ccccc45)CC3)cc2C1=O,5.096910013008056,1,IC50,ACC2,CHEMBL4829
CCNC(=O)N[C@@H](C)c1ccc(OC2CN(c3ccc(OCC)cc3)C2)cc1,6.356547323513812,1,IC50,ACC2,CHEMBL4829
CCNC(=O)N[C@@H](C)c1ccc(OC2CN(c3ncc(C4CC4)cn3)C2)cc1,5.931814138253838,1,IC50,ACC2,CHEMBL4829
CCNC(=O)Nc1sc2c(OC)cccc2c1C(=O)N1CCC(N2CCCC3(C2)C(=O)N2CCCCN2C3=O)CC1,8.309803919971486,1,IC50,ACC2,CHEMBL4829
CCNC(=O)Nc1sc2cc(C)ccc2c1C(=O)N1CCN(C2CCN(C(=O)C(C)(C)C(F)(F)F)CC2)CC1,7.022276394711152,1,IC50,ACC2,CHEMBL4829
CCNC(=O)Nc1sc2ccccc2c1C(=O)N1CCC(N2CCCC3(C2)C(=O)N(C)N(C)C3=O)CC1,7.698970004336019,1,IC50,ACC2,CHEMBL4829
CCNC(=O)Nc1sc2ccccc2c1C(=O)N1CCC(N2CCCC3(C2)C(=O)N(CC)C(=O)N3C)CC1,7.292429823902063,1,IC50,ACC2,CHEMBL4829
CCNC(=O)Nc1sc2ccccc2c1C(=O)N1CCC(N2CCCC3(C2)C(=O)N2CCCCCCN2C3=O)CC1,8.292429823902063,1,IC50,ACC2,CHEMBL4829
CCNC(=O)Nc1sc2ccccc2c1C(=O)N1CCC(N2CCCC3(C2)C(=O)N2CCCCCN2C3=O)CC1,8.1249387366083,1,IC50,ACC2,CHEMBL4829
CCNC(=O)Nc1sc2ccccc2c1C(=O)N1CCC(N2CCCC3(C2)C(=O)N2CCCCN2C3=O)CC1,7.638272163982407,1,IC50,ACC2,CHEMBL4829
CCNC(=O)Nc1sc2ccccc2c1C(=O)N1CCC(N2CCCC3(C2)C(=O)N2CCCN2C3=O)CC1,7.481486060122112,1,IC50,ACC2,CHEMBL4829
CCNC(=O)Nc1sc2ccccc2c1C(=O)N1CCC(N2CCCC3(C2)CC(C)(C)OC3=O)CC1,7.886056647693163,1,IC50,ACC2,CHEMBL4829
CCNC(=O)Nc1sc2ccccc2c1C(=O)N1CCC(N2CCCC3(C2)NC(=O)N(CC)C3=O)CC1,7.657577319177793,1,IC50,ACC2,CHEMBL4829
CCNC(=O)Nc1sc2ccccc2c1C(=O)N1CCC(N2CCCC3(C2)OC(=O)N(CC)C3=O)CC1,7.3979400086720375,1,IC50,ACC2,CHEMBL4829
CCNC(=O)Nc1sc2ccccc2c1C(=O)N1CCC(N2CCCC3(CC(=O)N(CC)C3=O)C2)CC1,7.494850021680094,1,IC50,ACC2,CHEMBL4829
CCNC(=O)Nc1sc2ccccc2c1C(=O)N1CCC(N2CCCC3(CCN(C)C3=O)C2)CC1,7.1938200260161125,1,IC50,ACC2,CHEMBL4829
CCNC(=O)Nc1sc2ccccc2c1C(=O)N1CCC(N2CCCC3(CCN(CC)C3=O)C2)CC1,7.481486060122112,1,IC50,ACC2,CHEMBL4829
CCNC(=O)Nc1sc2ccccc2c1C(=O)N1CCC(N2CCCC3(CCNC3=O)C2)CC1,7.102372908709558,1,IC50,ACC2,CHEMBL4829
CCNC(=O)Nc1sc2ccccc2c1C(=O)N1CCC(N2CCC[C@@]3(C2)CC(C)(C)OC3=O)CC1,8.267606240177031,2,IC50,ACC2,CHEMBL4829
CCNC(=O)Nc1sc2ccccc2c1C(=O)N1CCC(N2CCC[C@]3(C2)CC(C)(C)OC3=O)CC1,5.795880017344075,1,IC50,ACC2,CHEMBL4829
CCNC(=O)Nc1sc2cccnc2c1C(=O)N1CCC(N2CCCC3(C2)CC(C)(C)OC3=O)CC1,7.568636235841012,1,IC50,ACC2,CHEMBL4829
CCNC(=O)Nc1sc2nc(C)ccc2c1C(=O)N1CCC(N2CCCC3(C2)CC(C)(C)OC3=O)CC1,7.853871964321762,1,IC50,ACC2,CHEMBL4829
CCNC(=O)Nc1sc2nc(C)ccc2c1C(=O)N1CCC(N2CCCC3(C2)N=C(C)N(C(C)C)C3=O)CC1,7.823908740944319,1,IC50,ACC2,CHEMBL4829
CCNC(=O)Nc1sc2nc(C)ccc2c1C(=O)N1CCC(N2CCCC3(C2)NC(=O)N(C(C)C)C3=O)CC1,7.769551078621726,1,IC50,ACC2,CHEMBL4829
CCNC(=O)Nc1sc2nc(C)ccc2c1C(=O)N1CCC(N2CCCC3(C2)OC(=O)N(C(C)C)C3=O)CC1,7.823908740944319,1,IC50,ACC2,CHEMBL4829
CCNC(=O)Nc1sc2nc(C)ccc2c1C(=O)N1CCC(N2CCC[C@]3(CCN(C(C)C)C3=O)C2)CC1,8.045757490560675,1,IC50,ACC2,CHEMBL4829
CCNC(=O)Nc1sc2ncccc2c1C(=O)N1CCC(N2CCCC3(C2)CC(C)(C)OC3=O)CC1,7.795880017344075,1,IC50,ACC2,CHEMBL4829
CCNC(=O)Nc1sc2nccnc2c1C(=O)N1CCC(N2CCCC3(C2)CC(C)(C)OC3=O)CC1,7.431798275933005,1,IC50,ACC2,CHEMBL4829
CCNc1ncc(N2CC(Oc3ccc(C(C)NC(C)=O)cc3)C2)cn1,5.903089986991944,1,IC50,ACC2,CHEMBL4829
CCOC(=O)C1(F)CC1C(=O)NC(C)Cc1ccc(C2CN(c3ccc(OCC4CC4)cc3)C2)cc1,5.638272163982407,1,IC50,ACC2,CHEMBL4829
CCOC(=O)NC[C@H]1CC[C@H](CNC(=O)c2cc(N3CCC(CCN(C)C)CC3)nc3ccccc23)CC1,5.853871964321762,1,IC50,ACC2,CHEMBL4829
CCOC(=O)c1cc(C#N)c(N2CC(Oc3ccc([C@H](C)NC(C)=O)cc3)C2)nc1C(F)(F)F,5.943095148663527,1,IC50,ACC2,CHEMBL4829
CCOC(=O)c1cccc(C#Cc2ccc(CC(C)NC(C)=O)cc2)c1,6.4089353929735005,1,IC50,ACC2,CHEMBL4829
CCOC(=O)c1cnc(N2CC(Oc3ccc([C@H](C)NC(C)=O)cc3)C2)nc1,5.860120913598763,1,IC50,ACC2,CHEMBL4829
CCOC(=O)c1cnc(N2CC(Oc3ccc([C@H](C)NC(C)=O)cc3)C2)nc1C(F)(F)F,5.761953896871205,1,IC50,ACC2,CHEMBL4829
CCOCC(=O)N[C@@H](C)c1ccc(C2CN(c3ccc(OCC4CC4)cc3)C2)cc1,5.58838029403677,1,IC50,ACC2,CHEMBL4829
CCOc1cc(C#Cc2ccc(CC(C)NC(=O)C3CC3)cc2)ccn1,6.161150909262744,1,IC50,ACC2,CHEMBL4829
CCOc1cc(C#Cc2ccc(CC(C)NC(C)=O)cc2)ccn1,6.568636235841012,1,IC50,ACC2,CHEMBL4829
CCOc1cc(C(=O)N2CCC3(CC2)CC(=O)c2nn(CC)c(C)c2O3)cc2c(C)n[nH]c12,7.568636235841012,1,IC50,ACC2,CHEMBL4829
CCOc1cc(C(=O)N2CCC3(CC2)CC(=O)c2nn(CC)c(C)c2O3)cc2c(CC)n[nH]c12,7.7447274948966935,1,IC50,ACC2,CHEMBL4829
CCOc1cc(C)c(N2CCN(c3noc(CC)n3)[C@@H](C)C2)cn1,6.798602875679549,1,IC50,ACC2,CHEMBL4829
CCOc1cc(N2CC(Oc3ccc([C@H](C)NC(C)=O)cc3)C2)c(F)cn1,5.536107011014092,1,IC50,ACC2,CHEMBL4829
CCOc1cc(N2CC(Oc3ccc([C@H](C)NC(C)=O)cc3)C2)ncn1,4.9299621333922445,1,IC50,ACC2,CHEMBL4829
CCOc1ccc(C#Cc2ccc(CC(C)NC(C)=O)cc2)cc1,6.920818753952375,1,IC50,ACC2,CHEMBL4829
CCOc1ccc(C#Cc2ccc(CC(C)NC(C)=O)cc2)cn1,6.552841968657781,1,IC50,ACC2,CHEMBL4829
CCOc1ccc(C#Cc2ccc(CC(C)NC(C)=O)cc2)nn1,5.795880017344075,1,IC50,ACC2,CHEMBL4829
CCOc1ccc(N2CC(Oc3ccc(C(C)NC(C)=O)cc3)C2)cc1,6.698970004336019,1,IC50,ACC2,CHEMBL4829
CCOc1ccc(N2CC(Oc3ccc(CC(C)NC(C)=O)cc3)C2)cc1,5.272458742971444,1,IC50,ACC2,CHEMBL4829
CCOc1ccc(N2CC(Oc3ccc([C@H](C)NC(=O)C(C)(C)OC)cc3)C2)cc1,5.517126416391246,1,IC50,ACC2,CHEMBL4829
CCOc1ccc(N2CC(Oc3ccc([C@H](C)NC(=O)C(C)C)cc3)C2)cc1,6.154901959985743,1,IC50,ACC2,CHEMBL4829
CCOc1ccc(N2CC(Oc3ccc([C@H](C)NC(=O)C4(C#N)CC4)cc3)C2)cc1,6.0,1,IC50,ACC2,CHEMBL4829
CCOc1ccc(N2CC(Oc3ccc([C@H](C)NC(=O)C4(C(F)(F)F)CC4)cc3)C2)cc1,6.522878745280337,1,IC50,ACC2,CHEMBL4829
CCOc1ccc(N2CC(Oc3ccc([C@H](C)NC(=O)C4(C)CC4)cc3)C2)cc1,5.939302159646388,1,IC50,ACC2,CHEMBL4829
CCOc1ccc(N2CC(Oc3ccc([C@H](C)NC(=O)C4CC(C)C4)cc3)C2)cc1,6.119186407719209,1,IC50,ACC2,CHEMBL4829
CCOc1ccc(N2CC(Oc3ccc([C@H](C)NC(=O)C4CC(F)C4)cc3)C2)cc1,6.161150909262744,1,IC50,ACC2,CHEMBL4829
CCOc1ccc(N2CC(Oc3ccc([C@H](C)NC(=O)C4CC(OC)C4)cc3)C2)cc1,6.031517051446064,1,IC50,ACC2,CHEMBL4829
CCOc1ccc(N2CC(Oc3ccc([C@H](C)NC(=O)C4CC4)cc3)C2)cc1,6.853871964321762,1,IC50,ACC2,CHEMBL4829
CCOc1ccc(N2CC(Oc3ccc([C@H](C)NC(=O)C4CC4)cc3)C2)cc1OCC,5.5934598195660445,1,IC50,ACC2,CHEMBL4829
CCOc1ccc(N2CC(Oc3ccc([C@H](C)NC(=O)C4CC=CC4)cc3)C2)cc1,6.455931955649724,1,IC50,ACC2,CHEMBL4829
CCOc1ccc(N2CC(Oc3ccc([C@H](C)NC(=O)C4CCC4)cc3)C2)cc1,6.318758762624412,1,IC50,ACC2,CHEMBL4829
CCOc1ccc(N2CC(Oc3ccc([C@H](C)NC(=O)C4CCOC4)cc3)C2)cc1,5.924453038607469,1,IC50,ACC2,CHEMBL4829
CCOc1ccc(N2CC(Oc3ccc([C@H](C)NC(=O)C4CNC(=O)C4)cc3)C2)cc1,5.2839966563652006,1,IC50,ACC2,CHEMBL4829
CCOc1ccc(N2CC(Oc3ccc([C@H](C)NC(=O)CC#N)cc3)C2)cc1,6.366531544420413,1,IC50,ACC2,CHEMBL4829
CCOc1ccc(N2CC(Oc3ccc([C@H](C)NC(=O)CC(F)(F)F)cc3)C2)cc1,6.130768280269024,1,IC50,ACC2,CHEMBL4829
CCOc1ccc(N2CC(Oc3ccc([C@H](C)NC(=O)CC)cc3)C2)cc1,6.3872161432802645,1,IC50,ACC2,CHEMBL4829
CCOc1ccc(N2CC(Oc3ccc([C@H](C)NC(=O)CC4CC4)cc3)C2)cc1,5.7594507517174005,1,IC50,ACC2,CHEMBL4829
CCOc1ccc(N2CC(Oc3ccc([C@H](C)NC(=O)CCCNC(C)=O)cc3)C2)cc1,5.630784142589857,1,IC50,ACC2,CHEMBL4829
CCOc1ccc(N2CC(Oc3ccc([C@H](C)NC(=O)CCOC)cc3)C2)cc1,5.555955204081924,1,IC50,ACC2,CHEMBL4829
CCOc1ccc(N2CC(Oc3ccc([C@H](C)NC(=O)CF)cc3)C2)cc1,6.173925197299173,1,IC50,ACC2,CHEMBL4829
CCOc1ccc(N2CC(Oc3ccc([C@H](C)NC(=O)CN(C)C)cc3)C2)cc1,5.237321436272564,1,IC50,ACC2,CHEMBL4829
CCOc1ccc(N2CC(Oc3ccc([C@H](C)NC(=O)CO)cc3)C2)cc1,5.554395796726403,1,IC50,ACC2,CHEMBL4829
CCOc1ccc(N2CC(Oc3ccc([C@H](C)NC(=O)COC)cc3)C2)cc1,5.718966632752272,1,IC50,ACC2,CHEMBL4829
CCOc1ccc(N2CC(Oc3ccc([C@H](C)NC(=O)Cc4cccnc4)cc3)C2)cc1,5.404503778174426,1,IC50,ACC2,CHEMBL4829
CCOc1ccc(N2CC(Oc3ccc([C@H](C)NC(=O)N(C)C)cc3)C2)cc1,6.173925197299173,1,IC50,ACC2,CHEMBL4829
CCOc1ccc(N2CC(Oc3ccc([C@H](C)NC(=O)OC)cc3)C2)cc1,6.638272163982407,1,IC50,ACC2,CHEMBL4829
CCOc1ccc(N2CC(Oc3ccc([C@H](C)NC(=O)c4ccc(C)o4)cc3)C2)cc1,5.686132779630847,1,IC50,ACC2,CHEMBL4829
CCOc1ccc(N2CC(Oc3ccc([C@H](C)NC(=O)c4cccc(NC(C)=O)c4)cc3)C2)cc1,5.546681659952963,1,IC50,ACC2,CHEMBL4829
CCOc1ccc(N2CC(Oc3ccc([C@H](C)NC(=O)c4cccnc4)cc3)C2)cc1,5.636388020107855,1,IC50,ACC2,CHEMBL4829
CCOc1ccc(N2CC(Oc3ccc([C@H](C)NC(=O)c4ccnc(NC(C)=O)c4)cc3)C2)cc1,6.275724130399211,1,IC50,ACC2,CHEMBL4829
CCOc1ccc(N2CC(Oc3ccc([C@H](C)NC(=O)c4ccnnc4)cc3)C2)cc1,5.647817481888637,1,IC50,ACC2,CHEMBL4829
CCOc1ccc(N2CC(Oc3ccc([C@H](C)NC(=O)c4ccno4)cc3)C2)cc1,5.962573502059376,1,IC50,ACC2,CHEMBL4829
CCOc1ccc(N2CC(Oc3ccc([C@H](C)NC(=O)c4ccns4)cc3)C2)cc1,6.09151498112135,1,IC50,ACC2,CHEMBL4829
CCOc1ccc(N2CC(Oc3ccc([C@H](C)NC(=O)c4cn[nH]c4)cc3)C2)c(C)c1,7.301029995663981,1,IC50,ACC2,CHEMBL4829
CCOc1ccc(N2CC(Oc3ccc([C@H](C)NC(=O)c4cn[nH]c4)cc3)C2)cc1,7.301029995663981,1,IC50,ACC2,CHEMBL4829
CCOc1ccc(N2CC(Oc3ccc([C@H](C)NC(=O)c4cnc(NC(=O)CO)s4)cc3)C2)cc1,6.431798275933005,1,IC50,ACC2,CHEMBL4829
CCOc1ccc(N2CC(Oc3ccc([C@H](C)NC(=O)c4cnc(NC(C)=O)s4)cc3)C2)cc1,6.259637310505756,1,IC50,ACC2,CHEMBL4829
CCOc1ccc(N2CC(Oc3ccc([C@H](C)NC(=O)c4cnco4)cc3)C2)cc1,6.721246399047171,1,IC50,ACC2,CHEMBL4829
CCOc1ccc(N2CC(Oc3ccc([C@H](C)NC(=O)c4cncs4)cc3)C2)cc1,6.292429823902063,1,IC50,ACC2,CHEMBL4829
CCOc1ccc(N2CC(Oc3ccc([C@H](C)NC(=O)c4csc(NC(C)=O)n4)cc3)C2)cc1,5.500312917381596,1,IC50,ACC2,CHEMBL4829
CCOc1ccc(N2CC(Oc3ccc([C@H](C)NC(=O)c4nc(C)sc4C)cc3)C2)cc1,5.7281583934635005,1,IC50,ACC2,CHEMBL4829
CCOc1ccc(N2CC(Oc3ccc([C@H](C)NC(=O)c4sc(NC(C)=O)nc4C)cc3)C2)cc1,6.769551078621726,1,IC50,ACC2,CHEMBL4829
CCOc1ccc(N2CC(Oc3ccc([C@H](C)NC(C)=O)cc3)C2)c(C#N)n1,5.856985199745905,1,IC50,ACC2,CHEMBL4829
CCOc1ccc(N2CC(Oc3ccc([C@H](C)NC(C)=O)cc3)C2)c(F)c1,6.619788758288394,1,IC50,ACC2,CHEMBL4829
CCOc1ccc(N2CC(Oc3ccc([C@H](C)NC(C)=O)cc3)C2)c(OC)c1,5.723538195826755,1,IC50,ACC2,CHEMBL4829
CCOc1ccc(N2CC(Oc3ccc([C@H](C)NC(C)=O)cc3)C2)cc1,7.045757490560675,1,IC50,ACC2,CHEMBL4829
CCOc1ccc(N2CC(Oc3ccc([C@H](C)NC(C)=O)cc3)C2)nc1,6.568636235841012,1,IC50,ACC2,CHEMBL4829
CCOc1ccc(N2CC(c3ccc(C(C)NC(C)=O)cc3)C2)cc1,5.94692155651658,1,IC50,ACC2,CHEMBL4829
CCOc1ccc(N2CC(c3ccc(CC(C)NC(C)=O)cc3)C2)cc1,6.187086643357144,1,IC50,ACC2,CHEMBL4829
CCOc1ccc(N2CC(c3ccc(CCC(C)NC(C)=O)cc3)C2)cc1,6.3872161432802645,1,IC50,ACC2,CHEMBL4829
CCOc1ccc(N2CCN(c3noc(C(C)(C)NC(C)=O)n3)[C@@H](C)C2)c(C)c1,7.233597340180462,2,IC50,ACC2,CHEMBL4829
CCOc1ccc(N2CCN(c3noc(C(C)(F)F)n3)[C@@H](C)C2)c(C)c1,6.6439741428068775,1,IC50,ACC2,CHEMBL4829
CCOc1ccc(N2CCN(c3noc(C4(NC(C)=O)CCC4)n3)[C@@H](C)C2)c(C)c1,7.676896193896657,2,IC50,ACC2,CHEMBL4829
CCOc1ccc(N2CCN(c3noc(CC)n3)[C@@H](C)C2)c(C)c1,7.420366834453253,2,IC50,ACC2,CHEMBL4829
CCOc1ccc(N2CCN(c3noc(CNC(C)=O)n3)[C@@H](C)C2)c(C)c1,6.89026013096743,2,IC50,ACC2,CHEMBL4829
CCOc1ccc(N2CCN(c3noc([C@@H](C)NC(C)=O)n3)[C@@H](C)C2)c(C)c1,7.6419983281826,2,IC50,ACC2,CHEMBL4829
CCOc1ccc(N2CCN(c3noc([C@H](C)NC(C)=O)n3)[C@@H](C)C2)c(C)c1,7.943697499232712,2,IC50,ACC2,CHEMBL4829
CCOc1ccc(Oc2ccc(-c3ccc(C(C)NC(C)=O)cc3)cc2)cc1,6.924453038607469,1,IC50,ACC2,CHEMBL4829
CCOc1ccc(Oc2ccc(-c3ccc(C(C)NC(C)=O)cc3)cn2)cc1,6.562249437179612,1,IC50,ACC2,CHEMBL4829
CCOc1ccc(Oc2ccc(-c3noc(C(C)NC(C)=O)n3)cc2)cc1,6.376750709602099,1,IC50,ACC2,CHEMBL4829
CCOc1ccc(Oc2ncc(C#CC(C)NC(C)=O)s2)cc1,7.431798275933005,1,IC50,ACC2,CHEMBL4829
CCOc1cccc(N2CC(Oc3ccc([C@H](C)NC(C)=O)cc3)C2)c1,6.173925197299173,1,IC50,ACC2,CHEMBL4829
CCOc1cccc(N2CC(Oc3ccc([C@H](C)NC(C)=O)cc3)C2)n1,5.441291429466834,1,IC50,ACC2,CHEMBL4829
CCOc1cccc(N2CC(c3ccc([C@H](C)NC(C)=O)cc3)C2)c1,6.167491087293763,1,IC50,ACC2,CHEMBL4829
CCOc1cccc(Oc2ccc(-c3ccc(C(C)NC(C)=O)cc3)cc2)c1,6.991399828238082,1,IC50,ACC2,CHEMBL4829
CCOc1ccccc1Oc1ncc(C#CC(C)NC(C)=O)s1,5.882728704344236,1,IC50,ACC2,CHEMBL4829
CCOc1cnc(N2CCN(c3noc(C(C)(F)F)n3)[C@@H](C)C2)c(C)c1,6.449771646944906,1,IC50,ACC2,CHEMBL4829
CCOc1cnc(N2CCN(c3noc(CC)n3)[C@@H](C)C2)c(C)c1,6.58838029403677,1,IC50,ACC2,CHEMBL4829
CCc1cc(C(=O)N2CCC3(CC2)CC(=O)c2c(OC)cccc2O3)cc2cn[nH]c12,6.821023052706831,1,IC50,ACC2,CHEMBL4829
CCc1cc(C(=O)N2CCC3(CC2)CC(=O)c2nn(CC)c(C)c2O3)cc2cn[nH]c12,7.431798275933005,1,IC50,ACC2,CHEMBL4829
CCc1ccc(C#Cc2ccc(CC(C)NC(C)=O)cc2)cc1,6.3979400086720375,1,IC50,ACC2,CHEMBL4829
CCc1nc(N2CCN(c3ccc(OC(C)C)cc3C)C[C@@H]2C)no1,6.5638373529592435,1,IC50,ACC2,CHEMBL4829
CCc1nc(N2CCN(c3ccc(OC(F)(F)F)cc3C)C[C@@H]2C)no1,5.73754891026957,1,IC50,ACC2,CHEMBL4829
CCc1nc(N2CCN(c3ccc(OC)cc3C)C[C@@H]2C)no1,6.313363730737707,1,IC50,ACC2,CHEMBL4829
CCc1nc(N2CCN(c3ccc(Oc4ccccc4)cc3C)C[C@@H]2C)no1,6.10292299679058,1,IC50,ACC2,CHEMBL4829
CCn1cc2c(n1)C(=O)CC1(CCN(C(=O)c3cc(C)c4[nH]ncc4c3)CC1)O2,7.200659450546418,1,IC50,ACC2,CHEMBL4829
CCn1ccc(C#Cc2ccc(CC(C)NC(C)=O)cc2)cc1=O,4.889410289700751,1,IC50,ACC2,CHEMBL4829
CCn1ccc(NC(C)C#Cc2cnc(Oc3ccc(Oc4ccccc4)cc3)s2)n1,6.356547323513812,1,IC50,ACC2,CHEMBL4829
CCn1nc2c(c1C)OC1(CCN(C(=O)c3cc(C)c4[nH]cc(C)c4c3)CC1)CC2=O,7.537602002101044,1,IC50,ACC2,CHEMBL4829
CCn1nc2c(c1C)OC1(CCN(C(=O)c3cc(C)c4[nH]nc(C)c4c3)CC1)CC2=O,7.886056647693163,1,IC50,ACC2,CHEMBL4829
CCn1nc2c(c1C)OC1(CCN(C(=O)c3cc(C)c4[nH]ncc4c3)CC1)CC2=O,7.431798275933005,1,IC50,ACC2,CHEMBL4829
CCn1nc2c(c1C)OC1(CCN(C(=O)c3cc(C)c4nc(C)[nH]c4c3)CC1)CC2=O,7.251811972993799,1,IC50,ACC2,CHEMBL4829
CCn1nc2c(c1C)OC1(CCN(C(=O)c3cc(C)c4nc[nH]c4c3)CC1)CC2=O,7.096910013008056,1,IC50,ACC2,CHEMBL4829
CCn1nc2c(c1C)OC1(CCN(C(=O)c3ccc4[nH]nc(C)c4c3)CC1)CC2=O,7.376750709602099,1,IC50,ACC2,CHEMBL4829
CCn1nc2c(c1C)OC1(CCN(C(=O)c3ccc4[nH]ncc4c3)CC1)CC2=O,7.036212172654444,1,IC50,ACC2,CHEMBL4829
CCn1ncc2c1C(=O)CC1(CCN(C(=O)c3ccc4[nH]ncc4c3)CC1)C2,6.79317412396815,1,IC50,ACC2,CHEMBL4829
CN(C)CCC1CCN(c2cc(C(=O)NC[C@H]3CC[C@H](CNC(=O)OC(C)(C)C)CC3)c3ccccc3n2)CC1,6.958607314841775,1,IC50,ACC2,CHEMBL4829
CN(C)CCC1CCN(c2cc(C(=O)NC[C@H]3CC[C@H](CNC(=O)OC4CCOCC4)CC3)c3ccccc3n2)CC1,6.167491087293763,1,IC50,ACC2,CHEMBL4829
CN(C)CCC1CCN(c2cc(C(=O)NC[C@H]3CC[C@H](CNC(=O)OCC(C)(C)C)CC3)c3ccccc3n2)CC1,6.886056647693163,1,IC50,ACC2,CHEMBL4829
CN(C)CCC1CCN(c2cc(C(=O)NC[C@H]3CC[C@H](COC(=O)NC(C)(C)C)CC3)c3ccccc3n2)CC1,5.769551078621726,1,IC50,ACC2,CHEMBL4829
CN(C)CCN1CCN(c2cc(C(=O)NC[C@H]3CC[C@H](CNC(=O)OC(C)(C)C)CC3)c3ccccc3n2)CC1,6.136677139879544,1,IC50,ACC2,CHEMBL4829
CN(C)CCOC1CN(c2cc(C(=O)NC[C@H]3CC[C@H](CNC(=O)OC(C)(C)C)CC3)c3ccccc3n2)C1,6.200659450546418,1,IC50,ACC2,CHEMBL4829
CN(C)CCn1cc(-c2cc(C(=O)NC[C@H]3CC[C@H](CNC(=O)OC(C)(C)C)CC3)c3ccccc3n2)cn1,6.619788758288394,1,IC50,ACC2,CHEMBL4829
CN(C)c1ccc2ccc(C(=O)N3CCC4(CC3)Cc3cn(C(C)(C)C)nc3C(=O)N4)cc2n1,8.638272163982407,1,IC50,ACC2,CHEMBL4829
CNC(=O)COc1ccc(Oc2ncc(C#CC(C)NC(C)=O)s2)cc1,4.576754126063192,1,IC50,ACC2,CHEMBL4829
CNC(=O)NC(C)C#Cc1cnc(Oc2ccc(OC(C)C)cc2)s1,7.504192929546842,3,IC50,ACC2,CHEMBL4829
CNC(=O)NC(C)C#Cc1cnc(Oc2ccc(OCC3CC3)cc2)s1,8.045757490560675,1,IC50,ACC2,CHEMBL4829
CNC(=O)Nc1sc2c(OC)cccc2c1C(=O)N1CCC(N2CCCC3(C2)C(=O)N2CCCCN2C3=O)CC1,8.214670164989233,1,IC50,ACC2,CHEMBL4829
CNC(=O)Nc1sc2ccccc2c1C(=O)N1CCC(N2CCCC3(C2)C(=O)N2CCCCCN2C3=O)CC1,8.060480747381382,1,IC50,ACC2,CHEMBL4829
CNC(=O)Nc1sc2ccccc2c1C(=O)N1CCC(N2CCCC3(C2)C(=O)N2CCCCN2C3=O)CC1,7.443697499232712,1,IC50,ACC2,CHEMBL4829
CNC(=O)Nc1sc2ccccc2c1C(=O)N1CCC(N2CCCC3(C2)CC(C)(C)OC3=O)CC1,7.823908740944319,1,IC50,ACC2,CHEMBL4829
CNC(=O)Nc1sc2ccccc2c1C(=O)N1CCC(N2CCCC3(CCN(C(C)C)C3=O)C2)CC1,7.7447274948966935,1,IC50,ACC2,CHEMBL4829
CNC(=O)Nc1sc2nc(C)ccc2c1C(=O)N1CCC(N2CCC[C@@]3(C2)CC(C)(C)OC3=O)CC1,8.356547323513812,1,IC50,ACC2,CHEMBL4829
CNC(=O)Nc1sc2nc(C)ccc2c1C(=O)N1CCC(N2CCC[C@]3(CC(=O)N(C(C)C)C3=O)C2)CC1,8.070581074285707,1,IC50,ACC2,CHEMBL4829
CNC(=O)c1cc2cc(C(=O)N3CCC4(CC3)CC(=O)c3c(OC)cccc3O4)ccc2[nH]1,7.958607314841775,1,IC50,ACC2,CHEMBL4829
CNc1ccc2ccc(C(=O)N3CCC4(CC3)CC(=O)c3nn(C(C)(C)C)cc3C4)cc2n1,8.886056647693163,1,IC50,ACC2,CHEMBL4829
CNc1ccc2ccc(C(=O)N3CCC4(CC3)Cc3cn(C(C)(C)C)nc3C(=O)N4)cc2n1,8.3767507096021,1,IC50,ACC2,CHEMBL4829
CNc1nccc2ccc(C(=O)N3CCC4(CC3)Cc3cn(C(C)(C)C)nc3C(=O)N4)cc12,8.221848749616356,1,IC50,ACC2,CHEMBL4829
COC(=O)C(=O)NC(C)C#Cc1cnc(Oc2ccc(OC(C)C)cc2)s1,6.070581074285707,1,IC50,ACC2,CHEMBL4829
COC(=O)COc1ccc(Oc2ncc(C#CC(C)NC(C)=O)s2)cc1,5.790484985457369,1,IC50,ACC2,CHEMBL4829
COC(=O)NC(C)C#Cc1cnc(Oc2ccc(OC(C)C)cc2)s1,7.017728766960431,2,IC50,ACC2,CHEMBL4829
COC(=O)NC(C)C#Cc1cnc(Oc2ccc(OCC3CC3)cc2)s1,7.585026652029182,1,IC50,ACC2,CHEMBL4829
COC(=O)NC(C)CCc1ccc(Oc2ccc(OC(C)C)nc2)cc1,6.6399203482970215,2,IC50,ACC2,CHEMBL4829
COC(=O)N[C@@H](C)C#Cc1cnc(Oc2ccc(OC(C)C)cc2)s1,7.42021640338319,2,IC50,ACC2,CHEMBL4829
COC(=O)N[C@@H](C)c1ccc(OC2CN(c3ncc(C4CC4)cn3)C2)cc1,6.376750709602099,1,IC50,ACC2,CHEMBL4829
COC(=O)N[C@H](C)C#Cc1cnc(Oc2ccc(OC(C)C)cc2)s1,5.821023052706831,1,IC50,ACC2,CHEMBL4829
COC1CC(C(=O)N[C@@H](C)c2ccc(C3CN(c4ccc(OCC5CC5)cc4)C3)cc2)C1,5.576754126063192,1,IC50,ACC2,CHEMBL4829
COCC(=O)NC(C)Cc1ccc(C2CN(c3ccc(OCC4CC4)cc3)C2)cc1,5.515700160653214,1,IC50,ACC2,CHEMBL4829
COCC(=O)N[C@@H](C)c1ccc(C2CN(c3ccc(OCC4CC4)cc3)C2)cc1,5.66354026615147,1,IC50,ACC2,CHEMBL4829
COCCC(=O)N[C@@H](C)c1ccc(C2CN(c3ccc(OCC4CC4)cc3)C2)cc1,5.686132779630847,1,IC50,ACC2,CHEMBL4829
COCCOc1ccc(C#Cc2ccc(CC(C)NC(C)=O)cc2)cn1,6.119186407719209,1,IC50,ACC2,CHEMBL4829
COCCOc1ccc(C#Cc2ccc(CC(C)NC(C)=O)cc2)nn1,4.785156151952302,1,IC50,ACC2,CHEMBL4829
COCCc1ccc(Oc2ccc(-c3ccc(C(C)NC(C)=O)cc3)cc2)cc1,4.522878745280337,1,IC50,ACC2,CHEMBL4829
COCCn1ccc(C#Cc2ccc(CC(C)NC(C)=O)cc2)cc1=O,4.752026733638194,1,IC50,ACC2,CHEMBL4829
COc1cc(-c2cnc(N3CC(Oc4ccc([C@H](C)NC(C)=O)cc4)C3)nc2)ccn1,5.7594507517174005,1,IC50,ACC2,CHEMBL4829
COc1cc(C#Cc2ccc(CC(C)NC(=O)C3CC3)cc2)ccn1,5.698970004336019,1,IC50,ACC2,CHEMBL4829
COc1cc(C#Cc2ccc(CC(C)NC(C)=O)cc2)ccn1,6.585026652029182,1,IC50,ACC2,CHEMBL4829
COc1cc(OC(C)C)ccc1N1CC(Oc2ccc([C@H](C)NC(C)=O)cc2)C1,5.6439741428068775,1,IC50,ACC2,CHEMBL4829
COc1cc(OC2CC2)ccc1N1CC(Oc2ccc([C@H](C)NC(C)=O)cc2)C1,5.889410289700751,1,IC50,ACC2,CHEMBL4829
COc1cc(OC2CCC2)ccc1N1CC(Oc2ccc([C@H](C)NC(C)=O)cc2)C1,6.309803919971486,1,IC50,ACC2,CHEMBL4829
COc1cc(OCC2CC2(F)F)ccc1N1CC(Oc2ccc([C@H](C)NC(C)=O)cc2)C1,5.5951662833800615,1,IC50,ACC2,CHEMBL4829
COc1cc(OCC2CC2)ccc1N1CC(Oc2ccc([C@H](C)NC(C)=O)cc2)C1,5.548213564475709,1,IC50,ACC2,CHEMBL4829
COc1cc2c(cn1)OC1(CCN(C(=O)c3cc(C)c4[nH]ncc4c3)CC1)CC2=O,9.508638306165727,1,IC50,ACC2,CHEMBL4829
COc1cc2cc(C(=O)N3CCC4(CC3)Cc3cn(C(C)(C)C)nc3C(=O)N4)ccc2cn1,7.537602002101044,1,IC50,ACC2,CHEMBL4829
COc1ccc(-c2ccc(C#Cc3ccc(CC(C)NC(C)=O)cc3)nc2)cc1,5.7447274948966935,1,IC50,ACC2,CHEMBL4829
COc1ccc(-c2ccccc2)cc1NS(=O)(=O)c1cc(Cl)cc(Cl)c1O,4.920818753952375,1,IC50,ACC2,CHEMBL4829
COc1ccc(-c2cnc(C#Cc3ccc(CC(C)NC(C)=O)cc3)cn2)cc1,5.958607314841775,1,IC50,ACC2,CHEMBL4829
COc1ccc(-c2cnc(N3CC(Oc4ccc(C(C)NC(C)=O)cc4)C3)nc2)cc1,5.8326826652518236,1,IC50,ACC2,CHEMBL4829
COc1ccc(-c2cnc(N3CC(c4ccc([C@H](C)NC(C)=O)cc4)C3)nc2)cc1,6.494850021680094,1,IC50,ACC2,CHEMBL4829
COc1ccc(C#Cc2ccc(C(C)NC(C)=O)cc2)c(C)c1,5.6777807052660805,1,IC50,ACC2,CHEMBL4829
COc1ccc(C#Cc2ccc(CC(C)NC(=O)C3CC3)cc2)cc1,6.017728766960431,1,IC50,ACC2,CHEMBL4829
COc1ccc(C#Cc2ccc(CC(C)NC(=O)C3CC3)cc2)cc1OC,5.468521082957745,1,IC50,ACC2,CHEMBL4829
COc1ccc(C#Cc2ccc(CC(C)NC(=O)C3CC3)cc2)cn1,5.552841968657781,1,IC50,ACC2,CHEMBL4829
COc1ccc(C#Cc2ccc(CC(C)NC(C)=O)cc2)c(C)c1,6.494850021680094,1,IC50,ACC2,CHEMBL4829
COc1ccc(C#Cc2ccc(CC(C)NC(C)=O)cc2)cc1,6.481486060122112,1,IC50,ACC2,CHEMBL4829
COc1ccc(C#Cc2ccc(CC(C)NC(C)=O)cc2)cn1,6.142667503568731,1,IC50,ACC2,CHEMBL4829
COc1ccc(N2CC(Oc3ccc([C@H](C)NC(C)=O)cc3)C2)c(C#N)c1,5.928117992693874,1,IC50,ACC2,CHEMBL4829
COc1ccc(Oc2ncc(C#CC(C)NC(C)=O)s2)cc1,6.327902142064282,1,IC50,ACC2,CHEMBL4829
COc1ccc2ccc(C(=O)N3CCC4(CC3)Cc3cn(C(C)(C)C)nc3C(=O)N4)cc2n1,8.397940008672037,1,IC50,ACC2,CHEMBL4829
COc1ccc2nc(N3CC(Oc4ccc([C@H](C)NC(C)=O)cc4)C3)ccc2c1,6.346787486224656,1,IC50,ACC2,CHEMBL4829
COc1ccc2ncc(C(=O)N3CCC4(CC3)CC(=O)c3c(cnn3C(C)C)C4)cc2c1,8.67778070526608,1,IC50,ACC2,CHEMBL4829
COc1cccc(Oc2ccc(-c3ccc(C(C)NC(C)=O)cc3)cc2)c1,6.428291168191312,1,IC50,ACC2,CHEMBL4829
COc1cccc(Oc2ncc(C#CC(C)NC(C)=O)s2)c1,6.070581074285707,1,IC50,ACC2,CHEMBL4829
COc1cccc2c(C(=O)N3CCC(N4CCCC5(C4)C(=O)N4CCCCN4C5=O)CC3)c(NC(N)=O)sc12,8.229147988357855,1,IC50,ACC2,CHEMBL4829
COc1cccc2c1C(=O)CC1(CCN(C(=O)c3cc(C)c4[nH]c(C(N)=O)cc4c3)CC1)O2,7.795880017344075,1,IC50,ACC2,CHEMBL4829
COc1cccc2c1C(=O)CC1(CCN(C(=O)c3cc(C)c4[nH]cnc4c3)CC1)O2,6.899629454882437,1,IC50,ACC2,CHEMBL4829
COc1cccc2c1C(=O)CC1(CCN(C(=O)c3cc(C)c4[nH]nc(C)c4c3)CC1)O2,7.958607314841775,1,IC50,ACC2,CHEMBL4829
COc1cccc2c1C(=O)CC1(CCN(C(=O)c3cc(C)c4[nH]ncc4c3)CC1)O2,8.187086643357144,1,IC50,ACC2,CHEMBL4829
COc1cccc2c1C(=O)CC1(CCN(C(=O)c3ccc4[nH]c(-c5ccccc5)nc4c3)CC1)O2,7.795880017344075,1,IC50,ACC2,CHEMBL4829
COc1cccc2c1C(=O)CC1(CCN(C(=O)c3ccc4[nH]c(-c5ccccn5)nc4c3)CC1)O2,7.920818753952375,1,IC50,ACC2,CHEMBL4829
COc1cccc2c1C(=O)CC1(CCN(C(=O)c3ccc4[nH]c(-c5cccnc5)nc4c3)CC1)O2,7.721246399047171,1,IC50,ACC2,CHEMBL4829
COc1cccc2c1C(=O)CC1(CCN(C(=O)c3ccc4[nH]c(-c5ccncc5)nc4c3)CC1)O2,7.292429823902063,1,IC50,ACC2,CHEMBL4829
COc1cccc2c1C(=O)CC1(CCN(C(=O)c3ccc4[nH]c(C(N)=O)nc4c3)CC1)O2,7.795880017344075,1,IC50,ACC2,CHEMBL4829
COc1cccc2c1C(=O)CC1(CCN(C(=O)c3ccc4[nH]cnc4c3)CC1)O2,6.954677021213342,1,IC50,ACC2,CHEMBL4829
COc1cccc2c1C(=O)CC1(CCN(C(=O)c3ccc4[nH]nnc4c3)CC1)O2,6.296708621881338,1,IC50,ACC2,CHEMBL4829
COc1cccc2c1C(=O)CC1(CCN(C(=O)c3ccc4c(C)n[nH]c4c3)CC1)O2,6.785156151952302,1,IC50,ACC2,CHEMBL4829
COc1ccccc1Oc1ncc(C#CC(C)NC(C)=O)s1,5.8794260687941495,1,IC50,ACC2,CHEMBL4829
COc1ccccc1[C@H](Cn1c(=O)n(C(C)(C)C(=O)O)c(=O)c2c(C)c(-c3ncco3)sc21)OC1CCOCC1,8.769551078621726,1,IC50,ACC2,CHEMBL4829
COc1cnc(N2CC(Oc3ccc([C@H](C)NC(C)=O)cc3)C2)nc1,5.950781977329818,1,IC50,ACC2,CHEMBL4829
COc1nc(C)cc2c1C(=O)CC1(CCN(C(=O)c3cc(C)c4[nH]ncc4c3)CC1)O2,7.318758762624412,1,IC50,ACC2,CHEMBL4829
COc1ncc(C#Cc2ccc(CC(C)NC(=O)C3CC3)cc2)c(OC)n1,5.431798275933005,1,IC50,ACC2,CHEMBL4829
COc1ncc(C#Cc2ccc(CC(C)NC(C)=O)cc2)c(OC)n1,5.823908740944319,1,IC50,ACC2,CHEMBL4829
COc1nccc2ccc(C(=O)N3CCC4(CC3)Cc3cn(C(C)(C)C)nc3C(=O)N4)cc12,8.3767507096021,1,IC50,ACC2,CHEMBL4829
COc1ncccc1C#Cc1ccc(CC(C)NC(C)=O)cc1,5.275724130399211,1,IC50,ACC2,CHEMBL4829
C[C@H](NC(=O)C(C)(C)C#N)c1ccc(C2CN(c3ccc(OCC4CC4)cc3)C2)cc1,5.7281583934635005,1,IC50,ACC2,CHEMBL4829
C[C@H](NC(=O)C(C)(C)F)c1ccc(C2CN(c3ccc(OCC4CC4)cc3)C2)cc1,5.939302159646388,1,IC50,ACC2,CHEMBL4829
C[C@H](NC(=O)C(C)(C)O)c1ccc(C2CN(c3ccc(OCC4CC4)cc3)C2)cc1,5.511449283499555,1,IC50,ACC2,CHEMBL4829
C[C@H](NC(=O)C(C)(F)F)c1ccc(C2CN(c3ccc(OCC4CC4)cc3)C2)cc1,6.275724130399211,1,IC50,ACC2,CHEMBL4829
C[C@H](NC(=O)C(F)F)c1ccc(C2CN(c3ccc(OCC4CC4)cc3)C2)cc1,6.443697499232712,1,IC50,ACC2,CHEMBL4829
C[C@H](NC(=O)C(F)F)c1ccc(C2CN(c3ccc4c(c3)OCCO4)C2)cc1,5.991399828238082,1,IC50,ACC2,CHEMBL4829
C[C@H](NC(=O)C1(C#N)CC1)c1ccc(C2CN(c3ccc(OCC4CC4)cc3)C2)cc1,5.835647144215563,1,IC50,ACC2,CHEMBL4829
C[C@H](NC(=O)C1(C)CC1)c1ccc(C2CN(c3ccc(OCC4CC4)cc3)C2)cc1,5.616184634019569,1,IC50,ACC2,CHEMBL4829
C[C@H](NC(=O)C1CC(F)C1)c1ccc(C2CN(c3ccc(OCC4CC4)cc3)C2)cc1,5.931814138253838,1,IC50,ACC2,CHEMBL4829
C[C@H](NC(=O)C1CC(F)C1)c1ccc(C2CN(c3ccc4c(c3)OCCO4)C2)cc1,5.542118103266008,1,IC50,ACC2,CHEMBL4829
C[C@H](NC(=O)C1CC1)c1ccc(C2CN(c3ccc(OCC4CC4)cc3)C2)cc1,6.154901959985743,1,IC50,ACC2,CHEMBL4829
C[C@H](NC(=O)C1CC1)c1ccc(C2CN(c3ccc4c(c3)OCCO4)C2)cc1,5.609064892896621,1,IC50,ACC2,CHEMBL4829
C[C@H](NC(=O)C1CC1)c1ccc(OC2CN(c3ccc(OC4CC4)cc3)C2)cc1,6.455931955649724,1,IC50,ACC2,CHEMBL4829
C[C@H](NC(=O)C1CC1)c1ccc(OC2CN(c3ccc(OCC4CC4)cc3)C2)cc1,5.987162775294828,1,IC50,ACC2,CHEMBL4829
C[C@H](NC(=O)C1CC1)c1ccc(OC2CN(c3ccc4c(c3)OCCO4)C2)cc1,5.910094888560602,1,IC50,ACC2,CHEMBL4829
C[C@H](NC(=O)C1CC1)c1ccc(OC2CN(c3ncc(Br)cn3)C2)cc1,5.411168274405792,1,IC50,ACC2,CHEMBL4829
C[C@H](NC(=O)C1CC1)c1ccc(OC2CN(c3ncc(C4CC4)cn3)C2)cc1,6.698970004336019,1,IC50,ACC2,CHEMBL4829
C[C@H](NC(=O)C1CC=CC1)c1ccc(C2CN(c3ccc(OCC4CC4)cc3)C2)cc1,6.42021640338319,1,IC50,ACC2,CHEMBL4829
C[C@H](NC(=O)C1CCCCO1)c1ccc(C2CN(c3ccc(OCC4CC4)cc3)C2)cc1,5.543633966870956,1,IC50,ACC2,CHEMBL4829
C[C@H](NC(=O)C1CCOC1)c1ccc(C2CN(c3ccc(OCC4CC4)cc3)C2)cc1,5.991399828238082,1,IC50,ACC2,CHEMBL4829
C[C@H](NC(=O)C1CNC(=O)C1)c1ccc(C2CN(c3ccc(OCC4CC4)cc3)C2)cc1,5.5638373529592435,1,IC50,ACC2,CHEMBL4829
C[C@H](NC(=O)CC#N)c1ccc(C2CN(c3ccc(OCC4CC4)cc3)C2)cc1,5.913640169325252,1,IC50,ACC2,CHEMBL4829
C[C@H](NC(=O)CC#N)c1ccc(OC2CN(c3ncc(C4CC4)cn3)C2)cc1,5.752026733638193,1,IC50,ACC2,CHEMBL4829
C[C@H](NC(=O)CCO)c1ccc(C2CN(c3ccc(OCC4CC4)cc3)C2)cc1,5.61261017366127,1,IC50,ACC2,CHEMBL4829
C[C@H](NC(=O)CF)c1ccc(C2CN(c3ccc(OCC4CC4)cc3)C2)cc1,6.259637310505756,1,IC50,ACC2,CHEMBL4829
C[C@H](NC(=O)CO)c1ccc(C2CN(c3ccc(OCC4CC4)cc3)C2)cc1,5.790484985457369,1,IC50,ACC2,CHEMBL4829
C[C@H](NC(=O)Cc1cc[nH]c1)c1ccc(C2CN(c3ccc(OCC4CC4)cc3)C2)cc1,5.528708288941061,1,IC50,ACC2,CHEMBL4829
C[C@H](NC(=O)Cc1cccnc1)c1ccc(C2CN(c3ccc(OCC4CC4)cc3)C2)cc1,5.777283528852417,1,IC50,ACC2,CHEMBL4829
C[C@H](NC(=O)Cc1cncnc1)c1ccc(C2CN(c3ccc(OCC4CC4)cc3)C2)cc1,5.958607314841775,1,IC50,ACC2,CHEMBL4829
C[C@H](NC(=O)Cn1cncn1)c1ccc(C2CN(c3ccc(OCC4CC4)cc3)C2)cc1,5.777283528852417,1,IC50,ACC2,CHEMBL4829
C[C@H](NC(=O)N(C)C)c1ccc(OC2CN(c3ccc(OC4CC4)cc3)C2)cc1,6.721246399047171,1,IC50,ACC2,CHEMBL4829
C[C@H](NC(=O)N(C)C)c1ccc(OC2CN(c3ccc(OCC4CC4)cc3)C2)cc1,6.698970004336019,1,IC50,ACC2,CHEMBL4829
C[C@H](NC(=O)N(C)C)c1ccc(OC2CN(c3ccc4c(c3)OCCO4)C2)cc1,6.468521082957745,1,IC50,ACC2,CHEMBL4829
C[C@H](NC(=O)N(C)C)c1ccc(OC2CN(c3ncc(Br)cn3)C2)cc1,6.327902142064282,1,IC50,ACC2,CHEMBL4829
C[C@H](NC(=O)N(C)C)c1ccc(OC2CN(c3ncc(C4CC4)cn3)C2)cc1,6.468521082957745,1,IC50,ACC2,CHEMBL4829
C[C@H](NC(=O)N(C)C)c1ccc(OC2CN(c3nccc(C(F)(F)F)n3)C2)cc1,6.619788758288394,1,IC50,ACC2,CHEMBL4829
C[C@H](NC(=O)c1ccnnc1)c1ccc(C2CN(c3ccc(OCC4CC4)cc3)C2)cc1,5.521433504406156,1,IC50,ACC2,CHEMBL4829
C[C@H](NC(=O)c1ccns1)c1ccc(C2CN(c3ccc(OCC4CC4)cc3)C2)cc1,5.818156412055227,1,IC50,ACC2,CHEMBL4829
C[C@H](NC(=O)c1ccon1)c1ccc(C2CN(c3ccc(OCC4CC4)cc3)C2)cc1,5.853871964321762,1,IC50,ACC2,CHEMBL4829
C[C@H](NC(=O)c1ccon1)c1ccc(C2CN(c3ccc4c(c3)OCCO4)C2)cc1,5.603800652904264,1,IC50,ACC2,CHEMBL4829
C[C@H](NC(=O)c1cn[nH]c1)c1ccc(C2CN(c3ccc(OCC4CC4)cc3)C2)cc1,5.97469413473523,1,IC50,ACC2,CHEMBL4829
C[C@H](NC(=O)c1cn[nH]c1)c1ccc(OC2CN(c3ncc(C4CC4)cn3)C2)cc1,6.795880017344075,1,IC50,ACC2,CHEMBL4829
C[C@H](NC(=O)c1cnco1)c1ccc(C2CN(c3ccc(OCC4CC4)cc3)C2)cc1,6.1487416512809245,1,IC50,ACC2,CHEMBL4829
C[C@H](NC(=O)c1cnco1)c1ccc(C2CN(c3ccc4c(c3)OCCO4)C2)cc1,5.94692155651658,1,IC50,ACC2,CHEMBL4829
C[C@H](NC(=O)c1cncs1)c1ccc(C2CN(c3ccc(OCC4CC4)cc3)C2)cc1,6.346787486224656,1,IC50,ACC2,CHEMBL4829
C[C@H](NC(=O)c1cncs1)c1ccc(C2CN(c3ccc4c(c3)OCCO4)C2)cc1,5.782516055786093,1,IC50,ACC2,CHEMBL4829
C[C@H](NC(=O)c1cnn(C)c1)c1ccc(C2CN(c3ccc(OCC4CC4)cc3)C2)cc1,6.207608310501746,1,IC50,ACC2,CHEMBL4829
C[C@H](NC(=O)c1cnn(C)c1)c1ccc(C2CN(c3ccc4c(c3)OCCO4)C2)cc1,5.772113295386326,1,IC50,ACC2,CHEMBL4829
Cc1[nH]nc2c(C)cc(C(=O)N3CCC4(CC3)Cc3cnn(C(C)(C)C)c3C(=O)N4)cc12,7.167491087293763,1,IC50,ACC2,CHEMBL4829
Cc1cc(-c2ccc3c(c2)C(=O)CC2(CCN(C(=O)c4cc(C)c5[nH]ncc5c4)CC2)O3)n[nH]1,8.119186407719209,1,IC50,ACC2,CHEMBL4829
Cc1cc(C(=O)N2CC3(CCN(C(=O)OC(C)(C)C)CC3)C2)cc2cn[nH]c12,5.619788758288394,1,IC50,ACC2,CHEMBL4829
Cc1cc(C(=O)N2CCC3(CC2)CC(=O)c2c(ccnc2OC(C)C)O3)cc2cn[nH]c12,8.346787486224656,1,IC50,ACC2,CHEMBL4829
Cc1cc(C(=O)N2CCC3(CC2)CC(=O)c2c(ccnc2OCC(C)C)O3)cc2cn[nH]c12,7.008773924307505,1,IC50,ACC2,CHEMBL4829
Cc1cc(C(=O)N2CCC3(CC2)CC(=O)c2cc(-c4cc[nH]n4)ccc2O3)cc2cn[nH]c12,8.346787486224656,1,IC50,ACC2,CHEMBL4829
Cc1cc(C(=O)N2CCC3(CC2)CC(=O)c2cc(-c4ccn(C)n4)ccc2O3)cc2cn[nH]c12,8.214670164989233,1,IC50,ACC2,CHEMBL4829
Cc1cc(C(=O)N2CCC3(CC2)CC(=O)c2cc(-c4cnn(C)c4)ncc2O3)cc2cn[nH]c12,9.522878745280337,1,IC50,ACC2,CHEMBL4829
Cc1cc(C(=O)N2CCC3(CC2)CC(=O)c2nn(C(C)(C)C)cc2O3)cc2[nH]cnc12,8.130768280269024,1,IC50,ACC2,CHEMBL4829
Cc1cc(C(=O)N2CCC3(CC2)CC(=O)c2nn(C(C)(C)C)cc2O3)cc2cn[nH]c12,8.161150909262744,1,IC50,ACC2,CHEMBL4829
Cc1cc(C(=O)N2CCC3(CC2)CC(=O)c2nn(C(C)C)cc2O3)cc2cn[nH]c12,7.638272163982407,1,IC50,ACC2,CHEMBL4829
Cc1cc(C(=O)N2CCC3(CC2)CC(=O)c2nn(C)c(C)c2O3)cc2cn[nH]c12,6.327902142064282,1,IC50,ACC2,CHEMBL4829
Cc1cc(C(=O)N2CCC3(CC2)CC(=O)c2nn(C)cc2O3)cc2cn[nH]c12,6.187086643357144,1,IC50,ACC2,CHEMBL4829
Cc1cc(C(=O)N2CCC3(CC2)CC(=O)c2nn(C4CCC4)cc2O3)cc2cn[nH]c12,7.853871964321762,1,IC50,ACC2,CHEMBL4829
Cc1cc(C(=O)N2CCC3(CC2)CC(=O)c2nn(C4CCCC4)cc2O3)cc2cn[nH]c12,8.0268721464003,1,IC50,ACC2,CHEMBL4829
Cc1cc(C(=O)N2CCC3(CC2)CC(=O)c2nn(C4CCCCC4)cc2O3)cc2cn[nH]c12,7.200659450546418,1,IC50,ACC2,CHEMBL4829
Cc1cc(C(=O)N2CCC3(CC2)CCN(C(=O)OCC(C)(C)C)[C@@H]3C)cc2cn[nH]c12,6.698970004336019,1,IC50,ACC2,CHEMBL4829
Cc1cc(C(=O)N2CCC3(CC2)CCN(C(=O)OCC(C)(C)C)[C@H]3C)cc2cn[nH]c12,6.958607314841775,1,IC50,ACC2,CHEMBL4829
Cc1cc(C(=O)N2CCC3(CC2)CN(C(=O)OC(C)(C)C)C3)cc2cn[nH]c12,6.096910013008056,1,IC50,ACC2,CHEMBL4829
Cc1cc(C(=O)N2CCC3(CC2)CN(C(=O)OC(C)(C)C)C3C)cc2cn[nH]c12,6.045757490560675,1,IC50,ACC2,CHEMBL4829
Cc1cc(C(=O)N2CCC3(CC2)CN(C(=O)OCC(C)(C)C)C3)cc2cn[nH]c12,5.853871964321762,1,IC50,ACC2,CHEMBL4829
Cc1cc(C(=O)N2CCC3(CC2)CN(C(=O)O[C@H](C)c2ccccc2)C3)cc2cn[nH]c12,6.055517327849831,1,IC50,ACC2,CHEMBL4829
Cc1cc(C(=O)N2CCC3(CC2C)CN(C(=O)OC(C)(C)C)C3)cc2cn[nH]c12,5.036212172654444,1,IC50,ACC2,CHEMBL4829
Cc1cc(C(=O)N2CCC3(CC2C)C[C@@H](C)N(C(=O)OCC(C)(C)C)C3)cc2cn[nH]c12,5.958607314841775,1,IC50,ACC2,CHEMBL4829
Cc1cc(C(=O)N2CCC3(CC2C)C[C@H](C)N(C(=O)OCC(C)(C)C)C3)cc2cn[nH]c12,5.259637310505756,1,IC50,ACC2,CHEMBL4829
Cc1cc(C(=O)N2CCC3(CCN(C(=O)OC(C)(C)C)C3)C2)cc2cn[nH]c12,4.698970004336019,1,IC50,ACC2,CHEMBL4829
Cc1cc(C(=O)N2CCC3(CCN(C(=O)OC(C)(C)C)C3)CC2)cc2cn[nH]c12,6.0,1,IC50,ACC2,CHEMBL4829
Cc1cc(C(=O)N2CCC3(CCN(C(=O)OC(C)(C)C)CC3)C2)cc2cn[nH]c12,5.657577319177793,1,IC50,ACC2,CHEMBL4829
Cc1cc(C(=O)N2CCC3(CCN(C(=O)OC(C)C)C3)CC2)cc2cn[nH]c12,5.346787486224656,1,IC50,ACC2,CHEMBL4829
Cc1cc(C(=O)N2CCC3(CCN(C(=O)OCC(C)(C)C)C3)CC2)cc2cn[nH]c12,6.096910013008056,1,IC50,ACC2,CHEMBL4829
Cc1cc(C(=O)N2CCC3(CCN(C(=O)OCc4ccccc4)C3)CC2)cc2cn[nH]c12,5.3979400086720375,1,IC50,ACC2,CHEMBL4829
Cc1cc(C(=O)N2CCC3(CCN(C(=O)O[C@H](C)c4ccccc4)C3)CC2)cc2cn[nH]c12,6.585026652029182,1,IC50,ACC2,CHEMBL4829
Cc1cc(C(=O)NC[C@H]2CC[C@H](CNC(=O)OC(C)(C)C)CC2)cc(-c2ccccc2)n1,5.236572006437063,1,IC50,ACC2,CHEMBL4829
Cc1cc(CC(=O)N[C@@H](C)c2ccc(C3CN(c4ccc(OCC5CC5)cc4)C3)cc2)on1,5.931814138253838,1,IC50,ACC2,CHEMBL4829
Cc1cc(NC(C)C#Cc2cnc(Oc3ccc(Oc4ccccc4)cc3)s2)no1,7.080921907623926,1,IC50,ACC2,CHEMBL4829
Cc1cc(NC(C)C#Cc2cnc(Oc3ccc(Oc4ccccc4)cc3)s2)on1,7.2441251443275085,1,IC50,ACC2,CHEMBL4829
Cc1cc(OCC2CC2)ccc1C1CCN(c2ccc(C(C)C(=O)NC3CC3)cc2)CC1,7.096910013008056,1,IC50,ACC2,CHEMBL4829
Cc1cc2c(cc1C)C(=O)CC1(CCN(C(=O)c3cc(C)c4[nH]ncc4c3)CC1)O2,7.318758762624412,2,IC50,ACC2,CHEMBL4829
Cc1cc2c(cc1C)C(=O)CC1(CCN(C(=O)c3cccc4cn[nH]c34)CC1)O2,6.3979400086720375,1,IC50,ACC2,CHEMBL4829
Cc1ccc(C(=O)N[C@@H](C)c2ccc(C3CN(c4ccc(OCC5CC5)cc4)C3)cc2)o1,5.590066876668706,1,IC50,ACC2,CHEMBL4829
Cc1ccc2c(c1)C(=O)CC1(CCN(C(=O)c3ccc4[nH]ncc4c3)CC1)O2,5.585026652029182,1,IC50,ACC2,CHEMBL4829
Cc1ccc2c(c1)C(=O)CC1(CCN(C(=O)c3cccc4cn[nH]c34)CC1)O2,6.193141970481182,1,IC50,ACC2,CHEMBL4829
Cc1n[nH]c2c(C)cc(C(=O)N3CCC4(CC3)CC(=O)c3c(ccnc3OC(C)C)O4)cc12,7.698970004336019,1,IC50,ACC2,CHEMBL4829
Cc1n[nH]c2c(C)cc(C(=O)N3CCC4(CC3)CC(=O)c3ncccc3O4)cc12,6.440093374963888,1,IC50,ACC2,CHEMBL4829
Cc1n[nH]c2c(C)cc(C(=O)N3CCC4(CC3)CC(=O)c3nn(C(C)C)cc3O4)cc12,7.853871964321762,1,IC50,ACC2,CHEMBL4829
Cc1n[nH]c2c(C)cc(C(=O)N3CCC4(CC3)CC(=O)c3nn(C5CCOC5)c(C)c3O4)cc12,7.698970004336019,1,IC50,ACC2,CHEMBL4829
Cc1n[nH]c2c(C)cc(C(=O)N3CCC4(CC3)Cc3cn(C(C)(C)C)nc3C(=O)N4)cc12,8.221848749616356,1,IC50,ACC2,CHEMBL4829
Cc1n[nH]c2c(C)cc(C(=O)N3CCC4(CC3)Cc3cn(C(C)(C)C)nc3C(=O)N4C)cc12,8.0,1,IC50,ACC2,CHEMBL4829
Cc1n[nH]c2c(C)cc(C(=O)N3CCC4(CC3)Cc3cn(C(C)C)nc3C(=O)N4)cc12,7.537602002101044,1,IC50,ACC2,CHEMBL4829
Cc1n[nH]c2c(C)cc(C(=O)N3CCC4(CC3)Cc3cn(C5CCC5)nc3C(=O)N4)cc12,7.795880017344075,1,IC50,ACC2,CHEMBL4829
Cc1n[nH]c2c(C)cc(C(=O)N3CCC4(CC3)Cc3cnn(C(C)C)c3C(=O)N4)cc12,7.259637310505756,1,IC50,ACC2,CHEMBL4829
Cc1n[nH]c2ccc(C(=O)N3CCC4(CC3)CC(=O)c3ncccc3O4)cc12,6.1938200260161125,1,IC50,ACC2,CHEMBL4829
Cc1nc(-c2ccc3c(c2)C(=O)CC2(CCN(C(=O)c4cc(C)c5[nH]ncc5c4)CC2)O3)co1,7.522878745280337,1,IC50,ACC2,CHEMBL4829
Cc1nc(C(=O)N[C@@H](C)c2ccc(C3CN(c4ccc(OCC5CC5)cc4)C3)cc2)c(C)s1,5.85078088734462,1,IC50,ACC2,CHEMBL4829
Cc1nc2c(C)cc(C(=O)N3CCC4(CC3)CC(=O)c3nn(C(C)(C)C)cc3O4)cc2[nH]1,8.18045606445813,1,IC50,ACC2,CHEMBL4829
Cc1nc2ccc(C(=O)N3CCC4(CC3)CC(=O)c3c(cnn3C(C)C)C4)cc2[nH]1,7.414136773173384,2,IC50,ACC2,CHEMBL4829
Cc1ncc(-c2ccc3c(c2)C(=O)CC2(CCN(C(=O)c4cc(C)c5[nH]ncc5c4)CC2)O3)o1,7.4089353929735005,1,IC50,ACC2,CHEMBL4829
Cc1ncc(C(=O)N[C@@H](C)c2ccc(C3CN(c4ccc(OCC5CC5)cc4)C3)cc2)s1,5.882728704344236,1,IC50,ACC2,CHEMBL4829
Cc1ncsc1C(=O)N[C@@H](C)c1ccc(C2CN(c3ccc(OCC4CC4)cc3)C2)cc1,5.521433504406156,1,IC50,ACC2,CHEMBL4829
Cc1noc(C)c1-c1cc(C(=O)NC[C@H]2CC[C@H](CNC(=O)OC(C)(C)C)CC2)c2ccccc2n1,5.537602002101044,1,IC50,ACC2,CHEMBL4829
Cc1noc(C)c1-c1ccc2c(c1)C(=O)CC1(CCN(C(=O)c3cc(C)c4[nH]ncc4c3)CC1)O2,8.193820026016112,1,IC50,ACC2,CHEMBL4829
Cc1noc(NC(C)C#Cc2cnc(Oc3ccc(Oc4ccccc4)cc3)s2)c1C,7.42021640338319,1,IC50,ACC2,CHEMBL4829
Cc1nocc1C(=O)NC(C)Cc1ccc(C2CN(c3ccc(OCC4CC4)cc3)C2)cc1,5.554395796726403,1,IC50,ACC2,CHEMBL4829
Cc1nocc1C(=O)N[C@@H](C)c1ccc(C2CN(c3ccc(OCC4CC4)cc3)C2)cc1,6.327902142064282,1,IC50,ACC2,CHEMBL4829
Cc1nocc1C(=O)N[C@@H](C)c1ccc(C2CN(c3ccc4c(c3)OCCO4)C2)cc1,5.928117992693874,1,IC50,ACC2,CHEMBL4829
Cc1oncc1C(=O)NC(C)Cc1ccc(C2CN(c3ccc(OCC4CC4)cc3)C2)cc1,6.017728766960431,1,IC50,ACC2,CHEMBL4829
Cc1oncc1C(=O)NC(C)Cc1ccc(C2CN(c3ccc4c(c3)OCCO4)C2)cc1,5.549750891680639,1,IC50,ACC2,CHEMBL4829
Cc1oncc1C(=O)N[C@@H](C)c1ccc(C2CN(c3ccc(OCC4CC4)cc3)C2)cc1,6.481486060122112,1,IC50,ACC2,CHEMBL4829
Cc1sc2ccccc2c1C(=O)N1CCC(N2CCCC3(C2)CC(C)(C)OC3=O)CC1,6.443697499232712,1,IC50,ACC2,CHEMBL4829
Cn1cc(-c2cc3c(cn2)OC2(CCN(C(=O)c4ccc5[nH]c(-c6ccn(C)n6)nc5c4)CC2)CC3=O)cn1,9.67778070526608,1,IC50,ACC2,CHEMBL4829
Cn1ncc2ccc(C(=O)N3CCC4(CC3)CC(=O)c3nn(C(C)(C)C)cc3O4)cc21,7.6777807052660805,1,IC50,ACC2,CHEMBL4829
O=C(c1c2ccccc2cc2ccccc12)N1CCC(N2CCC[C@@H](C(=O)N3CCOCC3)C2)CC1,7.231787380794812,6,IC50,ACC2,CHEMBL4829
O=C(c1cc(-c2ccccc2)nc2ccccc12)N1CCN(Cc2ccc3c(c2)OCO3)CC1,5.443697499232712,1,IC50,ACC2,CHEMBL4829
O=C1CC2(CCN(C(=O)c3cccc4cn[nH]c34)CC2)Oc2ccc(Cl)cc21,5.671620396561263,1,IC50,ACC2,CHEMBL4829
