canonical_smiles,pAct,n,types,target,tid
C#CCOC(=O)N1CCc2c(OCCc3nc(-c4ccccc4)oc3C)ccc(CCC(=O)O)c2C1,7.366649016557956,2,"EC50,IC50",PPARG,CHEMBL235
C#CCOc1cc(COc2ccc(C(F)(F)F)cc2)ccc1Sc1ccc(OCC(=O)O)c(C)c1C,6.022878745280337,2,"Ki,EC50",PPARG,CHEMBL235
C#CCOc1cc(COc2ccc(C(F)(F)F)cc2)ccc1Sc1ccc(OCC(=O)O)c2c1CCCC2,5.6153113369619305,2,"Ki,EC50",PPARG,CHEMBL235
C#CCOc1cccc(Cc2c(C)n(C(=O)c3ccc(OC)cc3)c3ccc(OC(F)(F)F)cc23)c1,7.207608310501746,1,IC50,PPARG,CHEMBL235
C/C(=C/C(=O)c1ccccc1)N[C@@H](Cc1ccc(OCCc2nc(-c3ccccc3)oc2C)cc1)C(=O)O,9.4172706576646,3,"Ki,EC50",PPARG,CHEMBL235
C/C(=C1/c2ccc(Cc3c(C4CC4)nc4c(Cl)cccn34)cc2COc2cc(F)ccc21)c1noc(=O)[nH]1,8.48940535046503,2,EC50,PPARG,CHEMBL235
C/C(=C1/c2ccc(Cc3c(C4CC4)nc4c5c(ccn34)OCC5)cc2COc2cc(F)ccc21)c1noc(=O)[nH]1,7.679759281514789,2,EC50,PPARG,CHEMBL235
C/C(=C1/c2ccc(Cc3c(C4CC4)nc4cc(Cl)ccn34)cc2COc2cc(F)ccc21)c1noc(=O)[nH]1,8.648784731777237,2,EC50,PPARG,CHEMBL235
C/C(=C1/c2ccc(Cc3c(C4CC4)nc4cc(F)ccn34)cc2COc2cc(F)ccc21)c1noc(=O)[nH]1,8.327803863157445,2,EC50,PPARG,CHEMBL235
C/C(=C1/c2ccc(Cc3c(C4CC4)nc4ccc(Cl)cn34)cc2COc2cc(F)ccc21)c1noc(=O)[nH]1,8.328788659588897,2,EC50,PPARG,CHEMBL235
C/C(=C1/c2ccc(Cc3c(C4CC4)nc4ccccn34)cc2COc2cc(F)ccc21)c1noc(=O)[nH]1,7.998485264723191,2,EC50,PPARG,CHEMBL235
C/C(=C1/c2ccc(Cn3c(C4CC4)nc4c(Cl)ccnc43)cc2COc2cc(F)ccc21)c1noc(=O)[nH]1,7.494850021680094,2,EC50,PPARG,CHEMBL235
C/C(=C1/c2ccc(Cn3c(C4CC4)nc4c(Cl)nccc43)cc2COc2cc(F)ccc21)c1noc(=O)[nH]1,7.6386830387330935,2,EC50,PPARG,CHEMBL235
C/C(=C1/c2ccc(Cn3c(C4CC4)nc4cscc43)cc2COc2cc(F)ccc21)c1noc(=O)[nH]1,8.100329725273209,2,EC50,PPARG,CHEMBL235
C/C(=C\C(=O)c1ccccc1)NC(Cc1ccc(OCCCOc2ccc(/C=C/c3ccc(C(F)(F)F)cc3)cc2)cc1)C(=O)O,7.494850021680094,1,EC50,PPARG,CHEMBL235
C/C(=C\C(=O)c1ccccc1)NC(Cc1ccc(OCCCOc2ccc(/C=C/c3ccc(Cl)cc3)cc2)cc1)C(=O)O,7.920818753952375,1,EC50,PPARG,CHEMBL235
C/C(=C\C(=O)c1ccccc1)NC(Cc1ccc(OCCCOc2ccc(/C=C/c3ccccc3)cc2)cc1)C(=O)O,7.327902142064282,1,EC50,PPARG,CHEMBL235
C/C(=C\C(=O)c1ccccc1)NC(Cc1ccc(OCCCOc2ccc(/N=N/c3ccc(Cl)cc3)cc2)cc1)C(=O)O,7.327902142064282,1,EC50,PPARG,CHEMBL235
C/C(=C\C(=O)c1ccccc1)NC(Cc1ccc(OCCCOc2ccc(/N=N/c3ccc([N+](=O)[O-])cc3)cc2)cc1)C(=O)O,7.537602002101044,1,EC50,PPARG,CHEMBL235
C/C(=C\C(=O)c1ccccc1)NC(Cc1ccc(OCCCOc2ccc(/N=N/c3ccccc3)cc2)cc1)C(=O)O,5.863279432843593,1,EC50,PPARG,CHEMBL235
C/C(=C\C(=O)c1ccccc1)NC(Cc1ccc(OCCOc2ccc(/C=C/c3ccc(C(F)(F)F)cc3)cc2)cc1)C(=O)O,7.075720713938118,1,EC50,PPARG,CHEMBL235
C/C(=C\C(=O)c1ccccc1)NC(Cc1ccc(OCCOc2ccc(/C=C/c3ccc(C)cc3)cc2)cc1)C(=O)O,7.6777807052660805,1,EC50,PPARG,CHEMBL235
C/C(=C\C(=O)c1ccccc1)NC(Cc1ccc(OCCOc2ccc(/C=C/c3ccc(Cl)cc3)cc2)cc1)C(=O)O,7.585026652029182,1,EC50,PPARG,CHEMBL235
C/C(=C\C(=O)c1ccccc1)NC(Cc1ccc(OCCOc2ccc(/C=C/c3ccccc3)cc2)cc1)C(=O)O,7.920818753952375,1,EC50,PPARG,CHEMBL235
C/C(=C\C(=O)c1ccccc1)NC(Cc1ccc(OCCOc2ccc(/N=N/c3ccc(Cl)cc3)cc2)cc1)C(=O)O,7.4089353929735005,1,EC50,PPARG,CHEMBL235
C/C(=C\C(=O)c1ccccc1)NC(Cc1ccc(OCCOc2ccc(/N=N/c3ccccc3)cc2)cc1)C(=O)O,6.73754891026957,1,EC50,PPARG,CHEMBL235
C/C(=C\CC[C@]1(C)CCc2cc(O)cc(C)c2O1)CC/C=C(\C)C(=O)O,7.075720713938118,1,EC50,PPARG,CHEMBL235
C/C(=N/OCCOc1ccc(CC2SC(=O)NC2=O)cc1)c1ccc(-c2ccccc2)nc1,6.721246399047171,1,EC50,PPARG,CHEMBL235
C/C(=N/OCCOc1cccc(CC2SC(=O)NC2=O)c1)c1ccc(-c2ccccc2)cc1,6.721246399047171,1,IC50,PPARG,CHEMBL235
C/C(=N\O)c1ccc(OC(Cc2ccccc2)C(=O)O)cc1,5.026872146400301,1,EC50,PPARG,CHEMBL235
C/C(=N\OCCOc1ccc(CC2SC(=O)NC2=O)cc1)c1ccc(-c2ccccc2)cn1,5.958607314841775,1,EC50,PPARG,CHEMBL235
C/C(=N\OCCOc1ccc(CC2SC(=O)NC2=O)cc1)c1ccc(-c2ccccc2)nc1,6.721246399047171,3,EC50,PPARG,CHEMBL235
C/C(=N\OCCOc1ccc(CC2SC(=O)NC2=O)cc1)c1ccc(-c2ccccn2)cc1,6.1938200260161125,1,EC50,PPARG,CHEMBL235
C/C(=N\OCCOc1ccc(CC2SC(=O)NC2=O)cc1)c1ccc(-c2cccnc2)cc1,6.096910013008056,1,EC50,PPARG,CHEMBL235
C/C(=N\OCCOc1ccc(CC2SC(=O)NC2=O)cc1)c1ccc(-c2ccncc2)cc1,5.795880017344075,1,EC50,PPARG,CHEMBL235
C/C(=N\OCCOc1ccc(CC2SC(=O)NC2=O)cc1)c1cccc(-c2ccccc2)c1,6.481486060122112,1,EC50,PPARG,CHEMBL235
C/C(=N\OCCOc1ccc(CC2SC(=O)NC2=O)cc1)c1ccccc1,5.769551078621726,1,EC50,PPARG,CHEMBL235
C/C(=N\OCCOc1ccc(CC2SC(=O)NC2=O)cc1)c1ccccn1,5.552841968657781,1,EC50,PPARG,CHEMBL235
C/C(=N\OCCOc1ccc(CC2SC(=O)NC2=O)cc1)c1cccnc1,5.552841968657781,1,EC50,PPARG,CHEMBL235
C/C(=N\OCCOc1ccc(CC2SC(=O)NC2=O)cc1)c1ccncc1,5.102372908709558,1,EC50,PPARG,CHEMBL235
C/C(CC(=O)Nc1ccc(C)cc1C)=N\NC(=N)N,3.7447274948966935,1,IC50,PPARG,CHEMBL235
C/C(O)=C/C(C)=N/[C@@H](Cc1ccc(OCc2ccccc2)cc1)C(=O)O,5.710001024518515,1,Ki,PPARG,CHEMBL235
C/C=C(\C)C(=O)OC[C@@]12C(=O)C[C@@H](C)[C@](C)(CCC3=CC(=O)OC3)[C@H]1CCC[C@]2(O)CCl,5.899629454882437,1,IC50,PPARG,CHEMBL235
C/C=C(\C)C(=O)OC[C@@]12C(=O)C[C@@H](C)[C@](C)(CCC3=CC(=O)OC3)[C@H]1CCC[C@]21CO1,5.688246138944246,1,IC50,PPARG,CHEMBL235
C/C=C(\C)C(=O)OC[C@@]12[C@@H](OC(C)=O)C[C@@H](C)[C@](C)(CCC3=CC(=O)OC3)[C@H]1CCC[C@]2(O)CCl,4.991399828238082,1,IC50,PPARG,CHEMBL235
C/C=C(\C)C(=O)OC[C@@]12[C@@H](OC(C)=O)C[C@@H](C)[C@](C)(CCC3=CC(=O)OC3)[C@H]1CCC[C@]21CO1,5.078313524516398,1,IC50,PPARG,CHEMBL235
C/C=C(\C)C(=O)OC[C@@]12[C@@H](OC(C)=O)C[C@@H](C)[C@](C)(C[C@H](O)C3=CC(=O)OC3)[C@H]1CCC[C@]21CO1,4.823908740944319,1,IC50,PPARG,CHEMBL235
C/C=C(\C)C(=O)OC[C@@]12[C@H](CCC[C@]1(O)CCl)[C@@](C)(CCC1=CC(=O)OC1)[C@H](C)C[C@@H]2O,4.982966660701219,1,IC50,PPARG,CHEMBL235
C/C=C(\C)C(=O)OC[C@@]12[C@H](CCC[C@]1(O)CCl)[C@@](C)(C[C@H](O)C1=CC(=O)OC1)[C@H](C)C[C@@H]2O,4.939302159646388,1,IC50,PPARG,CHEMBL235
C/C=C(\C)C(=O)OC[C@@]12[C@H](CCC[C@]13CO3)[C@@](C)(CCC1=CC(=O)OC1)[C@H](C)C[C@@H]2O,4.924453038607469,1,IC50,PPARG,CHEMBL235
C/C=C(\C)C(=O)OC[C@@]12[C@H](CCC[C@]13CO3)[C@@](C)(C[C@H](O)C1=CC(=O)OC1)[C@H](C)C[C@@H]2O,4.939302159646388,1,IC50,PPARG,CHEMBL235
C/C=C(\C)C(=O)OC[C@]12C(=O)CCC[C@@H]1[C@@](C)(CCC1=CC(=O)OC1)[C@H](C)CC2=O,4.876148359032914,1,IC50,PPARG,CHEMBL235
C/C=C(\C)C(=O)OC[C@]12C(=O)CCC[C@@H]1[C@@](C)(CCC1=CC(=O)OC1)[C@H](C)C[C@@H]2OC(C)=O,5.281498311132726,1,IC50,PPARG,CHEMBL235
C/C=C(\C)C(=O)OC[C@]12[C@H]3CCC[C@@]1(O)CO[C@@]2(O)C[C@H](C)[C@@]3(C)CCC1=CC(=O)OC1,5.087246696328677,1,IC50,PPARG,CHEMBL235
C/C=C(\C)C(=O)O[C@@H](C[C@@]1(C)[C@H](C)C[C@H](OC(C)=O)[C@]2(COC(C)=O)[C@@H]1CCC[C@]2(O)CCl)C1=CC(=O)OC1,5.0,1,IC50,PPARG,CHEMBL235
C/C=C(\C)C(=O)O[C@@H](C[C@@]1(C)[C@H](C)C[C@H](OC(C)=O)[C@]2(COC(C)=O)[C@@H]1CCC[C@]21CO1)C1=CC(=O)OC1,5.1555228242543185,1,IC50,PPARG,CHEMBL235
C/C=C(\C)C(=O)O[C@@H](C[C@@]1(C)[C@H](C)C[C@H](OC(C)=O)[C@]2(COC(C)=O)[C@@H]1[C@H](O)CC[C@]21CO1)C1=CC(=O)OC1,4.709965388637482,1,IC50,PPARG,CHEMBL235
C/C=C(\C)C(=O)O[C@@H](C[C@@]1(C)[C@H](C)C[C@H](OC(C)=O)[C@]2(COC(C)=O)[C@@H]1[C@H](OC(C)=O)CC[C@]21CO1)C1=CC(=O)OC1,4.935542010773082,1,IC50,PPARG,CHEMBL235
C/C=C/C=C(\C)C(=O)N1Cc2cc(OCCc3nc(/C=C/CCC(C)C)oc3C)ccc2C[C@H]1C(=O)O.CC(C)(C)N,7.301029995663981,1,EC50,PPARG,CHEMBL235
C/C=C/C=C/C(=O)N1Cc2cc(OCCc3nc(/C(=C/C)CC)oc3C)ccc2C[C@H]1C(=O)O.CC(C)(C)N,6.455931955649724,1,EC50,PPARG,CHEMBL235
C/C=C/C=C/C(=O)N1Cc2cc(OCCc3nc(/C(C)=C/CC)oc3C)ccc2C[C@H]1C(=O)O.CC(C)(C)N,6.920818753952375,1,EC50,PPARG,CHEMBL235
C/C=C/C=C/C(=O)N1Cc2cc(OCCc3nc(/C(C)=C/CCC(C)C)oc3C)ccc2C[C@H]1C(=O)O.CC(C)(C)N,7.698970004336019,1,EC50,PPARG,CHEMBL235
C/C=C/C=C/C(=O)N1Cc2cc(OCCc3nc(/C=C/C(C)(C)C)oc3C)ccc2C[C@H]1C(=O)O.CC(C)(C)N,6.267606240177031,1,EC50,PPARG,CHEMBL235
C/C=C/C=C/C(=O)N1Cc2cc(OCCc3nc(/C=C/C(C)(C)CC)oc3C)ccc2C[C@H]1C(=O)O.CC(C)(C)N,6.119186407719209,1,EC50,PPARG,CHEMBL235
C/C=C/C=C/C(=O)N1Cc2cc(OCCc3nc(/C=C/C(C)C)oc3C)ccc2C[C@H]1C(=O)O.CC(C)(C)N,6.173925197299173,1,EC50,PPARG,CHEMBL235
C/C=C/C=C/C(=O)N1Cc2cc(OCCc3nc(/C=C/C(C)CCC)oc3C)ccc2C[C@H]1C(=O)O.CC(C)(C)N,6.508638306165727,1,EC50,PPARG,CHEMBL235
C/C=C/C=C/C(=O)N1Cc2cc(OCCc3nc(/C=C/C(CC)CC)oc3C)ccc2C[C@H]1C(=O)O.CC(C)(C)N,6.119186407719209,1,EC50,PPARG,CHEMBL235
C/C=C/C=C/C(=O)N1Cc2cc(OCCc3nc(/C=C/CC(C)(C)C)oc3C)ccc2C[C@H]1C(=O)O.CC(C)(C)N,6.795880017344075,1,EC50,PPARG,CHEMBL235
C/C=C/C=C/C(=O)N1Cc2cc(OCCc3nc(/C=C/CC(C)C)oc3C)ccc2C[C@H]1C(=O)O.CC(C)(C)N,6.795880017344075,1,EC50,PPARG,CHEMBL235
C/C=C/C=C/C(=O)N1Cc2cc(OCCc3nc(/C=C/CCC(C)C)oc3C)ccc2C[C@H]1C(=O)O.CC(C)(C)N,7.522878745280337,1,EC50,PPARG,CHEMBL235
C/C=C/C=C/C(=O)N1Cc2cc(OCCc3nc(CCCCC(C)C)oc3C)ccc2C[C@H]1C(=O)O.CC(C)(C)N,6.958607314841775,1,EC50,PPARG,CHEMBL235
C/C=C/CC(=O)N(C)CCOc1ccc(CC2SC(=O)NC2=O)cc1,5.920818753952375,1,Ki,PPARG,CHEMBL235
C/C=C1/C(=O)C[C@H]2[C@@H]3CCC4=CC(=O)CC[C@]4(C)[C@H]3CC[C@]12C,4.568636235841013,1,IC50,PPARG,CHEMBL235
C/C=C\CC/C=C/C=C/C(=O)NCC(C)C,5.443697499232712,1,EC50,PPARG,CHEMBL235
C=C(C)C1Cc2cc3c(cc2C1)C(=O)C[C@@H](c1ccc(O)c(O)c1)C3,5.327902142064282,1,Ki,PPARG,CHEMBL235
C=C(C)[C@@H]1CCC(C)=C[C@H]1C1=C(O)C(=O)C(CCCCC)=CC1=O,4.978810700930062,1,EC50,PPARG,CHEMBL235
C=C1C(=O)O[C@@H]2C[C@H](C)[C@@]3(O)CC[C@@](C)(C[C@@H](OC(=O)C(C)C)[C@@H]12)O3,4.568636235841013,1,IC50,PPARG,CHEMBL235
C=C1C(=O)O[C@@H]2C[C@H](C)[C@@]3(O)C[C@H](O)[C@@](C)(C[C@@H](OC(=O)C(C)C)[C@@H]12)O3,4.259637310505756,1,IC50,PPARG,CHEMBL235
C=CC(=O)Nc1ccc2oc(-c3ccc(CC)cc3)nc2c1,5.2403321553103694,1,IC50,PPARG,CHEMBL235
C=CC(c1ccc(O)c(OC)c1)c1c(O)cc(O)c2c(=O)cc(-c3ccccc3)oc12,5.596879478824182,1,Ki,PPARG,CHEMBL235
C=CC(c1ccccc1)c1c(O)cc(O)c2c(=O)cc(-c3ccccc3)oc12,5.85078088734462,1,Ki,PPARG,CHEMBL235
C=CCC(OC(=O)Cc1ccc(SCc2ccccc2C(=O)O)cc1)c1ccccc1,4.823908740944319,1,EC50,PPARG,CHEMBL235
C=CCC/C=C/C(=O)N(C)CCOc1ccc(CC2SC(=O)NC2=O)cc1,7.7447274948966935,1,Ki,PPARG,CHEMBL235
C=CCC/C=C/C(=O)NCCOc1ccc(CC2SC(=O)NC2=O)cc1,5.167491087293763,1,Ki,PPARG,CHEMBL235
C=CCCC(=O)N(C)CCOc1ccc(CC2SC(=O)NC2=O)cc1,6.221848749616356,1,Ki,PPARG,CHEMBL235
C=CCCC(=O)N1Cc2cc(OCCc3nc(/C=C/CCC(C)C)oc3C)ccc2C[C@H]1C(=O)O.CC(C)(C)N,7.3979400086720375,1,EC50,PPARG,CHEMBL235
C=CCCCC(=O)N1Cc2cc(OCCc3nc(/C=C/CCC(C)C)oc3C)ccc2C[C@H]1C(=O)O.CC(C)(C)N,7.301029995663981,1,EC50,PPARG,CHEMBL235
C=CCO/N=C(\c1ccccc1)c1ccc2c(c1)C(C)(C)CCN2CCOc1ccc(C[C@H](OCC)C(=O)O)cc1,7.266000713461613,1,Ki,PPARG,CHEMBL235
C=CCc1ccc(O)c(-c2cc(CC=C)ccc2O)c1,6.064809753726751,2,EC50,PPARG,CHEMBL235
C=CCc1ccc(OC)c(OC)c1,4.3979400086720375,1,EC50,PPARG,CHEMBL235
C=C[C@@H](O)C#CC#C[C@@H](O)/C=C\CCCCCCC,5.494850021680094,1,EC50,PPARG,CHEMBL235
C=C[C@@H](O)C#CC#C[C@H](/C=C\CCCCCCC)OC(=O)/C=C/c1ccc(O)c(OC)c1,5.779545458967391,2,EC50,PPARG,CHEMBL235
C=C[C@@H](O)C#CC#C[C@H](/C=C\CCCCCCC)O[C@]1(C)CCC[C@]2(C)CC[C@@H](C(C)(C)O)C[C@H]21,5.769551078621726,1,EC50,PPARG,CHEMBL235
C=C[C@H](C#CC#C[C@@H](O)/C=C\CCCCCCC)O[C@]1(C)CCC[C@]2(C)CC[C@@H](C(C)(C)O)C[C@H]21,5.721246399047171,1,EC50,PPARG,CHEMBL235
C=C[C@H](C#CC#C[C@@H](O)/C=C\CCCCCCC)O[C@]1(C)CC[C@@H](O)[C@]2(C)CC[C@@H](C(C)C)[C@@H](O)[C@H]21,5.698970004336019,1,EC50,PPARG,CHEMBL235
C=C[C@H]1OCc2cc3cc(OC)c(O)cc3c(C#C[C@@H](O)/C=C\CCCCCCC)c21,5.769551078621726,1,EC50,PPARG,CHEMBL235
CC#CCOC(=O)Cc1c(C(C)C)nc(CCCC)n(Cc2ccc(-c3ccccc3-c3noc(=O)[nH]3)cc2)c1=O,5.97469413473523,1,EC50,PPARG,CHEMBL235
CC#CCOC(=O)Cc1c(C)nc(CCCC)n(Cc2ccc(-c3ccccc3-c3noc(=O)[nH]3)cc2)c1=O,5.596879478824182,1,EC50,PPARG,CHEMBL235
CC#CCOc1cc(COc2ccc(C(F)(F)F)cc2)ccc1Sc1ccc(OCC(=O)O)c2c1CCCC2,6.63420561740663,2,"Ki,EC50",PPARG,CHEMBL235
CC#Cc1nc(NCc2cccc(Br)c2)c2ncn(C[C@@H]3SC[C@@H](O)[C@H]3O)c2n1,5.152427340857888,1,Ki,PPARG,CHEMBL235
CC#Cc1nc(NCc2cccc(F)c2)c2ncn(C[C@@H]3SC[C@@H](O)[C@H]3O)c2n1,5.115771230367396,1,Ki,PPARG,CHEMBL235
CC#Cc1nc(NCc2cccc(I)c2)c2ncn(C[C@@H]3SC[C@@H](O)[C@H]3O)c2n1,5.136677139879544,1,Ki,PPARG,CHEMBL235
CC(/C=C(\O)c1ccccc1)=N\[C@@H](Cc1ccc(OCc2ccccc2)cc1)C(=O)O,7.9299621333922445,1,Ki,PPARG,CHEMBL235
CC(/C=C(\O)c1ccccc1)=N\[C@@H](Cc1ccc(OCc2ccccc2)cc1)C(N)=O,5.879998925531604,1,Ki,PPARG,CHEMBL235
CC(/C=N/Nc1ccc(S(=O)(=O)/N=C/C(C)=C/c2ccccc2)cc1)=C\c1ccccc1,5.638272163982407,1,IC50,PPARG,CHEMBL235
CC(=O)/C=C(\C)NC(Cc1ccc(OCCOc2ccc(/C=C/c3ccccc3)cc2)cc1)C(=O)O,6.6020599913279625,1,EC50,PPARG,CHEMBL235
CC(=O)NCCOC(=O)C(Oc1cccc(C(F)(F)F)c1)c1ccc(Cl)cc1,5.318758762624412,2,EC50,PPARG,CHEMBL235
CC(=O)NCCOC(=O)[C@H](Oc1cccc(C(F)(F)F)c1)c1ccc(Cl)cc1,5.026823001386862,2,EC50,PPARG,CHEMBL235
CC(=O)NC[C@H](Cc1ccc(OCCc2nc(-c3ccccc3)oc2C)cc1)Nc1ccccc1C(=O)c1ccccc1,6.219998641394585,3,"Ki,EC50,IC50",PPARG,CHEMBL235
CC(=O)N[C@@H](Cc1ccc(OCCc2nc(-c3ccccc3)oc2C)cc1)C(=O)O,5.585026652029182,1,Ki,PPARG,CHEMBL235
CC(=O)Nc1cc(-n2ccnn2)ccc1OCCCOc1ccc2c(c1)CC[C@H]2CC(=O)O,3.7399999901217527,1,EC50,PPARG,CHEMBL235
CC(=O)Nc1ccc(OS(=O)(=O)/C=C/c2ccccc2)cc1,4.970129435996047,1,IC50,PPARG,CHEMBL235
CC(=O)Nc1ccc(S(=O)(=O)NCCc2ccc(S(=O)(=O)NC(=O)NC3CCC(C)CC3)cc2)cc1,5.146301788223825,1,IC50,PPARG,CHEMBL235
CC(=O)Nc1ccc(S(=O)(=O)NCCc2ccc(S(=O)(=O)NC(=O)NC3CCC(C)CC3)cc2)cc1C,5.619788758288394,1,IC50,PPARG,CHEMBL235
CC(=O)OC[C@@]12[C@@H](OC(C)=O)C[C@@H](C)[C@](C)(CCC3=CC(=O)OC3)[C@H]1CCC[C@]21CO1,4.920818753952375,1,IC50,PPARG,CHEMBL235
CC(=O)OC[C@@]12[C@@H](OC(C)=O)C[C@@H](C)[C@](C)(C[C@H](O)C3=CC(=O)OC3)[C@H]1CCC[C@]21CO1,4.882728704344236,1,IC50,PPARG,CHEMBL235
CC(=O)OC[C@@]12[C@@H](OC(C)=O)C[C@@H](C)[C@](C)(C[C@H](OC(C)=O)C3=CC(=O)OC3)[C@H]1CCC[C@]21CO1,4.87942606879415,1,IC50,PPARG,CHEMBL235
CC(=O)OC[C@@]12[C@@H](OC(C)=O)C[C@@H](C)[C@](C)(C[C@H](OC(C)=O)C3=CC(=O)OC3)[C@H]1[C@H](O)CC[C@]21CO1,4.886056647693163,1,IC50,PPARG,CHEMBL235
CC(=O)Oc1ccc(O[C@H]2CC[C@H](NC(=O)Nc3ccc(OC(F)(F)F)c(F)c3)CC2)cc1,5.725743871829482,2,EC50,PPARG,CHEMBL235
CC(=O)c1cc(C(C)=O)c(CC(=O)C(=O)Nc2cccc(C)c2C)cc1CC(=O)C(=O)Nc1cccc(C)c1C,5.585026652029182,1,IC50,PPARG,CHEMBL235
CC(=O)c1cc(NS(=O)(=O)c2ccc(Cl)cc2Cl)cc(Cl)c1Oc1cncc(Cl)c1,7.721848749616356,2,"EC50,IC50",PPARG,CHEMBL235
CC(=O)c1cc(NS(=O)(=O)c2ccc(Cl)cc2Cl)ccc1Oc1cnc2ccccc2c1,7.372363747448347,2,"EC50,IC50",PPARG,CHEMBL235
CC(=O)c1cc(NS(=O)(=O)c2ccc(Cl)cc2Cl)ccc1Oc1cncc(Cl)c1,7.911954370472159,2,"EC50,IC50",PPARG,CHEMBL235
CC(=O)c1ccc(N2CCN(Cc3cc(C)c(OC(C)(C)C(=O)O)c(C)c3)CC2)nc1,5.3872161432802645,1,EC50,PPARG,CHEMBL235
CC(=O)c1ccc(OCCOc2ccc(C[C@H](Nc3ccccc3C(=O)c3ccccc3)C(=O)O)cc2)cc1,6.630005338391571,1,Ki,PPARG,CHEMBL235
CC(=O)c1ccc(OCc2nc3ccc(Oc4cc(C)c(N)c(C)c4)cc3n2C)cc1.Cl.Cl,6.468521082957745,1,EC50,PPARG,CHEMBL235
CC(=O)c1ccc(O[C@@H](Cc2ccccc2)C(=O)O)cc1,4.908289116966377,2,EC50,PPARG,CHEMBL235
CC(=O)c1cccc(OCc2nc3ccc(Oc4cc(C)c(N)c(C)c4)cc3n2C)c1.Cl.Cl,7.187086643357144,1,EC50,PPARG,CHEMBL235
CC(=O)c1ccccc1N[C@@H](Cc1ccc(OCCc2nc(-c3ccccc3)oc2C)cc1)C(=O)O,9.0,1,IC50,PPARG,CHEMBL235
CC(=O)c1ccccc1OCc1nc2ccc(Oc3cc(C)c(N)c(C)c3)cc2n1C.Cl.Cl,6.448550002027124,1,EC50,PPARG,CHEMBL235
CC(=O)c1cncc(Oc2c(Cl)cc(NS(=O)(=O)c3ccc(Cl)cc3Cl)cc2Cl)c1,6.995699914119041,2,"EC50,IC50",PPARG,CHEMBL235
CC(=O)c1sc(-c2ccc(OCCCOc3ccc4c(c3)CC[C@H]4CC(=O)O)cc2)nc1C,2.680000000177526,1,EC50,PPARG,CHEMBL235
CC(C(=O)OCc1ccc(CC(SCCc2ccc(F)cc2)C(=O)O)cc1)c1ccccc1,5.769551078621726,1,EC50,PPARG,CHEMBL235
CC(C)(C)N.CC(C)=C/C=C/C(=O)N1Cc2cc(OCCc3nc(/C=C/CCC(C)C)oc3C)ccc2C[C@H]1C(=O)O,7.522878745280337,1,EC50,PPARG,CHEMBL235
CC(C)(C)N.CCC(O)/C=C/C(=O)N1Cc2cc(OCCc3nc(/C=C/CCC(C)C)oc3C)ccc2C[C@H]1C(=O)O,6.619788758288394,1,EC50,PPARG,CHEMBL235
CC(C)(C)N.CCC/C=C/C(=O)N1Cc2cc(OCCc3nc(/C=C/CCC(C)C)oc3C)ccc2C[C@H]1C(=O)O,7.522878745280337,1,EC50,PPARG,CHEMBL235
CC(C)(C)N.CCCCCC(=O)N1Cc2cc(OCCc3nc(/C=C/CCC(C)C)oc3C)ccc2C[C@H]1C(=O)O,7.698970004336019,1,EC50,PPARG,CHEMBL235
CC(C)(C)N.CCO/C=C/C(=O)N1Cc2cc(OCCc3nc(/C=C/CCC(C)C)oc3C)ccc2C[C@H]1C(=O)O,7.698970004336019,1,EC50,PPARG,CHEMBL235
CC(C)(C)N.CCOC/C=C/C(=O)N1Cc2cc(OCCc3nc(/C=C/CCC(C)C)oc3C)ccc2C[C@H]1C(=O)O,7.045757490560675,1,EC50,PPARG,CHEMBL235
CC(C)(C)N.CCOCCC(=O)N1Cc2cc(OCCc3nc(/C=C/CCC(C)C)oc3C)ccc2C[C@H]1C(=O)O,7.154901959985743,1,EC50,PPARG,CHEMBL235
CC(C)(C)N.Cc1oc(/C=C/CCC(C)C)nc1CCOc1ccc2c(c1)CN(C(=O)/C=C/C1CC1)[C@H](C(=O)O)C2,7.154901959985743,1,EC50,PPARG,CHEMBL235
CC(C)(C)N.Cc1oc(/C=C/CCC(C)C)nc1CCOc1ccc2c(c1)CN(C(=O)/C=C/c1ccco1)[C@H](C(=O)O)C2,7.154901959985743,1,EC50,PPARG,CHEMBL235
CC(C)(C)N.Cc1oc(/C=C/CCC(C)C)nc1CCOc1ccc2c(c1)CN(C(=O)/C=C/c1cccs1)[C@H](C(=O)O)C2,7.3979400086720375,1,EC50,PPARG,CHEMBL235
CC(C)(C)OC(=O)NC(COCc1ccc(-c2ccccc2)cc1)C(=O)O,4.886056647693163,1,EC50,PPARG,CHEMBL235
CC(C)(C)OC(=O)NC(COCc1ccc(C(=O)c2ccccc2)cc1)C(=O)O,4.698970004336019,1,EC50,PPARG,CHEMBL235
CC(C)(C)OC(=O)NC(CSCc1ccc(-c2ccccc2)cc1)C(=O)O,5.4089353929735005,1,EC50,PPARG,CHEMBL235
CC(C)(C)OC(=O)NC(CSCc1ccc(/C=C/C(=O)c2ccccc2)cc1)C(=O)O,4.991399828238082,1,EC50,PPARG,CHEMBL235
CC(C)(C)OC(=O)NC(CSCc1ccc(C(=O)c2ccc(C(F)(F)F)cc2)cc1)C(=O)O,5.657577319177793,1,EC50,PPARG,CHEMBL235
CC(C)(C)OC(=O)NC(CSCc1ccc(C(=O)c2ccc(Cl)cc2)cc1)C(=O)O,5.494850021680094,1,EC50,PPARG,CHEMBL235
CC(C)(C)OC(=O)NC(CSCc1ccc(C(=O)c2ccc([N+](=O)[O-])cc2)cc1)C(=O)O,4.892790030352131,1,EC50,PPARG,CHEMBL235
CC(C)(C)OC(=O)NC(CSCc1ccc(C(=O)c2ccccc2)cc1)C(=O)O,4.987162775294828,1,EC50,PPARG,CHEMBL235
CC(C)(C)OC(=O)NC(CSCc1ccc(Cc2ccccc2)cc1)C(=O)O,5.468521082957745,1,EC50,PPARG,CHEMBL235
CC(C)(C)OC(=O)NC(CSCc1ccccc1)C(=O)O,4.590066876668706,1,EC50,PPARG,CHEMBL235
CC(C)(C)OC(=O)N[C@@H](CSCc1ccc(C(=O)c2ccccc2)cc1)C(=O)O,5.075720713938118,1,EC50,PPARG,CHEMBL235
CC(C)(C)c1ccc(-n2c(C(=O)O)c(Oc3cc(C(F)(F)F)cc(C(F)(F)F)c3)c3cc(Cl)ccc32)cc1,7.080921907623926,1,IC50,PPARG,CHEMBL235
CC(C)(C)c1ccc(-n2c(C(=O)O)c(Oc3ccc(-c4cc(C(F)(F)F)c[nH]4)cc3)c3cccnc32)cc1,6.600326278518962,1,IC50,PPARG,CHEMBL235
CC(C)(C)c1ccc(-n2c(C(=O)O)c(Oc3ccc(Cl)c(C(F)(F)F)c3)c3cc(Cl)ccc32)cc1,7.886056647693163,1,IC50,PPARG,CHEMBL235
CC(C)(C)c1ccc(-n2c(C(=O)O)c(Oc3ccc(Cl)cc3)c3ccc(OC(F)(F)F)cc32)cc1,6.525783735923745,1,IC50,PPARG,CHEMBL235
CC(C)(C)c1ccc(-n2c(C(=O)O)c(Oc3ccc(OC(F)(F)F)cc3)c3ccccc32)cc1,7.309803919971486,1,IC50,PPARG,CHEMBL235
CC(C)(C)c1ccc(-n2c(C(=O)O)c(Oc3cccc(-c4cc(C(F)(F)F)c[nH]4)c3)c3ccc(Cl)nc32)cc1,7.236572006437063,1,IC50,PPARG,CHEMBL235
CC(C)(C)c1ccc(-n2c(C(=O)O)c(Oc3cccc(C(F)(F)F)c3)c3cc(Cl)ccc32)cc1,7.769551078621726,1,IC50,PPARG,CHEMBL235
CC(C)(C)c1ccc(-n2c(C(=O)O)c(Oc3cccc(C(F)(F)F)c3)c3cc(O)ccc32)cc1,6.497572880015568,1,IC50,PPARG,CHEMBL235
CC(C)(C)c1ccc(-n2c(C(=O)O)c(Oc3cccc(C(F)(F)F)c3)c3cc(Oc4cc(C(F)(F)F)c[nH]4)ccc32)cc1,8.301029995663981,1,IC50,PPARG,CHEMBL235
CC(C)(C)c1ccc(-n2c(C(=O)O)c(Oc3cccc(C(F)(F)F)c3)c3cc(Oc4cc(Cl)c[nH]4)ccc32)cc1,8.698970004336019,1,IC50,PPARG,CHEMBL235
CC(C)(C)c1ccc(-n2c(C(=O)O)c(Oc3cccc(C(F)(F)F)c3)c3cc(Oc4ccc[nH]4)ccc32)cc1,7.958607314841775,1,IC50,PPARG,CHEMBL235
CC(C)(C)c1ccc(-n2c(C(=O)O)c(Oc3cccc(C(F)(F)F)c3)c3ccc(Cl)cc32)cc1,7.568636235841012,1,IC50,PPARG,CHEMBL235
CC(C)(C)c1ccc(-n2c(C(=O)O)c(Oc3cccc(C(F)(F)F)c3)c3ccc(Cl)nc32)cc1,7.6777807052660805,1,IC50,PPARG,CHEMBL235
CC(C)(C)c1ccc(-n2c(C(=O)O)c(Oc3cccc(C(F)(F)F)c3)c3ccccc32)cc1,7.920818753952375,1,IC50,PPARG,CHEMBL235
CC(C)(C)c1ccc(-n2c(C(=O)O)c(Oc3cccc(C(F)(F)F)c3)c3cccnc32)cc1,7.1249387366083,1,IC50,PPARG,CHEMBL235
CC(C)(C)c1ccc(-n2c(C(=O)O)c(Oc3cccc(O)c3)c3ccccc32)cc1,7.107905397309519,1,IC50,PPARG,CHEMBL235
CC(C)(C)c1ccc(-n2c(C(=O)O)c(Oc3cccc(S(C)(=O)=O)c3)c3ccc(Cl)nc32)cc1,6.694648630553376,1,IC50,PPARG,CHEMBL235
CC(C)(C)c1ccc(-n2cnc3c(NC(=O)Cc4ccc(C(=O)O)cc4)cccc32)cc1,5.543761846977124,3,"EC50,IC50",PPARG,CHEMBL235
CC(C)(C)c1ccc(C(=O)NCc2ccc(NS(C)(=O)=O)cc2Cl)cc1,4.8326826652518236,1,EC50,PPARG,CHEMBL235
CC(C)(C)c1ccc(C(=O)Nc2cc(Cl)ccc2C(=O)Nc2cccc(C(=O)O)c2)cc1,5.045757490560675,1,EC50,PPARG,CHEMBL235
CC(C)(C)c1ccc(C(=O)Nc2ccc(Cl)cc2C(=O)Nc2cccc(C(=O)O)c2)cc1,5.267606240177031,1,EC50,PPARG,CHEMBL235
CC(C)(C)c1ccc(C(=O)Nc2ccccc2C(=O)Nc2cc(C(=O)O)ccc2Cl)cc1,5.721246399047171,1,EC50,PPARG,CHEMBL235
CC(C)(C)c1ccc(C(=O)Nc2ccccc2C(=O)Nc2cc(C(=O)O)ccc2F)cc1,5.236572006437063,1,EC50,PPARG,CHEMBL235
CC(C)(C)c1ccc(C(=O)Nc2ccccc2C(=O)Nc2ccc(Br)c(C(=O)O)c2)cc1,5.200659450546418,1,EC50,PPARG,CHEMBL235
CC(C)(C)c1ccc(C(=O)Nc2ccccc2C(=O)Nc2ccc(Cl)c(C(=O)O)c2)cc1,5.267606240177031,1,EC50,PPARG,CHEMBL235
CC(C)(C)c1ccc(C(=O)Nc2ccccc2C(=O)Nc2cccc(C(=O)O)c2)cc1,5.4089353929735005,1,EC50,PPARG,CHEMBL235
CC(C)(C)c1ccc(C(=O)Nc2ccccc2C(=O)Nc2cccc(CC(=O)O)c2)cc1,5.207608310501746,1,EC50,PPARG,CHEMBL235
CC(C)(C)c1ccc(C(=O)Nc2ccccc2C(=O)Nc2cccc(CCC(=O)O)c2)cc1,5.301029995663981,1,EC50,PPARG,CHEMBL235
CC(C)(C)c1ccc(CNC(=O)c2ccc(NC(=O)c3cccc(CN4C(=O)OC[C@H]4Cc4ccccc4)c3)cc2)cc1,5.88672530753565,1,EC50,PPARG,CHEMBL235
CC(C)(C)c1ccc(Cn2c(C(=O)NS(=O)(=O)c3cccc(C(F)(F)F)c3)cc3ccccc32)cc1,6.481486060122112,1,IC50,PPARG,CHEMBL235
CC(C)(C)c1ccc(S2(=O)=N[Se]c3cc(C(C)(C)C)ccc32)cc1,6.12668290053121,2,"Ki,IC50",PPARG,CHEMBL235
CC(C)(C)c1cccc(OCCCOc2ccc3c(c2)OCC3CC(=O)O)c1,5.756961951313706,1,EC50,PPARG,CHEMBL235
CC(C)(C)c1cccc(OCCOc2ccc3c(c2)OCC3CC(=O)O)c1,5.692503962086787,1,EC50,PPARG,CHEMBL235
CC(C)(CCc1cc2cc(Cl)ccc2n1S(=O)(=O)c1ccccc1)C(=O)O,6.040958607678906,1,EC50,PPARG,CHEMBL235
CC(C)(NC(=O)c1ccc2c(ccn2Cc2ccc(F)cc2F)c1)c1ccccc1,8.397940008672037,1,IC50,PPARG,CHEMBL235
CC(C)(O)C#CCOc1cc(COc2ccc(C(F)(F)F)cc2)ccc1Sc1ccc(OCC(=O)O)c2c1CCCC2,6.366649016557956,2,"Ki,EC50",PPARG,CHEMBL235
CC(C)(O)C1=C[C@@H](O)[C@@](C)(O)CC1,4.663540266151471,1,EC50,PPARG,CHEMBL235
CC(C)(O)c1ccc(NC(=O)c2cc(C(=O)NCc3ccc(F)c(F)c3)c(F)cc2Cl)cc1,7.623866910427398,3,"EC50,IC50",PPARG,CHEMBL235
CC(C)(Oc1c(Br)cc(CN2C(=O)CN(c3ccc(C(F)(F)F)cc3)C2=O)cc1Br)C(=O)O,5.5550188879120554,1,EC50,PPARG,CHEMBL235
CC(C)(Oc1c(Cl)cc(CN2C(=O)CN(c3ccc(C(F)(F)F)cc3)C2=O)cc1Cl)C(=O)O,5.312694039807931,1,EC50,PPARG,CHEMBL235
CC(C)(Oc1c(Cl)cc(Cn2ncn(-c3ccc(C(F)(F)F)cc3)c2=O)cc1Cl)C(=O)O,5.30925475186425,1,EC50,PPARG,CHEMBL235
CC(C)(Oc1ccc(-c2cccc3ccccc23)cc1)C(=O)O,5.200659450546418,1,EC50,PPARG,CHEMBL235
CC(C)(Oc1ccc(C(=O)c2cc3c(ccc4ccccc43)oc2=O)cc1)C(=O)O,4.246340352714001,1,EC50,PPARG,CHEMBL235
CC(C)(Oc1ccc(C(=O)c2cc3ccccc3oc2=O)cc1)C(=O)O,5.435333935747911,1,EC50,PPARG,CHEMBL235
CC(C)(Oc1ccc(C(=O)c2ccc(Cl)cc2)cc1)C(=O)O,3.391394851671599,3,"EC50,IC50",PPARG,CHEMBL235
CC(C)(Oc1ccc(CCCOc2ccc(/C=C/c3ccccc3)cc2)cc1)C(=O)O,6.096910013008056,1,EC50,PPARG,CHEMBL235
CC(C)(Oc1ccc(CCCOc2ccc(/N=N/c3ccccc3)cc2)cc1)C(=O)O,5.0,1,EC50,PPARG,CHEMBL235
CC(C)(Oc1ccc(CCCOc2ccc(C(=O)/C=C/c3ccccc3)cc2)cc1)C(=O)O,6.096910013008056,1,EC50,PPARG,CHEMBL235
CC(C)(Oc1ccc(CCCOc2ccc(C(=O)c3ccccc3)cc2)cc1)C(=O)O,5.236572006437063,1,EC50,PPARG,CHEMBL235
CC(C)(Oc1ccc(CCCOc2ccc(Oc3ccccc3)cc2)cc1)C(=O)O,4.123782159408358,1,EC50,PPARG,CHEMBL235
CC(C)(Oc1ccc(CCCOc2nc3ccccc3s2)cc1)C(=O)O,5.102372908709558,1,EC50,PPARG,CHEMBL235
CC(C)(Oc1ccc(CCNC(=O)c2ccc(Cl)cc2)cc1)C(=O)O,4.429177510057228,5,EC50,PPARG,CHEMBL235
CC(C)(Oc1ccc(CCOc2ccc(/C=C/c3ccccc3)cc2)cc1)C(=O)O,4.8996294548824375,1,EC50,PPARG,CHEMBL235
CC(C)(Oc1ccc(CCOc2ccc(/N=N/c3ccc(Cl)cc3)cc2)cc1)C(=O)O,5.494850021680094,1,EC50,PPARG,CHEMBL235
CC(C)(Oc1ccc(CCOc2ccc(/N=N/c3ccccc3)cc2)cc1)C(=O)NS(=O)(=O)c1ccccc1,4.853871964321762,1,IC50,PPARG,CHEMBL235
CC(C)(Oc1ccc(CCOc2ccc(/N=N/c3ccccc3)cc2)cc1)C(=O)O,5.713680351478593,2,EC50,PPARG,CHEMBL235
CC(C)(Oc1ccc(CCOc2ccc(/N=N/c3ccccc3)cc2C(F)(F)F)cc1)C(=O)O,6.221848749616356,1,EC50,PPARG,CHEMBL235
CC(C)(Oc1ccc(CCOc2ccc(/N=N/c3ccccc3)cc2Cl)cc1)C(=O)O,6.086186147616283,1,EC50,PPARG,CHEMBL235
CC(C)(Oc1ccc(CCOc2ccc(/N=N\c3ccccc3)cc2)cc1)C(=O)O,5.221848749616356,1,EC50,PPARG,CHEMBL235
CC(C)(Oc1ccc(CCOc2ccc(/N=N\c3ccccc3)cc2C(F)(F)F)cc1)C(=O)O,6.113509274827518,1,EC50,PPARG,CHEMBL235
CC(C)(Oc1ccc(CCOc2ccc(/N=N\c3ccccc3)cc2Cl)cc1)C(=O)O,6.036212172654444,1,EC50,PPARG,CHEMBL235
CC(C)(Oc1ccc(CCOc2ccc(C(=O)/C=C/c3ccccc3)cc2)cc1)C(=O)O,5.229147988357855,1,EC50,PPARG,CHEMBL235
CC(C)(Oc1ccc(CCOc2ccc(C(=O)c3ccccc3)cc2)cc1)C(=O)O,4.262807357295263,1,EC50,PPARG,CHEMBL235
CC(C)(Oc1ccc(CCOc2ccc(Oc3ccccc3)cc2)cc1)C(=O)O,5.161150909262744,1,EC50,PPARG,CHEMBL235
CC(C)(Oc1ccc(CCOc2nc3ccccc3s2)cc1)C(=O)O,4.405607449624573,1,EC50,PPARG,CHEMBL235
CC(C)(Oc1ccc(CO)cc1)C(=O)O,4.522878745280337,1,EC50,PPARG,CHEMBL235
CC(C)(Oc1ccc(COc2ccc(/C=C/c3ccccc3)cc2)cc1)C(=O)O,5.221848749616356,1,EC50,PPARG,CHEMBL235
CC(C)(Oc1ccc(COc2ccc(/N=N/c3ccccc3)cc2)cc1)C(=O)O,4.972693472721556,2,EC50,PPARG,CHEMBL235
CC(C)(Oc1ccc(COc2ccc(/N=N\c3ccccc3)cc2)cc1)C(=O)O,5.180456064458131,1,EC50,PPARG,CHEMBL235
CC(C)(Oc1ccc(COc2ccc(C(=O)c3ccccc3)cc2)cc1)C(=O)O,5.267606240177031,1,EC50,PPARG,CHEMBL235
CC(C)(Oc1ccc(COc2ccc(Oc3ccccc3)cc2)cc1)C(=O)O,6.096910013008056,1,EC50,PPARG,CHEMBL235
CC(C)(Oc1ccc(COc2nc3ccccc3s2)cc1)C(=O)O,4.494850021680094,1,EC50,PPARG,CHEMBL235
CC(C)(Oc1ccc(Cl)cc1)C(=O)O,3.5100415205751654,1,EC50,PPARG,CHEMBL235
CC(C)(Oc1ccc(Cn2ncn(-c3ccc(C(F)(F)F)cc3)c2=O)cc1C(F)(F)F)C(=O)O,5.750581492764013,1,EC50,PPARG,CHEMBL235
CC(C)(Oc1ccc(Cn2ncn(-c3ccc(C(F)(F)F)cc3)c2=O)cc1Cl)C(=O)O,5.556111453222628,1,EC50,PPARG,CHEMBL235
CC(C)(Oc1ccc(Cn2ncn(-c3ccc(C(F)(F)F)cc3)c2=O)cc1OC(F)(F)F)C(=O)O,5.8395314688809625,1,EC50,PPARG,CHEMBL235
CC(C)(Oc1ccc(Cn2ncn(-c3ccc(OC(F)(F)F)cc3)c2=O)cc1C(F)(F)F)C(=O)O,5.781464494783473,1,EC50,PPARG,CHEMBL235
CC(C)(Oc1ccc(Cn2ncn(-c3ccc(OC(F)(F)F)cc3)c2=O)cc1Cl)C(=O)O,5.308034897232639,1,EC50,PPARG,CHEMBL235
CC(C)(Oc1ccc(Cn2ncn(-c3ccc(OC(F)(F)F)cc3)c2=O)cc1OC(F)(F)F)C(=O)O,5.32984695480782,1,EC50,PPARG,CHEMBL235
CC(C)(Oc1ccc(OCCCCOc2ccc(Oc3ccc(F)cc3)cc2Cl)cc1)C(=O)O,5.114073660198569,1,EC50,PPARG,CHEMBL235
CC(C)(Oc1ccc(OCCCOc2ccc(Oc3ccc(F)cc3)cc2Cl)cc1)C(=O)O,6.008330992620051,1,IC50,PPARG,CHEMBL235
CC(C)(Oc1ccc(OCCc2ccc(/N=N/c3ccccc3)cc2)cc1)C(=O)O,5.221848749616356,1,EC50,PPARG,CHEMBL235
CC(C)(Sc1ccc(CCN(CCCCC2CCCCC2)C(=O)NC2CCCCC2)cc1)C(=O)O,5.958607314841775,1,EC50,PPARG,CHEMBL235
CC(C)(Sc1ccc(CCN(CCCCC2CCCCC2)C(=O)Nc2cc(Cl)cc(Cl)c2)cc1)C(=O)O,6.0,1,EC50,PPARG,CHEMBL235
CC(C)(Sc1ccc(CCN(CCCCC2CCCCC2)C(=O)Nc2cccc(C#N)c2)cc1)C(=O)O,6.0,1,EC50,PPARG,CHEMBL235
CC(C)(Sc1ccc(CCN(CCc2ccc(-c3ccccc3)cc2)C(=O)NC2CCCCC2)cc1)C(=O)O,5.619788758288394,1,EC50,PPARG,CHEMBL235
CC(C)(Sc1ccc(CCN(CCc2ccc(-c3ccccc3)cc2)C(=O)Nc2cc(Cl)cc(Cl)c2)cc1)C(=O)O,5.698970004336019,1,EC50,PPARG,CHEMBL235
CC(C)=CCC/C(C)=C/Cc1c(O)cc(/C=C/c2cc(F)cc(F)c2)cc1O,5.600329725273209,2,"EC50,IC50",PPARG,CHEMBL235
CC(C)=CCC/C(C)=C/Cc1c(O)cc(/C=C/c2ccc(C#N)cc2)cc1O,5.920818753952375,1,IC50,PPARG,CHEMBL235
CC(C)=CCC/C(C)=C/Cc1c(O)cc(/C=C/c2ccc(C(F)(F)F)cc2)cc1O,5.09151498112135,1,IC50,PPARG,CHEMBL235
CC(C)=CCC/C(C)=C/Cc1c(O)cc(/C=C/c2ccc(C=O)cc2)cc1O,6.050609993355087,1,IC50,PPARG,CHEMBL235
CC(C)=CCC/C(C)=C/Cc1c(O)cc(/C=C/c2ccc(Cl)cc2)cc1O,6.267606240177031,1,IC50,PPARG,CHEMBL235
CC(C)=CCC/C(C)=C/Cc1c(O)cc(/C=C/c2ccc(F)cc2)cc1O,5.296559664975438,2,"EC50,IC50",PPARG,CHEMBL235
CC(C)=CCC/C(C)=C/Cc1c(O)cc(/C=C/c2ccc(O)cc2)cc1O,6.027758663924915,2,"EC50,IC50",PPARG,CHEMBL235
CC(C)=CCC/C(C)=C/Cc1c(O)cc(/C=C/c2cccc(C(F)(F)F)c2)cc1O,5.7883770630315965,2,"EC50,IC50",PPARG,CHEMBL235
CC(C)=CCC/C(C)=C/Cc1c(O)cc(/C=C/c2ccccc2)cc1O,5.685805534974844,2,"EC50,IC50",PPARG,CHEMBL235
CC(C)=CCC/C(C)=C/Cc1c(O)cc(/C=C/c2ccoc2)cc1O,5.744058319510563,2,"EC50,IC50",PPARG,CHEMBL235
CC(C)=CCC/C(C)=C/Cc1c(O)cc(/C=C/c2ccsc2)cc1O,5.6087636879168565,2,"EC50,IC50",PPARG,CHEMBL235
CC(C)=CCC[C@@](C)(O)[C@H]1CC[C@]2(C)[C@@H]1[C@H](O)C[C@@H]1[C@@]3(C)CC[C@H](O)C(C)(C)[C@@H]3[C@@H](O)C[C@]12C,4.266000713461613,1,Ki,PPARG,CHEMBL235
CC(C)=CCOc1cc(OCC=C(C)C)c2c(=O)cc(-c3ccccc3)oc2c1,6.431798275933005,1,Ki,PPARG,CHEMBL235
CC(C)=CCOc1cc(OCc2ccccc2)c2c(=O)cc(-c3ccccc3)oc2c1,5.48369061957464,2,"Ki,EC50",PPARG,CHEMBL235
CC(C)C(COc1ccc(C[C@H](Nc2ccccc2C(=O)c2ccccc2)C(=O)O)cc1)c1ccccc1,6.260000690598032,1,Ki,PPARG,CHEMBL235
CC(C)C(Oc1ccc(-c2cccc3ccccc23)cc1)C(=O)O,4.935542010773082,1,EC50,PPARG,CHEMBL235
CC(C)C1(CCOc2cc(CC(=O)O)ccc2Cl)CCN(c2nc3ccc(Cl)cc3s2)CC1,6.161150909262744,1,EC50,PPARG,CHEMBL235
CC(C)C1=CC(C)(C)Oc2cc(OCCCOc3ccc(CC(C)(C)C(=O)O)cc3)c(Cl)cc21,5.734003629504921,1,IC50,PPARG,CHEMBL235
CC(C)CC1(CCOc2cc(Cl)cc(CC(=O)O)c2)CCN(c2nc3ccc(Cl)cc3s2)CC1,6.337242168318426,1,EC50,PPARG,CHEMBL235
CC(C)CCNc1cc(Cl)nc(SC(C(=O)O)c2cccc3ccccc23)n1,5.050609993355087,1,EC50,PPARG,CHEMBL235
CC(C)CCS(=O)(=O)NC(=O)/C=C/c1cc(OC(C)C)nn1Cc1ccc(C(F)(F)F)cc1Cl,7.823908740944319,1,IC50,PPARG,CHEMBL235
CC(C)CO/N=C/c1ccc(OC(Cc2ccccc2)C(=O)[O-])cc1.[Na+],5.346787486224656,1,EC50,PPARG,CHEMBL235
CC(C)COc1ccc(Cl)cc1-c1ccccc1-c1cccc(C(=O)[O-])n1.[Na+],5.150000164057106,2,"Ki,EC50",PPARG,CHEMBL235
CC(C)COc1ccc2c(c1)c(Oc1cccc(C(F)(F)F)c1)c(C(=O)O)n2-c1ccc(C(C)(C)C)cc1,7.7447274948966935,1,IC50,PPARG,CHEMBL235
CC(C)C[C@H]1CN(c2nc3ccc(Cl)cc3s2)CCC1CCOc1cc(CC(=O)O)ccc1Cl,5.958607314841775,1,EC50,PPARG,CHEMBL235
CC(C)Cc1cc(Oc2ccccc2)ccc1OCCCOc1ccc(C2SC(=O)NC2=O)cc1,6.318758762624412,1,IC50,PPARG,CHEMBL235
CC(C)Cc1ccc(C(C)C(=O)OCc2ccc(CC(SCCc3ccc(F)cc3)C(=O)O)cc2)cc1,6.031517051446064,1,EC50,PPARG,CHEMBL235
CC(C)Cc1ccc(OCCCOc2ccc3c(c2)O[C@@](C)(C(=O)O)CC3)c(Cl)c1,5.522878745280337,1,IC50,PPARG,CHEMBL235
CC(C)Cn1ccc2cc(C(=O)NCc3ccc(CS(=O)(=O)C4CC4)cc3C(F)(F)F)ccc21,6.698970004336019,1,EC50,PPARG,CHEMBL235
CC(C)N(CCOc1ccc(CC2SC(=O)NC2=O)cc1)c1nc2ccccc2s1,4.698970004336019,1,IC50,PPARG,CHEMBL235
CC(C)N(Cc1ccc(CCC(=O)O)cc1)C(=O)c1cccc(CNC(=O)c2ccccc2)c1,4.412289034981089,1,IC50,PPARG,CHEMBL235
CC(C)O/N=C/c1ccc(OC(Cc2ccccc2)C(=O)[O-])cc1.[Na+],5.251811972993799,1,EC50,PPARG,CHEMBL235
CC(C)OC(=O)C(C)(C)Oc1ccc(C(=O)c2ccc(Cl)cc2)cc1,4.419274694542112,4,EC50,PPARG,CHEMBL235
CC(C)O[C@@H](Cc1ccc(OCc2noc(-c3cc(C(F)(F)F)cc(C(F)(F)F)c3)n2)cc1)C(=O)O,7.50003813440381,1,EC50,PPARG,CHEMBL235
CC(C)O[C@@H](Cc1ccc(OCc2noc(-c3ccc(C(C)C)cc3)n2)cc1)C(=O)O,8.397940008672037,1,EC50,PPARG,CHEMBL235
CC(C)O[C@H](Cc1ccc(OCc2noc(-c3cc(C(F)(F)F)cc(C(F)(F)F)c3)n2)cc1)C(=O)O,6.199998172182031,1,EC50,PPARG,CHEMBL235
CC(C)S(=O)(=O)n1ccc2cc(C(=O)NCc3ccc(CS(=O)(=O)C4CC4)cc3C(F)(F)F)ccc21,5.978810700930062,1,EC50,PPARG,CHEMBL235
CC(C)[C@H](Oc1ccc(-c2cccc3ccccc23)cc1)C(=O)O,4.939302159646388,1,EC50,PPARG,CHEMBL235
CC(C)c1ccc(/N=N/c2ccc(OCCc3ccc(OC(C)(C)C(=O)O)cc3)cc2)cc1,5.6777807052660805,1,EC50,PPARG,CHEMBL235
CC(C)c1ccc(/N=N\c2ccc(OCCc3ccc(OC(C)(C)C(=O)O)cc3)cc2)cc1,5.585026652029182,1,EC50,PPARG,CHEMBL235
CC(C)c1ccc(COc2ccc(C[C@H](Nc3ccccc3C(=O)c3ccccc3)C(=O)O)cc2)cc1,6.6550036645461725,2,Ki,PPARG,CHEMBL235
CC(C)c1ccc(NC(=O)N(CCc2ccc(SC(C)(C)C(=O)O)cc2)CCc2ccc(-c3ccccc3)cc2)cc1,5.4622265193037345,2,EC50,PPARG,CHEMBL235
CC(C)c1ccc(Nc2cc(Cl)nc(SC(C(=O)O)c3cccc4ccccc34)n2)cc1,5.119186407719209,1,EC50,PPARG,CHEMBL235
CC(C)c1ccc(OCCCOc2ccc3c(c2)O[C@@](C)(C(=O)O)CC3)c(Cl)c1,5.301029995663981,1,IC50,PPARG,CHEMBL235
CC(C)c1cccc(-n2c(C(=O)O)c(Oc3ccc(C(F)(F)F)cc3)c3ccccc32)c1,6.920818753952375,1,IC50,PPARG,CHEMBL235
CC(C)c1cccc(-n2c(C(=O)O)c(Oc3cccc(C(F)(F)F)c3)c3ccccc32)c1,7.221848749616356,1,IC50,PPARG,CHEMBL235
CC(C)c1cccc(-n2c(C(=O)O)c(Oc3cccc(O)c3)c3ccccc32)c1,6.991399828238082,1,IC50,PPARG,CHEMBL235
CC(C)c1cccc(Oc2c(C(=O)O)n(-c3ccc(C(C)(C)C)cc3)c3cc(Cl)ccc23)c1,7.721246399047171,1,IC50,PPARG,CHEMBL235
CC(C)c1ccccc1-c1ccc(O[C@@H](Cc2ccccc2)C(=O)O)cc1,6.0,1,EC50,PPARG,CHEMBL235
CC(C)n1ccc2cc(C(=O)NCc3ccc(CS(=O)(=O)C4CC4)cc3C(F)(F)F)ccc21,6.309803919971486,1,EC50,PPARG,CHEMBL235
CC(COc1ccc(C[C@H](Nc2ccccc2C(=O)c2ccccc2)C(=O)O)cc1)Cc1ccccc1,6.270001452716578,1,Ki,PPARG,CHEMBL235
CC(Cc1ccc(C(=O)NCc2ccccc2C(F)(F)F)cc1)C(=O)O,5.522878745280337,1,EC50,PPARG,CHEMBL235
CC(Cc1ccc(OCCN(C)c2nc3ccccc3o2)cc1)C(=O)O,5.823908740944319,1,Ki,PPARG,CHEMBL235
CC(Cc1ccccc1)(Oc1ccc(Cl)cc1)C(=O)O,5.4089353929735005,1,IC50,PPARG,CHEMBL235
CC(NC(=O)c1ccc2c(ccn2Cc2ccc(F)cc2F)c1)c1cccc2ccccc12,7.309803919971486,1,IC50,PPARG,CHEMBL235
CC(O)c1ccc(CCOc2ccc(CC3SC(=O)NC3=O)cc2)nc1,5.707640768379709,5,"Ki,EC50,IC50",PPARG,CHEMBL235
CC(OC(=O)Cc1cccc(SCc2ccccc2C(=O)O)c1)c1ccc(C(F)(F)F)cc1,5.455931955649724,1,EC50,PPARG,CHEMBL235
CC(Oc1ccc(-c2cccc3ccccc23)cc1)(C(=O)O)c1ccccc1,5.366531544420413,2,EC50,PPARG,CHEMBL235
CC(Oc1ccc(Cc2ccc(OCc3coc(-c4ccccc4)n3)cc2)cc1)C(=O)O,6.537602002101044,1,EC50,PPARG,CHEMBL235
CC(SCc1ccccc1)C(NC(=O)c1ccccc1)C(=O)O,5.173925197299173,1,EC50,PPARG,CHEMBL235
CC(c1cccc(F)c1)n1ccc2cc(C(=O)NCc3ccc(CS(C)(=O)=O)cc3C(F)(F)F)ccc21,5.872895201635192,1,EC50,PPARG,CHEMBL235
CC/C(=C\c1cc(OCc2ccc3nc(C(F)(F)F)cc(OC)c3c2)ccc1OCc1ccc(F)cc1)C(=O)O,5.2441251443275085,1,IC50,PPARG,CHEMBL235
CC/C(=C\c1ccc(C(=O)NCc2ccccc2C(F)(F)F)cc1)C(=O)O,5.657577319177793,1,EC50,PPARG,CHEMBL235
CC/C(=N\OCCOc1ccc(CC2SC(=O)NC2=O)cc1)c1ccc(-c2ccccc2)cc1,5.795880017344075,1,EC50,PPARG,CHEMBL235
CC/C=C/C(=O)N(C)CCOc1ccc(CC2SC(=O)NC2=O)cc1,5.920818753952375,1,Ki,PPARG,CHEMBL235
CC/C=C\C/C=C\C/C=C\C/C=C\C/C=C\CCCC(=O)O,5.795880017344075,1,IC50,PPARG,CHEMBL235
CC/C=C\C/C=C\C/C=C\CCCCCCCC(=O)O,5.221848749616356,1,IC50,PPARG,CHEMBL235
CC1(C(=O)O)CCc2ccc(OCCCOc3ccc(Oc4ccccc4)cc3Cl)cc2O1,6.148784731777237,2,"EC50,IC50",PPARG,CHEMBL235
CC1(C)C=Cc2cc3c(cc2O1)C[C@H](c1ccc(O)c(O)c1)CC3=O,5.236572006437063,1,Ki,PPARG,CHEMBL235
CC1(C)C=Cc2cc3c(cc2O1)C[C@H](c1ccc(O)cc1)CC3=O,5.309803919971486,1,Ki,PPARG,CHEMBL235
CC1(C)CCC(C)(C)c2cc(OCCOc3ccc(CC(C(=O)O)C(=O)O)cc3)ccc21,5.688246138944246,1,EC50,PPARG,CHEMBL235
CC1(C)CCC(c2ccc(OCCCOc3ccc4c(c3)O[C@@](C)(C(=O)O)CC4)c(Cl)c2)CC1,5.1938200260161125,1,IC50,PPARG,CHEMBL235
CC1(CC/C=N/Nc2nc3ccccc3s2)CCc2cc(OCc3ccc(F)cc3)ccc2O1,5.485452247339714,1,EC50,PPARG,CHEMBL235
CC1(CC/C=N/Nc2ncc(Cl)cc2C(F)(F)F)CCc2cc(OCc3ccc(F)cc3)ccc2O1,5.2564902352715706,1,EC50,PPARG,CHEMBL235
CC1(COc2ccc(CC3SC(=O)NC3=O)cc2)CCCCC1,5.516439051694693,2,"Ki,EC50",PPARG,CHEMBL235
CC1(COc2ccc(C[C@H](Nc3ccccc3C(=O)c3ccccc3)C(=O)O)cc2)CCCCC1,7.289967300934246,1,Ki,PPARG,CHEMBL235
CC1=C(C(=O)O)C(c2ccc(OCCCOc3cc(C)nc4ccccc34)cc2)NC(=O)N1,6.1249387366083,1,IC50,PPARG,CHEMBL235
CC1=C(C(=O)O)C(c2ccc(OCCCOc3cccc4[nH]c5ccccc5c34)cc2)NC(=O)N1,6.045757490560675,1,IC50,PPARG,CHEMBL235
CC1=C(C(=O)O)C(c2ccc(OCCCn3ccc4cccnc43)cc2)NC(=O)N1,6.1249387366083,1,IC50,PPARG,CHEMBL235
CC1=C(C(=O)O)C(c2ccc(OCCOc3cc(C)nc4ccccc34)cc2)NC(=O)N1,6.119186407719209,1,IC50,PPARG,CHEMBL235
CC1=C(C(=O)O)C(c2ccc(OCCOc3ccc(C(=O)c4ccc(Cl)cc4)cc3)cc2)NC(=O)N1,6.031517051446064,1,IC50,PPARG,CHEMBL235
CC1=C(C(=O)O)C(c2ccc(OCCOc3cccc4[nH]c5ccccc5c34)cc2)NC(=O)N1,6.0,1,IC50,PPARG,CHEMBL235
CC1=C(C(=O)O)C(c2ccc(OCCOc3cccc4ccc(C)nc34)cc2)NC(=O)N1,6.221848749616356,1,IC50,PPARG,CHEMBL235
CC1=C(C(=O)O)C(c2ccc(OCCn3c4ccccc4c4ccccc43)cc2)NC(=O)N1,6.045757490560675,1,IC50,PPARG,CHEMBL235
CC1=C(C(=O)O)C(c2ccc(OCCn3ccc4cccnc43)cc2)NC(=O)N1,6.0,1,IC50,PPARG,CHEMBL235
CC1=C(CC(=O)O)c2cc(F)ccc2/C1=C/c1cccc(C)c1,5.279840696594043,1,EC50,PPARG,CHEMBL235
CC1=C(CC(=O)O)c2cc(F)ccc2/C1=C\c1ccc(F)cc1,4.933301449577005,1,EC50,PPARG,CHEMBL235
CC1=C(CC(=O)O)c2cc(F)ccc2/C1=C\c1ccc([S+](C)[O-])cc1,4.644931793651149,1,EC50,PPARG,CHEMBL235
CC1=C(CC(=O)O)c2cc(F)ccc2/C1=C\c1cccc(Br)c1,5.336299074610352,1,EC50,PPARG,CHEMBL235
CC1=C(CC(=O)O)c2cc(F)ccc2/C1=C\c1cccc(C(C)C)c1,5.193141970481182,1,EC50,PPARG,CHEMBL235
CC1=C(CC(=O)O)c2cc(F)ccc2/C1=C\c1cccc(C)c1,4.92009553233328,1,EC50,PPARG,CHEMBL235
CC1=C(CC(=O)O)c2cc(F)ccc2/C1=C\c1cccc(Cl)c1,5.7594507517174005,1,EC50,PPARG,CHEMBL235
CC1=C(CC(=O)O)c2cc(F)ccc2/C1=C\c1cccc(F)c1,5.735182176990463,1,EC50,PPARG,CHEMBL235
CC1=C(CC(=O)O)c2cc(F)ccc2/C1=C\c1cccc(O)c1,5.201349354554731,1,EC50,PPARG,CHEMBL235
CC1=C(CC(=O)O)c2cc(F)ccc2/C1=C\c1cccc(OCc2ccccc2)c1,6.031517051446064,1,EC50,PPARG,CHEMBL235
CC1=C(CC(=O)O)c2cc(F)ccc2/C1=C\c1cccc(Oc2ccccc2)c1,5.928854709548917,1,EC50,PPARG,CHEMBL235
CC1=C(CC(=O)O)c2cc(F)ccc2/C1=C\c1ccccc1,5.555955204081924,1,EC50,PPARG,CHEMBL235
CC1CCC(NC(=O)NS(=O)(=O)c2ccc(CCNS(=O)(=O)c3ccc(Br)cc3)cc2)CC1,5.795880017344075,1,IC50,PPARG,CHEMBL235
CC1CCC(NC(=O)NS(=O)(=O)c2ccc(CCNS(=O)(=O)c3ccccc3)cc2)CC1,5.468521082957745,1,IC50,PPARG,CHEMBL235
CC1CN(c2nc3ccc(Cl)cc3s2)CCC1CCOc1cc(CC(=O)O)ccc1Cl,5.853871964321762,1,EC50,PPARG,CHEMBL235
CC=C/C=C\CC/C=C/C=C/C(=O)NCC(C)C,4.281498311132726,1,EC50,PPARG,CHEMBL235
CCC#CCOc1cc(COC2CCCC2)ccc1Sc1ccc(OCC(=O)O)c2c1CCCC2,6.710108201691595,2,"Ki,EC50",PPARG,CHEMBL235
CCC#CCOc1cc(COC2CCOCC2)ccc1Sc1ccc(OCC(=O)O)c2c1CCCC2,6.261439372640169,2,"Ki,EC50",PPARG,CHEMBL235
CCC#CCOc1cc(COCC2CC2)ccc1Sc1ccc(OCC(=O)O)c2c1CCCC2,6.6837713539076375,2,"Ki,EC50",PPARG,CHEMBL235
CCC#CCOc1cc(COc2ccc(C(F)(F)F)cc2)ccc1Sc1ccc(OCC(=O)O)c2c1CCCC2,7.1386830387330935,2,"Ki,EC50",PPARG,CHEMBL235
CCC#CCOc1cc(COc2ccc(C(F)(F)F)cn2)ccc1Sc1ccc(OCC(=O)O)c2c1CCCC2,6.692762316954802,2,"Ki,EC50",PPARG,CHEMBL235
CCC#CCOc1cc(COc2ccc(Cl)cc2)ccc1Sc1ccc(OCC(=O)O)c2c1CCCC2,6.83037368298365,2,"Ki,EC50",PPARG,CHEMBL235
CCC#CCOc1cc(COc2ccc(Cl)cc2C)ccc1Sc1ccc(OCC(=O)O)c2c1CCCC2,6.519289452966776,2,"Ki,EC50",PPARG,CHEMBL235
CCC#CCOc1cc(COc2cccc(C(F)(F)F)c2)ccc1Sc1ccc(OCC(=O)O)c2c1CCCC2,7.022878745280337,2,"Ki,EC50",PPARG,CHEMBL235
CCC#CCOc1cc(COc2ccccc2C(F)(F)F)ccc1Sc1ccc(OCC(=O)O)c2c1CCCC2,6.058169282423191,2,"Ki,EC50",PPARG,CHEMBL235
CCC(C(=O)Nc1ccc2c(c1)c(C)c(C)n2Cc1ccc(-c2ccccc2C(=O)O)cc1)c1ccccc1,6.241088107602026,1,IC50,PPARG,CHEMBL235
CCC(C(=O)O)C1CCc2cc(OCCc3coc(-c4ccccc4)n3)ccc21,6.514278573518419,1,EC50,PPARG,CHEMBL235
CCC(C(=O)O)C1CCc2cc(OCCc3nc(-c4c(F)cccc4F)oc3C)ccc21,6.434152181326482,1,EC50,PPARG,CHEMBL235
CCC(C(=O)O)C1CCc2cc(OCCc3nc(-c4cc(C(F)(F)F)cc(C(F)(F)F)c4)oc3C)ccc21,6.607303046740334,1,EC50,PPARG,CHEMBL235
CCC(C(=O)O)C1CCc2cc(OCCc3nc(-c4cc(C)on4)oc3C)ccc21,6.118045028660399,1,EC50,PPARG,CHEMBL235
CCC(C(=O)O)C1CCc2cc(OCCc3nc(-c4cc5ccccc5s4)oc3C)ccc21,7.431798275933005,1,EC50,PPARG,CHEMBL235
CCC(C(=O)O)C1CCc2cc(OCCc3nc(-c4ccc(-c5ccccc5)cc4)oc3C)ccc21,7.366531544420414,1,EC50,PPARG,CHEMBL235
CCC(C(=O)O)C1CCc2cc(OCCc3nc(-c4ccc(C(C)(C)C)cc4)oc3C)ccc21,7.721246399047171,1,EC50,PPARG,CHEMBL235
CCC(C(=O)O)C1CCc2cc(OCCc3nc(-c4ccc(C(C)C)cc4)oc3C)ccc21,7.657577319177793,1,EC50,PPARG,CHEMBL235
CCC(C(=O)O)C1CCc2cc(OCCc3nc(-c4ccc(C(F)(F)F)cc4)oc3C)ccc21,6.688246138944246,1,EC50,PPARG,CHEMBL235
CCC(C(=O)O)C1CCc2cc(OCCc3nc(-c4ccc(C)c(C)c4)oc3C)ccc21,7.494850021680094,1,EC50,PPARG,CHEMBL235
CCC(C(=O)O)C1CCc2cc(OCCc3nc(-c4ccc(C)c(F)c4)oc3C)ccc21,7.366531544420414,1,EC50,PPARG,CHEMBL235
CCC(C(=O)O)C1CCc2cc(OCCc3nc(-c4ccc(C)cc4)oc3C)ccc21,7.346787486224656,1,EC50,PPARG,CHEMBL235
CCC(C(=O)O)C1CCc2cc(OCCc3nc(-c4ccc(Cl)c(Cl)c4)oc3C)ccc21,6.954800425372269,2,EC50,PPARG,CHEMBL235
CCC(C(=O)O)C1CCc2cc(OCCc3nc(-c4ccc(Cl)cc4)oc3C)ccc21,6.686132779630847,1,EC50,PPARG,CHEMBL235
CCC(C(=O)O)C1CCc2cc(OCCc3nc(-c4ccc(Cl)cc4Cl)oc3C)ccc21,6.131943638176958,1,EC50,PPARG,CHEMBL235
CCC(C(=O)O)C1CCc2cc(OCCc3nc(-c4ccc(F)c(C)c4)oc3C)ccc21,7.113509274827518,1,EC50,PPARG,CHEMBL235
CCC(C(=O)O)C1CCc2cc(OCCc3nc(-c4ccc(F)cc4)oc3C)ccc21,7.020813633760696,2,EC50,PPARG,CHEMBL235
CCC(C(=O)O)C1CCc2cc(OCCc3nc(-c4ccc(OC)c(OC)c4)oc3C)ccc21,7.075720713938118,1,EC50,PPARG,CHEMBL235
CCC(C(=O)O)C1CCc2cc(OCCc3nc(-c4ccc(OC)cc4)oc3C)ccc21,7.376750709602099,1,EC50,PPARG,CHEMBL235
CCC(C(=O)O)C1CCc2cc(OCCc3nc(-c4ccc5c(c4)OCC5)oc3C)ccc21,8.221848749616356,1,EC50,PPARG,CHEMBL235
CCC(C(=O)O)C1CCc2cc(OCCc3nc(-c4ccc5c(c4)OCO5)oc3C)ccc21,7.853871964321762,1,EC50,PPARG,CHEMBL235
CCC(C(=O)O)C1CCc2cc(OCCc3nc(-c4ccc5ccccc5c4)oc3C)ccc21,7.795880017344075,1,EC50,PPARG,CHEMBL235
CCC(C(=O)O)C1CCc2cc(OCCc3nc(-c4cccc(C(F)(F)F)c4)oc3C)ccc21,7.6777807052660805,1,EC50,PPARG,CHEMBL235
CCC(C(=O)O)C1CCc2cc(OCCc3nc(-c4cccc(C)c4)oc3C)ccc21,7.468521082957745,1,EC50,PPARG,CHEMBL235
CCC(C(=O)O)C1CCc2cc(OCCc3nc(-c4cccc(F)c4)oc3C)ccc21,7.214670164989233,1,EC50,PPARG,CHEMBL235
CCC(C(=O)O)C1CCc2cc(OCCc3nc(-c4cccc(OC)c4)oc3C)ccc21,9.0,1,EC50,PPARG,CHEMBL235
CCC(C(=O)O)C1CCc2cc(OCCc3nc(-c4cccc5ccccc45)oc3C)ccc21,6.94692155651658,1,EC50,PPARG,CHEMBL235
CCC(C(=O)O)C1CCc2cc(OCCc3nc(-c4ccccc4)oc3-c3ccccc3)ccc21,6.209714835966759,1,EC50,PPARG,CHEMBL235
CCC(C(=O)O)C1CCc2cc(OCCc3nc(-c4ccccc4)oc3C(C)C)ccc21,6.459670525209127,1,EC50,PPARG,CHEMBL235
CCC(C(=O)O)C1CCc2cc(OCCc3nc(-c4ccccc4)oc3C)c(-c3ccc(Cl)cc3)cc21,6.774690718274137,1,EC50,PPARG,CHEMBL235
CCC(C(=O)O)C1CCc2cc(OCCc3nc(-c4ccccc4)oc3C)c(-c3ccc(OC)cc3)cc21,6.906578314837764,1,EC50,PPARG,CHEMBL235
CCC(C(=O)O)C1CCc2cc(OCCc3nc(-c4ccccc4)oc3C)c(-c3ccccc3)cc21,6.537602002101044,1,EC50,PPARG,CHEMBL235
CCC(C(=O)O)C1CCc2cc(OCCc3nc(-c4ccccc4)oc3C)c(Cl)cc21,6.531652669587842,1,EC50,PPARG,CHEMBL235
CCC(C(=O)O)C1CCc2cc(OCCc3nc(-c4ccccc4)oc3C)ccc21,7.376750709602099,1,EC50,PPARG,CHEMBL235
CCC(C(=O)O)C1CCc2cc(OCCc3nc(-c4ccccc4)sc3C)ccc21,7.070581074285707,1,EC50,PPARG,CHEMBL235
CCC(C(=O)O)C1CCc2cc(OCCc3nc(-c4ccccc4C)oc3C)ccc21,6.815308569182401,1,EC50,PPARG,CHEMBL235
CCC(C(=O)O)C1CCc2cc(OCCc3nc(-c4ccccc4F)oc3C)ccc21,7.309803919971486,1,EC50,PPARG,CHEMBL235
CCC(C(=O)O)C1CCc2cc(OCCc3nc(-c4ccco4)oc3C)ccc21,6.402304814074488,1,EC50,PPARG,CHEMBL235
CCC(C(=O)O)C1CCc2cc(OCCc3nc(C4CCCC4)oc3C)ccc21,6.673664139071249,1,EC50,PPARG,CHEMBL235
CCC(C(=O)O)C1CCc2cc(OCCc3nc(C4CCCCC4)oc3C)ccc21,6.866461091629782,1,EC50,PPARG,CHEMBL235
CCC(C(=O)O)C1CCc2cc(OCCc3nc(COc4ccc(Cl)cc4)oc3C)ccc21,6.982966660701219,1,EC50,PPARG,CHEMBL235
CCC(C(=O)O)C1CCc2cc(OCCc3nc(COc4ccccc4)oc3C)ccc21,7.346787486224656,1,EC50,PPARG,CHEMBL235
CCC(C(=O)O)C1CCc2cc(OCCc3nc(Cc4ccc(F)cc4)oc3C)ccc21,6.281498311132726,1,EC50,PPARG,CHEMBL235
CCC(C(=O)O)C1CCc2cc(OCCc3nc(Cc4ccccc4)oc3C)ccc21,6.481486060122112,1,EC50,PPARG,CHEMBL235
CCC(C(=O)O)C1CCc2cc(OCCn3nc(-c4ccccc4)cc3C)ccc21,6.707743928643524,1,EC50,PPARG,CHEMBL235
CCC(C(=O)O)C1CCc2cc(OCc3nc(-c4ccccc4)oc3C)ccc21,6.199282921717614,1,EC50,PPARG,CHEMBL235
CCC(C)(C)c1ccc(OCCCOc2ccc3c(c2)O[C@@](C)(C(=O)O)CC3)c(Cl)c1,4.823908740944319,1,IC50,PPARG,CHEMBL235
CCC(C)(Cc1ccc(OCCCOc2ccc(Oc3ccc(F)cc3)cc2Cl)cc1)C(=O)O,5.906578314837764,1,IC50,PPARG,CHEMBL235
CCC(C)(Oc1ccc(-c2cccc3ccccc23)cc1)C(=O)O,5.3448615651886175,1,EC50,PPARG,CHEMBL235
CCC(C)C(=O)O[C@@H](C[C@@]1(C)[C@H](C)C[C@H](O)[C@]2(C)[C@@H]1CCC[C@H]2C(=O)OC)C1=CC(=O)OC1,4.886056647693163,1,IC50,PPARG,CHEMBL235
CCC(C)C(=O)O[C@@H](C[C@@]1(C)[C@H](C)C[C@H](OC(C)=O)[C@]2(COC(C)=O)[C@@H]1CCC[C@]21CO1)C1=CC(=O)OC1,4.913640169325252,1,IC50,PPARG,CHEMBL235
CCC(C)C1(CCOc2cc(Cl)cc(CC(=O)O)c2)CCN(c2nc3ccc(Cl)cc3s2)CC1,6.638272163982407,1,EC50,PPARG,CHEMBL235
CCC(Cc1ccc(C(=O)NCc2ccc(C(F)(F)F)cc2)cc1)C(=O)O,5.200659450546418,1,EC50,PPARG,CHEMBL235
CCC(Cc1ccc(C(=O)NCc2ccc(Cl)cc2)cc1)C(=O)O,5.3979400086720375,1,EC50,PPARG,CHEMBL235
CCC(Cc1ccc(C(=O)NCc2ccc(F)cc2C(F)(F)F)cc1)C(=O)O,6.221848749616356,1,EC50,PPARG,CHEMBL235
CCC(Cc1ccc(C(=O)NCc2ccc(OC(F)(F)F)cc2)cc1)C(=O)O,5.698970004336019,1,EC50,PPARG,CHEMBL235
CCC(Cc1ccc(C(=O)NCc2ccc(OC)cc2)cc1)C(=O)O,5.154901959985743,1,EC50,PPARG,CHEMBL235
CCC(Cc1ccc(C(=O)NCc2ccc(OC)cc2C(F)(F)F)cc1)C(=O)O,6.465907069126919,2,EC50,PPARG,CHEMBL235
CCC(Cc1ccc(C(=O)NCc2ccc(Oc3ccccc3)cc2)cc1)C(=O)O,6.522878745280337,1,EC50,PPARG,CHEMBL235
CCC(Cc1ccc(C(=O)NCc2ccccc2)cc1)C(=O)O,4.8696662315049934,1,EC50,PPARG,CHEMBL235
CCC(Cc1ccc(C(=O)NCc2ccccc2C(F)(F)F)cc1)C(=O)O,5.318758762624412,1,EC50,PPARG,CHEMBL235
CCC(Cc1ccc(C(=O)NCc2ccccc2C)cc1)C(=O)O,5.3979400086720375,1,EC50,PPARG,CHEMBL235
CCC(Cc1ccc(C(=O)NCc2ccccc2OC(F)(F)F)cc1)C(=O)O,5.096910013008056,1,EC50,PPARG,CHEMBL235
CCC(Cc1ccc(OC)c(C(=O)NCc2ccc(C(F)(F)F)cc2)c1)C(=O)O,6.3979400086720375,1,EC50,PPARG,CHEMBL235
CCC(Cc1ccc(OC)c(CNC(=O)c2ccc(C(F)(F)F)cc2)c1)C(=O)O,5.585026652029182,1,EC50,PPARG,CHEMBL235
CCC(Cc1ccc(OC)c(CNC(=O)c2ccc(C(F)(F)F)cc2F)c1)C(=O)O,5.657577319177793,1,EC50,PPARG,CHEMBL235
CCC(Cc1ccc(OCCc2nc(-c3ccccc3)oc2C)cc1)(Oc1ccccc1)C(=O)O,6.54515513999149,1,EC50,PPARG,CHEMBL235
CCC(Cc1ccc(OCCc2nc(-c3ccccc3)oc2C)nc1)C(=O)O,5.958607314841775,1,Ki,PPARG,CHEMBL235
CCC(Cc1ccc(OCc2ccccc2)c(CNC(=O)c2ccc(C(F)(F)F)cc2)c1)C(=O)O,5.207608310501746,1,EC50,PPARG,CHEMBL235
CCC(Cc1cccc(C(=O)NCc2ccccc2C(F)(F)F)c1)C(=O)O,5.1938200260161125,1,EC50,PPARG,CHEMBL235
CCC(NC(=O)c1ccc2c(c1)c(C)c(C)n2Cc1ccc(-c2ccccc2-c2nnn[nH]2)cc1)c1ccccc1,8.221848749616356,1,IC50,PPARG,CHEMBL235
CCC(NC(=O)c1ccc2c(c1)c(C)c(C)n2Cc1ccc(-c2ccccc2C#N)cc1)c1ccccc1,9.267606240177031,1,IC50,PPARG,CHEMBL235
CCC(NC(=O)c1ccc2c(c1)c(C)c(C)n2Cc1ccc(-c2ccccc2C(=O)O)cc1)c1ccccc1,8.627918737410571,4,"EC50,IC50",PPARG,CHEMBL235
CCC(NC(=O)c1ccc2c(c1)c(C)c(C)n2Cc1ccc(Cl)cc1)c1ccccc1,7.537602002101044,1,IC50,PPARG,CHEMBL235
CCC(NC(=O)c1ccc2c(c1)c(C)c(C)n2Cc1ccccc1-c1cccc(C(=O)O)c1)c1ccccc1,7.00436480540245,1,IC50,PPARG,CHEMBL235
CCC(NC(=O)c1ccc2c(c1)c(C)cn2Cc1ccc(-c2ccccc2C(=O)O)cc1)c1ccccc1,8.698970004336019,1,IC50,PPARG,CHEMBL235
CCC(NC(=O)c1ccc2c(c1)c(SC)c(C)n2Cc1ccc(-c2ccccc2C(=O)O)cc1)c1ccccc1,7.920818753952375,1,IC50,PPARG,CHEMBL235
CCC(NC(=O)c1ccc2c(c1)cc(C)n2Cc1ccc(-c2ccccc2C(=O)O)cc1)c1ccccc1,8.221848749616356,2,IC50,PPARG,CHEMBL235
CCC(NC(=O)c1ccc2c(ccn2C(=O)c2cccc(F)c2F)c1)c1ccccc1,6.249491605148654,1,IC50,PPARG,CHEMBL235
CCC(NC(=O)c1ccc2c(ccn2C(=O)c2ccccc2)c1)c1ccccc1,6.0,1,IC50,PPARG,CHEMBL235
CCC(NC(=O)c1ccc2c(ccn2Cc2ccc(-c3ccccc3C(=O)O)cc2)c1)c1ccccc1,8.221848749616356,1,IC50,PPARG,CHEMBL235
CCC(NC(=O)c1ccc2c(ccn2Cc2ccc(Cl)nc2)c1)c1ccccc1,8.522878745280337,1,IC50,PPARG,CHEMBL235
CCC(NC(=O)c1ccc2c(ccn2Cc2ccc(F)cc2F)c1)c1ccccc1,9.0,2,IC50,PPARG,CHEMBL235
CCC(NC(=O)c1ccc2c(ccn2Cc2cccc(-c3ccc(C(=O)O)cc3)c2)c1)c1ccccc1,8.698970004336019,1,IC50,PPARG,CHEMBL235
CCC(NC(=O)c1ccc2c(ccn2Cc2cccc(-c3ccccc3C(=O)O)c2)c1)c1ccccc1,8.221848749616356,1,IC50,PPARG,CHEMBL235
CCC(NC(=O)c1ccc2c(ccn2Cc2ccccc2-c2ccc(C(=O)O)cc2)c1)c1ccccc1,8.0,1,IC50,PPARG,CHEMBL235
CCC(NC(=O)c1ccc2c(ccn2Cc2ccccc2-c2cccc(C(=O)O)c2)c1)c1ccccc1,8.397940008672037,1,IC50,PPARG,CHEMBL235
CCC(NC(=O)c1ccc2c(ccn2S(=O)(=O)c2ccc(C)cc2)c1)c1ccccc1,7.008773924307505,1,IC50,PPARG,CHEMBL235
CCC(NC(=O)c1ccc2c(ccn2S(=O)(=O)c2cccc3ccccc23)c1)c1ccccc1,8.154901959985743,1,IC50,PPARG,CHEMBL235
CCC(NC(=O)c1ccc2cc(C)n(Cc3ccc(-c4ccccc4C(=O)O)cc3)c2c1)c1ccccc1,6.493494967595128,1,IC50,PPARG,CHEMBL235
CCC(OC(=O)N(Cc1ccccc1)C(=O)Nc1cc(OC)cc(OC)c1)c1cc(-c2ccc(OC(C)(C)C(=O)O)cc2)no1,8.481486060122112,1,EC50,PPARG,CHEMBL235
CCC(Oc1ccc(-c2cccc3ccccc23)cc1)C(=O)O,5.0,1,EC50,PPARG,CHEMBL235
CCC(Oc1cccc(Cc2c(C)n(C(=O)c3ccc(OC)cc3)c3ccc(OC(F)(F)F)cc23)c1)C(=O)O,8.522878745280337,1,IC50,PPARG,CHEMBL235
CCC(Oc1ccccc1Cc1c(C)n(C(=O)c2ccc(OC)cc2)c2ccc(OC(F)(F)F)cc12)C(=O)O,8.522878745280337,1,IC50,PPARG,CHEMBL235
CCC(Sc1nc(Cl)cc(Nc2cccc(C)c2C)n1)C(=O)O,4.920818753952375,1,EC50,PPARG,CHEMBL235
CCC(Sc1nc(Cl)cc(Nc2nc(-c3ccc(Cl)cc3)cs2)n1)C(=O)O,5.4089353929735005,1,EC50,PPARG,CHEMBL235
CCC/C(=C\c1cc(OCc2ccc3[nH]c(=O)ccc3c2)ccc1OCc1ccc(F)cc1)C(=O)O,5.214670164989233,1,IC50,PPARG,CHEMBL235
CCC/C(=C\c1cc(OCc2ccc3c(ccc[n+]3[O-])c2)ccc1OCc1ccc(F)cc1)C(=O)O,5.214670164989233,1,IC50,PPARG,CHEMBL235
CCC/C(=C\c1cc(OCc2ccc3ccccc3c2)ccc1OCc1ccc(F)cc1)C(=O)O,4.801342913045578,1,IC50,PPARG,CHEMBL235
CCC/C(=C\c1cc(OCc2ccc3ccccc3n2)ccc1OCc1ccc(F)cc1)C(=O)O,4.882728704344236,1,IC50,PPARG,CHEMBL235
CCC/C(=C\c1cc(OCc2ccc3cccnc3c2)ccc1OCc1ccc(F)cc1)C(=O)O,4.621602099051862,1,IC50,PPARG,CHEMBL235
CCC/C(=C\c1cc(OCc2ccc3nc(C(F)(F)F)cc(OC)c3c2)ccc1NC(=O)c1ccc(F)cc1)C(=O)O,5.022276394711152,1,IC50,PPARG,CHEMBL235
CCC/C(=C\c1cc(OCc2ccc3nc(C(F)(F)F)cc(OC)c3c2)ccc1OCC1CCN(C)CC1)C(=O)O,5.6020599913279625,1,IC50,PPARG,CHEMBL235
CCC/C(=C\c1cc(OCc2ccc3nc(C(F)(F)F)cc(OC)c3c2)ccc1OCCN1CCN(C)CC1)C(=O)O,5.260861084040197,2,IC50,PPARG,CHEMBL235
CCC/C(=C\c1cc(OCc2ccc3nc(C(F)(F)F)cc(OC)c3c2)ccc1OCCN1CCNCC1)C(=O)O,5.017728766960431,1,IC50,PPARG,CHEMBL235
CCC/C(=C\c1cc(OCc2ccc3nc(C(F)(F)F)cc(OC)c3c2)ccc1OCc1ccc(F)cc1)C(=O)O,5.494850021680094,1,IC50,PPARG,CHEMBL235
CCC/C(=C\c1cc(OCc2ccc3nc(C(F)(F)F)cc(OC)c3c2)ccc1OCc1cccc(F)c1)C(=O)O,5.4089353929735005,1,IC50,PPARG,CHEMBL235
CCC/C(=C\c1cc(OCc2ccc3nc(C(F)(F)F)cc(OC)c3c2)ccc1OCc1ccccc1)C(=O)O,5.142667503568731,1,IC50,PPARG,CHEMBL235
CCC/C(=C\c1cc(OCc2ccc3nc(C(F)(F)F)cc(OC)c3c2)ccc1OCc1ccccc1F)C(=O)O,5.455931955649724,1,IC50,PPARG,CHEMBL235
CCC/C(=C\c1cc(OCc2ccc3nc(C(F)(F)F)cc(OC)c3c2)ccc1OCc1ccncc1)C(=O)O,5.327902142064282,1,IC50,PPARG,CHEMBL235
CCC/C(=C\c1cc(OCc2ccc3nc(C)ccc3c2)ccc1OCc1ccc(F)cc1)C(=O)O,5.376750709602099,1,IC50,PPARG,CHEMBL235
CCC/C(=C\c1cc(OCc2ccc3ncccc3c2)ccc1OCC1CCN(C)CC1)C(=O)O,4.82102305270683,1,IC50,PPARG,CHEMBL235
CCC/C(=C\c1cc(OCc2ccc3ncccc3c2)ccc1OCc1ccc(F)cc1)C(=O)O,5.301029995663981,1,IC50,PPARG,CHEMBL235
CCC/C=C1/C(=O)O[C@@H](C)[C@@H]1O,4.6890692654453865,2,"Ki,EC50",PPARG,CHEMBL235
CCC/C=C1/C(=O)O[C@@H](C)[C@H]1O,4.596193389452577,1,EC50,PPARG,CHEMBL235
CCC1(C(=O)O)CCc2ccc(OCCCOc3ccc(Oc4ccccc4)cc3)cc2O1,5.0,1,EC50,PPARG,CHEMBL235
CCC1(C(=O)O)CCc2ccc(OCCCOc3ccc(Oc4ccccc4)cc3Cl)cc2O1,6.47851546330341,2,"EC50,IC50",PPARG,CHEMBL235
CCC1(C(=O)O)CCc2ccc(OCCCOc3ccc(Oc4ccccc4)cc3F)cc2O1,5.663951071032141,2,"EC50,IC50",PPARG,CHEMBL235
CCC1(C(=O)O)Cc2cc(OCCCOc3ccc(C(C)(C)C)cc3Cl)ccc2O1,5.363512103646634,1,IC50,PPARG,CHEMBL235
CCC1(C(=O)O)Cc2cc(OCCCOc3ccc(CC(C)(C)C)cc3Cl)ccc2O1,5.251811972993799,1,IC50,PPARG,CHEMBL235
CCC1(C(=O)O)Cc2cc(OCCCOc3ccc(SC(F)(F)F)cc3Cl)ccc2O1,5.169411331314856,1,IC50,PPARG,CHEMBL235
CCC1(C(=O)O)Cc2ccc(OCCCOc3ccc(OC(F)(F)F)cc3Cl)cc2O1,5.492144128304169,1,IC50,PPARG,CHEMBL235
CCC1(CCOc2cc(CC(=O)O)ccc2Cl)CCN(c2nc3ccc(Cl)cc3s2)CC1,6.113509274827518,1,EC50,PPARG,CHEMBL235
CCC1=C[C@@](CC)(C[C@H](/C=C/C(C)=O)CC)O/C1=C\C(=O)OC,5.301029995663981,1,EC50,PPARG,CHEMBL235
CCC1=C[C@@](CC)(C[C@H](/C=C/C(C)=O)CC)OC1=O,5.698970004336019,1,EC50,PPARG,CHEMBL235
CCC1=C[C@@](CC)(C[C@H](/C=C/[C@H](C)O)CC)O/C1=C\C(=O)OC,5.0,1,EC50,PPARG,CHEMBL235
CCCC(=O)NC[C@H](Cc1ccc(OCCc2nc(-c3ccccc3)oc2C)cc1)Nc1ccccc1C(=O)c1ccccc1,6.286659800065997,3,"Ki,EC50,IC50",PPARG,CHEMBL235
CCCC(C(=O)O)C1CCc2cc(OCCc3nc(-c4ccccc4)oc3C)ccc21,7.2839966563652006,1,EC50,PPARG,CHEMBL235
CCCC(CCOc1ccc(CCC(=O)O)c(C)c1)Oc1ccc(CC)cc1C(=O)c1ccccc1,6.379863945026242,1,IC50,PPARG,CHEMBL235
CCCC(Cc1ccc(C(=O)NCc2ccccc2C(F)(F)F)cc1)C(=O)O,5.823908740944319,1,EC50,PPARG,CHEMBL235
CCCC(Cc1ccc(C(=O)NCc2ccccc2C(F)(F)F)cc1)C(=O)OCC,6.045757490560675,1,EC50,PPARG,CHEMBL235
CCCC(Cc1ccc(OC)c(CNC(=O)c2ccc(C(F)(F)F)cc2)c1)C(=O)O,5.443697499232712,1,EC50,PPARG,CHEMBL235
CCCC(Cc1ccc(OC)c(CNC(=O)c2ccc(C(F)(F)F)cc2F)c1)C(=O)O,5.823908740944319,1,EC50,PPARG,CHEMBL235
CCCC(Cc1ccc(OCCc2nc(-c3ccccc3)oc2C)nc1)C(=O)O,6.619788758288394,1,Ki,PPARG,CHEMBL235
CCCC(Oc1cccc(Cc2c(C)n(C(=O)c3ccc(OC)cc3)c3ccc(OC(F)(F)F)cc23)c1)C(=O)O,8.397940008672037,1,IC50,PPARG,CHEMBL235
CCCC(Sc1nc(Cl)cc(Nc2cccc(C)c2C)n1)C(=O)O,5.259637310505756,1,EC50,PPARG,CHEMBL235
CCCC/C(=C\c1cc(OC/C=C/c2ccccc2)ccc1OCc1ccc(C(F)(F)F)cc1)C(=O)O,4.889410289700751,1,EC50,PPARG,CHEMBL235
CCCC/C(=C\c1cc(OCC(c2ccccc2)c2ccccc2)ccc1OCc1ccc(C(F)(F)F)cc1)C(=O)O,5.899629454882437,1,EC50,PPARG,CHEMBL235
CCCC/C(=C\c1cc(OCC2CCC(C(F)(F)F)CC2)ccc1OCc1ccc(C(F)(F)F)cc1)C(=O)O,5.665546248849069,1,EC50,PPARG,CHEMBL235
CCCC/C(=C\c1cc(OCCc2ccc(C(F)(F)F)cc2)ccc1OCCc1ccc(C(F)(F)F)cc1)C(=O)O,5.142667503568731,1,EC50,PPARG,CHEMBL235
CCCC/C(=C\c1cc(OCCc2ccccc2)cc(OCCc2ccccc2)c1)C(=O)O,5.107905397309519,1,EC50,PPARG,CHEMBL235
CCCC/C(=C\c1cc(OCCc2ccccc2)ccc1OCCc1ccccc1)C(=O)O,5.7447274948966935,1,EC50,PPARG,CHEMBL235
CCCC/C(=C\c1cc(OCc2cc(C(F)(F)F)cc(C(F)(F)F)c2)ccc1OCc1ccc(C(F)(F)F)cc1)C(=O)O,5.333482019445119,1,EC50,PPARG,CHEMBL235
CCCC/C(=C\c1cc(OCc2ccc(Cl)c(Cl)c2)ccc1OCc1ccc(C(F)(F)F)cc1)C(=O)O,5.675717544702307,1,EC50,PPARG,CHEMBL235
CCCC/C(=C\c1cc(OCc2ccc(F)cc2)ccc1OCc1ccc(C(F)(F)F)cc1)C(=O)O,5.286509456906058,1,EC50,PPARG,CHEMBL235
CCCC/C(=C\c1cc(OCc2ccc(OCCN3CCOCC3)cc2)ccc1OCc1ccc(C(F)(F)F)cc1)C(=O)O,5.423658649794207,1,EC50,PPARG,CHEMBL235
CCCC/C(=C\c1cc(OCc2ccc3nc(C(F)(F)F)cc(OC)c3c2)ccc1OCc1ccc(C(F)(F)F)cc1)C(=O)O,5.366531544420413,1,IC50,PPARG,CHEMBL235
CCCC/C(=C\c1cc(OCc2ccc3nc(C(F)(F)F)cc(OC)c3c2)ccc1OCc1ccc(F)cc1)C(=O)O,5.638272163982407,1,IC50,PPARG,CHEMBL235
CCCC/C(=C\c1cc(OCc2ccc3nc(C(F)(F)F)cc(OC)c3c2)ccc1OCc1ccc(OC(F)(F)F)cc1)C(=O)O,5.721246399047171,1,IC50,PPARG,CHEMBL235
CCCC/C(=C\c1cc(OCc2ccc3nc(C(F)(F)F)cc(OC)c3c2)ccc1OCc1ccc(OC(F)F)cc1)C(=O)O,5.585026652029182,1,IC50,PPARG,CHEMBL235
CCCC/C(=C\c1cc(OCc2ccccc2)ccc1OCc1ccc(C(F)(F)F)cc1)C(=O)O,4.931814138253839,1,EC50,PPARG,CHEMBL235
CCCC/C(=C\c1cc(OCc2cccnc2)ccc1OCc1ccc(C(F)(F)F)cc1)C(=O)O,5.59176003468815,1,EC50,PPARG,CHEMBL235
CCCC/C(=C\c1cc(Oc2ccccc2)ccc1OCc1ccc(C(F)(F)F)cc1)C(=O)O,6.142667503568731,1,EC50,PPARG,CHEMBL235
CCCC1(CCOc2cc(CC(=O)O)ccc2Cl)CCN(c2nc3ccc(Cl)cc3s2)CC1,6.055517327849831,1,EC50,PPARG,CHEMBL235
CCCC1Sc2ccccc2N1Cc1ccc(-c2ccccc2C(=O)O)cc1,5.978810700930062,1,EC50,PPARG,CHEMBL235
CCCCC(=O)N(C)CCOc1ccc(CC2SC(=O)NC2=O)cc1,5.958607314841775,1,Ki,PPARG,CHEMBL235
CCCCC(Cc1cc(OCCc2ccccc2)cc(OCCc2ccccc2)c1)C(=O)O,5.327902142064282,1,EC50,PPARG,CHEMBL235
CCCCC(Cc1cc(OCCc2ccccc2)ccc1OCCc1ccccc1)C(=O)O,4.966576244513051,1,EC50,PPARG,CHEMBL235
CCCCC(Cc1ccc(OC)c(C(=O)NCc2ccc(C(F)(F)F)cc2)c1)C(=O)O,5.6020599913279625,1,EC50,PPARG,CHEMBL235
CCCCC(Cc1ccc(OC)c(CNC(=O)c2ccc(C(F)(F)F)cc2)c1)C(=O)O,5.619788758288394,1,EC50,PPARG,CHEMBL235
CCCCC(Cc1ccc(OC)c(CNC(=O)c2ccc(C(F)(F)F)cc2F)c1)C(=O)O,6.0,1,EC50,PPARG,CHEMBL235
CCCCC(Cc1ccc(OCCC2CCCCC2)c(OCCC2CCCCC2)c1)C(=O)O,5.958607314841775,1,EC50,PPARG,CHEMBL235
CCCCC(Cc1ccc(OCCC2CCCCC2)c(OCCc2ccccc2)c1)C(=O)O,5.6020599913279625,1,EC50,PPARG,CHEMBL235
CCCCC(Cc1ccc(OCCc2ccccc2)c(OCCC2CCCCC2)c1)C(=O)O,5.823908740944319,1,EC50,PPARG,CHEMBL235
CCCCC(Cc1ccc(OCCc2ccccc2)c(OCCc2ccccc2)c1)C(=O)O,5.657577319177793,1,EC50,PPARG,CHEMBL235
CCCCC(Cc1ccc(OCCc2nc(-c3ccccc3)oc2C)cc1)(Oc1ccccc1)C(=O)O,5.600845666041783,1,EC50,PPARG,CHEMBL235
CCCCC(Cc1cccc(OCCc2ccccc2)c1OCCc1ccccc1)C(=O)O,5.431798275933005,1,EC50,PPARG,CHEMBL235
CCCCC(Oc1cc(OCCc2ccccc2)cc(OCCc2ccccc2)c1)C(=O)O,5.318758762624412,1,EC50,PPARG,CHEMBL235
CCCCC(Oc1ccc(S(=O)(=O)N(CCCC)c2cccc(-c3ccc(Cl)cc3)c2C)c(C)c1C)C(=O)O,5.40000018605658,1,IC50,PPARG,CHEMBL235
CCCCC(Sc1cc(OCCc2ccccc2)cc(OCCc2ccccc2)c1)C(=O)O,5.468521082957745,1,EC50,PPARG,CHEMBL235
CCCCC(Sc1nc(Cl)cc(Nc2ccc(Nc3ccccc3)cc2)n1)C(=O)O,5.97469413473523,1,EC50,PPARG,CHEMBL235
CCCCC(Sc1nc(Cl)cc(Nc2cccc(C)c2C)n1)C(=O)O,5.522878745280337,2,EC50,PPARG,CHEMBL235
CCCCC(Sc1nc(Cl)cc(Nc2nc(-c3ccc(Cl)cc3)cs2)n1)C(=O)O,5.119186407719209,1,EC50,PPARG,CHEMBL235
CCCCC(Sc1nc(OCCC2CCCCC2)cc(OCCC2CCCCC2)n1)C(=O)O,5.180456064458131,2,EC50,PPARG,CHEMBL235
CCCCC(Sc1nc(OCCc2ccc(C(F)(F)F)cc2)cc(OCCc2ccc(C(F)(F)F)cc2)n1)C(=O)O,4.958607314841775,1,EC50,PPARG,CHEMBL235
CCCCC(Sc1nc(OCCc2ccccc2)cc(OCCc2ccccc2)n1)C(=O)O,5.080921907623926,2,EC50,PPARG,CHEMBL235
CCCCC(Sc1nc2ccc(NC(=O)c3ccc(C(C)(C)C)cc3)cc2s1)C(=O)O,5.431798275933005,1,EC50,PPARG,CHEMBL235
CCCCC/C(=C\CCCCCCCCCCC(=O)O)[N+](=O)[O-],6.464427354774458,2,"EC50,IC50",PPARG,CHEMBL235
CCCCC/C=C(\C/C=C\CCCCCCCC(=O)O)[N+](=O)[O-],6.962968529830221,3,"EC50,IC50",PPARG,CHEMBL235
CCCCC/C=C(\CCCCCCCCCCC(=O)O)[N+](=O)[O-],7.4089353929735005,1,IC50,PPARG,CHEMBL235
CCCCC/C=C/C(=O)CCCCCCCC(=O)O,5.070581074285707,1,EC50,PPARG,CHEMBL235
CCCCC/C=C/C/C=C\C/C=C\C/C=C\CCCC(=O)O,5.823908740944319,1,Ki,PPARG,CHEMBL235
CCCCC/C=C\C/C=C\C/C=C\C/C=C\CCCC(=O)O,5.795880017344075,1,IC50,PPARG,CHEMBL235
CCCCC/C=C\C/C=C\C/C=C\CCCCC(=O)O,5.657577319177793,1,IC50,PPARG,CHEMBL235
CCCCC/C=C\C/C=C\C/C=C\CCCCCCC(=O)O,5.619788758288394,1,IC50,PPARG,CHEMBL235
CCCCC/C=C\C/C=C\CCCCCCCC(=O)O,5.207608310501746,1,IC50,PPARG,CHEMBL235
CCCCC1(CCOc2cc(CC(=O)O)ccc2Cl)CCN(c2nc3ccc(Cl)cc3s2)CC1,6.180456064458131,1,EC50,PPARG,CHEMBL235
CCCCC1=NC(C(C)C)=C(CC(=S)N2CCCC2)CN1Cc1ccc(-c2ccccc2-c2noc(=O)[nH]2)cc1,5.508638306165727,1,EC50,PPARG,CHEMBL235
CCCCC1=NC(C)=C(CC(=S)N(C)C)CN1Cc1ccc(-c2ccccc2-c2nnn[nH]2)cc1,6.337242168318426,1,EC50,PPARG,CHEMBL235
CCCCCC(=O)N(C)CCOc1ccc(CC2SC(=O)NC2=O)cc1,6.7447274948966935,1,Ki,PPARG,CHEMBL235
CCCCCC(=O)NCCOc1ccc(CC2SC(=O)NC2=O)cc1,5.0,1,Ki,PPARG,CHEMBL235
CCCCCC/C(=C\CCCCCCCC(=O)O)[N+](=O)[O-],6.200659450546418,1,IC50,PPARG,CHEMBL235
CCCCCC/C=C(\CCCCCCCC(=O)O)[N+](=O)[O-],6.080921907623926,1,IC50,PPARG,CHEMBL235
CCCCCC/C=C\CCCCCCCC(=O)O,5.1938200260161125,1,IC50,PPARG,CHEMBL235
CCCCCC/C=C\CCCCCCCc1cccc(OC(C)(C)C(=O)O)c1,5.7495799976911055,1,EC50,PPARG,CHEMBL235
CCCCCC1=CC(=O)C(C/C=C(\C)CCC=C(C)C)=C(O)C1=O,5.309803919971486,1,EC50,PPARG,CHEMBL235
CCCCCC1=CC(=O)C2=C(OC(C)(C)c3ccc(C)cc32)C1=O,4.636388020107856,1,EC50,PPARG,CHEMBL235
CCCCCC1=CC(=O)C2=C(OC(C)(CCC=C(C)C)C=C2)C1=O,4.8326826652518236,1,EC50,PPARG,CHEMBL235
CCCCCCC#CC1=CC(=O)[C@H](CCCCCCC)[C@@H]1OCCCCCC(=O)O,5.3979400086720375,1,EC50,PPARG,CHEMBL235
CCCCCCC#CC1=CC(=O)[C@H](CCCCCCC)[C@H]1OCCCCCC(=O)O,5.096910013008056,1,EC50,PPARG,CHEMBL235
CCCCCCC(=O)N(C)CCOc1ccc(CC2SC(=O)NC2=O)cc1,7.214670164989233,1,Ki,PPARG,CHEMBL235
CCCCCCC(=O)NCCOc1ccc(CC2SC(=O)NC2=O)cc1,5.853871964321762,1,Ki,PPARG,CHEMBL235
CCCCCCC(=O)NC[C@H](Cc1ccc(OCCc2nc(-c3ccccc3)oc2C)cc1)Nc1ccccc1C(=O)c1ccccc1,7.209996479609511,1,Ki,PPARG,CHEMBL235
CCCCCCC(Sc1nc(Cl)cc(NCCCC(=O)NCc2ccccc2C(F)(F)F)n1)C(=O)O,5.221848749616356,1,EC50,PPARG,CHEMBL235
CCCCCCC(Sc1nc(Cl)cc(Nc2ccc(-c3ccc(C#N)cc3)cc2)n1)C(=O)O,5.823908740944319,1,IC50,PPARG,CHEMBL235
CCCCCCC(Sc1nc(Cl)cc(Nc2ccc(C(=O)c3ccc(N)cc3)cc2)n1)C(=O)O,5.920818753952375,1,EC50,PPARG,CHEMBL235
CCCCCCC(Sc1nc(Cl)cc(Nc2ccc(Cc3ccccc3)cc2)n1)C(=O)O,6.309803919971486,1,EC50,PPARG,CHEMBL235
CCCCCCC(Sc1nc(Cl)cc(Nc2ccc(Nc3ccccc3)cc2)n1)C(=O)O,6.161150909262744,2,EC50,PPARG,CHEMBL235
CCCCCCC(Sc1nc(Cl)cc(Nc2ccc(Oc3ccccc3)cc2)n1)C(=O)O,5.627087997029893,1,EC50,PPARG,CHEMBL235
CCCCCCC(Sc1nc(Cl)cc(Nc2ccc3ncccc3c2)n1)C(=O)O,5.455931955649724,1,IC50,PPARG,CHEMBL235
CCCCCCC(Sc1nc(Cl)cc(Nc2cccc(C)c2C)n1)C(=O)O,5.443697499232712,3,"EC50,IC50",PPARG,CHEMBL235
CCCCCCC(Sc1nc(Cl)cc(Nc2nc(-c3ccc(Br)cc3)c(C)s2)n1)C(=O)O,5.42021640338319,1,EC50,PPARG,CHEMBL235
CCCCCCC(Sc1nc(Cl)cc(Nc2nc(-c3ccc(C)cc3)cs2)n1)C(=O)O,5.142667503568731,1,EC50,PPARG,CHEMBL235
CCCCCCC(Sc1nc(Cl)cc(Nc2nc(-c3ccc(Cl)cc3)cs2)n1)C(=O)O,5.1938200260161125,1,EC50,PPARG,CHEMBL235
CCCCCCC(Sc1nc(Cl)cc(Nc2nc(-c3ccc(F)c(F)c3)cs2)n1)C(=O)O,5.537602002101044,1,EC50,PPARG,CHEMBL235
CCCCCCC(Sc1nc(Cl)cc(Nc2nc(-c3ccc(F)cc3F)cs2)n1)C(=O)O,5.443697499232712,1,EC50,PPARG,CHEMBL235
CCCCCCC(Sc1nc(Cl)cc(Nc2nc(-c3ccc([N+](=O)[O-])cc3)cs2)n1)C(=O)O,5.468521082957745,1,EC50,PPARG,CHEMBL235
CCCCCCC(Sc1nc(Cl)cc(Nc2nc(-c3ccc4c(c3)CCCC4)cs2)n1)C(=O)O,5.3872161432802645,1,EC50,PPARG,CHEMBL235
CCCCCCC(Sc1nc(Cl)cc(Nc2nc(-c3ccc4ccccc4c3)cs2)n1)C(=O)O,5.886056647693163,1,EC50,PPARG,CHEMBL235
CCCCCCC(Sc1nc(Cl)cc(Nc2nc(-c3ccccc3)c(C)s2)n1)C(=O)O,5.638272163982407,1,EC50,PPARG,CHEMBL235
CCCCCCC(Sc1nc(Cl)cc(Nc2nc(-c3ccccc3)cs2)n1)C(=O)O,5.2441251443275085,1,EC50,PPARG,CHEMBL235
CCCCCCC(Sc1nc(Cl)cc(Nc2nc3c(s2)CCc2cc(OC)ccc2-3)n1)C(=O)O,5.431798275933005,1,EC50,PPARG,CHEMBL235
CCCCCCC(Sc1nc2ccc(NC(=O)c3ccc(C(C)(C)C)cc3)cc2s1)C(=O)O,5.366531544420413,1,EC50,PPARG,CHEMBL235
CCCCCCC(Sc1nc2ccc(NC(=O)c3ccccc3)cc2s1)C(=O)O,5.309803919971486,1,EC50,PPARG,CHEMBL235
CCCCCCC(Sc1nc2ccc(NCc3cc(Cl)cc(Cl)c3)cc2s1)C(=O)O,5.537602002101044,1,EC50,PPARG,CHEMBL235
CCCCCCC(Sc1nc2ccc(NCc3ccc(-c4ccccc4)cc3)cc2s1)C(=O)O,6.113509274827518,1,EC50,PPARG,CHEMBL235
CCCCCCC(Sc1nc2ccc(NCc3ccc(C(C)(C)C)cc3)cc2s1)C(=O)O,5.431798275933005,1,EC50,PPARG,CHEMBL235
CCCCCCC(Sc1nc2ccc(NCc3ccc(C(F)(F)F)cc3)cc2s1)C(=O)O,5.7447274948966935,1,EC50,PPARG,CHEMBL235
CCCCCCC(Sc1nc2ccc(NCc3ccc(Cl)c(Cl)c3)cc2s1)C(=O)O,5.552841968657781,1,EC50,PPARG,CHEMBL235
CCCCCCC(Sc1nc2ccc(NCc3ccc(Cl)cc3)cc2s1)C(=O)O,5.619788758288394,1,EC50,PPARG,CHEMBL235
CCCCCCC(Sc1nc2ccc(NCc3ccc4ccccc4c3)cc2s1)C(=O)O,5.522878745280337,1,EC50,PPARG,CHEMBL235
CCCCCCC(Sc1nc2ccc(NCc3cccc(Cl)c3)cc2s1)C(=O)O,5.823908740944319,1,EC50,PPARG,CHEMBL235
CCCCCCC(Sc1nc2ccc(NCc3ccccc3)cc2s1)C(=O)O,5.769551078621726,1,EC50,PPARG,CHEMBL235
CCCCCCC(Sc1nc2ccc(NS(=O)(=O)c3ccc(-c4ccccc4)cc3)cc2s1)C(=O)O,6.585026652029182,1,EC50,PPARG,CHEMBL235
CCCCCCC(Sc1nc2ccc(NS(=O)(=O)c3ccc(C(C)(C)C)cc3)cc2s1)C(=O)O,6.154901959985743,1,EC50,PPARG,CHEMBL235
CCCCCCC(Sc1nc2ccc(NS(=O)(=O)c3ccc(Cl)cc3)cc2s1)C(=O)O,7.301029995663981,1,EC50,PPARG,CHEMBL235
CCCCCCC(Sc1nc2ccc(NS(=O)(=O)c3ccc(Cl)cc3Cl)cc2s1)C(=O)O,7.4445757717769965,3,EC50,PPARG,CHEMBL235
CCCCCCCC(=O)/C=C/CCCCCC(=O)O,5.0,1,EC50,PPARG,CHEMBL235
CCCCCCCC(=O)N(C)CCOc1ccc(CC2SC(=O)NC2=O)cc1,7.318758762624412,1,Ki,PPARG,CHEMBL235
CCCCCCCC(=O)NCCOc1ccc(CC2SC(=O)NC2=O)cc1,6.537602002101044,1,Ki,PPARG,CHEMBL235
CCCCCCCC/C(=C\CCCCCCCC(=O)O)[N+](=O)[O-],5.79317412396815,1,IC50,PPARG,CHEMBL235
CCCCCCCC/C=C(\CCCCCCCC(=O)O)[N+](=O)[O-],6.008773924307505,1,IC50,PPARG,CHEMBL235
CCCCCCCC/C=C\CCCCCCCC(=O)O,5.3872161432802645,1,IC50,PPARG,CHEMBL235
CCCCCCCC/C=C\CCCCCCCCCCCC(=O)O,4.522878745280337,1,IC50,PPARG,CHEMBL235
CCCCCCCCC(=O)N(C)CCOc1ccc(CC2SC(=O)NC2=O)cc1,7.7447274948966935,1,Ki,PPARG,CHEMBL235
CCCCCCCCC(=O)NCCOc1ccc(CC2SC(=O)NC2=O)cc1,6.568636235841012,1,Ki,PPARG,CHEMBL235
CCCCCCCCCC(=O)N(C)CCOc1ccc(CC2SC(=O)NC2=O)cc1,7.698970004336019,1,Ki,PPARG,CHEMBL235
CCCCCCCCCC(=O)NCCOc1ccc(CC2SC(=O)NC2=O)cc1,6.886056647693163,1,Ki,PPARG,CHEMBL235
CCCCCCCCCC(=O)O,4.641812178088593,4,"Ki,EC50,IC50",PPARG,CHEMBL235
CCCCCCCCCCCC(=O)O,4.522878745280337,1,IC50,PPARG,CHEMBL235
CCCCCCCCCCCC/C(=C\CCCC(=O)O)[N+](=O)[O-],5.764471553092451,1,IC50,PPARG,CHEMBL235
CCCCCCCCCCCC/C=C(\CCCC(=O)O)[N+](=O)[O-],5.774690718274137,1,IC50,PPARG,CHEMBL235
CCCCCCCCCCCCC/C=C1/C(=O)O[C@@H](C)[C@@H]1O,5.721246399047171,1,Ki,PPARG,CHEMBL235
CCCCCCCCCCCCC/C=C1/C(=O)O[C@@H](C)[C@H]1O,5.036212172654444,1,Ki,PPARG,CHEMBL235
CCCCCCCCCCCCCC(=O)O,4.6777807052660805,1,IC50,PPARG,CHEMBL235
CCCCCCCCCCCCCCCC(=O)O,4.522878745280337,1,IC50,PPARG,CHEMBL235
CCCCCCCCCCCCCCCCCC(=O)O,4.522878745280337,1,IC50,PPARG,CHEMBL235
CCCCCCCCCCCCCCCCCCCC(=O)O,4.522878745280337,1,IC50,PPARG,CHEMBL235
CCCCCCCCCCCCCCCCCCCCCC(=O)O,4.522878745280337,1,IC50,PPARG,CHEMBL235
CCCCCCCCCCCCCCCc1ccc(C(=O)O)c(OC)c1,5.09151498112135,1,EC50,PPARG,CHEMBL235
CCCCCCCCCCCCCCCc1cccc(O)c1C(=O)O,4.769551078621726,1,EC50,PPARG,CHEMBL235
CCCCCCCCCCCCCCCc1cccc(OC(C)(C)C(=O)O)c1,6.045757490560675,1,EC50,PPARG,CHEMBL235
CCCCCCCCCCCCCCCc1cccc(OC(C)(C)C(=O)OCC)c1,5.4089353929735005,1,EC50,PPARG,CHEMBL235
CCCCCCCCCCCCCCCc1cccc(OC(C)=O)c1C(=O)O,4.920818753952375,1,EC50,PPARG,CHEMBL235
CCCCCCCCCCCCCCCc1cccc(OCC(=O)O)c1,5.431798275933005,1,EC50,PPARG,CHEMBL235
CCCCCCCCCCCCCCCc1cccc(OCC(=O)OCC)c1,4.5376020021010435,1,EC50,PPARG,CHEMBL235
CCCCCCCCOc1ccc(C(=O)N[C@H](C(=O)O)C(C)C)cc1,5.964161871817067,5,"EC50,IC50",PPARG,CHEMBL235
CCCCCCCN(CC(=O)O)Cc1ccc(OCCc2nc(-c3ccccc3)oc2C)cc1,5.638272163982407,1,IC50,PPARG,CHEMBL235
CCCCCCCN(CCc1ccc(OC(C)(C)C(=O)O)cc1)c1nc2ccccc2o1,6.956056075253533,2,EC50,PPARG,CHEMBL235
CCCCCCCN(CCc1ccc(OCC(=O)[O-])cc1)c1nc2ccccc2o1.[Na+],6.096910013008056,1,EC50,PPARG,CHEMBL235
CCCCCCCN(CCc1ccc(O[C@@H](C)C(=O)[O-])cc1)c1nc2ccccc2o1.[Na+],5.638272163982407,1,EC50,PPARG,CHEMBL235
CCCCCCCN(CCc1ccc(O[C@@H](Cc2ccccc2)C(=O)O)cc1)c1nc2ccccc2o1.NC1CCCCC1,5.769551078621726,1,EC50,PPARG,CHEMBL235
CCCCCCCN(CCc1ccc(O[C@@](C)(CC)C(=O)O)cc1)C(=O)Nc1ccc(F)cc1F,6.316924483561703,4,"EC50,IC50",PPARG,CHEMBL235
CCCCCCCN(CCc1ccc(O[C@@](C)(CC)C(=O)O)cc1)c1nc2ccccc2o1,6.232718300042964,5,"Ki,EC50",PPARG,CHEMBL235
CCCCCCCN(CCc1ccc(O[C@H](C)C(=O)[O-])cc1)c1nc2ccccc2o1.[Na+],6.823908740944319,1,EC50,PPARG,CHEMBL235
CCCCCCCN(CCc1ccc(O[C@H](Cc2ccccc2)C(=O)O)cc1)c1nc2ccccc2o1.NC1CCCCC1,5.568636235841012,1,EC50,PPARG,CHEMBL235
CCCCCCCN(CCc1ccc(O[C@](C)(CC)C(=O)O)cc1)c1nc2ccccc2o1,7.1444628524008325,5,"Ki,EC50",PPARG,CHEMBL235
CCCCCCCN(CCc1ccc(SC(C)(C)C(=O)O)cc1)C(=O)Nc1ccc(F)cc1F,6.287232433944573,3,"EC50,IC50",PPARG,CHEMBL235
CCCCCCC[C@H]1C(=O)C=C(I)[C@@H]1OCCCCCC(=O)O,7.522878745280337,1,EC50,PPARG,CHEMBL235
CCCCCCC[C@H]1C(=O)C=C(I)[C@H]1OCCCCCC(=O)O,7.221848749616356,1,EC50,PPARG,CHEMBL235
CCCCCCC[C@H]1C(=O)C=C[C@@H]1OCCCCCC(=O)O,5.3979400086720375,1,EC50,PPARG,CHEMBL235
CCCCCCC[C@H]1C(=O)C=C[C@H]1OCCCCCC(=O)O,5.698970004336019,1,EC50,PPARG,CHEMBL235
CCCCCCCc1cc(CCCCCC(=O)O)no1,2.6989700043360187,1,EC50,PPARG,CHEMBL235
CCCCCCCc1nc2ccccc2n1Cc1ccc(-c2ccccc2C(=O)O)cc1,6.769551078621726,1,EC50,PPARG,CHEMBL235
CCCCCCCc1nc2ccccc2n1Cc1ccc(-c2ccccc2C(N)=O)cc1,6.075720713938118,1,EC50,PPARG,CHEMBL235
CCCCCCCc1oc2cc(O)ccc2c(=O)c1-c1ccc(O)cc1,5.301029995663981,1,IC50,PPARG,CHEMBL235
CCCCCCOC(Cc1ccc(OCCc2nc(-c3ccccc3)oc2C)c2ccsc12)C(=O)O,8.698970004336019,1,IC50,PPARG,CHEMBL235
CCCCCCOc1ccc(C(=O)N[C@H](C(=O)NO)C(C)C)cc1,5.735182176990463,1,EC50,PPARG,CHEMBL235
CCCCCCOc1ccc(C(=O)N[C@H](C(=O)O)C(C)C)cc1,5.7121982700697735,1,EC50,PPARG,CHEMBL235
CCCCCCOc1ccc(CC(CC)C(=O)O)cc1CNC(=O)c1ccc(C(F)(F)F)cc1,5.638272163982407,1,EC50,PPARG,CHEMBL235
CCCCCC[C@@H](Sc1nc2ccc(NS(=O)(=O)c3ccc(Cl)cc3Cl)cc2s1)C(=O)O,8.795880017344075,1,EC50,PPARG,CHEMBL235
CCCCCC[C@H](Sc1nc2ccc(NS(=O)(=O)c3ccc(Cl)cc3Cl)cc2s1)C(=O)O,6.795880017344075,1,EC50,PPARG,CHEMBL235
CCCCCCc1nc2ccccc2n1Cc1ccc(-c2ccccc2C(=O)O)cc1,6.6777807052660805,1,EC50,PPARG,CHEMBL235
CCCCCCc1nc2ccccc2n1Cc1ccc(-c2ccccc2C(N)=O)cc1,5.514278573518419,1,EC50,PPARG,CHEMBL235
CCCCCN(c1cccc(-c2ccc(Cl)cc2)c1C)S(=O)(=O)c1ccc(OC(C)C(=O)O)c(C)c1C,5.300000202445418,1,IC50,PPARG,CHEMBL235
CCCCCNC(=O)CCc1ccc(OC(C)C)cc1Oc1ncc(C(F)(F)F)cc1Cl,6.537602002101044,1,EC50,PPARG,CHEMBL235
CCCCCNC(=O)c1ccc(NC(=O)c2cccc(CN3C(=O)OC[C@H]3Cc3ccccc3)c2)cc1,5.789949150124863,1,EC50,PPARG,CHEMBL235
CCCCCNS(=O)(=O)NC(=O)CCc1ccc(OCCOC)cc1Oc1ncc(C(F)(F)F)cc1Cl,8.958607314841775,1,EC50,PPARG,CHEMBL235
CCCCCOC(=O)Cc1c(C(C)C)nc(CCCC)n(Cc2ccc(-c3ccccc3-c3noc(=O)[nH]3)cc2)c1=O,5.962573502059376,1,EC50,PPARG,CHEMBL235
CCCCCOc1cc2ccccc2cc1C(O)C/C=C/CCCC(=O)OC,6.1438755557577,1,Ki,PPARG,CHEMBL235
CCCCCOc1cc2ccccc2cc1C(O)C/C=C\CCCC(=O)[O-].[Na+],5.987162775294828,1,Ki,PPARG,CHEMBL235
CCCCCOc1cc2ccccc2cc1C(O)CC#CCCCC(=O)OC,6.158015195409886,1,Ki,PPARG,CHEMBL235
CCCCCOc1cc2ccccc2cc1C(O)CC#CCCCC(=O)[O-].[Na+],5.357535479757878,1,Ki,PPARG,CHEMBL235
CCCCCOc1cc2ccccc2cc1C(O)CCCCCCC(=O)[O-].[Na+],6.013676222949234,1,Ki,PPARG,CHEMBL235
CCCCCOc1cc2ccccc2cc1C(O)CCCCCCCC(=O)OC,6.237321436272564,1,Ki,PPARG,CHEMBL235
CCCCCOc1ccccc1C(O)C/C=C\CCCC(=O)OC,5.424812155072339,1,Ki,PPARG,CHEMBL235
CCCCCOc1ccccc1C(O)CC#CCCCC(=O)OC,5.978810700930062,1,Ki,PPARG,CHEMBL235
CCCCCOc1ccccc1C(O)CCCCCCC(=O)OC,6.288192770958808,1,Ki,PPARG,CHEMBL235
CCCCCOc1ccccc1C(O)CCCCCCC(=O)[O-].[Na+],5.174573882232177,1,Ki,PPARG,CHEMBL235
CCCCCOc1nc2ccccc2cc1C(O)C/C=C\CCCC(=O)OC,5.876148359032914,1,Ki,PPARG,CHEMBL235
CCCCCOc1nc2ccccc2cc1C(O)CC#CCCCC(=O)[O-].[Na+],6.023650020996726,1,Ki,PPARG,CHEMBL235
CCCCCOc1nc2ccccc2cc1C(O)CCCCCC(=O)[O-].[Na+],5.543633966870956,1,Ki,PPARG,CHEMBL235
CCCCCS(=O)(=O)NC(=O)/C(C)=C/c1ccc(OCCOC)cc1Oc1ncc(C(F)(F)F)cc1Cl,8.2839966563652,1,EC50,PPARG,CHEMBL235
CCCCCS(=O)(=O)NC(=O)/C=C/c1cc(C2CC2)nn1Cc1ccc(C(F)(F)F)cc1Cl,7.920818753952375,1,IC50,PPARG,CHEMBL235
CCCCCS(=O)(=O)NC(=O)/C=C/c1cc(OC(C)C)nn1Cc1ccc(C(F)(F)F)cc1Cl,7.638272163982407,1,IC50,PPARG,CHEMBL235
CCCCCS(=O)(=O)NC(=O)/C=C/c1ccc(OC(C)C)cc1Oc1ncc(C(F)(F)F)cc1Cl,7.585026652029182,1,EC50,PPARG,CHEMBL235
CCCCCS(=O)(=O)NC(=O)/C=C/c1ccc(OCCC(C)=O)cc1Oc1ncc(C(F)(F)F)cc1Cl,7.229147988357855,1,EC50,PPARG,CHEMBL235
CCCCCS(=O)(=O)NC(=O)/C=C/c1ccc(OCCCC#N)cc1Oc1ncc(C(F)(F)F)cc1Cl,7.823908740944319,1,EC50,PPARG,CHEMBL235
CCCCCS(=O)(=O)NC(=O)/C=C/c1ccc(OCCCOC)cc1Oc1ncc(C(F)(F)F)cc1Cl,8.130768280269024,1,EC50,PPARG,CHEMBL235
CCCCCS(=O)(=O)NC(=O)/C=C/c1ccc(OCCCS(C)(=O)=O)cc1Oc1ncc(C(F)(F)F)cc1Cl,6.494850021680094,1,EC50,PPARG,CHEMBL235
CCCCCS(=O)(=O)NC(=O)/C=C/c1ccc(OCCO)cc1Oc1ncc(C(F)(F)F)cc1Cl,7.096910013008056,1,EC50,PPARG,CHEMBL235
CCCCCS(=O)(=O)NC(=O)/C=C/c1ccc(OCCOC)cc1Oc1ccc(C(F)(F)F)cc1Cl,7.026872146400302,1,EC50,PPARG,CHEMBL235
CCCCCS(=O)(=O)NC(=O)/C=C/c1ccc(OCCOC)cc1Oc1ncc(C(F)(F)F)cc1Cl,7.152697400533215,2,"EC50,IC50",PPARG,CHEMBL235
CCCCCS(=O)(=O)NC(=O)/C=C/c1ccc(OCCOC)cc1Oc1ncc(Cl)cc1Cl,6.721246399047171,1,EC50,PPARG,CHEMBL235
CCCCCS(=O)(=O)NC(=O)/C=C/c1ccc(OCCOC2CC2)cc1Oc1ncc(C(F)(F)F)cc1Cl,8.207608310501746,1,EC50,PPARG,CHEMBL235
CCCCCS(=O)(=O)NC(=O)C(C)Cc1ccc(OCCOC)cc1Oc1ncc(C(F)(F)F)cc1Cl,8.638272163982407,1,EC50,PPARG,CHEMBL235
CCCCCS(=O)(=O)NC(=O)C(Cc1ccc(OCCOC)cc1Oc1ncc(C(F)(F)F)cc1Cl)OC,8.173925197299173,1,EC50,PPARG,CHEMBL235
CCCCCS(=O)(=O)NC(=O)C1CC1c1ccc(OCCOC)cc1Oc1ncc(C(F)(F)F)cc1Cl,8.259637310505756,1,EC50,PPARG,CHEMBL235
CCCCCS(=O)(=O)NC(=O)CCc1cc(OC(C)C)nn1Cc1ccc(C(F)(F)F)cc1Cl,7.6777807052660805,1,IC50,PPARG,CHEMBL235
CCCCCS(=O)(=O)NC(=O)CCc1ccc(OC(C)C)cc1Oc1ncc(C(F)(F)F)cc1Cl,8.585026652029182,1,EC50,PPARG,CHEMBL235
CCCCCS(=O)(=O)NC(=O)CCc1ccc(OCC(=O)N(CC)CC)cc1Oc1ncc(C(F)(F)F)cc1Cl,8.161150909262744,1,EC50,PPARG,CHEMBL235
CCCCCS(=O)(=O)NC(=O)CCc1ccc(OCCN2CCCC2=O)cc1Oc1ncc(C(F)(F)F)cc1Cl,8.468521082957745,1,EC50,PPARG,CHEMBL235
CCCCCS(=O)(=O)NC(=O)CCc1ccc(OCCOC)cc1Oc1ncc(C(F)(F)F)cc1Cl,8.823908740944319,1,EC50,PPARG,CHEMBL235
CCCCCS(=O)(=O)NC(=O)CCc1ccccc1Oc1ncc(C(F)(F)F)cc1Cl,7.214670164989233,1,EC50,PPARG,CHEMBL235
CCCCCS(=O)(=O)NC(=O)OCCCc1ccc(OCCOC)cc1Oc1ncc(C(F)(F)F)cc1Cl,8.346787486224656,1,EC50,PPARG,CHEMBL235
CCCCCS(=O)(=O)NC(=O)OCc1ccc(OCCOC)cc1Oc1ncc(C(F)(F)F)cc1Cl,8.0,1,EC50,PPARG,CHEMBL235
CCCCCS(=O)(=O)NC(=O)c1ccc2nc(C)n(Cc3ccc(Cl)cc3Cl)c2c1,6.787812395596042,1,EC50,PPARG,CHEMBL235
CCCCCS(=O)(=O)NCCCc1ccc(OCCOC)cc1Oc1ncc(C(F)(F)F)cc1Cl,7.494850021680094,1,EC50,PPARG,CHEMBL235
CCCCCS(=O)(=O)[N-]C(=O)C(C)(C)Cc1ccc(OCCOC)cc1Oc1ncc(C(F)(F)F)cc1Cl.[Na+],8.508638306165727,1,EC50,PPARG,CHEMBL235
CCCCC[C@H](O)/C=C/[C@@H]1[C@H]2C/C(=C\CCCC(=O)O)C[C@H]2C[C@H]1O,5.101823516502323,1,EC50,PPARG,CHEMBL235
CCCCCc1cc(O)c(C/C=C(\C)CCC=C(C)C)c(O)c1,4.804100347590766,1,EC50,PPARG,CHEMBL235
CCCCCc1cc(OC)c(CC=C(C)C)c(O)c1C(=O)O,5.920818753952375,1,EC50,PPARG,CHEMBL235
CCCCCc1cc2c(c(O)c1C(=O)O)[C@@H]1C=C(C)CC[C@H]1C(C)(C)O2,6.327902142064282,1,IC50,PPARG,CHEMBL235
CCCCCc1nc2ccccc2n1Cc1ccc(-c2ccccc2C(=O)O)cc1,6.3979400086720375,1,EC50,PPARG,CHEMBL235
CCCCCc1nc2ccccc2n1Cc1ccc(-c2ccccc2C(N)=O)cc1,5.4089353929735005,1,EC50,PPARG,CHEMBL235
CCCCN(c1c(C)cc(C)c(-c2ccc(Cl)cc2)c1C)S(=O)(=O)c1ccc(OC(C)C(=O)O)c(C)c1C,5.100000128334196,1,IC50,PPARG,CHEMBL235
CCCCN(c1cc(-c2ccc(Cl)cc2)c(F)cc1C)S(=O)(=O)c1ccc(OC(C)C(=O)O)c(C)c1C,5.100000128334196,1,IC50,PPARG,CHEMBL235
CCCCN(c1cc(-c2ccc(Cl)cc2)c(F)cc1F)S(=O)(=O)c1ccc(OC(C)C(=O)O)c(C)c1C,5.800000874803203,1,IC50,PPARG,CHEMBL235
CCCCN(c1cc(-c2ccc(Cl)cc2)cc(C(F)(F)F)c1)S(=O)(=O)c1ccc(OC(C)C(=O)O)c(C)c1C,5.300000202445418,1,IC50,PPARG,CHEMBL235
CCCCN(c1cc(-c2ccc(Cl)cc2)ccc1C)S(=O)(=O)c1ccc(OC(C)C(=O)O)c(C)c1C,5.200000237109354,1,IC50,PPARG,CHEMBL235
CCCCN(c1cc(-c2ccc(Cl)cc2)ccc1OC(F)(F)F)S(=O)(=O)c1ccc(OC(C)C(=O)O)c(C)c1C,5.0,1,IC50,PPARG,CHEMBL235
CCCCN(c1ccc(C)c(-c2ccc(Cl)cc2)c1)S(=O)(=O)c1ccc(OC(C)C(=O)O)c(C)c1C,5.499999678657065,1,IC50,PPARG,CHEMBL235
CCCCN(c1ccc(F)c(-c2ccc(Cl)cc2)c1)S(=O)(=O)c1ccc(OC(C)C(=O)O)c(C)c1C,5.700000503883016,1,IC50,PPARG,CHEMBL235
CCCCN(c1cccc(-c2ccc(C(F)(F)F)cc2)c1C)S(=O)(=O)c1ccc(OC(C)C(=O)O)c(C)c1C,5.200000237109354,1,IC50,PPARG,CHEMBL235
CCCCN(c1cccc(-c2ccc(C(F)(F)F)cc2)c1Cl)S(=O)(=O)c1ccc(OC(C)C(=O)O)c(C)c1C,5.200000237109354,1,IC50,PPARG,CHEMBL235
CCCCN(c1cccc(-c2ccc(C)cc2)c1C)S(=O)(=O)c1ccc(OC(C)C(=O)O)c(C)c1C,5.300000202445418,1,IC50,PPARG,CHEMBL235
CCCCN(c1cccc(-c2ccc(Cl)c(Cl)c2)c1C)S(=O)(=O)c1ccc(OC(C)C(=O)O)c(C)c1C,5.300000202445418,1,IC50,PPARG,CHEMBL235
CCCCN(c1cccc(-c2ccc(Cl)cc2)c1C)S(=O)(=O)c1ccc(OC(C)C(=O)O)c(C)c1C,5.100000128334196,1,IC50,PPARG,CHEMBL235
CCCCN(c1cccc(-c2ccc(Cl)cc2)c1C)S(=O)(=O)c1ccc(OC(C)C(=O)O)c(C2CCCCC2)c1,5.100000128334196,1,IC50,PPARG,CHEMBL235
CCCCN(c1cccc(-c2ccc(Cl)cc2)c1C)S(=O)(=O)c1ccc(OC(C)C(=O)O)c(Cl)c1Cl,5.40000018605658,1,IC50,PPARG,CHEMBL235
CCCCN(c1cccc(-c2ccc(Cl)cc2)c1C)S(=O)(=O)c1ccc(OC(C)C(=O)O)c(F)c1Cl,5.200000237109354,1,IC50,PPARG,CHEMBL235
CCCCN(c1cccc(-c2ccc(Cl)cc2)c1C)S(=O)(=O)c1ccc(OC(C)C(=O)O)c(F)c1F,5.499999678657065,1,IC50,PPARG,CHEMBL235
CCCCN(c1cccc(-c2ccc(Cl)cc2)c1C)S(=O)(=O)c1ccc(OC(C)C(=O)O)c(F)c1OC,5.300000202445418,1,IC50,PPARG,CHEMBL235
CCCCN(c1cccc(-c2ccc(Cl)cc2)c1C)S(=O)(=O)c1ccc(OC(C)C(=O)O)c(OC)c1Cl,5.200000237109354,1,IC50,PPARG,CHEMBL235
CCCCN(c1cccc(-c2ccc(Cl)cc2)c1C)S(=O)(=O)c1ccc(OC(C)C(=O)O)c(OC)c1OC,5.40000018605658,1,IC50,PPARG,CHEMBL235
CCCCN(c1cccc(-c2ccc(Cl)cc2)c1C)S(=O)(=O)c1ccc(OC(CC)C(=O)O)c(C)c1C,5.300000202445418,1,IC50,PPARG,CHEMBL235
CCCCN(c1cccc(-c2ccc(Cl)cc2)c1C)S(=O)(=O)c1ccc(OC(CCC)C(=O)O)c(C)c1C,5.499999678657065,1,IC50,PPARG,CHEMBL235
CCCCN(c1cccc(-c2ccc(Cl)cc2)c1C)S(=O)(=O)c1ccc(OCC(=O)O)c(C)c1C,5.59999938302362,1,IC50,PPARG,CHEMBL235
CCCCN(c1cccc(-c2ccc(Cl)cc2)c1C)S(=O)(=O)c1ccc(O[C@@H](C)C(=O)O)c(C)c1C,5.200000237109354,1,IC50,PPARG,CHEMBL235
CCCCN(c1cccc(-c2ccc(Cl)cc2)c1C)S(=O)(=O)c1ccc(O[C@H](C)C(=O)O)c(C)c1C,5.200000237109354,1,IC50,PPARG,CHEMBL235
CCCCN(c1cccc(-c2ccc(Cl)cc2)c1Cl)S(=O)(=O)c1ccc(OC(C)C(=O)O)c(C)c1C,5.300000202445418,1,IC50,PPARG,CHEMBL235
CCCCN(c1cccc(-c2ccc(Cl)cc2)c1OC)S(=O)(=O)c1ccc(OC(C)C(=O)O)c(C)c1C,5.100000128334196,1,IC50,PPARG,CHEMBL235
CCCCN(c1cccc(-c2ccc(OC(F)(F)F)cc2)c1C)S(=O)(=O)c1ccc(OC(C)C(=O)O)c(C)c1C,5.300000202445418,1,IC50,PPARG,CHEMBL235
CCCCN(c1cccc(-c2ccc(OC(F)(F)F)cc2)c1Cl)S(=O)(=O)c1ccc(OC(C)C(=O)O)c(C)c1C,5.200000237109354,1,IC50,PPARG,CHEMBL235
CCCCN(c1cccc(-c2ccc(OC)cc2)c1C)S(=O)(=O)c1ccc(OC(C)C(=O)O)c(C)c1C,5.200000237109354,1,IC50,PPARG,CHEMBL235
CCCCN(c1cccc(-c2cccc(Cl)c2)c1C)S(=O)(=O)c1ccc(OC(C)C(=O)O)c(C)c1C,5.40000018605658,1,IC50,PPARG,CHEMBL235
CCCCN(c1cccc(-c2ccccc2Cl)c1C)S(=O)(=O)c1ccc(OC(C)C(=O)O)c(C)c1C,5.300000202445418,1,IC50,PPARG,CHEMBL235
CCCCNC(=O)CN1C(=O)S/C(=C/c2ccc(Cl)cc2)C1=O,5.229147988357855,1,EC50,PPARG,CHEMBL235
CCCCNC(=O)NS(=O)(=O)c1ccc(NC(=O)CN2CC(=O)Nc3ccccc32)cc1,5.888401475119606,1,IC50,PPARG,CHEMBL235
CCCCNC(=O)NS(=O)(=O)c1ccc(NC(=O)CSc2nc3ccccc3c(=O)n2-c2ccc(C)cc2)cc1,6.362510270487489,1,IC50,PPARG,CHEMBL235
CCCCNC(=O)NS(=O)(=O)c1ccc(NC(=O)CSc2nc3ccccc3c(=O)n2-c2ccc(OC)cc2)cc1,6.432973633840939,1,IC50,PPARG,CHEMBL235
CCCCNC(=O)NS(=O)(=O)c1ccc(NC(=O)Cn2c(=O)c(C)nc3ccccc32)cc1,5.853429258274534,2,IC50,PPARG,CHEMBL235
CCCCNC(=O)NS(=O)(=O)c1ccc(NC(=O)Cn2c(C)nc3ccccc3c2=O)cc1,6.008773924307505,1,IC50,PPARG,CHEMBL235
CCCCNC(=O)NS(=O)(=O)c1ccc(NC(=O)Cn2c(CC)nc3ccccc3c2=O)cc1,6.3893398369101195,1,IC50,PPARG,CHEMBL235
CCCCNC(=O)NS(=O)(=O)c1ccc(NCC(=O)N2CC(=O)Nc3ccccc32)cc1,5.8794260687941495,1,IC50,PPARG,CHEMBL235
CCCCNC(=O)OCCCc1ccc(OCCOC)cc1Oc1ncc(C(F)(F)F)cc1Cl,7.318758762624412,1,EC50,PPARG,CHEMBL235
CCCCNC(=S)NS(=O)(=O)c1ccc(NC(=O)Cn2c(=O)c(C)nc3ccccc32)cc1,5.915456821256488,2,IC50,PPARG,CHEMBL235
CCCCO/N=C/c1ccc(OC(Cc2ccccc2)C(=O)O)cc1,5.437707135543525,1,EC50,PPARG,CHEMBL235
CCCCOC(=O)Cc1c(C(C)C)nc(CCCC)n(Cc2ccc(-c3ccccc3-c3noc(=O)[nH]3)cc2)c1=O,6.0,1,EC50,PPARG,CHEMBL235
CCCCOC(=O)Cc1c(C)nc(CCCC)n(Cc2ccc(-c3ccccc3-c3noc(=O)[nH]3)cc2)c1=O,5.647817481888637,1,EC50,PPARG,CHEMBL235
CCCCOC(=O)N(CC(=O)O)Cc1cc(OCc2nc(-c3ccc(Cl)cc3)oc2C)ccc1F,5.9083330424043154,1,EC50,PPARG,CHEMBL235
CCCCOC(=O)NCCCc1ccc(OCCOC)cc1Oc1ncc(C(F)(F)F)cc1Cl,7.42021640338319,1,EC50,PPARG,CHEMBL235
CCCCOc1ccc(CC(CC)C(=O)O)cc1CNC(=O)c1ccc(C(F)(F)F)cc1,5.886056647693163,1,EC50,PPARG,CHEMBL235
CCCCOc1ccc(CC(CC)C(=O)O)cc1CNC(=O)c1ccc(C(F)(F)F)cc1F,5.853871964321762,1,EC50,PPARG,CHEMBL235
CCCCOc1ccc(CC(CCC)C(=O)O)cc1CNC(=O)c1ccc(C(F)(F)F)cc1F,6.0,1,EC50,PPARG,CHEMBL235
CCCCOc1ccc(C[C@@H](CC)C(=O)O)cc1CNC(=O)c1ccc(C(F)(F)F)cc1F,5.154901959985743,1,EC50,PPARG,CHEMBL235
CCCCOc1ccc(C[C@H](CC)C(=O)O)cc1CNC(=O)c1ccc(C(F)(F)F)cc1F,5.958607314841775,1,EC50,PPARG,CHEMBL235
CCCCOc1ccc2c(c1)O/C(=C\c1cc(C)c(OC(C)(C)C(=O)O)c(C)c1)C2=O,6.474955192963154,1,EC50,PPARG,CHEMBL235
CCCC[C@H](NC(=O)c1ccc2c(c1)c(C)c(C)n2Cc1ccc(-c2ccccc2)cc1)c1cccc(C(C)C)c1,7.0915149811213505,1,IC50,PPARG,CHEMBL235
CCCC[C@H](NC(=O)c1ccc2c(c1)c(C)c(C)n2Cc1ccc(-c2ccccc2C(=O)O)cc1)c1cccc(C(C)C)c1,7.013528495947217,2,"EC50,IC50",PPARG,CHEMBL235
CCCCc1ccc(-c2nc(CCOc3ccc4c(c3)CCC4C(CC)C(=O)O)c(C)o2)cc1,7.795880017344075,1,EC50,PPARG,CHEMBL235
CCCCc1ccc2ccccc2c1CNC(=O)c1c(OC)cc(O)c2c1OC1=CC(O)=C(C(C)=O)C(=O)[C@]12C,7.229147988357855,1,EC50,PPARG,CHEMBL235
CCCCc1nc(C(C)C)c(CC(=O)O)c(=O)n1Cc1ccc(-c2ccccc2-c2noc(=O)[nH]2)cc1,4.987162775294828,1,EC50,PPARG,CHEMBL235
CCCCc1nc(C(C)C)c(CC(=O)OC)c(=O)n1Cc1ccc(-c2ccccc2-c2noc(=O)[nH]2)cc1,5.581698708680255,1,EC50,PPARG,CHEMBL235
CCCCc1nc(C(C)C)c(CC(=O)OC2CC2)c(=O)n1Cc1ccc(-c2ccccc2-c2noc(=O)[nH]2)cc1,5.866461091629782,1,EC50,PPARG,CHEMBL235
CCCCc1nc(C(C)C)c(CC(=O)OC2CCCCC2)c(=O)n1Cc1ccc(-c2ccccc2-c2noc(=O)[nH]2)cc1,6.136677139879544,1,EC50,PPARG,CHEMBL235
CCCCc1nc(C(C)C)c(CC(=O)OCC(C)C)c(=O)n1Cc1ccc(-c2ccccc2-c2noc(=O)[nH]2)cc1,5.910094888560602,1,EC50,PPARG,CHEMBL235
CCCCc1nc(C(C)C)c(CC(=O)OCC(F)(F)F)c(=O)n1Cc1ccc(-c2ccccc2-c2noc(=O)[nH]2)cc1,5.555955204081924,1,EC50,PPARG,CHEMBL235
CCCCc1nc(C(C)C)c(CC(=O)OCC)c(=O)n1Cc1ccc(-c2ccccc2-c2noc(=O)[nH]2)cc1,6.0592506101925085,2,"EC50,IC50",PPARG,CHEMBL235
CCCCc1nc(C(C)C)c(CC(=O)OCCC)c(=O)n1Cc1ccc(-c2ccccc2-c2noc(=O)[nH]2)cc1,5.823908740944319,1,EC50,PPARG,CHEMBL235
CCCCc1nc(C(C)C)c(CC(=S)N2CCCC2)c(=O)n1Cc1ccc(-c2ccccc2-c2noc(=O)[nH]2)cc1,5.508638306165727,1,EC50,PPARG,CHEMBL235
CCCCc1nc(C(C)C)c(Cc2nc(C(C)(C)C)no2)c(=O)n1Cc1ccc(-c2ccccc2-c2noc(=O)[nH]2)cc1,6.229147988357855,1,EC50,PPARG,CHEMBL235
CCCCc1nc(C(C)C)c(Cc2nc(C)no2)c(=O)n1Cc1ccc(-c2ccccc2-c2noc(=O)[nH]2)cc1,5.978810700930062,1,EC50,PPARG,CHEMBL235
CCCCc1nc(C(C)C)c(Cc2nc(C3CC3)no2)c(=O)n1Cc1ccc(-c2ccccc2-c2noc(=O)[nH]2)cc1,5.5934598195660445,1,EC50,PPARG,CHEMBL235
CCCCc1nc(C(C)C)c(Cc2nc(Cc3ccc(F)cc3)no2)c(=O)n1Cc1ccc(-c2ccccc2-c2noc(=O)[nH]2)cc1,5.8297382846050425,1,EC50,PPARG,CHEMBL235
CCCCc1nc(C(C)C)c(Cc2nc(Cc3ccccc3)no2)c(=O)n1Cc1ccc(-c2ccccc2-c2noc(=O)[nH]2)cc1,5.943095148663527,1,EC50,PPARG,CHEMBL235
CCCCc1nc(C)c(CC(=O)OC(C)C)c(=O)n1Cc1ccc(-c2ccccc2-c2noc(=O)[nH]2)cc1,5.779891911959945,1,EC50,PPARG,CHEMBL235
CCCCc1nc(C)c(CC(=O)OC)c(=O)n1Cc1ccc(-c2ccccc2-c2noc(=O)[nH]2)cc1,5.133122185662501,1,EC50,PPARG,CHEMBL235
CCCCc1nc(C)c(CC(=O)OC2CC2)c(=O)n1Cc1ccc(-c2ccccc2-c2noc(=O)[nH]2)cc1,5.480172006224281,1,EC50,PPARG,CHEMBL235
CCCCc1nc(C)c(CC(=O)OC2CCCCC2)c(=O)n1Cc1ccc(-c2ccccc2-c2noc(=O)[nH]2)cc1,6.0,1,EC50,PPARG,CHEMBL235
CCCCc1nc(C)c(CC(=O)OCC(C)C)c(=O)n1Cc1ccc(-c2ccccc2-c2noc(=O)[nH]2)cc1,5.815308569182401,1,EC50,PPARG,CHEMBL235
CCCCc1nc(C)c(CC(=O)OCC2CC2)c(=O)n1Cc1ccc(-c2ccccc2-c2noc(=O)[nH]2)cc1,5.7423214251308154,1,EC50,PPARG,CHEMBL235
CCCCc1nc(C)c(CC(=O)OCC2CCCCC2)c(=O)n1Cc1ccc(-c2ccccc2-c2noc(=O)[nH]2)cc1,5.8794260687941495,1,EC50,PPARG,CHEMBL235
CCCCc1nc(C)c(Cc2nc(C(C)(C)C)no2)c(=O)n1Cc1ccc(-c2ccccc2-c2noc(=O)[nH]2)cc1,6.552841968657781,1,EC50,PPARG,CHEMBL235
CCCCc1nc(C)c(Cc2nc(C(C)C)no2)c(=O)n1Cc1ccc(-c2ccccc2-c2noc(=O)[nH]2)cc1,5.8794260687941495,1,EC50,PPARG,CHEMBL235
CCCCc1nc(C)c(Cc2nc(C3CC3)no2)c(=O)n1Cc1ccc(-c2ccccc2-c2noc(=O)[nH]2)cc1,5.371611069949688,1,EC50,PPARG,CHEMBL235
CCCCc1nc(C)c(Cc2nc(CCOC)no2)c(=O)n1Cc1ccc(-c2ccccc2-c2noc(=O)[nH]2)cc1,5.375717904164332,1,EC50,PPARG,CHEMBL235
CCCCc1nc(C)c(Cc2nc(COC)no2)c(=O)n1Cc1ccc(-c2ccccc2-c2noc(=O)[nH]2)cc1,5.4698003017969175,1,EC50,PPARG,CHEMBL235
CCCCc1nc(C)c(Cc2nc(Cc3cc(F)cc(F)c3)no2)c(=O)n1Cc1ccc(-c2ccccc2-c2noc(=O)[nH]2)cc1,5.860120913598763,1,EC50,PPARG,CHEMBL235
CCCCc1nc(C)c(Cc2nc(Cc3ccc(F)cc3)no2)c(=O)n1Cc1ccc(-c2ccccc2-c2noc(=O)[nH]2)cc1,5.617982957425132,1,EC50,PPARG,CHEMBL235
CCCCc1nc(C)c(Cc2nc(Cc3cccc(F)c3)no2)c(=O)n1Cc1ccc(-c2ccccc2-c2noc(=O)[nH]2)cc1,5.856985199745905,1,EC50,PPARG,CHEMBL235
CCCCc1nc(C)c(Cc2nc(Cc3ccccc3)no2)c(=O)n1Cc1ccc(-c2ccccc2-c2noc(=O)[nH]2)cc1,5.756961951313706,1,EC50,PPARG,CHEMBL235
CCCCc1nc(C2CC2)c(CC(=O)OC(C)C)c(=O)n1Cc1ccc(-c2ccccc2-c2noc(=O)[nH]2)cc1,5.565431095965801,1,EC50,PPARG,CHEMBL235
CCCCc1nc(C2CC2)c(CC(=O)OC)c(=O)n1Cc1ccc(-c2ccccc2-c2noc(=O)[nH]2)cc1,5.627087997029893,1,EC50,PPARG,CHEMBL235
CCCCc1nc2c(C)cc(C)nc2n1C1CCc2cc(-c3ccccc3-c3nn[nH]n3)ccc21,5.657577319177793,1,EC50,PPARG,CHEMBL235
CCCCn1c(-c2ccc3nn(CCC)c(Cc4ccc(-c5ccccc5-c5nn[nH]n5)cc4)c3c2)nc2ccccc21,6.6020599913279625,1,EC50,PPARG,CHEMBL235
CCCCn1c(-c2ccc3nn(CCC)c(Cc4ccc(-c5ccccc5C(=O)O)cc4)c3c2)nc2ccccc21,6.1938200260161125,1,EC50,PPARG,CHEMBL235
CCCN(c1cccc(-c2ccc(Cl)cc2)c1C)S(=O)(=O)c1ccc(OC(C)C(=O)O)c(C)c1C,5.100000128334196,1,IC50,PPARG,CHEMBL235
CCCN[C@@H](Cc1ccc(OCCc2nc(-c3ccccc3)oc2C)cc1)C(=O)O,6.95200130809973,2,"Ki,EC50",PPARG,CHEMBL235
CCCO/N=C(/c1ccccc1)c1ccc(OC(Cc2ccccc2)C(=O)O)cc1,6.167491087293763,1,EC50,PPARG,CHEMBL235
CCCO/N=C(\c1ccccc1)c1ccc(OC(Cc2ccccc2)C(=O)O)cc1,6.0,1,EC50,PPARG,CHEMBL235
CCCO/N=C/c1ccc(OC(Cc2ccccc2)C(=O)O)cc1,5.102372908709558,1,EC50,PPARG,CHEMBL235
CCCO/N=C/c1ccc(O[C@@H](Cc2ccccc2)C(=O)O)cc1,5.42021640338319,1,EC50,PPARG,CHEMBL235
CCCOC(=O)/C(C)=C/CC/C(C)=C/CC[C@]1(C)CCc2cc(O)cc(C)c2O1,6.003926345514724,1,EC50,PPARG,CHEMBL235
CCCOC(=O)N(CC(=O)O)Cc1cc(OCc2nc(-c3ccc(Cl)cc3)oc2C)ccc1F,5.696156225111345,1,EC50,PPARG,CHEMBL235
CCCOC(=O)N(CC(=O)O)Cc1cccc(OCc2nc(-c3ccc(Cl)cc3)oc2C)c1,4.986741334716483,1,IC50,PPARG,CHEMBL235
CCCOC(=O)N1C=C(Cc2cccc(OCCc3nc(-c4ccccc4)oc3C)c2)C(C(=O)O)CC1,6.30189945437661,1,IC50,PPARG,CHEMBL235
CCCOC(=O)N1CCC(C(=O)O)=C(Cc2cccc(OCCc3nc(-c4ccccc4)oc3C)c2)C1,6.013228265733755,1,IC50,PPARG,CHEMBL235
CCCOC(=O)N1CCc2c(OCCc3nc(-c4ccc(-c5ccccc5)cc4)oc3C)ccc(CCC(=O)O)c2C1,8.100329725273209,2,"EC50,IC50",PPARG,CHEMBL235
CCCOC(=O)N1CCc2c(OCCc3nc(-c4ccccc4)oc3C)ccc(CCC(=O)O)c2C1,7.939713034397075,2,"EC50,IC50",PPARG,CHEMBL235
CCCOC(=O)c1ccccc1NC(Cc1ccc(OCCc2nc(-c3ccccc3)oc2C)cc1)C(=O)O,8.61996975203217,1,Ki,PPARG,CHEMBL235
CCCOC(Cc1ccc(OCCc2nc(-c3ccccc3)oc2C)c2ccccc12)C(=O)O,8.154901959985743,1,IC50,PPARG,CHEMBL235
CCCOC(Cc1ccc(OCCc2nc(-c3ccccc3)oc2C)c2ccsc12)C(=O)O,8.397940008672037,1,IC50,PPARG,CHEMBL235
CCCOC(Cc1ccc2c(ccn2Cc2nc(-c3ccc(C(F)(F)F)cc3)oc2C)c1)C(=O)O,6.399027104313252,1,IC50,PPARG,CHEMBL235
CCCO[C@@H](Cc1ccc(OCCc2nc(-c3ccccc3)oc2C)c2ccsc12)C(=O)O,8.698970004336019,1,IC50,PPARG,CHEMBL235
CCCOc1cc(C)c2c(c1)CC[C@@](C)(CC/C=C(\C)CC/C=C(\C)C(=O)O)O2,5.771599641296995,1,EC50,PPARG,CHEMBL235
CCCOc1cc(C)c2c(c1C)C[C@H]([C@H](C)C(=O)O)CC2,4.823908740944319,1,EC50,PPARG,CHEMBL235
CCCOc1cc(Oc2ccc(C)nc2C)cc2c1nc(COc1cccc(C(=O)O)c1)n2C,7.494850021680094,1,EC50,PPARG,CHEMBL235
CCCOc1ccc(CC(CC)C(=O)O)cc1CNC(=O)c1ccc(C(F)(F)F)cc1,5.886056647693163,1,EC50,PPARG,CHEMBL235
CCCOc1ccc(CC(CC)C(=O)O)cc1CNC(=O)c1ccc(C(F)(F)F)cc1F,6.187086643357144,1,EC50,PPARG,CHEMBL235
CCCOc1ccc(CC(Cc2ccccc2)C(=O)O)cc1CNC(=O)c1ccc(-c2ncccn2)cc1,7.460923901207224,1,EC50,PPARG,CHEMBL235
CCCOc1ccc(CC(Cc2ccccc2)C(=O)O)cc1CNC(=O)c1ccc(C23CC4CC(CC(C4)C2)C3)cc1,8.443697499232712,1,EC50,PPARG,CHEMBL235
CCCOc1ccc(C[C@@H](CC)C(=O)O)cc1CNC(=O)c1ccc(C23CC4CC(CC(C4)C2)C3)cc1,7.080921907623926,2,EC50,PPARG,CHEMBL235
CCCOc1ccc(C[C@@H](CC2CCCCC2)C(=O)O)cc1CNC(=O)c1ccc(C23CC4CC(CC(C4)C2)C3)cc1,7.920818753952375,1,EC50,PPARG,CHEMBL235
CCCOc1ccc(C[C@@H](CCc2ccccc2)C(=O)O)cc1CNC(=O)c1ccc(C23CC4CC(CC(C4)C2)C3)cc1,7.468521082957745,1,EC50,PPARG,CHEMBL235
CCCOc1ccc(C[C@@H](Cc2ccccc2)C(=O)O)cc1CNC(=O)c1ccc(-c2ccc(F)cc2)cc1,6.988852639224202,1,EC50,PPARG,CHEMBL235
CCCOc1ccc(C[C@@H](Cc2ccccc2)C(=O)O)cc1CNC(=O)c1ccc(-c2cccc(F)c2)cc1,7.542118103266008,1,EC50,PPARG,CHEMBL235
CCCOc1ccc(C[C@@H](Cc2ccccc2)C(=O)O)cc1CNC(=O)c1ccc(-c2ccccc2)cc1,7.066006836168757,1,EC50,PPARG,CHEMBL235
CCCOc1ccc(C[C@@H](Cc2ccccc2)C(=O)O)cc1CNC(=O)c1ccc(-c2ccccc2C)cc1,7.131943638176958,1,EC50,PPARG,CHEMBL235
CCCOc1ccc(C[C@@H](Cc2ccccc2)C(=O)O)cc1CNC(=O)c1ccc(-c2ccccc2F)cc1,7.305394801066432,1,EC50,PPARG,CHEMBL235
CCCOc1ccc(C[C@@H](Cc2ccccc2)C(=O)O)cc1CNC(=O)c1ccc(-c2ccccn2)cc1,6.730253626869233,1,EC50,PPARG,CHEMBL235
CCCOc1ccc(C[C@@H](Cc2ccccc2)C(=O)O)cc1CNC(=O)c1ccc(-c2cccnc2)cc1,6.073657553374344,1,EC50,PPARG,CHEMBL235
CCCOc1ccc(C[C@@H](Cc2ccccc2)C(=O)O)cc1CNC(=O)c1ccc(-c2cccs2)cc1,7.185752404268079,1,EC50,PPARG,CHEMBL235
CCCOc1ccc(C[C@@H](Cc2ccccc2)C(=O)O)cc1CNC(=O)c1ccc(-c2ccncc2)cc1,5.772627557710363,1,EC50,PPARG,CHEMBL235
CCCOc1ccc(C[C@@H](Cc2ccccc2)C(=O)O)cc1CNC(=O)c1ccc(-c2cnccn2)cc1,6.146362618041406,1,EC50,PPARG,CHEMBL235
CCCOc1ccc(C[C@@H](Cc2ccccc2)C(=O)O)cc1CNC(=O)c1ccc(-c2cncnc2)cc1,5.509339346643863,1,EC50,PPARG,CHEMBL235
CCCOc1ccc(C[C@@H](Cc2ccccc2)C(=O)O)cc1CNC(=O)c1ccc(-c2ncccn2)cc1,7.460923901207224,1,EC50,PPARG,CHEMBL235
CCCOc1ccc(C[C@@H](Cc2ccccc2)C(=O)O)cc1CNC(=O)c1ccc(C23CC4CC(CC(C4)C2)C3)cc1,8.443697499232712,3,EC50,PPARG,CHEMBL235
CCCOc1ccc(C[C@@H](Cc2ccccc2)C(=O)O)cc1CNC(=O)c1ccc(N2C3CC4CC(C3)CC2C4)cc1,8.657577319177793,1,EC50,PPARG,CHEMBL235
CCCOc1ccc(C[C@@H](Cc2ccccc2)C(=O)O)cc1CNC(=O)c1ccc(N2C3CCCC2CC3)cc1,8.173925197299173,1,EC50,PPARG,CHEMBL235
CCCOc1ccc(C[C@@H](Cc2ccccc2)C(=O)O)cc1CNC(=O)c1ccc(N2C3CCCC2CCC3)cc1,8.275724130399212,1,EC50,PPARG,CHEMBL235
CCCOc1ccc(C[C@@H](Cc2ccccc2)C(=O)O)cc1CNC(=O)c1ccc(N2CC(C)(C)CC(C)(C)C2)cc1,8.657577319177793,1,EC50,PPARG,CHEMBL235
CCCOc1ccc(C[C@@H](Cc2ccccc2)C(=O)O)cc1CNC(=O)c1ccc(N2CC3CCC(C3)C2)cc1,7.931814138253838,1,EC50,PPARG,CHEMBL235
CCCOc1ccc(C[C@@H](Cc2ccccc2)C(=O)O)cc1CNC(=O)c1ccc(N2CCC(C)(C)CC2)cc1,7.982966660701219,1,EC50,PPARG,CHEMBL235
CCCOc1ccc(C[C@@H](Cc2ccccc2)C(=O)O)cc1CNC(=O)c1ccc(N2CCCC(C)(C)C2)cc1,8.154901959985743,1,EC50,PPARG,CHEMBL235
CCCOc1ccc(C[C@@H](Cc2ccccc2)C(=O)O)cc1CNC(=O)c1ccc(N2CCCCC2)cc1,7.278189384787454,1,EC50,PPARG,CHEMBL235
CCCOc1ccc(C[C@@H](Cc2ccccc2)C(=O)O)cc1CNC(=O)c1ccc(N2CCCCCC2)cc1,8.173925197299173,1,EC50,PPARG,CHEMBL235
CCCOc1ccc(C[C@@H](Cc2ccccc2)C(=O)O)cc1CNC(=O)c1ccc(N2CCCCCCC2)cc1,8.721246399047171,1,EC50,PPARG,CHEMBL235
CCCOc1ccc(C[C@@H](Cc2ccccc2)C(=O)O)cc1CNC(=O)c1ccc(N2CCCCCCCC2)cc1,7.410050398674292,1,EC50,PPARG,CHEMBL235
CCCOc1ccc(C[C@H](CC)C(=O)O)cc1CNC(=O)c1ccc(C23CC4CC(CC(C4)C2)C3)cc1,7.3872161432802645,2,EC50,PPARG,CHEMBL235
CCCOc1ccc(C[C@H](CC2CCCCC2)C(=O)O)cc1CNC(=O)c1ccc(C23CC4CC(CC(C4)C2)C3)cc1,7.657577319177793,1,EC50,PPARG,CHEMBL235
CCCOc1ccc(C[C@H](CCc2ccccc2)C(=O)O)cc1CNC(=O)c1ccc(C23CC4CC(CC(C4)C2)C3)cc1,8.036212172654444,1,EC50,PPARG,CHEMBL235
CCCOc1ccc(C[C@H](Cc2ccccc2)C(=O)O)cc1CNC(=O)c1ccc(C23CC4CC(CC(C4)C2)C3)cc1,7.9196173791961,3,EC50,PPARG,CHEMBL235
CCCOc1ccc2c(c1)O/C(=C\c1cc(C)c(OC(C)(C)C(=O)O)c(C)c1)C2=O,6.3851027839668655,1,EC50,PPARG,CHEMBL235
CCCOc1ccc2c(c1)O/C(=C\c1cc(C)c(OCC(=O)O)c(C)c1)C2=O,5.402085528797471,1,EC50,PPARG,CHEMBL235
CCC[C@@H](OCc1ccc(-c2ccc(Cl)cc2)cc1)C(=O)O,5.267606240177031,1,EC50,PPARG,CHEMBL235
CCC[C@@H](Oc1ccc2ccccc2c1)C(=O)O,4.903089986991944,1,EC50,PPARG,CHEMBL235
CCC[C@@H](Oc1cccc(Cn2c(C)c(C(=O)c3ccc(Cl)cc3)c3ccc(OC(F)(F)F)cc32)c1)C(=O)O,7.920818753952375,1,IC50,PPARG,CHEMBL235
CCC[C@H](NC(=O)c1ccc2c(c1)c(C)c(C)n2Cc1ccc(-c2ccccc2C(=O)O)cc1)c1ccccc1,9.096910013008056,1,IC50,PPARG,CHEMBL235
CCC[C@H](OCc1ccc(-c2ccc(Cl)cc2)cc1)C(=O)O,5.050609993355087,1,EC50,PPARG,CHEMBL235
CCC[C@H](Oc1ccc2ccccc2c1)C(=O)O,5.141333739816979,2,EC50,PPARG,CHEMBL235
CCC[C@H](Oc1cccc(Cn2c(C)c(C(=O)c3ccc(Cl)cc3)c3ccc(OC(F)(F)F)cc32)c1)C(=O)O,8.096910013008056,1,IC50,PPARG,CHEMBL235
CCCc1[nH]c2cc(C(=O)NC(CC)c3ccccc3)ccc2c1Cc1ccc(-c2ccccc2C(=O)O)cc1,8.221848749616356,1,EC50,PPARG,CHEMBL235
CCCc1[nH]c2ccc(C(=O)NC(CC)c3ccccc3)cc2c1Cc1ccc(-c2ccccc2C(=O)O)cc1,6.455931955649724,1,EC50,PPARG,CHEMBL235
CCCc1c(-c2ccccc2)[nH]c2ccc(C(=O)O)cc12,5.430000267796055,1,Ki,PPARG,CHEMBL235
CCCc1c(-c2ccccc2)[nH]c2ccc(CC(=O)O)cc12,5.410000161858408,1,Ki,PPARG,CHEMBL235
CCCc1c(Cc2ccc(-c3ccccc3C(=O)O)cc2)c2cc(C(=O)NC(CC)c3ccccc3)ccc2n1OC,7.045757490560675,1,EC50,PPARG,CHEMBL235
CCCc1c(Cc2ccc(-c3ccccc3C(=O)O)cc2)c2ccc(C(=O)NC(CC)c3ccccc3)cc2n1C,8.698970004336019,1,EC50,PPARG,CHEMBL235
CCCc1c(O)c(C(=O)CC)cc(Cl)c1OC(C(=O)O)c1ccccc1,5.7156879622873635,2,Ki,PPARG,CHEMBL235
CCCc1c(OC(C(=O)O)c2ccccc2)c(Cl)cc2c(CC)noc12,5.950781977329818,1,Ki,PPARG,CHEMBL235
CCCc1c(OC(C(=O)O)c2ccccc2)ccc2c(C(F)(F)F)noc12,5.337242168318426,1,Ki,PPARG,CHEMBL235
CCCc1c(OCC(C)COc2cccc3c2ccn3CC(=O)O)ccc2c(C(F)(F)F)noc12,5.88672530753565,1,IC50,PPARG,CHEMBL235
CCCc1c(OCCC(C)CCOc2ccc3c(ccn3CC(=O)O)c2)ccc2c(C(F)(F)F)noc12,5.863913902615902,1,IC50,PPARG,CHEMBL235
CCCc1c(OCCC(C)CCOc2cccc3c2ccn3CC(=O)O)ccc2c(C(F)(F)F)noc12,5.838033383635925,1,IC50,PPARG,CHEMBL235
CCCc1c(OCCCCCOc2ccc3c(ccn3CC(=O)O)c2)ccc2c(C(F)(F)F)noc12,5.978810700930062,1,IC50,PPARG,CHEMBL235
CCCc1c(OCCCCCOc2cccc3c2ccn3CC(=O)O)ccc2c(C(F)(F)F)noc12,5.748605149959896,1,IC50,PPARG,CHEMBL235
CCCc1c(OCCCCOc2ccc(/C=C/C(=O)O)cc2)ccc2c(-c3ccccc3)noc12,7.886056647693163,1,Ki,PPARG,CHEMBL235
CCCc1c(OCCCCOc2ccc(C(C)(C)C(=O)O)cc2)ccc2c(-c3ccccc3)noc12,7.769551078621726,1,Ki,PPARG,CHEMBL235
CCCc1c(OCCCCOc2ccc(C(C)(C)CC(=O)O)cc2)ccc2c(-c3ccccc3)noc12,7.2839966563652006,1,Ki,PPARG,CHEMBL235
CCCc1c(OCCCCOc2ccc(CC(=O)O)cc2)ccc2c(-c3ccccc3)noc12,7.522878745280337,1,Ki,PPARG,CHEMBL235
CCCc1c(OCCCCOc2ccc(CC(C)(C)C(=O)O)cc2)ccc2c(-c3ccccc3)noc12,7.698970004336019,3,"Ki,EC50",PPARG,CHEMBL235
CCCc1c(OCCCCOc2ccc(CCC(=O)O)cc2)ccc2c(-c3ccccc3)noc12,8.050609993355087,1,Ki,PPARG,CHEMBL235
CCCc1c(OCCCCOc2ccc(OC(C)(C)C(=O)O)cc2)ccc2c(-c3ccccc3)noc12,8.619788758288394,1,Ki,PPARG,CHEMBL235
CCCc1c(OCCCCOc2ccc(OC(C)C(=O)O)cc2)ccc2c(-c3ccccc3)noc12,7.698970004336019,1,Ki,PPARG,CHEMBL235
CCCc1c(OCCCCOc2ccc3c(ccn3CC(=O)O)c2)ccc2c(C(F)(F)F)noc12,6.978810700930062,1,IC50,PPARG,CHEMBL235
CCCc1c(OCCCCOc2cccc(C(=O)O)c2)ccc2c(-c3ccccc3)noc12,7.0,1,Ki,PPARG,CHEMBL235
CCCc1c(OCCCCOc2cccc(C(C)(C)C(=O)O)c2)ccc2c(-c3ccccc3)noc12,7.585026652029182,1,Ki,PPARG,CHEMBL235
CCCc1c(OCCCCOc2cccc(CC(=O)O)c2)ccc2c(-c3ccccc3)noc12,8.365243527891042,2,"Ki,EC50",PPARG,CHEMBL235
CCCc1c(OCCCCOc2cccc(CCC(=O)O)c2)ccc2c(-c3ccccc3)noc12,6.939302159646388,1,Ki,PPARG,CHEMBL235
CCCc1c(OCCCCOc2cccc(OC(C)(C)C(=O)O)c2)ccc2c(-c3ccccc3)noc12,7.3872161432802645,1,Ki,PPARG,CHEMBL235
CCCc1c(OCCCCOc2cccc(OCC(=O)O)c2)ccc2c(-c3ccccc3)noc12,7.2839966563652006,1,Ki,PPARG,CHEMBL235
CCCc1c(OCCCCOc2cccc3c2ccn3CC(=O)O)ccc2c(C(F)(F)F)noc12,6.111259039317107,1,IC50,PPARG,CHEMBL235
CCCc1c(OCCCCOc2ccccc2CC(=O)O)ccc2c(-c3ccccc3)noc12,6.458420756053419,1,Ki,PPARG,CHEMBL235
CCCc1c(OCCCN(C)c2ccc(CC(=O)O)c(C)c2)ccc2c(C(F)(F)F)noc12,5.337242168318426,1,IC50,PPARG,CHEMBL235
CCCc1c(OCCCN(C)c2ccc(CC(=O)O)cc2)ccc2c(C(F)(F)F)noc12,5.537602002101044,1,IC50,PPARG,CHEMBL235
CCCc1c(OCCCN(C)c2ccc(CC(=O)O)cc2C)ccc2c(C(F)(F)F)noc12,6.337242168318426,1,IC50,PPARG,CHEMBL235
CCCc1c(OCCCN(C)c2cccc(CC(=O)O)c2)ccc2c(C(F)(F)F)noc12,5.522878745280337,1,IC50,PPARG,CHEMBL235
CCCc1c(OCCCNc2ccc(CC(=O)O)cc2)ccc2c(C(F)(F)F)noc12,6.991399828238082,1,IC50,PPARG,CHEMBL235
CCCc1c(OCCCOc2ccc(/C=C/C(=O)O)cc2)ccc2c(-c3ccccc3)noc12,6.818156412055227,1,Ki,PPARG,CHEMBL235
CCCc1c(OCCCOc2ccc(CC(=O)O)cc2)ccc2c(-c3ccccc3)noc12,7.494850021680094,1,Ki,PPARG,CHEMBL235
CCCc1c(OCCCOc2ccc(CC(=O)O)cc2)ccc2c(C(F)(F)F)noc12,6.568636235841012,1,IC50,PPARG,CHEMBL235
CCCc1c(OCCCOc2ccc(CC(=O)O)cc2Cl)ccc2c(C(F)(F)F)noc12,6.552841968657781,1,IC50,PPARG,CHEMBL235
CCCc1c(OCCCOc2ccc(CCC(=O)O)cc2)ccc2c(-c3ccccc3)noc12,7.494850021680094,1,Ki,PPARG,CHEMBL235
CCCc1c(OCCCOc2ccc(CCCC(=O)O)cc2)ccc2c(-c3ccccc3)noc12,6.838631997765026,1,Ki,PPARG,CHEMBL235
CCCc1c(OCCCOc2ccc(OC(C)C(=O)O)cc2)ccc2c(-c3ccccc3)noc12,7.657577319177793,1,Ki,PPARG,CHEMBL235
CCCc1c(OCCCOc2ccc(OCC(=O)O)cc2)ccc2c(-c3ccccc3)noc12,7.468521082957745,1,Ki,PPARG,CHEMBL235
CCCc1c(OCCCOc2ccc3c(ccn3C(CC)C(=O)O)c2)ccc2c(C(F)(F)F)noc12,5.767257937279263,1,IC50,PPARG,CHEMBL235
CCCc1c(OCCCOc2ccc3c(ccn3CC(=O)O)c2)ccc2c(-c3ccccc3)noc12,6.920818753952375,1,IC50,PPARG,CHEMBL235
CCCc1c(OCCCOc2ccc3c(ccn3CC(=O)O)c2)ccc2c(C#N)c[nH]c12,6.11975822410452,1,IC50,PPARG,CHEMBL235
CCCc1c(OCCCOc2ccc3c(ccn3CC(=O)O)c2)ccc2c(C(=O)C(F)(F)F)c[nH]c12,5.618884919290149,1,IC50,PPARG,CHEMBL235
CCCc1c(OCCCOc2ccc3c(ccn3CC(=O)O)c2)ccc2c(C(F)(F)F)noc12,6.818156412055227,2,IC50,PPARG,CHEMBL235
CCCc1c(OCCCOc2ccc3c(ccn3CC(=O)O)c2)ccc2cc(C(=O)c3ccccc3)ccc12,7.227965977824862,2,"EC50,IC50",PPARG,CHEMBL235
CCCc1c(OCCCOc2ccc3c(ccn3CCC(=O)O)c2)ccc2c(C(F)(F)F)noc12,6.2335871528876,1,IC50,PPARG,CHEMBL235
CCCc1c(OCCCOc2ccc3c(ccn3Cc3nn[nH]n3)c2)ccc2c(C(F)(F)F)noc12,5.949620243738542,1,IC50,PPARG,CHEMBL235
CCCc1c(OCCCOc2ccc3ccn(CC(=O)O)c3c2)ccc2c(C(F)(F)F)noc12,5.980053318321158,1,IC50,PPARG,CHEMBL235
CCCc1c(OCCCOc2ccc3ccn(CC(=O)O)c3c2)ccc2cc(C(=O)c3ccccc3)ccc12,5.693789491832239,1,IC50,PPARG,CHEMBL235
CCCc1c(OCCCOc2cccc(CC(=O)O)c2)ccc2c(-c3ccccc3)noc12,6.1791420105603,1,Ki,PPARG,CHEMBL235
CCCc1c(OCCCOc2cccc(CCC(=O)O)c2)ccc2c(-c3ccccc3)noc12,6.3487219860018556,1,Ki,PPARG,CHEMBL235
CCCc1c(OCCCOc2cccc3c2ccn3C(CC)C(=O)O)ccc2c(C(F)(F)F)noc12,5.892111974817201,1,IC50,PPARG,CHEMBL235
CCCc1c(OCCCOc2cccc3c2ccn3CC(=O)O)ccc2c(-c3ccccc3)coc12,5.401428336517859,1,IC50,PPARG,CHEMBL235
CCCc1c(OCCCOc2cccc3c2ccn3CC(=O)O)ccc2c(-c3ccccc3)noc12,6.896196279044043,1,IC50,PPARG,CHEMBL235
CCCc1c(OCCCOc2cccc3c2ccn3CC(=O)O)ccc2c(C(F)(F)F)noc12,5.702020755840637,1,IC50,PPARG,CHEMBL235
CCCc1c(OCCCOc2cccc3c2ccn3CC(=O)O)ccc2cc(-c3ccccc3)[nH]c12,5.774949303861951,1,IC50,PPARG,CHEMBL235
CCCc1c(OCCCOc2cccc3c2ccn3CC(=O)O)ccc2cc(-c3ccccc3)oc12,5.710411047457404,1,IC50,PPARG,CHEMBL235
CCCc1c(OCCCOc2cccc3c2ccn3CC(=O)O)ccc2cc(C(=O)c3ccccc3)ccc12,6.084072788302884,1,IC50,PPARG,CHEMBL235
CCCc1c(OCCCOc2cccc3c2ccn3CC(=O)O)ccc2cc[nH]c12,5.317945222926193,1,IC50,PPARG,CHEMBL235
CCCc1c(OCCCOc2cccc3c2ccn3CCC(=O)O)ccc2c(C(F)(F)F)noc12,5.959397659885926,1,IC50,PPARG,CHEMBL235
CCCc1c(OCCCOc2ccccc2CC(=O)O)ccc2c(-c3ccccc3)noc12,6.302770657240282,1,Ki,PPARG,CHEMBL235
CCCc1c(OCCCOc2ccccc2CCC(=O)O)ccc2c(-c3ccccc3)noc12,5.876148359032914,1,Ki,PPARG,CHEMBL235
CCCc1c(OCCCSc2ccc(CC(=O)O)cc2Cl)ccc(/C(CC)=N/O)c1O,7.5713337517843655,2,"EC50,IC50",PPARG,CHEMBL235
CCCc1c(OCCCSc2ccc(CC(=O)O)cc2Cl)ccc(C(=O)CC)c1O,6.83889035263304,2,"EC50,IC50",PPARG,CHEMBL235
CCCc1c(OCCCSc2ccc(CC(=O)O)cc2Cl)ccc(C(C)=O)c1O,6.437422085209735,2,"EC50,IC50",PPARG,CHEMBL235
CCCc1c(OCCCSc2ccc(CC(=O)O)cc2Cl)ccc2c(-c3ccccc3)coc12,7.536314818480488,2,"EC50,IC50",PPARG,CHEMBL235
CCCc1c(OCCCSc2ccc(CC(=O)O)cc2Cl)ccc2c(-c3ccccc3)noc12,7.958607314841775,1,Ki,PPARG,CHEMBL235
CCCc1c(OCCCSc2ccc(CC(=O)O)cc2Cl)ccc2c(C(F)(F)F)noc12,7.06736983898055,3,"EC50,IC50",PPARG,CHEMBL235
CCCc1c(OCCCSc2ccc(CC(=O)O)cc2Cl)ccc2c(CC)coc12,6.621605900615941,2,"EC50,IC50",PPARG,CHEMBL235
CCCc1c(OCCCSc2ccc(CC(=O)O)cc2Cl)ccc2c(CC)noc12,7.226617904629649,3,"EC50,IC50",PPARG,CHEMBL235
CCCc1c(OCCCn2ccc3c(OC(C)(C)C(=O)O)cccc32)ccc2cc(C(=O)c3ccccc3)ccc12,6.6777807052660805,1,EC50,PPARG,CHEMBL235
CCCc1c(OCCCn2ccc3c(OCC(=O)O)cccc32)ccc2cc(C(=O)c3ccccc3)ccc12,5.374687549038326,1,EC50,PPARG,CHEMBL235
CCCc1c(OCCCn2ccc3cc(CC(=O)O)ccc32)ccc2c(C(F)(F)F)noc12,5.721246399047171,1,IC50,PPARG,CHEMBL235
CCCc1c(OCCCn2ccc3cc(CCC(=O)O)ccc32)ccc2c(C(F)(F)F)noc12,5.920818753952375,1,IC50,PPARG,CHEMBL235
CCCc1c(OCCCn2ccc3cc(OC(C)(C)C(=O)O)ccc32)ccc2cc(C(=O)c3ccccc3)ccc12,6.187086643357144,1,EC50,PPARG,CHEMBL235
CCCc1c(OCCCn2ccc3cc(OCC(=O)O)ccc32)ccc2cc(C(=O)c3ccccc3)ccc12,5.655607726314889,1,EC50,PPARG,CHEMBL235
CCCc1c(OCCCn2ccc3ccc(OC(C)(C)C(=O)O)cc32)ccc2cc(C(=O)c3ccccc3)ccc12,6.327902142064282,1,EC50,PPARG,CHEMBL235
CCCc1c(OCCCn2ccc3ccc(OCC(=O)O)cc32)ccc2cc(C(=O)c3ccccc3)ccc12,5.459670525209127,1,EC50,PPARG,CHEMBL235
CCCc1c(OCCOc2ccc(CCC(=O)O)cc2)ccc2c(-c3ccccc3)noc12,6.517126416391246,1,Ki,PPARG,CHEMBL235
CCCc1c(OCCOc2ccc(CCCC(=O)O)cc2)ccc2c(-c3ccccc3)noc12,6.210419287835574,1,Ki,PPARG,CHEMBL235
CCCc1c(OCCOc2ccc3c(ccn3CC(=O)O)c2)ccc2c(C(F)(F)F)noc12,6.374687549038326,1,IC50,PPARG,CHEMBL235
CCCc1c(OCCOc2cccc3c2ccn3CC(=O)O)ccc2c(C(F)(F)F)noc12,5.825358807339551,1,IC50,PPARG,CHEMBL235
CCCc1c(O[C@H](C(=O)O)c2ccc(C(C)C)cc2)c(Cl)cc2c1oc(=O)n2CC,6.2839966563652006,1,IC50,PPARG,CHEMBL235
CCCc1c(Oc2c(C)n(-c3noc4cc(Cl)ccc34)c3ccc(OC(F)(F)F)cc23)cccc1O[C@@H](C)C(=O)O,6.193141970481182,1,IC50,PPARG,CHEMBL235
CCCc1c(SC)c2cc(NC(=O)C(CC)c3ccccc3)ccc2n1Cc1ccc(-c2ccccc2C(=O)O)cc1,7.443697499232712,1,IC50,PPARG,CHEMBL235
CCCc1c(SC)c2ccc(NC(=O)C(CC)c3ccccc3)cc2n1Cc1ccc(-c2ccccc2C(=O)O)cc1,6.309803919971486,1,IC50,PPARG,CHEMBL235
CCCc1cc(-c2ccccc2)ccc1OCCCOc1cccc(C2OC(=O)NC2=O)c1,6.346787486224656,1,IC50,PPARG,CHEMBL235
CCCc1cc(-c2nc(C(C)(C)C)cs2)ccc1OCCCOc1ccc2c(c1)CC[C@H]2CC(=O)O,1.2499999999925464,1,EC50,PPARG,CHEMBL235
CCCc1cc(-c2nc(C(F)(F)F)cs2)ccc1OCCCOc1ccc2c(c1)CC[C@H]2CC(=O)O,1.7399999999069173,1,EC50,PPARG,CHEMBL235
CCCc1cc(-c2nc(C)c(C(=O)N(C)C)s2)ccc1OCCCOc1ccc2c(c1)CC[C@H]2CC(=O)O,1.3000000000236325,1,EC50,PPARG,CHEMBL235
CCCc1cc(-c2nc(C)c(C(=O)O)s2)ccc1OCCCOc1ccc2c(c1)CC[C@H]2CC(=O)O,2.3699999997980044,1,EC50,PPARG,CHEMBL235
CCCc1cc(-c2nc(C)c(C(C)=O)s2)ccc1OCCCOc1ccc2c(c1)CC[C@H]2CC(=O)O,1.2299999999672453,1,EC50,PPARG,CHEMBL235
CCCc1cc(-c2nc(CC)cs2)ccc1OCCCOc1ccc2c(c1)CC[C@H]2CC(=O)O,1.6499999999162611,1,EC50,PPARG,CHEMBL235
CCCc1cc(-c2nc(CO)c(C(=O)O)s2)ccc1OCCCOc1ccc2c(c1)CC[C@H]2CC(=O)O,2.9400000005662026,1,EC50,PPARG,CHEMBL235
CCCc1cc(-c2nc(OC(C)C)cs2)ccc1OCCCOc1ccc2c(c1)CC[C@H]2CC(=O)O,1.6499999999162611,1,EC50,PPARG,CHEMBL235
CCCc1cc(-c2nc(OCC)c(C)s2)ccc1OCCCOc1ccc2c(c1)CC[C@H]2CC(=O)O,1.5299999999509062,1,EC50,PPARG,CHEMBL235
CCCc1cc(-c2nc(OCC)cs2)ccc1OCCCOc1ccc2c(c1)CC[C@H]2CC(=O)O,1.6099999999442742,1,EC50,PPARG,CHEMBL235
CCCc1cc(-c2nc3c(s2)CCC3)ccc1OCCCOc1ccc2c(c1)CC[C@H]2CC(=O)O,1.9700000000963032,1,EC50,PPARG,CHEMBL235
CCCc1cc(-c2nc3c(s2)CCCC3)ccc1OCCCOc1ccc2c(c1)CC[C@H]2CC(=O)O,1.0700000000012126,1,EC50,PPARG,CHEMBL235
CCCc1cc(-c2nc3c(s2)CCCO3)ccc1OCCCOc1ccc2c(c1)CC[C@H]2CC(=O)O,1.6200000000035288,1,EC50,PPARG,CHEMBL235
CCCc1cc(-c2nccs2)ccc1OCCCOc1ccc2c(c1)CC[C@H]2CC(=O)O,1.6799999999696595,1,EC50,PPARG,CHEMBL235
CCCc1cc(-c2noc3ccccc23)ccc1OCCCOc1cccc(C2SC(=O)NC2=O)c1,7.522878745280337,1,IC50,PPARG,CHEMBL235
CCCc1cc(C#N)ccc1OCCCOc1ccc2c(c1)CC[C@H]2CC(=O)O,2.750000000009506,1,EC50,PPARG,CHEMBL235
CCCc1cc(C(=O)C(C)(C)C)cc(CCC)c1OC(C(=O)O)c1ccccc1,5.568636235841012,1,IC50,PPARG,CHEMBL235
CCCc1cc(C(=O)C(C)C)cc(CCC)c1OC(C(=O)O)c1ccccc1,5.500312917381596,1,IC50,PPARG,CHEMBL235
CCCc1cc(C(=O)C2CCCCC2)ccc1OCCCOc1cccc(C2SC(=O)NC2=O)c1,7.1938200260161125,1,IC50,PPARG,CHEMBL235
CCCc1cc(C(=O)CC)c(O)c(CCC)c1OC(C(=O)O)c1ccccc1,5.962573502059376,1,Ki,PPARG,CHEMBL235
CCCc1cc(C(=O)CC)cc(C)c1OC(C(=O)O)c1ccc(C(C)C)cc1,6.585026652029182,1,IC50,PPARG,CHEMBL235
CCCc1cc(C(=O)CC)cc(CCC)c1OC(C(=O)O)c1ccccc1,5.559090917934782,1,IC50,PPARG,CHEMBL235
CCCc1cc(C(=O)CC)cc(CCC)c1OC(C)(C)C(=O)O,5.899848408509207,2,"EC50,IC50",PPARG,CHEMBL235
CCCc1cc(C(=O)CC)cc(CCC)c1O[C@@H](C(=O)O)c1ccc(C(C)C)cc1,5.525783735923745,1,IC50,PPARG,CHEMBL235
CCCc1cc(C(=O)CC)cc(CCC)c1O[C@H](C(=O)O)c1ccc(C(C)C)cc1,7.1249387366083,1,IC50,PPARG,CHEMBL235
CCCc1cc(C(=O)CC)cc(CCC)c1O[C@H](C(=O)O)c1ccc(C(F)(F)F)cc1,6.6777807052660805,1,IC50,PPARG,CHEMBL235
CCCc1cc(C(=O)CC)cc(CCC)c1O[C@H](C(=O)O)c1ccc(CC(C)C)cc1,6.657577319177793,1,IC50,PPARG,CHEMBL235
CCCc1cc(C(=O)CC)cc(CCC)c1O[C@H](C(=O)O)c1ccc(CC)cc1,6.6777807052660805,1,IC50,PPARG,CHEMBL235
CCCc1cc(C(=O)CC)cc(CCC)c1O[C@H](C(=O)O)c1ccc(OC(C)C)cc1,6.698970004336019,1,IC50,PPARG,CHEMBL235
CCCc1cc(C(=O)CC)cc(Cl)c1O[C@H](C(=O)O)c1ccc(C(C)C)cc1,6.657577319177793,1,IC50,PPARG,CHEMBL235
CCCc1cc(C(=O)OC)cc(C)c1OC(C(=O)O)c1ccccc1,5.2262135550188065,1,Ki,PPARG,CHEMBL235
CCCc1cc(C(=O)OC)cc(CCC)c1OC(C(=O)O)c1ccccc1,5.958607314841775,1,Ki,PPARG,CHEMBL235
CCCc1cc(C(=O)OC)cc(Cl)c1OC(C(=O)O)c1ccccc1,5.069050968832477,1,Ki,PPARG,CHEMBL235
CCCc1cc(C(=O)c2ccc(Cl)cc2)ccc1OCCCOc1cccc(C2SC(=O)NC2=O)c1,6.84163750790475,1,IC50,PPARG,CHEMBL235
CCCc1cc(C(=O)c2ccc(F)cc2)ccc1OCCCOc1ccc2c(ccn2CC(=O)O)c1,6.889410289700751,1,IC50,PPARG,CHEMBL235
CCCc1cc(C(=O)c2ccc(F)cc2)ccc1OCCCOc1ccc2ccn(CC(=O)O)c2c1,5.890421453095613,1,IC50,PPARG,CHEMBL235
CCCc1cc(C(=O)c2ccc(F)cc2)ccc1OCCCOc1cccc2c1ccn2CC(=O)O,5.618163200001657,1,IC50,PPARG,CHEMBL235
CCCc1cc(C(=O)c2ccccc2)cc(CCC)c1OC(C(=O)O)c1ccccc1,5.329754146925875,1,IC50,PPARG,CHEMBL235
CCCc1cc(C(=O)c2ccccc2)ccc1OCCCOc1cccc(C2SC(=O)NC2=O)c1,7.721246399047171,1,IC50,PPARG,CHEMBL235
CCCc1cc(C(F)(F)F)ccc1OCCCOc1ccc2c(c1)CC[C@H]2CC(=O)O,2.4800000006329412,1,EC50,PPARG,CHEMBL235
CCCc1cc(C2CCC(=O)CC2)ccc1OCCCOc1cccc(C2OC(=O)NC2=O)c1,5.935542010773082,1,IC50,PPARG,CHEMBL235
CCCc1cc(C2CCC(C)(C)CC2)ccc1OCCCOc1cccc(C2OC(=O)NC2=O)c1,5.75448733218585,1,IC50,PPARG,CHEMBL235
CCCc1cc(C2CCC(F)(F)CC2)ccc1OCCCOc1cccc(C2OC(=O)NC2=O)c1,6.267606240177031,1,IC50,PPARG,CHEMBL235
CCCc1cc(C2CCC(O)CC2)ccc1OCCCOc1cccc(C2OC(=O)NC2=O)c1,6.7447274948966935,1,IC50,PPARG,CHEMBL235
CCCc1cc(C2CCCC2)ccc1OCCCOc1cccc(C2OC(=O)NC2=O)c1,5.97469413473523,1,IC50,PPARG,CHEMBL235
CCCc1cc(C2CCCCC2)ccc1OCCCOc1cccc(C2OC(=O)NC2=O)c1,6.309803919971486,1,IC50,PPARG,CHEMBL235
CCCc1cc(C2CCCCCC2)ccc1OCCCOc1cccc(C2OC(=O)NC2=O)c1,6.1938200260161125,1,IC50,PPARG,CHEMBL235
CCCc1cc(C2CCOCC2)ccc1OCCCOc1cccc(C2OC(=O)NC2=O)c1,6.1249387366083,1,IC50,PPARG,CHEMBL235
CCCc1cc(C=C2CCCCC2)ccc1OCCCOc1cccc(C2SC(=O)NC2=O)c1,6.823908740944319,1,IC50,PPARG,CHEMBL235
CCCc1cc(CC2CCCCC2)ccc1OCCCOc1cccc(C2SC(=O)NC2=O)c1,7.229147988357855,1,IC50,PPARG,CHEMBL235
CCCc1cc(OC2CCCC2)ccc1OCCCOc1cccc(C2SC(=O)NC2=O)c1,7.200659450546418,1,IC50,PPARG,CHEMBL235
CCCc1cc(OC2CCCCC2)ccc1OCCCOc1cccc(C2SC(=O)NC2=O)c1,7.431798275933005,1,IC50,PPARG,CHEMBL235
CCCc1cc(OC2CCCCCC2)ccc1OCCCOc1cccc(C2SC(=O)NC2=O)c1,7.070581074285707,1,IC50,PPARG,CHEMBL235
CCCc1cc(Oc2ccc(-c3ccccc3)cc2)ccc1OCCCOc1ccc(C2SC(=O)NC2=O)cc1,7.292513326014591,2,"EC50,IC50",PPARG,CHEMBL235
CCCc1cc(Oc2ccc(-c3ccccc3)cc2)ccc1OCCCOc1cccc(C2SC(=O)NC2=O)c1,6.645891560852599,1,IC50,PPARG,CHEMBL235
CCCc1cc(Oc2ccc(C(C)(C)C)cc2)ccc1OCCCOc1cccc(C2SC(=O)NC2=O)c1,6.474955192963154,1,IC50,PPARG,CHEMBL235
CCCc1cc(Oc2ccc(C(C)C)cc2)ccc1OCCCOc1ccc(C2SC(=O)NC2=O)cc1,6.777283528852417,1,EC50,PPARG,CHEMBL235
CCCc1cc(Oc2ccc(C(C)C)cc2)ccc1OCCCOc1cccc(C2SC(=O)NC2=O)c1,6.769551078621726,1,IC50,PPARG,CHEMBL235
CCCc1cc(Oc2ccc(C(F)(F)F)cc2)ccc1OCCCOc1ccc(C2SC(=O)NC2=O)cc1,5.7447274948966935,1,IC50,PPARG,CHEMBL235
CCCc1cc(Oc2ccc(C)cc2)ccc1OCCCOc1ccc(C2SC(=O)NC2=O)cc1,5.585026652029182,1,IC50,PPARG,CHEMBL235
CCCc1cc(Oc2ccc(C3CCCC3)cc2)ccc1OCCCOc1ccc(C2SC(=O)NC2=O)cc1,6.827411191728648,2,"EC50,IC50",PPARG,CHEMBL235
CCCc1cc(Oc2ccc(C3CCCC3)cc2)ccc1OCCCOc1cccc(C2SC(=O)NC2=O)c1,6.481486060122112,1,IC50,PPARG,CHEMBL235
CCCc1cc(Oc2ccc(CC(C)C)cc2)ccc1OCCCOc1ccc(C2SC(=O)NC2=O)cc1,7.20446769648675,2,"EC50,IC50",PPARG,CHEMBL235
CCCc1cc(Oc2ccc(CC(C)C)cc2)ccc1OCCCOc1cccc(C2SC(=O)NC2=O)c1,6.536107011014092,1,IC50,PPARG,CHEMBL235
CCCc1cc(Oc2ccc(Cl)c(C)c2)ccc1OCCCOc1ccc(C2SC(=O)NC2=O)cc1,7.568636235841012,1,EC50,PPARG,CHEMBL235
CCCc1cc(Oc2ccc(Cl)c(C)c2)ccc1OCCCOc1cccc(C2SC(=O)NC2=O)c1,7.251811972993799,1,IC50,PPARG,CHEMBL235
CCCc1cc(Oc2ccc(Cl)c(Cl)c2)ccc1OCCCOc1ccc(C2SC(=O)NC2=O)cc1,7.327902142064282,1,EC50,PPARG,CHEMBL235
CCCc1cc(Oc2ccc(Cl)c(Cl)c2)ccc1OCCCOc1cccc(C2SC(=O)NC2=O)c1,7.1938200260161125,1,IC50,PPARG,CHEMBL235
CCCc1cc(Oc2ccc(Cl)cc2)ccc1OCCCOc1ccc(C2SC(=O)NC2=O)cc1,6.3979400086720375,2,"EC50,IC50",PPARG,CHEMBL235
CCCc1cc(Oc2ccc(Cl)cc2)ccc1OCCCOc1ccc2c(c1)OC(CC)(C(=O)O)CC2,6.0138985808104675,2,"EC50,IC50",PPARG,CHEMBL235
CCCc1cc(Oc2ccc(Cl)cc2)ccc1OCCCOc1cccc(C2SC(=O)NC2=O)c1,7.136677139879544,1,IC50,PPARG,CHEMBL235
CCCc1cc(Oc2ccc(F)c(C)c2)ccc1OCCCOc1ccc(C2SC(=O)NC2=O)cc1,6.97469413473523,1,EC50,PPARG,CHEMBL235
CCCc1cc(Oc2ccc(F)c(C)c2)ccc1OCCCOc1cccc(C2SC(=O)NC2=O)c1,7.107905397309519,1,IC50,PPARG,CHEMBL235
CCCc1cc(Oc2ccc(F)cc2)ccc1OCCCOc1ccc(C2SC(=O)NC2=O)cc1,6.480582519382814,3,"EC50,IC50",PPARG,CHEMBL235
CCCc1cc(Oc2ccc(F)cc2)ccc1OCCCOc1ccc(OC(C)(C)C(=O)O)cc1,5.963770455913705,1,EC50,PPARG,CHEMBL235
CCCc1cc(Oc2ccc(F)cc2)ccc1OCCCOc1ccc2c(c1)OC(CC)(C(=O)O)CC2,6.022878745280337,2,"EC50,IC50",PPARG,CHEMBL235
CCCc1cc(Oc2ccc(F)cc2)ccc1OCCCOc1cccc(C2SC(=O)NC2=O)c1,7.113509274827518,1,IC50,PPARG,CHEMBL235
CCCc1cc(Oc2ccc(NS(=O)(=O)c3ccc(C)cc3)cc2)ccc1OCCCOc1ccc(C2SC(=O)NC2=O)cc1,5.772577569995745,2,"EC50,IC50",PPARG,CHEMBL235
CCCc1cc(Oc2ccc(NS(C)(=O)=O)cc2)ccc1OCCCOc1ccc(C2SC(=O)NC2=O)cc1,5.698970004336019,1,IC50,PPARG,CHEMBL235
CCCc1cc(Oc2ccc(O)cc2)ccc1OCCCOc1ccc(C2SC(=O)NC2=O)cc1,7.638272163982407,1,EC50,PPARG,CHEMBL235
CCCc1cc(Oc2ccc(O)cc2)ccc1OCCCOc1cccc(C2SC(=O)NC2=O)c1,7.522878745280337,1,IC50,PPARG,CHEMBL235
CCCc1cc(Oc2ccc(OC)cc2)ccc1OCCCOc1ccc(C2SC(=O)NC2=O)cc1,6.9300604567993815,2,"EC50,IC50",PPARG,CHEMBL235
CCCc1cc(Oc2ccc(OC)cc2)ccc1OCCCOc1ccc2c(c1)OC(CC)(C(=O)O)CC2,6.125634721950752,2,"EC50,IC50",PPARG,CHEMBL235
CCCc1cc(Oc2ccc(OC)cc2)ccc1OCCCOc1cccc(C2SC(=O)NC2=O)c1,6.522878745280337,1,IC50,PPARG,CHEMBL235
CCCc1cc(Oc2ccc(S(C)(=O)=O)cc2)ccc1OCCCOc1ccc(C2SC(=O)NC2=O)cc1,6.761439372640169,2,"EC50,IC50",PPARG,CHEMBL235
CCCc1cc(Oc2ccc(S(C)(=O)=O)cc2)ccc1OCCCOc1ccc2c(c1)OC(CC)(C(=O)O)CC2,5.992320122295393,2,"EC50,IC50",PPARG,CHEMBL235
CCCc1cc(Oc2ccccc2)ccc1OCCCCOc1ccc(C2SC(=O)NC2=O)cc1,5.761439372640169,2,"EC50,IC50",PPARG,CHEMBL235
CCCc1cc(Oc2ccccc2)ccc1OCCCCOc1ccc2c(c1)CCC(C(=O)O)O2,5.56246936830415,2,"EC50,IC50",PPARG,CHEMBL235
CCCc1cc(Oc2ccccc2)ccc1OCCCCOc1ccc2c(c1)CCC(C)(C(=O)O)O2,5.779545458967391,2,"EC50,IC50",PPARG,CHEMBL235
CCCc1cc(Oc2ccccc2)ccc1OCCCCOc1ccc2c(c1)OC(C(=O)O)CC2,5.770303756120384,2,"EC50,IC50",PPARG,CHEMBL235
CCCc1cc(Oc2ccccc2)ccc1OCCCCOc1ccc2c(c1)OC(C)(C(=O)O)CC2,5.368063661567388,2,"EC50,IC50",PPARG,CHEMBL235
CCCc1cc(Oc2ccccc2)ccc1OCCCCOc1cccc(C2SC(=O)NC2=O)c1,6.709965388637482,1,IC50,PPARG,CHEMBL235
CCCc1cc(Oc2ccccc2)ccc1OCCCOc1ccc(C2SC(=O)NC2=O)cc1,6.966551424848872,4,"EC50,IC50",PPARG,CHEMBL235
CCCc1cc(Oc2ccccc2)ccc1OCCCOc1ccc(C2SC(=O)NC2=O)cc1C,6.0869625986495866,2,"EC50,IC50",PPARG,CHEMBL235
CCCc1cc(Oc2ccccc2)ccc1OCCCOc1ccc(C2SC(=O)NC2=O)cc1CCC,6.809894379144197,2,"EC50,IC50",PPARG,CHEMBL235
CCCc1cc(Oc2ccccc2)ccc1OCCCOc1ccc(C2SC(=O)NC2=O)cc1Cl,6.260716752203078,2,"EC50,IC50",PPARG,CHEMBL235
CCCc1cc(Oc2ccccc2)ccc1OCCCOc1ccc(C2SC(=O)NC2=O)cc1F,6.522878745280337,1,EC50,PPARG,CHEMBL235
CCCc1cc(Oc2ccccc2)ccc1OCCCOc1ccc(C2SC(=O)NC2=O)cc1OC,6.198970004336019,2,"EC50,IC50",PPARG,CHEMBL235
CCCc1cc(Oc2ccccc2)ccc1OCCCOc1ccc2c(c1)CCC(C(=O)O)O2,5.5452219853794125,2,"EC50,IC50",PPARG,CHEMBL235
CCCc1cc(Oc2ccccc2)ccc1OCCCOc1ccc2c(c1)CCC(C)(C(=O)O)O2,5.468521082957745,2,"EC50,IC50",PPARG,CHEMBL235
CCCc1cc(Oc2ccccc2)ccc1OCCCOc1ccc2c(c1)OC(C(=O)O)CC2,5.572725532093525,2,"EC50,IC50",PPARG,CHEMBL235
CCCc1cc(Oc2ccccc2)ccc1OCCCOc1ccc2c(c1)OC(C)(C(=O)O)CC2,6.06246936830415,2,"EC50,IC50",PPARG,CHEMBL235
CCCc1cc(Oc2ccccc2)ccc1OCCCOc1ccc2c(c1)OC(CC(C)C)(C(=O)O)CC2,5.920818753952375,1,IC50,PPARG,CHEMBL235
CCCc1cc(Oc2ccccc2)ccc1OCCCOc1ccc2c(c1)OC(CC)(C(=O)O)CC2,6.178273661756906,2,"EC50,IC50",PPARG,CHEMBL235
CCCc1cc(Oc2ccccc2)ccc1OCCCOc1ccc2c(c1)OC(CCC)(C(=O)O)CC2,6.256360091778466,2,"EC50,IC50",PPARG,CHEMBL235
CCCc1cc(Oc2ccccc2)ccc1OCCCOc1cccc(C2SC(=O)NC2=O)c1,7.427524759567843,4,"Ki,EC50,IC50",PPARG,CHEMBL235
CCCc1cc(SC(F)(F)F)ccc1OCCCOc1ccc2c(c1)CC(CC)(C(=O)O)O2,5.507239610973162,1,IC50,PPARG,CHEMBL235
CCCc1cc2c(=O)n(C(C)C)oc2c(CCC)c1O[C@H](C(=O)O)c1ccc(C(C)C)cc1,6.795880017344075,1,IC50,PPARG,CHEMBL235
CCCc1cc2c(=O)n(C(C)C)oc2c(CCC)c1O[C@H](C(=O)O)c1ccc(CC(C)C)cc1,6.585026652029182,1,IC50,PPARG,CHEMBL235
CCCc1cc2c(=O)n(C)oc2c(CCC)c1O[C@H](C(=O)O)c1ccc(C(C)C)cc1,6.6777807052660805,1,IC50,PPARG,CHEMBL235
CCCc1cc2c(=O)n(C)oc2c(CCC)c1O[C@H](C(=O)O)c1ccccc1,5.42021640338319,1,IC50,PPARG,CHEMBL235
CCCc1cc2c(=O)n(C3CCCCC3)oc2c(CCC)c1O[C@H](C(=O)O)c1ccc(C(C)C)cc1,6.356547323513812,1,IC50,PPARG,CHEMBL235
CCCc1cc2c(C(F)(F)F)noc2c(CCC)c1OC(C(=O)O)c1ccc(C(C)C)cc1,7.240348575382286,2,Ki,PPARG,CHEMBL235
CCCc1cc2c(C(F)(F)F)noc2c(CCC)c1OC(C(=O)O)c1ccc(C(F)(F)F)cc1,7.042669784705389,2,Ki,PPARG,CHEMBL235
CCCc1cc2c(C(F)(F)F)noc2c(CCC)c1OC(C(=O)O)c1ccc(CCc2ccccn2)cc1,6.832070544340091,2,Ki,PPARG,CHEMBL235
CCCc1cc2c(C(F)(F)F)noc2c(CCC)c1OC(C(=O)O)c1ccc(Cl)cc1,6.85778463307774,2,Ki,PPARG,CHEMBL235
CCCc1cc2c(C(F)(F)F)noc2c(CCC)c1OC(C(=O)O)c1ccc(OCc2ccccn2)cc1,6.949883674017746,2,Ki,PPARG,CHEMBL235
CCCc1cc2c(C(F)(F)F)noc2c(CCC)c1OC(C(=O)O)c1ccccc1,6.228624621633713,2,Ki,PPARG,CHEMBL235
CCCc1cc2c(C(F)(F)F)noc2c(CCC)c1OC(C)(C)C(=O)O,5.801342913045577,1,IC50,PPARG,CHEMBL235
CCCc1cc2c(C(F)(F)F)noc2c(CCC)c1O[C@@H](C(=O)O)c1ccccc1,5.501827339363456,1,Ki,PPARG,CHEMBL235
CCCc1cc2c(C(F)(F)F)noc2c(CCC)c1O[C@H](C(=O)O)c1ccccc1,6.460604897490478,2,Ki,PPARG,CHEMBL235
CCCc1cc2c(CC)noc2c(CCC)c1OC(C(=O)O)c1ccccc1,5.911838589482505,2,Ki,PPARG,CHEMBL235
CCCc1cc2c(OC)noc2c(CCC)c1OC(C)(C)C(=O)O,5.8745461501495715,2,"EC50,IC50",PPARG,CHEMBL235
CCCc1cc2c(oc(=O)n2C(C)C)c(CCC)c1O[C@H](C(=O)O)c1ccc(C(C)C)cc1,7.292429823902063,1,IC50,PPARG,CHEMBL235
CCCc1cc2c(oc(=O)n2C(C)C)c(CCC)c1O[C@H](C(=O)O)c1ccccc1,5.747146969020107,1,IC50,PPARG,CHEMBL235
CCCc1cc2c(oc(=O)n2C)c(CCC)c1O[C@H](C(=O)O)c1ccc(C(C)C)cc1,7.070581074285707,1,IC50,PPARG,CHEMBL235
CCCc1cc2c(oc(=O)n2CC(F)(F)F)c(CCC)c1O[C@H](C(=O)O)c1ccc(C(C)C)cc1,6.958607314841775,1,IC50,PPARG,CHEMBL235
CCCc1cc2c(oc(=O)n2CC)c(CCC)c1O[C@H](C(=O)O)c1ccc(C(C)C)cc1,7.00436480540245,1,IC50,PPARG,CHEMBL235
CCCc1cc2c(oc(=O)n2CC)c(CCC)c1O[C@H](C(=O)O)c1ccc(Cl)cc1,6.657577319177793,1,IC50,PPARG,CHEMBL235
CCCc1cc2c(oc(=O)n2CC2CC2)c(CCC)c1O[C@H](C(=O)O)c1ccc(C(C)C)cc1,6.920818753952375,1,IC50,PPARG,CHEMBL235
CCCc1cc2c(oc(=O)n2CCC)c(CCC)c1O[C@H](C(=O)O)c1ccc(C(C)C)cc1,7.060480747381382,1,IC50,PPARG,CHEMBL235
CCCc1cc2cc(NC(=O)C(CC)c3ccccc3)ccc2n1Cc1ccc(-c2ccccc2C(=O)O)cc1,6.585026652029182,1,IC50,PPARG,CHEMBL235
CCCc1cc2ccccc2n1Cc1ccc(-c2ccccc2C#N)cc1,5.09528445472132,1,EC50,PPARG,CHEMBL235
CCCc1cc2ccccc2n1Cc1ccc(-c2ccccc2C(=O)O)cc1,5.730487055782083,1,EC50,PPARG,CHEMBL235
CCCc1ccc(CC(Oc2ccc(Cl)cc2)C(=O)O)cc1,5.856985199745905,1,EC50,PPARG,CHEMBL235
CCCc1ccc(Oc2c(C)n(-c3noc4cc(Cl)ccc34)c3ccc(OC(F)(F)F)cc23)cc1O[C@@H](C)C(=O)O,7.698970004336019,1,IC50,PPARG,CHEMBL235
CCCc1ccc(S2(=O)=N[Se]c3cc(CCC)ccc32)cc1,5.897451976210758,2,"Ki,IC50",PPARG,CHEMBL235
CCCc1ccc([C@H](C)NC(=O)c2ccc3c(c2)c(C)c(C)n3Cc2ccc(-c3ccccc3C(=O)O)cc2)cc1,7.3979400086720375,1,IC50,PPARG,CHEMBL235
CCCc1ccc2ccccc2c1CNC(=O)c1c(OC)cc(O)c2c1OC1=CC(O)=C(C(C)=O)C(=O)[C@]12C,7.366531544420414,1,EC50,PPARG,CHEMBL235
CCCc1ccccc1CC(Oc1ccc(Cl)cc1)C(=O)O,5.434152181326482,1,EC50,PPARG,CHEMBL235
CCCc1ccccc1OCCCOc1ccc2c(c1)CC[C@H]2CC(=O)O,3.179999998690331,1,EC50,PPARG,CHEMBL235
CCCc1ccccc1OCCCOc1cccc(C2OC(=O)NC2=O)c1,6.468521082957745,1,IC50,PPARG,CHEMBL235
CCCc1nc(-c2ccccc2)cn1Cc1ccc2c(c1)COc1ccccc1/C2=C(\C)c1noc(=O)[nH]1,6.821023052706831,1,EC50,PPARG,CHEMBL235
CCCc1nc(-c2ccncc2)cn1Cc1ccc2c(c1)COc1ccccc1/C2=C(\C)c1noc(=O)[nH]1,6.226945306635738,1,EC50,PPARG,CHEMBL235
CCCc1nc2c(Br)cccc2n1Cc1ccc(-c2ccccc2C(=O)O)cc1,5.0835460514500745,1,EC50,PPARG,CHEMBL235
CCCc1nc2c(C(=O)NCCO)cccc2n1Cc1ccc2c(c1)COc1ccccc1/C2=C(\C)c1noc(=O)[nH]1,7.2441251443275085,1,EC50,PPARG,CHEMBL235
CCCc1nc2c(C(C)(C)O)cccc2n1Cc1ccc2c(c1)COc1ccccc1/C2=C(\C)c1noc(=O)[nH]1,7.886056647693163,1,EC50,PPARG,CHEMBL235
CCCc1nc2c(C(F)(F)F)cccc2n1Cc1ccc(-c2ccccc2C(=O)O)cc1,4.91721462968355,1,EC50,PPARG,CHEMBL235
CCCc1nc2c(C)cc(-c3nc4ccccc4n3C)cc2n1Cc1ccc(-c2ccccc2C(=O)O)cc1,5.540689260702353,14,"Ki,EC50,IC50",PPARG,CHEMBL235
CCCc1nc2c(C)cc(-c3nc4ccccc4n3C)cc2n1Cc1ccc(-c2ccccc2C(N)=O)cc1,5.040958607678906,1,EC50,PPARG,CHEMBL235
CCCc1nc2c(C)cc(C)nc2n1[C@H]1CCc2cc(-c3ccccc3-c3nnn[nH]3)ccc21,5.8794260687941495,1,EC50,PPARG,CHEMBL235
CCCc1nc2c(C)cccc2n1Cc1ccc(-c2ccccc2C(=O)O)cc1,4.954677021213342,1,EC50,PPARG,CHEMBL235
CCCc1nc2c(C)cccc2n1Cc1ccc2c(c1)COc1ccccc1/C2=C(\C)c1noc(=O)[nH]1,8.550637409205253,2,EC50,PPARG,CHEMBL235
CCCc1nc2c(C)cccc2n1Cc1ccc2c(c1)OCc1ncccc1/C2=C(\C)c1noc(=O)[nH]1,5.658763376761307,1,EC50,PPARG,CHEMBL235
CCCc1nc2c(C)cccc2n1Cc1ccc2c(n1)COc1ccccc1/C2=C(\C)c1noc(=O)[nH]1,7.0655015487564325,1,EC50,PPARG,CHEMBL235
CCCc1nc2c(CO)cccc2n1Cc1ccc2c(c1)COc1ccccc1/C2=C(\C)c1noc(=O)[nH]1,7.481486060122112,1,EC50,PPARG,CHEMBL235
CCCc1nc2c(Cl)cccc2n1Cc1ccc(-c2ccccc2C(=O)O)cc1,5.061980902523789,1,EC50,PPARG,CHEMBL235
CCCc1nc2c(F)cccc2n1Cc1ccc(-c2ccccc2C(=O)O)cc1,5.062482107982653,1,EC50,PPARG,CHEMBL235
CCCc1nc2c(NS(C)(=O)=O)cccc2n1Cc1ccc2c(c1)COc1ccccc1/C2=C(\C)c1noc(=O)[nH]1,6.779891911959945,1,EC50,PPARG,CHEMBL235
CCCc1nc2cc(-c3ccc(Cl)cc3)ccc2n1Cc1ccc(-c2ccccc2C(=O)O)cc1,6.721246399047171,1,EC50,PPARG,CHEMBL235
CCCc1nc2cc(-c3ccc(O)cc3)ccc2n1Cc1ccc(-c2ccccc2C(=O)O)cc1,5.995678626217357,1,EC50,PPARG,CHEMBL235
CCCc1nc2cc(-c3ccc(OC)cc3)ccc2n1Cc1ccc(-c2ccccc2C(=O)O)cc1,6.3872161432802645,1,EC50,PPARG,CHEMBL235
CCCc1nc2cc(-c3cccc(O)c3)ccc2n1Cc1ccc(-c2ccccc2C(=O)O)cc1,5.903089986991944,1,EC50,PPARG,CHEMBL235
CCCc1nc2cc(-c3cccc(OC)c3)ccc2n1Cc1ccc(-c2ccccc2C(=O)O)cc1,6.537602002101044,1,EC50,PPARG,CHEMBL235
CCCc1nc2cc(-c3ccccc3Cl)ccc2n1Cc1ccc(-c2ccccc2C(=O)O)cc1,6.031517051446064,1,EC50,PPARG,CHEMBL235
CCCc1nc2cc(Br)c(Br)cc2n1Cc1ccc(-c2ccccc2C(=O)O)cc1,6.3979400086720375,1,EC50,PPARG,CHEMBL235
CCCc1nc2cc(Br)ccc2n1Cc1ccc(-c2ccccc2C(=O)O)cc1,6.3979400086720375,1,EC50,PPARG,CHEMBL235
CCCc1nc2cc(C(=O)NC(CC)c3ccccc3)ccc2n1Cc1ccc(-c2ccccc2C(=O)O)cc1,5.576754126063192,1,EC50,PPARG,CHEMBL235
CCCc1nc2cc(C(=O)c3ccccc3)ccc2n1Cc1ccc(-c2ccccc2C(=O)O)cc1,6.236572006437063,1,EC50,PPARG,CHEMBL235
CCCc1nc2cc(C(O)c3ccccc3)ccc2n1Cc1ccc(-c2ccccc2C(=O)O)cc1,5.537602002101044,1,EC50,PPARG,CHEMBL235
CCCc1nc2cc3ccccc3cc2n1Cc1ccc(-c2ccccc2C(=O)O)cc1,6.585026652029182,1,EC50,PPARG,CHEMBL235
CCCc1nc2ccc(-c3ccc(Cl)cc3)cc2n1Cc1ccc(-c2ccccc2C(=O)O)cc1,5.939302159646388,1,EC50,PPARG,CHEMBL235
CCCc1nc2ccc(-c3ccc(O)cc3)cc2n1Cc1ccc(-c2ccccc2C(=O)O)cc1,5.525783735923745,1,EC50,PPARG,CHEMBL235
CCCc1nc2ccc(-c3ccc(OC)cc3)cc2n1Cc1ccc(-c2ccccc2C(=O)O)cc1,5.995678626217357,1,EC50,PPARG,CHEMBL235
CCCc1nc2ccc(-c3cccc(Cl)c3)cc2n1Cc1ccc(-c2ccccc2C(=O)O)cc1,6.113509274827518,1,EC50,PPARG,CHEMBL235
CCCc1nc2ccc(-c3cccc(O)c3)cc2n1Cc1ccc(-c2ccccc2C(=O)O)cc1,5.388276691992658,1,EC50,PPARG,CHEMBL235
CCCc1nc2ccc(-c3cccc(OC)c3)cc2n1Cc1ccc(-c2ccccc2C(=O)O)cc1,5.8696662315049934,1,EC50,PPARG,CHEMBL235
CCCc1nc2ccc(-c3ccccc3Cl)cc2n1Cc1ccc(-c2ccccc2C(=O)O)cc1,5.856985199745905,1,EC50,PPARG,CHEMBL235
CCCc1nc2ccc(Br)cc2n1Cc1ccc(-c2ccccc2C(=O)O)cc1,6.327902142064282,1,EC50,PPARG,CHEMBL235
CCCc1nc2ccc(C(=O)NC(CC)c3ccccc3)cc2n1Cc1ccc(-c2ccccc2C(=O)O)cc1,6.045757490560675,1,EC50,PPARG,CHEMBL235
CCCc1nc2ccc(C(=O)c3ccccc3)cc2n1Cc1ccc(-c2ccccc2C(=O)O)cc1,6.207608310501746,2,EC50,PPARG,CHEMBL235
CCCc1nc2ccc(C(O)c3ccccc3)cc2n1Cc1ccc(-c2ccccc2C(=O)O)cc1,5.455931955649724,2,EC50,PPARG,CHEMBL235
CCCc1nc2ccccc2n1Cc1ccc(-c2ccc(C(=O)O)cc2)cc1,5.7258421507363195,1,EC50,PPARG,CHEMBL235
CCCc1nc2ccccc2n1Cc1ccc(-c2cccc(C(=O)O)c2)cc1,5.204815410317575,1,EC50,PPARG,CHEMBL235
CCCc1nc2ccccc2n1Cc1ccc(-c2ccccc2C#N)cc1,5.300162274132754,1,EC50,PPARG,CHEMBL235
CCCc1nc2ccccc2n1Cc1ccc(-c2ccccc2C(=O)O)cc1,5.35842181978599,4,EC50,PPARG,CHEMBL235
CCCc1nc2ccccc2n1Cc1ccc(-c2ccccc2C(N)=O)cc1,5.501689446210399,1,EC50,PPARG,CHEMBL235
CCCc1nc2ccccc2n1Cc1ccc2c(c1)COc1c(F)cccc1/C2=C(\C)c1noc(=O)[nH]1,8.388381863448501,2,EC50,PPARG,CHEMBL235
CCCc1nc2ccccc2n1Cc1ccc2c(c1)COc1cc(F)ccc1/C2=C(\C)c1noc(=O)[nH]1,8.565384140134512,2,EC50,PPARG,CHEMBL235
CCCc1nc2ccccc2n1Cc1ccc2c(c1)COc1ccc(F)cc1/C2=C(\C)c1noc(=O)[nH]1,8.037860356969059,2,EC50,PPARG,CHEMBL235
CCCc1nc2ccccc2n1Cc1ccc2c(c1)COc1ccccc1/C2=C(\C)c1noc(=O)[nH]1,8.568636235841012,1,EC50,PPARG,CHEMBL235
CCCc1nn2ccc(-c3nc4ccccc4n3CCC)cc2c1Cc1ccc(-c2ccccc2-c2nn[nH]n2)cc1,7.096910013008056,1,EC50,PPARG,CHEMBL235
CCCc1nn2ccc(-c3nc4ccccc4n3CCC)cc2c1Cc1ccc(-c2ccccc2C(=O)O)cc1,6.552841968657781,1,EC50,PPARG,CHEMBL235
CCCc1nn2ccc(C(=O)NC(CC)c3ccccc3)cc2c1Cc1ccc(-c2ccccc2-c2nn[nH]n2)cc1,6.7447274948966935,1,EC50,PPARG,CHEMBL235
CCCc1nn2ccc(C(=O)NC(CC)c3ccccc3)cc2c1Cc1ccc(-c2ccccc2C(=O)O)cc1,6.4089353929735005,1,EC50,PPARG,CHEMBL235
CCCn1c(C(=O)O)cc2c(OC)ccc(OCc3ccc4nc(C(F)(F)F)cc(OC)c4c3)c21,5.4089353929735005,1,IC50,PPARG,CHEMBL235
CCCn1c(CCCc2ccc(OC(C)(C)C(=O)O)cc2)nn(C(C)c2ccccc2)c1=O,5.214670164989233,1,IC50,PPARG,CHEMBL235
CCCn1c(CCCc2ccc(OC(C)(C)C(=O)O)cc2)nn(CC2CCCCC2)c1=O,5.769551078621726,1,IC50,PPARG,CHEMBL235
CCCn1c(CCCc2ccc(OC(C)(C)C(=O)O)cc2)nn(Cc2ccc(C)cc2)c1=O,5.309803919971486,1,IC50,PPARG,CHEMBL235
CCCn1c(CCCc2ccc(OC(C)(C)C(=O)O)cc2)nn(Cc2cccc(OC)c2)c1=O,5.207608310501746,1,IC50,PPARG,CHEMBL235
CCCn1nc2ccc(C(=O)NC(CC)c3ccccc3)cc2c1Cc1ccc(-c2ccccc2C(=O)O)cc1,6.886056647693163,1,EC50,PPARG,CHEMBL235
CCN(CC)c1ccc(CN(CC(=O)c2ccc(Cl)c(Cl)c2)Cc2ccccc2)cc1,5.346787486224656,1,IC50,PPARG,CHEMBL235
CCN(CCOc1ccc(/C=C2\SC(=O)NC2=O)cc1)c1ccccn1,4.823908740944319,1,IC50,PPARG,CHEMBL235
CCN(CCOc1ccc(/C=C2\SC(=O)NC2=O)cc1)c1nc2ccccc2s1,4.769551078621726,1,IC50,PPARG,CHEMBL235
CCN(CCOc1ccc(CC2SC(=O)NC2=O)cc1)c1ccccn1,4.6777807052660805,1,IC50,PPARG,CHEMBL235
CCN(CCOc1ccc(CC2SC(=O)NC2=O)cc1)c1nc2ccccc2s1,4.6020599913279625,1,IC50,PPARG,CHEMBL235
CCN(CCOc1ccc(C[C@H](Nc2ccccc2C(=O)c2ccccc2)C(=O)O)cc1)c1cccc(C)c1,6.970007824622153,1,Ki,PPARG,CHEMBL235
CCN(Cc1cccc(C(=O)N(CC)Cc2ccc(CCC(=O)O)cc2)c1)C(=O)c1ccccc1,4.250263684430939,1,IC50,PPARG,CHEMBL235
CCNC(=O)c1cc(NS(=O)(=O)c2cc(C)c(Cl)cc2Cl)ccc1Oc1cncc(Cl)c1,7.56246936830415,2,"EC50,IC50",PPARG,CHEMBL235
CCNC(=O)c1cc(NS(=O)(=O)c2ccc(Br)cc2OC(F)(F)F)ccc1Oc1cncc(Cl)c1,7.784318117920506,2,"EC50,IC50",PPARG,CHEMBL235
CCNC(=O)c1cc(NS(=O)(=O)c2ccc(C(F)(F)F)cc2Cl)ccc1Oc1cncc(Cl)c1,7.411954370472159,2,"EC50,IC50",PPARG,CHEMBL235
CCNC(=O)c1cc(NS(=O)(=O)c2ccc(Cl)c(Cl)c2)ccc1Oc1cncc(Cl)c1,7.5774509799928715,2,"EC50,IC50",PPARG,CHEMBL235
CCNC(=O)c1cc(NS(=O)(=O)c2ccc(Cl)cc2)ccc1Oc1cncc(Cl)c1,6.795880017344075,1,IC50,PPARG,CHEMBL235
CCNC(=O)c1cc(NS(=O)(=O)c2ccc(Cl)cc2Cl)ccc1Oc1cncc(Cl)c1,7.823908740944319,2,"EC50,IC50",PPARG,CHEMBL235
CCNC(=O)c1cc(NS(=O)(=O)c2ccc(I)cc2)ccc1Oc1cncc(Cl)c1,7.150514997831991,2,"EC50,IC50",PPARG,CHEMBL235
CCNC(=O)c1cc(NS(=O)(=O)c2ccc(OC)cc2)ccc1Oc1cncc(Cl)c1,6.048455006504028,2,"EC50,IC50",PPARG,CHEMBL235
CCNC(=O)c1cc(NS(=O)(=O)c2ccc([N+](=O)[O-])cc2)ccc1Oc1cncc(Cl)c1,6.853871964321762,2,"EC50,IC50",PPARG,CHEMBL235
CCOC(=O)C(C(=O)O)C1CCc2cc(OCCc3nc(-c4ccccc4)oc3C)ccc21,7.167491087293763,1,EC50,PPARG,CHEMBL235
CCOC(=O)C(C)(C)Oc1ccc(C(=O)C2Cc3ccccc3OC2=O)cc1,4.401537799525849,1,EC50,PPARG,CHEMBL235
CCOC(=O)C(C)(C)Oc1ccc(C(=O)c2cc3cc([N+](=O)[O-])ccc3oc2=O)cc1,6.040958607678906,1,EC50,PPARG,CHEMBL235
CCOC(=O)C(C)(C)Oc1ccc(C(=O)c2cc3ccccc3oc2=O)cc1,5.284832642151542,1,EC50,PPARG,CHEMBL235
CCOC(=O)C(C)Cc1ccc(C(=O)NCc2ccccc2C(F)(F)F)cc1,5.096910013008056,1,EC50,PPARG,CHEMBL235
CCOC(=O)C(CC)Cc1ccc(C(=O)NCc2ccc(C(F)(F)F)cc2)cc1,5.376750709602099,1,EC50,PPARG,CHEMBL235
CCOC(=O)C(CC)Cc1ccc(C(=O)NCc2ccc(F)cc2)cc1,4.958607314841775,1,EC50,PPARG,CHEMBL235
CCOC(=O)C(CC)Cc1ccc(C(=O)NCc2ccc(F)cc2C(F)(F)F)cc1,5.552841968657781,1,EC50,PPARG,CHEMBL235
CCOC(=O)C(CC)Cc1ccc(C(=O)NCc2ccc(OC(F)(F)F)cc2)cc1,5.522878745280337,1,EC50,PPARG,CHEMBL235
CCOC(=O)C(CC)Cc1ccc(C(=O)NCc2ccc(OC)cc2C(F)(F)F)cc1,5.698970004336019,1,EC50,PPARG,CHEMBL235
CCOC(=O)C(CC)Cc1ccc(C(=O)NCc2ccc(Oc3ccccc3)cc2)cc1,5.853871964321762,1,EC50,PPARG,CHEMBL235
CCOC(=O)C(CC)Cc1ccc(C(=O)NCc2ccccc2)cc1,4.795880017344075,1,EC50,PPARG,CHEMBL235
CCOC(=O)C(CC)Cc1ccc(C(=O)NCc2ccccc2C(F)(F)F)cc1,5.7447274948966935,1,EC50,PPARG,CHEMBL235
CCOC(=O)C(CC)Cc1ccc(C(=O)NCc2ccccc2OC(F)(F)F)cc1,5.455931955649724,1,EC50,PPARG,CHEMBL235
CCOC(=O)C(Cc1ccc(C(=O)NCc2ccccc2C(F)(F)F)cc1)c1ccccc1,5.698970004336019,1,EC50,PPARG,CHEMBL235
CCOC(=O)C(Cc1ccc(OCCN2CCC(C)(C)c3cc(/C(=N\O)c4ccccc4)ccc32)cc1)OCC,6.209011524911184,1,Ki,PPARG,CHEMBL235
CCOC(=O)C(Cc1ccc(OCCN2CCC(C)(C)c3cc(/C(=N\OC)c4ccccc4)ccc32)cc1)OCC,5.0,1,Ki,PPARG,CHEMBL235
CCOC(=O)C(Cc1ccc(OCCn2c(=O)sc3cc(/C=C/c4cc(O)cc(O)c4)ccc32)cc1)OCC,8.0,1,EC50,PPARG,CHEMBL235
CCOC(=O)C(Cc1ccc(OCCn2c(=O)sc3cc(/C=C/c4cc(O)cc(O)c4)ccc32)cc1)OCC(F)(F)F,7.096910013008056,1,EC50,PPARG,CHEMBL235
CCOC(=O)C(Cc1ccc(OCCn2c(=O)sc3cc(/C=C/c4cc(OC)cc(OC)c4)ccc32)cc1)OCC(F)(F)F,7.301029995663981,1,EC50,PPARG,CHEMBL235
CCOC(=O)C(Cc1ccc(OCCn2c(=O)sc3cc(C(=O)/C=C/c4cc(O)cc(O)c4)ccc32)cc1)OCC,7.698970004336019,1,EC50,PPARG,CHEMBL235
CCOC(=O)C(Cc1ccc(OCCn2c(=O)sc3cc(C(=O)/C=C/c4cc(O)cc(O)c4)ccc32)cc1)OCC(F)(F)F,7.522878745280337,1,EC50,PPARG,CHEMBL235
CCOC(=O)C(Cc1ccc(OCCn2c(=O)sc3cc(C(=O)/C=C/c4cc(OC)cc(OC)c4)ccc32)cc1)OCC,7.522878745280337,1,EC50,PPARG,CHEMBL235
CCOC(=O)C(Cc1ccc(OCCn2c(=O)sc3cc(C(=O)/C=C/c4cc(OC)cc(OC)c4)ccc32)cc1)OCC(F)(F)F,6.698970004336019,1,EC50,PPARG,CHEMBL235
CCOC(=O)CC/C(C)=C/CCC1(C)CCc2cc(OCc3ccccc3)ccc2O1,5.798602875679549,1,EC50,PPARG,CHEMBL235
CCOC(=O)CC/C(C)=C/CCc1ccc2cc(OCc3ccccc3)ccc2n1,5.71669877129645,1,EC50,PPARG,CHEMBL235
CCOC(=O)CN(CCCOc1ccc2ccccc2c1)c1ccc(OC)cc1,5.318758762624412,1,EC50,PPARG,CHEMBL235
CCOC(=O)CN1C(=O)S/C(=C\c2ccc(C(F)(F)F)cc2)C1=O,5.0,1,EC50,PPARG,CHEMBL235
CCOC(=O)CN1C(=O)S/C(=C\c2ccc(C)cc2)C1=O,5.045757490560675,1,EC50,PPARG,CHEMBL235
CCOC(=O)CN1C(=O)S/C(=C\c2ccc(Cl)cc2)C1=O,5.096910013008056,1,EC50,PPARG,CHEMBL235
CCOC(=O)CN1C(=O)S/C(=C\c2ccc(OC)cc2)C1=O,5.154901959985743,1,EC50,PPARG,CHEMBL235
CCOC(=O)CN1C(=O)S/C(=C\c2ccc(OCCBr)cc2)C1=O,4.958607314841775,1,EC50,PPARG,CHEMBL235
CCOC(=O)CN1C(=O)S/C(=C\c2cccc([N+](=O)[O-])c2)C1=O,4.958607314841775,1,EC50,PPARG,CHEMBL235
CCOC(=O)CN1C(=O)SC(Cc2ccc(C(F)(F)F)cc2)C1=O,5.045757490560675,1,EC50,PPARG,CHEMBL235
CCOC(=O)CN1C(=O)SC(Cc2ccc(F)cc2)C1=O,5.0,1,EC50,PPARG,CHEMBL235
CCOC(=O)CN1C(=O)SC(Cc2ccc(N)cc2)C1=O,5.096910013008056,1,EC50,PPARG,CHEMBL235
CCOC(=O)CN1C(=O)SC(Cc2ccc(OCCBr)cc2)C1=O,4.920818753952375,1,EC50,PPARG,CHEMBL235
CCOC(=O)C[C@H](C)NC(=O)c1csc(C2CCN(C(=O)c3c(F)cccc3Cl)CC2)n1,4.356547323513812,1,IC50,PPARG,CHEMBL235
CCOC(=O)N(CC(=O)O)Cc1cc(OCc2nc(-c3ccc(Cl)cc3)oc2C)ccc1F,5.369267107182804,1,EC50,PPARG,CHEMBL235
CCOC(=O)N1C[C@@H](CCc2ccc(OCCc3nc(-c4ccccc4)oc3C)cc2)[C@@H](C(=O)O)C1,6.214378574719888,2,"EC50,IC50",PPARG,CHEMBL235
CCOC(=O)N1C[C@@H](CCc2cccc(OCCc3nc(-c4ccccc4)oc3C)c2)[C@@H](C(=O)O)C1,6.229272785626206,2,"EC50,IC50",PPARG,CHEMBL235
CCOC(=O)N1C[C@@H](Cc2ccc(OCCc3nc(-c4ccccc4)oc3C)cc2)[C@@H](C(=O)O)C1,6.047371975625774,2,"EC50,IC50",PPARG,CHEMBL235
CCOC(=O)N1C[C@@H](Cc2cccc(OCCc3nc(-c4ccccc4)oc3C)c2)[C@@H](C(=O)O)C1,6.428241419730744,4,"EC50,IC50",PPARG,CHEMBL235
CCOC(=O)N1C[C@@H](Cc2cccc(OCCc3nc(-c4ccccc4)oc3C)c2)[C@@H](CC(=O)O)C1,5.548213564475709,1,IC50,PPARG,CHEMBL235
CCOC(=O)N1C[C@H](C(=O)O)[C@H](c2cccc(OCCc3nc(-c4ccccc4)oc3C)c2)C1,4.619788758288394,1,EC50,PPARG,CHEMBL235
CCOC(=O)N1C[C@H](CC(=O)O)[C@@H](Cc2cccc(OCCc3nc(-c4ccccc4)oc3C)c2)C1,5.090979145788844,1,IC50,PPARG,CHEMBL235
CCOC(=O)N1C[C@H](CC(=O)O)[C@@H](c2cccc(OCCc3nc(-c4ccccc4)oc3C)c2)C1,5.138465999993434,2,"EC50,IC50",PPARG,CHEMBL235
CCOC(=O)N1C[C@H](CC(=O)O)[C@H](c2cccc(OCCc3nc(-c4ccccc4)oc3C)c2)C1,6.869964306007462,2,"EC50,IC50",PPARG,CHEMBL235
CCOC(=O)N1C[C@H](CCc2ccc(OCCc3nc(-c4ccccc4)oc3C)cc2)[C@@H](C(=O)O)C1,5.798602875679549,1,IC50,PPARG,CHEMBL235
CCOC(=O)N1C[C@H](Cc2cccc(OCCc3nc(-c4ccccc4)oc3C)c2)[C@@H](C(=O)O)C1,5.3180671428901665,2,"EC50,IC50",PPARG,CHEMBL235
CCOC(=O)N1C[C@H](Cc2cccc(OCCc3nc(-c4ccccc4)oc3C)c2)[C@H](C(=O)O)C1,5.368556230986828,1,IC50,PPARG,CHEMBL235
CCOC(=O)[C@H](Cc1ccc(OCCN2CCC(C)(C)c3cc(/C(=N\OC)c4ccccc4)ccc32)cc1)OCC,5.0,1,Ki,PPARG,CHEMBL235
CCOC(=O)c1cc(NS(=O)(=O)c2ccc(Cl)cc2)ccc1Oc1cncc(Cl)c1,6.8979400086720375,2,"EC50,IC50",PPARG,CHEMBL235
CCOC(=O)c1ccc(OS(=O)(=O)/C=C/c2ccccc2)cc1,6.126679398184601,1,IC50,PPARG,CHEMBL235
CCOC(=O)c1ccccc1NC(Cc1ccc(OCCc2nc(-c3ccccc3)oc2C)cc1)C(=O)O,8.51999305704285,1,Ki,PPARG,CHEMBL235
CCOC(=O)c1sc(N2C(=O)C(O)=C(C(=O)c3cccs3)C2c2ccc(C)o2)nc1C,5.619788758288394,2,EC50,PPARG,CHEMBL235
CCOC(C(=O)O)C1CCc2cc(OCCc3nc(-c4ccccc4)oc3C)ccc21,7.920818753952375,1,EC50,PPARG,CHEMBL235
CCOC(CC)(Cc1ccc(OCCc2nc(-c3ccccc3)oc2C)nc1)C(=O)O,4.841637507904751,1,Ki,PPARG,CHEMBL235
CCOC(Cc1ccc(C(=O)OCc2ccc(OS(C)(=O)=O)cc2)cc1)C(=O)O,5.853871964321762,1,EC50,PPARG,CHEMBL235
CCOC(Cc1ccc(OC(=O)Cc2ccc(NC(=O)OC(C)(C)C)cc2)c(C)c1)C(=O)O,7.136677139879544,1,EC50,PPARG,CHEMBL235
CCOC(Cc1ccc(OC(=O)Cc2ccc(NC(=O)OC(C)(C)C)cc2)c(Cc2ccccc2)c1)C(=O)O,8.2839966563652,1,EC50,PPARG,CHEMBL235
CCOC(Cc1ccc(OC(=O)Cc2nc(-c3ccccc3)oc2C)c(C)c1)C(=O)O,7.366531544420414,1,EC50,PPARG,CHEMBL235
CCOC(Cc1ccc(OC(=O)Cc2nc(-c3ccccc3)oc2C)c(Cc2ccccc2)c1)C(=O)O,7.275724130399211,1,EC50,PPARG,CHEMBL235
CCOC(Cc1ccc(OC)c(C(=O)NCc2ccc(C(F)(F)F)cc2)c1)C(=O)O,5.552841968657781,1,EC50,PPARG,CHEMBL235
CCOC(Cc1ccc(OCCCc2nc(-c3ccccc3)oc2C)cn1)C(=O)O,5.958607314841775,1,Ki,PPARG,CHEMBL235
CCOC(Cc1ccc(OCCN(C)c2nc3ccccc3o2)cc1)C(=O)O,8.602059991327963,2,Ki,PPARG,CHEMBL235
CCOC(Cc1ccc(OCCN2CCC(C)(C)c3cc(/C(=N\OC)c4ccccc4)ccc32)cc1)C(=O)O,7.318758762624412,1,Ki,PPARG,CHEMBL235
CCOC(Cc1ccc(OCCc2nc(-c3ccccc3)oc2C)c2ccccc12)C(=O)O,7.522878745280337,1,IC50,PPARG,CHEMBL235
CCOC(Cc1ccc(OCCc2nc(-c3ccccc3)oc2C)c2ccsc12)C(=O)O,8.154901959985743,1,IC50,PPARG,CHEMBL235
CCOC(Cc1ccc(OCCc2nc(-c3ccccc3)oc2C)cn1)C(=O)O,7.136677139879544,1,Ki,PPARG,CHEMBL235
CCOC(Cc1ccc(OCCc2nc(-c3ccccc3)oc2C)nc1)C(=O)O,6.823908740944319,1,Ki,PPARG,CHEMBL235
CCOC(Cc1ccc(OCCn2c(=O)sc3cc(/C=C/c4cc(O)cc(O)c4)ccc32)cc1)C(=O)O,6.0,1,EC50,PPARG,CHEMBL235
CCOC(Cc1ccc(OCCn2c(=O)sc3cc(C(=O)/C=C/c4cc(OC)cc(OC)c4)ccc32)cc1)C(=O)O,6.0,1,EC50,PPARG,CHEMBL235
CCOC(Cc1ccc(OCc2nc(-c3ccc(OC)cc3)c(-c3ccc(C(F)(F)F)cc3)s2)cc1)C(=O)O,5.882728704344236,1,EC50,PPARG,CHEMBL235
CCOC(Cc1ccc(Oc2ccc(OCc3ccccc3)cc2)cc1)C(=O)O,4.7447274948966935,1,EC50,PPARG,CHEMBL235
CCOC(Cc1ccc2c(c1)c(C)cn2Cc1nc(-c2ccc(C(F)(F)F)cc2)oc1C)C(=O)O,6.651695136951839,1,IC50,PPARG,CHEMBL235
CCOC(Cc1ccc2c(c1)cc(C)n2Cc1nc(-c2ccc(C(F)(F)F)cc2)oc1C)C(=O)O,5.096910013008056,1,IC50,PPARG,CHEMBL235
CCOC(Cc1ccc2c(ccn2Cc2nc(-c3cc(C)cc(C)c3)oc2C)c1)C(=O)O,7.42021640338319,1,IC50,PPARG,CHEMBL235
CCOC(Cc1ccc2c(ccn2Cc2nc(-c3cc(Cl)cc(Cl)c3)oc2C)c1)C(=O)O,7.1487416512809245,1,IC50,PPARG,CHEMBL235
CCOC(Cc1ccc2c(ccn2Cc2nc(-c3cc(OC)cc(OC)c3)oc2C)c1)C(=O)O,7.6020599913279625,1,IC50,PPARG,CHEMBL235
CCOC(Cc1ccc2c(ccn2Cc2nc(-c3ccc(C(C)(C)C)cc3)oc2C)c1)C(=O)O,7.823908740944319,1,IC50,PPARG,CHEMBL235
CCOC(Cc1ccc2c(ccn2Cc2nc(-c3ccc(C(C)C)cc3)oc2C)c1)C(=O)O,7.886056647693163,1,IC50,PPARG,CHEMBL235
CCOC(Cc1ccc2c(ccn2Cc2nc(-c3ccc(C(F)(F)F)cc3)oc2C)c1)C(=O)O,6.493494967595128,1,IC50,PPARG,CHEMBL235
CCOC(Cc1ccc2c(ccn2Cc2nc(-c3ccc(CC)cc3)oc2C)c1)C(=O)O,7.568636235841012,1,IC50,PPARG,CHEMBL235
CCOC(Cc1ccc2c(ccn2Cc2nc(-c3ccc(F)c(C)c3)oc2C)c1)C(=O)O,6.8696662315049934,1,IC50,PPARG,CHEMBL235
CCOC(Cc1ccc2c(ccn2Cc2nc(-c3ccc(F)cc3)oc2C)c1)C(=O)O,6.423658649794207,1,IC50,PPARG,CHEMBL235
CCOC(Cc1ccc2c(ccn2Cc2nc(-c3cccc(Cl)c3)oc2C)c1)C(=O)O,7.619788758288394,1,IC50,PPARG,CHEMBL235
CCOC(Cc1ccc2c(ccn2Cc2nc(-c3ccccc3)oc2C)c1)C(=O)O,6.7495799976911055,1,IC50,PPARG,CHEMBL235
CCOC(Cc1ccc2c(ccn2Cc2nc(-c3ccccc3C)oc2C)c1)C(=O)O,6.500312917381596,1,IC50,PPARG,CHEMBL235
CCOC(Cc1ccc2c(ccn2Cc2nc(-c3ccccc3Cl)oc2C)c1)C(=O)O,6.600326278518962,1,IC50,PPARG,CHEMBL235
CCOC(Cc1ccc2c(ccn2Cc2nc(-c3ccccc3F)oc2C)c1)C(=O)O,6.707743928643524,1,IC50,PPARG,CHEMBL235
CCOC(Cc1ccc2c(ccn2Cc2nc(-c3ccccc3OC(C)C)oc2C)c1)C(=O)O,5.267606240177031,1,IC50,PPARG,CHEMBL235
CCOC(Cc1ccc2c(ccn2Cc2nc(-c3ccccc3OC)oc2C)c1)C(=O)O,6.1295960947209736,1,IC50,PPARG,CHEMBL235
CCOC(Cc1cccc2c1ccn2CCCc1nc(-c2ccccc2)oc1C)C(=O)O,6.562249437179612,1,IC50,PPARG,CHEMBL235
CCOC(Cc1cccc2c1ccn2Cc1nc(-c2ccccc2)oc1C)C(=O)O,5.823908740944319,1,IC50,PPARG,CHEMBL235
CCOC(c1ccc(OC(F)(F)F)cc1)C1CC1c1cc(C)c(OC(C)(C)C(=O)O)c(C)c1,7.215605893842326,2,EC50,PPARG,CHEMBL235
CCO[C@@H](CC(=O)O)c1ccc(OCc2ccc(C(F)(F)F)cc2)cc1,4.982966660701219,1,EC50,PPARG,CHEMBL235
CCO[C@@H](Cc1ccc(OC(=O)Cc2ccc(NC(=O)OC(C)(C)C)cc2)cc1)C(=O)O,4.7447274948966935,1,EC50,PPARG,CHEMBL235
CCO[C@@H](Cc1ccc(OC/C=C(/c2ccccc2)c2ccc(-c3ccccc3)cc2)cc1)C(=O)O,5.769776006336217,4,EC50,PPARG,CHEMBL235
CCO[C@@H](Cc1ccc(OC/C=C(/c2ccccc2)c2ccc(-c3ccco3)cc2)cc1)C(=O)O,5.698970004336019,1,EC50,PPARG,CHEMBL235
CCO[C@@H](Cc1ccc(OC/C=C(/c2ccccc2)c2ccc(Br)cc2)cc1)C(=O)O,5.367687532979971,3,EC50,PPARG,CHEMBL235
CCO[C@@H](Cc1ccc(OC/C=C(/c2ccccc2)c2ccc(F)cc2)cc1)C(=O)O,5.31647005572337,4,EC50,PPARG,CHEMBL235
CCO[C@@H](Cc1ccc(OC/C=C(\C)c2ccc(-c3ccc(/C(C)=C/COc4ccc(C[C@H](OCC)C(=O)O)cc4)cc3)cc2)cc1)C(=O)O,6.494850021680094,1,EC50,PPARG,CHEMBL235
CCO[C@@H](Cc1ccc(OC/C=C(\C)c2ccc(-c3ccccc3)cc2)cc1)C(=O)O,5.692503962086787,1,EC50,PPARG,CHEMBL235
CCO[C@@H](Cc1ccc(OC/C=C(\c2ccccc2)c2ccc(-c3ccccc3)cc2)cc1)C(=O)O,6.221232400298714,3,EC50,PPARG,CHEMBL235
CCO[C@@H](Cc1ccc(OC/C=C(\c2ccccc2)c2ccc(-c3ccco3)cc2)cc1)C(=O)O,6.096910013008056,1,EC50,PPARG,CHEMBL235
CCO[C@@H](Cc1ccc(OC/C=C(\c2ccccc2)c2ccc(Br)cc2)cc1)C(=O)O,5.709454337552141,4,EC50,PPARG,CHEMBL235
CCO[C@@H](Cc1ccc(OC/C=C(\c2ccccc2)c2ccc(F)cc2)cc1)C(=O)O,5.070387389354745,3,EC50,PPARG,CHEMBL235
CCO[C@@H](Cc1ccc(OC/C=C/C#Cc2ccc(C#C/C=C/COc3ccc(C[C@H](OCC)C(=O)O)cc3)cc2)cc1)C(=O)O,6.958607314841775,1,EC50,PPARG,CHEMBL235
CCO[C@@H](Cc1ccc(OC/C=C/C#Cc2cccc(C#C/C=C/COc3ccc(C[C@H](OCC)C(=O)O)cc3)c2)cc1)C(=O)O,5.782516055786093,1,EC50,PPARG,CHEMBL235
CCO[C@@H](Cc1ccc(OC/C=C/C#Cc2ccccc2)cc1)C(=O)O,5.94692155651658,1,EC50,PPARG,CHEMBL235
CCO[C@@H](Cc1ccc(OCC=C(c2ccc(-c3ccccc3)cc2)c2ccc(-c3ccccc3)cc2)cc1)C(=O)O,6.522878745280337,1,EC50,PPARG,CHEMBL235
CCO[C@@H](Cc1ccc(OCC=C(c2ccc(-c3ccco3)cc2)c2ccc(-c3ccco3)cc2)cc1)C(=O)O,5.537602002101044,1,EC50,PPARG,CHEMBL235
CCO[C@@H](Cc1ccc(OCC=C(c2ccc(Br)cc2)c2ccc(Br)cc2)cc1)C(=O)O,6.0777368957200055,6,EC50,PPARG,CHEMBL235
CCO[C@@H](Cc1ccc(OCC=C(c2ccc(C)cc2)c2ccc(C)cc2)cc1)C(=O)O,5.509318832137387,4,EC50,PPARG,CHEMBL235
CCO[C@@H](Cc1ccc(OCC=C(c2ccc(OC)cc2)c2ccc(OC)cc2)cc1)C(=O)O,5.658788820774783,4,EC50,PPARG,CHEMBL235
CCO[C@@H](Cc1ccc(OCC=C(c2ccccc2)c2ccccc2)cc1)C(=O)O,5.5693185054913465,4,EC50,PPARG,CHEMBL235
CCO[C@@H](Cc1ccc(OCCCOc2ccc(Oc3ccccc3)cc2)cc1)C(=O)O,6.953149107597225,2,"EC50,IC50",PPARG,CHEMBL235
CCO[C@@H](Cc1ccc(OCCN(c2ccccc2)c2ccccc2)cc1)C(=O)O,5.480743109726218,4,EC50,PPARG,CHEMBL235
CCO[C@@H](Cc1ccc(OCCN2CCC(C)(C)c3cc(/C(=N/OC)c4ccccc4)ccc32)cc1)C(=O)O,7.7447274948966935,1,Ki,PPARG,CHEMBL235
CCO[C@@H](Cc1ccc(OCCN2CCC(C)(C)c3cc(/C(=N/OCC4CC4)c4ccccc4)ccc32)cc1)C(=O)O,6.5951662833800615,1,Ki,PPARG,CHEMBL235
CCO[C@@H](Cc1ccc(OCCN2CCC(C)(C)c3cc(/C(=N/OCc4ccccc4)c4ccccc4)ccc32)cc1)C(=O)O,7.735182176990463,1,Ki,PPARG,CHEMBL235
CCO[C@@H](Cc1ccc(OCCN2CCC(C)(C)c3cc(/C(=N\OC)c4ccccc4)ccc32)cc1)C(=O)O,7.7447274948966935,1,Ki,PPARG,CHEMBL235
CCO[C@@H](Cc1ccc(OCCN2c3ccccc3Oc3ccccc32)cc1)C(=O)O,6.442308768242462,8,"Ki,EC50,IC50",PPARG,CHEMBL235
CCO[C@@H](Cc1ccc(OCCc2ccc(OS(C)(=O)=O)cc2)cc1)C(=O)O,6.936568187666036,5,"Ki,EC50,IC50",PPARG,CHEMBL235
CCO[C@@H](Cc1ccc(OCCc2nc(-c3ccc(-c4ccccc4)cc3)oc2C)c2ccsc12)C(=O)O,8.522878745280337,1,IC50,PPARG,CHEMBL235
CCO[C@@H](Cc1ccc(OCCc2nc(-c3ccc(-c4ccccc4)s3)oc2C)cc1)C(=O)O,8.346787486224656,1,EC50,PPARG,CHEMBL235
CCO[C@@H](Cc1ccc(OCCc2nc(-c3ccc(C(F)(F)F)cc3)oc2C)c2ccccc12)C(=O)O,7.568636235841012,1,IC50,PPARG,CHEMBL235
CCO[C@@H](Cc1ccc(OCCc2nc(-c3ccc(C(F)(F)F)cc3)oc2C)c2ccsc12)C(=O)O,7.769551078621726,1,IC50,PPARG,CHEMBL235
CCO[C@@H](Cc1ccc(OCCc2nc(-c3ccc(C)s3)oc2C)cc1)C(=O)O,10.744727494896694,1,EC50,PPARG,CHEMBL235
CCO[C@@H](Cc1ccc(OCCc2nc(-c3ccccc3)oc2C)c2ccccc12)C(=O)O,7.443697499232712,1,IC50,PPARG,CHEMBL235
CCO[C@@H](Cc1ccc(OCCc2nc(-c3ccccc3)oc2C)c2ccsc12)C(=O)O,7.6777807052660805,1,IC50,PPARG,CHEMBL235
CCO[C@@H](Cc1ccc(OCCc2nc(-c3ccccc3)oc2C)c2sccc12)C(=O)O,7.886056647693163,1,IC50,PPARG,CHEMBL235
CCO[C@@H](Cc1ccc(OCCc2nc(-c3cccs3)oc2C)cc1)C(=O)O,10.301029995663981,1,EC50,PPARG,CHEMBL235
CCO[C@@H](Cc1ccc(OCCc2nc(-c3ccsc3)oc2C)cc1)C(=O)O,9.221848749616356,1,EC50,PPARG,CHEMBL235
CCO[C@@H](Cc1ccc(OCCc2nc(-c3sccc3C)oc2C)cc1)C(=O)O,13.0,1,EC50,PPARG,CHEMBL235
CCO[C@@H](Cc1ccc(OCCn2c3ccc(Br)cc3c3cc(Br)ccc32)cc1)C(=O)O,7.358859609143546,3,EC50,PPARG,CHEMBL235
CCO[C@@H](Cc1ccc(OCCn2c3ccccc3c3cc(Br)ccc32)cc1)C(=O)O,6.480496333961472,3,EC50,PPARG,CHEMBL235
CCO[C@@H](Cc1ccc(OCCn2c3ccccc3c3ccccc32)cc1)C(=O)O,6.769735112555111,5,EC50,PPARG,CHEMBL235
CCO[C@@H](Cc1ccc(OCCn2c3ccccc3c3ccncc32)cc1)C(=O)O,7.96018944585165,1,EC50,PPARG,CHEMBL235
CCO[C@@H](Cc1ccc(OCc2nc(-c3ccc(-c4ccccc4)s3)oc2C)cc1)C(=O)O,8.522878745280337,1,EC50,PPARG,CHEMBL235
CCO[C@@H](Cc1ccc(OCc2nc(-c3ccc(C)s3)oc2C)cc1)C(=O)O,12.698970004336019,1,EC50,PPARG,CHEMBL235
CCO[C@@H](Cc1ccc(OCc2nc(-c3cccs3)oc2C)cc1)C(=O)O,11.823908740944319,1,EC50,PPARG,CHEMBL235
CCO[C@@H](Cc1ccc(OCc2nc(-c3ccsc3)oc2C)cc1)C(=O)O,8.568636235841012,1,EC50,PPARG,CHEMBL235
CCO[C@@H](Cc1ccc(OCc2nc(-c3sccc3C)oc2C)cc1)C(=O)O,12.522878745280337,1,EC50,PPARG,CHEMBL235
CCO[C@@H](Cc1cccc(-c2cc(-c3ccccc3)on2)c1)C(=O)O,5.482804102050025,1,EC50,PPARG,CHEMBL235
CCO[C@@H](Cc1cccc(/C(C)=N/OCc2ccc(Br)cc2)c1)C(=O)O,7.443697499232712,1,EC50,PPARG,CHEMBL235
CCO[C@@H](Cc1cccc(/C(C)=N/OCc2ccc(C(C)(C)C)cc2)c1)C(=O)O,6.554395796726403,1,EC50,PPARG,CHEMBL235
CCO[C@@H](Cc1cccc(/C(C)=N/OCc2ccc(C(F)(F)F)cc2)c1)C(=O)O,7.337242168318426,1,EC50,PPARG,CHEMBL235
CCO[C@@H](Cc1cccc(/C(C)=N/OCc2ccc(Cl)cc2)c1)C(=O)O,7.552841968657781,1,EC50,PPARG,CHEMBL235
CCO[C@@H](Cc1cccc(/C(C)=N/OCc2ccc(F)cc2)c1)C(=O)O,6.856985199745905,1,EC50,PPARG,CHEMBL235
CCO[C@@H](Cc1cccc(/C(C)=N/OCc2ccc(I)cc2)c1)C(=O)O,7.3979400086720375,1,EC50,PPARG,CHEMBL235
CCO[C@@H](Cc1cccc(/C(C)=N/OCc2ccc(O)cc2)c1)C(=O)O,5.531652669587842,1,EC50,PPARG,CHEMBL235
CCO[C@@H](Cc1cccc(/C(C)=N/OCc2ccc(OC)cc2)c1)C(=O)O,6.756961951313706,1,EC50,PPARG,CHEMBL235
CCO[C@@H](Cc1cccc(/C(C)=N/OCc2ccc(OS(C)(=O)=O)cc2)c1)C(=O)O,5.79317412396815,1,EC50,PPARG,CHEMBL235
CCO[C@@H](Cc1cccc(/C(C)=N/OCc2cccc(Cl)c2)c1)C(=O)O,8.0,1,EC50,PPARG,CHEMBL235
CCO[C@@H](Cc1cccc(/C(C)=N/OCc2ccccc2)c1)C(=O)O,6.917214629683549,1,EC50,PPARG,CHEMBL235
CCO[C@@H](Cc1cccc(/C(C)=N/OCc2ccccc2Cl)c1)C(=O)O,7.585026652029182,1,EC50,PPARG,CHEMBL235
CCO[C@@H](Cc1cccc(C2=NOC(CCc3ccccc3)C2)c1)C(=O)O,5.732828271596986,1,EC50,PPARG,CHEMBL235
CCO[C@@H](Cc1cccc(C2=NOC(Cc3ccccc3)C2)c1)C(=O)O,5.159266765388193,1,EC50,PPARG,CHEMBL235
CCO[C@@H](Cc1cccc(C2=NOC(c3ccc(Br)cc3)C2)c1)C(=O)O,6.130768280269024,1,EC50,PPARG,CHEMBL235
CCO[C@@H](Cc1cccc(C2=NOC(c3ccc(C(C)(C)C)cc3)C2)c1)C(=O)O,5.5638373529592435,1,EC50,PPARG,CHEMBL235
CCO[C@@H](Cc1cccc(C2=NOC(c3ccc(Cl)cc3)C2)c1)C(=O)O,6.088309841246138,1,EC50,PPARG,CHEMBL235
CCO[C@@H](Cc1cccc(C2=NOC(c3ccc(F)cc3)C2)c1)C(=O)O,5.935542010773082,1,EC50,PPARG,CHEMBL235
CCO[C@@H](Cc1cccc(C2=NOC(c3ccc(I)cc3)C2)c1)C(=O)O,6.217527375833714,1,EC50,PPARG,CHEMBL235
CCO[C@@H](Cc1cccc(C2=NOC(c3ccc(O)cc3)C2)c1)C(=O)O,4.413412695328245,1,EC50,PPARG,CHEMBL235
CCO[C@@H](Cc1cccc(C2=NOC(c3ccc(OC)cc3)C2)c1)C(=O)O,5.496209316942819,1,EC50,PPARG,CHEMBL235
CCO[C@@H](Cc1cccc(C2=NOC(c3ccc(OS(C)(=O)=O)cc3)C2)c1)C(=O)O,4.55129368009492,1,EC50,PPARG,CHEMBL235
CCO[C@@H](Cc1cccc(C2=NOC(c3ccccc3)C2)c1)C(=O)O,6.657577319177793,1,EC50,PPARG,CHEMBL235
CCO[C@H](Cc1ccc(OCCN2CCC(C)(C)c3cc(/C(=N\OC)c4ccccc4)ccc32)cc1)C(=O)O,7.050609993355087,1,Ki,PPARG,CHEMBL235
CCO[C@H](Cc1ccc(OCCc2nc(-c3ccccc3)oc2C)c2ccsc12)C(=O)O,5.571865205971211,1,IC50,PPARG,CHEMBL235
CCO[C@H](Cc1cccc(-c2cc(-c3ccccc3)on2)c1)C(=O)O,4.42712839779952,1,EC50,PPARG,CHEMBL235
CCO[C@H](Cc1cccc(/C(C)=N/OCc2ccccc2)c1)C(=O)O,5.723538195826755,1,EC50,PPARG,CHEMBL235
CCO[C@H](Cc1cccc(C2=NOC(CCc3ccccc3)C2)c1)C(=O)O,4.600326278518962,1,EC50,PPARG,CHEMBL235
CCO[C@H](Cc1cccc(C2=NOC(Cc3ccccc3)C2)c1)C(=O)O,4.382999658879101,1,EC50,PPARG,CHEMBL235
CCO[C@H](Cc1cccc(C2=NOC(c3ccccc3)C2)c1)C(=O)O,4.5951662833800615,1,EC50,PPARG,CHEMBL235
CCOc1cc(/C=C2\S/C(=N/c3ccc(Cl)c(C(=O)O)c3)N(C)C2=O)cc(Cl)c1O,5.098541678603888,1,IC50,PPARG,CHEMBL235
CCOc1cc(C)ccc1OCCCOc1ccc2c(c1)CC[C@H]2CC(=O)O,3.089999997950482,1,EC50,PPARG,CHEMBL235
CCOc1cc(Oc2ccc(C)nc2C)cc2c1nc(COc1cccc(C(=O)O)c1)n2C,6.982966660701219,1,EC50,PPARG,CHEMBL235
CCOc1cc(Oc2ccc3nc(COc4cccc(C(=O)O)c4)n(C)c3c2)ccn1,6.739928612014925,1,EC50,PPARG,CHEMBL235
CCOc1cc(Oc2ccnc(OC)c2)cc2c1nc(COc1cccc(C(=O)O)c1)n2C,7.236572006437063,1,EC50,PPARG,CHEMBL235
CCOc1cc(Oc2ncc(C)cc2C)cc2c1nc(COc1cccc(C(=O)O)c1)n2C,7.236572006437063,1,EC50,PPARG,CHEMBL235
CCOc1ccc(-c2ccc(CCCc3nn(-c4ccc(C(F)(F)F)cc4)c(=O)n3-c3ccccc3F)cc2)cc1CC(=O)O,4.671620396561262,1,IC50,PPARG,CHEMBL235
CCOc1ccc(/C=C/c2cc(OCC)cc(OCc3ccc(OCC(=O)O)c(F)c3)c2)cc1,4.645891560852599,1,EC50,PPARG,CHEMBL235
CCOc1ccc(CC(CC)C(=O)O)cc1CNC(=O)c1ccc(C(F)(F)F)cc1,5.7447274948966935,1,EC50,PPARG,CHEMBL235
CCOc1ccc(COc2ccc(NC(=O)c3ccc(Cl)cc3Cl)c(C(=O)[O-])c2)cc1.[Li+],5.443697499232712,1,Ki,PPARG,CHEMBL235
CCOc1ccc(F)c(N2CC[C@@H](Oc3ccc(N4C[C@H](OC(F)F)C[C@@H]4CC(=O)O)cc3)[C@H](C)C2)c1,5.42021640338319,1,EC50,PPARG,CHEMBL235
CCOc1ccc(F)c(N2CC[C@@H](Oc3ccc(N4C[C@H](OC)C[C@@H]4CC(=O)O)cc3)[C@H](C)C2)c1,4.920818753952375,1,EC50,PPARG,CHEMBL235
CCOc1ccc(F)c(N2CC[C@@H](Oc3ccc(N4C[C@H](OCCCOC)C[C@@H]4CC(=O)O)cc3)[C@H](C)C2)c1,5.366531544420413,1,EC50,PPARG,CHEMBL235
CCOc1ccc(F)c(N2CC[C@@H](Oc3ccc(N4C[C@](C)(OC)C[C@@H]4CC(=O)O)cc3)[C@H](C)C2)c1,5.251811972993799,1,EC50,PPARG,CHEMBL235
CCOc1ccc(OCCCOc2ccc3c(c2)CC[C@H]3CC(=O)O)cc1,2.9699999980697678,1,EC50,PPARG,CHEMBL235
CCOc1ccc([C@H](C)NC(=O)c2ccc3c(c2)c(C)c(C)n3Cc2ccc(-c3ccccc3C(=O)O)cc2)cc1,7.889187180028132,3,"EC50,IC50",PPARG,CHEMBL235
CCOc1ccc2c(c1)O/C(=C\c1cc(C)c(OC(C)(C)C(=O)O)c(C)c1)C2=O,6.54515513999149,1,EC50,PPARG,CHEMBL235
CCOc1ccc2c(c1)O/C(=C\c1cc(C)c(OCC(=O)O)c(C)c1)C2=O,5.878440155812499,1,EC50,PPARG,CHEMBL235
CCOc1ccc2c(c1)c(Oc1cccc(C(F)(F)F)c1)c(C(=O)O)n2-c1ccc(C(C)(C)C)cc1,7.7447274948966935,1,IC50,PPARG,CHEMBL235
CCOc1cccc(-c2ccc(NC(=O)c3ccc(Cl)cc3Cl)c(C(=O)[O-])c2)c1.[Li+],5.920818753952375,1,Ki,PPARG,CHEMBL235
CCOc1cccc(Oc2c(C(=O)O)n(-c3ccc(C(C)(C)C)cc3)c3ccccc23)c1,7.309803919971486,1,IC50,PPARG,CHEMBL235
CCOc1cccc(Oc2ccc3nc(COc4cccc(C(=O)O)c4)n(C)c3c2)c1,7.3979400086720375,1,EC50,PPARG,CHEMBL235
CCOc1cccc([C@H](C)NC(=O)c2ccc3c(c2)c(C)c(C)n3Cc2ccc(-c3ccccc3)cc2)c1,7.6777807052660805,1,IC50,PPARG,CHEMBL235
CCOc1csc(-c2ccc(OCCCOc3ccc4c(c3)CC[C@H]4CC(=O)O)cc2)n1,2.8700000008343753,1,EC50,PPARG,CHEMBL235
CCOc1nc(-c2ccc(OCCCOc3ccc4c(c3)CC[C@H]4CC(=O)O)c(OC)c2)sc1C,2.240000000254458,1,EC50,PPARG,CHEMBL235
CCOc1nc(-c2ccc(OCCCOc3ccc4c(c3)CC[C@H]4CC(=O)O)c(OC)c2)sc1CC,2.250000000147006,1,EC50,PPARG,CHEMBL235
CCOc1nc2cccc(C(=O)OC(C)OC(=O)OC3CCCCC3)c2n1Cc1ccc(-c2ccccc2-c2nn[nH]n2)cc1,5.376750709602099,1,EC50,PPARG,CHEMBL235
CCS(=O)(=O)Nc1ccc(CNC(=O)c2ccc3c(ccn3Cc3cccc(F)c3)c2)c(C(F)(F)F)c1,6.431798275933005,1,EC50,PPARG,CHEMBL235
CC[C@@H](C(=O)O)[C@@H]1CCc2cc(OCCc3nc(-c4ccccc4)oc3C)ccc21,7.022276394711152,1,EC50,PPARG,CHEMBL235
CC[C@@H](C(=O)O)[C@H]1CCc2cc(OCCc3nc(-c4ccc(Cl)c(Cl)c4)oc3C)ccc21,6.647817481888637,1,EC50,PPARG,CHEMBL235
CC[C@@H](C(=O)O)[C@H]1CCc2cc(OCCc3nc(-c4ccccc4)oc3C)ccc21,6.2182446253475305,1,EC50,PPARG,CHEMBL235
CC[C@@H](Cc1ccc(C(=O)NCc2ccc(OC)cc2C(F)(F)F)cc1)C(=O)O,5.4430283238465815,2,EC50,PPARG,CHEMBL235
CC[C@@H](Cc1ccc(OC)c(C(=O)NCc2ccc(C(F)(F)F)cc2)c1)C(=O)O,4.356547323513812,1,IC50,PPARG,CHEMBL235
CC[C@@H](Cc1ccc(OC)c(C(=O)NCc2ccc(Oc3ccc(F)cc3)cc2)c1)C(=O)O,5.6020599913279625,1,EC50,PPARG,CHEMBL235
CC[C@@H](NC(=O)c1ccc2c(c1)c(C)c(C)n2Cc1ccc(-c2ccccc2C(=O)O)cc1)c1ccccc1,9.469645130991166,3,"EC50,IC50",PPARG,CHEMBL235
CC[C@@H](NC(=O)c1ccc2c(c1)c(C)c(C)n2Cc1ccccc1-c1ccc(C(=O)O)cc1)c1ccccc1,7.096910013008056,1,IC50,PPARG,CHEMBL235
CC[C@@H](NC(=O)c1ccc2c(c1)c(C)c(C)n2Cc1ccccc1-c1cccc(C(=O)O)c1)c1ccccc1,7.698970004336019,1,IC50,PPARG,CHEMBL235
CC[C@@H](NC(=O)c1ccc2c(ccn2Cc2ccccc2-c2ccc(C(=O)O)cc2)c1)c1ccccc1,8.301029995663981,1,IC50,PPARG,CHEMBL235
CC[C@@H](NC(=O)c1ccc2c(ccn2Cc2ccccc2-c2cccc(C(=O)O)c2)c1)c1ccccc1,8.397940008672037,1,IC50,PPARG,CHEMBL235
CC[C@@H](OC(=O)N(Cc1ccccc1)C(=O)Nc1cc(OC)cc(OC)c1)c1cc(-c2ccc(OC(C)(C)C(=O)O)cc2)no1,9.42021640338319,2,EC50,PPARG,CHEMBL235
CC[C@@H](Oc1ccc(-c2cccc3ccccc23)cc1)C(=O)O.NC1CCCCC1,5.136677139879544,1,EC50,PPARG,CHEMBL235
CC[C@@H](Oc1cccc(-n2c(C)c(C(=O)c3ccc(OC)cc3)c3ccc(OC(F)(F)F)cc32)c1)C(=O)O,8.045757490560675,1,IC50,PPARG,CHEMBL235
CC[C@@H](Oc1cccc(CN(CCCOc2ccc(OC)cc2)c2nc3ccccc3o2)c1)C(=O)O,5.769551078621726,1,EC50,PPARG,CHEMBL235
CC[C@@H](Oc1cccc(Cn2c(=O)n(-c3noc4cc(OC)ccc34)c3ccc(C(F)(F)F)cc32)c1)C(=O)O,5.436875039661956,1,IC50,PPARG,CHEMBL235
CC[C@@H](Oc1cccc(Cn2c(C)c(C(=O)c3ccc(Cl)cc3)c3ccc(OC(F)(F)F)cc32)c1)C(=O)O,8.045757490560675,1,IC50,PPARG,CHEMBL235
CC[C@@H]1CN(Cc2cc(C)cc(CC(=O)O)c2)CCN1c1nc2ccc(C(F)(F)F)cc2s1,6.366531544420413,1,EC50,PPARG,CHEMBL235
CC[C@@](C)(Cc1ccc(OCCCOc2ccc(C3CCC(C)(C)CC3)cc2Cl)cc1)C(=O)O,5.442492798094342,1,IC50,PPARG,CHEMBL235
CC[C@@](C)(Cc1ccc(OCCCOc2ccc(C3CCCCC3)cc2Cl)cc1)C(=O)O,5.732593581247096,1,IC50,PPARG,CHEMBL235
CC[C@@](C)(Cc1ccc(OCCCOc2ccccc2Cl)cc1)C(=O)O,6.070070439915412,1,IC50,PPARG,CHEMBL235
CC[C@@](C)(Oc1ccc(-c2cccc3ccccc23)cc1)C(=O)O.NC1CCCCC1,5.366531544420413,1,EC50,PPARG,CHEMBL235
CC[C@@](C)(Oc1cccc(Cn2c(C)c(C(=O)c3ccc(Cl)cc3)c3ccc(OC(F)(F)F)cc32)c1)C(=O)O,8.173393743112328,2,IC50,PPARG,CHEMBL235
CC[C@@]1(C(=O)O)CCc2ccc(OCCCOc3ccc(Oc4ccc(F)cc4)cc3Cl)cc2O1,5.328788659588897,2,"EC50,IC50",PPARG,CHEMBL235
CC[C@H](C(=O)O)[C@@H]1CCc2cc(OCCc3nc(-c4ccc(C)cc4)oc3C)ccc21,7.522878745280337,1,EC50,PPARG,CHEMBL235
CC[C@H](C(=O)O)[C@@H]1CCc2cc(OCCc3nc(-c4ccc(Cl)c(Cl)c4)oc3C)ccc21,7.337242168318426,1,EC50,PPARG,CHEMBL235
CC[C@H](C(=O)O)[C@@H]1CCc2cc(OCCc3nc(-c4ccc(F)cc4)oc3C)ccc21,7.337242168318426,1,EC50,PPARG,CHEMBL235
CC[C@H](C(=O)O)[C@@H]1CCc2cc(OCCc3nc(-c4ccccc4)oc3C)ccc21,8.221848749616356,1,EC50,PPARG,CHEMBL235
CC[C@H](C(=O)O)[C@H]1CCc2cc(OCCc3nc(-c4ccc(C)cc4)oc3C)ccc21,7.080921907623926,1,EC50,PPARG,CHEMBL235
CC[C@H](C(=O)O)[C@H]1CCc2cc(OCCc3nc(-c4ccccc4)oc3C)ccc21,7.721246399047171,1,EC50,PPARG,CHEMBL235
CC[C@H](Cc1ccc(C(=O)NCc2ccc(OC)cc2C(F)(F)F)cc1)C(=O)O,6.483288122256525,2,EC50,PPARG,CHEMBL235
CC[C@H](NC(=O)c1ccc2c(c1)c(C)c(C)n2Cc1ccc(-c2ccccc2C(=O)O)cc1)c1cccc(C(C)C)c1,7.697171660373783,3,"EC50,IC50",PPARG,CHEMBL235
CC[C@H](NC(=O)c1ccc2c(c1)c(C)c(C)n2Cc1ccc(-c2ccccc2C(=O)O)cc1)c1ccccc1,8.107160540319962,3,"EC50,IC50",PPARG,CHEMBL235
CC[C@H](NC(=O)c1ccc2c(c1)c(C)c(C)n2Cc1ccccc1-c1cccc(C(=O)O)c1)c1ccccc1,7.096910013008056,1,IC50,PPARG,CHEMBL235
CC[C@H](NC(=O)c1ccc2c(ccn2Cc2ccccc2-c2ccc(C(=O)O)cc2)c1)c1ccccc1,7.0,1,IC50,PPARG,CHEMBL235
CC[C@H](NC(=O)c1ccc2c(ccn2Cc2ccccc2-c2cccc(C(=O)O)c2)c1)c1ccccc1,7.096910013008056,1,IC50,PPARG,CHEMBL235
CC[C@H](OC(=O)N(Cc1ccccc1)C(=O)Nc1cc(OC)cc(OC)c1)c1cc(-c2ccc(OC(C)(C)C(=O)O)cc2)no1,6.73754891026957,2,EC50,PPARG,CHEMBL235
CC[C@H](Oc1ccc(-c2cccc3ccccc23)cc1)C(=O)O.NC1CCCCC1,4.958607314841775,1,EC50,PPARG,CHEMBL235
CC[C@H](Oc1cccc(Cn2c(C)c(C(=O)c3ccc(Cl)cc3)c3ccc(OC(F)(F)F)cc32)c1)C(=O)O,8.397940008672037,1,IC50,PPARG,CHEMBL235
CC[C@H]1CN(Cc2cc(C)cc(CC(=O)O)c2)CCN1c1nc2ccc(C(F)(F)F)cc2s1,5.721246399047171,1,EC50,PPARG,CHEMBL235
CC[C@H]1CN(c2nc3ccc(C(F)(F)F)cc3s2)CCN1CCOc1cc(CC(=O)O)ccc1Cl,6.431798275933005,1,EC50,PPARG,CHEMBL235
CC[C@H]1CN(c2nc3ccc(Cl)cc3s2)CCC1CCOc1cc(CC(=O)O)ccc1Cl,6.1487416512809245,1,EC50,PPARG,CHEMBL235
CC[C@](C)(Oc1ccc(-c2cccc3ccccc23)cc1)C(=O)O.NC1CCCCC1,5.327902142064282,1,EC50,PPARG,CHEMBL235
CC[C@]1(C(=O)O)CCc2ccc(OCCCOc3ccc(C(C)(C)C)cc3Cl)cc2O1,5.552841968657781,1,IC50,PPARG,CHEMBL235
CC[C@]1(C(=O)O)CCc2ccc(OCCCOc3ccc(C(C)C)cc3Cl)cc2O1,5.537602002101044,1,IC50,PPARG,CHEMBL235
CC[C@]1(C(=O)O)CCc2ccc(OCCCOc3ccc(C(F)(F)F)cc3Cl)cc2O1,5.366531544420413,1,IC50,PPARG,CHEMBL235
CC[C@]1(C(=O)O)CCc2ccc(OCCCOc3ccc(C4CCC(C)(C)CC4)cc3Cl)cc2O1,5.2441251443275085,1,IC50,PPARG,CHEMBL235
CC[C@]1(C(=O)O)CCc2ccc(OCCCOc3ccc(C4CCC5(CC4)CC5)cc3Cl)cc2O1,5.431798275933005,1,IC50,PPARG,CHEMBL235
CC[C@]1(C(=O)O)CCc2ccc(OCCCOc3ccc(C4CCCCC4)cc3Cl)cc2O1,5.853871964321762,1,IC50,PPARG,CHEMBL235
CC[C@]1(C(=O)O)CCc2ccc(OCCCOc3ccc(CC(C)C)cc3Cl)cc2O1,5.7447274948966935,1,IC50,PPARG,CHEMBL235
CC[C@]1(C(=O)O)CCc2ccc(OCCCOc3ccc(Cl)cc3Cl)cc2O1,5.537602002101044,1,IC50,PPARG,CHEMBL235
CC[C@]1(C(=O)O)CCc2ccc(OCCCOc3ccc(F)cc3Cl)cc2O1,5.366531544420413,1,IC50,PPARG,CHEMBL235
CC[C@]1(C(=O)O)CCc2ccc(OCCCOc3ccc(OC(F)(F)F)cc3Cl)cc2O1,5.585026652029182,1,IC50,PPARG,CHEMBL235
CC[C@]1(C(=O)O)CCc2ccc(OCCCOc3ccc(OCC(F)(F)F)cc3Cl)cc2O1,6.004364805402449,1,IC50,PPARG,CHEMBL235
CC[C@]1(C(=O)O)CCc2ccc(OCCCOc3ccc(Oc4ccc(F)cc4)cc3Cl)cc2O1,6.659643596754027,4,"EC50,IC50",PPARG,CHEMBL235
CCc1c(C(=O)OC)cc2c(c1O)C(=O)c1c(O)cc3cc(C)c(Cl)c(OC)c3c1C2=O,6.7447274948966935,1,EC50,PPARG,CHEMBL235
CCc1c(C)nc2c(nc(CC)n2[C@H]2CCc3cc(-c4ccccc4-c4nnn[nH]4)ccc32)c1C,5.872895201635192,1,EC50,PPARG,CHEMBL235
CCc1cc(C(F)(F)F)ccc1C(=O)NCc1cccc(Oc2ccc(OC(C)(C)C(=O)O)c(C)c2)c1,8.0,1,IC50,PPARG,CHEMBL235
CCc1cc(C)c2nc(C(C)C)n([C@H]3CCc4cc(-c5ccccc5-c5nnn[nH]5)ccc43)c2n1,6.578396073130168,1,EC50,PPARG,CHEMBL235
CCc1cc(C)c2nc(CC)n([C@H]3CCc4cc(-c5ccccc5-c5nnn[nH]5)ccc43)c2n1,6.306273051076353,1,EC50,PPARG,CHEMBL235
CCc1cc(Cn2ncn(-c3ccc(C(F)(F)F)cc3)c2=O)cc(CC)c1OC(C)(C)C(=O)O,5.65949639683955,1,EC50,PPARG,CHEMBL235
CCc1cc(Cn2ncn(-c3ccc(OC(F)(F)F)cc3)c2=O)cc(CC)c1OC(C)(C)C(=O)O,5.510055575640196,1,EC50,PPARG,CHEMBL235
CCc1cc(F)c2ccccc2c1CNC(=O)c1c(OC)cc(O)c2c1OC1=CC(O)=C(C(C)=O)C(=O)[C@]12C,8.473845450176338,2,EC50,PPARG,CHEMBL235
CCc1cc(OCC[C@@H](C)Oc2ccc(C(F)(F)F)cc2-c2ccccn2)ccc1CCC(=O)O,7.795880017344075,1,IC50,PPARG,CHEMBL235
CCc1cc(OCC[C@@H](C)Oc2ccc(Cl)cc2Oc2ccccc2)ccc1CCC(=O)O,7.721246399047171,1,IC50,PPARG,CHEMBL235
CCc1cc(OCCc2coc(-c3ccc(C(F)(F)F)cc3)n2)ccc1CCC(=O)O,6.1598939055432425,1,EC50,PPARG,CHEMBL235
CCc1cc(OCCc2nc(-c3ccc(-c4nnn[nH]4)cc3)oc2C)ccc1CCC(=O)O,5.169989064063882,1,EC50,PPARG,CHEMBL235
CCc1cc(OCCc2nc(-c3ccc(C#N)cc3)oc2C)ncc1CCC(=O)O,7.657577319177793,1,EC50,PPARG,CHEMBL235
CCc1cc(OCCc2nc(-c3ccc(C(C)(C)C)cc3)oc2C)ccc1CCC(=O)O,7.050609993355087,1,EC50,PPARG,CHEMBL235
CCc1cc(OCCc2nc(-c3ccc(C(F)(F)F)cc3)oc2C)ccc1CCC(=O)O,8.301029995663981,1,EC50,PPARG,CHEMBL235
CCc1cc(OCCc2nc(-c3ccc(C(N)=O)cc3)oc2C)ncc1CCC(=O)O,7.327902142064282,1,EC50,PPARG,CHEMBL235
CCc1cc(OCCc2nc(-c3ccc(C)cc3)oc2C)ccc1CCC(=O)O,8.397940008672037,1,EC50,PPARG,CHEMBL235
CCc1cc(OCCc2nc(-c3ccc(F)cc3)oc2C)ccc1CCC(=O)O,7.886056647693163,1,EC50,PPARG,CHEMBL235
CCc1cc(OCCc2nc(-c3ccc([N+](=O)[O-])cc3)oc2C)ncc1CCC(=O)O,7.6020599913279625,1,EC50,PPARG,CHEMBL235
CCc1cc(Oc2cc(F)cc([C@@H](C)NC(=O)c3c(C)c4cc(Cl)ccc4n3C)c2)ccc1CCC(=O)O,7.4089353929735005,1,IC50,PPARG,CHEMBL235
CCc1cc(Oc2cc(F)cc([C@@H](C)NC(=O)c3sc4ccc(Cl)cc4c3C)c2)ccc1CCC(=O)O,7.301029995663981,1,IC50,PPARG,CHEMBL235
CCc1cc(Oc2ccc3nc(COc4cccc(C(=O)O)c4)n(C)c3c2)ccn1,6.293282217663242,1,EC50,PPARG,CHEMBL235
CCc1ccc(-c2nc(CCOc3ccc4c(c3)CCC4C(CC)C(=O)O)c(C)o2)cc1,7.3979400086720375,1,EC50,PPARG,CHEMBL235
CCc1ccc(-c2nc3cc(NC(=O)c4cc(C#N)ccc4Cl)ccc3o2)cc1,7.562991148068907,2,"EC50,IC50",PPARG,CHEMBL235
CCc1ccc(-c2nc3cc(NC(=O)c4cc(C(F)(F)F)ccc4Cl)ccc3o2)cc1,8.236572006437063,1,EC50,PPARG,CHEMBL235
CCc1ccc(-c2nc3cc(NC(=O)c4cc([N+](=O)[O-])ccc4Br)ccc3o2)cc1,8.625321845561547,3,"EC50,IC50",PPARG,CHEMBL235
CCc1ccc(-c2nc3cc(NC(=O)c4cc([N+](=O)[O-])ccc4Cl)ccc3n2C)cc1,8.394172799723409,2,"EC50,IC50",PPARG,CHEMBL235
CCc1ccc(-c2nc3cc(NC(=O)c4cc([N+](=O)[O-])ccc4Cl)ccc3o2)cc1,9.134687697910275,3,"EC50,IC50",PPARG,CHEMBL235
CCc1ccc(-c2nc3cc(NC(=O)c4cc([N+](=O)[O-])ccc4Cl)ccc3o2)cn1,9.15051499783199,2,"EC50,IC50",PPARG,CHEMBL235
CCc1ccc(-c2nc3cc(NC(=O)c4cc([N+](=O)[O-])ccc4F)ccc3o2)cc1,8.439713034397075,2,"EC50,IC50",PPARG,CHEMBL235
CCc1ccc(-c2nc3cc(NC(=O)c4cc([N+](=O)[O-])ccc4I)ccc3o2)cc1,8.545221985379413,2,"EC50,IC50",PPARG,CHEMBL235
CCc1ccc(-c2nc3cc(NC(=O)c4ccc([N+](=O)[O-])s4)ccc3o2)cc1,5.064410630235505,2,"EC50,IC50",PPARG,CHEMBL235
CCc1ccc(-c2nc3cc(NC(=O)c4cccc([N+](=O)[O-])c4)ccc3o2)cc1,5.094204119632131,1,EC50,PPARG,CHEMBL235
CCc1ccc(-c2nc3ccc(NC(=O)c4cc([N+](=O)[O-])ccc4Cl)cc3n2C)cc1,8.101366229584642,2,"EC50,IC50",PPARG,CHEMBL235
CCc1ccc(-n2cnn(Cc3cc(C)c(OC(C)(C)C(=O)O)c(C)c3)c2=O)cc1,5.928007592875824,1,EC50,PPARG,CHEMBL235
CCc1ccc(C(=O)COc2ccc(CC3SC(=O)NC3=O)cc2)cc1,5.0726296369609765,1,IC50,PPARG,CHEMBL235
CCc1ccc(C(=O)COc2ccc(CC3SC(=O)NC3=O)cc2)nc1,5.41706488369603,2,"EC50,IC50",PPARG,CHEMBL235
CCc1ccc(CC(=O)O)cc1OCCC1CCN(c2nc3ccc(Cl)cc3s2)CC1,6.167491087293763,1,EC50,PPARG,CHEMBL235
CCc1ccc(CCOc2ccc(CC3SC(=O)NC3=O)cc2)cc1,6.078695380194719,2,"Ki,EC50",PPARG,CHEMBL235
CCc1ccc(CCOc2ccc(CC3SC(=O)NC3=O)cc2)nc1,6.138050046201454,61,"Ki,EC50,IC50",PPARG,CHEMBL235
CCc1ccc(CCOc2ccc(C[C@@H]3SC(=O)NC3=O)cc2)nc1,5.459670525209127,2,EC50,PPARG,CHEMBL235
CCc1ccc(CCOc2ccc(C[C@H](Nc3ccccc3C(=O)c3ccccc3)C(=O)O)cc2)nc1,8.18996921359416,1,Ki,PPARG,CHEMBL235
CCc1ccc(COc2ccc(C[C@H](Nc3ccccc3C(=O)c3ccccc3)C(=O)O)cc2)cc1,6.570005615848293,1,Ki,PPARG,CHEMBL235
CCc1ccc(N2CC(=O)N(Cc3cc(C)c(OC(C)(C)C(=O)O)c(C)c3)C2=O)cc1,5.783570169123749,1,EC50,PPARG,CHEMBL235
CCc1ccc(N2CCN(Cc3cc(C)c(OC(C)(C)C(=O)O)c(C)c3)C2=O)cc1,5.8887374863409345,1,EC50,PPARG,CHEMBL235
CCc1ccc(OC(C)CCOc2ccc(CCC(=O)O)c(C)c2)c(C(=O)c2ccccc2)c1,7.920818753952375,1,IC50,PPARG,CHEMBL235
CCc1ccc(OC(C)CCOc2ccc(CCC(=O)O)c(C)c2)c(Cc2ccccc2)c1,7.229147988357855,1,IC50,PPARG,CHEMBL235
CCc1ccc(OC(C)CCOc2ccc(OC(C)(C)C(=O)O)cc2)c(C(=O)c2ccccc2)c1,8.221848749616356,1,IC50,PPARG,CHEMBL235
CCc1ccc(OC(CC)CCOc2ccc(CCC(=O)O)c(C)c2)c(C(=O)c2ccccc2)c1,7.7447274948966935,1,IC50,PPARG,CHEMBL235
CCc1ccc(OCCCOc2ccc(OC(C)(C)C(=O)O)cc2)c(C(=O)c2ccccc2)c1,7.42021640338319,1,IC50,PPARG,CHEMBL235
CCc1ccc(OCCCOc2ccc3c(c2)CC[C@H]3CC(=O)O)c(OC)c1,3.210000001311122,1,EC50,PPARG,CHEMBL235
CCc1ccc(OCCCOc2ccc3c(c2)CC[C@H]3CC(=O)O)cc1,3.789999999292764,1,EC50,PPARG,CHEMBL235
CCc1ccc(O[C@@H](C)CCOc2ccc(CCC(=O)O)c(C)c2)c(C(=O)c2ccccc2)c1,5.94692155651658,1,IC50,PPARG,CHEMBL235
CCc1ccc(O[C@@H](Cc2ccccc2)C(=O)O)cc1,5.441848782372887,2,EC50,PPARG,CHEMBL235
CCc1ccc(O[C@H](C)CCOc2ccc(CCC(=O)O)c(C)c2)c(-c2ccccc2)c1,6.667561540084394,1,IC50,PPARG,CHEMBL235
CCc1ccc(O[C@H](C)CCOc2ccc(CCC(=O)O)c(C)c2)c(-c2ccccn2)c1,7.337242168318426,1,IC50,PPARG,CHEMBL235
CCc1ccc(O[C@H](C)CCOc2ccc(CCC(=O)O)c(C)c2)c(-c2cccnc2)c1,7.221848749616356,1,IC50,PPARG,CHEMBL235
CCc1ccc(O[C@H](C)CCOc2ccc(CCC(=O)O)c(C)c2)c(-c2ccco2)c1,6.026872146400301,1,IC50,PPARG,CHEMBL235
CCc1ccc(O[C@H](C)CCOc2ccc(CCC(=O)O)c(C)c2)c(-c2cccs2)c1,5.962573502059376,1,IC50,PPARG,CHEMBL235
CCc1ccc(O[C@H](C)CCOc2ccc(CCC(=O)O)c(C)c2)c(-c2ccncc2)c1,6.2839966563652006,1,IC50,PPARG,CHEMBL235
CCc1ccc(O[C@H](C)CCOc2ccc(CCC(=O)O)c(C)c2)c(-c2ccsc2)c1,6.245651664288982,1,IC50,PPARG,CHEMBL235
CCc1ccc(O[C@H](C)CCOc2ccc(CCC(=O)O)c(C)c2)c(-c2cocn2)c1,6.009217308196862,1,IC50,PPARG,CHEMBL235
CCc1ccc(O[C@H](C)CCOc2ccc(CCC(=O)O)c(C)c2)c(-c2cscn2)c1,6.460923901207224,1,IC50,PPARG,CHEMBL235
CCc1ccc(O[C@H](C)CCOc2ccc(CCC(=O)O)c(C)c2)c(-c2ncco2)c1,6.316052869248487,1,IC50,PPARG,CHEMBL235
CCc1ccc(O[C@H](C)CCOc2ccc(CCC(=O)O)c(C)c2)c(-c2nccs2)c1,5.815308569182401,1,IC50,PPARG,CHEMBL235
CCc1ccc(O[C@H](C)CCOc2ccc(CCC(=O)O)c(C)c2)c(C(=O)c2ccccc2)c1,8.301029995663981,2,IC50,PPARG,CHEMBL235
CCc1ccc(O[C@H](C)CCOc2ccc(CCC(=O)O)c(C)c2)c(Oc2ccccc2)c1,8.221848749616356,1,IC50,PPARG,CHEMBL235
CCc1ccc(O[C@H](C)CCOc2ccc(CCC(=O)O)c(CC)c2)c(-c2ccccn2)c1,7.455931955649724,1,IC50,PPARG,CHEMBL235
CCc1ccc([C@@H](O)COc2ccc(CC3SC(=O)NC3=O)cc2)nc1,5.029633211047601,2,"EC50,IC50",PPARG,CHEMBL235
CCc1ccc([C@H](C)NC(=O)c2ccc3c(c2)c(C)c(C)n3Cc2ccc(-c3ccccc3C(=O)O)cc2)cc1,7.366531544420414,1,IC50,PPARG,CHEMBL235
CCc1ccc([C@H](O)COc2ccc(CC3SC(=O)NC3=O)cc2)nc1,6.036438057553576,2,"EC50,IC50",PPARG,CHEMBL235
CCc1ccc2ccc(F)cc2c1CNC(=O)c1c(OC)cc(O)c2c1OC1=CC(O)=C(C(C)=O)C(=O)[C@]12C,7.920818753952375,1,EC50,PPARG,CHEMBL235
CCc1ccc2ccccc2c1CNC(=O)c1c(OC)cc(O)c2c1OC1=CC(O)=C(C(C)=O)C(=O)[C@]12C,8.431798275933005,1,EC50,PPARG,CHEMBL235
CCc1ccc2oc(-c3cccc(NC(=O)c4cc([N+](=O)[O-])ccc4Cl)c3)nc2c1,7.267606240177031,1,EC50,PPARG,CHEMBL235
CCc1ccccc1-c1ccc(O[C@@H](Cc2ccccc2)C(=O)O)cc1,5.920818753952375,1,EC50,PPARG,CHEMBL235
CCc1ccccc1COc1ccc(C[C@H](Nc2ccccc2C(=O)c2ccccc2)C(=O)O)cc1,5.860001341725205,1,Ki,PPARG,CHEMBL235
CCc1ccccc1[C@H](C)NC(=O)c1ccc2c(c1)c(C)c(C)n2Cc1ccc(-c2ccccc2C(=O)O)cc1,7.639983677473715,3,"EC50,IC50",PPARG,CHEMBL235
CCc1csc(-c2ccc(OCCCOc3ccc4c(c3)CC[C@H]4CC(=O)O)c(OC)c2)n1,1.8099999999754592,1,EC50,PPARG,CHEMBL235
CCc1csc(-c2ccc(OCCCOc3ccc4c(c3)CC[C@H]4CC(=O)O)cc2)n1,2.9400000005662026,1,EC50,PPARG,CHEMBL235
CCc1nc2c(C)c(C)c(C)nc2n1[C@H]1CCc2cc(-c3ccccc3-c3nnn[nH]3)ccc21,5.739928612014925,1,EC50,PPARG,CHEMBL235
CCc1nc2c(C)cc(C)nc2n1C1CCc2cc(-c3ccccc3-c3nn[nH]n3)ccc21,6.241088107602026,1,EC50,PPARG,CHEMBL235
CCc1nc2c(C)cc(C)nc2n1Cc1ccc2c(c1)CCc1ccccc1/C2=C(\C)c1nn[nH]n1,6.600326278518962,1,EC50,PPARG,CHEMBL235
CCc1nc2c(C)cc(C)nc2n1Cc1ccc2c(c1)CCc1ccccc1/C2=C(\C)c1noc(=O)[nH]1,6.752026733638193,1,EC50,PPARG,CHEMBL235
CCc1nc2c(C)cc(C)nc2n1Cc1ccc2c(c1)CCc1ccccc1C2C(C)c1nn[nH]n1,6.7055337738384075,1,EC50,PPARG,CHEMBL235
CCc1nc2c(C)cc(C)nc2n1Cc1ccc2c(c1)COc1ccccc1/C2=C(\C)c1noc(=O)[nH]1,7.075720713938118,1,EC50,PPARG,CHEMBL235
CCc1nc2c(C)cc(C)nc2n1[C@@H]1CCc2cc(-c3ccccc3-c3nnn[nH]3)ccc21,5.581698708680255,1,EC50,PPARG,CHEMBL235
CCc1nc2c(C)cc(C)nc2n1[C@H]1CCc2cc(-c3ccccc3-c3nnn[nH]3)ccc21,6.228412519118745,1,EC50,PPARG,CHEMBL235
CCc1nc2c(C)cc(CC(C)C)nc2n1[C@H]1CCc2cc(-c3ccccc3-c3nnn[nH]3)ccc21,6.673664139071249,2,EC50,PPARG,CHEMBL235
CCc1nc2c(C)cc(CC(C)C)nc2n1[C@H]1CCc2cc(-c3ccccc3C(=O)O)ccc21,6.756961951313706,1,EC50,PPARG,CHEMBL235
CCc1nc2c(C)cc(Cc3ccccc3)nc2n1[C@H]1CCc2cc(-c3ccccc3-c3nnn[nH]3)ccc21,7.045757490560675,1,EC50,PPARG,CHEMBL235
CCc1nc2c(C)cn(Cc3ccccc3C#N)c(=O)c2n1[C@H]1CCc2cc(-c3ccccc3-c3nnn[nH]3)ccc21,6.530177984021837,1,EC50,PPARG,CHEMBL235
CCc1nc2c(C)cn(Cc3ccccc3C)c(=O)c2n1[C@H]1CCc2cc(-c3ccccc3-c3nnn[nH]3)ccc21,7.376750709602099,1,EC50,PPARG,CHEMBL235
CCc1nc2c(CC(C)C)cc(C)nc2n1[C@H]1CCc2cc(-c3ccccc3-c3nnn[nH]3)ccc21,6.782516055786093,1,EC50,PPARG,CHEMBL235
CCc1nc2ccccc2c(=O)n1CC(=O)Nc1ccc(S(=O)(=O)NC(=O)NC2CCCCC2)cc1,6.229147988357855,1,IC50,PPARG,CHEMBL235
CCc1nc2ccccc2n1Cc1ccc2c(c1)COc1ccccc1/C2=C(\C)c1noc(=O)[nH]1,7.769551078621726,1,EC50,PPARG,CHEMBL235
CCc1nc2ccn(CC(=O)OCc3ccccc3)c(=O)c2n1[C@H]1CCc2cc(-c3ccccc3-c3nnn[nH]3)ccc21,5.903089986991944,1,EC50,PPARG,CHEMBL235
CCc1nc2ccn(CC(C)C)c(=O)c2n1[C@H]1CCc2cc(-c3ccccc3-c3nnn[nH]3)ccc21,5.767003889607846,1,EC50,PPARG,CHEMBL235
CCc1nc2ccn(CC3CCCCC3)c(=O)c2n1[C@H]1CCc2cc(-c3ccccc3-c3nnn[nH]3)ccc21,6.025949097207123,1,EC50,PPARG,CHEMBL235
CCc1nc2ccn(Cc3c(C)noc3C)c(=O)c2n1[C@H]1CCc2cc(-c3ccccc3-c3nnn[nH]3)ccc21,5.349692476868063,1,EC50,PPARG,CHEMBL235
CCc1nc2ccn(Cc3cccc(C(F)(F)F)c3)c(=O)c2n1[C@H]1CCc2cc(-c3ccccc3-c3nnn[nH]3)ccc21,6.347753658996677,1,EC50,PPARG,CHEMBL235
CCc1nc2ccn(Cc3cccc(C)c3)c(=O)c2n1[C@H]1CCc2cc(-c3ccccc3-c3nnn[nH]3)ccc21,6.96657624451305,1,EC50,PPARG,CHEMBL235
CCc1nc2ccn(Cc3cccc(F)c3)c(=O)c2n1[C@H]1CCc2cc(-c3ccccc3-c3nnn[nH]3)ccc21,6.798602875679549,1,EC50,PPARG,CHEMBL235
CCc1nc2ccn(Cc3ccccc3)c(=O)c2n1[C@H]1CCc2cc(-c3ccccc3-c3nnn[nH]3)ccc21,6.534617148551582,1,EC50,PPARG,CHEMBL235
CCc1nc2ccn(Cc3ccccc3C#N)c(=O)c2n1[C@H]1CCc2cc(-c3ccccc3-c3nnn[nH]3)ccc21,6.164309428507575,1,EC50,PPARG,CHEMBL235
CCc1nc2ccn(Cc3ccccc3C(F)(F)F)c(=O)c2n1[C@H]1CCc2cc(-c3ccccc3-c3nnn[nH]3)ccc21,6.7281583934635005,1,EC50,PPARG,CHEMBL235
CCc1nc2ccn(Cc3ccccc3C)c(=O)c2n1[C@H]1CCc2cc(-c3ccccc3-c3nnn[nH]3)ccc21,7.013228265733755,1,EC50,PPARG,CHEMBL235
CCc1nc2ccn(Cc3ccccc3F)c(=O)c2n1[C@H]1CCc2cc(-c3ccccc3-c3nnn[nH]3)ccc21,6.987162775294828,1,EC50,PPARG,CHEMBL235
CCc1nc2ccn(Cc3ccccc3OC(F)(F)F)c(=O)c2n1[C@H]1CCc2cc(-c3ccccc3-c3nnn[nH]3)ccc21,7.698970004336019,1,EC50,PPARG,CHEMBL235
CCc1nc2ccn(Cc3ccccn3)c(=O)c2n1[C@H]1CCc2cc(-c3ccccc3-c3nnn[nH]3)ccc21,5.446116973356125,1,EC50,PPARG,CHEMBL235
CCc1nc2ccn(Cc3cccnc3)c(=O)c2n1[C@H]1CCc2cc(-c3ccccc3-c3nnn[nH]3)ccc21,5.438898616350944,1,EC50,PPARG,CHEMBL235
CCc1oc(-c2ccccc2)nc1CCOc1ccc2c(c1)CCC2C(CC)C(=O)O,7.337242168318426,1,EC50,PPARG,CHEMBL235
CCn1c(C(=O)NS(=O)(=O)c2cccc(C(F)(F)F)c2)cc2ccccc21,5.61261017366127,1,IC50,PPARG,CHEMBL235
CCn1c(CCCc2ccc(-c3ccc(NS(=O)(=O)c4ccccc4)cn3)cc2)nn(Cc2ccc(C(C)(C)C)cc2)c1=O,4.823908740944319,1,IC50,PPARG,CHEMBL235
CCn1c(SCC(=O)Nc2ccc(C(=O)O)cc2)nnc1-c1cc2cccc(OC)c2o1,4.3979400086720375,1,IC50,PPARG,CHEMBL235
CCn1ccc2cc(C(=O)NCc3ccc(CS(=O)(=O)C4CC4)cc3C(F)(F)F)ccc21,6.356547323513812,1,EC50,PPARG,CHEMBL235
CN(C)CCCOc1ccc2nc3c(nc2c1)N(CCCN(C)C)CC1c2ccccc2CCN31.Cl.Cl,5.548183741957881,2,"Ki,EC50",PPARG,CHEMBL235
CN(C)c1ccc(CCOc2ccc(C[C@H](Nc3ccccc3C(=O)c3ccccc3)C(=O)O)cc2)cc1,6.929999096197655,1,Ki,PPARG,CHEMBL235
CN(C/C=C/c1ccc(C[C@@H](C(=O)O)n2cccc2)cc1)c1ccccc1,5.698970004336019,1,IC50,PPARG,CHEMBL235
CN(C/C=C/c1ccc(C[C@@H](C(=O)O)n2cccc2)cc1)c1ccccn1,4.920818753952375,1,IC50,PPARG,CHEMBL235
CN(CC#Cc1ccc(CC(C(=O)O)n2cccc2)cc1)c1ccccn1,4.275724130399211,1,IC50,PPARG,CHEMBL235
CN(CC#Cc1ccc(C[C@@H](C(=O)O)n2cccc2)cc1)c1ccccc1,4.920818753952375,1,IC50,PPARG,CHEMBL235
CN(CCCc1ccc(C[C@@H](C(=O)O)n2cccc2)cc1)c1ccccc1,4.958607314841775,1,IC50,PPARG,CHEMBL235
CN(CCCc1ccc(C[C@@H](C(=O)O)n2cccc2)cc1)c1ccccn1,4.552841968657781,1,IC50,PPARG,CHEMBL235
CN(CCO)C(=O)[C@@H](NC(=O)OCc1ccccc1)c1cccc(NC(=O)CCl)c1,5.047207556955907,1,EC50,PPARG,CHEMBL235
CN(CCOc1ccc(/C=C2\SC(=O)NC2=O)cc1)c1ccc2ccccc2c1,4.3979400086720375,1,IC50,PPARG,CHEMBL235
CN(CCOc1ccc(/C=C2\SC(=O)NC2=O)cc1)c1nc2ccccc2[nH]1,4.42021640338319,1,IC50,PPARG,CHEMBL235
CN(CCOc1ccc(/C=C2\SC(=O)NC2=O)cc1)c1nc2ccccc2s1,4.886056647693163,1,IC50,PPARG,CHEMBL235
CN(CCOc1ccc(/C=C2\SC(=O)NC2=O)cc1)c1nccs1,4.376750709602099,1,IC50,PPARG,CHEMBL235
CN(CCOc1ccc(CC(CCCc2ccccc2)C(=O)O)cc1)c1nc2ccccc2o1,7.522878745280337,1,Ki,PPARG,CHEMBL235
CN(CCOc1ccc(CC(Cl)C(=O)O)cc1)c1nc2ccccc2o1,7.481486060122112,1,Ki,PPARG,CHEMBL235
CN(CCOc1ccc(CC(NCc2ccccc2C(=O)c2ccccc2)C(=O)O)cc1)c1nc2ccccc2o1,7.550059011226662,1,Ki,PPARG,CHEMBL235
CN(CCOc1ccc(CC(Nc2ccc(Cl)cc2C(=O)c2ccccc2)C(=O)O)cc1)c1nc2ccccc2o1,8.059981844992336,1,Ki,PPARG,CHEMBL235
CN(CCOc1ccc(CC(Nc2cccc3c2C(=O)c2ccccc2-3)C(=O)O)cc1)c1nc2ccccc2o1,7.070019409484486,1,Ki,PPARG,CHEMBL235
CN(CCOc1ccc(CC(Nc2cccc3c2C(=O)c2ccccc2C3=O)C(=O)O)cc1)c1nc2ccccc2o1,8.289967300934247,1,Ki,PPARG,CHEMBL235
CN(CCOc1ccc(CC(Nc2ccccc2/C(=N/N)c2ccccc2)C(=O)O)cc1)c1ccccn1,6.790002703917631,1,Ki,PPARG,CHEMBL235
CN(CCOc1ccc(CC(Nc2ccccc2C(=O)C2CCCC2)C(=O)O)cc1)c1nc2ccccc2o1,8.18996921359416,1,Ki,PPARG,CHEMBL235
CN(CCOc1ccc(CC(Nc2ccccc2C(=O)C2CCCCCC2)C(=O)O)cc1)c1nc2ccccc2o1,7.400007822415902,1,Ki,PPARG,CHEMBL235
CN(CCOc1ccc(CC(Nc2ccccc2C(=O)Cc2ccccc2)C(=O)O)cc1)c1nc2ccccc2o1,8.480040819247932,1,Ki,PPARG,CHEMBL235
CN(CCOc1ccc(CC(Nc2ccccc2C(=O)c2ccc(-c3ccccc3)cc2)C(=O)O)cc1)c1nc2ccccc2o1,7.309981219211305,1,Ki,PPARG,CHEMBL235
CN(CCOc1ccc(CC(Nc2ccccc2C(=O)c2ccc(C(F)(F)F)cc2)C(=O)O)cc1)c1nc2ccccc2o1,8.289967300934247,1,Ki,PPARG,CHEMBL235
CN(CCOc1ccc(CC(Nc2ccccc2C(=O)c2ccc(OCc3ccccc3)cc2)C(=O)O)cc1)c1nc2ccccc2o1,7.179995693191682,1,Ki,PPARG,CHEMBL235
CN(CCOc1ccc(CC(Nc2ccccc2C(=O)c2cccc(C(F)(F)F)c2)C(=O)O)cc1)c1nc2ccccc2o1,8.580044251510243,1,Ki,PPARG,CHEMBL235
CN(CCOc1ccc(CC(Nc2ccccc2C(=O)c2cccc(OCc3ccccc3)c2)C(=O)O)cc1)c1nc2ccccc2o1,7.270025714300444,1,Ki,PPARG,CHEMBL235
CN(CCOc1ccc(CC(Nc2ccccc2C(=O)c2cccc3ccccc23)C(=O)O)cc1)c1nc2ccccc2o1,8.489991487059765,1,Ki,PPARG,CHEMBL235
CN(CCOc1ccc(CC(Nc2ccccc2C(=O)c2ccccc2)C(=O)O)cc1)c1nc2ccccc2o1,8.830031826003108,1,Ki,PPARG,CHEMBL235
CN(CCOc1ccc(CC(Nc2ccccc2C(=O)c2ccccc2C(F)(F)F)C(=O)O)cc1)c1nc2ccccc2o1,8.569924944448061,1,Ki,PPARG,CHEMBL235
CN(CCOc1ccc(CC(Nc2ccccc2C(=O)c2cccs2)C(=O)O)cc1)c1nc2ccccc2o1,8.560036064079096,1,Ki,PPARG,CHEMBL235
CN(CCOc1ccc(CC(Nc2ccccc2C(=O)c2ccsc2)C(=O)O)cc1)c1nc2ccccc2o1,8.630042392653946,1,Ki,PPARG,CHEMBL235
CN(CCOc1ccc(CC(Nc2ccccc2Oc2ccccc2)C(=O)O)cc1)c1nc2ccccc2o1,8.430041181903405,1,Ki,PPARG,CHEMBL235
CN(CCOc1ccc(CC(Nc2ccccc2S(=O)(=O)c2ccccc2)C(=O)O)cc1)c1nc2ccccc2o1,6.909988975992853,1,Ki,PPARG,CHEMBL235
CN(CCOc1ccc(CC(Nc2ccncc2C(=O)c2ccccc2)C(=O)O)cc1)c1nc2ccccc2o1,6.810004660035681,1,Ki,PPARG,CHEMBL235
CN(CCOc1ccc(CC(Nc2ccsc2C(=O)c2ccccc2)C(=O)O)cc1)c1nc2ccccc2o1,8.010016541698601,1,Ki,PPARG,CHEMBL235
CN(CCOc1ccc(CC(Nc2cscc2C(=O)c2ccccc2)C(=O)O)cc1)c1nc2ccccc2o1,8.590066876668706,1,Ki,PPARG,CHEMBL235
CN(CCOc1ccc(CC(Nc2sccc2C(=O)c2ccccc2)C(=O)O)cc1)c1nc2ccccc2o1,7.630042392653947,1,Ki,PPARG,CHEMBL235
CN(CCOc1ccc(CC(Oc2ccccc2)C(=O)O)cc1)c1nc2ccccc2o1,9.397940008672037,1,Ki,PPARG,CHEMBL235
CN(CCOc1ccc(CC(Oc2ccccc2C(=O)c2ccccc2)C(=O)O)cc1)c1nc2ccccc2o1,7.489991487059765,1,Ki,PPARG,CHEMBL235
CN(CCOc1ccc(CC(Sc2ccccc2)C(=O)O)cc1)c1nc2ccccc2o1,7.431798275933005,1,Ki,PPARG,CHEMBL235
CN(CCOc1ccc(CC(Sc2ccccc2C(=O)c2ccccc2)C(=O)O)cc1)c1nc2ccccc2o1,7.4800408192479315,1,Ki,PPARG,CHEMBL235
CN(CCOc1ccc(CC2SC(=O)NC2=O)cc1)c1ccccn1,7.059275990628729,171,"Ki,EC50,IC50",PPARG,CHEMBL235
CN(CCOc1ccc(CC2SC(=O)NC2=O)cc1)c1ccccn1.O=C(O)/C=C\C(=O)O,7.360166527975772,2,Ki,PPARG,CHEMBL235
CN(CCOc1ccc(CC2SC(=O)NC2=O)cc1)c1nc2ccccc2o1,7.628359860934549,3,Ki,PPARG,CHEMBL235
CN(CCOc1ccc(CC2SC(=O)NC2=O)cc1)c1nc2ccccc2s1,4.698970004336019,1,IC50,PPARG,CHEMBL235
CN(CCOc1ccc(C[C@@H](Nc2ccccc2C(=O)C2CCCCC2)C(=O)O)cc1)c1nc2ccccc2o1,5.809999051930337,1,Ki,PPARG,CHEMBL235
CN(CCOc1ccc(C[C@@H]2SC(=O)NC2=O)cc1)c1ccccn1,7.372363747448347,2,IC50,PPARG,CHEMBL235
CN(CCOc1ccc(C[C@H](Nc2ccccc2C(=O)C2CCCCC2)C(=O)O)cc1)c1nc2ccccc2o1,8.389978975335854,1,Ki,PPARG,CHEMBL235
CN(CCOc1ccc(C[C@H](Nc2ccccc2C(=O)c2ccccc2)C(=O)O)cc1)c1ccccn1,8.015407652443368,19,"Ki,EC50",PPARG,CHEMBL235
CN(CCOc1ccc(C[C@H](Nc2ccccc2C(=O)c2ccccc2)C(=O)O)cc1)c1ccccn1.Cl,9.366531544420413,1,Ki,PPARG,CHEMBL235
CN(CCOc1ccc(C[C@H](Nc2ccccc2C(=O)c2ccccc2)C(=O)O)cc1)c1nc2ccccc2o1,8.830031826003108,1,Ki,PPARG,CHEMBL235
CN(CCOc1ccc(C[C@H]2SC(=O)NC2=O)cc1)c1ccccn1,6.5,2,IC50,PPARG,CHEMBL235
CN1CCN(CC(=O)OCc2ccc(CC(SCCc3ccc(F)cc3)C(=O)O)cc2)CC1,6.09151498112135,1,EC50,PPARG,CHEMBL235
CN1CCN(c2ccc(NC(=O)c3cc(C#N)ccc3Cl)cn2)CC1,4.5934598195660445,1,IC50,PPARG,CHEMBL235
CN1CCOc2ccc(S(=O)(=O)n3c(CCCC(=O)O)cc4cc(Cl)ccc43)cc21,7.795880017344075,1,EC50,PPARG,CHEMBL235
CNC(=O)[C@H]1O[C@@H](n2cnc3c(NCc4cccc(I)c4)nc(Cl)nc32)[C@H](O)[C@@H]1O,7.096598087991619,2,"Ki,EC50",PPARG,CHEMBL235
CNC(=O)[C@H]1S[C@@H](n2cnc3c(NCc4cccc(I)c4)nc(Cl)nc32)[C@H](O)[C@@H]1O,6.8353620938817725,2,"Ki,EC50",PPARG,CHEMBL235
CNC(=O)[C@H]1[Se][C@@H](n2cnc3c(NCc4cccc(I)c4)nc(Cl)nc32)[C@H](O)[C@@H]1O,5.274905478918531,1,EC50,PPARG,CHEMBL235
CNC(=O)c1ccccc1-c1ccc(Cn2c(C)c(C)c3cc(C(=O)N[C@@H](C)c4cccc(C(C)C)c4)ccc32)cc1,7.119186407719209,1,IC50,PPARG,CHEMBL235
CNC(=O)c1ccccc1NC(Cc1ccc(OCCc2nc(-c3ccccc3)oc2C)cc1)C(=O)O,7.809948582240794,1,Ki,PPARG,CHEMBL235
CN[C@@H](Cc1ccc(OCCc2nc(-c3ccccc3)oc2C)cc1)C(=O)O,5.6777807052660805,1,Ki,PPARG,CHEMBL235
CO/N=C(\c1ccccc1)c1ccc2c(c1)C(C)(C)CCN2CCOc1ccc(C[C@H](Nc2ccccc2C(=O)c2ccccc2)C(=O)O)cc1,7.267606240177031,1,Ki,PPARG,CHEMBL235
CO/N=C(\c1ccccc1)c1ccc2c(c1)C(C)(C)CCN2CCOc1ccc(C[C@H](OCC(F)(F)F)C(=O)O)cc1,7.481486060122112,1,Ki,PPARG,CHEMBL235
CO/N=C/c1ccc(OC(Cc2ccccc2)C(=O)[O-])cc1.[Na+],4.892790030352131,1,EC50,PPARG,CHEMBL235
COC(=O)/C(=C\c1cc(OC)cc(OC)c1)c1ccc(Oc2ccc(CC3SC(=O)NC3=O)cc2)cc1,6.546681659952963,1,EC50,PPARG,CHEMBL235
COC(=O)C(Cc1ccc(OCCN(C)c2nc3ccccc3o2)cc1)SC,6.221848749616356,1,Ki,PPARG,CHEMBL235
COC(=O)C(Cc1ccc(OCCN2CCC(C)(C)c3cc(/C(=N\O)c4ccccc4)ccc32)cc1)C(=O)OC,5.0,1,Ki,PPARG,CHEMBL235
COC(=O)C(Cc1ccc(OCCN2CCC(C)(C)c3cc(C(=O)c4ccccc4)ccc32)cc1)C(=O)OC,5.0,1,Ki,PPARG,CHEMBL235
COC(=O)C(Cc1ccc(OCCOc2ccc3c(c2)C(C)(C)CCC3(C)C)cc1)C(=O)O,7.045757490560675,1,EC50,PPARG,CHEMBL235
COC(=O)C(Cc1ccc(OCCOc2ccc3c(c2)C(C)(C)CCC3(C)C)cc1)C(=O)OC,6.823908740944319,1,EC50,PPARG,CHEMBL235
COC(=O)C(Cc1ccc(OCCOc2ccc3c(c2)C(C)(C)CCC3(C)C)cc1)C(N)=O,6.080921907623926,1,EC50,PPARG,CHEMBL235
COC(=O)C(Cc1ccc(OCCOc2ccc3c(c2)CCCC3)cc1)C(=O)O,6.161150909262744,1,EC50,PPARG,CHEMBL235
COC(=O)C(Cc1ccc(OCCOc2ccc3c(c2)CCCC3)cc1)C(=O)OC,5.823908740944319,1,EC50,PPARG,CHEMBL235
COC(=O)C(Cc1ccc(OCCOc2ccc3c(c2)CCCC3)cc1)C(N)=O,5.464705879957229,1,EC50,PPARG,CHEMBL235
COC(=O)C(Cc1ccc(OCCOc2ccc3c(c2)NCCC3)cc1)C(=O)O,5.42021640338319,1,EC50,PPARG,CHEMBL235
COC(=O)C(Cc1ccc(OCCOc2ccc3c(c2)NCCC3)cc1)C(=O)OC,5.500312917381596,1,EC50,PPARG,CHEMBL235
COC(=O)C(Cc1ccc(OCCOc2ccc3ccccc3c2)cc1)C(=O)O,5.950781977329818,1,EC50,PPARG,CHEMBL235
COC(=O)C(Cc1ccc(OCCOc2ccc3ccccc3c2)cc1)C(=O)OC,6.275724130399211,1,EC50,PPARG,CHEMBL235
COC(=O)C(Cc1ccccc1)OC(=O)Cc1ccc(SCc2ccccc2C(=O)O)cc1,5.4089353929735005,1,EC50,PPARG,CHEMBL235
COC(=O)C(Cc1ccccc1)OC(=O)Cc1cccc(SCc2ccccc2C(=O)O)c1,5.221848749616356,1,EC50,PPARG,CHEMBL235
COC(=O)C(c1ccccc1)(c1ccc(SCc2ccccc2C(=O)O)cc1)c1ncco1,4.7447274948966935,1,EC50,PPARG,CHEMBL235
COC(=O)CCc1ccc(OCCN(C)c2nc3ccccc3o2)cc1,5.221848749616356,1,Ki,PPARG,CHEMBL235
COC(=O)CN1C(=O)S/C(=C\c2ccc(O)cc2)C1=O,5.0,1,EC50,PPARG,CHEMBL235
COC(=O)CN1C(=O)SC(Cc2ccc(O)cc2)C1=O,5.045757490560675,1,EC50,PPARG,CHEMBL235
COC(=O)Cc1ccc(OCc2oc(-c3cccc(OC)c3)nc2C)cc1,5.173925197299173,1,IC50,PPARG,CHEMBL235
COC(=O)Cc1ccc(OCc2oc(-c3ccccc3OC)nc2C)cc1,5.200659450546418,1,IC50,PPARG,CHEMBL235
COC(=O)N(CC(=O)O)Cc1cc(F)cc(OCc2nc(-c3ccc(Cl)cc3)oc2C)c1,5.5499049241283975,1,EC50,PPARG,CHEMBL235
COC(=O)N(CC(=O)O)Cc1cc(OCc2nc(-c3ccc(C(C)(C)C)cc3)oc2C)ccc1F,6.3829996588791005,1,EC50,PPARG,CHEMBL235
COC(=O)N(CC(=O)O)Cc1cc(OCc2nc(-c3ccc(C(F)(F)F)cc3)oc2C)ccc1F,5.685711339052503,1,EC50,PPARG,CHEMBL235
COC(=O)N(CC(=O)O)Cc1cc(OCc2nc(-c3ccc(C)cc3)oc2C)ccc1F,5.6611452537476765,1,EC50,PPARG,CHEMBL235
COC(=O)N(CC(=O)O)Cc1cc(OCc2nc(-c3ccc(Cl)cc3)oc2C)ccc1F,5.34572717290229,1,EC50,PPARG,CHEMBL235
COC(=O)N(CC(=O)O)Cc1cc(OCc2nc(-c3ccc(F)cc3)oc2C)ccc1F,4.999565922520682,1,EC50,PPARG,CHEMBL235
COC(=O)N(CC(=O)O)Cc1cc(OCc2nc(-c3ccc(OC(F)(F)F)cc3)oc2C)ccc1F,5.622693748931801,1,EC50,PPARG,CHEMBL235
COC(=O)N(CC(=O)O)Cc1cc(OCc2nc(-c3ccccc3)oc2C)ccc1F,5.06514819703434,1,EC50,PPARG,CHEMBL235
COC(=O)N(CC(=O)O)Cc1ccc(F)c(OCc2nc(-c3ccc(Cl)cc3)oc2C)c1,5.037725395376685,1,EC50,PPARG,CHEMBL235
COC(=O)N(CC(=O)O)[C@@H](C)c1cccc(OCc2nc(-c3ccc(Cl)cc3)oc2C)c1,5.544089759617258,1,EC50,PPARG,CHEMBL235
COC(=O)[C@@H](NC(=O)OCc1ccccc1)c1cccc(NC(=O)CCl)c1,4.64994590642097,1,EC50,PPARG,CHEMBL235
COC(=O)[C@@H]1CCC[C@@H]2[C@@](C)(C[C@@H]3OC(=O)C=C3CO)[C@H](C)C[C@H](O)[C@]21C,4.82102305270683,1,IC50,PPARG,CHEMBL235
COC(=O)[C@@H]1CCC[C@@H]2[C@@](C)(C[C@H](OC(=O)C(C)C)C3=CC(=O)OC3)[C@H](C)C[C@H](O)[C@]21C,4.903089986991944,1,IC50,PPARG,CHEMBL235
COC(=O)[C@H](Cc1ccc(OCc2ccccc2)cc1)/N=C(C)/C=C(\O)c1ccccc1,6.119998611678231,1,Ki,PPARG,CHEMBL235
COC(=O)c1cc2c(c(O)c1C(C)OC(=O)CO)C(=O)c1c(O)cc3cc(C)c(Cl)c(OC)c3c1C2=O,6.886056647693163,1,EC50,PPARG,CHEMBL235
COC(=O)c1cc2c(c(O)c1C(C)OC(C)=O)C(=O)c1c(O)cc3cc(C)c(Cl)c(OC)c3c1C2=O,6.795880017344075,1,EC50,PPARG,CHEMBL235
COC(=O)c1ccc(CNC(=O)c2ccc3c(c2)c(C)c(C)n3Cc2ccc(-c3ccccc3C(=O)O)cc2)cc1,8.698970004336019,1,IC50,PPARG,CHEMBL235
COC(=O)c1ccc(NC(=O)C[C@H]2C(=O)N(c3cccc(OC)c3)C(=O)N2Cc2ccc(OC)cc2)cc1,4.886056647693163,1,IC50,PPARG,CHEMBL235
COC(=O)c1ccc(OCc2oc(-c3cccc(OC)c3)nc2C)cc1,5.119186407719209,1,IC50,PPARG,CHEMBL235
COC(=O)c1cccc(OCc2nc3ccc(Oc4ccccc4)nc3n2C)c1.Cl.Cl,4.906578314837765,1,EC50,PPARG,CHEMBL235
COC(=O)c1cccc(OCc2oc(-c3ccccc3OC)nc2C)c1,5.119186407719209,1,IC50,PPARG,CHEMBL235
COC(=O)c1ccccc1N[C@@H](Cc1ccc(OCCc2nc(-c3ccccc3)oc2C)cc1)C(=O)O,8.802959546565855,4,"Ki,EC50",PPARG,CHEMBL235
COC(=O)c1ccccc1S(=O)(=O)NC(=O)c1c(-c2ccc(OC)cc2)c2ccccc2n1Cc1cccc(C(F)(F)F)c1,9.0,1,IC50,PPARG,CHEMBL235
COC(=O)c1ccccc1[C@@](O)(Cc1ccc(OCCc2nc(-c3ccccc3)oc2C)cc1)C(=O)O,9.149384869476037,2,EC50,PPARG,CHEMBL235
COC(C(=O)O)C1CCc2cc(OCCc3nc(-c4ccccc4)oc3C)ccc21,7.346787486224656,1,EC50,PPARG,CHEMBL235
COC(C)(Cc1ccc(OCCc2nc(-c3ccccc3)oc2C)cn1)C(=O)O,5.795880017344075,1,Ki,PPARG,CHEMBL235
COC(C)(Cc1ccc(OCCc2nc(-c3ccccc3)oc2C)nc1)C(=O)O,6.251811972993799,1,Ki,PPARG,CHEMBL235
COC(COc1ccc(C[C@H](Nc2ccccc2C(=O)c2ccccc2)C(=O)O)cc1)c1ccccc1,6.0999990348465305,1,Ki,PPARG,CHEMBL235
COC(Cc1ccc(OCCN(C)c2nc3ccccc3o2)cc1)C(=O)O,7.823908740944319,1,Ki,PPARG,CHEMBL235
COC(Cc1ccc(OCCc2ccc(Oc3cccc(Cl)c3)cc2C)nc1)C(=O)O,7.823908740944319,1,Ki,PPARG,CHEMBL235
COC(Cc1ccc(OCCc2nc(-c3ccccc3)oc2C)c2ccccc12)C(=O)O,6.94692155651658,1,IC50,PPARG,CHEMBL235
COC(Cc1ccc(OCCc2nc(-c3ccccc3)oc2C)c2ccsc12)C(=O)O,7.337242168318426,1,IC50,PPARG,CHEMBL235
COC(Cc1ccc(OCCc2nc(-c3ccccc3)oc2C)cn1)C(=O)O,6.458420756053419,1,Ki,PPARG,CHEMBL235
COC(Cc1ccc(OCCc2nc(-c3ccccc3)oc2C)nc1)C(=O)O,7.200659450546418,1,Ki,PPARG,CHEMBL235
COC(Cc1ccc(OCCc2nc(-c3ccccc3C)oc2C)c2ccccc12)C(=O)O,6.095825631715837,1,IC50,PPARG,CHEMBL235
COC(Cc1ccc2c(ccn2Cc2nc(-c3ccccc3)oc2C)c1)C(=O)O,6.497572880015568,1,IC50,PPARG,CHEMBL235
COC(c1ccc(Br)cc1)C1CC1c1cc(C)c(OC(C)(C)C(=O)O)c(C)c1,7.538896861280492,2,EC50,PPARG,CHEMBL235
COC(c1ccc(C(F)(F)F)cc1)C1CC1c1cc(C)c(OC(C)(C)C(=O)O)c(C)c1,7.698970004336019,1,EC50,PPARG,CHEMBL235
COC(c1ccc(C)cc1)C1CC1c1cc(C)c(OC(C)(C)C(=O)O)c(C)c1,6.958607314841775,1,EC50,PPARG,CHEMBL235
COC(c1ccc(OC(F)(F)F)cc1)C1CC1c1cc(C)c(OC(C)(C)C(=O)O)c(C)c1,7.740842776159459,4,EC50,PPARG,CHEMBL235
COC(c1ccccc1OC(F)(F)F)C1CC1c1cc(C)c(OC(C)(C)C(=O)O)c(C)c1,7.142667503568731,1,EC50,PPARG,CHEMBL235
COC1Oc2cc(O)c3c(c2C(=O)N1C(=O)NCc1cccc2ccccc12)OC1=CC(O)=C(C(C)=O)C(=O)[C@]13C,6.6468972290590145,2,"Ki,IC50",PPARG,CHEMBL235
COC1Oc2cc(O)c3c(c2C(=O)N1C(=O)NCc1ccco1)OC1=CC(O)=C(C(C)=O)C(=O)[C@]13C,4.886056647693163,1,IC50,PPARG,CHEMBL235
COCC#CCOc1cc(COc2ccc(C(F)(F)F)cc2)ccc1Sc1ccc(OCC(=O)O)c2c1CCCC2,6.956820084662626,2,"Ki,EC50",PPARG,CHEMBL235
COCCC#CCOc1cc(COc2ccc(C(F)(F)F)cc2)ccc1Sc1ccc(OCC(=O)O)c2c1CCCC2,6.605209643917787,2,"Ki,EC50",PPARG,CHEMBL235
COCCCOc1cc(COc2ccc(C(F)(F)F)cc2)ccc1Sc1ccc(OCC(=O)O)c(C)c1C,5.568636235841012,1,Ki,PPARG,CHEMBL235
COCCCS(=O)(=O)NC(=O)CCc1ccc(OCCOC)cc1Oc1ncc(C(F)(F)F)cc1Cl,7.958607314841775,1,EC50,PPARG,CHEMBL235
COCCN(c1cccc(-c2ccc(Cl)cc2)c1C)S(=O)(=O)c1ccc(OC(C)C(=O)O)c(C)c1C,4.900000142057633,1,IC50,PPARG,CHEMBL235
COCCNC(=O)c1ccc2c(c1)c(C)c(C)n2Cc1ccc(-c2ccccc2C(=O)O)cc1,7.769551078621726,1,IC50,PPARG,CHEMBL235
COCCNc1nc(CCOc2ccc(C[C@H](Nc3ccccc3C(=O)c3ccccc3)C(=O)O)cc2)c(C)s1,8.590066876668706,1,Ki,PPARG,CHEMBL235
COCCOCc1cc(F)ccc1CNC(=O)c1cc(C(=O)Nc2ccc(C(F)(F)F)cc2C)c(Cl)cc1F,7.821175483540766,2,"EC50,IC50",PPARG,CHEMBL235
COCCOc1cc(COc2ccc(C(F)(F)F)cc2)ccc1Sc1ccc(OCC(=O)O)c(C)c1C,5.229147988357855,1,Ki,PPARG,CHEMBL235
COCCOc1ccc(CCC(=O)NS(=O)(=O)c2ccc(Cl)cc2)c(Oc2ncc(C(F)(F)F)cc2Cl)c1,8.065501548756432,1,EC50,PPARG,CHEMBL235
COCCOc1ccc(CCC(=O)NS(=O)(=O)c2ccccc2)c(Oc2ncc(C(F)(F)F)cc2Cl)c1,7.494850021680094,1,EC50,PPARG,CHEMBL235
COCCn1ccc2cc(C(=O)NCc3ccc(CS(=O)(=O)C4CC4)cc3C(F)(F)F)ccc21,5.366531544420413,1,EC50,PPARG,CHEMBL235
COCc1nc2c(Cl)cccn2c1Cc1ccc2c(c1)COc1cc(F)ccc1/C2=C(\C)c1noc(=O)[nH]1,8.2417323130521,2,EC50,PPARG,CHEMBL235
COCc1nc2cc(Cl)ccn2c1Cc1ccc2c(c1)COc1cc(F)ccc1/C2=C(\C)c1noc(=O)[nH]1,8.637862065199606,2,EC50,PPARG,CHEMBL235
COCn1c(-c2ccccc2)nc(C)c1CCOc1ccc(C[C@H](Nc2ccccc2C(=O)c2ccccc2)C(=O)O)cc1,8.700057099977233,1,Ki,PPARG,CHEMBL235
CO[C@@H](Cc1ccc(C#CCCCOc2ccc(Oc3ccccc3)cc2)cc1)C(=O)O,7.388252029518803,2,"EC50,IC50",PPARG,CHEMBL235
CO[C@@H](Cc1ccc(C#CCCOc2ccc(Oc3ccccc3)cc2)cc1)C(=O)O,7.436609711493995,2,"EC50,IC50",PPARG,CHEMBL235
CO[C@@H](Cc1ccc(OCCCOc2ccc(-c3ccccc3)cc2)cc1)C(=O)O,7.2451299922148085,2,"EC50,IC50",PPARG,CHEMBL235
CO[C@@H](Cc1ccc(OCCCOc2ccc(C(=O)c3ccccc3)cc2)c(Cl)c1)C(=O)O,7.408365078158598,2,"EC50,IC50",PPARG,CHEMBL235
CO[C@@H](Cc1ccc(OCCCOc2ccc(C(=O)c3ccccc3)cc2)cc1)C(=O)O,7.4430283238465815,2,"EC50,IC50",PPARG,CHEMBL235
CO[C@@H](Cc1ccc(OCCCOc2ccc(Oc3ccccc3)cc2)cc1)C(=O)O,6.9555069405260435,2,"EC50,IC50",PPARG,CHEMBL235
CO[C@@H](Cc1ccc(OCCc2nc(-c3cc(C)cc(C)c3)oc2C)c2ccsc12)C(=O)O,8.096910013008056,1,IC50,PPARG,CHEMBL235
CO[C@@H](Cc1ccc(OCCc2nc(-c3ccc(C(C)C)cc3)oc2C)c2ccsc12)C(=O)O,8.698970004336019,1,IC50,PPARG,CHEMBL235
CO[C@@H](Cc1ccc(OCCc2nc(-c3ccc(C(F)(F)F)cc3)oc2C)c2ccsc12)C(=O)O,7.638272163982407,1,IC50,PPARG,CHEMBL235
CO[C@@H](Cc1ccc(OCCc2nc(-c3ccccc3)oc2C)c2ccsc12)C(=O)O,7.721246399047171,1,IC50,PPARG,CHEMBL235
CO[C@@H](Cc1ccc(OCCc2nc(-c3ccccc3)oc2C)c2sccc12)C(=O)O,7.958607314841775,1,IC50,PPARG,CHEMBL235
CO[C@@](C)(Cc1ccc(OCCc2nc(-c3ccccc3)oc2C)nc1)C(=O)O,6.568636235841012,1,Ki,PPARG,CHEMBL235
CO[C@H](Cc1ccc(OCCc2nc(-c3ccccc3)oc2C)c2ccccc12)C(=O)O,5.804100347590767,1,IC50,PPARG,CHEMBL235
CO[C@H](Cc1ccc(OCCc2nc(-c3ccccc3)oc2C)c2ccsc12)C(=O)O,5.84163750790475,1,IC50,PPARG,CHEMBL235
COc1c(Br)cccc1COc1ccc(C[C@H](Nc2ccccc2C(=O)c2ccccc2)C(=O)O)cc1,6.329995488683631,1,Ki,PPARG,CHEMBL235
COc1c(CC=C(C)C)c(=O)[nH]c2c(OC)c(O)ccc12,5.066442033057068,5,"Ki,EC50",PPARG,CHEMBL235
COc1c(CC=C(C)C)c(O)c(C(=O)O)c(CCc2ccccc2)c1CC=C(C)C,6.154901959985743,1,Ki,PPARG,CHEMBL235
COc1c(Cl)c(C)cc2cc(O)c3c(c12)C(=O)c1cc2c(c(O)c1C3=O)C(C)OC2=O,6.585026652029182,1,EC50,PPARG,CHEMBL235
COc1c(F)cccc1[C@H](C)NC(=O)c1ccc2c(c1)c(C)c(C)n2Cc1ccc(-c2ccccc2)cc1,7.6777807052660805,1,IC50,PPARG,CHEMBL235
COc1c(OC)c(O)c2c(=O)cc(-c3ccc(O)cc3)oc2c1OC,5.267606240177031,1,IC50,PPARG,CHEMBL235
COc1cc(-c2nc(C(F)(F)F)cs2)ccc1OCCCOc1ccc2c(c1)CC[C@H]2CC(=O)O,2.510000000353247,1,EC50,PPARG,CHEMBL235
COc1cc(-c2nc(C)c(C(=O)O)s2)ccc1OCCCOc1ccc2c(c1)CC[C@H]2CC(=O)O,3.0,1,EC50,PPARG,CHEMBL235
COc1cc(-c2nc(C)c(C(C)=O)s2)ccc1OCCCOc1ccc2c(c1)CC[C@H]2CC(=O)O,1.6899999999297064,1,EC50,PPARG,CHEMBL235
COc1cc(-c2nc(C)c(C)s2)ccc1OCCCOc1ccc2c(c1)CC[C@H]2CC(=O)O,1.509999999931643,1,EC50,PPARG,CHEMBL235
COc1cc(-c2nc(C)cs2)ccc1OCCCOc1ccc2c(c1)CC[C@H]2CC(=O)O,2.979999999191614,1,EC50,PPARG,CHEMBL235
COc1cc(-c2nc(OC(C)C)cs2)ccc1OCCCOc1ccc2c(c1)CC[C@H]2CC(=O)O,1.6399999999559753,1,EC50,PPARG,CHEMBL235
COc1cc(-c2nc3c(s2)CCC3)ccc1OCCCOc1ccc2c(c1)CC[C@H]2CC(=O)O,2.0599999999781,1,EC50,PPARG,CHEMBL235
COc1cc(-c2nc3c(s2)CCCC3)ccc1OCCCOc1ccc2c(c1)CC[C@H]2CC(=O)O,1.9199999998617976,1,EC50,PPARG,CHEMBL235
COc1cc(-c2nc3c(s2)CCCO3)ccc1OCCCOc1ccc2c(c1)CC[C@H]2CC(=O)O,2.250000000147006,1,EC50,PPARG,CHEMBL235
COc1cc(-c2nc3ccccc3s2)ccc1OCCCOc1ccc2c(c1)CC[C@H]2CC(=O)O,2.330000000266665,1,EC50,PPARG,CHEMBL235
COc1cc(-c2nccs2)ccc1OCCCOc1ccc2c(c1)CC[C@H]2CC(=O)O,2.5700000006336303,1,EC50,PPARG,CHEMBL235
COc1cc(-c2oc3cc(O)cc(O)c3c(=O)c2O)ccc1O,5.455931955649724,1,IC50,PPARG,CHEMBL235
COc1cc(/C=C/C(=O)c2ccc3c(c2)sc(=O)n3CCOc2ccc(CC(OCC(F)(F)F)C(=O)O)cc2)cc(OC)c1,6.0,1,EC50,PPARG,CHEMBL235
COc1cc(/C=C/c2ccc3c(c2)sc(=O)n3CCOc2ccc(CC(OCC(F)(F)F)C(=O)O)cc2)cc(OC)c1,7.698970004336019,1,EC50,PPARG,CHEMBL235
COc1cc(/C=C2\SC(Nc3ccc(S(N)(=O)=O)cc3)=NC2=O)ccc1OCCc1ccccc1,4.953504835665291,1,EC50,PPARG,CHEMBL235
COc1cc(/C=C2\SC(Nc3ccc(S(N)(=O)=O)cc3)=NC2=O)ccc1OCc1ccc(C)cc1,5.3124710387853655,1,EC50,PPARG,CHEMBL235
COc1cc(C#N)ccc1OCCCOc1ccc2c(c1)CC[C@H]2CC(=O)O,2.84000000022412,1,EC50,PPARG,CHEMBL235
COc1cc(C(=O)NS(=O)(=O)c2cc(Cl)cc(Cl)c2)ccc1Cc1cn(C)c2ccc(NC(=O)NC3CCCCC3)cc12,6.130768280269024,1,EC50,PPARG,CHEMBL235
COc1cc(C(=O)NS(=O)(=O)c2cccc(C(F)(F)F)c2)ccc1Cc1cn(C)c2ccc(NC(=O)NC3CCCCC3)cc12,6.455931955649724,1,EC50,PPARG,CHEMBL235
COc1cc(C(=O)NS(=O)(=O)c2cccc(Cl)c2)ccc1Cc1cn(C)c2ccc(NC(=O)NC3CCCCC3)cc12,6.431798275933005,1,EC50,PPARG,CHEMBL235
COc1cc(C(=O)NS(=O)(=O)c2cccc(Cl)c2)ccc1Cc1cn(C)c2ccc(NC(=O)OC3CCCC3)cc12,6.853871964321762,1,EC50,PPARG,CHEMBL235
COc1cc(C(=O)NS(=O)(=O)c2cccc(F)c2)ccc1Cc1cn(C)c2ccc(NC(=O)NC3CCCCC3)cc12,6.698970004336019,1,EC50,PPARG,CHEMBL235
COc1cc(C(=O)NS(=O)(=O)c2ccccc2)ccc1Cc1cn(C)c2ccc(NC(=O)NC3CCCCC3)cc12,6.022878745280337,2,EC50,PPARG,CHEMBL235
COc1cc(C(=O)NS(=O)(=O)c2ccccc2)ccc1Cc1cn(C)c2ccc(NC(=O)OC3CCCC3)cc12,6.638272163982407,1,EC50,PPARG,CHEMBL235
COc1cc(C(=O)NS(=O)(=O)c2ccccc2C)ccc1Cc1cn(C)c2ccc(NC(=O)NC3CCCC3)cc12,5.603800652904264,1,EC50,PPARG,CHEMBL235
COc1cc(C(=O)NS(=O)(=O)c2ccccc2C)ccc1Cc1cn(C)c2ccc(NC(=O)NC3CCCCC3)cc12,6.173925197299173,1,EC50,PPARG,CHEMBL235
COc1cc(C(=O)NS(=O)(=O)c2ccccc2C)ccc1Cc1cn(C)c2ccc(NC(=O)OC3CCCC3)cc12,5.61261017366127,1,EC50,PPARG,CHEMBL235
COc1cc(C(F)(F)F)ccc1C(=O)NCc1cccc(Oc2ccc(OC(C)(C)C(=O)O)c(C)c2)c1,8.154901959985743,1,IC50,PPARG,CHEMBL235
COc1cc(C(F)(F)F)ccc1[C@@H](C)NC(=O)c1ccc2c(c1)c(C)c(C)n2Cc1ccc(-c2ccccc2C(=O)O)cc1,8.698970004336019,1,IC50,PPARG,CHEMBL235
COc1cc(C(F)(F)F)ccc1[C@H](C)NC(=O)c1ccc2c(c1)c(C)c(C)n2Cc1ccc(-c2ccccc2C(=O)O)cc1,7.136677139879544,1,IC50,PPARG,CHEMBL235
COc1cc(C(F)(F)F)nc2ccc(COc3ccc(OCC4CCN(C)CC4)c(/C=C(\CCC4CC4)C(=O)O)c3)cc12,5.1249387366083,1,IC50,PPARG,CHEMBL235
COc1cc(C(F)(F)F)nc2ccc(COc3ccc(OCc4ccc(F)cc4)c(/C=C(\C)C(=O)O)c3)cc12,5.026872146400301,1,IC50,PPARG,CHEMBL235
COc1cc(C(F)(F)F)nc2ccc(COc3ccc(OCc4ccc(F)cc4)c(/C=C(\CC4CC4)C(=O)O)c3)cc12,5.075720713938118,1,IC50,PPARG,CHEMBL235
COc1cc(C(F)(F)F)nc2ccc(COc3ccc(OCc4ccc(F)cc4)c(/C=C/C(=O)O)c3)cc12,4.958607314841775,1,IC50,PPARG,CHEMBL235
COc1cc(C)c2c(c1)CC[C@@](C)(CC/C=C(\C)CC/C=C(\C)C(=O)O)O2,6.0,1,EC50,PPARG,CHEMBL235
COc1cc(C)ccc1OCCCOc1ccc2c(c1)CC[C@H]2CC(=O)O,3.2199999971705955,1,EC50,PPARG,CHEMBL235
COc1cc(C2NC(=O)NC(C)=C2C(=O)O)ccc1OCCOc1cc(C)nc2ccccc12,6.026872146400301,1,IC50,PPARG,CHEMBL235
COc1cc(C2NC(=O)NC(C)=C2C(=O)O)ccc1OCCOc1cccc2ccc(C)nc12,6.096910013008056,1,IC50,PPARG,CHEMBL235
COc1cc(C2NC(=O)NC(C)=C2C(=O)O)ccc1OCCn1c2ccccc2c2ccccc21,6.086186147616283,1,IC50,PPARG,CHEMBL235
COc1cc(C2NC(=O)NC(C)=C2C(=O)O)ccc1OCCn1ccc2cccnc21,6.142667503568731,1,IC50,PPARG,CHEMBL235
COc1cc(CCC[C@H]2OC(=O)NC2=O)ccc1OCc1nc(-c2ccco2)oc1C,8.052076380168273,1,EC50,PPARG,CHEMBL235
COc1cc(CCc2ccccc2)c(C(=O)O)c(O)c1C/C=C(/C)CCC=C(C)C,7.136677139879544,1,EC50,PPARG,CHEMBL235
COc1cc(CCc2ccccc2)c(C(=O)O)c(O)c1C/C=C(\C)CC=C(C)C,7.428961769463358,2,"Ki,EC50",PPARG,CHEMBL235
COc1cc(CCc2ccccc2)c(C(=O)O)c(O)c1C/C=C(\C)CCC=C(C)C,7.218853567771763,2,EC50,PPARG,CHEMBL235
COc1cc(CCc2ccccc2)c(C(=O)O)c(O)c1CC=C(C)C,6.4351190136740515,3,"Ki,EC50",PPARG,CHEMBL235
COc1cc(CNC(=O)c2ccc3c(c2)c(C)c(C)n3Cc2ccc(-c3ccccc3C(=O)O)cc2)cc(OC)c1,8.0,1,IC50,PPARG,CHEMBL235
COc1cc(CNC(=O)c2ccc3c(c2)c(C)c(C)n3Cc2ccc(-c3ccccc3C(=O)O)cc2)ccc1O,7.8278038631574445,2,"Ki,IC50",PPARG,CHEMBL235
COc1cc(CNC(=O)c2ccc3c(c2)c(C)c(C)n3Cc2cccc(C(F)(F)F)c2)ccc1O,8.048455006504028,2,"Ki,IC50",PPARG,CHEMBL235
COc1cc(C[C@H](OC)C(=O)O)ccc1OCCCOc1ccc(Oc2ccccc2)cc1,7.309442459645075,2,"EC50,IC50",PPARG,CHEMBL235
COc1cc(F)cc([C@H](C)NC(=O)c2ccc3c(c2)c(C)c(C)n3Cc2ccc(-c3ccccc3)cc2)c1,7.920818753952375,1,IC50,PPARG,CHEMBL235
COc1cc(NS(=O)(=O)c2ccc(Cl)cc2Cl)ccc1Oc1cncc(Cl)c1,7.721246399047171,1,IC50,PPARG,CHEMBL235
COc1cc(O)c2c(c1C(=O)NCc1c(C)cc(Cl)c3ccccc13)OC1=CC(O)=C(C(C)=O)C(=O)[C@]12C,7.657577319177793,1,EC50,PPARG,CHEMBL235
COc1cc(O)c2c(c1C(=O)NCc1c(C)cc(F)c3ccccc13)OC1=CC(O)=C(C(C)=O)C(=O)[C@]12C,8.318758762624412,1,EC50,PPARG,CHEMBL235
COc1cc(O)c2c(c1C(=O)NCc1c(C)ccc3c(Cl)cccc13)OC1=CC(O)=C(C(C)=O)C(=O)[C@]12C,6.769551078621726,1,EC50,PPARG,CHEMBL235
COc1cc(O)c2c(c1C(=O)NCc1c(C)ccc3c(F)cccc13)OC1=CC(O)=C(C(C)=O)C(=O)[C@]12C,7.795880017344075,1,EC50,PPARG,CHEMBL235
COc1cc(O)c2c(c1C(=O)NCc1c(C)ccc3cc(Cl)ccc13)OC1=CC(O)=C(C(C)=O)C(=O)[C@]12C,7.251811972993799,1,EC50,PPARG,CHEMBL235
COc1cc(O)c2c(c1C(=O)NCc1c(C)ccc3cc(F)ccc13)OC1=CC(O)=C(C(C)=O)C(=O)[C@]12C,7.568636235841012,1,EC50,PPARG,CHEMBL235
COc1cc(O)c2c(c1C(=O)NCc1c(C)ccc3ccc(Cl)cc13)OC1=CC(O)=C(C(C)=O)C(=O)[C@]12C,8.309803919971486,1,EC50,PPARG,CHEMBL235
COc1cc(O)c2c(c1C(=O)NCc1c(C)ccc3ccc(F)cc13)OC1=CC(O)=C(C(C)=O)C(=O)[C@]12C,7.187086643357144,1,EC50,PPARG,CHEMBL235
COc1cc(O)c2c(c1C(=O)NCc1c(C)ccc3ccccc13)OC1=CC(O)=C(C(C)=O)C(=O)[C@]12C,7.552841968657781,1,EC50,PPARG,CHEMBL235
COc1cc(O)c2c(c1C(=O)NCc1cccc3ccccc13)OC1=CC(O)=C(C(C)=O)C(=O)[C@]12C,6.7447274948966935,1,EC50,PPARG,CHEMBL235
COc1cc(OC)c2c(=O)c(OCc3ccccc3)c(-c3ccccc3)oc2c1,5.0588732274974255,3,"Ki,EC50",PPARG,CHEMBL235
COc1cc(OC)c2c(=O)cc(-c3cccnc3)oc2c1,5.958607314841775,1,IC50,PPARG,CHEMBL235
COc1cc(OC)cc(-c2coc3cc(O)ccc3c2=O)c1,4.72445831159869,2,EC50,PPARG,CHEMBL235
COc1cc(OC)cc(-c2nc(CCOc3ccc(C[C@H](OC)C(=O)O)c4sccc34)c(C)o2)c1,8.522878745280337,1,IC50,PPARG,CHEMBL235
COc1cc(OC)cc([C@H](C)NC(=O)c2ccc3c(c2)c(C)c(C)n3Cc2ccc(-c3ccccc3)cc2)c1,7.698970004336019,1,IC50,PPARG,CHEMBL235
COc1cc(OCC(=O)O)c(C)cc1SCc1ccc(OCc2ccc(C(F)(F)F)cc2)cc1,4.627087997029894,1,IC50,PPARG,CHEMBL235
COc1cc(Oc2cc(C)c3nc(COc4cccc(C(=O)O)c4)n(C)c3c2)ccn1,7.2441251443275085,1,EC50,PPARG,CHEMBL235
COc1cc(Oc2cc(OC(C)C)c3nc(COc4cccc(C(=O)O)c4)n(C)c3c2)ccn1,7.494850021680094,1,EC50,PPARG,CHEMBL235
COc1cc(Oc2ccc(C)nc2C)cc2c1nc(COc1cccc(C(=O)O)c1)n2C,6.603800652904264,1,EC50,PPARG,CHEMBL235
COc1cc(Oc2ccc3nc(COc4cccc(C(=O)O)c4)n(C)c3c2)cc(C)n1,7.0,1,EC50,PPARG,CHEMBL235
COc1cc(Oc2ccc3nc(COc4cccc(C(=O)O)c4)n(C)c3c2)ccn1,6.7258421507363195,1,EC50,PPARG,CHEMBL235
COc1cc(Oc2ccc3nc(COc4cccc(C(=O)O)c4)n(C)c3c2F)ccn1,7.221848749616356,1,EC50,PPARG,CHEMBL235
COc1cc(Oc2ccc3nc(COc4cccc(C(=O)O)c4)n(C)c3n2)cc(C)n1,6.779891911959945,1,EC50,PPARG,CHEMBL235
COc1cc([C@@H]2OC[C@@H]3[C@H]2CO[C@H]3c2ccc3c(c2)OCO3)ccc1O,4.723538195826756,1,EC50,PPARG,CHEMBL235
COc1cc([C@H]2OC[C@@H]3[C@H]2CO[C@H]3c2ccc3c(c2)OCO3)ccc1O,4.3124710387853655,1,EC50,PPARG,CHEMBL235
COc1cc([C@H]2OC[C@H]3[C@@H]2CO[C@H]3c2ccc(O)c(OC)c2)ccc1O,4.23210238398191,1,EC50,PPARG,CHEMBL235
COc1cc([C@H]2OC[C@H]3[C@@H]2CO[C@H]3c2ccc3c(c2)OCO3)cc(OC)c1O,4.645891560852599,1,EC50,PPARG,CHEMBL235
COc1cc2c(cc1CC=C(C)C)C(=O)C[C@@H](c1ccc(O)cc1)O2,6.432374217515496,2,"Ki,IC50",PPARG,CHEMBL235
COc1cc2c(cc1CC=C(C)C)C(=O)C[C@H](c1ccc(O)cc1)O2,6.549325555311606,2,"Ki,IC50",PPARG,CHEMBL235
COc1cc2c(cc1OC)C(=O)/C(=C/c1ccccc1OCCc1cccs1)C2,6.207608310501746,1,IC50,PPARG,CHEMBL235
COc1cc2ccc(=O)oc2cc1OC/C=C(\C)CCC=C(C)C,4.773650137740922,3,"Ki,EC50",PPARG,CHEMBL235
COc1cc2oc(-c3ccc(O)cc3)cc(=O)c2cc1CC=C(C)C,6.533295840981829,2,"Ki,IC50",PPARG,CHEMBL235
COc1ccc(-c2c(C(=O)NS(=O)(=O)c3ccc(F)cc3)n(Cc3cccc(C(F)(F)F)c3)c3ccccc23)cc1,8.154901959985743,1,IC50,PPARG,CHEMBL235
COc1ccc(-c2c(C(=O)NS(=O)(=O)c3cccc(C(F)(F)F)c3)n(Cc3cccc(C(F)(F)F)c3)c3ccccc23)cc1,7.221848749616356,1,IC50,PPARG,CHEMBL235
COc1ccc(-c2c(C(=O)NS(=O)(=O)c3ccccc3)n(Cc3cccc(C(F)(F)F)c3)c3ccccc23)cc1,8.522878745280337,1,IC50,PPARG,CHEMBL235
COc1ccc(-c2c(C(=O)NS(=O)(=O)c3ccccc3C)n(Cc3cccc(C(F)(F)F)c3)c3ccccc23)cc1,8.154901959985743,1,IC50,PPARG,CHEMBL235
COc1ccc(-c2c(C(=O)NS(C)(=O)=O)n(Cc3cccc(C(F)(F)F)c3)c3ccccc23)cc1,8.698970004336019,1,IC50,PPARG,CHEMBL235
COc1ccc(-c2cc(=O)c3c(O)c(OC)c(OC)c(OC)c3o2)cc1,5.6020599913279625,1,IC50,PPARG,CHEMBL235
COc1ccc(-c2cccc(C(=O)O)c2)cc1CNC(=O)c1ccc(Oc2ccccc2)cc1,5.229147988357855,1,EC50,PPARG,CHEMBL235
COc1ccc(-c2cn3cccc(OCc4ccc(Cl)c(Cl)c4)c3n2)cc1,5.508638306165727,1,EC50,PPARG,CHEMBL235
COc1ccc(-c2nc(CCOc3ccc(CC4(C(=O)O)CCCO4)cn3)c(C)o2)cc1,7.769551078621726,1,Ki,PPARG,CHEMBL235
COc1ccc(-c2nc(CCOc3ccc(CC4(C(=O)O)CCCO4)nc3)c(C)o2)cc1,7.031517051446065,1,Ki,PPARG,CHEMBL235
COc1ccc(-c2nc(CCOc3ccc(C[C@H](Nc4ccccc4C(=O)c4ccccc4)C(=O)O)cc3)c(C)o2)cc1,9.090080159257155,2,"Ki,EC50",PPARG,CHEMBL235
COc1ccc(-c2nc(CCOc3cccc(C[C@@H]4C(=O)N(c5ccc(C(C)(C)C)cc5)[C@@H]4C(=O)O)c3)c(C)o2)cc1,6.657577319177793,1,IC50,PPARG,CHEMBL235
COc1ccc(-c2nc(COc3cccc(CN(CC(=O)O)C(=O)Oc4ccc(C)cc4)c3)c(C)o2)cc1,6.0589857562944305,1,IC50,PPARG,CHEMBL235
COc1ccc(-c2nc(SCCCCOc3ccc(OCC(=O)O)c(C)c3)sc2-c2ccc(OC)cc2)cc1,5.196542884351587,1,EC50,PPARG,CHEMBL235
COc1ccc(-c2nc(SCCCCOc3ccc(OCC(=O)O)cc3Cl)sc2-c2ccc(OC)cc2)cc1,5.59176003468815,1,EC50,PPARG,CHEMBL235
COc1ccc(-c2nc(SCCCOc3ccc(OCC(=O)O)c(C)c3)sc2-c2ccc(OC)cc2)cc1,5.161780778092375,1,EC50,PPARG,CHEMBL235
COc1ccc(-c2nc(SCCCOc3ccc(OCC(=O)O)cc3Cl)sc2-c2ccc(OC)cc2)cc1,5.336299074610352,1,EC50,PPARG,CHEMBL235
COc1ccc(-c2nc(SCCOc3ccc(OCC(=O)O)c(C)c3)sc2-c2ccc(OC)cc2)cc1,5.247183568811728,1,EC50,PPARG,CHEMBL235
COc1ccc(-c2nc(SCCOc3ccc(OCC(=O)O)cc3Cl)sc2-c2ccc(OC)cc2)cc1,5.231361898752386,1,EC50,PPARG,CHEMBL235
COc1ccc(-c2nc(Sc3cccc(C(C)C(=O)O)c3)sc2-c2ccc(OC)cc2)cc1,5.638272163982407,1,EC50,PPARG,CHEMBL235
COc1ccc(-c2nc3cc(NC(=O)c4cc([N+](=O)[O-])ccc4Cl)ccc3o2)cc1F,9.1479247415801,2,"EC50,IC50",PPARG,CHEMBL235
COc1ccc(-n2c(C(=O)O)c(Oc3cccc(C(F)(F)F)c3)c3ccccc32)cc1,6.939302159646388,1,IC50,PPARG,CHEMBL235
COc1ccc(-n2c(C)c(Cc3cccc(O[C@@H](C)C(=O)O)c3)c3cc(OC(F)(F)F)ccc32)cc1,9.0,1,IC50,PPARG,CHEMBL235
COc1ccc(-n2c(SCC(=O)Nc3ccc(S(=O)(=O)NC(=O)NC4CCCCC4)cc3)nc3ccccc3c2=O)cc1,6.455931955649724,1,IC50,PPARG,CHEMBL235
COc1ccc(-n2cnn(Cc3cc(C)c(OC(C)(C)C(=O)O)c(C)c3)c2=O)cc1,5.694713134523875,1,EC50,PPARG,CHEMBL235
COc1ccc(/C=C/c2cc(O)c(C/C=C(\C)CCC=C(C)C)c(O)c2)cc1,5.52726570743409,2,"EC50,IC50",PPARG,CHEMBL235
COc1ccc(/C=C/c2cc(OC)cc(OCCCCCCCC(=O)O)c2)cc1,4.58838029403677,1,EC50,PPARG,CHEMBL235
COc1ccc(/C=C/c2cc(OC)cc(OCc3ccc(OC(C)(C)C(=O)O)c(F)c3)c2)cc1,4.686554629573586,1,EC50,PPARG,CHEMBL235
COc1ccc(/C=C/c2cc(OC)cc(OCc3ccc(OC(C)C(=O)O)c(F)c3)c2)cc1,4.739928612014925,1,EC50,PPARG,CHEMBL235
COc1ccc(/C=C/c2cc(OC)cc(OCc3ccc(OCC(=O)O)c(C)c3)c2)cc1,4.684029654543083,1,EC50,PPARG,CHEMBL235
COc1ccc(/C=C/c2cc(OC)cc(OCc3ccc(OCC(=O)O)c(F)c3)c2)cc1,4.54515513999149,1,EC50,PPARG,CHEMBL235
COc1ccc(/C=C/c2cc(OC)cc(OCc3ccc(OCC(=O)O)cc3)c2)cc1,4.806318970458719,1,EC50,PPARG,CHEMBL235
COc1ccc(C(=O)NC[C@H](Cc2ccc(OCCc3nc(-c4ccccc4)oc3C)cc2)Nc2ccccc2C(=O)c2ccccc2)cc1,7.320027305722581,1,Ki,PPARG,CHEMBL235
COc1ccc(C(=O)NCc2cccc(Oc3ccc(OC(C)(C)C(=O)O)c(C)c3)c2)c(C)c1,8.096910013008056,1,IC50,PPARG,CHEMBL235
COc1ccc(C(=O)Nc2cccc(C(=O)O)c2)c(NC(=O)c2ccc(C(C)(C)C)cc2)c1,5.52432881167557,1,EC50,PPARG,CHEMBL235
COc1ccc(C(=O)O)cc1NC(=O)c1ccccc1NC(=O)c1ccc(C(C)(C)C)cc1,5.346787486224656,1,EC50,PPARG,CHEMBL235
COc1ccc(C(=O)c2c(C)n(Cc3cc(O[C@@H](C)C(=O)O)ccc3Cl)c3nc(OC)ccc23)cc1,8.698970004336019,1,IC50,PPARG,CHEMBL235
COc1ccc(C(=O)c2c(C)n(Cc3cc(O[C@@H](C)C(=O)O)ccc3F)c3nc(C)ccc23)cc1,8.397940008672037,1,IC50,PPARG,CHEMBL235
COc1ccc(C(=O)c2c(C)n(Cc3cc(O[C@@H](C)C(=O)O)ccc3F)c3nc(OC)ccc23)cc1,8.698970004336019,1,IC50,PPARG,CHEMBL235
COc1ccc(C(=O)c2c(C)n(Cc3cc(O[C@@H](C)C(=O)O)ccc3F)c3ncccc23)cc1,8.301029995663981,1,IC50,PPARG,CHEMBL235
COc1ccc(C(=O)c2c(C)n(Cc3ccc(F)c(O[C@@H](C)C(=O)O)c3)c3nc(OC)ccc23)cc1,9.0,1,IC50,PPARG,CHEMBL235
COc1ccc(C(=O)c2c(C)n(Cc3ccc(F)c(O[C@@H](C)C(=O)O)c3)c3ncccc23)cc1,8.0,1,IC50,PPARG,CHEMBL235
COc1ccc(C(=O)c2c(C)n(Cc3cccc(O[C@@H](C)C(=O)O)c3)c3cc(OC(F)(F)F)ccc23)cc1,9.0,1,IC50,PPARG,CHEMBL235
COc1ccc(C(=O)c2c(C)n(Cc3cccc(O[C@@H](C)C(=O)O)c3)c3nc(C)ccc23)cc1,7.795880017344075,1,IC50,PPARG,CHEMBL235
COc1ccc(C(=O)c2c(C)n(Cc3cccc(O[C@@H](C)C(=O)O)c3)c3ncccc23)cc1,7.180456064458131,1,IC50,PPARG,CHEMBL235
COc1ccc(C(=O)c2c(C)n(Cc3cccc(O[C@H](C)C(=O)O)c3)c3ncccc23)cc1,6.139063379299906,1,IC50,PPARG,CHEMBL235
COc1ccc(C(=O)c2cc(C)cn2C/C=C/c2ccc(Cl)cc2C(=O)NS(C)(=O)=O)cc1,4.920818753952375,1,EC50,PPARG,CHEMBL235
COc1ccc(C(=O)c2ccc(CSCC(NC(=O)OC(C)(C)C)C(=O)O)cc2)cc1,5.1249387366083,1,EC50,PPARG,CHEMBL235
COc1ccc(C(=O)c2ccccc2NC(Cc2ccc(OCCN(C)c3nc4ccccc4o3)cc2)C(=O)O)cc1,8.250031916490597,1,Ki,PPARG,CHEMBL235
COc1ccc(C(=O)c2cccn2C/C=C/c2cccc(CC(=O)O)c2)cc1,5.698970004336019,1,EC50,PPARG,CHEMBL235
COc1ccc(C(=O)c2cccn2C/C=C/c2cccc(OCC(=O)O)c2)cc1,5.721246399047171,1,EC50,PPARG,CHEMBL235
COc1ccc(C(=O)n2c(C)c(Cc3cccc(OC(C)(C)C(=O)O)c3)c3cc(OC(F)(F)F)ccc32)cc1,8.522878745280337,1,IC50,PPARG,CHEMBL235
COc1ccc(C(=O)n2c(C)c(Cc3cccc(OC(C)C(=O)O)c3)c3cc(OC(F)(F)F)ccc32)cc1,9.0,1,IC50,PPARG,CHEMBL235
COc1ccc(C(=O)n2c(C)c(Cc3cccc(OCC#N)c3)c3cc(OC(F)(F)F)ccc32)cc1,7.376750709602099,1,IC50,PPARG,CHEMBL235
COc1ccc(C(=O)n2c(C)c(Cc3cccc(O[C@@H](C)C(=O)O)c3)c3cc(OC(F)(F)F)ccc32)cc1,8.81938200260161,5,"EC50,IC50",PPARG,CHEMBL235
COc1ccc(C(=O)n2c(C)c(Cc3cccc(O[C@H](C)C(=O)O)c3)c3cc(OC(F)(F)F)ccc32)cc1,8.522878745280337,1,IC50,PPARG,CHEMBL235
COc1ccc(C(=O)n2c(C)c(Cc3ccccc3OC(C)(C)C(=O)O)c3cc(OC(F)(F)F)ccc32)cc1,9.0,1,IC50,PPARG,CHEMBL235
COc1ccc(C(=O)n2c(C)c(Cc3ccccc3OC(C)C(=O)O)c3cc(OC(F)(F)F)ccc32)cc1,9.0,1,IC50,PPARG,CHEMBL235
COc1ccc(C(=O)n2c(C)c(Cc3ccccc3O[C@@H](C)C(=O)O)c3cc(OC(F)(F)F)ccc32)cc1,8.698970004336019,2,"EC50,IC50",PPARG,CHEMBL235
COc1ccc(C(=O)n2c(C)c(Cc3ccccc3O[C@H](C)C(=O)O)c3cc(OC(F)(F)F)ccc32)cc1,8.168621084159213,2,"EC50,IC50",PPARG,CHEMBL235
COc1ccc(C(C)C(=O)c2ccc(O)cc2O)cc1,4.585026652029182,1,IC50,PPARG,CHEMBL235
COc1ccc(C)cc1NC(=O)N(CCc1ccc(SC(C)(C)C(=O)O)cc1)CCc1ccc(-c2ccccc2)cc1,5.0,1,EC50,PPARG,CHEMBL235
COc1ccc(C2COc3cc(O)ccc3C2=O)cc1,3.9065783148377653,1,IC50,PPARG,CHEMBL235
COc1ccc(CC(=O)OCc2ccc(CC(SCCc3ccc(F)cc3)C(=O)O)cc2)cc1,5.6020599913279625,1,EC50,PPARG,CHEMBL235
COc1ccc(CC2SC(=O)NC2=O)cc1C(=O)NCc1ccc(C(F)(F)F)cc1,6.173813278577559,6,"Ki,EC50,IC50",PPARG,CHEMBL235
COc1ccc(CCCC(=O)O)cc1C(=O)NCc1ccc(C(F)(F)F)cc1,5.522878745280337,1,EC50,PPARG,CHEMBL235
COc1ccc(CCCOc2ccc(C[C@H](Nc3ccccc3C(=O)c3ccccc3)C(=O)O)cc2)cc1,6.139997578098902,1,Ki,PPARG,CHEMBL235
COc1ccc(CCCOc2ccc(C[C@H](Nc3ccccc3C(=O)c3ccccc3)C(=O)O)cc2)cc1OC,6.919987152892072,1,Ki,PPARG,CHEMBL235
COc1ccc(CCOC(=O)Cc2ccc(SCc3ccccc3C(=O)O)cc2)cc1OC,5.154901959985743,1,EC50,PPARG,CHEMBL235
COc1ccc(CCOC(=O)Cc2cccc(SCc3ccccc3C(=O)O)c2)cc1OC,4.958607314841775,1,EC50,PPARG,CHEMBL235
COc1ccc(CCc2c(-c3ccccc3)[nH]c3ccc(CC(=O)O)cc23)cc1,7.307362432350182,3,"Ki,IC50",PPARG,CHEMBL235
COc1ccc(CNC(=O)c2ccc3c(c2)[nH]c(=O)n3Cc2cccc(F)c2)c(C(F)(F)F)c1,5.962573502059376,1,EC50,PPARG,CHEMBL235
COc1ccc(CNC(=O)c2ccc3c(c2)[nH]c(=O)n3Cc2ccccc2)c(C(F)(F)F)c1,5.995678626217357,1,EC50,PPARG,CHEMBL235
COc1ccc(CNC(=O)c2ccc3c(c2)c(C)c(C)n3Cc2ccc(-c3ccccc3C(=O)O)cc2)c(OC)c1,7.795880017344075,1,IC50,PPARG,CHEMBL235
COc1ccc(CNC(=O)c2ccc3c(c2)c(C)c(C)n3Cc2ccc(-c3ccccc3C(=O)O)cc2)cc1,8.154901959985743,1,IC50,PPARG,CHEMBL235
COc1ccc(CNC(=O)c2ccc3c(c2)c(C)c(C)n3Cc2ccc(-c3ccccc3C(=O)O)cc2)cc1F,7.886056647693163,1,IC50,PPARG,CHEMBL235
COc1ccc(CNC(=O)c2ccc3c(c2)c(C)c(C)n3Cc2ccc(-c3ccccc3C(=O)O)cc2)cc1OC,6.903089986991944,1,IC50,PPARG,CHEMBL235
COc1ccc(CNC(=O)c2ccc3c(c2)ncn3Cc2cccc(F)c2)c(C(F)(F)F)c1,5.950781977329818,1,EC50,PPARG,CHEMBL235
COc1ccc(CNC(=O)c2ccc3c(ccn3Cc3ccc(F)cc3F)c2)c(OC)c1,6.498940737782249,1,IC50,PPARG,CHEMBL235
COc1ccc(CNC(=O)c2ccc3c(ccn3Cc3ccc(F)cc3F)c2)cc1OC,6.522878745280337,1,IC50,PPARG,CHEMBL235
COc1ccc(CNC(=O)c2ccc3c(ccn3Cc3cccc(F)c3)c2)c(C(F)(F)F)c1,6.070581074285707,1,EC50,PPARG,CHEMBL235
COc1ccc(CNC(=O)c2ccc3c(cnn3Cc3cccc(F)c3)c2)c(C(F)(F)F)c1,5.798602875679549,1,EC50,PPARG,CHEMBL235
COc1ccc(COCCN(CCOCc2ccc(OC)cc2)c2ccc(C=C3C(=O)NC(=O)NC3=O)cc2)cc1,4.228412519118745,1,IC50,PPARG,CHEMBL235
COc1ccc(COCCN(CCOCc2ccccc2)c2ccc(C=C3C(=O)NC(=O)NC3=O)cc2)cc1,3.718966632752273,1,IC50,PPARG,CHEMBL235
COc1ccc(COCCN(CCOc2ccccn2)c2ccc(C=C3C(=O)NC(=O)NC3=O)cc2)cc1,4.075720713938118,1,IC50,PPARG,CHEMBL235
COc1ccc(COc2ccc(CNc3cccc(OC(C)(C)C(=O)O)c3)c(OCc3ccc(OC)cc3)c2)cc1,5.251811972993799,1,EC50,PPARG,CHEMBL235
COc1ccc(COc2ccc(CNc3cccc(OC(C)(C)C(=O)O)c3)cc2)cc1,4.73754891026957,1,EC50,PPARG,CHEMBL235
COc1ccc(COc2ccc(CSc3ccc(OCC(=O)O)c4c3CCC4)cc2)cc1,4.860120913598763,1,IC50,PPARG,CHEMBL235
COc1ccc(COc2cccc(OCCOc3ccc4c(c3)c(CC(=O)O)cn4Cc3ccccc3)c2)cc1,5.721246399047171,1,EC50,PPARG,CHEMBL235
COc1ccc(Cl)cc1C(=O)NCCc1ccc(S(=O)(=O)NC(=O)NC2CCCCC2)cc1,5.909364114220269,2,"Ki,EC50",PPARG,CHEMBL235
COc1ccc(Cn2c(C)c(C)c3cc(C(=O)N[C@@H](C)c4ccc(C(C)(C)C)cc4)ccc32)cc1O[C@@H](C)C(=O)O,7.214670164989233,1,IC50,PPARG,CHEMBL235
COc1ccc(Cn2c(C)c(C)c3cc(C(=O)N[C@@H](C)c4cccc(C(C)C)c4)ccc32)cc1O[C@@H](C)C(=O)O,7.113509274827518,1,IC50,PPARG,CHEMBL235
COc1ccc(Cn2c(C)c(C)c3cc(C(=O)N[C@@H](C)c4cccc(C5CC5)c4)ccc32)cc1O[C@@H](C)C(=O)O,7.154901959985743,1,IC50,PPARG,CHEMBL235
COc1ccc(F)c(-c2ccc(Cc3ccc(N4C[C@H](C(F)(F)F)C[C@@H]4CC(=O)O)cc3)c(C)c2)c1,5.356547323513812,1,EC50,PPARG,CHEMBL235
COc1ccc(F)cc1[C@@H](C)NC(=O)c1ccc2c(c1)c(C)c(C)n2Cc1ccc(-c2ccccc2C(=O)O)cc1,8.301029995663981,1,IC50,PPARG,CHEMBL235
COc1ccc(F)cc1[C@H](C)NC(=O)c1ccc2c(c1)c(C)c(C)n2Cc1ccc(-c2ccccc2C(=O)O)cc1,7.585026652029182,1,IC50,PPARG,CHEMBL235
COc1ccc(N2C(=O)C(Cc3cccc(OCCc4nc(-c5ccccc5)oc4C)c3)C2C(=O)O)cc1,6.795880017344075,1,IC50,PPARG,CHEMBL235
COc1ccc(N2C(=O)C(Cc3cccc(OCCc4nc(-c5ccccc5)oc4C)c3)C2C(=O)O)cn1,6.638272163982407,1,IC50,PPARG,CHEMBL235
COc1ccc(N2C(=O)[C@@H](Cc3ccc(OCCc4nc(-c5ccccc5)oc4C)cc3)[C@H]2C(=O)O)cc1,7.3979400086720375,1,IC50,PPARG,CHEMBL235
COc1ccc(N2C(=O)[C@@H](Cc3cccc(OCCc4nc(-c5ccccc5)oc4C)c3)[C@H]2C(=O)O)cc1,7.0,1,IC50,PPARG,CHEMBL235
COc1ccc(N2C(=O)[C@H](Cc3ccc(OCCc4nc(-c5ccccc5)oc4C)cc3)[C@@H]2C(=O)O)cc1,5.468521082957745,1,IC50,PPARG,CHEMBL235
COc1ccc(N2C(=O)[C@H](Cc3cccc(OCCc4nc(-c5ccccc5)oc4C)c3)[C@@H]2C(=O)O)cc1,5.958607314841775,1,IC50,PPARG,CHEMBL235
COc1ccc(N2CC(=O)N(Cc3cc(C)c(OC(C)(C)C(=O)O)c(C)c3)C2=O)cc1,5.472048041656058,1,EC50,PPARG,CHEMBL235
COc1ccc(N2CCN(Cc3cc(C)c(OC(C)(C)C(=O)O)c(C)c3)C2=O)cc1,5.587539452570039,1,EC50,PPARG,CHEMBL235
COc1ccc(NC(=O)CC[C@H](NS(=O)(=O)c2ccc(C)cc2)C(=O)O)cc1,3.560667306169737,1,IC50,PPARG,CHEMBL235
COc1ccc(NC(=O)COc2cc(O)c3c(=O)cc(-c4ccccc4)oc3c2)cc1OC,5.424535858940091,2,"Ki,IC50",PPARG,CHEMBL235
COc1ccc(NC(=O)N(CCc2ccc(SC(C)(C)C(=O)O)cc2)CCc2ccc(-c3ccccc3)cc2)c(OC)c1,5.920818753952375,1,EC50,PPARG,CHEMBL235
COc1ccc(NC(=O)c2ccccc2NC(=O)c2ccc(C(C)(C)C)cc2)cc1C(=O)O,5.356547323513812,1,EC50,PPARG,CHEMBL235
COc1ccc(NC(=S)NS(=O)(=O)c2ccc(CCNS(=O)(=O)c3ccc(Cl)cc3)cc2)cc1,4.47755576649368,1,IC50,PPARG,CHEMBL235
COc1ccc(NC(=S)NS(=O)(=O)c2ccc(CCNS(=O)(=O)c3ccccc3)cc2)cc1,3.0,1,IC50,PPARG,CHEMBL235
COc1ccc(NCCCOc2ccc3ccccc3c2)cc1,4.471083299722345,1,EC50,PPARG,CHEMBL235
COc1ccc(O)c(/C=N/c2ccccc2NS(=O)(=O)c2ccc(C)cc2)c1,5.638272163982407,1,IC50,PPARG,CHEMBL235
COc1ccc(OC(=O)N(CC(=O)O)Cc2cc(OCc3nc(-c4ccc(Cl)cc4)oc3C)ccc2F)cc1,5.963770455913705,1,EC50,PPARG,CHEMBL235
COc1ccc(OC(=O)N(CC(=O)O)Cc2ccc(OCCc3nc(-c4ccc(O)cc4)oc3C)cc2)cc1,5.688246138944246,1,IC50,PPARG,CHEMBL235
COc1ccc(OC(=O)N(CC(=O)O)Cc2ccc(OCCc3nc(-c4ccccc4)oc3C)cc2)cc1,7.1947867337126805,8,"EC50,IC50",PPARG,CHEMBL235
COc1ccc(OC(=O)N(CC(=O)O)Cc2ccc(OCCc3nc(-c4ccccc4)oc3C)cc2)cc1.Cl,6.607303046740334,1,IC50,PPARG,CHEMBL235
COc1ccc(OC(=O)N2[C@H](C(=O)O)CC[C@H]2c2ccc(OCCc3nc(-c4ccccc4)oc3C)cc2)cc1,7.301029995663981,1,EC50,PPARG,CHEMBL235
COc1ccc(OC)c(/C=C/C(=O)OCc2cc(=O)c(O)co2)c1,5.154901959985743,1,Ki,PPARG,CHEMBL235
COc1ccc(OC)c(CNC(=O)c2ccc3c(c2)c(C)c(C)n3Cc2cccc(C(F)(F)F)c2)c1,7.369487583003801,2,"Ki,IC50",PPARG,CHEMBL235
COc1ccc(OC)c(NC(=O)c2cc3ccccc3cc2OC(=O)Nc2cc(Cl)ccc2OC)c1,5.060480747381382,1,IC50,PPARG,CHEMBL235
COc1ccc(OCCCOc2ccc3c(c2)CC[C@H]3CC(=O)O)cc1,3.46999999505164,1,EC50,PPARG,CHEMBL235
COc1ccc(OS(=O)(=O)/C=C/c2ccccc2)cc1,5.888065723667319,1,IC50,PPARG,CHEMBL235
COc1ccc(O[C@@H](Cc2ccccc2)C(=O)O)cc1,4.698402005568271,2,EC50,PPARG,CHEMBL235
COc1ccc(Oc2cc(N(C)CCOc3ccc(CC4SC(=O)NC4=O)cc3)ncn2)cc1,8.133803120088515,2,"EC50,IC50",PPARG,CHEMBL235
COc1ccc(Oc2cc(N(C)CCOc3ccc(CC4SC(=O)NC4=O)cc3)ncn2)cc1.O=S(=O)(O)O,7.7447274948966935,1,IC50,PPARG,CHEMBL235
COc1ccc(Oc2ccc3nc(COc4cccc(C(=O)O)c4)n(C)c3c2)c(C)n1,6.5934598195660445,1,EC50,PPARG,CHEMBL235
COc1ccc(Oc2ccc3nc(COc4cccc(C(=O)O)c4)n(C)c3c2)cc1,6.512861624522813,1,EC50,PPARG,CHEMBL235
COc1ccc(Oc2ccc3nc(COc4cccc(C(=O)O)c4)n(C)c3c2)cn1,6.939302159646388,1,EC50,PPARG,CHEMBL235
COc1ccc(S(=O)(=O)n2c(CCCC(=O)O)cc3cc(C(F)(F)F)ccc32)cc1,7.086186147616283,1,EC50,PPARG,CHEMBL235
COc1ccc(S(=O)(=O)n2c(CCCC(=O)O)cc3cc(Cl)ccc32)cc1,7.142667503568731,1,EC50,PPARG,CHEMBL235
COc1ccc(S(=O)(=O)n2cc(CCC(=O)O)c3cc(OC)ccc32)cc1,5.987162775294828,1,EC50,PPARG,CHEMBL235
COc1ccc([C@@H](C)NC(=O)c2ccc3c(c2)c(C)c(C)n3Cc2ccc(-c3ccccc3C(=O)O)cc2)cc1,8.614786788746741,3,"EC50,IC50",PPARG,CHEMBL235
COc1ccc([C@@H](O)[C@H](O)CO)cc1OC,4.714442690992226,1,EC50,PPARG,CHEMBL235
COc1ccc([C@@H]2CC(=O)c3cc4c(cc3C2)OC(C)(C)C=C4)cc1O,4.747146969020107,1,Ki,PPARG,CHEMBL235
COc1ccc([C@H](C)NC(=O)c2ccc3c(c2)c(C)c(C)n3Cc2ccc(-c3ccccc3C(=O)O)cc2)cc1,7.924762543981643,3,"EC50,IC50",PPARG,CHEMBL235
COc1ccc([C@H](C)NC(=O)c2ccc3c(c2)c(C)c(C)n3Cc2ccc(-c3ccccc3C(=O)O)cc2)cc1Cl,7.769551078621726,1,IC50,PPARG,CHEMBL235
COc1ccc2c(-c3c(C)n(Cc4cc(O[C@@H](C)C(=O)O)ccc4Cl)c4cc(OC(F)(F)F)ccc34)noc2c1,8.698970004336019,1,IC50,PPARG,CHEMBL235
COc1ccc2c(-n3c(=O)n(-c4cccc([C@@]5(C)OC(=O)NC5=O)c4)c4cc(C(F)(F)F)ccc43)noc2c1,5.1589535345906965,1,IC50,PPARG,CHEMBL235
COc1ccc2c(-n3c(=O)n(Cc4cc(O[C@H](C)C(=O)O)ccc4Cl)c4cc(C(F)(F)F)ccc43)noc2c1,8.040958607678906,1,IC50,PPARG,CHEMBL235
COc1ccc2c(-n3c(=O)n(Cc4cc(O[C@H](C)C(=O)O)ccc4Cl)c4ccccc43)noc2c1,7.863279432843593,1,IC50,PPARG,CHEMBL235
COc1ccc2c(-n3c(=O)n(Cc4cc([C@@]5(C)OC(=O)NC5=O)ccc4Cl)c4cc(C(F)(F)F)ccc43)noc2c1,8.113509274827518,1,IC50,PPARG,CHEMBL235
COc1ccc2c(-n3c(=O)n(Cc4cc([C@@]5(C)OC(=O)NC5=O)ccc4Cl)c4ccccc43)noc2c1,8.00436480540245,1,IC50,PPARG,CHEMBL235
COc1ccc2c(-n3c(=O)n(Cc4ccc(Cl)c(O[C@@H](C)C(=O)O)c4)c4cc(C(F)(F)F)ccc43)noc2c1,7.180456064458131,1,IC50,PPARG,CHEMBL235
COc1ccc2c(-n3c(=O)n(Cc4ccc(Cl)c(O[C@H](C)C(=O)O)c4)c4cc(C(F)(F)F)ccc43)noc2c1,8.387216143280265,1,IC50,PPARG,CHEMBL235
COc1ccc2c(-n3c(=O)n(Cc4ccc(Cl)c(O[C@H](C)C(=O)O)c4)c4cc(OC(F)(F)F)ccc43)noc2c1,8.494850021680094,1,IC50,PPARG,CHEMBL235
COc1ccc2c(-n3c(=O)n(Cc4ccc(Cl)c(O[C@H](C)C(=O)O)c4)c4ccc(C(F)(F)F)cc43)noc2c1,8.638272163982407,1,IC50,PPARG,CHEMBL235
COc1ccc2c(-n3c(=O)n(Cc4ccc(Cl)c(O[C@H](C)C(=O)O)c4)c4ccc(OC(F)(F)F)cc43)noc2c1,8.387216143280265,1,IC50,PPARG,CHEMBL235
COc1ccc2c(-n3c(=O)n(Cc4ccc(Cl)c(O[C@H](C)C(=O)O)c4)c4ccccc43)noc2c1,8.161150909262744,1,IC50,PPARG,CHEMBL235
COc1ccc2c(-n3c(=O)n(Cc4ccc([C@@]5(C)OC(=O)NC5=O)cc4)c4cc(C(F)(F)F)ccc43)noc2c1,5.662141570958905,1,IC50,PPARG,CHEMBL235
COc1ccc2c(-n3c(=O)n(Cc4cccc(O[C@H](C)C(=O)O)c4)c4cc(C(F)(F)F)ccc43)noc2c1,6.0343280287798935,1,IC50,PPARG,CHEMBL235
COc1ccc2c(-n3c(=O)n(Cc4cccc([C@@]5(C)OC(=O)NC5=O)c4)c4cc(C(F)(F)F)ccc43)noc2c1,7.031517051446065,1,IC50,PPARG,CHEMBL235
COc1ccc2c(-n3c(=O)n(Cc4cccc([C@@]5(C)OC(=O)NC5=O)c4)c4ccccc43)noc2c1,7.080398976215889,1,IC50,PPARG,CHEMBL235
COc1ccc2c(-n3c(=O)n(Cc4ccccc4[C@@]4(C)OC(=O)NC4=O)c4cc(C(F)(F)F)ccc43)noc2c1,5.178290002701623,1,IC50,PPARG,CHEMBL235
COc1ccc2c(-n3c(C)c(Cc4cc(O[C@H](C)C(=O)O)ccc4Cl)c4cc(OC(F)(F)F)ccc43)noc2c1,8.698970004336019,1,IC50,PPARG,CHEMBL235
COc1ccc2c(=O)cc(CCc3ccccc3)oc2c1,4.826813731587726,1,Ki,PPARG,CHEMBL235
COc1ccc2c(Oc3cccc(C(F)(F)F)c3)c(C(=O)O)n(-c3ccc(C(C)(C)C)cc3)c2n1,7.0,1,IC50,PPARG,CHEMBL235
COc1ccc2c(c1)CCN(S(=O)(=O)c1cccc(C(=O)Nc3ccc(Cl)cc3C(=O)O)c1)C2,5.200000237109354,1,IC50,PPARG,CHEMBL235
COc1ccc2c(c1)O/C(=C\c1cc(C)c(OC(C)(C)C(=O)O)c(C)c1)C2=O,6.1979107421182675,1,EC50,PPARG,CHEMBL235
COc1ccc2c(c1)O/C(=C\c1cc(C)c(OCC(=O)O)c(C)c1)C2=O,5.801617869991706,1,EC50,PPARG,CHEMBL235
COc1ccc2c(c1)c(CC(=O)O)c(C)n2C(=O)c1ccc(Cl)cc1,4.301029995663981,1,EC50,PPARG,CHEMBL235
COc1ccc2c(c1)c(Cc1ccc(C(=O)O)cc1)c(C)n2C(=O)c1ccc(Cl)cc1,5.328827157284916,1,IC50,PPARG,CHEMBL235
COc1ccc2c(c1)c(Cc1ccc(OC(C)(C)C(=O)O)cc1)c(C)n2C(=O)c1ccc(Cl)cc1,6.039053804266169,1,IC50,PPARG,CHEMBL235
COc1ccc2c(c1)c(Cc1ccc(OC(C)C(=O)O)cc1)c(C)n2C(=O)c1ccc(Cl)cc1,5.669586226650809,1,IC50,PPARG,CHEMBL235
COc1ccc2c(c1)c(Cc1ccc(OCC(=O)O)cc1)c(C)n2C(=O)c1ccc(Cl)cc1,7.075720713938118,1,IC50,PPARG,CHEMBL235
COc1ccc2c(c1)c(Cc1cccc(C(=O)O)c1)c(C)n2C(=O)c1ccc(Cl)cc1,6.681936665037238,1,IC50,PPARG,CHEMBL235
COc1ccc2c(c1)c(Cc1cccc(OC(C)(C)C(=O)O)c1)c(C)n2C(=O)c1ccc(Cl)cc1,7.346787486224656,1,IC50,PPARG,CHEMBL235
COc1ccc2c(c1)c(Cc1cccc(OC(C)C(=O)O)c1)c(C)n2C(=O)c1ccc(Cl)cc1,7.309803919971486,1,IC50,PPARG,CHEMBL235
COc1ccc2c(c1)c(Cc1ccccc1C(=O)O)c(C)n2C(=O)c1ccc(Cl)cc1,5.202040356262804,1,IC50,PPARG,CHEMBL235
COc1ccc2c(c1)c(Cc1ccccc1OC(C)(C)C(=O)O)c(C)n2C(=O)c1ccc(Cl)cc1,7.102372908709558,1,IC50,PPARG,CHEMBL235
COc1ccc2c(c1)c(Cc1ccccc1OC(C)C(=O)O)c(C)n2C(=O)c1ccc(Cl)cc1,7.075720713938118,1,IC50,PPARG,CHEMBL235
COc1ccc2c(c1)c(Cc1ccccc1OCC(=O)O)c(C)n2C(=O)c1ccc(Cl)cc1,6.47755576649368,1,IC50,PPARG,CHEMBL235
COc1ccc2c(c1)c(Oc1cccc(C(F)(F)F)c1)c(C(=O)O)n2-c1ccc(C(C)(C)C)cc1,7.4089353929735005,1,IC50,PPARG,CHEMBL235
COc1ccc2c(c[n+](C)c3c4cc5c(cc4ccc23)OCO5)c1OC,6.247183568811728,2,IC50,PPARG,CHEMBL235
COc1ccc2c(ccn2S(=O)(=O)c2cccc(C(=O)Nc3ccc(C)cc3C(=O)O)c2)c1,5.0,1,IC50,PPARG,CHEMBL235
COc1ccc2c(ccn2S(=O)(=O)c2cccc(C(=O)Nc3ccc(C)cc3C(=O)O)c2)c1C,5.499999678657065,1,IC50,PPARG,CHEMBL235
COc1ccc2c(ccn2S(=O)(=O)c2cccc(C(=O)Nc3ccc(Cl)cc3C(=O)O)c2)c1,5.40000018605658,1,IC50,PPARG,CHEMBL235
COc1ccc2c(ccn2S(=O)(=O)c2cccc(C(=O)Nc3ccc(Cl)cc3C(=O)O)c2)c1C,5.499999678657065,1,IC50,PPARG,CHEMBL235
COc1ccc2ccn(S(=O)(=O)c3cccc(C(=O)Nc4ccc(C)cc4C(=O)O)c3)c2c1,5.100000128334196,1,IC50,PPARG,CHEMBL235
COc1ccc2ccn(S(=O)(=O)c3cccc(C(=O)Nc4ccc(Cl)cc4C(=O)O)c3)c2c1,5.59999938302362,1,IC50,PPARG,CHEMBL235
COc1ccc2nc(-n3c(C)c(Cc4cccc(O[C@@H](C)C(=O)O)c4)c4cc(OC(F)(F)F)ccc43)ccc2c1,6.8696662315049934,1,IC50,PPARG,CHEMBL235
COc1ccc2nc(COc3ccc(CC4SC(=O)NC4=O)cc3)n(C)c2c1,7.366531544420414,1,EC50,PPARG,CHEMBL235
COc1ccc2ncc(-n3c(C)c(Cc4cccc(O[C@@H](C)C(=O)O)c4)c4cc(OC(F)(F)F)ccc43)cc2c1,7.537602002101044,1,IC50,PPARG,CHEMBL235
COc1ccc2oc(CCc3ccccc3)cc(=O)c2c1,4.7423214251308154,1,Ki,PPARG,CHEMBL235
COc1cccc(-c2coc3cc(O)ccc3c2=O)c1,4.651889931519762,2,EC50,PPARG,CHEMBL235
COc1cccc(-c2nc(CCOc3ccc(CC4(C(=O)O)CCCO4)cn3)c(C)o2)c1,8.154901959985743,1,Ki,PPARG,CHEMBL235
COc1cccc(-c2nc(CCOc3ccc(CC4(C(=O)O)CCCO4)nc3)c(C)o2)c1,7.698970004336019,1,Ki,PPARG,CHEMBL235
COc1cccc(-c2nc(CCOc3cccc(C[C@@H]4C(=O)N(c5ccc(C(C)(C)C)cc5)[C@@H]4C(=O)O)c3)c(C)o2)c1,6.958607314841775,1,IC50,PPARG,CHEMBL235
COc1cccc(/C=C/C(=O)OCc2cc(=O)c(O)co2)c1OC,5.173925197299173,1,Ki,PPARG,CHEMBL235
COc1cccc(/C=C2/C(C)=C(CC(=O)O)c3cc(F)ccc32)c1,5.275724130399211,1,EC50,PPARG,CHEMBL235
COc1cccc(C(=O)COc2ccc(CC3SC(=O)NC3=O)cc2)c1,5.379319664803689,2,"EC50,IC50",PPARG,CHEMBL235
COc1cccc(C(=O)c2ccccc2NC(Cc2ccc(OCCN(C)c3nc4ccccc4o3)cc2)C(=O)O)c1,8.639974910810603,1,Ki,PPARG,CHEMBL235
COc1cccc(C(F)(F)F)c1C(=O)c1nc(-c2ccc(C(=O)O)cc2F)c2n1CCCC2,5.040958607678906,1,IC50,PPARG,CHEMBL235
COc1cccc(CC(=O)N2Cc3ccc(S(=O)(=O)Nc4cnn(C5CCC5)n4)cc3C2)c1,5.3979400086720375,1,IC50,PPARG,CHEMBL235
COc1cccc(CN2C(=O)S/C(=C\c3ccc(Nc4ccc(Cl)cc4)cc3)C2=O)c1,5.933301449577005,1,EC50,PPARG,CHEMBL235
COc1cccc(CN2C(=O)S/C(=C\c3ccc(Nc4cccc(Cl)c4)cc3)C2=O)c1,5.790216985151485,1,EC50,PPARG,CHEMBL235
COc1cccc(CNC(=O)c2ccc3c(c2)c(C)c(C)n3Cc2ccc(-c3ccccc3C(=O)O)cc2)c1,7.8405740560267985,3,"EC50,IC50",PPARG,CHEMBL235
COc1cccc(COc2cc(/C=C3\SC(Nc4ccc(S(N)(=O)=O)cc4)=NC3=O)ccc2OC)c1,5.531652669587842,1,EC50,PPARG,CHEMBL235
COc1cccc(COc2ccc(/C=C3\SC(Nc4ccc(S(N)(=O)=O)cc4)=NC3=O)cc2OC)c1,5.400116927926312,1,EC50,PPARG,CHEMBL235
COc1cccc(Cl)c1C(=O)c1nc(-c2ccc(C(=O)O)cc2F)c2n1CCCC2,5.259637310505756,1,IC50,PPARG,CHEMBL235
COc1cccc(Cn2c(C(=O)NS(=O)(=O)c3cccc(C(F)(F)F)c3)cc3ccccc32)c1,6.853871964321762,1,IC50,PPARG,CHEMBL235
COc1cccc(Oc2c(C(=O)O)n(-c3ccc(C(C)(C)C)cc3)c3nc(Cl)ccc23)c1,6.982966660701219,1,IC50,PPARG,CHEMBL235
COc1cccc(Oc2ccc3nc(COc4cccc(C(=O)O)c4)n(C)c3c2)c1,6.628932137728263,1,EC50,PPARG,CHEMBL235
COc1cccc(S(=O)(=O)n2c(CCCC(=O)O)cc3cc(C(F)(F)F)ccc32)c1,7.187086643357144,1,EC50,PPARG,CHEMBL235
COc1cccc(S(=O)(=O)n2c(CCCC(=O)O)cc3cc(Cl)ccc32)c1,7.259637310505756,1,EC50,PPARG,CHEMBL235
COc1cccc(S2(=O)=N[Se]c3ccc(OC)cc32)c1,5.706122074491097,2,"Ki,IC50",PPARG,CHEMBL235
COc1cccc(SCCOc2ccc(C[C@H](Nc3ccccc3C(=O)c3ccccc3)C(=O)O)cc2)n1,6.799998134593398,1,Ki,PPARG,CHEMBL235
COc1cccc([C@@H](C)NC(=O)c2ccc3c(c2)c(C)c(C)n3Cc2ccc(-c3ccccc3)cc2)c1,8.698970004336019,1,IC50,PPARG,CHEMBL235
COc1cccc([C@@H](O)COc2ccc(CC3SC(=O)NC3=O)cc2)c1,4.934939302584748,2,"EC50,IC50",PPARG,CHEMBL235
COc1cccc([C@H](C)NC(=O)c2ccc3c(c2)c(C)c(C)n3Cc2ccc(-c3ccccc3C(=O)O)cc2)c1,7.886056647693163,1,IC50,PPARG,CHEMBL235
COc1cccc([C@H](O)COc2ccc(CC3SC(=O)NC3=O)cc2)c1,6.1994917841007755,2,"EC50,IC50",PPARG,CHEMBL235
COc1cccc2c1CCN(S(=O)(=O)c1cccc(C(=O)Nc3ccc(Cl)cc3C(=O)O)c1)C2,5.300000202445418,1,IC50,PPARG,CHEMBL235
COc1cccc2c1c1ccccc1n2CCOc1ccc(C2NC(=O)NC(C)=C2C(=O)O)cc1,6.096910013008056,1,IC50,PPARG,CHEMBL235
COc1cccc2c1ccn2S(=O)(=O)c1cccc(C(=O)Nc2ccc(C)cc2C(=O)O)c1,5.800000874803203,1,IC50,PPARG,CHEMBL235
COc1cccc2c1ccn2S(=O)(=O)c1cccc(C(=O)Nc2ccc(Cl)cc2C(=O)O)c1,5.700000503883016,1,IC50,PPARG,CHEMBL235
COc1cccc2ccc(-c3cc(-c4ccc5cccc(OC)c5c4O)c4cccc(OC)c4c3O)c(O)c12,4.506551460234177,2,"Ki,EC50",PPARG,CHEMBL235
COc1cccc2ccc(-c3ccc(O)c4c(OC)cccc34)c(O)c12,5.180456064458131,1,Ki,PPARG,CHEMBL235
COc1cccc2ccn(S(=O)(=O)c3cccc(C(=O)Nc4ccc(C)cc4C(=O)O)c3)c12,5.300000202445418,1,IC50,PPARG,CHEMBL235
COc1ccccc1-c1ccc(O[C@@H](Cc2ccccc2)C(=O)O)cc1,5.638272163982407,1,EC50,PPARG,CHEMBL235
COc1ccccc1-c1nc(CCOc2ccc(CC(OC)C(=O)O)c3sccc23)c(C)o1,6.03810452633215,1,IC50,PPARG,CHEMBL235
COc1ccccc1C(=O)CN1C(=O)S/C(=C/c2ccc(Br)cc2)C1=O,5.20342566678957,1,EC50,PPARG,CHEMBL235
COc1ccccc1C(=O)N1CCC[C@H]1COc1ccc(C[C@H](Nc2ccccc2C(=O)c2ccccc2)C(=O)O)cc1,6.020001176026261,1,Ki,PPARG,CHEMBL235
COc1ccccc1C(=O)c1ccccc1NC(Cc1ccc(OCCN(C)c2nc3ccccc3o2)cc1)C(=O)O,8.759950227887352,1,Ki,PPARG,CHEMBL235
COc1ccccc1CNC(=O)c1ccc(Cl)c(C(=O)Nc2ccccc2)c1,5.6107073360685185,2,"EC50,IC50",PPARG,CHEMBL235
COc1ccccc1NC(=O)N(CCCCC1CCCCC1)CCc1ccc(SC(C)(C)C(=O)O)cc1,6.494850021680094,1,EC50,PPARG,CHEMBL235
COc1ccccc1OC[C@H](O)CNc1ccc(Cl)cc1C(=O)c1ccccc1,5.619788758288394,1,IC50,PPARG,CHEMBL235
COc1ccccc1Oc1ccc2nc(COc3cccc(C(=O)O)c3)n(C)c2c1.Cl,6.324221658325914,1,EC50,PPARG,CHEMBL235
COc1ccccc1S(=O)(=O)n1c(CCCC(=O)O)cc2cc(C(F)(F)F)ccc21,5.903785414653594,1,EC50,PPARG,CHEMBL235
COc1ccccc1[C@H](C)NC(=O)c1ccc2c(c1)c(C)c(C)n2Cc1ccc(-c2ccccc2)cc1,7.795880017344075,1,IC50,PPARG,CHEMBL235
COc1ccncc1-c1ccc(OCCCOc2ccc3c(c2)CC[C@H]3CC(=O)O)cc1,2.680000000177526,1,EC50,PPARG,CHEMBL235
COc1cncc(Oc2ccc3nc(COc4cccc(C(=O)O)c4)n(C)c3c2)c1,6.636388020107855,1,EC50,PPARG,CHEMBL235
COc1csc(-c2ccc(OCCCOc3ccc4c(c3)CC[C@H]4CC(=O)O)c(OC)c2)n1,1.830000000049389,1,EC50,PPARG,CHEMBL235
COc1csc(-c2ccc(OCCCOc3ccc4c(c3)CC[C@H]4CC(=O)O)cc2)n1,2.4700000001784153,1,EC50,PPARG,CHEMBL235
COc1nc(C)ccc1Oc1ccc2nc(COc3cccc(C(=O)O)c3)n(C)c2c1,6.360513510731414,1,EC50,PPARG,CHEMBL235
COc1nc2ccc([C@@](O)(c3ccccc3)C3CCN(C(C)=O)CC3)cc2c(Cl)c1Cc1ccc(-n2cccn2)cc1,5.267606240177031,1,IC50,PPARG,CHEMBL235
COc1ncc(-c2ccc(OCCCOc3ccc4c(c3)CC[C@H]4CC(=O)O)cc2)c(OC)n1,2.4700000001784153,1,EC50,PPARG,CHEMBL235
COc1ncc(Oc2ccc3nc(COc4cccc(C(=O)O)c4)n(C)c3c2)cc1C,6.501689446210399,1,EC50,PPARG,CHEMBL235
COc1ncccc1Oc1ccc2nc(COc3cccc(C(=O)O)c3)n(C)c2c1,5.9233595563296575,1,EC50,PPARG,CHEMBL235
CS(=O)(=O)Cc1ccc(CNC(=O)c2ccc3[nH]ccc3c2)c(C(F)(F)F)c1,5.6595558851598815,1,EC50,PPARG,CHEMBL235
CS(=O)(=O)Cc1ccc(CNC(=O)c2ccc3c(ccn3C(=O)c3cccc(F)c3)c2)c(C(F)(F)F)c1,5.866461091629782,1,EC50,PPARG,CHEMBL235
CS(=O)(=O)Cc1ccc(CNC(=O)c2ccc3c(ccn3Cc3cccc(F)c3)c2)c(C(F)(F)F)c1,5.8696662315049934,1,EC50,PPARG,CHEMBL235
CS(=O)(=O)Cc1ccc(CNC(=O)c2ccc3c(ccn3Cc3cccc(F)c3)c2)c(Cl)c1,5.669586226650809,1,EC50,PPARG,CHEMBL235
CS(=O)(=O)Cc1ccc(CNC(=O)c2ccc3c(ccn3Cc3cccc(F)c3)c2)c(F)c1,5.790484985457369,1,EC50,PPARG,CHEMBL235
CS(=O)(=O)Cc1ccc(CNC(=O)c2ccc3c(ccn3Cc3cccc(F)c3)c2)cc1,5.450996737974212,1,EC50,PPARG,CHEMBL235
CS(=O)(=O)Cc1ccc(CNC(=O)c2ccc3c(ccn3S(=O)(=O)c3cccc(F)c3)c2)c(C(F)(F)F)c1,6.1006447563189745,3,"EC50,IC50",PPARG,CHEMBL235
CS(=O)(=O)NC(=O)c1cc2ccccc2n1Cc1cccc(C(F)(F)F)c1,6.167491087293763,1,IC50,PPARG,CHEMBL235
CS(=O)(=O)Nc1ccc(CNC(=O)c2ccc3c(ccn3Cc3cccc(F)c3)c2)c(C(F)(F)F)c1,6.3310724815422175,3,"EC50,IC50",PPARG,CHEMBL235
CS(=O)(=O)Oc1ccc(C(=O)OCc2ccc(CC(SCCc3ccc(F)cc3)C(=O)O)cc2)cc1,5.7447274948966935,1,EC50,PPARG,CHEMBL235
CS(=O)(=O)Oc1ccc(CC(=O)OCCCc2ccc(CC(SCCc3ccc(F)cc3)C(=O)O)cc2)cc1,4.7447274948966935,1,EC50,PPARG,CHEMBL235
CS(=O)(=O)Oc1ccc(CC(=O)OCCc2ccc(CC(SCCc3ccc(F)cc3)C(=O)O)cc2)cc1,5.221848749616356,1,EC50,PPARG,CHEMBL235
CS(=O)(=O)Oc1ccc(CC(=O)OCc2ccc(CC(SCCc3ccc(F)cc3)C(=O)O)cc2)cc1,5.769551078621726,1,EC50,PPARG,CHEMBL235
CS(=O)(=O)Oc1ccc(CCCCCC[C@H]2CO[C@@](C)(C(=O)O)OC2)cc1,4.823908740944319,1,EC50,PPARG,CHEMBL235
CS(=O)(=O)c1cc(NS(=O)(=O)c2ccc(Cl)cc2Cl)ccc1Oc1cncc(Cl)c1,6.031743128760553,2,"EC50,IC50",PPARG,CHEMBL235
CS(=O)(=O)c1ccc(/C=C2\SC(=O)N(Cc3cccc(Cl)c3)C2=O)cc1,4.366531544420414,1,Ki,PPARG,CHEMBL235
CS(=O)(=O)c1ccc(/C=C2\SC(=O)N(Cc3ccccc3Br)C2=O)cc1,5.136677139879544,1,Ki,PPARG,CHEMBL235
CS(=O)(=O)c1cnc(C#N)cc1-c1cc(=O)c2c(F)cc(F)cc2[nH]1,9.309803919971486,1,EC50,PPARG,CHEMBL235
CSCCOc1ccc(NC(=O)c2ccc(Cl)cc2Cl)c(C(=O)[O-])c1.[Li+],5.795880017344075,1,Ki,PPARG,CHEMBL235
CSCc1ccc(CNC(=O)c2ccc3c(ccn3Cc3cccc(F)c3)c2)c(C(F)(F)F)c1,5.844663962534938,1,EC50,PPARG,CHEMBL235
CSc1ccc(/C=C2/C(C)=C(CC(=O)O)c3cc(F)ccc32)cc1,6.096910013008056,1,EC50,PPARG,CHEMBL235
CSc1ccc(/C=C2\Oc3cc(OCc4cc(C)c(OC(C)(C)C(=O)O)c(C)c4)ccc3C2=O)cc1,5.764471553092451,1,EC50,PPARG,CHEMBL235
CSc1ccc(C(=O)/C=C/c2cc(C)c(OC(C)(C)C(=O)O)c(C)c2)cc1,5.821237007518747,6,EC50,PPARG,CHEMBL235
CSc1ccc(C(=O)Nc2ccccc2C(=O)Nc2cccc(CC(=O)O)c2)cc1,4.7594507517174005,1,EC50,PPARG,CHEMBL235
CSc1ccc(COc2ccc(C[C@H](Nc3ccccc3C(=O)c3ccccc3)C(=O)O)cc2)cc1,5.620000528471499,1,Ki,PPARG,CHEMBL235
CSc1ccc(N2CC(=O)N(Cc3cc(C)c(OC(C)(C)C(=O)O)c(C)c3)C2=O)cc1,5.930442895417305,1,EC50,PPARG,CHEMBL235
CSc1cnc(C#N)cc1-c1cc(=O)c2c(F)cc(F)cc2[nH]1,8.0,1,EC50,PPARG,CHEMBL235
CSc1nc(NC(Cc2ccc(OCCN(C)c3nc4ccccc4o3)cc2)C(=O)O)c(C(=O)c2ccccc2)s1,7.36997914888659,1,Ki,PPARG,CHEMBL235
CSc1nc(Sc2nnc(-c3cc(C(F)(F)F)cc(C(F)(F)F)c3)[nH]2)cc(Sc2nnc(-c3cc(C(F)(F)F)cc(C(F)(F)F)c3)[nH]2)n1,5.267606240177031,1,EC50,PPARG,CHEMBL235
C[C@@H](NC(=O)c1ccc2c(ccn2Cc2ccc(F)cc2F)c1)c1ccc(Br)cc1,8.045757490560675,1,IC50,PPARG,CHEMBL235
C[C@@H](NC(=O)c1ccc2c(ccn2Cc2ccc(F)cc2F)c1)c1ccc([N+](=O)[O-])cc1,7.508638306165727,1,IC50,PPARG,CHEMBL235
C[C@@H](Oc1cc(Cn2c(=O)n(-c3ccc(C(C)(C)C)cc3)c3ccc(C(F)(F)F)cc32)ccc1Cl)C(=O)O,6.79317412396815,1,IC50,PPARG,CHEMBL235
C[C@@H](Oc1cc(Cn2c(=O)n(-c3nc4ccc(Cl)cc4s3)c3ccc(C(F)(F)F)cc32)ccc1Cl)C(=O)O,5.862013267276469,1,IC50,PPARG,CHEMBL235
C[C@@H](Oc1cc(Cn2c(=O)n(-c3noc4cc(Cl)ccc34)c3ccc(C(F)(F)F)cc32)ccc1Cl)C(=O)O,7.167491087293763,1,IC50,PPARG,CHEMBL235
C[C@@H](Oc1cc(Cn2c(=O)n(-c3noc4ccc(Cl)cc34)c3ccc(C(F)(F)F)cc32)ccc1Cl)C(=O)O,7.450996737974212,1,IC50,PPARG,CHEMBL235
C[C@@H](Oc1cc(Cn2c(=O)n(C(=O)c3ccc(Cl)cc3)c3ccc(C(F)(F)F)cc32)ccc1Cl)C(=O)O,6.5934598195660445,1,IC50,PPARG,CHEMBL235
C[C@@H](Oc1cc(Cn2c(=O)n(Cc3ccc(Cl)cc3)c3ccc(C(F)(F)F)cc32)ccc1Cl)C(=O)O,5.318758762624412,1,IC50,PPARG,CHEMBL235
C[C@@H](Oc1ccc(-c2cccc3ccccc23)cc1)C(=O)O,5.031517051446064,1,EC50,PPARG,CHEMBL235
C[C@@H](Oc1ccc(Cc2ccc(OCc3coc(-c4ccccc4)n3)cc2)cc1)C(=O)O,6.552841968657781,1,EC50,PPARG,CHEMBL235
C[C@@H]1CN(CCOc2cc(CC(=O)O)ccc2Cl)CCN1c1nc2ccc(Cl)cc2s1,7.795880017344075,1,EC50,PPARG,CHEMBL235
C[C@@H]1CN(c2cc(-c3n[nH]c4ccc(OC5(C)CC5)cc34)ncn2)C[C@H](C)O1,5.371094682397459,4,"Ki,IC50",PPARG,CHEMBL235
C[C@@H]1CN(c2nc3ccc(Cl)cc3s2)CCN1CCOc1cc(CC(=O)O)ccc1Cl,6.356547323513812,1,EC50,PPARG,CHEMBL235
C[C@@H]1C[C@H](O)[C@@]2(COC(=O)/C=C/c3ccc(C(F)(F)F)cc3)C(=O)CCC[C@@H]2[C@@]1(C)CCC1=CC(=O)OC1,5.657577319177793,1,IC50,PPARG,CHEMBL235
C[C@@H]1C[C@H](O)[C@@]2(COC(=O)/C=C/c3ccc(F)cc3)C(=O)CCC[C@@H]2[C@@]1(C)CCC1=CC(=O)OC1,5.886056647693163,1,IC50,PPARG,CHEMBL235
C[C@@H]1C[C@H](O)[C@@]2(COC(=O)c3ccc(C(F)(F)F)cc3)C(=O)CCC[C@@H]2[C@@]1(C)CCC1=CC(=O)OC1,6.1249387366083,1,IC50,PPARG,CHEMBL235
C[C@@H]1C[C@H](O)[C@@]2(COC(=O)c3ccc(F)cc3)C(=O)CCC[C@@H]2[C@@]1(C)CCC1=CC(=O)OC1,5.844663962534938,1,IC50,PPARG,CHEMBL235
C[C@@H]1C[C@H](O)[C@@]2(COC(=O)c3ccc(N(C)C)cc3)C(=O)CCC[C@@H]2[C@@]1(C)CCC1=CC(=O)OC1,5.657577319177793,1,IC50,PPARG,CHEMBL235
C[C@@H]1OC(=O)/C(=C/CCCCCCCC/C=C2/C(=O)O[C@@H](C)[C@H]2O)[C@@H]1O,5.572513163136791,2,"Ki,EC50",PPARG,CHEMBL235
C[C@@H]1OC(=O)/C(=C\CCCCCCCC/C=C2/C(=O)O[C@@H](C)[C@H]2O)[C@@H]1O,5.618671969580153,2,"Ki,EC50",PPARG,CHEMBL235
C[C@@](Oc1ccc(-c2cc3ccccc3c3ccccc23)cc1)(C(=O)O)c1ccccc1,5.585026652029182,1,EC50,PPARG,CHEMBL235
C[C@@](Oc1ccc(-c2cccc3ccccc23)cc1)(C(=O)O)c1ccccc1,5.779891911959945,1,EC50,PPARG,CHEMBL235
C[C@@]1(C(=O)O)CCc2ccc(OCCCOc3ccc(OCC(F)(F)F)cc3Cl)cc2O1,5.568636235841012,1,IC50,PPARG,CHEMBL235
C[C@@]1(C(=O)O)CCc2ccc(OCCCOc3ccc(Oc4ccccc4)cc3Cl)cc2O1,5.486529186020485,2,"EC50,IC50",PPARG,CHEMBL235
C[C@H](CCOc1ccc(CCC(=O)O)c(C(F)(F)F)c1)Oc1ccc(Cl)cc1Oc1ccccc1,7.214670164989233,1,IC50,PPARG,CHEMBL235
C[C@H](CCOc1ccc(CCC(=O)O)c(F)c1)Oc1ccc(Cl)cc1Oc1ccccc1,7.200659450546418,1,IC50,PPARG,CHEMBL235
C[C@H](NC(=O)c1ccc2c(ccn2Cc2ccc(-c3ccc(O)cc3)cc2)c1)c1ccc([N+](=O)[O-])cc1,6.522878745280337,1,IC50,PPARG,CHEMBL235
C[C@H](NC(=O)c1ccc2c(ccn2Cc2ccc(-c3ccccc3C(=O)O)cc2)c1)c1ccc(Br)cc1,6.787812395596042,1,IC50,PPARG,CHEMBL235
C[C@H](NC(=O)c1ccc2c(ccn2Cc2ccc(-c3ccccc3C(=O)O)cc2)c1)c1ccc([N+](=O)[O-])cc1,6.189767482004916,1,IC50,PPARG,CHEMBL235
C[C@H](NC(=O)c1ccc2c(ccn2Cc2ccc(F)cc2F)c1)c1ccc(Br)cc1,6.8124792791635365,1,IC50,PPARG,CHEMBL235
C[C@H](NC(=O)c1ccc2c(ccn2Cc2ccc(F)cc2F)c1)c1ccc(F)cc1,7.853871964321762,1,IC50,PPARG,CHEMBL235
C[C@H](NC(=O)c1ccc2c(ccn2Cc2ccc(F)cc2F)c1)c1ccc([N+](=O)[O-])cc1,6.534617148551582,1,IC50,PPARG,CHEMBL235
C[C@H](O)C#CCOc1cc(COc2ccc(C(F)(F)F)cc2)ccc1Sc1ccc(OCC(=O)O)c2c1CCCC2,6.291929484415835,2,"Ki,EC50",PPARG,CHEMBL235
C[C@H](Oc1ccc(-c2cccc3ccccc23)cc1)C(=O)O,4.856985199745905,1,EC50,PPARG,CHEMBL235
C[C@H](Oc1ccc(Cc2ccc(OCc3coc(-c4ccccc4)n3)cc2)cc1)C(=O)O,6.522878745280337,1,EC50,PPARG,CHEMBL235
C[C@H]1CN(CCOc2cc(CC(=O)O)ccc2Cl)CCN1c1nc2ccc(Cl)cc2s1,6.318758762624412,1,EC50,PPARG,CHEMBL235
C[C@H]1CN(c2nc3ccc(C(F)(F)F)cc3s2)CCN1CCOc1cc(CC(=O)O)ccc1Cl,6.050609993355087,1,EC50,PPARG,CHEMBL235
C[C@H]1CN(c2nc3ccc(Cl)cc3s2)CCN1CCOc1cc(CC(=O)O)ccc1Cl,6.096910013008056,1,EC50,PPARG,CHEMBL235
C[C@](Oc1ccc(-c2cccc3ccccc23)cc1)(C(=O)O)c1ccccc1,5.309803919971486,1,EC50,PPARG,CHEMBL235
C[C@]1(C(=O)O)CCc2ccc(OCCCOc3ccc(C4CCC5(CC4)CC5)cc3Cl)cc2O1,5.346787486224656,1,IC50,PPARG,CHEMBL235
C[C@]1(C(=O)O)CCc2ccc(OCCCOc3ccc(C4CCCC4)cc3Cl)cc2O1,5.42021640338319,1,IC50,PPARG,CHEMBL235
C[C@]1(C(=O)O)CCc2ccc(OCCCOc3ccc(C4CCCCC4)cc3Cl)cc2O1,5.236572006437063,1,IC50,PPARG,CHEMBL235
C[C@]1(C(=O)O)CCc2ccc(OCCCOc3ccc(OCC(F)(F)F)cc3Cl)cc2O1,5.221848749616356,1,IC50,PPARG,CHEMBL235
C[C@]1(C(=O)O)CCc2ccc(OCCCOc3ccc(OCC4CCC4)cc3Cl)cc2O1,5.698970004336019,1,IC50,PPARG,CHEMBL235
C[C@]1(C(=O)O)CCc2ccc(OCCCOc3ccc(Oc4ccc(F)cc4)cc3Cl)cc2O1,6.045757490560675,1,IC50,PPARG,CHEMBL235
C[C@]1(C(=O)O)CCc2ccc(OCCCOc3ccc(Oc4ccccc4)cc3Cl)cc2O1,6.849485002168009,2,"EC50,IC50",PPARG,CHEMBL235
C[C@]1(c2cccc(Cn3c(=O)n(-c4noc5cc(Cl)ccc45)c4ccccc43)c2)OC(=O)NC1=O,7.308918507877031,1,IC50,PPARG,CHEMBL235
Cc1[nH]c(-c2ccccc2)nc1CCOc1ccc(C[C@H](Nc2ccccc2C(=O)c2ccccc2)C(=O)O)cc1,8.590066876668706,1,Ki,PPARG,CHEMBL235
Cc1c(-c2ccc(Cl)cc2)cccc1N(CC1CC1)S(=O)(=O)c1ccc(OC(C)C(=O)O)c(C)c1C,5.100000128334196,1,IC50,PPARG,CHEMBL235
Cc1c(-c2ccc(Cl)cc2)cccc1N(CC1CCC1)S(=O)(=O)c1ccc(OC(C)C(=O)O)c(C)c1C,5.200000237109354,1,IC50,PPARG,CHEMBL235
Cc1c(-c2ccc(Cl)cc2)cccc1N(CCCC(F)(F)F)S(=O)(=O)c1ccc(OC(C)C(=O)O)c(C)c1C,5.300000202445418,1,IC50,PPARG,CHEMBL235
Cc1c(Br)ccc(Nc2cc(Cl)nc(SCC(=O)O)n2)c1C,4.2839966563652006,1,EC50,PPARG,CHEMBL235
Cc1c(C(=O)c2ccc(Cl)cc2)c2ccc(OC(F)(F)F)cc2n1Cc1cccc(OC2(C(=O)O)CCC2)c1,7.795880017344075,1,IC50,PPARG,CHEMBL235
Cc1c(C(=O)c2ccc(Cl)cc2)c2ccc(OC(F)(F)F)cc2n1Cc1cccc(OCC(=O)O)c1,8.698970004336019,1,IC50,PPARG,CHEMBL235
Cc1c(C(=O)c2ccc(Cl)cc2)c2ccc(OC(F)(F)F)cc2n1Cc1cccc(O[C@@H](C(=O)O)C(C)C)c1,8.0,1,IC50,PPARG,CHEMBL235
Cc1c(C(=O)c2ccc(Cl)cc2)c2ccc(OC(F)(F)F)cc2n1Cc1cccc(O[C@@H](C)C(=O)O)c1,9.0,2,IC50,PPARG,CHEMBL235
Cc1c(C(=O)c2ccc(Cl)cc2)c2ccc(OC(F)(F)F)cc2n1Cc1cccc(O[C@H](C(=O)O)C(C)C)c1,7.769551078621726,1,IC50,PPARG,CHEMBL235
Cc1c(C(=O)c2ccc(Cl)cc2)c2ccc(OC(F)(F)F)cc2n1Cc1cccc(O[C@H](C)C(=O)O)c1,7.958607314841775,1,IC50,PPARG,CHEMBL235
Cc1c(C)c2c(c(C)c1O)CCC(C)(COc1ccc(CC3SC(=O)NC3=O)cc1)O2,6.134498773073579,25,"Ki,EC50,IC50",PPARG,CHEMBL235
Cc1c(C)c2c(c(C)c1O)CCC(C)(COc1ccc(C[C@H](Nc3ccccc3C(=O)c3ccccc3)C(=O)O)cc1)O2,8.280006173632396,1,Ki,PPARG,CHEMBL235
Cc1c(C)n(C(C)c2cccc(O[C@@H](C)C(=O)O)c2)c2ccc(C(=O)N[C@@H](C)c3ccc(C(C)(C)C)cc3)cc12,6.5934598195660445,1,IC50,PPARG,CHEMBL235
Cc1c(C)n(C(C)c2cccc(O[C@@H](C)C(=O)O)c2)c2ccc(C(=O)N[C@@H](C)c3cccc(C4CC4)c3)cc12,7.013228265733755,1,IC50,PPARG,CHEMBL235
Cc1c(C)n(Cc2cc(Cl)cc(O[C@@H](C)C(=O)O)c2)c2ccc(C(=O)N[C@@H](C)c3ccc(C(C)(C)C)cc3)cc12,7.6020599913279625,1,IC50,PPARG,CHEMBL235
Cc1c(C)n(Cc2cc(Cl)cc(O[C@@H](C)C(=O)O)c2)c2ccc(C(=O)N[C@@H](C)c3cccc(C4CC4)c3)cc12,7.119186407719209,1,IC50,PPARG,CHEMBL235
Cc1c(C)n(Cc2cc(O[C@@H](C)C(=O)O)ccc2Cl)c2ccc(C(=O)N[C@@H](C)c3ccc(Br)cc3)cc12,9.522878745280337,1,IC50,PPARG,CHEMBL235
Cc1c(C)n(Cc2cc(O[C@@H](C)C(=O)O)ccc2Cl)c2ccc(C(=O)N[C@@H](C)c3ccc(C(C)(C)C)cc3)cc12,8.259996528521425,2,IC50,PPARG,CHEMBL235
Cc1c(C)n(Cc2cc(O[C@@H](C)C(=O)O)ccc2Cl)c2ccc(C(=O)N[C@@H](C)c3cccc(C(C)(C)C)c3)cc12,8.795880017344075,1,IC50,PPARG,CHEMBL235
Cc1c(C)n(Cc2cc(O[C@@H](C)C(=O)O)ccc2Cl)c2ccc(C(=O)N[C@@H](C)c3cccc(C(C)C)c3)cc12,10.221848749616356,1,IC50,PPARG,CHEMBL235
Cc1c(C)n(Cc2cc(O[C@@H](C)C(=O)O)ccc2Cl)c2ccc(C(=O)N[C@@H](C)c3cccc(C4CC4)c3)cc12,9.221848749616356,1,IC50,PPARG,CHEMBL235
Cc1c(C)n(Cc2cc(O[C@@H](C)C(=O)O)ccc2Cl)c2ccc(C(=O)N[C@@H](C)c3cccc(OC(C)C)c3)cc12,8.301029995663981,1,IC50,PPARG,CHEMBL235
Cc1c(C)n(Cc2cc(O[C@@H](C)C(=O)O)ccc2F)c2ccc(C(=O)N[C@@H](C)c3ccc(C(C)(C)C)cc3)cc12,8.0,1,IC50,PPARG,CHEMBL235
Cc1c(C)n(Cc2ccc(-c3ccccc3)cc2)c2ccc(C(=O)NC(C)(C)c3ccc(Br)cc3)cc12,9.0,1,IC50,PPARG,CHEMBL235
Cc1c(C)n(Cc2ccc(-c3ccccc3)cc2)c2ccc(C(=O)NCc3ccc(Cl)cc3C(F)(F)F)cc12,8.698970004336019,1,IC50,PPARG,CHEMBL235
Cc1c(C)n(Cc2ccc(-c3ccccc3)cc2)c2ccc(C(=O)NCc3ccc(F)cc3F)cc12,7.721246399047171,1,IC50,PPARG,CHEMBL235
Cc1c(C)n(Cc2ccc(-c3ccccc3)cc2)c2ccc(C(=O)NCc3cccc(C(C)C)c3)cc12,8.301029995663981,1,IC50,PPARG,CHEMBL235
Cc1c(C)n(Cc2ccc(-c3ccccc3)cc2)c2ccc(C(=O)N[C@@H](C)[C@@H]3CCCN3C(=O)OCc3ccccc3)cc12,6.928117992693874,1,IC50,PPARG,CHEMBL235
Cc1c(C)n(Cc2ccc(-c3ccccc3)cc2)c2ccc(C(=O)N[C@@H](C)[C@@H]3CCN(C(=O)OCc4ccccc4)C3)cc12,7.236572006437063,1,IC50,PPARG,CHEMBL235
Cc1c(C)n(Cc2ccc(-c3ccccc3)cc2)c2ccc(C(=O)N[C@@H](C)[C@H]3CCCN3C(=O)OCc3ccccc3)cc12,7.698970004336019,1,IC50,PPARG,CHEMBL235
Cc1c(C)n(Cc2ccc(-c3ccccc3)cc2)c2ccc(C(=O)N[C@@H](C)c3c(Cl)cccc3Cl)cc12,7.292429823902063,1,IC50,PPARG,CHEMBL235
Cc1c(C)n(Cc2ccc(-c3ccccc3)cc2)c2ccc(C(=O)N[C@@H](C)c3c(F)ccc(F)c3F)cc12,7.769551078621726,1,IC50,PPARG,CHEMBL235
Cc1c(C)n(Cc2ccc(-c3ccccc3)cc2)c2ccc(C(=O)N[C@@H](C)c3cc(C(F)(F)F)ccc3C(F)(F)F)cc12,8.045757490560675,1,IC50,PPARG,CHEMBL235
Cc1c(C)n(Cc2ccc(-c3ccccc3)cc2)c2ccc(C(=O)N[C@@H](C)c3cc(F)ccc3C(F)(F)F)cc12,7.2441251443275085,1,IC50,PPARG,CHEMBL235
Cc1c(C)n(Cc2ccc(-c3ccccc3)cc2)c2ccc(C(=O)N[C@@H](C)c3ccc(C(C)(C)C)cc3)cc12,8.301029995663981,1,IC50,PPARG,CHEMBL235
Cc1c(C)n(Cc2ccc(-c3ccccc3)cc2)c2ccc(C(=O)N[C@@H](C)c3ccc(C(C)C)cc3)cc12,8.096910013008056,1,IC50,PPARG,CHEMBL235
Cc1c(C)n(Cc2ccc(-c3ccccc3)cc2)c2ccc(C(=O)N[C@@H](C)c3ccc(C(F)(F)F)c(F)c3)cc12,7.275724130399211,1,IC50,PPARG,CHEMBL235
Cc1c(C)n(Cc2ccc(-c3ccccc3)cc2)c2ccc(C(=O)N[C@@H](C)c3ccc(C(F)(F)F)cc3)cc12,7.214670164989233,1,IC50,PPARG,CHEMBL235
Cc1c(C)n(Cc2ccc(-c3ccccc3)cc2)c2ccc(C(=O)N[C@@H](C)c3ccc(F)c(F)c3)cc12,8.045757490560675,1,IC50,PPARG,CHEMBL235
Cc1c(C)n(Cc2ccc(-c3ccccc3)cc2)c2ccc(C(=O)N[C@@H](C)c3ccc(F)cc3C(F)(F)F)cc12,7.443697499232712,1,IC50,PPARG,CHEMBL235
Cc1c(C)n(Cc2ccc(-c3ccccc3)cc2)c2ccc(C(=O)N[C@@H](C)c3ccc(F)cc3F)cc12,8.301029995663981,1,IC50,PPARG,CHEMBL235
Cc1c(C)n(Cc2ccc(-c3ccccc3)cc2)c2ccc(C(=O)N[C@@H](C)c3ccc(OC(F)(F)F)cc3)cc12,7.552841968657781,1,IC50,PPARG,CHEMBL235
Cc1c(C)n(Cc2ccc(-c3ccccc3)cc2)c2ccc(C(=O)N[C@@H](C)c3cccc(C(C)(C)C)c3)cc12,7.187086643357144,1,IC50,PPARG,CHEMBL235
Cc1c(C)n(Cc2ccc(-c3ccccc3)cc2)c2ccc(C(=O)N[C@@H](C)c3cccc(C(C)C)c3)cc12,7.522878745280337,1,IC50,PPARG,CHEMBL235
Cc1c(C)n(Cc2ccc(-c3ccccc3)cc2)c2ccc(C(=O)N[C@@H](C)c3cccc(C(F)(F)F)c3)cc12,7.4089353929735005,1,IC50,PPARG,CHEMBL235
Cc1c(C)n(Cc2ccc(-c3ccccc3)cc2)c2ccc(C(=O)N[C@@H](C)c3cccc(C(F)(F)F)c3Cl)cc12,6.987162775294828,1,IC50,PPARG,CHEMBL235
Cc1c(C)n(Cc2ccc(-c3ccccc3)cc2)c2ccc(C(=O)N[C@@H](C)c3cccc(Cl)c3)cc12,8.522878745280337,1,IC50,PPARG,CHEMBL235
Cc1c(C)n(Cc2ccc(-c3ccccc3)cc2)c2ccc(C(=O)N[C@@H](C)c3cccc(Cl)c3F)cc12,7.7447274948966935,1,IC50,PPARG,CHEMBL235
Cc1c(C)n(Cc2ccc(-c3ccccc3)cc2)c2ccc(C(=O)N[C@@H](C)c3cccc(F)c3)cc12,8.096910013008056,1,IC50,PPARG,CHEMBL235
Cc1c(C)n(Cc2ccc(-c3ccccc3)cc2)c2ccc(C(=O)N[C@@H](C)c3cccc(F)c3Cl)cc12,8.397940008672037,1,IC50,PPARG,CHEMBL235
Cc1c(C)n(Cc2ccc(-c3ccccc3)cc2)c2ccc(C(=O)N[C@@H](C)c3cccc(F)c3F)cc12,8.045757490560675,1,IC50,PPARG,CHEMBL235
Cc1c(C)n(Cc2ccc(-c3ccccc3)cc2)c2ccc(C(=O)N[C@@H](C)c3cccc4c3OCO4)cc12,8.0,1,IC50,PPARG,CHEMBL235
Cc1c(C)n(Cc2ccc(-c3ccccc3)cc2)c2ccc(C(=O)N[C@@H](C)c3cccc4ccccc34)cc12,6.59176003468815,1,IC50,PPARG,CHEMBL235
Cc1c(C)n(Cc2ccc(-c3ccccc3)cc2)c2ccc(C(=O)N[C@@H](C)c3ccccc3F)cc12,8.154901959985743,1,IC50,PPARG,CHEMBL235
Cc1c(C)n(Cc2ccc(-c3ccccc3)cc2)c2ccc(C(=O)N[C@@H](C)c3ccccn3)cc12,8.698970004336019,1,IC50,PPARG,CHEMBL235
Cc1c(C)n(Cc2ccc(-c3ccccc3)cc2)c2ccc(C(=O)N[C@@H](C)c3ccnc4ccccc34)cc12,8.221848749616356,1,IC50,PPARG,CHEMBL235
Cc1c(C)n(Cc2ccc(-c3ccccc3)cc2)c2ccc(C(=O)N[C@@H](C)c3ccncc3Cl)cc12,7.3872161432802645,1,IC50,PPARG,CHEMBL235
Cc1c(C)n(Cc2ccc(-c3ccccc3)cc2)c2ccc(C(=O)N[C@@H](CC(C)C)c3cccc(C(C)C)c3)cc12,5.912928794093465,1,IC50,PPARG,CHEMBL235
Cc1c(C)n(Cc2ccc(-c3ccccc3)cc2)c2ccc(C(=O)N[C@@H](Cc3ccccc3)c3cccc(C(C)C)c3)cc12,7.013228265733755,1,IC50,PPARG,CHEMBL235
Cc1c(C)n(Cc2ccc(-c3ccccc3)cc2)c2ccc(C(=O)N[C@H](C)c3c(Cl)cccc3Cl)cc12,7.522878745280337,1,IC50,PPARG,CHEMBL235
Cc1c(C)n(Cc2ccc(-c3ccccc3)cc2)c2ccc(C(=O)N[C@H](C)c3c(F)ccc(F)c3F)cc12,8.522878745280337,1,IC50,PPARG,CHEMBL235
Cc1c(C)n(Cc2ccc(-c3ccccc3)cc2)c2ccc(C(=O)N[C@H](C)c3cc(C(F)(F)F)ccc3C(F)(F)F)cc12,8.397940008672037,1,IC50,PPARG,CHEMBL235
Cc1c(C)n(Cc2ccc(-c3ccccc3)cc2)c2ccc(C(=O)N[C@H](C)c3cc(F)ccc3C(F)(F)F)cc12,7.769551078621726,1,IC50,PPARG,CHEMBL235
Cc1c(C)n(Cc2ccc(-c3ccccc3)cc2)c2ccc(C(=O)N[C@H](C)c3cccc(C(F)(F)F)c3Cl)cc12,8.698970004336019,1,IC50,PPARG,CHEMBL235
Cc1c(C)n(Cc2ccc(-c3ccccc3)cc2)c2ccc(C(=O)N[C@H](C)c3cccc(Cl)c3Cl)cc12,8.301029995663981,1,IC50,PPARG,CHEMBL235
Cc1c(C)n(Cc2ccc(-c3ccccc3)cc2)c2ccc(C(=O)N[C@H](C)c3ccnc4ccccc34)cc12,6.290730039024169,1,IC50,PPARG,CHEMBL235
Cc1c(C)n(Cc2ccc(-c3ccccc3)cc2)c2ccc(C(=O)N[C@H](C)c3ccncc3)cc12,7.958607314841775,1,IC50,PPARG,CHEMBL235
Cc1c(C)n(Cc2ccc(-c3ccccc3)cc2)c2ccc(C(=O)N[C@H](c3cccc(C(C)C)c3)C(C)C)cc12,7.096910013008056,1,IC50,PPARG,CHEMBL235
Cc1c(C)n(Cc2ccc(-c3ccccc3)cc2)c2ccc(C(=O)N[C@H](c3cccc(C(C)C)c3)C(F)(F)F)cc12,7.769551078621726,1,IC50,PPARG,CHEMBL235
Cc1c(C)n(Cc2ccc(-c3ccccc3)cc2)c2ccc(C(=O)N[C@H](c3cccc(C(C)C)c3)C3CC3)cc12,8.096910013008056,1,IC50,PPARG,CHEMBL235
Cc1c(C)n(Cc2ccc(-c3ccccc3-c3n[nH]c(=O)o3)cc2)c2ccc(C(=O)N[C@@H](C)c3cccc(C(C)C)c3)cc12,8.154901959985743,1,IC50,PPARG,CHEMBL235
Cc1c(C)n(Cc2ccc(-c3ccccc3-c3nn[nH]n3)cc2)c2ccc(C(=O)N[C@@H](C)c3cccc(C(C)C)c3)cc12,7.657577319177793,1,IC50,PPARG,CHEMBL235
Cc1c(C)n(Cc2ccc(-c3ccccc3-c3nnn[nH]3)cc2)c2ccc(C(=O)N[C@@H](C)c3cccc(C4CC4)c3)cc12,8.0,1,IC50,PPARG,CHEMBL235
Cc1c(C)n(Cc2ccc(-c3ccccc3-c3noc(=O)[nH]3)cc2)c2ccc(C(=O)N[C@@H](C)c3cccc(C(C)C)c3)cc12,7.3979400086720375,1,IC50,PPARG,CHEMBL235
Cc1c(C)n(Cc2ccc(-c3ccccc3C#N)cc2)c2ccc(C(=O)N[C@@H](C)c3ccc(Br)cc3)cc12,7.3979400086720375,1,IC50,PPARG,CHEMBL235
Cc1c(C)n(Cc2ccc(-c3ccccc3C#N)cc2)c2ccc(C(=O)N[C@@H](C)c3ccc(OC(C)C)cc3)cc12,6.092588639225414,1,IC50,PPARG,CHEMBL235
Cc1c(C)n(Cc2ccc(-c3ccccc3C(=O)N(C)C)cc2)c2ccc(C(=O)N[C@@H](C)c3cccc(C(C)C)c3)cc12,6.8297382846050425,1,IC50,PPARG,CHEMBL235
Cc1c(C)n(Cc2ccc(-c3ccccc3C(=O)NC3CC3)cc2)c2ccc(C(=O)N[C@@H](C)c3cccc(C(C)C)c3)cc12,7.026872146400302,1,IC50,PPARG,CHEMBL235
Cc1c(C)n(Cc2ccc(-c3ccccc3C(=O)NCCO)cc2)c2ccc(C(=O)N[C@@H](C)c3cccc(C(C)C)c3)cc12,6.221848749616356,1,IC50,PPARG,CHEMBL235
Cc1c(C)n(Cc2ccc(-c3ccccc3C(=O)NO)cc2)c2ccc(C(=O)N[C@@H](C)c3cccc(C(C)C)c3)cc12,7.113509274827518,1,IC50,PPARG,CHEMBL235
Cc1c(C)n(Cc2ccc(-c3ccccc3C(=O)NS(C)(=O)=O)cc2)c2ccc(C(=O)N[C@@H](C)c3cccc(C(C)C)c3)cc12,6.54515513999149,1,IC50,PPARG,CHEMBL235
Cc1c(C)n(Cc2ccc(-c3ccccc3C(=O)O)cc2)c2ccc(C(=O)N(C)Cc3ccccc3)cc12,6.686132779630847,1,IC50,PPARG,CHEMBL235
Cc1c(C)n(Cc2ccc(-c3ccccc3C(=O)O)cc2)c2ccc(C(=O)NC(C)(C)c3ccccc3)cc12,9.301029995663981,1,IC50,PPARG,CHEMBL235
Cc1c(C)n(Cc2ccc(-c3ccccc3C(=O)O)cc2)c2ccc(C(=O)NC(C)CCc3ccccc3)cc12,8.522878745280337,1,IC50,PPARG,CHEMBL235
Cc1c(C)n(Cc2ccc(-c3ccccc3C(=O)O)cc2)c2ccc(C(=O)NC(C)c3cccc4ccccc34)cc12,8.698970004336019,1,IC50,PPARG,CHEMBL235
Cc1c(C)n(Cc2ccc(-c3ccccc3C(=O)O)cc2)c2ccc(C(=O)NC(C)c3cncc(Br)c3)cc12,8.096910013008056,1,IC50,PPARG,CHEMBL235
Cc1c(C)n(Cc2ccc(-c3ccccc3C(=O)O)cc2)c2ccc(C(=O)NC(C)c3cncc(C4CC4)c3)cc12,7.721246399047171,1,IC50,PPARG,CHEMBL235
Cc1c(C)n(Cc2ccc(-c3ccccc3C(=O)O)cc2)c2ccc(C(=O)NC(c3ccccc3)c3ccccc3)cc12,8.05668443468612,3,"EC50,IC50",PPARG,CHEMBL235
Cc1c(C)n(Cc2ccc(-c3ccccc3C(=O)O)cc2)c2ccc(C(=O)NC3CCC3)cc12,6.74550004305359,3,"EC50,IC50",PPARG,CHEMBL235
Cc1c(C)n(Cc2ccc(-c3ccccc3C(=O)O)cc2)c2ccc(C(=O)NC3CCCC3)cc12,7.6020599913279625,1,IC50,PPARG,CHEMBL235
Cc1c(C)n(Cc2ccc(-c3ccccc3C(=O)O)cc2)c2ccc(C(=O)NC3CCNCC3)cc12,4.438033692677703,2,"Ki,IC50",PPARG,CHEMBL235
Cc1c(C)n(Cc2ccc(-c3ccccc3C(=O)O)cc2)c2ccc(C(=O)NC3COc4ccccc4C3)cc12,7.828788659588897,2,IC50,PPARG,CHEMBL235
Cc1c(C)n(Cc2ccc(-c3ccccc3C(=O)O)cc2)c2ccc(C(=O)NCC(=O)c3ccccc3)cc12,6.61261017366127,1,IC50,PPARG,CHEMBL235
Cc1c(C)n(Cc2ccc(-c3ccccc3C(=O)O)cc2)c2ccc(C(=O)NCC3CCCCC3)cc12,6.987652587879715,3,"EC50,IC50",PPARG,CHEMBL235
Cc1c(C)n(Cc2ccc(-c3ccccc3C(=O)O)cc2)c2ccc(C(=O)NCC3CCNCC3)cc12,4.970280168843312,2,"Ki,IC50",PPARG,CHEMBL235
Cc1c(C)n(Cc2ccc(-c3ccccc3C(=O)O)cc2)c2ccc(C(=O)NCC3COc4ccccc4C3)cc12,7.769551078621726,1,IC50,PPARG,CHEMBL235
Cc1c(C)n(Cc2ccc(-c3ccccc3C(=O)O)cc2)c2ccc(C(=O)NCC3COc4ccccc4O3)cc12,7.958607314841775,1,IC50,PPARG,CHEMBL235
Cc1c(C)n(Cc2ccc(-c3ccccc3C(=O)O)cc2)c2ccc(C(=O)NCCCc3ccccc3)cc12,7.7447274948966935,1,IC50,PPARG,CHEMBL235
Cc1c(C)n(Cc2ccc(-c3ccccc3C(=O)O)cc2)c2ccc(C(=O)NCCc3ccc(O)cc3)cc12,7.369487583003801,2,"Ki,IC50",PPARG,CHEMBL235
Cc1c(C)n(Cc2ccc(-c3ccccc3C(=O)O)cc2)c2ccc(C(=O)NC[C@H](C)c3ccccc3)cc12,7.119186407719209,1,IC50,PPARG,CHEMBL235
Cc1c(C)n(Cc2ccc(-c3ccccc3C(=O)O)cc2)c2ccc(C(=O)NCc3ccc(-c4ccccc4)cc3)cc12,6.607303046740334,1,IC50,PPARG,CHEMBL235
Cc1c(C)n(Cc2ccc(-c3ccccc3C(=O)O)cc2)c2ccc(C(=O)NCc3ccc(Br)cc3)cc12,7.331698075672104,3,"EC50,IC50",PPARG,CHEMBL235
Cc1c(C)n(Cc2ccc(-c3ccccc3C(=O)O)cc2)c2ccc(C(=O)NCc3ccc(C(C)(C)C)cc3)cc12,6.419442215668222,3,"EC50,IC50",PPARG,CHEMBL235
Cc1c(C)n(Cc2ccc(-c3ccccc3C(=O)O)cc2)c2ccc(C(=O)NCc3ccc(C(C)C)cc3)cc12,7.638272163982407,1,IC50,PPARG,CHEMBL235
Cc1c(C)n(Cc2ccc(-c3ccccc3C(=O)O)cc2)c2ccc(C(=O)NCc3ccc(C(F)(F)F)cc3)cc12,6.681936665037238,1,IC50,PPARG,CHEMBL235
Cc1c(C)n(Cc2ccc(-c3ccccc3C(=O)O)cc2)c2ccc(C(=O)NCc3ccc(Cl)cc3)cc12,8.397940008672037,1,IC50,PPARG,CHEMBL235
Cc1c(C)n(Cc2ccc(-c3ccccc3C(=O)O)cc2)c2ccc(C(=O)NCc3ccc(F)c(F)c3)cc12,7.508638306165727,1,IC50,PPARG,CHEMBL235
Cc1c(C)n(Cc2ccc(-c3ccccc3C(=O)O)cc2)c2ccc(C(=O)NCc3ccc(F)cc3)cc12,8.301029995663981,1,IC50,PPARG,CHEMBL235
Cc1c(C)n(Cc2ccc(-c3ccccc3C(=O)O)cc2)c2ccc(C(=O)NCc3ccc(I)cc3)cc12,8.397940008672037,1,IC50,PPARG,CHEMBL235
Cc1c(C)n(Cc2ccc(-c3ccccc3C(=O)O)cc2)c2ccc(C(=O)NCc3ccc(N(C)C)cc3)cc12,7.886056647693163,1,IC50,PPARG,CHEMBL235
Cc1c(C)n(Cc2ccc(-c3ccccc3C(=O)O)cc2)c2ccc(C(=O)NCc3ccc(N)cc3)cc12,8.397940008672037,1,IC50,PPARG,CHEMBL235
Cc1c(C)n(Cc2ccc(-c3ccccc3C(=O)O)cc2)c2ccc(C(=O)NCc3ccc(S(C)(=O)=O)cc3)cc12,6.257274868695301,1,IC50,PPARG,CHEMBL235
Cc1c(C)n(Cc2ccc(-c3ccccc3C(=O)O)cc2)c2ccc(C(=O)NCc3ccc(S(N)(=O)=O)cc3)cc12,6.5471114416410545,3,"Ki,IC50",PPARG,CHEMBL235
Cc1c(C)n(Cc2ccc(-c3ccccc3C(=O)O)cc2)c2ccc(C(=O)NCc3ccc([N+](=O)[O-])cc3)cc12,6.904011179349524,3,"EC50,IC50",PPARG,CHEMBL235
Cc1c(C)n(Cc2ccc(-c3ccccc3C(=O)O)cc2)c2ccc(C(=O)NCc3ccc4c(c3)OCO4)cc12,7.742071185006268,3,"Ki,IC50",PPARG,CHEMBL235
Cc1c(C)n(Cc2ccc(-c3ccccc3C(=O)O)cc2)c2ccc(C(=O)NCc3cccc(C(C)C)c3)cc12,7.588589177348448,2,"EC50,IC50",PPARG,CHEMBL235
Cc1c(C)n(Cc2ccc(-c3ccccc3C(=O)O)cc2)c2ccc(C(=O)NCc3cccc(C(F)(F)F)c3)cc12,6.718966632752272,1,IC50,PPARG,CHEMBL235
Cc1c(C)n(Cc2ccc(-c3ccccc3C(=O)O)cc2)c2ccc(C(=O)NCc3cccc(Cl)c3)cc12,8.698970004336019,1,IC50,PPARG,CHEMBL235
Cc1c(C)n(Cc2ccc(-c3ccccc3C(=O)O)cc2)c2ccc(C(=O)NCc3cccc(N)c3)cc12,7.886056647693163,1,IC50,PPARG,CHEMBL235
Cc1c(C)n(Cc2ccc(-c3ccccc3C(=O)O)cc2)c2ccc(C(=O)NCc3cccc(OC(F)(F)F)c3)cc12,6.804100347590767,1,IC50,PPARG,CHEMBL235
Cc1c(C)n(Cc2ccc(-c3ccccc3C(=O)O)cc2)c2ccc(C(=O)NCc3cccc(OCC(=O)O)c3)cc12,7.232226360411666,2,"Ki,IC50",PPARG,CHEMBL235
Cc1c(C)n(Cc2ccc(-c3ccccc3C(=O)O)cc2)c2ccc(C(=O)NCc3cccc(S(C)(=O)=O)c3)cc12,6.638272163982407,1,IC50,PPARG,CHEMBL235
Cc1c(C)n(Cc2ccc(-c3ccccc3C(=O)O)cc2)c2ccc(C(=O)NCc3cccc([N+](=O)[O-])c3)cc12,7.161022730377329,3,"EC50,IC50",PPARG,CHEMBL235
Cc1c(C)n(Cc2ccc(-c3ccccc3C(=O)O)cc2)c2ccc(C(=O)NCc3cccc4ccccc34)cc12,7.1938200260161125,1,IC50,PPARG,CHEMBL235
Cc1c(C)n(Cc2ccc(-c3ccccc3C(=O)O)cc2)c2ccc(C(=O)NCc3ccccc3)cc12,7.97752372214015,4,"EC50,IC50",PPARG,CHEMBL235
Cc1c(C)n(Cc2ccc(-c3ccccc3C(=O)O)cc2)c2ccc(C(=O)NCc3ccccc3Br)cc12,7.769551078621726,1,IC50,PPARG,CHEMBL235
Cc1c(C)n(Cc2ccc(-c3ccccc3C(=O)O)cc2)c2ccc(C(=O)NCc3ccccc3Cl)cc12,8.221848749616356,1,IC50,PPARG,CHEMBL235
Cc1c(C)n(Cc2ccc(-c3ccccc3C(=O)O)cc2)c2ccc(C(=O)NCc3ccccc3N)cc12,6.862078780671624,3,"EC50,IC50",PPARG,CHEMBL235
Cc1c(C)n(Cc2ccc(-c3ccccc3C(=O)O)cc2)c2ccc(C(=O)NCc3ccccc3[N+](=O)[O-])cc12,7.1066588309308925,3,"EC50,IC50",PPARG,CHEMBL235
Cc1c(C)n(Cc2ccc(-c3ccccc3C(=O)O)cc2)c2ccc(C(=O)NCc3ccccn3)cc12,7.518578659399378,2,"Ki,IC50",PPARG,CHEMBL235
Cc1c(C)n(Cc2ccc(-c3ccccc3C(=O)O)cc2)c2ccc(C(=O)NCc3cccnc3)cc12,6.313691266910521,2,"Ki,IC50",PPARG,CHEMBL235
Cc1c(C)n(Cc2ccc(-c3ccccc3C(=O)O)cc2)c2ccc(C(=O)NCc3cccs3)cc12,8.235914642881175,3,"EC50,IC50",PPARG,CHEMBL235
Cc1c(C)n(Cc2ccc(-c3ccccc3C(=O)O)cc2)c2ccc(C(=O)N[C@@H](C)C3CCCCC3)cc12,8.397940008672037,1,IC50,PPARG,CHEMBL235
Cc1c(C)n(Cc2ccc(-c3ccccc3C(=O)O)cc2)c2ccc(C(=O)N[C@@H](C)C3CCN(C(=O)NCc4ccccc4)CC3)cc12,6.094204119632131,1,IC50,PPARG,CHEMBL235
Cc1c(C)n(Cc2ccc(-c3ccccc3C(=O)O)cc2)c2ccc(C(=O)N[C@@H](C)C3CCN(C(=O)OCc4ccccc4)CC3)cc12,7.455931955649724,1,IC50,PPARG,CHEMBL235
Cc1c(C)n(Cc2ccc(-c3ccccc3C(=O)O)cc2)c2ccc(C(=O)N[C@@H](C)C3COc4ccccc4O3)cc12,7.6020599913279625,1,IC50,PPARG,CHEMBL235
Cc1c(C)n(Cc2ccc(-c3ccccc3C(=O)O)cc2)c2ccc(C(=O)N[C@@H](C)c3c(F)cccc3C(F)(F)F)cc12,8.045757490560675,1,IC50,PPARG,CHEMBL235
Cc1c(C)n(Cc2ccc(-c3ccccc3C(=O)O)cc2)c2ccc(C(=O)N[C@@H](C)c3c(F)cncc3F)cc12,7.481486060122112,1,IC50,PPARG,CHEMBL235
Cc1c(C)n(Cc2ccc(-c3ccccc3C(=O)O)cc2)c2ccc(C(=O)N[C@@H](C)c3cc(C(F)(F)F)ccc3Cl)cc12,8.522878745280337,1,IC50,PPARG,CHEMBL235
Cc1c(C)n(Cc2ccc(-c3ccccc3C(=O)O)cc2)c2ccc(C(=O)N[C@@H](C)c3cc(C(F)(F)F)ccc3F)cc12,7.958607314841775,1,IC50,PPARG,CHEMBL235
Cc1c(C)n(Cc2ccc(-c3ccccc3C(=O)O)cc2)c2ccc(C(=O)N[C@@H](C)c3cc(C4CC4)ccn3)cc12,8.096910013008056,1,IC50,PPARG,CHEMBL235
Cc1c(C)n(Cc2ccc(-c3ccccc3C(=O)O)cc2)c2ccc(C(=O)N[C@@H](C)c3cc(Cl)cc(Cl)c3)cc12,7.823908740944319,1,IC50,PPARG,CHEMBL235
Cc1c(C)n(Cc2ccc(-c3ccccc3C(=O)O)cc2)c2ccc(C(=O)N[C@@H](C)c3cc(Cl)ccn3)cc12,8.397940008672037,1,IC50,PPARG,CHEMBL235
Cc1c(C)n(Cc2ccc(-c3ccccc3C(=O)O)cc2)c2ccc(C(=O)N[C@@H](C)c3cc(F)c(F)cc3F)cc12,8.096910013008056,1,IC50,PPARG,CHEMBL235
Cc1c(C)n(Cc2ccc(-c3ccccc3C(=O)O)cc2)c2ccc(C(=O)N[C@@H](C)c3ccc(Br)cc3)cc12,7.131011411896117,3,"EC50,IC50",PPARG,CHEMBL235
Cc1c(C)n(Cc2ccc(-c3ccccc3C(=O)O)cc2)c2ccc(C(=O)N[C@@H](C)c3ccc(Br)cn3)cc12,8.698970004336019,1,IC50,PPARG,CHEMBL235
Cc1c(C)n(Cc2ccc(-c3ccccc3C(=O)O)cc2)c2ccc(C(=O)N[C@@H](C)c3ccc(C(C)(C)C)cc3)cc12,7.68394387942429,3,"EC50,IC50",PPARG,CHEMBL235
Cc1c(C)n(Cc2ccc(-c3ccccc3C(=O)O)cc2)c2ccc(C(=O)N[C@@H](C)c3ccc(C(C)C)cc3)cc12,6.914385501637474,2,"EC50,IC50",PPARG,CHEMBL235
Cc1c(C)n(Cc2ccc(-c3ccccc3C(=O)O)cc2)c2ccc(C(=O)N[C@@H](C)c3ccc(C(F)(F)F)cc3C(F)(F)F)cc12,6.617982957425132,1,IC50,PPARG,CHEMBL235
Cc1c(C)n(Cc2ccc(-c3ccccc3C(=O)O)cc2)c2ccc(C(=O)N[C@@H](C)c3ccc(C(F)(F)F)cc3F)cc12,7.958607314841775,1,IC50,PPARG,CHEMBL235
Cc1c(C)n(Cc2ccc(-c3ccccc3C(=O)O)cc2)c2ccc(C(=O)N[C@@H](C)c3ccc(C(F)(F)F)nc3)cc12,6.638272163982407,1,IC50,PPARG,CHEMBL235
Cc1c(C)n(Cc2ccc(-c3ccccc3C(=O)O)cc2)c2ccc(C(=O)N[C@@H](C)c3ccc(C4CC4)cc3)cc12,7.301029995663981,1,IC50,PPARG,CHEMBL235
Cc1c(C)n(Cc2ccc(-c3ccccc3C(=O)O)cc2)c2ccc(C(=O)N[C@@H](C)c3ccc(C4CC4)cn3)cc12,8.397940008672037,1,IC50,PPARG,CHEMBL235
Cc1c(C)n(Cc2ccc(-c3ccccc3C(=O)O)cc2)c2ccc(C(=O)N[C@@H](C)c3ccc(C4CC4)nc3)cc12,7.229147988357855,1,IC50,PPARG,CHEMBL235
Cc1c(C)n(Cc2ccc(-c3ccccc3C(=O)O)cc2)c2ccc(C(=O)N[C@@H](C)c3ccc(Cl)c(C(F)(F)F)c3)cc12,7.823908740944319,1,IC50,PPARG,CHEMBL235
Cc1c(C)n(Cc2ccc(-c3ccccc3C(=O)O)cc2)c2ccc(C(=O)N[C@@H](C)c3ccc(Cl)c(Cl)c3)cc12,8.0,1,IC50,PPARG,CHEMBL235
Cc1c(C)n(Cc2ccc(-c3ccccc3C(=O)O)cc2)c2ccc(C(=O)N[C@@H](C)c3ccc(Cl)cc3)cc12,7.275724130399211,1,IC50,PPARG,CHEMBL235
Cc1c(C)n(Cc2ccc(-c3ccccc3C(=O)O)cc2)c2ccc(C(=O)N[C@@H](C)c3ccc(Cl)cc3Cl)cc12,8.397940008672037,1,IC50,PPARG,CHEMBL235
Cc1c(C)n(Cc2ccc(-c3ccccc3C(=O)O)cc2)c2ccc(C(=O)N[C@@H](C)c3ccc(Cl)nc3)cc12,6.84163750790475,1,IC50,PPARG,CHEMBL235
Cc1c(C)n(Cc2ccc(-c3ccccc3C(=O)O)cc2)c2ccc(C(=O)N[C@@H](C)c3ccc(F)cc3)cc12,7.183580243936999,3,"EC50,IC50",PPARG,CHEMBL235
Cc1c(C)n(Cc2ccc(-c3ccccc3C(=O)O)cc2)c2ccc(C(=O)N[C@@H](C)c3ccc(N)cc3)cc12,6.619788758288394,1,IC50,PPARG,CHEMBL235
Cc1c(C)n(Cc2ccc(-c3ccccc3C(=O)O)cc2)c2ccc(C(=O)N[C@@H](C)c3ccc(OC(C)(C)C)cc3)cc12,6.347753658996677,1,IC50,PPARG,CHEMBL235
Cc1c(C)n(Cc2ccc(-c3ccccc3C(=O)O)cc2)c2ccc(C(=O)N[C@@H](C)c3ccc(OC(C)C)cc3)cc12,7.468521082957745,1,IC50,PPARG,CHEMBL235
Cc1c(C)n(Cc2ccc(-c3ccccc3C(=O)O)cc2)c2ccc(C(=O)N[C@@H](C)c3ccc(S(C)(=O)=O)cc3)cc12,6.196542884351587,1,IC50,PPARG,CHEMBL235
Cc1c(C)n(Cc2ccc(-c3ccccc3C(=O)O)cc2)c2ccc(C(=O)N[C@@H](C)c3ccc([N+](=O)[O-])cc3)cc12,6.686348080135445,7,"EC50,IC50",PPARG,CHEMBL235
Cc1c(C)n(Cc2ccc(-c3ccccc3C(=O)O)cc2)c2ccc(C(=O)N[C@@H](C)c3ccc4c(c3)CCO4)cc12,6.651695136951839,1,IC50,PPARG,CHEMBL235
Cc1c(C)n(Cc2ccc(-c3ccccc3C(=O)O)cc2)c2ccc(C(=O)N[C@@H](C)c3cccc(Br)c3)cc12,7.236572006437063,1,IC50,PPARG,CHEMBL235
Cc1c(C)n(Cc2ccc(-c3ccccc3C(=O)O)cc2)c2ccc(C(=O)N[C@@H](C)c3cccc(Br)n3)cc12,7.823908740944319,1,IC50,PPARG,CHEMBL235
Cc1c(C)n(Cc2ccc(-c3ccccc3C(=O)O)cc2)c2ccc(C(=O)N[C@@H](C)c3cccc(C(C)(C)C)c3)cc12,7.3014647250202955,2,"EC50,IC50",PPARG,CHEMBL235
Cc1c(C)n(Cc2ccc(-c3ccccc3C(=O)O)cc2)c2ccc(C(=O)N[C@@H](C)c3cccc(C(C)(C)O)c3)cc12,7.769551078621726,1,IC50,PPARG,CHEMBL235
Cc1c(C)n(Cc2ccc(-c3ccccc3C(=O)O)cc2)c2ccc(C(=O)N[C@@H](C)c3cccc(C(C)C)c3)cc12,6.796219575256819,2,"EC50,IC50",PPARG,CHEMBL235
Cc1c(C)n(Cc2ccc(-c3ccccc3C(=O)O)cc2)c2ccc(C(=O)N[C@@H](C)c3cccc(C(F)(F)F)c3)cc12,7.070881832285243,2,"EC50,IC50",PPARG,CHEMBL235
Cc1c(C)n(Cc2ccc(-c3ccccc3C(=O)O)cc2)c2ccc(C(=O)N[C@@H](C)c3cccc(C(F)(F)F)c3F)cc12,7.568636235841012,1,IC50,PPARG,CHEMBL235
Cc1c(C)n(Cc2ccc(-c3ccccc3C(=O)O)cc2)c2ccc(C(=O)N[C@@H](C)c3cccc(C4CC4)c3)cc12,7.378084630720339,4,"EC50,IC50",PPARG,CHEMBL235
Cc1c(C)n(Cc2ccc(-c3ccccc3C(=O)O)cc2)c2ccc(C(=O)N[C@@H](C)c3cccc(C4CC4)n3)cc12,7.721246399047171,1,IC50,PPARG,CHEMBL235
Cc1c(C)n(Cc2ccc(-c3ccccc3C(=O)O)cc2)c2ccc(C(=O)N[C@@H](C)c3cccc(Cl)c3)cc12,7.72921037802671,2,"EC50,IC50",PPARG,CHEMBL235
Cc1c(C)n(Cc2ccc(-c3ccccc3C(=O)O)cc2)c2ccc(C(=O)N[C@@H](C)c3cccc(OC(C)C)c3)cc12,7.721246399047171,1,IC50,PPARG,CHEMBL235
Cc1c(C)n(Cc2ccc(-c3ccccc3C(=O)O)cc2)c2ccc(C(=O)N[C@@H](C)c3ccccc3Br)cc12,8.277560888417275,3,"EC50,IC50",PPARG,CHEMBL235
Cc1c(C)n(Cc2ccc(-c3ccccc3C(=O)O)cc2)c2ccc(C(=O)N[C@@H](C)c3ccccc3C(F)(F)F)cc12,7.657577319177793,1,IC50,PPARG,CHEMBL235
Cc1c(C)n(Cc2ccc(-c3ccccc3C(=O)O)cc2)c2ccc(C(=O)N[C@@H](C)c3ccccc3OC(C)C)cc12,5.7567068576521905,3,"EC50,IC50",PPARG,CHEMBL235
Cc1c(C)n(Cc2ccc(-c3ccccc3C(=O)O)cc2)c2ccc(C(=O)N[C@@H](C)c3ccccc3OC(F)(F)F)cc12,7.42021640338319,1,IC50,PPARG,CHEMBL235
Cc1c(C)n(Cc2ccc(-c3ccccc3C(=O)O)cc2)c2ccc(C(=O)N[C@@H](C)c3ccnc(Br)c3)cc12,7.008773924307505,1,IC50,PPARG,CHEMBL235
Cc1c(C)n(Cc2ccc(-c3ccccc3C(=O)O)cc2)c2ccc(C(=O)N[C@@H](C)c3ccnc(C4CC4)c3)cc12,6.453457336521868,1,IC50,PPARG,CHEMBL235
Cc1c(C)n(Cc2ccc(-c3ccccc3C(=O)O)cc2)c2ccc(C(=O)N[C@@H](CC(C)C)c3cccc(C(C)C)c3)cc12,6.279410177473032,2,"EC50,IC50",PPARG,CHEMBL235
Cc1c(C)n(Cc2ccc(-c3ccccc3C(=O)O)cc2)c2ccc(C(=O)N[C@@H](CO)c3ccccc3)cc12,7.431798275933005,1,IC50,PPARG,CHEMBL235
Cc1c(C)n(Cc2ccc(-c3ccccc3C(=O)O)cc2)c2ccc(C(=O)N[C@@H](Cc3ccccc3)c3cccc(C(C)C)c3)cc12,6.918568503339037,2,"EC50,IC50",PPARG,CHEMBL235
Cc1c(C)n(Cc2ccc(-c3ccccc3C(=O)O)cc2)c2ccc(C(=O)N[C@@H](c3cccc(C(C)C)c3)C(F)(F)F)cc12,7.384775539310863,2,"EC50,IC50",PPARG,CHEMBL235
Cc1c(C)n(Cc2ccc(-c3ccccc3C(=O)O)cc2)c2ccc(C(=O)N[C@@H]3COc4ccccc4C3)cc12,7.055517327849831,1,IC50,PPARG,CHEMBL235
Cc1c(C)n(Cc2ccc(-c3ccccc3C(=O)O)cc2)c2ccc(C(=O)N[C@@H]3C[C@H]3c3ccccc3)cc12,7.657577319177793,1,IC50,PPARG,CHEMBL235
Cc1c(C)n(Cc2ccc(-c3ccccc3C(=O)O)cc2)c2ccc(C(=O)N[C@H](C)C3COc4ccccc4O3)cc12,8.522878745280337,1,IC50,PPARG,CHEMBL235
Cc1c(C)n(Cc2ccc(-c3ccccc3C(=O)O)cc2)c2ccc(C(=O)N[C@H](C)c3c(F)cncc3F)cc12,6.510041520575165,1,IC50,PPARG,CHEMBL235
Cc1c(C)n(Cc2ccc(-c3ccccc3C(=O)O)cc2)c2ccc(C(=O)N[C@H](C)c3ccc(Br)cc3)cc12,8.393663129855346,3,"EC50,IC50",PPARG,CHEMBL235
Cc1c(C)n(Cc2ccc(-c3ccccc3C(=O)O)cc2)c2ccc(C(=O)N[C@H](C)c3ccc(C(F)(F)F)cc3C(F)(F)F)cc12,7.958607314841775,1,IC50,PPARG,CHEMBL235
Cc1c(C)n(Cc2ccc(-c3ccccc3C(=O)O)cc2)c2ccc(C(=O)N[C@H](C)c3ccc(C4CC4)nc3)cc12,7.494850021680094,1,IC50,PPARG,CHEMBL235
Cc1c(C)n(Cc2ccc(-c3ccccc3C(=O)O)cc2)c2ccc(C(=O)N[C@H](C)c3ccc(F)cc3)cc12,8.509061687927298,3,"EC50,IC50",PPARG,CHEMBL235
Cc1c(C)n(Cc2ccc(-c3ccccc3C(=O)O)cc2)c2ccc(C(=O)N[C@H](C)c3ccc(S(C)(=O)=O)cc3)cc12,7.958607314841775,1,IC50,PPARG,CHEMBL235
Cc1c(C)n(Cc2ccc(-c3ccccc3C(=O)O)cc2)c2ccc(C(=O)N[C@H](C)c3ccc([N+](=O)[O-])cc3)cc12,7.898790674538703,3,"EC50,IC50",PPARG,CHEMBL235
Cc1c(C)n(Cc2ccc(-c3ccccc3C(=O)O)cc2)c2ccc(C(=O)N[C@H](C)c3cccc(Br)n3)cc12,8.698970004336019,1,IC50,PPARG,CHEMBL235
Cc1c(C)n(Cc2ccc(-c3ccccc3C(=O)O)cc2)c2ccc(C(=O)N[C@H](C)c3ccccc3C(F)(F)F)cc12,9.0,1,IC50,PPARG,CHEMBL235
Cc1c(C)n(Cc2ccc(-c3ccccc3C(=O)O)cc2)c2ccc(C(=O)N[C@H](C)c3ccnc(Br)c3)cc12,8.096910013008056,1,IC50,PPARG,CHEMBL235
Cc1c(C)n(Cc2ccc(-c3ccccc3C(=O)O)cc2)c2ccc(C(=O)N[C@H](C)c3ccnc(C4CC4)c3)cc12,7.823908740944319,1,IC50,PPARG,CHEMBL235
Cc1c(C)n(Cc2ccc(-c3ccccc3C(=O)O)cc2)c2ccc(C(=O)N[C@H](c3cccc(C(C)C)c3)C(C)C)cc12,6.986529186020485,2,"EC50,IC50",PPARG,CHEMBL235
Cc1c(C)n(Cc2ccc(-c3ccccc3C(=O)O)cc2)c2ccc(C(=O)N[C@H](c3cccc(C(C)C)c3)C3CC3)cc12,7.659379381312206,2,"EC50,IC50",PPARG,CHEMBL235
Cc1c(C)n(Cc2ccc(-c3ccccc3C(=O)O)cc2)c2ccc(C(=O)N[C@H]3CCN(C(=O)OCc4ccccc4)C3)cc12,6.270835210307229,1,IC50,PPARG,CHEMBL235
Cc1c(C)n(Cc2ccc(-c3ccccc3C(=O)O)cc2)c2ccc(C(=O)O)cc12,5.36657930092524,2,"Ki,IC50",PPARG,CHEMBL235
Cc1c(C)n(Cc2ccc(-c3ccccc3C(N)=O)cc2)c2ccc(C(=O)N[C@@H](C)c3cccc(C(C)C)c3)cc12,7.207608310501746,1,IC50,PPARG,CHEMBL235
Cc1c(C)n(Cc2ccc(-c3cccnc3)cc2)c2ccc(C(=O)N[C@@H](C)c3ccc([N+](=O)[O-])cc3)cc12,6.823908740944319,1,IC50,PPARG,CHEMBL235
Cc1c(C)n(Cc2ccc(C(C)(C)C(=O)O)cc2)c2ccc(C(=O)N[C@@H](C)c3cccc(C4CC4)c3)cc12,6.96657624451305,1,IC50,PPARG,CHEMBL235
Cc1c(C)n(Cc2ccc(C3(C(=O)O)CC3)cc2)c2ccc(C(=O)N[C@@H](C)c3ccc(Br)cc3)cc12,7.508638306165727,1,IC50,PPARG,CHEMBL235
Cc1c(C)n(Cc2ccc(C3(C(=O)O)CC3)cc2)c2ccc(C(=O)N[C@@H](C)c3ccc(C(C)C)cc3)cc12,6.497572880015568,1,IC50,PPARG,CHEMBL235
Cc1c(C)n(Cc2ccc(C3(C(=O)O)CC3)cc2)c2ccc(C(=O)N[C@@H](C)c3cccc(C(C)C)c3)cc12,7.356547323513812,1,IC50,PPARG,CHEMBL235
Cc1c(C)n(Cc2ccc(Cl)c(O[C@@H](C)C(=O)O)c2)c2ccc(C(=O)N[C@@H](C)c3ccc(Br)cc3)cc12,9.154901959985743,1,IC50,PPARG,CHEMBL235
Cc1c(C)n(Cc2ccc(Cl)c(O[C@@H](C)C(=O)O)c2)c2ccc(C(=O)N[C@@H](C)c3ccc(C(C)(C)C)cc3)cc12,8.474700753533664,4,IC50,PPARG,CHEMBL235
Cc1c(C)n(Cc2ccc(Cl)c(O[C@@H](C)C(=O)O)c2)c2ccc(C(=O)N[C@@H](C)c3cccc(C(C)(C)C)c3)cc12,8.795880017344075,1,IC50,PPARG,CHEMBL235
Cc1c(C)n(Cc2ccc(Cl)c(O[C@@H](C)C(=O)O)c2)c2ccc(C(=O)N[C@@H](C)c3cccc(C(C)C)c3)cc12,9.221848749616356,1,IC50,PPARG,CHEMBL235
Cc1c(C)n(Cc2ccc(Cl)c(O[C@@H](C)C(=O)O)c2)c2ccc(C(=O)N[C@@H](C)c3cccc(C4CC4)c3)cc12,9.221848749616356,1,IC50,PPARG,CHEMBL235
Cc1c(C)n(Cc2ccc(Cl)c(O[C@@H](C)C(=O)O)c2)c2ccc(C(=O)N[C@@H](C)c3cccc(OC(C)C)c3)cc12,8.301029995663981,1,IC50,PPARG,CHEMBL235
Cc1c(C)n(Cc2ccc(F)c(O[C@@H](C)C(=O)O)c2)c2ccc(C(=O)N[C@@H](C)c3ccc(C(C)(C)C)cc3)cc12,7.795880017344075,1,IC50,PPARG,CHEMBL235
Cc1c(C)n(Cc2ccc(F)c(O[C@@H](C)C(=O)O)c2)c2ccc(C(=O)N[C@@H](C)c3cccc(C4CC4)c3)cc12,7.698970004336019,1,IC50,PPARG,CHEMBL235
Cc1c(C)n(Cc2ccc(OC(C)(C)C(=O)O)cc2)c2ccc(C(=O)N[C@@H](C)c3cccc(C(C)C)c3)cc12,6.995678626217357,1,IC50,PPARG,CHEMBL235
Cc1c(C)n(Cc2ccc(OCC(=O)O)cc2)c2ccc(C(=O)N[C@@H](C)c3ccc(C(C)(C)C)cc3)cc12,6.431798275933005,1,IC50,PPARG,CHEMBL235
Cc1c(C)n(Cc2ccc(OCC(=O)O)cc2)c2ccc(C(=O)N[C@@H](C)c3cccc(C(C)C)c3)cc12,6.906578314837764,1,IC50,PPARG,CHEMBL235
Cc1c(C)n(Cc2ccc(OCC(=O)O)cc2)c2ccc(C(=O)N[C@@H](C)c3cccc(C4CC4)c3)cc12,6.899629454882437,1,IC50,PPARG,CHEMBL235
Cc1c(C)n(Cc2ccc(O[C@@H](C)C(=O)O)c(Cl)c2)c2ccc(C(=O)N[C@@H](C)c3ccc(C(C)(C)C)cc3)cc12,6.844663962534938,1,IC50,PPARG,CHEMBL235
Cc1c(C)n(Cc2ccc(O[C@@H](C)C(=O)O)c(Cl)c2)c2ccc(C(=O)N[C@@H](C)c3cccc(C4CC4)c3)cc12,7.173925197299173,1,IC50,PPARG,CHEMBL235
Cc1c(C)n(Cc2ccc(O[C@@H](C)C(=O)O)cc2)c2ccc(C(=O)N[C@@H](C)c3cccc(C(C)C)c3)cc12,6.504455662453552,1,IC50,PPARG,CHEMBL235
Cc1c(C)n(Cc2ccc(O[C@H](C)C(=O)O)cc2)c2ccc(C(=O)N[C@@H](C)c3cccc(C(C)C)c3)cc12,6.97061622231479,1,IC50,PPARG,CHEMBL235
Cc1c(C)n(Cc2cccc(C(=O)O)c2)c2ccc(C(=O)N[C@@H](C)c3cccc(C4CC4)c3)cc12,7.4089353929735005,1,IC50,PPARG,CHEMBL235
Cc1c(C)n(Cc2cccc(C(C)(C)C#N)c2)c2ccc(C(=O)N[C@@H](C)c3cccc(C4CC4)c3)cc12,6.920818753952375,1,IC50,PPARG,CHEMBL235
Cc1c(C)n(Cc2cccc(C(C)(C)C(N)=O)c2)c2ccc(C(=O)N[C@@H](C)c3cccc(C4CC4)c3)cc12,7.126216418631188,2,IC50,PPARG,CHEMBL235
Cc1c(C)n(Cc2cccc(C(F)(F)F)c2)c2ccc(C(=O)NCc3ccc4c(c3)OCO4)cc12,7.840968332518619,2,"Ki,IC50",PPARG,CHEMBL235
Cc1c(C)n(Cc2cccc(C(F)(F)F)c2)c2ccc(C(=O)NCc3ccccn3)cc12,6.787232889750868,2,"Ki,IC50",PPARG,CHEMBL235
Cc1c(C)n(Cc2cccc(C(F)(F)F)c2)c2ccc(C(=O)N[C@@H](Cc3ccc(O)cc3)C(=O)O)cc12,6.514780068524118,2,"Ki,IC50",PPARG,CHEMBL235
Cc1c(C)n(Cc2cccc(C3(C(=O)O)CC3)c2)c2ccc(C(=O)N[C@@H](C)c3cccc(C4CC4)c3)cc12,7.886056647693163,1,IC50,PPARG,CHEMBL235
Cc1c(C)n(Cc2cccc(OC(C)(C)C(=O)O)c2)c2ccc(C(=O)N[C@@H](C)c3ccc(C(C)(C)C)cc3)cc12,6.493494967595128,2,IC50,PPARG,CHEMBL235
Cc1c(C)n(Cc2cccc(OC(C)(C)C(=O)O)c2)c2ccc(C(=O)N[C@@H](C)c3cccc(C(C)C)c3)cc12,6.97061622231479,1,IC50,PPARG,CHEMBL235
Cc1c(C)n(Cc2cccc(OCC#N)c2)c2ccc(C(=O)N[C@@H](C)c3ccc(C(C)(C)C)cc3)cc12,6.97061622231479,1,IC50,PPARG,CHEMBL235
Cc1c(C)n(Cc2cccc(OCC#N)c2)c2ccc(C(=O)N[C@@H](C)c3cccc(C(C)C)c3)cc12,7.130768280269024,1,IC50,PPARG,CHEMBL235
Cc1c(C)n(Cc2cccc(OCC(=O)O)c2)c2ccc(C(=O)N[C@@H](C)c3ccc(C(C)(C)C)cc3)cc12,6.882728704344236,1,IC50,PPARG,CHEMBL235
Cc1c(C)n(Cc2cccc(OCC(=O)O)c2)c2ccc(C(=O)N[C@@H](C)c3cccc(C(C)C)c3)cc12,7.161150909262744,1,IC50,PPARG,CHEMBL235
Cc1c(C)n(Cc2cccc(OCC(=O)O)c2)c2ccc(C(=O)N[C@@H](C)c3cccc(C4CC4)c3)cc12,7.251811972993799,1,IC50,PPARG,CHEMBL235
Cc1c(C)n(Cc2cccc(O[C@@H](C)C(=O)O)c2)c2ccc(C(=O)N[C@@H](C)c3ccc(Br)cc3)cc12,6.982966660701219,1,IC50,PPARG,CHEMBL235
Cc1c(C)n(Cc2cccc(O[C@@H](C)C(=O)O)c2)c2ccc(C(=O)N[C@@H](C)c3ccc(C(C)(C)C)cc3)cc12,6.833982861486241,2,IC50,PPARG,CHEMBL235
Cc1c(C)n(Cc2cccc(O[C@@H](C)C(=O)O)c2)c2ccc(C(=O)N[C@@H](C)c3ccc(C(F)(F)F)cc3)cc12,6.671620396561263,1,IC50,PPARG,CHEMBL235
Cc1c(C)n(Cc2cccc(O[C@@H](C)C(=O)O)c2)c2ccc(C(=O)N[C@@H](C)c3ccc(Cl)cc3)cc12,7.086186147616283,1,IC50,PPARG,CHEMBL235
Cc1c(C)n(Cc2cccc(O[C@@H](C)C(=O)O)c2)c2ccc(C(=O)N[C@@H](C)c3cccc(C(C)(C)C)c3)cc12,7.086186147616283,1,IC50,PPARG,CHEMBL235
Cc1c(C)n(Cc2cccc(O[C@@H](C)C(=O)O)c2)c2ccc(C(=O)N[C@@H](C)c3cccc(C(C)C)c3)cc12,7.119186407719209,1,IC50,PPARG,CHEMBL235
Cc1c(C)n(Cc2cccc(O[C@@H](C)C(=O)O)c2)c2ccc(C(=O)N[C@@H](C)c3cccc(C4CC4)c3)cc12,7.229147988357855,1,IC50,PPARG,CHEMBL235
Cc1c(C)n(Cc2cccc(O[C@@H](C)C(=O)O)c2)c2ccc(C(=O)N[C@@H](C)c3cccc(Cl)c3)cc12,7.214670164989233,1,IC50,PPARG,CHEMBL235
Cc1c(C)n(Cc2cccc(O[C@@H](C)C(=O)O)c2)c2ccc(C(=O)N[C@@H](C)c3cccc(OC(C)C)c3)cc12,7.229147988357855,1,IC50,PPARG,CHEMBL235
Cc1c(C)n(Cc2cccc(O[C@@H](C)C(=O)O)c2)c2ccc(C(=O)N[C@@H](C)c3ccccc3Cl)cc12,7.3979400086720375,1,IC50,PPARG,CHEMBL235
Cc1c(C)n(Cc2cccc(O[C@@H](C)C(=O)O)c2Cl)c2ccc(C(=O)N[C@@H](C)c3ccc(C(C)(C)C)cc3)cc12,5.3979400086720375,1,IC50,PPARG,CHEMBL235
Cc1c(C)n(Cc2cccc(O[C@@H](C)C(=O)O)c2Cl)c2ccc(C(=O)N[C@@H](C)c3cccc(C4CC4)c3)cc12,6.454692883534176,1,IC50,PPARG,CHEMBL235
Cc1c(C)n(Cc2cccc(O[C@H](C)C(=O)O)c2)c2ccc(C(=O)N[C@@H](C)c3cccc(C(C)C)c3)cc12,6.259637310505756,1,IC50,PPARG,CHEMBL235
Cc1c(Cc2cccc(OCC(=O)O)c2)c2cc(OC(F)(F)F)ccc2n1C(=O)c1ccc(Cl)cc1,9.0,1,IC50,PPARG,CHEMBL235
Cc1c(Cc2cccc(O[C@@H](C)C(=O)O)c2)c2cc(OC(F)(F)F)ccc2n1-c1ccccn1,6.33161408331,1,IC50,PPARG,CHEMBL235
Cc1c(Cl)ccc(Nc2cc(Cl)nc(SCC(=O)O)n2)c1C,4.309803919971486,1,EC50,PPARG,CHEMBL235
Cc1c(Cl)ccc2c1CN(S(=O)(=O)c1cccc(C(=O)Nc3ccc(Cl)cc3C(=O)O)c1)CC2,5.300000202445418,1,IC50,PPARG,CHEMBL235
Cc1c(NC(=O)c2ccccc2NC(=O)c2ccc(C(C)(C)C)cc2)cccc1C(=O)O,4.8696662315049934,1,EC50,PPARG,CHEMBL235
Cc1c(OCC(=O)O)ccc(Sc2ccc(COc3ccc(C(F)(F)F)cc3)cc2OCC#N)c1C,5.657577319177793,1,Ki,PPARG,CHEMBL235
Cc1c(OCC(=O)O)ccc(Sc2ccc(COc3ccc(C(F)(F)F)cc3)cc2OCC2CCCO2)c1C,5.119186407719209,1,Ki,PPARG,CHEMBL235
Cc1c(OCC(=O)O)ccc(Sc2ccc(COc3ccc(C(F)(F)F)cc3)cc2OCCN2CCOCC2)c1C,5.3979400086720375,1,Ki,PPARG,CHEMBL235
Cc1c(OCC(=O)O)ccc(Sc2ccc(COc3ccc(C(F)(F)F)cc3)cc2OCc2cccnc2)c1C,5.3872161432802645,1,Ki,PPARG,CHEMBL235
Cc1c(OCC(=O)O)ccc(Sc2ccc(COc3ccc(C(F)(F)F)cc3)cc2OCc2ccncc2)c1C,5.301029995663981,1,Ki,PPARG,CHEMBL235
Cc1c(Oc2cc(Cl)cc(O[C@@H](C)C(=O)O)c2)c2cc(OC(F)(F)F)ccc2n1-c1noc2cc(Cl)ccc12,6.962573502059376,1,IC50,PPARG,CHEMBL235
Cc1c(Oc2cc(O[C@@H](C)C(=O)O)ccc2Cl)c2cc(OC(F)(F)F)ccc2n1-c1noc2cc(Cl)ccc12,8.261439372640169,2,IC50,PPARG,CHEMBL235
Cc1c(Oc2ccc(Cl)c(O[C@@H](C)C(=O)O)c2)c2cc(OC(F)(F)F)ccc2n1-c1noc2cc(Cl)ccc12,9.0,1,IC50,PPARG,CHEMBL235
Cc1c(Oc2ccc(Cl)cc2)c2ccc(C(F)(F)F)nc2n1Cc1ccc(Cl)c(O[C@@H](C)C(=O)O)c1,7.657577319177793,1,IC50,PPARG,CHEMBL235
Cc1c(Oc2ccc(Cl)cc2)c2ccc(Cl)nc2n1Cc1ccc(Cl)c(O[C@@H](C)C(=O)O)c1,8.522878745280337,1,IC50,PPARG,CHEMBL235
Cc1c(Oc2ccc(Cl)cc2)c2ccc(F)nc2n1Cc1cc(O[C@@H](C)C(=O)O)ccc1Cl,7.823908740944319,1,IC50,PPARG,CHEMBL235
Cc1c(Oc2ccc(Cl)cc2)c2ccc(F)nc2n1Cc1ccc(Cl)c(O[C@@H](C)C(=O)O)c1,8.522878745280337,1,IC50,PPARG,CHEMBL235
Cc1c(Oc2ccc(Cl)cc2)c2ccc(F)nc2n1Cc1ccc(F)c(O[C@@H](C)C(=O)O)c1,7.638272163982407,1,IC50,PPARG,CHEMBL235
Cc1c(Oc2ccc(Cl)cc2)c2ccc(OC(F)(F)F)cc2n1Cc1ccc(Cl)c(O[C@@H](C)C(=O)O)c1,9.0,1,IC50,PPARG,CHEMBL235
Cc1c(Oc2ccc(Cl)cc2)c2cccnc2n1Cc1cc(O[C@@H](C)C(=O)O)ccc1Cl,7.6020599913279625,1,IC50,PPARG,CHEMBL235
Cc1c(Oc2ccc(Cl)cc2)c2cccnc2n1Cc1cc(O[C@@H](C)C(=O)O)ccc1F,7.267606240177031,1,IC50,PPARG,CHEMBL235
Cc1c(Oc2ccc(Cl)cc2)c2cccnc2n1Cc1ccc(F)c(O[C@@H](C)C(=O)O)c1,6.97469413473523,1,IC50,PPARG,CHEMBL235
Cc1c(Oc2cccc(O[C@@H](C)C(=O)O)c2)c2cc(OC(F)(F)F)ccc2n1-c1noc2cc(Cl)ccc12,7.481486060122112,1,IC50,PPARG,CHEMBL235
Cc1cc(-c2ccccc2)cc(C)c1O[C@@H](Cc1ccccc1)C(=O)O,5.508638306165727,1,EC50,PPARG,CHEMBL235
Cc1cc(-c2ccccc2)ccc1O[C@@H](Cc1ccccc1)C(=O)O,6.154901959985743,1,EC50,PPARG,CHEMBL235
Cc1cc(-c2ccccc2)nn1CCOc1ccc(C[C@H](Nc2ccccc2C(=O)c2ccccc2)C(=O)O)cc1,8.750068243365805,1,Ki,PPARG,CHEMBL235
Cc1cc(-c2nc(C(F)(F)F)ns2)ccc1OCCCOc1ccc2c(c1)CC[C@H]2CC(=O)O,2.1900000000233106,1,EC50,PPARG,CHEMBL235
Cc1cc(-c2nc(CCOc3ccc(C[C@H](Nc4ccccc4C(=O)c4ccccc4)C(=O)O)cc3)c(C)s2)no1,9.049976093476673,1,Ki,PPARG,CHEMBL235
Cc1cc(-c2nnco2)ccc1NC(=O)c1cc(C(=O)NCc2ccc(F)c(F)c2)c(F)cc1Cl,7.814281341297949,2,"EC50,IC50",PPARG,CHEMBL235
Cc1cc(-c2onc(-c3c(Cl)cccc3C(F)(F)F)c2COc2ccc(C(=O)O)cc2)c[nH]1,5.411809653878365,2,"EC50,IC50",PPARG,CHEMBL235
Cc1cc(-n2nc3ccccc3n2)cc(C)c1OC(C)(C)C(=O)O,6.318758762624412,1,EC50,PPARG,CHEMBL235
Cc1cc(/C=C2\Oc3cc(OCC(C)C)ccc3C2=O)cc(C)c1OC(C)(C)C(=O)O,6.298432014944073,1,EC50,PPARG,CHEMBL235
Cc1cc(/C=C2\Oc3cc(OCC(C)C)ccc3C2=O)cc(C)c1OCC(=O)O,5.758204568704802,1,EC50,PPARG,CHEMBL235
Cc1cc(/C=C2\Oc3cc(OCC4CC4)ccc3C2=O)cc(C)c1OC(C)(C)C(=O)O,6.625251653989896,1,EC50,PPARG,CHEMBL235
Cc1cc(/C=C2\Oc3cc(OCC4CC4)ccc3C2=O)cc(C)c1OCC(=O)O,5.973466735476704,1,EC50,PPARG,CHEMBL235
Cc1cc(/C=C2\Oc3cc(OCCC(C)C)ccc3C2=O)cc(C)c1OC(C)(C)C(=O)O,6.11690664142431,1,EC50,PPARG,CHEMBL235
Cc1cc(/N=N/c2ccccc2)ccc1OCCc1ccc(OC(C)(C)C(=O)O)cc1,5.920818753952375,1,EC50,PPARG,CHEMBL235
Cc1cc(/N=N\c2ccccc2)ccc1OCCc1ccc(OC(C)(C)C(=O)O)cc1,5.769551078621726,1,EC50,PPARG,CHEMBL235
Cc1cc(Br)ccc1NC(=O)COc1ccc2cc(/C=C3/SC(=O)NC3=O)ccc2c1,6.44490555142168,1,EC50,PPARG,CHEMBL235
Cc1cc(C(=O)O)c2c(C(C)C)nn(-c3ccc(Cl)cc3)c2n1,5.3487219860018556,1,IC50,PPARG,CHEMBL235
Cc1cc(C(=O)O)nc(N2C[C@H]3C[C@@H](c4ccccc4C(F)(F)F)C[C@H]3C2)n1,5.443697499232712,1,IC50,PPARG,CHEMBL235
Cc1cc(C(Cc2ccc(CCCc3nc(-c4ccccc4)oc3C)cc2)C(=O)O)no1,4.853871964321762,1,IC50,PPARG,CHEMBL235
Cc1cc(C(Cc2ccc(CCCc3nc(-c4ccccc4)oc3C)cc2)C(=O)O)on1,5.795880017344075,1,IC50,PPARG,CHEMBL235
Cc1cc(C)c(NC(=O)N(CCc2ccc(SC(C)(C)C(=O)O)cc2)CCc2ccc(-c3ccccc3)cc2)cc1C,5.8696662315049934,1,EC50,PPARG,CHEMBL235
Cc1cc(C)c(S(=O)(=O)Nc2cc(Cl)c(Oc3cnc4ccccc4c3)c(Cl)c2)c(C)c1,5.479647495916682,1,EC50,PPARG,CHEMBL235
Cc1cc(C)c2nc(C(C)C)n([C@H]3CCc4cc(-c5ccccc5-c5nnn[nH]5)ccc43)c2n1,6.530177984021837,1,EC50,PPARG,CHEMBL235
Cc1cc(C)c2nc(C3CC3)n([C@H]3CCc4cc(-c5ccccc5-c5nnn[nH]5)ccc43)c2n1,6.118045028660399,1,EC50,PPARG,CHEMBL235
Cc1cc(C)cc(Oc2ccc3nc(COc4cccc(C(=O)O)c4)n(C)c3n2)c1,7.3872161432802645,1,EC50,PPARG,CHEMBL235
Cc1cc(C)cc(S2(=O)=N[Se]c3c(C)cc(C)cc32)c1,4.640120795305119,2,"Ki,IC50",PPARG,CHEMBL235
Cc1cc(C2CC2C(OC(=O)c2ccccc2)c2ccc(OC(F)(F)F)cc2)cc(C)c1OC(C)(C)C(=O)O,7.286907087377744,2,EC50,PPARG,CHEMBL235
Cc1cc(C2CC2C(OCCC2CCCCC2)c2ccc(OC(F)(F)F)cc2)cc(C)c1OC(C)(C)C(=O)O,7.468521082957745,1,EC50,PPARG,CHEMBL235
Cc1cc(C2COC2)cnc1NC(=O)c1cc(C(=O)NCc2ccc(F)c(F)c2)c(F)cc1Cl,7.70170145218677,2,"EC50,IC50",PPARG,CHEMBL235
Cc1cc(CC(=O)O)cc(CN2CCN(c3nc4ccc(C(F)(F)F)cc4s3)CC2)c1,5.6777807052660805,1,EC50,PPARG,CHEMBL235
Cc1cc(CC(=O)O)cc(CN2CCN(c3nc4ccc(C(F)(F)F)cc4s3)C[C@@H]2C)c1,5.920818753952375,1,EC50,PPARG,CHEMBL235
Cc1cc(CC(=O)O)cc(CN2CCN(c3nc4ccc(C(F)(F)F)cc4s3)C[C@H]2C)c1,5.853871964321762,1,EC50,PPARG,CHEMBL235
Cc1cc(CC(=O)O)cc(CN2CCN(c3nc4ccc(C(F)(F)F)cc4s3)[C@@H](C)C2)c1,5.508638306165727,1,EC50,PPARG,CHEMBL235
Cc1cc(CC(=O)O)cc(CN2CCN(c3nc4ccc(C(F)(F)F)cc4s3)[C@@H](CC(C)C)C2)c1,5.823908740944319,1,EC50,PPARG,CHEMBL235
Cc1cc(CC(=O)O)cc(CN2CCN(c3nc4ccc(C(F)(F)F)cc4s3)[C@H](C(C)C)C2)c1,6.568636235841012,1,EC50,PPARG,CHEMBL235
Cc1cc(CC(=O)O)cc(CN2CCN(c3nc4ccc(C(F)(F)F)cc4s3)[C@H](C)C2)c1,5.920818753952375,1,EC50,PPARG,CHEMBL235
Cc1cc(CC(=O)O)cc(OCCC2(N3CCCC3)CCN(c3nc4ccc(Cl)cc4s3)CC2)c1,5.823908740944319,1,EC50,PPARG,CHEMBL235
Cc1cc(CC(=O)O)cc(OCCC2CCN(c3nc4ccc(Cl)cc4s3)CC2)c1,5.97061622231479,1,EC50,PPARG,CHEMBL235
Cc1cc(CC(C)C)nc2c1nc(C(C)C)n2[C@H]1CCc2cc(-c3ccccc3-c3nnn[nH]3)ccc21,7.050609993355087,1,EC50,PPARG,CHEMBL235
Cc1cc(CCCN2C(=O)CN(c3ccc(C(F)(F)F)cc3)C2=O)cc(C)c1OC(C)(C)C(=O)O,6.2021095169416505,1,EC50,PPARG,CHEMBL235
Cc1cc(CCN2C(=O)CN(c3ccc(C(F)(F)F)cc3)C2=O)cc(C)c1OC(C)(C)C(=O)O,6.557050130422138,1,EC50,PPARG,CHEMBL235
Cc1cc(CCOc2ccc(C[C@H](Nc3ccccc3C(=O)c3ccccc3)C(=O)O)cc2)nn1-c1ccccc1,8.899974269892137,1,Ki,PPARG,CHEMBL235
Cc1cc(CCc2cc(-c3ccc(Br)cc3)on2)cc(C)c1OC(C)(C)C(=O)O,6.34008379993015,1,EC50,PPARG,CHEMBL235
Cc1cc(CCn2ncn(-c3ccc(C(F)(F)F)cc3)c2=O)cc(C)c1OC(C)(C)C(=O)O,5.693853868315085,1,EC50,PPARG,CHEMBL235
Cc1cc(CN2C(=O)CN(Cc3ccc(C(F)(F)F)cc3)C2=O)cc(C)c1OC(C)(C)C(=O)O,5.827455445627637,1,EC50,PPARG,CHEMBL235
Cc1cc(CN2C(=O)CN(c3ccc(-c4ccccc4)cc3)C2=O)cc(C)c1OC(C)(C)C(=O)O,6.2009352806489915,1,EC50,PPARG,CHEMBL235
Cc1cc(CN2C(=O)CN(c3ccc(Br)cc3)C2=O)cc(C)c1OC(C)(C)C(=O)O,5.919193195665638,1,EC50,PPARG,CHEMBL235
Cc1cc(CN2C(=O)CN(c3ccc(C#N)cc3)C2=O)cc(C)c1OC(C)(C)C(=O)O,5.391473966422806,1,EC50,PPARG,CHEMBL235
Cc1cc(CN2C(=O)CN(c3ccc(C(C)(C)C)cc3)C2=O)cc(C)c1OC(C)(C)C(=O)O,5.745693667668714,1,EC50,PPARG,CHEMBL235
Cc1cc(CN2C(=O)CN(c3ccc(C(C)C)cc3)C2=O)cc(C)c1OC(C)(C)C(=O)O,6.0126019008629825,1,EC50,PPARG,CHEMBL235
Cc1cc(CN2C(=O)CN(c3ccc(C(F)(F)F)c(Cl)c3)C2=O)cc(C)c1OC(C)(C)C(=O)O,6.182500738132242,1,EC50,PPARG,CHEMBL235
Cc1cc(CN2C(=O)CN(c3ccc(C(F)(F)F)c(F)c3)C2=O)cc(C)c1OC(C)(C)C(=O)O,5.970332197324677,1,EC50,PPARG,CHEMBL235
Cc1cc(CN2C(=O)CN(c3ccc(C(F)(F)F)cc3)C2=O)cc(C)c1OC(C)(C)C(=O)O,5.780913442830748,1,EC50,PPARG,CHEMBL235
Cc1cc(CN2C(=O)CN(c3ccc(C(F)(F)F)cc3)C2=O)ccc1OC(C)(C)C(=O)O,5.565415129550406,1,EC50,PPARG,CHEMBL235
Cc1cc(CN2C(=O)CN(c3ccc(Cl)cc3)C2=O)cc(C)c1OC(C)(C)C(=O)O,5.848814081913927,1,EC50,PPARG,CHEMBL235
Cc1cc(CN2C(=O)CN(c3ccc(F)cc3)C2=O)cc(C)c1OC(C)(C)C(=O)O,5.43916118138139,1,EC50,PPARG,CHEMBL235
Cc1cc(CN2C(=O)CN(c3ccc(OC(F)(F)F)cc3)C2=O)cc(C)c1OC(C)(C)C(=O)O,5.857641824236154,1,EC50,PPARG,CHEMBL235
Cc1cc(CN2C(=O)CN(c3cccc(C(F)(F)F)c3)C2=O)cc(C)c1OC(C)(C)C(=O)O,6.001609869681952,1,EC50,PPARG,CHEMBL235
Cc1cc(CN2C(=O)CN(c3ccccc3)C2=O)cc(C)c1OC(C)(C)C(=O)O,5.676747899828313,1,EC50,PPARG,CHEMBL235
Cc1cc(CN2C(=O)N(c3ccc(C(F)(F)F)cc3)C(=O)C2(C)C)cc(C)c1OC(C)(C)C(=O)O,5.774174008538107,1,EC50,PPARG,CHEMBL235
Cc1cc(CN2C(=O)N(c3ccc(C(F)(F)F)cc3)C(C)(C)C2=O)cc(C)c1OC(C)(C)C(=O)O,5.789681480173768,1,EC50,PPARG,CHEMBL235
Cc1cc(CN2CCN(Cc3ccc(C(F)(F)F)cn3)CC2)cc(C)c1OC(C)(C)C(=O)O,5.065501548756432,1,EC50,PPARG,CHEMBL235
Cc1cc(CN2CCN(Cc3ccncc3)CC2)ccc1-c1ccc(C(O)(C(F)(F)F)C(F)(F)F)cc1,6.679853713888946,1,IC50,PPARG,CHEMBL235
Cc1cc(CN2CCN(c3cc(C(F)(F)F)ccn3)CC2)cc(C)c1OC(C)(C)C(=O)O,5.455931955649724,1,EC50,PPARG,CHEMBL235
Cc1cc(CN2CCN(c3ccc(Br)cn3)CC2)cc(C)c1OC(C)(C)C(=O)O,5.443697499232712,1,EC50,PPARG,CHEMBL235
Cc1cc(CN2CCN(c3ccc(C(C)(C)C)cc3)C2=O)cc(C)c1OC(C)(C)C(=O)O,5.535808629359,1,EC50,PPARG,CHEMBL235
Cc1cc(CN2CCN(c3ccc(C(C)C)cc3)C2=O)cc(C)c1OC(C)(C)C(=O)O,6.044697177238309,1,EC50,PPARG,CHEMBL235
Cc1cc(CN2CCN(c3ccc(C(F)(F)F)cc3)C2=O)cc(C)c1OC(C)(C)C(=O)O,5.893469146177619,1,EC50,PPARG,CHEMBL235
Cc1cc(CN2CCN(c3ccc(C(F)(F)F)cn3)CC2)cc(C)c1OC(C)(C)C(=O)O,5.7447274948966935,1,EC50,PPARG,CHEMBL235
Cc1cc(CN2CCN(c3ccc(Cl)cn3)CC2)cc(C)c1OC(C)(C)C(=O)O,5.301029995663981,1,EC50,PPARG,CHEMBL235
Cc1cc(CN2CCN(c3ccc(F)cc3)C2=O)cc(C)c1OC(C)(C)C(=O)O,5.672028376376989,1,EC50,PPARG,CHEMBL235
Cc1cc(CN2CCN(c3ccc(F)cn3)CC2)cc(C)c1OC(C)(C)C(=O)O,5.142667503568731,1,EC50,PPARG,CHEMBL235
Cc1cc(CN2CCN(c3ccc(OC(F)(F)F)cc3)C2=O)cc(C)c1OC(C)(C)C(=O)O,6.3814289718798705,1,EC50,PPARG,CHEMBL235
Cc1cc(CN2CCN(c3cccc(C(F)(F)F)c3)C2=O)cc(C)c1OC(C)(C)C(=O)O,6.053449489430145,1,EC50,PPARG,CHEMBL235
Cc1cc(CN2CCN(c3ccccc3)C2=O)cc(C)c1OC(C)(C)C(=O)O,5.376130731649697,1,EC50,PPARG,CHEMBL235
Cc1cc(CN2CCN(c3ccccc3C(F)(F)F)C2=O)cc(C)c1OC(C)(C)C(=O)O,5.462432742847325,1,EC50,PPARG,CHEMBL235
Cc1cc(CN2CCN(c3ncc(C(F)(F)F)cn3)CC2)cc(C)c1OC(C)(C)C(=O)O,5.431798275933005,1,EC50,PPARG,CHEMBL235
Cc1cc(CN2CCN(c3ncccc3C(F)(F)F)CC2)cc(C)c1OC(C)(C)C(=O)O,5.585026652029182,1,EC50,PPARG,CHEMBL235
Cc1cc(CN2CCc3ccccc3C2C(=O)Nc2ccc(Cl)cc2Cl)ccc1OCC(=O)O,5.568636235841012,1,EC50,PPARG,CHEMBL235
Cc1cc(CN2Cc3ccccc3C[C@@H]2C(=O)Nc2ccc(Cl)cc2Cl)ccc1OCC(=O)O,6.096910013008056,1,EC50,PPARG,CHEMBL235
Cc1cc(CNC(=O)c2ccc(C(F)(F)F)cc2F)cc(Oc2ccc(OC(C)(C)C(=O)O)c(C)c2)c1,7.920818753952375,1,IC50,PPARG,CHEMBL235
Cc1cc(COc2cc(COc3ccc(C(F)(F)F)cc3)ccc2Sc2ccc(OCC(=O)O)c(C)c2C)no1,6.180456064458131,1,Ki,PPARG,CHEMBL235
Cc1cc(COc2ccc3c(c2)O/C(=C\c2ccc(-c4ccccc4)cc2)C3=O)cc(C)c1OC(C)(C)C(=O)O,6.0,1,EC50,PPARG,CHEMBL235
Cc1cc(COc2ccc3c(c2)O/C(=C\c2ccc(C(F)(F)F)cc2)C3=O)cc(C)c1OC(C)(C)C(=O)O,5.374687549038326,1,EC50,PPARG,CHEMBL235
Cc1cc(COc2ccc3c(c2)O/C(=C\c2ccc(OC(F)(F)F)cc2)C3=O)cc(C)c1OC(C)(C)C(=O)O,5.196542884351587,1,EC50,PPARG,CHEMBL235
Cc1cc(COc2ccc3c(c2)O/C(=C\c2ccc(SC(F)(F)F)cc2)C3=O)cc(C)c1OC(C)(C)C(=O)O,5.787812395596042,1,EC50,PPARG,CHEMBL235
Cc1cc(Cc2cc(-c3ccc(Br)cc3)on2)cc(C)c1OC(C)(C)C(=O)O,5.545997101267028,2,EC50,PPARG,CHEMBL235
Cc1cc(Cl)ccc1-c1cc2cc(CCC(=O)O)ccc2[nH]1,4.556424120249742,1,EC50,PPARG,CHEMBL235
Cc1cc(Cl)ccc1[C@H](C)NC(=O)c1ccc2c(c1)c(C)c(C)n2Cc1ccc(-c2ccccc2)cc1,7.958607314841775,1,IC50,PPARG,CHEMBL235
Cc1cc(Cl)cnc1Oc1ccc2nc(COc3cccc(C(=O)O)c3)n(C)c2c1,7.6777807052660805,1,EC50,PPARG,CHEMBL235
Cc1cc(Cn2ncn(-c3ccc(-c4ccccc4)cc3)c2=O)cc(C)c1OC(C)(C)C(=O)O,5.748556464966638,1,EC50,PPARG,CHEMBL235
Cc1cc(Cn2ncn(-c3ccc(Br)cc3)c2=O)cc(C)c1OC(C)(C)C(=O)O,5.749872879223103,1,EC50,PPARG,CHEMBL235
Cc1cc(Cn2ncn(-c3ccc(C(C)C)cc3)c2=O)cc(C)c1OC(C)(C)C(=O)O,5.75448733218585,1,EC50,PPARG,CHEMBL235
Cc1cc(Cn2ncn(-c3ccc(C(F)(F)F)cc3)c2=O)cc(C(F)(F)F)c1OC(C)(C)C(=O)O,6.090337014845982,1,EC50,PPARG,CHEMBL235
Cc1cc(Cn2ncn(-c3ccc(C(F)(F)F)cc3)c2=O)cc(C)c1OC(C)(C)C(=O)O,5.845119755281239,1,EC50,PPARG,CHEMBL235
Cc1cc(Cn2ncn(-c3ccc(C(F)(F)F)cc3)c2=O)cc(Cl)c1OC(C)(C)C(=O)O,5.745983939138963,1,EC50,PPARG,CHEMBL235
Cc1cc(Cn2ncn(-c3ccc(C(F)(F)F)cc3)c2=O)ccc1OC(C)(C)C(=O)O,5.745814590537908,1,EC50,PPARG,CHEMBL235
Cc1cc(Cn2ncn(-c3ccc(Cl)cc3)c2=O)cc(C)c1OC(C)(C)C(=O)O,5.73716936514434,1,EC50,PPARG,CHEMBL235
Cc1cc(Cn2ncn(-c3ccc(F)cc3)c2=O)cc(C)c1OC(C)(C)C(=O)O,5.820735535660974,1,EC50,PPARG,CHEMBL235
Cc1cc(Cn2ncn(-c3ccc(OC(F)(F)F)cc3)c2=O)cc(C(F)(F)F)c1OC(C)(C)C(=O)O,5.775078654415969,1,EC50,PPARG,CHEMBL235
Cc1cc(Cn2ncn(-c3ccc(OC(F)(F)F)cc3)c2=O)cc(C)c1OC(C)(C)C(=O)O,5.778405857666848,4,EC50,PPARG,CHEMBL235
Cc1cc(Cn2ncn(-c3ccc(OC(F)(F)F)cc3)c2=O)ccc1OC(C)(C)C(=O)O,5.724688645458189,1,EC50,PPARG,CHEMBL235
Cc1cc(Cn2ncn(-c3cccc(C(F)(F)F)c3)c2=O)cc(C)c1OC(C)(C)C(=O)O,5.597515077926236,1,EC50,PPARG,CHEMBL235
Cc1cc(Cn2ncn(-c3ccccc3)c2=O)cc(C)c1OC(C)(C)C(=O)O,6.062983892535186,1,EC50,PPARG,CHEMBL235
Cc1cc(Cn2ncn(-c3ccccc3C(F)(F)F)c2=O)cc(C)c1OC(C)(C)C(=O)O,5.421418088598131,1,EC50,PPARG,CHEMBL235
Cc1cc(F)cc(Oc2ccc3nc(COc4cccc(C(=O)O)c4)n(C)c3c2)c1,7.6777807052660805,1,EC50,PPARG,CHEMBL235
Cc1cc(F)ccc1-c1cc2cc(CCC(=O)O)ccc2[nH]1,4.244582537189063,1,EC50,PPARG,CHEMBL235
Cc1cc(F)ccc1Oc1ccc2nc(COc3cccc(C(=O)O)c3)n(C)c2c1,7.657577319177793,1,EC50,PPARG,CHEMBL235
Cc1cc(F)cnc1Oc1ccc2nc(COc3cccc(C(=O)O)c3)n(C)c2c1,7.0,1,EC50,PPARG,CHEMBL235
Cc1cc(N2C(=O)CN(Cc3ccc(C(F)(F)F)cc3)C2=O)cc(C)c1OC(C)(C)C(=O)O,6.1666616110606025,1,EC50,PPARG,CHEMBL235
Cc1cc(N2CC(=O)N(Cc3cc(C)c(OC(C)(C)C(=O)O)c(C)c3)C2=O)ccc1OC(F)(F)F,6.132886220168023,1,EC50,PPARG,CHEMBL235
Cc1cc(N2CCOCC2)cnc1NC(=O)c1cc(C(=O)NCc2ccc(F)c(F)c2)c(F)cc1Cl,7.69864826040281,3,"EC50,IC50",PPARG,CHEMBL235
Cc1cc(NS(=O)(=O)c2ccc(Cl)cc2Cl)ccc1Oc1cncc(Cl)c1,6.02726570743409,2,"EC50,IC50",PPARG,CHEMBL235
Cc1cc(O)c(C(=O)/C=C/c2ccnc(F)c2)c(=O)o1,5.481486060122112,1,Ki,PPARG,CHEMBL235
Cc1cc(O)c(C(=O)/C=C/c2ccncc2)c(=O)o1,4.889410289700751,1,Ki,PPARG,CHEMBL235
Cc1cc(OC(Cc2ccccc2)C(=O)O)cc(C)c1-c1ccccc1,5.690369832574101,1,EC50,PPARG,CHEMBL235
Cc1cc(OC(F)F)ccc1NC(=O)c1cc(C(=O)NCc2ccc(F)cc2)c(F)cc1Cl,8.112049456496008,3,"EC50,IC50",PPARG,CHEMBL235
Cc1cc(OCCCOc2ccc(-c3ccccc3)cc2)ccc1OCC(=O)O,5.341035157335565,1,EC50,PPARG,CHEMBL235
Cc1cc(OCCCOc2cccc(Cl)c2)ccc1OCC(=O)O,5.8124792791635365,1,EC50,PPARG,CHEMBL235
Cc1cc(OCCO)ccc1NC(=O)c1cc(C(=O)NCc2ccc(F)c(F)c2)c(F)cc1Cl,7.4622265193037345,2,"EC50,IC50",PPARG,CHEMBL235
Cc1cc(OCC[C@@H](C)Oc2ccc(C(F)(F)F)cc2-c2ccccn2)ccc1CCC(=O)O,7.698970004336019,1,IC50,PPARG,CHEMBL235
Cc1cc(OCC[C@@H](C)Oc2ccc(C(F)(F)F)cc2Oc2ccccc2)ccc1CCC(=O)O,8.221848749616356,1,IC50,PPARG,CHEMBL235
Cc1cc(OCC[C@@H](C)Oc2ccc(Cl)cc2-c2ccccn2)ccc1CCC(=O)O,7.055517327849831,1,IC50,PPARG,CHEMBL235
Cc1cc(OCC[C@@H](C)Oc2ccc(Cl)cc2Oc2ccccc2)ccc1CCC(=O)O,7.823908740944319,1,IC50,PPARG,CHEMBL235
Cc1cc(OCC[C@@H](C)Oc2ccc(OC(F)(F)F)cc2Oc2ccccc2)ccc1CCC(=O)O,8.221848749616356,1,IC50,PPARG,CHEMBL235
Cc1cc(OCc2cc(-c3ccc(Cl)cc3)on2)cc2scc(CC(=O)O)c12,5.062482107982653,1,IC50,PPARG,CHEMBL235
Cc1cc(OCc2nc(-c3ccc(C(=O)N(C)C(C)C)cc3)c(-c3ccc(OC(F)(F)F)cc3)o2)ccc1OCC(=O)O,6.221848749616356,1,EC50,PPARG,CHEMBL235
Cc1cc(OCc2nc(-c3ccc(C(=O)N(C)C(C)C)cc3)c(-c3ccc(OC(F)(F)F)cc3)s2)ccc1OCC(=O)O,5.920818753952375,1,EC50,PPARG,CHEMBL235
Cc1cc(OCc2nc(-c3ccc(C(=O)N4CCCCC4)cc3)c(-c3ccc(OC(F)(F)F)cc3)s2)ccc1OCC(=O)O,5.806875401645538,1,EC50,PPARG,CHEMBL235
Cc1cc(OCc2nc(-c3ccc(N4CCOCC4)nc3)c(-c3ccc(OC(F)(F)F)cc3)o2)ccc1OCC(=O)O,5.603800652904264,1,EC50,PPARG,CHEMBL235
Cc1cc(OCc2nc(-c3ccc(OC(C)C)nc3)c(-c3ccc(OC(F)(F)F)cc3)o2)ccc1OCC(=O)O,4.154901959985743,1,EC50,PPARG,CHEMBL235
Cc1cc(OCc2nc(-c3cnc(N4CCOCC4)nc3)c(-c3ccc(OC(F)(F)F)cc3)o2)ccc1OCC(=O)O,5.987162775294828,1,EC50,PPARG,CHEMBL235
Cc1cc(OCc2nc(-c3cnc(OC(C)C)nc3)c(-c3ccc(OC(F)(F)F)cc3)o2)ccc1OCC(=O)O,6.008773924307505,1,EC50,PPARG,CHEMBL235
Cc1cc(OCc2sc(-c3ccc(C(F)(F)F)cc3)nc2C)ccc1/C=C/C(=O)O,5.568636235841012,1,EC50,PPARG,CHEMBL235
Cc1cc(OCc2sc(-c3ccc(C(F)(F)F)cc3)nc2C)ccc1CCC(=O)O,5.376750709602099,1,EC50,PPARG,CHEMBL235
Cc1cc(O[C@@H](Cc2ccccc2)C(=O)O)ccc1-c1ccccc1,6.154901959985743,1,EC50,PPARG,CHEMBL235
Cc1cc(Oc2cc(F)cc(CNC(=O)c3ccc(C(F)(F)F)cc3F)c2)ccc1OC(C)(C)C(=O)O,8.096910013008056,1,IC50,PPARG,CHEMBL235
Cc1cc(Oc2ccc(F)c(CNC(=O)c3ccc(C(F)(F)F)cc3F)c2)ccc1OC(C)(C)C(=O)O,8.096910013008056,1,IC50,PPARG,CHEMBL235
Cc1cc(Oc2ccc3nc(COc4ccc(C#N)cc4)n(C)c3c2)cc(C)c1N.Cl.Cl,6.403402904373539,1,EC50,PPARG,CHEMBL235
Cc1cc(Oc2ccc3nc(COc4ccc(C(=O)O)cc4)n(C)c3c2)cc(C)c1N.Cl.Cl,6.098541678603888,1,EC50,PPARG,CHEMBL235
Cc1cc(Oc2ccc3nc(COc4ccc(CC5SC(=O)NC5=O)cc4)n(C)c3c2)cc(C)c1N,9.710108201691595,2,EC50,PPARG,CHEMBL235
Cc1cc(Oc2ccc3nc(COc4cccc(C#N)c4)n(C)c3c2)cc(C)c1N.Cl.Cl,7.366531544420414,1,EC50,PPARG,CHEMBL235
Cc1cc(Oc2ccc3nc(COc4cccc(C(=O)O)c4)n(C)c3c2)cc(C)c1N.Cl.Cl,6.52432881167557,1,EC50,PPARG,CHEMBL235
Cc1cc(Oc2ccc3nc(COc4cccc(C(=O)O)c4)n(C)c3c2)cc(C)n1,5.561457651213889,1,EC50,PPARG,CHEMBL235
Cc1cc(Oc2ccc3nc(COc4cccc(C(=O)O)c4)n(C)c3c2)ccc1F.Cl,7.207608310501746,1,EC50,PPARG,CHEMBL235
Cc1cc(Oc2ccc3nc(COc4cccc(C(=O)O)c4)n(C)c3c2)ccn1,5.225702061500723,1,EC50,PPARG,CHEMBL235
Cc1cc(Oc2ccc3nc(COc4ccccc4)n(C)c3c2)cc(C)c1N.Cl.Cl,6.497572880015568,1,EC50,PPARG,CHEMBL235
Cc1cc(Oc2ccc3nc(COc4ccccc4C#N)n(C)c3c2)cc(C)c1N.Cl.Cl,6.407823242604133,1,EC50,PPARG,CHEMBL235
Cc1cc(Oc2ccc3nc(COc4ccccc4C(=O)O)n(C)c3c2)cc(C)c1N.Cl.Cl,5.215097550113345,1,EC50,PPARG,CHEMBL235
Cc1cc(Oc2cccc(CNC(=O)c3[nH]c4ccc(Cl)cc4c3C)c2)ccc1CCC(=O)O,7.568636235841012,1,IC50,PPARG,CHEMBL235
Cc1cc(Oc2cccc(CNC(=O)c3c(C)c4cc(Cl)ccc4n3C)c2)ccc1CCC(=O)O,7.455931955649724,1,IC50,PPARG,CHEMBL235
Cc1cc(Oc2cccc(CNC(=O)c3cc4c(Cl)cccc4[nH]3)c2)ccc1CCC(=O)O,6.58838029403677,1,IC50,PPARG,CHEMBL235
Cc1cc(Oc2cccc(CNC(=O)c3cc4cc(Br)ccc4[nH]3)c2)ccc1CCC(=O)O,8.096910013008056,1,IC50,PPARG,CHEMBL235
Cc1cc(Oc2cccc(CNC(=O)c3cc4cc(Cl)c(Cl)cc4[nH]3)c2)ccc1CCC(=O)O,7.022276394711152,1,IC50,PPARG,CHEMBL235
Cc1cc(Oc2cccc(CNC(=O)c3cc4cc(Cl)ccc4[nH]3)c2)ccc1CCC(=O)O,7.886056647693163,1,IC50,PPARG,CHEMBL235
Cc1cc(Oc2cccc(CNC(=O)c3cc4cc(Cl)ccc4n3C)c2)ccc1CCC(=O)O,7.008773924307505,1,IC50,PPARG,CHEMBL235
Cc1cc(Oc2cccc(CNC(=O)c3cc4ccc(Cl)cc4[nH]3)c2)ccc1CCC(=O)O,6.632644078973981,1,IC50,PPARG,CHEMBL235
Cc1cc(Oc2cccc(CNC(=O)c3cc4cccc(Br)c4[nH]3)c2)ccc1CCC(=O)O,7.431798275933005,1,IC50,PPARG,CHEMBL235
Cc1cc(Oc2cccc(CNC(=O)c3ccc(C(F)(F)F)cc3)c2)ccc1OC(C)(C)C(=O)O,7.7447274948966935,1,IC50,PPARG,CHEMBL235
Cc1cc(Oc2cccc(CNC(=O)c3ccc(C(F)(F)F)cc3Br)c2)ccc1OC(C)(C)C(=O)O,7.920818753952375,1,IC50,PPARG,CHEMBL235
Cc1cc(Oc2cccc(CNC(=O)c3ccc(C(F)(F)F)cc3C(F)(F)F)c2)ccc1OC(C)(C)C(=O)O,6.692503962086787,1,IC50,PPARG,CHEMBL235
Cc1cc(Oc2cccc(CNC(=O)c3ccc(C(F)(F)F)cc3C)c2)ccc1CCC(=O)O,6.899629454882437,1,IC50,PPARG,CHEMBL235
Cc1cc(Oc2cccc(CNC(=O)c3ccc(C(F)(F)F)cc3C)c2)ccc1OC(C)(C)C(=O)O,8.045757490560675,1,IC50,PPARG,CHEMBL235
Cc1cc(Oc2cccc(CNC(=O)c3ccc(C(F)(F)F)cc3Cl)c2)ccc1OC(C)(C)C(=O)O,7.823908740944319,1,IC50,PPARG,CHEMBL235
Cc1cc(Oc2cccc(CNC(=O)c3ccc(C(F)(F)F)cc3F)c2)ccc1OC(C)(C)C(=O)O,7.920818753952375,1,IC50,PPARG,CHEMBL235
Cc1cc(Oc2cccc(CNC(=O)c3ccc(C(F)(F)F)cc3Oc3ccccc3)c2)ccc1OC(C)(C)C(=O)O,6.943095148663527,1,IC50,PPARG,CHEMBL235
Cc1cc(Oc2cccc(CNC(=O)c3ccc(Cl)cc3C)c2)ccc1OC(C)(C)C(=O)O,8.045757490560675,1,IC50,PPARG,CHEMBL235
Cc1cc(Oc2cccc(CNC(=O)c3ccc(OC(F)(F)F)cc3C)c2)ccc1OC(C)(C)C(=O)O,7.327902142064282,1,IC50,PPARG,CHEMBL235
Cc1cc(Oc2cccc(CNC(=O)c3ccccc3C)c2)ccc1OC(C)(C)C(=O)O,7.698970004336019,1,IC50,PPARG,CHEMBL235
Cc1cc(S(=O)(=O)N(CCC(C)C)c2cccc(-c3ccc(C(F)(F)F)cc3)c2)ccc1OCC(=O)O,5.300000202445418,1,IC50,PPARG,CHEMBL235
Cc1cc(S(=O)(=O)Nc2cc(Cl)c(Oc3cnc4ccccc4c3)c(Cl)c2)ccc1Br,6.221848749616356,1,EC50,PPARG,CHEMBL235
Cc1cc(SCc2ccc(OCc3ccc(C(F)(F)F)cc3)cc2)c(Cl)cc1OCC(=O)O,5.0400051616715835,1,IC50,PPARG,CHEMBL235
Cc1cc(SCc2ccc(OCc3ccc(C(F)(F)F)cc3)cc2)c2c(c1OCC(=O)O)CCC2,4.665546248849069,1,IC50,PPARG,CHEMBL235
Cc1cc(SCc2ccc(OCc3ccc(C(F)(F)F)cc3)cc2)c2c(c1OCC(=O)O)CCCO2,4.47755576649368,1,IC50,PPARG,CHEMBL235
Cc1cc(SCc2nnc(-c3ccc(OC(C)(C)C)cc3)s2)ccc1OCC(=O)O,6.318758762624412,1,EC50,PPARG,CHEMBL235
Cc1cc(SCc2oc(-c3ccc(C(F)(F)F)cc3)nc2C)ccc1OCC(=O)O,5.79317412396815,1,EC50,PPARG,CHEMBL235
Cc1cc(SCc2sc(-c3ccc(C(F)(F)F)c(F)c3)nc2C)ccc1OCC(=O)O,5.359938551848846,2,EC50,PPARG,CHEMBL235
Cc1cc(SCc2sc(-c3ccc(C(F)(F)F)cc3)nc2C)ccc1OCC(=O)O,5.510352744703984,10,"EC50,IC50",PPARG,CHEMBL235
Cc1cc(SCn2ncn(-c3ccc(C(F)(F)F)cc3)c2=O)cc(C)c1OC(C)(C)C(=O)O,5.545795624964485,1,EC50,PPARG,CHEMBL235
Cc1cc2c(CC(=O)O)csc2cc1OCc1ccccc1COc1ccc(C(F)(F)F)cc1,5.120330794367947,1,IC50,PPARG,CHEMBL235
Cc1cc2c(CC(=O)O)csc2cc1OCc1sc(-c2ccc(C(F)(F)F)cc2)nc1C,5.20342566678957,1,IC50,PPARG,CHEMBL235
Cc1cc2c(CCc3nc(-c4ccc(Cl)cc4Cl)oc3C(C)C)noc2cc1OCC(=O)O,5.0,1,EC50,PPARG,CHEMBL235
Cc1cc2c(s1)c(-c1ccc(C(=O)O)cc1)nn2C(=O)c1c(Cl)cccc1Cl,6.522878745280337,1,EC50,PPARG,CHEMBL235
Cc1cc2cc(C(=O)NCc3ccc(CS(=O)(=O)C4CC4)cc3C(F)(F)F)ccc2n1Cc1cccc(F)c1,6.585240959732719,3,"EC50,IC50",PPARG,CHEMBL235
Cc1cc2cc(C(=O)NCc3ccc(CS(=O)(=O)C4CC4)cc3C(F)(F)F)ccc2n1S(=O)(=O)C(C)C,6.200659450546418,1,EC50,PPARG,CHEMBL235
Cc1cc2cc(C(=O)N[C@@H](C)c3ccc(Br)cc3)ccc2n1Cc1ccc(-c2ccccc2C(=O)O)cc1,7.096910013008056,1,IC50,PPARG,CHEMBL235
Cc1cc2nc(-c3ccc(NC(=O)c4cc([N+](=O)[O-])ccc4Cl)cc3)oc2cc1C,8.397940008672037,2,"EC50,IC50",PPARG,CHEMBL235
Cc1ccc(-c2ccc(O[C@@H](Cc3ccccc3)C(=O)O)cc2)cc1,6.229147988357855,1,EC50,PPARG,CHEMBL235
Cc1ccc(-c2nc(C)c(C(=O)N[C@H]3CCCN(c4cccc(C(=O)O)c4)C3)s2)cc1,5.508638306165727,1,EC50,PPARG,CHEMBL235
Cc1ccc(-c2nc(CCCC[C@H]3CO[C@@](C)(C(=O)O)OC3)c(C)o2)cc1,5.154901959985743,1,EC50,PPARG,CHEMBL235
Cc1ccc(-c2nc(CCOc3ccc(CC4(C(=O)O)CCCO4)cn3)c(C)o2)cc1,7.638272163982407,1,Ki,PPARG,CHEMBL235
Cc1ccc(-c2nc(CCOc3ccc(C[C@H](Nc4ccccc4C(=O)c4ccccc4)C(=O)O)cc3)c(C)o2)s1,9.070019409484486,1,Ki,PPARG,CHEMBL235
Cc1ccc(-c2nc3ccc(NC(=O)c4cc([N+](=O)[O-])ccc4Cl)cc3o2)cc1,7.0713337517843655,2,"EC50,IC50",PPARG,CHEMBL235
Cc1ccc(-n2c(SCC(=O)Nc3ccc(S(=O)(=O)NC(=O)NC4CCCCC4)cc3)nc3ccccc3c2=O)cc1,6.39577394691553,1,IC50,PPARG,CHEMBL235
Cc1ccc(-n2c(SCC(=O)Nc3ccc(S(=O)(=O)NC(=O)Nc4ccccc4)cc3)nc3ccccc3c2=O)cc1,6.430626090384954,1,IC50,PPARG,CHEMBL235
Cc1ccc(-n2cnn(Cc3cc(C)c(OC(C)(C)C(=O)O)c(C)c3)c2=O)cc1,6.020133077435097,1,EC50,PPARG,CHEMBL235
Cc1ccc(-n2nc3ccc(NC(=O)c4cc([N+](=O)[O-])ccc4Cl)cc3n2)cc1,8.925698672596953,2,"EC50,IC50",PPARG,CHEMBL235
Cc1ccc(/N=N/c2ccc(OCCc3ccc(OC(C)(C)C(=O)O)cc3)c(C(F)(F)F)c2)cc1,5.920818753952375,1,EC50,PPARG,CHEMBL235
Cc1ccc(/N=N/c2ccc(OCCc3ccc(OC(C)(C)C(=O)O)cc3)c(C)c2)cc1,5.638272163982407,1,EC50,PPARG,CHEMBL235
Cc1ccc(/N=N/c2ccc(OCCc3ccc(OC(C)(C)C(=O)O)cc3)c(Cl)c2)cc1,5.346787486224656,1,EC50,PPARG,CHEMBL235
Cc1ccc(/N=N\c2ccc(OCCc3ccc(OC(C)(C)C(=O)O)cc3)c(C(F)(F)F)c2)cc1,5.886056647693163,1,EC50,PPARG,CHEMBL235
Cc1ccc(/N=N\c2ccc(OCCc3ccc(OC(C)(C)C(=O)O)cc3)c(C)c2)cc1,5.920818753952375,1,EC50,PPARG,CHEMBL235
Cc1ccc(/N=N\c2ccc(OCCc3ccc(OC(C)(C)C(=O)O)cc3)c(Cl)c2)cc1,5.318758762624412,1,EC50,PPARG,CHEMBL235
Cc1ccc(=O)n(CCOc2ccc(C[C@H](Nc3ccccc3C(=O)c3ccccc3)C(=O)O)cc2)n1,6.879985747921933,1,Ki,PPARG,CHEMBL235
Cc1ccc(C(=O)NCc2cccc(Oc3ccc(OC(C)(C)C(=O)O)c(C)c3)c2)c(C)c1,8.154901959985743,1,IC50,PPARG,CHEMBL235
Cc1ccc(C(=O)O)cc1NC(=O)c1ccccc1NC(=O)c1ccc(C(C)(C)C)cc1,5.200659450546418,1,EC50,PPARG,CHEMBL235
Cc1ccc(C(=O)c2ccc(CSCC(NC(=O)OC(C)(C)C)C(=O)O)cc2)cc1,5.337242168318426,1,EC50,PPARG,CHEMBL235
Cc1ccc(C(=O)c2ccccc2NC(Cc2ccc(OCCN(C)c3nc4ccccc4o3)cc2)C(=O)O)cc1,8.550059011226661,1,Ki,PPARG,CHEMBL235
Cc1ccc(C(=O)c2cccn2C/C=C/c2cccc(OCC(=O)O)c2)cc1,5.920818753952375,1,EC50,PPARG,CHEMBL235
Cc1ccc(C)c(OCCCC(C)(C)C(=O)O)c1,3.997634732110538,2,EC50,PPARG,CHEMBL235
Cc1ccc(C)c(Oc2ccc3nc(COc4cccc(C(=O)O)c4)n(C)c3c2)n1,6.1444808443322,1,EC50,PPARG,CHEMBL235
Cc1ccc(CC(=O)O)cc1OCCC1(N2CCCC2)CCN(c2nc3ccc(Cl)cc3s2)CC1,5.795880017344075,1,EC50,PPARG,CHEMBL235
Cc1ccc(CC(=O)O)cc1OCCC1CCN(c2nc3ccc(Cl)cc3s2)CC1,6.266000713461613,2,EC50,PPARG,CHEMBL235
Cc1ccc(CC(=O)O)cc1OCCN1CCN(c2nc3ccc(Cl)cc3s2)C[C@@H]1C,5.958607314841775,1,EC50,PPARG,CHEMBL235
Cc1ccc(CC(Oc2ccc(Cl)cc2)C(=O)O)cc1,5.360513510731414,1,EC50,PPARG,CHEMBL235
Cc1ccc(CN2C(=O)S/C(=C\c3ccc(Nc4ccc(Cl)cc4)cc3)C2=O)cc1,5.867100230055517,1,EC50,PPARG,CHEMBL235
Cc1ccc(CN2C(=O)S/C(=C\c3ccc(Nc4ccc(Cl)cc4)s3)C2=O)cc1,5.832978204209743,1,EC50,PPARG,CHEMBL235
Cc1ccc(CN2C(=O)S/C(=C\c3ccc(Nc4ccc([N+](=O)[O-])cc4)s3)C2=O)cc1,5.809948582240795,1,EC50,PPARG,CHEMBL235
Cc1ccc(CN2C(=O)S/C(=C\c3ccc(Nc4cccc(Cl)c4)s3)C2=O)cc1,6.082652062372228,1,EC50,PPARG,CHEMBL235
Cc1ccc(CN2C(=O)S/C(=C\c3ccc(Nc4ccccc4Cl)s3)C2=O)cc1,6.131355561605174,1,EC50,PPARG,CHEMBL235
Cc1ccc(CN2C(=O)S/C(=C\c3ccc(Nc4ccccc4[N+](=O)[O-])s3)C2=O)cc1,6.033107704132863,1,EC50,PPARG,CHEMBL235
Cc1ccc(CN2C(=O)S/C(=C\c3ccc(OCc4ccccc4)s3)C2=O)cc1,5.6965879294032575,1,EC50,PPARG,CHEMBL235
Cc1ccc(CN2C(=O)S/C(=C\c3ccc(Oc4ccc([N+](=O)[O-])cc4)s3)C2=O)cc1,5.813043664534588,1,EC50,PPARG,CHEMBL235
Cc1ccc(CN2C(=O)S/C(=C\c3ccc(Oc4ccc5ccccc5c4)s3)C2=O)cc1,5.447940465812115,1,EC50,PPARG,CHEMBL235
Cc1ccc(CN2C(=O)S/C(=C\c3ccc(Oc4ccccc4)s3)C2=O)cc1,5.5616158929652855,1,EC50,PPARG,CHEMBL235
Cc1ccc(CNC(=O)c2ccc(C(F)(F)F)cc2F)cc1Oc1ccc(OC(C)(C)C(=O)O)c(C)c1,8.301029995663981,1,IC50,PPARG,CHEMBL235
Cc1ccc(CNC(=O)c2ccc3c(c2)c(C)c(C)n3Cc2ccc(-c3ccccc3C(=O)O)cc2)cc1,8.216583993888612,3,"EC50,IC50",PPARG,CHEMBL235
Cc1ccc(CNC(=O)c2ccc3c(c2)c(C)c(C)n3Cc2ccc(-c3ccccc3C(=O)O)cc2)o1,7.920818753952375,1,IC50,PPARG,CHEMBL235
Cc1ccc(COc2cccc(OCCCOc3ccc4[nH]cc(CC(=O)O)c4c3)c2)cc1,5.769551078621726,1,EC50,PPARG,CHEMBL235
Cc1ccc(COc2cccc(OCCCOc3ccc4c(CC(=O)O)cn(Cc5ccccc5)c4c3)c2)cc1,5.886056647693163,1,EC50,PPARG,CHEMBL235
Cc1ccc(COc2ccccc2/C=C2/SC(=S)N(CCC(=O)O)C2=O)cc1,5.879755204453635,1,IC50,PPARG,CHEMBL235
Cc1ccc(Cn2nc(CCCc3ccc(OC(C)(C)C(=O)O)cc3)n(C)c2=O)cc1C,5.769551078621726,1,IC50,PPARG,CHEMBL235
Cc1ccc(Cn2nc(CCCc3ccc(OC(C)(C)C(=O)O)cc3)n(CC(=O)O)c2=O)cc1,5.102372908709558,1,IC50,PPARG,CHEMBL235
Cc1ccc(Cn2nc(CCCc3ccc(OC(C)(C)C(=O)O)cc3)n(CCO)c2=O)cc1,5.214670164989233,1,IC50,PPARG,CHEMBL235
Cc1ccc(Cn2nc(CCCc3ccc(OC(C)(C)C(=O)O)cc3)nc2O)cc1,5.187086643357144,1,IC50,PPARG,CHEMBL235
Cc1ccc(F)c(Oc2ccc3nc(COc4cccc(C(=O)O)c4)n(C)c3c2)c1,6.856985199745905,1,EC50,PPARG,CHEMBL235
Cc1ccc(F)c([C@H](C)NC(=O)c2ccc3c(c2)c(C)c(C)n3Cc2ccc(-c3ccccc3C(=O)O)cc2)c1,8.221848749616356,1,IC50,PPARG,CHEMBL235
Cc1ccc(F)cc1Oc1ccc2nc(COc3cccc(C(=O)O)c3)n(C)c2c1,7.4089353929735005,1,EC50,PPARG,CHEMBL235
Cc1ccc(N2CC(=O)N(Cc3cc(C)c(OC(C)(C)C(=O)O)c(C)c3)C2=O)cc1,6.201487466968649,1,EC50,PPARG,CHEMBL235
Cc1ccc(N2CCN(Cc3cc(C)c(OC(C)(C)C(=O)O)c(C)c3)C2=O)cc1,5.92009553233328,1,EC50,PPARG,CHEMBL235
Cc1ccc(N2CCN(Cc3cc(C)c(OC(C)(C)C(=O)O)c(C)c3)CC2)nc1,5.267606240177031,1,EC50,PPARG,CHEMBL235
Cc1ccc(NC(=O)COc2ccc3cc(/C=C4/SC(=O)NC4=O)ccc3c2)cc1,5.913640169325252,1,EC50,PPARG,CHEMBL235
Cc1ccc(NC(=O)N(CCCCC2CCCCC2)CCc2ccc(SC(C)(C)C(=O)O)cc2)cc1[N+](=O)[O-],5.698970004336019,1,EC50,PPARG,CHEMBL235
Cc1ccc(NC(=O)c2ccc(Cl)cc2Cl)c(C(=O)O)c1,5.657577319177793,1,Ki,PPARG,CHEMBL235
Cc1ccc(NC(=O)c2cccc(S(=O)(=O)N3CCc4ccccc4C3)c2)c(C(=O)O)c1,5.300000202445418,1,IC50,PPARG,CHEMBL235
Cc1ccc(NC(=O)c2cccc(S(=O)(=O)n3ccc4c(Br)cccc43)c2)c(C(=O)O)c1,5.899998417198648,1,IC50,PPARG,CHEMBL235
Cc1ccc(NC(=O)c2cccc(S(=O)(=O)n3ccc4c(C)cccc43)c2)c(C(=O)O)c1,5.700000503883016,1,IC50,PPARG,CHEMBL235
Cc1ccc(NC(=O)c2cccc(S(=O)(=O)n3ccc4cc(C)ccc43)c2)c(C(=O)O)c1,5.59999938302362,1,IC50,PPARG,CHEMBL235
Cc1ccc(NC(=O)c2cccc(S(=O)(=O)n3ccc4cc(Cl)ccc43)c2)c(C(=O)O)c1,5.800000874803203,1,IC50,PPARG,CHEMBL235
Cc1ccc(NC(=O)c2cccc(S(=O)(=O)n3ccc4ccc(C)cc43)c2)c(C(=O)O)c1,5.59999938302362,1,IC50,PPARG,CHEMBL235
Cc1ccc(NC(=O)c2cccc(S(=O)(=O)n3ccc4ccc(Cl)cc43)c2)c(C(=O)O)c1,5.700000503883016,1,IC50,PPARG,CHEMBL235
Cc1ccc(NC(=O)c2cccc(S(=O)(=O)n3ccc4cccc(C)c43)c2)c(C(=O)O)c1,6.0,1,IC50,PPARG,CHEMBL235
Cc1ccc(NC(=O)c2cccc(S(=O)(=O)n3ccc4cccc(Cl)c43)c2)c(C(=O)O)c1,6.0999990348465305,1,IC50,PPARG,CHEMBL235
Cc1ccc(NC(=O)c2ccccc2NC(=O)c2ccc(C(C)(C)C)cc2)cc1C(=O)O,5.301029995663981,1,EC50,PPARG,CHEMBL235
Cc1ccc(NC(=S)NS(=O)(=O)c2ccc(CCNS(=O)(=O)c3ccccc3)cc2)cc1,4.301029995663981,1,IC50,PPARG,CHEMBL235
Cc1ccc(NC(Cc2ccc(OCCN(C)c3nc4ccccc4o3)cc2)C(=O)O)c(C(=O)c2ccccc2)c1,7.869988050328096,1,Ki,PPARG,CHEMBL235
Cc1ccc(Nc2cc(Cl)nc(SC(C(=O)O)c3cccc4ccccc34)n2)cc1C,5.107905397309519,1,EC50,PPARG,CHEMBL235
Cc1ccc(OC(=O)N(CC(=O)O)Cc2cc(OCc3nc(-c4ccc(Cl)cc4)oc3C)ccc2F)cc1,5.901356274182943,1,EC50,PPARG,CHEMBL235
Cc1ccc(OC(=O)N(CC(=O)O)Cc2ccc(OCCc3nc(-c4ccc(Cl)cc4)oc3C)cc2)cc1,6.849550590539119,1,IC50,PPARG,CHEMBL235
Cc1ccc(OC(=O)N(CC(=O)O)Cc2ccc(OCc3nc(-c4ccc(Cl)cc4)oc3C)cc2)cc1,6.605898697959955,1,IC50,PPARG,CHEMBL235
Cc1ccc(OC(=O)N(CC(=O)O)Cc2cccc(OCCc3nc(-c4ccc(Cl)cc4)oc3C)c2)cc1,6.790484985457369,1,IC50,PPARG,CHEMBL235
Cc1ccc(OC(=O)N(CC(=O)O)Cc2cccc(OCc3nc(-c4ccc(-c5ccccc5)cc4)oc3C)c2)cc1,5.701583619938706,1,IC50,PPARG,CHEMBL235
Cc1ccc(OC(=O)N(CC(=O)O)Cc2cccc(OCc3nc(-c4ccc(C#N)cc4)oc3C)c2)cc1,5.139242876918457,1,IC50,PPARG,CHEMBL235
Cc1ccc(OC(=O)N(CC(=O)O)Cc2cccc(OCc3nc(-c4ccc(C(C)(C)C)cc4)oc3C)c2)cc1,6.316052869248487,1,IC50,PPARG,CHEMBL235
Cc1ccc(OC(=O)N(CC(=O)O)Cc2cccc(OCc3nc(-c4ccc(C(C)C)cc4)oc3C)c2)cc1,6.3036436112666685,1,IC50,PPARG,CHEMBL235
Cc1ccc(OC(=O)N(CC(=O)O)Cc2cccc(OCc3nc(-c4ccc(C(F)(F)F)cc4)oc3C)c2)cc1,5.562725202589876,1,IC50,PPARG,CHEMBL235
Cc1ccc(OC(=O)N(CC(=O)O)Cc2cccc(OCc3nc(-c4ccc(C)cc4)oc3C)c2)cc1,5.866141874796665,1,IC50,PPARG,CHEMBL235
Cc1ccc(OC(=O)N(CC(=O)O)Cc2cccc(OCc3nc(-c4ccc(Cl)cc4)oc3C)c2)cc1,5.55455148573395,1,IC50,PPARG,CHEMBL235
Cc1ccc(OC(=O)N(CC(=O)O)Cc2cccc(OCc3nc(-c4ccc(Cl)cc4)sc3C)c2)cc1,5.473402290896548,1,IC50,PPARG,CHEMBL235
Cc1ccc(OC(=O)N(CC(=O)O)Cc2cccc(OCc3nc(-c4ccc(F)cc4)oc3C)c2)cc1,5.638272163982407,1,IC50,PPARG,CHEMBL235
Cc1ccc(OC(=O)N(CC(=O)O)Cc2cccc(OCc3nc(-c4ccc(N5CCOCC5)cc4)oc3C)c2)cc1,5.92299567320665,1,IC50,PPARG,CHEMBL235
Cc1ccc(OC(=O)N(CC(=O)O)Cc2cccc(OCc3nc(-c4cccc(Cl)c4)oc3C)c2)cc1,6.415668775632469,1,IC50,PPARG,CHEMBL235
Cc1ccc(OC(=O)N(CC(=O)O)Cc2cccc(OCc3nc(-c4ccccc4Cl)oc3C)c2)cc1,5.983384452442823,1,IC50,PPARG,CHEMBL235
Cc1ccc(OC(=O)N(CC(=O)O)Cc2cccc(OCc3oc(-c4ccc(Cl)cc4)nc3C)c2)cc1,5.450261268735101,1,IC50,PPARG,CHEMBL235
Cc1ccc(OC(=O)N(CC(=O)O)Cc2cccc(OCc3sc(-c4ccc(Cl)cc4)nc3C)c2)cc1,5.391794992295674,1,IC50,PPARG,CHEMBL235
Cc1ccc(OCCC2CCN(c3nc4ccc(Cl)cc4s3)CC2)cc1CC(=O)O,6.008773924307505,1,EC50,PPARG,CHEMBL235
Cc1ccc(OCCCOc2ccc3c(c2)CC[C@H]3CC(=O)O)c(C)c1,3.3300000011951703,1,EC50,PPARG,CHEMBL235
Cc1ccc(OCCCOc2ccc3c(c2)OCC3CC(=O)O)cc1,5.7423214251308154,1,EC50,PPARG,CHEMBL235
Cc1ccc(OCCOc2ccc(C[C@H](Nc3ccccc3C(=O)c3ccccc3)C(=O)O)cc2)cc1,7.029978734171634,1,Ki,PPARG,CHEMBL235
Cc1ccc(OS(=O)(=O)/C=C/c2ccccc2)cc1,6.39040559077478,1,IC50,PPARG,CHEMBL235
Cc1ccc(Oc2cc(C)c3nc(COc4cccc(C(=O)O)c4)n(C)c3c2)c(C)n1,6.090979145788844,1,EC50,PPARG,CHEMBL235
Cc1ccc(Oc2cc(OC(C)C)c3nc(COc4cccc(C(=O)O)c4)n(C)c3c2)c(C)n1,7.508638306165727,1,EC50,PPARG,CHEMBL235
Cc1ccc(Oc2cc3c(cn2)nc(COc2cccc(C(=O)O)c2)n3C)cc1,6.127261172527332,1,EC50,PPARG,CHEMBL235
Cc1ccc(Oc2ccc(OC(C)(C)C(=O)O)c(C)c2)cc1CNC(=O)c1ccc(C(F)(F)F)cc1F,7.769551078621726,1,IC50,PPARG,CHEMBL235
Cc1ccc(Oc2ccc3nc(COc4cccc(C(=O)O)c4)n(C)c3c2)c(C)n1,6.5638373529592435,1,EC50,PPARG,CHEMBL235
Cc1ccc(Oc2ccc3nc(COc4cccc(C(=O)O)c4)n(C)c3c2)c(F)c1,7.036212172654444,1,EC50,PPARG,CHEMBL235
Cc1ccc(Oc2ccc3nc(COc4cccc(C(=O)O)c4)n(C)c3c2)cc1,7.3979400086720375,1,EC50,PPARG,CHEMBL235
Cc1ccc(Oc2ccc3nc(COc4cccc(C(=O)O)c4)n(C)c3c2)cc1F,8.356547323513812,1,EC50,PPARG,CHEMBL235
Cc1ccc(Oc2ccc3nc(COc4cccc(C(=O)O)c4)n(C)c3c2)cn1,6.265200170411153,1,EC50,PPARG,CHEMBL235
Cc1ccc(Oc2ccc3nc(COc4cccc(C(=O)O)c4)n(C)c3c2)nc1,6.889410289700751,1,EC50,PPARG,CHEMBL235
Cc1ccc(Oc2ccc3nc(COc4cccc(C(=O)O)c4)n(C)c3c2)nc1C,6.75448733218585,1,EC50,PPARG,CHEMBL235
Cc1ccc(Oc2ccc3nc(COc4cccc(C(=O)O)c4)n(C)c3c2C)c(C)n1,6.61261017366127,1,EC50,PPARG,CHEMBL235
Cc1ccc(Oc2ccc3nc(COc4cccc(C(=O)O)c4)n(C)c3c2F)c(C)n1,6.609064892896621,1,EC50,PPARG,CHEMBL235
Cc1ccc(Oc2ccc3nc(COc4cccc(C(=O)O)c4)n(C)c3n2)c(C)c1,6.995678626217357,1,EC50,PPARG,CHEMBL235
Cc1ccc(Oc2ccc3nc(COc4cccc(C(=O)O)c4)n(C)c3n2)cc1,7.346787486224656,1,EC50,PPARG,CHEMBL235
Cc1ccc(Oc2ccc3nc(COc4cccc(C(=O)O)c4)n(C)c3n2)cc1C,7.045757490560675,1,EC50,PPARG,CHEMBL235
Cc1ccc(Oc2ccc3nc(COc4cccc(C(=O)O)c4)n(C)c3n2)cc1F,7.301029995663981,1,EC50,PPARG,CHEMBL235
Cc1ccc(S(=O)(=O)NC(=O)c2cc3ccccc3n2Cc2cccc(C(F)(F)F)c2)cc1,6.537602002101044,1,IC50,PPARG,CHEMBL235
Cc1ccc(S(=O)(=O)N[C@@H](CCC(=O)Nc2ccccc2)C(=O)O)cc1,3.853871964321762,1,IC50,PPARG,CHEMBL235
Cc1ccc(S(=O)(=O)Oc2ccc(S3(=O)=N[Se]c4cc(OS(=O)(=O)c5ccc(C)cc5)ccc43)cc2)cc1,6.683751108022494,2,"Ki,IC50",PPARG,CHEMBL235
Cc1ccc(S(=O)(=O)n2c(CCCC(=O)O)cc3cc(Cl)ccc32)cc1,6.557520230935552,1,EC50,PPARG,CHEMBL235
Cc1ccc(S2(=O)=N[Se]c3cc(C)ccc32)cc1,5.122245510035528,2,"Ki,IC50",PPARG,CHEMBL235
Cc1ccc([C@H](C)NC(=O)c2ccc3c(c2)c(C)c(C)n3Cc2ccc(-c3ccccc3)cc2)cc1,7.886056647693163,1,IC50,PPARG,CHEMBL235
Cc1ccc([C@H](C)NC(=O)c2ccc3c(c2)c(C)c(C)n3Cc2ccc(-c3ccccc3C(=O)O)cc2)cc1,7.174749102560817,2,"EC50,IC50",PPARG,CHEMBL235
Cc1ccc2[nH]c(-c3cccc(OCCCCCCCC(=O)O)c3)nc2c1,4.991399828238082,1,EC50,PPARG,CHEMBL235
Cc1ccc2c(-n3c(=O)n(Cc4ccc(Cl)c(O[C@H](C)C(=O)O)c4)c4cc(C(F)(F)F)ccc43)noc2c1,7.847711655616943,1,IC50,PPARG,CHEMBL235
Cc1ccc2c(c1)cc(CCCC(=O)O)n2S(=O)(=O)c1ccccc1,6.546681659952963,1,EC50,PPARG,CHEMBL235
Cc1ccc2onc(-n3c(=O)n(Cc4ccc(Cl)c(O[C@H](C)C(=O)O)c4)c4cc(C(F)(F)F)ccc43)c2c1,7.950781977329818,1,IC50,PPARG,CHEMBL235
Cc1cccc(-c2ccc(OC(Cc3ccccc3)C(=O)O)cc2)c1,6.337242168318426,1,EC50,PPARG,CHEMBL235
Cc1cccc(-c2ccc(OCCCOc3ccc4c(c3)CC[C@H]4CC(=O)O)cc2)n1,2.739999999668255,1,EC50,PPARG,CHEMBL235
Cc1cccc(-c2nc(CCOc3ccc(CC4(C(=O)O)CCCO4)cn3)c(C)o2)c1,7.795880017344075,1,Ki,PPARG,CHEMBL235
Cc1cccc(-c2nc(CCOc3ccc(CC4(C(=O)O)CCCO4)nc3)c(C)o2)c1,7.366531544420414,1,Ki,PPARG,CHEMBL235
Cc1cccc(-c2nc3cc(NC(=O)c4cc(C(=O)NCc5ccc(F)c(F)c5)c(F)cc4Cl)ccc3o2)c1,7.409364114220269,2,"EC50,IC50",PPARG,CHEMBL235
Cc1cccc(-c2nc3cc(NC(=O)c4cc([N+](=O)[O-])ccc4Cl)ccc3o2)c1,7.315392071294928,2,"EC50,IC50",PPARG,CHEMBL235
Cc1cccc(C(=O)c2ccccc2NC(Cc2ccc(OCCN(C)c3nc4ccccc4o3)cc2)C(=O)O)c1,8.569924944448061,1,Ki,PPARG,CHEMBL235
Cc1cccc(C)c1-c1ccc(O[C@@H](Cc2ccccc2)C(=O)O)cc1,5.5951662833800615,1,EC50,PPARG,CHEMBL235
Cc1cccc(C)c1COC(=O)Cc1ccc(SCc2ccccc2C(=O)O)cc1,4.7447274948966935,1,EC50,PPARG,CHEMBL235
Cc1cccc(C)c1COC(=O)Cc1cccc(SCc2ccccc2C(=O)O)c1,5.42021640338319,1,EC50,PPARG,CHEMBL235
Cc1cccc(CCCOCCOc2ccc(C[C@H](Nc3ccccc3C(=O)c3ccccc3)C(=O)O)cc2)n1,6.119998611678231,1,Ki,PPARG,CHEMBL235
Cc1cccc(CCCOc2ccc(C[C@H](Nc3ccccc3C(=O)c3ccccc3)C(=O)O)cc2)n1,5.990001269951939,1,Ki,PPARG,CHEMBL235
Cc1cccc(CNC(=O)c2ccc(Cl)c(C(=O)Nc3ccccc3)c2)c1,5.522878745280337,1,EC50,PPARG,CHEMBL235
Cc1cccc(CNC(=O)c2ccc3c(c2)c(C)c(C)n3Cc2ccc(-c3ccccc3C(=O)O)cc2)c1,7.68071778876395,3,"EC50,IC50",PPARG,CHEMBL235
Cc1cccc(COc2ccc(C[C@H](Nc3ccccc3C(=O)c3ccccc3)C(=O)O)cc2)c1,6.009998764965339,1,Ki,PPARG,CHEMBL235
Cc1cccc(Nc2cc(Br)nc(SCC(=O)O)n2)c1C,4.87942606879415,1,EC50,PPARG,CHEMBL235
Cc1cccc(Nc2cc(Cl)nc(OCCC(=O)O)n2)c1C,4.853871964321762,1,EC50,PPARG,CHEMBL235
Cc1cccc(Nc2cc(Cl)nc(SC(C(=O)O)c3ccc(-c4ccccc4)c4ccccc34)n2)c1C,5.346787486224656,1,EC50,PPARG,CHEMBL235
Cc1cccc(Nc2cc(Cl)nc(SC(C(=O)O)c3cccc4ccccc34)n2)c1C,5.207608310501746,2,"EC50,IC50",PPARG,CHEMBL235
Cc1cccc(Nc2cc(Cl)nc(SC(C(=O)O)c3ccccc3)n2)c1C,4.522878745280337,1,EC50,PPARG,CHEMBL235
Cc1cccc(Nc2cc(Cl)nc(SC(C)(C)C(=O)O)n2)c1C,4.886056647693163,1,EC50,PPARG,CHEMBL235
Cc1cccc(Nc2cc(Cl)nc(SC(C)C(=O)O)n2)c1C,4.886056647693163,1,EC50,PPARG,CHEMBL235
Cc1cccc(Nc2cc(Cl)nc(SCC(=O)O)n2)c1,4.552841968657781,1,EC50,PPARG,CHEMBL235
Cc1cccc(Nc2cc(Cl)nc(SCC(=O)O)n2)c1C,4.567782630011388,6,"EC50,IC50",PPARG,CHEMBL235
Cc1cccc(Nc2ccnc(SCC(=O)O)n2)c1C,4.443697499232713,1,EC50,PPARG,CHEMBL235
Cc1cccc(OCCCOc2ccc3c(c2)CC[C@H]3CC(=O)O)c1,3.900000004068662,1,EC50,PPARG,CHEMBL235
Cc1cccc(OCCCOc2ccc3c(c2)OCC3CC(=O)O)c1,5.756961951313706,1,EC50,PPARG,CHEMBL235
Cc1cccc(OS(=O)(=O)/C=C/c2ccccc2)c1,5.925549281045409,1,IC50,PPARG,CHEMBL235
Cc1cccc(Oc2ccc3nc(COc4cccc(C(=O)O)c4)n(C)c3c2)c1,7.102372908709558,1,EC50,PPARG,CHEMBL235
Cc1cccc(Oc2ccc3nc(COc4cccc(C(=O)O)c4)n(C)c3c2)n1,5.722390785695909,1,EC50,PPARG,CHEMBL235
Cc1cccc(S(=O)(=O)n2c(CCCC(=O)O)cc3cc(Cl)ccc32)c1,7.1249387366083,1,EC50,PPARG,CHEMBL235
Cc1cccc(S2(=O)=N[Se]c3ccc(C)cc32)c1,5.305131751681202,2,"Ki,IC50",PPARG,CHEMBL235
Cc1cccc([C@H](C)NC(=O)c2ccc3c(c2)c(C)c(C)n3Cc2ccc(-c3ccccc3C(=O)O)cc2)c1,7.958607314841775,1,IC50,PPARG,CHEMBL235
Cc1cccc2c(-n3c(=O)n(Cc4ccc(Cl)c(O[C@H](C)C(=O)O)c4)c4cc(C(F)(F)F)ccc43)noc12,8.036212172654444,1,IC50,PPARG,CHEMBL235
Cc1ccccc1-c1ccc(/N=N/c2ccc(CC3SC(=O)NC3=O)cc2)cc1,5.552841968657781,1,EC50,PPARG,CHEMBL235
Cc1ccccc1-c1ccc(/N=N\c2ccc(CC3SC(=O)NC3=O)cc2)cc1,5.619788758288394,2,EC50,PPARG,CHEMBL235
Cc1ccccc1-c1ccc(O[C@@H](Cc2ccccc2)C(=O)O)cc1,5.866461091629782,1,EC50,PPARG,CHEMBL235
Cc1ccccc1-c1ccc(O[C@@H](Cc2ccccc2)C(=O)O)cc1C,6.1938200260161125,1,EC50,PPARG,CHEMBL235
Cc1ccccc1-c1nc2cc(NC(=O)c3cc([N+](=O)[O-])ccc3Cl)ccc2o1,7.496981022501341,2,"EC50,IC50",PPARG,CHEMBL235
Cc1ccccc1C(=O)c1ccccc1NC(Cc1ccc(OCCN(C)c2nc3ccccc3o2)cc1)C(=O)O,8.64994590642097,1,Ki,PPARG,CHEMBL235
Cc1ccccc1CC(Oc1ccc(Cl)cc1)C(=O)O,5.068542129310995,1,EC50,PPARG,CHEMBL235
Cc1ccccc1CCOc1ccc(C[C@H](Nc2ccccc2C(=O)c2ccccc2)C(=O)O)cc1,6.890016705180107,1,Ki,PPARG,CHEMBL235
Cc1ccccc1CNC(=O)c1ccc(Cl)c(C(=O)Nc2ccccc2)c1,5.867496697169706,2,"EC50,IC50",PPARG,CHEMBL235
Cc1ccccc1CNC(=O)c1ccc2c(c1)c(C)c(C)n2Cc1ccc(-c2ccccc2C(=O)O)cc1,7.547660140316776,3,"EC50,IC50",PPARG,CHEMBL235
Cc1ccccc1COc1ccc(C[C@H](Nc2ccccc2C(=O)c2ccccc2)C(=O)O)cc1,6.429994423238211,1,Ki,PPARG,CHEMBL235
Cc1ccccc1NC(=O)c1cc(C(=O)NCc2ccccc2)c(F)cc1Cl,7.290683656322967,2,"EC50,IC50",PPARG,CHEMBL235
Cc1ccccc1Nc1cc(Cl)nc(SCC(=O)O)n1,4.481486060122113,1,EC50,PPARG,CHEMBL235
Cc1ccccc1OCCCOc1ccc2c(c1)OCC2CC(=O)O,5.694648630553376,1,EC50,PPARG,CHEMBL235
Cc1ccccc1Oc1ccc2nc(COc3cccc(C(=O)O)c3)n(C)c2c1,7.251811972993799,1,EC50,PPARG,CHEMBL235
Cc1ccccc1S(=O)(=O)NC(=O)c1cc2ccccc2n1Cc1cccc(C(F)(F)F)c1,6.7447274948966935,1,IC50,PPARG,CHEMBL235
Cc1ccccc1S1(=O)=N[Se]c2cccc(C)c21,4.628569355813328,2,"Ki,IC50",PPARG,CHEMBL235
Cc1ccccc1[C@H](C)NC(=O)c1ccc2c(c1)c(C)c(C)n2Cc1ccc(-c2ccccc2C(=O)O)cc1,7.9594800519375,3,"EC50,IC50",PPARG,CHEMBL235
Cc1cccnc1NC(=O)c1cc(C(=O)NCc2ccc(F)c(F)c2)c(F)cc1Cl,6.670994301671444,2,"EC50,IC50",PPARG,CHEMBL235
Cc1cccnc1Oc1ccc2nc(COc3cccc(C(=O)O)c3)n(C)c2c1,6.454692883534176,1,EC50,PPARG,CHEMBL235
Cc1ccnc(N2C[C@@H](Cc3ccc(OCCc4nc(-c5ccccc5)oc4C)cc3)[C@@H](C(=O)O)C2)n1,6.273723468385537,2,"EC50,IC50",PPARG,CHEMBL235
Cc1ccnc(Oc2ccc3nc(COc4cccc(C(=O)O)c4)n(C)c3c2)c1,6.339134521996131,1,EC50,PPARG,CHEMBL235
Cc1ccsc1-c1nc(CCOc2ccc(C[C@H](Nc3ccccc3C(=O)c3ccccc3)C(=O)O)cc2)c(C)o1,8.720105019988361,1,Ki,PPARG,CHEMBL235
Cc1cn(Cc2ccc(-c3ccccc3C(=O)O)cc2)c2ccc(C(=O)N[C@@H](C)c3ccc(Br)cc3)cc12,7.619788758288394,1,IC50,PPARG,CHEMBL235
Cc1cn(Cc2ccc(-c3ccccc3C(=O)O)cc2)c2ccc(C(=O)N[C@@H](C)c3ccc([N+](=O)[O-])cc3)cc12,6.899629454882437,1,IC50,PPARG,CHEMBL235
Cc1cnc(Oc2cc(OC(C)C)c3nc(COc4cccc(C(=O)O)c4)n(C)c3c2)c(C)c1,7.2441251443275085,1,EC50,PPARG,CHEMBL235
Cc1cnc(Oc2ccc3nc(COc4cccc(C(=O)O)c4)n(C)c3c2)c(C)c1,7.387216143280265,3,EC50,PPARG,CHEMBL235
Cc1cnc(Oc2ccc3nc(COc4cccc(C(=O)O)c4)n(C)c3c2)c(F)c1,7.366531544420414,1,EC50,PPARG,CHEMBL235
Cc1cncc(-c2nc3cc(NC(=O)c4cc([N+](=O)[O-])ccc4Cl)ccc3o2)c1,9.49148333035061,2,"EC50,IC50",PPARG,CHEMBL235
Cc1cncc(Oc2c(Cl)cc(NS(=O)(=O)c3ccc(Cl)cc3Cl)cc2Cl)c1,7.383501944803923,2,"EC50,IC50",PPARG,CHEMBL235
Cc1cncc(Oc2ccc3nc(COc4cccc(C(=O)O)c4)n(C)c3c2)c1,6.108462542327436,1,EC50,PPARG,CHEMBL235
Cc1coc2c1C(=O)C(=O)c1c-2ccc2c1CCCC2(C)C,5.59176003468815,1,Ki,PPARG,CHEMBL235
Cc1nc(-c2ccc(C(F)(F)F)c(F)c2)sc1COc1ccc(/C=C/C(=O)O)cc1,4.87942606879415,1,EC50,PPARG,CHEMBL235
Cc1nc(-c2ccc(C(F)(F)F)c(F)c2)sc1CSc1ccc(/C=C/C(=O)O)cc1,5.886056647693163,1,EC50,PPARG,CHEMBL235
Cc1nc(-c2ccc(C(F)(F)F)cc2)oc1COc1ccc(CCC(=O)O)cc1,5.481486060122112,1,EC50,PPARG,CHEMBL235
Cc1nc(-c2ccc(C(F)(F)F)cc2)oc1COc1ccc(OCC(=O)O)cc1,5.008773924307505,1,EC50,PPARG,CHEMBL235
Cc1nc(-c2ccc(C(F)(F)F)cc2)oc1CSc1ccc(OCC(=O)O)cc1,5.1938200260161125,1,EC50,PPARG,CHEMBL235
Cc1nc(-c2ccc(C(F)(F)F)cc2)sc1CN(C)c1ccc(/C=C/C(=O)O)cc1,4.607303046740334,1,EC50,PPARG,CHEMBL235
Cc1nc(-c2ccc(C(F)(F)F)cc2)sc1CNc1ccc(/C=C/C(=O)O)cc1,5.277366077466188,1,EC50,PPARG,CHEMBL235
Cc1nc(-c2ccc(C(F)(F)F)cc2)sc1COc1ccc(CC(=O)O)cc1,5.102372908709558,1,EC50,PPARG,CHEMBL235
Cc1nc(-c2ccc(C(F)(F)F)cc2)sc1COc1ccc(CCC(=O)O)cc1,5.152427340857888,1,EC50,PPARG,CHEMBL235
Cc1nc(-c2ccc(C(F)(F)F)cc2)sc1COc1ccc2c(c1)OC[C@H]2CC(=O)O,6.327902142064282,1,EC50,PPARG,CHEMBL235
Cc1nc(-c2ccc(C(F)(F)F)cc2)sc1CSc1ccc(/C=C/C(=O)O)cc1,4.769551078621726,1,EC50,PPARG,CHEMBL235
Cc1nc(-c2ccc(Cl)cc2)sc1C(=O)N[C@H]1CCCN(c2cccc(C(=O)O)c2)C1,5.099092415709281,2,EC50,PPARG,CHEMBL235
Cc1nc(-c2ccc(OCCCOc3ccc4c(c3)CC[C@H]4CC(=O)O)cc2)sc1C,2.439999999725008,1,EC50,PPARG,CHEMBL235
Cc1nc(-c2ccc(OCCCOc3ccc4c(c3)CC[C@H]4CC(=O)O)cc2)sc1C(=O)O,2.489999999905554,1,EC50,PPARG,CHEMBL235
Cc1nc(-c2cccc(C(F)(F)F)c2)sc1CNCc1ccc(OC(C)(C)C(=O)O)cc1,4.6020599913279625,1,EC50,PPARG,CHEMBL235
Cc1nc(-c2ccccc2)nn1CCOc1ccc(C[C@H](Nc2ccccc2C(=O)c2ccccc2)C(=O)O)cc1,8.320027305722581,1,Ki,PPARG,CHEMBL235
Cc1nc2cc(S(=O)(=O)n3c(CCCC(=O)O)cc4cc(Cl)ccc43)ccc2s1,6.756961951313706,1,EC50,PPARG,CHEMBL235
Cc1nc2ccc(Br)cc2c(=O)n1CC(=O)Nc1ccc(S(=O)(=O)NC(=O)NC2CCCCC2)cc1,6.452225294612178,1,IC50,PPARG,CHEMBL235
Cc1nc2ccc(S(=O)(=O)n3c(CCCC(=O)O)cc4cc(Cl)ccc43)cc2s1,7.958607314841775,1,EC50,PPARG,CHEMBL235
Cc1nc2ccccc2c(=O)n1CC(=O)Nc1ccc(S(=O)(=O)NC(=O)NC2CCCCC2)cc1,6.333482019445119,1,IC50,PPARG,CHEMBL235
Cc1nc2ccccc2n(CC(=O)Nc2ccc(S(=O)(=O)NC(=O)NC3CCCCC3)cc2)c1=O,5.8574464852165935,2,IC50,PPARG,CHEMBL235
Cc1nc2ccccc2n(CC(=O)Nc2ccc(S(=O)(=O)NC(=O)Nc3ccccc3)cc2)c1=O,5.3979400086720375,1,IC50,PPARG,CHEMBL235
Cc1nc2ccccc2n(CC(=O)Nc2ccc(S(=O)(=O)NC(=S)NC3CCCCC3)cc2)c1=O,5.926935982160881,2,IC50,PPARG,CHEMBL235
Cc1nc2ccccc2n(CC(=O)Nc2ccc(S(=O)(=O)NC(=S)Nc3ccccc3)cc2)c1=O,5.3979400086720375,1,IC50,PPARG,CHEMBL235
Cc1ncccc1-c1cc2cc(CCC(=O)O)ccc2[nH]1,4.244887733604929,1,EC50,PPARG,CHEMBL235
Cc1ncsc1CCOc1ccc(C[C@H](Nc2ccccc2C(=O)c2ccccc2)C(=O)O)cc1,7.2900159334316,2,Ki,PPARG,CHEMBL235
Cc1oc(-c2ccc(-c3ccccc3)cc2)nc1CCOc1ccc(CC(C)(Oc2ccccc2)C(=O)O)cc1,8.154901959985743,1,EC50,PPARG,CHEMBL235
Cc1oc(-c2ccc(-c3ccccc3)cc2)nc1CCOc1ccc(CCC(=O)O)c(CNC(=O)OC(C)C)c1,7.524574270555727,4,"EC50,IC50",PPARG,CHEMBL235
Cc1oc(-c2ccc(-c3ccccc3)cc2)nc1CCOc1ccc(CCC(=O)O)c(CNC(=O)Oc2cnccn2)c1,8.1419983281826,2,"EC50,IC50",PPARG,CHEMBL235
Cc1oc(-c2ccc(-c3ccccc3)cc2)nc1CCOc1ccc(CCC(=O)O)c2c1CCN(C(=O)OCC(C)(C)C)C2,7.763621775341393,2,"EC50,IC50",PPARG,CHEMBL235
Cc1oc(-c2ccc(-c3ccccc3)cc2)nc1CCOc1ccc(C[C@H](OCC(F)(F)F)C(=O)O)c2ccccc12,8.096910013008056,1,IC50,PPARG,CHEMBL235
Cc1oc(-c2ccc(-c3ccccc3)cc2)nc1CCOc1ccc(OC(C)(C)C(=O)O)cc1,6.1577263736848495,4,"Ki,EC50,IC50",PPARG,CHEMBL235
Cc1oc(-c2ccc(-c3ncccn3)cc2)nc1CCOc1ccc(CCC(=O)O)c(CNC(=O)OC(C)C)c1,7.849485002168009,2,"EC50,IC50",PPARG,CHEMBL235
Cc1oc(-c2ccc(Br)cc2)nc1CCOc1ccc(OC(C)(C)C(=O)O)cc1,5.553449500540125,2,"EC50,IC50",PPARG,CHEMBL235
Cc1oc(-c2ccc(C#N)cc2)nc1CCOc1ccc(CC2(C(=O)O)CCCO2)cn1,6.476253533188435,1,Ki,PPARG,CHEMBL235
Cc1oc(-c2ccc(C(C)C)cc2)nc1CCOc1ccc(C[C@H](OCC2CC2)C(=O)O)c2sccc12,8.301029995663981,1,IC50,PPARG,CHEMBL235
Cc1oc(-c2ccc(C(F)(F)F)cc2)nc1CCOc1ccc(CC2(C(=O)O)CCCO2)cn1,7.026872146400302,1,Ki,PPARG,CHEMBL235
Cc1oc(-c2ccc(C(F)(F)F)cc2)nc1Cn1ccc2cc(CC(OC(C)C)C(=O)O)ccc21,6.856985199745905,1,IC50,PPARG,CHEMBL235
Cc1oc(-c2ccc(Cl)cc2)nc1CCOc1ccc(CC2(C(=O)O)CCCO2)cn1,7.2839966563652006,1,Ki,PPARG,CHEMBL235
Cc1oc(-c2ccc(Cl)cc2)nc1CCOc1ccc(CC2(C(=O)O)CCCO2)nc1,6.522878745280337,1,Ki,PPARG,CHEMBL235
Cc1oc(-c2ccc(Cl)cc2)nc1CCOc1cccc(C[C@@H]2C(=O)N(c3ccc(C(C)(C)C)cc3)[C@@H]2C(=O)O)c1,6.173925197299173,1,IC50,PPARG,CHEMBL235
Cc1oc(-c2ccc(Cl)cc2)nc1COc1ccc(F)c(CN(CC(=O)O)C(=O)OCC(C)C)c1,5.822752163744377,1,EC50,PPARG,CHEMBL235
Cc1oc(-c2ccc(Cl)cc2)nc1COc1ccc(F)c(CN(CC(=O)O)C(=O)OCCCF)c1,5.358228529346041,1,EC50,PPARG,CHEMBL235
Cc1oc(-c2ccc(Cl)cc2)nc1COc1cccc(CN(CC(=O)O)C(=O)OC2CCC2)c1,5.276298106008732,1,IC50,PPARG,CHEMBL235
Cc1oc(-c2ccc(Cl)cc2)nc1COc1cccc(CN(CC(=O)O)C(=O)OC2CCCC2)c1,5.02484402159331,1,IC50,PPARG,CHEMBL235
Cc1oc(-c2ccc(Cl)cc2)nc1COc1cccc(CN(CC(=O)O)C(=O)OC2CCCCC2)c1,5.346980548900387,1,IC50,PPARG,CHEMBL235
Cc1oc(-c2ccc(Cl)cc2)nc1COc1cccc(CN(CC(=O)O)C(=O)OCC2CC2)c1,5.2727841790915075,1,IC50,PPARG,CHEMBL235
Cc1oc(-c2ccc(F)cc2)nc1CCOc1ccc(C[C@H](Nc2ccccc2C(=O)c2ccccc2)C(=O)O)cc1,9.349972501669184,2,"Ki,EC50",PPARG,CHEMBL235
Cc1oc(-c2ccc(Oc3ccccc3)cc2)nc1CCOc1ccc(CCC(=O)O)c(CNC(=O)OC(C)C)c1,8.0,2,"EC50,IC50",PPARG,CHEMBL235
Cc1oc(-c2cccc(-c3ccccc3)c2)nc1CCOc1ccc(CC(C)(Oc2ccccc2)C(=O)O)cc1,8.221848749616356,1,EC50,PPARG,CHEMBL235
Cc1oc(-c2cccc(C(F)(F)F)c2)nc1CCOc1ccc(CC2(C(=O)O)CCCO2)cn1,7.823908740944319,1,Ki,PPARG,CHEMBL235
Cc1oc(-c2cccc(Cl)c2)nc1CCOc1ccc(CC2(C(=O)O)CCCO2)cn1,7.958607314841775,1,Ki,PPARG,CHEMBL235
Cc1oc(-c2cccc(Cl)c2)nc1CCOc1cccc(C[C@@H]2C(=O)N(c3ccc(C(C)(C)C)cc3)[C@@H]2C(=O)O)c1,6.6020599913279625,1,IC50,PPARG,CHEMBL235
Cc1oc(-c2cccc[s+]2)nc1CCOc1ccc(C[C@@](C)(Oc2ccccc2)C(=O)O)cc1,8.400007822415901,1,EC50,PPARG,CHEMBL235
Cc1oc(-c2ccccc2)nc1C/C=C/c1ccc(C[C@@H](C(=O)O)n2cccc2)cc1,6.5934598195660445,1,IC50,PPARG,CHEMBL235
Cc1oc(-c2ccccc2)nc1C/C=C/c1ccc(C[C@H](C(=O)O)n2cccc2)cc1,5.585026652029182,1,IC50,PPARG,CHEMBL235
Cc1oc(-c2ccccc2)nc1CC#Cc1ccc(CC(C(=O)O)c2ccc(-c3ccccc3)cc2)cc1,5.657577319177793,1,IC50,PPARG,CHEMBL235
Cc1oc(-c2ccccc2)nc1CC#Cc1ccc(CC(C(=O)O)c2cccc(-c3ccccc3)c2)cc1,5.552841968657781,1,IC50,PPARG,CHEMBL235
Cc1oc(-c2ccccc2)nc1CC#Cc1ccc(CC(C(=O)O)c2cccnc2)cc1,4.585026652029182,1,IC50,PPARG,CHEMBL235
Cc1oc(-c2ccccc2)nc1CC#Cc1ccc(C[C@@H](C(=O)O)n2cccc2)cc1,6.53313237964589,1,IC50,PPARG,CHEMBL235
Cc1oc(-c2ccccc2)nc1CC(=O)OCc1ccc(CC(SCCc2ccc(F)cc2)C(=O)O)cc1,6.2018114280012,2,EC50,PPARG,CHEMBL235
Cc1oc(-c2ccccc2)nc1CCCOc1ccc(CC2(C(=O)O)CCCO2)cn1,6.09151498112135,1,Ki,PPARG,CHEMBL235
Cc1oc(-c2ccccc2)nc1CCCc1ccc(CC(C(=O)O)c2ccc(-c3ccccc3)cc2)cc1,6.231361898752386,1,IC50,PPARG,CHEMBL235
Cc1oc(-c2ccccc2)nc1CCCc1ccc(CC(C(=O)O)c2cccc(-c3ccccc3)c2)cc1,5.552841968657781,1,IC50,PPARG,CHEMBL235
Cc1oc(-c2ccccc2)nc1CCCc1ccc(CC(C(=O)O)c2ccccc2)cc1,5.3979400086720375,1,IC50,PPARG,CHEMBL235
Cc1oc(-c2ccccc2)nc1CCCc1ccc(CC(C(=O)O)c2cccnc2)cc1,4.657577319177793,1,IC50,PPARG,CHEMBL235
Cc1oc(-c2ccccc2)nc1CCCc1ccc(CC(C(=O)O)c2ccsc2)cc1,5.795880017344075,1,IC50,PPARG,CHEMBL235
Cc1oc(-c2ccccc2)nc1CCCc1ccc(CC(C(=O)O)n2cccn2)cc1,6.485452247339714,1,IC50,PPARG,CHEMBL235
Cc1oc(-c2ccccc2)nc1CCCc1ccc(CC(C(=O)O)n2nccn2)cc1,8.301029995663981,1,IC50,PPARG,CHEMBL235
Cc1oc(-c2ccccc2)nc1CCCc1ccc(C[C@@H](C(=O)O)n2cccc2)cc1,6.732828271596986,2,IC50,PPARG,CHEMBL235
Cc1oc(-c2ccccc2)nc1CCCc1ccc(C[C@@H](C(=O)O)n2cccn2)cc1,6.838631997765026,1,IC50,PPARG,CHEMBL235
Cc1oc(-c2ccccc2)nc1CCCc1ccc(C[C@@H](C(=O)O)n2nccn2)cc1,8.522878745280337,1,IC50,PPARG,CHEMBL235
Cc1oc(-c2ccccc2)nc1CCCc1ccc(C[C@H](C(=O)O)n2cccc2)cc1,5.508638306165727,1,IC50,PPARG,CHEMBL235
Cc1oc(-c2ccccc2)nc1CCCc1ccc(C[C@H](C(=O)O)n2cccn2)cc1,4.481486060122113,1,IC50,PPARG,CHEMBL235
Cc1oc(-c2ccccc2)nc1CCCc1ccc(C[C@H](C(=O)O)n2ccnn2)cc1,4.853871964321762,1,IC50,PPARG,CHEMBL235
Cc1oc(-c2ccccc2)nc1CCCc1ccc(C[C@H](C(=O)O)n2cncn2)cc1,4.7447274948966935,1,IC50,PPARG,CHEMBL235
Cc1oc(-c2ccccc2)nc1CCNc1ccc(C[C@@H](C(=O)O)n2cccc2)cc1,5.795880017344075,1,IC50,PPARG,CHEMBL235
Cc1oc(-c2ccccc2)nc1CCOC(=O)c1ccc(CC(SCCc2ccc(F)cc2)C(=O)O)cc1,7.050637409205253,2,EC50,PPARG,CHEMBL235
Cc1oc(-c2ccccc2)nc1CCOc1ccc(-c2nn(-c3ccccc3)nc2C(=O)O)cc1,5.502281128431933,2,"EC50,IC50",PPARG,CHEMBL235
Cc1oc(-c2ccccc2)nc1CCOc1ccc(-c2nn(-c3ccccc3)nc2CC(=O)O)cc1,5.849961076117151,2,"EC50,IC50",PPARG,CHEMBL235
Cc1oc(-c2ccccc2)nc1CCOc1ccc(CC(C(=O)O)C(C)(C)C)cn1,4.920818753952375,1,Ki,PPARG,CHEMBL235
Cc1oc(-c2ccccc2)nc1CCOc1ccc(CC(C(=O)O)C(C)C)cn1,5.055517327849831,1,Ki,PPARG,CHEMBL235
Cc1oc(-c2ccccc2)nc1CCOc1ccc(CC(C)(C)C(=O)O)cn1,5.292429823902063,1,Ki,PPARG,CHEMBL235
Cc1oc(-c2ccccc2)nc1CCOc1ccc(CC(C)(Oc2ccccc2)C(=O)O)cc1,7.920818753952375,2,"EC50,IC50",PPARG,CHEMBL235
Cc1oc(-c2ccccc2)nc1CCOc1ccc(CC(C)C(=O)O)cn1,5.6777807052660805,1,Ki,PPARG,CHEMBL235
Cc1oc(-c2ccccc2)nc1CCOc1ccc(CC(CC(C)C)C(=O)O)cn1,6.443697499232712,1,Ki,PPARG,CHEMBL235
Cc1oc(-c2ccccc2)nc1CCOc1ccc(CC(Nc2ccccc2C(=O)N(C)C)C(=O)O)cc1,6.599997654072045,1,Ki,PPARG,CHEMBL235
Cc1oc(-c2ccccc2)nc1CCOc1ccc(CC(Nc2ccccc2C(=O)OC(C)C)C(=O)O)cc1,9.010016541698601,1,Ki,PPARG,CHEMBL235
Cc1oc(-c2ccccc2)nc1CCOc1ccc(CC(Nc2ccccc2C(=O)c2ccc(C(=O)O)cc2)C(=O)O)cc1,6.190002844637807,1,Ki,PPARG,CHEMBL235
Cc1oc(-c2ccccc2)nc1CCOc1ccc(CC(Nc2ccccc2C(=O)c2ccc(CN(C)C)cc2)C(=O)O)cc1,7.809948582240794,1,Ki,PPARG,CHEMBL235
Cc1oc(-c2ccccc2)nc1CCOc1ccc(CC(Nc2ccccc2C(=O)c2ccc(CO)cc2)C(=O)O)cc1,8.379968104873702,1,Ki,PPARG,CHEMBL235
Cc1oc(-c2ccccc2)nc1CCOc1ccc(CC(Nc2ccccc2C(=O)c2cccc(C(=O)O)c2)C(=O)O)cc1,6.090000275786018,1,Ki,PPARG,CHEMBL235
Cc1oc(-c2ccccc2)nc1CCOc1ccc(CC(Nc2ccccc2C(=O)c2cccc(CN(C)C)c2)C(=O)O)cc1,5.940001369850309,1,Ki,PPARG,CHEMBL235
Cc1oc(-c2ccccc2)nc1CCOc1ccc(CC(Nc2ccccc2C(=O)c2cccc(CO)c2)C(=O)O)cc1,8.47005659834133,1,Ki,PPARG,CHEMBL235
Cc1oc(-c2ccccc2)nc1CCOc1ccc(CC(Nc2ccccc2C(=O)c2cccc(N)c2)C(=O)O)cc1,8.489991487059765,1,Ki,PPARG,CHEMBL235
Cc1oc(-c2ccccc2)nc1CCOc1ccc(CC(Nc2ccccc2C(=O)c2cccnc2)C(=O)O)cc1,9.029978734171634,1,Ki,PPARG,CHEMBL235
Cc1oc(-c2ccccc2)nc1CCOc1ccc(CC(Nc2ccccc2C(=O)c2ccncc2)C(=O)O)cc1,8.739928612014925,1,Ki,PPARG,CHEMBL235
Cc1oc(-c2ccccc2)nc1CCOc1ccc(CC(OCC(C)C)C(=O)O)c2sccc12,8.522878745280337,1,IC50,PPARG,CHEMBL235
Cc1oc(-c2ccccc2)nc1CCOc1ccc(CC(Oc2ccccc2)C(=O)O)cc1,6.4089353929735005,1,EC50,PPARG,CHEMBL235
Cc1oc(-c2ccccc2)nc1CCOc1ccc(CC2(C(=O)O)CC2)cn1,5.09799710864927,1,Ki,PPARG,CHEMBL235
Cc1oc(-c2ccccc2)nc1CCOc1ccc(CC2(C(=O)O)CCC2)cn1,6.404503778174426,1,Ki,PPARG,CHEMBL235
Cc1oc(-c2ccccc2)nc1CCOc1ccc(CC2(C(=O)O)CCCCC2)cn1,5.455931955649724,1,Ki,PPARG,CHEMBL235
Cc1oc(-c2ccccc2)nc1CCOc1ccc(CC2(C(=O)O)CCCCO2)cn1,7.0915149811213505,1,Ki,PPARG,CHEMBL235
Cc1oc(-c2ccccc2)nc1CCOc1ccc(CC2(C(=O)O)CCCCO2)nc1,5.958607314841775,1,Ki,PPARG,CHEMBL235
Cc1oc(-c2ccccc2)nc1CCOc1ccc(CC2(C(=O)O)CCCO2)cn1,7.42021640338319,1,Ki,PPARG,CHEMBL235
Cc1oc(-c2ccccc2)nc1CCOc1ccc(CC2(C(=O)O)CCCO2)nc1,6.6777807052660805,1,Ki,PPARG,CHEMBL235
Cc1oc(-c2ccccc2)nc1CCOc1ccc(CC2(C(=O)O)CCOC2)cn1,4.769551078621726,1,Ki,PPARG,CHEMBL235
Cc1oc(-c2ccccc2)nc1CCOc1ccc(CC2=C(C(=O)O)CCN(C(=O)OCC(C)C)C2)cc1,5.931814138253838,1,IC50,PPARG,CHEMBL235
Cc1oc(-c2ccccc2)nc1CCOc1ccc(CC2C(=O)NOC2=O)cc1,7.080921907623926,1,EC50,PPARG,CHEMBL235
Cc1oc(-c2ccccc2)nc1CCOc1ccc(CC2CN(C(=O)OCC(C)C)CCC2C(=O)O)cc1,6.667561540084394,1,IC50,PPARG,CHEMBL235
Cc1oc(-c2ccccc2)nc1CCOc1ccc(CC2SC(=O)NC2=O)cc1,8.10692037540547,3,"Ki,EC50,IC50",PPARG,CHEMBL235
Cc1oc(-c2ccccc2)nc1CCOc1ccc(CCC(=O)O)c(CNC(=O)CCc2ccccc2)c1,6.392499969980862,2,"EC50,IC50",PPARG,CHEMBL235
Cc1oc(-c2ccccc2)nc1CCOc1ccc(CCC(=O)O)c(CNC(=O)NCc2ccccc2)c1,5.86120639372562,2,"EC50,IC50",PPARG,CHEMBL235
Cc1oc(-c2ccccc2)nc1CCOc1ccc(CCC(=O)O)c(CNC(=O)OC(C)C)c1,7.840968332518619,2,"EC50,IC50",PPARG,CHEMBL235
Cc1oc(-c2ccccc2)nc1CCOc1ccc(CCC(=O)O)c(CNC(=O)OCc2ccccc2)c1,6.990130383662647,2,"EC50,IC50",PPARG,CHEMBL235
Cc1oc(-c2ccccc2)nc1CCOc1ccc(CCC(=O)O)c(CNC(=O)Oc2cnccn2)c1,7.9622265193037345,2,"EC50,IC50",PPARG,CHEMBL235
Cc1oc(-c2ccccc2)nc1CCOc1ccc(CCC(=O)O)c(CNS(=O)(=O)Cc2ccccc2)c1,6.710428444178092,2,"EC50,IC50",PPARG,CHEMBL235
Cc1oc(-c2ccccc2)nc1CCOc1ccc(CCC(=O)O)c2c1CCN(C(=O)OCC(C)C)C2,7.933230545814891,2,"EC50,IC50",PPARG,CHEMBL235
Cc1oc(-c2ccccc2)nc1CCOc1ccc(CCC2=C(C(=O)O)CCN(C(=O)OCC(C)C)C2)cc1,6.5934598195660445,1,IC50,PPARG,CHEMBL235
Cc1oc(-c2ccccc2)nc1CCOc1ccc(CCC2CN(C(=O)OCC(C)C)CCC2C(=O)O)cc1,6.148130399270234,1,IC50,PPARG,CHEMBL235
Cc1oc(-c2ccccc2)nc1CCOc1ccc(CC[C@@H]2CN(C(=O)Oc3ccccc3)C[C@@H]2C(=O)O)cc1,6.920818753952375,2,"EC50,IC50",PPARG,CHEMBL235
Cc1oc(-c2ccccc2)nc1CCOc1ccc(CC[C@H]2CN(C(=O)Oc3ccccc3)C[C@@H]2C(=O)O)cc1,6.468521082957745,1,IC50,PPARG,CHEMBL235
Cc1oc(-c2ccccc2)nc1CCOc1ccc(CN(CC(=O)O)Cc2ccc(-c3ccccc3Cl)o2)cc1,6.552841968657781,1,IC50,PPARG,CHEMBL235
Cc1oc(-c2ccccc2)nc1CCOc1ccc(CN(CC(=O)O)Cc2ccc(OCc3ccccc3)cc2)cc1,6.546681659952963,1,IC50,PPARG,CHEMBL235
Cc1oc(-c2ccccc2)nc1CCOc1ccc(CN(CC(=O)O)Cc2ccc(Oc3ccccc3)cc2)cc1,6.6439741428068775,1,IC50,PPARG,CHEMBL235
Cc1oc(-c2ccccc2)nc1CCOc1ccc(CN(CC(=O)O)Cc2ccc3c(c2)OCO3)cc1,5.482804102050025,1,IC50,PPARG,CHEMBL235
Cc1oc(-c2ccccc2)nc1CCOc1ccc(CN(CC(=O)O)Cc2ccc3ccccc3c2)cc1,5.917214629683549,1,IC50,PPARG,CHEMBL235
Cc1oc(-c2ccccc2)nc1CCOc1ccc(CN(CC(=O)O)Cc2cccc(Oc3ccccc3)c2)cc1,6.318758762624412,1,IC50,PPARG,CHEMBL235
Cc1oc(-c2ccccc2)nc1CCOc1ccc(CN(CC(=O)O)Cc2cccc3ccccc23)cc1,6.115204636051018,1,IC50,PPARG,CHEMBL235
Cc1oc(-c2ccccc2)nc1CCOc1ccc(CN(CC(=O)O)Cc2ccccc2)cc1,5.631564745735641,3,"EC50,IC50",PPARG,CHEMBL235
Cc1oc(-c2ccccc2)nc1CCOc1ccc(CN(CC(=O)O)Cc2ccccn2)cc1,5.537602002101044,1,IC50,PPARG,CHEMBL235
Cc1oc(-c2ccccc2)nc1CCOc1ccc(CN(CCOCc2ccccc2)CC(=O)O)cc1,5.341035157335565,1,IC50,PPARG,CHEMBL235
Cc1oc(-c2ccccc2)nc1CCOc1ccc(C[C@@H](C(=O)O)N(C)C)cc1,6.070581074285707,1,Ki,PPARG,CHEMBL235
Cc1oc(-c2ccccc2)nc1CCOc1ccc(C[C@@H](C(=O)O)N2CCCC2)cc1,6.443697499232712,1,Ki,PPARG,CHEMBL235
Cc1oc(-c2ccccc2)nc1CCOc1ccc(C[C@@H](C(=O)O)N2CCCCC2)cc1,6.318758762624412,1,Ki,PPARG,CHEMBL235
Cc1oc(-c2ccccc2)nc1CCOc1ccc(C[C@@H](C(=O)O)N2CCOCC2)cc1,7.210656332538873,2,"Ki,EC50",PPARG,CHEMBL235
Cc1oc(-c2ccccc2)nc1CCOc1ccc(C[C@@H](C(=O)O)n2c(C)ccc2C)cc1,6.008773924307505,1,Ki,PPARG,CHEMBL235
Cc1oc(-c2ccccc2)nc1CCOc1ccc(C[C@@H](C(=O)O)n2cccc2)cc1,7.896473254924018,5,"Ki,EC50,IC50",PPARG,CHEMBL235
Cc1oc(-c2ccccc2)nc1CCOc1ccc(C[C@@H](CNC(=O)C(C)CC(C)C(=O)O)Nc2ccccc2C(=O)c2ccccc2)cc1,6.840011949618013,1,Ki,PPARG,CHEMBL235
Cc1oc(-c2ccccc2)nc1CCOc1ccc(C[C@@H](CNC(=O)C2CC2)Nc2ccccc2C(=O)c2ccccc2)cc1,6.353343286148714,3,"Ki,EC50,IC50",PPARG,CHEMBL235
Cc1oc(-c2ccccc2)nc1CCOc1ccc(C[C@@H](CNC(=O)C2CCC(CN)CC2)Nc2ccccc2C(=O)c2ccccc2)cc1,6.710009933945681,1,Ki,PPARG,CHEMBL235
Cc1oc(-c2ccccc2)nc1CCOc1ccc(C[C@@H](CNC(=O)C2CCC(O)CC2)Nc2ccccc2C(=O)c2ccccc2)cc1,6.509999358109048,1,Ki,PPARG,CHEMBL235
Cc1oc(-c2ccccc2)nc1CCOc1ccc(C[C@@H](CNC(=O)C2CCCNC2)Nc2ccccc2C(=O)c2ccccc2)cc1,7.289967300934246,1,Ki,PPARG,CHEMBL235
Cc1oc(-c2ccccc2)nc1CCOc1ccc(C[C@@H](CNC(=O)CC(C)C(=O)O)Nc2ccccc2C(=O)c2ccccc2)cc1,6.020000199848397,2,"Ki,IC50",PPARG,CHEMBL235
Cc1oc(-c2ccccc2)nc1CCOc1ccc(C[C@@H](CNC(=O)CCC(=O)O)Nc2ccccc2C(=O)c2ccccc2)cc1,6.570005615848293,1,Ki,PPARG,CHEMBL235
Cc1oc(-c2ccccc2)nc1CCOc1ccc(C[C@@H](CNC(=O)CCc2ccc(SC(C)(C)C(=O)O)cc2)Nc2ccccc2C(=O)c2ccccc2)cc1,6.1499990789775305,2,"Ki,IC50",PPARG,CHEMBL235
Cc1oc(-c2ccccc2)nc1CCOc1ccc(C[C@@H](CNC(=O)CNC(=O)c2ccc(O)cc2)Nc2ccccc2C(=O)c2ccccc2)cc1,6.760000207113128,1,Ki,PPARG,CHEMBL235
Cc1oc(-c2ccccc2)nc1CCOc1ccc(C[C@@H](CNC(=O)CNC(=O)c2cccc(CO)c2)Nc2ccccc2C(=O)c2ccccc2)cc1,7.0,1,Ki,PPARG,CHEMBL235
Cc1oc(-c2ccccc2)nc1CCOc1ccc(C[C@@H](CNC(=O)CO)Nc2ccccc2C(=O)c2ccccc2)cc1,6.950007143079858,1,Ki,PPARG,CHEMBL235
Cc1oc(-c2ccccc2)nc1CCOc1ccc(C[C@@H](CNC(=O)COc2cccc(N)c2)Nc2ccccc2C(=O)c2ccccc2)cc1,6.697972160433447,3,"Ki,IC50",PPARG,CHEMBL235
Cc1oc(-c2ccccc2)nc1CCOc1ccc(C[C@@H](CNC(=O)c2ccc(CO)cc2)Nc2ccccc2C(=O)c2ccccc2)cc1,6.799998134593398,1,Ki,PPARG,CHEMBL235
Cc1oc(-c2ccccc2)nc1CCOc1ccc(C[C@@H](CNC(=O)c2cccc(OCCN(C)C)c2)Nc2ccccc2C(=O)c2ccccc2)cc1,6.100000118554677,2,"Ki,IC50",PPARG,CHEMBL235
Cc1oc(-c2ccccc2)nc1CCOc1ccc(C[C@@H](CNC(=O)c2ccccc2C(=O)O)Nc2ccccc2C(=O)c2ccccc2)cc1,6.9399824574684,1,Ki,PPARG,CHEMBL235
Cc1oc(-c2ccccc2)nc1CCOc1ccc(C[C@@H](CNc2ccccn2)Nc2ccccc2C(=O)c2ccccc2)cc1,6.779996573843064,1,Ki,PPARG,CHEMBL235
Cc1oc(-c2ccccc2)nc1CCOc1ccc(C[C@@H](NC(=O)/C=C/c2ccco2)C(=O)O)cc1,6.809668301829708,1,EC50,PPARG,CHEMBL235
Cc1oc(-c2ccccc2)nc1CCOc1ccc(C[C@@H](Nc2ccccc2C(=O)C2CCCCC2)C(=O)O)cc1,6.719991046891813,1,Ki,PPARG,CHEMBL235
Cc1oc(-c2ccccc2)nc1CCOc1ccc(C[C@@H]2C(=O)N(c3ccc(C(C)(C)C)cc3)[C@@H]2C(=O)O)cc1,6.958607314841775,1,IC50,PPARG,CHEMBL235
Cc1oc(-c2ccccc2)nc1CCOc1ccc(C[C@@H]2CN(C(=O)Oc3ccccc3)C[C@@H]2C(=O)O)cc1,6.977629699328141,4,"EC50,IC50",PPARG,CHEMBL235
Cc1oc(-c2ccccc2)nc1CCOc1ccc(C[C@@H]2CN(c3nc(C(F)(F)F)co3)C[C@@H]2C(=O)O)cc1,7.301029995663981,1,IC50,PPARG,CHEMBL235
Cc1oc(-c2ccccc2)nc1CCOc1ccc(C[C@@H]2CN(c3nc4ccccc4o3)C[C@@H]2C(=O)O)cc1,5.955542326697547,2,"EC50,IC50",PPARG,CHEMBL235
Cc1oc(-c2ccccc2)nc1CCOc1ccc(C[C@@H]2CN(c3nccc(C(F)(F)F)n3)C[C@@H]2C(=O)O)cc1,7.511439372640169,4,"EC50,IC50",PPARG,CHEMBL235
Cc1oc(-c2ccccc2)nc1CCOc1ccc(C[C@@H]2CN(c3nccc(C(F)(F)F)n3)C[C@H]2C(=O)O)cc1,5.935542010773082,1,IC50,PPARG,CHEMBL235
Cc1oc(-c2ccccc2)nc1CCOc1ccc(C[C@@H]2CN(c3ncccn3)C[C@@H]2C(=O)O)cc1,5.832531983654665,2,"EC50,IC50",PPARG,CHEMBL235
Cc1oc(-c2ccccc2)nc1CCOc1ccc(C[C@@](C)(Oc2ccccc2)C(=O)O)cc1,6.418967973749625,2,EC50,PPARG,CHEMBL235
Cc1oc(-c2ccccc2)nc1CCOc1ccc(C[C@@](O)(C(=O)O)c2ccccc2C(=O)c2ccccc2)cc1,9.469288840649536,2,EC50,PPARG,CHEMBL235
Cc1oc(-c2ccccc2)nc1CCOc1ccc(C[C@@]2(C(=O)O)C=CC=CO2)cc1,8.328967386077888,2,EC50,PPARG,CHEMBL235
Cc1oc(-c2ccccc2)nc1CCOc1ccc(C[C@@]2(C(=O)O)CCCO2)nc1,4.6777807052660805,1,Ki,PPARG,CHEMBL235
Cc1oc(-c2ccccc2)nc1CCOc1ccc(C[C@@]2(C(=O)O)CCOCCO2)cc1,7.619879255160281,2,EC50,PPARG,CHEMBL235
Cc1oc(-c2ccccc2)nc1CCOc1ccc(C[C@H](C(=O)O)n2cccc2)cc1,7.700057099977233,1,EC50,PPARG,CHEMBL235
Cc1oc(-c2ccccc2)nc1CCOc1ccc(C[C@H](NS(C)(=O)=O)C(=O)O)cc1,6.207608310501746,1,Ki,PPARG,CHEMBL235
Cc1oc(-c2ccccc2)nc1CCOc1ccc(C[C@H](Nc2ccccc2C(=O)C2CCCCC2)C(=O)O)cc1,8.789949150124862,1,Ki,PPARG,CHEMBL235
Cc1oc(-c2ccccc2)nc1CCOc1ccc(C[C@H](Nc2ccccc2C(=O)c2ccccc2)C(=O)O)cc1,8.613939706480375,10,"Ki,EC50,IC50",PPARG,CHEMBL235
Cc1oc(-c2ccccc2)nc1CCOc1ccc(C[C@H](Nc2ncccn2)C(=O)O)cc1,6.552841968657781,1,Ki,PPARG,CHEMBL235
Cc1oc(-c2ccccc2)nc1CCOc1ccc(C[C@H](OCC(F)(F)F)C(=O)O)c2sccc12,8.522878745280337,1,IC50,PPARG,CHEMBL235
Cc1oc(-c2ccccc2)nc1CCOc1ccc(C[C@H](OCC2CC2)C(=O)O)c2sccc12,8.698970004336019,1,IC50,PPARG,CHEMBL235
Cc1oc(-c2ccccc2)nc1CCOc1ccc(C[C@H]2C(=O)N(c3ccc(C(C)(C)C)cc3)[C@H]2C(=O)O)cc1,5.372634143407268,1,IC50,PPARG,CHEMBL235
Cc1oc(-c2ccccc2)nc1CCOc1ccc(C[C@H]2CN(c3nccc(C(F)(F)F)n3)C[C@@H]2C(=O)O)cc1,5.447331783887806,1,IC50,PPARG,CHEMBL235
Cc1oc(-c2ccccc2)nc1CCOc1ccc(C[C@H]2CN(c3nccc(C(F)(F)F)n3)C[C@H]2C(=O)O)cc1,5.815308569182401,1,IC50,PPARG,CHEMBL235
Cc1oc(-c2ccccc2)nc1CCOc1ccc(C[C@](C)(Oc2ccccc2)C(=O)O)cc1,8.521435901161594,4,EC50,PPARG,CHEMBL235
Cc1oc(-c2ccccc2)nc1CCOc1ccc(C[C@]2(C(=O)O)C=CC=CO2)cc1,7.699513552156626,2,EC50,PPARG,CHEMBL235
Cc1oc(-c2ccccc2)nc1CCOc1ccc(C[C@]2(C(=O)O)CCCO2)cn1,8.221848749616356,1,Ki,PPARG,CHEMBL235
Cc1oc(-c2ccccc2)nc1CCOc1ccc(C[C@]2(C(=O)O)CCCO2)nc1,7.366531544420414,1,Ki,PPARG,CHEMBL235
Cc1oc(-c2ccccc2)nc1CCOc1ccc(Cc2c(C(=O)O)cnn2-c2ccccc2)cc1,6.043543724411951,2,"EC50,IC50",PPARG,CHEMBL235
Cc1oc(-c2ccccc2)nc1CCOc1ccc(Cc2c(C(=O)O)nnn2-c2ccccc2)cc1,4.933230545814891,2,"EC50,IC50",PPARG,CHEMBL235
Cc1oc(-c2ccccc2)nc1CCOc1ccc(Cc2cn(-c3ccccc3)cc2C(=O)O)cc1,5.713680351478593,2,"EC50,IC50",PPARG,CHEMBL235
Cc1oc(-c2ccccc2)nc1CCOc1ccc(Cc2cn(C)cc2C(=O)O)cc1,5.611018492339529,2,"EC50,IC50",PPARG,CHEMBL235
Cc1oc(-c2ccccc2)nc1CCOc1ccc(Cc2nn(-c3ccccc3)cc2C(=O)O)cc1,5.894664204128714,2,"EC50,IC50",PPARG,CHEMBL235
Cc1oc(-c2ccccc2)nc1CCOc1ccc(Cc2nn(-c3ccccc3)nc2C(=O)O)cc1,5.590220136109323,2,"EC50,IC50",PPARG,CHEMBL235
Cc1oc(-c2ccccc2)nc1CCOc1ccc(Cc2nn(-c3ccccc3)nc2CC(=O)O)cc1,8.020479303839453,2,"EC50,IC50",PPARG,CHEMBL235
Cc1oc(-c2ccccc2)nc1CCOc1ccc(Cc2nnn(-c3ccccc3)c2C(=O)O)cc1,5.646044667143447,2,"EC50,IC50",PPARG,CHEMBL235
Cc1oc(-c2ccccc2)nc1CCOc1ccc(OC(C)(C)C(=O)O)cc1,5.598945073291895,3,"EC50,IC50",PPARG,CHEMBL235
Cc1oc(-c2ccccc2)nc1CCOc1ccc(OC(C)(Cc2ccccc2)C(=O)O)cc1,6.029737773217224,2,"EC50,IC50",PPARG,CHEMBL235
Cc1oc(-c2ccccc2)nc1CCOc1ccc(OC(C)C(=O)O)cc1,5.533177407795937,2,"EC50,IC50",PPARG,CHEMBL235
Cc1oc(-c2ccccc2)nc1CCOc1ccc(OCC(=O)O)cc1,4.975063031962557,1,IC50,PPARG,CHEMBL235
Cc1oc(-c2ccccc2)nc1CCOc1ccc([C@@H]2CN(C(=O)Oc3ccccc3)C[C@@H]2C(=O)O)cc1,5.364258097546514,2,"EC50,IC50",PPARG,CHEMBL235
Cc1oc(-c2ccccc2)nc1CCOc1ccc([C@@H]2CN(C(=O)Oc3ccccc3)C[C@@H]2CC(=O)O)cc1,5.229611347220427,2,"EC50,IC50",PPARG,CHEMBL235
Cc1oc(-c2ccccc2)nc1CCOc1ccc([C@H]2CN(C(=O)Oc3ccccc3)C[C@@H]2C(=O)O)cc1,6.616051191990954,2,"EC50,IC50",PPARG,CHEMBL235
Cc1oc(-c2ccccc2)nc1CCOc1ccc2c(c1)CCC2C(C(=O)O)C(=O)O,5.730487055782083,1,EC50,PPARG,CHEMBL235
Cc1oc(-c2ccccc2)nc1CCOc1ccc2c(c1)CCC2C(C(=O)O)C1CC1,6.795880017344075,1,EC50,PPARG,CHEMBL235
Cc1oc(-c2ccccc2)nc1CCOc1ccc2c(c1)CCC2C(C(=O)O)c1ccccc1,5.0195421077239,1,EC50,PPARG,CHEMBL235
Cc1oc(-c2ccccc2)nc1CCOc1ccc2c(c1)CCC2C(C)(C)C(=O)O,5.248720896016658,1,EC50,PPARG,CHEMBL235
Cc1oc(-c2ccccc2)nc1CCOc1ccc2c(c1)CCC2C(C)C(=O)O,6.982966660701219,1,EC50,PPARG,CHEMBL235
Cc1oc(-c2ccccc2)nc1CCOc1ccc2c(c1)CCC2C(CC(F)(F)F)C(=O)O,6.752026733638193,1,EC50,PPARG,CHEMBL235
Cc1oc(-c2ccccc2)nc1CCOc1ccc2c(c1)CCC2C(CCCc1ccccc1)C(=O)O,5.497572880015568,1,EC50,PPARG,CHEMBL235
Cc1oc(-c2ccccc2)nc1CCOc1cccc(-c2nn(-c3ccccc3)nc2C(=O)O)c1,5.916740541229528,2,"EC50,IC50",PPARG,CHEMBL235
Cc1oc(-c2ccccc2)nc1CCOc1cccc(-c2nn(-c3ccccc3)nc2CC(=O)O)c1,6.860166527975772,2,"EC50,IC50",PPARG,CHEMBL235
Cc1oc(-c2ccccc2)nc1CCOc1cccc(C2=C(CC(=O)O)CCN(C(=O)OCC(C)C)C2)c1,6.886056647693163,1,IC50,PPARG,CHEMBL235
Cc1oc(-c2ccccc2)nc1CCOc1cccc(C2=C(CC(=O)O)CCN(C(=O)Oc3ccccc3)C2)c1,7.795880017344075,1,IC50,PPARG,CHEMBL235
Cc1oc(-c2ccccc2)nc1CCOc1cccc(C2CN(C(=O)OCC(C)C)CCC2C(=O)O)c1,5.118045028660399,1,IC50,PPARG,CHEMBL235
Cc1oc(-c2ccccc2)nc1CCOc1cccc(C2CN(C(=O)Oc3ccccc3)CCC2CC(=O)O)c1,5.090443970758825,1,IC50,PPARG,CHEMBL235
Cc1oc(-c2ccccc2)nc1CCOc1cccc(CC2=C(C(=O)O)CCN(C(=O)OCC(C)C)C2)c1,5.59176003468815,1,IC50,PPARG,CHEMBL235
Cc1oc(-c2ccccc2)nc1CCOc1cccc(CC2=C(C(=O)O)CCN(c3nccc(C(F)(F)F)n3)C2)c1,5.876801924968001,1,IC50,PPARG,CHEMBL235
Cc1oc(-c2ccccc2)nc1CCOc1cccc(CC2=CN(C(=O)OCC(C)C)CCC2C(=O)O)c1,6.064996848546345,1,IC50,PPARG,CHEMBL235
Cc1oc(-c2ccccc2)nc1CCOc1cccc(CC2=CN(C(=O)OCc3ccccc3)CCC2C(=O)O)c1,6.184422251675732,1,IC50,PPARG,CHEMBL235
Cc1oc(-c2ccccc2)nc1CCOc1cccc(CC2=CN(c3nccc(C(F)(F)F)n3)CCC2C(=O)O)c1,5.9673812391492795,1,IC50,PPARG,CHEMBL235
Cc1oc(-c2ccccc2)nc1CCOc1cccc(CC2C(=O)N(c3ccc(Cl)cc3)C2C(=O)O)c1,6.443697499232712,1,IC50,PPARG,CHEMBL235
Cc1oc(-c2ccccc2)nc1CCOc1cccc(CC2C(=O)N(c3ccc(F)cc3)C2C(=O)O)c1,6.7447274948966935,1,IC50,PPARG,CHEMBL235
Cc1oc(-c2ccccc2)nc1CCOc1cccc(CC2CN(C(=O)OCC(C)C)CCC2C(=O)O)c1,5.863279432843593,1,IC50,PPARG,CHEMBL235
Cc1oc(-c2ccccc2)nc1CCOc1cccc(CC[C@@H]2CN(C(=O)Oc3ccccc3)C[C@@H]2C(=O)O)c1,6.439220077906249,2,"EC50,IC50",PPARG,CHEMBL235
Cc1oc(-c2ccccc2)nc1CCOc1cccc(CC[C@H]2CN(C(=O)Oc3ccccc3)C[C@@H]2C(=O)O)c1,6.107905397309519,2,"EC50,IC50",PPARG,CHEMBL235
Cc1oc(-c2ccccc2)nc1CCOc1cccc(CN(CC(=O)O)Cc2cc3ccccc3[nH]2)c1,6.267606240177031,1,IC50,PPARG,CHEMBL235
Cc1oc(-c2ccccc2)nc1CCOc1cccc(CN(CC(=O)O)Cc2ccc(OCc3ccccc3)cc2)c1,6.73754891026957,1,IC50,PPARG,CHEMBL235
Cc1oc(-c2ccccc2)nc1CCOc1cccc(CN(CC(=O)O)Cc2ccc(Oc3ccccc3)cc2)c1,6.638272163982407,1,IC50,PPARG,CHEMBL235
Cc1oc(-c2ccccc2)nc1CCOc1cccc(CN(CC(=O)O)Cc2ccc3ccccc3c2)c1,6.838631997765026,1,IC50,PPARG,CHEMBL235
Cc1oc(-c2ccccc2)nc1CCOc1cccc(CN(CC(=O)O)Cc2cccc(Oc3ccccc3)c2)c1,6.958607314841775,1,IC50,PPARG,CHEMBL235
Cc1oc(-c2ccccc2)nc1CCOc1cccc(CN(CC(=O)O)Cc2cccc3ccccc23)c1,7.173925197299173,1,IC50,PPARG,CHEMBL235
Cc1oc(-c2ccccc2)nc1CCOc1cccc(CN(CC(=O)O)Cc2ccccc2)c1,6.619788758288394,1,IC50,PPARG,CHEMBL235
Cc1oc(-c2ccccc2)nc1CCOc1cccc(CN(CCCc2ccccc2)CC(=O)O)c1,6.111820506081675,1,IC50,PPARG,CHEMBL235
Cc1oc(-c2ccccc2)nc1CCOc1cccc(CN(CCc2ccccc2)CC(=O)O)c1,6.872895201635192,1,IC50,PPARG,CHEMBL235
Cc1oc(-c2ccccc2)nc1CCOc1cccc(C[C@@H]2C(=O)N(c3ccc(C(C)(C)C)cc3)[C@@H]2C(=O)O)c1,7.3979400086720375,1,IC50,PPARG,CHEMBL235
Cc1oc(-c2ccccc2)nc1CCOc1cccc(C[C@@H]2CN(C(=O)Oc3ccccc3)C[C@@H]2C(=O)O)c1,5.947003067583091,4,"EC50,IC50",PPARG,CHEMBL235
Cc1oc(-c2ccccc2)nc1CCOc1cccc(C[C@@H]2CN(c3ccccc3)C[C@@H]2C(=O)O)c1,6.171293627655455,4,"EC50,IC50",PPARG,CHEMBL235
Cc1oc(-c2ccccc2)nc1CCOc1cccc(C[C@@H]2CN(c3nccc(C(F)(F)F)n3)C[C@@H]2C(=O)O)c1,6.5,2,"EC50,IC50",PPARG,CHEMBL235
Cc1oc(-c2ccccc2)nc1CCOc1cccc(C[C@H]2C(=O)N(c3ccc(C(C)(C)C)cc3)[C@H]2C(=O)O)c1,6.096910013008056,1,IC50,PPARG,CHEMBL235
Cc1oc(-c2ccccc2)nc1CCOc1cccc(C[C@H]2CN(C(=O)Oc3ccccc3)C[C@@H]2C(=O)O)c1,5.324904105465324,2,"EC50,IC50",PPARG,CHEMBL235
Cc1oc(-c2ccccc2)nc1CCOc1cccc(C[C@H]2CN(C(=O)Oc3ccccc3)C[C@@H]2CC(=O)O)c1,6.6777807052660805,1,IC50,PPARG,CHEMBL235
Cc1oc(-c2ccccc2)nc1CCOc1cccc(C[C@H]2CN(C(=O)Oc3ccccc3)C[C@H]2C(=O)O)c1,5.552648173695385,2,"EC50,IC50",PPARG,CHEMBL235
Cc1oc(-c2ccccc2)nc1CCOc1cccc(C[C@H]2CN(c3ccccc3)C[C@H]2C(=O)O)c1,6.853871964321762,1,IC50,PPARG,CHEMBL235
Cc1oc(-c2ccccc2)nc1CCOc1cccc(C[C@H]2CN(c3nccc(C(F)(F)F)n3)C[C@H]2C(=O)O)c1,6.958607314841775,1,IC50,PPARG,CHEMBL235
Cc1oc(-c2ccccc2)nc1CCOc1cccc(Cc2c(C(=O)O)cnn2-c2ccccc2)c1,5.841870110677746,2,"EC50,IC50",PPARG,CHEMBL235
Cc1oc(-c2ccccc2)nc1CCOc1cccc(Cc2c(C(=O)O)nnn2-c2ccccc2)c1,5.613655822658929,2,"EC50,IC50",PPARG,CHEMBL235
Cc1oc(-c2ccccc2)nc1CCOc1cccc(Cc2cn(-c3ccccc3)cc2C(=O)O)c1,6.527758663924915,2,"EC50,IC50",PPARG,CHEMBL235
Cc1oc(-c2ccccc2)nc1CCOc1cccc(Cc2cn(-c3ccccc3)nc2C(=O)O)c1,6.9808886808156405,2,"EC50,IC50",PPARG,CHEMBL235
Cc1oc(-c2ccccc2)nc1CCOc1cccc(Cc2cn(C)cc2C(=O)O)c1,5.701267591421156,2,"EC50,IC50",PPARG,CHEMBL235
Cc1oc(-c2ccccc2)nc1CCOc1cccc(Cc2nn(-c3ccccc3)cc2C(=O)O)c1,7.246072064152084,2,"EC50,IC50",PPARG,CHEMBL235
Cc1oc(-c2ccccc2)nc1CCOc1cccc(Cc2nn(-c3ccccc3)nc2C(=O)O)c1,6.291255849647336,2,"EC50,IC50",PPARG,CHEMBL235
Cc1oc(-c2ccccc2)nc1CCOc1cccc(Cc2nn(-c3ccccc3)nc2CC(=O)O)c1,8.34948500216801,2,"EC50,IC50",PPARG,CHEMBL235
Cc1oc(-c2ccccc2)nc1CCOc1cccc(Cc2nnn(-c3ccccc3)c2C(=O)O)c1,5.431329275230272,2,"EC50,IC50",PPARG,CHEMBL235
Cc1oc(-c2ccccc2)nc1CCOc1cccc([C@@H]2CN(C(=O)Oc3ccccc3)C[C@@H]2C(=O)O)c1,5.247951552180561,1,EC50,PPARG,CHEMBL235
Cc1oc(-c2ccccc2)nc1CCOc1cccc([C@@H]2CN(C(=O)Oc3ccccc3)C[C@@H]2CC(=O)O)c1,5.969273760456403,2,"EC50,IC50",PPARG,CHEMBL235
Cc1oc(-c2ccccc2)nc1CCOc1cccc([C@H]2CN(C(=O)Oc3ccccc3)C[C@@H]2CC(=O)O)c1,5.287787878115244,2,"EC50,IC50",PPARG,CHEMBL235
Cc1oc(-c2ccccc2)nc1CCOc1cnc(CC2(C(=O)O)CCCO2)cn1,6.795880017344075,1,Ki,PPARG,CHEMBL235
Cc1oc(-c2ccccc2)nc1CCOc1ncc(CC2(C(=O)O)CCCO2)cn1,5.638272163982407,1,Ki,PPARG,CHEMBL235
Cc1oc(-c2ccccc2)nc1COc1ccc(Cc2ccc(OC(C)C(=O)O)cc2)cc1,6.537602002101044,1,EC50,PPARG,CHEMBL235
Cc1oc(-c2cccs2)nc1CCOc1ccc(CC(C)(Oc2ccccc2)C(=O)O)cc1,8.380889167856244,3,"Ki,EC50",PPARG,CHEMBL235
Cc1oc(-c2cccs2)nc1CCOc1ccc(C[C@@](C)(Oc2ccccc2)C(=O)O)cc1,6.917214629683549,1,EC50,PPARG,CHEMBL235
Cc1oc(-c2cccs2)nc1CCOc1ccc(C[C@](C)(Oc2ccccc2)C(=O)O)cc1,8.39897391554397,4,EC50,PPARG,CHEMBL235
Cc1oc(-c2ccncc2)nc1CCOc1ccc(C[C@H](Nc2ccccc2C(=O)c2ccccc2)C(=O)O)cc1,8.849857838151442,1,Ki,PPARG,CHEMBL235
Cc1oc(C2CCCCC2)nc1CCOc1ccc(CC(C)(Oc2ccccc2)C(=O)O)cc1,8.045757490560675,1,EC50,PPARG,CHEMBL235
Cc1oc(C2CCCCC2)nc1CCOc1ccc(C[C@H](Oc2ccccc2)C(=O)O)cc1,9.0,3,EC50,PPARG,CHEMBL235
Cc1oc(C2CCCCC2)nc1CCOc1ccc(C[C@](C)(Oc2ccccc2)C(=O)O)cc1,9.0,1,EC50,PPARG,CHEMBL235
Cc1oc(N2CCCCC2)nc1CCOc1ccc(C[C@H](Nc2ccccc2C(=O)c2ccccc2)C(=O)O)cc1,6.770011163455189,1,Ki,PPARG,CHEMBL235
Cc1sc(-c2ccccc2)nc1CCOc1ccc(C[C@@](O)(C(=O)O)c2ccccc2C(=O)c2ccccc2)cc1,10.0,2,EC50,PPARG,CHEMBL235
Cc1sc(-c2ccccc2)nc1CCOc1ccc(C[C@H](Nc2ccccc2C(=O)c2ccccc2)C(=O)O)cc1,9.480094722925825,2,"Ki,EC50",PPARG,CHEMBL235
Cc1sc(-c2ccncc2)nc1CCOc1ccc(C[C@H](Nc2ccccc2C(=O)c2ccccc2)C(=O)O)cc1,8.870021702506014,2,"Ki,EC50",PPARG,CHEMBL235
Cc1sc(N(C)C)nc1CCOc1ccc(C[C@H](Nc2ccccc2C(=O)c2ccccc2)C(=O)O)cc1,7.560036064079095,1,Ki,PPARG,CHEMBL235
Cc1sc(N2CCN(C(=O)OC(C)(C)C)CC2)nc1CCOc1ccc(C[C@H](Nc2ccccc2C(=O)c2ccccc2)C(=O)O)cc1,9.010016541698601,1,Ki,PPARG,CHEMBL235
Cc1sc(N2CCN(C)CC2)nc1CCOc1ccc(C[C@@](O)(C(=O)O)c2ccccc2C(=O)c2ccccc2)cc1,8.889747213338477,2,EC50,PPARG,CHEMBL235
Cc1sc(N2CCN(C)CC2)nc1CCOc1ccc(C[C@H](Nc2ccccc2C(=O)c2ccccc2)C(=O)O)cc1,8.775018409657406,2,"Ki,EC50",PPARG,CHEMBL235
Cc1sc(N2CCN(S(C)(=O)=O)CC2)nc1CCOc1ccc(C[C@H](Nc2ccccc2C(=O)c2ccccc2)C(=O)O)cc1,8.580044251510243,1,Ki,PPARG,CHEMBL235
Cc1sc(N2CCNCC2)nc1CCOc1ccc(C[C@H](Nc2ccccc2C(=O)c2ccccc2)C(=O)O)cc1,8.36001575195841,1,Ki,PPARG,CHEMBL235
Cc1sc(N2CCOCC2)nc1CCOc1ccc(CCC(=O)O)c(CNC(=O)OC(C)C)c1,7.605209643917787,2,"EC50,IC50",PPARG,CHEMBL235
Cc1sc(N2CCOCC2)nc1CCOc1ccc(C[C@H](Nc2ccccc2C(=O)c2ccccc2)C(=O)O)cc1,9.110026361596004,1,Ki,PPARG,CHEMBL235
Cc1sc(NCCCN(C)C)nc1CCOc1ccc(C[C@H](Nc2ccccc2C(=O)c2ccccc2)C(=O)O)cc1,7.910094888560602,1,Ki,PPARG,CHEMBL235
Cl.Cl.Cn1c(COc2cccc(C(=O)O)c2)nc2ccc(Oc3ccccc3)nc21,6.259637310505756,1,EC50,PPARG,CHEMBL235
Cl.Cn1c(COc2cccc(C(=O)O)c2)nc2ccc(Oc3ccc(F)c(Cl)c3)cc21,7.1938200260161125,1,EC50,PPARG,CHEMBL235
Cl.Cn1c(COc2cccc(C(=O)O)c2)nc2ccc(Oc3ccc(F)c(F)c3)cc21,6.928117992693874,1,EC50,PPARG,CHEMBL235
Cl.Cn1c(COc2cccc(C(=O)O)c2)nc2ccc(Oc3ccc4c(c3)CCO4)cc21,7.060480747381382,1,EC50,PPARG,CHEMBL235
Cl.Cn1c(COc2cccc(C(=O)O)c2)nc2ccc(Oc3cccc(C(F)(F)F)c3)cc21,7.638272163982407,1,EC50,PPARG,CHEMBL235
Cl.Cn1c(COc2cccc(C(=O)O)c2)nc2ccc(Oc3cccc(Cl)c3)cc21,7.0655015487564325,1,EC50,PPARG,CHEMBL235
Cl.Cn1c(COc2cccc(C(=O)O)c2)nc2ccc(Oc3ccccc3)cc21,6.073143291050307,1,EC50,PPARG,CHEMBL235
Cn1c(-c2ccccc2)c(CCc2ccccc2)c2cc(CC(=O)O)ccc21,6.260000690598032,1,Ki,PPARG,CHEMBL235
Cn1c(-c2ccccc2)c(CCc2ccccc2)c2cc(OCC(=O)O)ccc21,6.669992299127241,1,Ki,PPARG,CHEMBL235
Cn1c(CCCc2ccc(OC(C)(C)C(=O)O)cc2)nn(Cc2ccc(C(C)(C)C)cc2)c1=O,6.2839966563652006,1,IC50,PPARG,CHEMBL235
Cn1c(COc2ccc(CC3SC(=O)NC3=O)cc2)nc2ccccc2c1=O,5.8696662315049934,1,EC50,PPARG,CHEMBL235
Cn1c(COc2cccc(C(=O)O)c2)nc2ccc(Oc3c(F)cccc3F)cc21,5.877456475931245,1,EC50,PPARG,CHEMBL235
Cn1c(COc2cccc(C(=O)O)c2)nc2ccc(Oc3cc(Cl)ccn3)cc21,6.211124884224583,1,EC50,PPARG,CHEMBL235
Cn1c(COc2cccc(C(=O)O)c2)nc2ccc(Oc3cc(F)cc(Cl)c3)cc21,7.638272163982407,1,EC50,PPARG,CHEMBL235
Cn1c(COc2cccc(C(=O)O)c2)nc2ccc(Oc3cc(F)cc(F)c3)cc21,7.022276394711152,1,EC50,PPARG,CHEMBL235
Cn1c(COc2cccc(C(=O)O)c2)nc2ccc(Oc3cc(F)ccc3F)cc21,6.872895201635192,1,EC50,PPARG,CHEMBL235
Cn1c(COc2cccc(C(=O)O)c2)nc2ccc(Oc3ccc(Cl)c(F)c3)cc21,7.167491087293763,2,EC50,PPARG,CHEMBL235
Cn1c(COc2cccc(C(=O)O)c2)nc2ccc(Oc3ccc(Cl)c(F)c3)nc21,6.570247719997592,1,EC50,PPARG,CHEMBL235
Cn1c(COc2cccc(C(=O)O)c2)nc2ccc(Oc3ccc(Cl)cc3)cc21,6.899629454882437,1,EC50,PPARG,CHEMBL235
Cn1c(COc2cccc(C(=O)O)c2)nc2ccc(Oc3ccc(Cl)cn3)cc21,7.1487416512809245,1,EC50,PPARG,CHEMBL235
Cn1c(COc2cccc(C(=O)O)c2)nc2ccc(Oc3ccc(F)cc3)cc21,6.913640169325252,1,EC50,PPARG,CHEMBL235
Cn1c(COc2cccc(C(=O)O)c2)nc2ccc(Oc3ccc(F)cc3)nc21,5.97469413473523,1,EC50,PPARG,CHEMBL235
Cn1c(COc2cccc(C(=O)O)c2)nc2ccc(Oc3ccc(F)cc3F)cc21,6.844663962534938,1,EC50,PPARG,CHEMBL235
Cn1c(COc2cccc(C(=O)O)c2)nc2ccc(Oc3ccc(F)cn3)cc21,6.092588639225414,1,EC50,PPARG,CHEMBL235
Cn1c(COc2cccc(C(=O)O)c2)nc2ccc(Oc3ccc4c(c3)CCC4)nc21,7.6020599913279625,1,EC50,PPARG,CHEMBL235
Cn1c(COc2cccc(C(=O)O)c2)nc2ccc(Oc3ccc4c(c3)OCC4)cc21,7.6777807052660805,1,EC50,PPARG,CHEMBL235
Cn1c(COc2cccc(C(=O)O)c2)nc2ccc(Oc3ccc4c(c3)OCC4)nc21,7.026872146400302,1,EC50,PPARG,CHEMBL235
Cn1c(COc2cccc(C(=O)O)c2)nc2ccc(Oc3ccc4ccoc4c3)cc21,6.7258421507363195,1,EC50,PPARG,CHEMBL235
Cn1c(COc2cccc(C(=O)O)c2)nc2ccc(Oc3cccc(Cl)n3)cc21,6.133122185662501,1,EC50,PPARG,CHEMBL235
Cn1c(COc2cccc(C(=O)O)c2)nc2ccc(Oc3cccc(F)c3)cc21,6.6968039425795105,1,EC50,PPARG,CHEMBL235
Cn1c(COc2cccc(C(=O)O)c2)nc2ccc(Oc3cccc(F)c3F)cc21,6.638272163982407,1,EC50,PPARG,CHEMBL235
Cn1c(COc2cccc(C(=O)O)c2)nc2ccc(Oc3cccc(OC(F)(F)F)c3)cc21,6.94692155651658,1,EC50,PPARG,CHEMBL235
Cn1c(COc2cccc(C(=O)O)c2)nc2ccc(Oc3ccccc3F)cc21,5.843450848668219,1,EC50,PPARG,CHEMBL235
Cn1c(COc2cccc(C(=O)O)c2)nc2ccc(Oc3ccccn3)cc21,5.946153573147747,1,EC50,PPARG,CHEMBL235
Cn1c(COc2cccc(C(=O)O)c2)nc2ccc(Oc3cccnc3)cc21,5.165515714665195,1,EC50,PPARG,CHEMBL235
Cn1c(COc2cccc(C(=O)O)c2)nc2ccc(Oc3ccnc(Cl)c3)cc21,5.225702061500723,1,EC50,PPARG,CHEMBL235
Cn1c(COc2cccc(C(=O)O)c2)nc2ccc(Oc3ncc(Cl)cc3Cl)cc21,7.050609993355087,1,EC50,PPARG,CHEMBL235
Cn1c(COc2cccc(C(=O)O)c2)nc2ccc(Oc3ncc(Cl)cc3F)cc21,7.619788758288394,1,EC50,PPARG,CHEMBL235
Cn1c(COc2cccc(C(=O)O)c2)nc2ccc(Oc3ncccc3Cl)cc21,6.698970004336019,1,EC50,PPARG,CHEMBL235
Cn1c(COc2cccc(C(=O)O)c2)nc2ccc(Oc3ncccc3F)cc21,6.552841968657781,1,EC50,PPARG,CHEMBL235
Cn1c(COc2cccc(C(=O)O)c2)nc2cnc(Oc3ccc(Cl)c(F)c3)cc21,5.930331903088405,1,EC50,PPARG,CHEMBL235
Cn1c(COc2cccc(C(=O)O)c2)nc2cnc(Oc3ccc4c(c3)CCC4)cc21,7.698970004336019,1,EC50,PPARG,CHEMBL235
Cn1c(COc2cccc(C(=O)O)c2)nc2cnc(Oc3ccc4c(c3)OCC4)cc21,6.474955192963154,1,EC50,PPARG,CHEMBL235
Cn1cc(-c2ccccc2)nc1CCOc1ccc(C[C@H](Nc2ccccc2C(=O)c2ccccc2)C(=O)O)cc1,9.160019442321657,1,Ki,PPARG,CHEMBL235
Cn1ccc(-c2onc(-c3c(Cl)cccc3C(F)(F)F)c2COc2ccc(C(=O)O)cc2)c1,5.309894379144197,2,"EC50,IC50",PPARG,CHEMBL235
Cn1ccc2cc(C(=O)NCc3ccc(CS(=O)(=O)C4CC4)cc3C(F)(F)F)ccc21,5.935542010773082,1,EC50,PPARG,CHEMBL235
N#Cc1cc(NS(=O)(=O)c2ccc(Cl)cc2Cl)ccc1Oc1cncc(Cl)c1,6.740743030061056,2,"EC50,IC50",PPARG,CHEMBL235
N#Cc1ccc(Cl)c(C(=O)Nc2ccc(-c3ccncc3)nc2)c1,4.5934598195660445,1,IC50,PPARG,CHEMBL235
N#Cc1ccc(Cl)c(C(=O)Nc2ccc(N3CCOCC3)nc2)c1,4.5934598195660445,1,IC50,PPARG,CHEMBL235
N#Cc1ccc(Cl)c(C(=O)Nc2ccnc(-c3ccc(F)cc3)c2)c1,6.221848749616356,1,IC50,PPARG,CHEMBL235
N#Cc1ccc(Cl)c(C(=O)Nc2ccnc(-c3cccnc3)c2)c1,4.5934598195660445,1,IC50,PPARG,CHEMBL235
N#Cc1ccc(Cl)c(C(=O)Nc2ccnc(N3CCOCC3)c2)c1,4.5934598195660445,1,IC50,PPARG,CHEMBL235
N#Cc1ccc(OCCN(CCOc2ccc(C#N)cc2)c2ccc(C=C3C(=O)NC(=O)NC3=O)cc2)cc1,5.187086643357144,1,IC50,PPARG,CHEMBL235
N#Cc1cccc(Cl)c1C(=O)c1nc(-c2ccc(C(=O)O)cc2F)c2n1CCCC2,5.113509274827518,1,IC50,PPARG,CHEMBL235
N#Cc1cccc(OCCOc2ccc(C[C@H](Nc3ccccc3C(=O)c3ccccc3)C(=O)O)cc2)c1,6.429994423238211,1,Ki,PPARG,CHEMBL235
N#Cc1cncc(Oc2c(Cl)cc(NS(=O)(=O)c3ccc(Cl)cc3Cl)cc2Cl)c1,7.332773124424534,2,"EC50,IC50",PPARG,CHEMBL235
NC(=O)C(Cc1ccc(OCCOc2ccc3c(c2)NCCC3)cc1)C(=O)O,5.5406075122407685,1,EC50,PPARG,CHEMBL235
NC(=O)C(Cc1ccc(OCCOc2ccc3ccccc3c2)cc1)C(=O)O,5.51999305704285,1,EC50,PPARG,CHEMBL235
NC(=O)c1cncc(Oc2c(Cl)cc(NS(=O)(=O)c3ccc(Cl)cc3Cl)cc2Cl)c1,7.096910013008056,2,"EC50,IC50",PPARG,CHEMBL235
NS(=O)(=O)c1ccc(NC2=NC(=O)/C(=C/c3ccc(OCc4ccc(Cl)cc4)cc3)S2)cc1,5.142064735280571,1,EC50,PPARG,CHEMBL235
N[C@@H](Cc1c[nH]c2ccccc12)C(=O)N[C@@H](CCC(=O)O)C(=O)O,5.061980902523789,1,IC50,PPARG,CHEMBL235
N[C@@H](Cc1cc(Br)c(Oc2cc(I)c(O)c(I)c2)c(I)c1)C(=O)O,4.889410289700751,1,EC50,PPARG,CHEMBL235
N[C@@H](Cc1cc(I)c(Oc2cc(I)c(O)c(I)c2)c(I)c1)C(=O)O,4.920818753952375,1,EC50,PPARG,CHEMBL235
N[C@@H](Cc1cc(I)c(Oc2ccc(O)c(I)c2)c(I)c1)C(=O)O,5.236572006437063,1,EC50,PPARG,CHEMBL235
N[C@@H](Cc1ccc(Oc2cc(I)c(O)c(I)c2)c(I)c1)C(=O)O,5.42021640338319,1,EC50,PPARG,CHEMBL235
Nc1ccc(CNC(=O)c2ccc3c(ccn3Cc3ccc(F)cc3F)c2)cc1,6.8326826652518236,1,IC50,PPARG,CHEMBL235
Nc1ccc(CNC(=O)c2ccc3c(ccn3Cc3cccc(F)c3)c2)c(C(F)(F)F)c1,5.774690718274137,1,EC50,PPARG,CHEMBL235
Nc1nc2ccc(S(=O)(=O)n3c(CCCC(=O)O)cc4cc(Cl)ccc43)cc2o1,6.422508200162774,1,EC50,PPARG,CHEMBL235
Nc1nc2ccc(S(=O)(=O)n3c(CCCC(=O)O)cc4cc(Cl)ccc43)cc2s1,7.3872161432802645,1,EC50,PPARG,CHEMBL235
O=C(/C=C/c1ccccc1)NC(Cc1ccc(OCCOc2ccc(/C=C/c3ccccc3)cc2)cc1)C(=O)O,6.1938200260161125,1,EC50,PPARG,CHEMBL235
O=C(CCCC(=O)N/N=C/c1cccc2ccccc12)N/N=C/c1ccc2ccccc2c1,5.6777807052660805,1,IC50,PPARG,CHEMBL235
O=C(CCCOc1ccc(Cl)cc1Cl)N[C@@H](Cc1c[nH]c2ccccc12)C(=O)O,5.619788758288394,1,IC50,PPARG,CHEMBL235
O=C(CN1CC(=O)Nc2ccccc21)Nc1ccc(S(=O)(=O)NC(=O)NC2CCCCC2)cc1,5.939302159646388,1,IC50,PPARG,CHEMBL235
O=C(CN1c2ccccc2Sc2ccccc21)NNC(=S)NCc1ccccc1,5.108191117404626,2,EC50,PPARG,CHEMBL235
O=C(CNC(=O)Nc1ccc(NC(=O)NCC(=O)Nc2ccc(C3=NCCN3)cc2)cc1)Nc1ccc(C2=NCCN2)cc1,5.795880017344075,1,IC50,PPARG,CHEMBL235
O=C(COc1cc(O)c2c(=O)cc(-c3ccccc3)oc2c1)NCc1ccc(C(F)(F)F)cc1,5.986039931797098,2,"Ki,IC50",PPARG,CHEMBL235
O=C(COc1ccc2cc(/C=C3/SC(=O)NC3=O)ccc2c1)Nc1c(F)cc(F)cc1Br,6.610833915635467,1,EC50,PPARG,CHEMBL235
O=C(COc1ccc2cc(/C=C3/SC(=O)NC3=O)ccc2c1)Nc1ccc(Br)cc1,6.137272471682025,1,EC50,PPARG,CHEMBL235
O=C(COc1ccc2cc(/C=C3/SC(=O)NC3=O)ccc2c1)Nc1ccc(Br)cc1F,6.101823516502323,1,EC50,PPARG,CHEMBL235
O=C(COc1ccc2cc(/C=C3/SC(=O)NC3=O)ccc2c1)Nc1ccc([N+](=O)[O-])cc1,5.79317412396815,1,EC50,PPARG,CHEMBL235
O=C(Cc1ccc(C(F)(F)F)cc1)OCc1ccc(SCc2ccccc2C(=O)O)cc1,6.119186407719209,1,EC50,PPARG,CHEMBL235
O=C(Cc1ccc(CC(C(=O)O)S(=O)(=O)CCc2ccc(F)cc2)cc1)OCc1ccc(C(F)(F)F)cc1,4.7447274948966935,1,EC50,PPARG,CHEMBL235
O=C(Cc1ccc(CC(SCCc2ccc(F)cc2)C(=O)O)cc1)OCc1ccc(C(F)(F)F)cc1,5.769551078621726,1,EC50,PPARG,CHEMBL235
O=C(Cc1ccc(SCc2ccccc2C(=O)O)cc1)OCCc1ccccc1C(F)(F)F,5.086186147616283,1,EC50,PPARG,CHEMBL235
O=C(Cc1ccc(SCc2ccccc2C(=O)O)cc1)OCc1ccc(-n2cccn2)cc1,5.376750709602099,1,EC50,PPARG,CHEMBL235
O=C(Cc1ccc(SCc2ccccc2C(=O)O)cc1)OCc1ccc(C(F)(F)F)cc1,5.769551078621726,1,EC50,PPARG,CHEMBL235
O=C(Cc1cccc(SCc2ccccc2C(=O)O)c1)OCCc1ccc(C(F)(F)F)cc1,5.522878745280337,1,EC50,PPARG,CHEMBL235
O=C(Cc1cccc(SCc2ccccc2C(=O)O)c1)OCCc1ccccc1C(F)(F)F,5.045757490560675,1,EC50,PPARG,CHEMBL235
O=C(Cc1cccc(SCc2ccccc2C(=O)O)c1)OCc1ccc(-n2cccn2)cc1,5.376750709602099,1,EC50,PPARG,CHEMBL235
O=C(Cc1cccc(SCc2ccccc2C(=O)O)c1)OCc1ccc(C(F)(F)F)cc1,5.6020599913279625,1,EC50,PPARG,CHEMBL235
O=C(Cc1ccccc1)NC(CSCc1ccccc1)C(=O)O,4.962573502059376,1,EC50,PPARG,CHEMBL235
O=C(Cc1ccccc1)c1ccc(OC(Cc2ccccc2)C(=O)[O-])cc1.[Na+],5.040958607678906,1,EC50,PPARG,CHEMBL235
O=C(Cc1ccccn1)OCc1ccc(CC(SCCc2ccc(F)cc2)C(=O)O)cc1,5.6777807052660805,1,EC50,PPARG,CHEMBL235
O=C(NC(CSCc1ccc(C(=O)c2ccccc2)cc1)C(=O)O)OCc1ccccc1,5.102372908709558,1,EC50,PPARG,CHEMBL235
O=C(NC1CCC1)[C@H]1S[C@@H](n2cnc3c(NCc4cccc(I)c4)ncnc32)[C@H](O)[C@@H]1O,9.769551078621726,1,Ki,PPARG,CHEMBL235
O=C(NC1CCCCC1)NS(=O)(=O)c1ccc(CCNS(=O)(=O)c2ccc(Br)cc2)cc1,5.621602099051863,1,IC50,PPARG,CHEMBL235
O=C(NC1CCCCC1)NS(=O)(=O)c1ccc(CCNS(=O)(=O)c2ccc(Cl)cc2)cc1,5.508638306165727,1,IC50,PPARG,CHEMBL235
O=C(NC1CCCCC1)NS(=O)(=O)c1ccc(CCNS(=O)(=O)c2ccccc2)cc1,4.903089986991944,1,IC50,PPARG,CHEMBL235
O=C(NCC1CC1)[C@H]1S[C@@H](n2cnc3c(NCc4cccc(I)c4)ncnc32)[C@H](O)[C@@H]1O,8.73754891026957,1,Ki,PPARG,CHEMBL235
O=C(NCCSSCCNC(=O)/C(Cc1ccc(O)c(Br)c1)=N/O)/C(Cc1ccc(O)c(Br)c1)=N/O,5.2441251443275085,1,EC50,PPARG,CHEMBL235
O=C(NCc1ccc(CS(=O)(=O)C2CC2)cc1C(F)(F)F)c1ccc2[nH]ccc2c1,5.8297382846050425,1,EC50,PPARG,CHEMBL235
O=C(NCc1ccc(CS(=O)(=O)C2CC2)cc1C(F)(F)F)c1ccc2c(ccn2CC(C(F)(F)F)C(F)(F)F)c1,6.086186147616283,1,EC50,PPARG,CHEMBL235
O=C(NCc1ccc(CS(=O)(=O)C2CC2)cc1C(F)(F)F)c1ccc2c(ccn2CC2CC2)c1,6.468521082957745,1,EC50,PPARG,CHEMBL235
O=C(NCc1ccc(CS(=O)(=O)C2CC2)cc1C(F)(F)F)c1ccc2c(ccn2CC2COC2)c1,5.494850021680094,1,EC50,PPARG,CHEMBL235
O=C(NCc1ccc(CS(=O)(=O)C2CC2)cc1C(F)(F)F)c1ccc2c(ccn2S(=O)(=O)c2cccc(F)c2)c1,5.991399828238082,1,EC50,PPARG,CHEMBL235
O=C(NCc1ccc(Cl)cc1)c1ccc(Cl)c(C(=O)Nc2ccccc2)c1,5.142667503568731,1,EC50,PPARG,CHEMBL235
O=C(NCc1ccc(F)c(F)c1)c1cc(C(=O)Nc2ccccn2)c(Cl)cc1F,7.113106777509403,2,"EC50,IC50",PPARG,CHEMBL235
O=C(NCc1ccc(F)c(F)c1)c1ccc(Cl)c(C(=O)Nc2ccccc2)c1,5.443865115791365,2,"EC50,IC50",PPARG,CHEMBL235
O=C(NCc1ccc(F)cc1)c1ccc(Cl)c(C(=O)Nc2ccccc2)c1,5.4808886808156405,2,"EC50,IC50",PPARG,CHEMBL235
O=C(NCc1ccc(NC(=O)C(F)(F)F)cc1C(F)(F)F)c1ccc2c(ccn2Cc2cccc(F)c2)c1,5.882728704344236,1,EC50,PPARG,CHEMBL235
O=C(NCc1ccc(NS(=O)(=O)C2CC2)cc1C(F)(F)F)c1ccc2c(ccn2Cc2cccc(F)c2)c1,6.7011524070372435,2,EC50,PPARG,CHEMBL235
O=C(NCc1cccc(O)c1)c1ccc(NCc2ccc(-c3ccccc3C(=O)O)cc2)cc1,6.5416414612005935,2,"Ki,IC50",PPARG,CHEMBL235
O=C(NCc1ccccc1)c1cc(C(=O)Nc2ccccc2)c(Cl)c(C(F)(F)F)c1,5.657577319177793,1,EC50,PPARG,CHEMBL235
O=C(NCc1ccccc1)c1cc(C(=O)Nc2ccccc2)c(Cl)cc1F,6.778525065211069,2,"EC50,IC50",PPARG,CHEMBL235
O=C(NCc1ccccc1)c1cc(Cl)c(Cl)c(C(=O)Nc2ccccc2)c1,8.58374554364688,2,"EC50,IC50",PPARG,CHEMBL235
O=C(NCc1ccccc1)c1ccc(Br)c(C(=O)Nc2ccccc2)c1,6.497411889482436,2,"EC50,IC50",PPARG,CHEMBL235
O=C(NCc1ccccc1)c1ccc(Cl)c(C(=O)Nc2ccccc2)c1,5.789857057529041,2,"EC50,IC50",PPARG,CHEMBL235
O=C(NCc1ccccc1)c1ccc2c(ccn2Cc2ccc(F)cc2F)c1,8.301029995663981,1,IC50,PPARG,CHEMBL235
O=C(NCc1ccccc1C(F)(F)F)c1ccc(CC(C(=O)O)c2ccccc2)cc1,5.522878745280337,1,EC50,PPARG,CHEMBL235
O=C(NCc1ccccc1C(F)(F)F)c1ccc2c(c1)[nH]c(=O)n2CC1CCCCC1,6.154901959985743,1,EC50,PPARG,CHEMBL235
O=C(NCc1ccccc1C(F)(F)F)c1ccc2c(c1)[nH]c(=O)n2Cc1cc(F)cc(F)c1,5.707743928643524,1,EC50,PPARG,CHEMBL235
O=C(NCc1ccccc1C(F)(F)F)c1ccc2c(c1)[nH]c(=O)n2Cc1ccc(Cl)c(Cl)c1,6.0,1,EC50,PPARG,CHEMBL235
O=C(NCc1ccccc1C(F)(F)F)c1ccc2c(c1)[nH]c(=O)n2Cc1cccc(Cl)c1,5.3872161432802645,1,EC50,PPARG,CHEMBL235
O=C(NCc1ccccc1C(F)(F)F)c1ccc2c(c1)[nH]c(=O)n2Cc1cccc(F)c1,6.920818753952375,1,EC50,PPARG,CHEMBL235
O=C(NCc1ccccc1C(F)(F)F)c1ccc2c(c1)[nH]c(=O)n2Cc1ccccc1,6.267606240177031,1,EC50,PPARG,CHEMBL235
O=C(NCc1ccccc1C(F)(F)F)c1ccc2c(c1)[nH]c(=O)n2Cc1ccccc1C(F)(F)F,5.431798275933005,1,EC50,PPARG,CHEMBL235
O=C(NCc1ccccc1C(F)(F)F)c1ccc2c(c1)[nH]c(=O)n2Cc1ccccc1Cl,5.47755576649368,1,EC50,PPARG,CHEMBL235
O=C(NCc1ccccc1C(F)(F)F)c1ccc2c(c1)ncn2Cc1cccc(F)c1,5.85078088734462,1,EC50,PPARG,CHEMBL235
O=C(NCc1ccccc1C(F)(F)F)c1ccc2c(cnn2Cc2cccc(F)c2)c1,5.795880017344075,1,EC50,PPARG,CHEMBL235
O=C(NCc1ccccc1Cn1cccc1C(=O)O)NC12CC3CC(CC(C3)C1)C2,5.221848749616356,1,EC50,PPARG,CHEMBL235
O=C(NCc1ccccc1Cn1cccc1C(=O)O)NC12C[C@H]3C[C@@H](C1)C[C@@H](C2)C3,5.221848749616356,1,EC50,PPARG,CHEMBL235
O=C(NCc1ccccc1Cn1cccc1C(=O)O)Nc1ccc(OC(F)(F)F)cc1,5.698970004336019,1,EC50,PPARG,CHEMBL235
O=C(NCc1cccs1)c1ccc2c(ccn2Cc2ccc(F)cc2F)c1,8.154901959985743,1,IC50,PPARG,CHEMBL235
O=C(NS(=O)(=O)c1ccc(C(F)(F)F)cc1)c1cc2ccccc2n1Cc1ccc(C(F)(F)F)cc1,6.154901959985743,1,IC50,PPARG,CHEMBL235
O=C(NS(=O)(=O)c1ccc(Cl)cc1)c1cc2ccccc2n1Cc1cccc(C(F)(F)F)c1,6.552841968657781,1,IC50,PPARG,CHEMBL235
O=C(NS(=O)(=O)c1ccc(Cl)s1)c1cc2ccccc2n1Cc1cccc(C(F)(F)F)c1,7.096910013008056,1,IC50,PPARG,CHEMBL235
O=C(NS(=O)(=O)c1ccc(F)cc1)c1cc2ccccc2n1Cc1cccc(C(F)(F)F)c1,6.142667503568731,1,IC50,PPARG,CHEMBL235
O=C(NS(=O)(=O)c1ccc2ccccc2c1)c1cc2ccccc2n1Cc1cccc(C(F)(F)F)c1,7.045757490560675,1,IC50,PPARG,CHEMBL235
O=C(NS(=O)(=O)c1cccc(C(F)(F)F)c1)c1cc2cc(Cl)ccc2n1Cc1cccc(C(F)(F)F)c1,6.481486060122112,1,IC50,PPARG,CHEMBL235
O=C(NS(=O)(=O)c1cccc(C(F)(F)F)c1)c1cc2cc(O)ccc2n1Cc1cccc(C(F)(F)F)c1,6.267606240177031,1,IC50,PPARG,CHEMBL235
O=C(NS(=O)(=O)c1cccc(C(F)(F)F)c1)c1cc2cc(OCc3ccccc3)ccc2n1Cc1cccc(C(F)(F)F)c1,6.113509274827518,1,IC50,PPARG,CHEMBL235
O=C(NS(=O)(=O)c1cccc(C(F)(F)F)c1)c1cc2ccccc2n1C(=O)c1cccc(C(F)(F)F)c1,5.026872146400301,1,IC50,PPARG,CHEMBL235
O=C(NS(=O)(=O)c1cccc(C(F)(F)F)c1)c1cc2ccccc2n1Cc1cc(Cl)ccc1Cl,6.42021640338319,1,IC50,PPARG,CHEMBL235
O=C(NS(=O)(=O)c1cccc(C(F)(F)F)c1)c1cc2ccccc2n1Cc1ccc(C(F)(F)F)cc1,6.3979400086720375,1,IC50,PPARG,CHEMBL235
O=C(NS(=O)(=O)c1cccc(C(F)(F)F)c1)c1cc2ccccc2n1Cc1cccc(C(F)(F)F)c1,7.096910013008056,1,IC50,PPARG,CHEMBL235
O=C(NS(=O)(=O)c1cccc(C(F)(F)F)c1)c1cc2ccccc2n1Cc1cccc(OC(F)(F)F)c1,7.045757490560675,1,IC50,PPARG,CHEMBL235
O=C(NS(=O)(=O)c1cccc(C(F)(F)F)c1)c1cc2ccccc2n1Cc1cccc(OCc2ccccc2)c1,7.301029995663981,1,IC50,PPARG,CHEMBL235
O=C(NS(=O)(=O)c1cccc(C(F)(F)F)c1)c1cc2ccccc2n1Cc1ccccc1,6.552841968657781,1,IC50,PPARG,CHEMBL235
O=C(NS(=O)(=O)c1ccccc1)c1cc2ccccc2n1Cc1cccc(C(F)(F)F)c1,6.537602002101044,1,IC50,PPARG,CHEMBL235
O=C(NS(=O)(=O)c1ccccc1C(F)(F)F)c1cc2ccccc2n1Cc1cccc(C(F)(F)F)c1,7.096910013008056,1,IC50,PPARG,CHEMBL235
O=C(N[C@@H]1C[C@H]1c1ccccc1)c1ccc2c(ccn2Cc2ccc(F)cc2F)c1,5.173925197299173,1,IC50,PPARG,CHEMBL235
O=C(Nc1cc(Br)ccc1C(=O)O)c1cccc(S(=O)(=O)N2CCc3ccccc3C2)c1,5.40000018605658,1,IC50,PPARG,CHEMBL235
O=C(Nc1ccc(-c2cccc3cccnc23)cc1C(=O)[O-])c1ccc(Cl)cc1Cl.[Li+],6.154901959985743,1,Ki,PPARG,CHEMBL235
O=C(Nc1ccc(-c2ccco2)cc1C(=O)[O-])c1ccc(Cl)cc1Cl.[Li+],6.301029995663981,1,Ki,PPARG,CHEMBL235
O=C(Nc1ccc(-c2ccsc2)cc1C(=O)[O-])c1ccc(Cl)cc1Cl.[Li+],6.045757490560675,1,Ki,PPARG,CHEMBL235
O=C(Nc1ccc(Br)cc1C(=O)O)c1cccc(S(=O)(=O)N2CCc3ccccc3C2)c1,5.59999938302362,1,IC50,PPARG,CHEMBL235
O=C(Nc1ccc(C(F)(F)F)cc1C(=O)O)c1cccc(S(=O)(=O)N2CCc3ccccc3C2)c1,5.499999678657065,1,IC50,PPARG,CHEMBL235
O=C(Nc1ccc(Cl)cc1C(=O)O)c1cccc(S(=O)(=O)N2CCc3c(O)cccc3C2)c1,5.300000202445418,1,IC50,PPARG,CHEMBL235
O=C(Nc1ccc(Cl)cc1C(=O)O)c1cccc(S(=O)(=O)N2CCc3c(cccc3C(=O)O)C2)c1,5.100000128334196,1,IC50,PPARG,CHEMBL235
O=C(Nc1ccc(Cl)cc1C(=O)O)c1cccc(S(=O)(=O)N2CCc3ccc(Cl)cc3C2)c1,5.40000018605658,1,IC50,PPARG,CHEMBL235
O=C(Nc1ccc(Cl)cc1C(=O)O)c1cccc(S(=O)(=O)N2CCc3ccc(F)cc3C2)c1,5.499999678657065,1,IC50,PPARG,CHEMBL235
O=C(Nc1ccc(Cl)cc1C(=O)O)c1cccc(S(=O)(=O)N2CCc3ccccc3C2)c1,5.40000018605658,1,IC50,PPARG,CHEMBL235
O=C(Nc1ccc(F)cc1C(=O)O)c1cccc(S(=O)(=O)N2CCc3ccccc3C2)c1,5.200000237109354,1,IC50,PPARG,CHEMBL235
O=C(Nc1ccc(OC(F)(F)F)c(F)c1)N[C@H]1CC[C@H](Oc2ccc(O)cc2)CC1,6.221848749616356,1,EC50,PPARG,CHEMBL235
O=C(Nc1ccc(OCCc2ccccn2)cc1C(=O)[O-])c1ccc(Cl)cc1Cl.[Li+],5.823908740944319,1,Ki,PPARG,CHEMBL235
O=C(Nc1ccc(OCCc2cccs2)cc1C(=O)[O-])c1ccc(Cl)cc1Cl.[Li+],6.0,1,Ki,PPARG,CHEMBL235
O=C(Nc1ccc(OCCc2ccsc2)cc1C(=O)[O-])c1ccc(Cl)cc1Cl.[Li+],6.221848749616356,1,Ki,PPARG,CHEMBL235
O=C(Nc1ccc(OCc2cccs2)cc1C(=O)[O-])c1ccc(Cl)cc1Cl.[Li+],6.3979400086720375,1,Ki,PPARG,CHEMBL235
O=C(Nc1ccc(Oc2ccc([N+](=O)[O-])cn2)cc1C(=O)[O-])c1ccc(Cl)cc1Cl.[Li+],6.7447274948966935,1,Ki,PPARG,CHEMBL235
O=C(Nc1ccc(Oc2cncc(Cl)n2)cc1C(=O)[O-])c1ccc(Cl)cc1Cl.[Li+],6.795880017344075,1,Ki,PPARG,CHEMBL235
O=C(Nc1ccc(Oc2ncccc2[N+](=O)[O-])cc1C(=O)[O-])c1ccc(Cl)cc1Cl.[Li+],6.769551078621726,1,Ki,PPARG,CHEMBL235
O=C(Nc1ccc(Oc2ncccn2)cc1C(=O)O)c1ccc(Cl)cc1Cl,5.886056647693163,1,EC50,PPARG,CHEMBL235
O=C(Nc1ccc(Oc2ncccn2)cc1C(=O)[O-])c1ccc(Cl)cc1Cl.[Li+],7.0,1,Ki,PPARG,CHEMBL235
O=C(Nc1ccc2nc(-c3ccccc3)cn2c1)c1cc([N+](=O)[O-])ccc1Cl,8.910799329233122,2,"EC50,IC50",PPARG,CHEMBL235
O=C(Nc1ccc2oc(-c3cccc(Cl)c3)nc2c1)c1cc([N+](=O)[O-])ccc1Cl,7.713332079966966,2,"EC50,IC50",PPARG,CHEMBL235
O=C(Nc1ccc2oc(-c3ccccc3Br)nc2c1)c1cc([N+](=O)[O-])ccc1Cl,7.363847077798956,2,"EC50,IC50",PPARG,CHEMBL235
O=C(Nc1ccccc1)c1cc([N+](=O)[O-])ccc1Cl,8.590228032229065,2,"EC50,IC50",PPARG,CHEMBL235
O=C(Nc1ccccc1C(=O)N/N=C/c1c(O)ccc2ccccc12)c1ccccc1Cl,5.769551078621726,1,IC50,PPARG,CHEMBL235
O=C(Nc1ccccc1C(=O)O)c1cccc(S(=O)(=O)N2CCc3ccccc3C2)c1,5.100000128334196,1,IC50,PPARG,CHEMBL235
O=C(Nc1ccncc1)c1cc([N+](=O)[O-])ccc1Cl,8.037663576452164,4,IC50,PPARG,CHEMBL235
O=C(Nn1cc([N+](=O)[O-])cn1)c1cccc(COc2ccc(Br)cc2)c1,5.2636034977233574,2,EC50,PPARG,CHEMBL235
O=C(O)C(Cc1ccc(Br)cc1)Oc1ccc(Cl)cc1,5.684029654543082,1,EC50,PPARG,CHEMBL235
O=C(O)C(Cc1ccc(Cl)cc1)Oc1ccc(Cl)cc1,5.500312917381596,1,EC50,PPARG,CHEMBL235
O=C(O)C(Cc1ccc(Cl)cc1)Oc1ccc(Cl)cc1F,6.045757490560675,1,EC50,PPARG,CHEMBL235
O=C(O)C(Cc1ccc(F)cc1)Oc1ccc(Cl)cc1,5.2839966563652006,1,EC50,PPARG,CHEMBL235
O=C(O)C(Cc1ccc(OCCOc2ccc3c(c2)CCCC3)cc1)C(=O)O,5.675717544702307,1,EC50,PPARG,CHEMBL235
O=C(O)C(Cc1ccc(OCCn2c(=O)sc3cc(/C=C/c4cc(O)cc(O)c4)ccc32)cc1)OCC(F)(F)F,6.698970004336019,1,EC50,PPARG,CHEMBL235
O=C(O)C(Cc1ccc(Oc2ccccc2)cc1)Oc1ccc(Cl)cc1,5.97469413473523,1,EC50,PPARG,CHEMBL235
O=C(O)C(Cc1cccc(F)c1)Oc1ccc(Cl)cc1,5.455931955649724,1,EC50,PPARG,CHEMBL235
O=C(O)C(Cc1cccc(F)c1)Oc1ccc(Cl)cc1F,5.619788758288394,1,EC50,PPARG,CHEMBL235
O=C(O)C(Cc1cccc(F)c1)Oc1ccccc1C(F)(F)F,4.935542010773082,1,EC50,PPARG,CHEMBL235
O=C(O)C(Cc1cccc(Oc2ccccc2)c1)Oc1ccc(Cl)cc1,5.514278573518419,1,EC50,PPARG,CHEMBL235
O=C(O)C(Cc1ccccc1)Oc1ccc(/C(=N/O)c2ccccc2)cc1,4.906578314837765,1,EC50,PPARG,CHEMBL235
O=C(O)C(Cc1ccccc1)Oc1ccc(/C=C/c2ccccc2)cc1,6.142667503568731,1,EC50,PPARG,CHEMBL235
O=C(O)C(Cc1ccccc1)Oc1ccc(/C=N/O)cc1,4.366531544420414,1,EC50,PPARG,CHEMBL235
O=C(O)C(Cc1ccccc1)Oc1ccc(/C=N/OCCCc2ccccc2)cc1,5.903089986991944,1,EC50,PPARG,CHEMBL235
O=C(O)C(Cc1ccccc1)Oc1ccc(/C=N/OCc2ccccc2)cc1,5.6777807052660805,1,EC50,PPARG,CHEMBL235
O=C(O)C(Cc1ccccc1)Oc1ccc(C#Cc2ccccc2)cc1,6.267606240177031,1,EC50,PPARG,CHEMBL235
O=C(O)C(Cc1ccccc1)Oc1ccc(CCCc2ccccc2)cc1,6.060480747381382,1,EC50,PPARG,CHEMBL235
O=C(O)C(Cc1ccccc1)Oc1ccc(CCc2ccccc2)cc1,6.065501548756432,1,EC50,PPARG,CHEMBL235
O=C(O)C(Cc1ccccc1)Oc1ccc(CNc2ccccc2)cc1,5.026872146400301,1,EC50,PPARG,CHEMBL235
O=C(O)C(Cc1ccccc1)Oc1ccc(COc2ccccc2)cc1,5.522878745280337,1,EC50,PPARG,CHEMBL235
O=C(O)C(Cc1ccccc1)Oc1ccc(CSc2ccccc2)cc1,6.3979400086720375,1,EC50,PPARG,CHEMBL235
O=C(O)C(Cc1ccccc1)Oc1ccc(Cc2ccccc2)cc1,6.236572006437063,1,EC50,PPARG,CHEMBL235
O=C(O)C(Cc1ccccc1)Oc1ccc(Cl)c(C(F)(F)F)c1,5.236572006437063,1,EC50,PPARG,CHEMBL235
O=C(O)C(Cc1ccccc1)Oc1ccc(Cl)c(Cl)c1,5.5934598195660445,1,EC50,PPARG,CHEMBL235
O=C(O)C(Cc1ccccc1)Oc1ccc(Cl)c(F)c1,4.85078088734462,1,EC50,PPARG,CHEMBL235
O=C(O)C(Cc1ccccc1)Oc1ccc(NCc2ccccc2)cc1,4.886056647693163,1,EC50,PPARG,CHEMBL235
O=C(O)C(Cc1ccccc1)Oc1ccc(OCc2ccccc2)cc1,5.619788758288394,1,EC50,PPARG,CHEMBL235
O=C(O)C(Cc1ccccc1)Oc1ccc(Oc2ccccc2)cc1,5.917214629683549,1,EC50,PPARG,CHEMBL235
O=C(O)C(Cc1ccccc1)Oc1ccc(SCc2ccccc2)cc1,5.853871964321762,1,EC50,PPARG,CHEMBL235
O=C(O)C(Cc1ccccc1)Oc1cccc(F)c1,4.3872161432802645,1,EC50,PPARG,CHEMBL235
O=C(O)C(Cc1ccccc1)Oc1ccccc1C(F)(F)F,4.522878745280337,1,EC50,PPARG,CHEMBL235
O=C(O)C(Cc1ccccc1)Oc1ccccc1F,4.721246399047171,1,EC50,PPARG,CHEMBL235
O=C(O)C(Cc1ccccc1Br)Oc1ccc(Cl)cc1,5.605548319173783,1,EC50,PPARG,CHEMBL235
O=C(O)C(Cc1ccccc1C(F)(F)F)Oc1ccc(Cl)cc1,5.39469495385889,1,EC50,PPARG,CHEMBL235
O=C(O)C(Cc1ccccc1Cl)Oc1ccc(Cl)cc1,5.651695136951839,1,EC50,PPARG,CHEMBL235
O=C(O)C(Cc1ccccc1F)Oc1ccc(Cl)cc1,5.309803919971486,1,EC50,PPARG,CHEMBL235
O=C(O)C(Oc1ccc(Cl)cc1F)c1ccc(Cl)cc1,4.785156151952302,1,EC50,PPARG,CHEMBL235
O=C(O)C(Oc1ccc(Cl)cc1F)c1ccccc1,4.494850021680094,1,EC50,PPARG,CHEMBL235
O=C(O)C(Oc1cccc(C(F)(F)F)c1)c1ccc(Cl)cc1,5.0,1,EC50,PPARG,CHEMBL235
O=C(O)C(Sc1nc(Cl)cc(NCCCc2ccccc2)n1)c1cccc2ccccc12,5.050609993355087,1,EC50,PPARG,CHEMBL235
O=C(O)C(Sc1nc(Cl)cc(NCCc2ccccc2)n1)c1cccc2ccccc12,4.966576244513051,1,EC50,PPARG,CHEMBL235
O=C(O)C(Sc1nc(Cl)cc(Nc2ccc(Cl)cc2)n1)c1cccc2ccccc12,5.045757490560675,1,EC50,PPARG,CHEMBL235
O=C(O)C(Sc1nc(Cl)cc(Nc2ccc(F)cc2)n1)c1cccc2ccccc12,4.886056647693163,1,EC50,PPARG,CHEMBL235
O=C(O)C(Sc1nc(Cl)cc(Nc2ccc3c(c2)CCC3)n1)c1cccc2ccccc12,5.167491087293763,1,EC50,PPARG,CHEMBL235
O=C(O)C(Sc1nc(Cl)cc(Nc2ccc3ccccc3c2)n1)c1cccc2ccccc12,5.161150909262744,1,EC50,PPARG,CHEMBL235
O=C(O)C(Sc1nc(Cl)cc(Nc2cccc(Cl)c2)n1)c1cccc2ccccc12,5.136677139879544,1,EC50,PPARG,CHEMBL235
O=C(O)C1CCc2ccc(OCCCOc3ccc(OCC(F)(F)F)cc3Cl)cc2O1,5.3872161432802645,1,IC50,PPARG,CHEMBL235
O=C(O)CC1COc2cc(OCCCOc3ccc(-c4ccccc4)cc3)ccc21,5.527243550682788,1,EC50,PPARG,CHEMBL235
O=C(O)CC1COc2cc(OCCCOc3cccc(-c4ccccc4)c3)ccc21,5.732828271596986,1,EC50,PPARG,CHEMBL235
O=C(O)CC1COc2cc(OCCCOc3cccc(Br)c3)ccc21,5.777283528852417,1,EC50,PPARG,CHEMBL235
O=C(O)CC1COc2cc(OCCCOc3cccc(Cl)c3)ccc21,5.772113295386326,1,EC50,PPARG,CHEMBL235
O=C(O)CC1COc2cc(OCCCOc3ccccc3)ccc21,5.279014255846261,1,EC50,PPARG,CHEMBL235
O=C(O)CC1COc2cc(OCCCOc3ccccc3F)ccc21,5.573488738635424,1,EC50,PPARG,CHEMBL235
O=C(O)CC1COc2cc(OCCOc3ccccc3)ccc21,5.110698297493689,1,EC50,PPARG,CHEMBL235
O=C(O)CCCCNC(=O)c1ccccc1NC(=O)c1ccc2ccccc2c1,4.585026652029182,1,EC50,PPARG,CHEMBL235
O=C(O)CCCNC(=O)c1ccccc1NC(=O)c1ccc(-c2ccccc2)cc1,4.886056647693163,1,EC50,PPARG,CHEMBL235
O=C(O)CCCNC(=O)c1ccccc1NC(=O)c1ccc2ccccc2c1,4.7423214251308154,1,EC50,PPARG,CHEMBL235
O=C(O)CCCNC(=O)c1ccccc1NC(=O)c1cccc(-c2ccccc2)c1,4.431798275933005,1,EC50,PPARG,CHEMBL235
O=C(O)CCCNC(=O)c1ccccc1NC(=O)c1cccc2ccccc12,4.3872161432802645,1,EC50,PPARG,CHEMBL235
O=C(O)CCCNC(=O)c1ccccc1NC(=O)c1ccccc1-c1ccccc1,4.638272163982407,1,EC50,PPARG,CHEMBL235
O=C(O)CCCc1cc2cc(C(F)(F)F)ccc2n1S(=O)(=O)c1ccc(Cl)cc1,6.201349354554731,1,EC50,PPARG,CHEMBL235
O=C(O)CCCc1cc2cc(C(F)(F)F)ccc2n1S(=O)(=O)c1ccc(OC(F)(F)F)cc1,6.24184537803261,1,EC50,PPARG,CHEMBL235
O=C(O)CCCc1cc2cc(C(F)(F)F)ccc2n1S(=O)(=O)c1ccc2scnc2c1,6.8326826652518236,1,EC50,PPARG,CHEMBL235
O=C(O)CCCc1cc2cc(C(F)(F)F)ccc2n1S(=O)(=O)c1cccc(Cl)c1,6.59176003468815,1,EC50,PPARG,CHEMBL235
O=C(O)CCCc1cc2cc(C(F)(F)F)ccc2n1S(=O)(=O)c1cccc(OC(F)(F)F)c1,6.6968039425795105,1,EC50,PPARG,CHEMBL235
O=C(O)CCCc1cc2cc(C(F)(F)F)ccc2n1S(=O)(=O)c1ccccc1,6.379863945026242,1,EC50,PPARG,CHEMBL235
O=C(O)CCCc1cc2cc(Cl)ccc2n1S(=O)(=O)c1ccc2c(c1)OCO2,7.1487416512809245,1,EC50,PPARG,CHEMBL235
O=C(O)CCCc1cc2cc(Cl)ccc2n1S(=O)(=O)c1ccc2ccccc2c1,7.455931955649724,1,EC50,PPARG,CHEMBL235
O=C(O)CCCc1cc2cc(Cl)ccc2n1S(=O)(=O)c1ccc2ncsc2c1,5.898900522104968,13,EC50,PPARG,CHEMBL235
O=C(O)CCCc1cc2cc(Cl)ccc2n1S(=O)(=O)c1ccc2nsnc2c1,6.815308569182401,1,EC50,PPARG,CHEMBL235
O=C(O)CCCc1cc2cc(Cl)ccc2n1S(=O)(=O)c1cccc2ccccc12,6.576754126063192,1,EC50,PPARG,CHEMBL235
O=C(O)CCCc1cc2cc(Cl)ccc2n1S(=O)(=O)c1ccccc1,6.546681659952963,1,EC50,PPARG,CHEMBL235
O=C(O)CCN1C(=O)/C(=C\c2ccc(Cl)cc2Cl)SC1=S,6.05749589383192,1,IC50,PPARG,CHEMBL235
O=C(O)CCc1cc2cc(Cl)ccc2n1S(=O)(=O)c1ccccc1,5.807432546663454,1,EC50,PPARG,CHEMBL235
O=C(O)CCc1ccc(CNC(=O)c2cccc(CNC(=O)c3ccccc3)c2)cc1,4.202732459169283,1,IC50,PPARG,CHEMBL235
O=C(O)CCc1ccc(OCCCOc2ccc(Oc3ccc(F)cc3)cc2Cl)cc1,5.1911141326401875,1,IC50,PPARG,CHEMBL235
O=C(O)CCc1ccc2[nH]c(-c3cccc(Br)c3)cc2c1,3.6263525277907824,1,EC50,PPARG,CHEMBL235
O=C(O)CCc1ccc2[nH]c(-c3cccc(Cl)c3)cc2c1,5.619788758288394,1,EC50,PPARG,CHEMBL235
O=C(O)CCc1ccc2[nH]c(-c3ccccc3)c(CCc3ccccc3)c2c1,5.139999976065226,1,Ki,PPARG,CHEMBL235
O=C(O)CCc1cccc(NC(=O)c2ccccc2NC(=O)c2ccc(C(F)(F)F)cc2)c1,5.161150909262744,1,EC50,PPARG,CHEMBL235
O=C(O)COc1ccc(COc2cc(/C=C/c3ccc(OCC4CC4)cc3)cc(OCC3CC3)c2)cc1F,4.610833915635467,1,EC50,PPARG,CHEMBL235
O=C(O)COc1ccc(OCCCOc2cccc(Cl)c2)cc1F,5.498940737782249,1,EC50,PPARG,CHEMBL235
O=C(O)COc1ccc(SCc2ccc(OCc3ccc(C(F)(F)F)cc3)cc2)c2c1CCCO2,5.2549252084179425,1,IC50,PPARG,CHEMBL235
O=C(O)COc1ccc(SCc2ccc(OCc3ccccc3)cc2)c2c1CCC2,5.120904120499928,1,IC50,PPARG,CHEMBL235
O=C(O)COc1ccc(Sc2ccc(COc3ccc(C(F)(F)F)cc3)cc2Cl)c2c1CCCC2,6.3569964389602625,2,Ki,PPARG,CHEMBL235
O=C(O)COc1ccc(Sc2ccc(COc3ccc(C(F)(F)F)cc3)cc2OCC#CCCO)c2c1CCCC2,7.366531544420414,1,Ki,PPARG,CHEMBL235
O=C(O)COc1ccc(Sc2ccc(COc3ccc(C(F)(F)F)cc3)cc2OCC#CCO)c2c1CCCC2,5.953464346811968,2,"Ki,EC50",PPARG,CHEMBL235
O=C(O)COc1ccc(Sc2ccc(COc3ccc(C(F)(F)F)cc3)cc2OCC#Cc2cccnc2)c2c1CCCC2,6.698970004336019,2,"Ki,EC50",PPARG,CHEMBL235
O=C(O)COc1cccc2c1CCN(S(=O)(=O)c1cccc(C(=O)Nc3ccc(Cl)cc3C(=O)O)c1)C2,5.100000128334196,1,IC50,PPARG,CHEMBL235
O=C(O)CSc1nc(Cl)cc(Nc2ccc(Cl)c3c2CCC3)n1,5.508638306165727,1,EC50,PPARG,CHEMBL235
O=C(O)CSc1nc(Cl)cc(Nc2ccc(Nc3ccccc3)cc2)n1,4.906578314837765,1,EC50,PPARG,CHEMBL235
O=C(O)CSc1nc(Cl)cc(Nc2cccc3c2CCC3)n1,4.42021640338319,1,EC50,PPARG,CHEMBL235
O=C(O)CSc1nc(Cl)cc(Nc2cccc3c2CCCC3)n1,5.6777807052660805,1,EC50,PPARG,CHEMBL235
O=C(O)CSc1nc(OCCc2ccccc2)cc(OCCc2ccccc2)n1,5.431798275933005,1,IC50,PPARG,CHEMBL235
O=C(O)C[C@@H]1CCc2cc(OCCCOc3ccc(-c4ccc(C(F)(F)F)cn4)cc3)ccc21,3.2499999962855215,1,EC50,PPARG,CHEMBL235
O=C(O)C[C@@H]1CCc2cc(OCCCOc3ccc(-c4ccc5cc[nH]c5c4)cc3)ccc21,2.860000001448153,1,EC50,PPARG,CHEMBL235
O=C(O)C[C@@H]1CCc2cc(OCCCOc3ccc(-c4cccnc4)cc3)ccc21,2.739999999668255,1,EC50,PPARG,CHEMBL235
O=C(O)C[C@@H]1CCc2cc(OCCCOc3ccc(-c4ccoc4)cc3)ccc21,3.6100000027750427,1,EC50,PPARG,CHEMBL235
O=C(O)C[C@@H]1CCc2cc(OCCCOc3ccc(-c4ccsc4)cc3)ccc21,2.809999999695055,1,EC50,PPARG,CHEMBL235
O=C(O)C[C@@H]1CCc2cc(OCCCOc3ccc(-c4cncnc4)cc3)ccc21,2.979999999191614,1,EC50,PPARG,CHEMBL235
O=C(O)C[C@@H]1CCc2cc(OCCCOc3ccc(-c4nc5c(s4)CCCC5)cc3)ccc21,2.4600000005668043,1,EC50,PPARG,CHEMBL235
O=C(O)C[C@@H]1CCc2cc(OCCCOc3ccc(-n4cncn4)cc3)ccc21,2.739999999668255,1,EC50,PPARG,CHEMBL235
O=C(O)C[C@@H]1CCc2cc(OCCCOc3ccc(-n4cnnc4)cc3Cl)ccc21,3.9299999833436425,1,EC50,PPARG,CHEMBL235
O=C(O)C[C@@H]1CCc2cc(OCCCOc3ccc(C(F)(F)F)cc3)ccc21,3.7399999901217527,1,EC50,PPARG,CHEMBL235
O=C(O)C[C@@H]1CCc2cc(OCCCOc3ccc(OC(F)(F)F)cc3)ccc21,3.0,1,EC50,PPARG,CHEMBL235
O=C(O)C[C@@H]1COc2cc(OCCCOc3cccc(Cl)c3)ccc21,5.844663962534938,1,EC50,PPARG,CHEMBL235
O=C(O)C[C@@H]1COc2cc(OCc3ccc4nc(-c5ccc(C(F)(F)F)cc5)cn4c3)ccc21,6.180456064458131,1,EC50,PPARG,CHEMBL235
O=C(O)Cc1cc(Br)c(Oc2cc(I)c(O)c(I)c2)c(I)c1,6.522878745280337,1,EC50,PPARG,CHEMBL235
O=C(O)Cc1cc(Cl)cc(OCCC2(C3CCCC3)CCN(c3nc4ccc(Cl)cc4s3)CC2)c1,6.657577319177793,1,EC50,PPARG,CHEMBL235
O=C(O)Cc1cc(Cl)cc(OCCC2(N3CCCC3)CCN(c3nc4ccc(C(F)(F)F)cc4s3)CC2)c1,5.769551078621726,1,EC50,PPARG,CHEMBL235
O=C(O)Cc1cc(Cl)cc(OCCC2(N3CCCC3)CCN(c3nc4ccc(C(F)(F)F)nc4s3)CC2)c1,5.455931955649724,1,EC50,PPARG,CHEMBL235
O=C(O)Cc1cc(Cl)cc(OCCC2(N3CCCC3)CCN(c3nc4ccc(Cl)cc4s3)CC2)c1,5.920818753952375,1,EC50,PPARG,CHEMBL235
O=C(O)Cc1cc(Cl)cc(OCCC2(N3CCCCC3)CCN(c3nc4ccc(Cl)cc4s3)CC2)c1,6.0,1,EC50,PPARG,CHEMBL235
O=C(O)Cc1cc(I)c(Oc2cc(I)c(O)c(I)c2)c(I)c1,7.0,1,EC50,PPARG,CHEMBL235
O=C(O)Cc1cc(I)c(Oc2ccc(O)c(I)c2)c(I)c1,6.431798275933005,1,EC50,PPARG,CHEMBL235
O=C(O)Cc1ccc(Cl)c(OCCC2(N3CCCC3)CCN(c3nc4ccc(C(F)(F)F)nc4s3)CC2)c1,5.455931955649724,1,EC50,PPARG,CHEMBL235
O=C(O)Cc1ccc(Cl)c(OCCC2CCN(c3nc4ccc(Cl)cc4s3)CC2)c1,6.005682847330363,2,EC50,PPARG,CHEMBL235
O=C(O)Cc1ccc2[nH]c(-c3ccc(F)cc3)c(CCc3ccc(F)cc3)c2c1,6.309998953116937,1,Ki,PPARG,CHEMBL235
O=C(O)Cc1ccc2[nH]c(-c3ccccc3)c(CCc3ccccc3)c2c1,6.83000246293343,1,Ki,PPARG,CHEMBL235
O=C(O)Cc1ccc2[nH]c(-c3ccccc3)cc2c1,5.349999603463148,1,Ki,PPARG,CHEMBL235
O=C(O)Cc1cccc(NC(=O)c2ccccc2NC(=O)c2ccc(-c3ccccc3)cc2)c1,5.585026652029182,1,EC50,PPARG,CHEMBL235
O=C(O)Cc1cccc(NC(=O)c2ccccc2NC(=O)c2ccc(C(F)(F)F)cc2)c1,5.026872146400301,1,EC50,PPARG,CHEMBL235
O=C(O)Cc1cccc(NC(=O)c2ccccc2NC(=O)c2ccc(SC(F)(F)F)cc2)c1,5.356547323513812,1,EC50,PPARG,CHEMBL235
O=C(O)Cc1cccc(NC(=O)c2ccccc2NC(=O)c2ccc3ccccc3c2)c1,4.7447274948966935,1,EC50,PPARG,CHEMBL235
O=C(O)Cc1cccc(OCCC2CCN(c3nc4ccc(Cl)cc4s3)CC2)c1,5.58838029403677,1,EC50,PPARG,CHEMBL235
O=C(O)Cc1cn(Cc2ccccc2)c2ccc(OCCCOc3cccc(OCc4ccc(Cl)cc4)c3)cc12,6.301029995663981,1,EC50,PPARG,CHEMBL235
O=C(O)Cc1coc2cc(OCc3cccc(COc4ccc(C(F)(F)F)cc4)c3)ccc12,5.267606240177031,1,IC50,PPARG,CHEMBL235
O=C(O)Cc1csc2cc(OCc3ccc(COc4ccc(C(F)(F)F)cc4)cc3)ccc12,5.428291168191312,1,IC50,PPARG,CHEMBL235
O=C(O)Cc1csc2cc(OCc3cccc(COc4ccc(C(F)(F)F)cc4)c3)ccc12,5.237321436272564,1,IC50,PPARG,CHEMBL235
O=C(O)Cn1c(SCCOc2ccc3ccccc3c2)nc2ccccc21,5.653060537301009,1,IC50,PPARG,CHEMBL235
O=C(O)Cn1ccc2c(OCCCOc3ccc(C(=O)c4ccc(F)cc4)cc3)cccc21,5.528708288941061,1,IC50,PPARG,CHEMBL235
O=C(O)Cn1ccc2c(OCCCOc3ccc4cc(C(=O)c5ccccc5)ccc4c3)cccc21,5.567511744229494,1,IC50,PPARG,CHEMBL235
O=C(O)Cn1ccc2cc(OCCCOc3ccc(C(=O)c4ccc(F)cc4)cc3)ccc21,6.671620396561263,1,IC50,PPARG,CHEMBL235
O=C(O)Cn1ccc2cc(OCCCOc3ccc4cc(C(=O)c5ccccc5)ccc4c3)ccc21,6.201349354554731,1,IC50,PPARG,CHEMBL235
O=C(O)Cn1ccc2ccc(OCCCOc3ccc(C(=O)c4ccc(F)cc4)cc3)cc21,5.683610248926804,1,IC50,PPARG,CHEMBL235
O=C(O)Cn1ccc2ccc(OCCCOc3ccc4cc(C(=O)c5ccccc5)ccc4c3)cc21,5.801342913045577,1,IC50,PPARG,CHEMBL235
O=C(O)[C@@H](Cc1ccc(-c2ccc(O[C@H](Cc3ccccc3)C(=O)O)cc2)cc1)Oc1ccc(-c2ccccc2)cc1,4.823908740944319,1,EC50,PPARG,CHEMBL235
O=C(O)[C@@H](Cc1ccc(-c2ccccc2)cc1)Oc1ccc(-c2ccccc2)cc1,6.050609993355087,1,EC50,PPARG,CHEMBL235
O=C(O)[C@@H](Cc1ccc(Oc2ccccc2)cc1)Oc1ccc(Cl)cc1,4.94692155651658,1,EC50,PPARG,CHEMBL235
O=C(O)[C@@H](Cc1ccccc1)Oc1ccc(-c2cc3ccccc3c3ccccc23)cc1,5.769551078621726,1,EC50,PPARG,CHEMBL235
O=C(O)[C@@H](Cc1ccccc1)Oc1ccc(-c2ccccc2)cc1,5.226945306635738,1,EC50,PPARG,CHEMBL235
O=C(O)[C@@H](Cc1ccccc1)Oc1ccc(CCc2ccccc2)cc1,5.795880017344075,1,EC50,PPARG,CHEMBL235
O=C(O)[C@@H](Cc1ccccc1)Oc1ccc(Cc2ccccc2)cc1,5.2441251443275085,1,EC50,PPARG,CHEMBL235
O=C(O)[C@@H](Cc1ccccc1)Oc1ccc(Cl)cc1,4.978810700930062,1,EC50,PPARG,CHEMBL235
O=C(O)[C@@H](Oc1cccc(C(F)(F)F)c1)c1ccc(Cl)cc1,5.1386830387330935,2,EC50,PPARG,CHEMBL235
O=C(O)[C@H](CCCc1ccc(Cl)cc1)Oc1ccc(Cl)cc1,6.499996931948306,1,EC50,PPARG,CHEMBL235
O=C(O)[C@H](CCCc1ccccc1)Oc1ccc(Cl)cc1,6.040000399696793,1,EC50,PPARG,CHEMBL235
O=C(O)[C@H](CCOc1ccccc1)Oc1ccc(Cl)cc1,5.899998417198648,1,EC50,PPARG,CHEMBL235
O=C(O)[C@H](CCc1ccccc1)Oc1ccc(Cl)cc1,5.149999867728904,1,EC50,PPARG,CHEMBL235
O=C(O)[C@H](COc1ccccc1)Oc1ccc(Cl)cc1,5.779999190713337,1,EC50,PPARG,CHEMBL235
O=C(O)[C@H](Cc1ccc(-c2ccc(O[C@@H](Cc3ccccc3)C(=O)O)cc2)cc1)Oc1ccc(-c2ccccc2)cc1,5.008773924307505,1,EC50,PPARG,CHEMBL235
O=C(O)[C@H](Cc1ccc(-c2ccc(O[C@H](Cc3ccccc3)C(=O)O)cc2)cc1)Oc1ccc(-c2ccccc2)cc1,4.7447274948966935,1,EC50,PPARG,CHEMBL235
O=C(O)[C@H](Cc1ccc(-c2ccccc2)cc1)Oc1ccc(-c2ccccc2)cc1,5.727152168249301,4,EC50,PPARG,CHEMBL235
O=C(O)[C@H](Cc1ccc(-c2ccccc2)cc1)Oc1ccc(Cl)cc1,6.630381598270562,2,EC50,PPARG,CHEMBL235
O=C(O)[C@H](Cc1ccc(-c2cccs2)cc1)Oc1ccc(Cl)cc1,6.709558600976008,2,EC50,PPARG,CHEMBL235
O=C(O)[C@H](Cc1ccc(C(F)(F)F)cc1)Oc1ccc(Cl)cc1,5.908853246621728,2,EC50,PPARG,CHEMBL235
O=C(O)[C@H](Cc1ccc(Cl)cc1)Oc1ccc(Cl)cc1F,6.301029995663981,1,EC50,PPARG,CHEMBL235
O=C(O)[C@H](Cc1ccc(OCc2ccccc2)cc1)/N=C1\CCCC\C1=C(\O)c1ccccc1,6.0999990348465305,1,Ki,PPARG,CHEMBL235
O=C(O)[C@H](Cc1ccc(Oc2ccccc2)cc1)Oc1ccc(Cl)cc1,6.708418571169845,3,EC50,PPARG,CHEMBL235
O=C(O)[C@H](Cc1ccccc1)Oc1ccc(-c2cc3ccccc3c3ccccc23)cc1,5.6777807052660805,1,EC50,PPARG,CHEMBL235
O=C(O)[C@H](Cc1ccccc1)Oc1ccc(-c2ccc(C[C@@H](Oc3ccc(-c4ccccc4)cc3)C(=O)O)cc2)cc1,4.6020599913279625,1,EC50,PPARG,CHEMBL235
O=C(O)[C@H](Cc1ccccc1)Oc1ccc(-c2ccc(Cl)cc2)cc1,5.049999969853415,1,EC50,PPARG,CHEMBL235
O=C(O)[C@H](Cc1ccccc1)Oc1ccc(-c2cccc3ccccc23)cc1,5.847711655616944,1,EC50,PPARG,CHEMBL235
O=C(O)[C@H](Cc1ccccc1)Oc1ccc(-c2ccccc2)cc1,6.279947876908539,7,EC50,PPARG,CHEMBL235
O=C(O)[C@H](Cc1ccccc1)Oc1ccc(-c2ccccc2-c2ccccc2)cc1,5.853871964321762,1,EC50,PPARG,CHEMBL235
O=C(O)[C@H](Cc1ccccc1)Oc1ccc(-c2ccccc2C(F)(F)F)cc1,6.0,1,EC50,PPARG,CHEMBL235
O=C(O)[C@H](Cc1ccccc1)Oc1ccc(-c2ccccc2F)cc1,6.161150909262744,1,EC50,PPARG,CHEMBL235
O=C(O)[C@H](Cc1ccccc1)Oc1ccc(-c2cccs2)cc1,5.795880017344075,1,EC50,PPARG,CHEMBL235
O=C(O)[C@H](Cc1ccccc1)Oc1ccc(/C=N/O)cc1,4.552841968657781,1,EC50,PPARG,CHEMBL235
O=C(O)[C@H](Cc1ccccc1)Oc1ccc(C(F)(F)F)cc1,6.04717181275381,3,EC50,PPARG,CHEMBL235
O=C(O)[C@H](Cc1ccccc1)Oc1ccc(CCc2ccccc2)cc1,6.3989684610221484,2,EC50,PPARG,CHEMBL235
O=C(O)[C@H](Cc1ccccc1)Oc1ccc(CO)cc1,4.59003341998265,2,EC50,PPARG,CHEMBL235
O=C(O)[C@H](Cc1ccccc1)Oc1ccc(Cc2ccccc2)cc1,6.2348175578435345,3,EC50,PPARG,CHEMBL235
O=C(O)[C@H](Cc1ccccc1)Oc1ccc(Cl)cc1,5.314136318879007,4,EC50,PPARG,CHEMBL235
O=C(O)[C@H](Cc1ccccc1)Oc1ccc(Cl)cc1F,5.6020599913279625,1,EC50,PPARG,CHEMBL235
O=C(O)[C@H](Cc1ccccc1)Oc1ccc(F)cc1,4.453457336521869,1,EC50,PPARG,CHEMBL235
O=C(O)[C@H](Cc1ccccc1)Oc1ccc(Oc2ccccc2)cc1,5.800000874803203,1,EC50,PPARG,CHEMBL235
O=C(O)[C@H](Cc1ccccc1)Oc1ccc2ccccc2c1,5.821954549582578,2,EC50,PPARG,CHEMBL235
O=C(O)[C@H](Cc1ccccc1)Oc1cccc(C(F)(F)F)c1,4.798602875679548,1,EC50,PPARG,CHEMBL235
O=C(O)[C@H](Oc1cccc(C(F)(F)F)c1)c1ccc(Cl)cc1,5.119186407719209,1,EC50,PPARG,CHEMBL235
O=C(O)c1c(Oc2cccc(C(F)(F)F)c2)c2ccccc2n1-c1ccc(C(F)(F)F)cc1,6.97061622231479,1,IC50,PPARG,CHEMBL235
O=C(O)c1c(Sc2ccccc2)c2cc(Cl)ccc2n1Cc1ccc(Cl)cc1,7.414575898178345,2,"EC50,IC50",PPARG,CHEMBL235
O=C(O)c1ccc(-c2nc(C(=O)c3c(Cl)cccc3C(F)(F)F)n3c2CCCC3)c(F)c1,6.119186407719209,1,IC50,PPARG,CHEMBL235
O=C(O)c1ccc(-c2nc(C(=O)c3c(Cl)cccc3C(F)(F)F)n3c2CCCC3)cc1,5.6777807052660805,1,IC50,PPARG,CHEMBL235
O=C(O)c1ccc(-c2nc(C(=O)c3c(Cl)cccc3C(F)(F)F)n3ccccc23)c(F)c1,6.494850021680094,1,IC50,PPARG,CHEMBL235
O=C(O)c1ccc(-c2nc(C(=O)c3c(Cl)cccc3C(F)(F)F)n3ccccc23)cc1,5.823908740944319,2,IC50,PPARG,CHEMBL235
O=C(O)c1ccc(-c2nc(C(=O)c3c(Cl)cccc3C(F)(F)F)n3ccccc23)cc1O,6.187086643357144,1,IC50,PPARG,CHEMBL235
O=C(O)c1ccc(-c2nc(C(=O)c3c(Cl)cccc3C(F)(F)F)n3cccnc23)cc1,5.376750709602099,1,IC50,PPARG,CHEMBL235
O=C(O)c1ccc(-c2nc(C(=O)c3c(Cl)cccc3C3CC3)n3c2CCCC3)c(F)c1,5.886056647693163,1,IC50,PPARG,CHEMBL235
O=C(O)c1ccc(-c2nc(C(=O)c3c(Cl)cccc3C3CC3)n3cccnc23)cc1O,5.468521082957745,1,IC50,PPARG,CHEMBL235
O=C(O)c1ccc(-c2nc(C(=O)c3c(Cl)cccc3Cl)n3c2CCCC3)c(F)c1,5.958607314841775,1,IC50,PPARG,CHEMBL235
O=C(O)c1ccc(-c2nc(C(=O)c3c(F)cccc3Cl)n3c2CCCC3)c(F)c1,5.537602002101044,1,IC50,PPARG,CHEMBL235
O=C(O)c1ccc(-c2nc(C(=O)c3ccccc3C(F)(F)F)n3c2CCCC3)c(F)c1,5.251811972993799,1,IC50,PPARG,CHEMBL235
O=C(O)c1ccc(-c2nn(C(=O)c3c(Cl)cccc3C(F)(F)F)c3ccccc23)cc1,6.397843488429369,12,"Ki,EC50,IC50",PPARG,CHEMBL235
O=C(O)c1ccc(-c2nn(C(=O)c3c(Cl)cccc3C(F)(F)F)c3cccnc23)c(F)c1,5.698970004336019,1,IC50,PPARG,CHEMBL235
O=C(O)c1ccc(-n2nnnc2SCc2ccccc2Br)cc1,5.28971335229711,1,IC50,PPARG,CHEMBL235
O=C(O)c1ccc(/C=C/c2c(-c3c(Cl)cccc3C(F)(F)F)noc2-c2cc[nH]c2)cc1,4.8979400086720375,2,"EC50,IC50",PPARG,CHEMBL235
O=C(O)c1ccc(/C=C\c2c(-c3c(Cl)cccc3C(F)(F)F)noc2-c2cc[nH]c2)cc1,5.1249387366083,1,EC50,PPARG,CHEMBL235
O=C(O)c1ccc(COc2ccc3ccccc3c2/C=N/c2ccc(N3CCOCC3)cc2)cc1,4.698970004336019,1,IC50,PPARG,CHEMBL235
O=C(O)c1ccc(COc2ccccc2C=C2C(=O)c3ccccc3C2=O)cc1,5.941573975542995,1,IC50,PPARG,CHEMBL235
O=C(O)c1ccc(NC(=O)c2ccccc2NC(=O)c2ccc3ccccc3c2)cc1,4.6777807052660805,1,EC50,PPARG,CHEMBL235
O=C(O)c1ccc(NCc2c(-c3c(Cl)cccc3C(F)(F)F)noc2-c2cc[nH]c2)cc1,4.809837700577145,3,"EC50,IC50",PPARG,CHEMBL235
O=C(O)c1ccc(NCc2c(-c3c(Cl)cccc3C(F)(F)F)noc2-c2cc[nH]c2)cc1F,4.823908740944319,1,EC50,PPARG,CHEMBL235
O=C(O)c1ccc(OCc2c(-c3c(Cl)cccc3C(F)(F)F)noc2-c2cc[nH]c2)cc1,4.854648878356072,2,"EC50,IC50",PPARG,CHEMBL235
O=C(O)c1ccc(OCc2c(-c3c(Cl)cccc3C(F)(F)F)noc2-c2cc[nH]c2)cc1F,4.705248601868119,2,"EC50,IC50",PPARG,CHEMBL235
O=C(O)c1ccc(OCc2c(-c3c(Cl)cccc3C(F)(F)F)noc2-c2ccc[nH]2)cc1,5.153576540361385,2,"EC50,IC50",PPARG,CHEMBL235
O=C(O)c1ccc(OCc2c(-c3c(Cl)cccc3C(F)(F)F)noc2-c2cn[nH]c2)cc1,4.773035203971135,2,"EC50,IC50",PPARG,CHEMBL235
O=C(O)c1ccc(SCc2c(-c3c(Cl)cccc3C(F)(F)F)noc2-c2cc[nH]c2)cc1,4.7447274948966935,1,EC50,PPARG,CHEMBL235
O=C(O)c1cccc(-c2ccc(NC(=O)c3ccc(Cl)cc3Cl)c(C(=O)[O-])c2)c1.[Li+],5.853871964321762,1,Ki,PPARG,CHEMBL235
O=C(O)c1cccc(NC(=O)c2cc(Cl)ccc2NC(=O)c2ccc(C(F)(F)F)cc2)c1,5.327902142064282,1,EC50,PPARG,CHEMBL235
O=C(O)c1cccc(NC(=O)c2ccc(Cl)cc2NC(=O)c2ccc(C(F)(F)F)cc2)c1,5.060480747381382,1,EC50,PPARG,CHEMBL235
O=C(O)c1cccc(NC(=O)c2ccccc2NC(=O)c2cc(C(F)(F)F)cc(C(F)(F)F)c2)c1,4.958607314841775,1,EC50,PPARG,CHEMBL235
O=C(O)c1cccc(NC(=O)c2ccccc2NC(=O)c2ccc(Br)cc2)c1,5.346787486224656,1,EC50,PPARG,CHEMBL235
O=C(O)c1cccc(NC(=O)c2ccccc2NC(=O)c2ccc(C(F)(F)F)c(F)c2)c1,5.161150909262744,1,EC50,PPARG,CHEMBL235
O=C(O)c1cccc(NC(=O)c2ccccc2NC(=O)c2ccc(C(F)(F)F)cc2)c1,5.070581074285707,1,EC50,PPARG,CHEMBL235
O=C(O)c1cccc(NC(=O)c2ccccc2NC(=O)c2ccc3c(c2)OCO3)c1,4.6020599913279625,1,EC50,PPARG,CHEMBL235
O=C(O)c1cccc(NC(=O)c2ccccc2NC(=O)c2ccc3ccccc3c2)c1,5.259637310505756,1,EC50,PPARG,CHEMBL235
O=C(O)c1cccc(OS(=O)(=O)/C=C/c2ccccc2)c1,4.86899118720936,1,IC50,PPARG,CHEMBL235
O=C(O)c1ccccc1-c1ccccc1C(=O)Nc1ccc2c(c1)-c1ccccc1C2,5.455931955649724,1,IC50,PPARG,CHEMBL235
O=C(O)c1nn(Cc2ccc(Cl)c(Cl)c2)c(=O)c2cc(Oc3ccccc3)ccc12,7.207834387816234,2,IC50,PPARG,CHEMBL235
O=C(OCc1ccc(CC(SCCc2ccc(F)cc2)C(=O)O)cc1)c1nc(-c2ccccc2)oc1C(F)(F)F,7.522878745280337,1,EC50,PPARG,CHEMBL235
O=C(OCc1cccc2ccc3cccc(COC(=O)c4ccccc4)c3c12)c1ccccc1,5.267606240177031,1,IC50,PPARG,CHEMBL235
O=C(OCc1nc(-c2ccccc2)oc1C(F)(F)F)c1ccc(CC(SCCc2ccc(F)cc2)C(=O)O)cc1,7.236572006437063,1,EC50,PPARG,CHEMBL235
O=C(Oc1ccc([N+](=O)[O-])cc1)c1cn(-c2ccccc2)nc1-c1ccccc1,6.011887159731648,1,IC50,PPARG,CHEMBL235
O=C([O-])C(Cc1ccccc1)Oc1ccc(/C=C\c2ccccc2)cc1.[Na+],5.823908740944319,1,EC50,PPARG,CHEMBL235
O=C([O-])C(Cc1ccccc1)Oc1ccc(/C=N/OCCc2ccccc2)cc1.[Na+],5.7447274948966935,1,EC50,PPARG,CHEMBL235
O=C(c1c(Cl)cccc1C(F)(F)F)c1nc(C2=CCC(C(=O)O)CC2)c2ccccn12,5.7447274948966935,1,IC50,PPARG,CHEMBL235
O=C(c1ccccc1)c1ccc(N[C@@H](Cc2ccc(OCc3ccccc3)cc2)C(=O)O)cc1,5.899998417198648,1,Ki,PPARG,CHEMBL235
O=C(c1ccccc1)c1ccccc1N[C@@H](Cc1ccc(/N=N/c2ccc(Cl)cc2)cc1)C(=O)O,5.795880017344075,1,EC50,PPARG,CHEMBL235
O=C(c1ccccc1)c1ccccc1N[C@@H](Cc1ccc(/N=N/c2ccccc2)cc1)C(=O)O,6.0,1,EC50,PPARG,CHEMBL235
O=C(c1ccccc1)c1ccccc1N[C@@H](Cc1ccc(/N=N\c2ccc(Cl)cc2)cc1)C(=O)O,5.301029995663981,1,EC50,PPARG,CHEMBL235
O=C(c1ccccc1)c1ccccc1N[C@@H](Cc1ccc(/N=N\c2ccccc2)cc1)C(=O)O,5.886056647693163,1,EC50,PPARG,CHEMBL235
O=C(c1ccccc1)c1ccccc1N[C@@H](Cc1ccc(OC2CCN2C(c2ccccc2)c2ccccc2)cc1)C(=O)O,5.790000026071146,1,Ki,PPARG,CHEMBL235
O=C(c1ccccc1)c1ccccc1N[C@@H](Cc1ccc(OCC2CCc3ccccc3C2)cc1)C(=O)O,6.840011949618013,1,Ki,PPARG,CHEMBL235
O=C(c1ccccc1)c1ccccc1N[C@@H](Cc1ccc(OCC2COCCOCCOCCO2)cc1)C(=O)O,5.929999096197655,1,Ki,PPARG,CHEMBL235
O=C(c1ccccc1)c1ccccc1N[C@@H](Cc1ccc(OCCCc2ccncc2)cc1)C(=O)O,5.990001269951939,1,Ki,PPARG,CHEMBL235
O=C(c1ccccc1)c1ccccc1N[C@@H](Cc1ccc(OCCOCc2ccccc2)cc1)C(=O)O,6.459996055149974,1,Ki,PPARG,CHEMBL235
O=C(c1ccccc1)c1ccccc1N[C@@H](Cc1ccc(OCCOc2c(Cl)cccc2Cl)cc1)C(=O)O,5.860001341725205,1,Ki,PPARG,CHEMBL235
O=C(c1ccccc1)c1ccccc1N[C@@H](Cc1ccc(OCCOc2ccc(Br)cc2)cc1)C(=O)O,7.4249934734977305,2,Ki,PPARG,CHEMBL235
O=C(c1ccccc1)c1ccccc1N[C@@H](Cc1ccc(OCCOc2ccc(SCl)cc2)cc1)C(=O)O,7.320024954692116,2,Ki,PPARG,CHEMBL235
O=C(c1ccccc1)c1ccccc1N[C@@H](Cc1ccc(OCCOc2ccc([N+](=O)[O-])cn2)cc1)C(=O)O,7.0400051616715835,1,Ki,PPARG,CHEMBL235
O=C(c1ccccc1)c1ccccc1N[C@@H](Cc1ccc(OCCc2ccc(Cl)cc2)cc1)C(=O)O,7.434995341894823,2,Ki,PPARG,CHEMBL235
O=C(c1ccccc1)c1ccccc1N[C@@H](Cc1ccc(OCCc2ccc(OC(F)(F)F)cc2)cc1)C(=O)O,6.790002703917631,1,Ki,PPARG,CHEMBL235
O=C(c1ccccc1)c1ccccc1N[C@@H](Cc1ccc(OCCc2cccc(Br)c2)cc1)C(=O)O,6.17000191130262,1,Ki,PPARG,CHEMBL235
O=C(c1ccccc1)c1ccccc1N[C@@H](Cc1ccc(OCCc2cccc(F)c2)cc1)C(=O)O,6.950007143079858,1,Ki,PPARG,CHEMBL235
O=C(c1ccccc1)c1ccccc1N[C@@H](Cc1ccc(OCCc2ccccn2)cc1)C(=O)O,6.450004148469349,1,Ki,PPARG,CHEMBL235
O=C(c1ccccc1)c1ccccc1N[C@@H](Cc1ccc(OCCc2scnc2-c2ccccc2)cc1)C(=O)O,5.839999931118699,1,Ki,PPARG,CHEMBL235
O=C(c1ccccc1)c1ccccc1N[C@@H](Cc1ccc(OC[C@@H]2CCCN2c2ccc([N+](=O)[O-])cc2)cc1)C(=O)O,7.140021558357979,1,Ki,PPARG,CHEMBL235
O=C(c1ccccc1)c1ccccc1N[C@@H](Cc1ccc(OCc2ccc(Cl)cc2)cc1)C(=O)O,6.795026332581758,2,Ki,PPARG,CHEMBL235
O=C(c1ccccc1)c1ccccc1N[C@@H](Cc1ccc(OCc2cccc(I)c2)cc1)C(=O)O,6.379999357699932,1,Ki,PPARG,CHEMBL235
O=C(c1ccccc1)c1ccccc1N[C@@H](Cc1ccc(OCc2ccccc2)cc1)C(=O)O,6.790002703917631,1,Ki,PPARG,CHEMBL235
O=C1C=C(Nc2ccccc2C(=O)CC(=O)C(=O)Nc2ccc(Cl)c(Cl)c2)c2ccccc2C1=O,5.552841968657781,1,IC50,PPARG,CHEMBL235
O=C1CN(C(=O)CNc2ccc(S(=O)(=O)NC(=O)NC3CCCCC3)cc2)c2ccccc2N1,5.942714355581785,1,IC50,PPARG,CHEMBL235
O=C1CSC(=O)N1Cc1ccc2[nH]c(-c3ccccc3)c(CCc3ccccc3)c2c1,5.720000163638921,1,Ki,PPARG,CHEMBL235
O=C1NC(=O)/C(=C/c2ccc(OCCNc3nc4ccccc4s3)cc2)S1,4.853871964321762,1,IC50,PPARG,CHEMBL235
O=C1NC(=O)C(=Cc2ccc(N(CCO)CCOC(c3ccccc3)(c3ccccc3)c3ccccc3)cc2)C(=O)N1,4.653647025549361,1,IC50,PPARG,CHEMBL235
O=C1NC(=O)C(=Cc2ccc(N(CCOCc3ccccc3)CCOCc3ccccc3)cc2)C(=O)N1,4.105683937315561,1,IC50,PPARG,CHEMBL235
O=C1NC(=O)C(=Cc2ccc(N(CCOc3ccc([N+](=O)[O-])cc3)CCOc3ccc([N+](=O)[O-])cc3)cc2)C(=O)N1,4.995678626217358,1,IC50,PPARG,CHEMBL235
O=C1NC(=O)C(=Cc2ccc(OCc3ccccc3)cc2)C(=O)N1,7.0,1,IC50,PPARG,CHEMBL235
O=C1NC(=O)C(Cc2ccc(/N=N/c3ccc(C(F)(F)F)cc3)cc2)S1,5.657577319177793,1,EC50,PPARG,CHEMBL235
O=C1NC(=O)C(Cc2ccc(/N=N/c3ccc(Cl)cc3)cc2)S1,5.537602002101044,1,EC50,PPARG,CHEMBL235
O=C1NC(=O)C(Cc2ccc(/N=N/c3ccccc3)cc2)S1,5.657577319177793,1,EC50,PPARG,CHEMBL235
O=C1NC(=O)C(Cc2ccc(/N=N\c3ccc(C(F)(F)F)cc3)cc2)S1,5.187086643357144,1,EC50,PPARG,CHEMBL235
O=C1NC(=O)C(Cc2ccc(/N=N\c3ccc(Cl)cc3)cc2)S1,5.154901959985743,1,EC50,PPARG,CHEMBL235
O=C1NC(=O)C(Cc2ccc(/N=N\c3ccccc3)cc2)S1,5.200659450546418,1,EC50,PPARG,CHEMBL235
O=C1NC(=O)C(Cc2ccc(OCC(=O)c3ccccc3)cc2)S1,4.931814138253839,1,IC50,PPARG,CHEMBL235
O=C1NC(=O)C(Cc2ccc(OCCn3ccc4ccc(Cl)cc43)cc2)S1,5.345823458122039,1,EC50,PPARG,CHEMBL235
O=C1NC(=O)C(Cc2ccc(OCCn3ccc4ccccc43)cc2)S1,5.404503778174426,1,EC50,PPARG,CHEMBL235
O=C1NC(=O)C(Cc2ccc(OCCn3cnc4ccccc43)cc2)S1,5.634512015109101,1,EC50,PPARG,CHEMBL235
O=C1NC(=O)C(Cc2ccc3c(c2)CC[C@H](Cc2ccccc2)O3)S1,6.0,1,EC50,PPARG,CHEMBL235
O=C1NC(=O)C(Cc2ccc3cc(OCc4ccccc4F)ccc3c2)S1,2.5228787452803374,1,EC50,PPARG,CHEMBL235
O=C1NC(=O)C(c2cccc(OCCCOc3ccc(Oc4ccccc4)cc3)c2)S1,7.119186407719209,1,IC50,PPARG,CHEMBL235
O=C1NC(=S)NC(=O)C1=Cc1ccc(OCc2ccccc2)c(Cl)c1,6.57783908955276,2,EC50,PPARG,CHEMBL235
O=C1S/C(=C\c2ccc(-c3ccccc3)cc2)C(=O)N1Cc1cccc(Cl)c1,4.360513510731414,1,Ki,PPARG,CHEMBL235
O=C1S/C(=C\c2ccc(Cl)cc2Cl)C(=O)N1Cc1c(F)cccc1Cl,5.3979400086720375,1,Ki,PPARG,CHEMBL235
O=CN1CCc2c([nH]c3ccccc23)C1c1cccc2cccnc12,5.1487416512809245,1,Ki,PPARG,CHEMBL235
O=Cc1ccc(OS(=O)(=O)/C=C/c2ccccc2)cc1,5.678194516142461,1,IC50,PPARG,CHEMBL235
O=S(=O)(/C=C/c1ccccc1)Oc1c(Cl)cc(Cl)cc1Cl,5.841939206063395,1,IC50,PPARG,CHEMBL235
O=S(=O)(/C=C/c1ccccc1)Oc1ccc(Cl)cc1,6.51999305704285,1,IC50,PPARG,CHEMBL235
O=S(=O)(/C=C/c1ccccc1)Oc1ccc(OCc2ccccc2)cc1,6.153044674980176,1,IC50,PPARG,CHEMBL235
O=S(=O)(/C=C/c1ccccc1)Oc1ccc2ccccc2c1,5.963371104637838,1,IC50,PPARG,CHEMBL235
O=S(=O)(/C=C/c1ccccc1)Oc1cccc(Oc2ccccc2)c1,6.417936637088291,1,IC50,PPARG,CHEMBL235
O=S(=O)(/C=C/c1ccccc1)Oc1ccccc1,5.877456475931245,1,IC50,PPARG,CHEMBL235
O=S(=O)(NCCSSCCNS(=O)(=O)c1cccc2cccnc12)c1cccc2cccnc12,5.823908740944319,1,IC50,PPARG,CHEMBL235
O=S(=O)(NCCc1ccc(S(=O)(=O)NC(=S)Nc2ccc(Cl)cc2)cc1)c1ccc(Cl)cc1,4.47755576649368,1,IC50,PPARG,CHEMBL235
O=S(=O)(NCCc1ccc(S(=O)(=O)NC(=S)Nc2ccc(Cl)cc2)cc1)c1ccccc1,4.47755576649368,1,IC50,PPARG,CHEMBL235
O=S(=O)(Nc1cc(-c2cccs2)nn1-c1ccc(F)cc1)c1cc(C(F)(F)F)cc(C(F)(F)F)c1,7.6439741428068775,1,IC50,PPARG,CHEMBL235
O=S(=O)(Nc1cc(-c2cccs2)nn1-c1ccc(F)cc1)c1ccc(-c2cc(C(F)(F)F)on2)s1,6.756961951313706,1,IC50,PPARG,CHEMBL235
O=S(=O)(Nc1cc(-c2cccs2)nn1-c1ccc(F)cc1)c1cccc(F)c1,6.290730039024169,2,IC50,PPARG,CHEMBL235
O=S(=O)(Nc1cc(C(F)(F)F)c(Oc2cncc(Cl)c2)c(C(F)(F)F)c1)c1ccc(Cl)cc1Cl,7.2543191530828635,2,"EC50,IC50",PPARG,CHEMBL235
O=S(=O)(Nc1cc(Cc2cc(NS(=O)(=O)c3ccccc3)cc(C(F)(F)F)c2)cc(C(F)(F)F)c1)c1ccccc1,5.84518491628705,2,EC50,PPARG,CHEMBL235
O=S(=O)(Nc1cc(Cl)c(Oc2ccc3ncccc3c2)c(Cl)c1)c1ccc(Cl)cc1Cl,7.426935982160881,2,"EC50,IC50",PPARG,CHEMBL235
O=S(=O)(Nc1cc(Cl)c(Oc2cnc3ccccc3c2)c(Cl)c1)c1cc(F)c(Br)cc1F,6.882728704344236,1,EC50,PPARG,CHEMBL235
O=S(=O)(Nc1cc(Cl)c(Oc2cnc3ccccc3c2)c(Cl)c1)c1ccc(Br)c(C(F)(F)F)c1,6.019088062223156,1,EC50,PPARG,CHEMBL235
O=S(=O)(Nc1cc(Cl)c(Oc2cnc3ccccc3c2)c(Cl)c1)c1ccc(Br)c(F)c1,6.772113295386326,1,EC50,PPARG,CHEMBL235
O=S(=O)(Nc1cc(Cl)c(Oc2cnc3ccccc3c2)c(Cl)c1)c1ccc(Br)cc1,6.821023052706831,1,EC50,PPARG,CHEMBL235
O=S(=O)(Nc1cc(Cl)c(Oc2cnc3ccccc3c2)c(Cl)c1)c1ccc(Br)cc1C(F)(F)F,7.026872146400302,1,EC50,PPARG,CHEMBL235
O=S(=O)(Nc1cc(Cl)c(Oc2cnc3ccccc3c2)c(Cl)c1)c1ccc(Br)cc1Cl,6.872895201635192,1,EC50,PPARG,CHEMBL235
O=S(=O)(Nc1cc(Cl)c(Oc2cnc3ccccc3c2)c(Cl)c1)c1ccc(Br)cc1F,8.698970004336019,1,EC50,PPARG,CHEMBL235
O=S(=O)(Nc1cc(Cl)c(Oc2cnc3ccccc3c2)c(Cl)c1)c1ccc(Br)cc1OC(F)(F)F,8.397940008672037,1,EC50,PPARG,CHEMBL235
O=S(=O)(Nc1cc(Cl)c(Oc2cnc3ccccc3c2)c(Cl)c1)c1ccc(C(F)(F)F)cc1Cl,7.1020599913279625,2,"EC50,IC50",PPARG,CHEMBL235
O=S(=O)(Nc1cc(Cl)c(Oc2cnc3ccccc3c2)c(Cl)c1)c1ccc(Cl)cc1Cl,7.526091821123818,9,"Ki,EC50,IC50",PPARG,CHEMBL235
O=S(=O)(Nc1cc(Cl)c(Oc2cnc3ccccc3c2)c(Cl)c1)c1ccc2ccccc2c1,5.367643953760927,1,EC50,PPARG,CHEMBL235
O=S(=O)(Nc1cc(Cl)c(Oc2cnc3ccccc3c2)c(Cl)c1)c1ccccc1Cl,5.235823867609669,1,EC50,PPARG,CHEMBL235
O=S(=O)(Nc1cc(Cl)c(Oc2cncc(Cl)c2)c(Cl)c1)c1ccc(Cl)cc1Cl,7.949814727441218,2,"EC50,IC50",PPARG,CHEMBL235
O=S(=O)(Nc1cc(F)c(Oc2cncc(Cl)c2)c(Cl)c1)c1ccc(Cl)cc1Cl,7.721848749616356,2,"EC50,IC50",PPARG,CHEMBL235
O=S(=O)(Nc1ccc(Oc2ccc3ccccc3c2)c(Cl)c1)c1ccc(Cl)cc1Cl,6.008864383480216,2,"EC50,IC50",PPARG,CHEMBL235
O=S(=O)(Nc1ccc(Oc2cnc3ccccc3c2)c(Cl)c1)c1ccc(Cl)cc1Cl,7.372363747448347,2,"EC50,IC50",PPARG,CHEMBL235
O=S(=O)(Nc1ccc(Oc2cnc3ccccc3c2)c(F)c1)c1ccc(Cl)cc1Cl,7.3979400086720375,1,IC50,PPARG,CHEMBL235
O=S(=O)(Nc1ccc(Oc2cncc(Cl)c2)c(C(F)(F)F)c1)c1ccc(Cl)cc1Cl,6.851667404869234,2,"EC50,IC50",PPARG,CHEMBL235
O=S(=O)(Nc1ccc(Oc2cncc(Cl)c2)c(Cl)c1)c1ccc(Cl)cc1Cl,7.037860356969059,2,"EC50,IC50",PPARG,CHEMBL235
O=S(=O)(Nc1ccc(Oc2cncc(Cl)c2)c(F)c1)c1ccc(Cl)cc1Cl,6.721848749616356,2,"EC50,IC50",PPARG,CHEMBL235
O=S(=O)(Nc1ccc(Oc2cncc(Cl)c2)cc1)c1ccc(Cl)cc1Cl,5.698970004336019,1,IC50,PPARG,CHEMBL235
O=S(=O)(Oc1ccc(S2(=O)=N[Se]c3cc(OS(=O)(=O)C(F)(F)F)ccc32)cc1)C(F)(F)F,5.828079156264435,2,"Ki,IC50",PPARG,CHEMBL235
O=S(=O)(c1ccc(Cl)cc1)c1cnn(S(=O)(=O)c2ccc(Cl)cc2Cl)c1-c1ccc(Cl)cc1,5.6777807052660805,1,EC50,PPARG,CHEMBL235
O=S1(c2ccc(-c3ccccc3)cc2)=N[Se]c2cc(-c3ccccc3)ccc21,5.998269733945246,2,"Ki,IC50",PPARG,CHEMBL235
O=S1(c2ccc(Br)cc2)=N[Se]c2cc(Br)ccc21,6.052731207502127,2,"Ki,IC50",PPARG,CHEMBL235
O=S1(c2ccc(C(F)(F)F)cc2)=N[Se]c2cc(C(F)(F)F)ccc21,5.984781103686475,2,"Ki,IC50",PPARG,CHEMBL235
O=S1(c2ccc(Cl)cc2)=N[Se]c2cc(Cl)ccc21,4.616490228481976,2,"Ki,IC50",PPARG,CHEMBL235
O=S1(c2cccc(Cl)c2)=N[Se]c2ccc(Cl)cc21,6.41604609499926,2,"Ki,IC50",PPARG,CHEMBL235
O=[N+]([O-])c1ccc(S2(=O)=N[Se]c3cc([N+](=O)[O-])ccc32)cc1,6.396856977793783,2,"Ki,IC50",PPARG,CHEMBL235
O=c1c(-c2ccc(F)cc2)coc2cc(O)ccc12,4.813043664534588,2,EC50,PPARG,CHEMBL235
O=c1c(-c2ccc3c(c2)OCO3)coc2cc(O)ccc12,4.569602408613033,2,EC50,PPARG,CHEMBL235
O=c1c(O)c(-c2ccc(O)c(O)c2)oc2cc(O)cc(O)c12,4.585026652029182,1,IC50,PPARG,CHEMBL235
O=c1c(O)c(-c2ccc(O)cc2)oc2cc(O)cc(O)c12,4.636388020107856,1,IC50,PPARG,CHEMBL235
O=c1c(O)c(-c2ccccc2)oc2cc(O)cc(O)c12,5.251811972993799,1,Ki,PPARG,CHEMBL235
O=c1cc(-c2ccccc2)oc2cc(O)cc(O)c12,4.688004428130764,3,"Ki,IC50",PPARG,CHEMBL235
O=c1cc(CCc2ccccc2)oc2ccccc12,4.267606240177032,1,Ki,PPARG,CHEMBL235
OC[C@H]1O[C@@H](Oc2ccc(CCCC[C@H](O)CCc3ccc(O[C@@H]4O[C@H](CO)[C@@H](O)[C@H](O)[C@H]4O)c(O)c3)cc2O)[C@H](O)[C@@H](O)[C@@H]1O,4.480172006224281,1,EC50,PPARG,CHEMBL235
O[C@@H]1C[C@@H]2C[C@]2(Cn2cnc3c(NCc4cccc(Br)c4)nc(Cl)nc32)[C@@H]1O,5.207608310501746,1,Ki,PPARG,CHEMBL235
O[C@@H]1C[C@@H]2C[C@]2(Cn2cnc3c(NCc4cccc(Cl)c4)nc(Cl)nc32)[C@@H]1O,5.013228265733755,1,Ki,PPARG,CHEMBL235
O[C@@H]1C[C@@H]2C[C@]2(Cn2cnc3c(NCc4cccc(I)c4)nc(Cl)nc32)[C@@H]1O,5.721246399047171,1,Ki,PPARG,CHEMBL235
O[C@@H]1C[C@@H]2C[C@]2(Cn2cnc3c(NCc4cccc(I)c4)nc(I)nc32)[C@@H]1O,5.795880017344075,1,Ki,PPARG,CHEMBL235
O[C@@H]1[C@H](O)C=C[C@H]1Cn1cnc2c(NCc3cccc(Br)c3)nc(Cl)nc21,4.856985199745905,1,Ki,PPARG,CHEMBL235
O[C@@H]1[C@H](O)C=C[C@H]1Cn1cnc2c(NCc3cccc(I)c3)nc(Cl)nc21,5.327902142064282,1,Ki,PPARG,CHEMBL235
O[C@@H]1[C@H](O)CO[C@H]1Cn1cnc2c(NCc3cccc(Br)c3)nc(Cl)nc21,5.231847063824483,2,Ki,PPARG,CHEMBL235
O[C@@H]1[C@H](O)CO[C@H]1Cn1cnc2c(NCc3cccc(Cl)c3)nc(Cl)nc21,5.115771230367396,1,Ki,PPARG,CHEMBL235
O[C@@H]1[C@H](O)CO[C@H]1Cn1cnc2c(NCc3cccc(I)c3)nc(Cl)nc21,5.125059986629623,3,"Ki,EC50",PPARG,CHEMBL235
O[C@@H]1[C@H](O)CS[C@H]1Cn1cnc2c(NCc3cccc(Br)c3)nc(Cl)nc21,5.39040559077478,1,Ki,PPARG,CHEMBL235
O[C@@H]1[C@H](O)CS[C@H]1Cn1cnc2c(NCc3cccc(Cl)c3)nc(I)nc21,5.920818753952375,1,Ki,PPARG,CHEMBL235
O[C@@H]1[C@H](O)CS[C@H]1Cn1cnc2c(NCc3cccc(F)c3)nc(Cl)nc21,5.410050398674292,1,Ki,PPARG,CHEMBL235
O[C@@H]1[C@H](O)CS[C@H]1Cn1cnc2c(NCc3cccc(I)c3)nc(Cl)nc21,5.537202158534088,2,"Ki,EC50",PPARG,CHEMBL235
O[C@@H]1[C@H](O)CS[C@H]1n1cnc2c(NCc3cccc(I)c3)nc(Cl)nc21,6.971764830218772,2,Ki,PPARG,CHEMBL235
O[C@@H]1[C@H](O)[C@@H]2C[C@@H]2[C@H]1Cn1cnc2c(NCc3cccc(Br)c3)nc(Cl)nc21,5.214670164989233,1,Ki,PPARG,CHEMBL235
O[C@@H]1[C@H](O)[C@@H]2C[C@@H]2[C@H]1Cn1cnc2c(NCc3cccc(C(F)(F)F)c3)nc(Cl)nc21,5.259637310505756,1,Ki,PPARG,CHEMBL235
O[C@@H]1[C@H](O)[C@@H]2C[C@@H]2[C@H]1Cn1cnc2c(NCc3cccc(I)c3)nc(Cl)nc21,5.619788758288394,1,Ki,PPARG,CHEMBL235
O[C@@H]1[C@H](O)[C@@H]2C[C@@H]2[C@H]1Cn1cnc2c(NCc3cccc(I)c3)nc(I)nc21,5.823908740944319,1,Ki,PPARG,CHEMBL235
O[C@@H]1[C@H](O)[C@@H]2C[C@@H]2[C@H]1Cn1cnc2c(NCc3ccccc3I)nc(Cl)nc21,5.638272163982407,1,Ki,PPARG,CHEMBL235
O[C@H]1[C@@H](O)CO[C@@H]1Cn1cnc2c(NCc3cccc(I)c3)nc(Cl)nc21,5.568636235841012,1,Ki,PPARG,CHEMBL235
O[C@H]1[C@H](Cn2cnc3c(NCc4cccc(Br)c4)nc(Cl)nc32)CC[C@H]1O,5.075720713938118,1,Ki,PPARG,CHEMBL235
O[C@H]1[C@H](Cn2cnc3c(NCc4cccc(I)c4)nc(Cl)nc32)CC[C@H]1O,5.508638306165727,1,Ki,PPARG,CHEMBL235
O[C@H]1[C@H](Cn2cnc3c(NCc4cccc(I)c4)nc(I)nc32)CC[C@H]1O,5.795880017344075,1,Ki,PPARG,CHEMBL235
Oc1ccc(/C=C/c2cc(O)cc(O)c2)cc1,4.112945621949043,1,EC50,PPARG,CHEMBL235
[2H]C([2H])(Cc1ccc(OCCCOc2cccc(Cl)c2)cc1)C(=O)O,5.71669877129645,1,EC50,PPARG,CHEMBL235
[2H]C([2H])(Cc1cn(S(=O)(=O)c2ccc(C3CC3)cc2)c2ccc(OC)cc12)C(=O)O,6.013228265733755,1,EC50,PPARG,CHEMBL235
[2H]C([2H])(Cc1cn(S(=O)(=O)c2ccc(OC(F)(F)F)cc2)c2ccc(OC)cc12)C(=O)O,6.022276394711152,1,EC50,PPARG,CHEMBL235
[2H]C([2H])(Cc1cn(S(=O)(=O)c2ccc(OC)cc2)c2ccc(C3CC3)cc12)C(=O)O,5.73754891026957,1,EC50,PPARG,CHEMBL235
[2H]C([2H])(Cc1cn(S(=O)(=O)c2ccc(OC)cc2)c2ccc(OC)cc12)C(=O)O,6.036212172654444,1,EC50,PPARG,CHEMBL235
[2H]C([2H])(Cc1cn(S(=O)(=O)c2ccc3c(c2)CCO3)c2ccc(OC)cc12)C(=O)O,6.167491087293763,1,EC50,PPARG,CHEMBL235
[C-]#[N+]c1ccc(CNC(=O)c2ccc3c(c2)c(C)c(C)n3Cc2ccc(-c3ccccc3C(=O)O)cc2)cc1,7.468521082957745,1,IC50,PPARG,CHEMBL235
c1ccc(CNCCOc2ccc3ccccc3c2)cc1,6.3979400086720375,1,EC50,PPARG,CHEMBL235
