path,bytes,sha256,present,tracked_before_snapshot,content_review
.gitattributes,176,ddba2be2230a83d97cb3bf3e327dc8d3c29651866e1e4eb82cf38fccfe266e02,True,True,not_implied_by_inventory
.gitignore,26,4cad133d4f0a6cf4bba15f1b8bbae48d6a55f20b94f75487c51a93cc6a5af59f,True,True,not_implied_by_inventory
00-当前研究/README.md,1170,7ee890bb2e0fa5b990885f0df23f4068314d44f83c6ccfd64ebea9856462e8dc,True,True,not_implied_by_inventory
00-当前研究/data_review/README.md,704,117306d876581f2047a638bb40a6ddb178e80a9dcd061610854dfaabedc6aaf1,True,True,not_implied_by_inventory
00-当前研究/data_review/activity_review.csv,213352,256f94183e94f7057930c8a83994184f85bde1991f3b2cd5559abc0feac40f58,True,True,not_implied_by_inventory
00-当前研究/data_review/np_identity_review.csv,10719,4d16de164bba0a022abbb6f2fa9e89b23c88ce652ba50e814fc9ee86b439786e,True,True,not_implied_by_inventory
00-当前研究/requirements-validated.txt,232,fd82f81a8523a95d6850cf01a5170d2d3e760545b7ee945e1caf28d5290656a0,True,True,not_implied_by_inventory
00-当前研究/run_diagnostics.py,6706,6d6eff9a0357d6902160c5d23b6e711a6d940fdbcd7f24fd695fc359c6fd38ce,True,True,not_implied_by_inventory
00-当前研究/src/methods.py,3603,3d9e18c0e9f40a8c0692c91c3cd3758c7ea5315462f2fa80d5d8693123b73e99,True,True,not_implied_by_inventory
00-当前研究/update_inventory.py,2003,a42fad40521d63451c163ba60534df5b128a3647abc635249eb53874cad9c080,True,True,not_implied_by_inventory
00-当前研究/validate_docking.py,4667,d8c63f7555166ffdbd05290598b034ef1c088742f8784e2d83a3e1b8ac0e9793,True,True,not_implied_by_inventory
00-当前研究/validation/20260905/FASN_RF_diagnostic_test.csv,6426,2e7dee70683f8960cde30e150a0415b763eac4ee15db2f143880b67bafe603c3,True,True,not_implied_by_inventory
00-当前研究/validation/20260905/FASN_diagnostic_split.csv,108737,ec5d4ecb1f1d31c11b5109208afe0a48bab64f6fa3f7f3962ab962a4afabb24e,True,True,not_implied_by_inventory
00-当前研究/validation/20260905/GSE48452_welch_diagnostic.csv,1375676,120f20d8a378ecceaac8de3069c9343f98ce23d703abfb3feabf1e3654ad2968,True,True,not_implied_by_inventory
00-当前研究/validation/20260905/GSE63067_welch_diagnostic.csv,1510571,13f0fa2e17829743c8aa1e9a6dcc4ff4b22a4bdac3f7de27f747eda946938242,True,True,not_implied_by_inventory
00-当前研究/validation/20260905/SCD1_RF_diagnostic_test.csv,1277,05bec7afba2d3b516a779f9109d99b3af95a8de03df6df03e50021e86e9f4eb3,True,True,not_implied_by_inventory
00-当前研究/validation/20260905/SCD1_diagnostic_split.csv,19049,8f38b1cdf0ef028da678113e3b191bce7e64c53c9d6e2808462f43c20ccdb018,True,True,not_implied_by_inventory
00-当前研究/validation/20260905/THRB_RF_diagnostic_test.csv,2101,b09c8a3ea7b8ca4de6c6cc8129a77fc060cea68d2b5d11e08d8ff8a54a70abe4,True,True,not_implied_by_inventory
00-当前研究/validation/20260905/THRB_diagnostic_split.csv,32545,36d94f6337157809cbc45e5e9ab5aa68c6af434ae9db16e7a0b7ac724be992d8,True,True,not_implied_by_inventory
00-当前研究/validation/20260905/diagnostic_summary.json,6001,82792878fa2ffc9711773454da677c04fa11be79f978c7e013a6ff2b9102221d,True,True,not_implied_by_inventory
00-当前研究/validation/20260905/welch_meta_diagnostic.csv,1110904,53823ee4960e756d664f582529535b5aa279be142aa2adce463c4cfc32801e9d,True,True,not_implied_by_inventory
00-当前研究/validation/README.md,594,cbb6643f3155911fed818902b6cdc107a8a37cc6bd6f01cd23129aa432d1bc5a,True,True,not_implied_by_inventory
00-当前研究/validation/redock_corrected_20260905/FASN.log,2259,87e307278149ca36a4536f78038e9e42e00f3024a84d645b268a3985e5e1abac,True,True,not_implied_by_inventory
00-当前研究/validation/redock_corrected_20260905/FASN_corrected_crystal.sdf,4193,697ad5f376cddd4443ce4e6621d06db39056a5c82605f05c4c25b07fe728b710,True,True,not_implied_by_inventory
00-当前研究/validation/redock_corrected_20260905/FASN_initial.pdbqt,2738,16639320aaaf190ce77469a7645ad0d1787bd4189ccd1a055006708c42af9fb8,True,True,not_implied_by_inventory
00-当前研究/validation/redock_corrected_20260905/FASN_pose.pdbqt,27135,044eeb3b9f8ddd35dbb85e8e6cdd7cc7de5727b54322213124c767147b9d2660,True,True,not_implied_by_inventory
00-当前研究/validation/redock_corrected_20260905/THRB.log,2258,b65adc1e466e15fcabe902f52ed59eaab5e86595f2bcede333ad77a2c3bdbb1b,True,True,not_implied_by_inventory
00-当前研究/validation/redock_corrected_20260905/THRB_corrected_crystal.sdf,3669,cd087e4830f6ca92889e766f1e63987f2f04a02ad8316aac1b3179a81517e564,True,True,not_implied_by_inventory
00-当前研究/validation/redock_corrected_20260905/THRB_initial.pdbqt,2681,a854a4ae4f0965422ee249175fd0b5646028fda4bfbf7d6c03ede74256ecc0ba,True,True,not_implied_by_inventory
00-当前研究/validation/redock_corrected_20260905/THRB_pose.pdbqt,5918,49ff47af1ec2e40a7d18364164f1611704d6606c529d0e2e71c574e7ecbf673d,True,True,not_implied_by_inventory
00-当前研究/validation/redock_corrected_20260905/redock_diagnostic.json,3491,a8d2577fda7de606535e297443a5930a2b34f6bf547c7215928b57f34122d284,True,True,not_implied_by_inventory
00-当前研究/validation/software_checks.json,981,5acc8c7abd643e5df9d3bc4f05bf36e681d97a6a783699406edb8869d9c9f92e,True,True,not_implied_by_inventory
00-当前研究/validation/structure_audit/OEF_CCD.json,4525,8e78af0539fb9372b32ec64c812c6aa2a0ff593c691baa6091ffae76fecb011c,True,True,not_implied_by_inventory
00-当前研究/validation/structure_audit/ZEP_CCD.json,4370,0c738b489e557f35cb94a9fa2fa6f836fba197f53e944689cf80c88492727589,True,True,not_implied_by_inventory
00-当前研究/validation/structure_audit/summary.json,1343,ee7f73c4e216ee64838d5123805793f5925f2002224f81621170d699c1f22e88,True,True,not_implied_by_inventory
00-当前研究/verify_methods.py,3202,7fe1278967544489e2db4a6055ff2930e78a97352944f2e68601ab940f548af5,True,True,not_implied_by_inventory
00-当前研究/研究状态.json,618,6694809069b96b6a9118ebe2acbef98efca2c1bfdafb10f40f02a3aa2cccd09b,True,True,not_implied_by_inventory
00-当前研究/给指导老师的研究进展.md,7702,ab6c600dfdd619c348a5e3f49694ec4553789b641353f8783274b25b2fdbce7a,True,True,not_implied_by_inventory
00-索引.md,759,f922a916f5d4511ea00a51221ebfc0cd6e634dd7ae7de5932ab7814703951c04,True,True,not_implied_by_inventory
01-课题-保肝中药成分虚拟筛选/.gitignore,102,711d920dd2f3ad8724b4da56a8acaff076e1791819fa4eec428e0df05999c799,True,True,not_implied_by_inventory
01-课题-保肝中药成分虚拟筛选/CONTRIBUTORS.md,1166,0b43adccf2c7c2ad9d7211f40b8fd167dee645200385b2024897406dea2f3869,True,True,not_implied_by_inventory
01-课题-保肝中药成分虚拟筛选/README.md,3069,7092494ad93504ec945fb181e1865b6e26af87f850fdc00d53efe8b4f87ed0ec,True,True,not_implied_by_inventory
01-课题-保肝中药成分虚拟筛选/data/processed/cleaned_compounds.csv,22184,b0263caa0fe3d0660e34a71fadc51e40a20008492532043204f553bda23cf934,True,True,not_implied_by_inventory
01-课题-保肝中药成分虚拟筛选/data/processed/rejected.csv,35,f1b0d8c7ca228123d2e31ac2cc0dbb352f846d948b64fea55432af0d7fa4d179,True,True,not_implied_by_inventory
01-课题-保肝中药成分虚拟筛选/data/processed/screening_pool.csv,4213,3cf2c4b10a3c23f883f8386c6e9d3e4f2d0a1cd83cf1cd2bbe1367975b9677c9,True,True,not_implied_by_inventory
01-课题-保肝中药成分虚拟筛选/data/raw/novel_terpenes_lignans.csv,2097,598e0d32ea69eef9483cbf867e4359c4a0d49ed4b0e1c4430dc29721229d001d,True,True,not_implied_by_inventory
01-课题-保肝中药成分虚拟筛选/data/raw/tcm_seed_compounds.csv,12333,f448b47b6a466105474646791c73c92ab9f2f669e0c8ac7aaddb6eebff752c2a,True,True,not_implied_by_inventory
01-课题-保肝中药成分虚拟筛选/data/splits/test.csv,5181,0808e6275290e89a63a3d47cb4a474d9ba6a3e0db7e72f8bb0e3aaf5e2582bf2,True,True,not_implied_by_inventory
01-课题-保肝中药成分虚拟筛选/data/splits/train.csv,13398,ad1442b94fbd4ac74cd126981690a5ecf83626614270523832f532d5360d2138,True,True,not_implied_by_inventory
01-课题-保肝中药成分虚拟筛选/data/splits/val.csv,3935,e8cb8018434cf9a7d059a24e35a09280ca58e4103ff89e4da77af2081bbffbcc,True,True,not_implied_by_inventory
01-课题-保肝中药成分虚拟筛选/docs/00_environment.md,1445,a0e254c9a17a833843c48aeccf734150b3d2bf2073b774d7af0e1fd24b3be199,True,True,not_implied_by_inventory
01-课题-保肝中药成分虚拟筛选/docs/01_data_dictionary.md,3380,7e216ea096cb78d2d4c0cbdb16c9ca7062c815400f2bd869e7ab198fc662a68f,True,True,not_implied_by_inventory
01-课题-保肝中药成分虚拟筛选/docs/02_model_notes.md,1986,4a212bcf7607f4f086d88c9020d92d3d2436a5c50de5729d4ea4ef5eac93d46a,True,True,not_implied_by_inventory
01-课题-保肝中药成分虚拟筛选/docs/03_docking_protocol.md,1749,1442536d1926443d4e5357aef5709966d7d596f0bfdfb9e938ce0ca056a62939,True,True,not_implied_by_inventory
01-课题-保肝中药成分虚拟筛选/docs/MANIFEST.md,23034,e2f9ff1631b2d5156e86183a5f868bf5b160696e8063c5909b90c0f63a5caa6b,True,True,not_implied_by_inventory
01-课题-保肝中药成分虚拟筛选/docs/MEMBER_WORKBENCH.md,7688,71bf6aa73ebd0c2c69ccde1198e3005b764b29cbd11cf4cf3d462273ab21fa91,True,True,not_implied_by_inventory
01-课题-保肝中药成分虚拟筛选/docs/PHASE_PLAN.md,5436,1f7187fbaa5df5d529b561ac4fa8d10d7892cf04c83257268bfbc826b29f376a,True,True,not_implied_by_inventory
01-课题-保肝中药成分虚拟筛选/docs/VERIFY_MANUAL.md,6864,42f690ffaf64de93ee51454dbb534f18d5cf9a79e65197b018a981d5dde23576,True,True,not_implied_by_inventory
01-课题-保肝中药成分虚拟筛选/docs/VERIFY_TASKS.md,16684,5941ca1bdc29d5993501c5207b3dea33151df42c37880f5631c07be364106019,True,True,not_implied_by_inventory
01-课题-保肝中药成分虚拟筛选/docs/minutes/week1-2.md,1652,17881b0ff228678bd3f0ad65abe7e1504e1d9fae2b91e28f0414a5f4b9faf2b4,True,True,not_implied_by_inventory
01-课题-保肝中药成分虚拟筛选/docs/minutes/week3-4.md,1884,06c3e69d2bcd5108208b9ec0cf5241892b6d4d6a182802ea3996733ae7f31507,True,True,not_implied_by_inventory
01-课题-保肝中药成分虚拟筛选/docs/minutes/week5-6.md,1611,c8da324836ff0e7f0548a455ba3bc399cfc57375384e0dceb047bf5ee5e988b0,True,True,not_implied_by_inventory
01-课题-保肝中药成分虚拟筛选/docs/personal/00_工作量与成果总表.md,3068,3a3cd5835105fbfb8fa7138faa11178c03a45251d1fc460057cb133194535775,True,True,not_implied_by_inventory
01-课题-保肝中药成分虚拟筛选/docs/personal/P1_王启龙.md,1693,ea32456ce3c1473b9280906ca355f51a11dd9ad7fd8f80716899e8841f641aef,True,True,not_implied_by_inventory
01-课题-保肝中药成分虚拟筛选/docs/personal/P2_宁显泷.md,1708,c8a39975c8f998719d2b63b084f88fbfb35e477c8f02a8f41972c8e3a90f2dcf,True,True,not_implied_by_inventory
01-课题-保肝中药成分虚拟筛选/docs/personal/P3_衣思淼.md,1725,71a8ecdf7244d5f8570228dc34fdb410c6d1a8731b8afedbb97fa702c6a9380e,True,True,not_implied_by_inventory
01-课题-保肝中药成分虚拟筛选/docs/personal/P4_代维斯丹.md,1607,79711480eebbfdf56e78989fec54bc81e2fc98030af8baaf3601594bb8823687,True,True,not_implied_by_inventory
01-课题-保肝中药成分虚拟筛选/docs/personal/P5_王散曼.md,1874,dd67febe901ab931f9d1c94692638124c76c9453dad7451347abdb17bdb29824,True,True,not_implied_by_inventory
01-课题-保肝中药成分虚拟筛选/docs/全线研究流程与暑假文件验证对照.md,6062,48506a78976109367ef369940dc0b7456913eb7c8a0d405abb407c8f488dde55,True,True,not_implied_by_inventory
01-课题-保肝中药成分虚拟筛选/final-aidd-screening/README.md,2417,59eac8ed248d2dab248d24918bda40dcc70aa2240dc5be188beb47294b8990be,True,True,not_implied_by_inventory
01-课题-保肝中药成分虚拟筛选/final-aidd-screening/REPORT.md,8849,4572599e9b79fbc8290eeea144ddec8d17cd4b7c1bc1c413b3c0e55214e3f9c0,True,True,not_implied_by_inventory
01-课题-保肝中药成分虚拟筛选/final-aidd-screening/data/cleaned_compounds.csv,22184,b0263caa0fe3d0660e34a71fadc51e40a20008492532043204f553bda23cf934,True,True,not_implied_by_inventory
01-课题-保肝中药成分虚拟筛选/final-aidd-screening/data/screening_pool.csv,4213,3cf2c4b10a3c23f883f8386c6e9d3e4f2d0a1cd83cf1cd2bbe1367975b9677c9,True,True,not_implied_by_inventory
01-课题-保肝中药成分虚拟筛选/final-aidd-screening/data/smiles_fix.json,1026,29ce0611228629c6814766e54999cc75f7e9161d5b023d7adf1bbec0df4e2fac,True,True,not_implied_by_inventory
01-课题-保肝中药成分虚拟筛选/final-aidd-screening/data/splits/test.csv,5181,0808e6275290e89a63a3d47cb4a474d9ba6a3e0db7e72f8bb0e3aaf5e2582bf2,True,True,not_implied_by_inventory
01-课题-保肝中药成分虚拟筛选/final-aidd-screening/data/splits/train.csv,13429,d5b87c068889e9a3086dfffed557488b4a659ef7f5d7ed85aeb9ecfb0aa85bc3,True,True,not_implied_by_inventory
01-课题-保肝中药成分虚拟筛选/final-aidd-screening/data/splits/val.csv,3935,e8cb8018434cf9a7d059a24e35a09280ca58e4103ff89e4da77af2081bbffbcc,True,True,not_implied_by_inventory
01-课题-保肝中药成分虚拟筛选/final-aidd-screening/docking/boxes.json,322,37dfe0defb0917bb570db3f859a206777e0c3fb341999917b3af9626e102447b,True,True,not_implied_by_inventory
01-课题-保肝中药成分虚拟筛选/final-aidd-screening/docking/ligands/FXR_LBD_FEX_redock.pdbqt,3871,ad9b91ec067d4ec41064179991a1f07667d8bb6c3712912c89c642ca69a93887,True,True,not_implied_by_inventory
01-课题-保肝中药成分虚拟筛选/final-aidd-screening/docking/ligands/HP-001.pdbqt,2679,e02eb4c85d8613bac183e786bc645549858f032952d1efcc99e6043c9be42dd7,True,True,not_implied_by_inventory
01-课题-保肝中药成分虚拟筛选/final-aidd-screening/docking/ligands/HP-002.pdbqt,2467,6973b70650bf232fab80a4e338a2c74b82f889be93504b7d26f08834a854a5cf,True,True,not_implied_by_inventory
01-课题-保肝中药成分虚拟筛选/final-aidd-screening/docking/ligands/HP-003.pdbqt,5387,4354d2dafa4119359289409656b458467ac3eb132808b29c34ad17c5aaff2962,True,True,not_implied_by_inventory
01-课题-保肝中药成分虚拟筛选/final-aidd-screening/docking/ligands/HP-004.pdbqt,2255,6684c91e25bea078dedbfa943cdc6d27626986d874dea080ff679a6b2b6c4f28,True,True,not_implied_by_inventory
01-课题-保肝中药成分虚拟筛选/final-aidd-screening/docking/ligands/HP-005.pdbqt,2467,c857782c46fb150449b104c384d73de041f01949361a264a46dd9281dde4e9c0,True,True,not_implied_by_inventory
01-课题-保肝中药成分虚拟筛选/final-aidd-screening/docking/ligands/HP-006.pdbqt,2044,c3987b23c21a3fcc8a36185173a509c5eab24410a1dc8f7cf8cf7f82fd61cdd8,True,True,not_implied_by_inventory
01-课题-保肝中药成分虚拟筛选/final-aidd-screening/docking/ligands/HP-007.pdbqt,3598,b75fb4a3780f566121c1f1c24eadb99e68b0ec4f2b454f69bee639294dc23e47,True,True,not_implied_by_inventory
01-课题-保肝中药成分虚拟筛选/final-aidd-screening/docking/ligands/HP-008.pdbqt,2043,54a60485c28cead6da6034c3e17b729d1652de8e47f8164c744824780b54e173,True,True,not_implied_by_inventory
01-课题-保肝中药成分虚拟筛选/final-aidd-screening/docking/ligands/HP-009.pdbqt,2716,b8f877b60e19118f2fae1a9cb2113642b898052dea294a52144c426fe5d929bd,True,True,not_implied_by_inventory
01-课题-保肝中药成分虚拟筛选/final-aidd-screening/docking/ligands/HP-010.pdbqt,5636,72f8c0e8b79f306a072e2ec8ab021eca3f22484839ed9047d4560fffb3a4f691,True,True,not_implied_by_inventory
01-课题-保肝中药成分虚拟筛选/final-aidd-screening/docking/ligands/HP-011.pdbqt,2255,0412f2c9b6c6a73667eddd65b9eae42f76450fff238711a7ec327edd05a6a0d9,True,True,not_implied_by_inventory
01-课题-保肝中药成分虚拟筛选/final-aidd-screening/docking/ligands/HP-012.pdbqt,2043,4e7c7f83e3806a01c3749c8ca5835c8acf629e308395e5b325dc59976b48b7ad,True,True,not_implied_by_inventory
01-课题-保肝中药成分虚拟筛选/final-aidd-screening/docking/ligands/HP-013.pdbqt,3598,85cb7995e4e5386329535e892123642511d1caa25d48882e400932f70f18610f,True,True,not_implied_by_inventory
01-课题-保肝中药成分虚拟筛选/final-aidd-screening/docking/ligands/HP-014.pdbqt,2914,a495f8d2f0a87186a234a067503666162af73b0975df21213cc64dd9a64d4044,True,True,not_implied_by_inventory
01-课题-保肝中药成分虚拟筛选/final-aidd-screening/docking/ligands/HP-015.pdbqt,3525,372b8fcca8d0210dc80360f56e9cba10c02b88fb44368ad4d05461befff4aa8c,True,True,not_implied_by_inventory
01-课题-保肝中药成分虚拟筛选/final-aidd-screening/docking/ligands/HP-016.pdbqt,3021,bd14c89593d7be95ad0ec897160483c39a709bf89b63bf21163ee7c4233c44b0,True,True,not_implied_by_inventory
01-课题-保肝中药成分虚拟筛选/final-aidd-screening/docking/ligands/HP-017.pdbqt,2023,a2260117a83f392e1156d0d85cc6ceebcb27e01fbb14b1cb5744a5e23272217c,True,True,not_implied_by_inventory
01-课题-保肝中药成分虚拟筛选/final-aidd-screening/docking/ligands/HP-018.pdbqt,3748,03be51836fbe0979885ecc58df75c49bdb316dbbb8da61178bf20afaad3edd56,True,True,not_implied_by_inventory
01-课题-保肝中药成分虚拟筛选/final-aidd-screening/docking/ligands/HP-019.pdbqt,2747,ad586c629b29f8fc48165013c7a43e814e9b71f174bc8eab7ed4770510b1874b,True,True,not_implied_by_inventory
01-课题-保肝中药成分虚拟筛选/final-aidd-screening/docking/ligands/HP-020.pdbqt,2800,0f2ed9ef3784d1add75f798f5a08199e8a8b427209912ccc1e89c34d05d97216,True,True,not_implied_by_inventory
01-课题-保肝中药成分虚拟筛选/final-aidd-screening/docking/ligands/HP-021.pdbqt,1647,3a4e37ab77f4b7f657f3689b24907ef3ac351c496ca6a46e13cb95005015fb2c,True,True,not_implied_by_inventory
01-课题-保肝中药成分虚拟筛选/final-aidd-screening/docking/ligands/HP-022.pdbqt,1436,63296b93297a2a1200fc945c0baf28c847db9c48d2cefec103fac2a55d5407d0,True,True,not_implied_by_inventory
01-课题-保肝中药成分虚拟筛选/final-aidd-screening/docking/ligands/HP-023.pdbqt,1651,bb9f70ce49035e2d1ed7255177590a1b1788384011b6290b3148e2180243a2a1,True,True,not_implied_by_inventory
01-课题-保肝中药成分虚拟筛选/final-aidd-screening/docking/ligands/HP-024.pdbqt,1670,e815de81894c134d15502a3ebea6a3893dfcdbcdcd0f7ee233dd4f30cee5b925,True,True,not_implied_by_inventory
01-课题-保肝中药成分虚拟筛选/final-aidd-screening/docking/ligands/HP-025.pdbqt,1896,fa48644c019dc02a3045b31333417ac35b71f0c37b48608c0b6bdc470bf9c9a0,True,True,not_implied_by_inventory
01-课题-保肝中药成分虚拟筛选/final-aidd-screening/docking/ligands/HP-026.pdbqt,2021,240ad3a75248b523e72f79261174f4332e7b44edd4250cefd29bb608048c88e6,True,True,not_implied_by_inventory
01-课题-保肝中药成分虚拟筛选/final-aidd-screening/docking/ligands/HP-027.pdbqt,2646,9d09935ed8a29d5fa4544ab35d84f8cddf11dd43ac4bf78a4e4ab3f5cf886e04,True,True,not_implied_by_inventory
01-课题-保肝中药成分虚拟筛选/final-aidd-screening/docking/ligands/HP-028.pdbqt,2645,24454db9d48d9460b141eaf9c3bdcb6240f1b23d150f96a36fd9e99807ee31e5,True,True,not_implied_by_inventory
01-课题-保肝中药成分虚拟筛选/final-aidd-screening/docking/ligands/HP-029.pdbqt,4133,cf7bc30c57e9a88d2073b575e96d28d862311fb51de76f2c898cfddeb0e9c7a9,True,True,not_implied_by_inventory
01-课题-保肝中药成分虚拟筛选/final-aidd-screening/docking/ligands/HP-030.pdbqt,3212,dd31d4ef82b91df78468e30a093ac6c89afa3576484986bab2fa361cbc17c5cd,True,True,not_implied_by_inventory
01-课题-保肝中药成分虚拟筛选/final-aidd-screening/docking/ligands/HP-031.pdbqt,2098,d54a220def86dacbdfe283bd6615ad29a98982303d8dda0543c64f3189e5f0cb,True,True,not_implied_by_inventory
01-课题-保肝中药成分虚拟筛选/final-aidd-screening/docking/ligands/HP-032.pdbqt,2345,60897e5db66f4e134a56a57e493edff291301abf4892dda324b2208c86d7d949,True,True,not_implied_by_inventory
01-课题-保肝中药成分虚拟筛选/final-aidd-screening/docking/ligands/HP-033.pdbqt,2043,0b80dc18be9acd53327ccdca6874e06128915d5ec6d755525ec806b74126ce3a,True,True,not_implied_by_inventory
01-课题-保肝中药成分虚拟筛选/final-aidd-screening/docking/ligands/HP-034.pdbqt,2224,f9e93b9796f9067ecbaeb4e9fd66b36f744a0d1ab506e03184a7608e5ec5b0fa,True,True,not_implied_by_inventory
01-课题-保肝中药成分虚拟筛选/final-aidd-screening/docking/ligands/HP-035.pdbqt,3050,ee3b07a037e7ac136f0a36842ceb2f5c53e2001e7c11471b32da5843a6b7a8b9,True,True,not_implied_by_inventory
01-课题-保肝中药成分虚拟筛选/final-aidd-screening/docking/ligands/HP-036.pdbqt,2904,76d390c4f00e6aebfa4961bf195b3041e005b55c7557ae6c118087478224f631,True,True,not_implied_by_inventory
01-课题-保肝中药成分虚拟筛选/final-aidd-screening/docking/ligands/HP-037.pdbqt,2934,9a36b34818205a0e97be2d81e8ac42d6c28d1d0fe653c0117da9de380bf67462,True,True,not_implied_by_inventory
01-课题-保肝中药成分虚拟筛选/final-aidd-screening/docking/ligands/HP-038.pdbqt,3420,d7b95c3cf417ee7fb286ea9ea54842917775e7dd01509595829e57e4f8aefb3f,True,True,not_implied_by_inventory
01-课题-保肝中药成分虚拟筛选/final-aidd-screening/docking/ligands/HP-039.pdbqt,6535,e1f35cd66aacfb58f977df45c7c2d341654bbeaa0e9c2e6e6bf810082303df3a,True,True,not_implied_by_inventory
01-课题-保肝中药成分虚拟筛选/final-aidd-screening/docking/ligands/HP-040.pdbqt,3310,6532c82cdf10a64a4684b16e8a4b58d0bbf4042dc2451a4372df6a5c2ed61962,True,True,not_implied_by_inventory
01-课题-保肝中药成分虚拟筛选/final-aidd-screening/docking/ligands/HP-041.pdbqt,3310,dfd7a14c6c843b2c555379c6f16907ca9f7f8797828e4037bbf9ebf5e9bbff0e,True,True,not_implied_by_inventory
01-课题-保肝中药成分虚拟筛选/final-aidd-screening/docking/ligands/HP-042.pdbqt,2208,1d8b787848f9a4df7a6c86ccc8dcbdbead83e119a346c0eaf54de65c5a9a60c3,True,True,not_implied_by_inventory
01-课题-保肝中药成分虚拟筛选/final-aidd-screening/docking/ligands/HP-044.pdbqt,1318,cef6ab4d00c78d6ef5662bb88b19b8020fab4dc0a0bf57cde2ca8f9db96799a8,True,True,not_implied_by_inventory
01-课题-保肝中药成分虚拟筛选/final-aidd-screening/docking/ligands/HP-045.pdbqt,1244,7763258af34f38397fa36f85d25ac010ec223ac11bce18d9cab4ffc1a904d0dc,True,True,not_implied_by_inventory
01-课题-保肝中药成分虚拟筛选/final-aidd-screening/docking/ligands/HP-046.pdbqt,1476,3c5d96f79fbae10ecda6ea95174d88f5184ffdf6c9995611e3b7600a68156ff5,True,True,not_implied_by_inventory
01-课题-保肝中药成分虚拟筛选/final-aidd-screening/docking/ligands/HP-047.pdbqt,1475,7c9e9dad8a17d5df175378cdf3279de1dcbb1a2fcac81d8ccf8d761f95737173,True,True,not_implied_by_inventory
01-课题-保肝中药成分虚拟筛选/final-aidd-screening/docking/ligands/HP-048.pdbqt,1588,117145d6d3ab78383420da651c01368014e1f9ece5da6cdc27aac47d2631d8d0,True,True,not_implied_by_inventory
01-课题-保肝中药成分虚拟筛选/final-aidd-screening/docking/ligands/KEAP1_KELCH_IQK_redock.pdbqt,4081,2a07af2a0ae8fe3965721cb14e6997e6027159cc18731d67c9e4e363427386d3,True,True,not_implied_by_inventory
01-课题-保肝中药成分虚拟筛选/final-aidd-screening/docking/ligands/NV-001.pdbqt,3558,da1a547ec2ab0a46efda13c8c043a38ce629252ba9f5b4dbd49244e63c189ca8,True,True,not_implied_by_inventory
01-课题-保肝中药成分虚拟筛选/final-aidd-screening/docking/ligands/NV-002.pdbqt,3541,ec13984a9b7101bf4b0a629284fed065f543c3d707ba055e3635960a14a51e49,True,True,not_implied_by_inventory
01-课题-保肝中药成分虚拟筛选/final-aidd-screening/docking/ligands/NV-003.pdbqt,3663,a24c69a3dd49a37c5ab44110dbe76c6cb79279c27a5069db1988e824261bfbb1,True,True,not_implied_by_inventory
01-课题-保肝中药成分虚拟筛选/final-aidd-screening/docking/ligands/NV-004.pdbqt,3875,dab9ef7a2d4c30699bd6ab044d84fa29d28bce60b36de8545adeefa188c95e5e,True,True,not_implied_by_inventory
01-课题-保肝中药成分虚拟筛选/final-aidd-screening/docking/ligands/NV-005.pdbqt,2929,ebde8163fb7befe0d6bef4c473a1630701ac5b6188cbd4c656e3a0dc749e10e3,True,True,not_implied_by_inventory
01-课题-保肝中药成分虚拟筛选/final-aidd-screening/docking/ligands/NV-006.pdbqt,2456,77da24ad13e87104001e797b6282b7291ddf5a8a5715d3fa72fdf0662adf3a1a,True,True,not_implied_by_inventory
01-课题-保肝中药成分虚拟筛选/final-aidd-screening/docking/ligands/NV-007.pdbqt,2803,b57fea65b9ed214c2eed25f46618d28866a2accddc565f01f7df9d1f93a00c5b,True,True,not_implied_by_inventory
01-课题-保肝中药成分虚拟筛选/final-aidd-screening/docking/ligands/NV-008.pdbqt,3405,3cf37d88868eab273b426085811f8e67f92ac2c2fd9282bb13fff5affa1a3dbc,True,True,not_implied_by_inventory
01-课题-保肝中药成分虚拟筛选/final-aidd-screening/docking/ligands/NV-009.pdbqt,2802,8a251841d14eee4c36ba3b0e85797392de5d74c168c5c169fb53eaa93a63700a,True,True,not_implied_by_inventory
01-课题-保肝中药成分虚拟筛选/final-aidd-screening/docking/ligands/NV-010.pdbqt,2864,e9394f5d89518578dc654c7a542bd6fe50b6610ac68fb64f661ffb908e70e5cc,True,True,not_implied_by_inventory
01-课题-保肝中药成分虚拟筛选/final-aidd-screening/docking/ligands/NV-011.pdbqt,3214,5e239123c6a2cd4d7f791590cad0b4b167dc8af395f115bd3774fd3a4717cf38,True,True,not_implied_by_inventory
01-课题-保肝中药成分虚拟筛选/final-aidd-screening/docking/ligands/NV-012.pdbqt,3223,458b41af79be84bf4682addee8de744a7918357e4c60f5653e0e489c67ae9215,True,True,not_implied_by_inventory
01-课题-保肝中药成分虚拟筛选/final-aidd-screening/docking/outputs/FXR_LBD_FEX_redock_out.pdbqt,20840,462f4a5292b96ab62e9f63227aa8015b1a78e4f59e8121e9150b0073fed49323,True,True,not_implied_by_inventory
01-课题-保肝中药成分虚拟筛选/final-aidd-screening/docking/outputs/HP-001_FXR_LBD_out.pdbqt,26577,f2de373e6ae8db1613f717d5180a64ced1bd04a929a72f2e5d72a7a4e1675bf4,True,True,not_implied_by_inventory
01-课题-保肝中药成分虚拟筛选/final-aidd-screening/docking/outputs/HP-001_KEAP1_KELCH_out.pdbqt,26577,6edc7b5a5c1d704281c3b93568a5a5ef9bebe047978e0c20c73af1e88508332e,True,True,not_implied_by_inventory
01-课题-保肝中药成分虚拟筛选/final-aidd-screening/docking/outputs/HP-002_FXR_LBD_out.pdbqt,24633,69d587231b54cfe7c3776e29062d1fd7977cb91bb3c22f41f1e2d55805478579,True,True,not_implied_by_inventory
01-课题-保肝中药成分虚拟筛选/final-aidd-screening/docking/outputs/HP-002_KEAP1_KELCH_out.pdbqt,24633,248b42b8c0c2a5f0a00626b70e93858f21cba6844d6fd8913f00c70f013f1012,True,True,not_implied_by_inventory
01-课题-保肝中药成分虚拟筛选/final-aidd-screening/docking/outputs/HP-003_FXR_LBD_out.pdbqt,45680,423a7817d12d7aa89c3a99222a4db045c7b723e1c0a7b875d9436a06581834d8,True,True,not_implied_by_inventory
01-课题-保肝中药成分虚拟筛选/final-aidd-screening/docking/outputs/HP-003_KEAP1_KELCH_out.pdbqt,51390,b920c1963acc9719e91d015a24c772bda596fe5a664576c72383c97796389a68,True,True,not_implied_by_inventory
01-课题-保肝中药成分虚拟筛选/final-aidd-screening/docking/outputs/HP-004_FXR_LBD_out.pdbqt,22689,56eb2644ec0928e5ccc4144f13aee8a210de5cb2bf1f9b00c468024f79166b3a,True,True,not_implied_by_inventory
01-课题-保肝中药成分虚拟筛选/final-aidd-screening/docking/outputs/HP-004_KEAP1_KELCH_out.pdbqt,22689,91750f40154b83fadf13b123453a24da12fddeaa6a10b278844c40d2e342ca57,True,True,not_implied_by_inventory
01-课题-保肝中药成分虚拟筛选/final-aidd-screening/docking/outputs/HP-005_FXR_LBD_out.pdbqt,24633,088d56f2e40fb476d4aca875b791b5e58851a2a7839ee6345168a3d7f6a23cf4,True,True,not_implied_by_inventory
01-课题-保肝中药成分虚拟筛选/final-aidd-screening/docking/outputs/HP-005_KEAP1_KELCH_out.pdbqt,24633,8db6cac43ee0334ac3dcc8c0aeea46e8b6b06667ddd3647fa2c0e67a1150fa34,True,True,not_implied_by_inventory
01-课题-保肝中药成分虚拟筛选/final-aidd-screening/docking/outputs/HP-006_FXR_LBD_out.pdbqt,20754,a65120765503485f232aca4b02db2ba52b34cb06ec2a241c5685915072fa4e1f,True,True,not_implied_by_inventory
01-课题-保肝中药成分虚拟筛选/final-aidd-screening/docking/outputs/HP-006_KEAP1_KELCH_out.pdbqt,20754,82aa34f1aced9cc03ab6a6cc99228e07d40364786bd3c99277774b33b60ef68c,True,True,not_implied_by_inventory
01-课题-保肝中药成分虚拟筛选/final-aidd-screening/docking/outputs/HP-007_FXR_LBD_out.pdbqt,34992,ef400705469d2c10fd5b723a1cb0c3868282c772fedc93954b075a6e38a76ee5,True,True,not_implied_by_inventory
01-课题-保肝中药成分虚拟筛选/final-aidd-screening/docking/outputs/HP-007_KEAP1_KELCH_out.pdbqt,34992,fcc6fd472a8c8cbb227b43715f051dcdf1b9c5f64e4a1df57a2c53fcf6a214f3,True,True,not_implied_by_inventory
01-课题-保肝中药成分虚拟筛选/final-aidd-screening/docking/outputs/HP-008_FXR_LBD_out.pdbqt,20745,74cf5278af8cd37edecab194a84a3b8378abd0e4051ad9abb51b2774b9db1a41,True,True,not_implied_by_inventory
01-课题-保肝中药成分虚拟筛选/final-aidd-screening/docking/outputs/HP-008_KEAP1_KELCH_out.pdbqt,20745,4b2b06d43109af80810a6c031c1325da8b4f583fbc7346f2a8336abfbbbd3188,True,True,not_implied_by_inventory
01-课题-保肝中药成分虚拟筛选/final-aidd-screening/docking/outputs/HP-009_FXR_LBD_out.pdbqt,26964,6d05b14d220deae682bb4222950a7ff7f5445b15b5ae4b5e3c0e1329b1dc8adb,True,True,not_implied_by_inventory
01-课题-保肝中药成分虚拟筛选/final-aidd-screening/docking/outputs/HP-009_KEAP1_KELCH_out.pdbqt,26964,ae59b759de96a27b36ea8c5d2ad2530d6d5d4fa026037ba5f71ec31bd5c527a2,True,True,not_implied_by_inventory
01-课题-保肝中药成分虚拟筛选/final-aidd-screening/docking/outputs/HP-010_FXR_LBD_out.pdbqt,53721,0d438aaf5ee4e56a591592ab644ebeaf99af55c4d3d7a9e61bddb7130c66813c,True,True,not_implied_by_inventory
01-课题-保肝中药成分虚拟筛选/final-aidd-screening/docking/outputs/HP-010_KEAP1_KELCH_out.pdbqt,53721,15a1823ea87fb444d27894e11e8118a8c02ea3288f06bb501532653cac11dfd8,True,True,not_implied_by_inventory
01-课题-保肝中药成分虚拟筛选/final-aidd-screening/docking/outputs/HP-011_FXR_LBD_out.pdbqt,22689,e190f385103bc024de1b3b88df90594677a2974d38c91fa5ca85ab8a0cd27587,True,True,not_implied_by_inventory
01-课题-保肝中药成分虚拟筛选/final-aidd-screening/docking/outputs/HP-011_KEAP1_KELCH_out.pdbqt,22689,60c1ad33a168a14335b3b0af81263566f52d3b1f7c2920814ce64a537fbf7e5e,True,True,not_implied_by_inventory
01-课题-保肝中药成分虚拟筛选/final-aidd-screening/docking/outputs/HP-012_FXR_LBD_out.pdbqt,20745,0240ca5c82a5d24d930c0b2f95b54e9516be5fb1916cd775422522bba63eba7e,True,True,not_implied_by_inventory
01-课题-保肝中药成分虚拟筛选/final-aidd-screening/docking/outputs/HP-012_KEAP1_KELCH_out.pdbqt,20745,9ad4aa606a9d55710302d9cc8f118cd42bf657561d267f8cfafb8b8cc8fc38ad,True,True,not_implied_by_inventory
01-课题-保肝中药成分虚拟筛选/final-aidd-screening/docking/outputs/HP-013_FXR_LBD_out.pdbqt,34992,d7e48fe82b4efe5966b697394fb9ab00351287b4720ad70f6ad9813a7493e7fb,True,True,not_implied_by_inventory
01-课题-保肝中药成分虚拟筛选/final-aidd-screening/docking/outputs/HP-013_KEAP1_KELCH_out.pdbqt,34992,3e2ea3762d3cd4ab6242d4d61ef5e7e78b46585211cc1562da79934c6c490df6,True,True,not_implied_by_inventory
01-课题-保肝中药成分虚拟筛选/final-aidd-screening/docking/outputs/HP-014_FXR_LBD_out.pdbqt,28737,d5c6634c72357e109fd33718ca06c2760df27b7889a22cd60b87c7786a65379f,True,True,not_implied_by_inventory
01-课题-保肝中药成分虚拟筛选/final-aidd-screening/docking/outputs/HP-014_KEAP1_KELCH_out.pdbqt,28737,b5f60b3a2f0524cb5db7618f06d3d2798b272e12cec83a009dadbf6a68452a3e,True,True,not_implied_by_inventory
01-课题-保肝中药成分虚拟筛选/final-aidd-screening/docking/outputs/HP-015_FXR_LBD_out.pdbqt,34407,4e83e24b711819ff5e2ded3d5cf4ce40e5621b5d5747ceb868062c38f06d8a2f,True,True,not_implied_by_inventory
01-课题-保肝中药成分虚拟筛选/final-aidd-screening/docking/outputs/HP-015_KEAP1_KELCH_out.pdbqt,34407,c047f6b4cf229389a24797629ea5238a159f09a11cb5d538aeef7659a2a18a34,True,True,not_implied_by_inventory
01-课题-保肝中药成分虚拟筛选/final-aidd-screening/docking/outputs/HP-016_FXR_LBD_out.pdbqt,29754,799922259e855c363feca28affc324182fc64fe9588434801621f5a79efcb9c0,True,True,not_implied_by_inventory
01-课题-保肝中药成分虚拟筛选/final-aidd-screening/docking/outputs/HP-016_KEAP1_KELCH_out.pdbqt,29754,1b682ac0a455aba01c35ceffdb2597d2b5542646a0c0c1ef06fc467547c813b0,True,True,not_implied_by_inventory
01-课题-保肝中药成分虚拟筛选/final-aidd-screening/docking/outputs/HP-017_FXR_LBD_out.pdbqt,20592,7d49dbe976c767914e7f9e2306c2d07c28a6be3089df055cd1047b8c6446ec26,True,True,not_implied_by_inventory
01-课题-保肝中药成分虚拟筛选/final-aidd-screening/docking/outputs/HP-017_KEAP1_KELCH_out.pdbqt,20592,57c85bb9b9a8f2271f7ee6fea60639af38cae69eeda29169e88bfece8f5de9ae,True,True,not_implied_by_inventory
01-课题-保肝中药成分虚拟筛选/final-aidd-screening/docking/outputs/HP-018_FXR_LBD_out.pdbqt,36405,f2792d950e7e1823c0aeabc4472293becee660a667a22068db9b29953ffb6c3d,True,True,not_implied_by_inventory
01-课题-保肝中药成分虚拟筛选/final-aidd-screening/docking/outputs/HP-018_KEAP1_KELCH_out.pdbqt,36405,0753d88a0526e78db0a03a27355a09fc4d4c1e5a49bcc83ea1b71c2e58d9d96c,True,True,not_implied_by_inventory
01-课题-保肝中药成分虚拟筛选/final-aidd-screening/docking/outputs/HP-019_FXR_LBD_out.pdbqt,27252,8b02f20d26d247ca2bda31d2c7790920e21ad76fb2264398a9134cf88a3a9962,True,True,not_implied_by_inventory
01-课题-保肝中药成分虚拟筛选/final-aidd-screening/docking/outputs/HP-019_KEAP1_KELCH_out.pdbqt,27252,9bfdd69a5a3d3493a9a3eb84578ac04a04d431b7cf3e469c02dce757ecb437ca,True,True,not_implied_by_inventory
01-课题-保肝中药成分虚拟筛选/final-aidd-screening/docking/outputs/HP-020_FXR_LBD_out.pdbqt,27720,ef7842a02fea0c152b6770c58951292e0dfd5cf615252300d2e7715730cd7817,True,True,not_implied_by_inventory
01-课题-保肝中药成分虚拟筛选/final-aidd-screening/docking/outputs/HP-020_KEAP1_KELCH_out.pdbqt,27720,96c180c0a3d1f26d776dc50dcf8a137c5a77a992e3e8316d8d06805f83d4e85a,True,True,not_implied_by_inventory
01-课题-保肝中药成分虚拟筛选/final-aidd-screening/docking/outputs/HP-021_FXR_LBD_out.pdbqt,17163,3b47a410280cc0d585c04405e3bf88b084bfdb61accaf04ccec67e919e21fee1,True,True,not_implied_by_inventory
01-课题-保肝中药成分虚拟筛选/final-aidd-screening/docking/outputs/HP-021_KEAP1_KELCH_out.pdbqt,17163,ad8cc4dd6c65d64a93ab030c3554ac76fb8273b11802e8ae371503999504af0c,True,True,not_implied_by_inventory
01-课题-保肝中药成分虚拟筛选/final-aidd-screening/docking/outputs/HP-022_FXR_LBD_out.pdbqt,15228,665bf09fd74110f035d449d39cbff07887973b09fa25b4f398320e3232444ff2,True,True,not_implied_by_inventory
01-课题-保肝中药成分虚拟筛选/final-aidd-screening/docking/outputs/HP-022_KEAP1_KELCH_out.pdbqt,15228,1eafcec9ac4538200b4a5baf1f4fbb2d095ba5087d376ee9e733b22a49297500,True,True,not_implied_by_inventory
01-课题-保肝中药成分虚拟筛选/final-aidd-screening/docking/outputs/HP-023_FXR_LBD_out.pdbqt,17199,03385b4f0c7ddfa449aef093355be4d7006e32f679f5eba136fc6630c49262f4,True,True,not_implied_by_inventory
01-课题-保肝中药成分虚拟筛选/final-aidd-screening/docking/outputs/HP-023_KEAP1_KELCH_out.pdbqt,17199,f72e1fbb3727c2655902ba2b7aa7efd62fc543a5fc7dc4df678656e4007e1c1d,True,True,not_implied_by_inventory
01-课题-保肝中药成分虚拟筛选/final-aidd-screening/docking/outputs/HP-024_FXR_LBD_out.pdbqt,17379,58560b10be898895030df421385e4f1563995e1e1742cce928832ec8d52a0c13,True,True,not_implied_by_inventory
01-课题-保肝中药成分虚拟筛选/final-aidd-screening/docking/outputs/HP-024_KEAP1_KELCH_out.pdbqt,17379,f5b24938c737e5fe2eb3a041147e8fd01d972cab38e5d959562ceb4d86525ec3,True,True,not_implied_by_inventory
01-课题-保肝中药成分虚拟筛选/final-aidd-screening/docking/outputs/HP-025_FXR_LBD_out.pdbqt,19422,5d147328f480224443a2873f22de2a31e49d1ec14b9e8de8c49daaafca4c4f74,True,True,not_implied_by_inventory
01-课题-保肝中药成分虚拟筛选/final-aidd-screening/docking/outputs/HP-025_KEAP1_KELCH_out.pdbqt,19422,829732e83f923e63f079ae7e047404e11c62bac5d628845c16c05d21a6d746ad,True,True,not_implied_by_inventory
01-课题-保肝中药成分虚拟筛选/final-aidd-screening/docking/outputs/HP-026_FXR_LBD_out.pdbqt,20574,ef31ae3e23b9fce2e8ecda1e1df3d9a9a35655fab3b9da1a46c98d8274d9d72c,True,True,not_implied_by_inventory
01-课题-保肝中药成分虚拟筛选/final-aidd-screening/docking/outputs/HP-026_KEAP1_KELCH_out.pdbqt,20574,f6844b38500cc1588b9828df1ffae7d000b614292094c92b61b20458939d2dc4,True,True,not_implied_by_inventory
01-课题-保肝中药成分虚拟筛选/final-aidd-screening/docking/outputs/HP-027_FXR_LBD_out.pdbqt,26298,0ddf78ab82ba0a9634a59e3e4d4e4ec274a670f4fd57aa4583919bdcf210c1b5,True,True,not_implied_by_inventory
01-课题-保肝中药成分虚拟筛选/final-aidd-screening/docking/outputs/HP-027_KEAP1_KELCH_out.pdbqt,26298,3c2f1984c14882f7a895b89457cbebd66fdf8738cf45b3d3d628e103b4ffda4c,True,True,not_implied_by_inventory
01-课题-保肝中药成分虚拟筛选/final-aidd-screening/docking/outputs/HP-028_FXR_LBD_out.pdbqt,26289,8231defd12f56b86a3dc4773637755afd48b9548085ea2684520dc53d861f6ce,True,True,not_implied_by_inventory
01-课题-保肝中药成分虚拟筛选/final-aidd-screening/docking/outputs/HP-028_KEAP1_KELCH_out.pdbqt,26289,356b261021ed17733e4cafa15ae4173ca202d92b34576bdc58d62c332d3521b3,True,True,not_implied_by_inventory
01-课题-保肝中药成分虚拟筛选/final-aidd-screening/docking/outputs/HP-029_FXR_LBD_out.pdbqt,39924,e7faa85365a29d83b7f289644a2a4afcb7b89de82cfaaa1ff9e57f4ad1d8f0de,True,True,not_implied_by_inventory
01-课题-保肝中药成分虚拟筛选/final-aidd-screening/docking/outputs/HP-029_KEAP1_KELCH_out.pdbqt,39924,0e26149d4b60744656684bdb388fd97d1514b294ffbac55091e239bc075522e8,True,True,not_implied_by_inventory
01-课题-保肝中药成分虚拟筛选/final-aidd-screening/docking/outputs/HP-030_FXR_LBD_out.pdbqt,31536,249ea88337ed50365d2ec5e89989a9ab2ea6b81cb481ece13aab973b0bb3a930,True,True,not_implied_by_inventory
01-课题-保肝中药成分虚拟筛选/final-aidd-screening/docking/outputs/HP-030_KEAP1_KELCH_out.pdbqt,31536,7a009e6e3f4db9149a404f0ed86a3ce400a8207abb7ce5c70214ebac05467b54,True,True,not_implied_by_inventory
01-课题-保肝中药成分虚拟筛选/final-aidd-screening/docking/outputs/HP-031_FXR_LBD_out.pdbqt,21231,c847a01a43a1168432298603f9794365e15cef81d25b05fe61c9e19ebe08c625,True,True,not_implied_by_inventory
01-课题-保肝中药成分虚拟筛选/final-aidd-screening/docking/outputs/HP-031_KEAP1_KELCH_out.pdbqt,21231,c3f6124feb191bc35eb7ef6fd5885aa6f9c9a5f53e33882e50f5f88d6a4d2ad2,True,True,not_implied_by_inventory
01-课题-保肝中药成分虚拟筛选/final-aidd-screening/docking/outputs/HP-032_FXR_LBD_out.pdbqt,23508,afb1ab076f685bdf6208e6e943f59fc635be3bfe91ba5ab78d3ce684e857da0a,True,True,not_implied_by_inventory
01-课题-保肝中药成分虚拟筛选/final-aidd-screening/docking/outputs/HP-032_KEAP1_KELCH_out.pdbqt,23508,0e687aac7876d6774b1a46a9d5d9dee6750eb3cae8b5d972112b314e0c833b7f,True,True,not_implied_by_inventory
01-课题-保肝中药成分虚拟筛选/final-aidd-screening/docking/outputs/HP-033_FXR_LBD_out.pdbqt,20745,3f123ad2caa7f1aa2cdb0cc7adebb0de8dc1c42d4b4ebf1e0d8ac0f34e6dab15,True,True,not_implied_by_inventory
01-课题-保肝中药成分虚拟筛选/final-aidd-screening/docking/outputs/HP-033_KEAP1_KELCH_out.pdbqt,20745,7a84bd6d5c61c9efb5fe39f9894814b8af9215b94d423d68687de076a0e117c5,True,True,not_implied_by_inventory
01-课题-保肝中药成分虚拟筛选/final-aidd-screening/docking/outputs/HP-034_FXR_LBD_out.pdbqt,22392,b4fe4dd60b638d1534e3ef26411a4d2f10c837687ab91b511c2e9cd1e9a71344,True,True,not_implied_by_inventory
01-课题-保肝中药成分虚拟筛选/final-aidd-screening/docking/outputs/HP-034_KEAP1_KELCH_out.pdbqt,22392,9da0f2efb20a7281bb22bc52d01448da7ac454508e2344bcb05137cbe2517400,True,True,not_implied_by_inventory
01-课题-保肝中药成分虚拟筛选/final-aidd-screening/docking/outputs/HP-035_FXR_LBD_out.pdbqt,30033,3f01092dcecf3a5de18976573db3ce4e1774de1b3c5472470577ce0a6e9a8396,True,True,not_implied_by_inventory
01-课题-保肝中药成分虚拟筛选/final-aidd-screening/docking/outputs/HP-035_KEAP1_KELCH_out.pdbqt,30033,ae3fcadf2042a57527cac594a2cba519d5b6acd7b150851c71c0641c96ef6264,True,True,not_implied_by_inventory
01-课题-保肝中药成分虚拟筛选/final-aidd-screening/docking/outputs/HP-036_FXR_LBD_out.pdbqt,28683,96db95fdb04b756c0656d1a7c848805bc0f2c6ed68d9e1b13b02d3cc4f606e84,True,True,not_implied_by_inventory
01-课题-保肝中药成分虚拟筛选/final-aidd-screening/docking/outputs/HP-036_KEAP1_KELCH_out.pdbqt,28683,09b1064362ae754ea09796009bf297039287ee10b54fb344b1b24cc35cfdfd18,True,True,not_implied_by_inventory
01-课题-保肝中药成分虚拟筛选/final-aidd-screening/docking/outputs/HP-037_FXR_LBD_out.pdbqt,28953,d69c6c00e99db13d92fb7fab96ed9511e4dffb239f94bee1984c6635ab49a0a8,True,True,not_implied_by_inventory
01-课题-保肝中药成分虚拟筛选/final-aidd-screening/docking/outputs/HP-037_KEAP1_KELCH_out.pdbqt,28953,52c80ca935d0e4d009221578ba95efab7d72a61bff55ecf1af8e4fbe354fb714,True,True,not_implied_by_inventory
01-课题-保肝中药成分虚拟筛选/final-aidd-screening/docking/outputs/HP-038_FXR_LBD_out.pdbqt,14796,beb3c87492188cd64421813603318d7330f27c0c4e5fdbdc6348ba11955588e6,True,True,not_implied_by_inventory
01-课题-保肝中药成分虚拟筛选/final-aidd-screening/docking/outputs/HP-038_KEAP1_KELCH_out.pdbqt,33291,1f6009e00ba896c969ac1c72eb2932594af211c062a270289d3df46a5ff0efab,True,True,not_implied_by_inventory
01-课题-保肝中药成分虚拟筛选/final-aidd-screening/docking/outputs/HP-039_FXR_LBD_out.pdbqt,27480,9ab815dcda92f9a21094974e6dd510c23c7d5b0fb61f5c3082f5df21fe8ec07e,True,True,not_implied_by_inventory
01-课题-保肝中药成分虚拟筛选/final-aidd-screening/docking/outputs/HP-039_KEAP1_KELCH_out.pdbqt,61830,75e229b6c27f5b2ea2e353230d051dbb45a2527c6efab2ad4f7c8f71e9d66d5c,True,True,not_implied_by_inventory
01-课题-保肝中药成分虚拟筛选/final-aidd-screening/docking/outputs/HP-040_FXR_LBD_out.pdbqt,28696,117e05c55c5a771e8ec5aaecbc595956c3cdd3ea2990c87a59fc0cf8fadf08b0,True,True,not_implied_by_inventory
01-课题-保肝中药成分虚拟筛选/final-aidd-screening/docking/outputs/HP-040_KEAP1_KELCH_out.pdbqt,32283,152ba45584d0a8f1b3ded1677f685b3fb74a0a301e50d2caaad4e47c67098f20,True,True,not_implied_by_inventory
01-课题-保肝中药成分虚拟筛选/final-aidd-screening/docking/outputs/HP-041_FXR_LBD_out.pdbqt,21522,f9bdf9ec12fa71cf1a63b385752ec29fd792175eae654807d76ffee6a880222a,True,True,not_implied_by_inventory
01-课题-保肝中药成分虚拟筛选/final-aidd-screening/docking/outputs/HP-041_KEAP1_KELCH_out.pdbqt,32283,f6982751acaac9d534c785a0c461fe8bc6f0902475dd1424509da771e4d60460,True,True,not_implied_by_inventory
01-课题-保肝中药成分虚拟筛选/final-aidd-screening/docking/outputs/HP-042_FXR_LBD_out.pdbqt,22311,f7976bfbb6e1aefb5540d9c5c03c3d833ddae9538227d7ea0d75f77d1f65e8e3,True,True,not_implied_by_inventory
01-课题-保肝中药成分虚拟筛选/final-aidd-screening/docking/outputs/HP-042_KEAP1_KELCH_out.pdbqt,22311,f629230050ed6411910dd2bfe87364db8093f5bed750dff2b9a28e3e1d795e63,True,True,not_implied_by_inventory
01-课题-保肝中药成分虚拟筛选/final-aidd-screening/docking/outputs/HP-044_FXR_LBD_out.pdbqt,14103,d7123c78fac45e11f1a1a62b1e8e95cdb03b0f6e69ee41fce17272ab2364130f,True,True,not_implied_by_inventory
01-课题-保肝中药成分虚拟筛选/final-aidd-screening/docking/outputs/HP-044_KEAP1_KELCH_out.pdbqt,12536,1dd2f22328000e7070e8da267887eb461516c0efa6077d7161621d5961b36c51,True,True,not_implied_by_inventory
01-课题-保肝中药成分虚拟筛选/final-aidd-screening/docking/outputs/HP-045_FXR_LBD_out.pdbqt,13437,cbf6e6b87ccf14060b276dcfd7ac526375230eac74b0241b237a423782c91b83,True,True,not_implied_by_inventory
01-课题-保肝中药成分虚拟筛选/final-aidd-screening/docking/outputs/HP-045_KEAP1_KELCH_out.pdbqt,13437,e925f4dda0bf9a345524a841d8bce2e3d62507636881e1576b4b4e1251465d4f,True,True,not_implied_by_inventory
01-课题-保肝中药成分虚拟筛选/final-aidd-screening/docking/outputs/HP-046_FXR_LBD_out.pdbqt,15570,eedc70ee2f9f8318f542bbf32657a383431b2d6fc0ab2e500c6dbbc190a35644,True,True,not_implied_by_inventory
01-课题-保肝中药成分虚拟筛选/final-aidd-screening/docking/outputs/HP-046_KEAP1_KELCH_out.pdbqt,15570,85d2182de6756fcaf9918bdb8543fe8ff7f7f603f7935fbc92ded53221ed6ee4,True,True,not_implied_by_inventory
01-课题-保肝中药成分虚拟筛选/final-aidd-screening/docking/outputs/HP-047_FXR_LBD_out.pdbqt,15561,e154d6aecc3518bb9cffc408df3a322476a4ee9cc973bead8d277b20149453b1,True,True,not_implied_by_inventory
01-课题-保肝中药成分虚拟筛选/final-aidd-screening/docking/outputs/HP-047_KEAP1_KELCH_out.pdbqt,15561,8a273975280a77a32086572c6665ec07830e93b23263557cbdd0ae64a3003c57,True,True,not_implied_by_inventory
01-课题-保肝中药成分虚拟筛选/final-aidd-screening/docking/outputs/HP-048_FXR_LBD_out.pdbqt,16560,6bdf0fab03224950c1cb942cdf0fecc0fd37a81e7e33c8d440c1008d0c92505e,True,True,not_implied_by_inventory
01-课题-保肝中药成分虚拟筛选/final-aidd-screening/docking/outputs/HP-048_KEAP1_KELCH_out.pdbqt,16560,4af013195dc055cb9afa8c77876b3f6924c608c473fe9ab16da19c1e6ff552d1,True,True,not_implied_by_inventory
01-课题-保肝中药成分虚拟筛选/final-aidd-screening/docking/outputs/KEAP1_KELCH_IQK_redock_out.pdbqt,39438,d5a7ec499fe5b712c72b4241df2f84eacac7c39b9b2748d32d47d03fd51b7a47,True,True,not_implied_by_inventory
01-课题-保肝中药成分虚拟筛选/final-aidd-screening/docking/outputs/NV-001_FXR_LBD_out.pdbqt,11511,e0927fb775dfbdd9312008da218172708c200559f84fb97abb55fbcd215cdd56,True,True,not_implied_by_inventory
01-课题-保肝中药成分虚拟筛选/final-aidd-screening/docking/outputs/NV-001_KEAP1_KELCH_out.pdbqt,23022,1b76cf43fc3d5d47c1b6ca828559cf78b8555fcad41f64907eb93f8305fa23b9,True,True,not_implied_by_inventory
01-课题-保肝中药成分虚拟筛选/final-aidd-screening/docking/outputs/NV-002_FXR_LBD_out.pdbqt,26761,dc02f3834f47003a971a2bfa4043de1ef406219ad71a4942d9729cb7e8df5b59,True,True,not_implied_by_inventory
01-课题-保肝中药成分虚拟筛选/final-aidd-screening/docking/outputs/NV-002_KEAP1_KELCH_out.pdbqt,34407,58a603ccc0b195d453025ea4627f48cd912bbc89441bd37bd17f798768756f86,True,True,not_implied_by_inventory
01-课题-保肝中药成分虚拟筛选/final-aidd-screening/docking/outputs/NV-003_FXR_LBD_out.pdbqt,15792,a701a2a761178960cde5b2f97ecd1770d254f728eb58a8b0f0299a1a74b2411c,True,True,not_implied_by_inventory
01-课题-保肝中药成分虚拟筛选/final-aidd-screening/docking/outputs/NV-003_KEAP1_KELCH_out.pdbqt,35532,10d7c39304898d75d9d554146c45a02e7c3c0b431ea5eeb99b65bcc774271584,True,True,not_implied_by_inventory
01-课题-保肝中药成分虚拟筛选/final-aidd-screening/docking/outputs/NV-004_FXR_LBD_out.pdbqt,29148,e0ba4359b3ff7945e98cf2c3e48b1bc112792cdec01b73bb2caa8251df2cb4b2,True,True,not_implied_by_inventory
01-课题-保肝中药成分虚拟筛选/final-aidd-screening/docking/outputs/NV-004_KEAP1_KELCH_out.pdbqt,37476,626bd315cdae94be4e5b6ab1151af7550f8a60375ea90379e2ce403459b3b586,True,True,not_implied_by_inventory
01-课题-保肝中药成分虚拟筛选/final-aidd-screening/docking/outputs/NV-005_FXR_LBD_out.pdbqt,9627,26a24fa075b22544cb81f41fbdb24d54b92d004bfc084acafce8802423ee5426,True,True,not_implied_by_inventory
01-课题-保肝中药成分虚拟筛选/final-aidd-screening/docking/outputs/NV-005_KEAP1_KELCH_out.pdbqt,28881,1823b534242088021f9cb6a010ee83dabc34eb07c0fc08c6de64b1d8cd1b52f8,True,True,not_implied_by_inventory
01-课题-保肝中药成分虚拟筛选/final-aidd-screening/docking/outputs/NV-006_FXR_LBD_out.pdbqt,24525,e9ec06c05e3fad1dd315c2d2c482e94f654f2d170ddcf5e9593dd9ce14caa037,True,True,not_implied_by_inventory
01-课题-保肝中药成分虚拟筛选/final-aidd-screening/docking/outputs/NV-006_KEAP1_KELCH_out.pdbqt,24525,2a37a71d1b2370673973f2c5313e1fc4df077720bc5e3deabbdc6e3c843cb4bf,True,True,not_implied_by_inventory
01-课题-保肝中药成分虚拟筛选/final-aidd-screening/docking/outputs/NV-007_FXR_LBD_out.pdbqt,27756,53184977df2db1e2f5ef9d35e6f3c4cbe2323941785a08ee46e87a7ae2470fde,True,True,not_implied_by_inventory
01-课题-保肝中药成分虚拟筛选/final-aidd-screening/docking/outputs/NV-007_KEAP1_KELCH_out.pdbqt,27756,8ae6cd54be93c64667b806b827760d4b343e131c7de1bcf36f4cfa60840f56ce,True,True,not_implied_by_inventory
01-课题-保肝中药成分虚拟筛选/final-aidd-screening/docking/outputs/NV-008_FXR_LBD_out.pdbqt,7390,cf94fe49700d36b99d6348ca8514cd9150db48fd366fa1736633c562541f516b,True,True,not_implied_by_inventory
01-课题-保肝中药成分虚拟筛选/final-aidd-screening/docking/outputs/NV-008_KEAP1_KELCH_out.pdbqt,33255,23ddc770c34842882fe336157f5c5819627f08f35745405ef65c914166cd067e,True,True,not_implied_by_inventory
01-课题-保肝中药成分虚拟筛选/final-aidd-screening/docking/outputs/NV-009_FXR_LBD_out.pdbqt,27702,e2d1b239d5daf0a876c13642eb20aaad48e729d4e500ee5ec3a115efd720e873,True,True,not_implied_by_inventory
01-课题-保肝中药成分虚拟筛选/final-aidd-screening/docking/outputs/NV-009_KEAP1_KELCH_out.pdbqt,27702,5a0281b437843da9c1b17d248fbc0e6303d6e022d1ca27f8b5e97c5a3610fbdc,True,True,not_implied_by_inventory
01-课题-保肝中药成分虚拟筛选/final-aidd-screening/docking/outputs/NV-010_FXR_LBD_out.pdbqt,28332,0539419fd6d392003b0a572511ad978f3be262fc29e4a2528d45b2fc9abce138,True,True,not_implied_by_inventory
01-课题-保肝中药成分虚拟筛选/final-aidd-screening/docking/outputs/NV-010_KEAP1_KELCH_out.pdbqt,28332,1ff8f980df73b3b45ee4db6d315a5f0e3863673816e09d294a59421dce470a84,True,True,not_implied_by_inventory
01-课题-保肝中药成分虚拟筛选/final-aidd-screening/docking/outputs/NV-011_FXR_LBD_out.pdbqt,31482,d3ac464a56d57c08f7ea0a24bdc7a8062ad6bbc7d373e8f3ae441d727ba9c641,True,True,not_implied_by_inventory
01-课题-保肝中药成分虚拟筛选/final-aidd-screening/docking/outputs/NV-011_KEAP1_KELCH_out.pdbqt,31482,c56b0ee0ebce2920862405b71c037eda10860fdff890ea41b67857d3dbc62649,True,True,not_implied_by_inventory
01-课题-保肝中药成分虚拟筛选/final-aidd-screening/docking/outputs/NV-012_FXR_LBD_out.pdbqt,31491,ec31bdc64c62adea8ea4c95e85300a48c8a6ab574494ba2de7f38eb93430d7e0,True,True,not_implied_by_inventory
01-课题-保肝中药成分虚拟筛选/final-aidd-screening/docking/outputs/NV-012_KEAP1_KELCH_out.pdbqt,31491,1144e3ad58a0cd9509248b00104344595fff52fd4ebf63b77c926114928bc5b3,True,True,not_implied_by_inventory
01-课题-保肝中药成分虚拟筛选/final-aidd-screening/docking/pdb/1OSH.pdb,197316,cc43337561882616da7089e0e3f3843ad1a827d58ad39970ac5c257dfeb40215,True,True,not_implied_by_inventory
01-课题-保肝中药成分虚拟筛选/final-aidd-screening/docking/pdb/2FLU.pdb,258795,0c39f72503c0e88a85948bcc65161a785eded4e5afb37c2d19e10b5feba941aa,True,True,not_implied_by_inventory
01-课题-保肝中药成分虚拟筛选/final-aidd-screening/docking/pdb/4IQK.pdb,227367,e48207069ed7381a4b6d8ff4c89f6b0fd6396ce281291e19b01076168bbe703d,True,True,not_implied_by_inventory
01-课题-保肝中药成分虚拟筛选/final-aidd-screening/docking/pdb/4L7B.pdb,438210,8679c17f2c89ab2713df0a667650218060a6c0d81f9882460632fa0cbc455da9,True,True,not_implied_by_inventory
01-课题-保肝中药成分虚拟筛选/final-aidd-screening/docking/receptors/FXR_LBD_1OSH.pdbqt,173583,3ba5f9faf94b93ea9fb795f035891017181ee2e4c495c2a5fc79b0fcc3fc4c3c,True,True,not_implied_by_inventory
01-课题-保肝中药成分虚拟筛选/final-aidd-screening/docking/receptors/FXR_LBD_1OSH_FEX_crystal.sdf,8214,d8af6dd860a7fad7971a1d1c3ec0ec827e7dcc6e82a39715e2f57f62d2897287,True,True,not_implied_by_inventory
01-课题-保肝中药成分虚拟筛选/final-aidd-screening/docking/receptors/FXR_LBD_1OSH_FEX_lig.pdb,3039,335b222b17d10805f962631b09b6dfd8ab26869390cbab97468cfaa08e556baf,True,True,not_implied_by_inventory
01-课题-保肝中药成分虚拟筛选/final-aidd-screening/docking/receptors/FXR_LBD_1OSH_clean.pdb,145063,51ae41d7f317bca4ef1af060da9ff98bf0518825516ae6c523fb42c8f6a9ee82,True,True,not_implied_by_inventory
01-课题-保肝中药成分虚拟筛选/final-aidd-screening/docking/receptors/KEAP1_KELCH_4IQK.pdbqt,218052,1f703f1dfb7d0b0d365659257e4f8dd24a2ccab5d5f7069e7598f14c2aa59b4d,True,True,not_implied_by_inventory
01-课题-保肝中药成分虚拟筛选/final-aidd-screening/docking/receptors/KEAP1_KELCH_4IQK_IQK_crystal.sdf,7095,03f6e565b97aab56eded51e9c27e4da7c52b832277649b2b56053af6d68ca26f,True,True,not_implied_by_inventory
01-课题-保肝中药成分虚拟筛选/final-aidd-screening/docking/receptors/KEAP1_KELCH_4IQK_IQK_lig.pdb,2793,ab9c0ae9216450731f43c32c7cceacdd0fa5318b0706e624df6a69f5208c33e4,True,True,not_implied_by_inventory
01-课题-保肝中药成分虚拟筛选/final-aidd-screening/docking/receptors/KEAP1_KELCH_4IQK_clean.pdb,179257,bde83c4545aadebd4996277160c95cf84e44bc19f4cae3f97c9775ddb35dbb6b,True,True,not_implied_by_inventory
01-课题-保肝中药成分虚拟筛选/final-aidd-screening/docking/redock_gate.json,211,705022e8c024bb5fbd13396e02da2d4dc10c267d7b79b3af465926b30896a33b,True,True,not_implied_by_inventory
01-课题-保肝中药成分虚拟筛选/final-aidd-screening/docking/vina.exe,1233920,e0c4b2715e0c1a74f6e92d0f3be0328ac97542eafbc111e6b1efad897a73cce5,True,True,not_implied_by_inventory
01-课题-保肝中药成分虚拟筛选/final-aidd-screening/results/figures/diverse_top10.png,64564,75680f6cb8c2eae2a9793e26bf9c1a5efc90f32f3c4d8462056541d16687c900,True,True,not_implied_by_inventory
01-课题-保肝中药成分虚拟筛选/final-aidd-screening/results/figures/model_vs_dock_real.png,121004,6c124f5fc7e0e66ba7ef0c41697abba0ded07cac26a077f2e5f0a870ab962a01,True,True,not_implied_by_inventory
01-课题-保肝中药成分虚拟筛选/final-aidd-screening/results/figures/reliability_diagram.png,55956,e2b9c26a61a38964c4fd7ac4e22a6d184e7186662e3ac8e7f362cdf5ec0123db,True,True,not_implied_by_inventory
01-课题-保肝中药成分虚拟筛选/final-aidd-screening/results/logs_s4.txt,677,8cc7b94086f234fe00a356bbe16a13b07c56047aa1de24e0e104a7fdb7f8c486,True,True,not_implied_by_inventory
01-课题-保肝中药成分虚拟筛选/final-aidd-screening/results/metrics/fusion_summary.json,1032,948f400476ef7e75def7aee7784a1fda89d44c959820784e6a48a185548291da,True,True,not_implied_by_inventory
01-课题-保肝中药成分虚拟筛选/final-aidd-screening/results/metrics/model_summary.json,608,ed5f107fea7ff79da1078cfee100ba43b587fc588e47ad7e53d4f46c421dc7b2,True,True,not_implied_by_inventory
01-课题-保肝中药成分虚拟筛选/final-aidd-screening/results/predictions/fullpool_predictions.csv,3829,198bb3eb5e68df9a1b6a783ae1d8a690d8853d2e50e1e00dd1aa833ccd28ced5,True,True,not_implied_by_inventory
01-课题-保肝中药成分虚拟筛选/final-aidd-screening/results/predictions/test_predictions.csv,1164,87d83b64d60c29428fd19d6bcdc10fc54898960ac7eb3c4de2a6d9c724e64df2,True,True,not_implied_by_inventory
01-课题-保肝中药成分虚拟筛选/final-aidd-screening/results/summary.json,2123,03e2183cc12b2739594a7f62c18113121ae26e921b3b9ce15b203c7d21d8fe8c,True,True,not_implied_by_inventory
01-课题-保肝中药成分虚拟筛选/final-aidd-screening/results/tables/diverse_top10.csv,1360,59811dda784f1a1a03fcf477b0d2e28d025c39884c35d77d18f78f7ef9425b12,True,True,not_implied_by_inventory
01-课题-保肝中药成分虚拟筛选/final-aidd-screening/results/tables/docking_real_scores.csv,5373,62faa0e534d828a21903671c38afa6f42e57b1aad55e6d9e6ae24126ab67656d,True,True,not_implied_by_inventory
01-课题-保肝中药成分虚拟筛选/final-aidd-screening/results/tables/final_ranking_v2_real.csv,7070,df5739f70269922b1fbd9bf4cab09788502dd34eed6fe74fb2604b7908a36680,True,True,not_implied_by_inventory
01-课题-保肝中药成分虚拟筛选/final-aidd-screening/results/tables/prefilter_report.csv,1644,ddbbc8480ce75f11bdf055c7286b54108dd03f478b386c411f5a916064acd086,True,True,not_implied_by_inventory
01-课题-保肝中药成分虚拟筛选/final-aidd-screening/results/targets.json,1272,223d0e88ed9dc4fb8a9e2e61a566fbb3b49f413e07fa0f9302708e8ac945c441,True,True,not_implied_by_inventory
01-课题-保肝中药成分虚拟筛选/final-aidd-screening/run_all.py,2234,7e15597a19c5c65919bb1c57a63387a28a3ae2fa2ea4742b236e2699243f2731,True,True,not_implied_by_inventory
01-课题-保肝中药成分虚拟筛选/final-aidd-screening/src/common.py,6677,d8bc12aedb45659f5f1b1b427cf9a275d89c55dcab2788ea1e09fd0ed9bcc789,True,True,not_implied_by_inventory
01-课题-保肝中药成分虚拟筛选/final-aidd-screening/src/s1_target_profile.py,2436,3ea180289ea5ad84cdd7bbcc807c17c4c879d53dde6b3fb97a04369a6b8d3ce1,True,True,not_implied_by_inventory
01-课题-保肝中药成分虚拟筛选/final-aidd-screening/src/s2_prep_redock.py,6618,cf96eaf6b3e1783672203e783d4ad4ef700067f6e938a08ceb80f9971b83bbb0,True,True,not_implied_by_inventory
01-课题-保肝中药成分虚拟筛选/final-aidd-screening/src/s3_model.py,12255,961cfa3f11d99c7ca4776c05edb964d9b9c2b8d611e397f550a4282654ee3a2c,True,True,not_implied_by_inventory
01-课题-保肝中药成分虚拟筛选/final-aidd-screening/src/s4_dock.py,6424,e86a6a0ed2ef9bdeec14d4718257ead41c4455603011cc14654c31a98f3ced3a,True,True,not_implied_by_inventory
01-课题-保肝中药成分虚拟筛选/final-aidd-screening/src/s5_fuse_select.py,5846,09c2ade97357cede898dbb3867f66cba1ca63d5a0a3c9df69a6a1920444794e1,True,True,not_implied_by_inventory
01-课题-保肝中药成分虚拟筛选/final-aidd-screening/src/s6_report.py,4454,6ce9dd502ce81f385985c5f2da3bfb88d5ac9795eb468c626e1da8551ded6a22,True,True,not_implied_by_inventory
01-课题-保肝中药成分虚拟筛选/learning/代维斯丹/flow_state.json,52,5f9962de808061f23eaffa8d3156f6830f19bf0a13dbc346d89d07922f093480,True,True,not_implied_by_inventory
01-课题-保肝中药成分虚拟筛选/learning/代维斯丹/week03_redock.sh,1176,6b91ef23eca42841b3b0aeac9f270271a4f34ae473795ce55cdd2c761f1b7fe8,True,True,not_implied_by_inventory
01-课题-保肝中药成分虚拟筛选/learning/代维斯丹/week07_baselines.py,1682,ae02581c9bab189fac469f1414f5c3db9896977a7eb68ecaf546b1533159fd1e,True,True,not_implied_by_inventory
01-课题-保肝中药成分虚拟筛选/learning/代维斯丹/week08_reliability.py,1711,a3d668d062ff868bacad057e9010c266620b383b835e0c03e575d7702daad85f,True,True,not_implied_by_inventory
01-课题-保肝中药成分虚拟筛选/learning/共享/人工智能药物设计-手写学习笔记.pdf,2563381,abf9f6382c70352c1ffe4694eb276094c7c7f27a7d5fd6323e9ad3f7fdbf9e93,True,True,not_implied_by_inventory
01-课题-保肝中药成分虚拟筛选/learning/共享/复旦AIDD课程_学习任务.md,3072,c48afff43aa8bf79fb2bdad07e0bfc523b8890678428d5fc38b0cd37ad38bc72,True,True,not_implied_by_inventory
01-课题-保肝中药成分虚拟筛选/learning/宁显泷/flow_state.json,271,a89595e67e8cc4fe8796ede80e67b82ed58607081f589392eec08bfe75bd21ce,True,True,not_implied_by_inventory
01-课题-保肝中药成分虚拟筛选/learning/宁显泷/week02_backprop.py,1714,dce4ed9e1fe363b5c8f71bba006eb6278116f865d574387aa97368a5cbc1282f,True,True,not_implied_by_inventory
01-课题-保肝中药成分虚拟筛选/learning/宁显泷/week03_pyg_convert.py,1769,9d006c70ade2c6a6b541dccad48d5f6c5a2f76c915cea3d6f2e4338c8f4282e9,True,True,not_implied_by_inventory
01-课题-保肝中药成分虚拟筛选/learning/宁显泷/week04_gcn_numpy.py,1743,14bca5f52ddbf0adb475686cbf495b0a38f08d0655e49a45523e5aa4bc6db408,True,True,not_implied_by_inventory
01-课题-保肝中药成分虚拟筛选/learning/宁显泷/week05_gcn_vs_gin.py,1783,59ddf5ba4d7fbaba62b7d59488983e4d5f36372faee1c391d9ef54d12a6483b3,True,True,not_implied_by_inventory
01-课题-保肝中药成分虚拟筛选/learning/宁显泷/week06_torch_trial.py,1721,f77b08a4f0cffa684e8c791b03abfca815888e1d6b0a27a055b83106f677e606,True,True,not_implied_by_inventory
01-课题-保肝中药成分虚拟筛选/learning/宁显泷/week08_mc_dropout.py,1703,0373a2204bf5c7eba417b1a840252c114ecae92ed418618b074aa451b0ffe861,True,True,not_implied_by_inventory
01-课题-保肝中药成分虚拟筛选/learning/宁显泷/week09_calibration.py,1663,3619932917c8182ca9116bd0d0500467306126c146fd46cd8f90a67d577045c6,True,True,not_implied_by_inventory
01-课题-保肝中药成分虚拟筛选/learning/宁显泷/week10_hpo.py,1598,f99b5c64b37c10fc0daf4f36dbd1a72d0d9334b2577278c83738e7f5b16aa638,True,True,not_implied_by_inventory
01-课题-保肝中药成分虚拟筛选/learning/宁显泷/week11_explainer.py,1729,5ac3b386feb9f8c48c2ba3f188408149a28e8a815e87b928efcb71b77bffaaea,True,True,not_implied_by_inventory
01-课题-保肝中药成分虚拟筛选/learning/王启龙/flow_state.json,5110,96fa4ed1def05b5b04095a94afe8a782b002be8fcfffee9c44ca85e461b25b92,True,True,not_implied_by_inventory
01-课题-保肝中药成分虚拟筛选/learning/王启龙/week01_exercise.py,970,6b27dd199b2bc7d4d8cb16561704ea20648329ca962dc27a3e153937db410f24,True,True,not_implied_by_inventory
01-课题-保肝中药成分虚拟筛选/learning/王启龙/week02_notes.md,1006,7fd3b96d812636bd980c75bc2d4f2fc9801ffdf8e742588f33ac34f1eb39b98a,True,True,not_implied_by_inventory
01-课题-保肝中药成分虚拟筛选/learning/王启龙/week03_rdkit_recalc.py,1787,2e2069a3c52e97c60bf5671ed76b0b8eae144247fbe6ec95725fcf3cbbcde79b,True,True,not_implied_by_inventory
01-课题-保肝中药成分虚拟筛选/learning/王启龙/week04_pubchem_fetch.py,1843,9e49a4432badb54e3e8f823a05f1de30c742765d50ee93a16e8c865274e193d2,True,True,not_implied_by_inventory
01-课题-保肝中药成分虚拟筛选/learning/王启龙/week05_redock_selftest.py,1759,8110bc921e11c09f80ff9b31ae61e94bcb9b8e2f0dc980e373f5738f408941c2,True,True,not_implied_by_inventory
01-课题-保肝中药成分虚拟筛选/learning/王启龙/week07_torch_lr.py,1634,a257719b2e0e3a5efde78035f0fea4fc35279471767c110876bfb8d9590bc1a4,True,True,not_implied_by_inventory
01-课题-保肝中药成分虚拟筛选/learning/王启龙/week08_pyg_convert.py,1744,65ad1f77c0ee6435a462ab00f7c56f4abd27ca122546921aa16eed995ca45b16,True,True,not_implied_by_inventory
01-课题-保肝中药成分虚拟筛选/learning/王启龙/week09_gnn_torch_train.py,1667,6ac0ea6007aa1dafe21aaa9aad42daae912b6899b45f84c03bb5527f7cb6e5f6,True,True,not_implied_by_inventory
01-课题-保肝中药成分虚拟筛选/learning/王启龙/week10_calibration.py,1688,cceb95604581b994dde8b315f43a8070cf181a02ec0c0600807dd1e5258bad13,True,True,not_implied_by_inventory
01-课题-保肝中药成分虚拟筛选/learning/王启龙/week11_receptor_audit.py,1713,808e89f34b8feea730ba56afa846cbf9c216360d2335e210ce11aac177b4ad33,True,True,not_implied_by_inventory
01-课题-保肝中药成分虚拟筛选/learning/王启龙/week12_lit_llm_assist.md,1585,d2d0f9976d59a6c8459e79093d0ebd9da6f602157212f471384937eae0280e57,True,True,not_implied_by_inventory
01-课题-保肝中药成分虚拟筛选/learning/王启龙/week13_notes.md,347,d2f11aff56c39e7d078ee2ee446dbc426abe2f47f0f4cc0e32c7040b81520efa,True,True,not_implied_by_inventory
01-课题-保肝中药成分虚拟筛选/learning/王启龙/week14_drill_report.md,529,c2c2caf8cb45cd62261f2e82dfc72bda07cd2973c5e9040d4f73e1afebfb4dac,True,True,not_implied_by_inventory
01-课题-保肝中药成分虚拟筛选/learning/王散曼/flow_state.json,52,5f9962de808061f23eaffa8d3156f6830f19bf0a13dbc346d89d07922f093480,True,True,not_implied_by_inventory
01-课题-保肝中药成分虚拟筛选/learning/王散曼/week05_llm_assist.md,1570,f111d337623c2e8461ee6b953a2eb2d27d4c553583da7d3e8f6b7978d21cb079,True,True,not_implied_by_inventory
01-课题-保肝中药成分虚拟筛选/learning/衣思淼/flow_state.json,52,5f9962de808061f23eaffa8d3156f6830f19bf0a13dbc346d89d07922f093480,True,True,not_implied_by_inventory
01-课题-保肝中药成分虚拟筛选/learning/衣思淼/week02_rdkit_recalc.py,1705,7bd5c30384ac2674e5ad569d812b095bac3e2bc04ef0dca15cd2612451dddb3b,True,True,not_implied_by_inventory
01-课题-保肝中药成分虚拟筛选/learning/衣思淼/week04_dedup.py,1652,bd521f4abf145b05bbb2be38854bb73736a1782e3100b20f8dde1649a05a7520,True,True,not_implied_by_inventory
01-课题-保肝中药成分虚拟筛选/learning/衣思淼/week07_bootstrap.py,1669,4fb45db4b42362276fa93ae7c1b343d0a698ad4d1a556fd916cae4454f54fa17,True,True,not_implied_by_inventory
01-课题-保肝中药成分虚拟筛选/learning/衣思淼/week08_split_ad.py,1629,ce781bfe77c1e021da118edf20c3c0ef773acabe810fcd10e9ba60a6e3225b2f,True,True,not_implied_by_inventory
01-课题-保肝中药成分虚拟筛选/learning/衣思淼/week10_audit.py,1616,fb67cdc82ce85e0060fb1aa235a2929b9e6973b2ae6e0b390a997c76090c49ed,True,True,not_implied_by_inventory
01-课题-保肝中药成分虚拟筛选/learning/衣思淼/week12_sensitivity.py,1679,8f58a0213c4801fba30415734277e9be8baa1c7b8e12f0b22c05013e01842dd4,True,True,not_implied_by_inventory
01-课题-保肝中药成分虚拟筛选/literature/01_classic_evidence.md,2858,6ed2bee59cf73a87d8a82de9b1f9a51dc91547bad4f765c7aaf806ccec80a52e,True,True,not_implied_by_inventory
01-课题-保肝中药成分虚拟筛选/literature/02_novel_terpenes_lignans.md,2401,b747831c0cb77bd8693d2982cf5b2cc2d3b0c2cce36336a1a4b5e1b1768053ba,True,True,not_implied_by_inventory
01-课题-保肝中药成分虚拟筛选/literature/03_top_candidate_mechanisms.md,2955,b48a989b45679b074a3005c1c46da012bac9b1f088c5525f045055d8e6016e21,True,True,not_implied_by_inventory
01-课题-保肝中药成分虚拟筛选/phase2_semester/WP1_verify_baseline.md,1602,f36630bf90c824f42340c06e93d3ee5dcfaae16bec6e825d0f7b8cab63cf85df,True,True,not_implied_by_inventory
01-课题-保肝中药成分虚拟筛选/phase2_semester/WP2_real_docking.md,2339,fd7a7ec45df180fd4018f6358138d413df6e95affae70ec258d867ad545da407,True,True,not_implied_by_inventory
01-课题-保肝中药成分虚拟筛选/phase2_semester/WP3_data_expansion.md,2792,cd8f7c476d36a73eb519e85a9722a3081823a4cb5e9141bc513e5d048af30b48,True,True,not_implied_by_inventory
01-课题-保肝中药成分虚拟筛选/phase2_semester/WP4_model_upgrade.md,1647,39721c52db86da6c6c90c79ce9a742e7cd8d3151df930fb494affe20d689056f,True,True,not_implied_by_inventory
01-课题-保肝中药成分虚拟筛选/phase2_semester/WP5_experiment_bridge.md,1776,bf06c9134595f7cb7ab0d5b519c49e0194cb0ed6fcfcc639d8b08c557cdd6578,True,True,not_implied_by_inventory
01-课题-保肝中药成分虚拟筛选/phase2_semester/推进程序_负责人_王启龙.md,36280,5205a1716b7e4f2ac6da85c987290731423d72e23794eb4bbc6ca069f24064a1,True,True,not_implied_by_inventory
01-课题-保肝中药成分虚拟筛选/reports/midterm_report.md,6533,47752be7fba2b39206fab9695847418340ae3af8dd94e5b69fae477836cc3685,True,True,not_implied_by_inventory
01-课题-保肝中药成分虚拟筛选/reports/pdf_all/CONTRIBUTORS.pdf,47402,e9f5a78270987c8c8f5b819c5fd5a57c04c2b39749df1710162e8168b306b30c,True,True,not_implied_by_inventory
01-课题-保肝中药成分虚拟筛选/reports/pdf_all/README.pdf,73100,3df6bdf5d75e406c00d2e0bd52548e6bdb570e87f27e86df51a310f539ea7d20,True,True,not_implied_by_inventory
01-课题-保肝中药成分虚拟筛选/reports/pdf_all/docs/00_environment.pdf,115852,df29e338dd520505ac9f1f51dbb51934b2d5fb90be2d72614c590d19bc848494,True,True,not_implied_by_inventory
01-课题-保肝中药成分虚拟筛选/reports/pdf_all/docs/01_data_dictionary.pdf,145950,b5c14ae77b353419886ec7f868ffba94737f783779c8f1bfdf7fccc380b68a74,True,True,not_implied_by_inventory
01-课题-保肝中药成分虚拟筛选/reports/pdf_all/docs/02_model_notes.pdf,127180,b4e91365da888aa67dd8a754b7cca7fa270c004b1f6b753ceb142e1854ba5e5f,True,True,not_implied_by_inventory
01-课题-保肝中药成分虚拟筛选/reports/pdf_all/docs/03_docking_protocol.pdf,125765,33d30a057eaf9b178a1b33c4444c0ca2484b37d3955b53cc6575a756375559d6,True,True,not_implied_by_inventory
01-课题-保肝中药成分虚拟筛选/reports/pdf_all/docs/MANIFEST.pdf,219181,c89cd324fca03ea364767ee29d165b7f8682063f2f07efd3fd6104ab805e4a1e,True,True,not_implied_by_inventory
01-课题-保肝中药成分虚拟筛选/reports/pdf_all/docs/MEMBER_WORKBENCH.pdf,173186,348a3b7b9e10921f791026de88845667a3c8b04f2e8654e182c8fa2d0684c052,True,True,not_implied_by_inventory
01-课题-保肝中药成分虚拟筛选/reports/pdf_all/docs/PHASE_PLAN.pdf,118945,b9943b3ab669c4bcad8d9fa9a144df2d7b1543626361a870aeb7a57f298153b7,True,True,not_implied_by_inventory
01-课题-保肝中药成分虚拟筛选/reports/pdf_all/docs/VERIFY_MANUAL.pdf,183861,fc0c39dcae81afa1b567f08aa9897c04fe76c666c7c4d8ec27a54505357b6a68,True,True,not_implied_by_inventory
01-课题-保肝中药成分虚拟筛选/reports/pdf_all/docs/VERIFY_TASKS.pdf,241915,67d30f524e71456a8e077bf7074794e87653112204799e3004e4b84b2a87dbc3,True,True,not_implied_by_inventory
01-课题-保肝中药成分虚拟筛选/reports/pdf_all/docs/minutes/week1-2.pdf,127627,0f20731bf5ceb0479663b516a14785c5d114d3ceb902744a6565c5a0677c4128,True,True,not_implied_by_inventory
01-课题-保肝中药成分虚拟筛选/reports/pdf_all/docs/minutes/week3-4.pdf,125613,04a37b45d5f1b9bba88c2a6b5b6a807fc5daff232770600a23cc896c1a39691a,True,True,not_implied_by_inventory
01-课题-保肝中药成分虚拟筛选/reports/pdf_all/docs/minutes/week5-6.pdf,127147,23253d0d2a9d13a675f1be3f393279e5253e60ec8b8c01e8e678700be78eae02,True,True,not_implied_by_inventory
01-课题-保肝中药成分虚拟筛选/reports/pdf_all/docs/personal/00_工作量与成果总表.pdf,89717,3ab9725af96cfed0be4d18946c5b902988b04df466e6017248b4442022b8b54c,True,True,not_implied_by_inventory
01-课题-保肝中药成分虚拟筛选/reports/pdf_all/docs/personal/P1_王启龙.pdf,118844,fcffd4be4cf9e18e556e3fc5815f967d841be7175ebef346d9c88a750d47105f,True,True,not_implied_by_inventory
01-课题-保肝中药成分虚拟筛选/reports/pdf_all/docs/personal/P2_宁显泷.pdf,116968,beda641af0eab868d1ace4430079098bee402039cf1ef409975eb2cbffc3c494,True,True,not_implied_by_inventory
01-课题-保肝中药成分虚拟筛选/reports/pdf_all/docs/personal/P3_衣思淼.pdf,125138,7c48498e9ffb2ab674cb900c52544e27737282301a12c6e0b956bfadb2e73633,True,True,not_implied_by_inventory
01-课题-保肝中药成分虚拟筛选/reports/pdf_all/docs/personal/P4_代维斯丹.pdf,121022,baf3b412273aa6b9724e77c39a1dbbae64629d1699ff9fa6d3a1d7060b9e38a3,True,True,not_implied_by_inventory
01-课题-保肝中药成分虚拟筛选/reports/pdf_all/docs/personal/P5_王散曼.pdf,123656,f70be99989a7d2c535ae25eb42b0f40079c67e7aaf109309d5d1889aae2b1420,True,True,not_implied_by_inventory
01-课题-保肝中药成分虚拟筛选/reports/pdf_all/literature/01_classic_evidence.pdf,154873,ff8e5dfa9e2e6368bd4331b6ca8ace434acf4c83e9353fa8b2404e59ef0a239e,True,True,not_implied_by_inventory
01-课题-保肝中药成分虚拟筛选/reports/pdf_all/literature/02_novel_terpenes_lignans.pdf,142854,751406aa84153915b2699af7419ef7637468a86d6ca3cf2f61409e2a79fa5d7d,True,True,not_implied_by_inventory
01-课题-保肝中药成分虚拟筛选/reports/pdf_all/literature/03_top_candidate_mechanisms.pdf,151391,f2e18c19e667d14d53f10fe90f8f9ec108a681e14e5c68aa12352c88e793134e,True,True,not_implied_by_inventory
01-课题-保肝中药成分虚拟筛选/reports/pdf_all/phase2_semester/WP1_verify_baseline.pdf,119274,fc597d415ed33d42b42f2a3502178c76bf05c499383b74673f52969e47c29555,True,True,not_implied_by_inventory
01-课题-保肝中药成分虚拟筛选/reports/pdf_all/phase2_semester/WP2_real_docking.pdf,123322,b7d5e6a0d0d1afd4313477e6619d0bb653f8709dc079eae27689ff5ddc6cfe80,True,True,not_implied_by_inventory
01-课题-保肝中药成分虚拟筛选/reports/pdf_all/phase2_semester/WP3_data_expansion.pdf,142614,50217f2ea6b0008057f8aadbb00fb74364cf7ee677a45bc678e0439626b953dd,True,True,not_implied_by_inventory
01-课题-保肝中药成分虚拟筛选/reports/pdf_all/phase2_semester/WP4_model_upgrade.pdf,116954,739ad368deaf2c7f2afaad38061579477f7236beee5d6d5599845a49c22542df,True,True,not_implied_by_inventory
01-课题-保肝中药成分虚拟筛选/reports/pdf_all/phase2_semester/WP5_experiment_bridge.pdf,122296,36c1c523ca491afc5baf53018fc5b5a7cc59fb07958e947baf30267771c310bf,True,True,not_implied_by_inventory
01-课题-保肝中药成分虚拟筛选/reports/pdf_all/phase2_semester/推进程序_负责人_王启龙.pdf,320825,4bbb4cff6470ddf6ff33405605e125958a0042e37d89d208e63f27a31f4509c8,True,True,not_implied_by_inventory
01-课题-保肝中药成分虚拟筛选/reports/pdf_all/reports/midterm_report.pdf,196182,3e8f17b9bac05e9eb23c1819988c1271989da8bb4817a5bfc5de846c933e47be,True,True,not_implied_by_inventory
01-课题-保肝中药成分虚拟筛选/reports/pdf_all/reports/真实对接与统一筛选报告.pdf,165435,db7a3f71f98f42c42fe3c6c1bf3a837d159f56cd5733a7156dc38bc999a94e89,True,True,not_implied_by_inventory
01-课题-保肝中药成分虚拟筛选/reports/pdf_all/results/docking/real/README.pdf,120639,0fef555dc8861fd066cb65bdd3bf0811ecc23a77a900d944b26220361584bcd5,True,True,not_implied_by_inventory
01-课题-保肝中药成分虚拟筛选/reports/pdf_all/tools/使用说明_学期推进流.pdf,77751,3fea8d51817fe6d62f71f60adf65eedde6c6b6843ecabe4f01f7d6230ffc8d14,True,True,not_implied_by_inventory
01-课题-保肝中药成分虚拟筛选/reports/pdf_all/代维斯丹/工作台.pdf,155969,2b33506f233d16a024e16fc190fffb8480fceebf3c76ad355ee9a9372ccd0af1,True,True,not_implied_by_inventory
01-课题-保肝中药成分虚拟筛选/reports/pdf_all/宁显泷/工作台.pdf,153255,6ad263c04641c198c69ef5348e369f199811f0df335a7213f65b0fd79ee391f8,True,True,not_implied_by_inventory
01-课题-保肝中药成分虚拟筛选/reports/pdf_all/王启龙/工作台.pdf,154647,b97ab3617b12237e5c7c70352748768c84cead0c721c3c7ee413bb9f2a4d706c,True,True,not_implied_by_inventory
01-课题-保肝中药成分虚拟筛选/reports/pdf_all/王散曼/工作台.pdf,155357,c92ac550673e60bea20561f28edb1316d5f0627267dfd6b038b85cd24eda5308,True,True,not_implied_by_inventory
01-课题-保肝中药成分虚拟筛选/reports/pdf_all/衣思淼/工作台.pdf,155503,71abb6d9a93f0a9b22f05ebdbada1781eb93e64fbf7a343d8fb61df415770c85,True,True,not_implied_by_inventory
01-课题-保肝中药成分虚拟筛选/reports/pdf_build/aidd_blobs.json,69256,9ee595fbea4515420b13e90e90870f9aba689420ec1be1571ff9ab5173c74baf,True,True,not_implied_by_inventory
01-课题-保肝中药成分虚拟筛选/reports/pdf_build/aidd_notes.py,6199,1392d298d13bf6e378eceae6f8675985860fef53896a87baba1233d77f7115c9,True,True,not_implied_by_inventory
01-课题-保肝中药成分虚拟筛选/reports/pdf_build/aidd_run2.log,954,75f26c4dc0db7f17f6369c6e704d556796faf0e019ab4a8621180b08658d0131,True,True,not_implied_by_inventory
01-课题-保肝中药成分虚拟筛选/reports/pdf_build/aidd_run3.log,1696,06abbcded2d826a2c7d924f72f670488a132beca2ff7048c0a029b11aa166b71,True,True,not_implied_by_inventory
01-课题-保肝中药成分虚拟筛选/reports/pdf_build/aidd_run4.log,2455,17ca62c2ddbe99d5bb0ba3a46cf2450cd735b311e24e44dca3beabfb8c41a801,True,True,not_implied_by_inventory
01-课题-保肝中药成分虚拟筛选/reports/pdf_build/api_blobs_done.json,6468,7fc5c7d65950568332b437222efdd03ae85404f73bfe3d5e611284e1fe23481a,True,True,not_implied_by_inventory
01-课题-保肝中药成分虚拟筛选/reports/pdf_build/body.pdf,493750,acc92ca558ff01fad5ae8c01c8f7c6a09669430aab70f614bf7f6f3ab6278673,True,True,not_implied_by_inventory
01-课题-保肝中药成分虚拟筛选/reports/pdf_build/body_phase1.pdf,383505,609f38919fb016263497c76cd35e35d09e7807c2b5cf147b5df6ed28316489e4,True,True,not_implied_by_inventory
01-课题-保肝中药成分虚拟筛选/reports/pdf_build/build_body.py,33664,55959ba36799cf9ce36a8b6c8b48ea60d0a73aeeac53ed18e854fec6be3bb575,True,True,not_implied_by_inventory
01-课题-保肝中药成分虚拟筛选/reports/pdf_build/build_phase1.py,25735,4a9bbf05a1e5e7dabcb52898aeef87e48908e86445439cc3556e2e7585679401,True,True,not_implied_by_inventory
01-课题-保肝中药成分虚拟筛选/reports/pdf_build/cover.html,3250,d8498fede5c12560215b1c16e9b1d46e74689b46ca1959e714cc545652854c42,True,True,not_implied_by_inventory
01-课题-保肝中药成分虚拟筛选/reports/pdf_build/cover.pdf,77096,290dce8501a1dcf9b7b86ae9d0665c799b5a487f0e5aaf0a17dd25bfa7edfb59,True,True,not_implied_by_inventory
01-课题-保肝中药成分虚拟筛选/reports/pdf_build/cover_phase1.html,3059,d43583b6a9af3ebdbb7a2f79c92b1c097d67ef3b3b338747f211eeb42e6b6c06,True,True,not_implied_by_inventory
01-课题-保肝中药成分虚拟筛选/reports/pdf_build/cover_phase1.pdf,67679,8b2d45f402ab1298117c80057b12d69924649bd87438b63b6501571fed9d3c34,True,True,not_implied_by_inventory
01-课题-保肝中药成分虚拟筛选/reports/pdf_build/finalize_aidd.py,4272,4d12280fee9464e71c961e7e990358d9e43dd67c223053717daecf5069740abc,True,True,not_implied_by_inventory
01-课题-保肝中药成分虚拟筛选/reports/pdf_build/md2pdf.py,14188,38a12130b1e787bd37b6c251a667911f21c276cd8b0e80d068f52224637084b9,True,True,not_implied_by_inventory
01-课题-保肝中药成分虚拟筛选/reports/pdf_build/merge_final.py,1292,fdf2aebedf48dd94730cb1e9522999a85445e05e57f2b866b18eefdd23a04c56,True,True,not_implied_by_inventory
01-课题-保肝中药成分虚拟筛选/reports/pdf_build/patch_phase1.py,2489,0d1d45f0bb2b0078f6456bcee103b99dbe3a3473561b628460cb0eaa2db81e61,True,True,not_implied_by_inventory
01-课题-保肝中药成分虚拟筛选/reports/pdf_build/push_via_api.py,5960,49732e0647ff07d0f6757eeaca28a703a181a91526db7dc664af7a85c1c85086,True,True,not_implied_by_inventory
01-课题-保肝中药成分虚拟筛选/reports/pdf_build/t_req.json,27525,ec4916b9664fa137f4f7cec835fe8e804a3002aa5afbbf1b886abdad44adf15f,True,True,not_implied_by_inventory
01-课题-保肝中药成分虚拟筛选/reports/pdf_build/tree02.json,166365,668e9ac9b2683bed27fdccfafd492474372f759169d413a3c3e15dc7fa0ad50c,True,True,not_implied_by_inventory
01-课题-保肝中药成分虚拟筛选/reports/pdf_build/upload_aidd.py,11306,ccaa3d43d5719728e36a04850f883b67bb467ceaa6d43a1418dfceb3df140d85,True,True,not_implied_by_inventory
01-课题-保肝中药成分虚拟筛选/reports/pdf_build/verify.py,7990,5e7572b5f96c0315d1c7319040d6322375a1da678eb2bf972aa01be363d32fdf,True,True,not_implied_by_inventory
01-课题-保肝中药成分虚拟筛选/reports/pdf_build/文件备注清单.csv,260262,d2a9cdf36c100ad1d8dd27f44f9978af7d9e9027495d4090eb995fb1ce28929a,True,True,not_implied_by_inventory
01-课题-保肝中药成分虚拟筛选/reports/暑假阶段报告汇总.pdf,453923,d33bc4d86e87900870de1e534a46dd9110b552575ffa7fa6f84924c465b9b9b3,True,True,not_implied_by_inventory
01-课题-保肝中药成分虚拟筛选/reports/真实对接与统一筛选报告.md,5695,a47ecfc8469c6a543826089cc1791d798655092c64045952e13e0a8c14d42f89,True,True,not_implied_by_inventory
01-课题-保肝中药成分虚拟筛选/reports/课题详解与阶段结果说明.pdf,574366,fd2c1c44146c7ccdb7d2d1d9b94a5cc889fa722ac470cb3703794a6b13cd8124,True,True,not_implied_by_inventory
01-课题-保肝中药成分虚拟筛选/requirements.txt,154,a2bde8710b4c9eee24320dc73bfce7e1b85425a3a32c9618a86c0d86aa07a8d9,True,True,not_implied_by_inventory
01-课题-保肝中药成分虚拟筛选/results/ad/ad_report.csv,4112,5107ed4c638fd6b60fd58dd794b5ec42441657780f00f1fe9f936a1bc63c37b6,True,True,not_implied_by_inventory
01-课题-保肝中药成分虚拟筛选/results/docking/docking_scores.csv,9431,35d5de042f39b3487252fdbf3b04d76323db5d48c277247eb35e27fb49e2cbfd,True,True,not_implied_by_inventory
01-课题-保肝中药成分虚拟筛选/results/docking/real/README.md,1970,fd3cdc91682bc32e6321a445c185640bcb71f206c01b301a4dced84e487a2682,True,True,not_implied_by_inventory
01-课题-保肝中药成分虚拟筛选/results/docking/real/docking_real_4targets_16ligands.csv,1959,f9d29c5825824141420239cdbb565ea700c45919a7509222924ac7377775019b,True,True,not_implied_by_inventory
01-课题-保肝中药成分虚拟筛选/results/docking/real/docking_real_ppar_prior40.csv,10127,076547fe8155f73333987653d336f49c45fbc97c7ff5b68c4cb3f355a6fa5783,True,True,not_implied_by_inventory
01-课题-保肝中药成分虚拟筛选/results/figures/model_dock_scatter.png,40549,7cfb51189e1603a44eb0cbac383d8f38982e0955d14f30ffa2ae51bf12354cf4,True,True,not_implied_by_inventory
01-课题-保肝中药成分虚拟筛选/results/figures/reliability_diagram.png,43716,528e3480a68831d217a7b130ced59a7954e30fcbdc81145fdbf5b2223a802ac8,True,True,not_implied_by_inventory
01-课题-保肝中药成分虚拟筛选/results/figures/top_candidates.png,18844,cd4e0ae42cdca6aabb57796b14963e76986b1eb39a5dcd30ea0af5002a50c2a4,True,True,not_implied_by_inventory
01-课题-保肝中药成分虚拟筛选/results/figures/uncertainty_vs_error.png,26324,80947f3825454a855fece156f2f485c87030b7de1c03eacf6820c1e20d5fb138,True,True,not_implied_by_inventory
01-课题-保肝中药成分虚拟筛选/results/metrics/baseline.csv,133,645d35f999c209e17a1b1c5b1f97d783c50d5675b6b3efcbb4eb569e7e55f1c1,True,True,not_implied_by_inventory
01-课题-保肝中药成分虚拟筛选/results/metrics/reliability_curve.csv,169,38b73a74c594df8bd7932fa0ca11d9fdeab9f2389788f97e1d2d4c0f10ba0cea,True,True,not_implied_by_inventory
01-课题-保肝中药成分虚拟筛选/results/predictions/fullpool_predictions.csv,3686,6de64d1d72929561735c9e57de9e9c33696d399bf820d357f3a807ec48c3c0dc,True,True,not_implied_by_inventory
01-课题-保肝中药成分虚拟筛选/results/predictions/test_mean.npy,264,fb4e28cb48d471aab1ae07d3141c97ef9c727fc637b190ae2ea98cb595915954,True,True,not_implied_by_inventory
01-课题-保肝中药成分虚拟筛选/results/predictions/test_predictions.csv,1114,2d57825c5e00524e34bac2195f0d6dd7e859ce54eec702c5a9dcc61c45b6660c,True,True,not_implied_by_inventory
01-课题-保肝中药成分虚拟筛选/results/predictions/test_var.npy,264,100620e0ed49a5ac8a318ea9a870d8db0349ce2f2651f57d40319a96395ed8d6,True,True,not_implied_by_inventory
01-课题-保肝中药成分虚拟筛选/results/rankings/final_ranking.csv,5210,78327fb3d1e75ce577bed09463228cd04782e78a0dc5d73330b9bd21347d2146,True,True,not_implied_by_inventory
01-课题-保肝中药成分虚拟筛选/results/rankings/v2/Top10_最终候选.csv,686,ceb22e2f14b9341a1ffdbe76b1e11d9aa4f86cb5cfb66ff7770b185f210f3cc9,True,True,not_implied_by_inventory
01-课题-保肝中药成分虚拟筛选/results/rankings/v2/ppar_new_candidates.json,11299,e491880418b7201599ea526cbe2d28b668f21c955d74a78dd842a150f9a82c83,True,True,not_implied_by_inventory
01-课题-保肝中药成分虚拟筛选/run_all.py,1720,f28a6ddf2a8f029878649aead7fd306fadb4850857f3dfe7722aa199e4b00ad8,True,True,not_implied_by_inventory
01-课题-保肝中药成分虚拟筛选/src/__init__.py,0,e3b0c44298fc1c149afbf4c8996fb92427ae41e4649b934ca495991b7852b855,True,True,not_implied_by_inventory
01-课题-保肝中药成分虚拟筛选/src/chem/__init__.py,0,e3b0c44298fc1c149afbf4c8996fb92427ae41e4649b934ca495991b7852b855,True,True,not_implied_by_inventory
01-课题-保肝中药成分虚拟筛选/src/chem/descriptors.py,3004,c32396838b6722d8abf3edaf70dbabfd75c98cd6c756f5ba3c5f9dc1030687be,True,True,not_implied_by_inventory
01-课题-保肝中药成分虚拟筛选/src/chem/fingerprints.py,1303,175ac372fe1e007cb8dfe8a28c17307d8dd620593581ecc9aedd28ed08b32728,True,True,not_implied_by_inventory
01-课题-保肝中药成分虚拟筛选/src/chem/smiles_graph.py,8573,539e294fc0a767a389810630bd02201123b4057302f2815b880390d3a775b65b,True,True,not_implied_by_inventory
01-课题-保肝中药成分虚拟筛选/src/data/__init__.py,0,e3b0c44298fc1c149afbf4c8996fb92427ae41e4649b934ca495991b7852b855,True,True,not_implied_by_inventory
01-课题-保肝中药成分虚拟筛选/src/data/ad.py,2804,b823ab8828eb3e4905907f53bb1cb14a745f3b1d156fc125db56eb9fa5da2896,True,True,not_implied_by_inventory
01-课题-保肝中药成分虚拟筛选/src/data/clean.py,3050,461d6dd4299d7d02566f0bedac4522df1000a7e081ca5d399dac5f8f8709362d,True,True,not_implied_by_inventory
01-课题-保肝中药成分虚拟筛选/src/data/split.py,2095,69000f3da019c046fe8713c63e56800b68afb00d1a3fb9dae34d8a6d6857192a,True,True,not_implied_by_inventory
01-课题-保肝中药成分虚拟筛选/src/docking/__init__.py,0,e3b0c44298fc1c149afbf4c8996fb92427ae41e4649b934ca495991b7852b855,True,True,not_implied_by_inventory
01-课题-保肝中药成分虚拟筛选/src/docking/grid_box.py,1268,b7dec518809d74aa3af86355caeed9543a51cd803ebd2c4e5bafae096488ed46,True,True,not_implied_by_inventory
01-课题-保肝中药成分虚拟筛选/src/docking/mock_docking.py,3344,eb637ae37c190391d2e3d953b99cb450687c5ad1e77dabe95e04221f1059f165,True,True,not_implied_by_inventory
01-课题-保肝中药成分虚拟筛选/src/docking/run_vina.sh,1649,f126b0b6474b53d212644ed2bb07786d72bb8765c76e39a3cca0c301493709ff,True,True,not_implied_by_inventory
01-课题-保肝中药成分虚拟筛选/src/models/__init__.py,0,e3b0c44298fc1c149afbf4c8996fb92427ae41e4649b934ca495991b7852b855,True,True,not_implied_by_inventory
01-课题-保肝中药成分虚拟筛选/src/models/baseline.py,4159,efcf2ff54a8efb045492d71a7f536368562beff97c115c9f70afeacec0c30fc5,True,True,not_implied_by_inventory
01-课题-保肝中药成分虚拟筛选/src/models/dataset.py,2061,59cdd8876d903275e0c4d6d490bd679a63b649cfd1be12a4086d9af38dce8660,True,True,not_implied_by_inventory
01-课题-保肝中药成分虚拟筛选/src/models/gnn.py,9267,6304f7a5181df5ba32d11148adf7cd23fe5b97843938b05fee58308e5aee1162,True,True,not_implied_by_inventory
01-课题-保肝中药成分虚拟筛选/src/scoring/__init__.py,0,e3b0c44298fc1c149afbf4c8996fb92427ae41e4649b934ca495991b7852b855,True,True,not_implied_by_inventory
01-课题-保肝中药成分虚拟筛选/src/scoring/fuse.py,4313,c19da8eedb893330cee297bc31a313b29b87c4a165cd902177a2f2ff36b5bc7c,True,True,not_implied_by_inventory
01-课题-保肝中药成分虚拟筛选/src/viz/__init__.py,0,e3b0c44298fc1c149afbf4c8996fb92427ae41e4649b934ca495991b7852b855,True,True,not_implied_by_inventory
01-课题-保肝中药成分虚拟筛选/src/viz/plots.py,4156,eedd67fcaf127b91477bca845e6d57c5217057a56d96f184f427d556e4a9df56,True,True,not_implied_by_inventory
01-课题-保肝中药成分虚拟筛选/tools/gen_member_pages.py,67741,5a6af13c511a960adf1fdea54ab2de7fcfe2a3eccf19241dd133a1acaceea967,True,True,not_implied_by_inventory
01-课题-保肝中药成分虚拟筛选/tools/push_incremental_api.py,5493,8a77a6f05cb1f621b2278078c21fbc9799bad7af4cba7cd0105aaa025658fe73,True,True,not_implied_by_inventory
01-课题-保肝中药成分虚拟筛选/tools/semester_flow.py,93835,bd359e823b46a344716984844087a1dd0f238f0c894befa75f921338828cd5dc,True,True,not_implied_by_inventory
01-课题-保肝中药成分虚拟筛选/tools/snapshot_member_files.py,6661,a0e3f52b08f453917fad78a57c0953ca91dbdad8bdd96a0a8d76189aa7b7ba2f,True,True,not_implied_by_inventory
01-课题-保肝中药成分虚拟筛选/tools/使用说明_学期推进流.md,1357,f4a03681fcdd4776e760acece127ad5237e00105915a42ca0a44e3105898b91a,True,True,not_implied_by_inventory
01-课题-保肝中药成分虚拟筛选/代维斯丹/工作台.md,4667,a2586dc4c110d9877525aa9802b2cf5494111e3e7a79c72d89f3ea7d59059a43,True,True,not_implied_by_inventory
01-课题-保肝中药成分虚拟筛选/代维斯丹/待核文件/docs/03_docking_protocol.md,1749,1442536d1926443d4e5357aef5709966d7d596f0bfdfb9e938ce0ca056a62939,True,True,not_implied_by_inventory
01-课题-保肝中药成分虚拟筛选/代维斯丹/待核文件/results/docking/docking_scores.csv,9431,35d5de042f39b3487252fdbf3b04d76323db5d48c277247eb35e27fb49e2cbfd,True,True,not_implied_by_inventory
01-课题-保肝中药成分虚拟筛选/代维斯丹/待核文件/results/figures/model_dock_scatter.png,40549,7cfb51189e1603a44eb0cbac383d8f38982e0955d14f30ffa2ae51bf12354cf4,True,True,not_implied_by_inventory
01-课题-保肝中药成分虚拟筛选/代维斯丹/待核文件/results/figures/reliability_diagram.png,43716,528e3480a68831d217a7b130ced59a7954e30fcbdc81145fdbf5b2223a802ac8,True,True,not_implied_by_inventory
01-课题-保肝中药成分虚拟筛选/代维斯丹/待核文件/results/figures/top_candidates.png,18844,cd4e0ae42cdca6aabb57796b14963e76986b1eb39a5dcd30ea0af5002a50c2a4,True,True,not_implied_by_inventory
01-课题-保肝中药成分虚拟筛选/代维斯丹/待核文件/results/figures/uncertainty_vs_error.png,26324,80947f3825454a855fece156f2f485c87030b7de1c03eacf6820c1e20d5fb138,True,True,not_implied_by_inventory
01-课题-保肝中药成分虚拟筛选/代维斯丹/待核文件/src/__init__.py,0,e3b0c44298fc1c149afbf4c8996fb92427ae41e4649b934ca495991b7852b855,True,True,not_implied_by_inventory
01-课题-保肝中药成分虚拟筛选/代维斯丹/待核文件/src/chem/__init__.py,0,e3b0c44298fc1c149afbf4c8996fb92427ae41e4649b934ca495991b7852b855,True,True,not_implied_by_inventory
01-课题-保肝中药成分虚拟筛选/代维斯丹/待核文件/src/chem/fingerprints.py,1303,175ac372fe1e007cb8dfe8a28c17307d8dd620593581ecc9aedd28ed08b32728,True,True,not_implied_by_inventory
01-课题-保肝中药成分虚拟筛选/代维斯丹/待核文件/src/data/__init__.py,0,e3b0c44298fc1c149afbf4c8996fb92427ae41e4649b934ca495991b7852b855,True,True,not_implied_by_inventory
01-课题-保肝中药成分虚拟筛选/代维斯丹/待核文件/src/docking/__init__.py,0,e3b0c44298fc1c149afbf4c8996fb92427ae41e4649b934ca495991b7852b855,True,True,not_implied_by_inventory
01-课题-保肝中药成分虚拟筛选/代维斯丹/待核文件/src/docking/grid_box.py,1268,b7dec518809d74aa3af86355caeed9543a51cd803ebd2c4e5bafae096488ed46,True,True,not_implied_by_inventory
01-课题-保肝中药成分虚拟筛选/代维斯丹/待核文件/src/docking/mock_docking.py,3344,eb637ae37c190391d2e3d953b99cb450687c5ad1e77dabe95e04221f1059f165,True,True,not_implied_by_inventory
01-课题-保肝中药成分虚拟筛选/代维斯丹/待核文件/src/docking/run_vina.sh,1649,f126b0b6474b53d212644ed2bb07786d72bb8765c76e39a3cca0c301493709ff,True,True,not_implied_by_inventory
01-课题-保肝中药成分虚拟筛选/代维斯丹/待核文件/src/models/__init__.py,0,e3b0c44298fc1c149afbf4c8996fb92427ae41e4649b934ca495991b7852b855,True,True,not_implied_by_inventory
01-课题-保肝中药成分虚拟筛选/代维斯丹/待核文件/src/scoring/__init__.py,0,e3b0c44298fc1c149afbf4c8996fb92427ae41e4649b934ca495991b7852b855,True,True,not_implied_by_inventory
01-课题-保肝中药成分虚拟筛选/代维斯丹/待核文件/src/viz/__init__.py,0,e3b0c44298fc1c149afbf4c8996fb92427ae41e4649b934ca495991b7852b855,True,True,not_implied_by_inventory
01-课题-保肝中药成分虚拟筛选/代维斯丹/待核文件/src/viz/plots.py,4156,eedd67fcaf127b91477bca845e6d57c5217057a56d96f184f427d556e4a9df56,True,True,not_implied_by_inventory
01-课题-保肝中药成分虚拟筛选/代维斯丹/待核文件/快照清单.md,1342,a1c383d655b5f1a7b57157e83b84d54328924098c35d455b15bd0684130f3b66,True,True,not_implied_by_inventory
01-课题-保肝中药成分虚拟筛选/代维斯丹/打卡_代维斯丹.html,76961,1359519578950d31ce337eb6d7ed2f4e62ca0f4fca168f120409c742e9f3f8b8,True,True,not_implied_by_inventory
01-课题-保肝中药成分虚拟筛选/宁显泷/工作台.md,4618,4a514d04249be5a710ac4bf8cbc53397eec0063a9f1aeee761e3c9fdd1c5010e,True,True,not_implied_by_inventory
01-课题-保肝中药成分虚拟筛选/宁显泷/待核文件/docs/02_model_notes.md,1986,4a212bcf7607f4f086d88c9020d92d3d2436a5c50de5729d4ea4ef5eac93d46a,True,True,not_implied_by_inventory
01-课题-保肝中药成分虚拟筛选/宁显泷/待核文件/reports/pdf_build/verify.py,7990,5e7572b5f96c0315d1c7319040d6322375a1da678eb2bf972aa01be363d32fdf,True,True,not_implied_by_inventory
01-课题-保肝中药成分虚拟筛选/宁显泷/待核文件/results/metrics/baseline.csv,133,645d35f999c209e17a1b1c5b1f97d783c50d5675b6b3efcbb4eb569e7e55f1c1,True,True,not_implied_by_inventory
01-课题-保肝中药成分虚拟筛选/宁显泷/待核文件/results/metrics/reliability_curve.csv,169,38b73a74c594df8bd7932fa0ca11d9fdeab9f2389788f97e1d2d4c0f10ba0cea,True,True,not_implied_by_inventory
01-课题-保肝中药成分虚拟筛选/宁显泷/待核文件/results/predictions/fullpool_predictions.csv,3686,6de64d1d72929561735c9e57de9e9c33696d399bf820d357f3a807ec48c3c0dc,True,True,not_implied_by_inventory
01-课题-保肝中药成分虚拟筛选/宁显泷/待核文件/results/predictions/test_predictions.csv,1114,2d57825c5e00524e34bac2195f0d6dd7e859ce54eec702c5a9dcc61c45b6660c,True,True,not_implied_by_inventory
01-课题-保肝中药成分虚拟筛选/宁显泷/待核文件/run_all.py,1720,f28a6ddf2a8f029878649aead7fd306fadb4850857f3dfe7722aa199e4b00ad8,True,True,not_implied_by_inventory
01-课题-保肝中药成分虚拟筛选/宁显泷/待核文件/src/chem/smiles_graph.py,8573,539e294fc0a767a389810630bd02201123b4057302f2815b880390d3a775b65b,True,True,not_implied_by_inventory
01-课题-保肝中药成分虚拟筛选/宁显泷/待核文件/src/models/baseline.py,4159,efcf2ff54a8efb045492d71a7f536368562beff97c115c9f70afeacec0c30fc5,True,True,not_implied_by_inventory
01-课题-保肝中药成分虚拟筛选/宁显泷/待核文件/src/models/dataset.py,2061,59cdd8876d903275e0c4d6d490bd679a63b649cfd1be12a4086d9af38dce8660,True,True,not_implied_by_inventory
01-课题-保肝中药成分虚拟筛选/宁显泷/待核文件/src/models/gnn.py,9267,6304f7a5181df5ba32d11148adf7cd23fe5b97843938b05fee58308e5aee1162,True,True,not_implied_by_inventory
01-课题-保肝中药成分虚拟筛选/宁显泷/待核文件/src/scoring/fuse.py,4313,c19da8eedb893330cee297bc31a313b29b87c4a165cd902177a2f2ff36b5bc7c,True,True,not_implied_by_inventory
01-课题-保肝中药成分虚拟筛选/宁显泷/待核文件/快照清单.md,1002,6393b60740e6b5a113de20fb611c9bedc9d8a9d3e9ffc28d4042ab87a93f4891,True,True,not_implied_by_inventory
01-课题-保肝中药成分虚拟筛选/宁显泷/打卡_宁显泷.html,79700,1675010ff46d0e8c08b22e72da4dee037a31bc5b400fd8e7c0b5569a8cb762e7,True,True,not_implied_by_inventory
01-课题-保肝中药成分虚拟筛选/当前状态说明.md,245,d303203937d6c95d98f9d50868d8e2945a2374cc465a6846be6a78f91ed61a31,True,True,not_implied_by_inventory
01-课题-保肝中药成分虚拟筛选/王启龙/工作台.md,4863,fd04290d0dd0f873499e46cb3fc30a6ae163651fa23880aa36805026463e0310,True,True,not_implied_by_inventory
01-课题-保肝中药成分虚拟筛选/王启龙/待核文件/.gitignore,58,fd17a650816240f5d937a200c9bff2f6d56aea32a4f411b0ef605bb6abfb991a,True,True,not_implied_by_inventory
01-课题-保肝中药成分虚拟筛选/王启龙/待核文件/CONTRIBUTORS.md,914,28747010c6c8c2928c7d32d0361c97df85d52043b3dd7ad30b68ef409607a7c0,True,True,not_implied_by_inventory
01-课题-保肝中药成分虚拟筛选/王启龙/待核文件/README.md,4876,313e2a38f51d1ff9821b13f5a28d4dede0ae8246c30c39893cb2f4901e6a3ca8,True,True,not_implied_by_inventory
01-课题-保肝中药成分虚拟筛选/王启龙/待核文件/docs/00_environment.md,1445,a0e254c9a17a833843c48aeccf734150b3d2bf2073b774d7af0e1fd24b3be199,True,True,not_implied_by_inventory
01-课题-保肝中药成分虚拟筛选/王启龙/待核文件/docs/MANIFEST.md,21931,074611b25ff1fa0cf44c4b9d6af6a4108722feb31dbf0dfb049d123936904ceb,True,True,not_implied_by_inventory
01-课题-保肝中药成分虚拟筛选/王启龙/待核文件/docs/PHASE_PLAN.md,5217,94e56ce1f3a6479fdd6b153d3daf6a788a97247518eb613d757c66ea0a2a19dc,True,True,not_implied_by_inventory
01-课题-保肝中药成分虚拟筛选/王启龙/待核文件/docs/VERIFY_MANUAL.md,6864,42f690ffaf64de93ee51454dbb534f18d5cf9a79e65197b018a981d5dde23576,True,True,not_implied_by_inventory
01-课题-保肝中药成分虚拟筛选/王启龙/待核文件/docs/VERIFY_TASKS.md,16411,a784e6994c1733be08706c5409f6bfc1ad35293b2e6b90a6f727cc491d3dd695,True,True,not_implied_by_inventory
01-课题-保肝中药成分虚拟筛选/王启龙/待核文件/docs/minutes/week1-2.md,1652,17881b0ff228678bd3f0ad65abe7e1504e1d9fae2b91e28f0414a5f4b9faf2b4,True,True,not_implied_by_inventory
01-课题-保肝中药成分虚拟筛选/王启龙/待核文件/docs/minutes/week3-4.md,1884,06c3e69d2bcd5108208b9ec0cf5241892b6d4d6a182802ea3996733ae7f31507,True,True,not_implied_by_inventory
01-课题-保肝中药成分虚拟筛选/王启龙/待核文件/docs/minutes/week5-6.md,1611,c8da324836ff0e7f0548a455ba3bc399cfc57375384e0dceb047bf5ee5e988b0,True,True,not_implied_by_inventory
01-课题-保肝中药成分虚拟筛选/王启龙/待核文件/docs/personal/00_工作量与成果总表.md,3068,3a3cd5835105fbfb8fa7138faa11178c03a45251d1fc460057cb133194535775,True,True,not_implied_by_inventory
01-课题-保肝中药成分虚拟筛选/王启龙/待核文件/docs/personal/P1_王启龙.md,1693,ea32456ce3c1473b9280906ca355f51a11dd9ad7fd8f80716899e8841f641aef,True,True,not_implied_by_inventory
01-课题-保肝中药成分虚拟筛选/王启龙/待核文件/docs/personal/P2_宁显泷.md,1708,c8a39975c8f998719d2b63b084f88fbfb35e477c8f02a8f41972c8e3a90f2dcf,True,True,not_implied_by_inventory
01-课题-保肝中药成分虚拟筛选/王启龙/待核文件/docs/personal/P3_衣思淼.md,1725,71a8ecdf7244d5f8570228dc34fdb410c6d1a8731b8afedbb97fa702c6a9380e,True,True,not_implied_by_inventory
01-课题-保肝中药成分虚拟筛选/王启龙/待核文件/docs/personal/P4_代维斯丹.md,1607,79711480eebbfdf56e78989fec54bc81e2fc98030af8baaf3601594bb8823687,True,True,not_implied_by_inventory
01-课题-保肝中药成分虚拟筛选/王启龙/待核文件/docs/personal/P5_王散曼.md,1874,dd67febe901ab931f9d1c94692638124c76c9453dad7451347abdb17bdb29824,True,True,not_implied_by_inventory
01-课题-保肝中药成分虚拟筛选/王启龙/待核文件/learning/王启龙/flow_state.json,5110,e8bd69d78198a25d0ea5d5bab626fa294a14d7b43d307a7b1b0804d205ae9082,True,True,not_implied_by_inventory
01-课题-保肝中药成分虚拟筛选/王启龙/待核文件/learning/王启龙/week01_exercise.py,970,6b27dd199b2bc7d4d8cb16561704ea20648329ca962dc27a3e153937db410f24,True,True,not_implied_by_inventory
01-课题-保肝中药成分虚拟筛选/王启龙/待核文件/learning/王启龙/week03_rdkit_recalc.py,1787,2e2069a3c52e97c60bf5671ed76b0b8eae144247fbe6ec95725fcf3cbbcde79b,True,True,not_implied_by_inventory
01-课题-保肝中药成分虚拟筛选/王启龙/待核文件/phase2_semester/WP1_verify_baseline.md,1602,f36630bf90c824f42340c06e93d3ee5dcfaae16bec6e825d0f7b8cab63cf85df,True,True,not_implied_by_inventory
01-课题-保肝中药成分虚拟筛选/王启龙/待核文件/phase2_semester/WP2_real_docking.md,1890,6755864df7dc7cfeb107fa2e3f7348fcd8d7ada89f6a63f7853b6a537c5e02ca,True,True,not_implied_by_inventory
01-课题-保肝中药成分虚拟筛选/王启龙/待核文件/phase2_semester/WP3_data_expansion.md,2792,cd8f7c476d36a73eb519e85a9722a3081823a4cb5e9141bc513e5d048af30b48,True,True,not_implied_by_inventory
01-课题-保肝中药成分虚拟筛选/王启龙/待核文件/phase2_semester/WP4_model_upgrade.md,1647,39721c52db86da6c6c90c79ce9a742e7cd8d3151df930fb494affe20d689056f,True,True,not_implied_by_inventory
01-课题-保肝中药成分虚拟筛选/王启龙/待核文件/phase2_semester/WP5_experiment_bridge.md,1776,bf06c9134595f7cb7ab0d5b519c49e0194cb0ed6fcfcc639d8b08c557cdd6578,True,True,not_implied_by_inventory
01-课题-保肝中药成分虚拟筛选/王启龙/待核文件/phase2_semester/推进程序_负责人_王启龙.md,36280,5205a1716b7e4f2ac6da85c987290731423d72e23794eb4bbc6ca069f24064a1,True,True,not_implied_by_inventory
01-课题-保肝中药成分虚拟筛选/王启龙/待核文件/reports/midterm_report.md,6533,47752be7fba2b39206fab9695847418340ae3af8dd94e5b69fae477836cc3685,True,True,not_implied_by_inventory
01-课题-保肝中药成分虚拟筛选/王启龙/待核文件/requirements.txt,154,a2bde8710b4c9eee24320dc73bfce7e1b85425a3a32c9618a86c0d86aa07a8d9,True,True,not_implied_by_inventory
01-课题-保肝中药成分虚拟筛选/王启龙/待核文件/tools/gen_member_pages.py,67741,5a6af13c511a960adf1fdea54ab2de7fcfe2a3eccf19241dd133a1acaceea967,True,True,not_implied_by_inventory
01-课题-保肝中药成分虚拟筛选/王启龙/待核文件/tools/semester_flow.py,93835,bd359e823b46a344716984844087a1dd0f238f0c894befa75f921338828cd5dc,True,True,not_implied_by_inventory
01-课题-保肝中药成分虚拟筛选/王启龙/待核文件/tools/使用说明_学期推进流.md,1357,f4a03681fcdd4776e760acece127ad5237e00105915a42ca0a44e3105898b91a,True,True,not_implied_by_inventory
01-课题-保肝中药成分虚拟筛选/王启龙/待核文件/快照清单.md,2636,eb5dc4ee7cfe353dd77271db4127d770e4decad1892fe39ad5907cfd1a6b0509,True,True,not_implied_by_inventory
01-课题-保肝中药成分虚拟筛选/王启龙/打卡_王启龙.html,90729,a207389bb4762f3832f12a7d884aee94682d7662017ff3416b24543931c98af7,True,True,not_implied_by_inventory
01-课题-保肝中药成分虚拟筛选/王散曼/工作台.md,4424,84c482cc7273d9a723a2c509abcbc84fe3d4ab40eb642658395a59e5ac427156,True,True,not_implied_by_inventory
01-课题-保肝中药成分虚拟筛选/王散曼/待核文件/data/raw/novel_terpenes_lignans.csv,2097,598e0d32ea69eef9483cbf867e4359c4a0d49ed4b0e1c4430dc29721229d001d,True,True,not_implied_by_inventory
01-课题-保肝中药成分虚拟筛选/王散曼/待核文件/literature/01_classic_evidence.md,2858,6ed2bee59cf73a87d8a82de9b1f9a51dc91547bad4f765c7aaf806ccec80a52e,True,True,not_implied_by_inventory
01-课题-保肝中药成分虚拟筛选/王散曼/待核文件/literature/02_novel_terpenes_lignans.md,2401,b747831c0cb77bd8693d2982cf5b2cc2d3b0c2cce36336a1a4b5e1b1768053ba,True,True,not_implied_by_inventory
01-课题-保肝中药成分虚拟筛选/王散曼/待核文件/literature/03_top_candidate_mechanisms.md,2955,b48a989b45679b074a3005c1c46da012bac9b1f088c5525f045055d8e6016e21,True,True,not_implied_by_inventory
01-课题-保肝中药成分虚拟筛选/王散曼/待核文件/快照清单.md,576,e36521f01c40e03ccb9ddae7b9c1e8968f36a8c4d423672aced75bcc7d6e6aff,True,True,not_implied_by_inventory
01-课题-保肝中药成分虚拟筛选/王散曼/打卡_王散曼.html,75636,b6bd823a1984465716ba40c5478514dd8cf4b05f7dd8ece48822b67403d4fdf1,True,True,not_implied_by_inventory
01-课题-保肝中药成分虚拟筛选/衣思淼/工作台.md,4710,a6defad7f724bc59d1e1b490cdd91285f40a70fd6c0045e5cc0d660c787c3619,True,True,not_implied_by_inventory
01-课题-保肝中药成分虚拟筛选/衣思淼/待核文件/data/processed/cleaned_compounds.csv,22184,b0263caa0fe3d0660e34a71fadc51e40a20008492532043204f553bda23cf934,True,True,not_implied_by_inventory
01-课题-保肝中药成分虚拟筛选/衣思淼/待核文件/data/processed/rejected.csv,35,f1b0d8c7ca228123d2e31ac2cc0dbb352f846d948b64fea55432af0d7fa4d179,True,True,not_implied_by_inventory
01-课题-保肝中药成分虚拟筛选/衣思淼/待核文件/data/processed/screening_pool.csv,4213,3cf2c4b10a3c23f883f8386c6e9d3e4f2d0a1cd83cf1cd2bbe1367975b9677c9,True,True,not_implied_by_inventory
01-课题-保肝中药成分虚拟筛选/衣思淼/待核文件/data/raw/tcm_seed_compounds.csv,12333,f448b47b6a466105474646791c73c92ab9f2f669e0c8ac7aaddb6eebff752c2a,True,True,not_implied_by_inventory
01-课题-保肝中药成分虚拟筛选/衣思淼/待核文件/data/splits/test.csv,5181,0808e6275290e89a63a3d47cb4a474d9ba6a3e0db7e72f8bb0e3aaf5e2582bf2,True,True,not_implied_by_inventory
01-课题-保肝中药成分虚拟筛选/衣思淼/待核文件/data/splits/train.csv,13398,ad1442b94fbd4ac74cd126981690a5ecf83626614270523832f532d5360d2138,True,True,not_implied_by_inventory
01-课题-保肝中药成分虚拟筛选/衣思淼/待核文件/data/splits/val.csv,3935,e8cb8018434cf9a7d059a24e35a09280ca58e4103ff89e4da77af2081bbffbcc,True,True,not_implied_by_inventory
01-课题-保肝中药成分虚拟筛选/衣思淼/待核文件/docs/01_data_dictionary.md,3380,7e216ea096cb78d2d4c0cbdb16c9ca7062c815400f2bd869e7ab198fc662a68f,True,True,not_implied_by_inventory
01-课题-保肝中药成分虚拟筛选/衣思淼/待核文件/results/ad/ad_report.csv,4112,5107ed4c638fd6b60fd58dd794b5ec42441657780f00f1fe9f936a1bc63c37b6,True,True,not_implied_by_inventory
01-课题-保肝中药成分虚拟筛选/衣思淼/待核文件/results/rankings/final_ranking.csv,5210,78327fb3d1e75ce577bed09463228cd04782e78a0dc5d73330b9bd21347d2146,True,True,not_implied_by_inventory
01-课题-保肝中药成分虚拟筛选/衣思淼/待核文件/src/chem/descriptors.py,3004,c32396838b6722d8abf3edaf70dbabfd75c98cd6c756f5ba3c5f9dc1030687be,True,True,not_implied_by_inventory
01-课题-保肝中药成分虚拟筛选/衣思淼/待核文件/src/data/ad.py,2804,b823ab8828eb3e4905907f53bb1cb14a745f3b1d156fc125db56eb9fa5da2896,True,True,not_implied_by_inventory
01-课题-保肝中药成分虚拟筛选/衣思淼/待核文件/src/data/clean.py,3050,461d6dd4299d7d02566f0bedac4522df1000a7e081ca5d399dac5f8f8709362d,True,True,not_implied_by_inventory
01-课题-保肝中药成分虚拟筛选/衣思淼/待核文件/src/data/split.py,2095,69000f3da019c046fe8713c63e56800b68afb00d1a3fb9dae34d8a6d6857192a,True,True,not_implied_by_inventory
01-课题-保肝中药成分虚拟筛选/衣思淼/待核文件/快照清单.md,1100,0a1dd08a6c6eae6ceaa3652be324032c21bf9dc20a46dc6ec40cc119ef64e91a,True,True,not_implied_by_inventory
01-课题-保肝中药成分虚拟筛选/衣思淼/打卡_衣思淼.html,77768,76e7ef35aa96f1a28d0dbb879076a8e86882a7fb42d340eda75f52fb8346f6cd,True,True,not_implied_by_inventory
02-课题-MASH研究-v1/FINAL_REPORT.md,12678,43b8245295bb7bdaede1c552ac4c87cad568aa533a8b4d095d24e3852031b0f4,True,True,not_implied_by_inventory
02-课题-MASH研究-v1/README.md,4396,118952fb6f69a082197143efd303cdf1f6117fd3938853187a6843fa37726e8e,True,True,not_implied_by_inventory
02-课题-MASH研究-v1/data/chembl/ad_reference.json,2093,c56d2a8b8c2cb9224473cf2918b97c83bd85afb67063e394152a208d08da79ab,True,True,not_implied_by_inventory
02-课题-MASH研究-v1/data/chembl/chembl_status_20260823.json,419,c3495dd0ab02a0056a45b275c11682ff1bc78768531d5050645eea8a80f228fb,True,True,not_implied_by_inventory
02-课题-MASH研究-v1/data/chembl/fxr_chembl2047_ic50_raw.csv,155969,f9889a2722cb8168ca5ad20bf5be64adefebc54f7117e13f34daec1f4040dc91,True,True,not_implied_by_inventory
02-课题-MASH研究-v1/data/chembl/fxr_clean_before_ad.csv,42674,e13af6672b8b5d82686a2f3f5b8cebbf39754da7619d8191efc96283d77f1fc8,True,True,not_implied_by_inventory
02-课题-MASH研究-v1/data/chembl/fxr_final_dataset.csv,51107,7837bfcd84d4ab51af970ea51bce15109651d6b794341e25aee1de270fd774a1,True,True,not_implied_by_inventory
02-课题-MASH研究-v1/data/geo/GSE135251_filelist.txt,16808,d13d7967ee3c09b1177304086cc76051bf278ed0430c4fd219ce72fe3d603164,True,True,not_implied_by_inventory
02-课题-MASH研究-v1/data/geo/GSE135251_series_matrix.txt.gz,11529,3987ef627abe946842da8e44bdeb75769779aed160c4ca37a012fe6d336a8e68,True,True,not_implied_by_inventory
02-课题-MASH研究-v1/data/geo/count_matrix_raw.csv.gz,4616316,23d09aa7e0f2f841d2616438595fe10e321bd29faf05e1c070719f1d2ea323a2,True,True,not_implied_by_inventory
02-课题-MASH研究-v1/data/geo/deg_NASH_vs_Normal.csv,894967,0778304fe84e857fc1baed8888b17a7ab4ab3c06443d8ad930bb339c6e41d976,True,True,not_implied_by_inventory
02-课题-MASH研究-v1/data/geo/deg_advFibrosis_vs_Normal.csv,894309,42dfb7c7cd6612c88121181960a23cf68cc25cc381869dc2b03521ab28ae73ef,True,True,not_implied_by_inventory
02-课题-MASH研究-v1/data/geo/ensembl2symbol.tsv,307202,eb0b621123543022dc24bf32c65a81cac80475cc15d45342b72d96c3f864f2ca,True,True,not_implied_by_inventory
02-课题-MASH研究-v1/data/geo/lognorm_matrix.csv.gz,23863112,54aa6a1e1119980fab862a41442d01b368d053b709a066ff0f336ee4d4dd035a,True,True,not_implied_by_inventory
02-课题-MASH研究-v1/data/geo/raw/GSM3998167_017-Ann-Daly_S1.counts.txt.gz,212070,9b8c1b9963a11e8db6f3a8e3b835981fb854cd90690e0e1d15e9b8c46de8853e,True,True,not_implied_by_inventory
02-课题-MASH研究-v1/data/geo/raw/GSM3998168_018-Ann-Daly_S2.counts.txt.gz,211405,0af051bafbdca9ab34ce05a650137bf1acebc2558ab189373959d3f9c480aac5,True,True,not_implied_by_inventory
02-课题-MASH研究-v1/data/geo/raw/GSM3998169_029-Ann-Daly_S4.counts.txt.gz,212338,a520eed73782c5e20e8cf60f927cca6298fbe613193b6e235c248c499ae62949,True,True,not_implied_by_inventory
02-课题-MASH研究-v1/data/geo/raw/GSM3998170_030-Ann-Daly_S5.counts.txt.gz,213435,ce44f5a20e70d21cbdf9ffcdb0e00d438f391fb0a521743cc4f6d6702286fd52,True,True,not_implied_by_inventory
02-课题-MASH研究-v1/data/geo/raw/GSM3998171_031-Ann-Daly_S6.counts.txt.gz,213097,0033dee437c6f388ec4770713a373446c79815bee249a4f8429678871c7f4ecc,True,True,not_implied_by_inventory
02-课题-MASH研究-v1/data/geo/raw/GSM3998172_032-Ann-Daly_S7.counts.txt.gz,211053,1674ca542c286a4a7ac852e040e645b771d49ff5806e4da22d1ebdddd92472aa,True,True,not_implied_by_inventory
02-课题-MASH研究-v1/data/geo/raw/GSM3998173_033-Ann-Daly_S8.counts.txt.gz,212858,3904d364618ee42fb1f74a50e347208f9bde99c8ab4efdaa60a6287b7ee45002,True,True,not_implied_by_inventory
02-课题-MASH研究-v1/data/geo/raw/GSM3998174_035-Ann-Daly_S10.counts.txt.gz,211412,835cd125f7edf813e372ad501185521c5a95d54d5e62d666332a7cf87d3a2697,True,True,not_implied_by_inventory
02-课题-MASH研究-v1/data/geo/raw/GSM3998175_036-Ann-Daly_S11.counts.txt.gz,208546,9fe2839b176157e8fa03ba906c13902f802728b5aa13fafc9938eb17e3bbd40d,True,True,not_implied_by_inventory
02-课题-MASH研究-v1/data/geo/raw/GSM3998176_037-Ann-Daly_S12.counts.txt.gz,210315,3df27d5338a978424e41d668539cc47c669e59bfb0a84cd4e7bebfab599ab939,True,True,not_implied_by_inventory
02-课题-MASH研究-v1/data/geo/raw/GSM3998177_038-Ann-Daly_S13.counts.txt.gz,211237,095114043a3c7ee8ea66d1a80901411fe52d5574a7a262e10e0eadf4c0ae5999,True,True,not_implied_by_inventory
02-课题-MASH研究-v1/data/geo/raw/GSM3998178_040-Ann-Daly_S14.counts.txt.gz,210792,1ee394c5fc0aa10dc04fc436d36eaba01aa25f55d21f472490ff9192eaaeb8e8,True,True,not_implied_by_inventory
02-课题-MASH研究-v1/data/geo/raw/GSM3998179_041-Ann-Daly_S15.counts.txt.gz,210420,e16bf40ac13a099064239dbd4e1f3cd1afbad075f264983092ff618c30052900,True,True,not_implied_by_inventory
02-课题-MASH研究-v1/data/geo/raw/GSM3998180_042-Ann-Daly_S16.counts.txt.gz,210813,b834d30e7f7df3fe6459a74d33db3ff4dfb6f73cc39fcf81a492fe0d8656373b,True,True,not_implied_by_inventory
02-课题-MASH研究-v1/data/geo/raw/GSM3998181_043-Ann-Daly_S1.counts.txt.gz,210020,27dde9b3136f1656006c676cca5080403dd302b7a0e6b11c131fda25d8ffa851,True,True,not_implied_by_inventory
02-课题-MASH研究-v1/data/geo/raw/GSM3998182_044-Ann-Daly_S2.counts.txt.gz,210376,db07d4ce8958c82fd00590d56308ffb18cf5ba65ee3a5a452b8e088f71b5982d,True,True,not_implied_by_inventory
02-课题-MASH研究-v1/data/geo/raw/GSM3998183_046-Ann-Daly_S3.counts.txt.gz,209589,7d60d335f7a77f0d68f860bac608089f80ec4fdaaa9793aa2147a9884cd6fb71,True,True,not_implied_by_inventory
02-课题-MASH研究-v1/data/geo/raw/GSM3998184_047-Ann-Daly_S4.counts.txt.gz,211839,51c2343fb7e542f2d31a1cbd71bd3f6eb29004d67d70626fc09a52737fa14c1f,True,True,not_implied_by_inventory
02-课题-MASH研究-v1/data/geo/raw/GSM3998185_048-Ann-Daly_S5.counts.txt.gz,211835,eeb0296fa62b986ce5c359f8872d99d1646bbc6c696292f19cb8bdad19f27256,True,True,not_implied_by_inventory
02-课题-MASH研究-v1/data/geo/raw/GSM3998186_049-Ann-Daly_S6.counts.txt.gz,211118,1a0840745a3dc5cbeed46037ad1faf3566909efaec5bde6fe72b374bc91c4ef5,True,True,not_implied_by_inventory
02-课题-MASH研究-v1/data/geo/raw/GSM3998187_051-Ann-Daly_S7.counts.txt.gz,211345,964071a094c7f80776e7101b04c1a59750407a3512a5aaadb2a5c68219c92555,True,True,not_implied_by_inventory
02-课题-MASH研究-v1/data/geo/raw/GSM3998188_053-Ann-Daly_S9.counts.txt.gz,212807,11a285686547a52c0010009def16778f469cd52c1edc0ff9c1e3c1d4d044d5f8,True,True,not_implied_by_inventory
02-课题-MASH研究-v1/data/geo/raw/GSM3998189_054-Ann-Daly_S10.counts.txt.gz,211945,a3a16796f05fbf333e44c84286e6c244e4f3018a7822891a164691b73e7e2f24,True,True,not_implied_by_inventory
02-课题-MASH研究-v1/data/geo/raw/GSM3998190_055-Ann-Daly_S11.counts.txt.gz,210359,7b7329c029b8686555486ebaee3d7765e3a0e053aae747d3ab02b37cdf91afd5,True,True,not_implied_by_inventory
02-课题-MASH研究-v1/data/geo/raw/GSM3998191_059-Ann-Daly_S12.counts.txt.gz,213450,989b7b7560588185c87afe9c523a08b4ff7536ca32adfad9079a05ddfd9fa0ae,True,True,not_implied_by_inventory
02-课题-MASH研究-v1/data/geo/raw/GSM3998192_060-Ann-Daly_S13.counts.txt.gz,210935,5f6b09d38aa094977a9d8b458bcbac5af952965ca903cc8f5f1d7bdb536c8f69,True,True,not_implied_by_inventory
02-课题-MASH研究-v1/data/geo/raw/GSM3998193_061-Ann-Daly_S14.counts.txt.gz,210368,46f66785c308c4797196f743deecea26bebbcac7948ff2d66e9d350adab893f4,True,True,not_implied_by_inventory
02-课题-MASH研究-v1/data/geo/raw/GSM3998194_062-Ann-Daly_S15.counts.txt.gz,210536,7ce35b10fb3c94b77b2185547bc4ee7c9f00813b4bb1d7274d377089ba621ebc,True,True,not_implied_by_inventory
02-课题-MASH研究-v1/data/geo/raw/GSM3998195_075-Ann-Daly_S16.counts.txt.gz,212327,e02be79ea4198a053140d174e0a7a52a10a959fd0cced87b0a6fda5b3bafc3f8,True,True,not_implied_by_inventory
02-课题-MASH研究-v1/data/geo/raw/GSM3998196_076-Ann-Daly_S3.counts.txt.gz,210695,083a350db46064e844ac91eac8ac76134e6afdee71b7874d2bfa9ceddafac284,True,True,not_implied_by_inventory
02-课题-MASH研究-v1/data/geo/raw/GSM3998197_1_20.counts.txt.gz,212835,2bcbd6d0ece8df06ee61d5a83d174e08a306f64604e384841a2f293d2a0801ed,True,True,not_implied_by_inventory
02-课题-MASH研究-v1/data/geo/raw/GSM3998198_10_352.counts.txt.gz,213520,f00db3b8a286090b16afb1cbf3a787f9860e9956c9f08cd825e09686115b5396,True,True,not_implied_by_inventory
02-课题-MASH研究-v1/data/geo/raw/GSM3998199_101-Ann-Daly_S1.counts.txt.gz,213353,e3b967fd68f71424dd3120114ebcb9e5593336bf0b26bd66ade3f7c85fae84aa,True,True,not_implied_by_inventory
02-课题-MASH研究-v1/data/geo/raw/GSM3998200_102-Ann-Daly_S2.counts.txt.gz,212225,b70c0abe351c2995d464a605e32ded33b7af62d8bca1ac8f53d474300c6d30ac,True,True,not_implied_by_inventory
02-课题-MASH研究-v1/data/geo/raw/GSM3998201_103-Ann-Daly_S3.counts.txt.gz,212062,d8afa0796992397124766b2f530585ddb4dbae72f30da2ffc976087d3b3476da,True,True,not_implied_by_inventory
02-课题-MASH研究-v1/data/geo/raw/GSM3998202_104-Ann-Daly_S4.counts.txt.gz,211290,48f83f96b6b9ee67307833ed9982993667b5f0948525885830d57a066674831d,True,True,not_implied_by_inventory
02-课题-MASH研究-v1/data/geo/raw/GSM3998203_105-Ann-Daly_S5.counts.txt.gz,211263,4c10454f6398ec3d378867aaef0ea75994bd1c24237475c0016d1364ab4a40b4,True,True,not_implied_by_inventory
02-课题-MASH研究-v1/data/geo/raw/GSM3998204_106-Ann-Daly_S6.counts.txt.gz,209697,c3bf5468fc096f17362ca92e6d65936fb9392e7ad012af28d28f62caf6c33548,True,True,not_implied_by_inventory
02-课题-MASH研究-v1/data/geo/raw/GSM3998205_108-Ann-Daly_S8.counts.txt.gz,210268,352d42c3bfd7c0c6d538f2acbd4a31a17461b502ff96ea3521f495b198e3b3f1,True,True,not_implied_by_inventory
02-课题-MASH研究-v1/data/geo/raw/GSM3998206_109-Ann-Daly_S1.counts.txt.gz,212031,bf8d69c451b9928c9da948eaaa6c33c890816085c199d54985d200fb77e8c263,True,True,not_implied_by_inventory
02-课题-MASH研究-v1/data/geo/raw/GSM3998207_110-Ann-Daly_S2.counts.txt.gz,212055,8184b09fab9c3dea925b7acdd864408d046ae197604c3b99f3a44e0bcda140cf,True,True,not_implied_by_inventory
02-课题-MASH研究-v1/data/geo/raw/GSM3998208_111-Ann-Daly_S3.counts.txt.gz,210722,635fb02d2c9221091d52a19122faad5464909aa2eba30892b191c4e61ccfe537,True,True,not_implied_by_inventory
02-课题-MASH研究-v1/data/geo/raw/GSM3998209_112-Ann-Daly_S4.counts.txt.gz,212196,13ec121238a387d9e240cbbdb827bf08cf1b760a33dc552aeee1c31cb55d8739,True,True,not_implied_by_inventory
02-课题-MASH研究-v1/data/geo/raw/GSM3998210_114-Ann-Daly_S5.counts.txt.gz,210352,e82228f2b3207a31371f198dc5ff4a7bf34331cbcdf41369ea46d512e0a28027,True,True,not_implied_by_inventory
02-课题-MASH研究-v1/data/geo/raw/GSM3998211_115-Ann-Daly_S6.counts.txt.gz,210742,09f88552b647094c9abdc3b33c42cd92b4931b6b5de224259ff536bb2abe3b7a,True,True,not_implied_by_inventory
02-课题-MASH研究-v1/data/geo/raw/GSM3998212_116-Ann-Daly_S7.counts.txt.gz,211179,8396b17b4ff8d3cbe6954aae175223d2851038c5f36ad19f8266a5dbd49e74e4,True,True,not_implied_by_inventory
02-课题-MASH研究-v1/data/geo/raw/GSM3998213_12_469.counts.txt.gz,212433,cc3db9f836296fa94341ae0b9b9a1b26bc0af1ab114c53872d907ef739840a92,True,True,not_implied_by_inventory
02-课题-MASH研究-v1/data/geo/raw/GSM3998214_120-Ann-Daly_S9.counts.txt.gz,210570,10f73f7a6028a6df0beccba11779c549d1140e2e0036a817c4266e53d8b62f84,True,True,not_implied_by_inventory
02-课题-MASH研究-v1/data/geo/raw/GSM3998215_124-Ann-Daly_S10.counts.txt.gz,210645,6ac50a61dfe414c184272c04b907737742c731cf2b81b2d7244c2a49b402bbf4,True,True,not_implied_by_inventory
02-课题-MASH研究-v1/data/geo/raw/GSM3998216_127-Ann-Daly_S11.counts.txt.gz,211612,1461352c31ac264c18a6bb402f3334d7a1b4f515d6cc44e677b7575e96cd014a,True,True,not_implied_by_inventory
02-课题-MASH研究-v1/data/geo/raw/GSM3998217_128-Ann-Daly_S12.counts.txt.gz,210134,f40f8091ae2d9c325ea8d5272cffa39b499fb26134fb8b738284907ceb6d0aaf,True,True,not_implied_by_inventory
02-课题-MASH研究-v1/data/geo/raw/GSM3998218_129-Ann-Daly_S13.counts.txt.gz,212158,c50c7925804c7a6c66ba6e09f9e13f1e41dc163c110e5fecafda38f8682a3909,True,True,not_implied_by_inventory
02-课题-MASH研究-v1/data/geo/raw/GSM3998219_13_470.counts.txt.gz,211706,ed360f518966e0bfca68aeb5e2118a832f00d70b310466c3a989fe9b8d83baa6,True,True,not_implied_by_inventory
02-课题-MASH研究-v1/data/geo/raw/GSM3998220_130-Ann-Daly_S14.counts.txt.gz,210108,71abdca320fbb9e62a5712ad0f17ed3aaccb9224255216c1bd0617d028b7e879,True,True,not_implied_by_inventory
02-课题-MASH研究-v1/data/geo/raw/GSM3998221_132-Ann-Daly_S15.counts.txt.gz,209480,fd91ccef18053ca700da7696412c5c12fea45a3bbed53e4d914fef2bf23ce3aa,True,True,not_implied_by_inventory
02-课题-MASH研究-v1/data/geo/raw/GSM3998222_133-Ann-Daly_S16.counts.txt.gz,210163,901ef1000d2c03d9e8fe8e28174793fc7f92eda8426540678756475f7f62d86a,True,True,not_implied_by_inventory
02-课题-MASH研究-v1/data/geo/raw/GSM3998223_134-Ann-Daly_S1.counts.txt.gz,211544,73f829b177776e14a91cb73204441ac10b48541a16d0452280fd4dc8fab420b9,True,True,not_implied_by_inventory
02-课题-MASH研究-v1/data/geo/raw/GSM3998224_135-Ann-Daly_S2.counts.txt.gz,209682,2a2d75aba5319b87c08bb8ccd6f87fe47ccd2765558e88aba679f9a0600467fc,True,True,not_implied_by_inventory
02-课题-MASH研究-v1/data/geo/raw/GSM3998225_136-Ann-Daly_S1.counts.txt.gz,216899,206c4548039700ecfa9597ce26a26d1b466a1441ea14ad8aa45f65b2c9122298,True,True,not_implied_by_inventory
02-课题-MASH研究-v1/data/geo/raw/GSM3998226_14_472.counts.txt.gz,213376,8863c66080b178d31b5cce5db065f45a8aa133a026873c9a5b75b23d051570ce,True,True,not_implied_by_inventory
02-课题-MASH研究-v1/data/geo/raw/GSM3998227_141-Ann-Daly_S2.counts.txt.gz,212547,138004a47e79e586884f21e9c077d64ad33398b94784374ff866fc8c7e1dc637,True,True,not_implied_by_inventory
02-课题-MASH研究-v1/data/geo/raw/GSM3998228_15_473.counts.txt.gz,212285,09a1eabfe21f15208a5682b722c17df32f1f7b3c918c07ca152196f01767852e,True,True,not_implied_by_inventory
02-课题-MASH研究-v1/data/geo/raw/GSM3998229_152-Ann-Daly_S3.counts.txt.gz,211039,f46f86271b9ad324ff82a3f34cfe86723937c5771eeea5e46122942076e112f4,True,True,not_implied_by_inventory
02-课题-MASH研究-v1/data/geo/raw/GSM3998230_155-Ann-Daly_S4.counts.txt.gz,208264,67a28658482664bf87e71115f36540b5d14c052e084e77364c23a347c9381a0a,True,True,not_implied_by_inventory
02-课题-MASH研究-v1/data/geo/raw/GSM3998231_169-Ann-Daly_S5.counts.txt.gz,210419,eea2e0a2574acedc345e330aa4754a29550e87b4c802b9d34bd393f2bc2aafef,True,True,not_implied_by_inventory
02-课题-MASH研究-v1/data/geo/raw/GSM3998232_17_82.counts.txt.gz,211593,c7606caf031e9999c0f46bede23a088a8d8bf7cef849fa6fe116ce4363597e3e,True,True,not_implied_by_inventory
02-课题-MASH研究-v1/data/geo/raw/GSM3998233_172-Ann-Daly_S6.counts.txt.gz,212925,3a2e23927672ec9b97e805807ec4ea013bd0ac4ef90494c92078e7df60da3598,True,True,not_implied_by_inventory
02-课题-MASH研究-v1/data/geo/raw/GSM3998234_176-Ann-Daly_S7.counts.txt.gz,210263,be560f9c00bdb919f5a3ecc7ec14597207b9738e77dd5fcd6f4e4685b05d7d78,True,True,not_implied_by_inventory
02-课题-MASH研究-v1/data/geo/raw/GSM3998235_177-Ann-Daly_S8.counts.txt.gz,212794,3796ce8ea1b7f8fec036397ff9ad3a41cebc7a360ec3f2d65f653c5f7e134401,True,True,not_implied_by_inventory
02-课题-MASH研究-v1/data/geo/raw/GSM3998236_179-Ann-Daly_S10.counts.txt.gz,211480,ed11a698d58b46d00d36d0c2437b6594b0b7e511fe5b354f18c42a92eca4a92c,True,True,not_implied_by_inventory
02-课题-MASH研究-v1/data/geo/raw/GSM3998237_184-Ann-Daly_S11.counts.txt.gz,210420,21421799dd4ee18769d8021a9970307946f5c5e4b4ae0511d45dde51756b2f31,True,True,not_implied_by_inventory
02-课题-MASH研究-v1/data/geo/raw/GSM3998238_185-Ann-Daly_S12.counts.txt.gz,211442,7ee95a911d9a8b7e710f9ff03a4fa0493465c52a5ab0034bf48ba4cbeb6c12b9,True,True,not_implied_by_inventory
02-课题-MASH研究-v1/data/geo/raw/GSM3998239_186-Ann-Daly_S13.counts.txt.gz,210297,292e0dff215a9b534ea9965cde603151429aa0edb15d66d7e8e83edd2828887a,True,True,not_implied_by_inventory
02-课题-MASH研究-v1/data/geo/raw/GSM3998240_187-Ann-Daly_S14.counts.txt.gz,211073,f74d78c6c2cba1aac51ddac9b7e6be491f1dc74fada05988083a8dd171a7a85e,True,True,not_implied_by_inventory
02-课题-MASH研究-v1/data/geo/raw/GSM3998241_188-Ann-Daly_S15.counts.txt.gz,212040,7833d136d4a426d387388e8932cff43a0f5ff1e2a2d19e3f6d7b699eb3a17ceb,True,True,not_implied_by_inventory
02-课题-MASH研究-v1/data/geo/raw/GSM3998242_19_138.counts.txt.gz,210566,3641d9bbb2b65f0383defea87805bc34d1fdbbc5ea1fc128b92864d3a9915c12,True,True,not_implied_by_inventory
02-课题-MASH研究-v1/data/geo/raw/GSM3998243_191-Ann-Daly_S1.counts.txt.gz,211616,411ac913cfedf81b3d17eb2fb42c1931d14d61c637c1cf021946ccbaae269763,True,True,not_implied_by_inventory
02-课题-MASH研究-v1/data/geo/raw/GSM3998244_193-Ann-Daly_S2.counts.txt.gz,211094,4a60507858235e96c0b8141e9fe5133051a687dd07294fe40d26ea4a4048c946,True,True,not_implied_by_inventory
02-课题-MASH研究-v1/data/geo/raw/GSM3998245_197-Ann-Daly_S3.counts.txt.gz,212640,225268498c33aaab5f6b5c9f386e7eee8e1ad333f8c89c33fa51cc28354d6b2c,True,True,not_implied_by_inventory
02-课题-MASH研究-v1/data/geo/raw/GSM3998246_199-Ann-Daly_S4.counts.txt.gz,212444,bed49def7866af9e14b69de5423a5ddf752ec0d4a30ba6dd84783f017af021a5,True,True,not_implied_by_inventory
02-课题-MASH研究-v1/data/geo/raw/GSM3998247_2_23.counts.txt.gz,213211,8c577b9fcd629c4eca13ee3d7fa42dd52197c928fbbe7a80f7f21900ac349844,True,True,not_implied_by_inventory
02-课题-MASH研究-v1/data/geo/raw/GSM3998248_200-Ann-Daly_S5.counts.txt.gz,213241,57f0a5b80eb7648d9806f597f737cca832b9e6decebc32cbe59e2e8a44236773,True,True,not_implied_by_inventory
02-课题-MASH研究-v1/data/geo/raw/GSM3998249_201-Ann-Daly_S6.counts.txt.gz,213630,c27e5054a65569c7b28a7c4e5bf907e41c61ddd9a12680d041ca10f1cfce0fc3,True,True,not_implied_by_inventory
02-课题-MASH研究-v1/data/geo/raw/GSM3998250_202-Ann-Daly_S7.counts.txt.gz,213466,c5bd431ac83eee4e04c7d02205f51f229f78de1d8ec9920fb50484df0eee3e4b,True,True,not_implied_by_inventory
02-课题-MASH研究-v1/data/geo/raw/GSM3998251_204-Ann-Daly_S8.counts.txt.gz,212983,83006fdb7ff6df0f510aefc3a009d786be521bfeb7a7601cbe7e459a490380c8,True,True,not_implied_by_inventory
02-课题-MASH研究-v1/data/geo/raw/GSM3998252_205-Ann-Daly_S9.counts.txt.gz,210707,c13ea3dd44ecd7ab9a5b7d86a827bb41cd40a9e9e0b061b07c2d618d825084ca,True,True,not_implied_by_inventory
02-课题-MASH研究-v1/data/geo/raw/GSM3998253_207-Ann-Daly_S10.counts.txt.gz,210425,3d3d576cb33069fa183c89f735ea8e3007b40dc6c8d853e0314fd71c38ab3c48,True,True,not_implied_by_inventory
02-课题-MASH研究-v1/data/geo/raw/GSM3998254_208-Ann-Daly_S11.counts.txt.gz,213750,1e8c937115e932434991834f6ba7e6dadc261c8242c3856feb069d4a8f894b56,True,True,not_implied_by_inventory
02-课题-MASH研究-v1/data/geo/raw/GSM3998255_211-Ann-Daly_S13.counts.txt.gz,211599,12b5caa49a71d38c795794ad04bace2f182c5cdbac30acbeb6827563004f2c6e,True,True,not_implied_by_inventory
02-课题-MASH研究-v1/data/geo/raw/GSM3998256_214-Ann-Daly_S15.counts.txt.gz,209857,d2243747ca58802c4170e508d33600e0c7852063845f6f9ec94b56507dd42fe1,True,True,not_implied_by_inventory
02-课题-MASH研究-v1/data/geo/raw/GSM3998257_215-Ann-Daly_S16.counts.txt.gz,213400,a1687722457260c627c1bcb3c79ec1eed75be1ddd29723899c7ad093db390b7f,True,True,not_implied_by_inventory
02-课题-MASH研究-v1/data/geo/raw/GSM3998258_216-Ann-Daly_S1.counts.txt.gz,214621,1854e0b7a61f3eb694e1b51f3fcce75fc16b9739374d21219401adb29d46a1de,True,True,not_implied_by_inventory
02-课题-MASH研究-v1/data/geo/raw/GSM3998259_22_151.counts.txt.gz,207799,62169ad10d2dd0b0e9ad21e404a27184093c8e78df03a24597c28262c7f25ccb,True,True,not_implied_by_inventory
02-课题-MASH研究-v1/data/geo/raw/GSM3998260_23_154.counts.txt.gz,211963,74fc83c0f368fa7c8827f1f28c4608d1e8526ab8959ce5643b9a222571de9761,True,True,not_implied_by_inventory
02-课题-MASH研究-v1/data/geo/raw/GSM3998261_233-Ann-Daly_S3.counts.txt.gz,211520,e0d07821b5985b9ec62f95ed597e8f6ecfd8f1b7c866ab317473b9e20f197c22,True,True,not_implied_by_inventory
02-课题-MASH研究-v1/data/geo/raw/GSM3998262_234-Ann-Daly_S4.counts.txt.gz,211456,ed7241139bfc22e143495f0e678d42d9eee9493c4a7834dc8ad82f6641947bf1,True,True,not_implied_by_inventory
02-课题-MASH研究-v1/data/geo/raw/GSM3998263_235-Ann-Daly_S5.counts.txt.gz,212385,b738ce3b7bff6025007043934af298c3a6d7816cc40156514a59bf6af04854ea,True,True,not_implied_by_inventory
02-课题-MASH研究-v1/data/geo/raw/GSM3998264_236-Ann-Daly_S6.counts.txt.gz,212405,258709378b885b7ca48ef7d850dc0b873d5523df94d41cc31f4af289444f2927,True,True,not_implied_by_inventory
02-课题-MASH研究-v1/data/geo/raw/GSM3998265_237-Ann-Daly_S7.counts.txt.gz,210640,9c8a597d6ecfe8771c892838b889ce1a2f078325155d0a416068d98afe44d930,True,True,not_implied_by_inventory
02-课题-MASH研究-v1/data/geo/raw/GSM3998266_238-Ann-Daly_S8.counts.txt.gz,209732,26051731482441a62ad8263f28efcb666c82d7664ea497bb0c0192b0e6208847,True,True,not_implied_by_inventory
02-课题-MASH研究-v1/data/geo/raw/GSM3998267_239-Ann-Daly_S9.counts.txt.gz,211575,4307677a3ad1a70228b4a3c1bd0135f24d42fbb74a223d954460c83b70a7a410,True,True,not_implied_by_inventory
02-课题-MASH研究-v1/data/geo/raw/GSM3998268_24_160.counts.txt.gz,209624,1bef0ad86bcb1b19b57cb29a94cb5334ffb07524232ea059ebc7f9be9b0b2741,True,True,not_implied_by_inventory
02-课题-MASH研究-v1/data/geo/raw/GSM3998269_240-Ann-Daly_S1.counts.txt.gz,211945,6bb1a349c170e34462d9ec11810b5629f8ee177aa950fc139d7291931687330b,True,True,not_implied_by_inventory
02-课题-MASH研究-v1/data/geo/raw/GSM3998270_241-Ann-Daly_S2.counts.txt.gz,212683,564408a33613a2d9380ed44b8b221306f480020aa7b10f9e8047c29fa77012a4,True,True,not_implied_by_inventory
02-课题-MASH研究-v1/data/geo/raw/GSM3998271_242-Ann-Daly_S10.counts.txt.gz,213398,68a673bc0b4d0ee66b7243845a0a3bf020d78052e06a57e8eacb653b8113f68a,True,True,not_implied_by_inventory
02-课题-MASH研究-v1/data/geo/raw/GSM3998272_243-Ann-Daly_S11.counts.txt.gz,210142,a23c7c0c0014d6664cfff7a94049e87c52a8b0a7cf00af374f052accdcd5a32c,True,True,not_implied_by_inventory
02-课题-MASH研究-v1/data/geo/raw/GSM3998273_244-Ann-Daly_S12.counts.txt.gz,207395,3f490881077c23e209b60ffbbd9e147e54e70cb75376509fb485eac7e0115f9b,True,True,not_implied_by_inventory
02-课题-MASH研究-v1/data/geo/raw/GSM3998274_245-Ann-Daly_S13.counts.txt.gz,210457,7f827fa6ce894d60b0d4ad83f6714a8d2b44e003ec0082b6e1c8ff3f656e8440,True,True,not_implied_by_inventory
02-课题-MASH研究-v1/data/geo/raw/GSM3998275_246-Ann-Daly_S14.counts.txt.gz,210737,fc55b3a9e0c399defd6c47efa61632a6a91c1504ae064fe29e0725ac7db78a34,True,True,not_implied_by_inventory
02-课题-MASH研究-v1/data/geo/raw/GSM3998276_247-Ann-Daly_S15.counts.txt.gz,210861,e81da1f6e5eea4a7751204bfc80046b4d71d7fdf0e1f0eedf47014ede40a73f9,True,True,not_implied_by_inventory
02-课题-MASH研究-v1/data/geo/raw/GSM3998277_25_164.counts.txt.gz,208018,85be2692e2709c97e7f2a503ce4c8207af87eede91280056f2e685b415c1af0b,True,True,not_implied_by_inventory
02-课题-MASH研究-v1/data/geo/raw/GSM3998278_252-Ann-Daly_S16.counts.txt.gz,209076,de2b027ee4e0bd3159b695871bd0e06a79f9d643fdf74b3def6a7617e82937e5,True,True,not_implied_by_inventory
02-课题-MASH研究-v1/data/geo/raw/GSM3998279_255-Ann-Daly_S3.counts.txt.gz,210255,9307bd7d334128320af955fdc9c86b9069b489af055eaf02b35ac566008a69cc,True,True,not_implied_by_inventory
02-课题-MASH研究-v1/data/geo/raw/GSM3998280_26_171.counts.txt.gz,206206,04388af90f64b245a2d175e7cd85dd5788b72812e420a3898c464b02f6140f66,True,True,not_implied_by_inventory
02-课题-MASH研究-v1/data/geo/raw/GSM3998281_260-Ann-Daly_S4.counts.txt.gz,212118,81c9b135e4d9a02d84375517615d5f48014f95d2dc96c106f518a7f7c5945126,True,True,not_implied_by_inventory
02-课题-MASH研究-v1/data/geo/raw/GSM3998282_264-Ann-Daly_S5.counts.txt.gz,211924,06b5f9f8ea7f90728c7ac98f353b93b5d3985ba6fc29a194805d58f80699baa0,True,True,not_implied_by_inventory
02-课题-MASH研究-v1/data/geo/raw/GSM3998283_266-Ann-Daly_S7.counts.txt.gz,207622,1cbcbcb72d20da6e56782c848af1ab073b75acee2f9d7c363f25561217859cae,True,True,not_implied_by_inventory
02-课题-MASH研究-v1/data/geo/raw/GSM3998284_268-Ann-Daly_S8.counts.txt.gz,209991,48431cb97f7bf1670f3aab55eafa50f73867c4d8ec3ef9715a5767ea0584ac08,True,True,not_implied_by_inventory
02-课题-MASH研究-v1/data/geo/raw/GSM3998285_27_181.counts.txt.gz,212490,5f265f2731465ad8d601c5e32c2916956579c546447e7a060ca3266fc8f859d0,True,True,not_implied_by_inventory
02-课题-MASH研究-v1/data/geo/raw/GSM3998286_274-Ann-Daly_S10.counts.txt.gz,212490,2949e64549bc4797b97c87c8fd010c7f20b313d4304e24349c36dbb7f1b59691,True,True,not_implied_by_inventory
02-课题-MASH研究-v1/data/geo/raw/GSM3998287_277-Ann-Daly_S11.counts.txt.gz,212606,85bee2cadabf96b6e70a644ef94ec23efdb8f9bd4199b12e8a4dc2813ddaea3f,True,True,not_implied_by_inventory
02-课题-MASH研究-v1/data/geo/raw/GSM3998288_278-Ann-Daly_S12.counts.txt.gz,209861,2df01e8e0106c595fa8ac3985b3eeae18d03f1a3c48f75f4322811cc580f064a,True,True,not_implied_by_inventory
02-课题-MASH研究-v1/data/geo/raw/GSM3998289_279-Ann-Daly_S13.counts.txt.gz,210711,0a8f0fdf3fd0b2adeef736c04b7562adfea3d48e9a028bd07297f21124668f48,True,True,not_implied_by_inventory
02-课题-MASH研究-v1/data/geo/raw/GSM3998290_280-Ann-Daly_S14.counts.txt.gz,215599,573197b731d0f6e50695c4914ac87a4f17d4b60cd8ace0bbb665f057cd005c83,True,True,not_implied_by_inventory
02-课题-MASH研究-v1/data/geo/raw/GSM3998291_281-Ann-Daly_S15.counts.txt.gz,212439,24d02389f3996fe93081ae7c0e77f3cdfa1c825b32b06e5a7b00197bc89d7c2d,True,True,not_implied_by_inventory
02-课题-MASH研究-v1/data/geo/raw/GSM3998292_282-Ann-Daly_S16.counts.txt.gz,209808,4b2c1ca7093bcd8e7438f74fce6f3c4eb0907f0adc5b239472b82019482a573c,True,True,not_implied_by_inventory
02-课题-MASH研究-v1/data/geo/raw/GSM3998293_284-Ann-Daly_S2.counts.txt.gz,209275,884a27f97072c5978875d0e5f34186f712a805bad35a0acf124e4e5e43a85eb5,True,True,not_implied_by_inventory
02-课题-MASH研究-v1/data/geo/raw/GSM3998294_285-Ann-Daly_S3.counts.txt.gz,210349,c95f38538d6767ab48c3eb33ddef087df03e47c96b03b6bfb52a2a1c729dc3b3,True,True,not_implied_by_inventory
02-课题-MASH研究-v1/data/geo/raw/GSM3998295_286-Ann-Daly_S4.counts.txt.gz,209971,4b4aab6495f192ff31ccaa2c34f8d92da02915d844ed9b6e2ae3a8d53a58c62b,True,True,not_implied_by_inventory
02-课题-MASH研究-v1/data/geo/raw/GSM3998296_287-Ann-Daly_S5.counts.txt.gz,210631,ddb1ffba3e0fe27774b0b8f15c6e251dda5a803df724c7eb172a7be5bf1e5486,True,True,not_implied_by_inventory
02-课题-MASH研究-v1/data/geo/raw/GSM3998297_288-Ann-Daly_S6.counts.txt.gz,210304,3ce1e5f04aabe87806ae5c95d9743665f4bb7d606e33def0696acb6dcb826e29,True,True,not_implied_by_inventory
02-课题-MASH研究-v1/data/geo/raw/GSM3998298_289-Ann-Daly_S7.counts.txt.gz,211780,ac0b08fdc13a09af63d6d219d3affda6cb4f266749e3bb09cf0917577b07a544,True,True,not_implied_by_inventory
02-课题-MASH研究-v1/data/geo/raw/GSM3998299_29_474.counts.txt.gz,210897,476aa0c712df0c20ccf1421863605b6a5a91ef5547136f7810596ef867d21073,True,True,not_implied_by_inventory
02-课题-MASH研究-v1/data/geo/raw/GSM3998300_290-Ann-Daly_S8.counts.txt.gz,212051,0648a17d7e9b465aa7db7526e5b2887fe9d11a49e0c0c55581db0de85b5710b5,True,True,not_implied_by_inventory
02-课题-MASH研究-v1/data/geo/raw/GSM3998301_291-Ann-Daly_S9.counts.txt.gz,212652,0e2124cc00b4117f597f1d239e5539e4ddcfb12af40dbc9cf02113d1da97aefa,True,True,not_implied_by_inventory
02-课题-MASH研究-v1/data/geo/raw/GSM3998302_293-Ann-Daly_S10.counts.txt.gz,211723,2242a92f141becf4584fcc759fe3fcad1a712480206b5edcdd88bea2ac3038fe,True,True,not_implied_by_inventory
02-课题-MASH研究-v1/data/geo/raw/GSM3998303_295-Ann-Daly_S11.counts.txt.gz,211445,b64a997a9022280eb751510d69a333730b12f8d309d983a66512b451e8f05048,True,True,not_implied_by_inventory
02-课题-MASH研究-v1/data/geo/raw/GSM3998304_296-Ann-Daly_S12.counts.txt.gz,211589,7f570246c0269c14eaca1cd763ea53df8c54fa44ab44b0e081fe681a4c14b943,True,True,not_implied_by_inventory
02-课题-MASH研究-v1/data/geo/raw/GSM3998305_299-Ann-Daly_S13.counts.txt.gz,212975,eb516921364075bc151fb7c62b8bcdb07aa8b264eef06a509205f7b98a667604,True,True,not_implied_by_inventory
02-课题-MASH研究-v1/data/geo/raw/GSM3998306_3_45.counts.txt.gz,210697,e157df3eb2f33f03e44ad74c523b921e974f1f4bdce07f9df120d62ce2161965,True,True,not_implied_by_inventory
02-课题-MASH研究-v1/data/geo/raw/GSM3998307_300-Ann-Daly_S14.counts.txt.gz,213411,753f103aca86413774c2e963ad48ee557961e346e2b8955598b450d74d7b3fae,True,True,not_implied_by_inventory
02-课题-MASH研究-v1/data/geo/raw/GSM3998308_303-Ann-Daly_S15.counts.txt.gz,213166,79d7b617f439f2bda630b8498601edd6e15d255099abb42d35c59127fd52c9e4,True,True,not_implied_by_inventory
02-课题-MASH研究-v1/data/geo/raw/GSM3998309_304-Ann-Daly_S1.counts.txt.gz,212121,cd86acc2e798d92074e4a3828902e0d85a98e92a652144f9cc907e161cf28098,True,True,not_implied_by_inventory
02-课题-MASH研究-v1/data/geo/raw/GSM3998310_306-Ann-Daly_S1.counts.txt.gz,210015,131d52f9602a193d747cea23db46315c1c4759c8a718397a92fd2429e8a75c9c,True,True,not_implied_by_inventory
02-课题-MASH研究-v1/data/geo/raw/GSM3998311_31_477.counts.txt.gz,213327,58e7755cf85a7679e01719d19c5e46795ff4261759cba09fad1a50cefcd6be93,True,True,not_implied_by_inventory
02-课题-MASH研究-v1/data/geo/raw/GSM3998312_319-Ann-Daly_S2.counts.txt.gz,212300,69cb394aeaf74a46ccaeb04fb340d10162733c40e4c374b407e04e04b0bc87e0,True,True,not_implied_by_inventory
02-课题-MASH研究-v1/data/geo/raw/GSM3998313_32_478.counts.txt.gz,212100,89c88d5cdcfa67553c07ba5e3e980cbca6fb2c8e34b82fff2cdca93ef516ebba,True,True,not_implied_by_inventory
02-课题-MASH研究-v1/data/geo/raw/GSM3998314_345-Ann-Daly_S3.counts.txt.gz,212635,a2fa9e3a0935ebb70e1658ff92dd1f6dbc03783a015f1cb87c74b3fcf72fd6d3,True,True,not_implied_by_inventory
02-课题-MASH研究-v1/data/geo/raw/GSM3998315_350-Ann-Daly_S4.counts.txt.gz,211655,d1779f14f8809178924eb171377d5c68295f3efb281bb20d2bd567167cf974fd,True,True,not_implied_by_inventory
02-课题-MASH研究-v1/data/geo/raw/GSM3998316_354-Ann-Daly_S5.counts.txt.gz,212413,812915a810948a415b0de372130583d454a9271ecac6a497fa3af8c495861f2a,True,True,not_implied_by_inventory
02-课题-MASH研究-v1/data/geo/raw/GSM3998317_355-Ann-Daly_S6.counts.txt.gz,212603,3db3d805dc0f9a984933eac0bdf6b59ed635be1266858cce40f3ac91b66bbce8,True,True,not_implied_by_inventory
02-课题-MASH研究-v1/data/geo/raw/GSM3998318_361-Ann-Daly_S7.counts.txt.gz,213155,bb344ade310ddee7d0a2761bc9c33dd464e9ac4cf47a06534b918f24be7849c6,True,True,not_implied_by_inventory
02-课题-MASH研究-v1/data/geo/raw/GSM3998319_373-Ann-Daly_S8.counts.txt.gz,209613,dcc01aec586628a8e41894552d0374aadf7d89a6e48e0b538dfeca498b520b69,True,True,not_implied_by_inventory
02-课题-MASH研究-v1/data/geo/raw/GSM3998320_384-Ann-Daly_S10.counts.txt.gz,212506,16f04d2a883e7231a330077aa3eb55c793484a6ffaa6bf5cc886d1906d7c63ce,True,True,not_implied_by_inventory
02-课题-MASH研究-v1/data/geo/raw/GSM3998321_4_67.counts.txt.gz,212386,45d23170119b286184c050c0c2aed18707c0055b8b7f3d0ef441e9f0e6a2e622,True,True,not_implied_by_inventory
02-课题-MASH研究-v1/data/geo/raw/GSM3998322_402-Ann-Daly_S11.counts.txt.gz,212199,71d2fec528d48d0bbe7a00525dc2a2893bbbbe4d06301f7807c7f0057e43e6e2,True,True,not_implied_by_inventory
02-课题-MASH研究-v1/data/geo/raw/GSM3998323_407-Ann-Daly_S13.counts.txt.gz,210718,0d9bc842e02cc7141850fbc36221c41d7a5fd1e05e6ae1ccf9685fae43405549,True,True,not_implied_by_inventory
02-课题-MASH研究-v1/data/geo/raw/GSM3998324_408-Ann-Daly_S14.counts.txt.gz,213177,6f5e3ee10b8e2d45144d93686e06201959f62c9a7d1ab1cf54e5ad4fd4e5e9a1,True,True,not_implied_by_inventory
02-课题-MASH研究-v1/data/geo/raw/GSM3998325_416-Ann-Daly_S2.counts.txt.gz,212245,7987a4e58d0a5153ef95ebd83a6b249eef7db55b45b627f11a87bd071a2fb9fd,True,True,not_implied_by_inventory
02-课题-MASH研究-v1/data/geo/raw/GSM3998326_418-Ann-Daly_S15.counts.txt.gz,211111,a465eb2ce90bc298f3f392195f59e65d92e4bef7ab8265ec8c05deb553ebec80,True,True,not_implied_by_inventory
02-课题-MASH研究-v1/data/geo/raw/GSM3998327_424-Ann-Daly_S16.counts.txt.gz,214473,f67b506753e449cd941543bd5987b67e71ba79651feb2d58a04248230f357c48,True,True,not_implied_by_inventory
02-课题-MASH研究-v1/data/geo/raw/GSM3998328_425-Ann-Daly_S3.counts.txt.gz,213497,e56b3077ce75145abc63ea83cfab37768b849e36b4bfa6de1c7207a1a9858fca,True,True,not_implied_by_inventory
02-课题-MASH研究-v1/data/geo/raw/GSM3998329_431-Ann-Daly_S4.counts.txt.gz,212723,c085daca0db03367f9d3f184ab977010596ea564bdf929ae275c767f258a8b15,True,True,not_implied_by_inventory
02-课题-MASH研究-v1/data/geo/raw/GSM3998330_443-Ann-Daly_S5.counts.txt.gz,208870,b2a8c70af8625a304ce487c05dd378799ee0da773d142bc27d9c1a2ffc59e8b3,True,True,not_implied_by_inventory
02-课题-MASH研究-v1/data/geo/raw/GSM3998331_5_74.counts.txt.gz,212959,bc8f85069952e93623aa515fa8a2c4221e279f3a62c0ee2df0e9dd4064ac8b7e,True,True,not_implied_by_inventory
02-课题-MASH研究-v1/data/geo/raw/GSM3998332_6_139.counts.txt.gz,215330,25f3317fcd2ae3fa47cc750fe135214643fd1e8c4a78d9bf42b00b20d9463ef8,True,True,not_implied_by_inventory
02-课题-MASH研究-v1/data/geo/raw/GSM3998333_7_162.counts.txt.gz,211732,d05f26843848c6ae482988c0c490f9fa79b283126769a7aeed89c7a76254e398,True,True,not_implied_by_inventory
02-课题-MASH研究-v1/data/geo/raw/GSM3998334_8_344.counts.txt.gz,213888,f9108a44052296954fd24ded4eb8880a738efd70c6a72219925e62f1e032ed17,True,True,not_implied_by_inventory
02-课题-MASH研究-v1/data/geo/raw/GSM3998335_84-Ann-Daly_S9.counts.txt.gz,210703,d9e866ab7dd5687673d3468a37631b5c32b342eb3be95f84773853981c75b2de,True,True,not_implied_by_inventory
02-课题-MASH研究-v1/data/geo/raw/GSM3998336_85-Ann-Daly_S10.counts.txt.gz,210141,4c86bdbbcce7fd40760c197ef281d754d653ee1a5ab37ed75206d1ae63d90304,True,True,not_implied_by_inventory
02-课题-MASH研究-v1/data/geo/raw/GSM3998337_9_346.counts.txt.gz,212129,dd37c71ec9c5cba28ef8aebf870eeb71b6de3577c34da52724807449e2af4e2f,True,True,not_implied_by_inventory
02-课题-MASH研究-v1/data/geo/raw/GSM3998338_98-Ann-Daly_S13.counts.txt.gz,209816,af4e16154d6ad2c018b0432e1f6736a15bd0a757a56deb28540710145718b19c,True,True,not_implied_by_inventory
02-课题-MASH研究-v1/data/geo/raw/GSM3998339_s5_Olivier-Govaere_S5.counts.txt.gz,214061,2e45830dc9fe660a360d8c36371c51893a8524d8d72eb20b671ed0d0e172aeb4,True,True,not_implied_by_inventory
02-课题-MASH研究-v1/data/geo/raw/GSM3998340_s2_Olivier-Govaere_S2.counts.txt.gz,213290,f4227dd853ab90181bc993898a2adff22fc3e806be7a0a0a68158b8a18f985c7,True,True,not_implied_by_inventory
02-课题-MASH研究-v1/data/geo/raw/GSM3998341_078-Ann-Daly_S14.counts.txt.gz,208196,c1f951e449491978186fe6330fd74ab5f8a3458c17303e80ccf2ea278afb8dc8,True,True,not_implied_by_inventory
02-课题-MASH研究-v1/data/geo/raw/GSM3998342_085-Ann-Daly_S16.counts.txt.gz,213018,5714f689846f63ea205b3b94222200cd2a306d64c3a5e1919a548baac31f0e7f,True,True,not_implied_by_inventory
02-课题-MASH研究-v1/data/geo/raw/GSM3998343_C100-Ann-Daly_S1.counts.txt.gz,208624,9d3e385803e5f3b785d3c412834d4edb511140bcd618898a986401e68b43229b,True,True,not_implied_by_inventory
02-课题-MASH研究-v1/data/geo/raw/GSM3998344_C101-Ann-Daly_S2.counts.txt.gz,211124,29b01000bd391860bc6b37032814eb949785dca1da17c7199c88aa659f8bfba3,True,True,not_implied_by_inventory
02-课题-MASH研究-v1/data/geo/raw/GSM3998345_C102-Ann-Daly_S3.counts.txt.gz,209151,118f6a2d149dbc58c11db2db172f8792f52fdf4f3740377884d3ce00549aefb4,True,True,not_implied_by_inventory
02-课题-MASH研究-v1/data/geo/raw/GSM3998346_C103-Ann-Daly_S4.counts.txt.gz,211867,5e0e77a29585769fbb4bfcdc7aa30b43d8f2466881e8fe3abbe03e726f155099,True,True,not_implied_by_inventory
02-课题-MASH研究-v1/data/geo/raw/GSM3998347_C107-Ann-Daly_S5.counts.txt.gz,211111,72346dfd9428599ae591e60d21c3644188cea76ef13dfa1e0316038c58d0b665,True,True,not_implied_by_inventory
02-课题-MASH研究-v1/data/geo/raw/GSM3998348_C108-Ann-Daly_S6.counts.txt.gz,212201,3d7ba12b0f32bcd7bb4cf7558755afeb86c4951c9242ec7ca031622450481451,True,True,not_implied_by_inventory
02-课题-MASH研究-v1/data/geo/raw/GSM3998349_C109-Ann-Daly_S7.counts.txt.gz,212345,72e047c7a82d804f512360f63d91f3d92e4b5c4e1c6f3057e813ec95f3b8f4f8,True,True,not_implied_by_inventory
02-课题-MASH研究-v1/data/geo/raw/GSM3998350_C110-Ann-Daly_S8.counts.txt.gz,210942,0e49c217aec70018d6f81e9543cfc85831a2a434741a82e37f184acc9ded6d7d,True,True,not_implied_by_inventory
02-课题-MASH研究-v1/data/geo/raw/GSM3998351_C122-Ann-Daly_S10.counts.txt.gz,211404,65019bd346ab6be811a96a75118dabb25f7564fa1f4ac4806c18385fe024c261,True,True,not_implied_by_inventory
02-课题-MASH研究-v1/data/geo/raw/GSM3998352_C123-Ann-Daly_S11.counts.txt.gz,212770,6402014949d6a55aed67f40b1c5fe1a7ac2db4e9e4c0acb66c9817bf9afd4057,True,True,not_implied_by_inventory
02-课题-MASH研究-v1/data/geo/raw/GSM3998353_C124-Ann-Daly_S12.counts.txt.gz,209700,9cccef5a57063c999d846b6dd8c447a96e831f644073f3a7c8137fe394bd65d2,True,True,not_implied_by_inventory
02-课题-MASH研究-v1/data/geo/raw/GSM3998354_C125-Ann-Daly_S13.counts.txt.gz,211682,b008210b902b06beeeb74e9aefb27212ed011ea1edc054e05ae39d0fd9a50448,True,True,not_implied_by_inventory
02-课题-MASH研究-v1/data/geo/raw/GSM3998355_C126-Ann-Daly_S14.counts.txt.gz,211362,727a3406e34a07139c66d5e61d766005c76dcb7f3d2ec84ebd08cdfa6c32d585,True,True,not_implied_by_inventory
02-课题-MASH研究-v1/data/geo/raw/GSM3998356_C128-Ann-Daly_S1.counts.txt.gz,210704,2c39234b1d88f15427e68322c07af86d71f9e5122b2a084acdde2de0984cc6cb,True,True,not_implied_by_inventory
02-课题-MASH研究-v1/data/geo/raw/GSM3998357_C129-Ann-Daly_S2.counts.txt.gz,210093,ebae4c6e93b7005c2eab11afe314d6c4951405242f7c11d4e41a2194bb6b6934,True,True,not_implied_by_inventory
02-课题-MASH研究-v1/data/geo/raw/GSM3998358_C131-Ann-Daly_S3.counts.txt.gz,212867,d827889099a8c3dd8bae1dc8422be0fd4f24ab899e4b33e551cac8c2ef8f71d5,True,True,not_implied_by_inventory
02-课题-MASH研究-v1/data/geo/raw/GSM3998359_C133-Ann-Daly_S4.counts.txt.gz,214777,257e94ebbf9548498dcd1eb54fb2c23d51a877b3f06e97482d5d05d9b426d6ab,True,True,not_implied_by_inventory
02-课题-MASH研究-v1/data/geo/raw/GSM3998360_C134_S5.counts.txt.gz,209627,75525ee02e08cd08219da179733414d36d45b11dfebf85bbe50e793132262d69,True,True,not_implied_by_inventory
02-课题-MASH研究-v1/data/geo/raw/GSM3998361_C135-Ann-Daly_S6.counts.txt.gz,207904,d12a19a063857c25746bb7c108a3febc8bb53f36de6b4189b3e88a58f9114da1,True,True,not_implied_by_inventory
02-课题-MASH研究-v1/data/geo/raw/GSM3998362_C136-Ann-Daly_S7.counts.txt.gz,209240,b022cdf99144d3b594d19e4fde974c56ea4258a8ff53e59a2023e8ebb4c20caf,True,True,not_implied_by_inventory
02-课题-MASH研究-v1/data/geo/raw/GSM3998363_C137-Ann-Daly_S8.counts.txt.gz,210958,b45fb4bae0348603aff5ffc6645661fcc993124f1d055c077c9be00bb0de6012,True,True,not_implied_by_inventory
02-课题-MASH研究-v1/data/geo/raw/GSM3998364_C139-Ann-Daly_S9.counts.txt.gz,210807,2eee6752125f838a34dc04db22f9af4abf46ae97230e260ea7dccb56e8f3a0a1,True,True,not_implied_by_inventory
02-课题-MASH研究-v1/data/geo/raw/GSM3998365_C143-Ann-Daly_S11.counts.txt.gz,212447,2b18cfe266e3af37f5c5e9604029d315617e31b4c737928ed02a7b2f46cedc71,True,True,not_implied_by_inventory
02-课题-MASH研究-v1/data/geo/raw/GSM3998366_C145-Ann-Daly_S12.counts.txt.gz,210749,0a7876172cffd8822fc04100ff3b9b25c7bc53916a05402ad6d6dfc92aa609bb,True,True,not_implied_by_inventory
02-课题-MASH研究-v1/data/geo/raw/GSM3998367_C150-Ann-Daly_S13.counts.txt.gz,212231,657411d578fd621ae5d260373430d9f0b64d4638569c623949797de99f4dd2b7,True,True,not_implied_by_inventory
02-课题-MASH研究-v1/data/geo/raw/GSM3998368_C171-Ann-Daly_S16.counts.txt.gz,212304,95fed17f52375b255cf4893940d0ee2cbbef18a28c30476498914bde7c9afbe1,True,True,not_implied_by_inventory
02-课题-MASH研究-v1/data/geo/raw/GSM3998369_C173-Ann-Daly_S16.counts.txt.gz,208795,30f433b5c631c9229ddf5bf7ceed006ad64873f6fbcb84c9e3be3c0cd86eee5d,True,True,not_implied_by_inventory
02-课题-MASH研究-v1/data/geo/raw/GSM3998370_C18-Ann-Daly_S3.counts.txt.gz,214589,92a2c23244ad92f67b775192e34211e6166362d1f0aa3839f4b51ea9988f47f8,True,True,not_implied_by_inventory
02-课题-MASH研究-v1/data/geo/raw/GSM3998371_C29-Ann-Daly_S4.counts.txt.gz,212196,aef9bfaaec5f4daa26a70ae97fb38176999615ce8a4be414321a357aabbe9f1c,True,True,not_implied_by_inventory
02-课题-MASH研究-v1/data/geo/raw/GSM3998372_C61-Ann-Daly_S5.counts.txt.gz,213131,c3bd007edc80017765c70cfdc1517f8f4ec8b17a92ac0f56912a999f5450f602,True,True,not_implied_by_inventory
02-课题-MASH研究-v1/data/geo/raw/GSM3998373_C68-Ann-Daly_S6.counts.txt.gz,211404,967b1bc57d16b812473ec89f2a47ead58409d9575bdda188d7034edc7d9d2cf0,True,True,not_implied_by_inventory
02-课题-MASH研究-v1/data/geo/raw/GSM3998374_C69-Ann-Daly_S7.counts.txt.gz,211289,1a3a0104c4a0d0534d9262cf9f5ef105ddb6019964f414f9a414a2bb815b685d,True,True,not_implied_by_inventory
02-课题-MASH研究-v1/data/geo/raw/GSM3998375_C73-Ann-Daly_S8.counts.txt.gz,212294,683db94924314dd3a95c250860d4169f2a7ddd1907a5e3e7bab977a9693c82ce,True,True,not_implied_by_inventory
02-课题-MASH研究-v1/data/geo/raw/GSM3998376_C76-Ann-Daly_S9.counts.txt.gz,212397,2e8e56f7ec9ef7dbe36630a1437f03874555d5b76e8546a5b1687141ac42b463,True,True,not_implied_by_inventory
02-课题-MASH研究-v1/data/geo/raw/GSM3998377_C81-Ann-Daly_S10.counts.txt.gz,213210,33bab050b9a2471c0a3eea08d033a307350f020957ac9d83bcde8c9f9a31bd01,True,True,not_implied_by_inventory
02-课题-MASH研究-v1/data/geo/raw/GSM3998378_C82-Ann-Daly_S11.counts.txt.gz,212034,e1092d0f723bd30bad29b686ed8d8937e313198fc6d9d33ab89c935816cfc58d,True,True,not_implied_by_inventory
02-课题-MASH研究-v1/data/geo/raw/GSM3998379_C90-Ann-Daly_S12.counts.txt.gz,213256,c6c5a6ac8fba931f0400e22a090f1d1055129670921e6432234c403008fc0ba0,True,True,not_implied_by_inventory
02-课题-MASH研究-v1/data/geo/raw/GSM3998380_C93-Ann-Daly_S13.counts.txt.gz,212756,601dbb17ea24013afbeeb2cf08f4218d9e0b07b114c0b24edc54145e31743c70,True,True,not_implied_by_inventory
02-课题-MASH研究-v1/data/geo/raw/GSM3998381_C94-Ann-Daly_S15.counts.txt.gz,212494,382a19490e476a937dd3078d077634700c3f29a63f9ae906c207f76cc804f00e,True,True,not_implied_by_inventory
02-课题-MASH研究-v1/data/geo/raw/GSM3998382_C99-Ann-Daly_S16.counts.txt.gz,214497,4347de941a3dfc37b5ae3b582657616b8941d570ae2819ae01d8a8305c203d51,True,True,not_implied_by_inventory
02-课题-MASH研究-v1/data/kegg/pathway_hsa_list_20260823.txt,22574,34ba9df70aa62c876b71fa82e843d99bcc7af90d0a4aa9076b825b23d1567ae6,True,True,not_implied_by_inventory
02-课题-MASH研究-v1/data/tcm/known_fxr_ligands.json,1263,9acc8142d5fa22157c3da2975543bf1a1747d153a6a86b19eaa2f23b71c3e210,True,True,not_implied_by_inventory
02-课题-MASH研究-v1/data/tcm/obscure_herbs_filtered.csv,4134,5ccc2b37f5fe4518d6aa90ca5b59a70b37ed2d6c1ddbdcdc8c8945ed772d4ec5,True,True,not_implied_by_inventory
02-课题-MASH研究-v1/data/tcm/obscure_herbs_raw.csv,10083,e64eea7300bbae61d2c1f228d8f0ca257097ab3b405d6b9d402b3010448effc5,True,True,not_implied_by_inventory
02-课题-MASH研究-v1/data/tcm/tcm_library_filtered.csv,21294,45c115e0f56a37e666eedf1b0fc3ddf6ebcdac1aa69e2dbbf358e046b4ccd6b0,True,True,not_implied_by_inventory
02-课题-MASH研究-v1/data/tcm/tcm_library_raw.csv,41622,6020317d90afd15629dc1bfb09138a7a02b19a271d7278ea3a96331de8fce8cc,True,True,not_implied_by_inventory
02-课题-MASH研究-v1/data/v2/chembl_ACC2_CHEMBL4829.csv,84061,97773c04c3479c1814ef4dc792f2996680a004bb11d22edd8b9fae039748b98d,True,True,not_implied_by_inventory
02-课题-MASH研究-v1/data/v2/chembl_DGAT2_CHEMBL2439944.csv,30188,436f71f50bba485a4bf3b3a10d3bfa15753e59fed0097ea951d04dce5eb0f72a,True,True,not_implied_by_inventory
02-课题-MASH研究-v1/data/v2/chembl_FASN_CHEMBL4158.csv,119250,c1de3d67aa68163abf30f8c934d87e6eed459e39bbf2bae95278bfc74c4fdc9f,True,True,not_implied_by_inventory
02-课题-MASH研究-v1/data/v2/chembl_FDFT1_CHEMBL3338.csv,23022,97fdbd0e5a8adfcca98aa4c4afa15800a2b94fd6371a8908498179505b0aba2b,True,True,not_implied_by_inventory
02-课题-MASH研究-v1/data/v2/chembl_FXR_CHEMBL2047.csv,176022,d375a48bd5bb3a299137ba36c570739ee759eeb12dba713c7a7b35e418d7e51c,True,True,not_implied_by_inventory
02-课题-MASH研究-v1/data/v2/chembl_HMGCR_CHEMBL402.csv,32170,c9995eae0c931c2cb4e68574f159115ad33e97df4331c32089d209c64b120f29,True,True,not_implied_by_inventory
02-课题-MASH研究-v1/data/v2/chembl_LXRa_CHEMBL2808.csv,45682,6102a172e3502efdf9f0ac5e5b4e99b65476a0c5065e7f90a361bbd21f3754a3,True,True,not_implied_by_inventory
02-课题-MASH研究-v1/data/v2/chembl_PPARG_CHEMBL235.csv,361453,b393916401ce9906ee6288ebd1a27f0e38a66b73f65566d1ac73a8f7520006a0,True,True,not_implied_by_inventory
02-课题-MASH研究-v1/data/v2/chembl_SCD_CHEMBL1275210.csv,21609,5d5d20cab2933a470a8a4e87e4885fafbc4df2528c58839ad8ab0ca446655537,True,True,not_implied_by_inventory
02-课题-MASH研究-v1/data/v2/chembl_SQLE_CHEMBL3592.csv,2564,6acfa3e9683e14a019fc8a0728bcff754ffdc63cf6890e6c51a39aff098dd5ca,True,True,not_implied_by_inventory
02-课题-MASH研究-v1/data/v2/chembl_THRb_CHEMBL1947.csv,57098,fc954b0a6facb00538c21515e136e59c8cdef81638177f06e6f88d5158d31e8a,True,True,not_implied_by_inventory
02-课题-MASH研究-v1/data/v2/chembl_multitarget_all.csv,952699,0dc90e67771d1cd8fff17ba27ab877078fca71e6c063d9f1e89a72cf754fec59,True,True,not_implied_by_inventory
02-课题-MASH研究-v1/docking/boxes.json,1064,01100f5f8fa0525efc7e6a33b8a21946ca092eb5d95f82d9f5306521df36bd23,True,True,not_implied_by_inventory
02-课题-MASH研究-v1/docking/ligands/ACC2_3GID_S1A_redock.pdbqt,4445,56e3585211769b890826922bfd53e09b1741ac6d63b1adc60d6311b735c0fd2b,True,True,not_implied_by_inventory
02-课题-MASH研究-v1/docking/ligands/ACC2_5KKN_6U3_redock.pdbqt,4162,4708ac8298a12fb94fe6c573a54c165e94189da90cddff414ec01cd2e236e282,True,True,not_implied_by_inventory
02-课题-MASH研究-v1/docking/ligands/FXR_3FLI_33Y_redock.pdbqt,3546,aa583357d4745e6f30ff3ef01d9bfc70c643f745bfcea8916c110b95f091222b,True,True,not_implied_by_inventory
02-课题-MASH研究-v1/docking/ligands/THRB_3GWS_T3_redock.pdbqt,2772,10e120d35e4ed6ced607435e688ea6b5083b5f954c959c71cb214f8fae304018,True,True,not_implied_by_inventory
02-课题-MASH研究-v1/docking/ligands/ctrl_GW4064.pdbqt,3717,51b62f2ae9a6f89d225812429a2a6166b6b874e736fcad836fbce6a1e95c4422,True,True,not_implied_by_inventory
02-课题-MASH研究-v1/docking/ligands/ctrl_ND_646.pdbqt,4162,7dc9cb45a25d41ed1dc96d1bfab76d1b1b2459052720f2bc5e9eb1ca4c313bc1,True,True,not_implied_by_inventory
02-课题-MASH研究-v1/docking/ligands/ctrl_chenodeoxycholic_acid.pdbqt,3126,4e0a2ba511fdd2e40cad95f556cf2f8ac1dda8df8ca7ffb0754e46d7c7e17520,True,True,not_implied_by_inventory
02-课题-MASH研究-v1/docking/ligands/ctrl_liothyronine.pdbqt,2772,649cf841fb4c9695be77b891fcf3bf8239a4d8598d127653a6837645e213adfe,True,True,not_implied_by_inventory
02-课题-MASH研究-v1/docking/ligands/ctrl_obeticholic_acid.pdbqt,3352,dcd66ce80555399b8328f8b11c081929f81a1b6b3883c0094ac2984fa5cf2092,True,True,not_implied_by_inventory
02-课题-MASH研究-v1/docking/ligands/ctrl_resmetirom.pdbqt,2995,76221ebab201f3f5a0f55280242d9dd3c7d756a1c28606882085d80ab12f44d3,True,True,not_implied_by_inventory
02-课题-MASH研究-v1/docking/ligands/ctrl_soraphen_A.pdbqt,4447,c8b0279ec8838602008e95484c0b32216cb7ba936c58319956b08f3acc052ba1,True,True,not_implied_by_inventory
02-课题-MASH研究-v1/docking/ligands/ctrl_tanshinone_IIA.pdbqt,2032,eaa2d7a87c944cc3973453ade2a0e1c36b45327cffdd5ea7d9b427961a7a1914,True,True,not_implied_by_inventory
02-课题-MASH研究-v1/docking/ligands/mt252005.pdbqt,4308,600bcda8785076cf078193ecfa365ff93edff5b773e48b6902d8ba0a830c9194,True,True,not_implied_by_inventory
02-课题-MASH研究-v1/docking/ligands/mt316920.pdbqt,4965,34f2638d91e864fab383a75b0f97ac3f4eabc295d524bd661adb88dd032a220a,True,True,not_implied_by_inventory
02-课题-MASH研究-v1/docking/ligands/mt323629.pdbqt,5268,463591deba2105115a8264e9d6ba83afd5c37da1b7208470b674ed1bb115dbc6,True,True,not_implied_by_inventory
02-课题-MASH研究-v1/docking/ligands/mt417143.pdbqt,5391,dd237bd188c3582f2f6b7620b4a02e291f0caba5b9a9ceb06f9aaeca5ce0c23f,True,True,not_implied_by_inventory
02-课题-MASH研究-v1/docking/ligands/mt50701.pdbqt,3655,d3358b5b6f1deaf63ccc900932d1830413f04a5014ce431c1fdb2f630ab90e6b,True,True,not_implied_by_inventory
02-课题-MASH研究-v1/docking/ligands/mt595957.pdbqt,3850,6c4c288adb274082a5a4df31e7d7139633a9ddb510bc76915b9d195d8f8a5842,True,True,not_implied_by_inventory
02-课题-MASH研究-v1/docking/ligands/mt671996.pdbqt,3618,7fad1e44401979dc3f167adaca3cbf1f606f1e56bb507990c1bda9faa754c84c,True,True,not_implied_by_inventory
02-课题-MASH研究-v1/docking/ligands/mt82065.pdbqt,4698,bb7025ef49980390a3cc03409ef9026cd776d7ee74aeee7fe0e024902afb4080,True,True,not_implied_by_inventory
02-课题-MASH研究-v1/docking/ligands/natlead15.pdbqt,5630,849e979ee6b4ce38be3a1de757616fc5c7c08b9c7df9a1135dbcc847d59b7880,True,True,not_implied_by_inventory
02-课题-MASH研究-v1/docking/ligands/natlead16.pdbqt,5662,7524a273353c73ca668fbf90c9cd3451f9cb4145ce1f66eaff1967dd5f45e868,True,True,not_implied_by_inventory
02-课题-MASH研究-v1/docking/ligands/natlead17.pdbqt,2651,04abb3995c6f48d5d7775bf189a26d3c05adeb5205e49ae30468a594d25afca4,True,True,not_implied_by_inventory
02-课题-MASH研究-v1/docking/ligands/natlead19.pdbqt,4103,facd959ab98386137d52a4498895f80c783a73adb8d67336a644fbe6940eb7b2,True,True,not_implied_by_inventory
02-课题-MASH研究-v1/docking/ligands/natlead20.pdbqt,3944,91624354a5de051d72e4ead24d08d2346de509f22ad002acbf2a7571e597ce5e,True,True,not_implied_by_inventory
02-课题-MASH研究-v1/docking/ligands/natlead21.pdbqt,3807,3f9c4c956bf9aedd4d044c93c8aaeb18046ede7aafd60b2316596cf39f110874,True,True,not_implied_by_inventory
02-课题-MASH研究-v1/docking/ligands/np_Artemisia_annua_1_8_Cineole.pdbqt,1038,e37f9b24ddf377f3e7ffa08b6c706ae95146c66aff5775ac81399ee448941cbd,True,True,not_implied_by_inventory
02-课题-MASH研究-v1/docking/ligands/np_Artemisia_annua_4_Methylesculetin.pdbqt,1566,74d3d6cce43364ae4c40f67580b6ff496f794dd992d2ecc0653fe337756543b6,True,True,not_implied_by_inventory
02-课题-MASH研究-v1/docking/ligands/np_Artemisia_annua_Arteannuin_B.pdbqt,1706,5f8d3d4b7063f18e66aefce7ca9922b579ddb715df532b6a479e0b9fd8c8ebad,True,True,not_implied_by_inventory
02-课题-MASH研究-v1/docking/ligands/np_Artemisia_annua_Artemetin.pdbqt,2912,7ae90bf7ab972f348e44fd43cc385c24965d65d6cef9bdeb761cc93d582c1bea,True,True,not_implied_by_inventory
02-课题-MASH研究-v1/docking/ligands/np_Artemisia_annua_Artemisia_ketone.pdbqt,1144,86c43a0c5b5cbda0d7f1c3c2679179eec8f814d378527997f45ae867b888f391,True,True,not_implied_by_inventory
02-课题-MASH研究-v1/docking/ligands/np_Artemisia_annua_Artemisinic_acid.pdbqt,1801,96ac5a62265627563abe9062a97b29bac79170b90f43d5c67a972d5f76be62ea,True,True,not_implied_by_inventory
02-课题-MASH研究-v1/docking/ligands/np_Artemisia_annua_Artemisinin.pdbqt,2155,1d35dab85c21e91e8644cdf60f651f5dcdf54ace11f2e1ca70420123a39d7a2e,True,True,not_implied_by_inventory
02-课题-MASH研究-v1/docking/ligands/np_Artemisia_annua_Artemisitene.pdbqt,2151,14ba77ff19401080acbd9396d09db5f88d37be540b0ae37cbc3b949853070a8e,True,True,not_implied_by_inventory
02-课题-MASH研究-v1/docking/ligands/np_Artemisia_annua_Camphor.pdbqt,1037,e36a614a7b89913ada77d6e941e773ced19201e4930dcab0160da943235d3687,True,True,not_implied_by_inventory
02-课题-MASH研究-v1/docking/ligands/np_Artemisia_annua_Caryophyllene_oxide.pdbqt,1926,9ef7e7a10b0a37b79608d2b010ef8eaaf80306d85b2aa1f0812a4b9c5caa53a0,True,True,not_implied_by_inventory
02-课题-MASH研究-v1/docking/ligands/np_Artemisia_annua_Casticin.pdbqt,2911,c0e1ffa8b18cca1f94963baf55c7f2be7312d1ff2426daea2264008e9cc4389c,True,True,not_implied_by_inventory
02-课题-MASH研究-v1/docking/ligands/np_Artemisia_annua_Chrysosplenetin.pdbqt,2911,2dd4876deb6a11218c8279a830df7882e7aa51bccefdf8f45b36604fe2a5ce0a,True,True,not_implied_by_inventory
02-课题-MASH研究-v1/docking/ligands/np_Artemisia_annua_Chrysosplenol_D.pdbqt,2912,386ecc6707f7d6e05bebb416875a4c82d07a0c77eea24715a389aa4bd62d64b0,True,True,not_implied_by_inventory
02-课题-MASH研究-v1/docking/ligands/np_Artemisia_annua_Cirsilineol.pdbqt,2700,d7b66c13b3bc661d2a1259b920af8a87233b0ea5022afda9b80ee42df15432cf,True,True,not_implied_by_inventory
02-课题-MASH研究-v1/docking/ligands/np_Artemisia_annua_Cirsimaritin.pdbqt,2487,7beca432d73c317ada2775fd02733295338975be42275fc6ccaa42fadde1b40f,True,True,not_implied_by_inventory
02-课题-MASH研究-v1/docking/ligands/np_Artemisia_annua_Deoxyartemisinin.pdbqt,1797,30231863eb32723a60cc53ee1101526d7720942099a1078c9d752c83216120d8,True,True,not_implied_by_inventory
02-课题-MASH研究-v1/docking/ligands/np_Artemisia_annua_Dihydroartemisinic_acid.pdbqt,1803,81e1e92edfd62c8e27feaa115f6d63288f10ac8c203d12f3bb91945f986e3be4,True,True,not_implied_by_inventory
02-课题-MASH研究-v1/docking/ligands/np_Artemisia_annua_Dihydroartemisinin.pdbqt,2279,a1351e4d60f1dae51e4d2ab821eccb69b79eb6e64fee698cf1f96150535b8af0,True,True,not_implied_by_inventory
02-课题-MASH研究-v1/docking/ligands/np_Artemisia_annua_Eupatorin.pdbqt,2700,4e4863464c08932ba04b87885dadb7e27b183e245f7397cad7a3afd4cd6924cc,True,True,not_implied_by_inventory
02-课题-MASH研究-v1/docking/ligands/np_Artemisia_annua_Scopoletin.pdbqt,1475,49152466e7242d0efed2c73c937af5726ab08db9c999f9f6eb653e9a6473b287,True,True,not_implied_by_inventory
02-课题-MASH研究-v1/docking/ligands/np_Artemisia_annua_Scopolin.pdbqt,2963,93e3af2c9d070e9dc06d6360cc9e86596e249f017f514ecb679f5d854b76540c,True,True,not_implied_by_inventory
02-课题-MASH研究-v1/docking/ligands/np_Artemisia_annua_Umbelliferone.pdbqt,1244,04c260f350e291810259ca1bc24ba8c7b5ad4bdaf20af648c1b18c5bd6c69bce,True,True,not_implied_by_inventory
02-课题-MASH研究-v1/docking/ligands/np_Artemisia_annua_beta_Caryophyllene.pdbqt,1832,65df7923cb4fac38b890f48a909bf0baab2ca7399af97ff38e6b871f20612a7b,True,True,not_implied_by_inventory
02-课题-MASH研究-v1/docking/ligands/np_Bupleurum_chinense_Saikogenin_A.pdbqt,3734,96c49ab6f47cdc5e9a01f0ee75c4b4b0b303ab74054f080f03eaae37a85ce3b4,True,True,not_implied_by_inventory
02-课题-MASH研究-v1/docking/ligands/np_Bupleurum_chinense_Saikogenin_D.pdbqt,3733,1274f16a09ac1ca7eda74bc145493fd54752ad3db34f7bd0015af6d7435e1bbe,True,True,not_implied_by_inventory
02-课题-MASH研究-v1/docking/ligands/np_Bupleurum_chinense_Saikogenin_F.pdbqt,3585,2dc0147e58e3afb4d14e30efde3b49dd35bbaef5d0c986a286b3462c3adae6c5,True,True,not_implied_by_inventory
02-课题-MASH研究-v1/docking/ligands/np_Coptis_chinensis_8_Oxocoptisine.pdbqt,2316,b3ff59e8c16c0d9b5e859eb579776a794cb59f24caa99570d93a7b21add4a0bd,True,True,not_implied_by_inventory
02-课题-MASH研究-v1/docking/ligands/np_Coptis_chinensis_Berberine.pdbqt,2386,6345d71a42a33ce3d21e595d39b26fdc1bd8649caf4ba356e210c6f975cb8c31,True,True,not_implied_by_inventory
02-课题-MASH研究-v1/docking/ligands/np_Coptis_chinensis_Berberrubine.pdbqt,2385,6fb4329487fea9e5238196b90705f9bc9cc35243410e703e2bd074543c8384dc,True,True,not_implied_by_inventory
02-课题-MASH研究-v1/docking/ligands/np_Coptis_chinensis_Canadine.pdbqt,2382,a4824d22c0e13c13346593f02ff5a479561e1cd34b3b6fed45ea5279a32a60dc,True,True,not_implied_by_inventory
02-课题-MASH研究-v1/docking/ligands/np_Coptis_chinensis_Columbamine.pdbqt,2542,533ec1660f9aeb9721f08ea421803429d6806e94bbc5816f2d8efe91734f1c84,True,True,not_implied_by_inventory
02-课题-MASH研究-v1/docking/ligands/np_Coptis_chinensis_Coptisine.pdbqt,2230,bc66ef60c37b60ad3530d71c414d80499c22c4b2917a131e8fb638479cde9284,True,True,not_implied_by_inventory
02-课题-MASH研究-v1/docking/ligands/np_Coptis_chinensis_Epiberberine.pdbqt,2386,8e27a6d9fdf3b6309c145d1d6380bbb6530b5501e9ee59e917589713cd465a2e,True,True,not_implied_by_inventory
02-课题-MASH研究-v1/docking/ligands/np_Coptis_chinensis_Groenlandicine.pdbqt,2384,6acf393c0e2c1e7162aa60d42e4770e298ee2f9352814f31e5eea652f3c57db9,True,True,not_implied_by_inventory
02-课题-MASH研究-v1/docking/ligands/np_Coptis_chinensis_Jatrorrhizine.pdbqt,2542,38659fbf8bc48c88f14515f8094e6901407d98665b06910f7e7da85bb044dba6,True,True,not_implied_by_inventory
02-课题-MASH研究-v1/docking/ligands/np_Coptis_chinensis_Magnoflorine.pdbqt,2639,81428e93a05c4f30ce36672190c97d55c6c3c63241baade4ef2a2144c88d42f6,True,True,not_implied_by_inventory
02-课题-MASH研究-v1/docking/ligands/np_Coptis_chinensis_Menisperine.pdbqt,2636,eed8edc15201468a47cbf5ce3b6f216566ddfcd5f55012f70057d0d784dcab4d,True,True,not_implied_by_inventory
02-课题-MASH研究-v1/docking/ligands/np_Coptis_chinensis_Palmatine.pdbqt,2544,caa0da6fa4f6633846f1a6054896ff3fc1f526bb888c0936116c4bd0f0a4051e,True,True,not_implied_by_inventory
02-课题-MASH研究-v1/docking/ligands/np_Coptis_chinensis_Stylopine.pdbqt,2230,a8b61e268ef5bfea2efce585999d209b11aeab6f3b5ba51a3a79f7f4692e1af4,True,True,not_implied_by_inventory
02-课题-MASH研究-v1/docking/ligands/np_Coptis_chinensis_Worenine.pdbqt,2320,ef58e5b7d1b7f4edd27186580dac913e233a71ddc1a7a297e97ee37982322729,True,True,not_implied_by_inventory
02-课题-MASH研究-v1/docking/ligands/np_Ganoderma_lucidum_Lucidenic_acid_A.pdbqt,3466,51e3573f620653b5f25bf098849ab4cf7973db8febae0daad54f429bae05fb3f,True,True,not_implied_by_inventory
02-课题-MASH研究-v1/docking/ligands/np_Ganoderma_lucidum_Lucidenic_acid_B.pdbqt,3683,220bea9643db3e171b4eddaf49457bc487ab461b8d99e2ffa590bb0c5f913147,True,True,not_implied_by_inventory
02-课题-MASH研究-v1/docking/ligands/np_Ganoderma_lucidum_Lucidenic_acid_C.pdbqt,3709,63bfc73a73dd9fe968286a4fce2467a65ddd102950adbee94d431f4db643de49,True,True,not_implied_by_inventory
02-课题-MASH研究-v1/docking/ligands/np_Ganoderma_lucidum_Lucidenic_acid_F.pdbqt,3340,13b59a697a5d63558223af277d278da2e01ce3fd19e83ca34cf7cf1ba3c7341b,True,True,not_implied_by_inventory
02-课题-MASH研究-v1/docking/ligands/np_Ganoderma_lucidum_Lucidenic_acid_N.pdbqt,3591,8dc73e649a592c5e996d99938376c31d8c4667b5dcfdd8863289410c3a616309,True,True,not_implied_by_inventory
02-课题-MASH研究-v1/docking/ligands/np_Ganoderma_lucidum_Lucidenic_acid_O.pdbqt,3963,d156817e2dc8a350d69b8abfd9d0c3d0f88b38afd842f1878537596220e2b006,True,True,not_implied_by_inventory
02-课题-MASH研究-v1/docking/ligands/np_Glycyrrhiza_uralensis_Echinatin.pdbqt,2236,40e723e81aef7914b719097d99b3eeb787fdc7cc4e10c27a54d743795a16b764,True,True,not_implied_by_inventory
02-课题-MASH研究-v1/docking/ligands/np_Glycyrrhiza_uralensis_Formononetin.pdbqt,2043,76be026bbf01a718020464c8ed473c79d42014628fb9dac83445fd060a9938b9,True,True,not_implied_by_inventory
02-课题-MASH研究-v1/docking/ligands/np_Glycyrrhiza_uralensis_Glabrene.pdbqt,2506,aff9b9dc16c2126baf3f0da8fef066d77d55b0ea52b4ed5a2f55f033286170d7,True,True,not_implied_by_inventory
02-课题-MASH研究-v1/docking/ligands/np_Glycyrrhiza_uralensis_Glabridin.pdbqt,2511,bffc9a31263fe5dfbfd1b5d823ce8e7b74f6a9d69aeaf11aba5620437d14f899,True,True,not_implied_by_inventory
02-课题-MASH研究-v1/docking/ligands/np_Glycyrrhiza_uralensis_Glyasperin_C.pdbqt,2913,04cd329f13362b5fcecc074b89756006a5b5d9e6ff7d833a1142b2eb24e4e648,True,True,not_implied_by_inventory
02-课题-MASH研究-v1/docking/ligands/np_Glycyrrhiza_uralensis_Glycyrol.pdbqt,2843,ba0dd153d3f72bb9a2047240fdb302379f6be558fafeca500f48a7291d6a65b7,True,True,not_implied_by_inventory
02-课题-MASH研究-v1/docking/ligands/np_Glycyrrhiza_uralensis_Isoglycyrol.pdbqt,2652,9f41ff6a88233ac735a1ee3f5e03819df202a19100d79a58453f56de4700860a,True,True,not_implied_by_inventory
02-课题-MASH研究-v1/docking/ligands/np_Glycyrrhiza_uralensis_Isolicoflavonol.pdbqt,2998,7ea34553e8ec1832e29fc9a7924bed74aa791c3fc838fb5981dceb5130d0d05a,True,True,not_implied_by_inventory
02-课题-MASH研究-v1/docking/ligands/np_Glycyrrhiza_uralensis_Isoliquiritigenin.pdbqt,2235,c7f9c2742fdb762d3663e1b5e5d10fdf4c3b83971d3fac8b9745d4a4b3c5ece1,True,True,not_implied_by_inventory
02-课题-MASH研究-v1/docking/ligands/np_Glycyrrhiza_uralensis_Licochalcone_A.pdbqt,2773,1da0877d7030b041abe56a0f6058ebe894b3212c7bbb7f5d1d815c38176df021,True,True,not_implied_by_inventory
02-课题-MASH研究-v1/docking/ligands/np_Glycyrrhiza_uralensis_Licochalcone_B.pdbqt,2449,36dfa657ed97ec62466eeb096e56af99259abf52398ef12b3ad3bab5a008c832,True,True,not_implied_by_inventory
02-课题-MASH研究-v1/docking/ligands/np_Glycyrrhiza_uralensis_Licoflavanone.pdbqt,2787,329aa92c8f678375dbac2efad0c0df2947fcd1a976e8bc95eb745b6f9f539577,True,True,not_implied_by_inventory
02-课题-MASH研究-v1/docking/ligands/np_Glycyrrhiza_uralensis_Licoisoflavone_A.pdbqt,2997,f34ee6827753b81eb2b8aa3f761967f1870869c8ce6b019c53abb4acc3c70701,True,True,not_implied_by_inventory
02-课题-MASH研究-v1/docking/ligands/np_Glycyrrhiza_uralensis_Licoisoflavone_B.pdbqt,2808,dcde98246b4e866f3d10d911c94e8a9c7bf943012837f78614badb9439c1877e,True,True,not_implied_by_inventory
02-课题-MASH研究-v1/docking/ligands/np_Glycyrrhiza_uralensis_Liquiritigenin.pdbqt,2047,da87ad4d0edea05f6fe94fc34d1e3403e92f572b2bab5977ac9014bca2f7d685,True,True,not_implied_by_inventory
02-课题-MASH研究-v1/docking/ligands/np_Glycyrrhiza_uralensis_Liquiritin.pdbqt,3536,d87fe0cf784a41acb63d93d544a34bd347ed0a4a768d7be2985d355d96402c10,True,True,not_implied_by_inventory
02-课题-MASH研究-v1/docking/ligands/np_Glycyrrhiza_uralensis_Neoliquiritin.pdbqt,3535,4f34779b2eeb6c58a2c927bb90bc9b56b0f1c7b319dcb241e71873ffcfae67cd,True,True,not_implied_by_inventory
02-课题-MASH研究-v1/docking/ligands/np_Glycyrrhiza_uralensis_Semilicoisoflavone_B.pdbqt,2808,7263cc01a333d54727ace7c549687c25f8dbd5fd2bc994efe37e2da7ed1a464a,True,True,not_implied_by_inventory
02-课题-MASH研究-v1/docking/ligands/np_Salvia_miltiorrhiza_Cryptotanshinone.pdbqt,2036,dce6688ccf336be4de28e17db38738f85864f563396601c6dc8ae38f6ac2c005,True,True,not_implied_by_inventory
02-课题-MASH研究-v1/docking/ligands/np_Salvia_miltiorrhiza_Danshenxinkun_A.pdbqt,2348,8e4ffa10c6a0096d556e2d325931816fbb1c04f25a46a10b254e0308f6ab5bd0,True,True,not_implied_by_inventory
02-课题-MASH研究-v1/docking/ligands/np_Salvia_miltiorrhiza_Danshenxinkun_B.pdbqt,2103,3404855ab84b563e52440ffdd77bc48948ee278f69282202e5beb993b97b6a67,True,True,not_implied_by_inventory
02-课题-MASH研究-v1/docking/ligands/np_Salvia_miltiorrhiza_Dihydrotanshinone_I.pdbqt,1951,b28c92ca328237529d7c96200c703366498aed35db4adf73ab7f501cbbb6c354,True,True,not_implied_by_inventory
02-课题-MASH研究-v1/docking/ligands/np_Salvia_miltiorrhiza_Isocryptotanshinone.pdbqt,2032,f54d487ca2ff2fca263f41197f0322c4514082323c78b8c271ad273ac07267bc,True,True,not_implied_by_inventory
02-课题-MASH研究-v1/docking/ligands/np_Salvia_miltiorrhiza_Isotanshinone_IIB.pdbqt,2276,245293f1e97f66c628eb5dcdaa539249ca526b4f0626ff2b88e25217d5404f75,True,True,not_implied_by_inventory
02-课题-MASH研究-v1/docking/ligands/np_Salvia_miltiorrhiza_Methylenetanshinquinone.pdbqt,1945,28709eaddff08057227fd899ba21b337c9fb19186963495e46343356b1618127,True,True,not_implied_by_inventory
02-课题-MASH研究-v1/docking/ligands/np_Salvia_miltiorrhiza_Miltirone.pdbqt,1979,a5acdaf9b5fbb227b59fa87bc47edcc8322ce6ffdfb22054d5e8f72bd0881d5a,True,True,not_implied_by_inventory
02-课题-MASH研究-v1/docking/ligands/np_Salvia_miltiorrhiza_Neocryptotanshinone.pdbqt,2458,384716ee00f4556a57e40fd67acc8473822240dabbd9676f37394e617232fb62,True,True,not_implied_by_inventory
02-课题-MASH研究-v1/docking/ligands/np_Salvia_miltiorrhiza_Przewalskin.pdbqt,1988,5c67ce244c67b1134e20b0124d8d0aaae73bfc7e19408ba1289c226df2ad54ce,True,True,not_implied_by_inventory
02-课题-MASH研究-v1/docking/ligands/np_Salvia_miltiorrhiza_Salvilenone.pdbqt,2070,57087fbe30f14ff882bcc2f89d8fae92c465b95a93244fe79c456b824b6e4efb,True,True,not_implied_by_inventory
02-课题-MASH研究-v1/docking/ligands/np_Salvia_miltiorrhiza_Sugiol.pdbqt,2198,a12f8a26141512ddc0796ecd16079cafb7f960d907181866d1a67bca64877975,True,True,not_implied_by_inventory
02-课题-MASH研究-v1/docking/ligands/np_Salvia_miltiorrhiza_Tanshindiol_A.pdbqt,2403,f87d778a89f22f0551a417f873502f3a21b009e862e4ee54bc796e41364bae2d,True,True,not_implied_by_inventory
02-课题-MASH研究-v1/docking/ligands/np_Salvia_miltiorrhiza_Tanshindiol_B.pdbqt,2373,6cdd6ac3bd50473645c8ed6b1634e660b68abc20d831715ce4a2033192e34e10,True,True,not_implied_by_inventory
02-课题-MASH研究-v1/docking/ligands/np_Salvia_miltiorrhiza_Tanshindiol_C.pdbqt,2374,8cabe7467de895e9030b9610246acf9a899d28b86a9f99c278e4a71e6a7d71ae,True,True,not_implied_by_inventory
02-课题-MASH研究-v1/docking/ligands/np_Salvia_miltiorrhiza_Tanshinone_I.pdbqt,1944,1f3307b8cbe04150ecc8df1b328dee785b0709347c5770cf938317ab19da5dc8,True,True,not_implied_by_inventory
02-课题-MASH研究-v1/docking/ligands/np_Salvia_miltiorrhiza_Tanshinone_IIA.pdbqt,2032,eaa2d7a87c944cc3973453ade2a0e1c36b45327cffdd5ea7d9b427961a7a1914,True,True,not_implied_by_inventory
02-课题-MASH研究-v1/docking/ligands/np_Salvia_miltiorrhiza_Tanshinone_IIB.pdbqt,2277,4a9c8affda214f5116880aadc4bac864a57ce288aa7b89bbfcb1dabef4d2def6,True,True,not_implied_by_inventory
02-课题-MASH研究-v1/docking/ligands/np_Schisandra_chinensis_Chamigrenal.pdbqt,1535,b2e397819077386219673f5caf1a6d11195534ad59adfe9f29016e668b750834,True,True,not_implied_by_inventory
02-课题-MASH研究-v1/docking/ligands/np_Schisandra_chinensis_Gomisin_H.pdbqt,3563,ecd43fab5300820e307d75604064db6c4fd5b421eb56d0fa8eac4d247ef164bc,True,True,not_implied_by_inventory
02-课题-MASH研究-v1/docking/ligands/np_Schisandra_chinensis_Gomisin_J.pdbqt,3349,cc58d34238436b2af638a56cb1819cd610ddd2caf9cd8540c9c197854bb7d709,True,True,not_implied_by_inventory
02-课题-MASH研究-v1/docking/ligands/np_Schisandra_chinensis_Gomisin_K1.pdbqt,3351,bbd470ae8392c28d062852085ad2bcb4cffff165aca1ab2c7e7f03eece59beef,True,True,not_implied_by_inventory
02-课题-MASH研究-v1/docking/ligands/np_Schisandra_chinensis_Gomisin_K3.pdbqt,3352,7131dbb81169a03b18a9aa32ebd22b51c2e401e8f9d3dc8eaba2d491b5631bc6,True,True,not_implied_by_inventory
02-课题-MASH研究-v1/docking/ligands/np_Schisandra_chinensis_Gomisin_L1.pdbqt,3194,4e810b0eec83190881a9f69b28f76606360c14d967969f04292796390ea8ac69,True,True,not_implied_by_inventory
02-课题-MASH研究-v1/docking/ligands/np_Schisandra_chinensis_Gomisin_L2.pdbqt,3194,0c10abb8d0f63323eba11e21f2fe50aa3c4868a09d525d27d9ee96ba7fa3da11,True,True,not_implied_by_inventory
02-课题-MASH研究-v1/docking/ligands/np_Schisandra_chinensis_Gomisin_M1.pdbqt,3184,8d138f67fe1039214c6f0b6932a1508fdd1fb00c82537d8fa232a72c48de386d,True,True,not_implied_by_inventory
02-课题-MASH研究-v1/docking/ligands/np_Schisandra_chinensis_Gomisin_M2.pdbqt,3194,d016b14cbb9110aa8c8811220b48b0a262e25ab605eb6d5c7ced892dc2824c57,True,True,not_implied_by_inventory
02-课题-MASH研究-v1/docking/ligands/np_Schisandra_chinensis_Gomisin_N.pdbqt,3194,58098401668efe4bf6e5717def89834acae5aeba4dc73a0a4cd7ec5ceeda9b62,True,True,not_implied_by_inventory
02-课题-MASH研究-v1/docking/ligands/np_Schisandra_chinensis_Gomisin_O.pdbqt,3408,da67fc1ec8cd1a0453e9dc02f5b98168b4e32f9acb8218ea692f4a7d39782823,True,True,not_implied_by_inventory
02-课题-MASH研究-v1/docking/ligands/np_Schisandra_chinensis_Pregomisin.pdbqt,3150,3326ec4004f98aa7e67e671417e78c73cf3203301f8030389be866f3edd96058,True,True,not_implied_by_inventory
02-课题-MASH研究-v1/docking/ligands/np_Schisandra_chinensis_Schisandrin_A.pdbqt,3352,39bb566eb693000c0f089142884f60e3a2c54b189ce9163319a88828f795b17a,True,True,not_implied_by_inventory
02-课题-MASH研究-v1/docking/ligands/np_Schisandra_chinensis_Schisandrin_B.pdbqt,3186,dc6e8ce71ac330e00af14800d724defcf78aaba355d232cd1d9738a026c6fa74,True,True,not_implied_by_inventory
02-课题-MASH研究-v1/docking/ligands/np_Schisandra_chinensis_Schisandrin_C.pdbqt,3036,85f7604bdeb4f5a134965715fe3b249f365a33260d0bee53bd1f12230b761b5f,True,True,not_implied_by_inventory
02-课题-MASH研究-v1/docking/ligands/np_Schisandra_chinensis_Schisandrol_A.pdbqt,3565,b8ce5ddf8b472660808a7ed652750842ee706dc2041837c9ce2c467bb7f32841,True,True,not_implied_by_inventory
02-课题-MASH研究-v1/docking/ligands/np_Schisandra_chinensis_Schisandrol_B.pdbqt,3398,22eea259476f70d1a28df3f439c3dc0f6351d4acb67390e00f68d08c7fd80738,True,True,not_implied_by_inventory
02-课题-MASH研究-v1/docking/ligands/np_Schisandra_chinensis_Schisanhenol.pdbqt,3352,7131dbb81169a03b18a9aa32ebd22b51c2e401e8f9d3dc8eaba2d491b5631bc6,True,True,not_implied_by_inventory
02-课题-MASH研究-v1/docking/ligands/np_Silybum_marianum_2_3_Dehydrosilybin.pdbqt,3978,1b51f9b82b78298c9e3e348aa1443a2c50aa0a9afb087b9070e42aab05d440de,True,True,not_implied_by_inventory
02-课题-MASH研究-v1/docking/ligands/np_Silybum_marianum_Isosilybin_A.pdbqt,3986,3c9b76673592600c6a86bcbdaf3cb269b98f9e73ec65b60a5351766d28ea910d,True,True,not_implied_by_inventory
02-课题-MASH研究-v1/docking/ligands/np_Silybum_marianum_Isosilybin_B.pdbqt,3986,7125e9ba20b2df703b4cd7d6fa837023e668b5e68ffb6d315c68f94cd43031fe,True,True,not_implied_by_inventory
02-课题-MASH研究-v1/docking/ligands/np_Silybum_marianum_Neosilyhermin_A.pdbqt,3886,4bfa8be032d60c988845ef8b12b024aa0bbf74b15ebbc1c18e9f69b7995948a3,True,True,not_implied_by_inventory
02-课题-MASH研究-v1/docking/ligands/np_Silybum_marianum_Neosilyhermin_B.pdbqt,3887,578a310f67203552cf87339df2ce20a545763d40c11ee1fe162d6887396e433c,True,True,not_implied_by_inventory
02-课题-MASH研究-v1/docking/ligands/np_Silybum_marianum_Silandrin.pdbqt,3772,c41d7526a855182ca1740e46f9562858dbe2aa1c86e89deee3ca9a263050b86b,True,True,not_implied_by_inventory
02-课题-MASH研究-v1/docking/ligands/np_Silybum_marianum_Silybin_A.pdbqt,3986,364b2fc54c0172e45f5d290747f2e4f5d69cf0141d48b7bc2a4b0c0c1ed84f7a,True,True,not_implied_by_inventory
02-课题-MASH研究-v1/docking/ligands/np_Silybum_marianum_Silybin_B.pdbqt,3986,63445d0a99a62bf7cfe31f3e5c7429878ff4f1530587d842f8d30a4cf76d54a3,True,True,not_implied_by_inventory
02-课题-MASH研究-v1/docking/ligands/np_Silybum_marianum_Silydianin.pdbqt,3973,2db0a3ed2acd9e7b6e15c726cdd54940a690c445701deae1da597d0ed8782a2f,True,True,not_implied_by_inventory
02-课题-MASH研究-v1/docking/ligands/np_Silybum_marianum_Silyhermin.pdbqt,3887,1383c38e398ddfda082ac5b66d133e20845948ae82d8c544328edfd080b16ff9,True,True,not_implied_by_inventory
02-课题-MASH研究-v1/docking/ligands/np_Silybum_marianum_Silymonin.pdbqt,3759,e4fd9ade376804af4a42b7877ba483c3cad0ccd04a92833489769909815ada23,True,True,not_implied_by_inventory
02-课题-MASH研究-v1/docking/ligands/np_Sophora_flavescens_Aloperine.pdbqt,1687,93fabbe75ecc4e9d0cbd151882c43e3c3aab42bf30e6f1ff5dc47cfdb98b7ffd,True,True,not_implied_by_inventory
02-课题-MASH研究-v1/docking/ligands/np_Sophora_flavescens_Anagyrine.pdbqt,1685,c888e81a036adbe382a23c711520d44c319a306cff81196acebde93be59392d5,True,True,not_implied_by_inventory
02-课题-MASH研究-v1/docking/ligands/np_Sophora_flavescens_Baptifoline.pdbqt,1901,dff21c6cee9264d07ee5206b3821780c0cfc293ca7fd349684756149dfa4d4cb,True,True,not_implied_by_inventory
02-课题-MASH研究-v1/docking/ligands/np_Sophora_flavescens_Formononetin.pdbqt,2043,76be026bbf01a718020464c8ed473c79d42014628fb9dac83445fd060a9938b9,True,True,not_implied_by_inventory
02-课题-MASH研究-v1/docking/ligands/np_Sophora_flavescens_Kurarinol.pdbqt,3803,c36d53fad9f411aca1d6eb1b13ced4b8f713cd7a101205c0d574ffc4fa59471b,True,True,not_implied_by_inventory
02-课题-MASH研究-v1/docking/ligands/np_Sophora_flavescens_Kushenol_C.pdbqt,3767,4230d668adb2e9fb9f90729b704eda2f6dece59a41b6dd97bade517ffa76d807,True,True,not_implied_by_inventory
02-课题-MASH研究-v1/docking/ligands/np_Sophora_flavescens_Kushenol_E.pdbqt,3518,bc6d923df393d3e5b48f3d847d82bbcf3dd50e963e7e15abc578a1f1dd081aae,True,True,not_implied_by_inventory
02-课题-MASH研究-v1/docking/ligands/np_Sophora_flavescens_Kushenol_H.pdbqt,4039,dade6722b996a0ff2515660f5204140234a1866dccc3994756b5259da98f1fa1,True,True,not_implied_by_inventory
02-课题-MASH研究-v1/docking/ligands/np_Sophora_flavescens_Kushenol_I.pdbqt,3774,9799c921e0d3d657cbbf827734530dc3d640972cf8ae3563a5f640080ad443ee,True,True,not_implied_by_inventory
02-课题-MASH研究-v1/docking/ligands/np_Sophora_flavescens_Maackiain.pdbqt,2071,10dc3e4104e6fe208002924b41157e2d850ec0e68a8b326dab0a1287dde959ee,True,True,not_implied_by_inventory
02-课题-MASH研究-v1/docking/ligands/np_Sophora_flavescens_Matrine.pdbqt,1693,bf3788dd9ace02beb27805dd6648eb5b3ed827deafd557de0cc620e782da6531,True,True,not_implied_by_inventory
02-课题-MASH研究-v1/docking/ligands/np_Sophora_flavescens_N_Methylcytisine.pdbqt,1419,14a03464f34a0723a023a3bd35015ad1db5175b2fdb05d9629046d86267ee8d9,True,True,not_implied_by_inventory
02-课题-MASH研究-v1/docking/ligands/np_Sophora_flavescens_Oxymatrine.pdbqt,1790,75789689d08996bba79c192d00437abc7a6004303f796c0df861dc6ab8c322dd,True,True,not_implied_by_inventory
02-课题-MASH研究-v1/docking/ligands/np_Sophora_flavescens_Oxysophocarpine.pdbqt,1790,4a8bcea51f6a63d6cfd68730ec1312beab0604b2452a79b863e8ffc67810103f,True,True,not_implied_by_inventory
02-课题-MASH研究-v1/docking/ligands/np_Sophora_flavescens_Sophocarpine.pdbqt,1694,d4697c153a8b6bc90afca92620ca91d10dcddd26bf6905da1ae3e68ca214d1cb,True,True,not_implied_by_inventory
02-课题-MASH研究-v1/docking/ligands/np_Sophora_flavescens_Sophoraflavanone_G.pdbqt,3556,12c2e9d17d4cce6b56bff57272041d7f997d6fa09f931f890abe4eb4b18fbd22,True,True,not_implied_by_inventory
02-课题-MASH研究-v1/docking/ligands/np_Sophora_flavescens_Sophoramine.pdbqt,1685,c8d4bd6089391c841b8ec54241ca00ab65dfe49fd182c35f60feb08c3aabf7bc,True,True,not_implied_by_inventory
02-课题-MASH研究-v1/docking/ligands/np_Sophora_flavescens_Sophoridine.pdbqt,1692,b43c05f96204005ac5daf9b514f5c4a086ea00e209caf2557a5fcbbc6f8ca64d,True,True,not_implied_by_inventory
02-课题-MASH研究-v1/docking/ligands/np_Tripterygium_wilfordii_Tripterifordin.pdbqt,2291,7b759c0bfc3e2b5e31e01cc15c17d210dbb375db38a8dd4f2778f0e963142e5b,True,True,not_implied_by_inventory
02-课题-MASH研究-v1/docking/ligands/np_Tripterygium_wilfordii_Triptophenolide.pdbqt,2304,972f52cab390ed51404ada6e32ae46f4a334b64424bdff10a4332ffb79335f95,True,True,not_implied_by_inventory
02-课题-MASH研究-v1/docking/ligands/obs_primary_Ampelopsis_grossedentata_dihydrokaempferol.pdbqt,2471,2414fa8838e8cc415ce00b41672e5aa648031a0e6b9e105adef51d2799dc7bb2,True,True,not_implied_by_inventory
02-课题-MASH研究-v1/docking/ligands/obs_primary_Ampelopsis_grossedentata_dihydroquercetin.pdbqt,2683,a16a18a248e717e9cb7e4904fecdb981f44e4906b953685575b711be93f39622,True,True,not_implied_by_inventory
02-课题-MASH研究-v1/docking/ligands/obs_primary_Antrodia_cinnamomea_antrodin_A.pdbqt,1943,f50dc0583853b9bf347ec9285f1ac8de09c44274347aefd7fbb1438c7a5c02ab,True,True,not_implied_by_inventory
02-课题-MASH研究-v1/docking/ligands/obs_primary_Phyllanthus_niruri_hypophyllanthin.pdbqt,3137,b1a47034847af389fe2a67e64a3f958639c448ef668d6c453884ce979a8c3467,True,True,not_implied_by_inventory
02-课题-MASH研究-v1/docking/ligands/obs_primary_Phyllanthus_niruri_lintetralin.pdbqt,2925,01699e56c69f000163e03c4476040be3e3276faad2267dd80fe8b9365e72cf61,True,True,not_implied_by_inventory
02-课题-MASH研究-v1/docking/ligands/obs_primary_Phyllanthus_niruri_niranthin.pdbqt,3275,3c8722897ecf9bad31b0527d56e0b1da9e68ae4cd33902bb622b00672e1037ea,True,True,not_implied_by_inventory
02-课题-MASH研究-v1/docking/ligands/obs_primary_Phyllanthus_niruri_nirtetralin.pdbqt,3138,1d1ba639ecde38cd06304bf552571fcc11c86de41ab3d1df11f48c589d25712c,True,True,not_implied_by_inventory
02-课题-MASH研究-v1/docking/ligands/obs_primary_Phyllanthus_niruri_norsecurinine.pdbqt,1425,08c7b9f6be9157ef4bcc988b895a00f424417f07b0145e63cfedae48a2c9bd0e,True,True,not_implied_by_inventory
02-课题-MASH研究-v1/docking/ligands/obs_primary_Phyllanthus_niruri_phyllanthin.pdbqt,3220,7407a698634a8f99134471e04d221108a02cd13a9550c34d9d16827cda86fb85,True,True,not_implied_by_inventory
02-课题-MASH研究-v1/docking/ligands/obs_primary_Phyllanthus_niruri_phyltetralin.pdbqt,3083,b1b7891c045dcd44af1dd57a9a20905512ff765cf6543d7d017c730f80b31292,True,True,not_implied_by_inventory
02-课题-MASH研究-v1/docking/ligands/obs_primary_Swertia_spp_decussatin.pdbqt,2256,41debac5f6c1dadcea6f8d8d6e79fe7546a91bb3725a252a575bd0f9d015ef53,True,True,not_implied_by_inventory
02-课题-MASH研究-v1/docking/ligands/obs_primary_Swertia_spp_gentiopicroside.pdbqt,2975,b866f7a04b9a2eb9b9b91715b666a4cf5ae60501a80e503d7b7b8e6f5d589ca4,True,True,not_implied_by_inventory
02-课题-MASH研究-v1/docking/ligands/obs_primary_Swertia_spp_sweroside.pdbqt,2979,79e48cde4c9d5bea3f7ff192d0bff2de46410f113d803bf95368bc454523f4ed,True,True,not_implied_by_inventory
02-课题-MASH研究-v1/docking/ligands/obs_primary_Swertia_spp_swertiamarin.pdbqt,3188,8e35fa5ab7b110cdb1a902ea56960ab866871edc6564d7504e108081fc51d8fc,True,True,not_implied_by_inventory
02-课题-MASH研究-v1/docking/ligands/obs_sensitivity_Antrodia_cinnamomea_antcin_A.pdbqt,3414,12d239925211456dcc0cd49ab2b17a436c7d95d85e05ac66be6061c8bc546feb,True,True,not_implied_by_inventory
02-课题-MASH研究-v1/docking/ligands/obs_sensitivity_Antrodia_cinnamomea_antcin_B.pdbqt,3478,a77bf089fa180fa5dd268ebfc91373a607222469f8c2bc85a1305543b01c693c,True,True,not_implied_by_inventory
02-课题-MASH研究-v1/docking/ligands/obs_sensitivity_Antrodia_cinnamomea_dehydroeburicoic_acid.pdbqt,3620,b99c60e1872aa15fdf3a5e270a4293d89c3248d5c5d277a314cd2ddd95f05524,True,True,not_implied_by_inventory
02-课题-MASH研究-v1/docking/ligands/obs_sensitivity_Antrodia_cinnamomea_eburicoic_acid.pdbqt,3622,fe39346cacbac048ee3907171ce93ee26246de9482601a170aefa0a70530e49f,True,True,not_implied_by_inventory
02-课题-MASH研究-v1/docking/ligands/obs_sensitivity_Antrodia_cinnamomea_zhankuic_acid_A.pdbqt,3503,f9846dfef18ba79502c3e8df2d856931c76a71e1e3cb91a7ecfa8d9fc2aa4f14,True,True,not_implied_by_inventory
02-课题-MASH研究-v1/docking/ligands/obs_sensitivity_Centella_asiatica_madecassic_acid.pdbqt,4051,27fd0ed9712c5ab4578703a9cdf05cb606157d0bcd687a3134af03e0b54b002c,True,True,not_implied_by_inventory
02-课题-MASH研究-v1/docking/ligands/obs_sensitivity_Centella_asiatica_terminolic_acid.pdbqt,4043,d76dfb898d861d7231489d4feccc6cf944303aebef937cde6380b38c0db189f0,True,True,not_implied_by_inventory
02-课题-MASH研究-v1/docking/ligands/obs_sensitivity_Ilex_kudingcha_ilexgenin_A.pdbqt,3918,809a9cb6f0c12047ccf22c39d4e5bfa7f5747a61d5d5e7c979b9dd87004be604,True,True,not_implied_by_inventory
02-课题-MASH研究-v1/docking/ligands/obs_sensitivity_Ilex_kudingcha_ilexolic_acid_A.pdbqt,4044,01c0f3ba697c83efe5959287f292aae95b83a3146a3445b40c60a11c8db2ed2b,True,True,not_implied_by_inventory
02-课题-MASH研究-v1/docking/ligands/obs_sensitivity_Ilex_kudingcha_ursolic_acid.pdbqt,3369,37affe262715ef98a92fbc00b7a271bae4970c7e8eda360726f93211ab3e133f,True,True,not_implied_by_inventory
02-课题-MASH研究-v1/docking/ligands/obs_sensitivity_Inonotus_obliquus_3beta_hydroxylanosta_8_24_dien_21_al.pdbqt,3267,d2e54b758bde801d01fbac7487650305c251d0c3d40ad2c039da09a39a4443d5,True,True,not_implied_by_inventory
02-课题-MASH研究-v1/docking/ligands/obs_sensitivity_Inonotus_obliquus_betulin.pdbqt,3295,26ed5131383bf3f08e949231cb0368293b3a2f644e396157349f6bd31f23d2a7,True,True,not_implied_by_inventory
02-课题-MASH研究-v1/docking/ligands/obs_sensitivity_Inonotus_obliquus_betulinic_acid.pdbqt,3387,82aa401c05eab41da012a77b6ddff035841d0b7f05f7debaa7019591a5e2f890,True,True,not_implied_by_inventory
02-课题-MASH研究-v1/docking/ligands/obs_sensitivity_Inonotus_obliquus_inotodiol.pdbqt,3359,a1ec479237d0f4bbb7fc034640f9340461f8c23af4216727336481dbae61351b,True,True,not_implied_by_inventory
02-课题-MASH研究-v1/docking/ligands/obs_sensitivity_Inonotus_obliquus_trametenolic_acid.pdbqt,3498,c132312a91bec78cb0aa0cef9e7462bdd774874142fc967cd3d4b9cf87f547b0,True,True,not_implied_by_inventory
02-课题-MASH研究-v1/docking/ligands/tcmfinal0.pdbqt,4103,facd959ab98386137d52a4498895f80c783a73adb8d67336a644fbe6940eb7b2,True,True,not_implied_by_inventory
02-课题-MASH研究-v1/docking/ligands/tcmfinal1.pdbqt,4221,2d067da86c83ab7e406e707a25fb32c900bf1afddf69202f7a70a52dd92fd18e,True,True,not_implied_by_inventory
02-课题-MASH研究-v1/docking/ligands/tcmfinal2.pdbqt,3990,d33bad34c695552ef91ab2746aeb68dee86bc0b01db15d6e127b3a5bb5312338,True,True,not_implied_by_inventory
02-课题-MASH研究-v1/docking/ligands/tcmfinal3.pdbqt,5727,3afbaded77441f9f2aa280968d44d30b377a5b66c53052a20993734c546b0490,True,True,not_implied_by_inventory
02-课题-MASH研究-v1/docking/ligands/tcmfinal4.pdbqt,5466,3c33dffa39f701105b4631f7d2502ea99ec4d545844260a886bd1f810883f6f3,True,True,not_implied_by_inventory
02-课题-MASH研究-v1/docking/ligands/tcmfinal5.pdbqt,4718,b1d91b710be658db8c82356105003e0d0270951bcfca3cb2adc9cc1082f662db,True,True,not_implied_by_inventory
02-课题-MASH研究-v1/docking/ligands/tcmfinal6.pdbqt,3477,a8e61fb24aa884f98e7d98b9c218181194fbe5d137695be4ebcc551b45deaf69,True,True,not_implied_by_inventory
02-课题-MASH研究-v1/docking/ligands/tcmfinal7.pdbqt,2600,119645d4f7a899ce236e9c096dce8027fc28790becaf60c4577e34ae92621c92,True,True,not_implied_by_inventory
02-课题-MASH研究-v1/docking/ligands/top_Coptis_chinensis_8_Oxocoptisine.pdbqt,2316,b3ff59e8c16c0d9b5e859eb579776a794cb59f24caa99570d93a7b21add4a0bd,True,True,not_implied_by_inventory
02-课题-MASH研究-v1/docking/ligands/top_Coptis_chinensis_Berberine.pdbqt,2386,6345d71a42a33ce3d21e595d39b26fdc1bd8649caf4ba356e210c6f975cb8c31,True,True,not_implied_by_inventory
02-课题-MASH研究-v1/docking/ligands/top_Coptis_chinensis_Berberrubine.pdbqt,2385,6fb4329487fea9e5238196b90705f9bc9cc35243410e703e2bd074543c8384dc,True,True,not_implied_by_inventory
02-课题-MASH研究-v1/docking/ligands/top_Coptis_chinensis_Coptisine.pdbqt,2230,bc66ef60c37b60ad3530d71c414d80499c22c4b2917a131e8fb638479cde9284,True,True,not_implied_by_inventory
02-课题-MASH研究-v1/docking/ligands/top_Coptis_chinensis_Epiberberine.pdbqt,2386,8e27a6d9fdf3b6309c145d1d6380bbb6530b5501e9ee59e917589713cd465a2e,True,True,not_implied_by_inventory
02-课题-MASH研究-v1/docking/ligands/top_Coptis_chinensis_Groenlandicine.pdbqt,2384,6acf393c0e2c1e7162aa60d42e4770e298ee2f9352814f31e5eea652f3c57db9,True,True,not_implied_by_inventory
02-课题-MASH研究-v1/docking/ligands/top_Coptis_chinensis_Jatrorrhizine.pdbqt,2542,38659fbf8bc48c88f14515f8094e6901407d98665b06910f7e7da85bb044dba6,True,True,not_implied_by_inventory
02-课题-MASH研究-v1/docking/ligands/top_Coptis_chinensis_Stylopine.pdbqt,2230,a8b61e268ef5bfea2efce585999d209b11aeab6f3b5ba51a3a79f7f4692e1af4,True,True,not_implied_by_inventory
02-课题-MASH研究-v1/docking/ligands/top_Coptis_chinensis_Worenine.pdbqt,2320,ef58e5b7d1b7f4edd27186580dac913e233a71ddc1a7a297e97ee37982322729,True,True,not_implied_by_inventory
02-课题-MASH研究-v1/docking/ligands/top_Sophora_flavescens_Maackiain.pdbqt,2071,10dc3e4104e6fe208002924b41157e2d850ec0e68a8b326dab0a1287dde959ee,True,True,not_implied_by_inventory
02-课题-MASH研究-v1/docking/ligands/v2hit02.pdbqt,1662,dcbdd1d763d48977becece67a44b96f5a60468c64de7247ad6001bce7bfe50ca,True,True,not_implied_by_inventory
02-课题-MASH研究-v1/docking/ligands/v2hit03.pdbqt,5394,bdada5c5eb5c4c28bf899e57c706bc3547a1652aaedb2cc00783b2fcb3b86cfd,True,True,not_implied_by_inventory
02-课题-MASH研究-v1/docking/ligands/v2hit04.pdbqt,2657,33e63e558defa1015cdf75cf5b7092e2ca436a5b9386a6e530b59802d560d445,True,True,not_implied_by_inventory
02-课题-MASH研究-v1/docking/ligands/v2hit05.pdbqt,3144,066d1cd6d71b2be26d3e0bae4c6588b17c49180d0f84f181f8c5faaf96ab19f9,True,True,not_implied_by_inventory
02-课题-MASH研究-v1/docking/ligands/v2hit06.pdbqt,4873,38a69fcd339e83d52483379afa0d0a11798df2b1bd1324a84c4e97c74147da1c,True,True,not_implied_by_inventory
02-课题-MASH研究-v1/docking/ligands/v2hit07.pdbqt,1517,5a34f07c9e3c9122fe9a1a1a57297a683327ff95ce3ceef134b8066e4ae3a6ef,True,True,not_implied_by_inventory
02-课题-MASH研究-v1/docking/ligands/v2hit08.pdbqt,2656,88a35bb1aee24b2978a2a835fcc4869a42eb6abed39b864783f6f73d92c01e69,True,True,not_implied_by_inventory
02-课题-MASH研究-v1/docking/ligands/v2hit09.pdbqt,3559,0b28eed97b89e0637fef2bfa4fbf626b87326d3d5efec728bb4c657ee57fcf38,True,True,not_implied_by_inventory
02-课题-MASH研究-v1/docking/ligands/v2hit10.pdbqt,2789,d0a80a2fdb19aa44b1fbf2976593f10080e5c0eb8197c292f83c5412a70641d7,True,True,not_implied_by_inventory
02-课题-MASH研究-v1/docking/ligands/v2hit11.pdbqt,3585,7b500c5f499d4589a2a015675cf9be8f44bd68ac8a4b8c9ef681f8b138f535ea,True,True,not_implied_by_inventory
02-课题-MASH研究-v1/docking/ligands/xproof_Alternaramide.pdbqt,4873,38a69fcd339e83d52483379afa0d0a11798df2b1bd1324a84c4e97c74147da1c,True,True,not_implied_by_inventory
02-课题-MASH研究-v1/docking/ligands/xproof_Antrocinnamomin_F.pdbqt,2651,04abb3995c6f48d5d7775bf189a26d3c05adeb5205e49ae30468a594d25afca4,True,True,not_implied_by_inventory
02-课题-MASH研究-v1/docking/ligands/xproof_Aspernolide_D.pdbqt,3948,0bc3478fe2966b9dba4f5f9bfbcae1e5e9e40ed831a8efc3e1c85914cdfefb92,True,True,not_implied_by_inventory
02-课题-MASH研究-v1/docking/ligands/xproof_Butyrolactone_VI.pdbqt,3944,91624354a5de051d72e4ead24d08d2346de509f22ad002acbf2a7571e597ce5e,True,True,not_implied_by_inventory
02-课题-MASH研究-v1/docking/outputs/ACC2_3GID_S1A_redock_out.pdbqt,42840,3a3b3d054044a9fadda59e96f57b5d1eecac5752b4a001566ab99570ac2eb7fb,True,True,not_implied_by_inventory
02-课题-MASH研究-v1/docking/outputs/ACC2_5KKN_6U3_redock_out.pdbqt,40131,b03d80cfba7c5b72509de38473488c9ff7d47002f81515d1bcf34964b73126ba,True,True,not_implied_by_inventory
02-课题-MASH研究-v1/docking/outputs/FXR_3FLI_33Y_redock_out.pdbqt,26852,b1274fc2a80d0a57e43cc471a8631a1df0457f96618cee130e39a379dfa17e19,True,True,not_implied_by_inventory
02-课题-MASH研究-v1/docking/outputs/THRB_3GWS_T3_redock_out.pdbqt,15255,ba86f1ebc5df09ebb16db564731b7bcfde7704f1ffb3ce4b90050ad1ae4fbd39,True,True,not_implied_by_inventory
02-课题-MASH研究-v1/docking/outputs/ctrl_ACC2_5KKN_ND_646_out.pdbqt,40131,8cf66261f6e7653a9d5cc35fc4feb6b166fb60a678183aaf50a7f6e95699bd7d,True,True,not_implied_by_inventory
02-课题-MASH研究-v1/docking/outputs/ctrl_ACC2_5KKN_soraphen_A_out.pdbqt,42858,650c253114ecd8f47fe19958699de83dbe3bca0587b0504e94d4ca5e96ec19b6,True,True,not_implied_by_inventory
02-课题-MASH研究-v1/docking/outputs/ctrl_FXR_3FLI_GW4064_out.pdbqt,32072,ab4dff18bd3642753bd6ccde66392cac28356953a4ef465669daece5a2455499,True,True,not_implied_by_inventory
02-课题-MASH研究-v1/docking/outputs/ctrl_FXR_3FLI_chenodeoxycholic_acid_out.pdbqt,30663,88722728987c7cf7f35c5eaf8a0b3c79e229c76f36d47275b30e15ae3674ff5b,True,True,not_implied_by_inventory
02-课题-MASH研究-v1/docking/outputs/ctrl_FXR_3FLI_obeticholic_acid_out.pdbqt,29096,f2840ae0b5e327255ea4361854b106e7f081e144528e43fb836cc6a51384cba2,True,True,not_implied_by_inventory
02-课题-MASH研究-v1/docking/outputs/ctrl_FXR_3FLI_tanshinone_IIA_out.pdbqt,16023,462cf5e6cae2457e0b8ed1b8dc754f9b2e9444a410ab09a49711cbdfd15ad116,True,True,not_implied_by_inventory
02-课题-MASH研究-v1/docking/outputs/ctrl_THRB_3GWS_liothyronine_out.pdbqt,15255,73ecce86e439b660bb125d9a5b11e48cd297c65957c38c42b216950189776001,True,True,not_implied_by_inventory
02-课题-MASH研究-v1/docking/outputs/ctrl_THRB_3GWS_resmetirom_out.pdbqt,26160,6aa6dcf06e8e923ae430e0b898fe0583748027a12c5196304f58c5a4c00082be,True,True,not_implied_by_inventory
02-课题-MASH研究-v1/docking/outputs/mt252005_ACC2_5KKN.pdbqt,41445,280b349f42f16c5f6f8b4599afc98e46301254610fc54b294d87988e361e89e7,True,True,not_implied_by_inventory
02-课题-MASH研究-v1/docking/outputs/mt252005_FXR_3FLI.pdbqt,27630,2d4d252d824a94811eb2b41ce09339fb529c8a35652494e3574401f926d1950e,True,True,not_implied_by_inventory
02-课题-MASH研究-v1/docking/outputs/mt252005_THRB_3GWS.pdbqt,18420,d4436e3cd16bec80644d79c0c187d23b91dae0fc17834124d45c6712312ac591,True,True,not_implied_by_inventory
02-课题-MASH研究-v1/docking/outputs/mt316920_ACC2_5KKN.pdbqt,47475,a3415d4a3a15078dfdc18b6c35feb2fca75568789235df9ad4fe2f120a6cfcd0,True,True,not_implied_by_inventory
02-课题-MASH研究-v1/docking/outputs/mt316920_FXR_3FLI.pdbqt,15825,9eb06d952519626acfd603757927ec2da49ddec21dd6e188c6251de1b15050b7,True,True,not_implied_by_inventory
02-课题-MASH研究-v1/docking/outputs/mt316920_THRB_3GWS.pdbqt,15825,50e5f8bca401af8b205e66917bcee62050583294078e90efedb4ee175f2cce57,True,True,not_implied_by_inventory
02-课题-MASH研究-v1/docking/outputs/mt323629_ACC2_5KKN.pdbqt,50247,104eb0dca38bfa02783b53b52d138aa9031673c0b78d880a0a90e861ffdebabf,True,True,not_implied_by_inventory
02-课题-MASH研究-v1/docking/outputs/mt323629_FXR_3FLI.pdbqt,5583,37351940c4316db8aa576650db58d743b13d07c7e419065efd4894c0c1709a9c,True,True,not_implied_by_inventory
02-课题-MASH研究-v1/docking/outputs/mt323629_THRB_3GWS.pdbqt,22332,cd01b4907ba564e76392bdbc23a80f0eb485d4ac8538726c1994d2b1204034ad,True,True,not_implied_by_inventory
02-课题-MASH研究-v1/docking/outputs/mt417143_ACC2_5KKN.pdbqt,51381,4f153b8873c5ace47990ebfb98af9ddcf9de77c62d822d9bcb52262d385e2b4c,True,True,not_implied_by_inventory
02-课题-MASH研究-v1/docking/outputs/mt417143_FXR_3FLI.pdbqt,5709,a34251ee7cb6e286ad5add36492d15c7bb632a811ab0ddd644e7f3bda46ec966,True,True,not_implied_by_inventory
02-课题-MASH研究-v1/docking/outputs/mt417143_THRB_3GWS.pdbqt,11418,f635ec9e1d275644152a4706e7d7c00dddc70a26dfa913538555fec3353b7df5,True,True,not_implied_by_inventory
02-课题-MASH研究-v1/docking/outputs/mt50701_ACC2_5KKN.pdbqt,35487,5615246617cc30cb949ba67bab034ff7be241c378549cd29ba10eee6c0ffbfd6,True,True,not_implied_by_inventory
02-课题-MASH研究-v1/docking/outputs/mt50701_FXR_3FLI.pdbqt,35487,d0e296f1d65c04de5b214df3646369952ab14b5fa5293083562355b683503599,True,True,not_implied_by_inventory
02-课题-MASH研究-v1/docking/outputs/mt50701_THRB_3GWS.pdbqt,11829,298602d1d353f686d6928ae45df23f4c3cf4b2847a73e4990ededd5081bbfb79,True,True,not_implied_by_inventory
02-课题-MASH研究-v1/docking/outputs/mt595957_ACC2_5KKN.pdbqt,37278,116091bc77fcb968c9be4776e3ec2459ea9711062a874e6d7de3caf638119c81,True,True,not_implied_by_inventory
02-课题-MASH研究-v1/docking/outputs/mt595957_FXR_3FLI.pdbqt,37278,7fb4dab3807edb74346033e0cffa334cf78389d18c78315a9905ccb8698499a7,True,True,not_implied_by_inventory
02-课题-MASH研究-v1/docking/outputs/mt595957_THRB_3GWS.pdbqt,37278,052669bc73af2c343ff5447daa206a17a64f8d2f9eb746b27769c74eb67aee99,True,True,not_implied_by_inventory
02-课题-MASH研究-v1/docking/outputs/mt671996_ACC2_5KKN.pdbqt,35181,874a68a26859f96e59de087576fc090d07cbfb3a503e6d00f40273297713d114,True,True,not_implied_by_inventory
02-课题-MASH研究-v1/docking/outputs/mt671996_FXR_3FLI.pdbqt,23454,99a283bc552acdaef9c2093169948559cdd70d3a003cc50e030dd33988ffef37,True,True,not_implied_by_inventory
02-课题-MASH研究-v1/docking/outputs/mt671996_THRB_3GWS.pdbqt,35181,49ad99b77af535b1e4960781938643a965624b77f5a1fc89693f98dfaf809d0a,True,True,not_implied_by_inventory
02-课题-MASH研究-v1/docking/outputs/mt82065_ACC2_5KKN.pdbqt,45045,8ba3bb3acebeb525bc1f77ee8fb312680b037418ae7785942aba7e1305b25807,True,True,not_implied_by_inventory
02-课题-MASH研究-v1/docking/outputs/mt82065_FXR_3FLI.pdbqt,15015,869937e62ae25f3acf0e7faaf6406368a255e2dc91f2cefb958498f65f53f80a,True,True,not_implied_by_inventory
02-课题-MASH研究-v1/docking/outputs/mt82065_THRB_3GWS.pdbqt,20020,f42033f969a10a97109b0c6924f8d3db7b6363e8649a2026af11029b42725832,True,True,not_implied_by_inventory
02-课题-MASH研究-v1/docking/outputs/natlead15_ACC2_5KKN.pdbqt,53613,3add0e40b4dc19d61f8b8f94e54f0e44f360d4c2a2b5ba41617d5c6478059c79,True,True,not_implied_by_inventory
02-课题-MASH研究-v1/docking/outputs/natlead15_FXR_3FLI.pdbqt,29785,a5af285f5383d1ebee9bd2166e9352cc8adb813f1f0b98a647e5d18209d8d570,True,True,not_implied_by_inventory
02-课题-MASH研究-v1/docking/outputs/natlead15_THRB_3GWS.pdbqt,23828,0a19416c466b029361b99884cddb0fb6e9ea5e39a114a2e1a0d90a6629c8e00f,True,True,not_implied_by_inventory
02-课题-MASH研究-v1/docking/outputs/natlead16_ACC2_5KKN.pdbqt,53919,c75c3a6b36a0798506277baa5d7289991f60d99706aec792e7e06d0e15c778e4,True,True,not_implied_by_inventory
02-课题-MASH研究-v1/docking/outputs/natlead16_FXR_3FLI.pdbqt,29955,34e1e5f94225d01293ba212247752af7f747f9deb7cea86d7dc87a2e9f78a46f,True,True,not_implied_by_inventory
02-课题-MASH研究-v1/docking/outputs/natlead16_THRB_3GWS.pdbqt,29955,2e4be05082f575374ac1204cfc41b17994a595e1a5bcb68efdcc5198d3742aee,True,True,not_implied_by_inventory
02-课题-MASH研究-v1/docking/outputs/natlead17_ACC2_5KKN.pdbqt,26343,b7d569f52d3380a8c9001e506634f7a1c31f790daf94e619cd9f4044023401b8,True,True,not_implied_by_inventory
02-课题-MASH研究-v1/docking/outputs/natlead17_FXR_3FLI.pdbqt,26343,b42262112b52b5b3293725fed99185f948c9e621fffc3b57ed5eccb792c7b8ef,True,True,not_implied_by_inventory
02-课题-MASH研究-v1/docking/outputs/natlead17_THRB_3GWS.pdbqt,23416,accd1decd4756fdbefdb62a34826095f51f2f998d0ac0292cff99331e25cbadb,True,True,not_implied_by_inventory
02-课题-MASH研究-v1/docking/outputs/natlead19_ACC2_5KKN.pdbqt,39636,6c282a5607078d0e5e3974b9defc65a2c4998f930f5da631933038fce42f98a5,True,True,not_implied_by_inventory
02-课题-MASH研究-v1/docking/outputs/natlead19_FXR_3FLI.pdbqt,39636,d7bfed5fe9c023dc233396451788af20bf146f12a98b39eacbf639e6e8aa2aef,True,True,not_implied_by_inventory
02-课题-MASH研究-v1/docking/outputs/natlead19_THRB_3GWS.pdbqt,4404,e38b65272e8d61d6645c27331c3be850e766f44163ea470dc49d1d8446597537,True,True,not_implied_by_inventory
02-课题-MASH研究-v1/docking/outputs/natlead20_ACC2_5KKN.pdbqt,38205,d45fc4347c96291c203592a12cdb77452bc19c591793213a5219c23ec1f64eba,True,True,not_implied_by_inventory
02-课题-MASH研究-v1/docking/outputs/natlead20_FXR_3FLI.pdbqt,38205,bfb20dd9838d2863158d337cf634a269b4f220859d425358d75a9ae85219373c,True,True,not_implied_by_inventory
02-课题-MASH研究-v1/docking/outputs/natlead20_THRB_3GWS.pdbqt,25470,f789d4033b621c9ee7fc0e50fe035f4726afddb0adeb11d324e88f0057d26334,True,True,not_implied_by_inventory
02-课题-MASH研究-v1/docking/outputs/natlead21_ACC2_5KKN.pdbqt,36936,3e650ba37935a42c5e03b9db8fb78af4d1ad6a95f7d97031054b5ad348750f73,True,True,not_implied_by_inventory
02-课题-MASH研究-v1/docking/outputs/natlead21_FXR_3FLI.pdbqt,36936,ee4cc115b8385d61b0c19ab740e515dc323428d6f346dca3f7d59a61d0886c29,True,True,not_implied_by_inventory
02-课题-MASH研究-v1/docking/outputs/natlead21_THRB_3GWS.pdbqt,24624,64d2c1ebbf5d2f0c4c0de8bdd8c6eeed1f47725bed9d2871485fa8bb6573a0d0,True,True,not_implied_by_inventory
02-课题-MASH研究-v1/docking/outputs/np_ACC2_5KKN_Artemisia_annua_1_8_Cineole_out.pdbqt,11547,2e47b07c0fbc8f162c3bcd27b409dcb25804bdf3cbf131a4f2e379b56fb8334d,True,True,not_implied_by_inventory
02-课题-MASH研究-v1/docking/outputs/np_ACC2_5KKN_Artemisia_annua_4_Methylesculetin_out.pdbqt,16389,a971196e4d802722cb5ac868b64ab1d2ccaa114efd8974363823378d0a82894a,True,True,not_implied_by_inventory
02-课题-MASH研究-v1/docking/outputs/np_ACC2_5KKN_Artemisia_annua_Arteannuin_B_out.pdbqt,17631,18d577b546aaf61b2464e9f3fa86ca65030bbf35fd5a9b26bb4dc6de8973ead1,True,True,not_implied_by_inventory
02-课题-MASH研究-v1/docking/outputs/np_ACC2_5KKN_Artemisia_annua_Artemetin_out.pdbqt,28719,8f7ea2163657a3c4970a424f0d26c6139a787a41f8e3e3b393e679504e9159b7,True,True,not_implied_by_inventory
02-课题-MASH研究-v1/docking/outputs/np_ACC2_5KKN_Artemisia_annua_Artemisia_ketone_out.pdbqt,12555,33f48a4dc3a9b3731d0527b5b277284ed781fb130758692982bda0201a39711b,True,True,not_implied_by_inventory
02-课题-MASH研究-v1/docking/outputs/np_ACC2_5KKN_Artemisia_annua_Artemisinic_acid_out.pdbqt,18540,c06b5b672b72fa852f62d01fed38e70eaddfd25e3dcaafa3b09d80fa22420b18,True,True,not_implied_by_inventory
02-课题-MASH研究-v1/docking/outputs/np_ACC2_5KKN_Artemisia_annua_Artemisinin_out.pdbqt,21753,8657c8af47c10eb1ba72c6ce0c6c12aecb385e32534990a53c2114ebb5240719,True,True,not_implied_by_inventory
02-课题-MASH研究-v1/docking/outputs/np_ACC2_5KKN_Artemisia_annua_Artemisitene_out.pdbqt,21717,fec73812877f18dcf6cd5e1d9fbf5060865e4e769ff86116328886210f13f98d,True,True,not_implied_by_inventory
02-课题-MASH研究-v1/docking/outputs/np_ACC2_5KKN_Artemisia_annua_Camphor_out.pdbqt,11538,4bf46677a60fa9210eacebf566b92c365a1dd497f502b4fde026c10c0a5a69e5,True,True,not_implied_by_inventory
02-课题-MASH研究-v1/docking/outputs/np_ACC2_5KKN_Artemisia_annua_Caryophyllene_oxide_out.pdbqt,19728,43abea639216a1ceb80819df02a0c4e7b1cfceaa8e488a4e5219591e69be3c29,True,True,not_implied_by_inventory
02-课题-MASH研究-v1/docking/outputs/np_ACC2_5KKN_Artemisia_annua_Casticin_out.pdbqt,28710,d5dec413912f39908779179abca7b1305da1cb255ff3a180b07e7e3fc1308807,True,True,not_implied_by_inventory
02-课题-MASH研究-v1/docking/outputs/np_ACC2_5KKN_Artemisia_annua_Chrysosplenetin_out.pdbqt,28710,af1875d6c748819c10c12e40b37151f718ce1624d10f026c7f8ffe5f3cd20c6d,True,True,not_implied_by_inventory
02-课题-MASH研究-v1/docking/outputs/np_ACC2_5KKN_Artemisia_annua_Chrysosplenol_D_out.pdbqt,28719,f4160abf12627bcb1056cc23a58594b1ae0283f4cbacbed0a4441b1917515a08,True,True,not_implied_by_inventory
02-课题-MASH研究-v1/docking/outputs/np_ACC2_5KKN_Artemisia_annua_Cirsilineol_out.pdbqt,26775,16d0417f64fb20b4a962283f4edb47c243909f24aa37db0b208e20a9fb704b75,True,True,not_implied_by_inventory
02-课题-MASH研究-v1/docking/outputs/np_ACC2_5KKN_Artemisia_annua_Cirsimaritin_out.pdbqt,24822,7e30f90ae037b9402ea6088c8c4d8d8cf11d05f0eb80f1cf3c883ec22b8f5bb7,True,True,not_implied_by_inventory
02-课题-MASH研究-v1/docking/outputs/np_ACC2_5KKN_Artemisia_annua_Deoxyartemisinin_out.pdbqt,18459,4ca3a0b2df1f372469d9f0612b65204870e01c61c7c1c135c645840479010337,True,True,not_implied_by_inventory
02-课题-MASH研究-v1/docking/outputs/np_ACC2_5KKN_Artemisia_annua_Dihydroartemisinic_acid_out.pdbqt,18558,906babbbc43600ba4ee26afe1cb5f29254db86cce59ef3fc6a43b7e90a209bde,True,True,not_implied_by_inventory
02-课题-MASH研究-v1/docking/outputs/np_ACC2_5KKN_Artemisia_annua_Dihydroartemisinin_out.pdbqt,22896,908e5cf545c18bb0993a520c0b05f10512f51bf3b6d2f0f2da06ddf6405dca26,True,True,not_implied_by_inventory
02-课题-MASH研究-v1/docking/outputs/np_ACC2_5KKN_Artemisia_annua_Eupatorin_out.pdbqt,26775,3e3b20d95d5505926851e5a526e73ba45ff8338e9630e7461db0a721f29f7b21,True,True,not_implied_by_inventory
02-课题-MASH研究-v1/docking/outputs/np_ACC2_5KKN_Artemisia_annua_Scopoletin_out.pdbqt,15561,0b9b188f3dc87831affddc8cbc5678b9200cc95a2401665a09c0f95f312a7e34,True,True,not_implied_by_inventory
02-课题-MASH研究-v1/docking/outputs/np_ACC2_5KKN_Artemisia_annua_Scopolin_out.pdbqt,29196,12a0491c92ef8eee6dac5227e3dd8140fbe59e02597c0d3a84ac84cd973f447f,True,True,not_implied_by_inventory
02-课题-MASH研究-v1/docking/outputs/np_ACC2_5KKN_Artemisia_annua_Umbelliferone_out.pdbqt,13437,5fe5094d9cecf3b48be8bc428242c2bbd670e72f686a2423e1cfdc21fd251b19,True,True,not_implied_by_inventory
02-课题-MASH研究-v1/docking/outputs/np_ACC2_5KKN_Artemisia_annua_beta_Caryophyllene_out.pdbqt,18873,f21ef35e3374bc02626497fe988fdbdb974c8472429b6582e063d92584445232,True,True,not_implied_by_inventory
02-课题-MASH研究-v1/docking/outputs/np_ACC2_5KKN_Bupleurum_chinense_Saikogenin_A_out.pdbqt,36189,ee017633d3a43780f092dc563f60d04d81418e64d87be62b346e4d09c294f1ec,True,True,not_implied_by_inventory
02-课题-MASH研究-v1/docking/outputs/np_ACC2_5KKN_Bupleurum_chinense_Saikogenin_D_out.pdbqt,36180,0605750c9550fd4e7debe4c071e279b4ee50615fe4400971bb685ccfdcde40a1,True,True,not_implied_by_inventory
02-课题-MASH研究-v1/docking/outputs/np_ACC2_5KKN_Bupleurum_chinense_Saikogenin_F_out.pdbqt,34803,6f6b928e22a84a0a0d1b510b5e0de906e801a82540ccc22a18910ffb57702fe6,True,True,not_implied_by_inventory
02-课题-MASH研究-v1/docking/outputs/np_ACC2_5KKN_Coptis_chinensis_8_Oxocoptisine_out.pdbqt,23193,ed33e7aecbbf19d09f748106bb40d595227177ffaf086936eb3ef7ff77152e1d,True,True,not_implied_by_inventory
02-课题-MASH研究-v1/docking/outputs/np_ACC2_5KKN_Coptis_chinensis_Berberine_out.pdbqt,23859,f76a4232481f02abfde3bf37fe4e527fb3d8a23a8b1dbbc6675ba3d250021847,True,True,not_implied_by_inventory
02-课题-MASH研究-v1/docking/outputs/np_ACC2_5KKN_Coptis_chinensis_Berberrubine_out.pdbqt,23850,37a45be55abab7f31591e068ec61a3de4a4897f4998bd51304cd9ba113126ad9,True,True,not_implied_by_inventory
02-课题-MASH研究-v1/docking/outputs/np_ACC2_5KKN_Coptis_chinensis_Canadine_out.pdbqt,23823,54dea196c5137c86e95817a12794a04b6cf6504e0d71d316db11b02b98420cb9,True,True,not_implied_by_inventory
02-课题-MASH研究-v1/docking/outputs/np_ACC2_5KKN_Coptis_chinensis_Columbamine_out.pdbqt,25308,5ff6f8cf9993406a867ca63ada7159bd8e53eeb562735b89793b1db4c821b0b8,True,True,not_implied_by_inventory
02-课题-MASH研究-v1/docking/outputs/np_ACC2_5KKN_Coptis_chinensis_Coptisine_out.pdbqt,22410,d6fb520fd06f8697860e215e125964213c8a6b5e485eea3047f433df8024adf7,True,True,not_implied_by_inventory
02-课题-MASH研究-v1/docking/outputs/np_ACC2_5KKN_Coptis_chinensis_Epiberberine_out.pdbqt,23859,6ce865fa53f2f68217ef9735efa3f86746137f1ece67e37afa2ea0d5e357b4d7,True,True,not_implied_by_inventory
02-课题-MASH研究-v1/docking/outputs/np_ACC2_5KKN_Coptis_chinensis_Groenlandicine_out.pdbqt,21192,20210c36a80141ec9de30987ecf636f28bfe65673aab55ba6d0643c61e5c646c,True,True,not_implied_by_inventory
02-课题-MASH研究-v1/docking/outputs/np_ACC2_5KKN_Coptis_chinensis_Jatrorrhizine_out.pdbqt,25308,5c0b9caf24403abe865352a599457768f2d43cc5bf5e6a26e408699b47862581,True,True,not_implied_by_inventory
02-课题-MASH研究-v1/docking/outputs/np_ACC2_5KKN_Coptis_chinensis_Magnoflorine_out.pdbqt,26190,60138e94b6d42ac84d54993bb3c94dd0c39f3f99e2bc17652d0754d90296e9d3,True,True,not_implied_by_inventory
02-课题-MASH研究-v1/docking/outputs/np_ACC2_5KKN_Coptis_chinensis_Menisperine_out.pdbqt,26163,6d1cb977eac24103271665c02f81d030dfdaa0a0c4d0dd1c11611a5d1118b96b,True,True,not_implied_by_inventory
02-课题-MASH研究-v1/docking/outputs/np_ACC2_5KKN_Coptis_chinensis_Palmatine_out.pdbqt,25326,ce34af11a26e219ffb3b2f52c2ba51db3848ec5c39bf9911fbdfcbf9aa665e7d,True,True,not_implied_by_inventory
02-课题-MASH研究-v1/docking/outputs/np_ACC2_5KKN_Coptis_chinensis_Stylopine_out.pdbqt,22410,7ce1b6fc789e7fa6a53aab793b27e5d7bd16416110436ce7b087142ee31dc173,True,True,not_implied_by_inventory
02-课题-MASH研究-v1/docking/outputs/np_ACC2_5KKN_Coptis_chinensis_Worenine_out.pdbqt,23229,36cc60ae88756b9a91010596938e991b1189686601bbd8f52906abf43e8e7cd4,True,True,not_implied_by_inventory
02-课题-MASH研究-v1/docking/outputs/np_ACC2_5KKN_Ganoderma_lucidum_Lucidenic_acid_A_out.pdbqt,33750,941aed9723d5d37e756f31eea46b52d5d9f64ce7005d00e38794ad08e2c1887b,True,True,not_implied_by_inventory
02-课题-MASH研究-v1/docking/outputs/np_ACC2_5KKN_Ganoderma_lucidum_Lucidenic_acid_B_out.pdbqt,35739,a465f17d3b58e68b3b75aa700de967f04e1e144026c0faad9cadc5382e55f06b,True,True,not_implied_by_inventory
02-课题-MASH研究-v1/docking/outputs/np_ACC2_5KKN_Ganoderma_lucidum_Lucidenic_acid_C_out.pdbqt,35991,1eb4e7d215b0112bd5f1606115258826a2dc84605182d3017d11f21c4d7165f0,True,True,not_implied_by_inventory
02-课题-MASH研究-v1/docking/outputs/np_ACC2_5KKN_Ganoderma_lucidum_Lucidenic_acid_F_out.pdbqt,32589,804c8e211e9155c80e78fe246bf5d8bad1d10585eacaa13edd5c77cfd7d94f38,True,True,not_implied_by_inventory
02-课题-MASH研究-v1/docking/outputs/np_ACC2_5KKN_Ganoderma_lucidum_Lucidenic_acid_N_out.pdbqt,34902,6c1d080829bcb32934df19a9fa3bfad7fc78031f1fdc14340ab5032d09f3435f,True,True,not_implied_by_inventory
02-课题-MASH研究-v1/docking/outputs/np_ACC2_5KKN_Ganoderma_lucidum_Lucidenic_acid_O_out.pdbqt,38331,82578ee69102e9309c2daeaee3c6eb65ab0a68b3ab5b67297a94a2ad609bbdad,True,True,not_implied_by_inventory
02-课题-MASH研究-v1/docking/outputs/np_ACC2_5KKN_Glycyrrhiza_uralensis_Echinatin_out.pdbqt,22545,b41000624001014beda7d2443534570e89608a64f67cc0ae89d4e395b6547971,True,True,not_implied_by_inventory
02-课题-MASH研究-v1/docking/outputs/np_ACC2_5KKN_Glycyrrhiza_uralensis_Formononetin_out.pdbqt,20745,e7a092a831cbb80cd7e8aef78080893a0cffd770161c1c8b6624db96aeaee8d3,True,True,not_implied_by_inventory
02-课题-MASH研究-v1/docking/outputs/np_ACC2_5KKN_Glycyrrhiza_uralensis_Glabrene_out.pdbqt,24966,b7a7c54782f408161e0438f69cc97f58ca27bbfa9d442225f2e195d5f6760628,True,True,not_implied_by_inventory
02-课题-MASH研究-v1/docking/outputs/np_ACC2_5KKN_Glycyrrhiza_uralensis_Glabridin_out.pdbqt,25011,079bf8556f253cc7224a9c1b25862e29cdd197a6ac94f2ac0a2a32b6999e63cf,True,True,not_implied_by_inventory
02-课题-MASH研究-v1/docking/outputs/np_ACC2_5KKN_Glycyrrhiza_uralensis_Glyasperin_C_out.pdbqt,28728,6a78bfeae4b51a89daa0766660febd82e4df1d028167f20a30c6a145c2e605f1,True,True,not_implied_by_inventory
02-课题-MASH研究-v1/docking/outputs/np_ACC2_5KKN_Glycyrrhiza_uralensis_Glycyrol_out.pdbqt,28062,8e7db5ad68f8762d9ab4b357896067dea5d58c9eea1af61e77d002c90bb68036,True,True,not_implied_by_inventory
02-课题-MASH研究-v1/docking/outputs/np_ACC2_5KKN_Glycyrrhiza_uralensis_Isoglycyrol_out.pdbqt,26280,7ad817f158e7bc33e96de48e729cebd4aa40dc4f0f4c187c64c44b445b8012ad,True,True,not_implied_by_inventory
02-课题-MASH研究-v1/docking/outputs/np_ACC2_5KKN_Glycyrrhiza_uralensis_Isolicoflavonol_out.pdbqt,29502,79f53e1087d722a64f0407be43cfe60cb3c827bc750def926f8ed002bbaf003d,True,True,not_implied_by_inventory
02-课题-MASH研究-v1/docking/outputs/np_ACC2_5KKN_Glycyrrhiza_uralensis_Isoliquiritigenin_out.pdbqt,22536,a13f52321c321d2a88b3e8ffed9857a2b47a89e3581fa1015673cd8c36a17e33,True,True,not_implied_by_inventory
02-课题-MASH研究-v1/docking/outputs/np_ACC2_5KKN_Glycyrrhiza_uralensis_Licochalcone_A_out.pdbqt,27468,48e4501ed8fc377625e5a103cbc7ed32a5a200577758f0e4df9c542229b67fa9,True,True,not_implied_by_inventory
02-课题-MASH研究-v1/docking/outputs/np_ACC2_5KKN_Glycyrrhiza_uralensis_Licochalcone_B_out.pdbqt,24498,7961fc6806f431a05c344c933b03504c020ee109ebb593e99c684efe7763ed3e,True,True,not_implied_by_inventory
02-课题-MASH研究-v1/docking/outputs/np_ACC2_5KKN_Glycyrrhiza_uralensis_Licoflavanone_out.pdbqt,27567,b1d332a4203d1bb9177f2f0a56802df71d5e334c2322bef6c9bae890ea05d589,True,True,not_implied_by_inventory
02-课题-MASH研究-v1/docking/outputs/np_ACC2_5KKN_Glycyrrhiza_uralensis_Licoisoflavone_A_out.pdbqt,29493,db84995d527628a24909f3e17fc8a113407b9a6ff466d66a507dc06694317938,True,True,not_implied_by_inventory
02-课题-MASH研究-v1/docking/outputs/np_ACC2_5KKN_Glycyrrhiza_uralensis_Licoisoflavone_B_out.pdbqt,27729,e12f1e50bf58e7b5025e7bd0abca319a10d35590253a3fd2bcd91218bf1d11eb,True,True,not_implied_by_inventory
02-课题-MASH研究-v1/docking/outputs/np_ACC2_5KKN_Glycyrrhiza_uralensis_Liquiritigenin_out.pdbqt,20781,38d78e2016dd67878890bca55e991da6aec78bf584e35cb13871778de192057e,True,True,not_implied_by_inventory
02-课题-MASH研究-v1/docking/outputs/np_ACC2_5KKN_Glycyrrhiza_uralensis_Liquiritin_out.pdbqt,34425,fca27295818b3edc7eb24d21f6a12f0d6d8854bb330c9b29334bc873549aaa4c,True,True,not_implied_by_inventory
02-课题-MASH研究-v1/docking/outputs/np_ACC2_5KKN_Glycyrrhiza_uralensis_Neoliquiritin_out.pdbqt,34416,06a71800d07b82ba4961bae53c0714fdfd0c21258c023a46157112bf6b6a9b9b,True,True,not_implied_by_inventory
02-课题-MASH研究-v1/docking/outputs/np_ACC2_5KKN_Glycyrrhiza_uralensis_Semilicoisoflavone_B_out.pdbqt,27729,5a67835ef99becb8e8e55bee3bf34dd171d97750a8e42c9578d03c292b38ad3d,True,True,not_implied_by_inventory
02-课题-MASH研究-v1/docking/outputs/np_ACC2_5KKN_Salvia_miltiorrhiza_Cryptotanshinone_out.pdbqt,20637,a3c2aa61372f191c8dcacf483d7eefe347580aaf6a8c47e5b17b9970f3cb1fa4,True,True,not_implied_by_inventory
02-课题-MASH研究-v1/docking/outputs/np_ACC2_5KKN_Salvia_miltiorrhiza_Danshenxinkun_A_out.pdbqt,23535,9756cbf67da14d6df38f35538f26833c440a187c85640af086c8a02398e6a3b4,True,True,not_implied_by_inventory
02-课题-MASH研究-v1/docking/outputs/np_ACC2_5KKN_Salvia_miltiorrhiza_Danshenxinkun_B_out.pdbqt,21276,effd4993ac2bf7ef9be9590bd85cfd3da9ad660d9ed8fbc7bbbb9233e3316991,True,True,not_implied_by_inventory
02-课题-MASH研究-v1/docking/outputs/np_ACC2_5KKN_Salvia_miltiorrhiza_Dihydrotanshinone_I_out.pdbqt,17656,9f469fe142d9304a4e77721a5ff081192f748b65f50d74e66659a9b31eee45c8,True,True,not_implied_by_inventory
02-课题-MASH研究-v1/docking/outputs/np_ACC2_5KKN_Salvia_miltiorrhiza_Isocryptotanshinone_out.pdbqt,20601,03fa36080b45717adc05025376ee342fc29c9e4306dfd2a46accef8dc2efb9be,True,True,not_implied_by_inventory
02-课题-MASH研究-v1/docking/outputs/np_ACC2_5KKN_Salvia_miltiorrhiza_Isotanshinone_IIB_out.pdbqt,22851,016d2cb0105087eb078e1e37dbc7540dcd50f1659ea6d431369c5ecea48131cf,True,True,not_implied_by_inventory
02-课题-MASH研究-v1/docking/outputs/np_ACC2_5KKN_Salvia_miltiorrhiza_Methylenetanshinquinone_out.pdbqt,19809,8c26088468bd030dcdbb9bf33a86388087d9429a8d606a82b7c78f155f42454d,True,True,not_implied_by_inventory
02-课题-MASH研究-v1/docking/outputs/np_ACC2_5KKN_Salvia_miltiorrhiza_Miltirone_out.pdbqt,20133,3ba090e16bd1a0543da59faebf526af3a4e30748a88a49d2ef353638b865bcfd,True,True,not_implied_by_inventory
02-课题-MASH研究-v1/docking/outputs/np_ACC2_5KKN_Salvia_miltiorrhiza_Neocryptotanshinone_out.pdbqt,24543,ea14a9c112ccb65982c1cd26dce63ee52bc6a90c4a1f36afe69702e214632c3a,True,True,not_implied_by_inventory
02-课题-MASH研究-v1/docking/outputs/np_ACC2_5KKN_Salvia_miltiorrhiza_Przewalskin_out.pdbqt,20214,599303e99292f233c25861ebacc4d6db96d09db2a3d855c0c957b693edc485be,True,True,not_implied_by_inventory
02-课题-MASH研究-v1/docking/outputs/np_ACC2_5KKN_Salvia_miltiorrhiza_Salvilenone_out.pdbqt,20961,a1a95117ce0184c8fe92675d50771bc6001e9e451922d73ba404a68a4b107e64,True,True,not_implied_by_inventory
02-课题-MASH研究-v1/docking/outputs/np_ACC2_5KKN_Salvia_miltiorrhiza_Sugiol_out.pdbqt,22140,5b194abcd3a09dfb0acdf6f945aba0259f62c10ebfb9125195da7d8f3a10584f,True,True,not_implied_by_inventory
02-课题-MASH研究-v1/docking/outputs/np_ACC2_5KKN_Salvia_miltiorrhiza_Tanshindiol_A_out.pdbqt,24021,2db5994c329e36f5900de455759a85964fe43dbe0c62d055344b2b69bf80b850,True,True,not_implied_by_inventory
02-课题-MASH研究-v1/docking/outputs/np_ACC2_5KKN_Salvia_miltiorrhiza_Tanshindiol_B_out.pdbqt,23733,4f75b7916e12fd355664be4cc1102bcd6bc508da95a6311946e4166317e342d4,True,True,not_implied_by_inventory
02-课题-MASH研究-v1/docking/outputs/np_ACC2_5KKN_Salvia_miltiorrhiza_Tanshindiol_C_out.pdbqt,23742,c599c6b75730b85adc11f7a34277b6de18506a20ab0349cd83224ce5d9818cb4,True,True,not_implied_by_inventory
02-课题-MASH研究-v1/docking/outputs/np_ACC2_5KKN_Salvia_miltiorrhiza_Tanshinone_IIA_out.pdbqt,20601,0f9b3c028ef794f6f4149478bc208644a158faf87621b583f7aed04eaff7f0d5,True,True,not_implied_by_inventory
02-课题-MASH研究-v1/docking/outputs/np_ACC2_5KKN_Salvia_miltiorrhiza_Tanshinone_IIB_out.pdbqt,22860,76ee02efda2f656eb1b0e21e53c9c74426535febb24477d8457df6e304a8b67d,True,True,not_implied_by_inventory
02-课题-MASH研究-v1/docking/outputs/np_ACC2_5KKN_Salvia_miltiorrhiza_Tanshinone_I_out.pdbqt,19800,22e4b5aa585bc4d5480eb83b8e2531474b7a93b58db92ffd966dd0fb50cc0d29,True,True,not_implied_by_inventory
02-课题-MASH研究-v1/docking/outputs/np_ACC2_5KKN_Schisandra_chinensis_Chamigrenal_out.pdbqt,16092,37ba204ccf5cc06a00ef9dc471a59afb30475a511c561bb16e937308060d2b57,True,True,not_implied_by_inventory
02-课题-MASH研究-v1/docking/outputs/np_ACC2_5KKN_Schisandra_chinensis_Gomisin_H_out.pdbqt,34722,b4b34dcd96a7091736b3d9c2fa9c79fb9c7e0160a35c64c738d0f459746ac76c,True,True,not_implied_by_inventory
02-课题-MASH研究-v1/docking/outputs/np_ACC2_5KKN_Schisandra_chinensis_Gomisin_J_out.pdbqt,32760,633ab58ab289e9b4a5904045c172bb4f153a1032b9d93454e859aef4f920bf6c,True,True,not_implied_by_inventory
02-课题-MASH研究-v1/docking/outputs/np_ACC2_5KKN_Schisandra_chinensis_Gomisin_K1_out.pdbqt,32778,459f3dc99e0b6b857e2dd9220a3313d79ceae7b2a959a47cd48330b9d30e548d,True,True,not_implied_by_inventory
02-课题-MASH研究-v1/docking/outputs/np_ACC2_5KKN_Schisandra_chinensis_Gomisin_K3_out.pdbqt,32787,0a566f330e62e4454da9654b75ed8b3c61effb8e753d11f49ae57bae47b53a72,True,True,not_implied_by_inventory
02-课题-MASH研究-v1/docking/outputs/np_ACC2_5KKN_Schisandra_chinensis_Gomisin_L1_out.pdbqt,31320,90654566770ba2265f5c0474127a98c53e003da05dda160701ea27bf63bbdeb0,True,True,not_implied_by_inventory
02-课题-MASH研究-v1/docking/outputs/np_ACC2_5KKN_Schisandra_chinensis_Gomisin_L2_out.pdbqt,31320,afae37b3b4d0526552fb716e39385d09afd331f5fcf26f5b845d39004fd9808c,True,True,not_implied_by_inventory
02-课题-MASH研究-v1/docking/outputs/np_ACC2_5KKN_Schisandra_chinensis_Gomisin_M1_out.pdbqt,31230,9e0f4ad7bc61eea040221f93b2cd9ff4dde4c2c360bfc732ebc0e6123a40469b,True,True,not_implied_by_inventory
02-课题-MASH研究-v1/docking/outputs/np_ACC2_5KKN_Schisandra_chinensis_Gomisin_M2_out.pdbqt,31320,3fb46b1007aa4bed66c656d86e2139df6932d1dba73e3648d7cd4b43d6743dee,True,True,not_implied_by_inventory
02-课题-MASH研究-v1/docking/outputs/np_ACC2_5KKN_Schisandra_chinensis_Gomisin_N_out.pdbqt,31320,fe98ef8a15407f555fe45c35d1f77b57d30aae3ccb5623efcc381bacde03ee24,True,True,not_implied_by_inventory
02-课题-MASH研究-v1/docking/outputs/np_ACC2_5KKN_Schisandra_chinensis_Gomisin_O_out.pdbqt,33282,a59a793fa9e4c58ecb7e0e3289a670df175b3358cb7b814658a875f93f80a48a,True,True,not_implied_by_inventory
02-课题-MASH研究-v1/docking/outputs/np_ACC2_5KKN_Schisandra_chinensis_Pregomisin_out.pdbqt,30942,68bc62fbd5e698b1db52f81c6e49981344bfae499ab0063fd9e1b97cc280e423,True,True,not_implied_by_inventory
02-课题-MASH研究-v1/docking/outputs/np_ACC2_5KKN_Schisandra_chinensis_Schisandrin_A_out.pdbqt,32787,aeda165474f89aacf351f7a77680b5f904214b3ccf9f3355c88a6d1a4ef29e33,True,True,not_implied_by_inventory
02-课题-MASH研究-v1/docking/outputs/np_ACC2_5KKN_Schisandra_chinensis_Schisandrin_B_out.pdbqt,31248,36d1555090e6e9776b00a23fa8184dbb321072b2acd4432dd8369cdd9cedb07c,True,True,not_implied_by_inventory
02-课题-MASH研究-v1/docking/outputs/np_ACC2_5KKN_Schisandra_chinensis_Schisandrin_C_out.pdbqt,29853,4e3c8b82ab48c1c458e56d0bfdf2bbeaa47c9da26147092465a775f0e1cbc9a0,True,True,not_implied_by_inventory
02-课题-MASH研究-v1/docking/outputs/np_ACC2_5KKN_Schisandra_chinensis_Schisandrol_A_out.pdbqt,34740,5f74baca445b460e4d784f64f6109dbf42062d25b2713da1e19ac76277c25f17,True,True,not_implied_by_inventory
02-课题-MASH研究-v1/docking/outputs/np_ACC2_5KKN_Schisandra_chinensis_Schisandrol_B_out.pdbqt,33192,101b5c4b0117d81a94c978a2920828e4f4acd1a70baf29d1d30819a49bb1efcc,True,True,not_implied_by_inventory
02-课题-MASH研究-v1/docking/outputs/np_ACC2_5KKN_Schisandra_chinensis_Schisanhenol_out.pdbqt,32787,0a566f330e62e4454da9654b75ed8b3c61effb8e753d11f49ae57bae47b53a72,True,True,not_implied_by_inventory
02-课题-MASH研究-v1/docking/outputs/np_ACC2_5KKN_Silybum_marianum_2_3_Dehydrosilybin_out.pdbqt,38457,f2968561a261777a3d4622b6e23edf578df907f87a224c53cdb2f41d694bcfa8,True,True,not_implied_by_inventory
02-课题-MASH研究-v1/docking/outputs/np_ACC2_5KKN_Silybum_marianum_Isosilybin_A_out.pdbqt,38529,a30c6904c47eae40a714911871dcc93e8a38db4e458e32ff7b30dfabd6e78c52,True,True,not_implied_by_inventory
02-课题-MASH研究-v1/docking/outputs/np_ACC2_5KKN_Silybum_marianum_Isosilybin_B_out.pdbqt,38529,d94ca2bee798ceabfdc6f1f1ec4da8f0a4fc85ce7158d2dffa38667888fb9ed6,True,True,not_implied_by_inventory
02-课题-MASH研究-v1/docking/outputs/np_ACC2_5KKN_Silybum_marianum_Neosilyhermin_A_out.pdbqt,37620,014884beabb7bbd1759ca99a5b3c4943822695594a5b5c8e5108432edfd21514,True,True,not_implied_by_inventory
02-课题-MASH研究-v1/docking/outputs/np_ACC2_5KKN_Silybum_marianum_Neosilyhermin_B_out.pdbqt,37629,d1a9147b3cfeaef7fb63aab0794918404568c91c1a4730e26355c940f5f00603,True,True,not_implied_by_inventory
02-课题-MASH研究-v1/docking/outputs/np_ACC2_5KKN_Silybum_marianum_Silandrin_out.pdbqt,36567,8a98d5b77ab285359db2cccfcbc0a9fbc335020a4934772c4ee025f901d5fb41,True,True,not_implied_by_inventory
02-课题-MASH研究-v1/docking/outputs/np_ACC2_5KKN_Silybum_marianum_Silybin_A_out.pdbqt,38529,37a24909d515dc0c4e4028146ea1e0e6bbd8e05a4055b2cfa957abaac9b7dd97,True,True,not_implied_by_inventory
02-课题-MASH研究-v1/docking/outputs/np_ACC2_5KKN_Silybum_marianum_Silybin_B_out.pdbqt,34248,ae7bc1175201dbc9e3d1401034cccbc12c445aec4d60b1ba16b635fe885f2903,True,True,not_implied_by_inventory
02-课题-MASH研究-v1/docking/outputs/np_ACC2_5KKN_Silybum_marianum_Silydianin_out.pdbqt,38394,2353adc419a6cb3ab3c38824c437580b81cd91c4e4e95deeb2d598dc6c9d8d15,True,True,not_implied_by_inventory
02-课题-MASH研究-v1/docking/outputs/np_ACC2_5KKN_Silybum_marianum_Silyhermin_out.pdbqt,37629,0b2ea93ce6dae843bff68c1a42d496b08052d86e8bc3753c58630c93cc3b81c4,True,True,not_implied_by_inventory
02-课题-MASH研究-v1/docking/outputs/np_ACC2_5KKN_Silybum_marianum_Silymonin_out.pdbqt,36432,8597cabfc05521ce58eb3deced6d20eb18106c4dde0f2c24aa9a5e2a185dcd9c,True,True,not_implied_by_inventory
02-课题-MASH研究-v1/docking/outputs/np_ACC2_5KKN_Sophora_flavescens_Aloperine_out.pdbqt,17460,453d9d81cffa04ced836a022adb2ce2e28c827d1e552c169114c6a028dc3d899,True,True,not_implied_by_inventory
02-课题-MASH研究-v1/docking/outputs/np_ACC2_5KKN_Sophora_flavescens_Anagyrine_out.pdbqt,17442,64488de7b4c5266679b707e39f52074bfa9e79174c095e80514c25c89388bd88,True,True,not_implied_by_inventory
02-课题-MASH研究-v1/docking/outputs/np_ACC2_5KKN_Sophora_flavescens_Baptifoline_out.pdbqt,19422,b35ccb0022c0a4a7efd6093c1eb0d941c2be07a7d4127d878bc602a40c77cb84,True,True,not_implied_by_inventory
02-课题-MASH研究-v1/docking/outputs/np_ACC2_5KKN_Sophora_flavescens_Formononetin_out.pdbqt,20745,e7a092a831cbb80cd7e8aef78080893a0cffd770161c1c8b6624db96aeaee8d3,True,True,not_implied_by_inventory
02-课题-MASH研究-v1/docking/outputs/np_ACC2_5KKN_Sophora_flavescens_Kurarinol_out.pdbqt,36900,cb72df6c006ba7615b68074c94faf3d4fb2a8866bd186207b17a56346220d311,True,True,not_implied_by_inventory
02-课题-MASH研究-v1/docking/outputs/np_ACC2_5KKN_Sophora_flavescens_Kushenol_C_out.pdbqt,36558,32409eb6d0076cdfb40d35d9e02f944e1f6c871c15dca27f1f1065f893f754fa,True,True,not_implied_by_inventory
02-课题-MASH研究-v1/docking/outputs/np_ACC2_5KKN_Sophora_flavescens_Kushenol_E_out.pdbqt,34263,32b8d008193831bfbb88929c2c168b7a620d5ff699c23edc772636c325c69505,True,True,not_implied_by_inventory
02-课题-MASH研究-v1/docking/outputs/np_ACC2_5KKN_Sophora_flavescens_Kushenol_H_out.pdbqt,39069,26fbe599889fab7ce19a4d27cb8442e366ab3fb3d938f4ba5e47dac4213b26bb,True,True,not_implied_by_inventory
02-课题-MASH研究-v1/docking/outputs/np_ACC2_5KKN_Sophora_flavescens_Kushenol_I_out.pdbqt,36621,c0188a14d8dd545847e6a45a4b8d6e7fd3d9b6264cdc94940f99557bdea35acf,True,True,not_implied_by_inventory
02-课题-MASH研究-v1/docking/outputs/np_ACC2_5KKN_Sophora_flavescens_Maackiain_out.pdbqt,20970,6f849a7215348f8cd04d05701f9ab8a55a436c1f75d430e88dcd59ce2964ab88,True,True,not_implied_by_inventory
02-课题-MASH研究-v1/docking/outputs/np_ACC2_5KKN_Sophora_flavescens_Matrine_out.pdbqt,17514,832b1031d47db70acd4654f568a928a33293f6cbe578177cb06f38ae2dcc55be,True,True,not_implied_by_inventory
02-课题-MASH研究-v1/docking/outputs/np_ACC2_5KKN_Sophora_flavescens_N_Methylcytisine_out.pdbqt,15021,288d32ea395a2c61b8c76904ffeabac7e7c0f933c7ca9afde68b23e756f444bc,True,True,not_implied_by_inventory
02-课题-MASH研究-v1/docking/outputs/np_ACC2_5KKN_Sophora_flavescens_Oxymatrine_out.pdbqt,18396,90e81c3169ae4b439a4cb0db5b0a20a28774eb255de94689359ce09f3fb47162,True,True,not_implied_by_inventory
02-课题-MASH研究-v1/docking/outputs/np_ACC2_5KKN_Sophora_flavescens_Oxysophocarpine_out.pdbqt,18396,53a176700e6af597b6bf54c422a98661ed3c0fc32c3643c62f6e6a1b4d728364,True,True,not_implied_by_inventory
02-课题-MASH研究-v1/docking/outputs/np_ACC2_5KKN_Sophora_flavescens_Sophocarpine_out.pdbqt,17523,02ebf27a5632da956fa6156e5b168e837d7f1af9df5e92f1b03859208f6ef36a,True,True,not_implied_by_inventory
02-课题-MASH研究-v1/docking/outputs/np_ACC2_5KKN_Sophora_flavescens_Sophoraflavanone_G_out.pdbqt,34623,a3230b212fca2cc61d91f6a3771c88793ce92ed95436bab6096c7dfd9ce26f42,True,True,not_implied_by_inventory
02-课题-MASH研究-v1/docking/outputs/np_ACC2_5KKN_Sophora_flavescens_Sophoramine_out.pdbqt,15504,b402d0b44aed64439bb77dd26c37bce0d5844afec299a24bcb3d1cdb2997cff0,True,True,not_implied_by_inventory
02-课题-MASH研究-v1/docking/outputs/np_ACC2_5KKN_Sophora_flavescens_Sophoridine_out.pdbqt,17505,1a7aa8f0454b026d4e32f7d48497162e06f169a91ba778056ecd1a22925c1f28,True,True,not_implied_by_inventory
02-课题-MASH研究-v1/docking/outputs/np_ACC2_5KKN_Tripterygium_wilfordii_Tripterifordin_out.pdbqt,22977,98ad73224aed3aa2102365a5f2cca6912efa2037bea79a7279874a227dcd9d39,True,True,not_implied_by_inventory
02-课题-MASH研究-v1/docking/outputs/np_ACC2_5KKN_Tripterygium_wilfordii_Triptophenolide_out.pdbqt,23112,acc8b67260f9e6f1930df43deca73558cd8cdca4f0198403ae82dc1f795005bf,True,True,not_implied_by_inventory
02-课题-MASH研究-v1/docking/outputs/np_THRB_3GWS_Artemisia_annua_1_8_Cineole_out.pdbqt,11547,c3b6adb01bba23362dbcc2955fac9e8c52549384a6cde7e3913a07c8b6ed8b50,True,True,not_implied_by_inventory
02-课题-MASH研究-v1/docking/outputs/np_THRB_3GWS_Artemisia_annua_4_Methylesculetin_out.pdbqt,16389,05e55ac12ec4c837c1ea38d9d73edb08100265e04c91a94ad80692947f8754e2,True,True,not_implied_by_inventory
02-课题-MASH研究-v1/docking/outputs/np_THRB_3GWS_Artemisia_annua_Arteannuin_B_out.pdbqt,15672,5076f19afcb61f0a1ed8cf9ff5dd64ccaaaf04a8273332146748b52da2876ede,True,True,not_implied_by_inventory
02-课题-MASH研究-v1/docking/outputs/np_THRB_3GWS_Artemisia_annua_Artemetin_out.pdbqt,12764,e0909223663c038595183351892389bbddac77a68b1ef5da18061877dcabfbc8,True,True,not_implied_by_inventory
02-课题-MASH研究-v1/docking/outputs/np_THRB_3GWS_Artemisia_annua_Artemisia_ketone_out.pdbqt,12555,2bcc33e079b920f0e7f0f481ccbb7347eded55f7ba40dc7428cc69a3c0a439bd,True,True,not_implied_by_inventory
02-课题-MASH研究-v1/docking/outputs/np_THRB_3GWS_Artemisia_annua_Artemisinic_acid_out.pdbqt,16480,5faebe9c4151ff94a4869e6ec796f415a6dbc5f5be4337064d2edd23a45e6dfa,True,True,not_implied_by_inventory
02-课题-MASH研究-v1/docking/outputs/np_THRB_3GWS_Artemisia_annua_Artemisinin_out.pdbqt,14502,63a5d892674effa7baf287bb17786f9907d762d3934ba8e1c7e5783b26ccbddc,True,True,not_implied_by_inventory
02-课题-MASH研究-v1/docking/outputs/np_THRB_3GWS_Artemisia_annua_Artemisitene_out.pdbqt,12065,d8442103a74bc59df99ab0b8d0e468e0211e3497f3a368492d5937d9b1172ef4,True,True,not_implied_by_inventory
02-课题-MASH研究-v1/docking/outputs/np_THRB_3GWS_Artemisia_annua_Camphor_out.pdbqt,11538,39205b6cb866538b0d363c2780953831c209d60c234417211beeffbcebaff3dd,True,True,not_implied_by_inventory
02-课题-MASH研究-v1/docking/outputs/np_THRB_3GWS_Artemisia_annua_Caryophyllene_oxide_out.pdbqt,19728,16484348979b92d216bf2a69fc8c1ab62d2cb619cdad358679692389fe32c86f,True,True,not_implied_by_inventory
02-课题-MASH研究-v1/docking/outputs/np_THRB_3GWS_Artemisia_annua_Casticin_out.pdbqt,19140,7de0053156b0e39afbc561e6aba82eeebc0e6a63d2409b679f7d8dcf7290360b,True,True,not_implied_by_inventory
02-课题-MASH研究-v1/docking/outputs/np_THRB_3GWS_Artemisia_annua_Chrysosplenetin_out.pdbqt,19140,8f438cb05ba19d0dbed70f68f2c14d1573316439ef5fbfdc68266144bb36f294,True,True,not_implied_by_inventory
02-课题-MASH研究-v1/docking/outputs/np_THRB_3GWS_Artemisia_annua_Chrysosplenol_D_out.pdbqt,15955,15f7fbdaeadf17eea33121a5b5ade451f746938dc4ae6c33b769cd3c679467f6,True,True,not_implied_by_inventory
02-课题-MASH研究-v1/docking/outputs/np_THRB_3GWS_Artemisia_annua_Cirsilineol_out.pdbqt,23800,3deb3ef97421f5b7fa4be6b1e79fd194ff3682d5dcdde3fde1446ecbad1262ca,True,True,not_implied_by_inventory
02-课题-MASH研究-v1/docking/outputs/np_THRB_3GWS_Artemisia_annua_Cirsimaritin_out.pdbqt,19306,b1f2a5305485d956744b524546ef14ff103d4cf4ab68577260312df3c0e17bcb,True,True,not_implied_by_inventory
02-课题-MASH研究-v1/docking/outputs/np_THRB_3GWS_Artemisia_annua_Deoxyartemisinin_out.pdbqt,6153,d0afa3f52d41e500d445cb770569d44e23a120f5b76d65b149e6b9d04438f7ad,True,True,not_implied_by_inventory
02-课题-MASH研究-v1/docking/outputs/np_THRB_3GWS_Artemisia_annua_Dihydroartemisinic_acid_out.pdbqt,18558,edf22fb961404220fbcd7af68b01bd860f6d7e38afc2a0796baaf995a68f8c11,True,True,not_implied_by_inventory
02-课题-MASH研究-v1/docking/outputs/np_THRB_3GWS_Artemisia_annua_Dihydroartemisinin_out.pdbqt,15264,b248a00dd48fe47d8cb7a98cf6f1a7b4cdb371f0605c043cb7f6d623b46d28c5,True,True,not_implied_by_inventory
02-课题-MASH研究-v1/docking/outputs/np_THRB_3GWS_Artemisia_annua_Eupatorin_out.pdbqt,14875,bd4b0aa35903e7bb629c20590af37d99792319053b698b5910089179947b9261,True,True,not_implied_by_inventory
02-课题-MASH研究-v1/docking/outputs/np_THRB_3GWS_Artemisia_annua_Scopoletin_out.pdbqt,15561,b48e0671cb27eff356839f4e36a66a4d9a8356bdc2f2edf02786173259b9f528,True,True,not_implied_by_inventory
02-课题-MASH研究-v1/docking/outputs/np_THRB_3GWS_Artemisia_annua_Scopolin_out.pdbqt,29196,84ccfae408c651d77cd2306e4ac0454ff3f9fd6dbb9856187e809644fa9005ee,True,True,not_implied_by_inventory
02-课题-MASH研究-v1/docking/outputs/np_THRB_3GWS_Artemisia_annua_Umbelliferone_out.pdbqt,13437,a0fe98fe62a4702204bdbedf636e5cb02c82b320bfaec358473fac2cab8a1f0e,True,True,not_implied_by_inventory
02-课题-MASH研究-v1/docking/outputs/np_THRB_3GWS_Artemisia_annua_beta_Caryophyllene_out.pdbqt,18873,1f3bb7e8dde392ef90dc6b857628f8d45effbce12f1c752484ccb9e717154386,True,True,not_implied_by_inventory
02-课题-MASH研究-v1/docking/outputs/np_THRB_3GWS_Bupleurum_chinense_Saikogenin_A_out.pdbqt,8042,5aefedf2efd6b98c2959619e584e7186a40640dabf7e372cb525c60a10bd05c4,True,True,not_implied_by_inventory
02-课题-MASH研究-v1/docking/outputs/np_THRB_3GWS_Bupleurum_chinense_Saikogenin_D_out.pdbqt,24120,f4b5cc6a87d87cef48e7c7b74680298a33a1e24bc99d1f7dd668a0345666e608,True,True,not_implied_by_inventory
02-课题-MASH研究-v1/docking/outputs/np_THRB_3GWS_Bupleurum_chinense_Saikogenin_F_out.pdbqt,3867,ac881fd278c94ed381c7c3a149bac370d201c653b2262b950c3f224e04826b70,True,True,not_implied_by_inventory
02-课题-MASH研究-v1/docking/outputs/np_THRB_3GWS_Coptis_chinensis_8_Oxocoptisine_out.pdbqt,18039,559836fcaf506bf3d1ce93b8e719e9321c4555f47b1441b0f352d1baa599fe34,True,True,not_implied_by_inventory
02-课题-MASH研究-v1/docking/outputs/np_THRB_3GWS_Coptis_chinensis_Berberine_out.pdbqt,18557,f3daab75020587b522a4e4e9c9fea3640a139aa37c2c5b40dd876cf18f57aae7,True,True,not_implied_by_inventory
02-课题-MASH研究-v1/docking/outputs/np_THRB_3GWS_Coptis_chinensis_Berberrubine_out.pdbqt,13250,aa37c0b3b03f6587796c2a731bd673b858d48b86b68e25c9b78cbe83fabcb162,True,True,not_implied_by_inventory
02-课题-MASH研究-v1/docking/outputs/np_THRB_3GWS_Coptis_chinensis_Canadine_out.pdbqt,13235,ad5d4dcfb80b2ecdb631ae08f75d9d33bdecd0f65371a7d4874a83ce00e9a00a,True,True,not_implied_by_inventory
02-课题-MASH研究-v1/docking/outputs/np_THRB_3GWS_Coptis_chinensis_Columbamine_out.pdbqt,14060,c44e998d71f7fbb1c5f5de959d24d15fee8c074506e412f788956cca1bea58fb,True,True,not_implied_by_inventory
02-课题-MASH研究-v1/docking/outputs/np_THRB_3GWS_Coptis_chinensis_Coptisine_out.pdbqt,12450,ccffef9ee5357a6e297e99393c6abba200267758cd0624a1e68fa75a1f3c01da,True,True,not_implied_by_inventory
02-课题-MASH研究-v1/docking/outputs/np_THRB_3GWS_Coptis_chinensis_Epiberberine_out.pdbqt,15906,e4d9ea6ea857a64d319c4d25263dc56b5d83fa985296a9c7d05f757836d5dbdd,True,True,not_implied_by_inventory
02-课题-MASH研究-v1/docking/outputs/np_THRB_3GWS_Coptis_chinensis_Groenlandicine_out.pdbqt,15894,4505fea368e27a7fb563ea595e7fd68f2a3661cee39db0b213821bb4e79e6811,True,True,not_implied_by_inventory
02-课题-MASH研究-v1/docking/outputs/np_THRB_3GWS_Coptis_chinensis_Jatrorrhizine_out.pdbqt,22496,dde7e567b3790953340f044277fd17f123d5b4d4d4ca9779ef6e3a7f47d16778,True,True,not_implied_by_inventory
02-课题-MASH研究-v1/docking/outputs/np_THRB_3GWS_Coptis_chinensis_Magnoflorine_out.pdbqt,5820,1461c3ee1bf65255ee845abbc78ea08851a3441d505e77661b3e3fc530c490fb,True,True,not_implied_by_inventory
02-课题-MASH研究-v1/docking/outputs/np_THRB_3GWS_Coptis_chinensis_Menisperine_out.pdbqt,11628,d0c33a218c34013bc8169e0d490a68a243b8607d554ce5d2256446dbb5df67ad,True,True,not_implied_by_inventory
02-课题-MASH研究-v1/docking/outputs/np_THRB_3GWS_Coptis_chinensis_Palmatine_out.pdbqt,19698,8227cafa41edd7c4bc10067b6f4cdeaa48f9f9f2fb4281541644d394f0226390,True,True,not_implied_by_inventory
02-课题-MASH研究-v1/docking/outputs/np_THRB_3GWS_Coptis_chinensis_Stylopine_out.pdbqt,7470,cac21268847b587d3f41ca1a696098471a56abfc13690ad20874948975118994,True,True,not_implied_by_inventory
02-课题-MASH研究-v1/docking/outputs/np_THRB_3GWS_Coptis_chinensis_Worenine_out.pdbqt,15486,2666a3248fd6a8410799e1121a7551d7a4119f47f9f0653fe3e347015c9ed643,True,True,not_implied_by_inventory
02-课题-MASH研究-v1/docking/outputs/np_THRB_3GWS_Ganoderma_lucidum_Lucidenic_acid_A_out.pdbqt,11250,8a68b370b53e9be3bfcd5298c745b11bab521359163caa77325b86390d78fba9,True,True,not_implied_by_inventory
02-课题-MASH研究-v1/docking/outputs/np_THRB_3GWS_Ganoderma_lucidum_Lucidenic_acid_B_out.pdbqt,11913,efebc06b19bba81c814303046ab0751cddaf5a3b4c956bf02aff648bfdd35532,True,True,not_implied_by_inventory
02-课题-MASH研究-v1/docking/outputs/np_THRB_3GWS_Ganoderma_lucidum_Lucidenic_acid_C_out.pdbqt,3999,d47eb6ae4b30c4cb36f4c61428091e486b2702c92ee0835aab7d63630ea81a11,True,True,not_implied_by_inventory
02-课题-MASH研究-v1/docking/outputs/np_THRB_3GWS_Ganoderma_lucidum_Lucidenic_acid_F_out.pdbqt,7242,c484d9f4d8496935aae7b2b4924935f8b77be341d60a43e29bb33470cb51df33,True,True,not_implied_by_inventory
02-课题-MASH研究-v1/docking/outputs/np_THRB_3GWS_Ganoderma_lucidum_Lucidenic_acid_N_out.pdbqt,7756,e2efc91eb49fb519caaa017e43b79d58128e46dc862485727782b88addf09a31,True,True,not_implied_by_inventory
02-课题-MASH研究-v1/docking/outputs/np_THRB_3GWS_Ganoderma_lucidum_Lucidenic_acid_O_out.pdbqt,8518,5b0db01543b51d277d62853a9849d0c280898a619dfe5d81e100c47b9d400471,True,True,not_implied_by_inventory
02-课题-MASH研究-v1/docking/outputs/np_THRB_3GWS_Glycyrrhiza_uralensis_Echinatin_out.pdbqt,22545,6917f48a30dba9e15d0a3ca9f18f93a52366e8849f771ec1c52b66c25b428e72,True,True,not_implied_by_inventory
02-课题-MASH研究-v1/docking/outputs/np_THRB_3GWS_Glycyrrhiza_uralensis_Formononetin_out.pdbqt,13830,41813c1e50eb66e856cd3686838482002e4720410241d32b6011affa078c2b69,True,True,not_implied_by_inventory
02-课题-MASH研究-v1/docking/outputs/np_THRB_3GWS_Glycyrrhiza_uralensis_Glabrene_out.pdbqt,13870,84761d4b338f5a857c3543439ce40350926d421140916e4a27f325d80806f753,True,True,not_implied_by_inventory
02-课题-MASH研究-v1/docking/outputs/np_THRB_3GWS_Glycyrrhiza_uralensis_Glabridin_out.pdbqt,11116,0746d0e769b2c81f2a0790d2989cfe38426d7b415d6f24f58c527c6ade18058e,True,True,not_implied_by_inventory
02-课题-MASH研究-v1/docking/outputs/np_THRB_3GWS_Glycyrrhiza_uralensis_Glyasperin_C_out.pdbqt,15960,7a544b7239767f06b3f62192efb1921d7e5f4d4ab7837655a7334dcbd90943e5,True,True,not_implied_by_inventory
02-课题-MASH研究-v1/docking/outputs/np_THRB_3GWS_Glycyrrhiza_uralensis_Glycyrol_out.pdbqt,6236,a19e126905572d5038338c76fb9c21abb52e75ac51c750cbb510bbb4fc1ee41a,True,True,not_implied_by_inventory
02-课题-MASH研究-v1/docking/outputs/np_THRB_3GWS_Glycyrrhiza_uralensis_Isoglycyrol_out.pdbqt,2920,372cd7f2909605911511331aadbb746bf83db8607fc206eeeafebc2d55fa93a2,True,True,not_implied_by_inventory
02-课题-MASH研究-v1/docking/outputs/np_THRB_3GWS_Glycyrrhiza_uralensis_Isolicoflavonol_out.pdbqt,26224,764c948817cc1ebc39137052d8825e1084e7e69cb4c3f2c666dea45a39535d21,True,True,not_implied_by_inventory
02-课题-MASH研究-v1/docking/outputs/np_THRB_3GWS_Glycyrrhiza_uralensis_Isoliquiritigenin_out.pdbqt,22536,1a1ccd279bd17337f036ec01cb098559da335e80dc415ff56be71984671cb029,True,True,not_implied_by_inventory
02-课题-MASH研究-v1/docking/outputs/np_THRB_3GWS_Glycyrrhiza_uralensis_Licochalcone_A_out.pdbqt,15260,3ba9a3c31f4206a2caf64e5b5ab5e0cc923421e353f629c1cdb832ee12b09933,True,True,not_implied_by_inventory
02-课题-MASH研究-v1/docking/outputs/np_THRB_3GWS_Glycyrrhiza_uralensis_Licochalcone_B_out.pdbqt,24498,f14f4f09055392b272f5967553bed1d2aa1b0128fdfc99aa5497270cf50b4ea7,True,True,not_implied_by_inventory
02-课题-MASH研究-v1/docking/outputs/np_THRB_3GWS_Glycyrrhiza_uralensis_Licoflavanone_out.pdbqt,24504,8a954fd56330abf005db18b5d291838e257118197e22e0815e5a3a1792d04bc1,True,True,not_implied_by_inventory
02-课题-MASH研究-v1/docking/outputs/np_THRB_3GWS_Glycyrrhiza_uralensis_Licoisoflavone_A_out.pdbqt,19662,db76fba9bd7298977b6faeef074fcecf23c7b0bb55d5a1fd3b6cad6daaadf10f,True,True,not_implied_by_inventory
02-课题-MASH研究-v1/docking/outputs/np_THRB_3GWS_Glycyrrhiza_uralensis_Licoisoflavone_B_out.pdbqt,24648,09b6ac09f560a8905cd512c3071f864e494f369a30ae0724e64ec997304aeb52,True,True,not_implied_by_inventory
02-课题-MASH研究-v1/docking/outputs/np_THRB_3GWS_Glycyrrhiza_uralensis_Liquiritigenin_out.pdbqt,11545,ae5a6fd024baa4a93fa7644729445cb1d80a184ea3b65632b73fdf831547b0ff,True,True,not_implied_by_inventory
02-课题-MASH研究-v1/docking/outputs/np_THRB_3GWS_Glycyrrhiza_uralensis_Liquiritin_out.pdbqt,30600,d90f8b0188d0ece23d671f1f4bdcffddb78fb9aa759391eee220599f4f69b8d2,True,True,not_implied_by_inventory
02-课题-MASH研究-v1/docking/outputs/np_THRB_3GWS_Glycyrrhiza_uralensis_Neoliquiritin_out.pdbqt,15296,b3ac6e6a3b4e9bd12203d8f6b2b28385c230674b166fe6926cec9c5ebf7792dd,True,True,not_implied_by_inventory
02-课题-MASH研究-v1/docking/outputs/np_THRB_3GWS_Glycyrrhiza_uralensis_Semilicoisoflavone_B_out.pdbqt,18486,497e436f055c7c5dd313e650d111f618820b052018c8aeb84c8bf1e7044296e1,True,True,not_implied_by_inventory
02-课题-MASH研究-v1/docking/outputs/np_THRB_3GWS_Salvia_miltiorrhiza_Cryptotanshinone_out.pdbqt,11465,a043ad070ebc53eb8469381d4dbb86e9a8da43dee4cfe38fd6b5bad8ca16df5f,True,True,not_implied_by_inventory
02-课题-MASH研究-v1/docking/outputs/np_THRB_3GWS_Salvia_miltiorrhiza_Danshenxinkun_A_out.pdbqt,20920,1531b7f1dae5ff4d3f8ba564cee90996368e1d8879a613d99984deb305b81a57,True,True,not_implied_by_inventory
02-课题-MASH研究-v1/docking/outputs/np_THRB_3GWS_Salvia_miltiorrhiza_Danshenxinkun_B_out.pdbqt,16548,bab6991ec3859df8bdf91fe7f14da27f2668bc24e08e198711ea457e48e60dd6,True,True,not_implied_by_inventory
02-课题-MASH研究-v1/docking/outputs/np_THRB_3GWS_Salvia_miltiorrhiza_Dihydrotanshinone_I_out.pdbqt,8828,6c78d18c94d632cec8f4d7b84c1f9dc7c035f04d5ea1e94193322010ca3df841,True,True,not_implied_by_inventory
02-课题-MASH研究-v1/docking/outputs/np_THRB_3GWS_Salvia_miltiorrhiza_Isocryptotanshinone_out.pdbqt,9156,14bf457df01e53df836ba9c0124365df6581cea1987245c9f2840eb76844666c,True,True,not_implied_by_inventory
02-课题-MASH研究-v1/docking/outputs/np_THRB_3GWS_Salvia_miltiorrhiza_Isotanshinone_IIB_out.pdbqt,10156,3180def516b5772794edc88f43ab479167b36a467fd3a2a75a3b9061a6a3ffb3,True,True,not_implied_by_inventory
02-课题-MASH研究-v1/docking/outputs/np_THRB_3GWS_Salvia_miltiorrhiza_Methylenetanshinquinone_out.pdbqt,8804,76fe66ff36685e9bf4255a2c71c33a7b1deef93891ea630f0e8341db5e76a6b8,True,True,not_implied_by_inventory
02-课题-MASH研究-v1/docking/outputs/np_THRB_3GWS_Salvia_miltiorrhiza_Miltirone_out.pdbqt,17896,e81252baa018c36d770ef701a66512615afa36a72e9ef94e4cadda9eeb593604,True,True,not_implied_by_inventory
02-课题-MASH研究-v1/docking/outputs/np_THRB_3GWS_Salvia_miltiorrhiza_Neocryptotanshinone_out.pdbqt,19089,46088277fbc964bb0a9ba1da7426ea9cd351161505e8d1bda2237038b3a5db4d,True,True,not_implied_by_inventory
02-课题-MASH研究-v1/docking/outputs/np_THRB_3GWS_Salvia_miltiorrhiza_Przewalskin_out.pdbqt,11230,89ad5943fd1ddf7d1dae062d86520669c2076c5e945e6d27ac9c53d4da28f31f,True,True,not_implied_by_inventory
02-课题-MASH研究-v1/docking/outputs/np_THRB_3GWS_Salvia_miltiorrhiza_Salvilenone_out.pdbqt,4658,fe2d1ae06796bb08349326d1b2082ac29c116825ce0ed0fce6c72b854b5ee930,True,True,not_implied_by_inventory
02-课题-MASH研究-v1/docking/outputs/np_THRB_3GWS_Salvia_miltiorrhiza_Sugiol_out.pdbqt,9840,da2e362971482508056ef06212e4f5d8647681eb458ff0292f1ae062bd38ced1,True,True,not_implied_by_inventory
02-课题-MASH研究-v1/docking/outputs/np_THRB_3GWS_Salvia_miltiorrhiza_Tanshindiol_A_out.pdbqt,16014,ee995e0e19ef0e938f6790f2fe162dc4bc58d8723b8069d9bbc2079630c74746,True,True,not_implied_by_inventory
02-课题-MASH研究-v1/docking/outputs/np_THRB_3GWS_Salvia_miltiorrhiza_Tanshindiol_B_out.pdbqt,13185,89df1db87a6633eede71edb9e1dca21bc6dac8859e6a5198609612ff95fb454c,True,True,not_implied_by_inventory
02-课题-MASH研究-v1/docking/outputs/np_THRB_3GWS_Salvia_miltiorrhiza_Tanshindiol_C_out.pdbqt,10552,bbee4f420875e1465b2191fce08f8784908fe5b3ab5b8417978ef74a36c13a8a,True,True,not_implied_by_inventory
02-课题-MASH研究-v1/docking/outputs/np_THRB_3GWS_Salvia_miltiorrhiza_Tanshinone_IIA_out.pdbqt,6867,2b37e1e1415118de34d99db6f8c5ebbfc3d7b144e12b4c3aadf4ab8618307aea,True,True,not_implied_by_inventory
02-课题-MASH研究-v1/docking/outputs/np_THRB_3GWS_Salvia_miltiorrhiza_Tanshinone_IIB_out.pdbqt,5080,ed49c536e08c6c4817b37ef6f5533abe7f0b3e82d19126c69cf38a6d67f956b3,True,True,not_implied_by_inventory
02-课题-MASH研究-v1/docking/outputs/np_THRB_3GWS_Salvia_miltiorrhiza_Tanshinone_I_out.pdbqt,4400,68d4c8965f9193486522d8ab6a6828aed815771d0840e0db8e448270ff07f368,True,True,not_implied_by_inventory
02-课题-MASH研究-v1/docking/outputs/np_THRB_3GWS_Schisandra_chinensis_Chamigrenal_out.pdbqt,16092,0df94ae0e3595b1acc180fefb58941512fe024f23c065afa74eacd8b523b7d7f,True,True,not_implied_by_inventory
02-课题-MASH研究-v1/docking/outputs/np_THRB_3GWS_Schisandra_chinensis_Gomisin_H_out.pdbqt,27006,a890481c4dda4829729e007d21aa60c0bdfda6ed4cea30c52668e8a9ac2a4eeb,True,True,not_implied_by_inventory
02-课题-MASH研究-v1/docking/outputs/np_THRB_3GWS_Schisandra_chinensis_Gomisin_J_out.pdbqt,18200,407185b7866725d5a196984e231816ad29ea765f5c868b59d0c2059b1ad2015a,True,True,not_implied_by_inventory
02-课题-MASH研究-v1/docking/outputs/np_THRB_3GWS_Schisandra_chinensis_Gomisin_K1_out.pdbqt,25494,c30a3e7c3eee2ef5eb774a16f7b43a2edd3ccd9bd1aec281c219e0e80e04d86b,True,True,not_implied_by_inventory
02-课题-MASH研究-v1/docking/outputs/np_THRB_3GWS_Schisandra_chinensis_Gomisin_K3_out.pdbqt,14572,d729c0ec23ebc716232b01e9458dcecff2c2b109c1a53de7da97a1c1e7c49fd6,True,True,not_implied_by_inventory
02-课题-MASH研究-v1/docking/outputs/np_THRB_3GWS_Schisandra_chinensis_Gomisin_L1_out.pdbqt,10440,81cf70955cc01bab7e3343fc65ae531e62f2766cdf17cefdfb1e2ddf5b59675e,True,True,not_implied_by_inventory
02-课题-MASH研究-v1/docking/outputs/np_THRB_3GWS_Schisandra_chinensis_Gomisin_L2_out.pdbqt,17400,d87353c6bb10f9032c57c610994ca18878413cb5be1a3602ceb8bde485c4e0e0,True,True,not_implied_by_inventory
02-课题-MASH研究-v1/docking/outputs/np_THRB_3GWS_Schisandra_chinensis_Gomisin_M1_out.pdbqt,13880,02e9f8fca2bb4c677382461ad3b04ab75a909ce441f99410f2020603eba06096,True,True,not_implied_by_inventory
02-课题-MASH研究-v1/docking/outputs/np_THRB_3GWS_Schisandra_chinensis_Gomisin_M2_out.pdbqt,17400,942dd403a0b5ff8987d3c7370a1f71aec07ac8d29470ecbcfb1ac2923ddb62af,True,True,not_implied_by_inventory
02-课题-MASH研究-v1/docking/outputs/np_THRB_3GWS_Schisandra_chinensis_Gomisin_N_out.pdbqt,24360,3c820819b9a2917de6d5343c17e5aa5d495bcce53cdd9dcf7a45439508d1b219,True,True,not_implied_by_inventory
02-课题-MASH研究-v1/docking/outputs/np_THRB_3GWS_Schisandra_chinensis_Gomisin_O_out.pdbqt,7396,89c1dbce46f1be2ae0ad7e3836fd332196325061a3da320b293634914795fbd1,True,True,not_implied_by_inventory
02-课题-MASH研究-v1/docking/outputs/np_THRB_3GWS_Schisandra_chinensis_Pregomisin_out.pdbqt,17190,4c1df7e3c2ab47cebb3176c1935449745659fc18b57f9673109c9d73163c983e,True,True,not_implied_by_inventory
02-课题-MASH研究-v1/docking/outputs/np_THRB_3GWS_Schisandra_chinensis_Schisandrin_A_out.pdbqt,14572,5c35179ccfb6c9960242ead2417ed875e1b09966e25a5326abf72b3021fb0be9,True,True,not_implied_by_inventory
02-课题-MASH研究-v1/docking/outputs/np_THRB_3GWS_Schisandra_chinensis_Schisandrin_B_out.pdbqt,20832,eff1f64254400ff12cbef567c8de66e9a02517e2a9fde926c111a6c00a974202,True,True,not_implied_by_inventory
02-课题-MASH研究-v1/docking/outputs/np_THRB_3GWS_Schisandra_chinensis_Schisandrin_C_out.pdbqt,13268,7fa2bbdd5f8b3b27cbdb12e06772948c7d74c3cadeb6eae88d8dbb8fa8fa8968,True,True,not_implied_by_inventory
02-课题-MASH研究-v1/docking/outputs/np_THRB_3GWS_Schisandra_chinensis_Schisandrol_A_out.pdbqt,19300,ca592268f7cfd6042715b12394a6b8169baa6c796e1c3778da7e44463cf9dd53,True,True,not_implied_by_inventory
02-课题-MASH研究-v1/docking/outputs/np_THRB_3GWS_Schisandra_chinensis_Schisandrol_B_out.pdbqt,22128,ae1059e3c7c5a671b1f8f92a7b6c95f534ee9750644a7fe1ac3f6e4a67d47b08,True,True,not_implied_by_inventory
02-课题-MASH研究-v1/docking/outputs/np_THRB_3GWS_Schisandra_chinensis_Schisanhenol_out.pdbqt,14572,d729c0ec23ebc716232b01e9458dcecff2c2b109c1a53de7da97a1c1e7c49fd6,True,True,not_implied_by_inventory
02-课题-MASH研究-v1/docking/outputs/np_THRB_3GWS_Silybum_marianum_2_3_Dehydrosilybin_out.pdbqt,8546,4aaacc0591298e725d120e72fafebcc46a17be9321dcefa5e2ba23bb038c6567,True,True,not_implied_by_inventory
02-课题-MASH研究-v1/docking/outputs/np_THRB_3GWS_Silybum_marianum_Isosilybin_A_out.pdbqt,21405,7108e042db5ec73b1e35dfd8e27a694095d010df06f54b5d2aa35ced88526576,True,True,not_implied_by_inventory
02-课题-MASH研究-v1/docking/outputs/np_THRB_3GWS_Silybum_marianum_Isosilybin_B_out.pdbqt,21405,e5b464179ac97762541a0e91d2c4e958fe3de4783b0535ccd9ad598aeddea36b,True,True,not_implied_by_inventory
02-课题-MASH研究-v1/docking/outputs/np_THRB_3GWS_Silybum_marianum_Neosilyhermin_A_out.pdbqt,12540,629eccda9441a1052bbefc4136a7a20e7404c5eb4ee69f67f8e8e7b90b8880e6,True,True,not_implied_by_inventory
02-课题-MASH研究-v1/docking/outputs/np_THRB_3GWS_Silybum_marianum_Neosilyhermin_B_out.pdbqt,8362,4048081afdfe57897af8ed5941924165e132b2d8db70ab9c78f1bd8cc061dcda,True,True,not_implied_by_inventory
02-课题-MASH研究-v1/docking/outputs/np_THRB_3GWS_Silybum_marianum_Silandrin_out.pdbqt,16252,5db2dd4ba9f6a2894f1b0f64023b23c0cc4b534d911af0dc45ce22cd52f3e9b3,True,True,not_implied_by_inventory
02-课题-MASH研究-v1/docking/outputs/np_THRB_3GWS_Silybum_marianum_Silybin_A_out.pdbqt,17124,aadbaf05fd2cc57a1939ea64a77857456ebb5b88afe7decb239cfdbf9fe3f9c6,True,True,not_implied_by_inventory
02-课题-MASH研究-v1/docking/outputs/np_THRB_3GWS_Silybum_marianum_Silybin_B_out.pdbqt,8562,59ea1e2950d6a39f22a257eb0d4bbcfccc941166874c56059e15a065b18d441a,True,True,not_implied_by_inventory
02-课题-MASH研究-v1/docking/outputs/np_THRB_3GWS_Silybum_marianum_Silydianin_out.pdbqt,8532,90813509f022a62c8601474589bcec2a21b912448bae91a1fd4e448300eb3517,True,True,not_implied_by_inventory
02-课题-MASH研究-v1/docking/outputs/np_THRB_3GWS_Silybum_marianum_Silyhermin_out.pdbqt,20905,9f7fa515d82c9f835b56314653e90e0635652b3fc090f379d58dc05b91495691,True,True,not_implied_by_inventory
02-课题-MASH研究-v1/docking/outputs/np_THRB_3GWS_Silybum_marianum_Silymonin_out.pdbqt,12144,3ec15e1d360bcf46be1436fc7908a6c1f0fb1e83a26634879cd0ed11f7af9f14,True,True,not_implied_by_inventory
02-课题-MASH研究-v1/docking/outputs/np_THRB_3GWS_Sophora_flavescens_Aloperine_out.pdbqt,13580,0587e9d3a4b91c681cf34f4636ef6fb409aab7ad7b74ee322877c18481bb88c1,True,True,not_implied_by_inventory
02-课题-MASH研究-v1/docking/outputs/np_THRB_3GWS_Sophora_flavescens_Anagyrine_out.pdbqt,15504,7ce50b495289110c2cd19c9e4be05a81d9970b9e7d73ebbc80967210f590c4c0,True,True,not_implied_by_inventory
02-课题-MASH研究-v1/docking/outputs/np_THRB_3GWS_Sophora_flavescens_Baptifoline_out.pdbqt,15106,a7c0a9f16c881cdf13b0ca28437ede0e19a95b1cd4f8d8211286e5458b3aef0c,True,True,not_implied_by_inventory
02-课题-MASH研究-v1/docking/outputs/np_THRB_3GWS_Sophora_flavescens_Formononetin_out.pdbqt,13830,41813c1e50eb66e856cd3686838482002e4720410241d32b6011affa078c2b69,True,True,not_implied_by_inventory
02-课题-MASH研究-v1/docking/outputs/np_THRB_3GWS_Sophora_flavescens_Kurarinol_out.pdbqt,24600,30ed6d852ce3bbd754613acdcc44c2f2b88ad818df8a07624e4e612a3b08b86c,True,True,not_implied_by_inventory
02-课题-MASH研究-v1/docking/outputs/np_THRB_3GWS_Sophora_flavescens_Kushenol_C_out.pdbqt,36558,5fc219d6ebbe7bfec6f6f5cb78903c8aa46cc83f73fd228f759ce94e65cb361e,True,True,not_implied_by_inventory
02-课题-MASH研究-v1/docking/outputs/np_THRB_3GWS_Sophora_flavescens_Kushenol_E_out.pdbqt,11421,d60e30f442036b447518c0847597ac7b9e2440ea0728ee8aad18d4084df11a85,True,True,not_implied_by_inventory
02-课题-MASH研究-v1/docking/outputs/np_THRB_3GWS_Sophora_flavescens_Kushenol_H_out.pdbqt,17364,eba17003e9efdd683d854c1758fa428ea0d5b4d45139b81b343e67e35390bc93,True,True,not_implied_by_inventory
02-课题-MASH研究-v1/docking/outputs/np_THRB_3GWS_Sophora_flavescens_Kushenol_I_out.pdbqt,16276,4bfa2e7c698c1f3a42bbc0524ab477157372fee6a22474c4f4652fe3d5accfe5,True,True,not_implied_by_inventory
02-课题-MASH研究-v1/docking/outputs/np_THRB_3GWS_Sophora_flavescens_Maackiain_out.pdbqt,13980,9b8b69faabc3c6eb2ef7a8f8c5efad41a54254b31d6385e63a03c6892ac42256,True,True,not_implied_by_inventory
02-课题-MASH研究-v1/docking/outputs/np_THRB_3GWS_Sophora_flavescens_Matrine_out.pdbqt,15568,8b5b4092011c371ca1a78217603b54d2323aea30f4ebe60600a565214ffa8e42,True,True,not_implied_by_inventory
02-课题-MASH研究-v1/docking/outputs/np_THRB_3GWS_Sophora_flavescens_N_Methylcytisine_out.pdbqt,15021,498b0321904ece63bd0d4e6f8ae07784f320c2ea8309e4e52740d367f4de5dc7,True,True,not_implied_by_inventory
02-课题-MASH研究-v1/docking/outputs/np_THRB_3GWS_Sophora_flavescens_Oxymatrine_out.pdbqt,8176,9b8e18e1a2e2f57c891cd2b38e67bd7abf831cc6b4ba8a05b70b57c375098058,True,True,not_implied_by_inventory
02-课题-MASH研究-v1/docking/outputs/np_THRB_3GWS_Sophora_flavescens_Oxysophocarpine_out.pdbqt,6132,f8bff6a541aaf16c79d76acb2321255013f08284f2effd073006bec0a02b5140,True,True,not_implied_by_inventory
02-课题-MASH研究-v1/docking/outputs/np_THRB_3GWS_Sophora_flavescens_Sophocarpine_out.pdbqt,7788,9da2c2dd93ea087da66e647c21db59e62ce403f798cddbcc295b033ea25c297a,True,True,not_implied_by_inventory
02-课题-MASH研究-v1/docking/outputs/np_THRB_3GWS_Sophora_flavescens_Sophoraflavanone_G_out.pdbqt,19235,406acf9a0dc3855fd434c9491108b3e1f3c00af2328762af755ed50db27b4749,True,True,not_implied_by_inventory
02-课题-MASH研究-v1/docking/outputs/np_THRB_3GWS_Sophora_flavescens_Sophoramine_out.pdbqt,11628,9f3e1fd27ad919348d8c2f946e94e9ee4d0c2f33187a7a255acb7d2d49e7f6d2,True,True,not_implied_by_inventory
02-课题-MASH研究-v1/docking/outputs/np_THRB_3GWS_Sophora_flavescens_Sophoridine_out.pdbqt,5835,e19818b45138f4c614bd0067d20f4117b2e2185b9f3d8ef0877f7969d0841ad8,True,True,not_implied_by_inventory
02-课题-MASH研究-v1/docking/outputs/np_THRB_3GWS_Tripterygium_wilfordii_Tripterifordin_out.pdbqt,15318,4f18d8bc14b0265a11c772fd02019f9ed6caadd7838c88e515c3e7ad2195c9ce,True,True,not_implied_by_inventory
02-课题-MASH研究-v1/docking/outputs/np_THRB_3GWS_Tripterygium_wilfordii_Triptophenolide_out.pdbqt,10272,1889fffb43ad4cc86853d4775ed7735d77c31e00d8cf48c2b4c11b790f00f451,True,True,not_implied_by_inventory
02-课题-MASH研究-v1/docking/outputs/obs_ACC_Ampelopsis_grossedentata_dihydrokaempferol_out.pdbqt,24669,226d3c691662ca1dec8ab345c49caf2b81c2fc7616603b41fafe8b626b777132,True,True,not_implied_by_inventory
02-课题-MASH研究-v1/docking/outputs/obs_ACC_Ampelopsis_grossedentata_dihydroquercetin_out.pdbqt,26613,2db4468ee3519fd9be17988c3cd603919d79a1622f3ff6893a5a550effbc5e31,True,True,not_implied_by_inventory
02-课题-MASH研究-v1/docking/outputs/obs_ACC_Antrodia_cinnamomea_antcin_A_out.pdbqt,33291,b265eca1c732f2f9958620d1714c76b757b9495bbf31cc729a1f7d98f1422264,True,True,not_implied_by_inventory
02-课题-MASH研究-v1/docking/outputs/obs_ACC_Antrodia_cinnamomea_antcin_B_out.pdbqt,33876,493371603dc4230eb9c74dc876bcc82b868fd7409260b0a58a8b6d119b14ef4c,True,True,not_implied_by_inventory
02-课题-MASH研究-v1/docking/outputs/obs_ACC_Antrodia_cinnamomea_antrodin_A_out.pdbqt,19818,f41a4ffb01b5ac2f67a9d6dbe8e95418f5bc9d25aa34717cdec0a1bd39293143,True,True,not_implied_by_inventory
02-课题-MASH研究-v1/docking/outputs/obs_ACC_Antrodia_cinnamomea_dehydroeburicoic_acid_out.pdbqt,35181,e1c4494c91f1c472f92008d266db1ab27455c4b11c896deb823a0e0d6e3cb72b,True,True,not_implied_by_inventory
02-课题-MASH研究-v1/docking/outputs/obs_ACC_Antrodia_cinnamomea_eburicoic_acid_out.pdbqt,35199,f2fc8941263babc4a5276f8c351c5d0cf86bbf2624fd786d555f39b153e09f2a,True,True,not_implied_by_inventory
02-课题-MASH研究-v1/docking/outputs/obs_ACC_Antrodia_cinnamomea_zhankuic_acid_A_out.pdbqt,34101,3400919573f2b895b481e130de668f02a2ff670b3fe935221014e350a4e5ec6e,True,True,not_implied_by_inventory
02-课题-MASH研究-v1/docking/outputs/obs_ACC_Centella_asiatica_madecassic_acid_out.pdbqt,39087,abb7cbaedf8a4c83636bd1938de829ba589db3c6b46f47bc30b2b697fa7da1ad,True,True,not_implied_by_inventory
02-课题-MASH研究-v1/docking/outputs/obs_ACC_Centella_asiatica_terminolic_acid_out.pdbqt,39015,527532bfda2e952ed1230b4f024dc1860951fcc20189cd6af1aca1ddec39f4d8,True,True,not_implied_by_inventory
02-课题-MASH研究-v1/docking/outputs/obs_ACC_Ilex_kudingcha_ilexgenin_A_out.pdbqt,37863,acd06eaf0ca1a5c2a11c19e9d9c045c33db53f3db238257cdf5bfba2252c48de,True,True,not_implied_by_inventory
02-课题-MASH研究-v1/docking/outputs/obs_ACC_Ilex_kudingcha_ilexolic_acid_A_out.pdbqt,39024,60e4443527896ace89bf7683c38818b8703b9635a735b7118ba48ad605da23d1,True,True,not_implied_by_inventory
02-课题-MASH研究-v1/docking/outputs/obs_ACC_Ilex_kudingcha_ursolic_acid_out.pdbqt,32823,bb06ae7b5f7cbfd7238a358f3e50d3d58c9db310c045119136e64285d9d95b2f,True,True,not_implied_by_inventory
02-课题-MASH研究-v1/docking/outputs/obs_ACC_Inonotus_obliquus_3beta_hydroxylanosta_8_24_dien_21_al_out.pdbqt,31932,3ac7026cf53dffeea40b77750dc324597418a67f498f8c4acb87fccc1d1fb8f7,True,True,not_implied_by_inventory
02-课题-MASH研究-v1/docking/outputs/obs_ACC_Inonotus_obliquus_betulin_out.pdbqt,32157,9bd84d8b9b1813fa30ae42f234b6ceab74101f74228b163cd1aedbde754f40b6,True,True,not_implied_by_inventory
02-课题-MASH研究-v1/docking/outputs/obs_ACC_Inonotus_obliquus_betulinic_acid_out.pdbqt,32994,920957a65eaa598c2fc5eda387f7b8411742eb095389c296fe05a9dd71ff8285,True,True,not_implied_by_inventory
02-课题-MASH研究-v1/docking/outputs/obs_ACC_Inonotus_obliquus_inotodiol_out.pdbqt,32769,ed4475b41395c3a8afe5bb2acd1644714c5619c8e4e82ea70ffe3cf8814d4c70,True,True,not_implied_by_inventory
02-课题-MASH研究-v1/docking/outputs/obs_ACC_Inonotus_obliquus_trametenolic_acid_out.pdbqt,34056,7672a24110bce602472a079327f2cb82ad46b45d21eb2e4eab4de4f75f92a25d,True,True,not_implied_by_inventory
02-课题-MASH研究-v1/docking/outputs/obs_ACC_Phyllanthus_niruri_hypophyllanthin_out.pdbqt,30780,d688b0dda6398937591bf167d7e5414ade17ca069c23d2cc7ab2d203d2aee2c1,True,True,not_implied_by_inventory
02-课题-MASH研究-v1/docking/outputs/obs_ACC_Phyllanthus_niruri_lintetralin_out.pdbqt,28836,4f11dcec895619191b61f53caa000a11253254a029996fdcd5bd45f13226289c,True,True,not_implied_by_inventory
02-课题-MASH研究-v1/docking/outputs/obs_ACC_Phyllanthus_niruri_niranthin_out.pdbqt,32094,6bb125e410a38270ab5741cb6b65ac18b323adc541ef6a2031cea3362cbab5d4,True,True,not_implied_by_inventory
02-课题-MASH研究-v1/docking/outputs/obs_ACC_Phyllanthus_niruri_nirtetralin_out.pdbqt,30789,43948b6cd69d84956ace591a7d04345e5912b41c65e96998a75d39d2a05ee355,True,True,not_implied_by_inventory
02-课题-MASH研究-v1/docking/outputs/obs_ACC_Phyllanthus_niruri_norsecurinine_out.pdbqt,15075,de9c1183b030d6924660110cb010acd487fc3836c9ce86ed5df7fc806d7e29e0,True,True,not_implied_by_inventory
02-课题-MASH研究-v1/docking/outputs/obs_ACC_Phyllanthus_niruri_phyllanthin_out.pdbqt,31608,9221f9d2c546a5820c22f2d6a63f779949973c310901a1ddbfe36de8bd97b282,True,True,not_implied_by_inventory
02-课题-MASH研究-v1/docking/outputs/obs_ACC_Phyllanthus_niruri_phyltetralin_out.pdbqt,30303,b44a793531484b5ed67cd2cdb5af9572527675159e68462bb9a9f8f59d664d74,True,True,not_implied_by_inventory
02-课题-MASH研究-v1/docking/outputs/obs_ACC_Swertia_spp_decussatin_out.pdbqt,22698,0514a4d41708199d85dcfcc387353f93e115428ecc3c346956e5e22d83555a79,True,True,not_implied_by_inventory
02-课题-MASH研究-v1/docking/outputs/obs_ACC_Swertia_spp_gentiopicroside_out.pdbqt,29304,b1b5ff031555dc18bf53ab86265a54bfcb547d15b0a6249f7120132242a059a1,True,True,not_implied_by_inventory
02-课题-MASH研究-v1/docking/outputs/obs_ACC_Swertia_spp_sweroside_out.pdbqt,29340,e97213aaeb5405a4721cdfb2a7134cb67c920325ad0dfe40f0061a7b5d8e45b9,True,True,not_implied_by_inventory
02-课题-MASH研究-v1/docking/outputs/obs_ACC_Swertia_spp_swertiamarin_out.pdbqt,31257,99b7e464192375565fc1a92d1a28c3cf6abc46dd426cd4453fbc6d28514267e1,True,True,not_implied_by_inventory
02-课题-MASH研究-v1/docking/outputs/obs_THRB_Ampelopsis_grossedentata_dihydrokaempferol_out.pdbqt,21928,61d75049e12d330b90d394d7f1280e0bf410ceb2df6f08c3d4cc2a4b55eb8dfd,True,True,not_implied_by_inventory
02-课题-MASH研究-v1/docking/outputs/obs_THRB_Ampelopsis_grossedentata_dihydroquercetin_out.pdbqt,26613,3485370ba63ec7fa429bfd9c84a6658c6eec872a5c50a302b91d04d8880ab13c,True,True,not_implied_by_inventory
02-课题-MASH研究-v1/docking/outputs/obs_THRB_Antrodia_cinnamomea_antcin_A_out.pdbqt,14796,c039918eef950cc08faa3d081bb70a8bd73163170c5160de5b04643061e4d7df,True,True,not_implied_by_inventory
02-课题-MASH研究-v1/docking/outputs/obs_THRB_Antrodia_cinnamomea_antcin_B_out.pdbqt,7528,5809d16a702ff4aa42fb30efc6bcc3aef344782a0badf75d3d6afb7928371fb8,True,True,not_implied_by_inventory
02-课题-MASH研究-v1/docking/outputs/obs_THRB_Antrodia_cinnamomea_antrodin_A_out.pdbqt,19818,f3acf7bcdadc350d2e390217ef5a2566e6c0da80d6762cba3e1cadf6cbf2e48d,True,True,not_implied_by_inventory
02-课题-MASH研究-v1/docking/outputs/obs_THRB_Antrodia_cinnamomea_dehydroeburicoic_acid_out.pdbqt,15636,6ea2296507699e4837a48bcb120d3ee03deb1b36d7911b49d47bf417aad4ad75,True,True,not_implied_by_inventory
02-课题-MASH研究-v1/docking/outputs/obs_THRB_Antrodia_cinnamomea_eburicoic_acid_out.pdbqt,19555,79a9e0b33c715848b3e5dd1bfdce0ef8f1de95f6c6e69a7196cfe759c6322532,True,True,not_implied_by_inventory
02-课题-MASH研究-v1/docking/outputs/obs_THRB_Antrodia_cinnamomea_zhankuic_acid_A_out.pdbqt,7578,b29b4d960842414b9b96bff4618aaac8349d94d4b97394b4d4756490590e1350,True,True,not_implied_by_inventory
02-课题-MASH研究-v1/docking/outputs/obs_THRB_Centella_asiatica_madecassic_acid_out.pdbqt,4343,f4b283b0acbba7cb02ada7a34b504ae600f70460ebf637aa1b618f5732c12b5e,True,True,not_implied_by_inventory
02-课题-MASH研究-v1/docking/outputs/obs_THRB_Centella_asiatica_terminolic_acid_out.pdbqt,4335,645267382bfdf28d873da0366792706cdde0b33de763c7f6643d38eac4c2c89c,True,True,not_implied_by_inventory
02-课题-MASH研究-v1/docking/outputs/obs_THRB_Ilex_kudingcha_ilexgenin_A_out.pdbqt,4207,39d958ccc0905169ae69d75106eb665802f9e6d7f5a5e625b97d469d980200b2,True,True,not_implied_by_inventory
02-课题-MASH研究-v1/docking/outputs/obs_THRB_Ilex_kudingcha_ilexolic_acid_A_out.pdbqt,4336,ce84439b679e0f70971d2104b1057019df33074d28bf926c5ffec9ef6a53ee07,True,True,not_implied_by_inventory
02-课题-MASH研究-v1/docking/outputs/obs_THRB_Ilex_kudingcha_ursolic_acid_out.pdbqt,3647,6a5cb77be8d2f240a39c77b229d941e832657cd9e6582cd15d80544b8cebb40a,True,True,not_implied_by_inventory
02-课题-MASH研究-v1/docking/outputs/obs_THRB_Inonotus_obliquus_3beta_hydroxylanosta_8_24_dien_21_al_out.pdbqt,14192,15f6fc32db07ca312f77529ed97294ce4134afc2b8fe46c7e66467c8472512d8,True,True,not_implied_by_inventory
02-课题-MASH研究-v1/docking/outputs/obs_THRB_Inonotus_obliquus_betulin_out.pdbqt,7146,7d18c33b121c96025a10e22f6ff91958b6588ecf08c01cfb19977dfdfc3c2abe,True,True,not_implied_by_inventory
02-课题-MASH研究-v1/docking/outputs/obs_THRB_Inonotus_obliquus_betulinic_acid_out.pdbqt,7332,5032924a171b6af246d910b530713973cb2e5d434241d58f1156fd788bec507b,True,True,not_implied_by_inventory
02-课题-MASH研究-v1/docking/outputs/obs_THRB_Inonotus_obliquus_inotodiol_out.pdbqt,10923,da5713a968792022419d889213e199d2714d19abac959b28f2884997cb9871d0,True,True,not_implied_by_inventory
02-课题-MASH研究-v1/docking/outputs/obs_THRB_Inonotus_obliquus_trametenolic_acid_out.pdbqt,15136,9738d863ce2969631a3cc8bf53003f7d31e4ecf8b936a764836508481bdae346,True,True,not_implied_by_inventory
02-课题-MASH研究-v1/docking/outputs/obs_THRB_Phyllanthus_niruri_hypophyllanthin_out.pdbqt,6840,58d14d4141092f631528d80288a7d2fe73385a7bfb3ac28fbf40f37ecd579302,True,True,not_implied_by_inventory
02-课题-MASH研究-v1/docking/outputs/obs_THRB_Phyllanthus_niruri_lintetralin_out.pdbqt,25632,a8d37de255a985d0763065eba49221eb9200de428682a9529ae109f49103075e,True,True,not_implied_by_inventory
02-课题-MASH研究-v1/docking/outputs/obs_THRB_Phyllanthus_niruri_niranthin_out.pdbqt,28528,caac0e1ce203fdadda6e2ddb38eda17c146b7da75da990a17a686e3f945b280d,True,True,not_implied_by_inventory
02-课题-MASH研究-v1/docking/outputs/obs_THRB_Phyllanthus_niruri_nirtetralin_out.pdbqt,30789,75cb0f3a4ca3ebd655ee857c74ee4687b2d395f268cd35ead348768dfd5864a2,True,True,not_implied_by_inventory
02-课题-MASH研究-v1/docking/outputs/obs_THRB_Phyllanthus_niruri_norsecurinine_out.pdbqt,13400,f20d375e87a05b7e8a74843564219ca2855fdfb2ecc37f48abb045f24c0fa0a9,True,True,not_implied_by_inventory
02-课题-MASH研究-v1/docking/outputs/obs_THRB_Phyllanthus_niruri_phyllanthin_out.pdbqt,31608,222ddc669c7d94765426ba5a02d22f1d5ec4a4c02ca414249188987d0991ca22,True,True,not_implied_by_inventory
02-课题-MASH研究-v1/docking/outputs/obs_THRB_Phyllanthus_niruri_phyltetralin_out.pdbqt,30303,320428a3ca7230035f9f89205b66a375d825f44d53f767cd0b5c594d7de029ee,True,True,not_implied_by_inventory
02-课题-MASH研究-v1/docking/outputs/obs_THRB_Swertia_spp_decussatin_out.pdbqt,12610,9bb26d0158db735df0be0f9a582d5b954b087cbe837827f19d6f1f0044ee1aab,True,True,not_implied_by_inventory
02-课题-MASH研究-v1/docking/outputs/obs_THRB_Swertia_spp_gentiopicroside_out.pdbqt,16280,fe6659e5fd987f51ac90e71ac5e91973aac035718c46d9b5aa54921dc4eabde4,True,True,not_implied_by_inventory
02-课题-MASH研究-v1/docking/outputs/obs_THRB_Swertia_spp_sweroside_out.pdbqt,29340,47263d2f6e8ba2f845a5ff6611f8132e6bc5d511322400c0e2c74908d83934d2,True,True,not_implied_by_inventory
02-课题-MASH研究-v1/docking/outputs/obs_THRB_Swertia_spp_swertiamarin_out.pdbqt,31257,25d4f570fa4cee3a87dcbce37b42d40ed1643b41ca02b3c852743f7ae82b4564,True,True,not_implied_by_inventory
02-课题-MASH研究-v1/docking/outputs/tcmfinal0_ACC2_5KKN.pdbqt,39636,6c282a5607078d0e5e3974b9defc65a2c4998f930f5da631933038fce42f98a5,True,True,not_implied_by_inventory
02-课题-MASH研究-v1/docking/outputs/tcmfinal0_FXR_3FLI.pdbqt,39636,d7bfed5fe9c023dc233396451788af20bf146f12a98b39eacbf639e6e8aa2aef,True,True,not_implied_by_inventory
02-课题-MASH研究-v1/docking/outputs/tcmfinal1_ACC2_5KKN.pdbqt,40725,ae550b813702f78a2be5be1efaad30749647030b7d510def282c47df7e09279d,True,True,not_implied_by_inventory
02-课题-MASH研究-v1/docking/outputs/tcmfinal1_FXR_3FLI.pdbqt,27150,0b9aac6ce591ca4862c362adfc432999b116459bebd2b2847590cd18867e5648,True,True,not_implied_by_inventory
02-课题-MASH研究-v1/docking/outputs/tcmfinal2_ACC2_5KKN.pdbqt,38601,4f72f3a3bc2a4398de5570514969d02d557e38ddf898a0678f315eb1cfabd549,True,True,not_implied_by_inventory
02-课题-MASH研究-v1/docking/outputs/tcmfinal2_FXR_3FLI.pdbqt,38601,1180a1634d0e878edac381da8cb567811598a6d815df3547238ef74861c57408,True,True,not_implied_by_inventory
02-课题-MASH研究-v1/docking/outputs/tcmfinal3_ACC2_5KKN.pdbqt,54531,3a4e6bc44ae8dab757661bc2063db27fca5b754d15651b37fd1e52ece54d7b3a,True,True,not_implied_by_inventory
02-课题-MASH研究-v1/docking/outputs/tcmfinal3_FXR_3FLI.pdbqt,36354,2439052c809f46d122eff6b0d99ec2d337a7ec37b71d0ceef6e48de3195383f5,True,True,not_implied_by_inventory
02-课题-MASH研究-v1/docking/outputs/tcmfinal4_ACC2_5KKN.pdbqt,52119,d45c03ccf49c596fcd21fdb1a9b1db83a22d663848d4e4d8c5664eb51eb660f6,True,True,not_implied_by_inventory
02-课题-MASH研究-v1/docking/outputs/tcmfinal4_FXR_3FLI.pdbqt,34746,71703da3aced1902ae409c8612e80bdd8e54db3f753a6e9a49fad8598a771a47,True,True,not_implied_by_inventory
02-课题-MASH研究-v1/docking/outputs/tcmfinal5_ACC2_5KKN.pdbqt,45297,021072940eb50308504e509fcebce3edaa8fb8e570f7f67cd1d209af772555ef,True,True,not_implied_by_inventory
02-课题-MASH研究-v1/docking/outputs/tcmfinal5_FXR_3FLI.pdbqt,15099,2d0c3ddd7ae11cc988f75bcc3d0ff0af5e05380750c38829016a99aad80f44f8,True,True,not_implied_by_inventory
02-课题-MASH研究-v1/docking/outputs/tcmfinal6_ACC2_5KKN.pdbqt,33876,1ba50b38326636bd6add1ed40b449e1bd3116c34571211163a89d0c7befd3d6e,True,True,not_implied_by_inventory
02-课题-MASH研究-v1/docking/outputs/tcmfinal6_FXR_3FLI.pdbqt,30112,fbe76c2ceeeacdf3005a511a224f1efbeea4f574c039d5ab6aaac3a064dc1eff,True,True,not_implied_by_inventory
02-课题-MASH研究-v1/docking/outputs/tcmfinal7_ACC2_5KKN.pdbqt,25821,f69fcb422cd8472b21724ae1fa6d625e4df9dc6a63a3ad966a1ba0fb094685c2,True,True,not_implied_by_inventory
02-课题-MASH研究-v1/docking/outputs/tcmfinal7_FXR_3FLI.pdbqt,20083,a9a0db1432fd38f80f72d7bde9aa1289bbf507232bbe5252df6eb1d10b7adb08,True,True,not_implied_by_inventory
02-课题-MASH研究-v1/docking/outputs/top_FXR1OSH_Coptis_chinensis_8_Oxocoptisine_out.pdbqt,20616,aa6c303bf904558f792d1182294484cdae7d8268957481b451ee4cc2cfc39a82,True,True,not_implied_by_inventory
02-课题-MASH研究-v1/docking/outputs/top_FXR1OSH_Coptis_chinensis_Berberine_out.pdbqt,18557,63a1456a460eec3a6179e974b6837576fc01695a5426fab3fdf6a281f88b4e2b,True,True,not_implied_by_inventory
02-课题-MASH研究-v1/docking/outputs/top_FXR1OSH_Coptis_chinensis_Berberrubine_out.pdbqt,23850,a4b1648adb45e73b036febd2a3055c059460672daf84f03ab49c2462bdaa5968,True,True,not_implied_by_inventory
02-课题-MASH研究-v1/docking/outputs/top_FXR1OSH_Coptis_chinensis_Coptisine_out.pdbqt,22410,9c9a3503c635a47b43c87165c21e28fcc256f36402f306262da71a15f95ca382,True,True,not_implied_by_inventory
02-课题-MASH研究-v1/docking/outputs/top_FXR1OSH_Coptis_chinensis_Epiberberine_out.pdbqt,23859,44f135e5bb41d0e7abc0f23ec1ca24893d53f8e33fa466f8d85274dcd9ccd175,True,True,not_implied_by_inventory
02-课题-MASH研究-v1/docking/outputs/top_FXR1OSH_Coptis_chinensis_Groenlandicine_out.pdbqt,23841,ea3246b9f723b9b37c9ac69d8ff39de542f3b35e918f795deb23e4e213a8da99,True,True,not_implied_by_inventory
02-课题-MASH研究-v1/docking/outputs/top_FXR1OSH_Coptis_chinensis_Jatrorrhizine_out.pdbqt,25308,87bed869e4411aa6bbfa33fdd8b94c8db062b5cbb1d5d5ababfe89a9c171e11d,True,True,not_implied_by_inventory
02-课题-MASH研究-v1/docking/outputs/top_FXR1OSH_Coptis_chinensis_Stylopine_out.pdbqt,22410,0ab55b8d039191ccda39b71c6eb2e51cd53f880fbc58c9f8c2d66e240f6c0cf1,True,True,not_implied_by_inventory
02-课题-MASH研究-v1/docking/outputs/top_FXR1OSH_Coptis_chinensis_Worenine_out.pdbqt,23229,b71d068d5868123531d981fe6c621c22e1614b2e8770880e91dc9995c2055576,True,True,not_implied_by_inventory
02-课题-MASH研究-v1/docking/outputs/top_FXR1OSH_Sophora_flavescens_Maackiain_out.pdbqt,20970,89ef3eb92ecba30bbb1038846843d08de62050c0ddf3deef33deea82bf3c8cfc,True,True,not_implied_by_inventory
02-课题-MASH研究-v1/docking/outputs/top_FXR3FLI_Coptis_chinensis_8_Oxocoptisine_out.pdbqt,15462,53c0c42027b8093f61caea91dfce37a6ad620a3ec92e81bf320515d27705ba0b,True,True,not_implied_by_inventory
02-课题-MASH研究-v1/docking/outputs/top_FXR3FLI_Coptis_chinensis_Berberine_out.pdbqt,18557,8369437f0b5c9cde03e8ddf506059e776c9a62ba36b8f00adb6f5cd1d18268c7,True,True,not_implied_by_inventory
02-课题-MASH研究-v1/docking/outputs/top_FXR3FLI_Coptis_chinensis_Berberrubine_out.pdbqt,21200,15644734bb46e123ce5d1115411ab99979d7fbe7f0c00b3e52b8d88cd51111b1,True,True,not_implied_by_inventory
02-课题-MASH研究-v1/docking/outputs/top_FXR3FLI_Coptis_chinensis_Coptisine_out.pdbqt,22410,4caed27d41b6d0124dd37c57c5fc819a24f7728ee6bfcf0f2372310039c10012,True,True,not_implied_by_inventory
02-课题-MASH研究-v1/docking/outputs/top_FXR3FLI_Coptis_chinensis_Epiberberine_out.pdbqt,15906,744225198ad76ff62aef810e6b79f16bc7a8647d628cec163c05a6393dab5ff2,True,True,not_implied_by_inventory
02-课题-MASH研究-v1/docking/outputs/top_FXR3FLI_Coptis_chinensis_Groenlandicine_out.pdbqt,21192,694408e8044948f2201173de5bb076b97f2f293cd9b62bdb34e8415ac884f55d,True,True,not_implied_by_inventory
02-课题-MASH研究-v1/docking/outputs/top_FXR3FLI_Coptis_chinensis_Jatrorrhizine_out.pdbqt,19684,4d85bd0d47e8d20e8e11e9b5af08d2ecfa52795581780c48db77ef16f4ff9a44,True,True,not_implied_by_inventory
02-课题-MASH研究-v1/docking/outputs/top_FXR3FLI_Coptis_chinensis_Stylopine_out.pdbqt,19920,f02c5d56cb640b014e1375fd9157172d2ea74134283902e6a5cd8a57543d6f1b,True,True,not_implied_by_inventory
02-课题-MASH研究-v1/docking/outputs/top_FXR3FLI_Coptis_chinensis_Worenine_out.pdbqt,15486,1c9723d4b5714c692ab34eb2fad4ea480ae46a1d634e3c95d13d7dcda9db3f8b,True,True,not_implied_by_inventory
02-课题-MASH研究-v1/docking/outputs/top_FXR3FLI_Sophora_flavescens_Maackiain_out.pdbqt,20970,2ded9a037be2f4c7566520fc1adc93f799f19efb1322156e88ccdfe3657c11b7,True,True,not_implied_by_inventory
02-课题-MASH研究-v1/docking/outputs/v2hit02_ACC2_5KKN.pdbqt,17262,01bc074445f86996b932a9bfef133248692f16721278a428fafd45c916ecc2da,True,True,not_implied_by_inventory
02-课题-MASH研究-v1/docking/outputs/v2hit02_FXR_3FLI.pdbqt,17262,729d6f521fb3769ac5901662a538830a6ff01ec743aed165c5718b16fa162cae,True,True,not_implied_by_inventory
02-课题-MASH研究-v1/docking/outputs/v2hit02_THRB_3GWS.pdbqt,17262,38689846a22a76d8bfb0481f29bf6e27b836d82f0cb767b4d69f289dd4582a7a,True,True,not_implied_by_inventory
02-课题-MASH研究-v1/docking/outputs/v2hit03_ACC2_5KKN.pdbqt,51408,51323488c2ff25909d10b9d5783fbec11a68fa6bbd9f83db598ca0e1652c0d52,True,True,not_implied_by_inventory
02-课题-MASH研究-v1/docking/outputs/v2hit03_FXR_3FLI.pdbqt,17136,a90c1bce7b0e586a51e3e0fd8de10291a9a17ec93bb2fbfa737a7c190567ebf4,True,True,not_implied_by_inventory
02-课题-MASH研究-v1/docking/outputs/v2hit03_THRB_3GWS.pdbqt,5712,bf35fe88baf33d0963ca6698ab74cfdb620dac959e7b897bdb3955955b104712,True,True,not_implied_by_inventory
02-课题-MASH研究-v1/docking/outputs/v2hit04_ACC2_5KKN.pdbqt,26325,fc964ae6876d1506a6bb10883eb8e9d7c4391da36270b6f1994fc64c6dfe578a,True,True,not_implied_by_inventory
02-课题-MASH研究-v1/docking/outputs/v2hit04_FXR_3FLI.pdbqt,17550,7e02365ae5a157f2b2f4d8199952a57838d0016765c8b729909967a9883158c2,True,True,not_implied_by_inventory
02-课题-MASH研究-v1/docking/outputs/v2hit04_THRB_3GWS.pdbqt,8775,5b7d00490e37bfbea20775ced4343a3a8f92ba5119df2602ca206cb9e0bcf529,True,True,not_implied_by_inventory
02-课题-MASH研究-v1/docking/outputs/v2hit05_ACC2_5KKN.pdbqt,30798,8b30c77214193be3f1048783b260fa0ccfa9b6f84293fd2535fb056c3b89da47,True,True,not_implied_by_inventory
02-课题-MASH研究-v1/docking/outputs/v2hit05_FXR_3FLI.pdbqt,23954,11fef3952034b77b702e0a9ff5e0fee4b3289cd1bad8fccc3b40dd8a1f57570a,True,True,not_implied_by_inventory
02-课题-MASH研究-v1/docking/outputs/v2hit05_THRB_3GWS.pdbqt,23954,e94ea1701c964e5ac03c129fda47f631094a20ba6dc8762859161e7e706f1b8a,True,True,not_implied_by_inventory
02-课题-MASH研究-v1/docking/outputs/v2hit06_ACC2_5KKN.pdbqt,46701,cb343fe9becf4c24d1d5e80464ab701d70ea8b4d2e7cf1764d40357dce1967f1,True,True,not_implied_by_inventory
02-课题-MASH研究-v1/docking/outputs/v2hit06_FXR_3FLI.pdbqt,15567,7a81aca513efa2883f1dabc6d623c08abfde0010e05f81f93e3cbc9af8e23a12,True,True,not_implied_by_inventory
02-课题-MASH研究-v1/docking/outputs/v2hit06_THRB_3GWS.pdbqt,15567,1f335b9659c40aeaef00f7a8c39b80747ecdf0694133c34818cd5173dc1c65a2,True,True,not_implied_by_inventory
02-课题-MASH研究-v1/docking/outputs/v2hit07_ACC2_5KKN.pdbqt,15957,798eb9cb6595c3b299b296f0d968b3edcfed648b3fb58b51e3698cb18f0a1c51,True,True,not_implied_by_inventory
02-课题-MASH研究-v1/docking/outputs/v2hit07_FXR_3FLI.pdbqt,15957,751c405c2bd72039c96e4b64605cc277f51aa9501c270988172a6621c830389d,True,True,not_implied_by_inventory
02-课题-MASH研究-v1/docking/outputs/v2hit07_THRB_3GWS.pdbqt,15957,a9335047ff261ddef76e03899d139d9031c088e67dd6ca9f65213328017abe4f,True,True,not_implied_by_inventory
02-课题-MASH研究-v1/docking/outputs/v2hit08_ACC2_5KKN.pdbqt,26469,71a660910a5e4e1008384e224acd73ef24b2283c059e87ac79d6cc59c4d554e1,True,True,not_implied_by_inventory
02-课题-MASH研究-v1/docking/outputs/v2hit08_FXR_3FLI.pdbqt,26469,144de7994a0e61c7c836345ee409f303e31bed021043d03d862578390c26497f,True,True,not_implied_by_inventory
02-课题-MASH研究-v1/docking/outputs/v2hit08_THRB_3GWS.pdbqt,26469,2bc26c7eaccc7834c3c9a198ab4678385416df7b6fe767b6256718a911e0de89,True,True,not_implied_by_inventory
02-课题-MASH研究-v1/docking/outputs/v2hit09_ACC2_5KKN.pdbqt,34677,28ec22ac1222d339ad3204a91602b88a631401b7ca3a94994b37031a116d9213,True,True,not_implied_by_inventory
02-课题-MASH研究-v1/docking/outputs/v2hit09_FXR_3FLI.pdbqt,23118,843f0d88c674ad8c2e44ba35b4847b21b4eb0ca5cb027d74feaf930967e42445,True,True,not_implied_by_inventory
02-课题-MASH研究-v1/docking/outputs/v2hit09_THRB_3GWS.pdbqt,11559,91a3798deeeb72094017fb01f83924ec6427166d33e71c1f005594c58df9dc0a,True,True,not_implied_by_inventory
02-课题-MASH研究-v1/docking/outputs/v2hit10_ACC2_5KKN.pdbqt,27540,d65a9c7d15276bec5b763639b59ff5b205f97bc252939e182cc1ae38729778f8,True,True,not_implied_by_inventory
02-课题-MASH研究-v1/docking/outputs/v2hit10_FXR_3FLI.pdbqt,6120,bdfa23f91fbbdd707becfc28368878fde70cdeeb635756e6fa567d6b8183795c,True,True,not_implied_by_inventory
02-课题-MASH研究-v1/docking/outputs/v2hit10_THRB_3GWS.pdbqt,9180,024fa922c05ad4af84453907750b6c9f1c8c24b751c12af10e6f0965f0562e35,True,True,not_implied_by_inventory
02-课题-MASH研究-v1/docking/outputs/v2hit11_ACC2_5KKN.pdbqt,34902,024e752dfc91af9691cb4493ddee328098ce88854e9fe658e67bffb21ded0548,True,True,not_implied_by_inventory
02-课题-MASH研究-v1/docking/outputs/v2hit11_FXR_3FLI.pdbqt,34902,6c3b082142eb3852051bc934be08dd3afcaa803b37d6419e9f4292be9db3ff8f,True,True,not_implied_by_inventory
02-课题-MASH研究-v1/docking/outputs/v2hit11_THRB_3GWS.pdbqt,27146,709eed8c3255809831b120d33857a44a5cba22e80bac86ad9cba4eb7894d8d33,True,True,not_implied_by_inventory
02-课题-MASH研究-v1/docking/outputs/xproof_Alternaramide_ACC2_3GID.pdbqt,46701,a38144ee950dfc202f854cba1bb5d19906d66b3240d099073566cb3669e2a868,True,True,not_implied_by_inventory
02-课题-MASH研究-v1/docking/outputs/xproof_Alternaramide_FXR_1OSH.pdbqt,46701,ee9611e325784b19b3da61529cba68a4124e518b6693ca082d5ce766f5c15222,True,True,not_implied_by_inventory
02-课题-MASH研究-v1/docking/outputs/xproof_Antrocinnamomin_F_ACC2_3GID.pdbqt,26343,95798da9ff5dcc8fdc0881a6ca917831db718c5456ba2b7d7ba6952a1d3f63b0,True,True,not_implied_by_inventory
02-课题-MASH研究-v1/docking/outputs/xproof_Antrocinnamomin_F_FXR_1OSH.pdbqt,26343,1b67e483570ac47f612e6a9e8fdedccc3d7e4f4a462a334e5941bb2debc4a934,True,True,not_implied_by_inventory
02-课题-MASH研究-v1/docking/outputs/xproof_Aspernolide_D_ACC2_3GID.pdbqt,38241,7cc689c78294ae9e40cb1cc7ac0ddfdbc2db30932b028b87f8e5145b010b33c7,True,True,not_implied_by_inventory
02-课题-MASH研究-v1/docking/outputs/xproof_Aspernolide_D_FXR_1OSH.pdbqt,38241,f2e4bad7dfb0ea5e4d798c09fdd7115255993b84d9722da89140b26b75137046,True,True,not_implied_by_inventory
02-课题-MASH研究-v1/docking/outputs/xproof_Butyrolactone_VI_ACC2_3GID.pdbqt,38205,225e743dead88499686c7c9b815c1e8c998d488909c8be93a87a4ed3ca4ddbd6,True,True,not_implied_by_inventory
02-课题-MASH研究-v1/docking/outputs/xproof_Butyrolactone_VI_FXR_1OSH.pdbqt,38205,fdf4bc542013a01c3149cb49a56aa2d646f66e79a48122c291f207de982b2e77,True,True,not_implied_by_inventory
02-课题-MASH研究-v1/docking/receptors/1N46.pdb,378512,f78c8cdbd9fac289e9e4ace4863b14061c8fc093306d7209f6b5d75dd50a9418,True,True,not_implied_by_inventory
02-课题-MASH研究-v1/docking/receptors/1OSH.pdb,199752,a1cf7fc074031f4e42b4cd476691b8d7727c7c59931aa31eddf1b48de4482006,True,True,not_implied_by_inventory
02-课题-MASH研究-v1/docking/receptors/1OSV.pdb,395240,0871f7783f62c549233b3584daea56a4403a8dee68122536e49e5f83f39f79e9,True,True,not_implied_by_inventory
02-课题-MASH研究-v1/docking/receptors/33Y_ideal.sdf,4064,570e238ef15ef625cdc73bb7900c4227e228364d2fcf436593d360df96490d0a,True,True,not_implied_by_inventory
02-课题-MASH研究-v1/docking/receptors/3FLI.pdb,205574,32b4829cc27040f77a383a1ce73e435425443ecfb05384928cad21a78c39576b,True,True,not_implied_by_inventory
02-课题-MASH研究-v1/docking/receptors/3GID.pdb,673466,cde74345851532499a768a0289b508712f5e99e1822dee0f18dadf6963098541,True,True,not_implied_by_inventory
02-课题-MASH研究-v1/docking/receptors/3GWS.pdb,381464,684bd7ca16c11e301e8b2eef03ac8b124f798c6fb86b846951a52df5eed6ff75,True,True,not_implied_by_inventory
02-课题-MASH研究-v1/docking/receptors/3TDC.pdb,557928,afa9fb809a84b748257bec4f8ef47d3d80f807958f799b23b94a1d77080db926,True,True,not_implied_by_inventory
02-课题-MASH研究-v1/docking/receptors/5KKN.pdb,1316674,07fabe4145f1f6ac4dea6bd519a5cb34f882e64a886d7aa7db7b971bab82a5db,True,True,not_implied_by_inventory
02-课题-MASH研究-v1/docking/receptors/6U3_ideal.sdf,5204,e57e08a67252d67b5bb69cc5767c3ada8f7882d20f21f5ced6aa582ef6418337,True,True,not_implied_by_inventory
02-课题-MASH研究-v1/docking/receptors/ACC2_3GID.pdbqt,352269,00454de74a79405655149852b7502594b0924209d7fdb30f4014b653dd9463ed,True,True,not_implied_by_inventory
02-课题-MASH研究-v1/docking/receptors/ACC2_3GID_S1A_crystal.pdb,3170,ce7a25cbb81b719b1eef0acf53960fd4bd4a540e45d1cce48b8afc517575c8ee,True,True,not_implied_by_inventory
02-课题-MASH研究-v1/docking/receptors/ACC2_3GID_S1A_crystal.sdf,3256,3b0a583cf4d97bec98b90cd9acc4cf82a299f60a12bfa2648aec0d1d69587d97,True,True,not_implied_by_inventory
02-课题-MASH研究-v1/docking/receptors/ACC2_3GID_clean.pdb,293928,2e30964528d077c99a72fd56f828f54cec9dfc8566ddec022f21b61a852092c5,True,True,not_implied_by_inventory
02-课题-MASH研究-v1/docking/receptors/ACC2_5KKN.pdbqt,372357,8154adb8d70f056cfb1d9bbb6e68907c8e4f29c27bbd41ca2700048b83488c68,True,True,not_implied_by_inventory
02-课题-MASH研究-v1/docking/receptors/ACC2_5KKN_6U3_crystal.pdb,6696,c8f517aa67160c05450f15449f312ecbdc6f1e348baceaaea3c1f5fb2b10f0d0,True,True,not_implied_by_inventory
02-课题-MASH研究-v1/docking/receptors/ACC2_5KKN_6U3_crystal.sdf,3539,f891d041b4097780bf446c8b3b9716455a40c2036b0045020dc2daf2d56e746d,True,True,not_implied_by_inventory
02-课题-MASH研究-v1/docking/receptors/ACC2_5KKN_clean.pdb,621600,a60143cf243d26c76297e59a231ed08232287d5e342dcad12744ba31af373778,True,True,not_implied_by_inventory
02-课题-MASH研究-v1/docking/receptors/FEX_ideal.sdf,5394,838400631bdb1b3f20a0dfb8f6ffaebe70bf54704ac2d447082fc50d7979aa9a,True,True,not_implied_by_inventory
02-课题-MASH研究-v1/docking/receptors/FXR_1OSH.pdbqt,173583,3ba5f9faf94b93ea9fb795f035891017181ee2e4c495c2a5fc79b0fcc3fc4c3c,True,True,not_implied_by_inventory
02-课题-MASH研究-v1/docking/receptors/FXR_1OSH_FEX_crystal.pdb,3170,3e28acbb8068d3f409c3f1897d8bbd75c3eae13cdb2cfa8337c70ead98c3b439,True,True,not_implied_by_inventory
02-课题-MASH研究-v1/docking/receptors/FXR_1OSH_clean.pdb,145180,543ca76d13fcd07846b6185bd66f4215bfb2a6e75aac80c98d0daa254c5f83aa,True,True,not_implied_by_inventory
02-课题-MASH研究-v1/docking/receptors/FXR_3FLI.pdbqt,175203,296457e9873a2a2b60f8547bf4f299f50e39936c16b8aaa16e48b120d29e732b,True,True,not_implied_by_inventory
02-课题-MASH研究-v1/docking/receptors/FXR_3FLI_33Y_crystal.pdb,2760,b8d6ffa77d9849466821df9437ebcee6d7a972180d9cabe2d04ef630ceabdb67,True,True,not_implied_by_inventory
02-课题-MASH研究-v1/docking/receptors/FXR_3FLI_33Y_crystal.sdf,2845,459b500c0021eb9347a20a61c2544e0fcc999e0200345baf190817d2caa4e4d8,True,True,not_implied_by_inventory
02-课题-MASH研究-v1/docking/receptors/FXR_3FLI_clean.pdb,147558,4a3f16fe2f75800a0b0261c4855c47f0ae16f931550586893bf95c91127a4eed,True,True,not_implied_by_inventory
02-课题-MASH研究-v1/docking/receptors/S1A_ideal.sdf,5794,d7046ba6cfbd7a10e9b16f3aa92873bda6fcd7a0d871e497bbf328998837fac2,True,True,not_implied_by_inventory
02-课题-MASH研究-v1/docking/receptors/T3_ideal.sdf,2553,0de29630f3d2e2a1dc469d3f116392de132e69bd85efff2e78c71eece36f9214,True,True,not_implied_by_inventory
02-课题-MASH研究-v1/docking/receptors/THRB_3GWS.pdbqt,180711,3a976118c48fded02efb4c7c2be16b812b8a611435bb1e31f2c3b545d62b2499,True,True,not_implied_by_inventory
02-课题-MASH研究-v1/docking/receptors/THRB_3GWS_T3_crystal.pdb,3908,c205fd69cec973c35bc9d317a1a3d991302beb056344cabb185dfb5ef4bfb7a2,True,True,not_implied_by_inventory
02-课题-MASH研究-v1/docking/receptors/THRB_3GWS_T3_crystal.sdf,2052,018213a2d46d8edd5155753d6da4edec0eeb9b7d3529dc1643298c09d3ce1643,True,True,not_implied_by_inventory
02-课题-MASH研究-v1/docking/receptors/THRB_3GWS_clean.pdb,312460,5b6df8411bc1d5bfdee7f8986fdf77a928232e2972894b2c2cea4b3f5607beda,True,True,not_implied_by_inventory
02-课题-MASH研究-v1/docking/redock_validation.json,413,601bdc56669fc29d084ab7e41aff9def5643a389050e008737ee093b999b622f,True,True,not_implied_by_inventory
02-课题-MASH研究-v1/models/bgnn_ensemble.pt,1272418,a019ebef139b6e2fc0c818533dc380c07bb1bf7450e312f8185cf043ce912105,True,True,not_implied_by_inventory
02-课题-MASH研究-v1/models/bgnn_ensemble_scaffold.pt,1299408,d2bcdfbb49add5b6909301394817453e7b274a1cc4f37c3ba5d727fa36fc0d24,True,True,not_implied_by_inventory
02-课题-MASH研究-v1/models/bgnn_production.pt,1297294,95e1522d6e1cb014ecdce6c87566ec8daeb8ed31ddbf78cc2a0813102c96853a,True,True,not_implied_by_inventory
02-课题-MASH研究-v1/report_build/check_combined.png,569733,0a34b075d474a7cedbfe67bbd9b1e04e5478a8ea347e1720c4ec9abd0e935214,True,True,not_implied_by_inventory
02-课题-MASH研究-v1/report_build/check_p5.png,155326,29b2debd3f50a67da70ae0404daeb6ba135655c32b55aff5596cfb17d31b7c61,True,True,not_implied_by_inventory
02-课题-MASH研究-v1/report_build/check_p6.png,79615,65d3c4e6f8e2bc724639735794b01d555b5203c5bb498ff8c9dc2d25c380eb40,True,True,not_implied_by_inventory
02-课题-MASH研究-v1/report_build/check_p7.png,106828,d55d951777f2b09036c28f125d7415a6a713a32a037296c0c09ea54db44b7edf,True,True,not_implied_by_inventory
02-课题-MASH研究-v1/report_build/check_p8.png,52974,ecc2d3e538fa27bc1e3dcb773fc52e8e0d5802648bc771053e66d1d5201a714a,True,True,not_implied_by_inventory
02-课题-MASH研究-v1/report_build/gen_docx.js,29412,cb3818f66e8d7aefb3b4634a9b965065f3452f18e8af625f5ecdc0e7da048804,True,True,not_implied_by_inventory
02-课题-MASH研究-v1/report_build/gen_final.js,12122,c0bd1711b42fd228b89b96b2218ccfc03ff85b0d1deee559c7a33ae920a8a07d,True,True,not_implied_by_inventory
02-课题-MASH研究-v1/report_build/gen_midterm.js,14744,93eb28910223777bfbb2bc53a15d6a51b62565197f97549f2876c7953ad05969,True,True,not_implied_by_inventory
02-课题-MASH研究-v1/report_build/gen_midterm3.js,21381,775bd463b017017b79e03119ea736cf15e58a011912daf07c71bf5ee65f8ce57,True,True,not_implied_by_inventory
02-课题-MASH研究-v1/report_build/gen_top5.js,9643,9f684382fc9f84495409ffb7d9499bc9f4efe01131ee3db10d0d133ff72035e4,True,True,not_implied_by_inventory
02-课题-MASH研究-v1/report_build/gen_v2report.js,13330,ecde788f3b446fdfc9bd2caa94826da7fa3edc8c264e800f5209397b99faa711,True,True,not_implied_by_inventory
02-课题-MASH研究-v1/report_build/package-lock.json,8582,d6ffc81fb8ae3533620bf943291bb3d72e677c44d145f93044a2afb95ec4b6ff,True,True,not_implied_by_inventory
02-课题-MASH研究-v1/report_build/package.json,83,c77fe0d87a6bf509f508a0c3ed802447857647d4e29e5a57d29e96cf21bc1a51,True,True,not_implied_by_inventory
02-课题-MASH研究-v1/report_build/候选药多靶点深度研究汇报.docx,15423,a5ca170ce94314c391a7bf5612a0f26b5088885cd597d91ba029cd24853235a6,True,True,not_implied_by_inventory
02-课题-MASH研究-v1/report_build/抗MASH终版双榜.docx,14415,48cee242e2aba10e9821c20de4395f4c41486da187f2a96ac28d71a736609ffb,True,True,not_implied_by_inventory
02-课题-MASH研究-v1/report_build/新方向进展汇报.docx,15880,6fb77c08bdffe37d856db6a5c5c9b7383f0a8b9c7dae5ac5cf97061149332c88,True,True,not_implied_by_inventory
02-课题-MASH研究-v1/report_build/暑假中期报告.docx,20683,dd1469ad6c73eca20bda4a09a0538b942e53a74ad504f3535ad588da5cfafd5a,True,True,not_implied_by_inventory
02-课题-MASH研究-v1/report_build/暑假中期报告_自洽版.docx,17508,32b63f8f744fc344babcef485b429aacc168b06388d80f33556e4426a513bd58,True,True,not_implied_by_inventory
02-课题-MASH研究-v1/report_build/暑假中间报告.docx,365360,fb5537e99db84f3211c9d887d700f38f50e87e5dc901f6c184f651726fc0b99f,True,True,not_implied_by_inventory
02-课题-MASH研究-v1/report_build/暑假中间报告.pdf,810503,fcef780709cf47378830764b898d9c0bea377f6c6d82eab38bafb0d362a5d8c7,True,True,not_implied_by_inventory
02-课题-MASH研究-v1/requirements.txt,388,cbc4987578ca1cd412e2361083e8e30fa72fef5291135a7d49b7c6985d22c9b4,True,True,not_implied_by_inventory
02-课题-MASH研究-v1/research/chembl_targets.md,2151,a3bc0602ca5344cde29647fe256a35b6492b067ba240605b9cb65e5068c1c307,True,True,not_implied_by_inventory
02-课题-MASH研究-v1/research/genetic_targets_priority.md,1345,186695d57b3b703f883bfe7f95a73305e7f222b31e5bfbd3c397ab66079d5cc8,True,True,not_implied_by_inventory
02-课题-MASH研究-v1/research/geo_datasets.md,1680,50c3caa23ec75c251cc910f687d3a04cddca11f037772183cf22a429753bd3fc,True,True,not_implied_by_inventory
02-课题-MASH研究-v1/research/herb_ingredients.md,6029,5b5db3e07f53bd3757b17978ccdf4726885378cbaa8174b7c49e6c58a749a015,True,True,not_implied_by_inventory
02-课题-MASH研究-v1/research/mash_pipeline_landscape.md,3257,4b8bb84042fc0827ed36c31bd4b359416cffbd67292d6f5ac16ae23f8b12208e,True,True,not_implied_by_inventory
02-课题-MASH研究-v1/research/obscure_herbs_evidence.md,2878,fd2626a2e198e523a624345b16c4518086bc365ee6b03bef2d2166bef7cc7dcf,True,True,not_implied_by_inventory
02-课题-MASH研究-v1/research/pdb_structures.md,3530,176af8dc5d9ced76ef1aafff892652987bad7af9c05f88f05b11d8f4804c8a2c,True,True,not_implied_by_inventory
02-课题-MASH研究-v1/research/topjournal_methods.md,1406,e287f6b6c5d4f97f84852324bf4fcbf2c8cf53edec6dd776385900cefb0dabfd,True,True,not_implied_by_inventory
02-课题-MASH研究-v1/results/figures/gnn_calibration_pack.png,130002,fce6778015fae2f1e56412a670f42d842f22174891caed5d5a75ba8804df3d7b,True,True,not_implied_by_inventory
02-课题-MASH研究-v1/results/figures/herb_cwbcs_ranking.png,107447,853d8e32a8fcc02cedd69244cf990bd4f55f5cd2aabb7b1d9876778375cd831a,True,True,not_implied_by_inventory
02-课题-MASH研究-v1/results/figures/kegg_ora.png,75975,145e0987018e0cc68ad81661c7b074a3e59edb93b81d17d64cda4085e5c8b0cb,True,True,not_implied_by_inventory
02-课题-MASH研究-v1/results/figures/target_genes_boxplots.png,148129,b38b7239ef9c2cb6b706d9cf18854fec0a93cfdc1f6f5a9bc9c5c11897846864,True,True,not_implied_by_inventory
02-课题-MASH研究-v1/results/figures/tier_annotation.png,107827,90337fb35f68264401e477b256eefc8f53d2e3f0ed9a077a4d4311996878eec7,True,True,not_implied_by_inventory
02-课题-MASH研究-v1/results/figures/volcano_nash_vs_normal.png,212827,d5d77cbc20f49eb62a2caa79103fba0442cfa5d5205689ae00e5869d510d4b84,True,True,not_implied_by_inventory
02-课题-MASH研究-v1/results/tables/compound_cwbcs_full.csv,44220,10e86619a44da4ba3eff40b65a0b966f4a7b457909b03f865a2f886bf886afe0,True,True,not_implied_by_inventory
02-课题-MASH研究-v1/results/tables/cwbcs_params.json,142,45e3277abc387cabe10545e18eae3d826136006890439b45b4395ae4892ee581,True,True,not_implied_by_inventory
02-课题-MASH研究-v1/results/tables/dataset_summary.txt,324,bb7ba8c6db3abac2694f0460fdb77eefd90b765faa12540ab72676379d2eebc4,True,True,not_implied_by_inventory
02-课题-MASH研究-v1/results/tables/fxr_crossdocking_top10.csv,1133,14ae1165e80824dc7b436503c764b9f7ff8baafe1fbfe6227bc3a73938ae1928,True,True,not_implied_by_inventory
02-课题-MASH研究-v1/results/tables/geo_summary.json,102,52197609efb02cee3b18e11834ccfc56b8db3f2866192817365bd351dca570c1,True,True,not_implied_by_inventory
02-课题-MASH研究-v1/results/tables/gnn_metrics.json,879,f4c25e1f24a608360c1ca250f884adb5d53a0ce0a16cda3c557b69abfd8e2a1a,True,True,not_implied_by_inventory
02-课题-MASH研究-v1/results/tables/gnn_metrics_v2.json,13386,09f7be2d60c77e1defb93990edf9234635ba34d3cf08844d18303d834ea16fbf,True,True,not_implied_by_inventory
02-课题-MASH研究-v1/results/tables/gnn_test_predictions.csv,3394,e5031be4a99f4c6c4fce59e9448ae5df01ad45fb33040fe9c29ef983afc01b7d,True,True,not_implied_by_inventory
02-课题-MASH研究-v1/results/tables/gnnexplainer_top_atoms.csv,928,5ab8fb4ab2861df57e5bcc9ab99afcf5ab23806f1a2a81ae032940b4e8cc9daf,True,True,not_implied_by_inventory
02-课题-MASH研究-v1/results/tables/herb_cwbcs_ranking.csv,1329,d50426e09a6a9010af757eb622d79d15aa8fc367650a5def5f5a417d46ed1bee,True,True,not_implied_by_inventory
02-课题-MASH研究-v1/results/tables/herb_cwbcs_ranking_fix.csv,1831,a02478aebcfdbc3b762b1f896a459bc8cebb657339d7770372b2fbac5ae0ab5a,True,True,not_implied_by_inventory
02-课题-MASH研究-v1/results/tables/kegg_ora_top25.csv,1642,97cacda1736fe61e6b90dcc215275f9044aef72e0ad9b0d1e692192670a2f6c6,True,True,not_implied_by_inventory
02-课题-MASH研究-v1/results/tables/known_fxr_ligand_recall.csv,373,69ebfe53c9f236301690023b906e707a730bb3c5c309236ddf63c109519a36fd,True,True,not_implied_by_inventory
02-课题-MASH研究-v1/results/tables/np_docking_raw.csv,15747,24029849ab0ad2a6876e6381f235375960573e012a33a7daf311e7e644e8c4b6,True,True,not_implied_by_inventory
02-课题-MASH研究-v1/results/tables/np_fxr_predictions.csv,29090,00f12ea0481bbab5cfa6e0923025ea7220cd14f02ce0ab0169accf66fba0f619,True,True,not_implied_by_inventory
02-课题-MASH研究-v1/results/tables/obscure_docking.csv,3026,babe430b96d961be27d42f0c863293066b182b0a86ce8fc0e1f3294071165397,True,True,not_implied_by_inventory
02-课题-MASH研究-v1/results/tables/obscure_herbs_predictions.csv,5557,a52c3086639ffbd569bd56cfb276bfffe95aaf38861d8f0dfe2b5ef50ef63803,True,True,not_implied_by_inventory
02-课题-MASH研究-v1/results/tables/obscure_sensitivity_triterpenes.csv,4233,8e70f1b114f610523f54472df8bce252228271f5087c7f30ec6531ddd8ecdad5,True,True,not_implied_by_inventory
02-课题-MASH研究-v1/results/tables/positive_controls_docking.csv,281,1b2c7e51806d0e7a20b8c1f5e10b7c3071bc76f3114079425777fb86a5b7f359,True,True,not_implied_by_inventory
02-课题-MASH研究-v1/results/tables/target_genes_validation.csv,824,f2c90af03f01422297db5a86f1e4a0135a394fc6d68a38e4e1b17fba86b1b749,True,True,not_implied_by_inventory
02-课题-MASH研究-v1/results/v2/disease_module_hubs.csv,921,8acbc1c127d1a172fa484674e1add7257744f2a4d7b20697f9297ff9dbd645a1,True,True,not_implied_by_inventory
02-课题-MASH研究-v1/results/v2/disease_modules.csv,702,e6b81884794cc25b702a316a705c58bdee59ee39cce4e1f281e5c13a6ce3f724,True,True,not_implied_by_inventory
02-课题-MASH研究-v1/results/v2/module_summary.json,63,cdd835e8685e8482324233fd39cc16a936e3ed9cf1b971ce96d7c6dab15cdaca,True,True,not_implied_by_inventory
02-课题-MASH研究-v1/results/v2/multitarget_docking_new.csv,474,a172122b34b0c9bf58091fc58289c9b28a7020bd818b6ad99cfef9d1b52dc3e7,True,True,not_implied_by_inventory
02-课题-MASH研究-v1/results/v2/multitarget_top12_profiles.csv,1056,1861523bd1ed25712ec1e90a53132bff0f1357f675a2a2118026abdfb97da1b5,True,True,not_implied_by_inventory
02-课题-MASH研究-v1/results/v2/multitarget_top200.csv,59057,b80533ba44e78f69b93221485b7381bf040cb555303a5f2e9c3a7574b35ce7b3,True,True,not_implied_by_inventory
02-课题-MASH研究-v1/results/v2/natural_multitarget_leaders_docking.csv,515,11c8d5bdeeb80662c9dec9c1939d3b29b58b6ccdf4e5e9430bdbacbcfc7cde36,True,True,not_implied_by_inventory
02-课题-MASH研究-v1/results/v2/qsar_qa.json,750,23c17466e4c0c477b57a7838c3b6a530cacc7088db84b752ba346f55ed862a5b,True,True,not_implied_by_inventory
02-课题-MASH研究-v1/results/v2/shortlist_top500.csv,279318,99f317797700ad17620627702a7641f1b1cc87701eab2783ba8135ce1ed06e5a,True,True,not_implied_by_inventory
02-课题-MASH研究-v1/results/v2/top40_smiles.csv,3066,2f04e2449d1a716bf737095b11a21a3bcd60ef6147453343910178e9520b5aad,True,True,not_implied_by_inventory
02-课题-MASH研究-v1/results/v3/axis_activation_validation.csv,130,bcbc0506c1e0f744f7d56c5d33f14116579c1d6c48a48334ce0b346fd9f422d1,True,True,not_implied_by_inventory
02-课题-MASH研究-v1/results/v3/combination_synergy_design.csv,5462,5bc2fb8ef11132582e9f95e5a577d22926a26c9ab29d28a4e153f6fa5ab405b1,True,True,not_implied_by_inventory
02-课题-MASH研究-v1/results/v3/network_proximity_agents.csv,290,9957cbf575b8d57efb5c7af6ad020ee14e33ba9290a42d195ebc254cfef62207,True,True,not_implied_by_inventory
02-课题-MASH研究-v1/results/v3/network_proximity_combos.csv,739,b4d75207077aa97d26d4da82ce922155a6738f17fe2f14220183754084932615,True,True,not_implied_by_inventory
02-课题-MASH研究-v1/results/v3/network_proximity_validation.csv,303,8ca23688722193424b370445006a7df54dda543f51e102bc0bc24130b10db80b,True,True,not_implied_by_inventory
02-课题-MASH研究-v1/results/v3/string_edges.tsv,3348,7782e44bb9a673c4ebecb6c2e3bc0180ef5f3be77e06bd8e5ead8040609bdb9f,True,True,not_implied_by_inventory
02-课题-MASH研究-v1/results/v4/cross_structure_docking.csv,154,703213f51ae3988c9edab04eacc4432350cb61625591034b032a03f928b0db31,True,True,not_implied_by_inventory
02-课题-MASH研究-v1/results/v4/network_proximity.csv,2,7eb70257593da06f682a3ddda54a9d260d4fc514f645237f5ca74b08f8da61a6,True,True,not_implied_by_inventory
02-课题-MASH研究-v1/results/v4/stitch_targets.json,102,3d67e69a0a60319038689f67dd0352d3dc31846e88995912b4a1f4a3108b8c0b,True,True,not_implied_by_inventory
02-课题-MASH研究-v1/results/v4/tcm_multitarget_top300.csv,156206,532fcd6e6492f9982ebecade7b127d2fa32579b37626808f08fbbf334e09dfda,True,True,not_implied_by_inventory
02-课题-MASH研究-v1/results/v4/tcm_top20.csv,10077,707b308de582349775b8b7f9c6153938116be984430cc04dd35538e3a2fc490d,True,True,not_implied_by_inventory
02-课题-MASH研究-v1/results/v5/final_unified_scores.csv,1713,174172d809ec9c7213006481f46c83d705a43634667582b89cd8df8cbfff9063,True,True,not_implied_by_inventory
02-课题-MASH研究-v1/results/v5/final_unified_scores_fix.csv,1307,98233d81736a202c2b05ca1d0ea99c371940341d63af3e454434fc70a219d396,True,True,not_implied_by_inventory
02-课题-MASH研究-v1/results/v6/baseline_recheck.json,2096,3749431e0d19a9dcdde059cb1db64f8fa17b756d9ee8cf3577240fa4f0b83e8f,True,True,not_implied_by_inventory
02-课题-MASH研究-v1/results/v6/baseline_recheck_log.txt,1049,874fb54aaf97438aa1e6a453a570b3fd1be3da6b33576158755aa7ce713ba14d,True,True,not_implied_by_inventory
02-课题-MASH研究-v1/results/v6/cid_concordance_diff.csv,310,5ed9f5b8d0b17fe4cac7b02d008ade41342755a68f81b6508b1a954df06a086d,True,True,not_implied_by_inventory
02-课题-MASH研究-v1/results/v6/conformal_calibration.json,3499,2da6332b0efb7546d07ac1a40d3637ccf1ffc492a7a9838995b8b525fd7c2f5c,True,True,not_implied_by_inventory
02-课题-MASH研究-v1/results/v6/matlab_verify.csv,205,2569fc6728dcf4caaa6ff26038033f1b16fdced7f6cc7fa2738d32e88adc7a9d,True,True,not_implied_by_inventory
02-课题-MASH研究-v1/results/v6/step4_rebuild_log.txt,20503,c3f9dac26bf6a0d970fb1a4339924db283ac5aaa81c4ee59d91ab57bdbb7b1bb,True,True,not_implied_by_inventory
02-课题-MASH研究-v1/src/debug_ligand.py,1303,a6fde49023a28da16cfac6668b1c1bc5ea732033401621e65101b6f55f5f015f,True,True,not_implied_by_inventory
02-课题-MASH研究-v1/src/fix_v5_cwbcs_roundtable.py,5299,d45dfe7b4a1afeca56d8797a889a2755814ad8d6bd6bd11ef8e79d195f756e4a,True,True,not_implied_by_inventory
02-课题-MASH研究-v1/src/make_report_figs.m,8159,b6074609509bffdae9b585914b46b9818812cb61b3748ff780edc1fe07929885,True,True,not_implied_by_inventory
02-课题-MASH研究-v1/src/step0_geo_deg.py,12834,befcf88905e930ea26d7bb1173ebd7e5faa5f2f594ec89b0bec087eef83e5a5e,True,True,not_implied_by_inventory
02-课题-MASH研究-v1/src/step10_obscure_docking.py,10602,183db79cbd7927f9094f3c2ef3a562dfa875f37f49ad6011289af8f0096875b2,True,True,not_implied_by_inventory
02-课题-MASH研究-v1/src/step1_fetch_chembl.py,2800,48de10d038d1731ded384adccd88a2f0c96e567faae5d37115bf7dda1f4b5cbb,True,True,not_implied_by_inventory
02-课题-MASH研究-v1/src/step2_clean_chembl.py,6997,7a3b6f47240559082bd188c1ecf398d428f842232ca4ad51f8ca24e5f38e8f3d,True,True,not_implied_by_inventory
02-课题-MASH研究-v1/src/step3_bayesian_gnn.py,12763,2b6464fc9ea80860cefe22b5c3d6cab0c4357c35c7340623a016834caa6893bd,True,True,not_implied_by_inventory
02-课题-MASH研究-v1/src/step3b_bayesian_gnn_v2.py,11521,c2d4199dc75369ee097de5987fa50cd0a9cba6e89d5154a3777bdfec35a62537,True,True,not_implied_by_inventory
02-课题-MASH研究-v1/src/step4_tcm_library.py,11252,cf1bf8de83b71f05e615cb87d09723891d845ed5906e43c03b13d967ddce99e0,True,True,not_implied_by_inventory
02-课题-MASH研究-v1/src/step5_production_inference.py,10233,0fb6a572170d555b258c857bf579a7a45517c535a2dd573f0b51d733a228120b,True,True,not_implied_by_inventory
02-课题-MASH研究-v1/src/step5b_explain.py,6494,5588ff11a8b8a7524d2aababffabcc5597756b9f0849dc6793370acb6f59af9b,True,True,not_implied_by_inventory
02-课题-MASH研究-v1/src/step6a_prep_receptors.py,4351,846cc637c5d73beade7762c5410498df10792e86abda5c1dae0a751df1558810,True,True,not_implied_by_inventory
02-课题-MASH研究-v1/src/step6b_dock.py,7497,d4effe1b6b65d5fc0c3a31f3e9a63990d39842534eba26c4c9b303bdfdc3cbab,True,True,not_implied_by_inventory
02-课题-MASH研究-v1/src/step6c_fxr_crossdock.py,4716,076b282df48fac3dc76f92b8d6fe1d2f562f4971f18ba6eccda1db05101c3bfa,True,True,not_implied_by_inventory
02-课题-MASH研究-v1/src/step7_cwbcs.py,5383,18e506d94f725e2205ed3f8d0cf559bfac02f1b28d3ef1675d0c0cd2b6fa26da,True,True,not_implied_by_inventory
02-课题-MASH研究-v1/src/step8_figures.py,5285,088408bd5e5eafe7db286109631ca9ceb9a23d3d275e8caf9a9157b313ab8cf6,True,True,not_implied_by_inventory
02-课题-MASH研究-v1/src/step9_obscure_herbs.py,11710,63e86b1a770645e881c42cfc3f6639337243084263c10849f8a372377856983d,True,True,not_implied_by_inventory
02-课题-MASH研究-v1/src/v2_step1_disease_module.py,4096,ed5637b74fcc0cabb3e9e0d49dc3d4e45c06519e15f531b7c06746719106c42f,True,True,not_implied_by_inventory
02-课题-MASH研究-v1/src/v2_step2_fetch_multitarget.py,3935,aac9d05263dfb5e445caa1217c942579fbd380746698cbbc49054ded78633650,True,True,not_implied_by_inventory
02-课题-MASH研究-v1/src/v2_step3_signature.py,2764,211fdcf1aa428699a9ad6f7d9506f599dcaae1ff28a310615cfbedabec0a9e48,True,True,not_implied_by_inventory
02-课题-MASH研究-v1/src/v2_step4_qsar.py,3460,ee5dd9e9525c2807d8c592bda5bec1752c5f7dabd58620f14bac3b9e72b9b146,True,True,not_implied_by_inventory
02-课题-MASH研究-v1/src/v2_step5_library.py,1633,08b772c7c959202c066135a802ace4497858bd06589c90a441518205ac53b3a2,True,True,not_implied_by_inventory
02-课题-MASH研究-v1/src/v2_step6_shortlist.py,3825,830fa52ccf230d96c12a1833180c015e23de3884dc742730e75adb194f2190fb,True,True,not_implied_by_inventory
02-课题-MASH研究-v1/src/v2_step7_multitarget_deep.py,6752,d215b34290af513b27776fe73046663bea6c8aa9d8bcebec92da214c0df64edd,True,True,not_implied_by_inventory
02-课题-MASH研究-v1/src/v3_step1_combo.py,4104,5e747a57e374083a85b5eeab717e1b3e92dae968e762cd10cd1755982f47da07,True,True,not_implied_by_inventory
02-课题-MASH研究-v1/src/v3_step2_network.py,5100,87427e50e799fef2eefeb31a428247892b684322f9bc754d39f1600eac621875,True,True,not_implied_by_inventory
02-课题-MASH研究-v1/src/v3_step2_network_validation.py,5531,ba60d9331e4916ef392529906b9068a18dd42fc418694a1d8676b99d85145ce5,True,True,not_implied_by_inventory
02-课题-MASH研究-v1/src/v3_step2b_kegg_network.py,4014,1756c34f337c45853e0387c01751ea51b88b4204f7c10ec3a13181be635eaa9d,True,True,not_implied_by_inventory
02-课题-MASH研究-v1/src/v4_step1_crossproof.py,7734,a7abe8e591da49b4913a051045d94c11a95eff56eef462cdfa23c7bf8bad3fc3,True,True,not_implied_by_inventory
02-课题-MASH研究-v1/src/v4_tcm_rescan.py,4570,daadee811f340db87de487e217fbb19fec08e3e26cb6b4bcec3f0403e5998d70,True,True,not_implied_by_inventory
02-课题-MASH研究-v1/src/v5_final_score.py,5451,c3537fc679b7f9b85e17fc1244d6bd66848cdc4271d106785ac6c48213e46304,True,True,not_implied_by_inventory
02-课题-MASH研究-v1/src/v6_conformal.py,6547,8fc289f7532060d194f708fb9d9ebf147d03bcc1c9a4ad4fea4b261195090edf,True,True,not_implied_by_inventory
02-课题-MASH研究-v1/src/v6b_scaffold_val_conformal.py,9536,ddad155bb5f1bcf9cfbe67a1c9eb51537010e3698f668bc8a493761de2087e17,True,True,not_implied_by_inventory
02-课题-MASH研究-v1/src/v6c_baseline_recheck.py,3216,3bc408853ccbce3af71be41451a52a090a656825d514146fc5353186ddde7f63,True,True,not_implied_by_inventory
02-课题-MASH研究-v1/src/v6d_roundtable3_fixes.py,6152,1f0eb75d2874d24138ee9b36535c275e87c6fcb06656a4c6b25e490ead5d1ba2,True,True,not_implied_by_inventory
02-课题-MASH研究-v1/src/verify.m,1990,d8ce9120436502b549505901c4e984ffe59597879ddf7d72b56d89584be4e9d6,True,True,not_implied_by_inventory
02-课题-MASH研究-v1/tools/vina_1.2.5_win.exe,1203712,b5a23b226ee5dc1b028df04082d13a7b0e5b9b12b988bbcf9498cb351e20b38f,True,True,not_implied_by_inventory
02-课题-MASH研究-v1/下一阶段方向_协同调控.md,6796,532446b7df91975de0286f976f80693a3cc1ded8c7cbec007f100fa557a9b819,True,True,not_implied_by_inventory
02-课题-MASH研究-v1/候选药多靶点深度研究汇报.docx,15423,a5ca170ce94314c391a7bf5612a0f26b5088885cd597d91ba029cd24853235a6,True,True,not_implied_by_inventory
02-课题-MASH研究-v1/候选药多靶点深度研究汇报.pdf,403306,fcc7aa00531fe1e6994be2caf44812c9fd36d16abcd72b7af03c027ae30fcd81,True,True,not_implied_by_inventory
02-课题-MASH研究-v1/当前状态说明.md,245,d303203937d6c95d98f9d50868d8e2945a2374cc465a6846be6a78f91ed61a31,True,True,not_implied_by_inventory
02-课题-MASH研究-v1/抗MASH终版双榜.docx,14415,48cee242e2aba10e9821c20de4395f4c41486da187f2a96ac28d71a736609ffb,True,True,not_implied_by_inventory
02-课题-MASH研究-v1/抗MASH终版双榜.pdf,333665,152dfb9e55c467f9bba7a6071a9ecb7a027066b70814fd9444dd6d704c1136e4,True,True,not_implied_by_inventory
02-课题-MASH研究-v1/新方向报告_重开课题.md,6865,22e6a1e71a157b53c7b5dd77523c0b870b77bff85f5371694191e4020512e5f7,True,True,not_implied_by_inventory
02-课题-MASH研究-v1/新方向进展汇报.docx,15880,6fb77c08bdffe37d856db6a5c5c9b7383f0a8b9c7dae5ac5cf97061149332c88,True,True,not_implied_by_inventory
02-课题-MASH研究-v1/新方向进展汇报.pdf,422671,7fa7effb1b82f0e57b22648b66fac3e06b51b9df1bc496fc40ed8110f61a4fc9,True,True,not_implied_by_inventory
02-课题-MASH研究-v1/暑假中期报告.docx,20683,dd1469ad6c73eca20bda4a09a0538b942e53a74ad504f3535ad588da5cfafd5a,True,True,not_implied_by_inventory
02-课题-MASH研究-v1/暑假中期报告.pdf,484955,f39f68a829df4df32cb40cd5fd5871b57353ab6cb536f14cd3fe9ffd30456a72,True,True,not_implied_by_inventory
02-课题-MASH研究-v1/暑假中期报告_终版.docx,20499,ddc7c951e39124de28fb19ee103d0bab2947c18357eb923388a2ef48ded7b4d8,True,True,not_implied_by_inventory
02-课题-MASH研究-v1/暑假中期报告_终版.pdf,484147,ce979fc0f250f40bf6d73547b2b668463f7a3cc3e20173bf02be7e69dc28be2c,True,True,not_implied_by_inventory
02-课题-MASH研究-v1/暑假中期报告_自洽版.docx,17508,32b63f8f744fc344babcef485b429aacc168b06388d80f33556e4426a513bd58,True,True,not_implied_by_inventory
02-课题-MASH研究-v1/暑假中期报告_自洽版.pdf,459743,29b31099669b07b28a1868ce7b0df14c8bb6111f295384678c0e9dc520805c46,True,True,not_implied_by_inventory
02-课题-MASH研究-v1/暑假中间报告.docx,365360,fb5537e99db84f3211c9d887d700f38f50e87e5dc901f6c184f651726fc0b99f,True,True,not_implied_by_inventory
02-课题-MASH研究-v1/暑假中间报告.pdf,810503,fcef780709cf47378830764b898d9c0bea377f6c6d82eab38bafb0d362a5d8c7,True,True,not_implied_by_inventory
02-课题-MASH研究-v1/暑假中间报告_主文.md,15265,e9dd5b74db2245213a1eeedc3e474108d9b1b2a9b029e5b54572fc5571df641c,True,True,not_implied_by_inventory
02-课题-MASH研究-v1/最终候选清单.md,1634,635a5fb99abb98c27bd5f2a2aaaccaa056488260af4fbc7d9048f02228736482,True,True,not_implied_by_inventory
02-课题-MASH研究-v1/最终候选清单_圆桌修订版.md,4435,6ed5c3206750ca526e2ae7acef19825e5ed0d44822b1ce08b5ac04e0b7018000,True,True,not_implied_by_inventory
02-课题-MASH研究-v1/结题评估报告.md,13579,d1f7e7238196b5130c24c7f1c2dfb24f2705e06efc38cf4934c67505f3e28b2f,True,True,not_implied_by_inventory
03-课题-MASH研究-v2/NEW_PLAN.md,4352,4fb155174aa6a92b64b46461b09000238519b36ba9a96397065bc7bb5affd154,True,True,not_implied_by_inventory
03-课题-MASH研究-v2/NEW_REPORT.md,10469,212cdf7fa86d106862e8b27cde622c3ac76eae1241eeb1ff6b74c7476c1f2de1,True,True,not_implied_by_inventory
03-课题-MASH研究-v2/data/chembl/FASN_clean.csv,94378,d61419f458e9505ff1682362e0b8ed4adc96ad35fc071b72286ce5d92e1d5aa6,True,True,not_implied_by_inventory
03-课题-MASH研究-v2/data/chembl/SCD1_clean.csv,16094,bf24f102c2083e4834a9e79bbf2d539ea12bffd659f81e01c4c0eef16135084c,True,True,not_implied_by_inventory
03-课题-MASH研究-v2/data/chembl/THRB_clean.csv,27367,6ba3cdc86044b8714e8f50b3a9c40de06f0e986a8ecfe27cd27b4b2d95f4b3d2,True,True,not_implied_by_inventory
03-课题-MASH研究-v2/data/chembl/chembl_summary.json,549,30fd052a83a5ac148d5423d83d1540e5f0a71e954f4166ec0c545e12fa791792,True,True,not_implied_by_inventory
03-课题-MASH研究-v2/data/geo/GPL11532.annot.gz,5643604,37b8fcd75b056d119998c1c05fc5948462ced6324a47bc3680a7b10b948381f1,True,True,not_implied_by_inventory
03-课题-MASH研究-v2/data/geo/GPL570.annot.gz,8471521,d7cd44352127b1e34f3a720ebea86093ef255a38f1612a85a2962b71bde8f394,True,True,not_implied_by_inventory
03-课题-MASH研究-v2/data/geo/GSE48452_expr_raw.csv.gz,13314991,e6bc7bffe9a639f46fb235d72eb42f773f3d72c036aa7e496e23ff33ecadeb3c,True,True,not_implied_by_inventory
03-课题-MASH研究-v2/data/geo/GSE48452_gene_expr.csv.gz,8145694,9f408672d44cd816043c1fe0454d94f5c3350d465b9712537dda2c8a5f437191,True,True,not_implied_by_inventory
03-课题-MASH研究-v2/data/geo/GSE48452_meta.csv,8157,e5fb3fa2378551dbb4f877256476de8d961453c7924aeae4a93afb513d234561,True,True,not_implied_by_inventory
03-课题-MASH研究-v2/data/geo/GSE48452_series_matrix.txt.gz,13358345,1253985e5e2b2dade04109d63d47d30ee0ec2386c7f0b7e759a7c5ccd3e4f86c,True,True,not_implied_by_inventory
03-课题-MASH研究-v2/data/geo/GSE63067_expr_raw.csv.gz,5559729,7eb76742f842386efae6929f35a83bafed24ed460479ca077fe42f014bfce004,True,True,not_implied_by_inventory
03-课题-MASH研究-v2/data/geo/GSE63067_gene_expr.csv.gz,2278740,0ae2d29e09337a9fc0642787c5ad8289ff0158b604c876cc3e0544a1a2ced914,True,True,not_implied_by_inventory
03-课题-MASH研究-v2/data/geo/GSE63067_meta.csv,694,e3029d8b357ea74752c12594ea455aea948d7b355b67d788139244ccb5b42058,True,True,not_implied_by_inventory
03-课题-MASH研究-v2/data/geo/GSE63067_series_matrix.txt.gz,5609372,b0d9e7c055c24082073c10cff6175801f8426889b5622cae8c29424ef6a6c547,True,True,not_implied_by_inventory
03-课题-MASH研究-v2/data/geo/deg_GSE48452_NASHvsControl.csv,1375492,582e047b334d223688796347298eda69117b02b9410c394e14537f8ee6ac1a60,True,True,not_implied_by_inventory
03-课题-MASH研究-v2/data/geo/deg_GSE63067_NASHvsHealthy.csv,1510334,66f49efe1922950d84def7049bb896b81c7b2df368f2454c6fa698ba8475ac65,True,True,not_implied_by_inventory
03-课题-MASH研究-v2/data/geo/deg_meta_significant.csv,8816,6605ad8feee0e1352516ace7bf63c2b2aa49428d5651ffc7c8185084c409d9dc,True,True,not_implied_by_inventory
03-课题-MASH研究-v2/data/geo/deg_meta_two_cohorts.csv,2777212,e27ccf9fb98e649475c605bbb4b8647968eaaa6e66920691dbfd87fb806dc379,True,True,not_implied_by_inventory
03-课题-MASH研究-v2/data/geo/parse_info.json,154,087090c93292975d9a1fdf513515bd9f129cfcd7a330bcae97421f6039290194,True,True,not_implied_by_inventory
03-课题-MASH研究-v2/data/kegg/conv_hsa_ncbi.txt,733418,8fdacb86fef5b3a0a7c96fc8ceb045b45aee52b34f4323c515fba24b5026b95c,True,True,not_implied_by_inventory
03-课题-MASH研究-v2/data/kegg/link_pathway_hsa.txt,963588,9f1922af1ace1fe0a72ad7a926f7038a4f08d0a3ebbc073df8a8ec68ebbda34a,True,True,not_implied_by_inventory
03-课题-MASH研究-v2/data/kegg/list_pathway_hsa.txt,22489,fc47f66e072e74ec5f4b365ccdb98ac13bc0f8ddcb0761ed11dd1cdadab0fa36,True,True,not_implied_by_inventory
03-课题-MASH研究-v2/data/kegg/pathways_symbol.json,371632,5e7ff79e0571fbd4b65c7a1357ff9f822986b12ce478f563cc4c554a1e533a9a,True,True,not_implied_by_inventory
03-课题-MASH研究-v2/data/pdb/2J4A.pdb,207952,3927d873fe47522ad8c102a03ed06778c2771f8fd9944eada01c7293dbc79d07,True,True,not_implied_by_inventory
03-课题-MASH研究-v2/data/pdb/2PX6.pdb,398274,98380e483e80c8f1c7a677caad834ecc9f7186a0c6e1e0c18aadee0747f3646b,True,True,not_implied_by_inventory
03-课题-MASH研究-v2/data/pdb/4XJV.pdb,458380,28ad1d086fe2e430b69785d3d273d8f4681df132674616db086de5107c39c627,True,True,not_implied_by_inventory
03-课题-MASH研究-v2/data/pdb/4YMK.pdb,957104,c486ce3ce5e0ab814b20f9d91bfb5f648d42e934f9d551a50590fa3486870092,True,True,not_implied_by_inventory
03-课题-MASH研究-v2/data/pdb/4ZYO.pdb,255348,98e4d157a14bd24822ec7fee797c99a6ff292413fa55629f0c242b5352953c7c,True,True,not_implied_by_inventory
03-课题-MASH研究-v2/data/pdb/7MHD.pdb,229436,e9ae749587bd6f168d2aaf782ad24d879aae8a7b40c8f54722ffdbb28f98d1f6,True,True,not_implied_by_inventory
03-课题-MASH研究-v2/data/pdb/8EYI.pdb,1517574,110b8f1f2765703990dd65ca79874f3a6dbe70d874d2720d247a5b917f278c40,True,True,not_implied_by_inventory
03-课题-MASH研究-v2/data/pdb/8EYK.pdb,1464766,521e192c3e6b2fe5c1fb50d7ea2bd85819c60a47058d006ffd44430fa298b4f5,True,True,not_implied_by_inventory
03-课题-MASH研究-v2/data/pdb/8ZEV.pdb,748414,0f28b25958dee2c94ff63edd7f677ae987c53a0daf8b0a1b198d45ae6497bd1d,True,True,not_implied_by_inventory
03-课题-MASH研究-v2/data/pdb/9B80.pdb,1488792,013cd4449830882d8f8eed4cd4008ca85689872036517bd828fc0073b8cb7ef9,True,True,not_implied_by_inventory
03-课题-MASH研究-v2/data/tcm/np_library_filtered.csv,9691,23fdfffd573357ba5ca20623b85c8c48b6fd36dd5ecbd2f659213256b4dc9ce0,True,True,not_implied_by_inventory
03-课题-MASH研究-v2/data/tcm/np_library_raw.csv,9292,8c7def7648c8433d8eaf47a36c60f251048da1f8238662abee044905b5170ad4,True,True,not_implied_by_inventory
03-课题-MASH研究-v2/data/tcm/np_library_resolved.csv,12164,b65d9e00563817e83a4c77581f93759a5ebb2f1e6bba0a3dbc4f1663342cd7cc,True,True,not_implied_by_inventory
03-课题-MASH研究-v2/docking/batch_log.txt,249,28e4215121273cac13f2712c60a28f823158566f4ddc580beaca35a941a7f9a1,True,True,not_implied_by_inventory
03-课题-MASH研究-v2/docking/boxes.json,236,a1103a7fcc086a05096159f93515b1ae36efbc4fd887de6ed34097cc79a0caa7,True,True,not_implied_by_inventory
03-课题-MASH研究-v2/docking/ligands/FASN_ZEP_redock.pdbqt,3068,6555cd99297406a6fe8a9c22fe72cf1e1a06cce60f3fb9ffa63869920fa27a54,True,True,not_implied_by_inventory
03-课题-MASH研究-v2/docking/ligands/THRB_OEF_redock.pdbqt,2802,0a0ae5443fa7f5684ca9930c983ac936083bea0554741dcc7558eecf3b45455c,True,True,not_implied_by_inventory
03-课题-MASH研究-v2/docking/ligands/ctrl_cerulenin.pdbqt,1928,ad346d58876ca839f6ea5976e9ea42d9fa8d64912dae564053aea7cc57439693,True,True,not_implied_by_inventory
03-课题-MASH研究-v2/docking/ligands/ctrl_orlistat.pdbqt,4123,803f9ad5cb36fc42ff89f97dc1c00cfad3d54cf63b05e28917cbd702bfd3facc,True,True,not_implied_by_inventory
03-课题-MASH研究-v2/docking/ligands/ctrl_resmetirom.pdbqt,2995,76221ebab201f3f5a0f55280242d9dd3c7d756a1c28606882085d80ab12f44d3,True,True,not_implied_by_inventory
03-课题-MASH研究-v2/docking/ligands/ctrl_sobetirome.pdbqt,2680,dee114dfad324e65d3a56220375f7964e39b9060c4b1605be887001edca4d302,True,True,not_implied_by_inventory
03-课题-MASH研究-v2/docking/ligands/np000_scoparone.pdbqt,1476,7a498a28bd92f516499c9b16cff7d5dea5981eb6864c22a462954be8f25bdae1,True,True,not_implied_by_inventory
03-课题-MASH研究-v2/docking/ligands/np001_scopoletin.pdbqt,1475,49152466e7242d0efed2c73c937af5726ab08db9c999f9f6eb653e9a6473b287,True,True,not_implied_by_inventory
03-课题-MASH研究-v2/docking/ligands/np002_umbelliferone.pdbqt,1244,04c260f350e291810259ca1bc24ba8c7b5ad4bdaf20af648c1b18c5bd6c69bce,True,True,not_implied_by_inventory
03-课题-MASH研究-v2/docking/ligands/np003_capillarisin.pdbqt,2607,86cbeb80113f7b6d84ae2e39990b411e7322fc3eefa823790663bf612d47c340,True,True,not_implied_by_inventory
03-课题-MASH研究-v2/docking/ligands/np004_arcapillin.pdbqt,2912,c2e2203413bd365ddf5d8f6d585f289049dab3f9c3bb2545712adaa52956ae5f,True,True,not_implied_by_inventory
03-课题-MASH研究-v2/docking/ligands/np005_capillin.pdbqt,1316,6beb75389de4e5db1129368f670643803d0cfd4df4320966b840cfb338135bc8,True,True,not_implied_by_inventory
03-课题-MASH研究-v2/docking/ligands/np006_capillene.pdbqt,1225,705185ead576837c53a038136a1f28675dc7e7008bae97cc4d1ee31a13864074,True,True,not_implied_by_inventory
"03-课题-MASH研究-v2/docking/ligands/np007_1,2_dimethoxy_4_vinylbenzene.pdbqt",1228,708f8967e3ee343560033ceae9236a148ed77b0721e6a142e2a9519afb1cf607,True,True,not_implied_by_inventory
03-课题-MASH研究-v2/docking/ligands/np008_isorhamnetin.pdbqt,2696,dda91f9a548acbef89e25acd2c97a55a2bc774e13966f04296f85b67db9d75a9,True,True,not_implied_by_inventory
03-课题-MASH研究-v2/docking/ligands/np009_vitexin.pdbqt,3833,9ae43a2b13776052e31e05b745d3db6552f5eed1e3b7e56786cfc67d2c5bdfd0,True,True,not_implied_by_inventory
03-课题-MASH研究-v2/docking/ligands/np010_isovitexin.pdbqt,3833,830c730908bd533cd8c9b32fd569530647cfc9a48dd89427211f20bb379f7f8b,True,True,not_implied_by_inventory
03-课题-MASH研究-v2/docking/ligands/np011_hyperoside.pdbqt,4167,1e1bcc733ab34391ea6bf52d3b5ac89a26ebcc86da391d695edc1c69787a214d,True,True,not_implied_by_inventory
03-课题-MASH研究-v2/docking/ligands/np012_isoquercitrin.pdbqt,4221,d5915d60ca328951489570fd766d5e505a0c71c5016c4f015a7c78baa483ed81,True,True,not_implied_by_inventory
03-课题-MASH研究-v2/docking/ligands/np013_epicatechin.pdbqt,2596,c77f9b41da508379a07189514341fefdddd947dd4a97190cdb905bcc0d66e930,True,True,not_implied_by_inventory
03-课题-MASH研究-v2/docking/ligands/np014_procyanidin_B2.pdbqt,5193,67533890c68f6bc7b0079df26fdf1c12255812fb3355c9d977c1def07d26d52b,True,True,not_implied_by_inventory
03-课题-MASH研究-v2/docking/ligands/np015_ursolic_acid.pdbqt,3369,37affe262715ef98a92fbc00b7a271bae4970c7e8eda360726f93211ab3e133f,True,True,not_implied_by_inventory
03-课题-MASH研究-v2/docking/ligands/np016_oleanolic_acid.pdbqt,3361,5c3a182b19cb7030ab93929e92787479ffcd40d860e7326311eaa38c7ad8d8b7,True,True,not_implied_by_inventory
03-课题-MASH研究-v2/docking/ligands/np017_corosolic_acid.pdbqt,3586,ad5bd703d28c4e6bb4a65b60989c67248ffec9cc8bd3f70c550fa97ed26fdc3c,True,True,not_implied_by_inventory
03-课题-MASH研究-v2/docking/ligands/np018_maslinic_acid.pdbqt,3578,1c81a36df6a684cc79bf273026fd6b4b73a195a8ec4bdb96b5d162c0c3ab3b8a,True,True,not_implied_by_inventory
03-课题-MASH研究-v2/docking/ligands/np019_tormentic_acid.pdbqt,3796,2e7b6d3e1cd1e0b1bca6d3a704d1d2712098ff6fde6bf923177ae4eb202832c3,True,True,not_implied_by_inventory
03-课题-MASH研究-v2/docking/ligands/np020_alisol_A.pdbqt,3929,785c36b00d792a2b6affafdee06a9f3b74b835be103e6911052700d3a89640de,True,True,not_implied_by_inventory
03-课题-MASH研究-v2/docking/ligands/np021_alisol_B.pdbqt,3560,22350c6a84aea15ebd0a1a1c35a50eba1c8bd9c6604485854d3d6218326f8494,True,True,not_implied_by_inventory
03-课题-MASH研究-v2/docking/ligands/np022_alisol_C.pdbqt,3649,229b5bfccf7aeb74ecb14b2f6a8c5d9f07df0b86d7c2a1385d55161cd5f86e45,True,True,not_implied_by_inventory
03-课题-MASH研究-v2/docking/ligands/np023_alisol_B_acetate.pdbqt,3778,7a4a6f613e5f6b0e70603637525dac1933eab7ca4d20cd1605b21db5a995c372,True,True,not_implied_by_inventory
03-课题-MASH研究-v2/docking/ligands/np024_16_oxo_alisol_A.pdbqt,4018,fda4b9346485ba5644f3a1bec41556f5b01b90a899d2e1c685cb348e7474fd0d,True,True,not_implied_by_inventory
03-课题-MASH研究-v2/docking/ligands/np025_alismol.pdbqt,2009,7160dece3801acae74493573247775d716888c80c77a491a2d5486a90a59a902,True,True,not_implied_by_inventory
03-课题-MASH研究-v2/docking/ligands/np026_alismoxide.pdbqt,2224,11553e1b73fe833b6a91355ffc790df3e9bac245b7253c6cc2eb33542fd51c1c,True,True,not_implied_by_inventory
03-课题-MASH研究-v2/docking/ligands/np027_obtusifolin.pdbqt,2221,b9ba02d89f54bf73c6d64f99d8c6f6f99c06f9edbde9a8cd945a0c00bb30b100,True,True,not_implied_by_inventory
03-课题-MASH研究-v2/docking/ligands/np028_obtusin.pdbqt,2666,735b230f412a313565950c850a40dcb7423a1267b06e03ed3db6acf913bccd81,True,True,not_implied_by_inventory
03-课题-MASH研究-v2/docking/ligands/np029_aurantio_obtusin.pdbqt,2665,7e4b9bb1ea084730f41147d66b51d1530098ce82227bef0d5303a82004390ea3,True,True,not_implied_by_inventory
03-课题-MASH研究-v2/docking/ligands/np030_chryso_obtusin.pdbqt,2668,1b3ee576d167ad523e493e8030a85a20be6a65235ce618d3e4e97f5958a4719b,True,True,not_implied_by_inventory
03-课题-MASH研究-v2/docking/ligands/np031_rubrofusarin.pdbqt,2131,63769c7069669ca8a8ef59cd09f926440a1c4752e2d87a1eeb96784b53538932,True,True,not_implied_by_inventory
03-课题-MASH研究-v2/docking/ligands/np032_toralactone.pdbqt,2131,35e9699b09004e54593ad7b92f0a67f810a619fa6051c37e9ad656cde3ba95b7,True,True,not_implied_by_inventory
03-课题-MASH研究-v2/docking/ligands/np033_puerarin.pdbqt,3620,024e918d6c6c7c3350691afdb9bdb107b8dfee881129605af08b4239e32f9903,True,True,not_implied_by_inventory
03-课题-MASH研究-v2/docking/ligands/np034_daidzein.pdbqt,2043,725c0a5c7d74b41f2ba26a983e6f83a0ebe84a0010a757a0f55a67f88a77aad6,True,True,not_implied_by_inventory
03-课题-MASH研究-v2/docking/ligands/np035_daidzin.pdbqt,3531,b480fc0d8d9e6b88932eec145e14604bd8f549c265abd2528290bd3ad6feefc3,True,True,not_implied_by_inventory
03-课题-MASH研究-v2/docking/ligands/np036_genistin.pdbqt,3744,d05154753abad19494a9961bd56e769dd51f261ca384b2c7871f2f87926b277b,True,True,not_implied_by_inventory
03-课题-MASH研究-v2/docking/ligands/np037_formononetin.pdbqt,2043,76be026bbf01a718020464c8ed473c79d42014628fb9dac83445fd060a9938b9,True,True,not_implied_by_inventory
03-课题-MASH研究-v2/docking/ligands/np038_biochanin_A.pdbqt,2255,3b55e6a2592a68ba12a63f1fdd6b0d00b847be36ad77327ff0525692bdc942dc,True,True,not_implied_by_inventory
03-课题-MASH研究-v2/docking/ligands/np039_3_methoxydaidzein.pdbqt,2253,c72c8cb5a14d8b6f14fe85819028f4539b13ee3ed3231d76f0c7eb89b29d1d02,True,True,not_implied_by_inventory
03-课题-MASH研究-v2/docking/ligands/np040_ononin.pdbqt,3531,19a3043e75ba05a9fded77f10ffd11f7073c59c043064d7f11fc5f30db05c472,True,True,not_implied_by_inventory
03-课题-MASH研究-v2/docking/ligands/np041_sarmentosin.pdbqt,2573,80ebae2ed9ed03927851f8583aa8c56ff04259fde72f68a517178f7ed3b14d1a,True,True,not_implied_by_inventory
03-课题-MASH研究-v2/docking/ligands/np042_hypophyllanthin.pdbqt,3137,b1a47034847af389fe2a67e64a3f958639c448ef668d6c453884ce979a8c3467,True,True,not_implied_by_inventory
03-课题-MASH研究-v2/docking/ligands/np043_nirtetralin.pdbqt,3138,1d1ba639ecde38cd06304bf552571fcc11c86de41ab3d1df11f48c589d25712c,True,True,not_implied_by_inventory
03-课题-MASH研究-v2/docking/ligands/np044_niranthin.pdbqt,3275,3c8722897ecf9bad31b0527d56e0b1da9e68ae4cd33902bb622b00672e1037ea,True,True,not_implied_by_inventory
03-课题-MASH研究-v2/docking/ligands/np045_1_deoxynojirimycin.pdbqt,1658,2dd6712fb29e057f5883e28f71d61b41fcb712f39ac8b88c9ae7c27e044403da,True,True,not_implied_by_inventory
03-课题-MASH研究-v2/docking/ligands/np046_oxyresveratrol.pdbqt,2232,2c157781621d7661e742ed6e69e100a7c8d5cb4f5779035d83709440c74ab9cb,True,True,not_implied_by_inventory
03-课题-MASH研究-v2/docking/ligands/np047_astragalin.pdbqt,3956,9ac19d669cfaba473bc588793a109fe5d565b0704a0a43bb3025800f074182df,True,True,not_implied_by_inventory
03-课题-MASH研究-v2/docking/ligands/np048_moracin_N.pdbqt,2590,e5294a0ac56dd2e9096037a907eaca3abe63da711e5e08da1f769c0dbd6d82d0,True,True,not_implied_by_inventory
03-课题-MASH研究-v2/docking/ligands/np049_moracin_M.pdbqt,2075,cb40796d24bd15525ddc429a1114f85a891eed6e0a98691c00f5d01e70124cb3,True,True,not_implied_by_inventory
03-课题-MASH研究-v2/docking/ligands/np050_mulberrofuran_G.pdbqt,4541,3187ea8a1fc86ad384aa328382e3ce7912a44836193ec87edceb822f0bf71cbb,True,True,not_implied_by_inventory
03-课题-MASH研究-v2/docking/ligands/np051_piceid.pdbqt,3513,47499e0c3511fe52d9c52adf64ec8dee854a29f9d3036c651d5b5b32ab4d556b,True,True,not_implied_by_inventory
03-课题-MASH研究-v2/docking/ligands/np052_catechin.pdbqt,2597,139cfc8a570b246c1700e51f31b8006bc47bc8d181c8b73e42ff74034cf5ac59,True,True,not_implied_by_inventory
03-课题-MASH研究-v2/docking/ligands/np053_torachrysone.pdbqt,1990,b0fe41be1df6f0fd6cdc13e45dc1fb61a70fb4af9ddf261bee0571cbf5028b6a,True,True,not_implied_by_inventory
03-课题-MASH研究-v2/docking/outputs/FASN_ZEP_redock_FASN_out.pdbqt,30168,aca12dfd07cb8649410302652524bc1787cc2ba614e7e79ee9687a8f5c3f18cd,True,True,not_implied_by_inventory
03-课题-MASH研究-v2/docking/outputs/FASN_ZEP_redock_retry.pdbqt,30168,1d4243f25549e169e9329ae51b6c01998b7b3ef0b34c90a7614f085a44dca412,True,True,not_implied_by_inventory
03-课题-MASH研究-v2/docking/outputs/THRB_OEF_redock_THRB_out.pdbqt,6166,2193ccebb30ebc178952065414911ffe93dfe3e5ee3bd82b56b8f506db0cd023,True,True,not_implied_by_inventory
03-课题-MASH研究-v2/docking/outputs/ctrl_cerulenin_FASN_out.pdbqt,19755,1bb3a672aa755093f4b14b8d3fda0845d8991241503f937c713b6e7922bd84ab,True,True,not_implied_by_inventory
03-课题-MASH研究-v2/docking/outputs/ctrl_orlistat_FASN_out.pdbqt,39978,0b084e82f89fef3011a48fd24ed9fc5792cc28297dc4c94419541d5009308b63,True,True,not_implied_by_inventory
03-课题-MASH研究-v2/docking/outputs/ctrl_resmetirom_THRB_out.pdbqt,3270,af0fe25fdf98808b2a6219854e72871b385f0186f4369272bfc0b284d9f0ad3c,True,True,not_implied_by_inventory
03-课题-MASH研究-v2/docking/outputs/ctrl_sobetirome_THRB_out.pdbqt,5916,8cfb51c4d3d7baafff68b84fae374aebe6e8ea3d10da3e6105f711beb4e4af91,True,True,not_implied_by_inventory
03-课题-MASH研究-v2/docking/outputs/np000_scoparone_FASN.pdbqt,15570,317d1b86d4e8bc86e1502ef3240f4918a4932df0bf3a44c54d6a15acea936f5a,True,True,not_implied_by_inventory
03-课题-MASH研究-v2/docking/outputs/np000_scoparone_THRB.pdbqt,15570,4ad828f906cee092ab24503d6080d703f9f7e3f7302497ec64534941868e3617,True,True,not_implied_by_inventory
03-课题-MASH研究-v2/docking/outputs/np001_scopoletin_FASN.pdbqt,15561,28446fb99ff1ebd96622fd284ed0ad9a4d8a1487cb5058f2fee21a46fa274d61,True,True,not_implied_by_inventory
03-课题-MASH研究-v2/docking/outputs/np001_scopoletin_THRB.pdbqt,15561,dabc9b3315f946c07acb6fd2618b35432b3af0db1ce720afc7f874beff5bf135,True,True,not_implied_by_inventory
03-课题-MASH研究-v2/docking/outputs/np002_umbelliferone_FASN.pdbqt,13437,c971a80752805e679b7d55d1ad4aadc9d333cd9453c84c0c910249535fe4d9c8,True,True,not_implied_by_inventory
03-课题-MASH研究-v2/docking/outputs/np002_umbelliferone_THRB.pdbqt,13437,8e80bfbdb526a882967e526e4aa7dac4051acede9d0de66b6441bfc8922417cb,True,True,not_implied_by_inventory
03-课题-MASH研究-v2/docking/outputs/np003_capillarisin_FASN.pdbqt,25929,e8b5f9dc120fef4490e16a79f56a4696206fa852bdf3c230f5a1c46bab9f7139,True,True,not_implied_by_inventory
03-课题-MASH研究-v2/docking/outputs/np003_capillarisin_THRB.pdbqt,20167,eca9a6ff672e3defbde0eb25ce3c06cda0b6fcbc06df9b05a1b5f5a4899e5f0c,True,True,not_implied_by_inventory
03-课题-MASH研究-v2/docking/outputs/np004_arcapillin_FASN.pdbqt,28719,a9594a940483c2a3dcf1eb3f094be88701687d0e49e6150f88ed22ef64099ee0,True,True,not_implied_by_inventory
03-课题-MASH研究-v2/docking/outputs/np004_arcapillin_THRB.pdbqt,28719,3c5c7fae7dc48fa87778c614b3b51f75ec33a060fe99bb60ad219ab2c72ee396,True,True,not_implied_by_inventory
03-课题-MASH研究-v2/docking/outputs/np005_capillin_FASN.pdbqt,14121,553e2acece73d36ff8e7f023139d93fc398619f18030df763b62299fde350bea,True,True,not_implied_by_inventory
03-课题-MASH研究-v2/docking/outputs/np005_capillin_THRB.pdbqt,14121,694ab1d8a87106a2e9887f3ced1f4f237d86936f752dcdaefb8eb9e54216d6fb,True,True,not_implied_by_inventory
03-课题-MASH研究-v2/docking/outputs/np006_capillene_FASN.pdbqt,13293,eb291d7186127ba4e075246ee8d6d0972aa024f9aa83a9346aeae50680f314b8,True,True,not_implied_by_inventory
03-课题-MASH研究-v2/docking/outputs/np006_capillene_THRB.pdbqt,13293,9b57abd7e457f3f578ebe055b9a1b3f00b6caec6124573413adf341862360846,True,True,not_implied_by_inventory
"03-课题-MASH研究-v2/docking/outputs/np007_1,2_dimethoxy_4_vinylbenzene_FASN.pdbqt",13320,902f639f66873f2aa1cc13cf16555c324d123ba725c4f383448bcae64df4748f,True,True,not_implied_by_inventory
"03-课题-MASH研究-v2/docking/outputs/np007_1,2_dimethoxy_4_vinylbenzene_THRB.pdbqt",13320,138b6a151f825e96d4502e1c48ed8ca7ae9efd58d2a15c449147cf0cdc0bec51,True,True,not_implied_by_inventory
03-课题-MASH研究-v2/docking/outputs/np008_isorhamnetin_FASN.pdbqt,26739,c051b5f4fe01cbf038f2d3bc7a3df914860829290f24415f45ff5e474f554823,True,True,not_implied_by_inventory
03-课题-MASH研究-v2/docking/outputs/np008_isorhamnetin_THRB.pdbqt,17826,8235e2bc3e2e02eb4503c95752ea3d1cdff68a88ab434a15eedff815777f91a1,True,True,not_implied_by_inventory
03-课题-MASH研究-v2/docking/outputs/np009_vitexin_FASN.pdbqt,37143,8bb416e5b55ca3690158e26771622f4c5b87ea106f311f4c4aafdf551e4dc1f2,True,True,not_implied_by_inventory
03-课题-MASH研究-v2/docking/outputs/np009_vitexin_THRB.pdbqt,37143,7de83c2785cb29d9787a45d5392d8db43d1e2073feaa9085aa8a2a04e7425149,True,True,not_implied_by_inventory
03-课题-MASH研究-v2/docking/outputs/np010_isovitexin_FASN.pdbqt,37143,030b1af3e37416fa718e25e89190580598d3218d9103f78ed3fda26fd933f0b1,True,True,not_implied_by_inventory
03-课题-MASH研究-v2/docking/outputs/np010_isovitexin_THRB.pdbqt,37143,40300028fc7253a28e08d2e756b469f4e45af24c1585da1f442859fb128519a5,True,True,not_implied_by_inventory
03-课题-MASH研究-v2/docking/outputs/np011_hyperoside_FASN.pdbqt,40212,2bfb22dfe24343b42908d61e3191e1896ba3162028a12e7f66fd08c623ba7e25,True,True,not_implied_by_inventory
03-课题-MASH研究-v2/docking/outputs/np011_hyperoside_THRB.pdbqt,40212,f3bd5e91b482e059ddb0d01d484617eeb1c088504aea3fe825d8dd075c0196a0,True,True,not_implied_by_inventory
03-课题-MASH研究-v2/docking/outputs/np012_isoquercitrin_FASN.pdbqt,40725,b57b3dc7ef6dc3258b8afabb8020cd5880f4ebec5f060801030a525755d261b7,True,True,not_implied_by_inventory
03-课题-MASH研究-v2/docking/outputs/np012_isoquercitrin_THRB.pdbqt,40725,19d0503bcb0464035dcde6677d35a61d9bc74fc00460f0e2b97b7b07c6590f00,True,True,not_implied_by_inventory
03-课题-MASH研究-v2/docking/outputs/np013_epicatechin_FASN.pdbqt,25821,922417f4f8f6d8f99d00db82af61dfa399c249a98da7b470739858525bf346ea,True,True,not_implied_by_inventory
03-课题-MASH研究-v2/docking/outputs/np013_epicatechin_THRB.pdbqt,17214,74a3dbee0614e67a8a5acc396f2170d4b50ddb5ff397926f3f58ed721881d334,True,True,not_implied_by_inventory
03-课题-MASH研究-v2/docking/outputs/np014_procyanidin_B2_FASN.pdbqt,49572,3e08389ea8d3e253f482950f338e12568bdf60f1f670f99b21f1a1cf2be75e22,True,True,not_implied_by_inventory
03-课题-MASH研究-v2/docking/outputs/np014_procyanidin_B2_THRB.pdbqt,49572,ff8a4fdd8d177b56f7771177821d170adf53f9fa67eebf0f37e9901b662edf36,True,True,not_implied_by_inventory
03-课题-MASH研究-v2/docking/outputs/np015_ursolic_acid_FASN.pdbqt,32823,14d1532f21e3e0adc539c3eb17c29535607b15b9de75c7ea2a035fbf763a5e26,True,True,not_implied_by_inventory
03-课题-MASH研究-v2/docking/outputs/np015_ursolic_acid_THRB.pdbqt,32823,8909d563d7d9323e80f15f82930dd5822104dd360d9afc15864e7f282c89bbd9,True,True,not_implied_by_inventory
03-课题-MASH研究-v2/docking/outputs/np016_oleanolic_acid_FASN.pdbqt,32751,00752b2999421ca385b819878d84288b63910b992112418df287bf6927e54c6f,True,True,not_implied_by_inventory
03-课题-MASH研究-v2/docking/outputs/np016_oleanolic_acid_THRB.pdbqt,32751,2e012dcce502814cbff2b4479779b3909ea7360cd056c66e507360d403a98fcf,True,True,not_implied_by_inventory
03-课题-MASH研究-v2/docking/outputs/np017_corosolic_acid_FASN.pdbqt,34812,3bc8e679ca1c74c29fe68768477c97d5d2d805036ef5a536d77e7e221e9e4ad2,True,True,not_implied_by_inventory
03-课题-MASH研究-v2/docking/outputs/np017_corosolic_acid_THRB.pdbqt,34812,e177065eac439730c2aa3a260ee2b98aa7e912e4a82e5402a33371d176cef9ca,True,True,not_implied_by_inventory
03-课题-MASH研究-v2/docking/outputs/np018_maslinic_acid_FASN.pdbqt,15440,6ff6111abdb74f106cb70f1bb5cb2bc040dfe774744e0ee45222c1d7bd5a51c8,True,True,not_implied_by_inventory
03-课题-MASH研究-v2/docking/outputs/np018_maslinic_acid_THRB.pdbqt,34740,5ec4acc30094d448b4e799d2c70a4a566619ef069850e17acafedbf095344cfc,True,True,not_implied_by_inventory
03-课题-MASH研究-v2/docking/outputs/np019_tormentic_acid_FASN.pdbqt,36738,514088f58485974af3e2290254dbb056a5baa9bdde573926e044874d83e0fd41,True,True,not_implied_by_inventory
03-课题-MASH研究-v2/docking/outputs/np019_tormentic_acid_THRB.pdbqt,36738,f474485f31712067a90e1b9d51ede18672156166a7a1560ccc8108487ecdee4e,True,True,not_implied_by_inventory
03-课题-MASH研究-v2/docking/outputs/np020_alisol_A_FASN.pdbqt,38007,abeca7bea2e6287a62e2be9597d6ab516b55edd394c3e26f4b421b2f9f996bae,True,True,not_implied_by_inventory
03-课题-MASH研究-v2/docking/outputs/np020_alisol_A_THRB.pdbqt,38007,e158549c7ab9bff05aaf54d07c7d5482cf04ddd7b9d244a7171e869cab51050b,True,True,not_implied_by_inventory
03-课题-MASH研究-v2/docking/outputs/np021_alisol_B_FASN.pdbqt,34605,b8863b85e3e7cd4a7fd06ba5ca3713f93a1eb2f80ec258b70a5f66a3fc8ae13c,True,True,not_implied_by_inventory
03-课题-MASH研究-v2/docking/outputs/np021_alisol_B_THRB.pdbqt,34605,3b524fc05a8b83dba2b2e64d3a50dff8f25c4b6702ca10b97379497b5addbd01,True,True,not_implied_by_inventory
03-课题-MASH研究-v2/docking/outputs/np022_alisol_C_FASN.pdbqt,35415,131ee83ebb514b6c1efb9f474c05d104abfa77e47cf77a58b7e37479de968ba5,True,True,not_implied_by_inventory
03-课题-MASH研究-v2/docking/outputs/np022_alisol_C_THRB.pdbqt,35415,65e3e8a435e533acee6af649208335e6b73df8dfc70f6e256572c2b179ef25cf,True,True,not_implied_by_inventory
03-课题-MASH研究-v2/docking/outputs/np023_alisol_B_acetate_FASN.pdbqt,36603,f0da37512d512bf652b6c4ca70bd41155139c10f0c3841697fcce8990f09b140,True,True,not_implied_by_inventory
03-课题-MASH研究-v2/docking/outputs/np023_alisol_B_acetate_THRB.pdbqt,36603,6bb484d926ad906740cc0a407573a113a98877dd3a665e4d907961f8bb6e5b12,True,True,not_implied_by_inventory
03-课题-MASH研究-v2/docking/outputs/np024_16_oxo_alisol_A_FASN.pdbqt,38817,69fe93a1edfff9bfadcb728b9d7bb0c54daff7f3534e07e26beb99dd833e85aa,True,True,not_implied_by_inventory
03-课题-MASH研究-v2/docking/outputs/np024_16_oxo_alisol_A_THRB.pdbqt,34504,3381b85451ba8d69908fe9e0728579eec128890c68e35d1dcb24e0fb79ad35ae,True,True,not_implied_by_inventory
03-课题-MASH研究-v2/docking/outputs/np025_alismol_FASN.pdbqt,20484,8aa01bae6ccec630989730c541ba0489f2967c9cdc8d3629d4df3201194ee7f0,True,True,not_implied_by_inventory
03-课题-MASH研究-v2/docking/outputs/np025_alismol_THRB.pdbqt,20484,114bc85aac611ac9000c875575e7ef4b54b36906235abec4e29b2dab496e3bff,True,True,not_implied_by_inventory
03-课题-MASH研究-v2/docking/outputs/np026_alismoxide_FASN.pdbqt,22455,4e48532d6e2b590f2cc37563437a36cfdf7cce56f0e7068a95fe7465bc00741f,True,True,not_implied_by_inventory
03-课题-MASH研究-v2/docking/outputs/np026_alismoxide_THRB.pdbqt,22455,137672deccad846c34ba4d381f0110f87c283617988bb3680282ec1b7d4383ce,True,True,not_implied_by_inventory
03-课题-MASH研究-v2/docking/outputs/np027_obtusifolin_FASN.pdbqt,22365,32baa687baeeb98d979e0ffd566e8b4dcfcea706b1eb3974bb82c081b3cfaec9,True,True,not_implied_by_inventory
03-课题-MASH研究-v2/docking/outputs/np027_obtusifolin_THRB.pdbqt,22365,5a9541193a85372b3d180242f2b9df5be23d7915a85eb74b7002f93cc34f5bbb,True,True,not_implied_by_inventory
03-课题-MASH研究-v2/docking/outputs/np028_obtusin_FASN.pdbqt,26451,28a74d953f097d6bd72a7d7fcc69472ae8957af1996db79a2b5e5d99117ac0ec,True,True,not_implied_by_inventory
03-课题-MASH研究-v2/docking/outputs/np028_obtusin_THRB.pdbqt,26451,25495e8b528fd53a5ef64ab3c85d912a61b2e715a4d0f0e6e7c274f2f6a1137e,True,True,not_implied_by_inventory
03-课题-MASH研究-v2/docking/outputs/np029_aurantio_obtusin_FASN.pdbqt,26442,8f6519008b8a9483a7c52c223b30f3909aa577f44abc82c9636f29eda9dfe3e0,True,True,not_implied_by_inventory
03-课题-MASH研究-v2/docking/outputs/np029_aurantio_obtusin_THRB.pdbqt,26442,3e1c225a24872bafc4e2dd250ca4bcecbd752e6559242787da2afa019c5a3149,True,True,not_implied_by_inventory
03-课题-MASH研究-v2/docking/outputs/np030_chryso_obtusin_FASN.pdbqt,26469,581b37881269ab61c9fcc373130998ff68e45a409cc91fb0e2127e138f7a4f76,True,True,not_implied_by_inventory
03-课题-MASH研究-v2/docking/outputs/np030_chryso_obtusin_THRB.pdbqt,26469,339d072e05b4a3053fe51b97c91c93f2b4d7eb02aafed3a80ba6362148b16ef1,True,True,not_implied_by_inventory
03-课题-MASH研究-v2/docking/outputs/np031_rubrofusarin_FASN.pdbqt,21546,cf5ef3b43fc9943f1fc75319b27b42a68d6e7b0e9c5478631ecd704b6239ca6e,True,True,not_implied_by_inventory
03-课题-MASH研究-v2/docking/outputs/np031_rubrofusarin_THRB.pdbqt,14364,b1ab3c4f4a18adac644a4284f0788060d4932679dfe099d16ea0e2986fc78660,True,True,not_implied_by_inventory
03-课题-MASH研究-v2/docking/outputs/np032_toralactone_FASN.pdbqt,21546,5c8805212231d6fc190284ab2f159d36d69171027200b1ffab10c77ca1fd2fc7,True,True,not_implied_by_inventory
03-课题-MASH研究-v2/docking/outputs/np032_toralactone_THRB.pdbqt,16758,07009f2193432d4ebffc6c12b50c1f7c7c16fc14656c6fff8a506482186c15e2,True,True,not_implied_by_inventory
03-课题-MASH研究-v2/docking/outputs/np033_puerarin_FASN.pdbqt,35190,c7a57ebb88da00a6deb1f921f455d1aea4db1922abcdac5f75c8436b9faec2bb,True,True,not_implied_by_inventory
03-课题-MASH研究-v2/docking/outputs/np033_puerarin_THRB.pdbqt,35190,0c6a2c3d8fb47093ea500179007542845273b087bcbdac99c701706b2e20b337,True,True,not_implied_by_inventory
03-课题-MASH研究-v2/docking/outputs/np034_daidzein_FASN.pdbqt,20745,0639ccc5baf7da2c09e3bb840512ed0d8fe9713e5ef6d740b051fbc5aabb6e4a,True,True,not_implied_by_inventory
03-课题-MASH研究-v2/docking/outputs/np034_daidzein_THRB.pdbqt,11525,77fc6ab542c81f3b3f297831438e2f447ea0769805eae85568c1aa7436e656eb,True,True,not_implied_by_inventory
03-课题-MASH研究-v2/docking/outputs/np035_daidzin_FASN.pdbqt,34380,f12947235525a8fcebe63a4e4298fd4bb487220dd849ab925de7c26715447644,True,True,not_implied_by_inventory
03-课题-MASH研究-v2/docking/outputs/np035_daidzin_THRB.pdbqt,26740,b1ce0d8c751a2cd9b2948ff3975a76d7b42e6a6dcaa5a6ffc19165c03a2b6835,True,True,not_implied_by_inventory
03-课题-MASH研究-v2/docking/outputs/np036_genistin_FASN.pdbqt,36333,6f9be3c55ac026122928d78499b4049af1566a8e0ee12e491ec86223b38372e2,True,True,not_implied_by_inventory
03-课题-MASH研究-v2/docking/outputs/np036_genistin_THRB.pdbqt,36333,09a8668979921d2508e5b4c8952b5c5ba4ee5359daf3ad94356e3863c589f163,True,True,not_implied_by_inventory
03-课题-MASH研究-v2/docking/outputs/np037_formononetin_FASN.pdbqt,20745,f1343ebfe3aa590d357791578efe38388fea440b8e899e53b9112b85c4c7cd4a,True,True,not_implied_by_inventory
03-课题-MASH研究-v2/docking/outputs/np037_formononetin_THRB.pdbqt,11525,dbfa5a63d88dcf3a4eae9a50920c964b39ae41c49d0391ca8906d0a878506b46,True,True,not_implied_by_inventory
03-课题-MASH研究-v2/docking/outputs/np038_biochanin_A_FASN.pdbqt,22689,fbc1590610108c5ab65d76e3345c31de9ea3d9084d807c09cb8a0c2151356659,True,True,not_implied_by_inventory
03-课题-MASH研究-v2/docking/outputs/np038_biochanin_A_THRB.pdbqt,12605,5e6ca5991e0e7c14f08294feb035c9a12c198600e9d3cacd7e7db92b32a959fc,True,True,not_implied_by_inventory
03-课题-MASH研究-v2/docking/outputs/np039_3_methoxydaidzein_FASN.pdbqt,22671,2db3964f095b3e252d8b6a05c7b506d4423a84902000f876588a4e9ef6111e11,True,True,not_implied_by_inventory
03-课题-MASH研究-v2/docking/outputs/np039_3_methoxydaidzein_THRB.pdbqt,17633,11041d64c1b610257e9b2aed276afd1f060ae26dcb2b98511773422c17d77222,True,True,not_implied_by_inventory
03-课题-MASH研究-v2/docking/outputs/np040_ononin_FASN.pdbqt,34380,903c11583a9af3d18753c7b67ab3b0be086ef8db5bc52f9b349d11b7a3f57164,True,True,not_implied_by_inventory
03-课题-MASH研究-v2/docking/outputs/np040_ononin_THRB.pdbqt,34380,25569bed62831dc0d4b8d86eeceacf28512d7aa1db2676e709e705a602f99783,True,True,not_implied_by_inventory
03-课题-MASH研究-v2/docking/outputs/np041_sarmentosin_FASN.pdbqt,25668,8871d26d09451b46515a051b82c317bbf039d1375e782d83c45de0b40b8ec6d7,True,True,not_implied_by_inventory
03-课题-MASH研究-v2/docking/outputs/np041_sarmentosin_THRB.pdbqt,25668,0d61aa8b10272856085270450da7f947ea4e69260a82d4cc5c671344067ec07c,True,True,not_implied_by_inventory
03-课题-MASH研究-v2/docking/outputs/np042_hypophyllanthin_FASN.pdbqt,30780,28a99f02335d661aa8025e52965734abd541491df46c8b029e8a3be4b479a8f5,True,True,not_implied_by_inventory
03-课题-MASH研究-v2/docking/outputs/np042_hypophyllanthin_THRB.pdbqt,30780,766e68a5c7970e38368af1d694891254fc54e96ee8daf581d13a43fc90024667,True,True,not_implied_by_inventory
03-课题-MASH研究-v2/docking/outputs/np043_nirtetralin_FASN.pdbqt,30789,9101b4e15d6c2764214df3786d1247ed456b22e3e86e91a41346fd0f84d503ec,True,True,not_implied_by_inventory
03-课题-MASH研究-v2/docking/outputs/np043_nirtetralin_THRB.pdbqt,30789,28aa2a4a5c5260c4425470cd8a37ff032fad40ecd57c78f93734d78d46e39e5e,True,True,not_implied_by_inventory
03-课题-MASH研究-v2/docking/outputs/np044_niranthin_FASN.pdbqt,32094,cf46ef79afaaa87eed814b6261cbffb7077370a8934c99a777fc938834258a74,True,True,not_implied_by_inventory
03-课题-MASH研究-v2/docking/outputs/np044_niranthin_THRB.pdbqt,32094,553fd9427024a39f9469bfc14daad0d55faa30fece419808623f52962dcb678b,True,True,not_implied_by_inventory
03-课题-MASH研究-v2/docking/outputs/np045_1_deoxynojirimycin_FASN.pdbqt,17262,a3d70c829723bd2ba77fc2e536d04c5edc8ffcdbd6909e49a98e6060438c5d1d,True,True,not_implied_by_inventory
03-课题-MASH研究-v2/docking/outputs/np045_1_deoxynojirimycin_THRB.pdbqt,17262,e943efc2b964e1c1742383dc9c9227498070da597cd0f306b673899484c7d019,True,True,not_implied_by_inventory
03-课题-MASH研究-v2/docking/outputs/np046_oxyresveratrol_FASN.pdbqt,22509,11c079e7e27d3e86d8a6443df43f5b7971b59efe2c8990337b8a9c855e26b7cd,True,True,not_implied_by_inventory
03-课题-MASH研究-v2/docking/outputs/np046_oxyresveratrol_THRB.pdbqt,22509,f53ee19468899f903a2872ace72024684d681ad0f2ae606510b1606ac34306a9,True,True,not_implied_by_inventory
03-课题-MASH研究-v2/docking/outputs/np047_astragalin_FASN.pdbqt,38277,93db066dd02a46d1286caa67f17fb8f55c0fbf15d0f3c4ef8b87c0d7b05ac5b6,True,True,not_implied_by_inventory
03-课题-MASH研究-v2/docking/outputs/np047_astragalin_THRB.pdbqt,38277,b8053a26e5c488984d5454aeb0d37d3e7d44132265233fc7dc5c93c9dca1d5be,True,True,not_implied_by_inventory
03-课题-MASH研究-v2/docking/outputs/np048_moracin_N_FASN.pdbqt,25767,8b0dd15c1199da873562661e90c1a15fcffa52646296b8e7a9fb9222486c7ccf,True,True,not_implied_by_inventory
03-课题-MASH研究-v2/docking/outputs/np048_moracin_N_THRB.pdbqt,8589,664b9fbfe84842126a46b94f1354c59a7b9830fce9d9152e0f0c1de2dca21454,True,True,not_implied_by_inventory
03-课题-MASH研究-v2/docking/outputs/np049_moracin_M_FASN.pdbqt,21051,602842d233902e46cffbfac60af1a5e95e06cdc7efbc874c9d334ff092b7bc49,True,True,not_implied_by_inventory
03-课题-MASH研究-v2/docking/outputs/np049_moracin_M_THRB.pdbqt,18712,8fb05dfbd92b0a08f501b984fd46fa3d51a973120a655ee8623cd5ac9f4db79d,True,True,not_implied_by_inventory
03-课题-MASH研究-v2/docking/outputs/np050_mulberrofuran_G_FASN.pdbqt,43551,e6ade869c2487e6ba4c894413369e34d7df8c186d82dc946ab123235d50d8f30,True,True,not_implied_by_inventory
03-课题-MASH研究-v2/docking/outputs/np050_mulberrofuran_G_THRB.pdbqt,43551,5c80ddec59a6200edc9355f8b4e337aa1884831ca72fda967def1997af7b36db,True,True,not_implied_by_inventory
03-课题-MASH研究-v2/docking/outputs/np051_piceid_FASN.pdbqt,34245,b3a408a5920f8c7f776a74ce3e7f93cf2650f371761c7f03bad2725ff1e20529,True,True,not_implied_by_inventory
03-课题-MASH研究-v2/docking/outputs/np051_piceid_THRB.pdbqt,34245,45f12a4866a351eeda30ecded22a60abcba2ef2438cfa56ccff972b526971bb1,True,True,not_implied_by_inventory
03-课题-MASH研究-v2/docking/outputs/np052_catechin_FASN.pdbqt,25830,12e8b05ae60865925f74fb243cd48c149cb7762cf9bf43e4dd1b97427206d543,True,True,not_implied_by_inventory
03-课题-MASH研究-v2/docking/outputs/np052_catechin_THRB.pdbqt,14350,bb7e3ff07348f1cf426e6bea774526ac84456d5580de2716dc2f7d240c9b553c,True,True,not_implied_by_inventory
03-课题-MASH研究-v2/docking/outputs/np053_torachrysone_FASN.pdbqt,20277,d55a54c7d9b479e60980d5fd632216b6362ddaadbc21ce7c649ce6db69d26be0,True,True,not_implied_by_inventory
03-课题-MASH研究-v2/docking/outputs/np053_torachrysone_THRB.pdbqt,11265,a1f5f18c3dd384d6bfc709bfba1bcca29491858e85e9ed14f8b96ab2bf07e7fa,True,True,not_implied_by_inventory
03-课题-MASH研究-v2/docking/receptors/FASN_7MHD.pdbqt,216513,0a926334af2eae1ba6b551cdc8da2db2be95659e535b5a35b0501dbbe8f2e701,True,True,not_implied_by_inventory
03-课题-MASH研究-v2/docking/receptors/FASN_7MHD_ZEP_crystal.sdf,5721,16fdc8b54534e3c40b5c900babc45d36ba79720c11c20e1e434dd66e6cfecb44,True,True,not_implied_by_inventory
03-课题-MASH研究-v2/docking/receptors/FASN_7MHD_ZEP_lig.pdb,2219,d15bc55d90e02cd8d5a9d94ae5a3cad89af0953fb9e2863e54eb02975c7dd92a,True,True,not_implied_by_inventory
03-课题-MASH研究-v2/docking/receptors/FASN_7MHD_badres.txt,0,e3b0c44298fc1c149afbf4c8996fb92427ae41e4649b934ca495991b7852b855,True,True,not_implied_by_inventory
03-课题-MASH研究-v2/docking/receptors/FASN_7MHD_clean.pdb,183849,e72cd244e04a7827fa3fc74a8beeeff79f2cc9afe33a2efab9be9b3330817fce,True,True,not_implied_by_inventory
03-课题-MASH研究-v2/docking/receptors/THRB_2J4A.pdbqt,189864,c9a69f39abb9a8363c10a97d9c3e6001f0b338f8cd21198fcd9d4d2289a86e04,True,True,not_implied_by_inventory
03-课题-MASH研究-v2/docking/receptors/THRB_2J4A_OEF_crystal.sdf,4857,bba83e407f6ad176e0855f0f17435048911c7a8a564cdb066c8d2e2cda0e9aa1,True,True,not_implied_by_inventory
03-课题-MASH研究-v2/docking/receptors/THRB_2J4A_OEF_lig.pdb,1973,231e87e13cc32839bfc38394c03b030db1a3d8f102db6c844b9077d6111641f8,True,True,not_implied_by_inventory
03-课题-MASH研究-v2/docking/receptors/THRB_2J4A_badres.txt,105,7815fcbafa6dbc4f361db60d767f99113618d87207f9d7944284f23c9e276e70,True,True,not_implied_by_inventory
03-课题-MASH研究-v2/docking/receptors/THRB_2J4A_clean.pdb,161299,15063aaa290327a3022f914f0e436637edf06aa96c2a3e404323961be2066233,True,True,not_implied_by_inventory
03-课题-MASH研究-v2/docking/redock_gate.json,308,189a8cec0b850b81f3f3308fbdb0baf012fc5f4a5fba3f0a67f979defa2e1228,True,True,not_implied_by_inventory
03-课题-MASH研究-v2/generate_report_pdf.py,20796,06ec61678b45fa1fcef323f24bce57cf01660b40b6071f59d81b2b292b1e60bd,True,True,not_implied_by_inventory
03-课题-MASH研究-v2/make_result_pdf.py,23324,0357186a991d7351ca9234b2b109586d5f759eab40acfad0718a22014fa8e91d,True,True,not_implied_by_inventory
03-课题-MASH研究-v2/mash_v2_results.pdf,878742,522a243ba39e61d8ce57ed1fb16f75b809a1c6d54faf4f81307155f05decb396,True,True,not_implied_by_inventory
03-课题-MASH研究-v2/mash_v2_结果可视化.pdf,961229,da7ee8e90f6327fe94ec5e00256e7e081a0482b8a34eec7da56151cbfdadb849,True,True,not_implied_by_inventory
03-课题-MASH研究-v2/research/chembl_pdb_scout.json,1030,1f0fd639d895c752615fbde405827d8d2777c6fd2b1cbc1a719b197f5bc3b02d,True,True,not_implied_by_inventory
03-课题-MASH研究-v2/research/geo_candidates.json,26017,def97f3826fde4b36cef9b0c3f93e66285986a5b7be2d4b30b46099f6621dd61,True,True,not_implied_by_inventory
03-课题-MASH研究-v2/research/literature_notes.md,4235,54dacf09d4eeec96c89b43c2b9765533f7ed7ce2f24ebbac20545803eb506ac3,True,True,not_implied_by_inventory
03-课题-MASH研究-v2/results/figures/chart1_target_validation.png,54012,59caff493c53643af98bbedd7bf0c3f34825db1ef2896669c6c192ed6c169746,True,True,not_implied_by_inventory
03-课题-MASH研究-v2/results/figures/chart2_qsar.png,79871,1ccc51fb6ce0eb8e04696e86d84c924f8f6f9a197e1d6de77dca050e6489d284,True,True,not_implied_by_inventory
03-课题-MASH研究-v2/results/figures/chart3_ad_docking.png,100406,e8a2793a71556e9571e29086f5ac20688b390a60d4485994ecd7a289ba527376,True,True,not_implied_by_inventory
03-课题-MASH研究-v2/results/figures/chart4_topsis.png,205346,d2da0d72fbd1419a37c0c4af029c1e10a1bd7bc99407ed0340363ba8fb860542,True,True,not_implied_by_inventory
03-课题-MASH研究-v2/results/figures/chart5_confidence.png,125603,74551de4b265bcbf490951af7e5fca3a1f66c60737fb4826c9099aed5c3e2ef6,True,True,not_implied_by_inventory
03-课题-MASH研究-v2/results/figures/chart6_controls.png,46794,f5fb6d7cc509ac74d95a37512c553070c1078974df70f6885fe252806e471f3b,True,True,not_implied_by_inventory
03-课题-MASH研究-v2/results/figures/preview_p1.png,59691,6dda807d1b73194e40cbd0c6028a1eed2c1a37bd2ce045ed035e39f1e3bf0c23,True,True,not_implied_by_inventory
03-课题-MASH研究-v2/results/figures/preview_p2.png,144248,9780a64322c2801070f1c7ba41a568954d9c987e450495512f360580362e0be2,True,True,not_implied_by_inventory
03-课题-MASH研究-v2/results/figures/preview_p5.png,263572,bdbc528f2f79af26b496e1cf828ab6943d794bf28de366d55a850461978e56db,True,True,not_implied_by_inventory
03-课题-MASH研究-v2/results/figures/preview_p7.png,113759,9a7d2f3a17b039ee58876da85e4af7c454a7d7541406c44f874b9cbc04537c77,True,True,not_implied_by_inventory
03-课题-MASH研究-v2/results/figures/preview_v2_p1.png,35511,a12660f2712903ac49171e7d9352bca8ce65cc34f9fbef43255c258f0c7d8c08,True,True,not_implied_by_inventory
03-课题-MASH研究-v2/results/figures/preview_v2_p2.png,68136,04a1a0bb6f3e40242ba223c0b5f612e3804174a4f5243b070be66750378f2ad7,True,True,not_implied_by_inventory
03-课题-MASH研究-v2/results/figures/preview_v2_p5.png,77441,b03b6f519e699250d5c2044ec85305af4a63fd906055f9f199c848fddd8055b5,True,True,not_implied_by_inventory
03-课题-MASH研究-v2/results/figures/preview_v2_p6.png,145671,201ea0a63fb54a5f2fe64b6bf999c3915592b5d719be384a589b9343253c8815,True,True,not_implied_by_inventory
03-课题-MASH研究-v2/results/figures/result_compound_top.png,158791,a8675dfd87f9535a937d7ec0bddd57b95422e21b717af277018c0dff32937ae0,True,True,not_implied_by_inventory
03-课题-MASH研究-v2/results/figures/result_docking.png,113765,bf4b49f5e69f8593ebebd2aab56fa3a08182fe38e2620a87f1ab6f2d50acbe30,True,True,not_implied_by_inventory
03-课题-MASH研究-v2/results/figures/result_herb_rank.png,149799,eab3aa59886b0dfd7ccff95778853cf34361d91501488cc6308ffe585f078c0c,True,True,not_implied_by_inventory
03-课题-MASH研究-v2/results/figures/result_process.png,191992,9973861e0a585b4565dadb067ce29b75b496890762daf954753f7e6ff178f489,True,True,not_implied_by_inventory
03-课题-MASH研究-v2/results/figures/result_qsar.png,70692,228d67f677fc7b904fac22ddf51f28368a639a7cee837dec11cd67c327b392b2,True,True,not_implied_by_inventory
03-课题-MASH研究-v2/results/figures/result_target.png,132009,2bc3bd458b43827f5a31dedd0a74ecf493ba6c4b81fd2703e4a5c618fbb0303a,True,True,not_implied_by_inventory
03-课题-MASH研究-v2/results/tables/FASN_cluster_split_testpred.csv,3725,6dfa200c42c52d5b24afa5da23abc3b2d84c2b070e3992121e0a8fdb3ef31b96,True,True,not_implied_by_inventory
03-课题-MASH研究-v2/results/tables/SCD1_cluster_split_testpred.csv,785,f57dab34d7e35ff636aeab2c265118bf61abeb21ddc01f2b8f629b924254ac87,True,True,not_implied_by_inventory
03-课题-MASH研究-v2/results/tables/THRB_cluster_split_testpred.csv,1457,82068738e5793d9afacb54f8bc3d35dee7a7a1c84d2f6d7cc56dd45285a92728,True,True,not_implied_by_inventory
03-课题-MASH研究-v2/results/tables/herb_priority_new.csv,705,f37917bf74abe974ca616047df909b927457d83c3b6586d2e420d5fc49ff97a5,True,True,not_implied_by_inventory
03-课题-MASH研究-v2/results/tables/kegg_ora_new.csv,467,71ec73cb0858612fe0fbf4084028c2bcb394f9d253d9b7f659501f67a0ca99f4,True,True,not_implied_by_inventory
03-课题-MASH研究-v2/results/tables/np_docking_raw_new.csv,5781,bd140abc28211b49c3ffb4af9cbc055314c6d5969bf56f32f19a6cf7bf68cb77,True,True,not_implied_by_inventory
03-课题-MASH研究-v2/results/tables/np_predictions_new.csv,12301,ffa66ac0af39aa7cedd199891aba26bc73a960d5b7860781c2b0d42887add8e3,True,True,not_implied_by_inventory
03-课题-MASH研究-v2/results/tables/np_topsis_full.csv,16772,7485c625617eadc178a781d0826054b328fcd675a34a800a4ece641fb5eab070,True,True,not_implied_by_inventory
03-课题-MASH研究-v2/results/tables/positive_controls_docking_new.csv,127,b47f360ca02639ca4360ab96684554e0a12bb7dc166973842a7eaa47cb359e50,True,True,not_implied_by_inventory
03-课题-MASH研究-v2/results/tables/s1_summary.json,47,5c46f515e80b7b167d84015c1ce0fe4e513add168c20d6197c3c96b1a48720f3,True,True,not_implied_by_inventory
03-课题-MASH研究-v2/results/tables/s3_qsar_metrics.json,1314,8fde9593d7e3a05b03cbc25d9c3885d27f49560df8e790c2967ecda578912470,True,True,not_implied_by_inventory
03-课题-MASH研究-v2/results/tables/s4_summary.json,401,cc0cab4ad37006e1f6a984a0c87da52000b4bca5640fb43869cba0914054885a,True,True,not_implied_by_inventory
03-课题-MASH研究-v2/results/tables/s6_summary.json,272,a8c7c46a64c37460382d651f8ae3d649f921c51cf5e19030104b74dfdcf81458,True,True,not_implied_by_inventory
03-课题-MASH研究-v2/results/tables/target_validation_new.csv,1199,5932bbbe4c6c911f3240038afd3ade5d1c50cbfb4f44b07e68cd395e64694351,True,True,not_implied_by_inventory
03-课题-MASH研究-v2/results/tables/top20_priority.csv,2453,efeb3b02e806794cbb5ea6175f1629e7e362420d3452879e4fd342be5bde25c9,True,True,not_implied_by_inventory
03-课题-MASH研究-v2/src/s0_data_scout.py,5567,eaee92ddd8229f1a5ba8bc18899bf867444abcbc58b22e565a9bd59153c07bde,True,True,not_implied_by_inventory
03-课题-MASH研究-v2/src/s1_geo_deg.py,4273,da3d28f68dfe9fcdea75dcf94f949302f6eafaabae21ac269b259b263861d23e,True,True,not_implied_by_inventory
03-课题-MASH研究-v2/src/s1b_de.py,10062,a0ab73c2e66b67e4d0c68df2952dddf23ff40ccc189a4b1791ab6ddbb4b778ba,True,True,not_implied_by_inventory
03-课题-MASH研究-v2/src/s1c_meta.py,5191,817482112f536401b5b958d682900a035be206cdb8c4a9b8ce62d919a4c8f8f7,True,True,not_implied_by_inventory
03-课题-MASH研究-v2/src/s2_chembl.py,4463,8021f949dcab7ebf7a5bae25d3f0a11ddb3774d9d555f6dffe763d18d3011f74,True,True,not_implied_by_inventory
03-课题-MASH研究-v2/src/s3_qsar.py,6824,d3f7f7176a476089878dccf2ee742bd4411ceee049778fabf413a18fb01b1c95,True,True,not_implied_by_inventory
03-课题-MASH研究-v2/src/s4_library.py,7103,0ef1b65e90bf362e991af17cdf192e0a59116726aa7cd996bbabb994baa49bac,True,True,not_implied_by_inventory
03-课题-MASH研究-v2/src/s5a_prep.py,5026,3fd43ff21c31f3c3c33d56b0037d2bc93d55244e2e62bb0cea25960034f7f019,True,True,not_implied_by_inventory
03-课题-MASH研究-v2/src/s5b_redock.py,5431,ef834d15b9dcf3f0eb8e1546c7910ae699ea4008db048b47f6c06b8f7fdccb65,True,True,not_implied_by_inventory
03-课题-MASH研究-v2/src/s5c_batch.py,4018,5e573e3c3406a0aa7be34dea7422aa0a5e38d9b66ba9be34c7797e0e63b15630,True,True,not_implied_by_inventory
03-课题-MASH研究-v2/src/s6_topsis.py,4377,92d42f0b491c5411c758f8ed1516194e65accd647b1efaeba1998da286944eca,True,True,not_implied_by_inventory
03-课题-MASH研究-v2/tools/vina_1.2.5_win.exe,1203712,b5a23b226ee5dc1b028df04082d13a7b0e5b9b12b988bbcf9498cb351e20b38f,True,True,not_implied_by_inventory
03-课题-MASH研究-v2/当前状态说明.md,245,d303203937d6c95d98f9d50868d8e2945a2374cc465a6846be6a78f91ed61a31,True,True,not_implied_by_inventory
04-论文/figs/fig1_dual_split.png,180348,db57de697ddd2743d1505a306da9685dc366770ab46bf4133671152ffd0e5e5a,True,True,not_implied_by_inventory
04-论文/figs/fig1_source_data.csv,4473,6d6d5433d0a9c62bc07dae6335dc9f0cfd30cb5cf0c54cbb66664609d7aef1d3,True,True,not_implied_by_inventory
04-论文/figs/fig2_recalibration.png,137002,fa58013f74dd94a949c627d61e7fbafb8f4af5a9164535767a82ade7944038f1,True,True,not_implied_by_inventory
04-论文/figs/fig2_source_data.csv,168,69601d6558f9c3199d0d5f37e74776b02edf91d2fc19e70d209d25600a266b15,True,True,not_implied_by_inventory
04-论文/figs/fig3_source_data.csv,154,266996665bc256cf4ecac7d367bf7f9130ea432e02ed2873863de61dc8488099,True,True,not_implied_by_inventory
04-论文/figs/fig3_tiers.png,94941,1d64c45f38dd83d9c61c1b7c194085279ca4e94cecd224a87f9e1e9a99e11208,True,True,not_implied_by_inventory
04-论文/figs/fig4_cwbcs.png,188126,6e63eba56ec69b1a676fb80280ecd2fba86f78e2538b404f3747b0f596de017d,True,True,not_implied_by_inventory
04-论文/figs/fig4_source_data.csv,887,9883d34123a20b228a540a733619773184cb257258e4edd1894579a63573d93b,True,True,not_implied_by_inventory
04-论文/figs/report/figA_collapse.png,131231,a8c63abfbdb27ef9b92471a49acc0995042dade4cfe26090f0ea23de9f8e3d2a,True,True,not_implied_by_inventory
04-论文/figs/report/figB_coverage.png,127539,e282f9b8d4fe947971cecaaf76fdbaf302a86daae5d62cda3e8076ee3073af03,True,True,not_implied_by_inventory
04-论文/figs/report/figC_width.png,108534,2c9922c51040108a91e8d70e45b6d02bf8f8f75163e387ba1354668a1b93556c,True,True,not_implied_by_inventory
04-论文/figs/report/figD_shrinkage.png,165112,2cb627b39ad31011b756ae41e33044481903a4cf1b1fe346d6008dcab14cd2b5,True,True,not_implied_by_inventory
04-论文/figs/report/figE_tiers.png,106387,8e3dabbb5ab8fe812727751efd26d246b89dba0362f6c6d9a1e411a8b867cc74,True,True,not_implied_by_inventory
04-论文/figs/report/figF_sigma.png,115958,ea0e7a28e062d2b773d36ecabdea04b7bdb20e9235a40e4bd37fbb2adb5de985,True,True,not_implied_by_inventory
04-论文/generate_manuscript_pdf.py,9922,1da2495146cdba4f1dde362b46a3126b466892dd21c60aaf3773b696a983c5dc,True,True,not_implied_by_inventory
04-论文/generate_zh_pdf.py,9354,26473c81d326a01b04226be5fc7361e4231a20203829d46f677519b8737619ea,True,True,not_implied_by_inventory
04-论文/make_figures.py,7849,79566c494a7ac6cf7bb0fbe1ab7c5cbbb32a97bee78c1ae4780b51911998d9bf,True,True,not_implied_by_inventory
04-论文/manuscript.md,42021,2b1d24576ad1469437c5c2dddb694deb0840a4946ebaab50258384f133911289,True,True,not_implied_by_inventory
04-论文/manuscript_zh.md,42969,a03376760fbb8aa1097d4b55fad90fd42ee8785afb77f68ddfce8efb73530413,True,True,not_implied_by_inventory
04-论文/supporting_information.md,8407,b7ccbc7995ee3baac2645e35e5c7d27a3f6b0e0bfbcfba2bcff6490a8feb332d,True,True,not_implied_by_inventory
04-论文/verify_matlab.m,3477,b82ac7b96bd5d460599ac99e6a7b05dde53ec7dfa21e532af3a60e9a172c5fda,True,True,not_implied_by_inventory
04-论文/导读_中文阅读指南.md,5068,fbc70b5a41b6d7372a913259e6a635d9a08c2531819243139a8630e4368e5af4,True,True,not_implied_by_inventory
04-论文/当前状态说明.md,245,d303203937d6c95d98f9d50868d8e2945a2374cc465a6846be6a78f91ed61a31,True,True,not_implied_by_inventory
04-论文/结果报告.html,14832,3bf661481051b656a1d4d0fdaeabe7c94b94a3b5da499b0189a6060656b8b049,True,True,not_implied_by_inventory
04-论文/结果报告_可视化.pdf,1004874,cf09374b7405ebe50d7844af663ba0afb55005f497ed4d17d5e35e49e2061c09,True,True,not_implied_by_inventory
04-论文/论文_SCI排版稿.pdf,877484,5516b11400cdb8e97e876983e104912cbd02ffbdc43c1edde5ba3f2b6dba83df,True,True,not_implied_by_inventory
04-论文/论文_中文通俗版.pdf,1114961,a92bd9c2faf7be0f254704fb4f867d9f0aece4e55cfc87391361f007914f379f,True,True,not_implied_by_inventory
05-申报-国创赛/generate_国创赛项目计划书.py,42710,4276dc5b3be4987e48c872883e746416c7a93cfd08aa55443a979402a213401e,True,True,not_implied_by_inventory
05-申报-国创赛/国创赛学生操作手册2026(1).pdf,1960586,37d7c8c99d2f5172efbf40858688cea20cf1c723962b259642f0ad10f7231787,True,True,not_implied_by_inventory
05-申报-国创赛/国创赛报名信息填写对照表.md,7157,6cf20058e8cac35c5542bd3fa5566844952aaad98ef19e7515861861f64a1b84,True,True,not_implied_by_inventory
05-申报-国创赛/国创赛项目计划书_基于贝叶斯图神经网络的抗MASH天然药物筛选.pdf,892933,3c63dbb92ef231077364ab9cb3a81e1f7da3ab4c68df02ab98040e1167f007c6,True,True,not_implied_by_inventory
05-申报-国创赛/国创赛项目计划书_封面源文件.html,3610,eeadee48869cbe26a37f32a5b12b9bb77eb993f55de04bf51b2c5f1aba1f9044,True,True,not_implied_by_inventory
05-申报-国创赛/基于贝叶斯图神经网络的抗MASH天然药物筛选项目_20260608212055.pdf,9384712,2efad2b152e3f0eeae50f211fdd0ddcdc481ccd274daab62db5a536499f68d9f,True,True,not_implied_by_inventory
05-申报-国创赛/当前状态说明.md,245,d303203937d6c95d98f9d50868d8e2945a2374cc465a6846be6a78f91ed61a31,True,True,not_implied_by_inventory
06-申报-大创结题/A_anon.txt,18492,76d4a79f54bc0b568a7d60ccb1977a160dcab3c661eebc8b3a5f22bd51e1f144,True,True,not_implied_by_inventory
06-申报-大创结题/B_named.txt,16475,57be703676e4f02039928c4143b4dbe53b4f1046ecf7fe410a155575dae21664,True,True,not_implied_by_inventory
06-申报-大创结题/C_full.txt,17552,41261a68d7753061fbd7a168231c66888d532b1fafb5201f800b707b70a8e997,True,True,not_implied_by_inventory
06-申报-大创结题/extracted_full.txt,574,5b8f40ab3f8aa7f6101cbb77f225a8140f4d09d914c076a60dd3f05b33f32328,True,True,not_implied_by_inventory
06-申报-大创结题/医疗器械学院-​基于贝叶斯图神经网络的抗MASH天然药物筛选-匿名版.pdf,721242,92992a016274f7ddd13a888917325d42847fcbac489a80f67f8e2102fe89130f,True,True,not_implied_by_inventory
06-申报-大创结题/医疗器械学院-姜希伟-王启龙-​基于贝叶斯图神经网络的抗MASH天然药物筛选.pdf,605593,9a1a4333b462a18da0e4c514c2ad366052a40571dfae68ef00832d1d42463990,True,True,not_implied_by_inventory
06-申报-大创结题/大创全流程综合结题分析报告.pdf,376680,eb304d0700ef56b246bba498cb98c721e30facc14019a729bb3cb7f56b5a493f,True,True,not_implied_by_inventory
06-申报-大创结题/大创汇报与湿实验路线图.pdf,303822,450c42e42e5f3e2ee12c16cefd5785fd8bc23462ebe17b0542bdb1f45f52149e,True,True,not_implied_by_inventory
06-申报-大创结题/当前状态说明.md,245,d303203937d6c95d98f9d50868d8e2945a2374cc465a6846be6a78f91ed61a31,True,True,not_implied_by_inventory
07-整合报告/generate_抗MASH研究最终整合报告.py,37855,ddbb1ec5f9b85cbe662f257f539f1449dba0c9d890ad697efcc9f103c852287a,True,True,not_implied_by_inventory
07-整合报告/qa预览图/contact_1.png,218247,bddeecea58286a8f33d094a7f412e005eb24a41f5f1e358e6c1e6f9028cc2919,True,True,not_implied_by_inventory
07-整合报告/qa预览图/contact_2.png,171515,b45e1d8a814d339e87fe1a1ceb69ace9ba6ed204cc75a14f74f91a409aac46a9,True,True,not_implied_by_inventory
07-整合报告/qa预览图/contact_3.png,252641,316d53a31b01bb4d5aa1eda28113d2611814ee0cf7469886ab8ec19fc9998252,True,True,not_implied_by_inventory
07-整合报告/qa预览图/contact_4.png,37730,249f0324d65e6cfb720159b011296950f8fa010f1bb880db68eb0719c4a6eec2,True,True,not_implied_by_inventory
07-整合报告/qa预览图/p01.png,26164,074887b0cff68fb5f862a60c40557adf2473ce47ece80601f40f89572949ba2d,True,True,not_implied_by_inventory
07-整合报告/qa预览图/p02.png,24342,def62b26ce1d339fc6dca7855c880ba8173ed4550eb624c5f9ec7f5e84b19b62,True,True,not_implied_by_inventory
07-整合报告/qa预览图/p03.png,51332,7f36be9374c123a654332c6c94d8941b534ed54883952e5d265cd4b0f02303d8,True,True,not_implied_by_inventory
07-整合报告/qa预览图/p04.png,46008,b54948d9705a54e43493030a85ed43c3996cb4cab3c07831ef289fa41846e083,True,True,not_implied_by_inventory
07-整合报告/qa预览图/p05.png,29504,06e52ceaf88a738ceb9541160d5fcc3e1611cc928013fd9e788ebd19359ae23f,True,True,not_implied_by_inventory
07-整合报告/qa预览图/p06.png,34718,803ea6b0edf1003f01be6d8944ec0ea4d8293a9ed2a513a6876f67138a226ce2,True,True,not_implied_by_inventory
07-整合报告/qa预览图/p07.png,28560,f3dd86fb912dcdf22f63e21c932e0ec863ac4760d54e128f1f8e03e6641ff00f,True,True,not_implied_by_inventory
07-整合报告/qa预览图/p08.png,34520,489f4ce60c6aaba152438953a1df1854d8779cda7dfb03448d0dbd0f540c6b9e,True,True,not_implied_by_inventory
07-整合报告/qa预览图/p09.png,46685,56697df3d7b5d46032c2c69de575b092f04df59a5681ed7d435e7ace658393c5,True,True,not_implied_by_inventory
07-整合报告/qa预览图/p10.png,41562,fb6ca76bf7a95afdace2f31e3d9ff49aa8474c5fb7bd38b29ae7574b75063c1b,True,True,not_implied_by_inventory
07-整合报告/qa预览图/p11.png,39605,5b370da2827f5ae9557c104c30bb8dd31ef926ac246da2dd9be7b74a5841082b,True,True,not_implied_by_inventory
07-整合报告/qa预览图/p12.png,45666,5925512d8a5d2002ee0abe3049d4ed06c975b1d5ff8e3cfbda5edc16bf3ff38a,True,True,not_implied_by_inventory
07-整合报告/qa预览图/p13.png,21836,b23ffcceb243238a5b41443698c6377989b726eddc726289c4afff6f06efc8d2,True,True,not_implied_by_inventory
07-整合报告/qa预览图/p13_final.png,100171,fe381f84f8ca91fc5bae6c20216a1b5b7675c0acd1a7076c1463d5a2ab50e45a,True,True,not_implied_by_inventory
07-整合报告/当前状态说明.md,245,d303203937d6c95d98f9d50868d8e2945a2374cc465a6846be6a78f91ed61a31,True,True,not_implied_by_inventory
07-整合报告/抗MASH研究最终整合报告.md,18115,41652c371f85ebe3d295aa503710a05c2964effb244324c3b32a7d60f6944290,True,True,not_implied_by_inventory
07-整合报告/抗MASH研究最终整合报告.pdf,1183050,d3dca6476608fdf166ab0b82e7528aa6fd525f0fc67893a27d49e75f33d0674a,True,True,not_implied_by_inventory
07-整合报告/抗MASH研究最终整合报告_封面.html,3376,40baac0eead3c6a2069b58b1e801d4591bd390079957c61f70f6cebe0444829e,True,True,not_implied_by_inventory
07-整合报告/抗MASH研究最终整合报告_封面.pdf,78801,2019a891f13f84ed0432c8496b0dadba1faaf7864b21f42f9e1d74894f8b2c0f,True,True,not_implied_by_inventory
07-整合报告/抗MASH研究最终整合报告_正文.pdf,1090299,22a702db44cda7adbc0a8b4940e4ae15667012564254d6dc6b30ed8ae9f9cc94,True,True,not_implied_by_inventory
08-工具脚本/generate_final_report.py,8674,3ccfeb659e619f73d9b659713f19ac81cb082f71b9b5553203f1d029d9adecb5,True,True,not_implied_by_inventory
08-工具脚本/generate_fpdf.py,7037,81f8b9538abccde3727dd2b1f55fe1745f47c26608cbb9d6c0771e8b31a3d1a9,True,True,not_implied_by_inventory
08-工具脚本/generate_playwright_pdf.py,10431,46295b46eb32eb880cf864b4468631bdafc164fbf791e5e7786be77e4bb3bec1,True,True,not_implied_by_inventory
08-工具脚本/generate_roadmap_pdf.py,6605,41e4dcb3032b6968cf73b6e560c04751b1073c4cc5dcff7c624cc0b61ba10b86,True,True,not_implied_by_inventory
08-工具脚本/report.html,9692,b71780b396c7146ff84d9a5a80b3127b434ddc1c079f0585646336da08ab8cbd,True,True,not_implied_by_inventory
08-工具脚本/roadmap.html,5804,64e5f9119ab1ff971a49c790353d783eb926303d8bf09dc96148a2fddcb4e085,True,True,not_implied_by_inventory
08-工具脚本/当前状态说明.md,245,d303203937d6c95d98f9d50868d8e2945a2374cc465a6846be6a78f91ed61a31,True,True,not_implied_by_inventory
09-过程资料/roundtable/con_r1.md,8064,c20c1f9db7ba9c0b13f5ddc9ddbb4fba318e8bd30784e8a0447a38500b09d6ec,True,True,not_implied_by_inventory
09-过程资料/roundtable/con_r2.md,6573,4db0febaebaaed1ec40161dd80d329c9f75a71556d79a60bb306f4b75c5d44e4,True,True,not_implied_by_inventory
09-过程资料/roundtable/cover.html,3708,53347651a5b45d185d92aa79d80cdd736594ac78749edd4ad87bea063eec239a,True,True,not_implied_by_inventory
09-过程资料/roundtable/cover.pdf,93256,244c793bd715978c32c9f8736fcafd3c411c4d014c4c52a7a9f8401847ceedfb,True,True,not_implied_by_inventory
09-过程资料/roundtable/discussion.md,5305,0bc97e1169b65077a3aeb116683bc033ed4ebc759db19316dd7d93fe02598827,True,True,not_implied_by_inventory
09-过程资料/roundtable/generate_report.py,29476,6660bcdf2530e0e8430291959e8acff10022276df957f6f7f0213b87588b20e3,True,True,not_implied_by_inventory
09-过程资料/roundtable/group/group_decisions.md,5026,86e4bb7557f2aff27968922c541c130acf1abd0cb21e863e63e1553da8a607f3,True,True,not_implied_by_inventory
09-过程资料/roundtable/group/m1_methodology.md,6392,8b299daa22ed33cf1ccec7032cdb762f926f6f3f3ca9db9ac32ed6046a463210,True,True,not_implied_by_inventory
09-过程资料/roundtable/group/m2_pharmacology.md,4787,51e80c5c20e2f05a0c147a0eca39508e5bce2c158c16ecc24468194c12ec9f70,True,True,not_implied_by_inventory
09-过程资料/roundtable/group/m3_data.md,6897,48390c7656476855814425c68d0a6e17cdb80653e1e256908612c96294a8c22f,True,True,not_implied_by_inventory
09-过程资料/roundtable/group/r1_methodology.md,3281,39d16e1312ceef41bf27c1d1cfed3316a522b3549e9349afe5ec51c9a377ce44,True,True,not_implied_by_inventory
09-过程资料/roundtable/group/r2_pharmacology.md,2977,c7053ddd6daf723d97a22548add2de7ebbb39e835c9017215ab287e039ef07b3,True,True,not_implied_by_inventory
09-过程资料/roundtable/group/r3_data.md,3171,276ae16c5f4e8b67a9100a5a1b7002a5d676b2d105be3e30810f7e5e75713e24,True,True,not_implied_by_inventory
09-过程资料/roundtable/judge_verdict.md,23896,3a65bb0afb8ff9e4a6910ce448ceef7a36bebc94189ed15bcccda9c95ad517da,True,True,not_implied_by_inventory
09-过程资料/roundtable/pro_r1.md,7187,642e6b39f3e42e4568f724660ef1b29992308397614d5ceb79846f7c1b65fbca,True,True,not_implied_by_inventory
09-过程资料/roundtable/pro_r2.md,6694,63bc643a9c1aa494c9bf14de4ee82a228de874855b6b5ede7f394121357c5d35,True,True,not_implied_by_inventory
09-过程资料/roundtable/qa_p2.png,44908,ed3d9a09a0a6fc1bf184a22755e9781d64423a4c4967b4f55a7c525489237f85,True,True,not_implied_by_inventory
09-过程资料/roundtable/qa_p7.png,117428,dce808eaac44873bbfbca5ba94389af033b522c927d09f74942410bf66da6946,True,True,not_implied_by_inventory
09-过程资料/roundtable/report_body.pdf,317884,96f9e74e48487b6a90f65ac53d81c02c390a18553fff58ed5fd35c01fae98832,True,True,not_implied_by_inventory
09-过程资料/roundtable/rt2_fix_list.md,3960,4ccd56cb6a821c4ae65ba39e7fb2bb1bb59fefdb9c39187d5fbcc7ecee339ff1,True,True,not_implied_by_inventory
09-过程资料/roundtable/rt2_r1_method.md,3205,1cfa3a8ae3a641928839dfa53743cea15974d293d9bcce535804768b2dd215e8,True,True,not_implied_by_inventory
09-过程资料/roundtable/rt2_r2_pharm.md,3947,8016d522b59074f7af4ee49ffc1c92952124408beca08d7614d5ca6fdf113c2d,True,True,not_implied_by_inventory
09-过程资料/roundtable/rt2_r3_readability.md,6858,f77ee098c36bacf9a53a4a1389aaedfee9ef10ac86a543a686ed34ce312badd2,True,True,not_implied_by_inventory
09-过程资料/roundtable/大创研发思路圆桌评估与修正报告.pdf,421556,3365c0cd79820d545bba128446174db6fc1b7f36e5be0511cd71b635fc9b9dbb,True,True,not_implied_by_inventory
09-过程资料/roundtable/最终报告_研发思路修正终稿.md,13042,fdc66dd5ef493e54fc0e6fad6c8cbbf854805cab74b95e568d6f63d66e789537,True,True,not_implied_by_inventory
09-过程资料/roundtable2/discussion.md,3264,fd23a273a048915414614fdc5b5377136f9968e089c9abe26e7567b9a9955c4b,True,True,not_implied_by_inventory
09-过程资料/roundtable2/revA_statistics.md,6231,659b6a3bf8481a6cceae9302e88a17886eb3cf08f2a2c143a5a881a58828db88,True,True,not_implied_by_inventory
09-过程资料/roundtable2/revB_readability.md,6980,58b0255d35fecc9594b19ef08a7beabf00d99073a4c80afcc64390d30d1e7918,True,True,not_implied_by_inventory
09-过程资料/roundtable3/audit_A.md,6083,36e646136b49de613925483794d3d9968415c3eedea32a74e94c35d17e9ec491,True,True,not_implied_by_inventory
09-过程资料/roundtable3/audit_B.md,4146,c448e877b56c903656f66c9df75fa915c96f41b9be91ddebbc924876a6416733,True,True,not_implied_by_inventory
09-过程资料/roundtable3/audit_C.md,6759,1e3b67683af1388037a8ea0f6c8b437566917c8930fc21a0966f5dab190e1b8d,True,True,not_implied_by_inventory
09-过程资料/roundtable3/matlab_output.txt,1152,8c92343f7f0bcbde08fb09c0984c1cb350b18c50c5bb202898fb2979dd0e838b,True,True,not_implied_by_inventory
09-过程资料/roundtable3/matlab_stderr.txt,6226,dc68bf6a4f1a0d4b40b6f9eceb9d07c974419d55a6b2da4550319732cd894231,True,True,not_implied_by_inventory
09-过程资料/roundtable3/wilson_check_matlab.m,3385,e3679b3e0c5ee1d3c64a34f4fa36f12ba92fb4046951a20ead3753cd9e2bd4b6,True,True,not_implied_by_inventory
09-过程资料/verify_repro/modA_geo_recheck.py,5429,080f0602c69aa6b7482cc98f7cd6d9e670b74df3b80d0fa3b8d808fddd15b897,True,True,not_implied_by_inventory
09-过程资料/verify_repro/modB_chembl_recheck.py,7125,b03ff712ea671f80140af960541320f23546c0571dcee0f908280429a3cf4de3,True,True,not_implied_by_inventory
09-过程资料/verify_repro/modC_metrics_recheck.py,4219,9828c243a29e4f826ff55e2fa6267f48270495560cc05a9d96ac7eb09219b7e6,True,True,not_implied_by_inventory
09-过程资料/verify_repro/modD_tcm_recheck.py,3629,7a5cd8412624552dec9e620388069d254e59866f9daf4696c2b8210ea867f3a4,True,True,not_implied_by_inventory
09-过程资料/verify_repro/modE2_production_reload.py,5019,1b649848301c9932f50328183cffec2c2d6d2565c0d3b5e847ab6d592c638f80,True,True,not_implied_by_inventory
09-过程资料/verify_repro/modE_tiers_recheck.py,4391,638636d9c34c9e012d2a3cc2462c42e13507cd063df5a0627d412c7df51d7b4e,True,True,not_implied_by_inventory
09-过程资料/verify_repro/modF_docking_recheck.py,3955,9e41f9ea8486d96ad184d1e404756fb320c60fde5780883f0e90f2b42c7d0fc2,True,True,not_implied_by_inventory
09-过程资料/verify_repro/modG_cwbcs_recheck.py,4125,a1c54c553e3591dde03d506350f0ad03f0b569014d6608d354c165635b899b4c,True,True,not_implied_by_inventory
09-过程资料/verify_repro/outputs/T3_redock_rerun_out.pdbqt,15255,ba86f1ebc5df09ebb16db564731b7bcfde7704f1ffb3ce4b90050ad1ae4fbd39,True,True,not_implied_by_inventory
09-过程资料/verify_repro/outputs/gnn_metrics_v2_rerun.json,13386,67a5c5089054def25dbda8c40a05973226bc75bf92a8c03bd6be08e7505b631e,True,True,not_implied_by_inventory
09-过程资料/verify_repro/outputs/gnn_rerun_log.txt,1141,8ade252bda4c028976cf0f741cccef9eabd51d3ebea727ab4055ebaa536f3103,True,True,not_implied_by_inventory
09-过程资料/verify_repro/rerun_gnn_v2.py,10803,3b69ea26a1fd5a3c0a69a908155bdfaae26083053add6f501cbf2f4706417cb1,True,True,not_implied_by_inventory
09-过程资料/verify_repro/复现验证报告.md,11853,2a39089f3ddf43b9eaede77fd369c79c8867da7b627b3462283d30444f6fcb31,True,True,not_implied_by_inventory
09-过程资料/当前状态说明.md,245,d303203937d6c95d98f9d50868d8e2945a2374cc465a6846be6a78f91ed61a31,True,True,not_implied_by_inventory
09-过程资料/未上传大文件说明.md,718,f0415b7c0a21a140f981c72cc07ec2bd5703f0f4c6af90db6b9fc234f7dfb8e0,True,True,not_implied_by_inventory
10-任务分配与进度/MOOC提前学习.md,2283,2102896e0aa2d93cba4bc38d116eaa3f79167483f31206593cc3bcd2ab1058a4,True,True,not_implied_by_inventory
10-任务分配与进度/project_plan.json,66584,0eedbb7b79c648c2936c1c584f822fa084822542d42b900fcbc77c74b8cc60a4,True,True,not_implied_by_inventory
10-任务分配与进度/后续任务分配.md,2133,b7fbbdbe992b395e322610516beb639eee427506f12409499de8db918f8ddd9d,True,True,not_implied_by_inventory
README.md,857,8f8a61628b3b83f3efd404854713c0b5ff6065e06bc01cec513f63f6b1213245,True,True,not_implied_by_inventory
docs/archive/20260904/00-索引.md,1952,c82d249c1fba3f97ad2082af1d105ac52f1790865f47a3b9ae20bf4c93f90164,True,True,not_implied_by_inventory
docs/archive/20260904/01-课题-保肝中药成分虚拟筛选/CONTRIBUTORS.md,914,28747010c6c8c2928c7d32d0361c97df85d52043b3dd7ad30b68ef409607a7c0,True,True,not_implied_by_inventory
docs/archive/20260904/01-课题-保肝中药成分虚拟筛选/README.md,2870,8f041daf24cad95dc89885fd495a731ce3dc3778cd56e357ad25520dcc3a8aa6,True,True,not_implied_by_inventory
docs/archive/20260904/01-课题-保肝中药成分虚拟筛选/final-aidd-screening/README.md,2165,33a67ee822ca7c8df2b6d5e6af5172191738cbc0b8095f44413a3b4cf16f8dc3,True,True,not_implied_by_inventory
docs/archive/20260904/01-课题-保肝中药成分虚拟筛选/final-aidd-screening/REPORT.md,8597,d115b9fdc7f119973505be8183223a38bc2d084e328f33f2f48b2ea95e531241,True,True,not_implied_by_inventory
docs/archive/20260904/02-课题-MASH研究-v1/FINAL_REPORT.md,12620,9141c805dcd645bb6f988422e58372b4258f5f66ce707156389ec85bbf93f56a,True,True,not_implied_by_inventory
docs/archive/20260904/02-课题-MASH研究-v1/README.md,4213,7255dd8c026480ab63a3987d4611075e09d2072666a1328b46abbd79f2eea983,True,True,not_implied_by_inventory
docs/archive/20260904/02-课题-MASH研究-v1/下一阶段方向_协同调控.md,6572,142dcdee68227af2633333fd5970be350ca4973ad355b569044da347289bfa87,True,True,not_implied_by_inventory
docs/archive/20260904/02-课题-MASH研究-v1/新方向报告_重开课题.md,6718,a3e81926d1f76adc94c43a875b0c65fcd4d9d8ed0a71527e05bdaf1a4dbca534,True,True,not_implied_by_inventory
docs/archive/20260904/02-课题-MASH研究-v1/暑假中间报告_主文.md,15227,248da86fdf0e93ddb3b0b72e09324efb8693ddc08e7bfae096cb7167278e33e7,True,True,not_implied_by_inventory
docs/archive/20260904/02-课题-MASH研究-v1/最终候选清单.md,1403,eaa5b886d405e28a94d1f10cd9fdc571acc1f59cdea8edf28b1ffc879cacf33c,True,True,not_implied_by_inventory
docs/archive/20260904/02-课题-MASH研究-v1/最终候选清单_圆桌修订版.md,4245,96c5937daf21ad9af7c46fbf3cdd22b304d5bc9550a017bf05c2bc5c2ae066b5,True,True,not_implied_by_inventory
docs/archive/20260904/02-课题-MASH研究-v1/结题评估报告.md,13547,c1112201f938817fc407971b3d4dca27af3740f7ba50260262dc65d7f86c775c,True,True,not_implied_by_inventory
docs/archive/20260904/03-课题-MASH研究-v2/NEW_PLAN.md,4160,11fc6fa27838141e8e117f89e2fa39e7e2b239bc83ea0ec0d5824c0f65526a19,True,True,not_implied_by_inventory
docs/archive/20260904/03-课题-MASH研究-v2/NEW_REPORT.md,10374,e10148338193238973f83c3578318cacc71043f42f6bff7987e5bf7aa095ee4e,True,True,not_implied_by_inventory
docs/archive/20260904/03-课题-MASH研究-v2/generate_report_pdf.py,20942,bbd70cbc34c304a071fcef73319fbc7dfba9219358102ae2b5f57e28c7bf9a9f,True,True,not_implied_by_inventory
docs/archive/20260904/03-课题-MASH研究-v2/make_result_pdf.py,23575,bbbabcd60f04e2723dee7d31dc817b4becd7e0119e28fd8f7299360b0831d1ae,True,True,not_implied_by_inventory
docs/archive/20260904/03-课题-MASH研究-v2/src/s0_data_scout.py,5450,327362a22b04eb4b67fe1d1942362e48743d86f1603eeca0496d0e9eaa4cd73f,True,True,not_implied_by_inventory
docs/archive/20260904/03-课题-MASH研究-v2/src/s1_geo_deg.py,4139,e88fa5d6bd99244456ae9be2313e528133e64e9a111d06e2c80c7377cd15a729,True,True,not_implied_by_inventory
docs/archive/20260904/03-课题-MASH研究-v2/src/s1b_de.py,10048,44530d8508461991b60470a546a59c37ae9c9dfdf87c313c667e95ec4a2d729f,True,True,not_implied_by_inventory
docs/archive/20260904/03-课题-MASH研究-v2/src/s1c_meta.py,5074,48fb6a3b1cde0a97a7218032cc844fce36ad85736b6dda3d0e3d5aaeb37b46b9,True,True,not_implied_by_inventory
docs/archive/20260904/03-课题-MASH研究-v2/src/s2_chembl.py,4332,4d50961bbb24a790fc8b771bb2ae3eddb53c7327f0be80a36000e8379ed45683,True,True,not_implied_by_inventory
docs/archive/20260904/03-课题-MASH研究-v2/src/s3_qsar.py,6746,ab7056fda4c99f015ff928c205fe7c3605dab269599b3552e15b98c43f78ed48,True,True,not_implied_by_inventory
docs/archive/20260904/03-课题-MASH研究-v2/src/s4_library.py,7028,797a03bb3731f1dc1b984f2a297c9de440f4e2932464aa4cfa57ee583bbf8d7b,True,True,not_implied_by_inventory
docs/archive/20260904/03-课题-MASH研究-v2/src/s5a_prep.py,4909,2018d6611314e1ab062e08fcf5282e8a3829a6ffb47c581a5fd2201f0049392c,True,True,not_implied_by_inventory
docs/archive/20260904/03-课题-MASH研究-v2/src/s5b_redock.py,5325,d81bf1b2ebc995f37077ec3e036f513ff8f707a11af3c3743b624a842c90ae87,True,True,not_implied_by_inventory
docs/archive/20260904/03-课题-MASH研究-v2/src/s5c_batch.py,3886,a8156fb89f72ca37b119f560473f54d7b358e2400ba69788a4bda2e83539f40f,True,True,not_implied_by_inventory
docs/archive/20260904/03-课题-MASH研究-v2/src/s6_topsis.py,4230,3181400dda586236409ddf52a5f659174514ef5024125098e35d1ab82d41aede,True,True,not_implied_by_inventory
docs/archive/20260904/04-论文/manuscript.md,42022,01efa1a1e47a1b4a82fa4d59b3ae05a85ad8a8792974b00a908985cab9d3aaf3,True,True,not_implied_by_inventory
docs/archive/20260904/04-论文/manuscript_zh.md,43076,1a4d2bd41524422a86f1c5101adcbdc4556bff7eed1de7073e4249caf3b583d6,True,True,not_implied_by_inventory
docs/archive/20260904/04-论文/supporting_information.md,8229,6dfda9af229ac6348371f47c259ca970228811c250899486d13b73ef4f060f55,True,True,not_implied_by_inventory
docs/archive/20260904/04-论文/导读_中文阅读指南.md,4866,74617a45c0027dd337c0b0f05eadc683acc52db68b6d1c6217ba54b53c260042,True,True,not_implied_by_inventory
docs/archive/20260904/05-申报-国创赛/国创赛报名信息填写对照表.md,6979,580b4787d796d37aeab5d2d4de5d742b7c74ac0e55a54cc2ede689607ebf1833,True,True,not_implied_by_inventory
docs/archive/20260904/07-整合报告/抗MASH研究最终整合报告.md,18078,3de1e172753e81dac819d482ee13be537220b5929ed86c14e06a43bc209434a1,True,True,not_implied_by_inventory
docs/archive/20260904/09-过程资料/未上传大文件说明.md,473,374ca802ea52dc5d1115ddd89a6af71a44b7a1c77f09abca7d6e28a45ec368b4,True,True,not_implied_by_inventory
docs/archive/20260904/10-任务分配与进度/后续任务分配.md,4465,d106ac81966d13110ecb7fc4a4e63230761a81627c06bfefa1b3e4f7af6b6237,True,True,not_implied_by_inventory
文件备注清单.csv,340879,f2ae9e394a98550235c8225a37d7e34db66b3129f904c58cfbb489d62d652db7,True,True,not_implied_by_inventory
