identifier,canonical_smiles,name,chemical_super_class,np_classifier_pathway,np_classifier_superclass,np_classifier_class,organisms,dois,organism,pathway,pAct_ACC2,pAct_DGAT2,pAct_FASN,pAct_FDFT1,pAct_FXR,pAct_HMGCR,pAct_LXRa,pAct_PPARG,pAct_SCD,pAct_THRb,top3_mean,max_pAct,mw,logp,hbd,hba,obscure,composite
CNP0527973.1,CC(C)C[C@@H]1OC(=O)[C@H](C)/N=C(\O)[C@H](C(C)(C)O)OC(=O)[C@H](C)N(C)C(=O)[C@@H](C)/N=C(\O)[C@@H](CC2=CC=CC=C2)N(C)C1=O,"(3~{S},4~{Z},6~{S},9~{S},12~{R},13~{Z},15~{R},18~{S})-15-benzyl-5,14-dihydroxy-6-(1-hydroxy-1-methyl-ethyl)-18-isobutyl-3,9,10,12,16-pentamethyl-1,7-dioxa-4,10,13,16-tetrazacyclooctadeca-4,13-diene-2,8,11,17-tetrone",Organic acids and derivatives,Amino acids and Peptides,Oligopeptides,Cyclic peptides,Acremonium sp.|Trichothecium species|Unidentifiable sponge-derived fungus,10.1021/np060178k|10.1021/np2004243|10.1021/np200885e,Acremonium sp.|Trichothecium species|Unidentifiable sponge-derived fungus,Amino acids and Peptides,6.91,7.58,5.56,6.3,5.42,5.39,5.61,5.75,5.12,6.85,7.11,7.58,618.7280000000003,2.247200000000003,3,9,3.0,10.31
CNP0479433.1,CC(C)C[C@@H]1OC(=O)[C@H](C)/N=C(\O)[C@H](C(C)C)OC(=O)[C@H](C)N(C)C(=O)[C@@H](C)/N=C(\O)[C@@H](CC2=CC=CC=C2)N(C)C1=O,"(3~{S},4~{Z},6~{S},9~{S},12~{R},13~{Z},15~{R},18~{S})-15-benzyl-5,14-dihydroxy-18-isobutyl-6-isopropyl-3,9,10,12,16-pentamethyl-1,7-dioxa-4,10,13,16-tetrazacyclooctadeca-4,13-diene-2,8,11,17-tetrone",Organic acids and derivatives,Amino acids and Peptides,Oligopeptides,Cyclic peptides,Acremonium sp.|Unidentifiable sponge-derived fungus,10.1021/np060178k|10.1021/np200885e,Acremonium sp.|Unidentifiable sponge-derived fungus,Amino acids and Peptides,6.75,7.58,5.66,6.06,5.44,5.22,5.61,5.53,5.13,6.84,7.06,7.58,602.7290000000003,3.1323000000000043,2,8,3.0,10.24
CNP0508574.1,C/C=C/C1=CC=C/C(=C2\C(=O)CN=C2O)O1,,,Polyketides,Chromanes,Azaphilones,unidentified marine-derived fungus cri247-01,,unidentified marine-derived fungus cri247-01,Polyketides,6.45,7.74,4.34,6.03,5.31,5.44,5.78,5.25,5.07,6.96,7.05,7.74,217.22399999999996,1.8260999999999998,1,3,3.0,10.22
CNP0073012.4,COC1=CC2=C(C(=O)C3=C(O)C=C(C[C@H](C)O)C=C3[C@H]2[C@H]2C3=CC(C[C@@H](C)O)=CC(O)=C3C(=O)C3=C2C=C(OC)C(Cl)=C3O)C(O)=C1Cl,Allianthrone A,Benzenoids,Polyketides,Polycyclic aromatic polyketides,Anthraquinones and anthrones,Aspergillus alliaceus|two fungal morphs of the marine algal-derived Aspergillus alliaceus,10.1021/ACS.JNATPROD.8B00024|10.1021/acs.jnatprod.8b00024,Aspergillus alliaceus|two fungal morphs of the marine algal-derived Aspergillus alliaceus,Polyketides,6.46,7.6,4.36,6.39,5.26,5.85,6.09,5.46,5.14,6.77,6.94,7.6,695.5480000000002,5.732400000000008,6,10,3.0,10.06
CNP0232461.1,COC1=CC2=C3C(=C1)C(=O)N=C([C@@H]1CCCN1)N3C1=CC=CC=C1C(=O)O2,Aspergicin,Organoheterocyclic compounds,Shikimates and Phenylpropanoids,Coumarins,Simple coumarins,Aspergillus|Aspergillus sp.|Two marine-derived mangrove epiphytic Aspergillus sp. Fungi|two Aspergillus sp. strains,10.1007/S10600-011-0053-8|10.1007/s10600-011-0053-8|10.1016/j.biotechadv.2020.107521,Aspergillus|Aspergillus sp.|Two marine-derived mangrove epiphytic Aspergillus sp. Fungi|two Aspergillus sp. strains,Shikimates and Phenylpropanoids,6.38,7.34,5.71,6.34,5.66,5.35,5.0,5.63,4.86,6.77,6.83,7.34,363.37300000000005,2.3514,1,6,3.0,9.9
CNP0357664.1,CC1=C([C@@H](C)[C@@H](C)OC=O)C(=O)C2=C(C1=O)[C@H]1O[C@@H](C)[C@H](C)C3=C(C)C(O)=CC(=C31)O2,,Organoheterocyclic compounds,Polyketides,Chromanes,Azaphilones,Marine fungi|Penicillium,10.1007/S12272-017-0890-5|10.1007/s12272-017-0890-5,Marine fungi|Penicillium,Polyketides,6.5,7.5,4.3,6.45,5.29,6.27,5.67,5.35,5.41,6.32,6.82,7.5,426.4650000000002,3.5763200000000026,1,7,3.0,9.89
CNP0249183.1,CC(C)[C@@H]1OC(=O)[C@@H]2CCCN2C(=O)[C@@H](CC2=CC=CC=C2)NC(=O)[C@@H]2CCCN2C(=O)[C@@H](CC2=CC=CC=C2)NC1=O,Alternaramide,Organic acids and derivatives,Amino acids and Peptides,Oligopeptides,Cyclic peptides,Alternaria|Alternaria sp.|Alternaria sp. SF-5016|Marine fungi,10.1016/J.CBI.2015.11.024|10.1016/j.cbi.2015.11.024|10.1021/NP900464P|10.1021/np900464p|10.1039/c005001f,Alternaria|Alternaria sp.|Alternaria sp. SF-5016|Marine fungi,Amino acids and Peptides,6.52,7.5,5.62,5.99,5.38,5.04,5.01,5.45,4.96,5.83,6.67,7.5,588.7050000000003,2.0048000000000017,2,6,3.0,9.67
CNP0183895.1,C/C=C/C(=O)C1=C(C)OC(=O)C=C1OC,,,Polyketides,Cyclic polyketides,2-pyrone derivatives,Alternaria|Aristolochia indica|Berchemia zeyheri|Bignonia venusta|Crambe chelastra|Marine fungi|Penicillium paxilli|Penicillium paxilli PSU-A71|Penicillium waksmanii|Pyrenochaeta terrestris|Sargassum ringoldianum|Setophoma terrestris,10.1016/S0031-9422(00)84136-9|10.1080/00021369.1979.10863831|10.1104/PP.79.1.308|10.1155/2014/767061|10.1248/CPB.55.1383|10.1271/BBB1961.43.2409|10.1271/BBB1961.45.1675|10.1515/ZNC-1986-11-1213|10.7164/ANTIBIOTICS.51.432,Alternaria|Aristolochia indica|Berchemia zeyheri|Bignonia venusta|Crambe chelastra|Marine fungi|Penicillium paxilli|Penicillium paxilli PSU-A71|Penicillium waksmanii|Pyrenochaeta terrestris|Sargassum ringoldianum|Setophoma terrestris,Polyketides,6.37,7.55,4.4,5.87,5.32,6.07,5.85,5.26,5.01,5.64,6.66,7.55,208.21299999999997,1.7156200000000001,0,4,3.0,9.66
CNP0611049.0,CCCCCCCCC=CC(=O)CCC1=CC=C(O)C(OC)=C1,,,Polyketides,Aromatic polyketides,Catechols with side chains,Rosmarinus officinalis,10.3390/IJMS151120585,Rosmarinus officinalis,Polyketides,5.96,7.34,5.2,5.92,5.19,6.23,6.0,5.19,5.53,8.63,7.4,8.63,318.45700000000005,5.209300000000006,1,3,2.0,9.62
CNP0137278.1,C=C(C=O)[C@@H]1C[C@@]2(C)C(=CC1=O)[C@H](OC(=O)/C=C/C=C/C(C)CC(C)CC)CC[C@@H]2C(=O)O,07H239-A,Lipids and lipid-like molecules,Terpenoids,Sesquiterpenoids,,Unknown-fungus sp. LL-07H239.|Xylariaceous fungus LL-07H239|unidentified species of Family Xylariaceae,10.1021/np049924g|10.1039/b502792f,Unknown-fungus sp. LL-07H239.|Xylariaceous fungus LL-07H239|unidentified species of Family Xylariaceae,Terpenoids,6.77,7.46,4.39,7.93,5.54,5.23,5.67,5.9,5.16,5.48,7.39,7.93,456.5790000000003,4.854300000000005,1,5,2.0,9.61
CNP0283894.1,C[C@@]12CCC[C@]3(C)C4=CC5=C(O)C=CC(O)=C5C=C4C(=O)[C@](O)(OC1)[C@H]23,Alisiaquinol,Benzenoids,Terpenoids,Diterpenoids,Podocarpane diterpenoids,unidentified sponge,10.1039/b906091j,unidentified sponge,Terpenoids,6.75,7.49,5.46,7.4,6.06,5.29,6.0,5.19,5.03,7.27,7.39,7.49,354.40200000000016,3.2302000000000026,3,5,2.0,9.61
CNP0167652.3,CC(=O)OC[C@H](CC1=CC=CC=C1)NC(=O)C(CC1=CC=CC=C1)NC(=O)C1=CC=CC=C1,Aurantiamide acetate,Organic acids and derivatives,Amino acids and Peptides,Small peptides,Dipeptides,Acanthophora spicifera|Acorus calamus|Ageratum conyzoides|Albizia julibrissin|Arisaema amurense|Arisaema erubescens|Arisaema heterophyllum|Aspergillus|Aspergillus penicillioides|Aster tataricus|Daphne genkwa|Dichondra repens|Dioclea reflexa|Fallopia multiflora|Hypericum japonicum|Marine fungi|Orthosiphon aristatus|Orthosiphon grandiflorus|Picria felterrae|Pierreodendron kerstingii|Portulaca oleracea|Posoqueria latifolia|Pteris multifida|Sesamum orientale|Siegesbeckia pubescens|Sigesbeckia glabrescens|Zanthoxylum setulosum,10.1002/(sici)1099-1573(1998)12:1+<s164::aid-ptr285>3.0.co;2-g|10.1002/CHIN.199824188|10.1016/0031-9422(91)83202-V|10.1016/J.INTIMP.2014.10.006|10.1016/S0031-9422(00)90468-0|10.1016/S0031-9422(98)00322-7|10.1016/j.intimp.2014.10.006|10.1021/NP50041A043|10.1055/S-2006-960835|10.1080/14786419.2017.1361949|10.1093/GAO/9781884446054.ARTICLE.T047827|10.1248/CPB.48.1711|10.1271/BBB.65.1195|10.4268/CJCMM20101716,Acanthophora spicifera|Acorus calamus|Ageratum conyzoides|Albizia julibrissin|Arisaema amurense|Arisaema erubescens|Arisaema heterophyllum|Aspergillus|Aspergillus penicillioides|Aster tataricus|Daphne genkwa|Dichondra repens|Dioclea reflexa|Fallopia multiflora|Hypericum japonicum|Marine fungi|Orthosiphon aristatus|Orthosiphon grandiflorus|Picria felterrae|Pierreodendron kerstingii|Portulaca oleracea|Posoqueria latifolia|Pteris multifida|Sesamum orientale|Siegesbeckia pubescens|Sigesbeckia glabrescens|Zanthoxylum setulosum,Amino acids and Peptides,5.87,7.2,5.56,6.31,5.59,5.84,6.01,6.38,5.37,5.61,6.63,7.2,444.5310000000001,3.3183000000000016,2,4,3.0,9.61
CNP0185782.1,CC(C)[C@@H](C)/C=C/[C@@H](C)[C@H]1CC[C@@]2(O)C3=CC(=O)C4CC(=O)CC[C@]4(C)[C@H]3CC[C@]12C,"(14alpha,22e)-14-hydroxyergosta-7,22-diene-3,6-dione",Lipids and lipid-like molecules,Terpenoids,Steroids,Ergostane steroids,Antrodia camphorata|Taiwanofungus camphoratus,10.1016/J.PHYTOCHEM.2012.08.011|10.1016/j.phytochem.2012.08.011,Antrodia camphorata|Taiwanofungus camphoratus,Terpenoids,7.01,7.3,4.45,7.83,5.21,5.11,5.91,5.04,5.16,5.61,7.38,7.83,426.6410000000003,5.912800000000007,1,3,2.0,9.59
CNP0261264.2,C/C(=C\C=C\C(C)CCCC(C)CC(=O)C(O)C(C)Cl)CCCC1=COC=C1,,,Terpenoids,Sesterterpenoids,Norsesterterpenoids,Unknown-fungus sp.|unidentified sponge,10.1039/c39910000097|10.1039/np9931000497,Unknown-fungus sp.|unidentified sponge,Terpenoids,6.16,7.25,5.36,6.42,5.15,5.4,5.63,5.49,5.33,5.71,6.61,7.25,409.01000000000016,6.494700000000008,1,3,3.0,9.58
CNP0314421.1,CC1=C(O)C=C2C(=O)[C@]3(C[C@H]4C(C)(C)[C@@H](Cl)CC[C@]4(C)O)OC(C)(C)[C@H](Cl)C=C3C(=O)C2=C1O,"3-chloro-10a-(3-chloro-6-hydroxy-2,2,6-trimethylcyclohexylmethyl)-6,8-di-hydroxy-2,2,7-trimethyl-3,10a-dihydro-2H-benzo[g]chromene-5,10-dione",Organoheterocyclic compounds,Polyketides,,,Streptomyces CMS JV M18_3|Streptomyces CNQ-525(EF177816)|Streptomyces CNQ-595|Streptomyces sp.|Streptomyces sp. CNQ-525|Unknown-fungus sp.|unidentified species of Order Actinomycetales,10.1007/s10126-013-9493-4|10.1021/np058011z|10.1039/b603047p|10.1111/1462-2920.13700,Streptomyces CMS JV M18_3|Streptomyces CNQ-525(EF177816)|Streptomyces CNQ-595|Streptomyces sp.|Streptomyces sp. CNQ-525|Unknown-fungus sp.|unidentified species of Order Actinomycetales,Polyketides,6.46,7.67,4.1,6.22,5.36,5.23,5.8,5.27,5.16,6.76,6.96,7.67,511.4420000000003,5.051320000000007,3,6,2.5,9.57
CNP0116682.1,CC1(C)C=CC(=O)[C@@]2(C)OO[C@@H]3C[C@]12CC[C@]3(O)CO,"Merulin C, (rel)-",Lipids and lipid-like molecules,Terpenoids,Sesquiterpenoids,Chamigrane sesquiterpenoids,Endophytic fungi,10.1021/np200491g,Endophytic fungi,Terpenoids,6.94,7.64,4.4,5.99,5.19,5.0,5.81,5.48,5.14,6.3,6.96,7.64,282.33599999999996,1.1342999999999999,2,5,2.5,9.57
CNP0082263.1,C/C1=C/[C@@H](C)C/C=C\[C@H]2[C@@H]3O[C@]3(C)[C@@H](C)[C@H]3[C@H](C(O)C4=CNC5=CC=CC=C45)NC(=O)[C@]32C(=O)CC[C@H](O)C1=O,Oxichaetoglobosin A/B,Alkaloids and derivatives,Alkaloids,Pseudoalkaloids,Cytochalasan alkaloids,Unknown-fungus sp.,10.1021/acs.jnatprod.8b00110,Unknown-fungus sp.,Alkaloids,6.66,7.79,5.62,7.63,5.46,5.51,5.58,5.4,5.18,5.83,7.36,7.79,546.6640000000003,3.5473000000000012,4,6,2.0,9.57
CNP0236852.0,OC1=CC=C(OC2=CC=C(Br)C=C2Br)C=C1Br,"2-bromo-4-(2,4-dibromophenoxy)phenol",Benzenoids,Shikimates and Phenylpropanoids,Diphenyl ethers (DPEs),Marine-bacterial DPEs,unidentified species of Family Corallinaceae,10.1039/b603047p,unidentified species of Family Corallinaceae,Shikimates and Phenylpropanoids,6.43,6.91,5.17,5.84,5.18,6.33,6.97,6.57,5.47,8.05,7.31,8.05,422.89799999999997,5.472000000000002,1,2,2.0,9.5
CNP0306218.1,C=C1CC[C@H](Cl)C(C)(C)[C@@H]1C[C@@]12OC(C)(C)[C@H](Cl)C=C1C(=O)C1=C(C=C(O)C(C)=C1O)C2=O,"3-chloro-10a-(3-chloro-6-hydroxy-2,2,6-trimethylcyclohexylmethyl)-6,8-dihydroxy-2,2,7-trimethyl-3,4,4a,10a-tetrahydro-2H-benzo[g]-chromene-5,10-dione",Organoheterocyclic compounds,Polyketides,,,Streptomyces sp.|Unknown-fungus sp.|unidentified species of Order Actinomycetales,10.1021/np058011z|10.1039/b603047p,Streptomyces sp.|Unknown-fungus sp.|unidentified species of Order Actinomycetales,Polyketides,6.31,7.66,4.09,5.87,5.41,5.22,5.78,5.33,5.15,6.75,6.91,7.66,493.42700000000025,5.856520000000007,2,5,2.5,9.5
CNP0110593.2,CC1(C)CCC(=O)[C@@]2(C)OO[C@H]3C[C@@]12CC[C@@]3(O)CO,"Merulin B, (rel)-",Lipids and lipid-like molecules,Terpenoids,Sesquiterpenoids,Chamigrane sesquiterpenoids,Endophytic fungi,10.1021/np200491g,Endophytic fungi,Terpenoids,6.87,7.69,4.4,6.09,5.18,4.92,5.92,5.51,5.23,6.14,6.9,7.69,284.352,1.3583,2,5,2.5,9.49
CNP0245531.2,O=C1CC[C@]23OC4=C5C(=C(O)C=C4)[C@@H](O)[C@H]4O[C@H]4[C@@]5(OC4=CC=CC1=C42)O3,Ymf 1029D,Benzenoids,Polyketides,Naphthalenes,Spirodioxynaphthalenes,Lasiodiplodia theobromae|Lasiodiplodia theobromae ZJ-HQ1|Strychnos angustiflora|Unknown-fungus sp. 1.01029|ymf 1.01029,10.1016/J.BMCL.2016.08.019|10.1016/j.bmcl.2016.08.019|10.1021/ACS.JNATPROD.6B00639|10.1021/acs.jnatprod.6b00639|10.1021/np800034g,Lasiodiplodia theobromae|Lasiodiplodia theobromae ZJ-HQ1|Strychnos angustiflora|Unknown-fungus sp. 1.01029|ymf 1.01029,Polyketides,6.84,7.67,5.29,5.78,5.44,5.23,5.86,5.38,5.13,7.35,7.29,7.67,366.32500000000016,1.9903,2,7,2.0,9.48
CNP0229584.1,O=C(O)C(CC1=CC=C(O)C(O)=C1)OC(O)/C=C/C1=CC(O)C(O)C=C1,,,Shikimates and Phenylpropanoids,,,Clerodendranthus spicatus|Herba dracocephali tangutici|Lycopus lucidus|Mentha canadensis|Mentha haplocalyx|Perilla frutescens var. arguta|Picria felterrae|Rosmarinus officinalis|Salvia przewalskii|Schizonepeta tenuifolia,,Clerodendranthus spicatus|Herba dracocephali tangutici|Lycopus lucidus|Mentha canadensis|Mentha haplocalyx|Perilla frutescens var. arguta|Picria felterrae|Rosmarinus officinalis|Salvia przewalskii|Schizonepeta tenuifolia,Shikimates and Phenylpropanoids,6.34,7.12,5.39,6.71,6.66,5.99,5.83,5.89,5.17,7.94,7.26,7.94,364.3500000000001,0.20269999999999988,6,7,2.0,9.44
CNP0369520.1,O=C1C2=C(C3=NCCC4=CNC1=C34)[C@@]1(C=CN2)C=C(Br)[C@@H](O)[C@@H](Br)C1,epinardin C,Organoheterocyclic compounds,Alkaloids,Tryptophan alkaloids,Pyrroloquinoline alkaloids,unidentified sponge,10.1039/a815113y,unidentified sponge,Alkaloids,6.62,7.76,4.34,7.41,5.72,5.0,5.91,5.71,5.45,6.21,7.26,7.76,465.1450000000001,2.7205000000000004,3,4,2.0,9.44
CNP0298282.1,O=C1C2=C3C(=CC=C2)O[C@]24O[C@]3(OC3=C2C(=C(O)C=C3)[C@@H](O)[C@H]2O[C@H]24)[C@@H]2CCC[C@@]12O,Ymf 1029E,Benzenoids,Polyketides,Naphthalenes,Spirodioxynaphthalenes,Unknown-fungus sp. 1.01029|ymf 1.01029,10.1021/np800034g,Unknown-fungus sp. 1.01029|ymf 1.01029,Polyketides,6.8,7.65,5.32,5.79,5.35,5.13,5.85,5.85,5.1,7.34,7.26,7.65,422.3890000000001,1.7412999999999998,3,8,2.0,9.44
CNP0609715.0,O=C1CCC2C3CC4=CC=C(O)C5=C4C2(CCN3)C1O5,,,Alkaloids,Tyrosine alkaloids,Isoquinoline alkaloids,Rosmarinus officinalis,10.1590/S0101-20612008000200030,Rosmarinus officinalis,Alkaloids,6.92,7.58,5.58,5.69,5.58,5.11,5.82,5.53,5.03,7.28,7.26,7.58,271.316,1.2880999999999998,2,4,2.0,9.44
CNP0132431.0,COC1=CC=CC2=C1C(O)=CC1=C2OC(=O)C(C)=C1,7-O Methyl Neolambertellin,Organoheterocyclic compounds,Polyketides,Naphthalenes,Naphthalenes and derivatives,Coccomyces proteae|Endophytic fungi,10.1016/j.bmcl.2012.07.075,Coccomyces proteae|Endophytic fungi,Polyketides,6.39,7.56,5.07,6.04,5.21,6.01,6.04,5.34,5.23,6.64,6.86,7.56,256.25699999999995,2.968820000000001,1,4,2.5,9.43
CNP0327299.1,C=C(CO)[C@@]12O[C@@H]1[C@@]1(C)C(=CC2=O)[C@H](OC(=O)C(O)(CO)CC(C)CC(C)CC)CC[C@@H]1C,Xylarenone D,Lipids and lipid-like molecules,Terpenoids,Sesquiterpenoids,Eremophilane sesquiterpenoids,Camarops|Camarops sp.|Endophytic fungi,10.1021/NP400825S|10.1021/np1005983|10.1021/np400825s,Camarops|Camarops sp.|Endophytic fungi,Terpenoids,6.64,7.45,4.51,6.45,5.3,5.77,5.46,5.99,5.15,5.81,6.85,7.45,464.59900000000033,2.7154,3,7,2.5,9.42
CNP0106510.1,CC1=CC(O)=C2C(=O)C3=C(C[C@H](O)[C@H](O)[C@@H]3O)C(=O)C2=C1,PLEOSPORONE,Benzenoids,Polyketides,Polycyclic aromatic polyketides,Anthraquinones and anthrones,Anthyllis vulneraria|Phaeosphaeria|Phaeosphaeria sp.|Pleospora|Streptomyces lucensis|Streptomyces lucensis MA-7349|Streptomyces lucensis MA7349|Unknown-fungus endophyte MF7028,10.1016/J.BMC.2008.04.018|10.1016/j.bmc.2008.04.018|10.1021/NP8001833|10.1021/NP8005106|10.1021/np8001833,Anthyllis vulneraria|Phaeosphaeria|Phaeosphaeria sp.|Pleospora|Streptomyces lucensis|Streptomyces lucensis MA-7349|Streptomyces lucensis MA7349|Unknown-fungus endophyte MF7028,Polyketides,6.27,7.59,4.35,5.64,5.35,5.54,5.92,5.2,5.07,6.68,6.85,7.59,290.271,-0.13738000000000006,4,6,2.5,9.42
CNP0389619.0,CC1=CC2=CC(O)=CC(O)=C2C(=O)O1,1204-37-1,Phenylpropanoids and polyketides,Shikimates and Phenylpropanoids,Coumarins,Isocoumarins,Artemisia gilvescens|Aster conspicuus|Aurapex penicillata|Bryophyllum calycinum|Ceratocystis fimbriata|Ceratocystis ips|Ceratocystis minor|Cheilanthes chusana|Clitocybula oculus|Colletotrichum lagenarium|Conoideocrella tenuis|Crotalaria ferruginea|Datura stramonium|Endophytic fungi|Kleinia tomentosa|Melanocarpus albomyces|Murrayella periclados|Oenanthe fistulosa|Papulaspora immersa|Picris evae|Senna didymobotrya|Sorocea ilicifolia|Streptomyces|Streptomyces ANK 302|Streptomyces eurocidicus|Streptomyces microflavus|Streptomyces sp. ANK302|Streptomyces sp. MBT76-1|Torrubiella tenuis BCC12732|Xylariaceae sp. CR1546C|Zanthoxylum parviflorum|torrubiella tenuis bcc 12732,10.1002/cbdv.201000011.|10.1016/0031-9422(96)00166-5|10.1016/S0031-9422(00)94393-0|10.1016/j.bmcl.2012.07.075|10.1021/ACS.JNATPROD.6B00478|10.1021/NP900082H|10.1021/acs.jnatprod.6b00478|10.1021/acschembio.9b00049|10.1021/np900082h|10.1139/V86-149|10.1139/V87-130|10.3184/174751914X14175406270662|10.7164/ANTIBIOTICS.47.541,Artemisia gilvescens|Aster conspicuus|Aurapex penicillata|Bryophyllum calycinum|Ceratocystis fimbriata|Ceratocystis ips|Ceratocystis minor|Cheilanthes chusana|Clitocybula oculus|Colletotrichum lagenarium|Conoideocrella tenuis|Crotalaria ferruginea|Datura stramonium|Endophytic fungi|Kleinia tomentosa|Melanocarpus albomyces|Murrayella periclados|Oenanthe fistulosa|Papulaspora immersa|Picris evae|Senna didymobotrya|Sorocea ilicifolia|Streptomyces|Streptomyces ANK 302|Streptomyces eurocidicus|Streptomyces microflavus|Streptomyces sp. ANK302|Streptomyces sp. MBT76-1|Torrubiella tenuis BCC12732|Xylariaceae sp. CR1546C|Zanthoxylum parviflorum|torrubiella tenuis bcc 12732,Shikimates and Phenylpropanoids,6.4,7.56,4.42,6.33,5.08,5.64,6.01,5.1,4.99,6.6,6.85,7.56,192.16999999999996,1.51262,2,4,2.5,9.42
CNP0517370.0,CC(C)=CCOC1=CC=C(C2=C(CC(C)C)C(=O)NC2=O)C=C1,Antrodin B,Benzenoids,Alkaloids,,,Antrodia camphorata|Antrodia cinnamomea|Antrodia salmonea|Taiwanofungus camphoratus|Taiwanofungus salmoneus,10.1002/JCCS.200800127|10.1021/NP030293K|10.1021/NP070634K|10.1021/np030293k,Antrodia camphorata|Antrodia cinnamomea|Antrodia salmonea|Taiwanofungus camphoratus|Taiwanofungus salmoneus,Alkaloids,6.82,7.63,5.46,6.28,6.0,7.26,5.84,5.74,5.16,5.58,7.24,7.63,313.397,3.487700000000002,1,3,2.0,9.41
CNP0350793.1,CC1(C)[C@@H](O[C@@H]2O[C@H](CO)[C@@H](O)[C@H](O)[C@H]2O)CC[C@]2(C)C3C(=O)C=C4[C@@H]5C[C@@](C)(C(=O)O)CC[C@]5(C)C[C@H](O)[C@@]4(C)[C@]3(C)CC[C@@H]12,,Lipids and lipid-like molecules,Terpenoids,Triterpenoids,Oleanane triterpenoids,Fungi,10.1055/a-0662-0296,Fungi,Terpenoids,6.7,7.57,4.47,7.43,5.15,5.56,5.95,5.53,5.09,5.94,7.23,7.57,648.8340000000002,3.207600000000001,6,9,2.0,9.4
CNP0258772.1,CC1=C[C@H]2C[C@@H](C)CC[C@@H]2[C@@](C)(C(=O)C2=C(O)[C@@H](CO)N(C)C2=O)[C@H]1/C=C/C=C/C[C@@H](C)O,"(2R)-4-[(1R,2S,4aR,6S,8aS)-2-[(1E,3E,6R)-6-hydroxyhepta-1,3-dienyl]-1,3,6-trimethyl-4a,5,6,7,8,8a-hexahydro-2H-naphthalene-1-carbonyl]-3-hydroxy-2-(hydroxymethyl)-1-methyl-2H-pyrrol-5-one",Organoheterocyclic compounds,Amino acids and Peptides,Cyclic polyketides,3-Decalinoyltetramic acids,Endophytic fungal NRRL 50135,10.1021/np500617u,Endophytic fungal NRRL 50135,Amino acids and Peptides,6.79,7.35,5.79,5.85,5.46,4.98,5.59,5.54,5.21,6.35,6.83,7.35,457.6110000000002,3.7186000000000026,3,5,2.5,9.39
CNP0132714.1,CC(C)=CCC[C@@](C)(O)[C@@H]1CC/C(C)=C/CC/C(C)=C/CC2=CC(=CC=C2O)C(=O)O1,"(4S)-15-hydroxy-4-[(2R)-2-hydroxy-6-methylhept-5-en-2-yl]-7,11-dimethyl-3-oxabicyclo[12.3.1]octadeca-1(17),7,11,14(18),15-pentaen-2-one",Benzenoids,Terpenoids,,,macroalgae,10.1016/j.bmcl.2010.08.031,macroalgae,Terpenoids,6.54,7.69,5.34,6.03,5.43,6.05,5.77,5.36,5.19,7.44,7.22,7.69,426.59700000000015,6.424100000000007,2,4,2.0,9.39
CNP0255826.5,O=C1CCCN2[C@@H](CC1)C[C@]13CN4CCCC/C=C\CCC(O)(C=C(C5=NC=CC6=C5NC5=C(O)C=CC=C56)C1CC4)[C@H]23,"(2~{R},4~{S},12~{R},16~{Z})-13-hydroxy-25-(8-hydroxy-9~{H}-pyrido[3,4-b]indol-1-yl)-11,22-diazapentacyclo[11.11.2.1^{2,22}.0^{2,12}.0^{4,11}]heptacosa-16,25-dien-7-one",Alkaloids and derivatives,Alkaloids,Tryptophan alkaloids,Carboline alkaloids,Acanthostrongylophora sp.|sponge sp.|xestospongia ashmorica,10.1021/np020592u|10.1021/np0400095|10.1021/np0601399|10.1021/np9604083,Acanthostrongylophora sp.|sponge sp.|xestospongia ashmorica,Alkaloids,6.8,7.94,5.75,6.04,5.93,5.16,5.96,6.52,5.27,6.93,7.22,7.94,580.7730000000001,5.9644000000000075,3,6,2.0,9.39
CNP0255826.4,O=C1CCCN2[C@@H](CC1)C[C@]13CN4CCCC/C=C\CCC(O)(C=C(C5=NC=CC6=C5NC5=C(O)C=CC=C56)[C@@H]1CC4)[C@H]23,"(1~{R},2~{R},4~{S},12~{R},16~{Z})-13-hydroxy-25-(8-hydroxy-9~{H}-pyrido[3,4-b]indol-1-yl)-11,22-diazapentacyclo[11.11.2.1^{2,22}.0^{2,12}.0^{4,11}]heptacosa-16,25-dien-7-one",Alkaloids and derivatives,Alkaloids,Tryptophan alkaloids,Carboline alkaloids,Indo-Pacific sponge (Unclassified)|Xestospongia,10.1016/0040-4020(95)95723-9|10.1016/0040-4039(88)85091-3|10.1021/acs.jnatprod.9b00577,Indo-Pacific sponge (Unclassified)|Xestospongia,Alkaloids,6.8,7.94,5.75,6.04,5.93,5.16,5.96,6.52,5.27,6.93,7.22,7.94,580.7730000000001,5.9644000000000075,3,6,2.0,9.39
CNP0127092.0,COC(=O)C(O)C(C)OC1=CC=C(C2=C(CC(C)C)C(=O)NC2=O)C=C1,Antrocinnamomin H,Benzenoids,Alkaloids,Tetramate alkaloids,Simple tetramate alkaloids,Antrodia cinnamomea|Antrodia cinnamomea BCRC 36799|Taiwanofungus camphoratus,10.1002/CBDV.201200258|10.1002/cbdv.201200258,Antrodia cinnamomea|Antrodia cinnamomea BCRC 36799|Taiwanofungus camphoratus,Alkaloids,6.85,7.6,5.5,6.14,5.73,7.22,5.94,5.6,5.19,5.66,7.22,7.6,361.39400000000006,1.4438999999999997,2,6,2.0,9.39
CNP0325563.0,CC1=CC=C(O)C(COCC2=CC(C)=CC3=C2OC2=CC=C(C)C=C2C3)=C1,Geoxantether B,Organoheterocyclic compounds,,,,Unknown-fungus sp.,10.1016/j.phytochem.2015.07.009,Unknown-fungus sp.,,6.26,7.18,5.05,5.94,5.29,6.05,6.91,5.44,5.01,7.57,7.22,7.57,360.4530000000001,5.7307600000000045,1,3,2.0,9.39
CNP0336348.1,C=C1C[C@@]23C=CC(=O)[C@@](C)(CCC(=O)NC4=C(O)C=CC(C(=O)O)=C4O)[C@@H]2C[C@@H]1CC3,Platencin,Benzenoids,Terpenoids,Diterpenoids,Platensimycin and Platencins,Streptomyces platensis|Unknown-fungus sp.,10.1016/J.BMC.2010.02.030|10.1016/J.BMCL.2009.06.061|10.1016/j.bmc.2010.02.030|10.1016/j.bmcl.2009.06.061|10.1021/NP100635F|10.1021/np100635f|10.1073/pnas.0700746104,Streptomyces platensis|Unknown-fungus sp.,Terpenoids,6.67,7.48,5.58,5.44,5.91,5.12,5.78,5.38,5.2,7.49,7.21,7.49,425.48100000000017,4.022500000000003,4,5,2.0,9.37
CNP0152596.1,CC(=O)OC[C@H]1O[C@@H](O[C@H]2CC[C@]3(C)C4C(=O)C=C5[C@@H]6C[C@@](C)(C(=O)O)CC[C@]6(C)C[C@H](O)[C@@]5(C)[C@]4(C)CC[C@H]3C2(C)C)[C@H](O)[C@@H](O)[C@@H]1O,,Lipids and lipid-like molecules,Terpenoids,Triterpenoids,Oleanane triterpenoids,Fungi,10.1055/a-0662-0296,Fungi,Terpenoids,6.69,7.55,4.46,7.35,5.15,5.53,5.88,5.52,5.1,5.94,7.2,7.55,690.8710000000003,3.7784000000000035,5,10,2.0,9.36
CNP0320667.1,C[C@@]12CCC[C@]3(C)C4=CC5=C(C=C4C(=O)[C@](O)(OC1)[C@H]23)C(=O)C=CC5=O,Alisiaquinone A,Benzenoids,Polyketides,Diterpenoids,,unidentified sponge,10.1039/b906091j,unidentified sponge,Polyketides,6.74,7.48,4.38,7.39,6.03,5.32,5.88,5.32,5.04,6.0,7.2,7.48,352.3860000000001,2.601000000000001,1,5,2.0,9.36
CNP0350785.1,CC1(C)[C@@H](O)CC[C@]2(C)C3C(=O)C=C4[C@@H]5C[C@@](C)(C(=O)O)CC[C@]5(C)C[C@H](O)[C@@]4(C)[C@]3(C)C(=O)C[C@@H]12,,Lipids and lipid-like molecules,Terpenoids,Triterpenoids,Oleanane triterpenoids,Fungi,10.1055/a-0662-0296,Fungi,Terpenoids,6.72,7.39,4.41,7.46,5.22,5.21,6.02,5.11,5.05,5.96,7.19,7.46,500.6760000000004,4.562400000000004,3,5,2.0,9.35
CNP0323961.1,C[C@@]12CCC[C@]3(C)C4=CC5=C(C=C4C(=O)[C@](O)(OC1)[C@H]23)C(=O)C1=C(NCCS1(=O)=O)C5=O,alisiaquninone C,Benzenoids,Polyketides,Naphthalenes,Naphthoquinones,unidentified sponge,10.1039/b906091j,unidentified sponge,Polyketides,6.71,7.5,4.32,7.37,6.11,5.28,5.73,5.35,5.05,5.89,7.19,7.5,457.50400000000025,1.2743999999999998,2,8,2.0,9.35
CNP0175681.2,CC1(C)CCC(=O)[C@@]2(C)OO[C@@H]3C[C@]12CC[C@@H]3O,STEPEROXIDE A,Organoheterocyclic compounds,Terpenoids,Sesquiterpenoids,Chamigrane sesquiterpenoids,Endophytic fungi|Steccherinum ochraceum,10.1016/J.TETLET.2010.04.048|10.1016/j.tetlet.2010.04.048,Endophytic fungi|Steccherinum ochraceum,Terpenoids,6.99,7.52,4.39,5.9,5.43,4.87,5.88,5.07,5.18,5.89,6.8,7.52,254.32599999999996,1.9958000000000005,1,4,2.5,9.35
CNP0175681.3,CC1(C)CCC(=O)[C@@]2(C)OO[C@H]3C[C@@]12CC[C@H]3O,"Merulin A, (rel)-",Organoheterocyclic compounds,Terpenoids,Sesquiterpenoids,Chamigrane sesquiterpenoids,Endophytic fungi|Talaromyces flavus,10.1021/NP200164K,Endophytic fungi|Talaromyces flavus,Terpenoids,6.99,7.52,4.39,5.9,5.43,4.87,5.88,5.07,5.18,5.89,6.8,7.52,254.32599999999996,1.9958000000000005,1,4,2.5,9.35
CNP0215481.0,C=CC(C)(C)OC1=CC=C(C2=C(CC(C)C)C(=O)N(O)C2=O)C=C1,Antrocinnamomin E,Benzenoids,Alkaloids,,,Antrodia cinnamomea|Antrodia cinnamomea BCRC 36799|Taiwanofungus camphoratus,10.1002/CBDV.201200258|10.1002/cbdv.201200258,Antrodia cinnamomea|Antrodia cinnamomea BCRC 36799|Taiwanofungus camphoratus,Alkaloids,6.73,7.56,5.45,6.56,5.48,7.29,5.7,5.68,5.2,5.39,7.19,7.56,329.396,3.5877000000000017,1,4,2.0,9.35
CNP0299194.1,CC1(C)[C@@H](O)CC[C@]2(C)C3C(=O)C=C4[C@@H]5C[C@@](C)(C(=O)O[C@@H]6C[C@H](CO)[C@@H](O)C(O)[C@H]6O)CC[C@]5(C)CC[C@@]4(C)[C@]3(C)[C@@H](O)C[C@@H]12,,Lipids and lipid-like molecules,Terpenoids,Triterpenoids,Oleanane triterpenoids,Fungi,10.1055/a-0662-0296,Fungi,Terpenoids,6.65,7.52,4.41,7.33,5.14,5.49,6.27,5.36,5.22,6.68,7.18,7.52,646.8620000000001,3.3055000000000003,6,9,2.0,9.33
CNP0171502.1,CC1(C)[C@H]2CC[C@]3(C)[C@H](C(=O)C=C4[C@H]5C[C@@](C)(C(=O)O)CC[C@]5(CO)CC[C@]43C)[C@@]2(C)CC[C@@H]1O,,Lipids and lipid-like molecules,Terpenoids,Triterpenoids,Oleanane triterpenoids,Breynia vitis-idaea|Callitropsis funebris|Colubrina retusa|Helenium argentinum|Melochia chamaedrys|Osmites hirsuta|Parazoanthus gracilis|Plocamium corallorhiza|Pseudopterogorgia rigida|Simplicillium lamellicola|Vernonanthura squamulosa|Vinca herbacea,,Breynia vitis-idaea|Callitropsis funebris|Colubrina retusa|Helenium argentinum|Melochia chamaedrys|Osmites hirsuta|Parazoanthus gracilis|Plocamium corallorhiza|Pseudopterogorgia rigida|Simplicillium lamellicola|Vernonanthura squamulosa|Vinca herbacea,Terpenoids,6.63,7.49,4.19,7.41,5.04,5.31,5.96,5.39,5.09,5.97,7.18,7.49,486.69300000000044,5.385000000000006,3,4,2.0,9.33
CNP0350782.1,CC1(C)[C@@H](O)CC[C@]2(C)C3C(=O)C=C4[C@@H]5C[C@@](C)(C(=O)O)CC[C@]5(C)CC[C@@]4(C)[C@]3(C)C(=O)C[C@@H]12,,Lipids and lipid-like molecules,Terpenoids,Triterpenoids,Oleanane triterpenoids,Fungi,10.1055/a-0662-0296,Fungi,Terpenoids,6.67,7.43,4.4,7.45,5.24,5.21,6.04,5.35,5.07,5.84,7.18,7.45,484.6770000000004,5.591600000000006,2,4,2.0,9.33
CNP0283287.1,CC(=O)O[C@@H]1CC(=O)C2=C3C(=CC=C2)O[C@]24O[C@@]31OC1=C2C(=C(O)C=C1)C(=O)[C@H]1O[C@H]14,Preussomerin J,Benzenoids,Polyketides,Naphthalenes,Spirodioxynaphthalenes,Unknown-fungus sterila,10.1016/s0040-4020(01)00320-9,Unknown-fungus sterila,Polyketides,6.61,7.62,5.36,5.7,5.47,5.49,6.24,5.27,5.01,7.31,7.18,7.62,422.3450000000002,1.6811999999999998,1,9,2.0,9.33
CNP0106294.1,COC1=CC(=O)C2=CC3=C(C=C2C1=O)C(=O)[C@]1(O)OC[C@@]2(C)CCC[C@@]3(C)[C@@H]21,Alisiaquinone B,Benzenoids,Polyketides,Diterpenoids,Podocarpane diterpenoids,unidentified sponge,10.1039/b906091j,unidentified sponge,Polyketides,6.67,7.44,4.34,7.41,6.03,5.54,5.84,5.4,5.07,5.09,7.17,7.44,382.41200000000026,2.575100000000001,1,6,2.0,9.32
CNP0205568.2,O=C1C[C@@H](O)[C@]23OC4=C5C(=C(O)C=C4)[C@@H](O)[C@H]4O[C@H]4[C@@]5(OC4=CC=CC1=C42)O3,Ymf 1029C,Benzenoids,Polyketides,Naphthalenes,Spirodioxynaphthalenes,Unknown-fungus sp. 1.01029|ymf 1.01029,10.1021/np800034g,Unknown-fungus sp. 1.01029|ymf 1.01029,Polyketides,6.59,7.66,5.26,5.73,5.51,5.19,5.84,5.22,5.05,7.25,7.17,7.66,382.3240000000002,0.9610999999999996,3,8,2.0,9.32
CNP0324395.0,CC(C)=CCOC1=CC=C(C2=C(CC(C)C)C(=O)OC2=O)C=C1,Antrodin A,Benzenoids,Shikimates and Phenylpropanoids,,,Antrodia camphorata|Antrodia cinnamomea|Taiwanofungus camphoratus|antrodia cinnamomea,10.1021/JF801171X|10.1021/NP030293K|10.1021/NP070634K|10.1021/np030293k,Antrodia camphorata|Antrodia cinnamomea|Taiwanofungus camphoratus|antrodia cinnamomea,Shikimates and Phenylpropanoids,6.5,7.63,5.48,6.6,5.87,7.29,5.87,5.65,5.09,5.54,7.17,7.63,314.38100000000003,3.9147000000000025,0,4,2.0,9.32
CNP0293968.1,O=C1C2=CC=CC3=C2[C@]2(O[C@@]4(O3)C3=C2C=CC(O)=C3C(O)[C@H]2O[C@H]24)[C@@H]2O[C@H]12,Spiroxin D,Organoheterocyclic compounds,Polyketides,Naphthalenes,Spirodioxynaphthalenes,Unknown-fungus sp. strain LL-37H248|unidentified fungus,10.1016/s0040-4039(99)00242-7|10.1039/b006897g,Unknown-fungus sp. strain LL-37H248|unidentified fungus,Polyketides,6.48,7.54,5.31,5.77,5.48,5.28,6.3,5.21,5.07,7.46,7.16,7.54,364.309,0.9893000000000001,2,7,2.0,9.31
CNP0223893.1,CC1(C)[C@@H](O[C@@H]2O[C@H](CO)[C@@H](O)[C@H](O)[C@H]2O)CC[C@]2(C)C3C(=O)C=C4[C@@H]5C[C@@](C)(C(=O)O)CC[C@]5(C)CC[C@@]4(C)[C@]3(C)[C@@H](O)C[C@@H]12,,Lipids and lipid-like molecules,Terpenoids,Triterpenoids,Oleanane triterpenoids,Fungi,10.1055/a-0662-0296,Fungi,Terpenoids,6.61,7.54,4.41,7.32,5.21,5.49,6.28,5.63,5.1,6.01,7.16,7.54,648.8340000000002,3.2076000000000002,6,9,2.0,9.31
CNP0242101.1,O=C1C=C(C2=CC=C(O)C3=C2C(=O)C2OC2[C@H]3O)C2=CC=CC(O)=C2C1=O,Mycochrysone,Benzenoids,Polyketides,Naphthalenes,Bisnaphthalenes,Unknown-fungus sp. 1252,10.1139/v59-099,Unknown-fungus sp. 1252,Polyketides,6.2,7.9,5.56,5.95,5.55,5.31,5.86,5.18,5.05,7.38,7.16,7.9,364.3090000000001,1.292,3,7,2.0,9.31
CNP0277984.2,O=C(/C=C\C1=CC=C(O)C(O)=C1)OC1=CC=C(CC(O)C(=O)O)C=C1O,,,Shikimates and Phenylpropanoids,Phenylpropanoids (C6-C3),Cinnamic acids and derivatives,Agaricus campestris|Apis cerana|Rosmarinus officinalis,,Agaricus campestris|Apis cerana|Rosmarinus officinalis,Shikimates and Phenylpropanoids,6.07,7.1,5.2,6.43,5.36,6.27,5.97,5.6,5.27,7.95,7.16,7.95,360.31800000000004,1.4101999999999995,5,7,2.0,9.31
CNP0241077.0,COC(=O)C(O)COC1=CC=C(C2=C(CC(C)C)C(=O)NC2=O)C=C1,Antrocinnamomin G,Benzenoids,Alkaloids,Tetramate alkaloids,,Antrodia cinnamomea|Antrodia cinnamomea BCRC 36799|Taiwanofungus camphoratus,10.1002/CBDV.201200258|10.1002/cbdv.201200258,Antrodia cinnamomea|Antrodia cinnamomea BCRC 36799|Taiwanofungus camphoratus,Alkaloids,6.61,7.62,5.55,6.13,5.78,7.21,6.03,6.17,5.17,5.67,7.15,7.62,347.3670000000001,1.0553999999999997,2,6,2.0,9.3
CNP0072795.0,CC(C)=CCC1=CC=C(O)C(C2OC(=O)C3=C(O)C=C(C)C=C32)=C1O,Ascomfuran C,Organoheterocyclic compounds,Polyketides,Cyclic polyketides,Phthalide derivatives,Unknown-fungus sp. SK2YWS-L|unidentified species of Phylum Ascomycota,10.1016/j.tet.2017.12.057|10.1039/c9np00069k,Unknown-fungus sp. SK2YWS-L|unidentified species of Phylum Ascomycota,Polyketides,6.28,7.72,5.49,5.7,5.48,5.33,5.67,5.76,5.09,7.45,7.15,7.72,340.37500000000006,3.8803200000000024,3,5,2.0,9.3
CNP0217001.0,COC1=CC2=C(C=C1CCC(C)=O)OC1=C(OC)C=CC(O)=C1C2=O,"1-hydroxy-4,7-dimethoxy-6-(3-oxobutyl)-9h-xanthen-9-one",Organoheterocyclic compounds,Shikimates and Phenylpropanoids,Xanthones,Plant xanthones,Unknown-fungus sp.,10.1002/mrc.2539,Unknown-fungus sp.,Shikimates and Phenylpropanoids,6.34,7.68,4.98,5.73,5.19,6.05,5.97,5.51,5.09,7.43,7.15,7.68,342.34700000000004,3.190600000000002,1,6,2.0,9.3
CNP0114522.0,CC(C)CC1=C(C2=CC=C(O)C=C2)C(=O)NC1=O,"3-(4-hydroxyphenyl)-4-isobutyl-1h-pyrrole-2,5-dione",Benzenoids,Alkaloids,Tetramate alkaloids,,Antrodia salmonea|Taiwanofungus camphoratus|Taiwanofungus salmoneus,10.1002/JCCS.200800127|10.1002/jccs.200800127|10.1021/JF801171X,Antrodia salmonea|Taiwanofungus camphoratus|Taiwanofungus salmoneus,Alkaloids,6.8,7.61,5.34,6.27,5.4,7.03,5.74,5.4,5.22,6.42,7.15,7.61,245.278,1.8482999999999994,2,3,2.0,9.3
CNP0113295.0,COC1=C(O)C=CC2=C1C(=O)C1=CC=CC=C1C2=O,Alizarin 1-methyl ether,Benzenoids,Polyketides,Polycyclic aromatic polyketides,Anthraquinones and anthrones,Alangium platanifolium|Alternanthera philoxeroides|Asperula odora|Chara corallina|Cinchona pubescens|Conocybe siliginea|Croton penduliflorus|Damnacanthus indicus|Damnacanthus major|Euphorbia ingens|Galium aparine|Galium sinaicum|Galium spurium|Galium verum|Gynochthodes officinalis|Gynochthodes parvifolia|Hedyotis Capitellata|Hedyotis capitellata|Litsea konishii|Lychnophora columnaris|Monilinia fructigena|Morinda Citrifolia|Morinda citrifolia|Morinda citrifolia L.|Morinda elliptica|Morinda longiflora|Morinda lucida|Morinda parvifolia|Morinda umbellata|Oldenlandia umbellata|Ophelia bicornis|Perna viridis|Plocama pendula|Populus tomentosa|Proclema pendula|Pulveroboletus retipes|Rubia tinctorum|Rubia wallichiana|Scleromitrion diffusum|Siphonaria funiculata|Solanum curtipes|Stachys recta|Sweet Woodruff|Vepris louisii,10.1002/CBDV.200800047|10.1002/CHIN.200403232|10.1016/0031-9422(91)83077-X|10.1016/0031-9422(93)85131-A|10.1016/0031-9422(94)00579-I|10.1016/0031-9422(95)00145-W|10.1016/0040-4020(73)80244-3|10.1016/J.PHYTOCHEM.2005.02.023|10.1016/S0031-9422(00)83480-9|10.1016/S0031-9422(00)98557-1|10.1016/S0031-9422(97)00252-5|10.1016/j.fitote.2011.02.008|10.1021/NP050383K|10.1021/NP070501Z|10.1021/NP50020A017|10.1021/np50020a017|10.1039/C39720000405|10.1039/CT9079101907|10.1039/J39680000854|10.1039/J39680002437|10.1039/J39710002001|10.1055/S-2007-969609|10.1055/s-2007-967115|10.1076/1388-0209(200009)38:4;1-A;FT298|10.1080/10826079308020963|10.1080/14786410802696635|10.1248/BPB.31.1075|10.1248/CPB.43.1462|10.1248/CPB.51.948|10.1248/CPB.53.1597|10.1248/cpb.53.1597|10.3109/13880209509055208|10.3390/MOLECULES14010573|10.3390/MOLECULES14062049,Alangium platanifolium|Alternanthera philoxeroides|Asperula odora|Chara corallina|Cinchona pubescens|Conocybe siliginea|Croton penduliflorus|Damnacanthus indicus|Damnacanthus major|Euphorbia ingens|Galium aparine|Galium sinaicum|Galium spurium|Galium verum|Gynochthodes officinalis|Gynochthodes parvifolia|Hedyotis Capitellata|Hedyotis capitellata|Litsea konishii|Lychnophora columnaris|Monilinia fructigena|Morinda Citrifolia|Morinda citrifolia|Morinda citrifolia L.|Morinda elliptica|Morinda longiflora|Morinda lucida|Morinda parvifolia|Morinda umbellata|Oldenlandia umbellata|Ophelia bicornis|Perna viridis|Plocama pendula|Populus tomentosa|Proclema pendula|Pulveroboletus retipes|Rubia tinctorum|Rubia wallichiana|Scleromitrion diffusum|Siphonaria funiculata|Solanum curtipes|Stachys recta|Sweet Woodruff|Vepris louisii,Polyketides,6.48,7.59,5.61,6.09,5.29,6.05,5.67,5.42,5.08,7.38,7.15,7.59,254.24099999999996,2.1761999999999997,1,4,2.0,9.3
CNP0312878.0,CC(C)=CCOC1=CC=C(C2=C(CC(C)C)C(=O)N(O)C2=O)C=C1,"3-Isobutyl-4-[4-(3-methyl-2-butenyloxy)phenyl]-1H-pyrrol-1-ol-2,5-dione",Benzenoids,Alkaloids,,,Antrodia camphorata|Antrodia cinnamomea|Taiwanofungus camphoratus|antrodia cinnamomea,10.1021/NP030293K|10.1021/NP070634K|10.1021/np030293k|10.1021/np070634k|10.1080/14786410903132563,Antrodia camphorata|Antrodia cinnamomea|Taiwanofungus camphoratus|antrodia cinnamomea,Alkaloids,6.55,7.59,5.51,6.19,5.87,7.29,5.85,5.76,5.17,5.62,7.14,7.59,329.396,3.5893000000000015,1,4,2.0,9.28
CNP0178201.1,O=C1C2=C(O)C=CC3=C2[C@@]2(OC4=CC=CC5=C4[C@]3(O2)[C@@H]2O[C@@H]2C5=O)[C@@H]2O[C@H]12,Spiroxin C,Organoheterocyclic compounds,Polyketides,Naphthalenes,Spirodioxynaphthalenes,Unknown-fungus sp. strain LL-37H248|unidentified fungus,10.1016/s0040-4039(99)00242-7|10.1039/b006897g,Unknown-fungus sp. strain LL-37H248|unidentified fungus,Polyketides,6.47,7.55,5.48,5.75,5.53,5.29,6.3,5.2,5.06,7.41,7.14,7.55,362.29300000000006,1.1386,1,7,2.0,9.28
CNP0198996.1,C1=C(C2=NC=CC3=C2NC2=CC=CC=C23)[C@@H]2CCN3CCCC/C=C\CC[C@]14O[C@@]15/C=C\CCCCN1[C@@H]4[C@]2(C3)C5,"12,34-OXAMANZAMINE A",Alkaloids and derivatives,Alkaloids,Tryptophan alkaloids,Carboline alkaloids,Acanthostrongylophora sp.|sponge sp.|unidentified species of Family Petrosiidae,10.1039/b305250h,Acanthostrongylophora sp.|sponge sp.|unidentified species of Family Petrosiidae,Alkaloids,6.88,7.93,5.71,6.02,5.91,5.15,5.26,6.52,5.29,6.61,7.14,7.93,546.7590000000004,7.221400000000008,1,4,2.0,9.28
CNP0117863.1,CCOC(=O)CC[C@@H](C)[C@H]1CC(=O)[C@@]2(C)C3=C(C(=O)C[C@]12C)[C@@]1(C)CCC(=O)C(C)(C)[C@@H]1CC3=O,Ethyl Lucidenate F,Lipids and lipid-like molecules,Terpenoids,Triterpenoids,"Lanostane, Tirucallane and Euphane triterpenoids",Antrodia camphorata|Taiwanofungus camphoratus,10.1021/NP300443P|10.1021/np300443p,Antrodia camphorata|Taiwanofungus camphoratus,Terpenoids,7.02,7.62,4.41,6.01,5.37,5.45,5.61,5.22,5.05,6.74,7.13,7.62,484.6330000000004,4.821200000000005,0,6,2.0,9.27
CNP0265119.0,CC(=O)ON1C(=O)C(CC(C)C)=C(C2=CC=C(OCC=C(C)C)C=C2)C1=O,Antrocinnamomin A,Benzenoids,Alkaloids,,,Antrodia cinnamomea|Antrodia cinnamomea (BCRC 36799)|Taiwanofungus camphoratus|antrodia cinnamomea,10.1021/NP070634K|10.1021/np070634k,Antrodia cinnamomea|Antrodia cinnamomea (BCRC 36799)|Taiwanofungus camphoratus|antrodia cinnamomea,Alkaloids,6.54,7.59,5.54,6.2,5.91,7.27,5.91,5.6,5.17,5.43,7.13,7.59,371.43300000000016,3.678200000000003,0,5,2.0,9.27
CNP0425326.1,CC[C@H](C)C1=C(C2=CC=C(OCC=C(C)C)C=C2)C(=O)N(OC(C)=O)C1=O,,Benzenoids,Alkaloids,,,Antrodia cinnamomea|Antrodia cinnamomea BCRC 36799|Taiwanofungus camphoratus,10.1021/NP070634K,Antrodia cinnamomea|Antrodia cinnamomea BCRC 36799|Taiwanofungus camphoratus,Alkaloids,6.54,7.62,5.56,6.01,6.02,7.23,5.88,5.6,5.17,5.39,7.13,7.62,371.4330000000001,3.678200000000002,0,5,2.0,9.27
CNP0350788.1,CC(=O)OC[C@H]1O[C@@H](O[C@H]2CC[C@]3(C)C4C(=O)C=C5[C@@H]6C[C@@](C)(C(=O)O)CC[C@]6(C)CC[C@@]5(C)[C@]4(C)[C@@H](O)C[C@H]3C2(C)C)[C@H](O)[C@@H](O)[C@@H]1O,,Lipids and lipid-like molecules,Terpenoids,Triterpenoids,Oleanane triterpenoids,Fungi,10.1055/a-0662-0296,Fungi,Terpenoids,6.6,7.52,4.41,7.25,5.24,5.47,6.23,5.65,5.11,6.01,7.12,7.52,690.8710000000005,3.7784000000000035,5,10,2.0,9.26
CNP0425308.1,CC[C@H](C)C1=C(C2=CC=C(OCC=C(C)C)C=C2)C(=O)O[C@@H]1O,,Benzenoids,Shikimates and Phenylpropanoids,,,Antrodia cinnamomea|Antrodia cinnamomea BCRC 36799|Taiwanofungus camphoratus,10.1021/NP070634K,Antrodia cinnamomea|Antrodia cinnamomea BCRC 36799|Taiwanofungus camphoratus,Shikimates and Phenylpropanoids,6.5,7.64,5.59,6.14,5.88,7.22,5.74,5.65,5.07,5.54,7.12,7.64,316.397,3.7065000000000032,1,4,2.0,9.26
CNP0116679.0,C=CC(C)(C)C1=CC=C(C2=C(CC(C)C)C(=O)N(O)C2=O)C=C1O,Antrocinnamomin F,Benzenoids,Alkaloids,,,Antrodia cinnamomea|Antrodia cinnamomea BCRC 36799|Taiwanofungus camphoratus,10.1002/CBDV.201200258|10.1002/cbdv.201200258,Antrodia cinnamomea|Antrodia cinnamomea BCRC 36799|Taiwanofungus camphoratus,Alkaloids,6.69,7.58,5.35,6.51,5.25,7.08,5.88,5.96,5.25,6.55,7.12,7.58,329.396,3.413500000000002,2,4,2.0,9.26
CNP0217084.3,O=C1CCCN2[C@@H](CC1)C[C@]13CN4CCCC/C=C\CCC(O)(C=C(C5=NC=CC6=C5NC5=CC=CC=C56)C1CC4)[C@H]23,"(2~{R},4~{S},12~{R},16~{Z})-13-hydroxy-25-(9~{H}-pyrido[3,4-b]indol-1-yl)-11,22-diazapentacyclo[11.11.2.1^{2,22}.0^{2,12}.0^{4,11}]heptacosa-16,25-dien-7-one",Alkaloids and derivatives,Alkaloids,Tryptophan alkaloids,Carboline alkaloids,Acanthostrongylophora sp.|sponge sp.|xestospongia ashmorica,10.1021/np020592u|10.1021/np0400095|10.1021/np0601399|10.1021/np9604083,Acanthostrongylophora sp.|sponge sp.|xestospongia ashmorica,Alkaloids,6.85,7.93,5.79,5.99,5.87,5.16,6.0,6.57,5.29,6.08,7.12,7.93,564.7740000000001,6.258800000000008,2,5,2.0,9.26
CNP0307693.2,CC1=CC(=O)C(C2=C(O)C=C(/C=C/C3=CC=C(O)C(O)=C3)OC2=O)C(C2=CC=C(O)C(O)=C2)O1,,,Shikimates and Phenylpropanoids,Styrylpyrones,Kavalactones and derivatives,Fungi,10.1038/bjp.2008.136,Fungi,Shikimates and Phenylpropanoids,6.3,7.46,5.4,5.68,5.19,5.41,6.16,5.36,5.16,7.59,7.12,7.59,464.4260000000002,3.6662000000000035,5,9,2.0,9.26
CNP0584302.2,CC1=C[C@H]2C[C@@H](C)CC[C@@H]2[C@@](C)(C(=O)C2=C(O)[C@@H](CO)N=C2O)[C@H]1/C=C/C=C/C[C@@H](C)O,"[(1R,2S,4aR,6S,8aS)-2-[(1E,3E,6R)-6-hydroxyhepta-1,3-dienyl]-1,3,6-trimethyl-4a,5,6,7,8,8a-hexahydro-2H-naphthalen-1-yl]-[(2R)-3,5-dihydroxy-2-(hydroxymethyl)-2H-pyrrol-4-yl]methanone",Organic acids and derivatives,Amino acids and Peptides,Cyclic polyketides,3-Decalinoyltetramic acids,Endophytic fungal NRRL 50135,,Endophytic fungal NRRL 50135,Amino acids and Peptides,6.12,7.02,5.71,5.88,5.43,5.14,5.72,5.5,5.18,7.04,6.73,7.04,443.5840000000002,4.216700000000003,4,5,2.5,9.25
CNP0160667.0,COC(=O)C1=C(C2=CC=CN2)C2=CC=CC=C2C(=O)N1,920020-07-1,Organoheterocyclic compounds,Alkaloids,,,mangrove endophytic fungi strain Nos.3893 + mangrove endophytic fungi strain Nos.1924,,mangrove endophytic fungi strain Nos.3893 + mangrove endophytic fungi strain Nos.1924,Alkaloids,6.39,7.6,5.45,5.74,5.65,5.79,6.19,5.3,5.07,5.64,6.73,7.6,268.272,2.3098,2,3,2.5,9.25
CNP0584302.1,CC1=C[C@@H]2C[C@@H](C)CC[C@@H]2[C@@](C)(C(=O)C2=C(O)[C@@H](CO)N=C2O)[C@@H]1/C=C/C=C/C[C@@H](C)O,"[(1R,2R,4aS,6S,8aS)-2-[(1E,3E,6R)-6-hydroxyhepta-1,3-dienyl]-1,3,6-trimethyl-4a,5,6,7,8,8a-hexahydro-2H-naphthalen-1-yl]-[(2R)-3,5-dihydroxy-2-(hydroxymethyl)-2H-pyrrol-4-yl]methanone",Organic acids and derivatives,Amino acids and Peptides,Cyclic polyketides,3-Decalinoyltetramic acids,Endophytic fungal NRRL 50135,10.1021/np500617u,Endophytic fungal NRRL 50135,Amino acids and Peptides,6.12,7.02,5.71,5.88,5.43,5.14,5.72,5.5,5.18,7.04,6.73,7.04,443.5840000000002,4.216700000000003,4,5,2.5,9.25
CNP0276648.0,COC1=C(O)C=CC2=C1OC1=C(CC=C(C)C)C(O)=CC(O)=C1C(=O)O2,,Phenylpropanoids and polyketides,Polyketides,Aromatic polyketides,Depsidones,Garcinia corallina|Garcinia neglecta|Garcinia puat,10.1021/NP000333+,Garcinia corallina|Garcinia neglecta|Garcinia puat,Polyketides,6.32,7.61,5.26,6.16,5.69,6.24,5.78,5.57,5.31,7.39,7.11,7.61,358.34600000000006,3.645600000000002,3,7,2.0,9.24
CNP0414254.0,O=C(O)C1=CC=C(O)C(Br)=C1,3-Bromo-4-hydroxybenzoic acid,Benzenoids,Shikimates and Phenylpropanoids,Phenolic acids (C6-C1),Simple phenolic acids,Leathesia marina|Leathesia nana,10.1021/NP0400609|10.1021/np0400609|10.1080/10286020310001653273,Leathesia marina|Leathesia nana,Shikimates and Phenylpropanoids,5.92,7.0,5.32,5.62,5.66,5.96,6.44,5.23,5.66,7.88,7.11,7.88,217.01799999999997,1.8528999999999998,2,2,2.0,9.24
CNP0137949.0,O=C(O)C1=C(C2=CC=CN2)NC2=CC=CC=C2C1=O,Penicinoline,Organoheterocyclic compounds,Alkaloids,Anthranilic acid alkaloids,Acridone alkaloids,Penicillium citrinum|Penicillium sp.|mangrove endophytic fungi strain Nos.3893 + mangrove endophytic fungi strain Nos.1924,10.1016/j.bmcl.2010.04.043|10.1021/NP4001366|10.1021/np4001366|10.1039/c2np00090c,Penicillium citrinum|Penicillium sp.|mangrove endophytic fungi strain Nos.3893 + mangrove endophytic fungi strain Nos.1924,Alkaloids,6.41,7.68,5.4,5.62,5.8,5.47,6.06,5.08,5.2,5.82,6.72,7.68,254.245,2.2214,3,2,2.5,9.24
CNP0598336.0,O=C1N=C(NO)C(C2=CC=C(O)C([N+](=O)[O-])=C2)=C1C1=CC=C(O)C([N+](=O)[O-])=C1,"5-(hydroxyamino)-3,4-bis(4-hydroxy-3-nitrophenyl)pyrrol-2-one",Phenylpropanoids and polyketides,Alkaloids,Ornithine alkaloids,Pyrrolidine alkaloids,Marine Bacteria (Unclassified),10.1021/acs.jnatprod.6b00235,Marine Bacteria (Unclassified),Alkaloids,6.5,7.52,5.41,5.71,5.49,6.04,6.23,6.02,5.15,7.31,7.11,7.52,386.2760000000001,1.7424999999999997,4,9,2.0,9.24
CNP0110723.1,CC(C)=CCOC1=CC=C(C2=C(CC(C)C)[C@@H](O)OC2=O)C=C1,Antrocinnamomin D,Benzenoids,Shikimates and Phenylpropanoids,,,Antrodia cinnamomea|Taiwanofungus camphoratus,10.1021/NP070634K,Antrodia cinnamomea|Taiwanofungus camphoratus,Shikimates and Phenylpropanoids,6.5,7.6,5.59,6.3,5.91,7.22,5.73,5.68,5.07,5.55,7.11,7.6,316.39700000000005,3.706500000000003,1,4,2.0,9.24
CNP0191967.1,C=C(CO)[C@@]12O[C@@H]1[C@@]1(C)C(=CC2=O)[C@H](OC(=O)C(C)CC(C)CC(C)CC)CC[C@@H]1C,"Xylarenone C, (rel)-",Lipids and lipid-like molecules,Terpenoids,Sesquiterpenoids,Eremophilane sesquiterpenoids,Camarops|Camarops sp.|Endophytic fungi,10.1021/NP400825S|10.1021/np1005983|10.1021/np400825s,Camarops|Camarops sp.|Endophytic fungi,Terpenoids,6.6,7.43,4.24,6.14,5.21,5.94,5.47,5.59,5.16,5.81,6.72,7.43,432.60100000000034,4.628100000000004,1,5,2.5,9.24
CNP0487566.1,CC(=O)[C@H]1[C@@H]2C=C[C@@H]3[C@H]4C/C=C\C(O)=N\CCC[C@H]5C(O)=C(C(=O)/C=C/[C@@H]4C[C@@H]3[C@H]2C[C@H]1C)C(=O)N5C,"(3~{E},5~{S},7~{R},8~{R},10~{R},11~{R},12~{R},15~{R},16~{S},18~{Z},20~{Z},25~{S})-11-acetyl-20,28-dihydroxy-10,26-dimethyl-21,26-diazapentacyclo[23.2.1.0^{5,16}.0^{7,15}.0^{8,12}]octacosa-1(28),3,13,18,20-pentaene-2,27-dione",Lipids and lipid-like molecules,Amino acids and Peptides,Macrolides,Macrocyclic tetramic acids,Marine Bacteria (Unclassified),,Marine Bacteria (Unclassified),Amino acids and Peptides,6.39,7.51,4.6,5.38,5.47,5.39,5.86,6.93,5.11,6.89,7.11,7.51,506.64300000000026,4.376700000000003,2,5,2.0,9.24
CNP0394232.0,COC1=CC(O)=C2C(=O)C3=C(C(C)=O)C(O)=CC=C3C(=O)C2=C1O,"5-acetyl-2-methoxy-1,4,6-trihydroxy-anthraquinone",Benzenoids,Polyketides,Polycyclic aromatic polyketides,Anthraquinones and anthrones,Fusarium|Fusarium sp.|unidentified fungus,10.1039/c2np00090c|10.1080/14786410902836701,Fusarium|Fusarium sp.|unidentified fungus,Polyketides,6.34,7.56,5.51,5.77,5.26,6.29,5.9,5.61,5.13,7.42,7.11,7.56,328.27600000000007,1.7899999999999996,3,7,2.0,9.24
CNP0488703.0,O=C1N=C(NO)C(C2=CC=C(O)C([N+](=O)[O-])=C2)=C1C1=CC=CC=C1,5-(hydroxyamino)-4-(4-hydroxy-3-nitrophenyl)-3-phenylpyrrol-2-one,Phenylpropanoids and polyketides,Alkaloids,,,Marine Bacteria (Unclassified),,Marine Bacteria (Unclassified),Alkaloids,6.48,7.53,5.63,5.77,5.62,6.02,6.32,6.08,5.14,7.32,7.11,7.53,325.28000000000003,2.1287000000000003,3,6,2.0,9.24
CNP0243954.1,O=C1C2=C(O)C=CC3=C2[C@@]2(OC4=CC=CC5=C4[C@](O3)(O2)[C@H](O)C[C@@H]5O)[C@@H]2O[C@H]12,Ymf 1029B,Benzenoids,Polyketides,Naphthalenes,Spirodioxynaphthalenes,Unknown-fungus sp. 1.01029|ymf 1.01029,10.1021/np800034g,Unknown-fungus sp. 1.01029|ymf 1.01029,Polyketides,6.38,7.68,5.5,5.4,5.43,5.21,6.28,5.15,5.04,7.27,7.11,7.68,382.32400000000007,0.9610999999999994,3,8,2.0,9.24
CNP0219390.1,O=C1C2=C(O)C(Cl)=CC3=C2[C@@]2(OC4=CC=C(O)C5=C4[C@]3(O2)[C@@H]2O[C@@H]2C5=O)[C@@H]2O[C@H]12,Spiroxin A,Organoheterocyclic compounds,Polyketides,Naphthalenes,Spirodioxynaphthalenes,Unknown-fungus sp. strain LL-37H248|unidentified fungus,10.1016/s0040-4039(99)00242-7|10.1039/b006897g,Unknown-fungus sp. strain LL-37H248|unidentified fungus,Polyketides,6.3,7.57,6.37,5.87,5.49,5.46,6.43,5.21,5.1,7.33,7.11,7.57,412.7370000000002,1.4975999999999998,2,8,2.0,9.24
CNP0541301.0,O=C1N=C(NO)C(C2=CC=CC=C2)=C1C1=CC=C(O)C([N+](=O)[O-])=C1,5-(hydroxyamino)-3-(4-hydroxy-3-nitrophenyl)-4-phenylpyrrol-2-one,Phenylpropanoids and polyketides,Alkaloids,,,Marine Bacteria (Unclassified),10.1021/acs.jnatprod.6b00235,Marine Bacteria (Unclassified),Alkaloids,6.48,7.53,5.63,5.77,5.62,6.02,6.32,6.08,5.14,7.32,7.11,7.53,325.2800000000001,2.1287000000000003,3,6,2.0,9.24
CNP0355030.1,CC1(C)[C@@H](Br)CC[C@@]2(C)OC3=CC(Br)=C(O)C=C3C[C@@H]12,Cymobarbatol,Organoheterocyclic compounds,Terpenoids,Sesquiterpenoids,Laurane sesquiterpenoids,Cymopolia barbata|Natural products|Unknown-fungus sp.,10.1016/0031-9422(92)80424-D|10.1016/0031-9422(92)80424-d|10.1021/NP50065A028|10.1021/NP50089A002|10.1021/np50065a028|10.1021/np50089a002|10.1039/np9910800097,Cymopolia barbata|Natural products|Unknown-fungus sp.,Terpenoids,6.27,6.96,4.39,7.3,5.22,5.34,6.23,6.6,5.21,7.03,7.1,7.3,404.14200000000005,5.0480000000000045,1,2,2.0,9.23
CNP0102341.1,CC(C)C1=CC2=C(C(O)=C1O)[C@@]13CCCC(C)(C)[C@@H]1[C@H](CC3=O)[C@H]2O,AKOS037515259,Lipids and lipid-like molecules,Terpenoids,Diterpenoids,Abietane diterpenoids,Hypis dilatata|Perovskia scrophularifolia|Rosmarinus officinalis|Rosmarinus officinalis L.|Salvia officinalis|Salvia pachyphylla,10.1016/J.PHYTOCHEM.2005.04.041|10.1016/S0031-9422(01)00341-7|10.1021/NP060279I,Hypis dilatata|Perovskia scrophularifolia|Rosmarinus officinalis|Rosmarinus officinalis L.|Salvia officinalis|Salvia pachyphylla,Terpenoids,7.06,7.48,4.36,6.13,5.25,5.22,5.66,5.22,5.1,6.75,7.1,7.48,344.451,3.9213000000000044,3,4,2.0,9.23
CNP0106795.1,CC1=CCC[C@H]2[C@](C)(CC3=C(O)C(=O)C=C(N[C@H](C(=O)O)C(C)C)C3=O)[C@@H](C)CC[C@]12C,nakijiquinone B,Organic acids and derivatives,Terpenoids,Diterpenoids,Colensane and Clerodane diterpenoids,unidentified sponge,10.1039/np9961300075,unidentified sponge,Terpenoids,7.04,7.55,4.35,6.01,5.52,5.12,5.91,5.37,5.24,6.71,7.1,7.55,443.58400000000034,4.721900000000004,3,5,2.0,9.23
CNP0289238.2,CC1=CC2=C(C(=O)[C@H](O)[C@]3(C)CC[C@H](C(C)C)[C@H]23)C(O)=C1Br,10-epi-hamigeran K,Benzenoids,Terpenoids,Sesquiterpenoids,Hamigerane sesquiterpenoids,Hamigera tarangaensis|Unknown-fungus sp.,10.1039/c4np00144c|10.1099/ijs.0.057562-0,Hamigera tarangaensis|Unknown-fungus sp.,Terpenoids,7.03,7.52,4.39,6.02,5.19,5.1,5.57,5.37,5.39,6.74,7.1,7.52,367.283,4.176220000000004,2,3,2.0,9.23
CNP0147063.6,O=C1CCCN2[C@@H]3[C@@]45CN6CCCC/C=C\CC[C@]3(C=C(C3=NC=CC7=C3NC3=CC=CC=C37)[C@@H]4CC6)O[C@@]2(CC1)C5,"ent-12,34-Oxamanamine E",Alkaloids and derivatives,Alkaloids,Tryptophan alkaloids,Carboline alkaloids,sponge sp.,10.1021/np020592u,sponge sp.,Alkaloids,6.74,7.95,5.87,6.01,5.89,5.15,5.29,6.62,5.29,6.29,7.1,7.95,562.758,6.624400000000007,1,5,2.0,9.23
CNP0300788.1,CC1=CCC[C@H]2[C@](C)(CC3=C(O)C(=O)C=C(NCC(=O)O)C3=O)[C@@H](C)CC[C@]12C,nakijiquinone A,Lipids and lipid-like molecules,Terpenoids,Diterpenoids,,unidentified sponge,10.1039/np9961300075,unidentified sponge,Terpenoids,6.75,7.65,4.35,5.64,5.37,5.19,6.0,5.55,5.25,6.91,7.1,7.65,401.50300000000027,3.697300000000002,3,5,2.0,9.23
CNP0107781.0,CC(C)CC1=C(C2=CC=C(O)C=C2)C(=O)OC1=O,Antrocinnamomin C,Benzenoids,Shikimates and Phenylpropanoids,Diazotetronic acids and derivatives,Pulvinones,Antrodia cinnamomea|Antrodia cinnamomea (BCRC 36799)|Taiwanofungus camphoratus|antrodia cinnamomea,10.1021/JF801171X|10.1021/NP070634K|10.1021/np070634k,Antrodia cinnamomea|Antrodia cinnamomea (BCRC 36799)|Taiwanofungus camphoratus|antrodia cinnamomea,Shikimates and Phenylpropanoids,6.49,7.61,5.35,6.61,5.28,7.07,5.77,5.18,5.15,6.38,7.1,7.61,246.26199999999997,2.2752999999999997,1,4,2.0,9.23
CNP0184228.1,O=C1CC2C(=C3C4=C2C=CC(O)=C4[C@H](O)C[C@H]3O)C2=CC=CC(O)=C12,Xylarenol,"Lignans, neolignans and related compounds",Polyketides,Naphthalenes,Bisnaphthalenes,Unknown-fungus sp. PSU-A80,10.1248/cpb.55.1316,Unknown-fungus sp. PSU-A80,Polyketides,6.36,7.66,5.54,5.41,5.45,5.19,5.97,5.42,5.09,7.25,7.09,7.66,336.3430000000001,2.490200000000001,4,5,2.0,9.22
CNP0152881.3,COC1=CC([C@@H](O)[C@@H](CO)OC2=CC=C(/C=C/C(=O)O)C=C2OC)=CC=C1O,"(E)-3-[4-[(1R,2R)-1,3-dihydroxy-1-(4-hydroxy-3-methoxyphenyl)propan-2-yl]oxy-3-methoxyphenyl]prop-2-enoic acid","Lignans, neolignans and related compounds",Shikimates and Phenylpropanoids,Phenylpropanoids (C6-C3),Cinnamic acids and derivatives,Avicennia marina,,Avicennia marina,Shikimates and Phenylpropanoids,5.83,7.05,5.25,6.41,5.04,6.11,6.38,5.32,5.15,7.81,7.09,7.81,390.38800000000015,1.9805000000000006,4,7,2.0,9.22
CNP0104675.1,CCCCCCC(O)C(=O)O[C@@H]1[C@@H]2[C@H](CC1(C)C)[C@H](O)C1=C(Cl)C(=O)[C@@](O)(CO)[C@]12C,Chloriolin B,Lipids and lipid-like molecules,Terpenoids,Sesquiterpenoids,Hirsutane sesquiterpenoids,Unknown-bacterium sp.|unidentified fungus,10.1021/jo00100a041|10.1039/np9961300075,Unknown-bacterium sp.|unidentified fungus,Terpenoids,6.59,7.71,4.39,6.51,5.18,5.56,5.64,6.97,5.27,5.82,7.09,7.71,458.97900000000016,2.0716,4,7,2.0,9.22
CNP0135148.0,COC(=O)C1=CC=C(O)C(OCC=C(C)C)=C1,,Benzenoids,Shikimates and Phenylpropanoids,Phenolic acids (C6-C1),Shikimic acids and derivatives,unidentified fungus,10.1039/b805113p,unidentified fungus,Shikimates and Phenylpropanoids,5.85,7.02,5.24,5.79,5.91,6.14,6.28,5.62,5.31,7.97,7.09,7.97,236.26699999999997,2.5238000000000005,1,4,2.0,9.22
CNP0152881.4,COC1=CC([C@H](O)[C@@H](CO)OC2=CC=C(/C=C/C(=O)O)C=C2OC)=CC=C1O,1372162-61-2,"Lignans, neolignans and related compounds",Shikimates and Phenylpropanoids,Phenylpropanoids (C6-C3),Cinnamic acids and derivatives,Avicennia marina,,Avicennia marina,Shikimates and Phenylpropanoids,5.83,7.05,5.25,6.41,5.04,6.11,6.38,5.32,5.15,7.81,7.09,7.81,390.38800000000015,1.9805000000000006,4,7,2.0,9.22
CNP0579858.0,O=C1N=C(O)C(C2=CC=CC=C2)=C1C1=CC=C(O)C([N+](=O)[O-])=C1,Aqabamycin C,Phenylpropanoids and polyketides,Alkaloids,Ornithine alkaloids,Pyrrolidine alkaloids,Marine Bacteria (Unclassified),10.1021/acs.jnatprod.6b00235,Marine Bacteria (Unclassified),Alkaloids,6.48,7.52,5.59,5.71,5.42,6.11,6.3,6.17,5.14,7.26,7.09,7.52,310.26500000000004,2.7079000000000013,2,4,2.0,9.22
CNP0080946.1,CC(C)=CCC1=CC(C(=O)NC2=C(O)C3=CC=C(O[C@@H]4OC(C)(C)[C@H](O)[C@@H](O)[C@H]4O)C(C)=C3OC2=O)=CC=C1O,Desmethyldescarbamoylnovobiocin,Phenylpropanoids and polyketides,Shikimates and Phenylpropanoids,Coumarins,Simple coumarins,Marine Bacteria (Unclassified)|Streptomyces|Streptomyces RJA2961|Streptomyces sp. RJA2961,10.1371/JOURNAL.PONE.0077078|10.1371/journal.pone.0077078,Marine Bacteria (Unclassified)|Streptomyces|Streptomyces RJA2961|Streptomyces sp. RJA2961,Shikimates and Phenylpropanoids,6.54,7.48,5.41,5.92,5.59,5.64,5.8,6.13,5.36,7.24,7.09,7.48,555.5800000000004,2.8700200000000007,6,10,2.0,9.22
CNP0575305.0,O=C1N=C(O)C(C2=CC=C(O)C([N+](=O)[O-])=C2)=C1C1=CC=C(O)C([N+](=O)[O-])=C1,Aqabamycin D,Phenylpropanoids and polyketides,Alkaloids,Ornithine alkaloids,Pyrrolidine alkaloids,Marine Bacteria (Unclassified),10.1021/acs.jnatprod.6b00235,Marine Bacteria (Unclassified),Alkaloids,6.52,7.5,5.36,5.66,5.38,6.12,6.2,6.12,5.14,7.24,7.09,7.5,371.2610000000001,2.3217,3,7,2.0,9.22
CNP0238472.0,CC(=O)OC1=CC=C(O)C(O)=C1,"(3,4-dihydroxyphenyl) acetate",Benzenoids,Shikimates and Phenylpropanoids,Phenolic acids (C6-C1),Simple phenolic acids,Tamarindus indica,10.1021/JF00048A004,Tamarindus indica,Shikimates and Phenylpropanoids,6.43,7.02,5.14,5.79,5.03,6.15,6.43,5.19,5.16,7.79,7.08,7.79,168.148,1.0231,2,4,2.0,9.2
CNP0174316.1,CC(C)=CCC1=CC(C(=O)NC2=C(O)C3=CC=C(O[C@@H]4OC(C)(C)[C@H](O)[C@@H](OC(N)=O)[C@H]4O)C(C)=C3OC2=O)=CC=C1O,Desmethylnovobiocin,Phenylpropanoids and polyketides,Shikimates and Phenylpropanoids,Coumarins,Simple coumarins,Marine Bacteria (Unclassified)|Streptomyces|Streptomyces RJA2961|Streptomyces sp. RJA2961,10.1371/JOURNAL.PONE.0077078|10.1371/journal.pone.0077078,Marine Bacteria (Unclassified)|Streptomyces|Streptomyces RJA2961|Streptomyces sp. RJA2961,Shikimates and Phenylpropanoids,6.56,7.44,5.44,5.94,5.56,5.65,5.79,6.14,5.34,7.25,7.08,7.44,598.6050000000004,2.9730200000000004,6,11,2.0,9.2
CNP0304411.0,COC1=C(O)C=CC2=C1C(=O)C1=CC=CC(O)=C1C2=O,"2,5-DIHYDROXY-1-METHOXY-ANTHRAQUINONE",Benzenoids,Polyketides,Polycyclic aromatic polyketides,Anthraquinones and anthrones,Chara corallina|Damnacanthus indicus|Damnacanthus major|Euphorbia ingens|Lentinus edodes|Monilinia fructigena|Perna viridis|Siphonaria funiculata|Solanum curtipes|Stachys recta,10.1039/J39710002001,Chara corallina|Damnacanthus indicus|Damnacanthus major|Euphorbia ingens|Lentinus edodes|Monilinia fructigena|Perna viridis|Siphonaria funiculata|Solanum curtipes|Stachys recta,Polyketides,6.33,7.58,5.61,5.82,5.28,6.05,5.93,5.28,5.07,7.33,7.08,7.58,270.23999999999995,1.8818000000000006,2,5,2.0,9.2
CNP0177836.0,CC(C)(C)C1=CC=C(O)C(C(C)(C)C)=C1,"2,4-Di-tert-butylphenol",Benzenoids,Shikimates and Phenylpropanoids,,,Acroptilon repens|Apium graveolens|Aquilaria sinensis|Bacillus subtilis|Bidens pilosa|Capsicum annuum|Centipede scolopendra|Echinacea purpurea|Forsythia suspensa|Forsythia viridissima|Homo sapiens|Imperata cylindrica|Ipomoea batatas|Leibnitzia anandria|Litsea glutinosa|Medicago sativa|Michelia alba|Nelumbo nucifera|Nicotiana tabacum|Oryza sativa|Pseudomonas monteilii|Psidium friedrichsthalianum|Scolopendra subspinipes|Spergularia marina|Streptomyces antioxidans|Streptomyces antioxidans MUSC 164|Streptomyces mutabilis|Streptomyces parvulus|Streptomyces prvulus Dosmb-D105|Streptomyces rochei|Streptomyces sp. A0916|Streptomyces sp. CB-75|Streptomyces sp. KX852461|Streptomyces sp. MUM273b|Streptomyces sp. SCA3-4|Streptomyces spectabilis|Streptomyces spectabilis VITJS10|Streptomyces sundarbansensis|Tuber borchii|Typha angustifolia|Typha orientalis,10.1002/mbo3.859|10.1007/S11104-010-0583-Z|10.1007/s10068-016-0009-7|10.1016/J.FOODCHEM.2019.125649|10.1016/J.INDCROP.2012.02.029|10.1016/J.MICRES.2016.05.010|10.1016/J.MYCMED.2016.03.001|10.1016/J.RENENE.2017.12.012|10.1016/S0031-9422(00)00308-3|10.1016/S1875-5364(16)60004-3|10.1016/j.cgh.2013.02.015|10.1016/j.jep.2018.02.019|10.1016/j.micres.2016.05.010|10.1016/j.micres.2018.01.003|10.1016/j.mycmed.2016.03.001|10.1021/JF5001138|10.1021/jf5001138|10.1089/jmf.2012.2739|10.1186/s13568-017-0351-z|10.1248/BPB.29.735|10.1248/bpb.29.735|10.1556/030.63.2016.1.2|10.3389/FMICB.2016.00899|10.3389/fmicb.2016.00899|10.3389/fmicb.2017.02704|10.3389/fmicb.2019.01390|10.4103/0973-1296.168974|10.4172/2329-6836.1000236,Acroptilon repens|Apium graveolens|Aquilaria sinensis|Bacillus subtilis|Bidens pilosa|Capsicum annuum|Centipede scolopendra|Echinacea purpurea|Forsythia suspensa|Forsythia viridissima|Homo sapiens|Imperata cylindrica|Ipomoea batatas|Leibnitzia anandria|Litsea glutinosa|Medicago sativa|Michelia alba|Nelumbo nucifera|Nicotiana tabacum|Oryza sativa|Pseudomonas monteilii|Psidium friedrichsthalianum|Scolopendra subspinipes|Spergularia marina|Streptomyces antioxidans|Streptomyces antioxidans MUSC 164|Streptomyces mutabilis|Streptomyces parvulus|Streptomyces prvulus Dosmb-D105|Streptomyces rochei|Streptomyces sp. A0916|Streptomyces sp. CB-75|Streptomyces sp. KX852461|Streptomyces sp. MUM273b|Streptomyces sp. SCA3-4|Streptomyces spectabilis|Streptomyces spectabilis VITJS10|Streptomyces sundarbansensis|Tuber borchii|Typha angustifolia|Typha orientalis,Shikimates and Phenylpropanoids,6.38,7.0,5.22,5.89,5.5,5.86,6.27,5.34,5.13,7.87,7.08,7.87,206.32899999999995,3.987200000000003,1,1,2.0,9.2
CNP0141209.0,O=C1C=C(C2=CC=C(O)C(OS(=O)(=O)O)=C2)OC2=CC(OS(=O)(=O)O)=CC(O)=C12,"Luteolin 7,3'-disulfate",Phenylpropanoids and polyketides,Shikimates and Phenylpropanoids,Flavonoids,Flavones,Zostera marina,,Zostera marina,Shikimates and Phenylpropanoids,6.45,7.66,5.37,5.84,5.29,6.36,6.16,5.41,5.15,7.12,7.08,7.66,446.3670000000002,1.2344,4,10,2.0,9.2
CNP0331073.1,OC1=CC=C2C=C(C(O)C3=CO[C@H](O)[C@H](O)[C@H]3O)OC2=C1O,Deuteromycol A,Organoheterocyclic compounds,Shikimates and Phenylpropanoids,,,Unknown-fungus sp.,10.1007/s12272-010-1103-7,Unknown-fungus sp.,Shikimates and Phenylpropanoids,6.09,6.9,5.49,6.58,5.26,5.54,5.79,5.22,5.13,7.74,7.07,7.74,310.2580000000001,-0.16830000000000017,6,8,2.0,9.19
CNP0523302.0,O=C1N=C(O)C(C2=CC=C(O)C([N+](=O)[O-])=C2)=C1C1=CNC2=CC=CC=C12,Aqabamycin G,Benzenoids,Alkaloids,Tryptophan alkaloids,Simple indole alkaloids,Marine Bacteria (Unclassified),10.1021/acs.jnatprod.6b00235,Marine Bacteria (Unclassified),Alkaloids,6.44,7.51,5.48,5.59,5.56,6.07,6.2,6.12,5.17,7.27,7.07,7.51,349.302,3.1892000000000005,3,4,2.0,9.19
CNP0530688.0,O=C(O)CC1=CC=C(O)C([N+](=O)[O-])=C1,4-Hydroxy-3-nitrophenylacetic acid,Benzenoids,Shikimates and Phenylpropanoids,Phenylethanoids (C6-C2),Phenylethanoids,Bryoria implexa|Glycosmis trichanthera|Jeotgalibacillus marinus|Magnaporthe oryzae|Polyporus tuberaster|Protea neriifolia|Pyricularia oryzae|Senecio chrysocoma|Sinapis alba|Viola philippica,10.1007/BF00630083|10.1021/NP50126A026|10.1271/BBB.62.998,Bryoria implexa|Glycosmis trichanthera|Jeotgalibacillus marinus|Magnaporthe oryzae|Polyporus tuberaster|Protea neriifolia|Pyricularia oryzae|Senecio chrysocoma|Sinapis alba|Viola philippica,Shikimates and Phenylpropanoids,6.23,7.01,5.25,5.8,5.36,5.97,6.43,5.73,5.27,7.76,7.07,7.76,197.146,0.9275,2,4,2.0,9.19
CNP0313316.1,CC(=O)O[C@H]1[C@H](O)[C@@H](O)[C@H](OC2=CC(C3=CC(=O)C4=C(O)C=C(O)C=C4O3)=CC=C2O)O[C@H]1C(=O)O,,Phenylpropanoids and polyketides,Shikimates and Phenylpropanoids,Flavonoids,Flavones,Rosmarinus officinalis,10.1016/S0031-9422(00)90434-5,Rosmarinus officinalis,Shikimates and Phenylpropanoids,6.51,7.61,5.0,6.0,5.34,6.4,5.94,5.3,5.08,7.09,7.07,7.61,504.4000000000002,0.41859999999999953,6,12,2.0,9.19
CNP0429558.1,C[C@H]1CCC(=O)OC[C@@H](OC(=O)/C=C/C2=CC=C(O)C(O)=C2)C1,,Phenylpropanoids and polyketides,,,,Avicennia marina,10.1039/c6np00124f,Avicennia marina,,6.44,7.23,5.39,5.4,5.4,5.71,5.82,5.17,5.07,7.54,7.07,7.54,320.34100000000007,2.386000000000001,2,6,2.0,9.19
CNP0226008.1,C[C@H]1[C@H]2[C@H](CC3=CC=CC=C3)N=C(O)[C@]23OC(=O)C=C[C@H](O)CCCCCC=C[C@H]3[C@@H]2O[C@]12C,"(1~{S},6~{R},14~{S},15~{S},17~{R},18~{S},19~{S},20~{S})-20-benzyl-6,22-dihydroxy-17,18-dimethyl-2,16-dioxa-21-azatetracyclo[12.8.0.0^{1,19}.0^{15,17}]docosa-4,12,21-trien-3-one",Organoheterocyclic compounds,Terpenoids,,,Blumea densiflora|Cirsium arvense|Corallina rubens|Cratoxylum formosum|Dalea elegans|Euonymus grandiflorus|Hygrophila erecta|Hymenocallis arenicola|Relicina samoensis|Streptomyces cyaneofuscatus|Wardomyces inflatus,,Blumea densiflora|Cirsium arvense|Corallina rubens|Cratoxylum formosum|Dalea elegans|Euonymus grandiflorus|Hygrophila erecta|Hymenocallis arenicola|Relicina samoensis|Streptomyces cyaneofuscatus|Wardomyces inflatus,Terpenoids,6.54,7.65,5.61,5.98,5.37,5.42,6.04,5.54,5.38,6.98,7.06,7.65,465.5900000000003,4.326800000000004,2,5,2.0,9.18
CNP0079265.1,CC1(C)CCC[C@@]2(CO)[C@H]1CC[C@]1(C)[C@@H]2C[C@@H](O)[C@]2(C)[C@H]3C=CC(=O)C3=CC[C@@H]12,"(5aS,5bR,7aS,11aR,11bS,13R,13aS,13bR)-13-hydroxy-11a-(hydroxymethyl)-5b,8,8,13a-tetramethyl-5,5a,6,7,7a,9,10,11,11b,12,13,13b-dodecahydrocyclopenta[a]chrysen-3-one",Lipids and lipid-like molecules,Terpenoids,Sesterterpenoids,Scalarane sesterterpenoids,Carteriospongia sp.|madagascan sponges,10.1016/j.bmc.2013.03.078|10.1039/c4np00144c,Carteriospongia sp.|madagascan sponges,Terpenoids,6.88,7.58,4.39,5.39,4.77,5.51,6.12,6.72,5.19,6.03,7.06,7.58,398.58700000000016,4.680000000000004,2,3,2.0,9.18
CNP0107111.0,COC1=CC=CC2=C1C(OC)=CC1=C2OC(=O)C(C)=C1,"6,7-dimethoxy-3-methylbenzo[h]chromen-2-one",Organoheterocyclic compounds,Polyketides,Naphthalenes,Naphthalenes and derivatives,Coccomyces proteae|Endophytic fungi,10.1016/j.bmcl.2012.07.075,Coccomyces proteae|Endophytic fungi,Polyketides,6.4,7.54,5.19,6.09,5.52,6.01,5.27,5.29,5.23,6.02,6.68,7.54,270.28399999999993,3.2718200000000017,0,4,2.5,9.18
CNP0545545.0,CSC1=C(CC2=C3N=C4C=CC(O)=CC4=C3C=CN2)[N+](C)=CN1C,"1-[(1,3-dimethyl-5-methylsulfanylimidazol-3-ium-4-yl)methyl]-2H-pyrido[3,4-b]indol-6-ol",Alkaloids and derivatives,Alkaloids,Histidine alkaloids,Imidazole alkaloids,Thorectidae|thorectidae sponge,10.1021/NP050070P|10.1021/np050070p,Thorectidae|thorectidae sponge,Alkaloids,6.14,7.23,5.49,6.03,6.03,5.6,6.83,5.76,5.2,7.11,7.06,7.23,339.4440000000001,2.849000000000001,2,3,2.0,9.18
CNP0426469.1,CC[C@H](C)C1=C(C2=CC=C(O)C=C2)C(=O)OC1=O,,Benzenoids,Shikimates and Phenylpropanoids,Diazotetronic acids and derivatives,Pulvinones,Antrodia cinnamomea|Antrodia cinnamomea BCRC 36799|Taiwanofungus camphoratus,10.1021/NP070634K,Antrodia cinnamomea|Antrodia cinnamomea BCRC 36799|Taiwanofungus camphoratus,Shikimates and Phenylpropanoids,6.49,7.64,5.37,6.46,5.3,7.04,5.76,5.14,5.14,6.41,7.06,7.64,246.26199999999997,2.2752999999999997,1,4,2.0,9.18
CNP0124852.1,CO[C@@H](CC[C@H](C)[C@H]1O[C@@]23C[C@H](OC(=O)C[C@H](CO)OC(=O)C[C@](O)(O2)[C@H](C)CC3(C)C)[C@@H]1C)C1=CC=CC(O)=C1,Oscillatoxin A,Benzenoids,Polyketides,Macrolides,Aplysiatoxins,Alicyclobacillus acidoterrestris|Balanophora harlandii|Gracilaria vermiculophylla|Lyngbya|Lyngbya majuscula|Swertia macrosperma|Unknown-bacterium algae,10.1021/JO00187A035|10.1021/JO00405A053|10.1021/NP990353F|10.1021/jo00187a035|10.1021/jo00405a053,Alicyclobacillus acidoterrestris|Balanophora harlandii|Gracilaria vermiculophylla|Lyngbya|Lyngbya majuscula|Swertia macrosperma|Unknown-bacterium algae,Polyketides,6.71,7.99,5.38,6.49,5.73,6.05,5.7,5.37,5.28,6.48,7.06,7.99,578.6990000000004,3.9982000000000024,3,10,2.0,9.18
CNP0111238.1,C=CC(C)(C)C1=CC=C2C3=C1NC=C3C[C@@H](CO)NC(=O)[C@H](C(C)C)N2C,Pendolmycin,Organic acids and derivatives,Alkaloids,Tryptophan alkaloids,,Marinactinospora thermotolerans|Nocardiopsis|Nocardiopsis sp.|Streptomyces blastmyceticus,10.1021/NP200399T|10.1021/NP50060A022|10.1021/NP50077A040|10.1021/np50060a022|10.1038/ncomms10849,Marinactinospora thermotolerans|Nocardiopsis|Nocardiopsis sp.|Streptomyces blastmyceticus,Alkaloids,6.71,8.0,5.51,6.29,6.45,5.28,5.56,5.66,5.38,5.41,7.05,8.0,369.5090000000001,3.1255000000000015,3,3,2.0,9.17
CNP0541739.0,O=C1N=C(O)C(C2=CC=C(O)C=C2)=C1C1=CC=C(O)C([N+](=O)[O-])=C1,Aqabamycin B,Phenylpropanoids and polyketides,Alkaloids,Terphenyls,p-Terphenyls,Marine Bacteria (Unclassified),,Marine Bacteria (Unclassified),Alkaloids,6.52,7.5,5.24,5.71,5.39,6.12,6.18,6.08,5.19,7.12,7.05,7.5,326.26400000000007,2.4135,3,5,2.0,9.17
CNP0295743.0,CC(C)CC1=C(C2=CC=C(O)C=C2)C(=O)N(O)C1=O,Antrocinnamomin B,Benzenoids,Alkaloids,,,Antrodia cinnamomea|Antrodia cinnamomea (BCRC 36799)|Taiwanofungus camphoratus|antrodia cinnamomea,10.1021/NP070634K|10.1021/np070634k,Antrodia cinnamomea|Antrodia cinnamomea (BCRC 36799)|Taiwanofungus camphoratus|antrodia cinnamomea,Alkaloids,6.53,7.58,5.41,6.16,5.28,7.04,5.76,5.56,5.22,6.43,7.05,7.58,261.277,1.9498999999999995,2,4,2.0,9.17
CNP0511753.1,CC[C@H](O)CCCC1=C(O)[C@@H](C)OC1=O,Hexitronic acid,Lipids and lipid-like molecules,Polyketides,Linear polyketides,Acetogenins,Unknown-fungus fG9RK,10.1080/14786419.2020.1715400,Unknown-fungus fG9RK,Polyketides,6.52,7.84,4.36,6.8,5.14,5.2,5.47,5.22,5.42,6.44,7.05,7.84,214.261,1.685,2,4,2.0,9.17
CNP0240354.1,C=CC(C)(C)C1=C(/C=C2\NC(=O)[C@H](C)NC2=O)C2=CC=CC(C/C=C(/C)CO)=C2N1,Variecolorin M,Organic acids and derivatives,Alkaloids,Peptide alkaloids,"Indole diketopiperazine alkaloids (L-Trp, L-Ala)",Unknown-fungus sp.,10.1002/hlca.200900443,Unknown-fungus sp.,Alkaloids,6.69,7.92,5.77,6.55,6.05,5.37,5.66,5.78,5.25,5.39,7.05,7.92,407.5140000000002,3.0880000000000014,4,3,2.0,9.17
CNP0180163.7,O=C(/C=C/C1=CC=C(O)C(O)=C1)OC1CC(C(=O)O)=CC(O)C1O,,,Shikimates and Phenylpropanoids,Phenylpropanoids (C6-C3),Cinnamic acids and derivatives,Dracocephalum moldavicum|Erigeron breviscapus|Phoenix dactylifera,,Dracocephalum moldavicum|Erigeron breviscapus|Phoenix dactylifera,Shikimates and Phenylpropanoids,6.38,6.82,5.36,5.97,5.82,5.51,6.04,5.23,5.14,7.96,7.05,7.96,336.296,0.15929999999999966,5,7,2.0,9.17
CNP0213880.1,C=CC(C)(C)C1=C(/C=C2\NC(=O)[C@H](C)NC2=O)C2=CC=CC(CC3OC3(C)CO)=C2N1,Variecolorin N,Organic acids and derivatives,Alkaloids,Peptide alkaloids,"Indole diketopiperazine alkaloids (L-Trp, L-Ala)",Unknown-fungus sp.,10.1002/hlca.200900443,Unknown-fungus sp.,Alkaloids,6.65,7.87,5.74,6.63,5.94,5.44,5.61,5.68,5.13,5.35,7.05,7.87,423.5130000000002,2.2992000000000004,4,4,2.0,9.17
CNP0332033.1,O=C1O[C@@H](CO)CC2=CC=CC(O)=C12,"(3R)-3-hydroxymethyl-8-hydroxyl-3,4-dihydroisocoumarin",Organoheterocyclic compounds,Shikimates and Phenylpropanoids,Coumarins,Isocoumarins,Unknown-fungus sp. NO.49-14-2-1,10.1080/10286020.2015.1043904,Unknown-fungus sp. NO.49-14-2-1,Shikimates and Phenylpropanoids,6.31,8.13,5.36,5.82,5.53,5.24,5.73,5.16,5.24,6.71,7.05,8.13,194.186,0.466,2,4,2.0,9.17
CNP0317323.1,O=C1C[C@@H]2O[C@@H]3C=C[C@H](O)[C@H]1[C@@H]3C21OC2=CC=CC3=CC=CC(=C23)O1,Palmarumycin CE4,Benzenoids,Polyketides,Naphthalenes,Spirodioxynaphthalenes,Anteaglonium|Anteaglonium sp. FL0768|unidentified species of Phylum Ascomycota,10.1016/J.PHYTOL.2018.10.011|10.1016/j.phytol.2018.10.011|10.1039/c6np00124f,Anteaglonium|Anteaglonium sp. FL0768|unidentified species of Phylum Ascomycota,Polyketides,6.4,7.69,6.54,5.99,6.93,5.27,5.69,5.33,5.11,5.74,7.05,7.69,336.3430000000001,2.2106000000000003,1,5,2.0,9.17
CNP0317323.2,O=C1C[C@H]2O[C@H]3C=C[C@H](O)[C@H]1[C@@H]3C21OC2=CC=CC3=CC=CC(=C23)O1,Palmarumycin P2,Benzenoids,Polyketides,Naphthalenes,Spirodioxynaphthalenes,Unknown-fungus sp. BCC 25093,10.1016/j.tet.2015.06.061,Unknown-fungus sp. BCC 25093,Polyketides,6.4,7.69,6.54,5.99,6.93,5.27,5.69,5.33,5.11,5.74,7.05,7.69,336.3430000000001,2.2106000000000003,1,5,2.0,9.17
CNP0424253.1,CC[C@H](C)C1=C(C2=CC=C(O)C=C2)C(=O)N(O)C1=O,,Benzenoids,Alkaloids,,,Antrodia cinnamomea|Antrodia cinnamomea BCRC 36799|Taiwanofungus camphoratus,10.1021/NP070634K,Antrodia cinnamomea|Antrodia cinnamomea BCRC 36799|Taiwanofungus camphoratus,Alkaloids,6.52,7.6,5.43,5.89,5.4,7.01,5.74,5.56,5.2,6.42,7.04,7.6,261.277,1.9498999999999995,2,4,2.0,9.15
CNP0281749.0,O=C(CO)C1=CC=C(O)C(O)=C1,29477-54-1,Organic oxygen compounds,Shikimates and Phenylpropanoids,Phenolic acids (C6-C1),,Jasminum grandiflorum|Tamarindus indica,10.1016/J.PHYTOCHEM.2007.04.029|10.1021/JF00048A004,Jasminum grandiflorum|Tamarindus indica,Shikimates and Phenylpropanoids,5.91,7.08,5.19,5.74,5.09,5.96,6.24,5.21,5.37,7.8,7.04,7.8,168.148,0.27280000000000004,3,4,2.0,9.15
CNP0292727.1,C=CC(C)(C)C1=CC=C2C3=C1NC=C3C[C@@H](CO)NC(=O)[C@H]([C@@H](C)CC)N2C,Methylpendolmycin,Organic acids and derivatives,Alkaloids,Tryptophan alkaloids,Simple indole alkaloids,Marinactinospora thermotolerans|Nocardiopsis|Nocardiopsis sp.,10.1002/CBIC.201100700|10.1021/NP200399T|10.1021/NP50077A040|10.1021/np50077a040,Marinactinospora thermotolerans|Nocardiopsis|Nocardiopsis sp.,Alkaloids,6.68,8.01,5.51,6.25,6.42,5.1,5.57,5.7,5.38,5.44,7.04,8.01,383.5360000000002,3.515600000000002,3,3,2.0,9.15
CNP0256274.2,CC/C=C/C1=C(CC(/C=C(\C(=O)O)C(CCC(=O)O)C(=O)O)CC)C(=O)OC1=O,,,Polyketides,Linear polyketides,Open-chain polyketides,Unknown-fungus sp.,10.1016/j.phytochem.2010.01.015,Unknown-fungus sp.,Polyketides,6.8,7.75,4.34,6.57,5.74,5.15,5.5,5.48,5.03,5.78,7.04,7.75,408.4030000000002,2.325500000000001,3,6,2.0,9.15
CNP0072794.0,COC(=O)C1=CC(C)=CC(O)=C1C(=O)C1=C(O)C=CC(CC=C(C)C)=C1O,Ascomarugosin A,Benzenoids,Polyketides,Aromatic polyketides,Benzophenones,Unknown-fungus sp. SK2YWS-L|unidentified species of Phylum Ascomycota,10.1016/j.tet.2017.12.057|10.1039/c9np00069k,Unknown-fungus sp. SK2YWS-L|unidentified species of Phylum Ascomycota,Polyketides,5.99,7.21,5.36,5.95,5.46,6.1,5.78,5.98,5.18,7.81,7.04,7.81,370.4010000000001,3.638120000000004,3,6,2.0,9.15
CNP0433162.1,OC1=CC=C2C=C(C(O)C3=C[C@H](O)[C@@H](O)[C@@H](O)O3)OC2=C1O,,Organoheterocyclic compounds,Shikimates and Phenylpropanoids,Isoflavonoids,,unidentified fungus,10.1039/c2np00090c,unidentified fungus,Shikimates and Phenylpropanoids,6.27,6.88,5.4,6.5,5.32,5.4,5.78,5.25,5.14,7.74,7.04,7.74,310.2580000000001,-0.16830000000000017,6,8,2.0,9.15
CNP0087069.0,O=C1C=CC2=NC3=CC=CC(O)=C3N(O)C2=C1,"1,8-Phenazinediol-10-oxide",Organoheterocyclic compounds,Alkaloids,Anthranilic acid alkaloids,Phenazine alkaloids,Unknown-fungus sp.,10.1002/jhet.5570060305,Unknown-fungus sp.,Alkaloids,6.47,7.56,5.52,5.86,6.69,5.74,6.12,6.62,5.12,6.86,7.04,7.56,228.20700000000002,1.4442,2,4,2.0,9.15
CNP0303845.1,CC1=CC(O)=CC(O)=C1C(=O)O[C@H]1CC2=C(COC(CCC(=O)O)=C2)C(=O)[C@@]1(C)O,Montagnuphilone B,Organoheterocyclic compounds,Polyketides,Chromanes,Azaphilones,Unknown-fungus sp. DM0194,10.1021/acs.jnatprod.6b00714,Unknown-fungus sp. DM0194,Polyketides,6.47,7.71,4.42,5.63,5.49,5.64,5.88,5.38,4.99,6.91,7.03,7.71,418.3980000000002,1.7309199999999996,4,8,2.0,9.14
CNP0140416.6,CO[C@@H]1[C@H](OC(N)=O)[C@H](O)[C@H](OC2=CC=C3C(O)=C(NC(=O)C4=CC=C(O)C(CC=C(C)C)=C4)C(=O)OC3=C2C)OC1(C)C,,Phenylpropanoids and polyketides,Shikimates and Phenylpropanoids,Coumarins,Simple coumarins,Actinoalloteichus cyanogriseus|Ray-fungus Streppyomyes spheroids|Streptomyces niveus|Streptomyces spheroides,10.7164/ANTIBIOTICS.51.676|10.7164/antibiotics.51.676,Actinoalloteichus cyanogriseus|Ray-fungus Streppyomyes spheroids|Streptomyces niveus|Streptomyces spheroides,Shikimates and Phenylpropanoids,6.42,7.43,5.44,6.23,5.59,5.66,5.79,6.1,5.34,7.24,7.03,7.43,612.6320000000002,3.6271200000000023,5,11,2.0,9.14
CNP0140416.3,CO[C@@H]1[C@@H](OC(N)=O)[C@@H](O)[C@H](OC2=CC=C3C(O)=C(NC(=O)C4=CC=C(O)C(CC=C(C)C)=C4)C(=O)OC3=C2C)OC1(C)C,novobiocin,Phenylpropanoids and polyketides,Shikimates and Phenylpropanoids,Coumarins,Simple coumarins,Actinoalloteichus cyanogriseus|Asparagopsis taxiformis|Escherichia coli|Marine Bacteria (Unclassified)|Nocardiopsis gilva|Nocardiopsis gilva YIM 90087|Streptomyces|Streptomyces IFM 10937|Streptomyces L-4-4|Streptomyces RJA2961|Streptomyces albidoflavus|Streptomyces caeruleus|Streptomyces coelicolor|Streptomyces coelicolor M512|Streptomyces coelicolor M512 nov-BG1|Streptomyces niveus|Streptomyces niveus NRRL 2466|Streptomyces sp. L-4-4|Streptomyces spheroides|Streptomyces spheroides NCIB 11891|Streptomyces spheroides NCIMB 11891|streptomyces sp. ifm 10937,10.1002/bit.260181005|10.1002/j.1460-2075.1988.tb03065.x|10.1007/S00253-016-7306-1|10.1007/s00203-010-0548-x|10.1007/s00253-009-2435-4|10.1007/s00253-016-7306-1|10.1007/s10969-012-9138-2|10.1007/s12088-008-0052-z|10.1016/0378-1119(89)90337-5|10.1016/0378-1119(95)00308-s|10.1016/J.CHEMBIOL.2004.09.009|10.1016/S0006-291X(03)01231-2|10.1016/S0040-4039(98)00386-4|10.1016/S0076-6879(09)04618-7|10.1016/j.chembiol.2004.02.028|10.1016/j.chembiol.2004.09.009|10.1016/j.jbiosc.2009.08.479|10.1016/j.jmb.2009.10.045|10.1016/s0006-291x(03)01231-2|10.1016/s1074-5521(01)00009-6|10.1016/s1074-5521(03)00051-6|10.1021/JF400718W|10.1021/NP8004248|10.1021/acs.jnatprod.6b00235|10.1021/acschembio.6b01053|10.1021/ja01629a129|10.1021/jf400718w|10.1021/np200029q|10.1021/np401094h|10.1021/np8004248|10.1021/np900843b|10.1038/MSB.2011.65|10.1038/ja.2009.48|10.1038/ja.2010.74|10.1038/msb.2011.65|10.1074/JBC.M003066200|10.1074/jbc.M003066200|10.1099/00221287-148-10-3317|10.1099/mic.0.032649-0|10.1099/mic.0.27669-0|10.1111/J.1365-2672.1991.TB03811.X|10.1111/J.1574-6968.1994.TB06691.X|10.1111/j.1365-2672.1991.tb03811.x|10.1111/j.1365-2958.1993.tb01593.x|10.1111/j.1574-6968.1994.tb06691.x|10.1128/AAC.1.2.123|10.1128/AAC.44.5.1214-1222.2000|10.1128/AAC.47.3.869-877.2003|10.1128/AM.9.4.342-345.1961|10.1128/am.9.4.342-345.1961|10.1155/2013/968518|10.1371/journal.pone.0077078|10.7164/ANTIBIOTICS.51.676|10.7164/antibiotics.51.676,Actinoalloteichus cyanogriseus|Asparagopsis taxiformis|Escherichia coli|Marine Bacteria (Unclassified)|Nocardiopsis gilva|Nocardiopsis gilva YIM 90087|Streptomyces|Streptomyces IFM 10937|Streptomyces L-4-4|Streptomyces RJA2961|Streptomyces albidoflavus|Streptomyces caeruleus|Streptomyces coelicolor|Streptomyces coelicolor M512|Streptomyces coelicolor M512 nov-BG1|Streptomyces niveus|Streptomyces niveus NRRL 2466|Streptomyces sp. L-4-4|Streptomyces spheroides|Streptomyces spheroides NCIB 11891|Streptomyces spheroides NCIMB 11891|streptomyces sp. ifm 10937,Shikimates and Phenylpropanoids,6.42,7.43,5.44,6.23,5.59,5.66,5.79,6.1,5.34,7.24,7.03,7.43,612.6320000000002,3.6271200000000023,5,11,2.0,9.14
CNP0247444.1,COC1=CC(O)=CC2=C1C(=O)C=C(C1=CC=C(O)C(O[C@@H]3O[C@H](CO)[C@@H](O)[C@H](O)[C@H]3O)=C1)O2,,Phenylpropanoids and polyketides,Shikimates and Phenylpropanoids,Flavonoids,Flavones,Avicennia marina,10.1016/S0367-326X(99)00169-0,Avicennia marina,Shikimates and Phenylpropanoids,6.43,7.65,4.75,6.03,5.32,6.35,6.07,5.55,5.11,7.02,7.03,7.65,462.40700000000015,0.058499999999999774,6,11,2.0,9.14
CNP0106225.1,CC(=O)OCC1=CC=C[C@@]2(C)C[C@]3(C[C@@H]12)C(=O)O[C@H]1O[C@]13C,,Organoheterocyclic compounds,Terpenoids,Sesquiterpenoids,Eudesmane sesquiterpenoids,Organ pipe coral|Tubipora musica,10.1039/np9880500613|10.1248/CPB.35.3531,Organ pipe coral|Tubipora musica,Terpenoids,6.49,8.1,4.47,5.59,6.5,5.41,5.55,5.21,5.22,5.9,7.03,8.1,304.342,2.1201999999999996,0,5,2.0,9.14
CNP0134525.0,O=C1C2=CC=CC=C2C(=O)C2=C1C=C(O)C(CC1=CC=CC=C1)=C2O,2-Benzylxanthopurpurin,Benzenoids,Polyketides,Polycyclic aromatic polyketides,Anthraquinones and anthrones,Cercosporina kikuchii|Chara corallina|Croton steenkampianus|Damnacanthus indicus|Damnacanthus major|Daphne aurantiaca|Eriostemon brucei|Euphorbia ingens|Garcinia cantleyana|Hymenodictyon excelsum|Hymenodictyon orixense|Lonicera korolkovii|Melanothamnus somalensis|Monilinia fructigena|Parmelia gigas|Perna viridis|Portulaca pilosa|Pseudomonas putida|Pteris aquilina|Siphonaria funiculata|Solanum curtipes|Stachys recta|Talaromyces helicus|Zerynthia polyxena,10.1039/J39710002001,Cercosporina kikuchii|Chara corallina|Croton steenkampianus|Damnacanthus indicus|Damnacanthus major|Daphne aurantiaca|Eriostemon brucei|Euphorbia ingens|Garcinia cantleyana|Hymenodictyon excelsum|Hymenodictyon orixense|Lonicera korolkovii|Melanothamnus somalensis|Monilinia fructigena|Parmelia gigas|Perna viridis|Portulaca pilosa|Pseudomonas putida|Pteris aquilina|Siphonaria funiculata|Solanum curtipes|Stachys recta|Talaromyces helicus|Zerynthia polyxena,Polyketides,6.5,7.81,5.61,6.47,5.42,5.94,5.75,5.61,5.26,6.77,7.03,7.81,330.339,3.4640000000000017,2,4,2.0,9.14
CNP0249383.16,CC(C)[C@@H](C)/C=C/[C@H](C)[C@H]1CC[C@@H]2[C@]1(C)CC[C@H]1[C@]23C=C[C@]2(C[C@@H](O)CC[C@]12C)OO3,,Lipids and lipid-like molecules,Terpenoids,Steroids,Cholestane steroids,Alcyonium grandis|Alternanthera philoxeroides|Colubrina asiatica|Cyperus rotundus|Dipterocarpus pilosus|Echinus miliaris|Hilliardiella oligocephala|Lycoris x chejuensis|Manduca sexta|Moquiniastrum paniculatum|Mosla scabra|Orthosiphon wulfenioides|Podocarpus lawrencei|Strobilanthes dimorphotricha|Strobilanthes pentstemonoides|Strobilanthes psilostachys|Taiwanofungus camphoratus,10.1021/NP1002143|10.1055/S-2005-873125|10.3390/MOLECULES13102474,Alcyonium grandis|Alternanthera philoxeroides|Colubrina asiatica|Cyperus rotundus|Dipterocarpus pilosus|Echinus miliaris|Hilliardiella oligocephala|Lycoris x chejuensis|Manduca sexta|Moquiniastrum paniculatum|Mosla scabra|Orthosiphon wulfenioides|Podocarpus lawrencei|Strobilanthes dimorphotricha|Strobilanthes pentstemonoides|Strobilanthes psilostachys|Taiwanofungus camphoratus,Terpenoids,6.25,7.04,4.43,7.77,5.01,5.39,6.01,5.09,5.24,5.71,7.02,7.77,428.6570000000002,6.473600000000007,1,3,2.0,9.13
CNP0249383.14,CC(C)[C@@H](C)C=C[C@@H](C)[C@H]1CC[C@@H]2[C@]1(C)CC[C@H]1[C@@]23C=C[C@@]2(C[C@@H](O)CC[C@]12C)OO3,,Lipids and lipid-like molecules,Terpenoids,Steroids,Cholestane steroids,Alcyonium grandis|Colubrina asiatica|Dipterocarpus pilosus|Echinus miliaris|Hilliardiella oligocephala|Lycoris x chejuensis|Manduca sexta|Moquiniastrum paniculatum|Mosla scabra|Orthosiphon wulfenioides|Podocarpus lawrencei|Taiwanofungus camphoratus,,Alcyonium grandis|Colubrina asiatica|Dipterocarpus pilosus|Echinus miliaris|Hilliardiella oligocephala|Lycoris x chejuensis|Manduca sexta|Moquiniastrum paniculatum|Mosla scabra|Orthosiphon wulfenioides|Podocarpus lawrencei|Taiwanofungus camphoratus,Terpenoids,6.25,7.04,4.43,7.77,5.01,5.39,6.01,5.09,5.24,5.71,7.02,7.77,428.6570000000002,6.473600000000007,1,3,2.0,9.13
CNP0234614.6,CC1(C)CCC[C@@]2(C)[C@@H]1CC[C@]1(C)OC3=CC=C(O)C=C3C[C@H]21,,Organoheterocyclic compounds,Terpenoids,Meroterpenoids,Tetraketide meroterpenoids,Hymeniacidon perleve|Smenospongia aurea|crumb-of-bread sponge,10.1021/JO01296A019,Hymeniacidon perleve|Smenospongia aurea|crumb-of-bread sponge,Terpenoids,6.34,7.0,5.53,7.47,5.28,5.3,6.15,5.27,4.95,6.58,7.02,7.47,314.46900000000005,5.3284000000000065,1,2,2.0,9.13
CNP0293887.1,CC(=O)O[C@@H]1[C@@H](O)[C@H](OC2=CC(C3=CC(=O)C4=C(O)C=C(O)C=C4O3)=CC=C2O)O[C@H](C(=O)O)[C@H]1O,"(2S,3S,4S,5R,6S)-4-(acetyloxy)-6-[5-(5,7-dihydroxy-4-oxo-4H-chromen-2-yl)-2-hydroxyphenoxy]-3,5-dihydroxyoxane-2-carboxylic acid",Phenylpropanoids and polyketides,Shikimates and Phenylpropanoids,Flavonoids,Flavones,Rosmarinus officinalis,10.1016/S0031-9422(00)90434-5,Rosmarinus officinalis,Shikimates and Phenylpropanoids,6.5,7.47,5.0,6.0,5.36,6.4,5.93,5.32,5.06,7.09,7.02,7.47,504.40000000000015,0.4185999999999995,6,12,2.0,9.13
CNP0566846.1,C[C@@H]1C/C=C2SCC(/N=C(/O)C3=COC(=N3)C[C@@H](O)C[C@H](O)C=C/C=C/C\N=C\2O)C(=O)O1,"(2~{E},9~{S},11~{S},14~{E},17~{Z},19~{Z},22~{R})-3,9,11,18-tetrahydroxy-22-methyl-6,23-dioxa-26-thia-2,17,27-triazatricyclo[17.5.2.1^{4,7}]heptacosa-2,4,7(27),12,14,17,19-heptaen-24-one",Organic acids and derivatives,Amino acids and Peptides,Oligopeptides,Cyclic peptides,Aglaia gigantea|Albugo candida|Andropogon nardus|Clibadium pentaneuron|Croton californicus|Croton sparsiflorus|Culcitium canescens|Dendrobium rotundatum|Distolasterias nipon|Eriostemon fitzgeraldii|Espeletia marcana|Graphis elongata|Homarus americanus|Malva crispa|Marine Bacteria (Unclassified)|Neoalsomitra integrifolia|Nolina erumpens|Petasites niveus|Phellinus xeranticus|Picrorhiza kurrooa|Piptolepis leptospermoides|Ratibida latipalearis|Rhinella paracnemis|Solanum toxicarium|Toxicodendron succedaneum|Weddellina squamulosa|Xylaria berteri,10.1021/acs.jnatprod.6b00235,Aglaia gigantea|Albugo candida|Andropogon nardus|Clibadium pentaneuron|Croton californicus|Croton sparsiflorus|Culcitium canescens|Dendrobium rotundatum|Distolasterias nipon|Eriostemon fitzgeraldii|Espeletia marcana|Graphis elongata|Homarus americanus|Malva crispa|Marine Bacteria (Unclassified)|Neoalsomitra integrifolia|Nolina erumpens|Petasites niveus|Phellinus xeranticus|Picrorhiza kurrooa|Piptolepis leptospermoides|Ratibida latipalearis|Rhinella paracnemis|Solanum toxicarium|Toxicodendron succedaneum|Weddellina squamulosa|Xylaria berteri,Amino acids and Peptides,6.38,7.54,4.36,5.5,5.52,5.48,5.83,6.68,5.21,6.85,7.02,7.54,477.5390000000002,2.0372,4,9,2.0,9.13
CNP0219122.1,CC[C@H](C)[C@@H](O)[C@@H](C)C(=O)O[C@@]1(C)C(=O)C2=C(C=C(O)C3=C2CCC[C@H]3C)C(C)(O)C1=O,Dothideomycetide A,Benzenoids,Polyketides,Chromanes,Azaphilones,Unknown-fungus sp.,10.1039/c2ob25959a,Unknown-fungus sp.,Polyketides,6.73,7.47,4.33,5.94,5.47,5.6,5.65,5.5,5.19,6.85,7.02,7.47,446.54000000000025,3.149900000000002,3,7,2.0,9.13
CNP0576008.1,O=C(NCCCC[C@@H](CO)NC(=O)C1=CC=CC(O)=C1O)C1=CC=CN=C1,Myxochelin N2,Benzenoids,Alkaloids,Peptide alkaloids,,Corallococcus|Corallococcus sp.,10.3390/MOLECULES26164929|10.3390/molecules26164929,Corallococcus|Corallococcus sp.,Alkaloids,5.74,7.43,5.56,6.54,5.48,5.39,5.7,5.32,5.75,7.08,7.02,7.43,373.4090000000001,1.1837999999999997,5,6,2.0,9.13
CNP0218594.1,OC1=CC=C(O)C2=C1[C@@H](O)CCC21OC2=CC=CC3=CC=CC(=C23)O1,"CJ-12,372",Benzenoids,Polyketides,Naphthalenes,Spirodioxynaphthalenes,Fungal strain N983-46|Unknown-bacterium fungus N983-46,10.7164/antibiotics.48.134,Fungal strain N983-46|Unknown-bacterium fungus N983-46,Polyketides,6.16,7.04,5.55,5.91,5.32,5.32,5.76,5.13,5.18,7.85,7.02,7.85,336.3430000000001,3.702400000000001,3,5,2.0,9.13
CNP0260739.1,CC(=O)O[C@H]1CC[C@]2(C)[C@H]3CC4=C(C=C(C)C(C(=O)O)=C4O)O[C@]3(C)CC[C@H]2C1(C)C,Hongoquercin B,Phenylpropanoids and polyketides,Polyketides,Meroterpenoids,Tetraketide meroterpenoids,Agaricus|Fungus LL-23G227|Unknown-fungus sp.,10.7164/ANTIBIOTICS.51.708|10.7164/antibiotics.51.635,Agaricus|Fungus LL-23G227|Unknown-fungus sp.,Polyketides,6.19,7.01,4.41,7.4,5.55,5.54,6.04,5.21,4.94,6.66,7.02,7.4,430.5410000000003,4.876620000000004,2,5,2.0,9.13
CNP0518510.2,CC/C=C/C/C=C(/C)[C@H](O)CC/C(C)=C/C=C(\C)C(=O)C1=C(O)C=C([C@H](C)CC/C=C/NC(=O)OC)OC1=O,"methyl N-[(E,5R)-5-[4-hydroxy-5-[(2E,4E,8R,9Z,12E)-8-hydroxy-2,5,9-trimethylpentadeca-2,4,9,12-tetraenoyl]-6-oxopyran-2-yl]hex-1-enyl]carbamate",Organic oxygen compounds,Polyketides,Cyclic polyketides,2-pyrone derivatives,Corallococcus coralloides,10.1002/JLAC.198519850418|10.7164/ANTIBIOTICS.38.145,Corallococcus coralloides,Polyketides,6.38,7.46,4.51,6.13,5.9,5.93,5.65,5.63,5.32,7.22,7.02,7.46,541.6850000000003,6.617800000000009,3,7,2.0,9.13
CNP0518510.3,CC/C=C/C/C=C(/C)C(O)CC/C(C)=C/C=C(\C)C(=O)C1=C(O)C=C(C(C)CC/C=C/NC(=O)OC)OC1=O,,,Polyketides,Cyclic polyketides,2-pyrone derivatives,Corallococcus (Myxococcus) coralloides,,Corallococcus (Myxococcus) coralloides,Polyketides,6.38,7.46,4.51,6.13,5.9,5.93,5.65,5.63,5.32,7.22,7.02,7.46,541.6850000000003,6.617800000000009,3,7,2.0,9.13
CNP0348209.0,CC(C)=CCC1=C2OC(C)(C)C=CC2=C(O)C2=C1OC1=CC(O)=C3OC(C)(C)C=CC3=C1OC2=O,Garcinisidone C,Organoheterocyclic compounds,Shikimates and Phenylpropanoids,,,Garcinia|Garcinia corallina|Garcinia neglecta|Garcinia puat,10.1021/NP000333+|10.1021/np000333+,Garcinia|Garcinia corallina|Garcinia neglecta|Garcinia puat,Shikimates and Phenylpropanoids,6.66,7.74,4.55,6.56,5.4,5.74,5.68,5.64,5.27,6.65,7.02,7.74,476.5250000000003,6.299800000000007,2,7,2.0,9.13
CNP0249383.23,CC(C)[C@@H](C)/C=C/[C@@H](C)[C@H]1CC[C@@H]2[C@]1(C)CC[C@H]1[C@@]23C=C[C@@]2(C[C@@H](O)CC[C@]12C)OO3,,Lipids and lipid-like molecules,Terpenoids,Steroids,Cholestane steroids,Armillaria mellea|Asteromyces cruciatus|Taiwanofungus camphoratus|Typha capensis|Typha latifolia|Zanthoxylum beecheyanum,10.1002/JCCS.200400159|10.1007/S10600-008-9080-5|10.1016/0031-9422(90)85019-C|10.1016/J.BMC.2010.10.032|10.1016/S0031-9422(00)82503-0,Armillaria mellea|Asteromyces cruciatus|Taiwanofungus camphoratus|Typha capensis|Typha latifolia|Zanthoxylum beecheyanum,Terpenoids,6.25,7.04,4.43,7.77,5.01,5.39,6.01,5.09,5.24,5.71,7.02,7.77,428.6570000000002,6.473600000000007,1,3,2.0,9.13
CNP0563027.1,COC1=CC(/C=C/C(=O)[C@@]2(O)O[C@H](CO)[C@@H](O)[C@H](O)[C@H]2O)=CC=C1O,feruloyl beta-d-glucose,Phenylpropanoids and polyketides,Shikimates and Phenylpropanoids,Phenylpropanoids (C6-C3),Cinnamic acids and derivatives,Balanophora fungosa,10.1248/cpb.57.1352,Balanophora fungosa,Shikimates and Phenylpropanoids,5.97,7.03,6.1,6.15,5.1,5.82,5.85,5.41,5.26,7.86,7.01,7.86,356.32700000000006,-1.8545000000000003,6,9,2.0,9.11
CNP0395602.0,O=C(C1=CC=CC=C1)C1=C(O)N(O)C(=O)C(CC2=CC=CC=C2)=N1,Coelomycin,Organic oxygen compounds,Alkaloids,,,Unknown-fungus aureus EP167 strain,10.1038/ja.2010.86,Unknown-fungus aureus EP167 strain,Alkaloids,6.43,7.61,5.54,6.32,5.36,5.47,6.12,6.56,5.35,6.87,7.01,7.61,322.32,2.008,2,5,2.0,9.11
CNP0321135.0,CC(C)=CCC1=C(O)C2=C(OC3=CC(O)=C4OC(C)(C)C=CC4=C3OC2=O)C2=C1OC(C)(C)C=C2,Garcinisidone D,Organoheterocyclic compounds,Shikimates and Phenylpropanoids,,,Garcinia|Garcinia corallina|Garcinia neglecta|Garcinia puat,10.1021/NP000333+|10.1021/np000333+,Garcinia|Garcinia corallina|Garcinia neglecta|Garcinia puat,Shikimates and Phenylpropanoids,6.65,7.69,4.58,6.56,5.42,5.74,5.67,5.63,5.2,6.65,7.0,7.69,476.5250000000003,6.299800000000007,2,7,2.0,9.1
CNP0232430.5,C=C1CC[C@@H]2[C@](C)(CC[C@H](O)[C@]2(C)CO)[C@H]1/C=C/C1=CCOC1=O,"14-Deoxy-11,12-didehydroandrographolide",Lipids and lipid-like molecules,Terpenoids,Diterpenoids,Labdane diterpenoids,Antrodia camphorata|Taiwanofungus camphoratus,10.1021/NP0581263|10.1021/np0581263,Antrodia camphorata|Taiwanofungus camphoratus,Terpenoids,6.68,7.66,4.59,5.93,5.26,5.12,5.7,6.65,4.88,5.55,7.0,7.66,332.4400000000001,2.767800000000001,2,4,2.0,9.1
CNP0178703.1,COC1=CC2=C(C(=O)C3=C(C[C@H](C)O[C@@H]3C)C2=O)C(O)=C1C1=C(OC)C=C2C(=O)C3=C(C(=O)C2=C1O)[C@@H](C)O[C@@H](C)C3,Cardinalin-3,"Lignans, neolignans and related compounds",Polyketides,Naphthalenes,Anthraquinones and anthrones,Cortinarius cardinalis|Dermocybe cardinalis|Unknown-fungus sp.,10.1039/A605900G|10.1039/a605900g|10.1080/10575639408044061,Cortinarius cardinalis|Dermocybe cardinalis|Unknown-fungus sp.,Polyketides,6.41,7.55,4.35,5.83,5.46,5.96,5.79,5.13,5.07,7.03,7.0,7.55,574.5820000000002,4.527800000000004,2,10,2.0,9.1
CNP0581617.4,C/C=C/C/C=C(/C)C(O)CC/C(C)=C/C=C(\C)C(=O)C1=C(O)C=C(C(C)CC/C=C/NC(=O)OC)OC1=O,,,Polyketides,Cyclic polyketides,2-pyrone derivatives,Corallococcus (Myxococcus) coralloides,,Corallococcus (Myxococcus) coralloides,Polyketides,6.38,7.46,4.49,6.13,5.57,5.92,5.67,5.59,5.31,7.17,7.0,7.46,527.6580000000002,6.2277000000000085,3,7,2.0,9.1
CNP0147891.1,CC[C@]1(O)CC2=C(C=C3C(=O)C4=C(O)C=CC=C4C(=O)C3=C2O)[C@@H](O)C1,gamma-Citromycinon,Benzenoids,Polyketides,Polycyclic aromatic polyketides,Angucyclines,Unknown-fungus sp.,10.1002/cber.19681010426,Unknown-fungus sp.,Polyketides,6.53,7.68,5.75,6.23,5.4,5.4,5.83,5.96,5.19,6.78,7.0,7.68,354.3580000000001,1.9939,4,6,2.0,9.1
CNP0413809.1,OC1=C2C3=C(C=C1)O[C@]14O[C@]3(OC3=CC=CC(=C31)[C@@H](O)C[C@H]4O)[C@@H]1O[C@@H]1[C@@H]2O,Ymf 1029A,Benzenoids,Polyketides,Naphthalenes,Spirodioxynaphthalenes,Unknown-fungus sp. 1.01029|ymf 1.01029,10.1021/np800034g,Unknown-fungus sp. 1.01029|ymf 1.01029,Polyketides,6.22,7.07,5.32,5.43,5.37,5.37,6.01,5.07,5.05,7.72,7.0,7.72,384.34000000000003,0.8117999999999994,4,8,2.0,9.1
CNP0232430.1,C=C1CC[C@@H]2[C@](C)(CO)[C@H](O)CC[C@@]2(C)[C@@H]1/C=C/C1=CCOC1=O,42895-58-9,Lipids and lipid-like molecules,Terpenoids,Diterpenoids,Labdane diterpenoids,Andrographis Paniculata|Andrographis affinis|Andrographis paniculata|Antrodia camphorata|Aphis affinis|Taiwanofungus camphoratus,10.1002/CHIN.201029197|10.1016/J.PHYTOCHEM.2004.05.008|10.1021/JF903629J|10.1021/NP020331K|10.1021/NP050160U|10.1021/NP050211N|10.1021/NP0581263|10.1021/NP0704452|10.1021/np050160u|10.1021/np0581263|10.1021/np0704452|10.1021/np2002572|10.1039/P19730001247|10.1055/S-2007-967181|10.1248/CPB.42.1216,Andrographis Paniculata|Andrographis affinis|Andrographis paniculata|Antrodia camphorata|Aphis affinis|Taiwanofungus camphoratus,Terpenoids,6.68,7.66,4.59,5.93,5.26,5.12,5.7,6.65,4.88,5.55,7.0,7.66,332.4400000000001,2.767800000000001,2,4,2.0,9.1
CNP0071630.1,COC1=C(C)C=C(O)C2=C1[C@H](O)[C@]1(C(=O)C(CC=C(C)C)=CC[C@@H]1O)C2=O,Coleophomone F,Benzenoids,Polyketides,Meroterpenoids,,Unknown sp. SCSIO F46|unidentified species of Phylum Ascomycota,10.1039/c9np00069k|10.3389/fchem.2018.00536,Unknown sp. SCSIO F46|unidentified species of Phylum Ascomycota,Polyketides,6.68,7.64,4.56,5.77,5.54,5.64,5.69,5.66,5.22,6.68,7.0,7.64,372.41700000000014,2.541720000000001,3,6,2.0,9.1
CNP0268621.1,CC(C)C1=C(O)C(=O)C2=C(CC[C@H]3C(C)(C)CCC[C@]23C(=O)O)C1=O,Royleanonic acid,Lipids and lipid-like molecules,Terpenoids,Diterpenoids,Abietane diterpenoids,Rosmarinus officinalis|Rosmarinus officinalis L.,10.1016/J.PHYTOCHEM.2005.04.041,Rosmarinus officinalis|Rosmarinus officinalis L.,Terpenoids,7.06,7.56,4.55,5.95,5.25,4.85,5.69,5.15,5.12,6.38,7.0,7.56,346.42300000000006,3.594000000000002,2,4,2.0,9.1
CNP0267445.2,C/C=C/C/C=C(/C)[C@H]1CC[C@](C)(/C=C/[C@H](C)C(=O)C2=C(O)C=C([C@H](C)CC/C=C/NC(=O)OC)OC2=O)O1,,Organic oxygen compounds,Polyketides,Cyclic polyketides,2-pyrone derivatives,Corallococcus coralloides,10.1002/JLAC.198519850418,Corallococcus coralloides,Polyketides,6.88,7.44,4.56,6.16,5.7,5.36,5.56,5.49,5.15,6.69,7.0,7.44,527.6580000000004,6.324000000000008,2,7,2.0,9.1
CNP0267445.3,C/C=C/C/C=C(/C)C1CCC(C)(/C=C/C(C)C(=O)C2=C(O)C=C(C(C)CC/C=C/NC(=O)OC)OC2=O)O1,,,Polyketides,Cyclic polyketides,2-pyrone derivatives,Corallococcus (Myxococcus) coralloides|Corallococcus coralloides,10.7164/ANTIBIOTICS.38.145|10.7164/antibiotics.38.145,Corallococcus (Myxococcus) coralloides|Corallococcus coralloides,Polyketides,6.88,7.44,4.56,6.16,5.7,5.36,5.56,5.49,5.15,6.69,7.0,7.44,527.6580000000004,6.324000000000008,2,7,2.0,9.1
CNP0425049.1,CC(C)C1=C(O)C2=C(C(=O)C1=O)[C@@]1(C(=O)O)CCCC(C)(C)[C@@H]1CC2,Royleanonic acid,Lipids and lipid-like molecules,Terpenoids,Diterpenoids,Abietane diterpenoids,Rosmarinus Officinalis|Salvia plebeia,10.1016/S0308-8146(00)00300-9,Rosmarinus Officinalis|Salvia plebeia,Terpenoids,7.05,7.55,4.55,6.06,5.25,4.91,5.73,5.61,5.12,6.39,7.0,7.55,346.4230000000001,3.594000000000003,2,4,2.0,9.1
CNP0581617.2,C/C=C/C/C=C(/C)[C@H](O)CC/C(C)=C/C=C(\C)C(=O)C1=C(O)C=C([C@H](C)CC/C=C/NC(=O)OC)OC1=O,Corallopyronin A,Organic oxygen compounds,Polyketides,Cyclic polyketides,2-pyrone derivatives,Corallococcus coralloides,10.1002/JLAC.198519850418,Corallococcus coralloides,Polyketides,6.38,7.46,4.49,6.13,5.57,5.92,5.67,5.59,5.31,7.17,7.0,7.46,527.6580000000002,6.2277000000000085,3,7,2.0,9.1
CNP0476938.1,CCCCC(C)C1=CC(=O)C2=C(O[C@]3(C)CC[C@H]4O[C@@H](C(C)(O)C(=O)O)CC[C@]4(C)[C@H]3C2)C1=O,,Organoheterocyclic compounds,Polyketides,Meroterpenoids,Other polyketide meroterpenoids,Anamorphic fungus RF-13305,10.1021/np2007389,Anamorphic fungus RF-13305,Polyketides,7.09,7.6,4.35,6.3,5.38,5.41,5.63,5.87,5.26,5.55,7.0,7.6,474.5940000000003,4.123500000000003,2,6,2.0,9.1
CNP0267800.0,CC(C)=CCC1=C(O)C(CC=C(C)C)=C2OC3=C(OC(=O)C2=C1O)C1=C(OC(C)(C)C=C1)C(O)=C3,Garcinisidone E,Organoheterocyclic compounds,Polyketides,Aromatic polyketides,Depsidones,Garcinia|Garcinia corallina|Garcinia neglecta|Garcinia puat,10.1021/NP000333+|10.1021/np000333+,Garcinia|Garcinia corallina|Garcinia neglecta|Garcinia puat,Polyketides,6.65,7.69,4.58,6.56,5.41,5.74,5.69,5.63,5.2,6.67,7.0,7.69,478.5410000000003,6.3299000000000065,3,7,2.0,9.1
CNP0267445.4,C/C=C/C/C=C(\C)C1CCC(C)(/C=C/C(C)C(=O)C2=C(O)C=C(C(C)CC/C=C/NC(=O)OC)OC2=O)O1,,,Polyketides,Cyclic polyketides,2-pyrone derivatives,Corallococcus coralloides,10.7164/ANTIBIOTICS.38.145,Corallococcus coralloides,Polyketides,6.88,7.44,4.56,6.16,5.7,5.36,5.56,5.49,5.15,6.69,7.0,7.44,527.6580000000004,6.324000000000008,2,7,2.0,9.1
CNP0581617.3,C/C=C/C/C=C(\C)C(O)CC/C(C)=C/C=C(\C)C(=O)C1=C(O)C=C([C@H](C)CC/C=C/NC(=O)OC)OC1=O,,,Polyketides,Cyclic polyketides,2-pyrone derivatives,Corallococcus coralloides,10.7164/ANTIBIOTICS.38.145,Corallococcus coralloides,Polyketides,6.38,7.46,4.49,6.13,5.57,5.92,5.67,5.59,5.31,7.17,7.0,7.46,527.6580000000002,6.2277000000000085,3,7,2.0,9.1
CNP0508785.0,O=C1N=C(O)C(C2=CC=CC=C2)=C1C1=CC=C(O)C=C1,5-hydroxy-3-(4-hydroxyphenyl)-4-phenylpyrrol-2-one,Phenylpropanoids and polyketides,Shikimates and Phenylpropanoids,Terphenyls,p-Terphenyls,Marine Bacteria (Unclassified),10.1021/acs.jnatprod.6b00235,Marine Bacteria (Unclassified),Shikimates and Phenylpropanoids,6.43,7.68,5.62,5.78,5.43,6.1,6.16,5.55,5.22,6.88,7.0,7.68,265.268,2.7997000000000014,2,2,2.0,9.1
CNP0524524.0,NC1=NC2(O)N3C(=CC(Br)=C3Br)C(=O)N3CCCC32N1,,Organic acids and derivatives,Alkaloids,,,agelas sponges,10.1016/j.bmc.2009.12.028,agelas sponges,Alkaloids,6.88,7.71,4.66,5.62,5.67,5.61,6.12,5.49,5.46,6.4,7.0,7.71,405.0500000000001,0.4795000000000002,3,5,2.0,9.1
CNP0139268.0,CC(C)C1=CC2=C(C(O)=C1O)C1CCCC(C)(C)C1CC2=O,,Lipids and lipid-like molecules,Terpenoids,Diterpenoids,Abietane diterpenoids,Rosmarinus officinalis,10.3390/IJMS151120585,Rosmarinus officinalis,Terpenoids,7.06,7.49,4.4,5.92,5.3,5.12,5.59,5.29,5.08,6.41,6.99,7.49,302.414,4.717500000000005,2,3,2.0,9.09
CNP0412732.1,O=C1C2=C(O)C=C(O)C=C2OC[C@@]1(O)C1=CC=C(O)C=C1,Dothideoisoflavanone,Phenylpropanoids and polyketides,Shikimates and Phenylpropanoids,Isoflavonoids,Isoflavanones,Unknown-fungus sp. CMU-99,10.1016/j.tetlet.2015.01.088,Unknown-fungus sp. CMU-99,Shikimates and Phenylpropanoids,6.69,7.72,5.08,5.76,5.37,5.73,5.93,5.15,5.11,6.56,6.99,7.72,288.25499999999994,1.2662999999999998,4,6,2.0,9.09
CNP0267523.1,CC1(C)CCC[C@@]2(C)C1CC[C@@](C)(O)[C@@H]2CC1=C(O)C=CC(O)=C1C=O,,Organic oxygen compounds,Terpenoids,Meroterpenoids,Drimane sesquiterpenoids,Siphonodictyon coralliphagum,10.1039/np9840100551,Siphonodictyon coralliphagum,Terpenoids,6.2,7.13,5.85,5.7,5.16,5.38,5.92,5.69,5.17,7.63,6.99,7.63,360.494,4.446400000000007,3,4,2.0,9.09
CNP0108701.1,CC1=C([C@]2(C)CC[C@H]3[C@@H](CC=C4C[C@@H](O)[C@H](O)C[C@@]43C)C2=O)C=CO1,,Organoheterocyclic compounds,Terpenoids,Steroids,Pregnane steroids,Agave cocui|Alcyonium coralloides|Campanula hypopolia|Chasmanthera dependens|Corydalis pallida|Crepis czerepanovii|Cylindropuntia leptocaulis|Dendrobates auratus|Eupatoriastrum nelsonii|Huperzia selago|Hydroclathrus tenuis|Hymenoxys grandiflora|Kielmeyera rubriflora|Larix lyallii|Lethariella sinensis|Maackia floribunda|Meliosma wightii|Oroxylum indicum|Othonna tagetes|Pellina semitubulosa|Penicillium expansum|Phakellia flabellata|Philadelphus coronarius|Phragmatobia fuliginosa|Phyllosticta cirsii|Polygala fruticosa|Pteris pedata|Pterocarpus macrocarpus|Russula lepida|Scandix pecten-veneris|Senecio miser|Simaba cuneata|Sorbaria arborea|Syzygium levinei|Thalictrum podocarpum|Trichilia catigua|Trichoplusia ni|Tripteris microcarpa|Turbina corymbosa|Urginea riparia|Ventilago madraspatana|Vincetoxicum atratum,10.1016/0031-9422(88)80692-7,Agave cocui|Alcyonium coralloides|Campanula hypopolia|Chasmanthera dependens|Corydalis pallida|Crepis czerepanovii|Cylindropuntia leptocaulis|Dendrobates auratus|Eupatoriastrum nelsonii|Huperzia selago|Hydroclathrus tenuis|Hymenoxys grandiflora|Kielmeyera rubriflora|Larix lyallii|Lethariella sinensis|Maackia floribunda|Meliosma wightii|Oroxylum indicum|Othonna tagetes|Pellina semitubulosa|Penicillium expansum|Phakellia flabellata|Philadelphus coronarius|Phragmatobia fuliginosa|Phyllosticta cirsii|Polygala fruticosa|Pteris pedata|Pterocarpus macrocarpus|Russula lepida|Scandix pecten-veneris|Senecio miser|Simaba cuneata|Sorbaria arborea|Syzygium levinei|Thalictrum podocarpum|Trichilia catigua|Trichoplusia ni|Tripteris microcarpa|Turbina corymbosa|Urginea riparia|Ventilago madraspatana|Vincetoxicum atratum,Terpenoids,6.87,7.45,5.66,5.74,6.28,5.41,6.66,5.33,5.02,5.99,6.99,7.45,344.4510000000001,3.293020000000002,2,4,2.0,9.09
CNP0266483.1,C=C1CC[C@@H]2C(C)(C)CCC[C@@]2(C)[C@@H]1CC1=CC(O)=CC=C1O,ZONAROL,Benzenoids,Terpenoids,Sesquiterpenoids,Drimane sesquiterpenoids,Dictyopteris undulata|Marine|Phytolacca acinosa,10.1002/CHIN.197340251|10.1007/S10600-019-02670-2|10.1016/0031-9422(95)00651-6|10.1246/BCSJ.52.629|10.1371/JOURNAL.PONE.0113509|10.1371/journal.pone.0113509|10.3987/R-1984-10-2301,Dictyopteris undulata|Marine|Phytolacca acinosa,Terpenoids,6.41,7.1,5.47,5.83,5.31,5.4,6.2,5.66,5.16,7.47,6.99,7.47,314.469,5.439100000000007,2,2,2.0,9.09
CNP0207987.0,CC(C)C1=CC2=C(C3=C(CC2)C(C)(C)CCC3=O)C(O)=C1O,Sageone,Lipids and lipid-like molecules,Terpenoids,Diterpenoids,Icetexane diterpenoids,Rosmarinus officinalis|Salvia|Salvia apiana|Salvia mellifera|Salvia officinalis|Salvia pachyphylla,10.1016/0031-9422(92)80282-J|10.1016/0031-9422(92)83493-I|10.1016/J.PHYMED.2016.06.014|10.1016/S0031-9422(00)94798-8|10.1016/S0031-9422(97)00151-9|10.1016/S0305-1978(02)00165-5|10.1016/j.phymed.2016.09.008|10.1021/NP060279I|10.1055/A-0608-4946|10.1080/14786419.2016.1269096,Rosmarinus officinalis|Salvia|Salvia apiana|Salvia mellifera|Salvia officinalis|Salvia pachyphylla,Terpenoids,7.04,7.61,4.34,5.89,5.24,5.64,5.71,5.24,5.17,6.31,6.99,7.61,300.3979999999999,4.310100000000005,2,3,2.0,9.09
CNP0163526.3,C[C@@H](CO)C1=CC2=C(C(O)=C1O)[C@@]1(C)CCCC(C)(C)C1=C(O)C2=O,,Lipids and lipid-like molecules,Terpenoids,Diterpenoids,Abeoabietane diterpenoids,Avicennia marina,10.1055/s-2008-1034318,Avicennia marina,Terpenoids,6.99,7.47,4.3,6.09,5.8,5.59,5.72,5.4,5.21,6.51,6.99,7.47,346.42300000000006,3.669800000000002,4,5,2.0,9.09
CNP0134010.4,C[C@H](/C=C/[C@H](C)[C@H](C)CO)[C@H]1CC[C@@H]2C3=CC[C@@H]4CC(=O)CC[C@]4(C)[C@@H]3CC[C@@]21C,,,Terpenoids,Steroids,Cholestane steroids,Taiwanofungus camphoratus,10.1016/J.BMC.2010.10.032,Taiwanofungus camphoratus,Terpenoids,6.92,7.43,4.41,6.62,5.09,5.18,5.52,5.01,5.18,5.61,6.99,7.43,412.65800000000036,6.5913000000000075,1,2,2.0,9.09
CNP0163526.4,C[C@H](CO)C1=CC2=C(C(O)=C1O)[C@@]1(C)CCCC(C)(C)C1=C(O)C2=O,,Lipids and lipid-like molecules,Terpenoids,Diterpenoids,Abeoabietane diterpenoids,Avicennia marina,10.1055/S-2008-1034318,Avicennia marina,Terpenoids,6.99,7.47,4.3,6.09,5.8,5.59,5.72,5.4,5.21,6.51,6.99,7.47,346.42300000000006,3.669800000000002,4,5,2.0,9.09
CNP0134010.3,C[C@H](C=C[C@H](C)[C@H](C)CO)[C@H]1CC[C@@H]2C3=CC[C@@H]4CC(=O)CC[C@]4(C)[C@@H]3CC[C@@]21C,,,Terpenoids,Steroids,Cholestane steroids,Taiwanofungus camphoratus,10.1016/J.BMC.2010.10.032,Taiwanofungus camphoratus,Terpenoids,6.92,7.43,4.41,6.62,5.09,5.18,5.52,5.01,5.18,5.61,6.99,7.43,412.65800000000036,6.5913000000000075,1,2,2.0,9.09
CNP0333905.2,C/C=C1\C=CC2=NCC[C@@H]3O[C@@]213,Abikoviromycin,Organoheterocyclic compounds,,,,Unknown-fungus sp.,10.7164/antibiotics.56.801,Unknown-fungus sp.,,6.31,7.02,4.31,7.4,5.26,5.35,5.24,5.15,5.02,6.55,6.99,7.4,161.204,1.4848000000000001,0,2,2.0,9.09
CNP0002836.0,CC(C)C1=CC2=C(C(=O)C3CCCC(C)(C)C3CC2)C(O)=C1O,Rosmaridiphenol,Lipids and lipid-like molecules,Terpenoids,Diterpenoids,Abietane diterpenoids,Rosmarinus officinalis,10.1007/BF02636212|10.3390/MOLECULES21111576,Rosmarinus officinalis,Terpenoids,7.0,7.56,4.38,5.97,5.16,5.15,5.7,5.19,5.13,6.42,6.99,7.56,316.44100000000003,4.7926000000000055,2,3,2.0,9.09
CNP0597650.1,O=C(N[C@H](CO)CCCCNC(=O)C1=CC=CC(O)=C1O)C1=CC=CN=C1,Myxochelin N1,Benzenoids,Alkaloids,Peptide alkaloids,,Corallococcus|Corallococcus sp.,10.3390/MOLECULES26164929|10.3390/molecules26164929,Corallococcus|Corallococcus sp.,Alkaloids,5.81,7.36,5.56,6.54,5.46,5.39,5.68,5.25,5.75,7.08,6.99,7.36,373.40900000000005,1.1837999999999989,5,6,2.0,9.09
CNP0134010.1,C[C@H](/C=C/[C@H](C)[C@H](C)CO)[C@H]1CC[C@H]2C3=CC[C@H]4CC(=O)CC[C@]4(C)[C@H]3CC[C@]12C,Camphoratin I,Lipids and lipid-like molecules,Terpenoids,Steroids,Cholestane steroids,Taiwanofungus camphoratus,10.1016/J.BMC.2010.10.032|10.1016/j.bmc.2010.10.032|10.1021/NP1002143|10.1021/np1002143,Taiwanofungus camphoratus,Terpenoids,6.92,7.43,4.41,6.62,5.09,5.18,5.52,5.01,5.18,5.61,6.99,7.43,412.65800000000036,6.5913000000000075,1,2,2.0,9.09
CNP0267523.2,CC1(C)CCC[C@@]2(C)[C@@H]1CC[C@@](C)(O)[C@@H]2CC1=C(O)C=CC(O)=C1C=O,,Organic oxygen compounds,Terpenoids,Meroterpenoids,Drimane sesquiterpenoids,Siphonodictyon coralliphagum,10.1016/S0040-4020(01)97672-0,Siphonodictyon coralliphagum,Terpenoids,6.2,7.13,5.85,5.7,5.16,5.38,5.92,5.69,5.17,7.63,6.99,7.63,360.494,4.446400000000007,3,4,2.0,9.09
CNP0108701.2,CC1=C([C@@]2(C)CC[C@H]3[C@@H](CC=C4C[C@@H](O)[C@H](O)C[C@@]43C)C2=O)C=CO1,,Organoheterocyclic compounds,Terpenoids,Steroids,Pregnane steroids,Agave cocui|Alcyonium coralloides|Campanula hypopolia|Chasmanthera dependens|Corydalis pallida|Crepis czerepanovii|Cylindropuntia leptocaulis|Cynanchum sublanceolatum|Dendrobates auratus|Eupatoriastrum nelsonii|Huperzia selago|Hydroclathrus tenuis|Hymenoxys grandiflora|Kielmeyera rubriflora|Larix lyallii|Lethariella sinensis|Maackia floribunda|Meliosma wightii|Oroxylum indicum|Othonna tagetes|Pellina semitubulosa|Penicillium expansum|Phakellia flabellata|Philadelphus coronarius|Phragmatobia fuliginosa|Phyllosticta cirsii|Polygala fruticosa|Pteris pedata|Pterocarpus macrocarpus|Russula lepida|Scandix pecten-veneris|Senecio miser|Simaba cuneata|Sorbaria arborea|Syzygium levinei|Thalictrum podocarpum|Trichilia catigua|Trichoplusia ni|Tripteris microcarpa|Turbina corymbosa|Urginea riparia|Ventilago madraspatana|Vincetoxicum atratum|Vincetoxicum sublanceolatum,10.1016/0031-9422(88)80692-7|10.1248/CPB.54.1551,Agave cocui|Alcyonium coralloides|Campanula hypopolia|Chasmanthera dependens|Corydalis pallida|Crepis czerepanovii|Cylindropuntia leptocaulis|Cynanchum sublanceolatum|Dendrobates auratus|Eupatoriastrum nelsonii|Huperzia selago|Hydroclathrus tenuis|Hymenoxys grandiflora|Kielmeyera rubriflora|Larix lyallii|Lethariella sinensis|Maackia floribunda|Meliosma wightii|Oroxylum indicum|Othonna tagetes|Pellina semitubulosa|Penicillium expansum|Phakellia flabellata|Philadelphus coronarius|Phragmatobia fuliginosa|Phyllosticta cirsii|Polygala fruticosa|Pteris pedata|Pterocarpus macrocarpus|Russula lepida|Scandix pecten-veneris|Senecio miser|Simaba cuneata|Sorbaria arborea|Syzygium levinei|Thalictrum podocarpum|Trichilia catigua|Trichoplusia ni|Tripteris microcarpa|Turbina corymbosa|Urginea riparia|Ventilago madraspatana|Vincetoxicum atratum|Vincetoxicum sublanceolatum,Terpenoids,6.87,7.45,5.66,5.74,6.28,5.41,6.66,5.33,5.02,5.99,6.99,7.45,344.4510000000001,3.293020000000002,2,4,2.0,9.09
CNP0134010.2,C[C@H](C=C[C@H](C)[C@H](C)CO)[C@H]1CC[C@H]2C3=CC[C@H]4CC(=O)CC[C@]4(C)[C@H]3CC[C@]12C,,Lipids and lipid-like molecules,Terpenoids,Steroids,Cholestane steroids,Alcyonium grandis|Colubrina asiatica|Dipterocarpus pilosus|Echinus miliaris|Hilliardiella oligocephala|Lycoris x chejuensis|Manduca sexta|Moquiniastrum paniculatum|Mosla scabra|Orthosiphon wulfenioides|Podocarpus lawrencei|Taiwanofungus camphoratus,10.1021/NP1002143|10.1021/np1002143,Alcyonium grandis|Colubrina asiatica|Dipterocarpus pilosus|Echinus miliaris|Hilliardiella oligocephala|Lycoris x chejuensis|Manduca sexta|Moquiniastrum paniculatum|Mosla scabra|Orthosiphon wulfenioides|Podocarpus lawrencei|Taiwanofungus camphoratus,Terpenoids,6.92,7.43,4.41,6.62,5.09,5.18,5.52,5.01,5.18,5.61,6.99,7.43,412.65800000000036,6.5913000000000075,1,2,2.0,9.09
CNP0411529.1,CC/C=C\C1=C(C)OC(=O)C=C1,,,Polyketides,Cyclic polyketides,2-pyrone derivatives,Unknown-fungus sp. LL-11G219,10.1016/s0040-4020(98)00792-3,Unknown-fungus sp. LL-11G219,Polyketides,6.36,7.63,5.34,5.78,6.97,5.51,5.07,5.33,5.07,5.77,6.99,7.63,164.204,2.3714200000000005,0,2,2.0,9.09
CNP0221769.1,CCCCCCCC(=O)O[C@@H]1[C@@H]2[C@H](CC1(C)C)[C@H](O)C1=C(Cl)C(=O)[C@@](O)(CO)[C@]12C,Chloriolin C,Lipids and lipid-like molecules,Terpenoids,Sesquiterpenoids,Hirsutane sesquiterpenoids,Unknown-bacterium sp.|unidentified fungus,10.1021/jo00100a041|10.1039/np9961300075,Unknown-bacterium sp.|unidentified fungus,Terpenoids,6.41,7.72,4.38,6.04,5.3,5.57,5.95,6.85,5.25,5.92,6.99,7.72,442.98000000000025,3.100800000000002,3,6,2.0,9.09
CNP0073497.0,CC1=CC(O)=C(C2=CC(=O)CC2(C)C)C=C1O,Coralcuparene,Benzenoids,Terpenoids,Diterpenoids,Podocarpane diterpenoids,Hericium coralloides,10.1038/S41429-018-0067-6|10.1038/s41429-018-0067-6,Hericium coralloides,Terpenoids,6.58,7.56,5.37,5.64,5.33,5.68,5.88,5.33,4.84,6.79,6.98,7.56,232.27899999999997,2.788620000000001,2,3,2.0,9.07
CNP0219959.0,NC1=NC=C(C2=CCNC(=O)C3=C2C(Br)=C(Br)N3)N1,stevensine,Organoheterocyclic compounds,Alkaloids,Histidine alkaloids,Imidazole alkaloids,Axinella corrugata|Axinella verrucosa|Bryopsis pennata|Inella verrucosa|Stylissa|Stylissa caribica|Stylissa carteri|Stylissa species|unidentified sponge,10.1016/J.BMC.2005.07.057|10.1016/J.TET.2012.09.097|10.1016/S0040-4039(99)00881-3|10.1016/j.tet.2012.09.097|10.1021/NP060006N|10.1021/NP900287E|10.1021/NP980315G|10.1039/np9870400539,Axinella corrugata|Axinella verrucosa|Bryopsis pennata|Inella verrucosa|Stylissa|Stylissa caribica|Stylissa carteri|Stylissa species|unidentified sponge,Alkaloids,6.39,8.11,4.41,5.8,5.51,5.41,5.28,6.25,5.52,6.44,6.98,8.11,387.03499999999997,2.0201,4,3,2.0,9.07
CNP0282253.1,CC(=O)OCC1=CC=C[C@]2(C)CC(=O)[C@](O)([C@@H](O)C(C)=O)C[C@@H]12,,Organic oxygen compounds,Terpenoids,Sesquiterpenoids,Eudesmane sesquiterpenoids,Organ pipe coral|Tubipora musica,10.1021/NP010228F,Organ pipe coral|Tubipora musica,Terpenoids,6.75,7.75,4.42,6.04,5.56,5.52,5.48,6.43,5.11,5.98,6.98,7.75,322.3570000000001,0.7121000000000001,2,6,2.0,9.07
CNP0246639.1,CC(C)[C@H]1C(O)[C@@]2(O)OCCN3C(=O)C4=C5C3=C2[C@]1(C)CC[C@]5(C)CCC4=O,Guanacastepene H,Organoheterocyclic compounds,Terpenoids,Diterpenoids,Guanacastane diterpenoids,Unknown-fungus sp. cR115,10.1021/ja016176y,Unknown-fungus sp. cR115,Terpenoids,6.99,7.42,4.54,6.54,5.16,5.16,5.53,5.37,5.07,5.94,6.98,7.42,387.4760000000002,1.9141000000000001,2,5,2.0,9.07
CNP0355079.1,CC1=CC2=C(CC3=C(O)C=C(C)OC3=O)C(=O)[C@](C)(O)[C@@H](O)C2=CO1,Dothideomynone B,Organoheterocyclic compounds,Polyketides,Chromanes,Azaphilones,Unknown-fungus sp. CRI7,10.1016/j.phytochem.2014.09.013,Unknown-fungus sp. CRI7,Polyketides,6.44,7.73,4.7,6.41,5.12,5.47,5.82,5.38,5.09,6.77,6.98,7.73,346.33500000000004,1.0054199999999995,3,7,2.0,9.07
CNP0282253.3,CC(=O)OCC1=CC=C[C@@]2(C)CC(=O)[C@](O)([C@@H](O)C(C)=O)C[C@@H]12,,Organic oxygen compounds,Terpenoids,Sesquiterpenoids,Eudesmane sesquiterpenoids,Organ pipe coral,10.1021/NP010228F,Organ pipe coral,Terpenoids,6.75,7.75,4.42,6.04,5.56,5.52,5.48,6.43,5.11,5.98,6.98,7.75,322.3570000000001,0.7121000000000001,2,6,2.0,9.07
CNP0333232.0,COC1=CC(C2=CC(=O)C3=C(O)C=C(OS(=O)(=O)O)C=C3O2)=CC=C1O,Luteolin 3'-methyl ether 7-sulfate,Phenylpropanoids and polyketides,Shikimates and Phenylpropanoids,Flavonoids,Flavones,Zostera marina,,Zostera marina,Shikimates and Phenylpropanoids,6.4,7.55,5.37,5.93,5.25,6.35,6.12,5.51,5.1,6.99,6.98,7.55,380.3300000000001,2.0614000000000003,3,8,2.0,9.07
CNP0128027.1,CC1(C)CCC[C@@]2(C)C1CC[C@@]1(C)OCC3=C(O)C=CC(O)=C3C[C@@H]12,,Benzenoids,Terpenoids,Meroterpenoids,Tetraketide meroterpenoids,Siphonodictyon coralliphagum,10.1039/c5np00156k,Siphonodictyon coralliphagum,Terpenoids,6.39,7.01,5.61,5.77,5.25,5.33,5.91,5.36,5.01,7.53,6.98,7.53,344.49500000000006,5.171800000000007,2,3,2.0,9.07
CNP0302185.0,COC1=C(O)C=C2OC3=C(C(=O)OC2=C1CC=C(C)C)C(O)=C1C=CC(C)(C)OC1=C3,Garcinisidone B,Organoheterocyclic compounds,Polyketides,Aromatic polyketides,Depsidones,Garcinia|Garcinia corallina|Garcinia neglecta|Garcinia puat,10.1021/NP000333+|10.1021/np000333+,Garcinia|Garcinia corallina|Garcinia neglecta|Garcinia puat,Polyketides,6.63,7.67,4.55,6.62,5.44,6.11,5.69,5.65,5.18,6.65,6.98,7.67,424.4490000000002,5.124200000000004,2,7,2.0,9.07
CNP0228884.1,COC1=CC(/C=C/C[C@@]23C[C@@H](C(=O)O)N[C@@H]2NC2=CC=CC=C23)=CC=C1O,"(2~{S},3~{a}~{R},8~{b}~{S})-8~{b}-[(~{E})-3-(4-hydroxy-3-methoxy-phenyl)allyl]-2,3,3~{a},4-tetrahydro-1~{H}-pyrrolo[2,3-b]indole-2-carboxylic acid",Organoheterocyclic compounds,Alkaloids,,,Adlumia fungosa|Baccharis flabellata|Gasteria bicolor|Juglans regia|Leptospermum liversidgei|Senecio barba-johannis|Solanum lycocarpum|Spongia hispida|Tephrosia lupinifolia,,Adlumia fungosa|Baccharis flabellata|Gasteria bicolor|Juglans regia|Leptospermum liversidgei|Senecio barba-johannis|Solanum lycocarpum|Spongia hispida|Tephrosia lupinifolia,Alkaloids,5.72,7.05,5.41,5.84,5.43,5.63,5.9,5.51,5.08,8.0,6.98,8.0,366.4170000000001,2.9402000000000013,4,5,2.0,9.07
CNP0350166.1,CC(C)(O)[C@H]1CC2=CC=C(CC3=C(C4=CC=C(O)C=C4)C(=O)NC3=O)C=C2O1,,Organoheterocyclic compounds,Alkaloids,,,Aspergillus terreus|Fungi,10.1016/J.FITOTE.2018.10.011|10.1016/j.fitote.2018.10.011,Aspergillus terreus|Fungi,Alkaloids,6.82,7.57,5.27,6.44,5.61,6.19,5.98,5.59,5.17,6.55,6.98,7.57,379.4120000000001,2.1193,3,5,2.0,9.07
CNP0525944.1,CC(C)(O)[C@H](O)C[C@@H](O)C1=CC2=C(C(O)=C1O)C(=O)C1=C(O)C=CC=C1O2,"1,2,8-trihydroxy-3-(1R*,3R*,4-trihydroxy-4-methylpentyl)-9H-xanthen-9-one",Organoheterocyclic compounds,Shikimates and Phenylpropanoids,Xanthones,Methyl xanthones,Unknown-fungus sp.,10.1080/14786419.2018.1556655,Unknown-fungus sp.,Shikimates and Phenylpropanoids,6.68,7.63,5.04,6.45,5.2,5.9,5.64,5.4,5.14,6.59,6.97,7.63,376.3610000000001,1.6182999999999994,6,8,2.0,9.06
CNP0370787.2,CC1=CC(O)=CC(O)=C1C(=O)O[C@H]1CC2=C(CO[C@](O)(CCC(=O)O)C2)C(=O)[C@@]1(C)O,Montagnuphilone D,Organoheterocyclic compounds,Polyketides,Chromanes,Azaphilones,Unknown-fungus sp. DM0194,10.1021/acs.jnatprod.6b00714,Unknown-fungus sp. DM0194,Polyketides,6.49,7.69,4.41,5.53,5.41,5.63,5.84,5.33,5.0,6.72,6.97,7.69,436.41300000000024,0.9257199999999994,5,9,2.0,9.06
CNP0398335.1,C/C1=C/C[C@H](O)/C=C\[C@H](C)[C@H](O)[C@@H](C)/C=C(/C)C(=O)C2=C(O)C(C)=CC3=C2C(=O)C(=O)C(=C3O)NC(=O)/C=C\C=CC=C[C@H](C)[C@@H](O)CC1=O,Actamycin,Benzenoids,Polyketides,Macrolides,Ansa macrolides,Streptomyces sp. E/784|Unknown-fungus sp.,10.7164/antibiotics.39.311|10.7164/antibiotics.51.958,Streptomyces sp. E/784|Unknown-fungus sp.,Polyketides,6.76,7.6,4.3,5.56,5.53,5.8,5.87,6.54,5.14,6.49,6.97,7.6,687.7860000000004,4.462820000000004,6,10,2.0,9.06
CNP0357812.1,COC1=CC2=CC3=C(C(=O)O[C@@H]4C[C@@H](C)O[C@H]34)C(O)=C2C(O)=C1C1=C(OC)C=C2C=C3C(=C(O)C2=C1O)C(=O)O[C@@H]1C[C@@H](C)O[C@H]31,Lichenicolin A,Organoheterocyclic compounds,Polyketides,Naphthalenes,Bisnaphthalenes,Unknown-fungus sp. LL-RB0668,10.1038/ja.2005.99,Unknown-fungus sp. LL-RB0668,Polyketides,6.36,7.54,4.41,5.66,5.38,5.86,5.82,5.18,5.04,7.0,6.97,7.54,630.6020000000003,5.277400000000008,4,12,2.0,9.06
CNP0147633.1,COC1=CC2=C(C(=O)C3=C(C[C@H](C)O[C@@H]3C)C2=O)C(O)=C1C1=C(OC)C=C2C(=C1O)C(=O)[C@H]1[C@@H](C[C@H](C)O[C@@H]1C)[C@H]2O,Cardinalin-2,"Lignans, neolignans and related compounds",Polyketides,Naphthalenes,Bisnaphthalenes,Cortinarius cardinalis|Dermocybe cardinalis|Unknown-fungus sp.,10.1039/A605900G|10.1039/a605900g|10.1071/CH9950001|10.1080/10575639408044061,Cortinarius cardinalis|Dermocybe cardinalis|Unknown-fungus sp.,Polyketides,6.4,7.56,4.35,5.59,5.67,6.22,5.79,5.13,5.09,6.94,6.97,7.56,578.6140000000004,4.314300000000005,3,10,2.0,9.06
CNP0434484.1,C[C@H](O)[C@H](O)C1=CN=C2C(=N1)C(=O)NC(=O)N2C,,Organoheterocyclic compounds,Alkaloids,Pseudoalkaloids,pteridine alkaloids,Corallistes undulatus,10.1039/np9951200223,Corallistes undulatus,Alkaloids,6.51,8.0,4.5,5.99,5.45,5.34,5.76,5.5,5.27,6.4,6.97,8.0,252.23,-1.5689999999999997,3,6,2.0,9.06
CNP0525944.2,CC(C)(O)[C@@H](O)C[C@@H](O)C1=CC2=C(C(O)=C1O)C(=O)C1=C(O)C=CC=C1O2,"1,2,8-trihydroxy-3-(1R*,3S*,4-trihydroxy-4-methylpentyl)-9H-xanthen-9-one",Organoheterocyclic compounds,Shikimates and Phenylpropanoids,Xanthones,Methyl xanthones,Unknown-fungus sp.,10.1080/14786419.2018.1556655,Unknown-fungus sp.,Shikimates and Phenylpropanoids,6.68,7.63,5.04,6.45,5.2,5.9,5.64,5.4,5.14,6.59,6.97,7.63,376.3610000000001,1.6182999999999994,6,8,2.0,9.06
CNP0247657.1,CC(C)C1=CC2=C(C[C@H]3C(=O)CCC(C)(C)[C@@H]3CC2)C(O)=C1O,,Lipids and lipid-like molecules,Terpenoids,Diterpenoids,Icetexane diterpenoids,Premna serratifolia|Rosmarinus officinalis,10.1016/J.TET.2011.11.058|10.1055/S-0029-1240629,Premna serratifolia|Rosmarinus officinalis,Terpenoids,7.0,7.48,4.36,5.94,5.23,5.15,5.68,5.26,5.1,6.42,6.97,7.48,316.44100000000003,4.331400000000006,2,3,2.0,9.06
CNP0148968.1,CC(=O)O[C@H]1C(=O)C2=C3OC(=O)C4=C3[C@@](C)(CC[C@@H]4O)CC[C@]2(C)[C@H]1C(C)C,Guanacastepene N,Organic oxygen compounds,Terpenoids,Diterpenoids,Guanacastane diterpenoids,Unknown-fungus sp. cR115,10.1021/ja016176y,Unknown-fungus sp. cR115,Terpenoids,6.91,7.6,4.48,6.39,5.21,5.36,5.67,5.54,5.04,6.39,6.97,7.6,388.46000000000015,2.8416000000000015,1,6,2.0,9.06
CNP0142216.0,CCOCC1=C(O)C=C2C(=O)C3=CC=CC=C3C(=O)C2=C1O,Lucidin ethyl ether,Benzenoids,Polyketides,Polycyclic aromatic polyketides,Anthraquinones and anthrones,Chara corallina|Damnacanthus indicus|Euphorbia ingens|Fomes tasmanicus|Galium dasypodum|Galium rubioides|Galium sinaicum|Gynochthodes parvifolia|Knoxia valerianoides|Monilinia fructigena|Morinda angustifolia|Morinda citrifolia|Morinda lucida|Perna viridis|Plocama pendula|Rhamnus nakaharai|Rubia alata|Rubia lanceolata|Rubia pubescens|Rubia tinctorum|Scabiosa olgae|Siphonaria funiculata|Solanum curtipes|Stachys recta,10.1002/CBDV.200800047|10.1002/JCCS.199500117|10.1007/BF00633289|10.1016/0031-9422(92)90070-7|10.1016/0031-9422(95)00145-W|10.1016/J.FITOTE.2008.04.008|10.1016/J.FITOTE.2011.02.008|10.1016/S0031-9422(00)83480-9|10.1016/S0040-4039(00)01205-3|10.1016/j.fitote.2011.02.008|10.1055/S-2006-960473|10.1248/CPB.31.2353|10.1248/CPB.40.1504,Chara corallina|Damnacanthus indicus|Euphorbia ingens|Fomes tasmanicus|Galium dasypodum|Galium rubioides|Galium sinaicum|Gynochthodes parvifolia|Knoxia valerianoides|Monilinia fructigena|Morinda angustifolia|Morinda citrifolia|Morinda lucida|Perna viridis|Plocama pendula|Rhamnus nakaharai|Rubia alata|Rubia lanceolata|Rubia pubescens|Rubia tinctorum|Scabiosa olgae|Siphonaria funiculata|Solanum curtipes|Stachys recta,Polyketides,6.52,7.74,5.45,5.95,5.38,6.21,5.73,5.7,5.11,6.64,6.97,7.74,298.29400000000004,2.4097000000000013,2,5,2.0,9.06
CNP0370787.1,CC1=CC(O)=CC(O)=C1C(=O)O[C@H]1CC2=C(CO[C@@](O)(CCC(=O)O)C2)C(=O)[C@@]1(C)O,Montagnuphilone C,Organoheterocyclic compounds,Polyketides,Chromanes,Azaphilones,Unknown-fungus sp. DM0194,10.1021/acs.jnatprod.6b00714,Unknown-fungus sp. DM0194,Polyketides,6.49,7.69,4.41,5.53,5.41,5.63,5.84,5.33,5.0,6.72,6.97,7.69,436.41300000000024,0.9257199999999994,5,9,2.0,9.06
CNP0148968.2,CC(=O)O[C@@H]1C(=O)C2=C3OC(=O)C4=C3[C@@](C)(CC[C@@H]4O)CC[C@]2(C)[C@H]1C(C)C,Guanacastepene O,Organic oxygen compounds,Terpenoids,Diterpenoids,Guanacastane diterpenoids,Unknown-fungus sp. cR115,10.1021/ja016176y,Unknown-fungus sp. cR115,Terpenoids,6.91,7.6,4.48,6.39,5.21,5.36,5.67,5.54,5.04,6.39,6.97,7.6,388.46000000000015,2.8416000000000015,1,6,2.0,9.06
CNP0076080.2,COC1=CC(O)=C2C(=O)C=C(C3=CC=C(O)C(O[C@@H]4OC(CO)[C@H](O)C(O)[C@@H]4O)=C3)OC2=C1,,Phenylpropanoids and polyketides,Shikimates and Phenylpropanoids,Flavonoids,Flavones,Avicennia marina,10.1016/S0367-326X(99)00169-0|10.1016/s0367-326x(99)00169-0,Avicennia marina,Shikimates and Phenylpropanoids,6.46,7.51,4.79,6.02,5.34,6.31,6.06,5.63,5.1,6.94,6.97,7.51,462.40700000000015,0.05849999999999933,6,11,2.0,9.06
CNP0104885.1,C[C@H]1CC2=C(C=CC(O)=C2C(=O)O)CO1,6-hydroxy-3-methylisochroman-5-carboxylic acid,Benzenoids,Polyketides,Chromanes,Azaphilones,Unknown-fungus sp.|unidentified fungus,10.1039/b701534h|10.1186/s12900-017-0072-1,Unknown-fungus sp.|unidentified fungus,Polyketides,6.25,6.9,5.47,5.63,5.83,5.38,6.11,5.81,5.06,7.72,6.96,7.72,208.21299999999994,1.5515999999999999,2,3,2.0,9.05
CNP0265307.3,CCO[C@H]1C2=CC(C(C)C)=C(O)C(O)=C2[C@@]23CCCC(C)(C)[C@@H]2C1OC3=O,,,Terpenoids,Diterpenoids,Abietane diterpenoids,Lepechinia urbani|Lepechinia urbanii|Rosmarinus officinalis|Salvia columbariae,10.1016/0031-9422(95)00298-L|10.1016/S0031-9422(00)97049-3|10.1055/S-2006-962754,Lepechinia urbani|Lepechinia urbanii|Rosmarinus officinalis|Salvia columbariae,Terpenoids,7.01,7.54,4.38,5.91,5.31,5.44,5.68,5.21,5.14,6.32,6.96,7.54,374.47700000000015,4.301900000000004,2,5,2.0,9.05
CNP0263701.1,C[C@H](CC[C@@]1(C)[C@H](C)CC[C@]2(C)[C@@H]1CC(=O)[C@@H]1O[C@@]12C)CC(=O)O,,Organic acids and derivatives,Terpenoids,Diterpenoids,Colensane and Clerodane diterpenoids,Acacia catechuoides|Dracaena deisteliana|Haminoea fusari|Hartwrightia floridana|Magnolia stellata|Ophiorrhiza acuminata|Petersianthus macrocarpus|Sida hermaphrodita|Streptomyces flavofungini|Ursinia nudicaulis,10.1016/0031-9422(81)85194-1,Acacia catechuoides|Dracaena deisteliana|Haminoea fusari|Hartwrightia floridana|Magnolia stellata|Ophiorrhiza acuminata|Petersianthus macrocarpus|Sida hermaphrodita|Streptomyces flavofungini|Ursinia nudicaulis,Terpenoids,7.0,7.55,4.47,6.32,5.32,4.93,5.41,5.36,5.04,5.92,6.96,7.55,336.4720000000001,4.0664000000000025,1,3,2.0,9.05
CNP0377446.1,C=C(CC[C@@H](C)[C@H]1CC[C@H]2C3=C(C(=O)[C@H](O)[C@]12C)[C@@]1(C)CC[C@@H](O)[C@@H](C)[C@@H]1C[C@@H]3O)C(C)C(=O)O,Camphoratin A,Lipids and lipid-like molecules,Terpenoids,Steroids,Ergostane steroids,Taiwanofungus camphoratus,10.1021/NP1002143|10.1021/NP400741S|10.1021/np1002143,Taiwanofungus camphoratus,Terpenoids,7.02,8.01,4.42,5.85,4.91,5.3,5.65,5.01,5.2,5.76,6.96,8.01,488.6650000000003,4.130200000000003,4,5,2.0,9.05
CNP0177703.0,COC(=O)C1=C(C2=CNC3=CC=C(Cl)C=C23)C(C2=CNC3=CC=C(Cl)C=C23)=CN1,lynamicin A,Organoheterocyclic compounds,Alkaloids,Proline alkaloids,Pyrrole alkaloids,Actinomyces|Actinomyces nPS12745|Marinispora sp.|Streptomyces|Streptomyces SCSIO 03032|Streptomyces sp. MP131-18|actinomycete sp. NPS12745,10.1007/S12539-013-0200-Y|10.1007/s12539-013-0200-y|10.1021/NP500362P|10.1021/NP800286D|10.1021/np500362p|10.1021/np800286d|10.1021/ol301343n|10.1038/SREP42382|10.1038/srep42382|10.1039/b906091j,Actinomyces|Actinomyces nPS12745|Marinispora sp.|Streptomyces|Streptomyces SCSIO 03032|Streptomyces sp. MP131-18|actinomycete sp. NPS12745,Alkaloids,5.99,7.04,5.47,5.94,5.59,6.31,6.39,5.27,5.24,6.31,6.58,7.04,424.2870000000001,6.404700000000003,3,2,2.5,9.05
CNP0487994.0,CC1=CC(O)=NC2=C1C(=O)C1=C(C2=O)N(C)C(=O)C=C1C,"8-hydroxy-1,4,6-trimethylpyrido[3,2-g]quinoline-2,5,10-trione",Organoheterocyclic compounds,Alkaloids,,,Marine Bacteria (Unclassified)|Pseudonocardia|Streptomyces,10.1021/ACS.JNATPROD.9B01015|10.1021/acs.jnatprod.6b00235|10.3390/MD9081428,Marine Bacteria (Unclassified)|Pseudonocardia|Streptomyces,Alkaloids,6.43,7.63,4.47,5.79,5.75,5.86,6.08,5.65,5.05,6.81,6.96,7.63,284.271,0.8781399999999998,1,5,2.0,9.05
CNP0377446.2,C=C(CC[C@@H](C)[C@H]1CC[C@H]2C3=C(C(=O)[C@H](O)[C@]12C)[C@@]1(C)CC[C@@H](O)[C@@H](C)[C@@H]1C[C@@H]3O)[C@@H](C)C(=O)O,,Lipids and lipid-like molecules,Terpenoids,Steroids,Ergostane steroids,Alcyonium grandis|Colubrina asiatica|Dipterocarpus pilosus|Echinus miliaris|Hilliardiella oligocephala|Lycoris x chejuensis|Manduca sexta|Moquiniastrum paniculatum|Mosla scabra|Orthosiphon wulfenioides|Podocarpus lawrencei|Taiwanofungus camphoratus,10.1021/NP1002143,Alcyonium grandis|Colubrina asiatica|Dipterocarpus pilosus|Echinus miliaris|Hilliardiella oligocephala|Lycoris x chejuensis|Manduca sexta|Moquiniastrum paniculatum|Mosla scabra|Orthosiphon wulfenioides|Podocarpus lawrencei|Taiwanofungus camphoratus,Terpenoids,7.02,8.01,4.42,5.85,4.91,5.3,5.65,5.01,5.2,5.76,6.96,8.01,488.6650000000003,4.130200000000003,4,5,2.0,9.05
CNP0543011.0,C=CC1=C(C)C(=CC2=NC(=CC3=C(CCC(=O)OC)C(C)=C(C=C4NC(=O)C(C)=C4C=C)N3)C(CCC(=O)OC)=C2C)NC1=O,methyl 3-[2-[[3-(3-methoxy-3-oxo-propyl)-4-methyl-5-[(3-methyl-5-oxo-4-vinyl-pyrrol-2-ylidene)methyl]pyrrol-2-ylidene]methyl]-4-methyl-5-[(4-methyl-5-oxo-3-vinyl-pyrrol-2-ylidene)methyl]-1~{H}-pyrrol-3-yl]propanoate,Organoheterocyclic compounds,Alkaloids,,,Blue coral,10.1002/JLAC.19687130126,Blue coral,Alkaloids,6.62,7.8,4.4,5.95,6.45,5.93,5.91,5.94,5.17,5.94,6.96,7.8,610.7110000000002,4.9833200000000035,3,7,2.0,9.05
CNP0238832.1,CC1=C2C[C@@H](C)[C@]3(OC[C@@H](C)[C@H]3O)OC2=CC(=O)C(O)=C1,malettinin B,Hydrocarbon derivatives,Polyketides,Tropolones,Tropolones and derivatives (PKS),Unknown-fungus sterilia MYC-155 (NRRL 29110),10.1021/np049625r,Unknown-fungus sterilia MYC-155 (NRRL 29110),Polyketides,6.56,7.55,4.36,5.58,5.33,5.39,5.67,5.27,5.2,6.78,6.96,7.55,292.331,1.3553199999999999,2,5,2.0,9.05
CNP0418004.0,COC1=C(CO)C(O)=CC2=C1C(=O)C1=CC=CC=C1C2=O,Damnacanthol,Benzenoids,Polyketides,Polycyclic aromatic polyketides,Anthraquinones and anthrones,Chara corallina|Damnacanthus indicus|Damnacanthus major|Euphorbia ingens|Faramea occidentalis|Fomes tasmanicus|Heterophyllaea pustulata|Hymenodictyon excelsum|Knoxia valerianoides|Lasianthus acuminatissimus|Lasianthus acuminatissimus MERR.|Monilinia fructigena|Morinda Citrifolia|Morinda angustifolia|Morinda citrifolia|Morinda lucida|Neonauclea calycina|Pentas lanceolata|Perna viridis|Rhamnus nakaharai|Scabiosa olgae|Siphonaria funiculata|Solanum curtipes|Stachys recta,10.1007/BF02978826|10.1016/0031-9422(92)90070-7|10.1016/J.FITOTE.2008.04.008|10.1016/J.JPHOTOBIOL.2010.09.009|10.1016/S0031-9422(00)80719-0|10.1021/NP0605539|10.1021/NP070501Z|10.1071/ch9620332|10.1078/094471103322331854|10.1248/BPB.21.641|10.1248/CPB.54.297|10.1248/YAKUSHI1947.75.2_225|10.3109/13880209509055208,Chara corallina|Damnacanthus indicus|Damnacanthus major|Euphorbia ingens|Faramea occidentalis|Fomes tasmanicus|Heterophyllaea pustulata|Hymenodictyon excelsum|Knoxia valerianoides|Lasianthus acuminatissimus|Lasianthus acuminatissimus MERR.|Monilinia fructigena|Morinda Citrifolia|Morinda angustifolia|Morinda citrifolia|Morinda lucida|Neonauclea calycina|Pentas lanceolata|Perna viridis|Rhamnus nakaharai|Scabiosa olgae|Siphonaria funiculata|Solanum curtipes|Stachys recta,Polyketides,6.47,7.68,5.54,6.2,5.32,6.41,5.71,5.54,5.08,6.74,6.96,7.68,284.26700000000005,1.6684999999999999,2,5,2.0,9.05
CNP0151248.0,O=CC1=C(O)C=C2C(=O)C3=CC=CC=C3C(=O)C2=C1O,Nordamnacanthal,Benzenoids,Polyketides,Polycyclic aromatic polyketides,Anthraquinones and anthrones,Cercosporina kikuchii|Chara corallina|Coelospermum paniculatum|Coprosma linariifolia Hook.f.|Coprosma lineariifolia|Croton steenkampianus|Dalbergia odorifera|Damnacanthus indicus|Damnacanthus major|Daphne aurantiaca|Eriostemon brucei|Euphorbia ingens|Galium aparine|Garcinia cantleyana|Hymenodictyon Excelsum|Hymenodictyon excelsum|Hymenodictyon orixense|Knoxia valerianoides|Lonicera korolkovii|Melanothamnus somalensis|Monilinia fructigena|Morinda Citrifolia|Morinda citrifolia|Morinda citrifolia L.|Morinda coreia|Morinda elliptica|Morinda lucida|Morinda tinctoria|Neonauclea calycina|Parmelia gigas|Perna viridis|Portulaca pilosa|Prismatomeris fragrans|Pseudomonas putida|Pteris aquilina|Rennellia elliptica|Rubia Cordifolia|Rubia akane|Rubia argyi|Rubia cordifolia|Rubia iberica|Rubia pubescens|Rubia tinctorum|Rubia wallichiana|Rubia wallichiana DECNE|Siphonaria funiculata|Solanum curtipes|Stachys recta|Talaromyces helicus|Zerynthia polyxena,10.1007/BF00391279|10.1016/J.JEP.2005.03.018|10.1016/S0031-9422(00)98557-1|10.1016/S0031-9422(02)00095-X|10.1016/S0031-9422(97)00252-5|10.1016/j.fitote.2011.02.008|10.1039/J39710002001|10.1055/S-0028-1105797|10.1055/S-2006-960473|10.1071/CH9620336|10.1071/ch9620332|10.1076/1388-0209(200009)38:4;1-A;FT298|10.1080/10826079308020963|10.1080/14786410902753138|10.1248/BPB.21.641|10.1248/CPB.40.1504|10.1248/CPB.51.948|10.1248/CPB.53.1597|10.3109/13880209509055208|10.3390/MOLECULES15107218,Cercosporina kikuchii|Chara corallina|Coelospermum paniculatum|Coprosma linariifolia Hook.f.|Coprosma lineariifolia|Croton steenkampianus|Dalbergia odorifera|Damnacanthus indicus|Damnacanthus major|Daphne aurantiaca|Eriostemon brucei|Euphorbia ingens|Galium aparine|Garcinia cantleyana|Hymenodictyon Excelsum|Hymenodictyon excelsum|Hymenodictyon orixense|Knoxia valerianoides|Lonicera korolkovii|Melanothamnus somalensis|Monilinia fructigena|Morinda Citrifolia|Morinda citrifolia|Morinda citrifolia L.|Morinda coreia|Morinda elliptica|Morinda lucida|Morinda tinctoria|Neonauclea calycina|Parmelia gigas|Perna viridis|Portulaca pilosa|Prismatomeris fragrans|Pseudomonas putida|Pteris aquilina|Rennellia elliptica|Rubia Cordifolia|Rubia akane|Rubia argyi|Rubia cordifolia|Rubia iberica|Rubia pubescens|Rubia tinctorum|Rubia wallichiana|Rubia wallichiana DECNE|Siphonaria funiculata|Solanum curtipes|Stachys recta|Talaromyces helicus|Zerynthia polyxena,Polyketides,6.5,7.72,5.9,6.14,5.33,5.91,5.66,5.45,5.18,6.66,6.96,7.72,268.22399999999993,1.6857000000000002,2,5,2.0,9.05
CNP0483186.0,CC(C)(O)CCC(O)C1=CC2=C(C(O)=C1O)C(=O)C1=C(O)C=CC=C1O2,"3-(1,4-dihydroxy-4-methylpentyl)-1,2,8-trihydroxy-9H-xanthen-9-one",Organoheterocyclic compounds,Polyketides,Xanthones,Methyl xanthones,Unknown-fungus sp.,10.1080/14786419.2018.1556655,Unknown-fungus sp.,Polyketides,6.68,7.63,5.05,6.38,5.32,5.86,5.65,5.38,5.1,6.56,6.96,7.63,360.3620000000001,2.647500000000001,5,7,2.0,9.05
CNP0388242.1,CO[C@H]1C(=O)C2=C3O[C@H](O)C4=C3[C@@](C)(CC[C@@H]4O)CC[C@]2(C)[C@H]1C(C)C,Guanacastepene I,Organoheterocyclic compounds,Terpenoids,Diterpenoids,Guanacastane diterpenoids,Unknown-fungus sp. cR115,10.1021/ja016176y,Unknown-fungus sp. cR115,Terpenoids,6.95,7.47,4.41,6.1,5.39,5.27,5.57,5.37,4.99,6.47,6.96,7.47,362.4660000000001,2.7167000000000012,2,5,2.0,9.05
CNP0332380.0,COC1=CC(OC)=C2C(O)=C3C(=O)C=C(CC4=CC=CC=C4)OC3=CC2=C1,"5-hydroxy-6,8-dimethoxy-2-benzyl-4h-naphtho[2,3-b]-pyran-4-one",Organoheterocyclic compounds,Polyketides,,,Phomopsis sp.|Unknown-fungus sp.,10.1007/s10600-010-9514-8|10.1039/c2np00090c,Phomopsis sp.|Unknown-fungus sp.,Polyketides,6.42,7.55,5.16,6.61,5.33,6.06,5.87,5.27,5.06,6.71,6.96,7.55,362.3810000000001,4.259800000000003,1,5,2.0,9.05
CNP0140120.1,CO[C@H]1C(=O)C2=C3OC(=O)C4=C3[C@@](C)(CC[C@@H]4O)CC[C@]2(C)[C@H]1C(C)C,Guanacastepene J,Organoheterocyclic compounds,Terpenoids,Diterpenoids,Guanacastane diterpenoids,Unknown-fungus sp. cR115,10.1021/ja016176y,Unknown-fungus sp. cR115,Terpenoids,6.91,7.48,4.44,6.48,5.31,5.34,5.68,5.52,5.03,6.38,6.96,7.48,360.45000000000016,2.924900000000002,1,5,2.0,9.05
CNP0238832.3,CC1=C2C[C@H](C)[C@]3(OC[C@H](C)[C@@H]3O)OC2=CC(=O)C(O)=C1,malettinin C,Hydrocarbon derivatives,Polyketides,Tropolones,Tropolones and derivatives (PKS),Unknown-fungus sterilia MYC-155 (NRRL 29110),10.1021/np049625r,Unknown-fungus sterilia MYC-155 (NRRL 29110),Polyketides,6.56,7.55,4.36,5.58,5.33,5.39,5.67,5.27,5.2,6.78,6.96,7.55,292.331,1.3553199999999999,2,5,2.0,9.05
CNP0298627.0,COC(=O)C1=C(C2=CNC3=CC=C(Cl)C=C23)C(C2=CNC3=CC(Cl)=C(Cl)C=C23)=CN1,lynamicin B,Organoheterocyclic compounds,Alkaloids,Proline alkaloids,Pyrrole alkaloids,Actinomyces|Actinomyces nPS12745|Marinispora sp.|Streptomyces|Streptomyces SCSIO 03032|Streptomyces sp. MP131-18|actinomycete sp. NPS12745,10.1021/NP500362P|10.1021/NP800286D|10.1021/np500362p|10.1021/np800286d|10.1038/SREP42382|10.1038/srep42382|10.1039/b906091j,Actinomyces|Actinomyces nPS12745|Marinispora sp.|Streptomyces|Streptomyces SCSIO 03032|Streptomyces sp. MP131-18|actinomycete sp. NPS12745,Alkaloids,5.97,7.04,6.03,5.99,5.63,6.37,6.34,5.33,5.26,6.34,6.58,7.04,458.73200000000014,7.058100000000002,3,2,2.5,9.05
CNP0116682.2,CC1(C)C=CC(=O)[C@@]2(C)OO[C@@H]3C[C@]12CCC3(O)CO,MERULIN C,Lipids and lipid-like molecules,Terpenoids,Sesquiterpenoids,Chamigrane sesquiterpenoids,Thai mangrove-derived fungus,,Thai mangrove-derived fungus,Terpenoids,6.94,7.64,4.4,5.99,5.19,5.0,5.81,5.48,5.14,6.3,6.96,7.64,282.33599999999996,1.1342999999999999,2,5,2.0,9.05
CNP0197367.1,CC1=CC=C(O)C=C1CC[C@@H]1C(=O)CC[C@]2(C)[C@@H]([C@H](C)CCCC(C)C)[C@@H](O)C[C@@H]12,CALICOFEROL I,Lipids and lipid-like molecules,Terpenoids,Steroids,Vitamin D3 and derivatives,Calicogorgia|Calicogorgia sp.|Muricella|Muricella sp.|gorgonian astrogorgia sp.|muricella,10.1016/j.bmc.2011.09.028|10.1021/NP980220E|10.1021/np980220e|10.1039/a809395d|10.1246/CL.1991.427,Calicogorgia|Calicogorgia sp.|Muricella|Muricella sp.|gorgonian astrogorgia sp.|muricella,Terpenoids,6.93,7.41,5.42,5.92,5.46,5.51,5.61,4.86,5.43,6.5,6.95,7.41,414.6300000000002,6.078020000000007,2,3,2.0,9.04
CNP0113757.1,CO[C@@H]1[C@@H](O)[C@H](O[C@H]2CC[C@@]3(C)C(=CC[C@H]4C(=O)O[C@@H]5CO[C@]6(C)OC=C(CC[C@@H]43)[C@@H]56)C2)O[C@H](C)[C@H]1O,,Organoheterocyclic compounds,Terpenoids,Steroids,Pregnane steroids,Agave cocui|Alcyonium coralloides|Campanula hypopolia|Chasmanthera dependens|Corydalis pallida|Crepis czerepanovii|Cylindropuntia leptocaulis|Dendrobates auratus|Eupatoriastrum nelsonii|Huperzia selago|Hydroclathrus tenuis|Hymenoxys grandiflora|Kielmeyera rubriflora|Larix lyallii|Lethariella sinensis|Maackia floribunda|Meliosma wightii|Oroxylum indicum|Othonna tagetes|Pellina semitubulosa|Penicillium expansum|Phakellia flabellata|Philadelphus coronarius|Phragmatobia fuliginosa|Phyllosticta cirsii|Polygala fruticosa|Pteris pedata|Pterocarpus macrocarpus|Russula lepida|Scandix pecten-veneris|Senecio miser|Simaba cuneata|Sorbaria arborea|Syzygium levinei|Thalictrum podocarpum|Trichilia catigua|Trichoplusia ni|Tripteris microcarpa|Turbina corymbosa|Urginea riparia|Ventilago madraspatana|Vincetoxicum atratum,10.1021/NP000428B,Agave cocui|Alcyonium coralloides|Campanula hypopolia|Chasmanthera dependens|Corydalis pallida|Crepis czerepanovii|Cylindropuntia leptocaulis|Dendrobates auratus|Eupatoriastrum nelsonii|Huperzia selago|Hydroclathrus tenuis|Hymenoxys grandiflora|Kielmeyera rubriflora|Larix lyallii|Lethariella sinensis|Maackia floribunda|Meliosma wightii|Oroxylum indicum|Othonna tagetes|Pellina semitubulosa|Penicillium expansum|Phakellia flabellata|Philadelphus coronarius|Phragmatobia fuliginosa|Phyllosticta cirsii|Polygala fruticosa|Pteris pedata|Pterocarpus macrocarpus|Russula lepida|Scandix pecten-veneris|Senecio miser|Simaba cuneata|Sorbaria arborea|Syzygium levinei|Thalictrum podocarpum|Trichilia catigua|Trichoplusia ni|Tripteris microcarpa|Turbina corymbosa|Urginea riparia|Ventilago madraspatana|Vincetoxicum atratum,Terpenoids,7.36,7.54,4.45,5.68,5.63,5.92,5.73,5.19,5.16,5.96,6.95,7.54,520.6190000000004,2.5882,2,9,2.0,9.04
CNP0252523.1,CC(CO)[C@@H](C)/C=C/[C@@H](C)[C@H]1CC[C@H]2C3=CC(=O)O[C@H]3CC[C@]12C,Camphosterol A,Lipids and lipid-like molecules,Terpenoids,Steroids,Ergostane steroids,Antrodia camphorata|Taiwanofungus camphoratus,10.1016/J.PHYTOCHEM.2012.08.011|10.1016/j.phytochem.2012.08.011,Antrodia camphorata|Taiwanofungus camphoratus,Terpenoids,6.9,7.6,4.41,6.35,5.07,4.98,5.46,5.11,4.98,5.62,6.95,7.6,332.4840000000001,4.121300000000003,1,3,2.0,9.04
CNP0405631.0,O=C1NC(=O)C2=C1C1=C(NC3=C(O)C=CC=C31)C1=C2C2=CC=CC(O)=C2N1,BE-13793C,Organoheterocyclic compounds,Alkaloids,Tryptophan alkaloids,Carbazole alkaloids,Ba|Streptomyces cinnamoneus NBRC 13823 + Tsukamurella pulmonis TP-B0596|Streptomyces mobaraensis BA13793|Streptomyces sp. MA37 + Pseudomonas sp.|Unknown-fungus sp. strain BA13793,10.7164/ANTIBIOTICS.44.723|10.7164/antibiotics.44.723,Ba|Streptomyces cinnamoneus NBRC 13823 + Tsukamurella pulmonis TP-B0596|Streptomyces mobaraensis BA13793|Streptomyces sp. MA37 + Pseudomonas sp.|Unknown-fungus sp. strain BA13793,Alkaloids,6.67,7.32,5.31,5.81,5.54,5.48,5.98,5.27,5.09,6.85,6.95,7.32,357.32500000000005,3.2504000000000004,5,4,2.0,9.04
CNP0215777.1,CC1=C(O)C(=O)CC(C)(C)[C@@]12CC=C(C(=O)O)CC2,Merulinol E,Lipids and lipid-like molecules,Terpenoids,Sesquiterpenoids,Chamigrane sesquiterpenoids,Unknown-fungus sp. XG8D|unidentified species of Phylum Basidiomycota,10.1039/c7np00052a|10.3390/md14070132,Unknown-fungus sp. XG8D|unidentified species of Phylum Basidiomycota,Terpenoids,6.78,7.55,4.36,5.62,6.4,5.4,6.0,5.14,5.18,6.52,6.95,7.55,264.32099999999997,2.9987000000000013,2,3,2.0,9.04
CNP0147020.1,CC1=C([C@H]2CC[C@H]3[C@@H](CC=C4C[C@@H](O)[C@H](O)C[C@@]43C)C2=O)C=CO1,,Organoheterocyclic compounds,Terpenoids,Steroids,Pregnane steroids,Agave cocui|Alcyonium coralloides|Campanula hypopolia|Chasmanthera dependens|Corydalis pallida|Crepis czerepanovii|Cylindropuntia leptocaulis|Cynanchum sublanceolatum|Dendrobates auratus|Eupatoriastrum nelsonii|Huperzia selago|Hydroclathrus tenuis|Hymenoxys grandiflora|Kielmeyera rubriflora|Larix lyallii|Lethariella sinensis|Maackia floribunda|Meliosma wightii|Oroxylum indicum|Othonna tagetes|Pellina semitubulosa|Penicillium expansum|Phakellia flabellata|Philadelphus coronarius|Phragmatobia fuliginosa|Phyllosticta cirsii|Polygala fruticosa|Pteris pedata|Pterocarpus macrocarpus|Russula lepida|Scandix pecten-veneris|Senecio miser|Simaba cuneata|Sorbaria arborea|Syzygium levinei|Thalictrum podocarpum|Trichilia catigua|Trichoplusia ni|Tripteris microcarpa|Turbina corymbosa|Urginea riparia|Ventilago madraspatana|Vincetoxicum atratum|Vincetoxicum sublanceolatum,10.1016/0031-9422(88)80692-7|10.1248/CPB.54.1551,Agave cocui|Alcyonium coralloides|Campanula hypopolia|Chasmanthera dependens|Corydalis pallida|Crepis czerepanovii|Cylindropuntia leptocaulis|Cynanchum sublanceolatum|Dendrobates auratus|Eupatoriastrum nelsonii|Huperzia selago|Hydroclathrus tenuis|Hymenoxys grandiflora|Kielmeyera rubriflora|Larix lyallii|Lethariella sinensis|Maackia floribunda|Meliosma wightii|Oroxylum indicum|Othonna tagetes|Pellina semitubulosa|Penicillium expansum|Phakellia flabellata|Philadelphus coronarius|Phragmatobia fuliginosa|Phyllosticta cirsii|Polygala fruticosa|Pteris pedata|Pterocarpus macrocarpus|Russula lepida|Scandix pecten-veneris|Senecio miser|Simaba cuneata|Sorbaria arborea|Syzygium levinei|Thalictrum podocarpum|Trichilia catigua|Trichoplusia ni|Tripteris microcarpa|Turbina corymbosa|Urginea riparia|Ventilago madraspatana|Vincetoxicum atratum|Vincetoxicum sublanceolatum,Terpenoids,6.64,7.54,5.66,5.75,5.81,5.21,6.68,5.98,5.02,5.96,6.95,7.54,330.4240000000001,3.118920000000002,2,4,2.0,9.04
CNP0203893.1,CC1=CC=C(O)C=C1CC[C@@H]1C(=O)CC[C@]2(C)[C@@H]([C@H](C)CCCC(C)C)CC[C@@H]12,calicoferol E,Lipids and lipid-like molecules,Terpenoids,Steroids,Vitamin D3 and derivatives,Muricella|Muricella sp.|gorgonian astrogorgia sp.|muricella,10.1016/j.bmc.2011.09.028|10.1021/NP50122A024|10.1021/np50122a024|10.1039/np9971400259,Muricella|Muricella sp.|gorgonian astrogorgia sp.|muricella,Terpenoids,6.96,7.4,5.39,6.27,5.48,5.34,5.62,5.36,5.47,6.48,6.95,7.4,398.63100000000026,7.107220000000007,1,2,2.0,9.04
CNP0255946.2,CC(C)C1=CC2=C(C(O)=C1O)[C@@]13CCCC(C)(C)[C@@H]1[C@H](OC3=O)[C@@H]2O,EPIROSMANOL,Lipids and lipid-like molecules,Terpenoids,Diterpenoids,Abietane diterpenoids,Hyptis dilatata|Perovskia scrophularifolia|Rosmarinus officinalis|Salvia|Salvia columbariae|Salvia mellifera|Salvia munzii|Salvia officinalis,10.1007/BF01201582|10.1007/BF01943861|10.1016/0021-9673(94)80582-2|10.1016/0031-9422(93)85376-3|10.1016/0031-9422(93)85463-2|10.1016/S0031-9422(01)00341-7|10.1016/S0031-9422(06)80130-5|10.1016/S0031-9422(97)00151-9|10.1016/S0031-9422(97)00997-7|10.1016/j.bmc.2013.02.019|10.1021/JF0002692|10.1021/JF00039A012|10.1055/A-0608-4946|10.1055/S-2006-958094|10.1080/00021369.1981.10864897|10.1080/00021369.1984.10866436|10.1271/BBB1961.48.2081,Hyptis dilatata|Perovskia scrophularifolia|Rosmarinus officinalis|Salvia|Salvia columbariae|Salvia mellifera|Salvia munzii|Salvia officinalis,Terpenoids,7.04,7.48,4.38,5.97,5.25,5.22,5.64,5.07,5.07,6.33,6.95,7.48,346.423,3.257700000000002,3,5,2.0,9.04
CNP0268821.1,COC1=CC(O)=C2C(=O)C[C@@](O)(CC(C)O)[C@@H](O)C2=C1,Balticol E,Benzenoids,Polyketides,Naphthalenes,Naphthalenones,Unknown-fungus sp. strain 222,10.1002/cbdv.200800150,Unknown-fungus sp. strain 222,Polyketides,6.83,7.46,4.4,6.15,5.21,5.68,5.78,5.43,5.17,6.55,6.95,7.46,282.292,0.5226,4,6,2.0,9.04
CNP0202232.1,COC(=O)CC1=CC(O)=C(C/C=C(\C)CC/C=C(\C)[C@H](O)C(=O)C=C(C)C)C=C1O,,Lipids and lipid-like molecules,Polyketides,Meroterpenoids,Tetraketide meroterpenoids,Alcyonium fauri|Purple soft coral,10.1016/0040-4039(95)00461-K|10.1039/np9971400259,Alcyonium fauri|Purple soft coral,Polyketides,6.03,7.23,4.72,6.25,6.56,6.11,5.9,5.65,5.36,7.06,6.95,7.23,416.5140000000001,3.9248000000000034,3,6,2.0,9.04
CNP0255946.6,CC(C)C1=CC2=C(C(O)=C1O)[C@@]13CCCC(C)(C)C1[C@H](OC3=O)[C@H]2O,,Lipids and lipid-like molecules,Terpenoids,Diterpenoids,Abietane diterpenoids,Origanum majoricum|Rosmarinus officinalis|Salvia officinalis|Salvia pachyphylla|Thymus,10.1007/BF01201765|10.1021/JF010697N|10.1021/NP060279I,Origanum majoricum|Rosmarinus officinalis|Salvia officinalis|Salvia pachyphylla|Thymus,Terpenoids,7.04,7.48,4.38,5.97,5.25,5.22,5.64,5.07,5.07,6.33,6.95,7.48,346.423,3.257700000000002,3,5,2.0,9.04
CNP0149254.1,CC(C)C1=CC2=C(C(O)=C1O)C13CCCC(C)(C)[C@H]1C(OC3=O)C2N,"2H-10,4a-(Epoxymethano)phenanthren-12-one, 9-amino-1,3,4,9,10,10a-hexahydro-5,6-dihydroxy-1,1-dimethyl-7-(1-methylethyl)-, (4aR-(4aalpha,9alpha,10alpha,10abeta))-",Lipids and lipid-like molecules,Terpenoids,Diterpenoids,Abietane diterpenoids,Catharanthus roseus|Rosmarinus officinalis|Ziziphus jujuba var. inermis,,Catharanthus roseus|Rosmarinus officinalis|Ziziphus jujuba var. inermis,Terpenoids,7.04,7.49,4.39,5.94,5.27,5.23,5.65,5.89,5.07,6.33,6.95,7.49,345.439,3.224100000000001,3,5,2.0,9.04
CNP0342526.1,COC1=CC(O)=C2C(=O)C[C@@](O)(CC(C)=O)[C@@H](O)C2=C1,Balticol D,Benzenoids,Polyketides,Naphthalenes,Naphthalenones,Unknown-fungus sp. strain 222,10.1002/cbdv.200800150,Unknown-fungus sp. strain 222,Polyketides,6.64,7.53,4.41,5.77,5.2,5.71,5.81,5.44,5.16,6.67,6.95,7.53,280.27599999999995,0.7307999999999999,3,6,2.0,9.04
CNP0202232.2,COC(=O)CC1=CC(O)=C(C/C=C(\C)CC/C=C(\C)[C@@H](O)C(=O)C=C(C)C)C=C1O,,,Polyketides,Meroterpenoids,Tetraketide meroterpenoids,Purple soft coral,10.1016/0040-4039(95)00461-K,Purple soft coral,Polyketides,6.03,7.23,4.72,6.25,6.56,6.11,5.9,5.65,5.36,7.06,6.95,7.23,416.5140000000001,3.9248000000000034,3,6,2.0,9.04
CNP0267975.3,C[C@H]1C=C(Br)C(C)(C)[C@]2(CCC(C)(Cl)C(Br)C2)C1=O,Kylinone,Organic oxygen compounds,Terpenoids,Sesquiterpenoids,Chamigrane sesquiterpenoids,Unknown-fungus sp.,10.1021/jo01289a015,Unknown-fungus sp.,Terpenoids,6.37,8.0,4.35,5.97,6.39,5.33,5.17,5.98,5.59,6.45,6.95,8.0,412.593,5.441500000000004,0,1,2.0,9.04
CNP0295199.3,COC(=O)/C=C/[C@@H](C)[C@H]1CC[C@H]2[C@@H]3CCC4=CC(=O)C=C[C@]4(C)[C@H]3CC[C@]12C,"methyl (E,4R)-4-[(8S,9S,10R,13R,14S,17R)-10,13-dimethyl-3-oxo-6,7,8,9,11,12,14,15,16,17-decahydrocyclopenta[a]phenanthren-17-yl]pent-2-enoate",Lipids and lipid-like molecules,Terpenoids,Steroids,Cholestane steroids,octocorals,,octocorals,Terpenoids,7.06,7.48,4.5,6.31,5.57,5.45,5.61,5.17,5.12,5.5,6.95,7.48,382.54400000000015,5.275800000000006,0,3,2.0,9.04
CNP0113757.3,CO[C@@H]1[C@@H](O)[C@H](O[C@H]2CC[C@@]3(C)C(=CC[C@@H]4C(=O)O[C@@H]5CO[C@]6(C)OC=C(CC[C@@H]43)[C@H]56)C2)O[C@H](C)[C@H]1O,"(4S,5R,8S,13S,16S,19R,22R)-8-[(2R,3R,4S,5R,6R)-3,5-dihydroxy-4-methoxy-6-methyloxan-2-yl]oxy-5,19-dimethyl-15,18,20-trioxapentacyclo[14.5.1.04,13.05,10.019,22]docosa-1(21),10-dien-14-one",Organoheterocyclic compounds,Terpenoids,Steroids,Pregnane steroids,Agave cocui|Alcyonium coralloides|Baccharis artemisioides|Callyspongia siphonella|Campanula hypopolia|Chasmanthera dependens|Corydalis pallida|Crepis czerepanovii|Cylindropuntia leptocaulis|Dendrobates auratus|Dictyosphaeria favulosa|Dictyota dentata|Eupatoriastrum nelsonii|Ferula communis|Fevillea cordifolia|Haminoea navicula|Hebeloma senescens|Huperzia selago|Hydroclathrus tenuis|Hymenoxys grandiflora|Kielmeyera rubriflora|Larix lyallii|Lethariella sinensis|Maackia floribunda|Meliosma wightii|Merwilla natalensis|Oroxylum indicum|Othonna tagetes|Paysonia densipila|Pedicularis rhinanthoides|Pellina semitubulosa|Penicillium expansum|Phakellia flabellata|Philadelphus coronarius|Phragmatobia fuliginosa|Phyllosticta cirsii|Polygala fruticosa|Pteris pedata|Pteris podophylla|Pterocarpus macrocarpus|Russula lepida|Scandix pecten-veneris|Senecio miser|Simaba cuneata|Sorbaria arborea|Synoicum blochmanni|Syzygium levinei|Thalictrum podocarpum|Trichilia catigua|Trichoplusia ni|Tripteris microcarpa|Tuber borchii|Turbina corymbosa|Urginea riparia|Ventilago madraspatana|Vincetoxicum atratum|Vincetoxicum stauntonii,10.1021/np000428b|10.1055/S-2004-832650|10.1248/CPB.33.1507,Agave cocui|Alcyonium coralloides|Baccharis artemisioides|Callyspongia siphonella|Campanula hypopolia|Chasmanthera dependens|Corydalis pallida|Crepis czerepanovii|Cylindropuntia leptocaulis|Dendrobates auratus|Dictyosphaeria favulosa|Dictyota dentata|Eupatoriastrum nelsonii|Ferula communis|Fevillea cordifolia|Haminoea navicula|Hebeloma senescens|Huperzia selago|Hydroclathrus tenuis|Hymenoxys grandiflora|Kielmeyera rubriflora|Larix lyallii|Lethariella sinensis|Maackia floribunda|Meliosma wightii|Merwilla natalensis|Oroxylum indicum|Othonna tagetes|Paysonia densipila|Pedicularis rhinanthoides|Pellina semitubulosa|Penicillium expansum|Phakellia flabellata|Philadelphus coronarius|Phragmatobia fuliginosa|Phyllosticta cirsii|Polygala fruticosa|Pteris pedata|Pteris podophylla|Pterocarpus macrocarpus|Russula lepida|Scandix pecten-veneris|Senecio miser|Simaba cuneata|Sorbaria arborea|Synoicum blochmanni|Syzygium levinei|Thalictrum podocarpum|Trichilia catigua|Trichoplusia ni|Tripteris microcarpa|Tuber borchii|Turbina corymbosa|Urginea riparia|Ventilago madraspatana|Vincetoxicum atratum|Vincetoxicum stauntonii,Terpenoids,7.36,7.54,4.45,5.68,5.63,5.92,5.73,5.19,5.16,5.96,6.95,7.54,520.6190000000004,2.5882,2,9,2.0,9.04
CNP0113757.2,CO[C@@H]1[C@@H](O)[C@H](O[C@H]2CC[C@@]3(C)C(=CC[C@H]4C(=O)O[C@@H]5CO[C@]6(C)OC=C(CC[C@@H]43)[C@H]56)C2)O[C@H](C)[C@H]1O,Glaucogenin C mono-D-thevetoside,Organoheterocyclic compounds,Terpenoids,Steroids,Pregnane steroids,Agave cocui|Alcyonium coralloides|Baccharis artemisioides|Callyspongia siphonella|Campanula hypopolia|Chasmanthera dependens|Corydalis pallida|Crepis czerepanovii|Cylindropuntia leptocaulis|Dendrobates auratus|Dictyosphaeria favulosa|Dictyota dentata|Eupatoriastrum nelsonii|Ferula communis|Fevillea cordifolia|Haminoea navicula|Hebeloma senescens|Huperzia selago|Hydroclathrus tenuis|Hymenoxys grandiflora|Kielmeyera rubriflora|Larix lyallii|Lethariella sinensis|Maackia floribunda|Meliosma wightii|Merwilla natalensis|Oroxylum indicum|Othonna tagetes|Paysonia densipila|Pedicularis rhinanthoides|Pellina semitubulosa|Penicillium expansum|Phakellia flabellata|Philadelphus coronarius|Phragmatobia fuliginosa|Phyllosticta cirsii|Polygala fruticosa|Pteris pedata|Pteris podophylla|Pterocarpus macrocarpus|Russula lepida|Scandix pecten-veneris|Senecio miser|Simaba cuneata|Sorbaria arborea|Synoicum blochmanni|Syzygium levinei|Thalictrum podocarpum|Trichilia catigua|Trichoplusia ni|Tripteris microcarpa|Tuber borchii|Turbina corymbosa|Urginea riparia|Ventilago madraspatana|Vincetoxicum atratum|Vincetoxicum glaucescens,10.1248/CPB.31.870,Agave cocui|Alcyonium coralloides|Baccharis artemisioides|Callyspongia siphonella|Campanula hypopolia|Chasmanthera dependens|Corydalis pallida|Crepis czerepanovii|Cylindropuntia leptocaulis|Dendrobates auratus|Dictyosphaeria favulosa|Dictyota dentata|Eupatoriastrum nelsonii|Ferula communis|Fevillea cordifolia|Haminoea navicula|Hebeloma senescens|Huperzia selago|Hydroclathrus tenuis|Hymenoxys grandiflora|Kielmeyera rubriflora|Larix lyallii|Lethariella sinensis|Maackia floribunda|Meliosma wightii|Merwilla natalensis|Oroxylum indicum|Othonna tagetes|Paysonia densipila|Pedicularis rhinanthoides|Pellina semitubulosa|Penicillium expansum|Phakellia flabellata|Philadelphus coronarius|Phragmatobia fuliginosa|Phyllosticta cirsii|Polygala fruticosa|Pteris pedata|Pteris podophylla|Pterocarpus macrocarpus|Russula lepida|Scandix pecten-veneris|Senecio miser|Simaba cuneata|Sorbaria arborea|Synoicum blochmanni|Syzygium levinei|Thalictrum podocarpum|Trichilia catigua|Trichoplusia ni|Tripteris microcarpa|Tuber borchii|Turbina corymbosa|Urginea riparia|Ventilago madraspatana|Vincetoxicum atratum|Vincetoxicum glaucescens,Terpenoids,7.36,7.54,4.45,5.68,5.63,5.92,5.73,5.19,5.16,5.96,6.95,7.54,520.6190000000004,2.5882,2,9,2.0,9.04
CNP0235864.0,CCCC1(O)CC(=O)C2=C(CC3=CC(=O)C=C(O)O3)C=CC=C2O1,No Data,Organoheterocyclic compounds,Polyketides,Chromanes,Chromones,Marine Bacteria (Unclassified)|Streptomyces sundarbansensis,10.1021/acs.jnatprod.6b00235|10.1039/c4np00144c|10.3390/MD11010124,Marine Bacteria (Unclassified)|Streptomyces sundarbansensis,Polyketides,6.55,7.81,5.28,6.46,5.38,5.68,5.93,5.57,5.27,6.49,6.95,7.81,330.336,2.3901000000000003,2,6,2.0,9.04
CNP0279977.0,COC(=O)C1=C(C2=CNC3=CC=C(Cl)C=C23)C(C2=CNC3=CC=C(Cl)C=C23)=C(C(=O)OC)N1,lynamicin D,Organoheterocyclic compounds,Alkaloids,Tryptophan alkaloids,Simple indole alkaloids,Actinomyces|Actinomyces nPS12745|Marinispora sp.|Streptomyces|Streptomyces SCSIO 03032|Streptomyces sp. MP131-18|actinomycete sp. NPS12745,10.1007/S12539-013-0200-Y|10.1007/s12539-013-0200-y|10.1021/NP500362P|10.1021/NP800286D|10.1021/np500362p|10.1021/np800286d|10.1021/ol301343n|10.1038/SREP42382|10.1038/srep42382|10.1039/b906091j,Actinomyces|Actinomyces nPS12745|Marinispora sp.|Streptomyces|Streptomyces SCSIO 03032|Streptomyces sp. MP131-18|actinomycete sp. NPS12745,Alkaloids,5.99,7.04,5.48,5.94,5.56,6.32,6.34,5.32,5.24,6.3,6.57,7.04,482.3230000000002,6.191300000000004,3,4,2.5,9.03
CNP0196978.1,COC1=CC(O)=C2C(O)=C3C(=O)[C@]4(O)C(O)=C(C(C)=O)C(=O)C[C@]4(O)[C@@H]4O[C@H](C(C)(C)O)C[C@]34C(=O)C2=C1,Seragakinone A,Organoheterocyclic compounds,Polyketides,Polycyclic aromatic polyketides,Tetracyclines,Unknown-fungus sp.,10.1016/s0040-4020(99)00984-9,Unknown-fungus sp.,Polyketides,6.79,7.48,4.44,6.3,5.29,5.74,5.23,5.44,5.12,6.56,6.94,7.48,530.4820000000003,0.1997999999999996,6,12,2.0,9.02
CNP0153134.0,O=C1C2=C3C(=NCCC3=CN2)C2=C1NC=C2C1=CC=C(O)C=C1,Tsitsikammamine A,Organoheterocyclic compounds,Alkaloids,Tryptophan alkaloids,Pyrroloquinoline alkaloids,Clavelina|Tsitsikamma favus|latrunculid sponges|unidentified sponge,10.1016/0040-4039(96)01560-2|10.1021/np034084b|10.1039/a815113y,Clavelina|Tsitsikamma favus|latrunculid sponges|unidentified sponge,Alkaloids,6.38,7.77,5.75,5.82,5.6,6.05,6.09,5.42,5.25,6.68,6.94,7.77,303.3210000000001,2.6533000000000007,3,3,2.0,9.02
CNP0309911.1,C=C(C)[C@H]1COC2=C(C)C=C3OC4=C(C[C@H](O)C(C)(C)OCC5=C(/C=C/[C@@H](O)[C@@H](O)/C=C/C)C=CC=C5OC)C=CC(O)=C4C(=O)C3=C2[C@@H]1O,Varioxiranol G,Organoheterocyclic compounds,Polyketides,Xanthones,Methyl xanthones,Aspergillus stellatus|Emericella variecolor,10.1021/ACS.JNATPROD.5B00578|10.1021/acs.jnatprod.5b00578|10.1039/c6np00124f,Aspergillus stellatus|Emericella variecolor,Polyketides,6.71,7.84,5.23,6.87,5.43,5.73,6.06,8.45,5.3,7.23,7.84,8.45,686.7980000000002,5.79682000000001,5,10,1.0,9.02
CNP0231536.1,C=CC(C)(C)C1=CC=C2C3=C1NC=C3C[C@@H](CO[C@H]1O[C@H](CO)[C@@H](O)[C@H](O)[C@H]1O)NC(=O)[C@H]([C@@H](C)CC)N2C,Methylpendolmycin-14-O-alpha-glucoside,Organic acids and derivatives,Alkaloids,Tryptophan alkaloids,Indole-Diterpenoid alkaloids (Penitrems),Marinactinospora thermotolerans,10.1021/NP200399T|10.1021/np200399t,Marinactinospora thermotolerans,Alkaloids,6.77,7.59,5.4,6.24,6.46,5.32,5.6,5.71,5.14,5.44,6.94,7.59,545.6770000000001,1.3398000000000003,6,8,2.0,9.02
CNP0299429.0,COC1=C(CO)C(O)=CC2=C1C(=O)C1=CC=CC(O)=C1C2=O,juzunol,Benzenoids,Polyketides,Polycyclic aromatic polyketides,Anthraquinones and anthrones,Chara corallina|Damnacanthus indicus|Euphorbia ingens|Monilinia fructigena|Perna viridis|Siphonaria funiculata|Solanum curtipes|Stachys recta,10.1016/0031-9422(92)90070-7,Chara corallina|Damnacanthus indicus|Euphorbia ingens|Monilinia fructigena|Perna viridis|Siphonaria funiculata|Solanum curtipes|Stachys recta,Polyketides,6.29,7.67,5.6,5.95,5.28,6.42,5.98,5.41,5.08,6.74,6.94,7.67,300.266,1.3741,3,6,2.0,9.02
CNP0107115.0,O=C1C(Br)=CC2(C=C1Br)CCNC1=C2C2=NCCC3=C(Br)NC(=C23)C1=O,14-Bromodiscorhabdin C,Organoheterocyclic compounds,Alkaloids,Tryptophan alkaloids,Pyrroloquinoline alkaloids,Tsitsikamma pedunculata|latrunculid sponges|unidentified sponge,10.1016/0040-4039(96)01560-2|10.1021/np034084b|10.1039/a815113y,Tsitsikamma pedunculata|latrunculid sponges|unidentified sponge,Alkaloids,6.78,7.57,4.35,5.5,5.47,5.27,5.27,6.47,5.42,6.34,6.94,7.57,542.0250000000003,3.692800000000002,2,4,2.0,9.02
CNP0518600.1,CC[C@@H](C)C(=O)O[C@]1(C)C(=O)C2=C(OC3=C(OC(CO)=CC3=O)[C@@H]2C)[C@@](C)(O)C1=O,Kojicone B,Organoheterocyclic compounds,Polyketides,Cyclic polyketides,Simple cyclic polyketides,Unknown-fungus sp.,10.1016/j.fitote.2021.105027,Unknown-fungus sp.,Polyketides,6.72,7.62,4.38,6.32,5.28,5.86,5.74,5.65,5.27,6.47,6.94,7.62,420.41400000000016,1.1329,2,9,2.0,9.02
CNP0260875.0,COC(=O)C1=C(C2=CNC3=CC=CC=C23)C(C2=CNC3=CC=C(Cl)C=C23)=C(C(=O)OC)N1,Lynamicin E,Organoheterocyclic compounds,Alkaloids,Tryptophan alkaloids,Simple indole alkaloids,Actinomyces|Actinomyces nPS12745|Marinispora sp.|Streptomyces|Streptomyces SCSIO 03032|Streptomyces sp. MP131-18|actinomycete sp. NPS12745,10.1021/NP500362P|10.1021/NP800286D|10.1021/np500362p|10.1021/np800286d|10.1038/SREP42382|10.1038/srep42382|10.1039/b906091j,Actinomyces|Actinomyces nPS12745|Marinispora sp.|Streptomyces|Streptomyces SCSIO 03032|Streptomyces sp. MP131-18|actinomycete sp. NPS12745,Alkaloids,5.88,7.06,5.49,5.87,5.65,6.31,6.32,5.35,5.2,6.27,6.56,7.06,447.87800000000016,5.537900000000002,3,4,2.5,9.02
CNP0548286.1,CC(=O)O[C@H]1[C@@H](O)[C@H](OC2=CC=C3C(O)=C(NC(=O)C4=CC(O)=C(O)C(CC=C(C)C)=C4)C(=O)OC3=C2C)OC(C)(C)[C@@H]1O,"[(3R,4R,5R,6R)-6-[3-[[3,4-dihydroxy-5-(3-methylbut-2-enyl)benzoyl]amino]-4-hydroxy-8-methyl-2-oxochromen-7-yl]oxy-3,5-dihydroxy-2,2-dimethyloxan-4-yl] acetate",Phenylpropanoids and polyketides,Shikimates and Phenylpropanoids,Coumarins,Simple coumarins,Marine Bacteria (Unclassified),10.1021/acs.jnatprod.6b00235,Marine Bacteria (Unclassified),Shikimates and Phenylpropanoids,6.71,7.45,5.45,6.07,5.54,5.58,5.79,6.18,5.36,6.65,6.94,7.45,613.6160000000003,3.1464200000000013,6,12,2.0,9.02
CNP0332681.5,CO[C@H]1C2=CC(C(C)C)=C(O)C(O)=C2[C@]23CCCC(C)(C)[C@@H]2[C@@H]1OC3=O,,Lipids and lipid-like molecules,Terpenoids,Diterpenoids,Abietane diterpenoids,Rosmarinus officinalis|Salvia officinalis|Salvia pachyphylla,10.1021/NP060279I,Rosmarinus officinalis|Salvia officinalis|Salvia pachyphylla,Terpenoids,7.04,7.47,4.39,6.03,5.3,5.46,5.7,5.08,5.11,6.3,6.94,7.47,360.4500000000001,3.911800000000004,2,5,2.0,9.02
CNP0594880.2,C=C(CC[C@@H](C)[C@H]1CC[C@@]2(O)C3=C(C(=O)C[C@]12C)[C@@]1(C)CCC(=O)[C@@H](C)[C@@H]1CC3)C(C)C,Antcamphorol K,Lipids and lipid-like molecules,Terpenoids,Steroids,Ergostane steroids,Antrodia camphorata|Taiwanofungus camphoratus,10.1021/ACS.JNATPROD.9B00580|10.1021/acs.jnatprod.9b00580,Antrodia camphorata|Taiwanofungus camphoratus,Terpenoids,7.12,7.6,4.37,6.1,5.46,5.29,5.61,5.29,5.22,5.65,6.94,7.6,440.6680000000003,6.447000000000007,1,3,2.0,9.02
CNP0332856.1,C=C(CO)[C@@]12O[C@@H]1[C@@]1(C)C(=CC2=O)[C@H](O)CC[C@@H]1C,"xylarenone A, (rel)-",Lipids and lipid-like molecules,Terpenoids,Sesquiterpenoids,Eremophilane sesquiterpenoids,Cordiera macrophylla|Endophytic fungi|Xylaria|Xylaria sp. (strain NCY2),10.1002/HLCA.200890011|10.1002/hlca.200890011|10.1021/NP1005983|10.1021/np1005983,Cordiera macrophylla|Endophytic fungi|Xylaria|Xylaria sp. (strain NCY2),Terpenoids,6.41,7.47,4.47,5.8,5.15,5.2,5.48,4.92,5.11,5.8,6.56,7.47,264.32099999999997,0.9786999999999999,2,4,2.5,9.02
CNP0332681.8,COC1C2=CC(C(C)C)=C(O)C(O)=C2[C@@]23CCCC(C)(C)[C@@H]2[C@@H]1OC3=O,,,Terpenoids,Diterpenoids,Abietane diterpenoids,Rosmarinus officinalis,10.1271/BBB.61.1440,Rosmarinus officinalis,Terpenoids,7.04,7.47,4.39,6.03,5.3,5.46,5.7,5.08,5.11,6.3,6.94,7.47,360.4500000000001,3.911800000000004,2,5,2.0,9.02
CNP0149835.2,COC(=O)/C(=C\C1=C(C(=O)O)[C@]23CCCC(C)(C)[C@H]2[C@@H](OC3=O)C1=O)C(C)C,,,Terpenoids,Sesquiterpenoids,,Rosmarinus officinalis,10.1271/BBB.61.1440,Rosmarinus officinalis,Terpenoids,6.98,7.59,4.46,6.24,5.6,5.3,5.65,5.46,5.03,5.54,6.94,7.59,390.43200000000013,2.4438000000000004,1,6,2.0,9.02
CNP0237760.1,C=C(CC[C@@H](C)[C@H]1CC[C@H]2[C@H](CCC3=CC(O)=CC=C3C)C(=O)CC[C@]12C)C(C)C,"(1R,3aS,4S,7aR)-4-[2-(5-hydroxy-2-methylphenyl)ethyl]-7a-methyl-1-[(2R)-6-methyl-5-methylideneheptan-2-yl]-2,3,3a,4,6,7-hexahydro-1H-inden-5-one",Lipids and lipid-like molecules,Terpenoids,Steroids,Ergostane steroids,gorgonian astrogorgia sp.,10.1016/j.bmc.2011.09.028,gorgonian astrogorgia sp.,Terpenoids,6.97,7.41,5.37,6.22,5.55,5.31,5.75,5.34,5.24,6.43,6.94,7.41,410.6420000000003,7.273320000000009,1,2,2.0,9.02
CNP0320374.0,O=C1C2=CC=CC=C2C(=O)C2=C1C=CC(CO)=C2O,Digiferruginol,Benzenoids,Polyketides,Polycyclic aromatic polyketides,Anthraquinones and anthrones,Acalypha australis|Bistorta officinalis|Chara corallina|Cinchona calisaya|Cinchona ledgeriana|Cinchona pubescens|Cinchona sp.|Cinchona spp.|Damnacanthus indicus|Digitalis ferruginea|Digitalis isabelliana|Euphorbia ingens|Galium verum|Geranium pratense|Gynochthodes parvifolia|Hedyotis Capitellata|Hedyotis capitellata|Isoplexis isabelliana|Knoxia valerianoides|Monilinia fructigena|Morinda Parvifolia|Morinda citrifolia|Morinda officinalis|Morinda parvifolia|Ophiorrhiza pumila|Perna viridis|Phyllanthus emblica|Plocama pendula|Primulina eburnea|Rubia Cordifolia|Rubia alata|Rubia cordifolia|Rubia lanceolata|Rubia pubescens|Rubia wallichiana|Siphonaria funiculata|Solanum curtipes|Stachys recta|Streptocarpus dunnii,10.1002/CBDV.200800047|10.1002/JCCS.199500117|10.1007/s10600-017-2165-2|10.1016/0031-9422(92)83662-I|10.1016/0031-9422(94)00579-I|10.1016/J.PHYTOCHEM.2005.02.023|10.1016/S0031-9422(00)81567-8|10.1016/S0031-9422(00)83480-9|10.1016/S0031-9422(00)86973-3|10.1016/S0031-9422(97)00614-6|10.1016/S0031-9422(99)00450-1|10.1016/S0040-4039(01)97561-6|10.1016/j.phytol.2015.11.006|10.1021/NP049632F|10.1248/CPB.30.2265|10.1248/CPB.41.1869|10.1248/CPB.51.948,Acalypha australis|Bistorta officinalis|Chara corallina|Cinchona calisaya|Cinchona ledgeriana|Cinchona pubescens|Cinchona sp.|Cinchona spp.|Damnacanthus indicus|Digitalis ferruginea|Digitalis isabelliana|Euphorbia ingens|Galium verum|Geranium pratense|Gynochthodes parvifolia|Hedyotis Capitellata|Hedyotis capitellata|Isoplexis isabelliana|Knoxia valerianoides|Monilinia fructigena|Morinda Parvifolia|Morinda citrifolia|Morinda officinalis|Morinda parvifolia|Ophiorrhiza pumila|Perna viridis|Phyllanthus emblica|Plocama pendula|Primulina eburnea|Rubia Cordifolia|Rubia alata|Rubia cordifolia|Rubia lanceolata|Rubia pubescens|Rubia wallichiana|Siphonaria funiculata|Solanum curtipes|Stachys recta|Streptocarpus dunnii,Polyketides,6.46,7.83,5.74,6.19,5.35,5.58,5.57,5.61,5.21,6.54,6.94,7.83,254.24099999999996,1.6599000000000004,2,4,2.0,9.02
CNP0231536.2,C=CC(C)(C)C1=CC=C2C3=C1NC=C3C[C@@H](CO[C@H]1O[C@H](CO)[C@@H](O)[C@H](O)[C@H]1O)NC(=O)C([C@@H](C)CC)N2C,,Organic acids and derivatives,Alkaloids,Tryptophan alkaloids,Indole-Diterpenoid alkaloids (Penitrems),Marinactinospora thermotolerans,10.1039/c2np20112g,Marinactinospora thermotolerans,Alkaloids,6.77,7.59,5.4,6.24,6.46,5.32,5.6,5.71,5.14,5.44,6.94,7.59,545.6770000000001,1.3398000000000003,6,8,2.0,9.02
CNP0073274.1,COC(=O)CCC1=CC2=C(CO1)C(=O)[C@@](C)(O)[C@@H](OC(=O)C1=C(C)C=C(O)C=C1O)C2,Montagnuphilone G,Organoheterocyclic compounds,Polyketides,Chromanes,Azaphilones,Unknown-fungus sp. DM0194,10.1021/acs.jnatprod.6b00714,Unknown-fungus sp. DM0194,Polyketides,6.48,7.69,4.48,5.76,5.48,5.62,5.89,5.46,5.02,6.64,6.94,7.69,432.42500000000024,1.8193199999999996,3,9,2.0,9.02
CNP0587781.1,C/C=C/CC/C=C(/C)C(O)CC/C(C)=C/C=C(\C)C(=O)C1=C(O)OC(C(C)CC/C=C/NC(=O)OC)=CC1=O,,,Polyketides,Cyclic polyketides,,Corallococcus coralloides,10.7164/ANTIBIOTICS.38.145,Corallococcus coralloides,Polyketides,6.36,7.59,4.48,6.14,6.01,5.93,5.79,5.62,5.28,6.86,6.94,7.59,541.6850000000003,6.617800000000008,3,7,2.0,9.02
CNP0544921.3,C=C(CC[C@@H](C)[C@H]1CC[C@H]2C3=CC[C@H]4[C@H](C)C(=O)CC[C@]4(C)C3=C[C@@H](O)[C@]12C)C(C)C,Antcamphorol F,Lipids and lipid-like molecules,Terpenoids,Steroids,Ergostane steroids,Antrodia camphorata|Taiwanofungus camphoratus,10.1021/ACS.JNATPROD.9B00580|10.1021/acs.jnatprod.9b00580,Antrodia camphorata|Taiwanofungus camphoratus,Terpenoids,7.06,7.61,4.38,6.15,4.97,5.29,5.6,5.29,5.31,5.7,6.94,7.61,424.66900000000027,6.899900000000009,1,2,2.0,9.02
CNP0544921.4,C=C(CC[C@@H](C)[C@H]1CC[C@H]2C3=CC[C@H]4[C@H](C)C(=O)CC[C@]4(C)C3=C[C@H](O)[C@]12C)C(C)C,Antcamphorol G,Lipids and lipid-like molecules,Terpenoids,Steroids,Ergostane steroids,Antrodia camphorata|Taiwanofungus camphoratus,10.1021/ACS.JNATPROD.9B00580|10.1021/acs.jnatprod.9b00580,Antrodia camphorata|Taiwanofungus camphoratus,Terpenoids,7.06,7.61,4.38,6.15,4.97,5.29,5.6,5.29,5.31,5.7,6.94,7.61,424.66900000000027,6.899900000000009,1,2,2.0,9.02
CNP0454763.1,COC1=C(NCCCCC(N)C(=O)O)C[C@@](O)(CO)CC1=O,,Organic acids and derivatives,Amino acids and Peptides,Mycosporine derivatives,Mycosporine and Mycosporine-like amino acids,Calothrix (illegit. fungus)|Gloeocapsa,10.1128/AEM.01633-16,Calothrix (illegit. fungus)|Gloeocapsa,Amino acids and Peptides,6.79,7.69,4.46,6.33,5.48,5.57,5.64,5.3,5.5,5.65,6.94,7.69,316.3540000000001,-0.8974999999999982,5,7,2.0,9.02
CNP0362344.1,OC1=CC=C2NC3=C(C4=C[C@@]5(O)CC/C=C\CCCCN6CC[C@@H]4[C@@]4(C6)C[C@@]67CC[C@@H](CCCN6[C@H]45)O7)N=CC=C3C2=C1,Manzamine X,Alkaloids and derivatives,Alkaloids,Tryptophan alkaloids,Carboline alkaloids,Acanthostrongylophora sp.|Petrosiidae|Xestospongia|Xestospongia sp.|sponge sp.,10.1016/0040-4020(95)95723-9|10.1021/NP020592U|10.1021/np020592u|10.1021/np0400095|10.1039/np9971400259,Acanthostrongylophora sp.|Petrosiidae|Xestospongia|Xestospongia sp.|sponge sp.,Alkaloids,6.36,7.37,5.73,6.06,5.89,5.28,5.91,6.57,5.17,6.88,6.94,7.37,580.7730000000005,6.121800000000007,3,6,2.0,9.02
CNP0211423.6,CC1CCC/C=C\C(=O)C2=C(O)C=C(O)C=C2CC(=O)O1,,,Polyketides,Macrolides,Zearalenones,Unknown-fungus sp.,10.1039/j39670000947,Unknown-fungus sp.,Polyketides,6.56,7.58,4.44,5.6,5.25,5.21,5.92,5.54,5.17,6.67,6.94,7.58,290.31500000000005,2.4948000000000006,2,5,2.0,9.02
CNP0267804.1,CC1=CC=C(O)C=C1CC[C@@H]1C(=O)CC[C@]2(C)[C@@H]([C@H](C)/C=C/CC(C)C)CC[C@@H]12,calicoferol A,Lipids and lipid-like molecules,Terpenoids,Steroids,Vitamin D3 and derivatives,Calicogorgia|Calicogorgia sp.|gorgonian astrogorgia sp.,10.1016/j.bmc.2011.09.028|10.1039/np9931000497|10.1246/CL.1991.427,Calicogorgia|Calicogorgia sp.|gorgonian astrogorgia sp.,Terpenoids,6.94,7.38,5.37,6.29,5.44,5.18,5.65,5.33,5.2,6.46,6.93,7.38,396.6150000000002,6.883220000000007,1,2,2.0,9.01
CNP0323650.1,CO[C@@H]1[C@@H](OC(N)=O)[C@@H](O)[C@H](OC2=CC=C3C(O)=C(NC(=O)C4=CC(O)=C(O)C(CC=C(C)C)=C4)C(=O)OC3=C2C)OC1(C)C,5-Hydroxynovobiocin,Phenylpropanoids and polyketides,Shikimates and Phenylpropanoids,Coumarins,Simple coumarins,Marine Bacteria (Unclassified)|Streptomyces|Streptomyces sp. RJA2961,10.1371/JOURNAL.PONE.0077078|10.1371/journal.pone.0077078,Marine Bacteria (Unclassified)|Streptomyces|Streptomyces sp. RJA2961,Shikimates and Phenylpropanoids,6.6,7.44,5.45,6.34,5.55,5.6,5.77,6.15,5.35,6.75,6.93,7.44,628.6310000000002,3.332720000000002,6,12,2.0,9.01
CNP0221054.1,CC(O)C1C(O[C@@H]2O[C@H](CO)[C@@H](O)[C@H](O)[C@H]2O)OC=C2C(=O)OCCC21,,Organoheterocyclic compounds,Terpenoids,Monoterpenoids,Iridoids monoterpenoids,Gentiana tibetica|Rosmarinus officinalis,,Gentiana tibetica|Rosmarinus officinalis,Terpenoids,6.58,7.61,4.44,6.6,5.17,5.36,5.51,5.45,5.08,5.94,6.93,7.61,376.35800000000023,-2.396799999999998,5,10,2.0,9.01
CNP0396395.1,CC(C)=CCC/C(C)=C/C[C@@]12OC(C)(C)[C@H](Cl)C[C@]1(Cl)C(=O)C1=C(O)C=C(O)C=C1C2=O,Napyradiomycin A1,Lipids and lipid-like molecules,Terpenoids,Meroterpenoids,,Chainia rubra MGS02-AFI|Marine Bacteria (Unclassified)|Streptomyces|Streptomyces CNH-070|Streptomyces CNQ-329|Streptomyces CNQ-525|Streptomyces SCSIO 10428|Streptomyces aculeolatus|Streptomyces antimycoticus|Streptomyces antimycoticus NT17|Streptomyces aureus|Streptomyces aureus NCTC8325-4|Streptomyces ruber|Streptomyces sp. CA-271078|Streptomyces sp. YP127,10.1002/ejoc.201300349|10.1021/ACS.JNATPROD.7B00211|10.1021/acs.jnatprod.7b00211|10.1021/ja201088k|10.1074/jbc.M611046200|10.1111/1462-2920.14529|10.3390/MD11062113|10.3390/MD14100188|10.3390/md11062113|10.3390/md14100188|10.7164/ANTIBIOTICS.39.487|10.7164/ANTIBIOTICS.39.494|10.7164/ANTIBIOTICS.46.1890|10.7164/antibiotics.39.487,Chainia rubra MGS02-AFI|Marine Bacteria (Unclassified)|Streptomyces|Streptomyces CNH-070|Streptomyces CNQ-329|Streptomyces CNQ-525|Streptomyces SCSIO 10428|Streptomyces aculeolatus|Streptomyces antimycoticus|Streptomyces antimycoticus NT17|Streptomyces aureus|Streptomyces aureus NCTC8325-4|Streptomyces ruber|Streptomyces sp. CA-271078|Streptomyces sp. YP127,Terpenoids,6.71,7.69,4.44,5.31,5.33,5.64,5.65,5.48,5.23,6.39,6.93,7.69,481.4160000000003,6.082300000000006,2,5,2.0,9.01
CNP0497061.1,C=C1[C@@H](C)[C@H]2[C@H](CC3=CC=CC=C3)N=C(O)[C@]23C(=O)/C=C\C2=C(C(=O)CCC[C@@H](C)C/C=C/[C@H]3[C@@H]1O)[C@H](OC)[C@H]1[C@H](O)[C@H](O)[C@@]21C(N)=O,"(1~{S},3~{Z},6~{S},7~{R},8~{S},9~{R},10~{R},16~{R},18~{E},20~{R},21~{S},23~{S},24~{R},25~{S})-25-benzyl-7,8,21,27-tetrahydroxy-10-methoxy-16,23-dimethyl-22-methylene-2,12-dioxo-26-azapentacyclo[18.7.0.0^{1,24}.0^{5,11}.0^{6,9}]heptacosa-3,5(11),18,26-tetraene-6-carboxamide",Organoheterocyclic compounds,Alkaloids,Pseudoalkaloids,Cytochalasan alkaloids,Blumea densiflora|Cirsium arvense|Corallina rubens|Cratoxylum formosum|Dalea elegans|Euonymus grandiflorus|Hygrophila erecta|Hymenocallis arenicola|Relicina samoensis|Streptomyces cyaneofuscatus|Wardomyces inflatus,,Blumea densiflora|Cirsium arvense|Corallina rubens|Cratoxylum formosum|Dalea elegans|Euonymus grandiflorus|Hygrophila erecta|Hymenocallis arenicola|Relicina samoensis|Streptomyces cyaneofuscatus|Wardomyces inflatus,Alkaloids,6.61,7.22,5.41,6.18,5.51,6.06,5.93,5.51,5.22,6.96,6.93,7.22,658.7920000000003,2.9626000000000006,5,8,2.0,9.01
CNP0160516.3,COC1=C(C)C=C(O)C=C1C/C=C(\C)CC(=O)/C=C(\C)CCCC1(C)OC(C)(C)C=CC1=O,,,Polyketides,Meroterpenoids,Tetraketide meroterpenoids,Cystoseira usneoides|Marine,10.1016/0031-9422(92)80372-L|10.1021/NP300833Y|10.1021/np300833y,Cystoseira usneoides|Marine,Polyketides,6.6,7.67,4.63,5.72,5.55,6.02,5.79,5.97,5.47,6.53,6.93,7.67,454.6070000000003,5.966620000000006,1,5,2.0,9.01
CNP0130456.1,COC1=C2C3=C(C4=CC(Cl)=CC=C4N3C)[C@@]3(O)C(=O)N(C)C(=O)[C@@]3(O)N2C2=CC=CC=C12,BE-54017,Organoheterocyclic compounds,Alkaloids,Tryptophan alkaloids,Carboline alkaloids,Streptomyces uncialis|Unknown-fungus sp.,10.1021/ja2022653|10.1371/journal.pone.0023694,Streptomyces uncialis|Unknown-fungus sp.,Alkaloids,6.46,7.65,5.52,6.02,5.48,6.11,6.03,6.07,5.15,6.69,6.93,7.65,451.8660000000002,2.3068999999999997,2,5,2.0,9.01
CNP0212467.1,CC1=CC2=C(C[C@@H]3[C@@]4(C)CCCC(C)(C)[C@@H]4CC[C@@]3(C)O2)C(O)=C1C(=O)O,Hongoquercin A,Phenylpropanoids and polyketides,Polyketides,Meroterpenoids,Tetraketide meroterpenoids,Agaricus|Fungus LL-23G227|Unknown-fungus sp.,10.7164/ANTIBIOTICS.51.708|10.7164/antibiotics.51.635,Agaricus|Fungus LL-23G227|Unknown-fungus sp.,Polyketides,6.22,6.98,4.42,7.39,5.47,5.25,6.11,5.6,4.91,6.42,6.93,7.39,372.50500000000005,5.335020000000005,2,3,2.0,9.01
CNP0352902.2,C=CC(C)(C)C1=CC=C2NC([C@@H](C)CC)C(=O)N[C@H](CO)CC3=CNC1=C32,,Organic acids and derivatives,Alkaloids,Tryptophan alkaloids,Simple indole alkaloids,Marinactinospora thermotolerans,10.1039/c2np20112g,Marinactinospora thermotolerans,Alkaloids,6.67,7.86,5.46,6.25,5.86,5.13,5.58,5.55,5.38,5.44,6.93,7.86,369.5090000000001,3.4913000000000016,4,3,2.0,9.01
CNP0518598.1,CC(C)(O)/C=C/C(O)C1=CC2=C(C(O)=C1O)C(=O)C1=C(O)C=CC=C1O2,,,Polyketides,Xanthones,Methyl xanthones,Unknown-fungus sp.,10.1080/14786419.2018.1556655,Unknown-fungus sp.,Polyketides,6.68,7.58,5.15,6.42,5.22,5.86,5.68,5.35,5.11,6.52,6.93,7.58,358.34600000000006,2.4235000000000007,5,7,2.0,9.01
CNP0591630.0,CN1C(C(=O)N2CCC(O)=C3NC(=N)N=C32)=CC(Br)=C1Br,"(4,5-dibromo-1-methylpyrrol-2-yl)-(7-hydroxy-2-imino-5,6-dihydro-1H-imidazo[4,5-b]pyridin-4-yl)methanone",Organoheterocyclic compounds,Alkaloids,Histidine alkaloids,Imidazole alkaloids,Agelas|Agelas linnaei|agelas sponges,10.1016/J.BMC.2009.12.028|10.1016/j.bmc.2009.12.028,Agelas|Agelas linnaei|agelas sponges,Alkaloids,5.81,7.12,4.73,5.69,5.28,5.79,6.41,6.65,5.37,7.02,6.93,7.12,417.06100000000004,2.10207,3,3,2.0,9.01
CNP0155153.1,C=C1CC[C@H](Br)C(C)(C)[C@@H]1C[C@@]12OC(C)(C)[C@H](Cl)C[C@]1(Cl)C(=O)C1=C(O)C=C(O)C=C1C2=O,Napyradiomycin B3,Organoheterocyclic compounds,Terpenoids,,,Chainia (strain MG802-AF11)|Marine Bacteria (Unclassified)|Streptomyces,10.1021/acs.jnatprod.6b00235|10.7164/ANTIBIOTICS.39.494|10.7164/antibiotics.39.494,Chainia (strain MG802-AF11)|Marine Bacteria (Unclassified)|Streptomyces,Terpenoids,6.77,7.67,4.45,5.79,5.46,5.44,5.93,5.25,5.41,6.34,6.93,7.67,560.3120000000002,6.145500000000006,2,5,2.0,9.01
CNP0204910.0,OC1=CC(Br)=C(Cl)C(Br)=C1OC1=CC=C(Br)C=C1Br,,Benzenoids,Shikimates and Phenylpropanoids,Diphenyl ethers (DPEs),Marine-bacterial DPEs,unidentified sponge,10.1039/np9860300001,unidentified sponge,Shikimates and Phenylpropanoids,6.31,6.96,5.17,5.92,5.29,6.37,6.35,6.66,5.49,7.16,6.93,7.16,536.2390000000001,6.887900000000003,1,2,2.0,9.01
CNP0132865.0,CC1=CC(O)=C(CO)C2=C1C(=O)OC1=C(C)C3=C(C(=O)OC3)C(O)=C1O2,excelsione,Organic oxygen compounds,Polyketides,Aromatic polyketides,Depsidones,Knightia excelsa|Unknown-fungus sp.,10.1021/NP060202U|10.1021/np060202u,Knightia excelsa|Unknown-fungus sp.,Polyketides,6.4,7.64,4.64,6.08,5.46,6.49,5.91,5.42,5.0,6.67,6.93,7.64,358.3020000000001,2.20224,3,8,2.0,9.01
CNP0257985.1,CC(C)[C@H]1[C@H](O)C(=O)C2=CC3=C(CO)[C@@H](O)CC[C@@]3(C)CC[C@@]21C,Guanacastepene C,Organic oxygen compounds,Terpenoids,Diterpenoids,Guanacastane diterpenoids,Unknown-fungus sp. cR115,10.1021/ja016176y,Unknown-fungus sp. cR115,Terpenoids,6.97,7.55,4.39,6.28,5.17,4.97,5.45,5.32,5.12,5.91,6.93,7.55,334.45600000000013,2.3786000000000005,3,4,2.0,9.01
CNP0193842.1,CC(=O)O[C@H]1C(=O)C2=CC3=C(C=O)[C@@H](O)CC[C@@]3(C)CC[C@]2(C)[C@H]1C(C)C,Guanacastepene A,Organic oxygen compounds,Terpenoids,Diterpenoids,Guanacastane diterpenoids,Unknown-fungus sp. CR115,10.7164/antibiotics.53.256,Unknown-fungus sp. CR115,Terpenoids,7.02,7.58,4.4,6.19,5.18,5.37,5.53,5.75,5.13,5.6,6.93,7.58,374.47700000000015,3.1560000000000015,1,5,2.0,9.01
CNP0345891.1,CC(C)[C@H]1C(=O)C2=C3C4=C5C(=CCC[C@@]5(C)CC[C@@]31C)C(=O)N4CCO2,Guanacastepene D,Organoheterocyclic compounds,Terpenoids,Diterpenoids,Guanacastane diterpenoids,Unknown-fungus sp. cR115,10.1021/ja016176y,Unknown-fungus sp. cR115,Terpenoids,7.0,7.46,4.6,6.32,5.41,5.11,5.03,5.25,5.15,6.08,6.93,7.46,353.4620000000001,3.7485000000000026,0,3,2.0,9.01
CNP0355085.2,CC1=C(O)C=C(O)C2=C1[C@H](C)[C@](C)(CO)OC2=O,dothideomynone A,Organoheterocyclic compounds,Shikimates and Phenylpropanoids,Coumarins,Isocoumarins,Unknown-fungus sp. CRI7,10.1016/j.phytochem.2014.09.013,Unknown-fungus sp. CRI7,Shikimates and Phenylpropanoids,6.48,7.66,4.4,5.75,5.22,5.5,5.84,5.23,5.32,6.66,6.93,7.66,252.26599999999996,1.4311199999999995,3,5,2.0,9.01
CNP0352902.1,C=CC(C)(C)C1=CC=C2N[C@@H]([C@@H](C)CC)C(=O)N[C@H](CO)CC3=CNC1=C32,13-N-demethyl-methylpendolmycin,Organic acids and derivatives,Alkaloids,Tryptophan alkaloids,Simple indole alkaloids,Marinactinospora thermotolerans,10.1021/NP200399T|10.1021/np200399t,Marinactinospora thermotolerans,Alkaloids,6.67,7.86,5.46,6.25,5.86,5.13,5.58,5.55,5.38,5.44,6.93,7.86,369.5090000000001,3.4913000000000016,4,3,2.0,9.01
CNP0520685.1,C[C@H](C=C[C@H](C)[C@H](C)CO)[C@H]1CC[C@H]2C3=CC(=O)[C@H]4C[C@H](O)CC[C@]4(C)[C@H]3CC[C@]12C,Antcamphin Y,Lipids and lipid-like molecules,Terpenoids,Steroids,Cholestane steroids,Antrodia camphorata|Taiwanofungus camphoratus,10.1080/10286020.2020.1810673,Antrodia camphorata|Taiwanofungus camphoratus,Terpenoids,6.89,7.58,4.4,6.31,5.14,5.18,5.51,5.17,5.15,5.59,6.93,7.58,428.6570000000003,5.562100000000006,2,3,2.0,9.01
CNP0232505.1,CC1=CCC[C@H]2[C@](C)(CC3=CC(O)=CC=C3O)[C@@H](C)CC[C@]12C,Avarol,Benzenoids,Terpenoids,Diterpenoids,Colensane and Clerodane diterpenoids,Dysidea|Dysidea avara|Dysidea villosa|Ircinia spinosula|Marine|Pleraplysilla spinifera|dysidea sp.,10.1002/HLCA.19850680523|10.1007/BF00597852|10.1016/0014-2999(94)90759-5|10.1016/0040-4020(77)88001-0|10.1016/0378-4274(91)90145-V|10.1016/0742-8413(85)90130-6|10.1016/S0040-4020(01)90094-8|10.1016/j.bmcl.2008.11.068|10.1021/JO00050A043|10.1021/NP000003P|10.1021/NP040237Z|10.1021/NP50063A030|10.1021/NP50069A027|10.1021/acs.jnatprod.5b01079|10.1021/acs.jnatprod.6b00367|10.1021/np50063a030|10.1021/np50114a015|10.1071/C96120|10.1248/CPB.38.1121,Dysidea|Dysidea avara|Dysidea villosa|Ircinia spinosula|Marine|Pleraplysilla spinifera|dysidea sp.,Terpenoids,6.24,7.08,5.35,5.8,5.33,5.42,6.2,5.34,5.26,7.47,6.93,7.47,314.46900000000016,5.439100000000006,2,2,2.0,9.01
CNP0324385.1,C=C1CC[C@H]2[C@@](C)(CO)CCC[C@]2(C)[C@H]1CCC1CCOC1=O,"19-Hydroxylabda-8(17)-en-16,15-olide",Lipids and lipid-like molecules,Terpenoids,Diterpenoids,Norlabdane diterpenoids,Antrodia camphorata|Taiwanofungus camphoratus,10.1021/NP0581263|10.1021/np0581263,Antrodia camphorata|Taiwanofungus camphoratus,Terpenoids,6.83,7.64,4.6,6.29,5.27,5.17,5.9,5.24,5.13,5.64,6.92,7.64,320.47300000000007,4.100900000000004,1,3,2.0,9.0
CNP0182066.1,COC1=CC(O)=C2C(=O)C3=C(O)[C@]4(O)C(=O)/C(=C(\C)O)C(=O)C[C@]4(O)[C@@H]4O[C@H](C(C)(C)O)C[C@]34C(=O)C2=C1,seragakinone A,Benzenoids,Polyketides,Polycyclic aromatic polyketides,Anthraquinones and anthrones,unidentified fungus,10.1039/b006897g,unidentified fungus,Polyketides,6.76,7.46,4.36,6.32,5.37,5.74,5.19,5.59,5.1,6.55,6.92,7.46,530.4820000000003,0.35639999999999966,6,12,2.0,9.0
CNP0234425.1,COC1=CC([C@H]2C[C@H]3O[C@H](C)[C@@H](C)C4=C(C)C(O)=CC(=C43)O2)=CC=C1O,Citrifelin B,Phenylpropanoids and polyketides,Polyketides,Chromanes,Azaphilones,Beauveria felina|Penicillium citrinum|fungi Penicillium citrinum + Beauveria felina,10.1021/ACS.JNATPROD.5B00450|10.1021/acs.jnatprod.5b00450|10.1039/c6np00124f,Beauveria felina|Penicillium citrinum|fungi Penicillium citrinum + Beauveria felina,Polyketides,5.9,6.91,5.18,5.59,5.3,6.28,6.01,5.0,5.33,7.58,6.92,7.58,356.41800000000006,4.5019200000000055,2,5,2.0,9.0
CNP0310269.1,O=C1C2=C(C3=NCCC4=CNC1=C34)[C@]1(C=C(Br)[C@@H](O)[C@@H](Br)C1)CCN2,epinardin B,Organoheterocyclic compounds,Alkaloids,Tryptophan alkaloids,Pyrroloquinoline alkaloids,unidentified sponge,10.1039/a815113y,unidentified sponge,Alkaloids,6.85,7.73,4.37,5.64,5.76,5.14,5.81,5.45,5.44,6.19,6.92,7.73,467.1610000000001,2.5969000000000007,3,4,2.0,9.0
CNP0351583.1,COC1=CC=C2OC3=C4C(=C(O)C(O)=C3C(=O)C2=C1O)CCC1=CC2=C(C(=O)N3[C@@](C)(C2)OC(=O)[C@]3(C)CO)C(O)=C14,Citreamicin theta A,Organoheterocyclic compounds,Polyketides,Polycyclic aromatic polyketides,Ericamycins,Marine Bacteria (Unclassified)|Streptomyces caelestis|Streptomyces caelestis AW9-9C,10.1021/acs.jnatprod.6b00235|10.1039/c3np70117d|10.3390/MD10112571|10.3390/md10112571,Marine Bacteria (Unclassified)|Streptomyces caelestis|Streptomyces caelestis AW9-9C,Polyketides,6.53,7.7,5.3,6.53,5.39,5.98,5.97,5.67,5.11,6.37,6.92,7.7,575.5260000000004,2.565100000000002,5,11,2.0,9.0
CNP0116445.0,CN1C=C2CCN=C3C4=C(NC=C4C4=CC=C(O)C=C4)C(=O)C1=C32,Tsitsikammamine B,Organoheterocyclic compounds,Alkaloids,Tryptophan alkaloids,Pyrroloquinoline alkaloids,Tsitsikamma favus|latrunculid sponges|unidentified sponge,10.1016/0040-4039(96)01560-2|10.1021/np034084b|10.1039/a815113y,Tsitsikamma favus|latrunculid sponges|unidentified sponge,Alkaloids,6.38,7.69,5.87,5.83,5.58,6.18,6.04,6.27,5.23,6.7,6.92,7.69,317.3480000000001,2.6637000000000004,2,3,2.0,9.0
CNP0324385.2,C=C1CC[C@H]2[C@@](C)(CO)CCC[C@]2(C)[C@H]1CC[C@H]1CCOC1=O,,Lipids and lipid-like molecules,Terpenoids,Diterpenoids,Norlabdane diterpenoids,Taiwanofungus camphoratus,10.1021/NP0581263,Taiwanofungus camphoratus,Terpenoids,6.83,7.64,4.6,6.29,5.27,5.17,5.9,5.24,5.13,5.64,6.92,7.64,320.47300000000007,4.100900000000004,1,3,2.0,9.0
CNP0110713.1,C=C1[C@@H](C)[C@H]2[C@H](C(OC)C3=CNC4=CC=CC=C34)NC(=O)[C@]23C(=O)CC[C@H](O)C(=O)/C(C)=C\[C@@H](C)C/C=C\[C@H]3[C@@H]1O,Oxichaetoglobosin C/D,Organoheterocyclic compounds,Alkaloids,Pseudoalkaloids,Cytochalasan alkaloids,Unknown-fungus sp.,10.1021/acs.jnatprod.8b00110,Unknown-fungus sp.,Alkaloids,6.72,7.78,5.65,6.25,5.62,6.12,5.73,5.28,5.15,5.8,6.92,7.78,560.6910000000005,3.9610000000000034,4,6,2.0,9.0
CNP0073277.1,CC1=CC(O)=CC(O)=C1C(=O)O[C@H]1CC2=C(COC(/C=C/C(=O)O)=C2)C(=O)[C@@]1(C)O,Montagnuphilone A,Organoheterocyclic compounds,Polyketides,Chromanes,Azaphilones,Unknown-fungus sp. DM0194,10.1021/acs.jnatprod.6b00714,Unknown-fungus sp. DM0194,Polyketides,6.38,7.62,4.4,5.75,5.26,5.61,6.11,5.43,4.96,6.76,6.92,7.62,416.3820000000001,1.5069199999999996,4,8,2.0,9.0
CNP0074237.1,C[C@H]1CCC[C@@H]2C=C[C@H](C)[C@@](C)(C3=CC(O)=C(C=N)C(=O)O3)[C@H]12,solanapyrone L,Organoheterocyclic compounds,Polyketides,Cyclic polyketides,Decalins with 2-pyrones,Unknown-fungus sp.,10.1021/np070251m,Unknown-fungus sp.,Polyketides,6.46,7.65,4.57,5.75,5.16,5.43,5.7,5.15,5.12,6.66,6.92,7.65,315.413,3.8590700000000027,2,4,2.0,9.0
CNP0160114.0,O=C1OCC2=CC=CC(O)=C12,7-Hydroxyisobenzofuran-1(3H)-one,Organoheterocyclic compounds,Polyketides,Cyclic polyketides,Phthalide derivatives,Cladosporium|Cladosporium sp.|Unknown-fungus fungicolous Hyphomycete Resembling Cladosporium|Valsa,10.1021/NP020097Y|10.1021/np020097y|10.1080/00021369.1984.10866655|10.1271/BBB1961.48.3151,Cladosporium|Cladosporium sp.|Unknown-fungus fungicolous Hyphomycete Resembling Cladosporium|Valsa,Polyketides,6.34,7.73,5.23,5.69,5.33,5.4,5.88,5.73,5.08,6.69,6.92,7.73,150.13299999999998,1.0625999999999998,1,3,2.0,9.0
CNP0483855.0,CCN1C(=N)N=C(O)C1(CCCNC(=O)C1=CC(Br)=C(Br)N1C)NCCS(=O)(=O)O,"2-[[4-[3-[(4,5-dibromo-1-methylpyrrole-2-carbonyl)amino]propyl]-3-ethyl-5-hydroxy-2-iminoimidazol-4-yl]amino]ethanesulfonic acid",Organoheterocyclic compounds,Alkaloids,Histidine alkaloids,Imidazole alkaloids,agelas sponges,10.1016/j.bmc.2009.12.028,agelas sponges,Alkaloids,6.16,7.09,4.64,5.78,6.72,5.74,6.35,5.73,5.95,6.96,6.92,7.09,572.2800000000002,1.4605700000000004,5,5,2.0,9.0
CNP0131702.1,C/C(=C\CC[C@@H](C)[C@H]1CC[C@@]2(C)C3=C(C(=O)C[C@]12C)[C@@]1(C)CCC(=O)C(C)(C)[C@@H]1CC3=O)C(=O)O,"(E,6R)-2-methyl-6-[(5R,10S,13R,14R,17R)-4,4,10,13,14-pentamethyl-3,7,11-trioxo-1,2,5,6,12,15,16,17-octahydrocyclopenta[a]phenanthren-17-yl]hept-2-enoic acid",Lipids and lipid-like molecules,Terpenoids,Triterpenoids,"Lanostane, Tirucallane and Euphane triterpenoids",Taiwanofungus camphoratus,10.1021/NP300443P|10.1021/np300443p,Taiwanofungus camphoratus,Terpenoids,7.02,7.55,4.37,6.16,6.2,4.88,5.53,5.31,5.11,5.54,6.92,7.55,482.66100000000034,6.110000000000006,1,4,2.0,9.0
CNP0112926.0,COCC1=C(O)C=C2C(=O)C3=CC=CC=C3C(=O)C2=C1O,79560-36-4,Benzenoids,Polyketides,Polycyclic aromatic polyketides,Anthraquinones and anthrones,Chara corallina|Damnacanthus indicus|Euphorbia ingens|Faramea occidentalis|Galium aparine|Galium spurium|Galium verum|Gynochthodes officinalis|Gynochthodes parvifolia|Monilinia fructigena|Morinda Parvifolia|Morinda citrifolia|Morinda elliptica|Morinda parvifolia|Ophiorrhiza pumila|Perna viridis|Plocama pendula|Rennellia elliptica|Rubia akane|Rubia pubescens|Rubia tinctorum|Rubia wallichiana|Rubia wallichiana DECNE|Siphonaria funiculata|Solanum curtipes|Stachys recta,10.1002/CBDV.200800047|10.1016/0031-9422(92)90070-7|10.1016/0031-9422(93)85131-A|10.1016/0031-9422(94)00579-I|10.1016/J.FITOTE.2011.02.008|10.1016/S0031-9422(00)80719-0|10.1016/S0031-9422(00)83480-9|10.1016/S0031-9422(97)00252-5|10.1016/S0031-9422(97)00614-6|10.1016/S0040-4039(00)01205-3|10.1248/CPB.40.1504|10.1248/CPB.43.1462|10.1248/CPB.51.948|10.3390/MOLECULES15107218,Chara corallina|Damnacanthus indicus|Euphorbia ingens|Faramea occidentalis|Galium aparine|Galium spurium|Galium verum|Gynochthodes officinalis|Gynochthodes parvifolia|Monilinia fructigena|Morinda Parvifolia|Morinda citrifolia|Morinda elliptica|Morinda parvifolia|Ophiorrhiza pumila|Perna viridis|Plocama pendula|Rennellia elliptica|Rubia akane|Rubia pubescens|Rubia tinctorum|Rubia wallichiana|Rubia wallichiana DECNE|Siphonaria funiculata|Solanum curtipes|Stachys recta,Polyketides,6.45,7.73,5.46,6.11,5.32,6.25,5.76,5.7,5.12,6.59,6.92,7.73,284.267,2.0196,2,5,2.0,9.0
CNP0428305.1,CC(C)=CCC1=CC[C@H](O)[C@@]2(C1=O)C(=O)C1=C(O)C=C(C)C=C1[C@@H]2O,Coleophomone E,Benzenoids,Polyketides,Meroterpenoids,,Unknown sp. SCSIO F46|unidentified species of Phylum Ascomycota,10.1039/c9np00069k|10.3389/fchem.2018.00536,Unknown sp. SCSIO F46|unidentified species of Phylum Ascomycota,Polyketides,6.57,7.54,4.55,5.62,5.43,5.3,5.73,5.53,5.25,6.65,6.92,7.54,342.3910000000001,2.5331200000000016,3,5,2.0,9.0
CNP0171040.4,CC1C[C@H](O)CC(=O)C2=C(O)C=C(O)C=C2CC(=O)O1,Xestodecalactone B,Organic oxygen compounds,Polyketides,Macrolides,Zearalenones,Unknown-fungus sp.,10.1021/np020085c,Unknown-fungus sp.,Polyketides,6.36,7.66,4.44,5.26,5.31,5.36,5.85,5.37,5.13,6.73,6.92,7.66,280.276,0.9093999999999998,3,6,2.0,9.0
CNP0351583.2,COC1=CC=C2OC3=C4C(=C(O)C(O)=C3C(=O)C2=C1O)CCC1=CC2=C(C(=O)N3[C@@](C)(CO)C(=O)O[C@@]3(C)C2)C(O)=C14,Citreamicin theta B,Organoheterocyclic compounds,Polyketides,Polycyclic aromatic polyketides,Ericamycins,Marine Bacteria (Unclassified)|Streptomyces caelestis|Streptomyces caelestis AW9-9C,10.1021/acs.jnatprod.6b00235|10.1039/c3np70117d|10.3390/MD10112571|10.3390/md10112571,Marine Bacteria (Unclassified)|Streptomyces caelestis|Streptomyces caelestis AW9-9C,Polyketides,6.53,7.7,5.3,6.53,5.39,5.98,5.97,5.67,5.11,6.37,6.92,7.7,575.5260000000003,2.5651000000000024,5,11,2.0,9.0
CNP0316170.1,COC(=O)CC1=CC(O)=C(C/C=C(\C)CC/C=C(\C)[C@H](OC(C)=O)C(=O)C=C(C)C)C=C1O,,Lipids and lipid-like molecules,Polyketides,Meroterpenoids,Tetraketide meroterpenoids,Alcyonium fauri|Purple soft coral,10.1016/0040-4039(95)00461-K|10.1039/np9971400259,Alcyonium fauri|Purple soft coral,Polyketides,6.03,7.12,4.72,6.26,6.62,6.08,5.93,5.61,5.27,7.01,6.92,7.12,458.5510000000002,4.495600000000005,2,7,2.0,9.0
CNP0432700.1,C/C=C/C1=C(C)[C@@H](O)[C@@H](O)CC1(C)C,,Organic oxygen compounds,Terpenoids,Apocarotenoids,Megastigmanes,Avicennia marina,10.1039/c6np00124f,Avicennia marina,Terpenoids,6.17,7.19,4.25,7.4,5.16,5.51,5.94,4.86,5.1,5.68,6.92,7.4,196.28999999999996,2.0307,2,2,2.0,9.0
CNP0290100.2,CC1=C[C@@H]2OC(=O)[C@]3(C)CCC[C@@](C)([C@@H]1CC[C@@H](C)CC(=O)O)[C@H]23,,Organic acids and derivatives,Terpenoids,Diterpenoids,Norlabdane diterpenoids,Acacia catechuoides|Dracaena deisteliana|Haminoea fusari|Hartwrightia floridana|Magnolia stellata|Ophiorrhiza acuminata|Petersianthus macrocarpus|Sida hermaphrodita|Streptomyces flavofungini|Ursinia nudicaulis,10.1016/0031-9422(81)85194-1,Acacia catechuoides|Dracaena deisteliana|Haminoea fusari|Hartwrightia floridana|Magnolia stellata|Ophiorrhiza acuminata|Petersianthus macrocarpus|Sida hermaphrodita|Streptomyces flavofungini|Ursinia nudicaulis,Terpenoids,7.0,7.59,4.48,6.16,5.23,5.1,5.46,5.3,5.02,5.95,6.92,7.59,334.4560000000001,4.191600000000003,1,3,2.0,9.0
CNP0151454.1,C[C@@H]1[C@H](O)CC[C@]2(C)C3=C(C(=O)C[C@@H]12)[C@@H]1CC[C@H]([C@H](C)CCO)[C@@]1(C)[C@@H](O)C3=O,"(3R,4S,5S,10S,12R,13R,14R,17R)-3,12-dihydroxy-17-[(2R)-4-hydroxybutan-2-yl]-4,10,13-trimethyl-2,3,4,5,6,12,14,15,16,17-decahydro-1H-cyclopenta[a]phenanthrene-7,11-dione",Lipids and lipid-like molecules,Terpenoids,Steroids,Cholestane steroids,Antrodia camphorata|Taiwanofungus camphoratus,10.1021/NP400741S|10.1021/np400741s,Antrodia camphorata|Taiwanofungus camphoratus,Terpenoids,7.07,7.55,4.37,6.15,4.84,5.33,5.42,5.15,5.1,5.88,6.92,7.55,404.5470000000002,2.6637000000000017,3,5,2.0,9.0
CNP0159852.1,COC1=CC(O)=C2C(=O)C[C@@](O)(CO)[C@@H](O)C2=C1,Balticol C,Benzenoids,Polyketides,Naphthalenes,Naphthalenones,Unknown-fungus sp. strain 222,10.1002/cbdv.200800150,Unknown-fungus sp. strain 222,Polyketides,6.68,7.51,4.4,5.98,5.2,5.7,5.82,5.39,5.19,6.56,6.92,7.51,254.23799999999997,-0.256,4,6,2.0,9.0
CNP0161974.3,C/C(C=O)=C/CC/C(C)=C/C[C@@]12OC(C)(C)[C@H](Cl)C[C@]1(Cl)C(=O)C1=C(O)C=C(O)C=C1C2=O,"(2Z,6E)-8-[(3R,4aR,10aS)-3,4a-dichloro-6,8-dihydroxy-2,2-dimethyl-5,10-dioxo-3,4-dihydrobenzo[g]chromen-10a-yl]-2,6-dimethylocta-2,6-dienal",Lipids and lipid-like molecules,Terpenoids,Meroterpenoids,,Marine Bacteria (Unclassified),10.1021/acs.jnatprod.6b00235,Marine Bacteria (Unclassified),Terpenoids,6.68,7.69,4.42,5.42,5.37,5.65,5.71,5.54,5.28,6.39,6.92,7.69,495.3990000000002,5.2613000000000065,2,6,2.0,9.0
CNP0171040.5,CC1C[C@@H](O)CC(=O)C2=C(O)C=C(O)C=C2CC(=O)O1,Xestodecalactone C,Organic oxygen compounds,Polyketides,Macrolides,Zearalenones,Unknown-fungus sp.,10.1021/np020085c,Unknown-fungus sp.,Polyketides,6.36,7.66,4.44,5.26,5.31,5.36,5.85,5.37,5.13,6.73,6.92,7.66,280.276,0.9093999999999998,3,6,2.0,9.0
CNP0354244.1,C=C(C)[C@H]1COC2=C(C)C=C3OC4=C(C[C@H](O)C(C)(C)OCC5=C(/C=C/[C@@H](O)[C@@H](O)CCC)C=CC=C5OC)C=CC(O)=C4C(=O)C3=C2[C@@H]1O,Varioxiranol F,Organoheterocyclic compounds,Polyketides,,,Aspergillus stellatus|Emericella variecolor,10.1021/ACS.JNATPROD.5B00578|10.1021/acs.jnatprod.5b00578|10.1039/c6np00124f,Aspergillus stellatus|Emericella variecolor,Polyketides,6.74,7.85,5.24,6.8,5.51,5.74,6.08,8.45,5.35,7.2,7.83,8.45,688.8140000000003,6.02082000000001,5,10,1.0,9.0
CNP0372394.0,COC1=C(C=O)C(O)=CC2=C1C(=O)C1=CC=CC=C1C2=O,damnacanthal,Benzenoids,Polyketides,Polycyclic aromatic polyketides,Anthraquinones and anthrones,Cercosporina kikuchii|Chara corallina|Clitocybe diatreta|Croton steenkampianus|Damnacanthus indicus|Damnacanthus major|Daphne aurantiaca|Derris brevipes|Eriostemon brucei|Euphorbia ingens|Garcinia afzelii|Garcinia brevipedicellata|Garcinia cantleyana|Heterophyllaea pustulata|Hymenodictyon excelsum|Hymenodictyon orixense|Lonicera korolkovii|Mangifera indica|Melanothamnus somalensis|Monilinia fructigena|Morinda citrifolia|Morinda elliptica|Morinda lucida|Neonauclea calycina|Parmelia gigas|Pentas parvifolia|Perna viridis|Portulaca pilosa|Prismatomeris fragrans|Pseudomonas putida|Pteris aquilina|Rennellia elliptica|Rhodopentas bussei|Rubia tinctorum|Saprosma fragrans|Siphonaria funiculata|Solanum curtipes|Stachys recta|Talaromyces helicus|Zerynthia polyxena,10.1007/BF03046638|10.1016/0031-9422(92)90070-7|10.1016/0304-3835(93)90259-C|10.1016/J.BBRC.2006.07.158|10.1016/J.BMCL.2006.06.027|10.1016/J.FITOTE.2011.02.008|10.1016/J.JEP.2005.03.018|10.1016/J.JPHOTOBIOL.2010.09.009|10.1016/S0031-9422(97)00252-5|10.1016/j.bmcl.2006.06.027|10.1016/j.fitote.2011.02.008|10.1021/acs.jnatprod.6b00178|10.1039/C39720000405|10.1039/J39710002001|10.1055/S-2006-960473|10.1055/S-2006-961543|10.1076/1388-0209(200009)38:4;1-A;FT298|10.1078/094471103322331854|10.1080/14786410902753138|10.1248/BPB.21.641|10.1248/CPB.56.1466|10.1248/YAKUSHI1947.75.2_225|10.3109/13880209509055208|10.3390/MOLECULES15107218,Cercosporina kikuchii|Chara corallina|Clitocybe diatreta|Croton steenkampianus|Damnacanthus indicus|Damnacanthus major|Daphne aurantiaca|Derris brevipes|Eriostemon brucei|Euphorbia ingens|Garcinia afzelii|Garcinia brevipedicellata|Garcinia cantleyana|Heterophyllaea pustulata|Hymenodictyon excelsum|Hymenodictyon orixense|Lonicera korolkovii|Mangifera indica|Melanothamnus somalensis|Monilinia fructigena|Morinda citrifolia|Morinda elliptica|Morinda lucida|Neonauclea calycina|Parmelia gigas|Pentas parvifolia|Perna viridis|Portulaca pilosa|Prismatomeris fragrans|Pseudomonas putida|Pteris aquilina|Rennellia elliptica|Rhodopentas bussei|Rubia tinctorum|Saprosma fragrans|Siphonaria funiculata|Solanum curtipes|Stachys recta|Talaromyces helicus|Zerynthia polyxena,Polyketides,6.47,7.58,5.86,6.19,5.31,6.17,5.68,5.48,5.09,6.7,6.92,7.58,282.251,1.9887,1,5,2.0,9.0
CNP0072604.1,O=C1OC([C@H](O)[C@H](O)C(Cl)Cl)=CC2=CC(O)=CC(O)=C12,Desmethyldichlorodiaportinol,Phenylpropanoids and polyketides,Shikimates and Phenylpropanoids,Coumarins,Isocoumarins,Unknown-fungus sp. CYSK-4|unidentified species of Phylum Ascomycota,10.1039/c9np00069k|10.3390/md16020054,Unknown-fungus sp. CYSK-4|unidentified species of Phylum Ascomycota,Shikimates and Phenylpropanoids,6.51,7.69,4.49,6.55,5.23,5.9,5.8,5.15,5.11,6.52,6.92,7.69,321.112,1.4022000000000001,4,6,2.0,9.0
CNP0403495.1,COC(=O)[C@]1(CC2=CC=C(CC=C(C)C)C(O)=C2)OC(=O)C(O)=C1C1=CC=C(O)C=C1,,Lipids and lipid-like molecules,Shikimates and Phenylpropanoids,Lignans,Neolignans,Aspergillus terreus|Fungi,10.1002/PTR.4668|10.1002/ptr.4668|10.1016/J.FITOTE.2018.10.011|10.1016/j.fitote.2018.10.011,Aspergillus terreus|Fungi,Shikimates and Phenylpropanoids,6.52,7.7,5.5,6.31,5.65,6.44,6.06,5.71,5.24,6.55,6.92,7.7,424.4490000000002,3.5869000000000018,3,7,2.0,9.0
CNP0367878.4,CCCCCC(/C=C/C=C/CCCCCCCC(=O)O)OO,,,Fatty acids,Octadecanoids,Other Octadecanoids,Phytopathogenic Fungi Fusarium oxysporum + endophytic fungus Paraconiothyrium,,Phytopathogenic Fungi Fusarium oxysporum + endophytic fungus Paraconiothyrium,Fatty acids,6.21,7.41,4.28,5.98,5.39,5.8,5.61,5.1,5.43,5.57,6.53,7.41,312.44999999999993,5.352600000000004,2,3,2.5,8.98
CNP0103424.7,O=C1C=C(C2=CC=C(O)C=C2)OC2=CC(O[C@@H]3O[C@@H](CO)[C@H](O)[C@@H](O)[C@@H]3O)=CC(O)=C12,,Phenylpropanoids and polyketides,Shikimates and Phenylpropanoids,Flavonoids,Flavones,Blumea densiflora|Cirsium arvense|Corallina rubens|Cratoxylum formosum|Dalea elegans|Euonymus grandiflorus|Hygrophila erecta|Hymenocallis arenicola|Relicina samoensis|Streptomyces cyaneofuscatus|Wardomyces inflatus,10.1007/BF00567325,Blumea densiflora|Cirsium arvense|Corallina rubens|Cratoxylum formosum|Dalea elegans|Euonymus grandiflorus|Hygrophila erecta|Hymenocallis arenicola|Relicina samoensis|Streptomyces cyaneofuscatus|Wardomyces inflatus,Shikimates and Phenylpropanoids,6.48,7.76,5.03,5.89,5.31,6.32,6.09,5.44,5.18,6.49,6.91,7.76,432.3810000000001,0.04989999999999978,6,10,2.0,8.98
CNP0355025.1,CCCCCCCCCCC[C@@H](O)C=CC1=CC2=C(N=N1)C(=O)C(NC)=CC2=O,Quinocinnolinomycin B,Organic oxygen compounds,Alkaloids,Tryptophan alkaloids,Quinoline alkaloids,Unknown-fungus sp.,10.1073/pnas.1507743112,Unknown-fungus sp.,Alkaloids,6.64,7.81,4.35,6.29,5.76,5.63,5.68,5.8,5.6,5.92,6.91,7.81,399.53500000000014,4.2539000000000025,2,6,2.0,8.98
CNP0294302.1,COC1=CC2=C(C(O)=C1O)[C@@]1(C)OC3=C(O)C(OC)=CC(C=O)=C3[C@](C)(O1)C2=O,"(1S,9S)-6,11,12-Trihydroxy-5,13-dimethoxy-1,9-dimethyl-16-oxo-8,17-dioxatetracyclo[7.7.1.02,7.010,15]heptadeca-2(7),3,5,10,12,14-hexaene-3-carbaldehyde",Organoheterocyclic compounds,Polyketides,,,Enterococcus faecium|Gerbera asplenifolia|Matricaria aurea|Monilinia fructicola|Unknown-fungus sp.|Virola venosa,10.1016/s0040-4039(02)00265-4,Enterococcus faecium|Gerbera asplenifolia|Matricaria aurea|Monilinia fructicola|Unknown-fungus sp.|Virola venosa,Polyketides,6.55,7.55,4.35,6.03,5.28,6.03,5.77,5.23,5.13,6.62,6.91,7.55,402.3550000000002,2.3265000000000002,3,9,2.0,8.98
CNP0128509.2,CC1=CC(O)=CC(O)=C1C(=O)O[C@H]1CC2=C(CO[C@](O)(CCCO)C2)C(=O)[C@@]1(C)O,Montagnuphilone F,Organoheterocyclic compounds,Polyketides,Chromanes,Azaphilones,Unknown-fungus sp. DM0194,10.1021/acs.jnatprod.6b00714,Unknown-fungus sp. DM0194,Polyketides,6.5,7.68,4.42,5.78,5.32,5.62,5.81,5.34,5.28,6.56,6.91,7.68,422.43000000000023,0.8334199999999996,5,9,2.0,8.98
CNP0231736.2,C=C1CC[C@H](Cl)C(C)(C)[C@@H]1C[C@@]12OC(C)(C)[C@H](Cl)C[C@]1(Cl)C(=O)C1=C(O)C=C(O)C=C1C2=O,Napyradiomycin B1,Organoheterocyclic compounds,Polyketides,,,Marine Bacteria (Unclassified),10.1021/acs.jnatprod.6b00235,Marine Bacteria (Unclassified),Polyketides,6.77,7.64,4.2,5.79,5.44,5.46,5.93,5.26,5.25,6.32,6.91,7.64,515.8610000000002,5.989400000000006,2,5,2.0,8.98
CNP0072109.2,COC1=CC(O)=C2C(=O)C[C@@H](CC(C)=O)[C@H](OC)C2=C1O,Aspvanicin B,Benzenoids,Polyketides,Naphthalenes,Naphthalenones,Unknown-fungus or bacterium,10.1016/j.tetlet.2018.05.067,Unknown-fungus or bacterium,Polyketides,6.38,7.64,4.42,5.78,5.38,5.71,6.21,5.4,5.12,6.72,6.91,7.64,294.303,1.9755999999999996,2,6,2.0,8.98
CNP0277042.1,CC(=O)O[C@@H]1CO[C@H]2O[C@H]3[C@@H](C(C=O)=CC[C@@H]4C5=C(C(C)C)CC[C@]5(C)CC[C@]43C)[C@@]2(O)C1=O,,Lipids and lipid-like molecules,Terpenoids,Diterpenoids,Cyathane diterpenoids,Hericium coralloides|Metatrichia floriformis,10.1039/C39780000665|10.1515/ZNC-2002-3-411,Hericium coralloides|Metatrichia floriformis,Terpenoids,6.95,7.67,4.43,6.1,5.07,5.42,5.5,5.9,5.23,5.62,6.91,7.67,472.57800000000043,3.2876000000000025,1,7,2.0,8.98
CNP0073073.1,C[C@@]1(O)CC[C@H]2[C@](O)(C1)[C@@H]1O[C@@H]1[C@@]1(C)OC(=O)CC[C@]21C,Libertalide H,Organoheterocyclic compounds,Polyketides,Cyclic polyketides,Monacolins and Monacolin derivatives,Unknown-fungus sp.,10.1021/acs.jnatprod.7b00463,Unknown-fungus sp.,Polyketides,6.75,8.06,4.39,5.65,5.25,5.2,5.93,5.06,5.26,5.92,6.91,8.06,296.36300000000006,1.1515999999999997,2,5,2.0,8.98
CNP0202270.1,OC1=CC=CC2=C1NC1=C(C3=C[C@@]4(O)CC/C=C\CCCCN5CC[C@@H]3[C@]3(C[C@@H]6/C=C\CCCCN6[C@H]34)C5)N=CC=C12,8-Hydroxymanzamine A,Alkaloids and derivatives,Alkaloids,Tryptophan alkaloids,Carboline alkaloids,Acanthostrongylophora|Amphimedon|Indo-Pacific sponge (Unclassified)|Pachypellina,10.1016/0040-4020(95)01057-2|10.1021/NP50103A027|10.1021/acs.jnatprod.9b00577|10.1021/np060092r|10.1021/np50103a027,Acanthostrongylophora|Amphimedon|Indo-Pacific sponge (Unclassified)|Pachypellina,Alkaloids,6.25,7.3,5.7,6.06,5.93,5.49,6.01,6.3,5.27,7.12,6.91,7.3,564.7740000000003,6.561400000000007,3,5,2.0,8.98
CNP0245825.1,C[C@]12OC=C3CC[C@@H]4[C@H](CC=C5C[C@@H](O)[C@H](O)C[C@@]54C)C(=O)O[C@H](CO1)[C@@H]32,,Organoheterocyclic compounds,Terpenoids,Steroids,Cholane steroids,Agave cocui|Alcyonium coralloides|Campanula hypopolia|Chasmanthera dependens|Corydalis pallida|Crepis czerepanovii|Cylindropuntia leptocaulis|Dendrobates auratus|Eupatoriastrum nelsonii|Huperzia selago|Hydroclathrus tenuis|Hymenoxys grandiflora|Kielmeyera rubriflora|Larix lyallii|Lethariella sinensis|Maackia floribunda|Meliosma wightii|Oroxylum indicum|Othonna tagetes|Pellina semitubulosa|Penicillium expansum|Phakellia flabellata|Philadelphus coronarius|Phragmatobia fuliginosa|Phyllosticta cirsii|Polygala fruticosa|Pteris pedata|Pterocarpus macrocarpus|Russula lepida|Scandix pecten-veneris|Senecio miser|Simaba cuneata|Sorbaria arborea|Syzygium levinei|Thalictrum podocarpum|Trichilia catigua|Trichoplusia ni|Tripteris microcarpa|Turbina corymbosa|Urginea riparia|Ventilago madraspatana|Vincetoxicum atratum,10.1248/CPB.33.4188,Agave cocui|Alcyonium coralloides|Campanula hypopolia|Chasmanthera dependens|Corydalis pallida|Crepis czerepanovii|Cylindropuntia leptocaulis|Dendrobates auratus|Eupatoriastrum nelsonii|Huperzia selago|Hydroclathrus tenuis|Hymenoxys grandiflora|Kielmeyera rubriflora|Larix lyallii|Lethariella sinensis|Maackia floribunda|Meliosma wightii|Oroxylum indicum|Othonna tagetes|Pellina semitubulosa|Penicillium expansum|Phakellia flabellata|Philadelphus coronarius|Phragmatobia fuliginosa|Phyllosticta cirsii|Polygala fruticosa|Pteris pedata|Pterocarpus macrocarpus|Russula lepida|Scandix pecten-veneris|Senecio miser|Simaba cuneata|Sorbaria arborea|Syzygium levinei|Thalictrum podocarpum|Trichilia catigua|Trichoplusia ni|Tripteris microcarpa|Turbina corymbosa|Urginea riparia|Ventilago madraspatana|Vincetoxicum atratum,Terpenoids,6.53,7.55,4.41,5.6,5.66,5.12,6.64,5.18,5.06,6.0,6.91,7.55,376.4490000000002,2.0530999999999997,2,6,2.0,8.98
CNP0072109.1,COC1=CC(O)=C2C(=O)C[C@@H](CC(C)=O)[C@@H](OC)C2=C1O,Aspvanicin A,Benzenoids,Polyketides,Naphthalenes,Naphthalenones,Unknown-fungus or bacterium,10.1016/j.tetlet.2018.05.067,Unknown-fungus or bacterium,Polyketides,6.38,7.64,4.42,5.78,5.38,5.71,6.21,5.4,5.12,6.72,6.91,7.64,294.303,1.9755999999999996,2,6,2.0,8.98
CNP0280917.1,C[C@@H]1CCC[C@H](O)CCCC2=CC(O)=CC(O)=C2C(=O)O1,"(3R, 7R)-7-hydroxy-de-O-methyllasiodiplodin",Benzenoids,Polyketides,Macrolides,Zearalenones,Acinetobacter johnsonii|Plectris|Trichoderma|Trichoderma sp.|Trichoderma sp. (Strain 307) + Acinetobacter johnsonii (Strain B2)|Unknown-fungus of Trichoderma sp. 307 and Acinetobacter johnsonii B2,10.1039/c8np00092a|10.3390/MD15020035|10.3390/md15020035,Acinetobacter johnsonii|Plectris|Trichoderma|Trichoderma sp.|Trichoderma sp. (Strain 307) + Acinetobacter johnsonii (Strain B2)|Unknown-fungus of Trichoderma sp. 307 and Acinetobacter johnsonii B2,Polyketides,6.36,7.62,4.44,5.79,5.32,5.17,5.91,5.19,5.09,6.75,6.91,7.62,294.34700000000004,2.5106000000000015,3,5,2.0,8.98
CNP0543710.0,CSC1=C(C(=O)C2=NC(C(=O)[O-])=CC3=C2NC2=CC=C(O)C=C23)[N+](C)=CN1C,"1-(1,3-dimethyl-5-methylsulfanylimidazol-3-ium-4-carbonyl)-6-hydroxy-9H-pyrido[3,4-b]indole-3-carboxylate",Alkaloids and derivatives,Alkaloids,Tryptophan alkaloids,Carboline alkaloids,thorectidae sponge,10.1021/np050070p,thorectidae sponge,Alkaloids,6.07,6.88,5.49,5.77,5.56,5.79,6.18,6.49,5.07,7.36,6.91,7.36,396.4280000000001,0.9011,2,6,2.0,8.98
CNP0137449.0,O=C1C2=C(C(=O)C3=C1C1=CC(O)=C(O)C=C1O3)C1=CC(O)=C(O)C=C1O2,Thelephoric acid,Organoheterocyclic compounds,Shikimates and Phenylpropanoids,Terphenyls,p-Terphenyls,Cantharellus multiplex|Corydalis montana|Derris amazonica|Diospyros cornii|Echinopsis terscheckii|Hydnellum aurantiacum|Omphalotus subilludens|Pemphis acidula|Polyozellus multiplex|Sarothamnus patens|Synadenium pereskiifolium|Unknown-fungus sp.,10.1002/JPS.2600601134|10.1021/NP401046Z|10.1021/np401046z|10.1139/v59-211|10.3891/ACTA.CHEM.SCAND.12-1411,Cantharellus multiplex|Corydalis montana|Derris amazonica|Diospyros cornii|Echinopsis terscheckii|Hydnellum aurantiacum|Omphalotus subilludens|Pemphis acidula|Polyozellus multiplex|Sarothamnus patens|Synadenium pereskiifolium|Unknown-fungus sp.,Shikimates and Phenylpropanoids,6.36,7.68,4.47,5.63,5.22,5.85,5.99,5.1,5.07,6.7,6.91,7.68,352.2540000000001,2.7768000000000006,4,8,2.0,8.98
CNP0543813.2,C/C=C(/CO)CC[C@@H](C)[C@H]1CC[C@H]2C3=C(C(=O)C[C@]12C)[C@@]1(C)CC[C@@H](O)[C@](C)(O)[C@@H]1C[C@@H]3O,Antcamphorol B,Lipids and lipid-like molecules,Terpenoids,Steroids,Stigmastane steroids,Antrodia camphorata|Taiwanofungus camphoratus,10.1021/ACS.JNATPROD.9B00580|10.1021/acs.jnatprod.9b00580,Antrodia camphorata|Taiwanofungus camphoratus,Terpenoids,6.87,7.86,4.42,6.0,5.16,5.13,5.37,5.22,5.16,5.49,6.91,7.86,460.65500000000026,3.936000000000004,4,5,2.0,8.98
CNP0125346.1,C=C(CC[C@@H](C)[C@H]1CC[C@H]2C3=C(C(=O)C[C@]12C)[C@@]1(C)CCC(=O)[C@](C)(O)[C@@H]1C[C@@H]3O)[C@H](C)C(=O)OC,"methyl (2S,6R)-6-[(4R,5R,7S,10S,13R,14R,17R)-4,7-dihydroxy-4,10,13-trimethyl-3,11-dioxo-1,2,5,6,7,12,14,15,16,17-decahydrocyclopenta[a]phenanthren-17-yl]-2-methyl-3-methylideneheptanoate",Lipids and lipid-like molecules,Terpenoids,Steroids,Ergostane steroids,Antrodia camphorata|Taiwanofungus camphoratus,10.1021/NP400741S,Antrodia camphorata|Taiwanofungus camphoratus,Terpenoids,6.85,7.9,4.54,5.97,5.47,5.42,5.65,5.3,5.21,5.53,6.91,7.9,500.67600000000033,4.5709000000000035,2,6,2.0,8.98
CNP0309264.0,O=C1C2=CC=C3OCOC3=C2C(=O)C2=CC=CC(O)=C12,"7-hydroxynaphtho[3,2-g][1,3]benzodioxole-6,11-dione",Benzenoids,Polyketides,Polycyclic aromatic polyketides,Anthraquinones and anthrones,Chara corallina|Damnacanthus indicus|Euphorbia ingens|Monilinia fructigena|Perna viridis|Siphonaria funiculata|Solanum curtipes|Stachys recta,10.1016/0031-9422(92)90070-7,Chara corallina|Damnacanthus indicus|Euphorbia ingens|Monilinia fructigena|Perna viridis|Siphonaria funiculata|Solanum curtipes|Stachys recta,Polyketides,6.33,7.7,5.63,5.77,5.37,5.45,5.9,5.15,5.08,6.71,6.91,7.7,268.224,1.8963000000000005,1,5,2.0,8.98
CNP0228121.1,C=C(CC[C@@H](C(=O)O)[C@H]1C[C@H](O)[C@@]2(C)C3=CC[C@H]4C(C)(C)C(=O)CC[C@]4(C)C3=CC[C@]12C)C(C)C,"(2R)-2-[(5R,10S,13R,14R,15S,17R)-15-hydroxy-4,4,10,13,14-pentamethyl-3-oxo-1,2,5,6,12,15,16,17-octahydrocyclopenta[a]phenanthren-17-yl]-6-methyl-5-methylideneheptanoic acid",Lipids and lipid-like molecules,Terpenoids,Triterpenoids,"Lanostane, Tirucallane and Euphane triterpenoids",Antrodia camphorata|Fomes officinalis|Fomitopsis officinalis|Taiwanofungus camphoratus,10.1016/S0031-9422(00)86523-1|10.1021/NP400741S|10.1021/np400741s,Antrodia camphorata|Fomes officinalis|Fomitopsis officinalis|Taiwanofungus camphoratus,Terpenoids,7.0,7.63,4.42,5.92,5.68,5.07,5.7,6.09,5.28,5.73,6.91,7.63,482.7050000000004,6.744800000000008,2,3,2.0,8.98
CNP0245863.2,C=C(CC[C@@H](C)[C@H]1CC[C@H]2C3=C(C[C@H](O)[C@]12C)[C@@]1(C)CC[C@@H](O)[C@@H](C)[C@@H]1CC3=O)C(C)C(=O)OC,METHYL ANTCINATE H,Lipids and lipid-like molecules,Terpenoids,Steroids,Ergostane steroids,Taiwanofungus camphoratus,10.1016/J.BMC.2010.10.032|10.1016/j.bmc.2010.10.032|10.1021/NP1002143|10.1021/np1002143,Taiwanofungus camphoratus,Terpenoids,7.12,7.57,4.47,6.05,5.23,5.74,5.71,5.21,5.18,5.54,6.91,7.57,486.6930000000003,5.247800000000005,2,5,2.0,8.98
CNP0268540.1,COC1=CC(O)=C2C(=O)[C@H]3C[C@@H](O)[C@@](C)(O)C[C@@H]3[C@@H](O)C2=C1O,9Alpha-Hydroxydihydrodesoxybostrycin,Benzenoids,Polyketides,Polycyclic aromatic polyketides,Anthraquinones and anthrones,Aspergillus|Aspergillus sp.|Fusarium|Nigrospora|Unknown-fungus sp.|fusarium spp. psu-f135|nigrospora sp.,10.1021/NP0102758|10.1021/NP100282K|10.1021/NP300103W|10.1021/np100282k|10.1021/np300103w|10.1039/b906091j|10.1248/cpb.56.1687,Aspergillus|Aspergillus sp.|Fusarium|Nigrospora|Unknown-fungus sp.|fusarium spp. psu-f135|nigrospora sp.,Polyketides,6.56,7.5,4.41,5.54,5.22,5.68,5.85,5.04,5.16,6.66,6.91,7.5,324.329,0.4741999999999998,5,7,2.0,8.98
CNP0389374.2,CC1=C/[C@@H](O)CC(=O)CC2=NC(=CO2)C(=O)N2CCC=C2C(=O)O[C@H](C(C)C)[C@H](C)/C=C\C(=O)NC/C=C\1,virginiamycin m1,Phenylpropanoids and polyketides,Amino acids and Peptides,Oligopeptides,Cyclic peptides,Streptomyces pristinaespiralis|Unknown-fungus sp.,10.1016/J.JBIOTEC.2015.09.010|10.1093/jac/17.3.315,Streptomyces pristinaespiralis|Unknown-fungus sp.,Amino acids and Peptides,6.52,7.53,4.75,6.19,6.69,6.29,5.54,5.76,5.22,6.19,6.91,7.53,525.6020000000003,2.6594000000000007,2,8,2.0,8.98
CNP0168372.2,COC1=C(O)C2=C3C(=C4C(OC)=CC(=O)C5=C4C4=C(C(OC)=C5O)[C@@H](C(C)=O)[C@](C)(O)CC1=C43)C(OC)=CC2=O,Ent-shiraiachrome A,Benzenoids,Polyketides,Polycyclic aromatic polyketides,,Unknown-fungus strain MSX60519,10.1021/acs.jnatprod.0c00492,Unknown-fungus strain MSX60519,Polyketides,6.57,7.54,4.39,5.84,5.23,5.66,5.82,5.5,5.19,6.61,6.91,7.54,546.5280000000004,3.320700000000002,3,10,2.0,8.98
CNP0320314.1,CC=CC/C=C(/C)CCCC(C)=CC=C(C)C(=O)C1=C(O)C=C([C@H](C)CCC=CNC(=O)OC)OC1=O,Precorallopyronin A,Organic oxygen compounds,Polyketides,Cyclic polyketides,2-pyrone derivatives,Corallococcus coralloides|Corallococcus coralloides B035,10.1021/ACS.JNATPROD.5B00175|10.1021/acs.jnatprod.5b00175,Corallococcus coralloides|Corallococcus coralloides B035,Polyketides,6.5,7.46,4.47,6.1,5.5,5.92,5.72,5.59,5.6,6.77,6.91,7.46,511.65900000000033,7.256900000000008,2,6,2.0,8.98
CNP0543813.3,C/C=C(\CO)CC[C@@H](C)[C@H]1CC[C@H]2C3=C(C(=O)C[C@]12C)[C@@]1(C)CC[C@@H](O)[C@](C)(O)[C@@H]1C[C@@H]3O,Antcamphorol C,Lipids and lipid-like molecules,Terpenoids,Steroids,Stigmastane steroids,Antrodia camphorata|Taiwanofungus camphoratus,10.1021/ACS.JNATPROD.9B00580|10.1021/acs.jnatprod.9b00580,Antrodia camphorata|Taiwanofungus camphoratus,Terpenoids,6.87,7.86,4.42,6.0,5.16,5.13,5.37,5.22,5.16,5.49,6.91,7.86,460.65500000000026,3.936000000000004,4,5,2.0,8.98
CNP0199792.1,C=C1CC[C@@H]2[C@](C)(CC[C@H](O)[C@]2(C)CO)[C@H]1/C=C/[C@H]1CCOC1=O,"13R,3beta,19-dihydroxylabda-8(17),11E-dien-16,15-olide",Lipids and lipid-like molecules,Terpenoids,Diterpenoids,Labdane diterpenoids,Antrodia camphorata|Taiwanofungus camphoratus,10.1021/NP0581263|10.1021/np0581263,Antrodia camphorata|Taiwanofungus camphoratus,Terpenoids,6.75,7.66,4.58,6.32,5.26,5.1,5.82,5.19,5.05,5.48,6.91,7.66,334.45600000000013,2.8477000000000015,2,4,2.0,8.98
CNP0128509.1,CC1=CC(O)=CC(O)=C1C(=O)O[C@H]1CC2=C(CO[C@@](O)(CCCO)C2)C(=O)[C@@]1(C)O,Montagnuphilone E,Organoheterocyclic compounds,Polyketides,Chromanes,Azaphilones,Unknown-fungus sp. DM0194,10.1021/acs.jnatprod.6b00714,Unknown-fungus sp. DM0194,Polyketides,6.5,7.68,4.42,5.78,5.32,5.62,5.81,5.34,5.28,6.56,6.91,7.68,422.43000000000023,0.8334199999999996,5,9,2.0,8.98
CNP0128191.1,C=C(CC[C@@H](C)[C@H]1CC[C@H]2C3=C(C(=O)[C@H](O)[C@]12C)[C@@]1(C)CCC(=O)[C@@H](C)[C@@H]1CC3=O)[C@@H](C)C(=O)O,"(2R,6R)-6-[(4S,5S,10S,12R,13R,14R,17R)-12-hydroxy-4,10,13-trimethyl-3,7,11-trioxo-1,2,4,5,6,12,14,15,16,17-decahydrocyclopenta[a]phenanthren-17-yl]-2-methyl-3-methylideneheptanoic acid",Lipids and lipid-like molecules,Terpenoids,Steroids,Ergostane steroids,Antrodia camphorata|Taiwanofungus camphoratus,10.1021/NP400741S|10.1021/np400741s,Antrodia camphorata|Taiwanofungus camphoratus,Terpenoids,7.08,7.62,4.41,6.02,4.87,5.17,5.66,5.17,5.17,5.76,6.91,7.62,484.6330000000004,4.546600000000004,2,5,2.0,8.98
CNP0202270.4,OC1=CC=CC2=C1NC1=C(C3=C[C@@]4(O)CC/C=C\CCCCN5CC[C@@H]3[C@]3(CC6/C=C\CCCCN6[C@H]34)C5)N=CC=C12,8-Hydroxymanzamine A,Alkaloids and derivatives,Alkaloids,Tryptophan alkaloids,Carboline alkaloids,Acanthostrongylophora sp.|Pachypellina sp.|sponge sp.,10.1021/np020592u|10.1021/np0400095|10.1021/np0601399|10.1039/np9961300075,Acanthostrongylophora sp.|Pachypellina sp.|sponge sp.,Alkaloids,6.25,7.3,5.7,6.06,5.93,5.49,6.01,6.3,5.27,7.12,6.91,7.3,564.7740000000003,6.561400000000007,3,5,2.0,8.98
CNP0355089.0,CC(C)=CCOC1=CC2=C(C=C1O)C(C)=CC(=O)O2,"7-(gamma,gamma-dimethylallyloxy)-6-hydroxy-4-methylcoumarin",Phenylpropanoids and polyketides,Shikimates and Phenylpropanoids,Coumarins,Simple coumarins,Unidentified fungi E33 + Unidentified fungi K38|Unknown-fungus sp. strain No. K38|mangrove fungi strain No. K38 + mangrove fungi strain No. E33|unidentified species of Phylum Ascomycota,10.1007/s10600-015-1252-5|10.1039/c6np00124f,Unidentified fungi E33 + Unidentified fungi K38|Unknown-fungus sp. strain No. K38|mangrove fungi strain No. K38 + mangrove fungi strain No. E33|unidentified species of Phylum Ascomycota,Shikimates and Phenylpropanoids,6.37,7.67,4.47,5.69,5.57,5.96,5.98,5.73,5.02,6.69,6.91,7.67,260.289,3.152020000000002,1,4,2.0,8.98
CNP0199792.2,C=C1CC[C@@H]2[C@](C)(CC[C@H](O)[C@]2(C)CO)[C@H]1/C=C/[C@@H]1CCOC1=O,"13S,3beta,19-dihydroxylabda-8(17),11E-dien-16,15-olide",Lipids and lipid-like molecules,Terpenoids,Diterpenoids,Labdane diterpenoids,Antrodia camphorata|Taiwanofungus camphoratus,10.1021/NP0581263|10.1021/np0581263,Antrodia camphorata|Taiwanofungus camphoratus,Terpenoids,6.75,7.66,4.58,6.32,5.26,5.1,5.82,5.19,5.05,5.48,6.91,7.66,334.45600000000013,2.8477000000000015,2,4,2.0,8.98
CNP0171787.0,CCOCC1=C(O)C=C2C(=O)C3=C(O)C=CC=C3C(=O)C2=C1O,,Benzenoids,Polyketides,Polycyclic aromatic polyketides,Anthraquinones and anthrones,Chara corallina|Damnacanthus indicus|Euphorbia ingens|Monilinia fructigena|Perna viridis|Siphonaria funiculata|Solanum curtipes|Stachys recta,10.1016/0031-9422(92)90070-7,Chara corallina|Damnacanthus indicus|Euphorbia ingens|Monilinia fructigena|Perna viridis|Siphonaria funiculata|Solanum curtipes|Stachys recta,Polyketides,6.34,7.74,5.52,5.72,5.33,6.22,5.99,5.59,5.11,6.66,6.91,7.74,314.29300000000006,2.1153,3,6,2.0,8.98
CNP0128191.2,C=C(CC[C@@H](C)[C@H]1CC[C@H]2C3=C(C(=O)[C@H](O)[C@]12C)[C@@]1(C)CCC(=O)[C@@H](C)[C@@H]1CC3=O)[C@H](C)C(=O)O,"(2S,6R)-6-[(4S,5S,10S,12R,13R,14R,17R)-12-hydroxy-4,10,13-trimethyl-3,7,11-trioxo-1,2,4,5,6,12,14,15,16,17-decahydrocyclopenta[a]phenanthren-17-yl]-2-methyl-3-methylideneheptanoic acid",Lipids and lipid-like molecules,Terpenoids,Steroids,Ergostane steroids,Antrodia camphorata|Taiwanofungus camphoratus,10.1021/NP400741S|10.1021/np400741s,Antrodia camphorata|Taiwanofungus camphoratus,Terpenoids,7.08,7.62,4.41,6.02,4.87,5.17,5.66,5.17,5.17,5.76,6.91,7.62,484.6330000000004,4.546600000000004,2,5,2.0,8.98
CNP0125346.2,C=C(CC[C@@H](C)[C@H]1CC[C@H]2C3=C(C(=O)C[C@]12C)[C@@]1(C)CCC(=O)[C@](C)(O)[C@@H]1C[C@@H]3O)[C@@H](C)C(=O)OC,"methyl (2R,6R)-6-[(4R,5R,7S,10S,13R,14R,17R)-4,7-dihydroxy-4,10,13-trimethyl-3,11-dioxo-1,2,5,6,7,12,14,15,16,17-decahydrocyclopenta[a]phenanthren-17-yl]-2-methyl-3-methylideneheptanoate",Lipids and lipid-like molecules,Terpenoids,Steroids,Ergostane steroids,Antrodia camphorata|Taiwanofungus camphoratus,10.1021/NP400741S|10.1021/np400741s,Antrodia camphorata|Taiwanofungus camphoratus,Terpenoids,6.85,7.9,4.54,5.97,5.47,5.42,5.65,5.3,5.21,5.53,6.91,7.9,500.67600000000033,4.5709000000000035,2,6,2.0,8.98
CNP0281180.3,CC(C)(O)[C@@H](O)[C@H]1C[C@@H]([C@@H]2CC[C@]3(C)C4=CC[C@H]5C(C)(C)C(=O)CC[C@]5(C)[C@H]4CC[C@@]23C)[C@H](O)O1,Melianodiol,Lipids and lipid-like molecules,Terpenoids,Triterpenoids,"Lanostane, Tirucallane and Euphane triterpenoids",Aglaia andamanica|Alaria nana|Artemisia arctica|Cyperus compressus|Dysoxylum beddomei|Ferreirea spectabilis|Guarea G. grandiflora|Guarea guidonia|Heynea trijuga|Melia Azedarach|Melia azedarach|Munronia pinnata|Picrolemma|Pieris melete|Raulinoa echinata|Simarouba glauca|Streptomyces fungicidicus|Trichilia hirta|Trichilia reticulata,10.1002/HLCA.200790205|10.1002/PTR.1642|10.1002/cbdv.201600149|10.1016/0031-9422(92)90048-U|10.1016/S0031-9422(05)80098-6|10.1016/S0031-9422(98)00364-1|10.1021/NP0103970|10.1021/NP50112A016|10.1055/S-2000-9901|10.1078/0944-7113-00016|10.1080/10575630108041289|10.1080/14786410310001626820|10.3390/MOLECULES16021253,Aglaia andamanica|Alaria nana|Artemisia arctica|Cyperus compressus|Dysoxylum beddomei|Ferreirea spectabilis|Guarea G. grandiflora|Guarea guidonia|Heynea trijuga|Melia Azedarach|Melia azedarach|Munronia pinnata|Picrolemma|Pieris melete|Raulinoa echinata|Simarouba glauca|Streptomyces fungicidicus|Trichilia hirta|Trichilia reticulata,Terpenoids,7.12,7.29,4.44,6.32,4.94,5.38,5.58,5.24,5.18,5.95,6.91,7.29,488.7090000000004,5.016000000000006,3,5,2.0,8.98
CNP0245863.1,C=C(CC[C@@H](C)[C@H]1CC[C@H]2C3=C(C[C@H](O)[C@]12C)[C@@]1(C)CC[C@@H](O)[C@@H](C)[C@@H]1CC3=O)[C@H](C)C(=O)OC,,Lipids and lipid-like molecules,Terpenoids,Steroids,Ergostane steroids,Alcyonium grandis|Colubrina asiatica|Dipterocarpus pilosus|Echinus miliaris|Hilliardiella oligocephala|Lycoris x chejuensis|Manduca sexta|Moquiniastrum paniculatum|Mosla scabra|Orthosiphon wulfenioides|Podocarpus lawrencei|Taiwanofungus camphoratus,10.1016/J.BMC.2010.10.032,Alcyonium grandis|Colubrina asiatica|Dipterocarpus pilosus|Echinus miliaris|Hilliardiella oligocephala|Lycoris x chejuensis|Manduca sexta|Moquiniastrum paniculatum|Mosla scabra|Orthosiphon wulfenioides|Podocarpus lawrencei|Taiwanofungus camphoratus,Terpenoids,7.12,7.57,4.47,6.05,5.23,5.74,5.71,5.21,5.18,5.54,6.91,7.57,486.6930000000003,5.247800000000005,2,5,2.0,8.98
CNP0136779.1,COC1=CC(O)=C2C(=O)[C@@H]3[C@@H](O)[C@H](O)[C@](C)(O)[C@@H](O)[C@H]3[C@H](O)C2=C1,,Benzenoids,Polyketides,Polycyclic aromatic polyketides,Anthraquinones and anthrones,Centaurea ptosimopappoides|Chondrosia corticata|Corallina elongata|Deutzia gracilis|Limnatis nilotica|Neopetrosia proxima|Notholaena californica|Paraconiothyrium brasiliense|Peltophorum ferrugineum|Primula modesta|Pterocarpus gracilis|Salvia sahendica|Stemphylium globuliferum|Streptogonopus phipsoni|Udotea conglutinata|Vernonia filigera,10.1016/J.BMC.2013.04.024|10.1016/j.bmc.2013.04.024,Centaurea ptosimopappoides|Chondrosia corticata|Corallina elongata|Deutzia gracilis|Limnatis nilotica|Neopetrosia proxima|Notholaena californica|Paraconiothyrium brasiliense|Peltophorum ferrugineum|Primula modesta|Pterocarpus gracilis|Salvia sahendica|Stemphylium globuliferum|Streptogonopus phipsoni|Udotea conglutinata|Vernonia filigera,Polyketides,6.59,7.51,4.37,5.92,5.27,5.81,5.91,5.08,5.39,6.59,6.9,7.51,340.32800000000003,-1.2898000000000003,6,8,2.0,8.97
CNP0207214.2,C=C(CC[C@@H](C)[C@H]1CC[C@H]2C3=C(C(=O)[C@H](O)[C@]12C)[C@@]1(C)CC[C@@H](O)[C@@H](C)[C@@H]1CC3=O)C(C)C(=O)O,ZHANKUIC ACID C,Lipids and lipid-like molecules,Terpenoids,Steroids,Ergostane steroids,Antrodia cinnamomea|Taiwanofungus camphoratus,10.1016/J.BMC.2010.10.032|10.1021/NP1002143|10.1021/NP50125A002|10.1021/np1002143|10.1055/S-2004-818941|10.1055/S-2006-957614,Antrodia cinnamomea|Taiwanofungus camphoratus,Terpenoids,7.08,7.6,4.41,6.03,4.89,5.27,5.61,5.21,5.16,5.76,6.9,7.6,486.64900000000034,4.338400000000004,3,5,2.0,8.97
CNP0128184.2,C=C(CC[C@@H](C)[C@H]1CC[C@H]2C3=C(C(=O)C[C@]12C)[C@@]1(C)CCC(=O)[C@](C)(O)[C@@H]1C[C@@H]3O)[C@H](C)C(=O)O,"(2S,6R)-6-[(4R,5R,7S,10S,13R,14R,17R)-4,7-dihydroxy-4,10,13-trimethyl-3,11-dioxo-1,2,5,6,7,12,14,15,16,17-decahydrocyclopenta[a]phenanthren-17-yl]-2-methyl-3-methylideneheptanoic acid",Lipids and lipid-like molecules,Terpenoids,Steroids,Ergostane steroids,Antrodia camphorata|Taiwanofungus camphoratus,10.1021/NP400741S|10.1021/np400741s,Antrodia camphorata|Taiwanofungus camphoratus,Terpenoids,6.84,7.91,4.48,5.96,5.23,5.13,5.57,5.26,5.21,5.62,6.9,7.91,486.6490000000003,4.4825000000000035,3,5,2.0,8.97
CNP0280380.0,CC(=O)C1=NC(C(=O)NCCC2=CC=C(O)C=C2)=CC2=C1NC1=CC=CC=C12,Marinacarboline B,Alkaloids and derivatives,Alkaloids,Tryptophan alkaloids,Carboline alkaloids,Marinactinospora thermotolerans,10.1021/NP200399T|10.1021/np200399t|10.1039/c2np20112g,Marinactinospora thermotolerans,Alkaloids,5.94,7.35,5.43,6.03,5.59,5.79,6.09,6.26,5.16,7.1,6.9,7.35,373.4120000000001,3.5968000000000018,3,4,2.0,8.97
CNP0230996.3,C=C(CC[C@@H](C)[C@H]1CC[C@H]2C3=C(C(=O)[C@H](O)[C@]12C)[C@@]1(C)CC[C@@H](O)[C@@H](C)[C@@H]1CC3=O)[C@H](C)C(=O)OC,,Lipids and lipid-like molecules,Terpenoids,Steroids,Ergostane steroids,Alcyonium grandis|Antrodia cinnamomea|Colubrina asiatica|Dipterocarpus pilosus|Echinus miliaris|Hilliardiella oligocephala|Lycoris x chejuensis|Manduca sexta|Moquiniastrum paniculatum|Mosla scabra|Orthosiphon wulfenioides|Podocarpus lawrencei|Taiwanofungus camphoratus,10.1016/0031-9422(95)00541-2|10.1021/NP1002143,Alcyonium grandis|Antrodia cinnamomea|Colubrina asiatica|Dipterocarpus pilosus|Echinus miliaris|Hilliardiella oligocephala|Lycoris x chejuensis|Manduca sexta|Moquiniastrum paniculatum|Mosla scabra|Orthosiphon wulfenioides|Podocarpus lawrencei|Taiwanofungus camphoratus,Terpenoids,7.09,7.58,4.47,6.04,5.21,5.76,5.71,5.23,5.17,5.65,6.9,7.58,500.6760000000004,4.426800000000004,2,6,2.0,8.97
CNP0207214.3,C=C(CC[C@@H](C)[C@H]1CC[C@H]2C3=C(C(=O)[C@H](O)[C@]12C)[C@@]1(C)CC[C@@H](O)[C@@H](C)[C@@H]1CC3=O)[C@@H](C)C(=O)O,"(2R,6R)-6-[(3R,4S,5S,10S,12R,13R,14R,17R)-3,12-dihydroxy-4,10,13-trimethyl-7,11-dioxo-2,3,4,5,6,12,14,15,16,17-decahydro-1H-cyclopenta[a]phenanthren-17-yl]-2-methyl-3-methylideneheptanoic acid",Lipids and lipid-like molecules,Terpenoids,Steroids,Ergostane steroids,Alcyonium grandis|Antrodia camphorata|Antrodia cinnamomea|Colubrina asiatica|Dipterocarpus pilosus|Echinus miliaris|Hilliardiella oligocephala|Lycoris x chejuensis|Manduca sexta|Moquiniastrum paniculatum|Mosla scabra|Orthosiphon wulfenioides|Podocarpus lawrencei|Taiwanofungus camphoratus,10.1016/J.BMC.2010.10.032|10.1021/ACS.JNATPROD.9B00580|10.1021/NP1002143|10.1021/NP400741S|10.1021/acs.jnatprod.9b00580|10.1021/np400741s,Alcyonium grandis|Antrodia camphorata|Antrodia cinnamomea|Colubrina asiatica|Dipterocarpus pilosus|Echinus miliaris|Hilliardiella oligocephala|Lycoris x chejuensis|Manduca sexta|Moquiniastrum paniculatum|Mosla scabra|Orthosiphon wulfenioides|Podocarpus lawrencei|Taiwanofungus camphoratus,Terpenoids,7.08,7.6,4.41,6.03,4.89,5.27,5.61,5.21,5.16,5.76,6.9,7.6,486.64900000000034,4.338400000000004,3,5,2.0,8.97
CNP0233262.3,C[C@@H]1CC[C@H]2C(C)(C)CCC[C@]2(C)[C@]12C=C1C=C(O)C(=O)C(C=O)=C1O2,"(2R,4'As,7'R,8'aS)-5-hydroxy-4',4',7',8'a-tetramethyl-6-oxospiro[1-benzofuran-2,8'-2,3,4a,5,6,7-hexahydro-1H-naphthalene]-7-carbaldehyde",Organoheterocyclic compounds,Terpenoids,Meroterpenoids,Drimane sesquiterpenoids,Siphonodictyon coralliphagum,10.1021/NP0603018|10.1021/NP50113A011|10.1039/np9961300075,Siphonodictyon coralliphagum,Terpenoids,6.78,7.53,4.3,5.76,5.24,5.19,5.73,5.14,5.07,6.4,6.9,7.53,356.4620000000001,4.4219000000000035,1,4,2.0,8.97
CNP0128184.3,C=C(CC[C@@H](C)[C@H]1CC[C@@H]2C3=C(C(=O)C[C@@]21C)[C@@]1(C)CCC(=O)[C@](C)(O)[C@H]1C[C@@H]3O)[C@@H](C)C(=O)O,,Lipids and lipid-like molecules,Terpenoids,Steroids,Ergostane steroids,Alcyonium grandis|Colubrina asiatica|Dipterocarpus pilosus|Echinus miliaris|Hilliardiella oligocephala|Lycoris x chejuensis|Manduca sexta|Moquiniastrum paniculatum|Mosla scabra|Orthosiphon wulfenioides|Podocarpus lawrencei|Taiwanofungus camphoratus,10.1016/J.BMC.2010.10.032,Alcyonium grandis|Colubrina asiatica|Dipterocarpus pilosus|Echinus miliaris|Hilliardiella oligocephala|Lycoris x chejuensis|Manduca sexta|Moquiniastrum paniculatum|Mosla scabra|Orthosiphon wulfenioides|Podocarpus lawrencei|Taiwanofungus camphoratus,Terpenoids,6.84,7.91,4.48,5.96,5.23,5.13,5.57,5.26,5.21,5.62,6.9,7.91,486.6490000000003,4.4825000000000035,3,5,2.0,8.97
CNP0230996.2,C=C(CCC(C)C1CC[C@H]2C3=C(C(=O)[C@H](O)C12C)C1(C)CC[C@@H](O)[C@@H](C)C1CC3=O)C(C)C(=O)OC,,Lipids and lipid-like molecules,Terpenoids,Steroids,Ergostane steroids,Antrodia cinnamomea|Taiwanofungus camphoratus,10.1016/0031-9422(95)00541-2,Antrodia cinnamomea|Taiwanofungus camphoratus,Terpenoids,7.09,7.58,4.47,6.04,5.21,5.76,5.71,5.23,5.17,5.65,6.9,7.58,500.6760000000004,4.426800000000004,2,6,2.0,8.97
CNP0207214.5,C=C(CC[C@@H](C)[C@H]1CC[C@H]2C3=C(C(=O)[C@H](O)[C@]12C)[C@@]1(C)CC[C@@H](O)[C@@H](C)[C@@H]1CC3=O)[C@H](C)C(=O)O,"(2S,6R)-6-[(3R,4S,5S,10S,12R,13R,14R,17R)-3,12-dihydroxy-4,10,13-trimethyl-7,11-dioxo-2,3,4,5,6,12,14,15,16,17-decahydro-1H-cyclopenta[a]phenanthren-17-yl]-2-methyl-3-methylideneheptanoic acid",Lipids and lipid-like molecules,Terpenoids,Steroids,Ergostane steroids,Antrodia camphorata|Taiwanofungus camphoratus,10.1021/ACS.JNATPROD.9B00580|10.1021/NP400741S,Antrodia camphorata|Taiwanofungus camphoratus,Terpenoids,7.08,7.6,4.41,6.03,4.89,5.27,5.61,5.21,5.16,5.76,6.9,7.6,486.64900000000034,4.338400000000004,3,5,2.0,8.97
CNP0233262.2,C[C@@H]1CC[C@H]2C(C)(C)CCC[C@]2(C)[C@@]12C=C1C=C(O)C(=O)C(C=O)=C1O2,Corallidictyal B,Organoheterocyclic compounds,Terpenoids,Meroterpenoids,Drimane sesquiterpenoids,Siphonodictyon coralliphagum,10.1021/NP0603018|10.1021/NP50113A011|10.1039/np9961300075,Siphonodictyon coralliphagum,Terpenoids,6.78,7.53,4.3,5.76,5.24,5.19,5.73,5.14,5.07,6.4,6.9,7.53,356.4620000000001,4.4219000000000035,1,4,2.0,8.97
CNP0220607.0,COC1=C(O)C=C2OC3=C(C(=O)OC2=C1CC=C(C)C)C(O)=C(CC=C(C)C)C(O)=C3,Garcinisidone A,Phenylpropanoids and polyketides,Polyketides,Aromatic polyketides,Depsidones,Garcinia|Garcinia assugu|Garcinia corallina|Garcinia neglecta,10.1021/NP000333+|10.1021/np000333+|10.1248/CPB.45.1403,Garcinia|Garcinia assugu|Garcinia corallina|Garcinia neglecta,Polyketides,6.3,7.67,5.06,6.22,5.4,6.12,5.75,5.68,5.16,6.73,6.9,7.67,426.4650000000002,5.1543000000000045,3,7,2.0,8.97
CNP0207214.4,C=C(CC[C@@H](C)C1CCC2C3=C(C(=O)[C@H](O)C21C)C1(C)CC[C@@H](O)[C@@H](C)C1CC3=O)C(C)C(=O)O,,Lipids and lipid-like molecules,Terpenoids,Steroids,Ergostane steroids,Antrodia cinnamomea|Taiwanofungus camphoratus,10.1021/NP50125A002|10.1021/np50125a002,Antrodia cinnamomea|Taiwanofungus camphoratus,Terpenoids,7.08,7.6,4.41,6.03,4.89,5.27,5.61,5.21,5.16,5.76,6.9,7.6,486.64900000000034,4.338400000000004,3,5,2.0,8.97
CNP0110593.6,CC1(C)CCC(=O)[C@@]2(C)OOC3C[C@@]12CCC3(O)CO,Merulin B,Lipids and lipid-like molecules,Terpenoids,Sesquiterpenoids,Chamigrane sesquiterpenoids,Unknown-fungus sp. xG8D,10.1021/np100103j,Unknown-fungus sp. xG8D,Terpenoids,6.87,7.69,4.4,6.09,5.18,4.92,5.92,5.51,5.23,6.14,6.9,7.69,284.352,1.3583,2,5,2.0,8.97
CNP0262766.2,O=C1C[C@@H](O)[C@H](C2=CC(=O)C3=C(O)C=CC=C3C2=O)O1,JUGLOMYCIN B,Benzenoids,Polyketides,Naphthalenes,Naphthoquinones,Streptomyces|Streptomyces MBT70|Streptomyces achromogenes|Unknown-fungus sp.,10.1016/j.chembiol.2014.03.011|10.1021/JO952077P|10.1111/JAM.14568|10.1111/jam.14568|10.5281/zenodo.3541298,Streptomyces|Streptomyces MBT70|Streptomyces achromogenes|Unknown-fungus sp.,Polyketides,6.32,7.65,5.72,5.71,5.42,5.33,5.83,4.67,5.01,6.74,6.9,7.65,274.228,0.37400000000000005,2,6,2.0,8.97
CNP0110593.5,CC1(C)CCC(=O)[C@@]2(C)OOC3C[C@]12CCC3(O)CO,Merulin C,Lipids and lipid-like molecules,Terpenoids,Sesquiterpenoids,Chamigrane sesquiterpenoids,Unknown-fungus sp. xG8D,10.1021/np100103j,Unknown-fungus sp. xG8D,Terpenoids,6.87,7.69,4.4,6.09,5.18,4.92,5.92,5.51,5.23,6.14,6.9,7.69,284.352,1.3583,2,5,2.0,8.97
CNP0263392.1,C=C(CC[C@@H](C)[C@H]1CC[C@@]2(O)C3=C(C(=O)C[C@]12C)[C@@]1(C)CCC(=O)[C@@H](C)[C@@H]1CC3=O)[C@@H](C)C(=O)O,,Lipids and lipid-like molecules,Terpenoids,Steroids,Ergostane steroids,Antrodia cinnamomea|Taiwanofungus camphoratus,10.1016/0031-9422(95)00541-2,Antrodia cinnamomea|Taiwanofungus camphoratus,Terpenoids,7.02,7.64,4.4,6.04,5.38,5.16,5.64,5.16,5.17,5.64,6.9,7.64,484.6330000000003,4.690700000000004,2,5,2.0,8.97
CNP0128184.1,C=C(CC[C@@H](C)[C@H]1CC[C@H]2C3=C(C(=O)C[C@]12C)[C@@]1(C)CCC(=O)[C@](C)(O)[C@@H]1C[C@@H]3O)[C@@H](C)C(=O)O,"(2R,6R)-6-[(4R,5R,7S,10S,13R,14R,17R)-4,7-dihydroxy-4,10,13-trimethyl-3,11-dioxo-1,2,5,6,7,12,14,15,16,17-decahydrocyclopenta[a]phenanthren-17-yl]-2-methyl-3-methylideneheptanoic acid",Lipids and lipid-like molecules,Terpenoids,Steroids,Ergostane steroids,Antrodia camphorata|Taiwanofungus camphoratus,10.1021/NP400741S|10.1021/np400741s,Antrodia camphorata|Taiwanofungus camphoratus,Terpenoids,6.84,7.91,4.48,5.96,5.23,5.13,5.57,5.26,5.21,5.62,6.9,7.91,486.6490000000003,4.4825000000000035,3,5,2.0,8.97
CNP0412469.0,O=CC1=C(O)C=C2C(=O)C3=C(O)C=CC=C3C(=O)C2=C1O,"1,3,5-trihydroxy-9,10-dioxo-9,10-dihydroanthracene-2-carbaldehyde",Benzenoids,Polyketides,Polycyclic aromatic polyketides,Anthraquinones and anthrones,Chara corallina|Corydalis yanhusuo|Damnacanthus indicus|Damnacanthus major|Euphorbia ingens|Monilinia fructigena|Perna viridis|Siphonaria funiculata|Solanum curtipes|Stachys recta,10.1039/J39710002001,Chara corallina|Corydalis yanhusuo|Damnacanthus indicus|Damnacanthus major|Euphorbia ingens|Monilinia fructigena|Perna viridis|Siphonaria funiculata|Solanum curtipes|Stachys recta,Polyketides,6.3,7.72,5.95,5.79,5.29,5.89,5.83,5.35,5.17,6.68,6.9,7.72,284.22299999999996,1.3912999999999995,3,6,2.0,8.97
CNP0435229.0,COC1=C(C)C=C2OC3=CC=CC(O)=C3C(=O)C2=C1CO,1-hydroxy-6-methyl-11-methoxy-8-hydroxymethylxanthone,Organoheterocyclic compounds,Polyketides,Xanthones,Methyl xanthones,Unknown sp. SCSIO F46|unidentified species of Phylum Ascomycota,10.1039/c9np00069k|10.3389/fchem.2018.00536,Unknown sp. SCSIO F46|unidentified species of Phylum Ascomycota,Polyketides,6.43,7.63,5.04,5.94,5.2,6.29,5.92,5.48,5.02,6.63,6.9,7.63,286.283,2.4611200000000006,2,5,2.0,8.97
CNP0545347.1,CC[C@H]1[C@@H]2C=C[C@@H]3[C@H]4/C=C/C/C(O)=N/CCC[C@H]5C(O)=C(C(=O)/C=C/[C@@H]4C[C@@H]3[C@H]2C[C@H]1C)C(=O)N5C,"(3~{E},5~{S},7~{R},8~{R},10~{R},11~{R},12~{S},15~{S},16~{S},17~{E},20~{Z},25~{S})-11-ethyl-20,28-dihydroxy-10,26-dimethyl-21,26-diazapentacyclo[23.2.1.0^{5,16}.0^{7,15}.0^{8,12}]octacosa-1(28),3,13,17,20-pentaene-2,27-dione",Lipids and lipid-like molecules,Amino acids and Peptides,Macrolides,Macrocyclic tetramic acids,Marine Bacteria (Unclassified),10.1021/acs.jnatprod.6b00235,Marine Bacteria (Unclassified),Amino acids and Peptides,6.38,7.35,4.55,5.37,6.07,5.56,5.86,6.47,5.12,6.89,6.9,7.35,492.66000000000025,5.1977000000000055,2,4,2.0,8.97
CNP0194564.1,COC1=CC(O)=C2C(=O)C3=C(C(C)=CO3)[C@@](C)(O)C2=C1C,,Lipids and lipid-like molecules,Polyketides,,,Senecio linifolius|Senecio mitophyllus|Senecio rosmarinifolius,10.1016/0031-9422(89)80286-9,Senecio linifolius|Senecio mitophyllus|Senecio rosmarinifolius,Polyketides,6.57,7.56,4.28,5.86,5.19,6.11,5.93,5.22,5.07,6.57,6.9,7.56,288.29900000000004,2.4108400000000003,2,5,2.0,8.97
CNP0263392.2,C=C(CC[C@@H](C)[C@H]1CC[C@@]2(O)C3=C(C(=O)C[C@]12C)[C@@]1(C)CCC(=O)[C@@H](C)[C@H]1CC3=O)[C@@H](C)C(=O)O,,,Terpenoids,Steroids,Ergostane steroids,Antrodia cinnamomea|Taiwanofungus camphoratus,10.1055/S-2006-957614,Antrodia cinnamomea|Taiwanofungus camphoratus,Terpenoids,7.02,7.64,4.4,6.04,5.38,5.16,5.64,5.16,5.17,5.64,6.9,7.64,484.6330000000003,4.690700000000004,2,5,2.0,8.97
CNP0233262.1,C[C@@H]1CC[C@@H]2C(C)(C)CCC[C@@]2(C)[C@@]12C=C1C=C(O)C(=O)C(C=O)=C1O2,,Organoheterocyclic compounds,Terpenoids,Meroterpenoids,Drimane sesquiterpenoids,Aka coralliphagum,,Aka coralliphagum,Terpenoids,6.78,7.53,4.3,5.76,5.24,5.19,5.73,5.14,5.07,6.4,6.9,7.53,356.4620000000001,4.4219000000000035,1,4,2.0,8.97
CNP0106258.3,C/C(=C\C(O)C[C@@H](C)[C@H]1CC[C@@]2(C)[C@@H]3CC[C@H]4C(C)(C)C(=O)CC[C@@]45C[C@@]35CC[C@]12C)C(=O)O,23-Hydroxymangiferonic acid,Lipids and lipid-like molecules,Terpenoids,Triterpenoids,Cycloartane triterpenoids,Mangifera Indica|Mangifera indica|Propolis|Trigona minor|Unknown-fungus sp.|propolis,10.1021/NP9002433|10.1021/acs.jnatprod.6b00381|10.1021/acs.jnatprod.7b00375|10.1021/np9002433|10.7164/antibiotics.30.705,Mangifera Indica|Mangifera indica|Propolis|Trigona minor|Unknown-fungus sp.|propolis,Terpenoids,6.92,7.56,4.44,6.21,4.96,4.91,5.24,5.14,4.96,6.23,6.9,7.56,470.6940000000004,6.4126000000000065,2,3,2.0,8.97
CNP0466442.1,CC1(C)CCC[C@]2(C)[C@@H](CC3=C(OS(=O)(=O)[O-])C=CC(O)=C3C=O)[C@](C)(O)CC[C@@H]12.[Na+],siphonodictyal sulfate,Organic acids and derivatives,Terpenoids,Meroterpenoids,Drimane sesquiterpenoids,Siphonodictyon coralliphagum,10.1039/c3np70117d,Siphonodictyon coralliphagum,Terpenoids,6.12,6.92,5.98,5.74,5.19,5.92,5.83,5.91,5.19,7.64,6.89,7.64,462.54000000000025,0.5838000000000007,2,7,2.0,8.96
CNP0236438.1,CO[C@H]1C=CC2=CCN3CCC4=C(CC(=O)OC4)[C@]23C1,beta-ERYTHROIDINE,Organoheterocyclic compounds,Alkaloids,Tryptophan alkaloids,Simple indole alkaloids,Bulla gouldiana|Erythrina Variegata|Erythrina americana|Erythrina arborescens|Erythrina berteroana|Erythrina chiapasana|Erythrina coralloides|Erythrina crista-galli L.|Erythrina globocalyx|Erythrina poeppigiana|Erythrina salviiflora|Erythrina standleyana|Erythrina tholloniana|Erythrina variegata|Sulfolobus shibatae,10.1002/(SICI)1099-1565(199901/02)10:1<12::AID-PCA425>3.0.CO;2-A|10.1002/OMR.1270210110|10.1002/PCA.2800040302|10.1002/food.19880321030|10.1016/0031-9422(81)84079-4|10.1016/S0031-9422(00)82559-5|10.1016/S0031-9422(00)90181-X|10.1021/JF9600768|10.1039/P19820002903|10.1071/CH9712733|10.2307/4117899,Bulla gouldiana|Erythrina Variegata|Erythrina americana|Erythrina arborescens|Erythrina berteroana|Erythrina chiapasana|Erythrina coralloides|Erythrina crista-galli L.|Erythrina globocalyx|Erythrina poeppigiana|Erythrina salviiflora|Erythrina standleyana|Erythrina tholloniana|Erythrina variegata|Sulfolobus shibatae,Alkaloids,7.15,7.52,4.57,5.7,5.59,5.75,5.15,5.3,5.21,6.0,6.89,7.52,273.332,1.5893000000000002,0,4,2.0,8.96
CNP0072697.1,C[C@@H]1CCCC(=O)CCCC2=CC(O)=CC(O)=C2C(=O)O1,(3R)-7-oxo-de-O-methyllasiodiplodin,Benzenoids,Polyketides,Macrolides,Zearalenones,Acinetobacter johnsonii|Plectris|Trichoderma|Trichoderma sp.|Trichoderma sp. (Strain 307) + Acinetobacter johnsonii (Strain B2)|Unknown-fungus of Trichoderma sp. 307 and Acinetobacter johnsonii B2,10.1039/c8np00092a|10.3390/MD15020035|10.3390/md15020035,Acinetobacter johnsonii|Plectris|Trichoderma|Trichoderma sp.|Trichoderma sp. (Strain 307) + Acinetobacter johnsonii (Strain B2)|Unknown-fungus of Trichoderma sp. 307 and Acinetobacter johnsonii B2,Polyketides,6.35,7.62,4.44,5.77,5.27,5.18,5.95,5.2,5.07,6.7,6.89,7.62,292.3310000000001,2.718800000000002,2,5,2.0,8.96
CNP0314859.3,C=CC(C)(C)[C@@]12C[C@H]3C(=O)N/C(=C/C4=CN=CN4)C(=O)N3[C@@H]1NC1=CC=CC=C12,Roquefortine C,Organoheterocyclic compounds,Alkaloids,Histidine alkaloids,Imidazole alkaloids,Cordyceps farinosa|Gymnoascus reessii|Hordeum vulgare|Huperzia serrata|Penicillium chrysogenum|Penicillium crustosum|Penicillium farinosum|Penicillium oxalicum|Penicillium piscarium|Penicillium roqueforti|Penicillium simplicissimum|Penicillium solitum|Penicillium verrucosum|Unknown-fungus sp.,10.1002/HLCA.200900331|10.1007/BF01986141|10.1007/BF02742579|10.1016/J.TET.2005.05.026|10.1016/S0040-4020(01)81556-8|10.1021/NP0503101|10.1021/NP50109A017|10.1021/np0503101|10.1039/C39820000652|10.1039/C39830000560|10.1128/AEM.56.9.2924-2926.1990|10.1271/bbb1961.41.2097,Cordyceps farinosa|Gymnoascus reessii|Hordeum vulgare|Huperzia serrata|Penicillium chrysogenum|Penicillium crustosum|Penicillium farinosum|Penicillium oxalicum|Penicillium piscarium|Penicillium roqueforti|Penicillium simplicissimum|Penicillium solitum|Penicillium verrucosum|Unknown-fungus sp.,Alkaloids,6.66,7.87,5.71,6.1,5.82,5.23,5.0,5.75,5.35,6.14,6.89,7.87,389.4590000000001,2.3830999999999998,3,4,2.0,8.96
CNP0293010.0,COC(=O)C1=C(O)C(C)=CC2=C1C(=O)C1=C(O)C=CC=C1O2,"2,8-dihydroxy-3-methyl-9-oxoxanthene-1-carboxylic acid methyl ester",Organoheterocyclic compounds,Polyketides,Xanthones,Methyl xanthones,Achlys triphylla|Albizia procera|Alectoria ochroleuca|Artemisia giraldii|Artemisia porrecta|Bulbophyllum odoratissimum|Bulbophyllum protractum|Bursera tonkinensis|Calystegia pubescens|Cypripedium calceolus|Diospyros glaucifolia|Elymnias thryallis|Eriostemon buxifolius|Hortonia floribunda|Lactuca laciniata|Lampranthus sociorum|Melanargia galathea|Millettia pinnata|Nauclea rhynchophylla|Penicillium cyclopium|Pertusaria amara|Perymenium mendezii|Phycomyces blakesleeanus|Picea glauca|Preussia africana|Tarchonanthus camphoratus|Thea sasanqua|Unknown-fungus sp. 120379|Uruparia lanosa,10.1021/NP2009362|10.1021/NP800192F|10.1021/np800192f,Achlys triphylla|Albizia procera|Alectoria ochroleuca|Artemisia giraldii|Artemisia porrecta|Bulbophyllum odoratissimum|Bulbophyllum protractum|Bursera tonkinensis|Calystegia pubescens|Cypripedium calceolus|Diospyros glaucifolia|Elymnias thryallis|Eriostemon buxifolius|Hortonia floribunda|Lactuca laciniata|Lampranthus sociorum|Melanargia galathea|Millettia pinnata|Nauclea rhynchophylla|Penicillium cyclopium|Pertusaria amara|Perymenium mendezii|Phycomyces blakesleeanus|Picea glauca|Preussia africana|Tarchonanthus camphoratus|Thea sasanqua|Unknown-fungus sp. 120379|Uruparia lanosa,Polyketides,6.4,7.58,5.18,5.81,5.53,6.01,6.1,5.34,4.98,6.68,6.89,7.58,300.266,2.45242,2,6,2.0,8.96
CNP0246635.1,CC(C)[C@@H]1NC(=O)[C@H](C)NC(=O)C2=CC=CC=C2NC(=O)[C@H](CC2=CC=C(O)C=C2)N(C)C1=O,Nectriatide,Organic acids and derivatives,Amino acids and Peptides,Oligopeptides,Cyclic peptides,Unknown-fungus sp. BF-0114,10.1021/acs.jnatprod.8b01056,Unknown-fungus sp. BF-0114,Amino acids and Peptides,6.7,7.53,5.38,5.98,5.53,5.29,5.63,5.94,5.28,6.43,6.89,7.53,466.5380000000002,1.6730999999999987,4,5,2.0,8.96
CNP0357874.1,COC(=O)C(C)CC(=O)C[C@@H](C)[C@H]1CC(=O)[C@@]2(C)C3=C(C(=O)C(=O)[C@]12C)[C@@]1(C)CCC(=O)C(C)(C)[C@@H]1CC3=O,"methyl (6R)-2-methyl-4-oxo-6-[(5R,10S,13R,14R,17R)-4,4,10,13,14-pentamethyl-3,7,11,12,15-pentaoxo-1,2,5,6,16,17-hexahydrocyclopenta[a]phenanthren-17-yl]heptanoate",Lipids and lipid-like molecules,Terpenoids,Triterpenoids,"Lanostane, Tirucallane and Euphane triterpenoids",Taiwanofungus camphoratus,10.1021/NP300443P|10.1021/np300443p,Taiwanofungus camphoratus,Terpenoids,6.96,7.57,4.43,6.14,5.69,5.41,5.72,5.23,5.09,5.83,6.89,7.57,540.6530000000004,3.8153000000000032,0,8,2.0,8.96
CNP0311843.1,O=C(O)/C=C/C=C/C1=CC=CC(O)=C1CO,,,Polyketides,,,Zopfiella marina|Zopfiella marina BCC 19240 (or NBRC 30420),10.1039/c9np00069k|10.1080/14786419.2017.1342083,Zopfiella marina|Zopfiella marina BCC 19240 (or NBRC 30420),Polyketides,6.1,7.2,5.34,5.88,4.94,5.84,6.4,5.23,5.11,7.07,6.89,7.2,220.224,1.5385,3,3,2.0,8.96
CNP0288212.1,CC(C)=CCC/C(C)=C/C[C@@]12OC(C)(C)[C@H](Cl)C=C1C(=O)C1=C(O)C=C(O)C=C1C2=O,"(3R,10aR)-3-chloro-10a-[(2E)-3,7-dimethylocta-2,6-dienyl]-6,8-dihydroxy-2,2-dimethyl-3H-benzo[g]chromene-5,10-dione",Lipids and lipid-like molecules,Polyketides,Meroterpenoids,,Marine Bacteria (Unclassified)|Streptomyces|Streptomyces SCSIO 10428|Streptomyces sp.,10.1021/acs.jnatprod.6b00235|10.1039/c4np00144c|10.3390/MD11062113|10.3390/md11062113,Marine Bacteria (Unclassified)|Streptomyces|Streptomyces SCSIO 10428|Streptomyces sp.,Polyketides,6.29,7.7,4.34,5.37,5.4,5.36,5.59,5.56,5.24,6.67,6.89,7.7,444.9550000000002,5.641000000000006,2,5,2.0,8.96
CNP0241555.0,CC(=O)C1=COC(=O)C2=C(O)C=C(O)C=C12,AGI-7,Phenylpropanoids and polyketides,Shikimates and Phenylpropanoids,Coumarins,Isocoumarins,Clonostachys sp.|Unknown-fungus strain Y70832,10.1021/np3008842|10.7164/antibiotics.54.463,Clonostachys sp.|Unknown-fungus strain Y70832,Shikimates and Phenylpropanoids,6.34,7.63,4.51,5.8,5.64,5.7,5.92,5.01,5.03,6.69,6.89,7.63,220.17999999999998,1.4067999999999996,2,5,2.0,8.96
CNP0545445.1,C=C1[C@@H](C)[C@H]2[C@H](CC3=CC=CC=C3)N=C(O)[C@]23OC(=O)/C=C\C2=C(C(=O)CCC[C@@H](C)C/C=C/[C@H]3[C@@H]1O)[C@@H](OC)[C@H]1[C@@H](O)[C@H](O)[C@@]21C(N)=O,"(1~{S},4~{Z},7~{S},8~{R},9~{R},10~{R},11~{S},17~{R},19~{E},21~{S},22~{S},24~{S},25~{S},26~{S})-26-benzyl-8,9,22,28-tetrahydroxy-11-methoxy-17,24-dimethyl-23-methylene-3,13-dioxo-2-oxa-27-azapentacyclo[19.7.0.0^{1,25}.0^{6,12}.0^{7,10}]octacosa-4,6(12),19,27-tetraene-7-carboxamide",Organoheterocyclic compounds,Alkaloids,Pseudoalkaloids,Cytochalasan alkaloids,Blumea densiflora|Cirsium arvense|Corallina rubens|Cratoxylum formosum|Dalea elegans|Euonymus grandiflorus|Hygrophila erecta|Hymenocallis arenicola|Relicina samoensis|Streptomyces cyaneofuscatus|Wardomyces inflatus,,Blumea densiflora|Cirsium arvense|Corallina rubens|Cratoxylum formosum|Dalea elegans|Euonymus grandiflorus|Hygrophila erecta|Hymenocallis arenicola|Relicina samoensis|Streptomyces cyaneofuscatus|Wardomyces inflatus,Alkaloids,6.54,7.23,5.66,6.21,5.37,6.01,5.94,5.47,5.14,6.89,6.89,7.23,674.7910000000004,2.6891000000000003,5,9,2.0,8.96
CNP0355058.1,C[C@H]1OC(=O)C2=C(O)CCC[C@H]2[C@@H]1O,"(3R,4S,bR)-3,4,4a,5,6,7-Hexahydro-4,8-dihidroxy-3-methyl-1H-2-benzopyran-1-one",Organoheterocyclic compounds,Shikimates and Phenylpropanoids,Coumarins,Isocoumarins,Unknown-fungus elegantula,10.1021/np50125a021,Unknown-fungus elegantula,Shikimates and Phenylpropanoids,6.46,7.66,4.38,5.57,5.17,5.42,6.1,4.96,5.06,6.54,6.89,7.66,198.21799999999996,0.9048,2,4,2.0,8.96
CNP0507431.1,CC[C@H]1[C@@H]2C=C[C@@H]3[C@H]4/C=C/C/C(O)=N/CCC[C@@H]5N=C(O)C(=C5O)C(=O)/C=C/[C@@H]4C[C@@H]3[C@H]2C[C@H]1C,"(3~{E},5~{S},7~{R},8~{R},10~{R},11~{R},12~{S},15~{S},16~{S},17~{E},20~{Z},25~{S})-11-ethyl-20,27,28-trihydroxy-10-methyl-21,26-diazapentacyclo[23.2.1.0^{5,16}.0^{7,15}.0^{8,12}]octacosa-1(28),3,13,17,20,26-hexaen-2-one",Lipids and lipid-like molecules,Polyketides,Macrolides,Macrocyclic tetramic acids,Marine Bacteria (Unclassified),10.1021/acs.jnatprod.6b00235,Marine Bacteria (Unclassified),Polyketides,6.31,7.39,4.35,5.38,6.06,5.6,5.88,6.28,5.09,6.98,6.89,7.39,478.6330000000002,5.695800000000005,3,4,2.0,8.96
CNP0276725.1,C[C@H]1NC(=O)C2=C(O)C=C(O)C=C21,"(3r)-5,7-dihydroxy-3-methylisoindolin-1-one",Organoheterocyclic compounds,Alkaloids,Pseudoalkaloids,Isoindole alkaloids,unidentified fungus,10.1039/c3np70117d,unidentified fungus,Alkaloids,6.41,7.53,4.42,5.57,5.27,5.57,5.94,5.47,5.13,6.74,6.89,7.53,179.17499999999998,0.9021999999999999,3,3,2.0,8.96
CNP0178108.0,COC1=CC(O)=C2C(=O)C3=C(C(=O)C2=C1C)C(C)=CO3,,Lipids and lipid-like molecules,Polyketides,Naphthalenes,Naphthoquinones,Senecio linifolius|Senecio mitophyllus|Senecio rosmarinifolius,10.1016/0031-9422(89)80286-9,Senecio linifolius|Senecio mitophyllus|Senecio rosmarinifolius,Polyketides,6.45,7.55,4.33,5.89,5.2,6.11,5.91,5.46,5.0,6.63,6.88,7.55,272.256,2.3860400000000004,1,5,2.0,8.94
CNP0231900.2,CC(C)C1=C2[C@H]3CC=C4[C@@H]5[C@H](O[C@@H]6OC[C@](O)(C(=O)[C@@]65O)[C@@H]4O)[C@]3(C)CC[C@@]2(C)CC1,CJ-15544,Lipids and lipid-like molecules,Terpenoids,Diterpenoids,Cyathane diterpenoids,Hericium coralloides|Hericium ramosum,10.7164/ANTIBIOTICS.51.983|10.7164/antibiotics.51.983,Hericium coralloides|Hericium ramosum,Terpenoids,7.03,7.64,4.38,5.97,5.25,5.2,5.52,5.98,5.2,5.88,6.88,7.64,430.5410000000003,2.262599999999999,3,6,2.0,8.94
CNP0264950.2,CC1=C2C(=C(O)C3=C1[C@@H](C)C(=O)O3)CCC[C@@H]2C,,Lipids and lipid-like molecules,Terpenoids,,,Artemisia sylvatica|Flourensia cernua|Japonicalia delphiniifolia|Lobaria isidiosa|Marinobacter hydrocarbonoclasticus|Scytonema hofmannii,10.1246/CL.1976.73,Artemisia sylvatica|Flourensia cernua|Japonicalia delphiniifolia|Lobaria isidiosa|Marinobacter hydrocarbonoclasticus|Scytonema hofmannii,Terpenoids,6.44,7.53,4.37,6.01,5.17,5.19,5.84,5.07,5.0,6.67,6.88,7.53,246.30599999999993,3.1629200000000015,1,3,2.0,8.94
CNP0140413.1,CNC1=CC(=O)C2=CC(C=C[C@H](O)CCCCCCCCCC(C)C)=NN=C2C1=O,Quinocinnolinomycin D,Organic oxygen compounds,Alkaloids,Tryptophan alkaloids,Quinoline alkaloids,Unknown-fungus sp.,10.1073/pnas.1507743112,Unknown-fungus sp.,Alkaloids,6.58,7.69,4.36,6.36,5.75,5.57,5.68,5.83,5.6,5.96,6.88,7.69,413.56200000000024,4.499900000000005,2,6,2.0,8.94
CNP0235609.1,C=C(C=O)[C@@H]1CC(=O)C=C2[C@@H](OC(=O)/C=C/C=C/C(C)CC(C)CC)CC[C@@H](C(=O)O)[C@@]21C,Sch 420789,Lipids and lipid-like molecules,Terpenoids,,,Unknown-fungus sp.,10.7164/antibiotics.53.837,Unknown-fungus sp.,Terpenoids,6.76,7.45,4.39,6.33,5.47,5.21,5.69,6.16,4.94,6.43,6.88,7.45,456.57900000000035,4.854300000000005,1,5,2.0,8.94
CNP0236564.2,C=C/C=C/C1C=C(/C=C/C)C(=O)O1,,,Polyketides,Miscellaneous polyketides,Miscellaneous polyketides,Unknown-fungus sp.s,10.1016/j.phytochem.2006.12.017,Unknown-fungus sp.s,Polyketides,6.33,7.63,4.33,5.79,5.46,5.36,5.04,6.68,4.99,5.45,6.88,7.63,176.21499999999995,2.1564999999999994,0,2,2.0,8.94
CNP0354961.0,CC(=O)CC1=CC2=C(C(=O)C=CC2=O)C(O)=C1C,"7-Acetonyl-5-hydroxy-6-methyl-1,4-NQ",Benzenoids,Polyketides,Naphthalenes,Naphthoquinones,Unknown-fungus sp.,10.1080/00021369.1988.10868801,Unknown-fungus sp.,Polyketides,6.36,7.69,4.4,5.69,5.27,5.74,5.93,5.35,5.13,6.59,6.88,7.69,244.24599999999998,1.76732,1,4,2.0,8.94
CNP0330809.1,C=C(C1=CC(=O)C(C)=C(O)C1=O)[C@H](CC=C(C)C)OC(=O)/C(C)=C\C,,Lipids and lipid-like molecules,Terpenoids,Sesquiterpenoids,Bisabolane sesquiterpenoids,Senecio rosmarinifolius,10.1016/S0031-9422(00)81111-5,Senecio rosmarinifolius,Terpenoids,6.51,7.63,4.34,6.08,5.32,5.8,5.72,5.4,5.27,6.5,6.88,7.63,344.4070000000001,3.6871000000000027,1,5,2.0,8.94
CNP0141932.1,C[C@@H]1C[C@@H](O)CCCC2=CC(O)=CC(O)=C2C(=O)O1,"3R,5S-Sonnerlactone",Benzenoids,Shikimates and Phenylpropanoids,Coumarins,Isocoumarins,Unknown-fungus sp. strain Zh6-B1|unidentified fungus|zh6-b1,10.1016/j.bmcl.2010.04.036|10.1039/c2np00090c,Unknown-fungus sp. strain Zh6-B1|unidentified fungus|zh6-b1,Shikimates and Phenylpropanoids,6.31,7.62,4.44,5.46,5.29,5.15,5.89,5.16,5.13,6.7,6.88,7.62,266.293,1.7304000000000002,3,5,2.0,8.94
CNP0141932.2,C[C@@H]1C[C@H](O)CCCC2=CC(O)=CC(O)=C2C(=O)O1,"3R,5R-Sonnerlactone",Benzenoids,Shikimates and Phenylpropanoids,Coumarins,Isocoumarins,Unknown-fungus sp. strain Zh6-B1|unidentified fungus|zh6-b1,10.1016/j.bmcl.2010.04.036|10.1039/c2np00090c,Unknown-fungus sp. strain Zh6-B1|unidentified fungus|zh6-b1,Shikimates and Phenylpropanoids,6.31,7.62,4.44,5.46,5.29,5.15,5.89,5.16,5.13,6.7,6.88,7.62,266.293,1.7304000000000002,3,5,2.0,8.94
CNP0420827.1,O=C(O)CCC(=O)O[C@H]1CCCCCCCCC[C@@H](CO)OC(=O)/C=C\[C@H]1O,,Organic acids and derivatives,Polyketides,Macrolides,Macrolide lactones,Unknown-fungus sp.,10.1021/acs.jnatprod.7b00133,Unknown-fungus sp.,Polyketides,6.42,8.03,4.43,5.65,5.73,5.24,5.89,5.18,5.33,6.18,6.88,8.03,400.4680000000001,2.1087000000000002,3,7,2.0,8.94
CNP0577513.2,C=C(CC[C@@H](C)[C@H]1CC[C@H]2C3=C(C(=O)C[C@]12C)[C@@]1(C)CCC(=O)[C@@H](C)[C@@H]1C[C@H]3O)C(C)C,Antcamphorol J,Lipids and lipid-like molecules,Terpenoids,Steroids,Ergostane steroids,Antrodia camphorata|Taiwanofungus camphoratus,10.1021/ACS.JNATPROD.9B00580|10.1021/acs.jnatprod.9b00580,Antrodia camphorata|Taiwanofungus camphoratus,Terpenoids,6.87,7.91,4.45,5.86,5.3,5.23,5.52,5.34,5.21,5.61,6.88,7.91,440.66800000000023,6.302900000000008,1,3,2.0,8.94
CNP0565731.1,COC1=C2C3=C4C5=C(C(OC)=CC(=O)C5=C(O)C[C@]45C[C@](C)(O)[C@H]2[C@]5(C)O)C2=C3C(=C1O)C(=O)C=C2OC,Hypomycin E,Benzenoids,Polyketides,Polycyclic aromatic polyketides,Anthraquinones and anthrones,Unknown-fungus strain MSX60519,10.1021/acs.jnatprod.0c00492,Unknown-fungus strain MSX60519,Polyketides,6.55,7.53,4.36,5.79,6.3,5.67,5.79,5.85,5.18,6.55,6.88,7.53,518.5180000000003,2.0652999999999997,4,9,2.0,8.94
CNP0309661.1,CC1(C)OC2=CC(CC3=C(C4=CC=C(O)C=C4)C(=O)NC3=O)=CC=C2C[C@@H]1O,,Organoheterocyclic compounds,Shikimates and Phenylpropanoids,Diazotetronic acids and derivatives,Pulvinones,Aspergillus terreus|Fungi,10.1016/J.FITOTE.2018.10.011|10.1016/j.fitote.2018.10.011,Aspergillus terreus|Fungi,Shikimates and Phenylpropanoids,6.63,7.56,5.32,6.22,5.57,6.17,5.92,5.56,5.13,6.46,6.88,7.56,379.4120000000001,2.1192999999999995,3,5,2.0,8.94
CNP0290513.0,O=C1C(=O)C2=C(OC=C2O)C2=CC=CC=C12,"3-hydroxy-naphtho[1,2-b]furan-4,5-dione",Organoheterocyclic compounds,Polyketides,Naphthalenes,Naphthoquinones,Avicennia marina,10.1016/0031-9422(85)80018-2,Avicennia marina,Polyketides,6.3,7.7,5.58,6.0,5.25,5.47,5.31,5.25,5.16,6.65,6.88,7.7,214.17600000000002,2.0311999999999992,1,4,2.0,8.94
CNP0187806.0,COC(=O)C1=CC=CC2=C1C(=O)C1=C(O)C=C(CO)C=C1O2,SYDOWININ A,Organoheterocyclic compounds,Polyketides,Xanthones,Methyl xanthones,Aspergillus sydowii|Unknown-fungus sp.,10.1016/J.BMC.2013.04.004|10.1016/j.bmc.2013.04.004|10.1021/NP200374J|10.1021/np200374j|10.1271/bbb1961.39.2341,Aspergillus sydowii|Unknown-fungus sp.,Polyketides,6.28,7.68,5.16,6.13,5.28,6.05,5.94,5.38,4.99,6.67,6.88,7.68,300.266,1.9306999999999996,2,6,2.0,8.94
CNP0258111.1,C=C(CC[C@@H](C)[C@H]1CC=C2C3=C(C(=O)C[C@@]21C)[C@@]1(C)CCC(=O)[C@@H](C)[C@@H]1CC3)[C@@H](C)C(=O)O,,Lipids and lipid-like molecules,Terpenoids,Steroids,Ergostane steroids,Antrodia cinnamomea|Taiwanofungus camphoratus,10.1016/0031-9422(95)00541-2,Antrodia cinnamomea|Taiwanofungus camphoratus,Terpenoids,6.9,7.62,4.44,6.11,5.71,5.25,5.65,5.53,5.27,5.67,6.88,7.62,452.6350000000003,6.316900000000007,1,3,2.0,8.94
CNP0110215.1,CNC1=CC(=O)C2=CC(C=C[C@H](O)CCCCCCCCC(C)C)=NN=C2C1=O,Quinocinnolinomycin A,Organic oxygen compounds,Alkaloids,Tryptophan alkaloids,Quinoline alkaloids,Unknown-fungus sp.,10.1073/pnas.1507743112,Unknown-fungus sp.,Alkaloids,6.58,7.69,4.36,6.36,5.75,5.57,5.68,5.83,5.6,5.96,6.88,7.69,399.5350000000002,4.1098000000000035,2,6,2.0,8.94
CNP0529990.1,C/C=C(\C)[C@H](O)[C@H](C)/C=C(C)/C=C/C/C(C)=C/CC1=NC(OC)=C(OC)C(O)=C1C,Piericidin-A,Lipids and lipid-like molecules,Polyketides,Meroterpenoids,,A new engineered strain of Pichia pastoris [n.a.]|Iotrochota cf. iota|Marine Bacteria (Unclassified)|Streptomyces sp.|Streptomyces sp. KCB13F030|streptomyces sp. dra 17,,A new engineered strain of Pichia pastoris [n.a.]|Iotrochota cf. iota|Marine Bacteria (Unclassified)|Streptomyces sp.|Streptomyces sp. KCB13F030|streptomyces sp. dra 17,Polyketides,5.75,7.28,4.57,6.3,5.4,5.82,5.61,5.67,5.14,7.07,6.88,7.28,415.5740000000002,5.457420000000007,2,5,2.0,8.94
CNP0208587.1,CC[C@@H](O)CCCCC[C@H]1CCC(=O)O1,10-hydroxy-gamma-dodecalactone,Lipids and lipid-like molecules,Fatty acids,Fatty esters,Lactones,Antrodia camphorata|Taiwanofungus camphoratus,10.1080/14786410601132410,Antrodia camphorata|Taiwanofungus camphoratus,Fatty acids,6.56,7.88,4.36,6.19,5.24,5.08,5.47,5.45,5.38,5.69,6.88,7.88,214.30499999999998,2.4134,1,3,2.0,8.94
CNP0338247.1,CC(C)C1=C2[C@H]3[C@@H](O)C=C(C=O)[C@@H]4[C@H](O[C@@H]5OC[C@@H](O)C(=O)[C@@]54O)[C@]3(C)CC[C@@]2(C)CC1,Striatin C,Lipids and lipid-like molecules,Terpenoids,Diterpenoids,Cyathane diterpenoids,Cyathus striatus|Hericium coralloides,10.1515/ZNC-2002-3-411|10.7164/ANTIBIOTICS.30.221|10.7164/antibiotics.30.221,Cyathus striatus|Hericium coralloides,Terpenoids,6.91,7.56,4.38,6.16,5.09,5.15,5.58,5.14,5.14,5.54,6.88,7.56,446.5400000000003,1.687599999999999,3,7,2.0,8.94
CNP0231900.1,CC(C)C1=C2[C@H]3CC=C4[C@@H]5[C@@H](O[C@@H]6OC[C@@](O)(C(=O)[C@@]65O)[C@@H]4O)[C@]3(C)CC[C@]2(C)CC1,,Lipids and lipid-like molecules,Terpenoids,Diterpenoids,Cyathane diterpenoids,Hericium coralloides|Hericium ramosum CL24240,10.7164/ANTIBIOTICS.51.983,Hericium coralloides|Hericium ramosum CL24240,Terpenoids,7.03,7.64,4.38,5.97,5.25,5.2,5.52,5.98,5.2,5.88,6.88,7.64,430.5410000000003,2.262599999999999,3,6,2.0,8.94
CNP0136792.1,CC(=O)O[C@@H]1CO[C@H]2O[C@H]3[C@@H](C(C=O)=C[C@H](O)[C@@H]4C5=C(C(C)C)CC[C@]5(C)CC[C@@]34C)[C@@]2(O)C1=O,Straital B,Lipids and lipid-like molecules,Terpenoids,Diterpenoids,Cyathane diterpenoids,Cyathus striatus|Hericium coralloides|Laxitextum incrustatum,10.1002/(SICI)1099-1573(199705)11:3<193::AID-PTR68>3.0.CO;2-R|10.1021/acs.jnatprod.5b00950|10.1515/ZNC-2002-3-411|10.7164/ANTIBIOTICS.30.221|10.7164/antibiotics.30.221,Cyathus striatus|Hericium coralloides|Laxitextum incrustatum,Terpenoids,6.88,7.66,4.43,6.09,5.09,5.18,5.49,5.68,5.13,5.61,6.88,7.66,488.57700000000045,2.2583999999999995,2,8,2.0,8.94
CNP0206144.2,CC(C)CCC[C@@H](C)[C@H]1CC[C@@H]2[C@@H]3C(=O)C=C4C[C@@H](O)CC[C@]4(C)[C@H]3CC[C@@]21C,,Lipids and lipid-like molecules,Terpenoids,Steroids,Cholestane steroids,Marine,10.1039/c6fo01154c,Marine,Terpenoids,7.0,7.54,4.35,6.11,5.37,5.39,5.37,6.0,5.46,5.73,6.88,7.54,400.6470000000002,6.567700000000008,1,2,2.0,8.94
CNP0114769.2,O=C1C[C@H]2S[C@H]3C[C@]2(C=C1Br)C1=C(N3)C(=O)C2=C3C1=NCCC3=CN2,(+)-Discorhabdin A,Organoheterocyclic compounds,Alkaloids,Tryptophan alkaloids,Pyrroloquinoline alkaloids,Ageratina aromatica|Batzella melanos|Bryopsis pennata|Higginsia|Hypomyces odoratus|Latrunculia brevis|Latrunculia sp.|Lecanora tartarea|Prianos melanos|Strongylodesma algoaensis|latrunculia sp.|latrunculid sponges|spongosorite,10.1016/S0040-4039(00)96664-4|10.1021/JO00252A052|10.1021/NP8007667|10.1021/NP900287E|10.1021/np034084b|10.1021/np8007667|10.1021/np900281r|10.1021/np900287e|10.1039/np9880500613|10.11646/ZOOTAXA.584.1.1,Ageratina aromatica|Batzella melanos|Bryopsis pennata|Higginsia|Hypomyces odoratus|Latrunculia brevis|Latrunculia sp.|Lecanora tartarea|Prianos melanos|Strongylodesma algoaensis|latrunculia sp.|latrunculid sponges|spongosorite,Alkaloids,6.53,7.69,4.31,5.78,6.42,5.15,5.21,5.58,5.35,6.25,6.88,7.69,416.3000000000002,2.4831000000000003,2,5,2.0,8.94
CNP0296907.3,C/C=C(\C)C(OC1OC(CO)C(O)C(O)C1O)C(C)/C=C(C)/C=C/CC(C)/C=C/C1=C(C)C(=O)C(CC)=C(OC)O1,,,Polyketides,Linear polyketides,Open-chain polyketides,Streptomyces albus|Unknown-fungus sp.,10.1021/NP200196J|10.1021/np200196j,Streptomyces albus|Unknown-fungus sp.,Polyketides,6.55,7.58,4.41,6.47,5.29,5.51,5.62,5.71,5.08,5.92,6.87,7.58,576.7270000000003,3.8485200000000024,4,9,2.0,8.93
CNP0354975.0,NC1=CC=C2N=C3C=CC=C(O)C3=NC2=C1,8-Aminophenazin-1-ol,Organoheterocyclic compounds,Alkaloids,Anthranilic acid alkaloids,Phenazine alkaloids,Unknown-fungus sp.,10.1002/jhet.5570060305,Unknown-fungus sp.,Alkaloids,6.24,7.17,5.34,5.8,5.41,5.91,6.35,5.23,5.14,7.09,6.87,7.17,211.22400000000002,2.0707999999999993,2,4,2.0,8.93
CNP0497436.1,CC[C@H]1[C@@H]2C=C[C@@H]3[C@H]4C/C=C\C(O)=N\CCC[C@@H]5N=C(O)C(=C5O)C(=O)/C=C/[C@@H]4C[C@@H]3[C@H]2C[C@H]1C,Ikarugamycin,Lipids and lipid-like molecules,Polyketides,Macrolides,Macrocyclic tetramic acids,Marine Bacteria (Unclassified),,Marine Bacteria (Unclassified),Polyketides,6.25,7.35,4.35,5.39,5.99,5.56,5.89,5.6,5.12,7.02,6.87,7.35,478.6330000000002,5.695800000000005,3,4,2.0,8.93
CNP0423106.1,CC(=O)O[C@H]1C[C@H]([C@H](C)CC(=O)CC(C)C(=O)O)[C@@]2(C)CC(=O)C3=C(CC[C@H]4C(C)(C)C(=O)CC[C@]34C)[C@]12C,15-O-Acetylganolucidate A,Lipids and lipid-like molecules,Terpenoids,Triterpenoids,"Lanostane, Tirucallane and Euphane triterpenoids",Antrodia camphorata|Taiwanofungus camphoratus,10.1021/NP300443P|10.1021/np300443p,Antrodia camphorata|Taiwanofungus camphoratus,Terpenoids,6.99,7.56,4.62,5.86,5.24,5.21,5.56,5.15,5.1,6.06,6.87,7.56,542.7130000000004,5.731500000000006,1,6,2.0,8.93
CNP0568158.1,CC1=CC(C)=C(O)C(C(=O)C[C@@H]2CC(=O)NC(=O)C2O)=C1,C-73X1,Organic oxygen compounds,Alkaloids,Lysine alkaloids,Piperidine alkaloids,Unknown-fungus sp.,10.1021/jm00314a044,Unknown-fungus sp.,Alkaloids,6.46,7.67,4.4,5.79,6.3,5.37,5.72,5.99,5.05,6.49,6.87,7.67,291.30299999999994,0.60544,3,5,2.0,8.93
CNP0203427.1,C[C@]1(C(=O)O)CCC[C@]2(C)C3=CC(=O)OCC3=CC[C@@H]12,Oidiodendronic acid,Organoheterocyclic compounds,Terpenoids,Diterpenoids,,Epipedobates tricolor|Lactuca serriola|Myrica nagi|Oidiodendron truncatum|Unknown-fungus sp.,10.1248/CPB.47.1591|10.1248/cpb.47.1591,Epipedobates tricolor|Lactuca serriola|Myrica nagi|Oidiodendron truncatum|Unknown-fungus sp.,Terpenoids,6.81,7.19,4.4,5.62,5.42,4.99,5.44,6.6,5.07,5.9,6.87,7.19,276.332,2.697000000000001,1,3,2.0,8.93
CNP0523748.1,COC1=C(O)[C@H](O)[C@H](C/C=C(\C)CC/C=C(\C)C[C@H](O)/C=C(\C)CO)[C@@H](C)C1=O,"(4R,5R,6R)-5-[(2E,6E,9S,10E)-9,12-dihydroxy-3,7,11-trimethyldodeca-2,6,10-trienyl]-3,4-dihydroxy-2-methoxy-6-methylcyclohex-2-en-1-one",Lipids and lipid-like molecules,Terpenoids,Meroterpenoids,Prenyl quinone meroterpenoids,Antrodia cinnamomea|Taiwanofungus camphoratus|antrodia cinnamomea,10.1021/ACS.JNATPROD.7B00223|10.1021/acs.jnatprod.7b00223,Antrodia cinnamomea|Taiwanofungus camphoratus|antrodia cinnamomea,Terpenoids,6.49,7.66,4.37,6.2,5.39,6.07,5.54,5.25,5.26,6.45,6.87,7.66,408.5350000000001,3.350800000000002,4,6,2.0,8.93
CNP0193414.3,C=C(CC[C@@H](C)[C@H]1CC[C@H]2C3=C(C(=O)C[C@]12C)[C@@]1(C)CCC(O)[C@](C)(O)C1CC3O)C(C)C(=O)O,"(6R)-6-[(1R,3aR,6R,9aS,11aR)-4,6,7-trihydroxy-6,9a,11a-trimethyl-10-oxo-1H,2H,3H,3aH,4H,5H,5aH,6H,7H,8H,9H,9aH,10H,11H,11aH-cyclopenta[a]phenanthren-1-yl]-2-methyl-3-methylideneheptanoic acid",Lipids and lipid-like molecules,Terpenoids,Steroids,Ergostane steroids,Taiwanofungus camphoratus,,Taiwanofungus camphoratus,Terpenoids,6.88,7.88,4.48,5.84,5.15,5.14,5.53,5.25,5.21,5.61,6.87,7.88,488.66500000000025,4.274300000000003,4,5,2.0,8.93
CNP0105055.1,CC1=COC2=C(O)C3=C(C(C)=C12)[C@@H](C)CCC3=O,,Lipids and lipid-like molecules,Terpenoids,Sesquiterpenoids,Cadinane sesquiterpenoids,Artemisia sylvatica|Flourensia cernua|Lobaria isidiosa|Marinobacter hydrocarbonoclasticus|Scytonema hofmannii,,Artemisia sylvatica|Flourensia cernua|Lobaria isidiosa|Marinobacter hydrocarbonoclasticus|Scytonema hofmannii,Terpenoids,6.47,7.64,4.36,5.62,5.47,5.22,5.8,5.4,5.02,6.49,6.87,7.64,244.28999999999994,3.8352400000000024,1,3,2.0,8.93
CNP0227025.0,COC1=C(C)C2=C(OC3=C(C=O)C(O)=C(Cl)C(C)=C3C(=O)O2)C(C=O)=C1Cl,,Phenylpropanoids and polyketides,Polyketides,Aromatic polyketides,Depsidones,Cryptomeria japonica|Phyllopsora corallina|Psora corallina,10.1071/CH9901953,Cryptomeria japonica|Phyllopsora corallina|Psora corallina,Polyketides,6.22,7.62,4.36,6.26,5.2,5.87,5.71,6.39,5.02,6.6,6.87,7.62,411.1930000000002,4.274340000000001,1,7,2.0,8.93
CNP0239162.1,CCC(C)CCCCCCCC[C@@H](O)C=CC1=CC2=C(N=N1)C(=O)C(NC)=CC2=O,Quinocinnolinomycin C,Organic oxygen compounds,Alkaloids,Tryptophan alkaloids,Quinoline alkaloids,Unknown-fungus sp.,10.1073/pnas.1507743112,Unknown-fungus sp.,Alkaloids,6.56,7.7,4.34,6.34,5.75,5.44,5.66,5.83,5.61,6.0,6.87,7.7,413.5620000000002,4.499900000000003,2,6,2.0,8.93
CNP0312017.1,C=C1CCC[C@H]2[C@](C)(CC3=CC(C(=O)O)=CC(O)=C3O)[C@@H](C)CC[C@]12C,,Benzenoids,Terpenoids,Diterpenoids,,Siphonodictyon coralliphagum,10.1039/np9880500613,Siphonodictyon coralliphagum,Terpenoids,6.52,7.1,4.47,5.81,5.63,4.94,6.12,5.26,5.35,6.98,6.87,7.1,358.4780000000002,5.137300000000005,3,3,2.0,8.93
CNP0139395.1,C/C=C(/C)C(=O)OCC1=CC(=O)C2=C(O)C3=C(C=C2O1)O[C@H](C(C)(C)O)C3,,Organoheterocyclic compounds,Polyketides,Chromanes,Chromones,Adlumia fungosa|Baccharis flabellata|Gasteria bicolor|Juglans regia|Leptospermum liversidgei|Senecio barba-johannis|Solanum lycocarpum|Spongia hispida|Tephrosia lupinifolia,,Adlumia fungosa|Baccharis flabellata|Gasteria bicolor|Juglans regia|Leptospermum liversidgei|Senecio barba-johannis|Solanum lycocarpum|Spongia hispida|Tephrosia lupinifolia,Polyketides,6.5,7.64,4.15,6.16,5.35,5.56,5.72,5.32,5.2,6.46,6.87,7.64,374.3890000000002,2.5824000000000007,2,7,2.0,8.93
CNP0298589.2,C[C@@H]1O[C@](C)(C(=O)O)O[C@H]1/C=C/C=C/C=C/C(=O)O[C@H]1CC[C@H](C2=CC=C3C(=O)C4=C5C(=O)[C@H](O)[C@](C)(O)CC5=CC=C4C(=O)C3=C2O)O[C@@H]1C,"(2S,4S,5S)-2,4-dimethyl-5-[(1E,3E,5E)-7-[(2R,3S,6R)-2-methyl-6-[(2R,3R)-2,3,8-trihydroxy-3-methyl-1,7,12-trioxo-2,4-dihydrobenzo[a]anthracen-9-yl]oxan-3-yl]oxy-7-oxohepta-1,3,5-trienyl]-1,3-dioxolane-2-carboxylic acid",Phenylpropanoids and polyketides,Polyketides,Polycyclic aromatic polyketides,Angucyclines,Marine Bacteria (Unclassified),10.1021/acs.jnatprod.6b00235,Marine Bacteria (Unclassified),Polyketides,6.59,7.45,5.9,5.91,5.78,5.95,5.03,5.36,5.13,6.58,6.87,7.45,702.7090000000003,3.4434000000000022,4,12,2.0,8.93
CNP0294449.2,C=C(CC[C@@H](C)[C@H]1CC[C@H]2C3=C(C(=O)C[C@]12C)[C@@]1(C)CCC(=O)[C@@H](C)[C@@H]1C[C@@H]3O)[C@H](C)C(=O)O,antcin C,Lipids and lipid-like molecules,Terpenoids,Steroids,Ergostane steroids,Alcyonium grandis|Antrodia camphorata|Antrodia cinnamomea|Colubrina asiatica|Dipterocarpus pilosus|Echinus miliaris|Hilliardiella oligocephala|Lycoris x chejuensis|Manduca sexta|Moquiniastrum paniculatum|Mosla scabra|Orthosiphon wulfenioides|Podocarpus lawrencei|Taiwanofungus camphoratus,10.1002/JCCS.199800021|10.1021/ACS.JNATPROD.9B00580|10.1021/NP1002143|10.1021/NP400741S|10.1021/NP50117A004|10.1021/TX100116A|10.1021/np1002143,Alcyonium grandis|Antrodia camphorata|Antrodia cinnamomea|Colubrina asiatica|Dipterocarpus pilosus|Echinus miliaris|Hilliardiella oligocephala|Lycoris x chejuensis|Manduca sexta|Moquiniastrum paniculatum|Mosla scabra|Orthosiphon wulfenioides|Podocarpus lawrencei|Taiwanofungus camphoratus,Terpenoids,6.87,7.91,4.48,5.82,5.24,5.2,5.56,5.28,5.19,5.6,6.87,7.91,470.65000000000026,5.367600000000006,2,4,2.0,8.93
CNP0355044.0,COC1CC(=O)C2=C(O)C=CC=C2C12OC1=CC=CC3=CC=CC(=C13)O2,,Benzenoids,Polyketides,Naphthalenes,Spirodioxynaphthalenes,Unknown-fungus sp. BCC 25093|unidentified species of Phylum Ascomycota,10.1016/j.tet.2015.06.061|10.1039/c6np00124f,Unknown-fungus sp. BCC 25093|unidentified species of Phylum Ascomycota,Polyketides,6.43,7.54,5.47,5.96,5.53,5.43,5.63,5.29,5.09,6.64,6.87,7.54,348.3540000000001,3.7710000000000026,1,5,2.0,8.93
CNP0294449.3,C=C(CC[C@@H](C)[C@H]1CC[C@@H]2C3=C(C(=O)C[C@@]21C)[C@@]1(C)CCC(=O)[C@@H](C)[C@H]1C[C@@H]3O)[C@@H](C)C(=O)O,,Lipids and lipid-like molecules,Terpenoids,Steroids,Ergostane steroids,Alcyonium grandis|Colubrina asiatica|Dipterocarpus pilosus|Echinus miliaris|Hilliardiella oligocephala|Lycoris x chejuensis|Manduca sexta|Moquiniastrum paniculatum|Mosla scabra|Orthosiphon wulfenioides|Podocarpus lawrencei|Taiwanofungus camphoratus,10.1016/J.BMC.2010.10.032,Alcyonium grandis|Colubrina asiatica|Dipterocarpus pilosus|Echinus miliaris|Hilliardiella oligocephala|Lycoris x chejuensis|Manduca sexta|Moquiniastrum paniculatum|Mosla scabra|Orthosiphon wulfenioides|Podocarpus lawrencei|Taiwanofungus camphoratus,Terpenoids,6.87,7.91,4.48,5.82,5.24,5.2,5.56,5.28,5.19,5.6,6.87,7.91,470.65000000000026,5.367600000000006,2,4,2.0,8.93
CNP0289684.1,O=C1C2=C(O)C(Cl)=CC3=C2[C@@]2(OC4=CC(Cl)=C(O)C5=C4[C@]3(O2)[C@@H]2O[C@@H]2C5O)[C@@H]2O[C@H]12,Spiroxin E,Organoheterocyclic compounds,Polyketides,Naphthalenes,Spirodioxynaphthalenes,Unknown-fungus sp. strain LL-37H248|unidentified fungus,10.1016/s0040-4039(99)00242-7|10.1039/b006897g,Unknown-fungus sp. strain LL-37H248|unidentified fungus,Polyketides,6.3,7.58,4.61,5.82,5.58,5.46,6.43,5.35,5.12,6.61,6.87,7.58,449.19800000000015,2.0017000000000005,3,8,2.0,8.93
CNP0606832.1,N=C1N[C@@H]2N3C(=CC(Br)=C3Br)C(=O)N3CCC[C@@]23N1,"(1S,5R)-7,8-dibromo-3-imino-2,4,6,12-tetrazatetracyclo[10.3.0.01,5.06,10]pentadeca-7,9-dien-11-one",Organic acids and derivatives,Alkaloids,,,Agelas|Agelas mauritiana|Aster georgianus|Echinocystis fabacea|Euphorbia salicifolia|Hosta plantaginea|Ptilometra australis|Streptomyces misakiensis|Vernonia arctioides|agelas sponges,10.1016/J.BMC.2009.12.028|10.1016/S0040-4039(00)76222-8,Agelas|Agelas mauritiana|Aster georgianus|Echinocystis fabacea|Euphorbia salicifolia|Hosta plantaginea|Ptilometra australis|Streptomyces misakiensis|Vernonia arctioides|agelas sponges,Alkaloids,6.89,7.67,4.82,5.71,5.64,5.3,5.23,5.46,5.45,6.06,6.87,7.67,389.0510000000002,1.58517,3,2,2.0,8.93
CNP0161040.1,O=C1O[C@](CC2=CC3=CC(O)=CC(O)=C3C(=O)O2)(C(Cl)Cl)C[C@H]1O,Desmethyldichlorodiaportintone,Phenylpropanoids and polyketides,Shikimates and Phenylpropanoids,Coumarins,Isocoumarins,Unknown-fungus sp. CYSK-4|unidentified species of Phylum Ascomycota,10.1039/c9np00069k|10.3390/md16020054,Unknown-fungus sp. CYSK-4|unidentified species of Phylum Ascomycota,Shikimates and Phenylpropanoids,6.68,7.34,4.49,6.6,5.33,5.44,5.72,5.19,5.11,6.51,6.87,7.34,375.16,1.5969999999999998,3,7,2.0,8.93
CNP0193414.2,C=C(CC[C@@H](C)[C@H]1CC[C@H]2C3=C(C(=O)C[C@]12C)[C@@]1(C)CC[C@@H](O)[C@](C)(O)[C@@H]1C[C@@H]3O)[C@H](C)C(=O)O,"(2S,6R)-2-methyl-3-methylidene-6-[(3R,4R,5R,7S,10S,13R,14R,17R)-3,4,7-trihydroxy-4,10,13-trimethyl-11-oxo-2,3,5,6,7,12,14,15,16,17-decahydro-1H-cyclopenta[a]phenanthren-17-yl]heptanoic acid",Lipids and lipid-like molecules,Terpenoids,Steroids,Ergostane steroids,Antrodia camphorata|Taiwanofungus camphoratus,10.1021/ACS.JNATPROD.9B00580|10.1021/NP400741S|10.1021/acs.jnatprod.9b00580|10.1021/np400741s,Antrodia camphorata|Taiwanofungus camphoratus,Terpenoids,6.88,7.88,4.48,5.84,5.15,5.14,5.53,5.25,5.21,5.61,6.87,7.88,488.66500000000025,4.274300000000003,4,5,2.0,8.93
CNP0307569.0,OC1=NCCC2=C1NC1=CC=CC=C21,"4,9-dihydro-3H-pyrido[3,4-b]indol-1-ol",Organoheterocyclic compounds,Alkaloids,Tryptophan alkaloids,Carboline alkaloids,Trigonostemon lii|sponge sp.,10.1016/j.bmcl.2012.01.106|10.1021/np020592u,Trigonostemon lii|sponge sp.,Alkaloids,6.22,7.17,5.42,5.6,5.43,5.45,6.23,5.48,5.24,7.22,6.87,7.22,186.21400000000003,2.0286,2,1,2.0,8.93
CNP0355773.1,C=C1C(=O)C2=C(C[C@@](C)(C(=O)O)C2)[C@@](C)(O)C12CC2,illudinic acid,Organic oxygen compounds,Terpenoids,Sesquiterpenoids,Illudane sesquiterpenoids,Unknown-fungus sp. (MF 6186),10.1021/np960596x,Unknown-fungus sp. (MF 6186),Terpenoids,6.77,7.6,4.27,5.61,6.23,5.36,5.92,5.33,5.13,5.77,6.87,7.6,262.305,1.8377999999999999,2,3,2.0,8.93
CNP0159579.2,O=C1C2=CC(O)=CC(O)=C2C(=O)C2=C1C=C(O)C1=C2O[C@H]2OCC[C@@H]12,"(4R,8S)-10,16,18-trihydroxy-3,5-dioxapentacyclo[10.8.0.02,9.04,8.014,19]icosa-1,9,11,14(19),15,17-hexaene-13,20-dione",Benzenoids,Polyketides,Polycyclic aromatic polyketides,Anthraquinones and anthrones,Unknown-fungus sp.,10.1055/a-0835-2332,Unknown-fungus sp.,Polyketides,6.41,7.64,4.44,6.15,5.42,5.23,5.9,5.23,5.26,6.56,6.87,7.64,340.2870000000001,1.8011999999999995,3,7,2.0,8.93
CNP0306414.1,COC1=CC(O)=C2C(=O)[C@H]3C[C@@H](O)[C@@](C)(O)[C@H](O)[C@@H]3[C@@H](O)C2=C1,altersolanol L,Benzenoids,Polyketides,Polycyclic aromatic polyketides,Anthraquinones and anthrones,Alternaria|Alternaria sp.|Centaurea ptosimopappoides|Chondrosia corticata|Corallina elongata|Deutzia gracilis|Limnatis nilotica|Neopetrosia proxima|Notholaena californica|Paraconiothyrium brasiliense|Peltophorum ferrugineum|Primula modesta|Pterocarpus gracilis|Salvia sahendica|Stemphylium|Stemphylium globuliferum|Stemphylium sp. 33231|Streptogonopus phipsoni|Udotea conglutinata|Vernonia filigera,10.1021/NP200766D|10.1021/NP500340Y|10.1021/NP8004997|10.1021/np200766d|10.1021/np500340y|10.1021/np8004997,Alternaria|Alternaria sp.|Centaurea ptosimopappoides|Chondrosia corticata|Corallina elongata|Deutzia gracilis|Limnatis nilotica|Neopetrosia proxima|Notholaena californica|Paraconiothyrium brasiliense|Peltophorum ferrugineum|Primula modesta|Pterocarpus gracilis|Salvia sahendica|Stemphylium|Stemphylium globuliferum|Stemphylium sp. 33231|Streptogonopus phipsoni|Udotea conglutinata|Vernonia filigera,Polyketides,6.56,7.45,4.38,5.5,5.22,5.67,5.89,5.23,5.15,6.59,6.87,7.45,324.329,-0.26060000000000016,5,7,2.0,8.93
CNP0193414.4,C=C(CC[C@@H](C)[C@H]1CC[C@H]2C3=C(C(=O)C[C@]12C)[C@@]1(C)CC[C@@H](O)[C@](C)(O)[C@@H]1C[C@@H]3O)[C@@H](C)C(=O)O,"(2R,6R)-2-methyl-3-methylidene-6-[(3R,4R,5R,7S,10S,13R,14R,17R)-3,4,7-trihydroxy-4,10,13-trimethyl-11-oxo-2,3,5,6,7,12,14,15,16,17-decahydro-1H-cyclopenta[a]phenanthren-17-yl]heptanoic acid",Lipids and lipid-like molecules,Terpenoids,Steroids,Ergostane steroids,Alcyonium grandis|Antrodia camphorata|Colubrina asiatica|Dipterocarpus pilosus|Echinus miliaris|Hilliardiella oligocephala|Lycoris x chejuensis|Manduca sexta|Moquiniastrum paniculatum|Mosla scabra|Orthosiphon wulfenioides|Podocarpus lawrencei|Taiwanofungus camphoratus,10.1021/ACS.JNATPROD.9B00580|10.1021/NP1002143|10.1021/NP400741S|10.1021/acs.jnatprod.9b00580|10.1021/np400741s,Alcyonium grandis|Antrodia camphorata|Colubrina asiatica|Dipterocarpus pilosus|Echinus miliaris|Hilliardiella oligocephala|Lycoris x chejuensis|Manduca sexta|Moquiniastrum paniculatum|Mosla scabra|Orthosiphon wulfenioides|Podocarpus lawrencei|Taiwanofungus camphoratus,Terpenoids,6.88,7.88,4.48,5.84,5.15,5.14,5.53,5.25,5.21,5.61,6.87,7.88,488.66500000000025,4.274300000000003,4,5,2.0,8.93
CNP0294449.1,C=C(CC[C@@H](C)[C@H]1CC[C@H]2C3=C(C(=O)C[C@]12C)[C@@]1(C)CCC(=O)[C@@H](C)[C@@H]1C[C@H]3O)C(C)C(=O)O,Camphoratin G,Lipids and lipid-like molecules,Terpenoids,Steroids,Ergostane steroids,Taiwanofungus camphoratus,10.1021/np1002143,Taiwanofungus camphoratus,Terpenoids,6.87,7.91,4.48,5.82,5.24,5.2,5.56,5.28,5.19,5.6,6.87,7.91,470.65000000000026,5.367600000000006,2,4,2.0,8.93
CNP0294449.5,C=C(CC[C@@H](C)[C@H]1CC[C@H]2C3=C(C(=O)C[C@]12C)[C@@]1(C)CCC(=O)[C@@H](C)[C@@H]1C[C@@H]3O)C(C)C(=O)O,Antcin C,Lipids and lipid-like molecules,Terpenoids,Steroids,Ergostane steroids,Taiwanofungus camphoratus,10.1016/J.BMC.2010.10.032,Taiwanofungus camphoratus,Terpenoids,6.87,7.91,4.48,5.82,5.24,5.2,5.56,5.28,5.19,5.6,6.87,7.91,470.65000000000026,5.367600000000006,2,4,2.0,8.93
CNP0240762.0,COCC1=C(O)C=C2C(=O)C3=C(O)C=CC=C3C(=O)C2=C1O,124854-45-1,Benzenoids,Polyketides,Polycyclic aromatic polyketides,Anthraquinones and anthrones,Chara corallina|Damnacanthus indicus|Euphorbia ingens|Monilinia fructigena|Perna viridis|Siphonaria funiculata|Solanum curtipes|Stachys recta,10.1016/0031-9422(92)90070-7,Chara corallina|Damnacanthus indicus|Euphorbia ingens|Monilinia fructigena|Perna viridis|Siphonaria funiculata|Solanum curtipes|Stachys recta,Polyketides,6.27,7.72,5.54,5.86,5.29,6.26,5.97,5.6,5.12,6.62,6.87,7.72,300.266,1.7251999999999996,3,6,2.0,8.93
CNP0264554.1,C=C1CC[C@@H]2[C@](C)(CCC[C@]2(C)C(=O)O)[C@H]1CCC1=CCOC1=O,pinusolidic acid,Lipids and lipid-like molecules,Terpenoids,Diterpenoids,Labdane diterpenoids,Agathis macrophylla|Calocedrus formosana|Fokienia hodginsii|Platycladus Orientalis|Platycladus orientalis|Taiwanofungus camphoratus|Thuja orientalis|fokienia hodginsii,10.1002/JCCS.199900110|10.1002/JCCS.200300022|10.1016/0031-9422(89)80203-1|10.1016/J.FOODCHEM.2011.09.089|10.1021/NP034033E|10.1021/NP0581263|10.1021/NP400010C|10.1021/np034033e|10.1021/np400010c|10.1055/S-2006-957371,Agathis macrophylla|Calocedrus formosana|Fokienia hodginsii|Platycladus Orientalis|Platycladus orientalis|Taiwanofungus camphoratus|Thuja orientalis|fokienia hodginsii,Terpenoids,6.67,7.68,4.62,5.76,5.26,5.11,5.99,6.27,4.88,5.78,6.87,7.68,332.44000000000005,4.113300000000002,1,3,2.0,8.93
CNP0073122.1,COC1=C(O)[C@H](C)[C@@H](CC=C(C)CCC=C(C)C[C@H](O)C=C(C)CO)[C@@H](O)C1=O,Antroquinonol R,Lipids and lipid-like molecules,Terpenoids,Meroterpenoids,Prenyl quinone meroterpenoids,Antrodia cinnamomea|Taiwanofungus camphoratus,10.1021/ACS.JNATPROD.7B00223|10.1021/acs.jnatprod.7b00223,Antrodia cinnamomea|Taiwanofungus camphoratus,Terpenoids,6.49,7.67,4.38,6.2,5.39,6.07,5.55,5.33,5.26,6.46,6.87,7.67,408.5350000000001,3.3508000000000018,4,6,2.0,8.93
CNP0294449.4,C=C(CC[C@@H](C)[C@H]1CC[C@H]2C3=C(C(=O)C[C@]12C)[C@@]1(C)CCC(=O)[C@@H](C)[C@@H]1C[C@@H]3O)[C@@H](C)C(=O)O,"(2R,6R)-6-[(4S,5S,7S,10S,13R,14R,17R)-7-hydroxy-4,10,13-trimethyl-3,11-dioxo-2,4,5,6,7,12,14,15,16,17-decahydro-1H-cyclopenta[a]phenanthren-17-yl]-2-methyl-3-methylideneheptanoic acid",Lipids and lipid-like molecules,Terpenoids,Steroids,Ergostane steroids,Antrodia camphorata|Taiwanofungus camphoratus,10.1021/ACS.JNATPROD.9B00580|10.1021/NP400741S,Antrodia camphorata|Taiwanofungus camphoratus,Terpenoids,6.87,7.91,4.48,5.82,5.24,5.2,5.56,5.28,5.19,5.6,6.87,7.91,470.65000000000026,5.367600000000006,2,4,2.0,8.93
CNP0156064.1,O=C1C2=C(O)C(Cl)=CC3=C2[C@@]2(OC4=CC(Cl)=C(O)C5=C4[C@]3(O2)[C@@H]2O[C@@H]2C5=O)[C@@H]2O[C@H]12,Spiroxin B,Organoheterocyclic compounds,Polyketides,Naphthalenes,Spirodioxynaphthalenes,Unknown-fungus sp. strain LL-37H248|unidentified fungus,10.1016/s0040-4039(99)00242-7|10.1039/b006897g,Unknown-fungus sp. strain LL-37H248|unidentified fungus,Polyketides,6.3,7.59,4.62,5.83,5.57,5.47,6.43,5.18,5.09,6.6,6.87,7.59,447.1820000000002,2.1510000000000007,2,8,2.0,8.93
CNP0428934.0,COC(=O)C1=C(O)C=C(C)C=C1OC1=C(O)C=C(OC)C=C1C1=C(C2=C(O)C=C(C)C=C2O)C2=C(O)C=C(OC)C=C2C1=O,Ascomindone B,Phenylpropanoids and polyketides,Polyketides,,,Unknown sp. SK2YWS-L|unidentified species of Phylum Ascomycota,10.1038/srep36609|10.1039/c7np00052a,Unknown sp. SK2YWS-L|unidentified species of Phylum Ascomycota,Polyketides,6.53,7.43,4.43,5.96,5.48,6.16,6.07,6.36,5.15,6.64,6.87,7.43,600.5760000000002,5.582940000000008,5,11,2.0,8.93
CNP0294449.6,C=C(CC[C@@H](C)[C@H]1CC[C@H]2C3=C(C(=O)C[C@]12C)[C@@]1(C)CCC(=O)[C@@H](C)[C@@H]1C[C@H]3O)[C@@H](C)C(=O)O,,Lipids and lipid-like molecules,Terpenoids,Steroids,Ergostane steroids,Alcyonium grandis|Colubrina asiatica|Dipterocarpus pilosus|Echinus miliaris|Hilliardiella oligocephala|Lycoris x chejuensis|Manduca sexta|Moquiniastrum paniculatum|Mosla scabra|Orthosiphon wulfenioides|Podocarpus lawrencei|Taiwanofungus camphoratus,10.1021/NP1002143,Alcyonium grandis|Colubrina asiatica|Dipterocarpus pilosus|Echinus miliaris|Hilliardiella oligocephala|Lycoris x chejuensis|Manduca sexta|Moquiniastrum paniculatum|Mosla scabra|Orthosiphon wulfenioides|Podocarpus lawrencei|Taiwanofungus camphoratus,Terpenoids,6.87,7.91,4.48,5.82,5.24,5.2,5.56,5.28,5.19,5.6,6.87,7.91,470.65000000000026,5.367600000000006,2,4,2.0,8.93
CNP0338906.2,CC[C@H]1C=CC(=O)O[C@H]1/C=C/C(O)(CCN)[C@@H](C[C@@H](O)/C=C\C=C/[C@@H]1CCC[C@H](OC(=O)CCCC(C)C)C1)OP(=O)(O)O,Leustroducsin A,Organoheterocyclic compounds,Polyketides,Linear polyketides,Phoslactomycins or Phosphazomycins,Streptomyces platensis|Unknown-fungus sp.,10.7164/ANTIBIOTICS.46.1512|10.7164/antibiotics.46.1512,Streptomyces platensis|Unknown-fungus sp.,Polyketides,6.88,7.62,4.54,6.11,5.93,5.51,5.51,5.7,5.6,5.42,6.87,7.62,641.7390000000005,4.399900000000005,5,9,2.0,8.93
CNP0183006.1,CC1(C)OC2=C(C[C@H]1Cl)C(=O)C1=C(O)C=C(O)C=C1C2=O,"3-chloro-6,8-dihydroxy-8-alpha-lapachone",Organoheterocyclic compounds,Polyketides,Naphthalenes,Naphthoquinones,Marine Bacteria (Unclassified)|Streptomyces|Streptomyces SCSIO 10428|Streptomyces sp.|Streptomyces sp. CA-271078|Streptomyces sp. SCSIO 10428,10.1039/c4np00144c|10.3390/MD11062113|10.3390/MD14100188|10.3390/md11062113|10.3390/md14100188,Marine Bacteria (Unclassified)|Streptomyces|Streptomyces SCSIO 10428|Streptomyces sp.|Streptomyces sp. CA-271078|Streptomyces sp. SCSIO 10428,Polyketides,6.39,7.58,4.35,5.81,5.42,5.43,5.87,5.33,5.13,6.62,6.86,7.58,308.71700000000004,2.5372000000000003,2,5,2.0,8.92
CNP0161126.1,C=C(CC[C@@H](C)[C@H]1CC[C@H]2C3=C(C(=O)C[C@]12C)[C@@]1(C)CC[C@@H](O)[C@@H](C)[C@@H]1C[C@@H]3O)C(C)C(=O)O,Camphoratin B,Lipids and lipid-like molecules,Terpenoids,Steroids,Ergostane steroids,Taiwanofungus camphoratus,10.1016/J.BMC.2010.10.032|10.1016/j.bmc.2010.10.032|10.1021/NP1002143|10.1021/np1002143,Taiwanofungus camphoratus,Terpenoids,6.87,7.89,4.48,5.83,5.29,5.29,5.53,5.24,5.19,5.61,6.86,7.89,472.6660000000002,5.159400000000005,3,4,2.0,8.92
CNP0411514.1,CC1(C)CC(=O)[C@]2(C)CC[C@]3(C)C(=CCC4[C@@](C)(CCC(=O)O)C(C(C)(O)CO)CC[C@]43C)[C@@H]2C1,"Seco-4,23-hydroxyoleane-12-en-22-one-3-carboxylic acid",Lipids and lipid-like molecules,Terpenoids,Triterpenoids,"Lanostane, Tirucallane and Euphane triterpenoids",Unknown-fungus imperfecti,10.7164/antibiotics.52.1124,Unknown-fungus imperfecti,Terpenoids,6.81,7.53,4.49,6.07,5.33,5.36,5.87,5.26,5.28,6.24,6.86,7.53,488.7090000000004,5.775100000000007,3,4,2.0,8.92
CNP0194993.1,COC1=CC(O)=C2C(=O)C3=C(C(=O)C2=C1)[C@@H](O)[C@](C)(O)[C@H](O)[C@H]3O,Altersolanol A,Benzenoids,Polyketides,Polycyclic aromatic polyketides,Anthraquinones and anthrones,Alternaria porri|Alternaria solani|Ampelomyces|Ampelomyces sp.|Ampelomyces species|Anthracophyllum archeri|Baileya pleniradiata|Bellida graminea|Centaurea ptosimopappoides|Chondrosia corticata|Cladosporium|Cladosporium sp.|Cladosporium sp. NRRL 29097|Corallina elongata|Dactylaria lutea|Dactylis lutea|Deutzia gracilis|Dichotomophthora lutea|Dioscorea antaly|Gadus brandtii|Limnatis nilotica|Neopetrosia proxima|Notholaena californica|Paraconiothyrium brasiliense|Peltophorum ferrugineum|Phomopsis juniperovora|Pleurostylia africana|Polyommatus icarus|Primula modesta|Pterocarpus gracilis|Salvia sahendica|Sarcomyxa serotina|Stemphylium|Stemphylium botryosum|Stemphylium botryosum var. lactucum|Stemphylium globuliferum|Stemphylium sp. 33231|Streptogonopus phipsoni|Udotea conglutinata|Vernonia filigera,10.1016/0021-9673(93)80481-M|10.1016/0031-9422(90)80068-R|10.1016/0031-9422(90)80110-3|10.1016/0031-9422(93)85401-C|10.1016/0031-9422(95)00861-6|10.1016/J.BMC.2013.04.024|10.1016/J.PHYTOCHEM.2008.02.013|10.1016/S0021-9673(00)88639-2|10.1016/S0021-9673(01)90674-0|10.1016/S0031-9422(00)84768-8|10.1016/j.bmc.2013.04.024|10.1016/j.phytochem.2008.02.013|10.1021/NP020097Y|10.1021/NP500340Y|10.1021/NP8004997|10.1021/np020097y|10.1021/np8004997|10.1080/00021369.1981.10864889|10.1139/V83-067|10.1139/V83-068|10.1515/ZNC-1988-11-1204,Alternaria porri|Alternaria solani|Ampelomyces|Ampelomyces sp.|Ampelomyces species|Anthracophyllum archeri|Baileya pleniradiata|Bellida graminea|Centaurea ptosimopappoides|Chondrosia corticata|Cladosporium|Cladosporium sp.|Cladosporium sp. NRRL 29097|Corallina elongata|Dactylaria lutea|Dactylis lutea|Deutzia gracilis|Dichotomophthora lutea|Dioscorea antaly|Gadus brandtii|Limnatis nilotica|Neopetrosia proxima|Notholaena californica|Paraconiothyrium brasiliense|Peltophorum ferrugineum|Phomopsis juniperovora|Pleurostylia africana|Polyommatus icarus|Primula modesta|Pterocarpus gracilis|Salvia sahendica|Sarcomyxa serotina|Stemphylium|Stemphylium botryosum|Stemphylium botryosum var. lactucum|Stemphylium globuliferum|Stemphylium sp. 33231|Streptogonopus phipsoni|Udotea conglutinata|Vernonia filigera,Polyketides,6.55,7.47,4.34,5.78,5.33,5.8,5.89,5.15,5.14,6.56,6.86,7.47,336.296,-1.0763,5,8,2.0,8.92
CNP0135642.1,CC(=O)O[C@H]1C(=O)[C@@H]2[C@H]3OCC4=C3[C@](C)(CC[C@]2(C)[C@H]1C(C)C)[C@@H](O)CC4=O,Guanacastepene F,Organic oxygen compounds,Terpenoids,Diterpenoids,Guanacastane diterpenoids,Unknown-fungus sp. cR115,10.1021/ja016176y,Unknown-fungus sp. cR115,Terpenoids,6.96,7.61,4.51,6.01,5.16,5.42,5.54,5.73,5.02,5.83,6.86,7.61,390.4760000000001,2.2247000000000003,1,6,2.0,8.92
CNP0335684.1,CC(=O)O[C@H]1C(=O)[C@@H]2[C@H]3OCC4=C3[C@@](C)(CCC4=O)CC[C@]2(C)[C@H]1C(C)C,Guanacastepene G,Organic oxygen compounds,Terpenoids,Diterpenoids,Guanacastane diterpenoids,Unknown-fungus sp. cR115,10.1021/ja016176y,Unknown-fungus sp. cR115,Terpenoids,6.97,7.63,4.45,5.98,5.01,5.44,5.6,5.75,5.08,5.82,6.86,7.63,374.47700000000015,3.2539000000000016,0,5,2.0,8.92
CNP0304089.1,C[C@]12C[C@@H](O)[C@H]3[C@@H](CC[C@]4(O)C[C@@H](OC(=O)CCCCCCCCCCCCCO)CC[C@]34CO)[C@@]1(O)CC[C@@H]2C1=COC(=O)C=C1,"[(3S,5S,8R,9S,10R,11R,13R,14S,17R)-5,11,14-trihydroxy-10-(hydroxymethyl)-13-methyl-17-(6-oxopyran-3-yl)-2,3,4,6,7,8,9,11,12,15,16,17-dodecahydro-1H-cyclopenta[a]phenanthren-3-yl] 14-hydroxytetradecanoate",Lipids and lipid-like molecules,Terpenoids,Steroids,Bufadienolides,Cane toad|bufo marinus,10.1021/NP980189G|10.1021/np980189g,Cane toad|bufo marinus,Terpenoids,6.77,7.73,5.62,6.09,5.38,5.55,5.56,5.2,5.47,5.77,6.86,7.73,660.8890000000005,5.524400000000009,5,9,2.0,8.92
CNP0109371.1,C=C(CC[C@@H](C)[C@H]1CC[C@H]2C3=C(C(=O)C[C@]12C)[C@@]1(C)CCC(=O)[C@@H](C)[C@@H]1C[C@@H]3O)C(C)C(=O)OC,Camphoratin F,Lipids and lipid-like molecules,Terpenoids,Steroids,Ergostane steroids,Taiwanofungus camphoratus,10.1016/J.BMC.2010.10.032|10.1016/j.bmc.2010.10.032|10.1021/NP1002143|10.1021/np1002143,Taiwanofungus camphoratus,Terpenoids,6.88,7.89,4.54,5.82,5.52,5.77,5.64,5.31,5.21,5.5,6.86,7.89,484.6770000000003,5.456000000000007,1,5,2.0,8.92
CNP0079558.1,C=C(OC)C(C)CCC[C@@H](C)[C@H]1CC[C@H]2C3=C(C(=O)C[C@]12C)[C@@]1(C)CCC(=O)[C@@H](C)C1CC3,"(4S,10S,13R,14R,17R)-17-[(2R)-7-methoxy-6-methyloct-7-en-2-yl]-4,10,13-trimethyl-2,4,5,6,7,12,14,15,16,17-decahydro-1H-cyclopenta[a]phenanthrene-3,11-dione",Lipids and lipid-like molecules,Terpenoids,Steroids,Cholestane steroids,Taiwanofungus camphoratus,10.1021/NP1002143|10.1021/np1002143,Taiwanofungus camphoratus,Terpenoids,6.88,7.58,4.47,6.11,5.42,5.77,5.38,5.42,5.49,5.43,6.86,7.58,454.6950000000004,7.306200000000009,0,3,2.0,8.92
CNP0161126.6,C=C(CC[C@@H](C)[C@H]1CC[C@H]2C3=C(C(=O)C[C@]12C)[C@@]1(C)CC[C@@H](O)[C@@H](C)[C@@H]1C[C@@H]3O)[C@@H](C)C(=O)O,,Lipids and lipid-like molecules,Terpenoids,Steroids,Ergostane steroids,Alcyonium grandis|Colubrina asiatica|Dipterocarpus pilosus|Echinus miliaris|Hilliardiella oligocephala|Lycoris x chejuensis|Manduca sexta|Moquiniastrum paniculatum|Mosla scabra|Orthosiphon wulfenioides|Podocarpus lawrencei|Taiwanofungus camphoratus,10.1016/J.BMC.2010.10.032,Alcyonium grandis|Colubrina asiatica|Dipterocarpus pilosus|Echinus miliaris|Hilliardiella oligocephala|Lycoris x chejuensis|Manduca sexta|Moquiniastrum paniculatum|Mosla scabra|Orthosiphon wulfenioides|Podocarpus lawrencei|Taiwanofungus camphoratus,Terpenoids,6.87,7.89,4.48,5.83,5.29,5.29,5.53,5.24,5.19,5.61,6.86,7.89,472.6660000000002,5.159400000000005,3,4,2.0,8.92
CNP0161126.4,C=C(CC[C@@H](C)[C@H]1CC[C@H]2C3=C(C(=O)C[C@]12C)[C@@]1(C)CC[C@H](O)[C@@H](C)[C@@H]1C[C@@H]3O)[C@@H](C)C(=O)O,"(2R,6R)-6-[(3S,4S,5S,7S,10S,13R,14R,17R)-3,7-dihydroxy-4,10,13-trimethyl-11-oxo-1,2,3,4,5,6,7,12,14,15,16,17-dodecahydrocyclopenta[a]phenanthren-17-yl]-2-methyl-3-methylideneheptanoic acid",Lipids and lipid-like molecules,Terpenoids,Steroids,Ergostane steroids,Antrodia camphorata|Taiwanofungus camphoratus,10.1021/NP400741S|10.1021/np400741s,Antrodia camphorata|Taiwanofungus camphoratus,Terpenoids,6.87,7.89,4.48,5.83,5.29,5.29,5.53,5.24,5.19,5.61,6.86,7.89,472.6660000000002,5.159400000000005,3,4,2.0,8.92
CNP0489699.1,O=C(O)/C=C/C1=CC(O)=C(O)C=C1OS(=O)(=O)O,,,Shikimates and Phenylpropanoids,Phenylpropanoids (C6-C3),Cinnamic acids and derivatives,Zostera marina,10.1016/0031-9422(93)80017-M,Zostera marina,Shikimates and Phenylpropanoids,6.15,6.95,4.38,5.87,5.02,6.32,6.55,5.2,5.26,7.07,6.86,7.07,276.222,0.3772000000000001,4,6,2.0,8.92
CNP0161126.2,C=C(CC[C@@H](C)[C@H]1CC[C@H]2C3=C(C(=O)C[C@]12C)[C@@]1(C)CC[C@@H](O)[C@@H](C)[C@@H]1C[C@H]3O)C(C)C(=O)O,,Lipids and lipid-like molecules,Terpenoids,Steroids,Ergostane steroids,Taiwanofungus camphoratus,10.1021/NP1002143|10.1021/np1002143,Taiwanofungus camphoratus,Terpenoids,6.87,7.89,4.48,5.83,5.29,5.29,5.53,5.24,5.19,5.61,6.86,7.89,472.6660000000002,5.159400000000005,3,4,2.0,8.92
CNP0109371.3,C=C(CC[C@@H](C)[C@H]1CC[C@@H]2C3=C(C(=O)C[C@@]21C)[C@@]1(C)CCC(=O)[C@@H](C)[C@H]1C[C@@H]3O)[C@H](C)C(=O)OC,,Lipids and lipid-like molecules,Terpenoids,Steroids,Ergostane steroids,Alcyonium grandis|Colubrina asiatica|Dipterocarpus pilosus|Echinus miliaris|Hilliardiella oligocephala|Lycoris x chejuensis|Manduca sexta|Moquiniastrum paniculatum|Mosla scabra|Orthosiphon wulfenioides|Podocarpus lawrencei|Taiwanofungus camphoratus,10.1016/J.BMC.2010.10.032,Alcyonium grandis|Colubrina asiatica|Dipterocarpus pilosus|Echinus miliaris|Hilliardiella oligocephala|Lycoris x chejuensis|Manduca sexta|Moquiniastrum paniculatum|Mosla scabra|Orthosiphon wulfenioides|Podocarpus lawrencei|Taiwanofungus camphoratus,Terpenoids,6.88,7.89,4.54,5.82,5.52,5.77,5.64,5.31,5.21,5.5,6.86,7.89,484.6770000000003,5.456000000000007,1,5,2.0,8.92
CNP0393826.1,O=C1C=C([C@@H]2CC(=O)[C@H](O)C3=CC=CC(O)=C32)C(=O)C2=C(O)C=CC=C12,"8,1',5'-trihydroxy-3',4'dihydro-1'H-[2,4'] binaphthalenyl-1,4,2'-trione",Benzenoids,Polyketides,Naphthalenes,Bisnaphthalenes,Islaya minor|Larix laricina|Unknown-fungus sp.,10.1139/V97-086|10.1139/v97-086,Islaya minor|Larix laricina|Unknown-fungus sp.,Polyketides,6.17,7.66,5.71,5.83,5.48,5.26,5.87,5.35,5.09,6.76,6.86,7.66,350.3260000000001,2.1932,3,6,2.0,8.92
CNP0528095.1,NC1=NC2=C(NC(=O)N2[C@H]2C[C@H](O)[C@@H](CO)O2)C(=O)N1,88847-89-6,"Nucleosides, nucleotides, and analogues",Carbohydrates,Nucleosides,Purine nucleos(t)ides,Tamarindus indica,,Tamarindus indica,Carbohydrates,6.36,7.71,4.62,5.61,5.52,5.94,6.5,5.35,5.04,6.06,6.86,7.71,283.24399999999997,-2.3642,5,7,2.0,8.92
CNP0071823.2,CCCCC(O)CC/C=C/C=C/C1=CC=CC(O)=C1C=O,,,Polyketides,Aromatic polyketides,Simple aromatic polyketides,Zopfiella marina,10.1039/c9np00069k,Zopfiella marina,Polyketides,6.14,7.22,5.62,6.34,5.15,5.62,5.68,5.49,5.47,7.02,6.86,7.22,288.38700000000006,4.105400000000004,2,3,2.0,8.92
CNP0161126.3,C=C(CC[C@@H](C)[C@H]1CC[C@H]2C3=C(C(=O)C[C@]12C)[C@@]1(C)CC[C@@H](O)[C@@H](C)[C@@H]1C[C@H]3O)[C@@H](C)C(=O)O,,Lipids and lipid-like molecules,Terpenoids,Steroids,Ergostane steroids,Alcyonium grandis|Colubrina asiatica|Dipterocarpus pilosus|Echinus miliaris|Hilliardiella oligocephala|Lycoris x chejuensis|Manduca sexta|Moquiniastrum paniculatum|Mosla scabra|Orthosiphon wulfenioides|Podocarpus lawrencei|Taiwanofungus camphoratus,10.1021/NP1002143,Alcyonium grandis|Colubrina asiatica|Dipterocarpus pilosus|Echinus miliaris|Hilliardiella oligocephala|Lycoris x chejuensis|Manduca sexta|Moquiniastrum paniculatum|Mosla scabra|Orthosiphon wulfenioides|Podocarpus lawrencei|Taiwanofungus camphoratus,Terpenoids,6.87,7.89,4.48,5.83,5.29,5.29,5.53,5.24,5.19,5.61,6.86,7.89,472.6660000000002,5.159400000000005,3,4,2.0,8.92
CNP0072938.1,C/C1=C/[C@H]2C=C(CO)[C@@H](C)[C@H]3[C@H](CC(C)C)NC(=O)[C@]32C(=O)CCC(=O)[C@H](O)CC1,,Alkaloids and derivatives,Alkaloids,Pseudoalkaloids,Cytochalasan alkaloids,Unknown-fungus sp.,10.1021/acs.jnatprod.8b00110,Unknown-fungus sp.,Alkaloids,6.8,7.51,4.37,6.26,5.29,5.12,5.6,5.23,5.15,5.87,6.86,7.51,417.54600000000033,2.3374999999999995,3,5,2.0,8.92
CNP0297829.1,CC[C@H](C)[C@H]1OC(=O)[C@H](C(C)C)N(C)C(=O)[C@@H]([C@@H](C)CC)OC(=O)[C@H](C(C)C)N(C)C(=O)[C@@H]([C@](C)(O)CC)OC(=O)[C@H](C(C)C)N(C)C1=O,Enniatin N,Organic acids and derivatives,Amino acids and Peptides,Oligopeptides,Cyclic peptides,Unknown-bacterium fungus (BCC 2629),10.1002/hlca.200490185,Unknown-bacterium fungus (BCC 2629),Amino acids and Peptides,6.75,7.59,4.52,6.23,5.28,5.01,5.51,5.18,5.2,5.93,6.86,7.59,697.9110000000002,3.437600000000004,1,10,2.0,8.92
CNP0285362.1,COC1=CC(O)=C2C(=O)C3=C(C(C)=CO3)[C@H](C)C2=C1C,,Lipids and lipid-like molecules,Terpenoids,,,Senecio linifolius|Senecio mitophyllus|Senecio rosmarinifolius,10.1016/0031-9422(89)80286-9,Senecio linifolius|Senecio mitophyllus|Senecio rosmarinifolius,Terpenoids,6.4,7.56,4.33,5.82,5.28,6.07,5.78,5.48,5.04,6.63,6.86,7.56,272.3,3.306840000000002,1,4,2.0,8.92
CNP0161126.5,C=C(CC[C@@H](C)[C@H]1CC[C@H]2C3=C(C(=O)C[C@]12C)[C@@]1(C)CC[C@H](O)[C@@H](C)[C@@H]1C[C@@H]3O)[C@H](C)C(=O)O,"(2S,6R)-6-[(3S,4S,5S,7S,10S,13R,14R,17R)-3,7-dihydroxy-4,10,13-trimethyl-11-oxo-1,2,3,4,5,6,7,12,14,15,16,17-dodecahydrocyclopenta[a]phenanthren-17-yl]-2-methyl-3-methylideneheptanoic acid",Lipids and lipid-like molecules,Terpenoids,Steroids,Ergostane steroids,Antrodia camphorata|Taiwanofungus camphoratus,10.1021/NP400741S|10.1021/np400741s,Antrodia camphorata|Taiwanofungus camphoratus,Terpenoids,6.87,7.89,4.48,5.83,5.29,5.29,5.53,5.24,5.19,5.61,6.86,7.89,472.6660000000002,5.159400000000005,3,4,2.0,8.92
CNP0305252.1,C[C@]12C[C@@H](O)[C@H]3[C@@H](CC[C@]4(O)C[C@@H](OC(=O)CCCCC/C=C\CCCCCCO)CC[C@]34CO)[C@@]1(O)CC[C@@H]2C1=COC(=O)C=C1,"[(3S,5S,8R,9S,10R,11R,13R,14S,17R)-5,11,14-trihydroxy-10-(hydroxymethyl)-13-methyl-17-(6-oxopyran-3-yl)-2,3,4,6,7,8,9,11,12,15,16,17-dodecahydro-1H-cyclopenta[a]phenanthren-3-yl] (Z)-14-hydroxytetradec-7-enoate",Lipids and lipid-like molecules,Terpenoids,Steroids,Bufadienolides,bufo marinus,10.1021/np980189g,bufo marinus,Terpenoids,6.77,7.73,5.7,6.08,5.5,5.54,5.38,5.4,5.48,5.63,6.86,7.73,658.8730000000004,5.300400000000009,5,9,2.0,8.92
CNP0161233.1,CC(C)=C1CC[C@@H](C)[C@]2(C[C@@H](C3=COC=C3)OC2=O)[C@H]1CCC(=O)O,"3-[(3S,5R,6S,10R)-3-(furan-3-yl)-10-methyl-1-oxo-7-propan-2-ylidene-2-oxaspiro[4.5]decan-6-yl]propanoic acid",Lipids and lipid-like molecules,Terpenoids,Diterpenoids,Halimane diterpenoids,Chiliotrichium rosmarinifolium|Nardophyllum lanatum,,Chiliotrichium rosmarinifolium|Nardophyllum lanatum,Terpenoids,6.84,7.63,5.59,5.68,5.4,4.97,5.86,5.31,5.11,6.12,6.86,7.63,346.4230000000001,4.501300000000003,1,4,2.0,8.92
CNP0295777.2,CC12CC[C@]3(CC1Cl)C(C)(C)CC(=O)C[C@@]3(C)O2,"(1S,6R)-9-chloro-2,2,6,8-tetramethyl-7-oxatricyclo[6.2.2.01,6]dodecan-4-one",Lipids and lipid-like molecules,Terpenoids,Sesquiterpenoids,Chamigrane sesquiterpenoids,Unknown-fungus sp.,10.1016/s0031-9422(00)82349-3,Unknown-fungus sp.,Terpenoids,6.54,7.34,4.35,5.72,5.35,5.23,5.23,5.26,5.17,6.7,6.86,7.34,270.79999999999995,3.7008000000000028,0,2,2.0,8.92
CNP0074028.0,CC1=CC(O)=CC2=C1C(O)=C1C(O)=C3C(O)=CC(=O)C=C3C=C1O2,SMA-76a,Organoheterocyclic compounds,Polyketides,Naphthalenes,Methyl xanthones,Unknown-fungus sp.,10.1074/jbc.m110.128504,Unknown-fungus sp.,Polyketides,6.41,7.58,4.43,5.78,5.27,5.76,5.91,5.22,5.01,6.59,6.86,7.58,324.28800000000007,3.230220000000001,4,6,2.0,8.92
CNP0492631.0,COC1=CC2=C(C=C1O)C(=O)C1=C(OC=C1)C2=O,"6-hydroxy-7-methoxy-benzo[f]benzofuran-4,9-dione",Organoheterocyclic compounds,Polyketides,Naphthalenes,Naphthoquinones,Avicennia marina,10.1021/np060587g,Avicennia marina,Polyketides,6.37,7.56,5.45,5.9,5.28,6.13,5.92,5.14,5.05,6.66,6.86,7.56,244.20199999999997,1.7691999999999999,1,5,2.0,8.92
CNP0332250.2,CC(=O)O[C@H]1C(=O)[C@@H]2[C@H]3OCC4=C3[C@@](C)(CC[C@@H]4O)CC[C@]2(C)[C@H]1C(C)C,Guanacastepene E,Organic oxygen compounds,Terpenoids,Diterpenoids,Guanacastane diterpenoids,Coprinus plicatilis|Parasola plicatilis|Unknown-fungus sp. cR115|coprinus plicatilis,10.1016/J.BMCL.2012.06.006|10.1016/j.bmcl.2012.06.006|10.1021/ja016176y,Coprinus plicatilis|Parasola plicatilis|Unknown-fungus sp. cR115|coprinus plicatilis,Terpenoids,6.97,7.58,4.46,6.03,4.93,5.37,5.48,5.64,5.05,5.81,6.86,7.58,376.4930000000001,3.045700000000002,1,5,2.0,8.92
CNP0285362.2,COC1=CC(O)=C2C(=O)C3=C(C(C)=CO3)[C@@H](C)C2=C1C,,,Terpenoids,,,Senecio linifolius|Senecio mitophyllus|Senecio odontophyllus|Senecio rosmarinifolius,10.1016/0031-9422(89)80286-9,Senecio linifolius|Senecio mitophyllus|Senecio odontophyllus|Senecio rosmarinifolius,Terpenoids,6.4,7.56,4.33,5.82,5.28,6.07,5.78,5.48,5.04,6.63,6.86,7.56,272.3,3.306840000000002,1,4,2.0,8.92
CNP0072938.2,C/C1=C/[C@H]2C=C(CO)[C@@H](C)[C@H]3[C@H](CC(C)C)NC(=O)[C@]32C(=O)CCC(=O)[C@@H](O)CC1,,Alkaloids and derivatives,Alkaloids,Pseudoalkaloids,Cytochalasan alkaloids,Unknown-fungus sp.,10.1021/acs.jnatprod.8b00110,Unknown-fungus sp.,Alkaloids,6.8,7.51,4.37,6.26,5.29,5.12,5.6,5.23,5.15,5.87,6.86,7.51,417.54600000000033,2.3374999999999995,3,5,2.0,8.92
CNP0495318.4,C=C(CC[C@@H](C)[C@H]1CC[C@H]2C3=C(C(=O)C[C@]12C)[C@@]1(C)CC[C@@H](O)[C@H](O)[C@@H]1C[C@@H]3O)[C@H](C)C(=O)O,Antcamphorol E,Lipids and lipid-like molecules,Terpenoids,Steroids,Ergostane steroids,Antrodia camphorata|Taiwanofungus camphoratus,10.1021/ACS.JNATPROD.9B00580|10.1021/acs.jnatprod.9b00580,Antrodia camphorata|Taiwanofungus camphoratus,Terpenoids,6.87,7.89,4.49,5.82,5.2,5.28,5.55,5.33,5.2,5.63,6.86,7.89,474.6380000000002,3.8842000000000017,4,5,2.0,8.92
CNP0495318.3,C=C(CC[C@@H](C)[C@H]1CC[C@H]2C3=C(C(=O)C[C@]12C)[C@@]1(C)CC[C@@H](O)[C@H](O)[C@@H]1C[C@@H]3O)[C@@H](C)C(=O)O,Antcamphorol D,Lipids and lipid-like molecules,Terpenoids,Steroids,Ergostane steroids,Antrodia camphorata|Taiwanofungus camphoratus,10.1021/ACS.JNATPROD.9B00580|10.1021/acs.jnatprod.9b00580,Antrodia camphorata|Taiwanofungus camphoratus,Terpenoids,6.87,7.89,4.49,5.82,5.2,5.28,5.55,5.33,5.2,5.63,6.86,7.89,474.6380000000002,3.8842000000000017,4,5,2.0,8.92
CNP0243334.1,C[C@]12C[C@@H](O)[C@H]3[C@@H](CC[C@]4(O)C[C@@H](OC(=O)CCCCCCCCCCCO)CC[C@]34CO)[C@@]1(O)CC[C@@H]2C1=COC(=O)C=C1,"[(3S,5S,8R,9S,10R,11R,13R,14S,17R)-5,11,14-trihydroxy-10-(hydroxymethyl)-13-methyl-17-(6-oxopyran-3-yl)-2,3,4,6,7,8,9,11,12,15,16,17-dodecahydro-1H-cyclopenta[a]phenanthren-3-yl] 12-hydroxydodecanoate",Lipids and lipid-like molecules,Terpenoids,Steroids,Bufadienolides,Cane toad|bufo marinus,10.1021/NP980189G|10.1021/np980189g,Cane toad|bufo marinus,Terpenoids,6.77,7.73,5.62,6.09,5.38,5.55,5.56,5.2,5.47,5.77,6.86,7.73,632.8350000000005,4.7442000000000055,5,9,2.0,8.92
CNP0135512.1,COC1=CC2=C(C(O)=C1O)[C@@]1(C)OC3=C(O)C(OC)=CC(CO)=C3[C@](C)(O1)C2=O,"(1S,9S)-6,11,12-Trihydroxy-3-(hydroxymethyl)-5,13-dimethoxy-1,9-dimethyl-8,17-dioxatetracyclo[7.7.1.02,7.010,15]heptadeca-2(7),3,5,10,12,14-hexaen-16-one",Organoheterocyclic compounds,Polyketides,,,Unknown-fungus sp.,10.1016/s0040-4039(02)00265-4,Unknown-fungus sp.,Polyketides,6.47,7.62,4.42,6.06,5.28,6.01,5.89,5.59,5.13,6.5,6.86,7.62,404.3710000000002,2.0062999999999995,4,9,2.0,8.92
CNP0288417.5,CC1=CC(=O)C[C@H](C)[C@@]12CC[C@@H]([C@](C)(O)CO)C2,12-hydroxy-2-oxo-11-epi-hinesol,,Terpenoids,Sesquiterpenoids,Spirovetivane sesquiterpenoids,Calothrix (illegit. fungus),10.1021/ACS.JNATPROD.1C01014,Calothrix (illegit. fungus),Terpenoids,6.92,7.51,4.37,6.15,5.2,5.48,5.21,5.18,4.85,5.76,6.86,7.51,252.35399999999996,2.0713999999999997,2,3,2.0,8.92
