record_id,target,historical_smiles,historical_pIC50,historical_n_rep,reviewed_smiles,activity_id,assay_chembl_id,document_chembl_id,source_url,endpoint,direction,standard_relation,standard_units,reviewed_value,review_status,reviewer,reviewed_at
THRB-00001,THRB,C#CC(=O)Nc1ccc(CCCCCC)cc1,4.454692883534176,1,,,,,,,,,,,pending_review,,
THRB-00002,THRB,C#CC(=O)Oc1ccc(CCCCCC)cc1,5.207608310501746,1,,,,,,,,,,,pending_review,,
THRB-00003,THRB,C/C=C/C(=O)c1ccc(CCCCCCC)cc1,5.119186407719209,1,,,,,,,,,,,pending_review,,
THRB-00004,THRB,C=C(C)C(=O)c1ccc(CCCCCCC)cc1,4.634512015109101,1,,,,,,,,,,,pending_review,,
THRB-00005,THRB,C=CC(=O)Nc1ccc(CCCCCC)cc1,4.692503962086787,1,,,,,,,,,,,pending_review,,
THRB-00006,THRB,C=CC(=O)Oc1ccc(CCC)cc1,4.214670164989233,1,,,,,,,,,,,pending_review,,
THRB-00007,THRB,C=CC(=O)Oc1ccc(CCCCC)cc1,4.253365801062421,1,,,,,,,,,,,pending_review,,
THRB-00008,THRB,C=CC(=O)Oc1ccccc1CCCCCC,5.086186147616283,1,,,,,,,,,,,pending_review,,
THRB-00009,THRB,C=CC(=O)[C@H]1CC[C@H](CC(C)(C)C)CC1,4.1605219526258015,1,,,,,,,,,,,pending_review,,
THRB-00010,THRB,C=CC(=O)c1ccc(CC(C)(C)C)cc1,4.361510743045363,1,,,,,,,,,,,pending_review,,
THRB-00011,THRB,C=CC(=O)c1ccc(CCC)cc1,4.0,1,,,,,,,,,,,pending_review,,
THRB-00012,THRB,C=CC(=O)c1ccc(CCCC)cc1,4.180456064458132,1,,,,,,,,,,,pending_review,,
THRB-00013,THRB,C=CC(=O)c1ccc(CCCCC)cc1,4.4698003017969175,1,,,,,,,,,,,pending_review,,
THRB-00014,THRB,C=CC(=O)c1ccc(CCCCCC)cc1,5.277197898363202,2,,,,,,,,,,,pending_review,,
THRB-00015,THRB,C=CC(=O)c1ccc(CCCCCCC)cc1,4.978810700930062,1,,,,,,,,,,,pending_review,,
THRB-00016,THRB,C=CC(=O)c1ccc(CCCCCCCC)cc1,4.943095148663527,1,,,,,,,,,,,pending_review,,
THRB-00017,THRB,C=CC(=O)c1ccc(NC(=O)CCC)cc1,4.066006836168758,1,,,,,,,,,,,pending_review,,
THRB-00018,THRB,CC(C)C(=O)Nc1ccc(Oc2c(Cl)cc(CC(=O)O)cc2Cl)cc1Br,7.741528239642181,3,,,,,,,,,,,pending_review,,
THRB-00019,THRB,CC(C)CCOc1c(Br)cc(CC(=O)O)cc1Br,5.408242634910973,3,,,,,,,,,,,pending_review,,
THRB-00020,THRB,CC(C)CCOc1c(Br)cc(CCC(=O)O)cc1Br,5.741575968244306,3,,,,,,,,,,,pending_review,,
THRB-00021,THRB,CC(C)c1cc(Cn2ccc3c(NC(=O)C(=O)O)cccc32)ccc1O,6.769551078621726,1,,,,,,,,,,,pending_review,,
THRB-00022,THRB,CC(C)c1cc(Oc2c(Br)cc(C(=O)O)cc2Br)cc(C(C)C)c1O,5.867176275319816,4,,,,,,,,,,,pending_review,,
THRB-00023,THRB,CC(C)c1cc(Oc2c(Br)cc(C(=O)O)cc2Br)ccc1O,8.679301275101821,3,,,,,,,,,,,pending_review,,
THRB-00024,THRB,CC(C)c1cc(Oc2c(Br)cc(CC(=O)NCC(=O)O)cc2Br)ccc1O,8.568636235841012,1,,,,,,,,,,,pending_review,,
THRB-00025,THRB,CC(C)c1cc(Oc2c(Br)cc(CC(=O)N[C@@H](C(=O)O)C(C)C)cc2Br)ccc1O,9.148741651280925,1,,,,,,,,,,,pending_review,,
THRB-00026,THRB,CC(C)c1cc(Oc2c(Br)cc(CC(=O)N[C@@H](C(=O)O)c3ccccc3)cc2Br)ccc1O,9.221848749616356,1,,,,,,,,,,,pending_review,,
THRB-00027,THRB,CC(C)c1cc(Oc2c(Br)cc(CC(=O)N[C@@H](C)C(=O)O)cc2Br)ccc1O,8.886056647693163,1,,,,,,,,,,,pending_review,,
THRB-00028,THRB,CC(C)c1cc(Oc2c(Br)cc(CC(=O)N[C@@H](CC(=O)O)C(=O)O)cc2Br)ccc1O,6.537602002101044,1,,,,,,,,,,,pending_review,,
THRB-00029,THRB,CC(C)c1cc(Oc2c(Br)cc(CC(=O)N[C@H](C(=O)O)C(C)C)cc2Br)cc(Cl)c1O,5.853871964321762,1,,,,,,,,,,,pending_review,,
THRB-00030,THRB,CC(C)c1cc(Oc2c(Br)cc(CC(=O)N[C@H](C(=O)O)C(C)C)cc2Br)cc(F)c1O,7.920818753952375,1,,,,,,,,,,,pending_review,,
THRB-00031,THRB,CC(C)c1cc(Oc2c(Br)cc(CC(=O)N[C@H](C(=O)O)C(C)C)cc2Br)ccc1O,9.568636235841012,1,,,,,,,,,,,pending_review,,
THRB-00032,THRB,CC(C)c1cc(Oc2c(Br)cc(CC(=O)N[C@H](C(=O)O)c3ccccc3)cc2Br)ccc1O,9.10790539730952,1,,,,,,,,,,,pending_review,,
THRB-00033,THRB,CC(C)c1cc(Oc2c(Br)cc(CC(=O)N[C@H](C)C(=O)O)cc2Br)ccc1O,8.229147988357855,1,,,,,,,,,,,pending_review,,
THRB-00034,THRB,CC(C)c1cc(Oc2c(Br)cc(CC(=O)N[C@H](CC(=O)O)C(=O)O)cc2Br)ccc1O,7.585026652029182,1,,,,,,,,,,,pending_review,,
THRB-00035,THRB,CC(C)c1cc(Oc2c(Br)cc(CC(=O)O)cc2Br)ccc1O,10.021136511563704,4,,,,,,,,,,,pending_review,,
THRB-00036,THRB,CC(C)c1cc(Oc2c(Br)cc(CCC(=O)O)cc2Br)cc(/C=C/c2ccncc2)c1O,7.657577319177793,1,,,,,,,,,,,pending_review,,
THRB-00037,THRB,CC(C)c1cc(Oc2c(Br)cc(CCC(=O)O)cc2Br)ccc1O,10.600673573732548,3,,,,,,,,,,,pending_review,,
THRB-00038,THRB,CC(C)c1cc(Oc2c(Br)cc3[nH]c(C(=O)O)cc3c2Br)ccc1O,9.551450489942221,2,,,,,,,,,,,pending_review,,
THRB-00039,THRB,CC(C)c1cc(Oc2c(Br)cc3c(c2Br)CC(C(=O)O)C3)ccc1O,8.070581074285707,1,,,,,,,,,,,pending_review,,
THRB-00040,THRB,CC(C)c1cc(Oc2c(Br)cc3c(c2Br)CC(C(=O)O)N3)ccc1O,8.070019409484486,1,,,,,,,,,,,pending_review,,
THRB-00041,THRB,CC(C)c1cc(Oc2c(Br)cc3nc(C(=O)O)cc(O)c3c2Br)ccc1O,7.291198562418154,2,,,,,,,,,,,pending_review,,
THRB-00042,THRB,CC(C)c1cc(Oc2c(Cl)cc(C(=O)O)cc2Cl)ccc1O,7.679301275101821,3,,,,,,,,,,,pending_review,,
THRB-00043,THRB,CC(C)c1cc(Oc2c(Cl)cc(CC(=O)O)cc2Cl)ccc1O,8.959240167245724,5,,,,,,,,,,,pending_review,,
THRB-00044,THRB,CC(C)c1cc(Oc2c(Cl)cc(CCC(=O)O)cc2Cl)ccc1O,9.821218996872071,3,,,,,,,,,,,pending_review,,
THRB-00045,THRB,CC(C)c1cc(Oc2c(Cl)cc3[nH]c(C(=O)O)cc(=O)c3c2Cl)ccc1O,6.940177436108664,2,,,,,,,,,,,pending_review,,
THRB-00046,THRB,CC(C)c1cc(Oc2c(Cl)cc3[nH]c(C(=O)O)cc3c2Cl)ccc1O,10.22090981113951,2,,,,,,,,,,,pending_review,,
THRB-00047,THRB,CC(C)c1cc(Oc2c(I)cc(CC(N)C(=O)O)cc2I)ccc1O,9.96018944585165,1,,,,,,,,,,,pending_review,,
THRB-00048,THRB,CC(C)c1cc(Oc2c(I)cc(C[C@@H](N)C(=O)O)cc2I)ccc1O,9.959398380346713,2,,,,,,,,,,,pending_review,,
THRB-00049,THRB,CC(C)c1cccc(-c2cc(Oc3c(Cl)cc(CC(=O)O)cc3Cl)ccc2O)c1,8.400007822415901,2,,,,,,,,,,,pending_review,,
THRB-00050,THRB,CC(C)c1cccc(-c2nn3c(c2-c2ccnc4ccccc24)CCC3)n1,5.886056647693163,1,,,,,,,,,,,pending_review,,
THRB-00051,THRB,CC1(C)C2CCC(NC(=O)c3cc(Oc4c(Cl)cc(-n5ncc(=O)[nH]c5=O)cc4Cl)ccc3O)C1C2,9.8649495275199,2,,,,,,,,,,,pending_review,,
THRB-00052,THRB,CC1(C)C2CCC1(C)[C@H](NC(=O)c1cc(Oc3c(Cl)cc(-n4ncc(=O)[nH]c4=O)cc3Cl)ccc1O)C2,8.99012436628784,1,,,,,,,,,,,pending_review,,
THRB-00053,THRB,CC1CCN(C(=O)CNC(=O)c2ccc(S(C)(=O)=O)c([N+](=O)[O-])c2)CC1,4.42021640338319,1,,,,,,,,,,,pending_review,,
THRB-00054,THRB,CCC(=O)Nc1ccc(Oc2c(Cl)cc(CC(=O)O)cc2Cl)cc1Br,6.85129835044627,3,,,,,,,,,,,pending_review,,
THRB-00055,THRB,CCC(C)C(=O)Nc1ccc(Oc2c(Cl)cc(CC(=O)O)cc2Cl)cc1Br,8.368255346653502,2,,,,,,,,,,,pending_review,,
THRB-00056,THRB,CCC(CC)C(=O)Nc1ccc(Oc2c(Cl)cc(CC(=O)O)cc2Cl)cc1Br,7.798607161412178,3,,,,,,,,,,,pending_review,,
THRB-00057,THRB,CCC(CC)COc1c(Br)cc(CC(=O)O)cc1Br,6.112952510671715,4,,,,,,,,,,,pending_review,,
THRB-00058,THRB,CCC(CC)COc1c(Br)cc(CCC(=O)O)cc1Br,6.090505177564462,3,,,,,,,,,,,pending_review,,
THRB-00059,THRB,CCC1CC(O)C(C)CN1C(=O)c1cc(OC)c2oc(NCc3cccc(Cl)c3)nc2c1,7.886056647693163,1,,,,,,,,,,,pending_review,,
THRB-00060,THRB,CCCC(=O)Nc1cccc2c1CCCC2,4.156144577376839,1,,,,,,,,,,,pending_review,,
THRB-00061,THRB,CCCC(C)C(=O)Nc1ccc(Oc2c(Cl)cc(CC(=O)O)cc2Cl)cc1Br,7.329322467415757,3,,,,,,,,,,,pending_review,,
THRB-00062,THRB,CCCC(CCC)C(=O)Nc1ccc(Oc2c(Cl)cc(CC(=O)O)cc2Cl)cc1Br,7.34891852709366,3,,,,,,,,,,,pending_review,,
THRB-00063,THRB,CCCCCC(=O)Nc1ccc(C(=O)CCN(C)C)cc1,4.906578314837765,1,,,,,,,,,,,pending_review,,
THRB-00064,THRB,CCCCCCCc1ccc(C(=O)CCN(C)C)cc1,5.017728766960431,1,,,,,,,,,,,pending_review,,
THRB-00065,THRB,CCCCCCNC(=O)c1ccc(C(=O)CCN(C)C)cc1,5.09151498112135,1,,,,,,,,,,,pending_review,,
THRB-00066,THRB,CCCCCCOc1c(Br)cc(CC(=O)O)cc1Br,5.890204867598513,4,,,,,,,,,,,pending_review,,
THRB-00067,THRB,CCCCCCOc1c(Br)cc(CCC(=O)O)cc1Br,6.330923211421495,4,,,,,,,,,,,pending_review,,
THRB-00068,THRB,CCCCCCOc1c(C)cc(C(=O)CCN(C)C)cc1C,5.301029995663981,1,,,,,,,,,,,pending_review,,
THRB-00069,THRB,CCCCCCOc1cc(C(C)C)c(C(=O)CCN(C)C)cc1C,5.747146969020107,1,,,,,,,,,,,pending_review,,
THRB-00070,THRB,CCCCCCOc1cc(C)c(C(=O)CCN(C)C)c(C)c1,6.154901959985743,1,,,,,,,,,,,pending_review,,
THRB-00071,THRB,CCCCCCOc1cc(C)c(C(=O)CCN2CC2C)c(C)c1,5.187086643357144,1,,,,,,,,,,,pending_review,,
THRB-00072,THRB,CCCCCCOc1cc(C)c(C(=O)CCN2CCN(C(C)=O)CC2)c(C)c1,5.721246399047171,1,,,,,,,,,,,pending_review,,
THRB-00073,THRB,CCCCCCOc1cc(C)c(C(=O)CCN2CCN(S(=O)(=O)CC)CC2)c(C)c1,5.3979400086720375,1,,,,,,,,,,,pending_review,,
THRB-00074,THRB,CCCCCCOc1cc(C)c(C(=O)CCN2CCNC(=O)C2)c(C)c1,4.723538195826756,1,,,,,,,,,,,pending_review,,
THRB-00075,THRB,CCCCCCOc1cc(C)c(C(=O)CCN2CCOCC2)c(C)c1,5.698970004336019,1,,,,,,,,,,,pending_review,,
THRB-00076,THRB,CCCCCCOc1cc(Cl)c(C(=O)CCN(C)C)c(Cl)c1,6.161150909262744,1,,,,,,,,,,,pending_review,,
THRB-00077,THRB,CCCCCCOc1cc(Cl)c(C(=O)CCN(C)C)cc1Cl,6.221848749616356,1,,,,,,,,,,,pending_review,,
THRB-00078,THRB,CCCCCCOc1cc(Cl)c(C(=O)CCN2CC2C)c(Cl)c1,5.327902142064282,1,,,,,,,,,,,pending_review,,
THRB-00079,THRB,CCCCCCOc1cc(Cl)c(C(=O)CCN2CC2C)cc1Cl,5.301029995663981,1,,,,,,,,,,,pending_review,,
THRB-00080,THRB,CCCCCCOc1cc(Cl)c(C(=O)CCN2CCN(C(C)=O)CC2)c(Cl)c1,6.221848749616356,1,,,,,,,,,,,pending_review,,
THRB-00081,THRB,CCCCCCOc1cc(Cl)c(C(=O)CCN2CCN(C(C)=O)CC2)cc1Cl,6.096910013008056,1,,,,,,,,,,,pending_review,,
THRB-00082,THRB,CCCCCCOc1cc(Cl)c(C(=O)CCN2CCN(S(=O)(=O)CC)CC2)c(Cl)c1,6.096910013008056,1,,,,,,,,,,,pending_review,,
THRB-00083,THRB,CCCCCCOc1cc(Cl)c(C(=O)CCN2CCN(S(=O)(=O)CC)CC2)cc1Cl,5.769551078621726,1,,,,,,,,,,,pending_review,,
THRB-00084,THRB,CCCCCCOc1cc(Cl)c(C(=O)CCN2CCNC(=O)C2)c(Cl)c1,5.823908740944319,1,,,,,,,,,,,pending_review,,
THRB-00085,THRB,CCCCCCOc1cc(Cl)c(C(=O)CCN2CCNC(=O)C2)cc1Cl,5.698970004336019,1,,,,,,,,,,,pending_review,,
THRB-00086,THRB,CCCCCCOc1cc(Cl)c(C(=O)CCN2CCOCC2)c(Cl)c1,6.096910013008056,1,,,,,,,,,,,pending_review,,
THRB-00087,THRB,CCCCCCOc1cc(Cl)c(C(=O)CCN2CCOCC2)cc1Cl,5.853871964321762,1,,,,,,,,,,,pending_review,,
THRB-00088,THRB,CCCCCCOc1ccc(C(=O)CCN(C)C)c(Br)c1,5.853871964321762,1,,,,,,,,,,,pending_review,,
THRB-00089,THRB,CCCCCCOc1ccc(C(=O)CCN(C)C)c(C(F)(F)F)c1,5.721246399047171,1,,,,,,,,,,,pending_review,,
THRB-00090,THRB,CCCCCCOc1ccc(C(=O)CCN(C)C)c(C)c1,5.275724130399211,1,,,,,,,,,,,pending_review,,
THRB-00091,THRB,CCCCCCOc1ccc(C(=O)CCN(C)C)c(Cl)c1,5.7447274948966935,1,,,,,,,,,,,pending_review,,
THRB-00092,THRB,CCCCCCOc1ccc(C(=O)CCN(C)C)c(Cl)c1Cl,5.958607314841775,1,,,,,,,,,,,pending_review,,
THRB-00093,THRB,CCCCCCOc1ccc(C(=O)CCN(C)C)c(I)c1,5.6777807052660805,1,,,,,,,,,,,pending_review,,
THRB-00094,THRB,CCCCCCOc1ccc(C(=O)CCN(C)C)c(OC)c1,4.5968794788241825,1,,,,,,,,,,,pending_review,,
THRB-00095,THRB,CCCCCCOc1ccc(C(=O)CCN(C)C)c(S(C)(=O)=O)c1,5.619788758288394,1,,,,,,,,,,,pending_review,,
THRB-00096,THRB,CCCCCCOc1ccc(C(=O)CCN(C)C)c(SC)c1,4.982966660701219,1,,,,,,,,,,,pending_review,,
THRB-00097,THRB,CCCCCCOc1ccc(C(=O)CCN(C)C)c2ccccc12,5.3979400086720375,1,,,,,,,,,,,pending_review,,
THRB-00098,THRB,CCCCCCOc1ccc(C(=O)CCN(C)C)cc1,4.782516055786093,1,,,,,,,,,,,pending_review,,
THRB-00099,THRB,CCCCCCOc1ccc(C(=O)CCN(C)C)cc1-c1ccccc1,4.85078088734462,1,,,,,,,,,,,pending_review,,
THRB-00100,THRB,CCCCCCOc1ccc(C(=O)CCN(C)C)cc1Br,5.585026652029182,1,,,,,,,,,,,pending_review,,
THRB-00101,THRB,CCCCCCOc1ccc(C(=O)CCN(C)C)cc1C,4.995678626217358,1,,,,,,,,,,,pending_review,,
THRB-00102,THRB,CCCCCCOc1ccc(C(=O)CCN(C)C)cc1C(C)(C)C,5.301029995663981,1,,,,,,,,,,,pending_review,,
THRB-00103,THRB,CCCCCCOc1ccc(C(=O)CCN(C)C)cc1C(F)(F)F,5.568636235841012,1,,,,,,,,,,,pending_review,,
THRB-00104,THRB,CCCCCCOc1ccc(C(=O)CCN(C)C)cc1Cl,5.366531544420413,1,,,,,,,,,,,pending_review,,
THRB-00105,THRB,CCCCCCOc1ccc(C(=O)CCN(C)C)cc1F,5.327902142064282,1,,,,,,,,,,,pending_review,,
THRB-00106,THRB,CCCCCCOc1ccc(C(=O)CCN(C)C)cc1I,5.568636235841012,1,,,,,,,,,,,pending_review,,
THRB-00107,THRB,CCCCCCOc1ccc(C(=O)CCN(C)C)cc1OC,5.154901959985743,1,,,,,,,,,,,pending_review,,
THRB-00108,THRB,CCCCCCOc1ccc(C(=O)CCN(C)C)cc1S(C)(=O)=O,5.075720713938118,1,,,,,,,,,,,pending_review,,
THRB-00109,THRB,CCCCCCOc1ccc(C(=O)CCN(C)C)cc1SC,5.292429823902063,1,,,,,,,,,,,pending_review,,
THRB-00110,THRB,CCCCCCOc1ccc(C(=O)CCN(C)C)cc1[N+](=O)[O-],5.522878745280337,1,,,,,,,,,,,pending_review,,
THRB-00111,THRB,CCCCCCOc1ccc(C(=O)CCN(CCCC)CCCC)cc1,5.568636235841012,1,,,,,,,,,,,pending_review,,
THRB-00112,THRB,CCCCCCOc1ccc(C(=O)CCN2CC2C)c(Cl)c1,5.337242168318426,1,,,,,,,,,,,pending_review,,
THRB-00113,THRB,CCCCCCOc1ccc(C(=O)CCN2CC2C)c(Cl)c1Cl,5.301029995663981,1,,,,,,,,,,,pending_review,,
THRB-00114,THRB,CCCCCCOc1ccc(C(=O)CCN2CC2C)cc1,4.657577319177793,1,,,,,,,,,,,pending_review,,
THRB-00115,THRB,CCCCCCOc1ccc(C(=O)CCN2CCCC2)cc1,4.723538195826756,1,,,,,,,,,,,pending_review,,
THRB-00116,THRB,CCCCCCOc1ccc(C(=O)CCN2CCCCC2)cc1,5.040958607678906,1,,,,,,,,,,,pending_review,,
THRB-00117,THRB,CCCCCCOc1ccc(C(=O)CCN2CCN(C(C)=O)CC2)c(Cl)c1,5.920818753952375,1,,,,,,,,,,,pending_review,,
THRB-00118,THRB,CCCCCCOc1ccc(C(=O)CCN2CCN(C(C)=O)CC2)c(Cl)c1Cl,6.221848749616356,1,,,,,,,,,,,pending_review,,
THRB-00119,THRB,CCCCCCOc1ccc(C(=O)CCN2CCN(C)CC2)cc1,5.251811972993799,1,,,,,,,,,,,pending_review,,
THRB-00120,THRB,CCCCCCOc1ccc(C(=O)CCN2CCN(S(=O)(=O)CC)CC2)c(Cl)c1,5.698970004336019,1,,,,,,,,,,,pending_review,,
THRB-00121,THRB,CCCCCCOc1ccc(C(=O)CCN2CCN(S(=O)(=O)CC)CC2)c(Cl)c1Cl,5.920818753952375,1,,,,,,,,,,,pending_review,,
THRB-00122,THRB,CCCCCCOc1ccc(C(=O)CCN2CCN(c3ccccc3)CC2)cc1,5.42021640338319,1,,,,,,,,,,,pending_review,,
THRB-00123,THRB,CCCCCCOc1ccc(C(=O)CCN2CCNC(=O)C2)c(Cl)c1,5.318758762624412,1,,,,,,,,,,,pending_review,,
THRB-00124,THRB,CCCCCCOc1ccc(C(=O)CCN2CCNC(=O)C2)c(Cl)c1Cl,5.920818753952375,1,,,,,,,,,,,pending_review,,
THRB-00125,THRB,CCCCCCOc1ccc(C(=O)CCN2CCOCC2)c(Cl)c1,5.7447274948966935,1,,,,,,,,,,,pending_review,,
THRB-00126,THRB,CCCCCCOc1ccc(C(=O)CCN2CCOCC2)c(Cl)c1Cl,6.154901959985743,1,,,,,,,,,,,pending_review,,
THRB-00127,THRB,CCCCCCOc1ccc(C(=O)CCN2CCOCC2)cc1,5.3872161432802645,1,,,,,,,,,,,pending_review,,
THRB-00128,THRB,CCCCCCOc1ccc2c(c1)CC(CN(C)C)C2=O,5.769551078621726,1,,,,,,,,,,,pending_review,,
THRB-00129,THRB,CCCCCCOc1ccc2c(c1)CCC(CN(C)C)C2=O,5.638272163982407,1,,,,,,,,,,,pending_review,,
THRB-00130,THRB,CCCCCCOc1ccc2c(c1)OCC(CN(C)C)C2=O,5.795880017344075,1,,,,,,,,,,,pending_review,,
THRB-00131,THRB,CCCCCCOc1cccc(C(=O)CCN(C)C)c1,5.1487416512809245,1,,,,,,,,,,,pending_review,,
THRB-00132,THRB,CCCCCCS(=O)(=O)c1cc(C)c(C(=O)CCN(C)C)c(C)c1,5.958607314841775,1,,,,,,,,,,,pending_review,,
THRB-00133,THRB,CCCCCCS(=O)(=O)c1cc(C)c(C(=O)CCN2CC2C)c(C)c1,5.455931955649724,1,,,,,,,,,,,pending_review,,
THRB-00134,THRB,CCCCCCS(=O)(=O)c1cc(C)c(C(=O)CCN2CCN(C(C)=O)CC2)c(C)c1,5.920818753952375,1,,,,,,,,,,,pending_review,,
THRB-00135,THRB,CCCCCCS(=O)(=O)c1cc(C)c(C(=O)CCN2CCN(S(=O)(=O)CC)CC2)c(C)c1,5.823908740944319,1,,,,,,,,,,,pending_review,,
THRB-00136,THRB,CCCCCCS(=O)(=O)c1cc(C)c(C(=O)CCN2CCNC(=O)C2)c(C)c1,5.267606240177031,1,,,,,,,,,,,pending_review,,
THRB-00137,THRB,CCCCCCS(=O)(=O)c1cc(C)c(C(=O)CCN2CCOCC2)c(C)c1,6.045757490560675,1,,,,,,,,,,,pending_review,,
THRB-00138,THRB,CCCCCCS(=O)(=O)c1cc(Cl)c(C(=O)CCN(C)C)c(Cl)c1,5.958607314841775,1,,,,,,,,,,,pending_review,,
THRB-00139,THRB,CCCCCCS(=O)(=O)c1cc(Cl)c(C(=O)CCN(C)C)cc1Cl,5.6777807052660805,1,,,,,,,,,,,pending_review,,
THRB-00140,THRB,CCCCCCS(=O)(=O)c1cc(Cl)c(C(=O)CCN2CC2C)c(Cl)c1,5.6777807052660805,1,,,,,,,,,,,pending_review,,
THRB-00141,THRB,CCCCCCS(=O)(=O)c1cc(Cl)c(C(=O)CCN2CC2C)cc1Cl,5.769551078621726,1,,,,,,,,,,,pending_review,,
THRB-00142,THRB,CCCCCCS(=O)(=O)c1cc(Cl)c(C(=O)CCN2CCN(C(C)=O)CC2)c(Cl)c1,6.154901959985743,1,,,,,,,,,,,pending_review,,
THRB-00143,THRB,CCCCCCS(=O)(=O)c1cc(Cl)c(C(=O)CCN2CCN(C(C)=O)CC2)cc1Cl,6.096910013008056,1,,,,,,,,,,,pending_review,,
THRB-00144,THRB,CCCCCCS(=O)(=O)c1cc(Cl)c(C(=O)CCN2CCN(S(=O)(=O)CC)CC2)c(Cl)c1,6.096910013008056,1,,,,,,,,,,,pending_review,,
THRB-00145,THRB,CCCCCCS(=O)(=O)c1cc(Cl)c(C(=O)CCN2CCN(S(=O)(=O)CC)CC2)cc1Cl,6.096910013008056,1,,,,,,,,,,,pending_review,,
THRB-00146,THRB,CCCCCCS(=O)(=O)c1cc(Cl)c(C(=O)CCN2CCNC(=O)C2)c(Cl)c1,6.0,1,,,,,,,,,,,pending_review,,
THRB-00147,THRB,CCCCCCS(=O)(=O)c1cc(Cl)c(C(=O)CCN2CCNC(=O)C2)cc1Cl,6.221848749616356,1,,,,,,,,,,,pending_review,,
THRB-00148,THRB,CCCCCCS(=O)(=O)c1cc(Cl)c(C(=O)CCN2CCOCC2)c(Cl)c1,6.096910013008056,1,,,,,,,,,,,pending_review,,
THRB-00149,THRB,CCCCCCS(=O)(=O)c1cc(Cl)c(C(=O)CCN2CCOCC2)cc1Cl,6.045757490560675,1,,,,,,,,,,,pending_review,,
THRB-00150,THRB,CCCCCCS(=O)(=O)c1ccc(C(=O)CCN(C)C)c(Cl)c1,5.443697499232712,1,,,,,,,,,,,pending_review,,
THRB-00151,THRB,CCCCCCS(=O)(=O)c1ccc(C(=O)CCN(C)C)c(Cl)c1Cl,5.537602002101044,1,,,,,,,,,,,pending_review,,
THRB-00152,THRB,CCCCCCS(=O)(=O)c1ccc(C(=O)CCN(C)C)cc1,5.309803919971486,1,,,,,,,,,,,pending_review,,
THRB-00153,THRB,CCCCCCS(=O)(=O)c1ccc(C(=O)CCN2CC2C)c(Cl)c1,5.638272163982407,1,,,,,,,,,,,pending_review,,
THRB-00154,THRB,CCCCCCS(=O)(=O)c1ccc(C(=O)CCN2CC2C)c(Cl)c1Cl,5.920818753952375,1,,,,,,,,,,,pending_review,,
THRB-00155,THRB,CCCCCCS(=O)(=O)c1ccc(C(=O)CCN2CCN(C(C)=O)CC2)c(Cl)c1,6.301029995663981,1,,,,,,,,,,,pending_review,,
THRB-00156,THRB,CCCCCCS(=O)(=O)c1ccc(C(=O)CCN2CCN(C(C)=O)CC2)c(Cl)c1Cl,6.0,1,,,,,,,,,,,pending_review,,
THRB-00157,THRB,CCCCCCS(=O)(=O)c1ccc(C(=O)CCN2CCN(S(=O)(=O)CC)CC2)c(Cl)c1,6.3979400086720375,1,,,,,,,,,,,pending_review,,
THRB-00158,THRB,CCCCCCS(=O)(=O)c1ccc(C(=O)CCN2CCN(S(=O)(=O)CC)CC2)c(Cl)c1Cl,6.045757490560675,1,,,,,,,,,,,pending_review,,
THRB-00159,THRB,CCCCCCS(=O)(=O)c1ccc(C(=O)CCN2CCNC(=O)C2)c(Cl)c1,6.154901959985743,1,,,,,,,,,,,pending_review,,
THRB-00160,THRB,CCCCCCS(=O)(=O)c1ccc(C(=O)CCN2CCNC(=O)C2)c(Cl)c1Cl,6.096910013008056,1,,,,,,,,,,,pending_review,,
THRB-00161,THRB,CCCCCCS(=O)(=O)c1ccc(C(=O)CCN2CCOCC2)c(Cl)c1,6.221848749616356,1,,,,,,,,,,,pending_review,,
THRB-00162,THRB,CCCCCCS(=O)(=O)c1ccc(C(=O)CCN2CCOCC2)c(Cl)c1Cl,6.154901959985743,1,,,,,,,,,,,pending_review,,
THRB-00163,THRB,CCCCCCSc1cc(C)c(C(=O)CCN(C)C)c(C)c1,5.823908740944319,1,,,,,,,,,,,pending_review,,
THRB-00164,THRB,CCCCCCSc1cc(C)c(C(=O)CCN2CC2C)c(C)c1,5.275724130399211,1,,,,,,,,,,,pending_review,,
THRB-00165,THRB,CCCCCCSc1cc(C)c(C(=O)CCN2CCN(C(C)=O)CC2)c(C)c1,6.045757490560675,1,,,,,,,,,,,pending_review,,
THRB-00166,THRB,CCCCCCSc1cc(C)c(C(=O)CCN2CCN(S(=O)(=O)CC)CC2)c(C)c1,5.3979400086720375,1,,,,,,,,,,,pending_review,,
THRB-00167,THRB,CCCCCCSc1cc(C)c(C(=O)CCN2CCNC(=O)C2)c(C)c1,4.950781977329818,1,,,,,,,,,,,pending_review,,
THRB-00168,THRB,CCCCCCSc1cc(C)c(C(=O)CCN2CCOCC2)c(C)c1,5.795880017344075,1,,,,,,,,,,,pending_review,,
THRB-00169,THRB,CCCCCCSc1cc(Cl)c(C(=O)CCN(C)C)c(Cl)c1,5.769551078621726,1,,,,,,,,,,,pending_review,,
THRB-00170,THRB,CCCCCCSc1cc(Cl)c(C(=O)CCN(C)C)cc1Cl,5.920818753952375,1,,,,,,,,,,,pending_review,,
THRB-00171,THRB,CCCCCCSc1cc(Cl)c(C(=O)CCN2CC2C)c(Cl)c1,5.619788758288394,1,,,,,,,,,,,pending_review,,
THRB-00172,THRB,CCCCCCSc1cc(Cl)c(C(=O)CCN2CC2C)cc1Cl,5.376750709602099,1,,,,,,,,,,,pending_review,,
THRB-00173,THRB,CCCCCCSc1cc(Cl)c(C(=O)CCN2CCN(C(C)=O)CC2)c(Cl)c1,5.958607314841775,1,,,,,,,,,,,pending_review,,
THRB-00174,THRB,CCCCCCSc1cc(Cl)c(C(=O)CCN2CCN(C(C)=O)CC2)cc1Cl,6.096910013008056,1,,,,,,,,,,,pending_review,,
THRB-00175,THRB,CCCCCCSc1cc(Cl)c(C(=O)CCN2CCN(S(=O)(=O)CC)CC2)c(Cl)c1,5.886056647693163,1,,,,,,,,,,,pending_review,,
THRB-00176,THRB,CCCCCCSc1cc(Cl)c(C(=O)CCN2CCN(S(=O)(=O)CC)CC2)cc1Cl,6.154901959985743,1,,,,,,,,,,,pending_review,,
THRB-00177,THRB,CCCCCCSc1cc(Cl)c(C(=O)CCN2CCNC(=O)C2)c(Cl)c1,5.769551078621726,1,,,,,,,,,,,pending_review,,
THRB-00178,THRB,CCCCCCSc1cc(Cl)c(C(=O)CCN2CCNC(=O)C2)cc1Cl,6.221848749616356,1,,,,,,,,,,,pending_review,,
THRB-00179,THRB,CCCCCCSc1cc(Cl)c(C(=O)CCN2CCOCC2)c(Cl)c1,5.958607314841775,1,,,,,,,,,,,pending_review,,
THRB-00180,THRB,CCCCCCSc1cc(Cl)c(C(=O)CCN2CCOCC2)cc1Cl,6.0,1,,,,,,,,,,,pending_review,,
THRB-00181,THRB,CCCCCCSc1ccc(C(=O)CCN(C)C)c(Cl)c1,5.823908740944319,1,,,,,,,,,,,pending_review,,
THRB-00182,THRB,CCCCCCSc1ccc(C(=O)CCN(C)C)c(Cl)c1Cl,5.886056647693163,1,,,,,,,,,,,pending_review,,
THRB-00183,THRB,CCCCCCSc1ccc(C(=O)CCN(C)C)cc1,5.229147988357855,1,,,,,,,,,,,pending_review,,
THRB-00184,THRB,CCCCCCSc1ccc(C(=O)CCN2CC2C)c(Cl)c1,5.267606240177031,1,,,,,,,,,,,pending_review,,
THRB-00185,THRB,CCCCCCSc1ccc(C(=O)CCN2CC2C)c(Cl)c1Cl,5.443697499232712,1,,,,,,,,,,,pending_review,,
THRB-00186,THRB,CCCCCCSc1ccc(C(=O)CCN2CCN(C(C)=O)CC2)c(Cl)c1,6.221848749616356,1,,,,,,,,,,,pending_review,,
THRB-00187,THRB,CCCCCCSc1ccc(C(=O)CCN2CCN(C(C)=O)CC2)c(Cl)c1Cl,6.045757490560675,1,,,,,,,,,,,pending_review,,
THRB-00188,THRB,CCCCCCSc1ccc(C(=O)CCN2CCN(S(=O)(=O)CC)CC2)c(Cl)c1,5.769551078621726,1,,,,,,,,,,,pending_review,,
THRB-00189,THRB,CCCCCCSc1ccc(C(=O)CCN2CCN(S(=O)(=O)CC)CC2)c(Cl)c1Cl,6.154901959985743,1,,,,,,,,,,,pending_review,,
THRB-00190,THRB,CCCCCCSc1ccc(C(=O)CCN2CCNC(=O)C2)c(Cl)c1,5.698970004336019,1,,,,,,,,,,,pending_review,,
THRB-00191,THRB,CCCCCCSc1ccc(C(=O)CCN2CCNC(=O)C2)c(Cl)c1Cl,6.096910013008056,1,,,,,,,,,,,pending_review,,
THRB-00192,THRB,CCCCCCSc1ccc(C(=O)CCN2CCOCC2)c(Cl)c1,6.096910013008056,1,,,,,,,,,,,pending_review,,
THRB-00193,THRB,CCCCCCSc1ccc(C(=O)CCN2CCOCC2)c(Cl)c1Cl,5.886056647693163,1,,,,,,,,,,,pending_review,,
THRB-00194,THRB,CCCCCCc1ccc(C(=O)/C=C\C(=O)O)cc1,4.752026733638194,1,,,,,,,,,,,pending_review,,
THRB-00195,THRB,CCCCCCc1ccc(C(=O)C2CO2)cc1,4.718966632752273,1,,,,,,,,,,,pending_review,,
THRB-00196,THRB,CCCCCCc1ccc(C(=O)CCBr)cc1,5.522878745280337,1,,,,,,,,,,,pending_review,,
THRB-00197,THRB,CCCCCCc1ccc(C(=O)CCN(C(C)C)C(C)C)cc1,5.698970004336019,1,,,,,,,,,,,pending_review,,
THRB-00198,THRB,CCCCCCc1ccc(C(=O)CCN(C)C)cc1,5.366531544420413,1,,,,,,,,,,,pending_review,,
THRB-00199,THRB,CCCCCCc1ccc(C(=O)CCN(C)CCO)cc1,5.795880017344075,1,,,,,,,,,,,pending_review,,
THRB-00200,THRB,CCCCCCc1ccc(C(=O)CCN(C)CCc2ccccc2)cc1,5.823908740944319,1,,,,,,,,,,,pending_review,,
THRB-00201,THRB,CCCCCCc1ccc(C(=O)CCN(C)Cc2ccco2)cc1,4.91721462968355,1,,,,,,,,,,,pending_review,,
THRB-00202,THRB,CCCCCCc1ccc(C(=O)CCN(C2CCCCC2)C2CCCCC2)cc1,4.896196279044043,1,,,,,,,,,,,pending_review,,
THRB-00203,THRB,CCCCCCc1ccc(C(=O)CCN(CCCC)CCCC)cc1,5.376750709602099,1,,,,,,,,,,,pending_review,,
THRB-00204,THRB,CCCCCCc1ccc(C(=O)CCN2CCC(C(=O)OC)CC2)cc1,5.4089353929735005,1,,,,,,,,,,,pending_review,,
THRB-00205,THRB,CCCCCCc1ccc(C(=O)CCN2CCOCC2)cc1,5.568636235841012,1,,,,,,,,,,,pending_review,,
THRB-00206,THRB,CCCCCCc1ccc(C(=O)CCNCCC)cc1,4.818156412055227,1,,,,,,,,,,,pending_review,,
THRB-00207,THRB,CCCCCCc1ccc(C(=O)CCl)cc1,4.636388020107856,1,,,,,,,,,,,pending_review,,
THRB-00208,THRB,CCCCCCc1ccc(NC(=O)/C=C\C(=O)O)cc1,4.747146969020107,1,,,,,,,,,,,pending_review,,
THRB-00209,THRB,CCCCCOc1c(Br)cc(CC(=O)O)cc1Br,5.241375016580683,3,,,,,,,,,,,pending_review,,
THRB-00210,THRB,CCCCOc1c(Br)cc(CC(=O)O)cc1Br,5.72041557544167,3,,,,,,,,,,,pending_review,,
THRB-00211,THRB,CCCCc1oc2ccccc2c1C(=O)c1cc(I)c(CCN(CC)CC)c(I)c1,6.220924225639893,2,,,,,,,,,,,pending_review,,
THRB-00212,THRB,CCCCc1oc2ccccc2c1C(=O)c1cc(I)c(OCC(=O)O)c(I)c1,5.3979400086720375,1,,,,,,,,,,,pending_review,,
THRB-00213,THRB,CCCCc1oc2ccccc2c1C(=O)c1cc(I)c(OCCN(CC)CC)c(I)c1,6.221848749616356,1,,,,,,,,,,,pending_review,,
THRB-00214,THRB,CCCN(C(=O)CCNC(=O)c1ccc(S(C)(=O)=O)c([N+](=O)[O-])c1)c1ccccc1,4.301029995663981,1,,,,,,,,,,,pending_review,,
THRB-00215,THRB,CCCN(C(=O)CNC(=O)c1ccc(S(C)(=O)=O)c([N+](=O)[O-])c1)c1ccccc1,5.180456064458131,1,,,,,,,,,,,pending_review,,
THRB-00216,THRB,CCCN(CC1CCOC1)C(=O)c1cc(C)c2oc(NCc3cccc(Cl)c3)nc2c1,7.455931955649724,1,,,,,,,,,,,pending_review,,
THRB-00217,THRB,CCCN(CC1CCOC1)C(=O)c1cc(CC)c2oc(NCc3cccc(Cl)c3)nc2c1,6.982966660701219,1,,,,,,,,,,,pending_review,,
THRB-00218,THRB,CCCN(CC1CCOC1)C(=O)c1cc(Cl)c2oc(NCc3cccc(Cl)c3)nc2c1,7.1487416512809245,1,,,,,,,,,,,pending_review,,
THRB-00219,THRB,CCCN(CC1CCOC1)C(=O)c1cc(OC)c2oc(NCc3cccc(Cl)c3)nc2c1,7.920818753952375,1,,,,,,,,,,,pending_review,,
THRB-00220,THRB,CCCN(CC1CCOC1)C(=O)c1ccc2oc(NCc3cccc(Cl)c3)nc2c1,6.669586226650809,1,,,,,,,,,,,pending_review,,
THRB-00221,THRB,CCCc1cc(C(=O)N(CCC)CC2CCOC2)cc2nc(NCc3cccc(Cl)c3)oc12,6.019088062223156,1,,,,,,,,,,,pending_review,,
THRB-00222,THRB,CCN(CC)c1cccc(COc2c(Br)cc(CCC(=O)O)cc2Br)c1,7.060480747381382,1,,,,,,,,,,,pending_review,,
THRB-00223,THRB,CCNc1cccc(COc2c(Br)cc(CCC(=O)O)cc2Br)c1,7.638272163982407,1,,,,,,,,,,,pending_review,,
THRB-00224,THRB,CCOc1c(Br)cc(CC(=O)O)cc1Br,4.492424981937713,2,,,,,,,,,,,pending_review,,
THRB-00225,THRB,CCOc1ccc2c(-c3c(-c4cccc(C)n4)nn4c3CCC4)ccnc2c1,7.055517327849831,1,,,,,,,,,,,pending_review,,
THRB-00226,THRB,CCS(=O)(=O)c1ccc2c(-c3c(-c4ccccn4)nn4c3CCC4)ccnc2c1,5.031984286006358,1,,,,,,,,,,,pending_review,,
THRB-00227,THRB,CCSc1ccc2c(-c3c(-c4ccccn4)nn4c3CCC4)ccnc2c1,6.958607314841775,1,,,,,,,,,,,pending_review,,
THRB-00228,THRB,CC[C@@H]1CO[C@@](C)(CCO)CN1C(=O)c1cc(OC)c2oc(N[C@H](C)c3cccc(Cl)c3)nc2c1,9.397940008672037,1,,,,,,,,,,,pending_review,,
THRB-00229,THRB,CCc1cccc(-c2cc(Oc3c(Cl)cc(CC(=O)O)cc3Cl)ccc2O)c1,9.700057099977233,1,,,,,,,,,,,pending_review,,
THRB-00230,THRB,CCc1cccc(-c2nn3c(c2-c2ccnc4ccccc24)CCC3)n1,7.1487416512809245,1,,,,,,,,,,,pending_review,,
THRB-00231,THRB,CCn1cccc(-c2ccc(N3C[C@H](CNC(=O)c4ccc(Cl)s4)OC3=O)cc2OC)c1=O,7.214670164989233,1,,,,,,,,,,,pending_review,,
THRB-00232,THRB,CN(C(=O)CNC(=O)c1ccc(S(C)(=O)=O)c([N+](=O)[O-])c1)c1ccccc1,5.236572006437063,1,,,,,,,,,,,pending_review,,
THRB-00233,THRB,CN(Cc1ccccc1)C(=O)CNC(=O)c1ccc(S(C)(=O)=O)c([N+](=O)[O-])c1,4.4089353929735005,1,,,,,,,,,,,pending_review,,
THRB-00234,THRB,CN(Cc1ccccc1F)C(=O)CNC(=O)c1ccc(S(C)(=O)=O)c([N+](=O)[O-])c1,4.619788758288394,1,,,,,,,,,,,pending_review,,
THRB-00235,THRB,COC(=O)Cc1ccc(OCc2oc(-c3cccc(OC)c3)nc2C)cc1,6.013228265733755,1,,,,,,,,,,,pending_review,,
THRB-00236,THRB,COC(=O)Cc1ccc(OCc2oc(-c3ccccc3OC)nc2C)cc1,5.119186407719209,1,,,,,,,,,,,pending_review,,
THRB-00237,THRB,COC(=O)c1ccc(OCc2oc(-c3cccc(OC)c3)nc2C)cc1,5.055517327849831,1,,,,,,,,,,,pending_review,,
THRB-00238,THRB,COC(=O)c1cccc(OCc2oc(-c3ccccc3OC)nc2C)c1,5.008773924307505,1,,,,,,,,,,,pending_review,,
THRB-00239,THRB,COc1cc(C(=O)N2CC(C)(CCO)OC[C@H]2C)cc2nc(NCc3cc(Cl)ccn3)oc12,8.602059991327963,1,,,,,,,,,,,pending_review,,
THRB-00240,THRB,COc1cc(C(=O)N2CC(C)(CCO)OC[C@H]2C)cc2nc(N[C@H](C)c3cccc(Cl)c3)oc12,9.301029995663981,1,,,,,,,,,,,pending_review,,
THRB-00241,THRB,COc1cc(C(=O)N2CC(C)(CCO)OC[C@H]2C)cc2nc(N[C@H](CF)c3cccc(Cl)c3)oc12,10.045757490560675,1,,,,,,,,,,,pending_review,,
THRB-00242,THRB,COc1cc(C(=O)N2CC(C)(CCO)OC[C@H]2C)cn2nc(NCc3cccc(Cl)c3)nc12,8.060480747381382,1,,,,,,,,,,,pending_review,,
THRB-00243,THRB,COc1cc(C(=O)N2CC(C)C(O)CC2C)cc2nc(NCc3cccc(Cl)c3)oc12,7.263621775341393,2,,,,,,,,,,,pending_review,,
THRB-00244,THRB,COc1cc(C(=O)N2CC(C)C(O)CC2C2CC2)cc2nc(NCc3cccc(Cl)c3)oc12,8.096910013008056,1,,,,,,,,,,,pending_review,,
THRB-00245,THRB,COc1cc(C(=O)N2CC(C)C(O)CC2CCO)cc2nc(NCc3cccc(Cl)c3)oc12,9.568636235841012,1,,,,,,,,,,,pending_review,,
THRB-00246,THRB,COc1cc(C(=O)N2CC(C)CCC2CCO)cc2nc(NCc3cccc(Cl)c3)oc12,8.512054431799104,2,,,,,,,,,,,pending_review,,
THRB-00247,THRB,COc1cc(C(=O)N2CC(C)OCC2C2CC(O)C2)cc2nc(NCc3cc(Cl)ccn3)oc12,8.096910013008056,1,,,,,,,,,,,pending_review,,
THRB-00248,THRB,COc1cc(C(=O)N2CC(C)OCC2C2CC(O)C2)cc2nc(N[C@H](C)c3cccc(Cl)c3)oc12,8.698970004336019,1,,,,,,,,,,,pending_review,,
THRB-00249,THRB,COc1cc(C(=O)N2CC(C)OCC2C2CC(O)C2)cc2nc(N[C@H](CF)c3cccc(Cl)c3)oc12,9.522878745280337,1,,,,,,,,,,,pending_review,,
THRB-00250,THRB,COc1cc(C(=O)N2CC(C)OCC2C2CC(O)C2)cn2nc(NCc3cccc(Cl)c3)nc12,8.0268721464003,1,,,,,,,,,,,pending_review,,
THRB-00251,THRB,COc1cc(C(=O)N2CC(C)OCC2CCO)cc2nc(NCc3cc(Cl)ccn3)oc12,7.537602002101044,1,,,,,,,,,,,pending_review,,
THRB-00252,THRB,COc1cc(C(=O)N2CC(C)OCC2CCO)cn2nc(NCc3cccc(Cl)c3)nc12,7.2839966563652006,1,,,,,,,,,,,pending_review,,
THRB-00253,THRB,COc1cc(C(=O)N2CC(C)OCC2CO)cc2nc(N[C@H](C)c3cccc(Cl)c3)oc12,8.0,1,,,,,,,,,,,pending_review,,
THRB-00254,THRB,COc1cc(C(=O)N2CCC(C)(C)C2)cc2nc(NCc3cccc(Cl)c3)oc12,7.3979400086720375,1,,,,,,,,,,,pending_review,,
THRB-00255,THRB,COc1cc(C(=O)N2CCC(O)C(C)C2)cc2nc(NC(c3cccc(Cl)c3)C(F)(F)F)oc12,6.102372908709558,1,,,,,,,,,,,pending_review,,
THRB-00256,THRB,COc1cc(C(=O)N2CCC(O)C(C)C2)cc2nc(NC3(c4cccc(Cl)c4)CC3)oc12,6.920818753952375,1,,,,,,,,,,,pending_review,,
THRB-00257,THRB,COc1cc(C(=O)N2CCC(O)C(C)C2)cc2nc(NC3(c4cccc(Cl)c4)CCC3)oc12,5.086186147616283,1,,,,,,,,,,,pending_review,,
THRB-00258,THRB,COc1cc(C(=O)N2CCC(O)C(C)C2)cc2nc(NCc3cc(Cl)ccc3F)oc12,6.522878745280337,1,,,,,,,,,,,pending_review,,
THRB-00259,THRB,COc1cc(C(=O)N2CCC(O)C(C)C2)cc2nc(NCc3cc(Cl)ccn3)oc12,6.721246399047171,1,,,,,,,,,,,pending_review,,
THRB-00260,THRB,COc1cc(C(=O)N2CCC(O)C(C)C2)cc2nc(NCc3cccc(Cl)c3)oc12,7.6020599913279625,1,,,,,,,,,,,pending_review,,
THRB-00261,THRB,COc1cc(C(=O)N2CCC(O)C(C)C2)cc2nc(NCc3cccc(Cl)n3)oc12,6.236572006437063,1,,,,,,,,,,,pending_review,,
THRB-00262,THRB,COc1cc(C(=O)N2CCC(O)C(C)C2)cc2nc(NCc3ccnc(Cl)c3)oc12,5.161150909262744,1,,,,,,,,,,,pending_review,,
THRB-00263,THRB,COc1cc(C(=O)N2CCC(O)C(C)C2)cc2nc(NCc3cncc(Cl)c3)oc12,5.142667503568731,1,,,,,,,,,,,pending_review,,
THRB-00264,THRB,COc1cc(C(=O)N2CCC(O)C(C)C2)cc2nc(N[C@@H](C)c3cccc(Cl)c3)oc12,5.292429823902063,1,,,,,,,,,,,pending_review,,
THRB-00265,THRB,COc1cc(C(=O)N2CCC(O)C(C)C2)cc2nc(N[C@H](C)c3cccc(Cl)c3)oc12,7.318758762624412,1,,,,,,,,,,,pending_review,,
THRB-00266,THRB,COc1cc(C(=O)N2CCC(O)C(C)C2)cc2oc(NCc3cccc(Cl)c3)nc12,5.4089353929735005,1,,,,,,,,,,,pending_review,,
THRB-00267,THRB,COc1cc(C(=O)N2CCC(O)C(C)C2)cn2nc(NCc3cccc(Cl)c3)nc12,6.327902142064282,1,,,,,,,,,,,pending_review,,
THRB-00268,THRB,COc1cc(C(=O)N2CCC(O)CC2)cc2nc(NCc3cccc(Cl)c3)oc12,6.453457336521868,1,,,,,,,,,,,pending_review,,
THRB-00269,THRB,COc1cc(C(=O)N2CCCC2(C)C)cc2nc(NCc3cccc(Cl)c3)oc12,7.327902142064282,1,,,,,,,,,,,pending_review,,
THRB-00270,THRB,COc1cc(C(=O)N2CCCC2)cc2nc(NCc3cccc(Cl)c3)oc12,6.7447274948966935,1,,,,,,,,,,,pending_review,,
THRB-00271,THRB,COc1cc(C(=O)N2CCOC(C)(C)C2)cc2nc(NCc3cccc(Cl)c3)oc12,7.568636235841012,1,,,,,,,,,,,pending_review,,
THRB-00272,THRB,COc1cc(C(=O)N2CCOC(C)(CCO)C2)cc2nc(N[C@H](C)c3cccc(Cl)c3)oc12,7.853871964321762,1,,,,,,,,,,,pending_review,,
THRB-00273,THRB,COc1cc(C(=O)N2CCOCC2)cc2nc(NCc3cccc(Cl)c3)oc12,6.355561410532161,1,,,,,,,,,,,pending_review,,
THRB-00274,THRB,COc1cc(C(=O)N2CC[C@@H](O)C(C)(C)C2)cc2nc(NCc3cccc(Cl)c3)oc12,7.455931955649724,1,,,,,,,,,,,pending_review,,
THRB-00275,THRB,COc1cc(C(=O)N2CC[C@@H](O)[C@H](C)C2)cc2nc(NCc3cccc(Cl)c3)oc12,7.610924374808178,2,,,,,,,,,,,pending_review,,
THRB-00276,THRB,COc1cc(C(=O)N2CC[C@H](O)[C@@H](C)C2)cc2nc(NCc3cccc(Cl)c3)oc12,6.920818753952375,1,,,,,,,,,,,pending_review,,
THRB-00277,THRB,COc1cc(C(=O)N2C[C@@H](C)OC[C@H]2CCO)cc2nc(N[C@H](C)c3cccc(Cl)c3)oc12,8.221848749616356,1,,,,,,,,,,,pending_review,,
THRB-00278,THRB,COc1cc(C(=O)N2C[C@H](C)OC[C@@H]2CCO)cc2nc(N[C@H](C)c3cccc(Cl)c3)oc12,8.397940008672037,1,,,,,,,,,,,pending_review,,
THRB-00279,THRB,COc1cc(C(=O)N2C[C@H](C)OC[C@@H]2CCO)cc2nc(N[C@H](CF)c3cccc(Cl)c3)oc12,9.154901959985743,1,,,,,,,,,,,pending_review,,
THRB-00280,THRB,COc1cc(C(=O)NCc2cccc(Cl)c2)cc2nn(CCn3cccn3)cc12,6.333482019445119,1,,,,,,,,,,,pending_review,,
THRB-00281,THRB,COc1cc(O)c(C(CC(=O)N2C[C@H](C)C[C@H](C)C2)c2ccc3c(c2)OCO3)c(OC)c1,4.886056647693163,1,,,,,,,,,,,pending_review,,
THRB-00282,THRB,COc1ccc(-c2c(-c3cccc(C)n3)nn3c2CCC3)cc1,6.917214629683549,1,,,,,,,,,,,pending_review,,
THRB-00283,THRB,COc1ccc(-c2c(-c3ccccn3)nn3c2CCC3)cc1,6.189767482004916,1,,,,,,,,,,,pending_review,,
THRB-00284,THRB,COc1ccc(-n2cc(-c3ccccc3)nc2NC(=O)CN(C(=O)Cc2cccc(Cl)c2)C(C)C)cc1OC,6.701146923590294,1,,,,,,,,,,,pending_review,,
THRB-00285,THRB,COc1ccc(CCNC(=O)c2cc(Oc3c(Br)cc(CC(=O)O)cc3Br)ccc2O)cc1,7.875034243812994,2,,,,,,,,,,,pending_review,,
THRB-00286,THRB,COc1ccc2c(-c3c(Cl)cc(NC(=O)CC(=O)O)cc3Cl)cccc2c1C(C)C,9.522878745280337,1,,,,,,,,,,,pending_review,,
THRB-00287,THRB,COc1cccc(-c2cc(Oc3c(Cl)cc(CC(=O)O)cc3Cl)ccc2O)c1,7.96018944585165,2,,,,,,,,,,,pending_review,,
THRB-00288,THRB,COc1cccc(CCNC(=O)c2cc(Oc3c(Br)cc(CC(=O)O)cc3Br)ccc2O)c1,8.190000314347895,2,,,,,,,,,,,pending_review,,
THRB-00289,THRB,COc1ccccc1CCNC(=O)c1cc(Oc2c(Br)cc(CC(=O)O)cc2Br)ccc1O,8.700026019787991,2,,,,,,,,,,,pending_review,,
THRB-00290,THRB,CS(=O)(=O)c1ccc(C(=O)NCC(=O)N(Cc2ccccc2)Cc2ccccc2)cc1[N+](=O)[O-],5.443697499232712,1,,,,,,,,,,,pending_review,,
THRB-00291,THRB,CS(=O)(=O)c1ccc(C(=O)NCC(=O)N(Cc2ccccc2)c2ccccc2)cc1[N+](=O)[O-],4.698970004336019,1,,,,,,,,,,,pending_review,,
THRB-00292,THRB,CS(=O)(=O)c1ccc(C(=O)NCC(=O)N2CCc3ccccc3C2)cc1[N+](=O)[O-],4.337242168318426,1,,,,,,,,,,,pending_review,,
THRB-00293,THRB,CS(=O)(=O)c1ccc(C(=O)NCC(=O)NC23CC4CC(CC(C4)C2)C3)cc1[N+](=O)[O-],4.795880017344075,1,,,,,,,,,,,pending_review,,
THRB-00294,THRB,CS(=O)(=O)c1ccc(C(=O)NCCC(=O)NC23CC4CC(CC(C4)C2)C3)cc1[N+](=O)[O-],4.508638306165727,1,,,,,,,,,,,pending_review,,
THRB-00295,THRB,CS(=O)(=O)c1ccc(C(=O)NCCCC(=O)N(Cc2ccccc2)Cc2ccccc2)cc1[N+](=O)[O-],4.229147988357856,1,,,,,,,,,,,pending_review,,
THRB-00296,THRB,CS(=O)(=O)c1ccc(C(=O)NCCCC(=O)NC23CC4CC(CC(C4)C2)C3)cc1[N+](=O)[O-],4.97469413473523,1,,,,,,,,,,,pending_review,,
THRB-00297,THRB,Cc1c(C(=O)NCC(=O)O)c2ccccc2n1Cc1ccc(O)c(C(C)C)c1,5.958607314841775,1,,,,,,,,,,,pending_review,,
THRB-00298,THRB,Cc1c(O)ccc2c(-c3c(Cl)cc(NC(=O)O)cc3Cl)cccc12,8.142667503568731,1,,,,,,,,,,,pending_review,,
THRB-00299,THRB,Cc1cc(-n2ncc(=O)[nH]c2=O)cc(C)c1Oc1ccc(O)c(S(=O)(=O)N2CCCCC2)c1,8.890084136976206,1,,,,,,,,,,,pending_review,,
THRB-00300,THRB,Cc1cc(-n2ncc(=O)[nH]c2=O)cc(Cl)c1Oc1ccc(O)c(S(=O)(=O)N2CCCCC2)c1,9.439973751087107,1,,,,,,,,,,,pending_review,,
THRB-00301,THRB,Cc1cc(-n2ncc(=O)[nH]c2=O)cc(Cl)c1Oc1ccc(O)c(S(=O)(=O)N2CCOCC2)c1,7.119987161633228,1,,,,,,,,,,,pending_review,,
THRB-00302,THRB,Cc1cc(OCC(=O)O)cc(C)c1Cc1cc(-c2ccc([N+](=O)[O-])cc2)c(O)c(C(C)C)c1,6.167491087293763,1,,,,,,,,,,,pending_review,,
THRB-00303,THRB,Cc1cc(OCC(=O)O)cc(C)c1Cc1cc(C#Cc2ccc([N+](=O)[O-])cc2)c(O)c(C(C)C)c1,6.431798275933005,1,,,,,,,,,,,pending_review,,
THRB-00304,THRB,Cc1cc(Oc2c(Br)cc(CC(=O)N[C@H](C(=O)O)C(C)C)cc2Br)cc(C(C)C)c1O,5.585026652029182,1,,,,,,,,,,,pending_review,,
THRB-00305,THRB,Cc1cc2[nH]c(C(=O)O)cc(=O)c2c(C)c1Oc1ccc(O)c(C(C)C)c1,6.619897359061326,2,,,,,,,,,,,pending_review,,
THRB-00306,THRB,Cc1cc2c(NC(=O)C(=O)O)cccc2n1Cc1ccc(O)c(C(C)C)c1,7.3979400086720375,1,,,,,,,,,,,pending_review,,
THRB-00307,THRB,Cc1cc2c(NC(=O)CC(=O)O)cccc2n1Cc1ccc(O)c(C(C)C)c1,6.638272163982407,1,,,,,,,,,,,pending_review,,
THRB-00308,THRB,Cc1cc2cc(NC(=O)C(=O)O)ccc2n1Cc1ccc(O)c(C(C)C)c1,5.823908740944319,1,,,,,,,,,,,pending_review,,
THRB-00309,THRB,Cc1cc2nc(C(=O)O)ccc2c(C)c1Oc1ccc(O)c(C(C)C)c1,7.821891432890133,2,,,,,,,,,,,pending_review,,
THRB-00310,THRB,Cc1ccc(-c2c(-c3cccc(C)n3)nn3c2CCC3)cc1,5.3979400086720375,1,,,,,,,,,,,pending_review,,
THRB-00311,THRB,Cc1ccc(COc2c(Br)cc(CCC(=O)O)cc2Br)cc1,6.443697499232712,1,,,,,,,,,,,pending_review,,
THRB-00312,THRB,Cc1ccc(NC(=O)C(=O)O)c2ccn(Cc3ccc(O)c(C(C)C)c3)c12,7.267606240177031,1,,,,,,,,,,,pending_review,,
THRB-00313,THRB,Cc1ccc(NC(=O)CC(=O)O)c2ccn(Cc3ccc(O)c(C(C)C)c3)c12,6.619788758288394,1,,,,,,,,,,,pending_review,,
THRB-00314,THRB,Cc1cccc(-c2nn3c(c2-c2ccc(F)c(F)c2)CCC3)n1,6.464705879957229,1,,,,,,,,,,,pending_review,,
THRB-00315,THRB,Cc1cccc(-c2nn3c(c2-c2ccc(F)cc2)CCC3)n1,6.756961951313706,1,,,,,,,,,,,pending_review,,
THRB-00316,THRB,Cc1cccc(-c2nn3c(c2-c2ccc(O)cc2)CCC3)n1,7.327902142064282,1,,,,,,,,,,,pending_review,,
THRB-00317,THRB,Cc1cccc(-c2nn3c(c2-c2ccc(S(C)(=O)=O)cc2)CCC3)n1,4.709965388637482,1,,,,,,,,,,,pending_review,,
THRB-00318,THRB,Cc1cccc(-c2nn3c(c2-c2ccnc4cc(Cl)ccc24)CCC3)n1,7.318758762624412,1,,,,,,,,,,,pending_review,,
THRB-00319,THRB,Cc1cccc(-c2nn3c(c2-c2ccnc4ccccc24)CCC3)n1,7.107905397309519,1,,,,,,,,,,,pending_review,,
THRB-00320,THRB,Cc1cccc(COc2c(Br)cc(CCC(=O)O)cc2Br)c1,6.920818753952375,1,,,,,,,,,,,pending_review,,
THRB-00321,THRB,Cc1ccccc1COc1c(Br)cc(CCC(=O)O)cc1Br,6.698970004336019,1,,,,,,,,,,,pending_review,,
THRB-00322,THRB,Cc1oc2ccccc2c1C(=O)c1cc(I)c(OCC(=O)O)c(I)c1,6.318758762624412,1,,,,,,,,,,,pending_review,,
THRB-00323,THRB,Cc1oc2ccccc2c1Cc1cc(I)c(OCC(=O)O)c(I)c1,5.315519029062749,4,,,,,,,,,,,pending_review,,
THRB-00324,THRB,Clc1ccc2c(-c3c(-c4ccccn4)nn4c3CCC4)ccnc2c1,7.267606240177031,1,,,,,,,,,,,pending_review,,
THRB-00325,THRB,Fc1ccc(-c2c(-c3cccc(C(F)(F)F)n3)nn3c2CCC3)cc1,6.057000406633959,1,,,,,,,,,,,pending_review,,
THRB-00326,THRB,Fc1ccc(-c2c(-c3ccccn3)nn3c2CCC3)cc1,5.8794260687941495,1,,,,,,,,,,,pending_review,,
THRB-00327,THRB,Fc1ccc(-c2nn3c(c2-c2ccnc4ccccc24)CCC3)nc1,6.821023052706831,1,,,,,,,,,,,pending_review,,
THRB-00328,THRB,NC(Cc1cc(I)c(Oc2ccc(O)c(I)c2)c(I)c1)C(=O)O,9.987162775294827,1,,,,,,,,,,,pending_review,,
THRB-00329,THRB,N[C@@H](Cc1cc(I)c(Oc2ccc(O)c(I)c2)c(I)c1)C(=O)O,9.324430545707028,4,,,,,,,,,,,pending_review,,
THRB-00330,THRB,N[C@H](Cc1cc(I)c(Oc2ccc(O)c(I)c2)c(I)c1)C(=O)O,9.583365851856202,3,,,,,,,,,,,pending_review,,
THRB-00331,THRB,Nc1cccc(COc2c(Br)cc(CCC(=O)O)cc2Br)c1,6.086186147616283,1,,,,,,,,,,,pending_review,,
THRB-00332,THRB,O=C(NC1CCC1)c1cc(Oc2c(Cl)cc(-n3ncc(=O)[nH]c3=O)cc2Cl)ccc1O,8.750068243365805,1,,,,,,,,,,,pending_review,,
THRB-00333,THRB,O=C(NC1CCCCC1)c1cc(Oc2c(Cl)cc(-n3ncc(=O)[nH]c3=O)cc2Cl)ccc1O,9.709965388637482,1,,,,,,,,,,,pending_review,,
THRB-00334,THRB,O=C(NCc1cccc(Cl)c1)c1cc(Cl)c2cn(CCn3cccn3)nc2c1,6.647817481888637,1,,,,,,,,,,,pending_review,,
THRB-00335,THRB,O=C(NCc1cccc(Cl)c1)c1ccc2cn(CCN3CCOC3=O)nc2c1,6.657577319177793,1,,,,,,,,,,,pending_review,,
THRB-00336,THRB,O=C(NCc1cccc(Cl)c1)c1ccc2cn(CCn3cccn3)nc2c1,6.761953896871205,1,,,,,,,,,,,pending_review,,
THRB-00337,THRB,O=C(O)C(=O)Nc1cc(Cl)c(-c2cccc3c(Br)c(O)ccc23)c(Cl)c1,9.522878745280337,1,,,,,,,,,,,pending_review,,
THRB-00338,THRB,O=C(O)CC(=O)Nc1cc(Cl)c(-c2cccc3c(Br)c(O)ccc23)c(Cl)c1,9.522878745280337,1,,,,,,,,,,,pending_review,,
THRB-00339,THRB,O=C(O)CCC(=O)Nc1cc(Cl)c(-c2cccc3c(Br)c(O)ccc23)c(Cl)c1,7.657577319177793,1,,,,,,,,,,,pending_review,,
THRB-00340,THRB,O=C(O)CCNc1cc(Cl)c(-c2cccc3c(Br)c(O)ccc23)c(Cl)c1,8.744727494896694,1,,,,,,,,,,,pending_review,,
THRB-00341,THRB,O=C(O)CCc1cc(Br)c(OC2CCCCC2)c(Br)c1,6.719991046891813,1,,,,,,,,,,,pending_review,,
THRB-00342,THRB,O=C(O)CCc1cc(Br)c(OCC2CCCCC2)c(Br)c1,6.787352066630453,3,,,,,,,,,,,pending_review,,
THRB-00343,THRB,O=C(O)CCc1cc(Br)c(OCc2cccc(Br)c2)c(Br)c1,7.221848749616356,1,,,,,,,,,,,pending_review,,
THRB-00344,THRB,O=C(O)CCc1cc(Br)c(OCc2cccc(C(F)(F)F)c2)c(Br)c1,6.795880017344075,1,,,,,,,,,,,pending_review,,
THRB-00345,THRB,O=C(O)CCc1cc(Br)c(OCc2cccc(Cl)c2)c(Br)c1,6.721246399047171,1,,,,,,,,,,,pending_review,,
THRB-00346,THRB,O=C(O)CCc1cc(Br)c(OCc2ccccc2)c(Br)c1,6.638272163982407,1,,,,,,,,,,,pending_review,,
THRB-00347,THRB,O=C(O)CCc1cc(I)c(Oc2ccc(O)c(I)c2)c(I)c1,10.72048547967463,3,,,,,,,,,,,pending_review,,
THRB-00348,THRB,O=C(O)CCc1ccccc1OCC1C(Br)CCCC1Br,6.721246399047171,1,,,,,,,,,,,pending_review,,
THRB-00349,THRB,O=C(O)CNc1cc(Cl)c(-c2cccc3c(Br)c(O)ccc23)c(Cl)c1,8.744727494896694,1,,,,,,,,,,,pending_review,,
THRB-00350,THRB,O=C(O)Cc1cc(Br)c(OC2CCCCC2)c(Br)c1,6.109998386815363,1,,,,,,,,,,,pending_review,,
THRB-00351,THRB,O=C(O)Cc1cc(Br)c(OCC2CCCCC2)c(Br)c1,6.169168106002694,3,,,,,,,,,,,pending_review,,
THRB-00352,THRB,O=C(O)Cc1cc(Br)c(Oc2ccc(O)c(C(=O)NC(=O)c3ccccc3)c2)c(Br)c1,8.379968104873702,1,,,,,,,,,,,pending_review,,
THRB-00353,THRB,O=C(O)Cc1cc(Br)c(Oc2ccc(O)c(C(=O)NCC(c3ccccc3)c3ccccc3)c2)c(Br)c1,8.380036905997452,2,,,,,,,,,,,pending_review,,
THRB-00354,THRB,O=C(O)Cc1cc(Br)c(Oc2ccc(O)c(C(=O)NCCCCc3ccccc3)c2)c(Br)c1,7.739928612014925,2,,,,,,,,,,,pending_review,,
THRB-00355,THRB,O=C(O)Cc1cc(Br)c(Oc2ccc(O)c(C(=O)NCCCc3ccccc3)c2)c(Br)c1,8.169989064063882,2,,,,,,,,,,,pending_review,,
THRB-00356,THRB,O=C(O)Cc1cc(Br)c(Oc2ccc(O)c(C(=O)NCCc3ccccc3)c2)c(Br)c1,9.20999647960951,2,,,,,,,,,,,pending_review,,
THRB-00357,THRB,O=C(O)Cc1cc(Br)c(Oc2ccc(O)c(C(=O)NCCc3ccccn3)c2)c(Br)c1,7.169989064063882,2,,,,,,,,,,,pending_review,,
THRB-00358,THRB,O=C(O)Cc1cc(Br)c(Oc2ccc(O)c(C(=O)NCc3ccccc3)c2)c(Br)c1,8.379968104873702,1,,,,,,,,,,,pending_review,,
THRB-00359,THRB,O=C(O)Cc1cc(Br)c(Oc2ccc(O)c(C(=O)Nc3ccccc3)c2)c(Br)c1,7.455031273591957,2,,,,,,,,,,,pending_review,,
THRB-00360,THRB,O=C(O)Cc1cc(Br)c(Oc2ccc(O)c(Cc3ccc(C(F)(F)F)cc3)c2)c(Br)c1,8.019996628416253,1,,,,,,,,,,,pending_review,,
THRB-00361,THRB,O=C(O)Cc1cc(Br)c(Oc2ccc(O)c(Oc3ccc(C(F)(F)F)cc3)c2)c(Br)c1,8.019996628416253,1,,,,,,,,,,,pending_review,,
THRB-00362,THRB,O=C(O)Cc1cc(Br)c(Oc2ccc(O)c(Oc3ccc(O)cc3)c2)c(Br)c1,8.219970872662662,2,,,,,,,,,,,pending_review,,
THRB-00363,THRB,O=C(O)Cc1cc(Br)c(Oc2ccc(O)c(Oc3cccc(-c4ccccc4)c3)c2)c(Br)c1,7.219970872662662,2,,,,,,,,,,,pending_review,,
THRB-00364,THRB,O=C(O)Cc1cc(Br)c(Oc2ccc(O)c(Oc3cccc(C(F)(F)F)c3)c2)c(Br)c1,8.96018944585165,2,,,,,,,,,,,pending_review,,
THRB-00365,THRB,O=C(O)Cc1cc(Br)c(Oc2ccc(O)c(Oc3cccc(O)c3)c2)c(Br)c1,7.3300326300914955,2,,,,,,,,,,,pending_review,,
THRB-00366,THRB,O=C(O)Cc1cc(Br)c(Oc2ccc(O)c(Oc3ccccc3)c2)c(Br)c1,8.219970872662662,2,,,,,,,,,,,pending_review,,
THRB-00367,THRB,O=C(O)Cc1cc(Br)c(Oc2ccc(O)c(Oc3ccccc3C(F)(F)F)c2)c(Br)c1,8.119987161633228,2,,,,,,,,,,,pending_review,,
THRB-00368,THRB,O=C(O)Cc1cc(Br)c(Oc2ccc(O)c(Oc3ccccc3O)c2)c(Br)c1,7.079981083971085,2,,,,,,,,,,,pending_review,,
THRB-00369,THRB,O=C(O)Cc1cc(Cl)c(-c2cccc3c(Br)c(O)ccc23)c(Cl)c1,7.886056647693163,1,,,,,,,,,,,pending_review,,
THRB-00370,THRB,O=C(O)Cc1cc(Cl)c(-c2cccc3cc(O)ccc23)c(Cl)c1,6.2636034977233574,1,,,,,,,,,,,pending_review,,
THRB-00371,THRB,O=C(O)Cc1cc(Cl)c(Oc2ccc(O)c(-c3ccc(C(F)(F)F)cc3)c2)c(Cl)c1,7.169989064063882,1,,,,,,,,,,,pending_review,,
THRB-00372,THRB,O=C(O)Cc1cc(Cl)c(Oc2ccc(O)c(-c3ccc(O)cc3)c2)c(Cl)c1,7.059981844992337,2,,,,,,,,,,,pending_review,,
THRB-00373,THRB,O=C(O)Cc1cc(Cl)c(Oc2ccc(O)c(-c3cccc(-c4ccccc4)c3)c2)c(Cl)c1,7.680061560019691,2,,,,,,,,,,,pending_review,,
THRB-00374,THRB,O=C(O)Cc1cc(Cl)c(Oc2ccc(O)c(-c3cccc(C(F)(F)F)c3)c2)c(Cl)c1,9.04999907182806,2,,,,,,,,,,,pending_review,,
THRB-00375,THRB,O=C(O)Cc1cc(Cl)c(Oc2ccc(O)c(-c3cccc(O)c3)c2)c(Cl)c1,7.119987161633228,2,,,,,,,,,,,pending_review,,
THRB-00376,THRB,O=C(O)Cc1cc(Cl)c(Oc2ccc(O)c(-c3cccc(OC(F)(F)F)c3)c2)c(Cl)c1,8.47005659834133,2,,,,,,,,,,,pending_review,,
THRB-00377,THRB,O=C(O)Cc1cc(Cl)c(Oc2ccc(O)c(-c3cccc(OC(F)F)c3)c2)c(Cl)c1,9.110026361596004,2,,,,,,,,,,,pending_review,,
THRB-00378,THRB,O=C(O)Cc1cc(Cl)c(Oc2ccc(O)c(-c3ccccc3)c2)c(Cl)c1,8.54000474395261,2,,,,,,,,,,,pending_review,,
THRB-00379,THRB,O=C(O)Cc1cc(Cl)c(Oc2ccc(O)c(-c3ccccc3C(F)(F)F)c2)c(Cl)c1,8.489991487059765,1,,,,,,,,,,,pending_review,,
THRB-00380,THRB,O=C(O)Cc1cc(Cl)c(Oc2ccc(O)c(-c3ccccc3O)c2)c(Cl)c1,7.299988937677888,2,,,,,,,,,,,pending_review,,
THRB-00381,THRB,O=C(O)Cc1cc(Cl)c(Oc2ccc(O)c(-c3ccccn3)c2)c(Cl)c1,6.859995049380551,2,,,,,,,,,,,pending_review,,
THRB-00382,THRB,O=C(O)Cc1cc(Cl)c(Oc2ccc(O)c(-c3cccnc3)c2)c(Cl)c1,7.389978975335855,2,,,,,,,,,,,pending_review,,
THRB-00383,THRB,O=C(O)Cc1cc(Cl)c(Oc2ccc(O)c(-c3ccncc3)c2)c(Cl)c1,6.909988975992853,2,,,,,,,,,,,pending_review,,
THRB-00384,THRB,O=C(O)Cc1cc(Cl)c(Oc2ccc(O)c(-c3cncnc3)c2)c(Cl)c1,7.169989064063882,2,,,,,,,,,,,pending_review,,
THRB-00385,THRB,O=C(O)Cc1cc(Cl)c(Oc2ccc(O)c(-c3nccs3)c2)c(Cl)c1,7.550059011226662,2,,,,,,,,,,,pending_review,,
THRB-00386,THRB,O=C(O)Cc1cc(Cl)c(Oc2ccc(O)c(Br)c2)c(Cl)c1,8.045757490560675,1,,,,,,,,,,,pending_review,,
THRB-00387,THRB,O=C(O)Cc1cc(Cl)c(Oc2ccc(O)c(C(=O)NCCc3ccccc3)c2)c(Cl)c1,8.460046158343603,1,,,,,,,,,,,pending_review,,
THRB-00388,THRB,O=C(O)Cc1cc(Cl)c(Oc2ccc(O)c(C(=O)NCc3ccccc3)c2)c(Cl)c1,8.460046158343603,1,,,,,,,,,,,pending_review,,
THRB-00389,THRB,O=C(O)Cc1cc(Cl)c(Oc2ccc(O)c(C3CCCCC3)c2)c(Cl)c1,8.110026361596004,1,,,,,,,,,,,pending_review,,
THRB-00390,THRB,O=C(O)Cc1cc(Cl)c(Oc2ccc(O)cc2)c(Cl)c1,5.669586226650809,1,,,,,,,,,,,pending_review,,
THRB-00391,THRB,O=C(O)Cc1cc(I)c(Oc2ccc(O)c(I)c2)c(I)c1,10.342921681227615,3,,,,,,,,,,,pending_review,,
THRB-00392,THRB,O=C(O)Nc1cc(Cl)c(-c2cccc3c(-c4ccccc4)c(O)ccc23)c(Cl)c1,7.537602002101044,1,,,,,,,,,,,pending_review,,
THRB-00393,THRB,O=C(c1cc(Oc2c(Cl)cc(-n3ncc(=O)[nH]c3=O)cc2Cl)ccc1O)N1CCCCC1,8.519978200759873,2,,,,,,,,,,,pending_review,,
THRB-00394,THRB,O=C(c1cc(Oc2c(Cl)cc(-n3ncc(=O)[nH]c3=O)cc2Cl)ccc1O)N1CCOCC1,8.700057099977233,1,,,,,,,,,,,pending_review,,
THRB-00395,THRB,O=c1cnn(-c2cc(Cl)c(Oc3ccc(O)c(S(=O)(=O)N4C5CCC4CC4(C5)OCCO4)c3)c(Cl)c2)c(=O)[nH]1,9.059981844992336,1,,,,,,,,,,,pending_review,,
THRB-00396,THRB,O=c1cnn(-c2cc(Cl)c(Oc3ccc(O)c(S(=O)(=O)N4C5CCC4CC4(CCCO4)C5)c3)c(Cl)c2)c(=O)[nH]1,9.110026361596004,1,,,,,,,,,,,pending_review,,
THRB-00397,THRB,O=c1cnn(-c2cc(Cl)c(Oc3ccc(O)c(S(=O)(=O)N4CCCCC4)c3)c(Cl)c2)c(=O)[nH]1,10.250031916490597,1,,,,,,,,,,,pending_review,,
THRB-00398,THRB,O=c1cnn(-c2cc(Cl)c(Oc3ccc(O)c(S(=O)(=O)N4CCc5ccccc54)c3)c(Cl)c2)c(=O)[nH]1,9.18996921359416,1,,,,,,,,,,,pending_review,,
THRB-00399,THRB,O=c1cnn(-c2cc(Cl)c(Oc3ccc(O)c(S(=O)(=O)NC4CCC4)c3)c(Cl)c2)c(=O)[nH]1,8.950007143079857,1,,,,,,,,,,,pending_review,,
THRB-00400,THRB,O=c1cnn(-c2cc(Cl)c(Oc3ccc(O)c(S(=O)(=O)NC4CCCCC4)c3)c(Cl)c2)c(=O)[nH]1,8.890084136976206,1,,,,,,,,,,,pending_review,,
THRB-00401,THRB,O=c1cnn(-c2cc(Cl)c(Oc3ccc(O)c(S(=O)(=O)Nc4ccccc4)c3)c(Cl)c2)c(=O)[nH]1,9.550059011226661,1,,,,,,,,,,,pending_review,,
THRB-00402,THRB,OCc1cccc(-c2nn3c(c2-c2ccc(F)cc2)CCC3)n1,5.581698708680255,1,,,,,,,,,,,pending_review,,
THRB-00403,THRB,c1ccc(-c2nn3c(c2-c2ccnc4ccccc24)CCC3)nc1,6.982966660701219,1,,,,,,,,,,,pending_review,,
FASN-00001,FASN,C#Cc1ccc(C2CCN(C(=O)c3cc(C(=O)NC)c(C4CCC4)cc3C)CC2)cc1,7.161150909262744,2,,,,,,,,,,,pending_review,,
FASN-00002,FASN,C#Cc1ccc(COC(=O)[C@H](C)NC(=O)[C@H](CCCCNC(=O)[C@@H]2OC(=O)[C@H]2CCCCCC)NC(=O)OCc2ccccc2)cc1,5.400116927926312,1,,,,,,,,,,,pending_review,,
FASN-00003,FASN,C/C(C(=N)C(=O)N(C)C)=C(/N)c1cc(C(=O)N2CC(c3ccc(C#N)cc3)C2)c(C)cc1C,7.619788758288394,1,,,,,,,,,,,pending_review,,
FASN-00004,FASN,C/C(C(=N)C1CCOC1)=C(/N)c1cc(C(=O)N2CC(c3ccc(C#N)cc3)C2)ccc1C,7.026872146400302,1,,,,,,,,,,,pending_review,,
FASN-00005,FASN,C/C=C/C/C=C/CCC(=O)[C@H]1O[C@H]1C(N)=O,4.927659498838847,3,,,,,,,,,,,pending_review,,
FASN-00006,FASN,C=C/C(C)=C/C1(C)SC(O)=C(C)C1=O,3.8446639625349386,1,,,,,,,,,,,pending_review,,
FASN-00007,FASN,C=C/C(C)=C/[C@@]1(C)SC(=O)C(C)=C1O,4.0,1,,,,,,,,,,,pending_review,,
FASN-00008,FASN,C=C/C(C)=C/[C@]1(C)SC(=O)C(C)=C1O,3.681936665037238,1,,,,,,,,,,,pending_review,,
FASN-00009,FASN,C=C/C(C)=C/[C@]1(C)SC(=O)C=C1O,4.014124642691606,1,,,,,,,,,,,pending_review,,
FASN-00010,FASN,C=C1C(=O)O[C@H](CCCCCCCC)[C@H]1C(=O)O,4.359100519842442,2,,,,,,,,,,,pending_review,,
FASN-00011,FASN,CC#Cc1ccc(C2CCN(C(=O)c3cc(C(=O)NC)c(C4CCC4)cc3C)CC2)cc1,6.903089986991944,2,,,,,,,,,,,pending_review,,
FASN-00012,FASN,CC(=O)N1CC(c2nc(C)c(-c3cc(C(=O)N4CC(c5ccc(C#N)cc5)C4)ccc3C)[nH]2)C1,7.698970004336019,2,,,,,,,,,,,pending_review,,
FASN-00013,FASN,CC(=O)N1CCC(OC(=O)Nc2cc(C(=O)N3CCC(F)(c4ccc(C#N)cc4)CC3)c(C)cc2C)C1,6.698970004336019,1,,,,,,,,,,,pending_review,,
FASN-00014,FASN,CC(=O)N1CCC(OC(=O)Nc2ccc(C)c(C(=O)N3CCC(F)(c4ccc(C#N)cc4)CC3)c2)C1,6.782516055786093,1,,,,,,,,,,,pending_review,,
FASN-00015,FASN,CC(=O)N1CCC(c2nc(C)c(-c3cc(C(=O)N4CC(c5ccc(C#N)cc5)C4)ccc3C)[nH]2)CC1,7.537602002101044,2,,,,,,,,,,,pending_review,,
FASN-00016,FASN,CC(=O)N1CCC2(CC1)N=C(c1ccc(-c3ccc4c(cnn4C)c3)cc1)N(C[C@@H]1CCN(C(=O)C3CC3)C1)C2=O,6.698970004336019,1,,,,,,,,,,,pending_review,,
FASN-00017,FASN,CC(=O)N1CCc2nc(-c3cc(C(=O)N4CCC(c5ccc(C#N)cc5)CC4)c(C)cc3C)[nH]c2C1,7.187086643357144,1,,,,,,,,,,,pending_review,,
FASN-00018,FASN,CC(=O)N1CCc2nc(-c3cc(C(=O)N4CCC(c5ccc(C#N)cc5)CC4)c(C)cc3C)[nH]c2C1C,7.096910013008056,1,,,,,,,,,,,pending_review,,
FASN-00019,FASN,CC(=O)N1CCc2nc(-c3cc(C(=O)N4CCC(c5ccc(C#N)cc5)CC4)c(C)cc3C)[nH]c2CC1,7.221848749616356,1,,,,,,,,,,,pending_review,,
FASN-00020,FASN,CC(=O)N1CCc2nc(-c3cc(C(=O)N4CCC(c5ccc(C#N)cc5)CC4)c(C)cc3C3CC3)[nH]c2C1,7.3979400086720375,1,,,,,,,,,,,pending_review,,
FASN-00021,FASN,CC(=O)N1CCc2nc(-c3cc(C(=O)N4CCC(c5ccc(C#N)cc5)CC4)c(C)cc3Cl)[nH]c2C1,6.769551078621726,1,,,,,,,,,,,pending_review,,
FASN-00022,FASN,CC(=O)N1CCc2nc(-c3cc(C(=O)N4CCC(c5ccc(C#N)cc5)CC4)ccc3C)[nH]c2C1,6.835647144215563,1,,,,,,,,,,,pending_review,,
FASN-00023,FASN,CC(=O)N1CCc2nc(-c3cc(C(=O)N4CCC(c5ccc(C(F)(F)F)cc5)CC4)c(C)cc3C)[nH]c2C1,7.3979400086720375,1,,,,,,,,,,,pending_review,,
FASN-00024,FASN,CC(=O)N1CCc2nc(-c3cc(C(=O)N4CCC(c5ccc(F)cc5)CC4)c(C)cc3C)[nH]c2C1,6.42021640338319,1,,,,,,,,,,,pending_review,,
FASN-00025,FASN,CC(=O)N1CCc2nc(-c3cc(C(=O)N4CCC(c5ccc(F)cc5)CC4)c(C)cc3Cl)[nH]c2C1,5.6777807052660805,1,,,,,,,,,,,pending_review,,
FASN-00026,FASN,CC(=O)N1Cc2[nH]c(-c3cc(C(=O)N4CCC(c5ccc(C#N)cc5)CC4)c(C)cc3C)nc2C(C)(C)C1,7.154901959985743,1,,,,,,,,,,,pending_review,,
FASN-00027,FASN,CC(=O)N1Cc2[nH]c(-c3cc(C(=O)N4CCC(c5ccc(C#N)cc5)CC4)c(C)cc3C)nc2C2(CC2)C1,6.886056647693163,1,,,,,,,,,,,pending_review,,
FASN-00028,FASN,CC(=O)NCCC(=O)N[C@H]1CC[C@@H](N(C)C(=O)c2ccc(-c3nc4ccccc4o3)cc2)C1,5.756961951313706,1,,,,,,,,,,,pending_review,,
FASN-00029,FASN,CC(=O)N[C@@H](C(=O)N[C@H]1CC[C@@H](N(C)C(=O)c2ccc(-c3nc4ccccc4o3)cc2)C1)C(C)C,4.576754126063192,1,,,,,,,,,,,pending_review,,
FASN-00030,FASN,CC(=O)N[C@@H](C)C(=O)N[C@H]1CCC(N(C)C(=O)c2ccc(-c3nc4ccccc4o3)cc2)C1,4.576754126063192,1,,,,,,,,,,,pending_review,,
FASN-00031,FASN,CC(=O)N[C@@H]1CC[C@@H](N(C)C(=O)c2ccc(-c3nc4ccccc4o3)cc2)C1,4.576754126063192,1,,,,,,,,,,,pending_review,,
FASN-00032,FASN,CC(=O)N[C@H](C(=O)N[C@H]1CC[C@@H](N(C)C(=O)c2ccc(-c3nc4ccccc4o3)cc2)C1)C(C)C,5.756961951313706,1,,,,,,,,,,,pending_review,,
FASN-00033,FASN,CC(=O)N[C@H]1CC[C@@H](C(=O)N(C)c2ccc(-c3ccccc3)cc2)C1,6.318758762624412,1,,,,,,,,,,,pending_review,,
FASN-00034,FASN,CC(=O)N[C@H]1CC[C@@H](C(=O)N(C)c2ccc(-c3nc4ccccc4[nH]3)cc2)C1,6.093543321678572,2,,,,,,,,,,,pending_review,,
FASN-00035,FASN,CC(=O)N[C@H]1CC[C@@H](C(=O)N(C)c2ccc(-c3nc4ccccc4o3)cc2)C1,6.698970004336019,1,,,,,,,,,,,pending_review,,
FASN-00036,FASN,CC(=O)Nc1cc(C(=O)N2CCC(c3ccc(C#N)cc3)CC2)ccc1C1CCC1,6.42021640338319,1,,,,,,,,,,,pending_review,,
FASN-00037,FASN,CC(=O)Nc1ccc(-c2ccc(-n3c(C[C@@H]4CCN(C(=O)C5CC5)C4)n[nH]c3=O)c(F)c2)cc1,6.400116927926312,1,,,,,,,,,,,pending_review,,
FASN-00038,FASN,CC(=O)OCc1n[nH]c(-c2cc(C(=O)N3CC(c4ccc(C#N)cc4)C3)c(C)cc2C)c1C,6.070070439915412,2,,,,,,,,,,,pending_review,,
FASN-00039,FASN,CC(=O)OCc1nc(Cl)c(-c2cc(C(=O)N3CC(F)(c4ccc(C#N)cc4)C3)ccc2C)[nH]1,7.1938200260161125,2,,,,,,,,,,,pending_review,,
FASN-00040,FASN,CC(C)(O)C(=O)N1CCN(C(=O)c2ccc(-c3ccccc3)cc2)CC1,4.455931955649724,1,,,,,,,,,,,pending_review,,
FASN-00041,FASN,CC(C)C(=O)N[C@H]1CC[C@@H](C(=O)N(C)c2ccc(-c3ccccc3)cc2)C1,6.376750709602099,1,,,,,,,,,,,pending_review,,
FASN-00042,FASN,CC(C)C(=O)N[C@H]1CC[C@@H](C(=O)N(C)c2ccc(-c3nc4ccccc4[nH]3)cc2)C1,6.06246936830415,2,,,,,,,,,,,pending_review,,
FASN-00043,FASN,CC(C)CNC(=O)Nc1cc(C(=O)N2CCC(c3ccc(C#N)cc3)CC2)ccn1,4.483068191131987,1,,,,,,,,,,,pending_review,,
FASN-00044,FASN,CC(C)CNC(=O)Nc1cc(C(=O)N2CCC(c3ccc(C#N)cc3)CC2)n(C)n1,4.8735438865681955,1,,,,,,,,,,,pending_review,,
FASN-00045,FASN,CC(C)C[C@@H]1C(=O)O[C@H]1C(=O)NCCC[C@H](NC(=O)[C@H](C)NC(=O)OCc1ccccc1)C(=O)OCc1ccccc1,6.795880017344075,1,,,,,,,,,,,pending_review,,
FASN-00046,FASN,CC(C)N1CCC2(CC1)N=C(c1ccc(-c3ccc4c(cnn4C)c3)cc1)N(C[C@@H]1CCN(C(=O)C3CC3)C1)C2=O,5.958607314841775,1,,,,,,,,,,,pending_review,,
FASN-00047,FASN,CC(C)NC(=O)Nc1cc(C(=O)N2CCC(c3ccc(C#N)cc3)CC2)n(C)n1,4.779891911959945,1,,,,,,,,,,,pending_review,,
FASN-00048,FASN,CC(C)N[C@H](C)C(=O)N[C@H]1CCC(N(C)C(=O)c2ccc(-c3nc4ccccc4o3)cc2)C1,4.576754126063192,1,,,,,,,,,,,pending_review,,
FASN-00049,FASN,CC(C)Nc1cc2nc(-c3cccc(C(=O)N4CCC(c5ccc(C#N)cc5)CC4)c3)[nH]c2cn1,6.170696227168975,1,,,,,,,,,,,pending_review,,
FASN-00050,FASN,CC(C)Nc1ccc(C(=O)Nc2cc(C(=O)N3CCC(c4ccc(C#N)cc4)CC3)cnn2)cn1,4.4996262856466265,1,,,,,,,,,,,pending_review,,
FASN-00051,FASN,CC(C)Nc1ccc(C(=O)Nc2cc(C(=O)N3CCC(c4ccc(C#N)cc4)CC3)n(C)n2)cn1,5.052223291535261,1,,,,,,,,,,,pending_review,,
FASN-00052,FASN,CC1(C(=O)N2CC(CN3C(=O)C(C)(C)N=C3c3ccc(-c4ccc5cc(F)ccc5c4)cc3F)C2)CC1,7.449771646944906,2,,,,,,,,,,,pending_review,,
FASN-00053,FASN,CC1(C(=O)N2CC[C@@H](CN3C(=O)C(C)(C)N=C3c3ccc(-c4ccc5cc(F)ccc5c4)cc3F)C2)CC1,7.259637310505756,2,,,,,,,,,,,pending_review,,
FASN-00054,FASN,CC1(C(=O)N2CC[C@@H](CN3C(=O)C4(CC4)N=C3c3ccc(-c4ccc5occc5c4)cc3)C2)CC1,7.552841968657781,1,,,,,,,,,,,pending_review,,
FASN-00055,FASN,CC1(C)N=C(c2ccc(-c3c[nH]c4ccccc34)cc2)N(CC2CN(C(=O)C3CC3)C2)C1=O,5.789949150124863,2,,,,,,,,,,,pending_review,,
FASN-00056,FASN,CC1(C)N=C(c2ccc(-c3c[nH]c4ccccc34)cc2)N(C[C@@H]2CCN(C(=O)C3CC3)C2)C1=O,6.889181726200164,3,,,,,,,,,,,pending_review,,
FASN-00057,FASN,CC1(C)N=C(c2ccc(-c3c[nH]c4ccccc34)cc2F)N(CC2CCN(C(=O)C3CC3)C2)C1=O,7.1598939055432425,1,,,,,,,,,,,pending_review,,
FASN-00058,FASN,CC1(C)N=C(c2ccc(-c3c[nH]c4ccccc34)cc2F)N(CC2CN(C(=O)C3CC3)C2)C1=O,6.690369832574101,2,,,,,,,,,,,pending_review,,
FASN-00059,FASN,CC1(C)N=C(c2ccc(-c3c[nH]c4ccccc34)cc2F)N(C[C@@H]2CCN(C(=O)C3CC3)C2)C1=O,7.1598939055432425,1,,,,,,,,,,,pending_review,,
FASN-00060,FASN,CC1(C)N=C(c2ccc(-c3ccc(-c4ccncc4)cc3)cc2)N(CC2CN(C(=O)C3CC3)C2)C1=O,6.219682687859849,2,,,,,,,,,,,pending_review,,
FASN-00061,FASN,CC1(C)N=C(c2ccc(-c3ccc(-c4ccncc4)cc3)cc2)N(C[C@@H]2CCN(C(=O)C3CC3)C2)C1=O,7.400116927926312,2,,,,,,,,,,,pending_review,,
FASN-00062,FASN,CC1(C)N=C(c2ccc(-c3ccc(-c4ccncc4)cc3)cc2F)N(CC2CN(C(=O)C3CC3)C2)C1=O,6.801342913045577,2,,,,,,,,,,,pending_review,,
FASN-00063,FASN,CC1(C)N=C(c2ccc(-c3ccc(-c4ccncc4)cc3)cc2F)N(C[C@@H]2CCN(C(=O)C3CC3)C2)C1=O,7.279840696594043,2,,,,,,,,,,,pending_review,,
FASN-00064,FASN,CC1(C)N=C(c2ccc(-c3ccc4[nH]ccc4c3)cc2)N(C[C@@H]2CCN(C(=O)C3CC3)C2)C1=O,7.204837832068501,4,,,,,,,,,,,pending_review,,
FASN-00065,FASN,CC1(C)N=C(c2ccc(-c3ccc4cc(F)ccc4c3)cc2)N(CC2CN(C(=O)C3CC3)C2)C1=O,7.019996628416253,2,,,,,,,,,,,pending_review,,
FASN-00066,FASN,CC1(C)N=C(c2ccc(-c3ccc4cc(F)ccc4c3)cc2)N(C[C@@H]2CCN(C(=O)C3CC3)C2)C1=O,7.259637310505756,2,,,,,,,,,,,pending_review,,
FASN-00067,FASN,CC1(C)N=C(c2ccc(-c3ccc4cc(F)ccc4c3)cc2F)N(CC2CCN(C(=O)C3CC3)C2)C1=O,7.480172006224281,1,,,,,,,,,,,pending_review,,
FASN-00068,FASN,CC1(C)N=C(c2ccc(-c3ccc4cc(F)ccc4c3)cc2F)N(CC2CN(C(=O)C3(O)CC3)C2)C1=O,7.51999305704285,2,,,,,,,,,,,pending_review,,
FASN-00069,FASN,CC1(C)N=C(c2ccc(-c3ccc4cc(F)ccc4c3)cc2F)N(CC2CN(C(=O)C3CC3)C2)C1=O,7.549750891680639,2,,,,,,,,,,,pending_review,,
FASN-00070,FASN,CC1(C)N=C(c2ccc(-c3ccc4cc(F)ccc4c3)cc2F)N(C[C@@H]2CCN(C(=O)C3(O)CC3)C2)C1=O,7.690369832574101,2,,,,,,,,,,,pending_review,,
FASN-00071,FASN,CC1(C)N=C(c2ccc(-c3ccc4cc(F)ccc4c3)cc2F)N(C[C@@H]2CCN(C(=O)C3CC3)C2)C1=O,7.480172006224281,1,,,,,,,,,,,pending_review,,
FASN-00072,FASN,CC1(C)N=C(c2ccc(-c3ccc4cccc(F)c4c3)cc2)N(CC2CN(C(=O)C3CC3)C2)C1=O,6.677287755511323,4,,,,,,,,,,,pending_review,,
FASN-00073,FASN,CC1(C)N=C(c2ccc(-c3ccc4cccc(F)c4c3)cc2)N(C[C@@H]2CCN(C(=O)C3CC3)C2)C1=O,7.34008379993015,2,,,,,,,,,,,pending_review,,
FASN-00074,FASN,CC1(C)N=C(c2ccc(-c3ccc4cccc(F)c4c3)cc2F)N(CC2CCN(C(=O)C3CC3)C2)C1=O,7.369572124974976,1,,,,,,,,,,,pending_review,,
FASN-00075,FASN,CC1(C)N=C(c2ccc(-c3ccc4cccc(F)c4c3)cc2F)N(CC2CN(C(=O)C3CC3)C2)C1=O,7.459670525209126,2,,,,,,,,,,,pending_review,,
FASN-00076,FASN,CC1(C)N=C(c2ccc(-c3ccc4cccc(F)c4c3)cc2F)N(C[C@@H]2CCN(C(=O)C3CC3)C2)C1=O,7.369572124974976,1,,,,,,,,,,,pending_review,,
FASN-00077,FASN,CC1(C)N=C(c2ccc(-c3ccc4cccnc4c3)cc2)N(CC2CN(C(=O)C3CC3)C2)C1=O,6.690369832574101,2,,,,,,,,,,,pending_review,,
FASN-00078,FASN,CC1(C)N=C(c2ccc(-c3ccc4cccnc4c3)cc2)N(C[C@@H]2CCN(C(=O)C3CC3)C2)C1=O,7.250147800460768,4,,,,,,,,,,,pending_review,,
FASN-00079,FASN,CC1(C)N=C(c2ccc(-c3ccc4cccnc4c3)cc2F)N(CC2CN(C(=O)C3CC3)C2)C1=O,7.050122295963125,2,,,,,,,,,,,pending_review,,
FASN-00080,FASN,CC1(C)N=C(c2ccc(-c3ccc4cccnc4c3)cc2F)N(C[C@@H]2CCN(C(=O)C3CC3)C2)C1=O,7.34008379993015,2,,,,,,,,,,,pending_review,,
FASN-00081,FASN,CC1(C)N=C(c2ccc(-c3ccc4cnccc4c3)cc2)N(CC2CN(C(=O)C3CC3)C2)C1=O,6.718966632752272,2,,,,,,,,,,,pending_review,,
FASN-00082,FASN,CC1(C)N=C(c2ccc(-c3ccc4cnccc4c3)cc2)N(C[C@@H]2CCN(C(=O)C3CC3)C2)C1=O,7.229884705212898,2,,,,,,,,,,,pending_review,,
FASN-00083,FASN,CC1(C)N=C(c2ccc(-c3ccc4cnccc4c3)cc2F)N(CC2CCN(C(=O)C3CC3)C2)C1=O,7.259637310505756,1,,,,,,,,,,,pending_review,,
FASN-00084,FASN,CC1(C)N=C(c2ccc(-c3ccc4cnccc4c3)cc2F)N(CC2CN(C(=O)C3CC3)C2)C1=O,7.170053304058364,2,,,,,,,,,,,pending_review,,
FASN-00085,FASN,CC1(C)N=C(c2ccc(-c3ccc4cnccc4c3)cc2F)N(C[C@@H]2CCN(C(=O)C3CC3)C2)C1=O,7.259637310505756,1,,,,,,,,,,,pending_review,,
FASN-00086,FASN,CC1(C)N=C(c2ccc(-c3ccc4cncnc4c3)cc2)N(CC2CN(C(=O)C3CC3)C2)C1=O,5.430041181903405,2,,,,,,,,,,,pending_review,,
FASN-00087,FASN,CC1(C)N=C(c2ccc(-c3ccc4cncnc4c3)cc2)N(C[C@@H]2CCN(C(=O)C3CC3)C2)C1=O,6.649751981665837,2,,,,,,,,,,,pending_review,,
FASN-00088,FASN,CC1(C)N=C(c2ccc(-c3ccc4cncnc4c3)cc2F)N(CC2CN(C(=O)C3CC3)C2)C1=O,6.110138278741811,1,,,,,,,,,,,pending_review,,
FASN-00089,FASN,CC1(C)N=C(c2ccc(-c3ccc4cncnc4c3)cc2F)N(C[C@@H]2CCN(C(=O)C3CC3)C2)C1=O,6.790484985457369,2,,,,,,,,,,,pending_review,,
FASN-00090,FASN,CC1(C)N=C(c2ccc(-c3ccc4ncccc4c3)cc2)N(C[C@@H]2CCN(C(=O)C3CC3)C2)C1=O,5.669992299127241,2,,,,,,,,,,,pending_review,,
FASN-00091,FASN,CC1(C)N=C(c2ccc(-c3ccc4ncccc4c3)cc2F)N(CC2CN(C(=O)C3CC3)C2)C1=O,5.0499760934766735,2,,,,,,,,,,,pending_review,,
FASN-00092,FASN,CC1(C)N=C(c2ccc(-c3ccc4ncccc4c3)cc2F)N(C[C@@H]2CCN(C(=O)C3CC3)C2)C1=O,5.860120913598763,2,,,,,,,,,,,pending_review,,
FASN-00093,FASN,CC1(C)N=C(c2ccc(-c3ccc4nccnc4c3)cc2F)N(CC2CN(C(=O)C3CC3)C2)C1=O,6.110138278741811,1,,,,,,,,,,,pending_review,,
FASN-00094,FASN,CC1(C)N=C(c2ccc(-c3ccc4occc4c3)cc2)N(C[C@@H]2CCN(C(=O)C3(F)CC3)C2)C1=O,6.920818753952375,2,,,,,,,,,,,pending_review,,
FASN-00095,FASN,CC1(C)N=C(c2ccc(-c3ccc4occc4c3)cc2)N(C[C@@H]2CCN(C(=O)C3CC3)C2)C1=O,7.089909454405932,2,,,,,,,,,,,pending_review,,
FASN-00096,FASN,CC1(C)N=C(c2ccc(-c3cccc4cnccc34)cc2F)N(CC2CN(C(=O)C3CC3)C2)C1=O,5.869988050328096,2,,,,,,,,,,,pending_review,,
FASN-00097,FASN,CC1(C)N=C(c2ccc(-c3cccc4ncccc34)cc2)N(CC2CN(C(=O)C3CC3)C2)C1=O,5.250031916490597,2,,,,,,,,,,,pending_review,,
FASN-00098,FASN,CC1(C)N=C(c2ccc(-c3cccc4ncccc34)cc2)N(C[C@@H]2CCN(C(=O)C3CC3)C2)C1=O,6.718966632752272,2,,,,,,,,,,,pending_review,,
FASN-00099,FASN,CC1(C)N=C(c2ccc(-c3cccc4ncccc34)cc2F)N(C[C@@H]2CCN(C(=O)C3CC3)C2)C1=O,6.779891911959945,2,,,,,,,,,,,pending_review,,
FASN-00100,FASN,CC1(C)N=C(c2ccc(-c3cnc4ccccc4c3)cc2)N(CC2CN(C(=O)C3CC3)C2)C1=O,5.3799681048737025,2,,,,,,,,,,,pending_review,,
FASN-00101,FASN,CC1(C)N=C(c2ccc(-c3cnc4ccccc4c3)cc2)N(C[C@@H]2CCN(C(=O)C3CC3)C2)C1=O,6.149966742310231,2,,,,,,,,,,,pending_review,,
FASN-00102,FASN,CC1(C)N=C(c2ccc(-c3cnc4ccccc4c3)cc2F)N(CC2CN(C(=O)C3CC3)C2)C1=O,5.700057099977233,2,,,,,,,,,,,pending_review,,
FASN-00103,FASN,CC1(C)N=C(c2ccc(-c3cnc4ccccc4c3)cc2F)N(C[C@@H]2CCN(C(=O)C3CC3)C2)C1=O,6.6401645176601125,2,,,,,,,,,,,pending_review,,
FASN-00104,FASN,CC1(C)N=C(c2ccc(-c3n[nH]c4ccccc34)cc2)N(CC2CN(C(=O)C3CC3)C2)C1=O,5.260032303240491,2,,,,,,,,,,,pending_review,,
FASN-00105,FASN,CC1(C)N=C(c2ccc(-c3n[nH]c4ccccc34)cc2)N(C[C@@H]2CCN(C(=O)C3CC3)C2)C1=O,5.189969213594161,2,,,,,,,,,,,pending_review,,
FASN-00106,FASN,CC1(C)N=C(c2ccc(-c3n[nH]c4ccccc34)cc2F)N(CC2CCN(C(=O)C3CC3)C2)C1=O,6.480172006224281,1,,,,,,,,,,,pending_review,,
FASN-00107,FASN,CC1(C)N=C(c2ccc(-c3n[nH]c4ccccc34)cc2F)N(CC2CN(C(=O)C3CC3)C2)C1=O,6.0,2,,,,,,,,,,,pending_review,,
FASN-00108,FASN,CC1(C)N=C(c2ccc(-c3n[nH]c4ccccc34)cc2F)N(C[C@@H]2CCN(C(=O)C3CC3)C2)C1=O,6.480172006224281,1,,,,,,,,,,,pending_review,,
FASN-00109,FASN,CC1(C)N=C(c2ccc(-c3nc4ccccc4[nH]3)cc2)N(C[C@@H]2CCN(C(=O)C3CC3)C2)C1=O,5.230021381050964,3,,,,,,,,,,,pending_review,,
FASN-00110,FASN,CC1(C)N=C(c2ccc(-c3nc4ccccc4[nH]3)cc2F)N(CC2CCN(C(=O)C3CC3)C2)C1=O,6.100179497572904,1,,,,,,,,,,,pending_review,,
FASN-00111,FASN,CC1(C)N=C(c2ccc(-c3nc4ccccc4[nH]3)cc2F)N(CC2CN(C(=O)C3CC3)C2)C1=O,5.320027305722581,2,,,,,,,,,,,pending_review,,
FASN-00112,FASN,CC1(C)N=C(c2ccc(-c3nc4ccccc4[nH]3)cc2F)N(C[C@@H]2CCN(C(=O)C3CC3)C2)C1=O,6.100179497572904,1,,,,,,,,,,,pending_review,,
FASN-00113,FASN,CC1(C)N=C(c2ccc(-c3nc4ccccc4o3)cc2)N(CC2CN(C(=O)C3CC3)C2)C1=O,5.36997914888659,2,,,,,,,,,,,pending_review,,
FASN-00114,FASN,CC1(C)N=C(c2ccc(-c3nc4ccccc4o3)cc2)N(C[C@@H]2CCN(C(=O)C3CC3)C2)C1=O,6.199970640755866,2,,,,,,,,,,,pending_review,,
FASN-00115,FASN,CC1(C)N=C(c2ccc(-c3nc4ccccc4o3)cc2F)N(CC2CN(C(=O)C3CC3)C2)C1=O,6.250263684430939,2,,,,,,,,,,,pending_review,,
FASN-00116,FASN,CC1(C)N=C(c2ccc(-c3nc4ccccc4o3)cc2F)N(C[C@@H]2CCN(C(=O)C3CC3)C2)C1=O,6.718966632752272,2,,,,,,,,,,,pending_review,,
FASN-00117,FASN,CC1(C)N=C(c2ccc(-c3nc4ccccc4s3)cc2)N(CC2CN(C(=O)C3CC3)C2)C1=O,5.739928612014925,2,,,,,,,,,,,pending_review,,
FASN-00118,FASN,CC1(C)N=C(c2ccc(-c3nc4ccccc4s3)cc2)N(C[C@@H]2CCN(C(=O)C3CC3)C2)C1=O,6.199970640755866,2,,,,,,,,,,,pending_review,,
FASN-00119,FASN,CC1(C)N=C(c2ccc(-c3nc4ccccc4s3)cc2F)N(CC2CN(C(=O)C3CC3)C2)C1=O,6.379863945026242,2,,,,,,,,,,,pending_review,,
FASN-00120,FASN,CC1(C)N=C(c2ccc(-c3nc4ccccc4s3)cc2F)N(C[C@@H]2CCN(C(=O)C3CC3)C2)C1=O,6.939302159646388,2,,,,,,,,,,,pending_review,,
FASN-00121,FASN,CC1(C2CC2)N=C(c2ccc(-c3ccc4occc4c3)cc2)N(C[C@@H]2CCN(C(=O)C3CC3)C2)C1=O,6.480172006224281,2,,,,,,,,,,,pending_review,,
FASN-00122,FASN,CC1(c2ccccc2)N=C(c2ccc(-c3ccc4[nH]ccc4c3)cc2)N(C[C@@H]2CCN(C(=O)C3CC3)C2)C1=O,7.140261433802853,2,,,,,,,,,,,pending_review,,
FASN-00123,FASN,CC1(c2ccccc2)N=C(c2ccc(-c3ccc4occc4c3)cc2)N(C[C@@H]2CCN(C(=O)C3CC3)C2)C1=O,6.809668301829708,2,,,,,,,,,,,pending_review,,
FASN-00124,FASN,CC1=C(c2cc(C(=O)N3CCC(c4ccc(C#N)cc4)CC3)ccc2C)CN=N1,6.508638306165727,1,,,,,,,,,,,pending_review,,
FASN-00125,FASN,CC1COCc2[nH]c(-c3cc(C(=O)N4CCC(F)(c5ccc(C#N)cc5)CC4)ccc3C3CCC3)nc21,7.3979400086720375,1,,,,,,,,,,,pending_review,,
FASN-00126,FASN,CC1COCc2[nH]c(-c3cc(C(=O)N4CCC(c5ccc(C#N)cc5)CC4)ccc3C3CC3)nc21,7.259637310505756,1,,,,,,,,,,,pending_review,,
FASN-00127,FASN,CCC(=O)C1=C(O)C(C)(C)C(O)=C(CC2=C(O)C(C)(C)C(O)=C(C(=O)CC)C2=O)C1=O,4.220403508742176,1,,,,,,,,,,,pending_review,,
FASN-00128,FASN,CCC(=O)C1=C(O)C(C)(C)C(O)=C(CC2=C(O)C(C)(C)C(O)=C(C(C)=O)C2=O)C1=O,4.1444808443322,1,,,,,,,,,,,pending_review,,
FASN-00129,FASN,CCC(=O)N1CCc2nc(-c3cc(C(=O)N4CCC(c5ccc(C#N)cc5)CC4)c(C)cc3C)[nH]c2C1,7.522878745280337,1,,,,,,,,,,,pending_review,,
FASN-00130,FASN,CCC(=O)N[C@@H]1CC[C@@H](N(C)C(=O)c2ccc(-c3nc4ccccc4o3)cc2)C1,4.576754126063192,1,,,,,,,,,,,pending_review,,
FASN-00131,FASN,CCC(=O)N[C@H]1CC[C@@H](C(=O)N(C)c2ccc(-c3ccccc3)cc2)C1,6.522878745280337,1,,,,,,,,,,,pending_review,,
FASN-00132,FASN,CCC(=O)N[C@H]1CC[C@@H](C(=O)N(C)c2ccc(-c3cn4ccccc4n3)cc2)C1,6.419315998882513,2,,,,,,,,,,,pending_review,,
FASN-00133,FASN,CCC(=O)N[C@H]1CC[C@@H](C(=O)N(C)c2ccc(-c3nc4ccccc4[nH]3)cc2)C1,6.721246399047171,1,,,,,,,,,,,pending_review,,
FASN-00134,FASN,CCC(=O)N[C@H]1CC[C@@H](C(=O)N(C)c2ccc(-c3nc4ccccc4n3C)cc2)C1,6.508638306165727,1,,,,,,,,,,,pending_review,,
FASN-00135,FASN,CCC(=O)N[C@H]1CC[C@@H](C(=O)N(C)c2ccc(-c3nc4ccccc4o3)cc2)C1,6.840116476708261,6,,,,,,,,,,,pending_review,,
FASN-00136,FASN,CCC(=O)N[C@H]1CC[C@@H](N(C)C(=O)c2ccc(-c3cc(F)c(C#N)c(F)c3)cc2)C1,4.576754126063192,1,,,,,,,,,,,pending_review,,
FASN-00137,FASN,CCC(=O)N[C@H]1CC[C@@H](N(C)C(=O)c2ccc(-c3cc(F)c4[nH]cc(C(N)=O)c4c3)c(F)c2)C1,5.756961951313706,1,,,,,,,,,,,pending_review,,
FASN-00138,FASN,CCC(=O)N[C@H]1CC[C@@H](N(C)C(=O)c2ccc(-c3cc(F)c4[nH]ccc4c3)nc2)C1,5.756961951313706,1,,,,,,,,,,,pending_review,,
FASN-00139,FASN,CCC(=O)N[C@H]1CC[C@@H](N(C)C(=O)c2ccc(-c3cc(F)c4[nH]ccc4c3)nn2)C1,5.756961951313706,1,,,,,,,,,,,pending_review,,
FASN-00140,FASN,CCC(=O)N[C@H]1CC[C@@H](N(C)C(=O)c2ccc(-c3cc(F)c4c(c3)CCN4)nc2)C1,5.756961951313706,1,,,,,,,,,,,pending_review,,
FASN-00141,FASN,CCC(=O)N[C@H]1CC[C@@H](N(C)C(=O)c2ccc(-c3cc4cn[nH]c4cc3C)cn2)C1,5.756961951313706,1,,,,,,,,,,,pending_review,,
FASN-00142,FASN,CCC(=O)N[C@H]1CC[C@@H](N(C)C(=O)c2ccc(-c3ccc(C(C)(C)C)cc3)cc2)C1,4.576754126063192,1,,,,,,,,,,,pending_review,,
FASN-00143,FASN,CCC(=O)N[C@H]1CC[C@@H](N(C)C(=O)c2ccc(-c3ccc(C(C)C)cc3)cc2)C1,5.756961951313706,1,,,,,,,,,,,pending_review,,
FASN-00144,FASN,CCC(=O)N[C@H]1CC[C@@H](N(C)C(=O)c2ccc(-c3ccc(C4CCC(C)CC4)cc3F)cc2)C1,5.756961951313706,1,,,,,,,,,,,pending_review,,
FASN-00145,FASN,CCC(=O)N[C@H]1CC[C@@H](N(C)C(=O)c2ccc(-c3ccc(OC(F)(F)F)cc3)cc2)C1,5.756961951313706,1,,,,,,,,,,,pending_review,,
FASN-00146,FASN,CCC(=O)N[C@H]1CC[C@@H](N(C)C(=O)c2ccc(-c3ccc4c(c3)C(F)(F)C(=O)N4)nc2)C1,4.576754126063192,1,,,,,,,,,,,pending_review,,
FASN-00147,FASN,CCC(=O)N[C@H]1CC[C@@H](N(C)C(=O)c2ccc(-c3nc4ccc(Cl)cc4o3)nn2)C1,4.576754126063192,1,,,,,,,,,,,pending_review,,
FASN-00148,FASN,CCC(=O)N[C@H]1CC[C@@H](N(C)C(=O)c2ccc(-c3ncc[nH]3)cc2)C1,4.576754126063192,1,,,,,,,,,,,pending_review,,
FASN-00149,FASN,CCC(=O)N[C@H]1CC[C@@H](N(C)C(=O)c2cnc(-c3cc(F)c4[nH]ccc4c3)c(F)c2)C1,5.756961951313706,1,,,,,,,,,,,pending_review,,
FASN-00150,FASN,CCC(=O)N[C@H]1CC[C@@H](N(C)C(=O)c2cnc(-c3cc(F)c4[nH]ccc4c3)cc2C)C1,5.756961951313706,1,,,,,,,,,,,pending_review,,
FASN-00151,FASN,CCC(=O)N[C@H]1CC[C@@H](N(C)C(=O)c2cnc(-c3nc4ccc(Cl)cc4o3)cn2)C1,5.756961951313706,1,,,,,,,,,,,pending_review,,
FASN-00152,FASN,CCC(=O)N[C@H]1CC[C@@H](N(C)C(=O)c2ncc(-c3nc4ccc(Cl)cc4o3)cn2)C1,4.576754126063192,1,,,,,,,,,,,pending_review,,
FASN-00153,FASN,CCC(CC)c1cc(C)c(C(=O)N2CCC(c3ccc(C#N)cc3)CC2)cc1-c1nnc(C)[nH]1,5.917214629683549,1,,,,,,,,,,,pending_review,,
FASN-00154,FASN,CCCC(=O)C1=C(O)C(C)(C)C(O)=C(CC2=C(O)C(C)(C)C(O)=C(C(=O)CC)C2=O)C1=O,4.251037138743839,1,,,,,,,,,,,pending_review,,
FASN-00155,FASN,CCCC(=O)C1=C(O)C(C)C(O)=C(CC2=C(O)C(C)(C)C(O)=C(C(=O)CC)C2=O)C1=O,4.636388020107856,1,,,,,,,,,,,pending_review,,
FASN-00156,FASN,CCCC(=O)C1=C(O)C(C)C(O)=C(CC2=C(O)C(C)(C)C(O)=C(C(C)=O)C2=O)C1=O,4.542118103266008,1,,,,,,,,,,,pending_review,,
FASN-00157,FASN,CCCC(=O)C1=C(O)CC(O)=C(CC2=C(O)C(C)(C)C(O)=C(C(C)=O)C2=O)C1=O,4.527243550682788,1,,,,,,,,,,,pending_review,,
FASN-00158,FASN,CCCC(=O)C1=C(OC)C(C)C(O)=C(CC2=C(O)C(C)(C)C(O)=C(C(=O)CCC)C2=O)C1=O,4.486782399932061,1,,,,,,,,,,,pending_review,,
FASN-00159,FASN,CCCC(=O)N[C@H]1CC[C@@H](C(=O)N(C)c2ccc(-c3nc4ccccc4o3)cc2)C1,6.376750709602099,1,,,,,,,,,,,pending_review,,
FASN-00160,FASN,CCCC(=O)c1c(O)c(C)c(O)c(Cc2c(O)c(C)c(O)c(C(=O)CCC)c2O)c1O,4.5951662833800615,1,,,,,,,,,,,pending_review,,
FASN-00161,FASN,CCCC(=O)c1c(O)c(CC2=C(O)C(C)(C)C(O)=C(C(C)=O)C2=O)c(O)c(CC2=C(O)C(C)(C)C(O)=C(C(=O)CC)C2=O)c1O,4.508638306165727,1,,,,,,,,,,,pending_review,,
FASN-00162,FASN,CCCC(=O)c1c(O)cc(OC)c(C)c1O,4.308918507877031,1,,,,,,,,,,,pending_review,,
FASN-00163,FASN,CCCC1CCC(c2ccc(-c3ccc(C(=O)N(C)[C@@H]4CC[C@H](NC(=O)CC)C4)cc3)cc2)OC1,5.756961951313706,1,,,,,,,,,,,pending_review,,
FASN-00164,FASN,CCCCC/C=C\C=C\CCCCCCCCC(=O)O,4.0,1,,,,,,,,,,,pending_review,,
FASN-00165,FASN,CCCCCCCCCCC[C@@H](C[C@@H]1OC(=O)[C@H]1CCCCCC)OC(=O)[C@H](CC(C)C)NC=O,4.5134614855344175,2,,,,,,,,,,,pending_review,,
FASN-00166,FASN,CCCCCC[C@@H]1C(=O)O[C@H]1C(=O)NCCCC[C@@H]1NC(=O)N([C@@H](C)C(=O)OCc2ccccc2)C1=O,5.255707016877324,1,,,,,,,,,,,pending_review,,
FASN-00167,FASN,CCCCCC[C@@H]1C(=O)O[C@H]1C(=O)NCCCC[C@H](NC(=O)CNC(=O)OCc1ccccc1)C(=O)OCc1ccccc1,5.0195421077239,1,,,,,,,,,,,pending_review,,
FASN-00168,FASN,CCCCCC[C@@H]1C(=O)O[C@H]1C(=O)NCCCC[C@H](NC(=O)OCc1ccccc1)C(=O)N[C@@H](C)C(=O)OCc1ccccc1,5.823908740944319,1,,,,,,,,,,,pending_review,,
FASN-00169,FASN,CCCCCC[C@@H]1C(=O)O[C@H]1C(=O)NCCCC[C@H](NC(=O)[C@H](C)NC(=O)OCc1ccccc1)C(=O)OCc1ccccc1,5.498940737782249,1,,,,,,,,,,,pending_review,,
FASN-00170,FASN,CCCCCC[C@@H]1C(=O)O[C@H]1C(=O)NCCCC[C@H](NC(=O)[C@H](C)NC(=O)c1ccc(Br)cc1)C(=O)OCc1ccccc1,5.317854923626168,1,,,,,,,,,,,pending_review,,
FASN-00171,FASN,CCCCCC[C@@H]1C(=O)O[C@H]1C(=O)NCCC[C@H](NC(=O)[C@H](C)NC(=O)OCc1ccccc1)C(=O)OCc1ccccc1,6.078695380194719,2,,,,,,,,,,,pending_review,,
FASN-00172,FASN,CCCCCC[C@@]1(C)C(=O)O[C@@H]1C(=O)NCCCC[C@H](NC(=O)[C@H](C)NC(=O)OCc1ccccc1)C(=O)OCc1ccccc1,5.507239610973162,1,,,,,,,,,,,pending_review,,
FASN-00173,FASN,CCCCCC[C@@]1(C)C(=O)O[C@H]1C(=O)NCCCC[C@H](NC(=O)[C@H](C)NC(=O)OCc1ccccc1)C(=O)OCc1ccccc1,5.924453038607469,1,,,,,,,,,,,pending_review,,
FASN-00174,FASN,CCCCCC[C@H]1C(=O)O[C@@H]1C(=O)NCCCC[C@H](NC(=O)CNC(=O)OCc1ccccc1)C(=O)OCc1ccccc1,5.07727454200674,1,,,,,,,,,,,pending_review,,
FASN-00175,FASN,CCCCCC[C@H]1C(=O)O[C@@H]1C(=O)NCCCC[C@H](NC(=O)OCc1ccccc1)C(=O)N[C@@H](C)C(=O)OCc1ccccc1,4.8996294548824375,1,,,,,,,,,,,pending_review,,
FASN-00176,FASN,CCCCCC[C@]1(C)C(=O)O[C@H]1C(=O)NCCCC[C@H](NC(=O)[C@H](C)NC(=O)OCc1ccccc1)C(=O)OCc1ccccc1,5.583359492661719,1,,,,,,,,,,,pending_review,,
FASN-00177,FASN,CCC[C@@H]1C(=O)O[C@H]1C(=O)NCCC[C@H](NC(=O)[C@H](C)NC(=O)OCc1ccccc1)C(=O)OCc1ccccc1,6.795880017344075,1,,,,,,,,,,,pending_review,,
FASN-00178,FASN,CCCc1cc(C)c(-c2nnc(COC)[nH]2)cc1C(=O)N1CCC(c2ccc(C#N)cc2)CC1,4.954481437115507,1,,,,,,,,,,,pending_review,,
FASN-00179,FASN,CCN(CC)c1cc(C)c(C(=O)N2CCC(c3ccc(C#N)cc3)CC2)cc1-c1nnc(C)[nH]1,5.917214629683549,1,,,,,,,,,,,pending_review,,
FASN-00180,FASN,CCN1CC2(CCN(S(=O)(=O)c3ccc(-c4ccc5occc5c4)cc3)CC2)OCC1=O,6.600326278518962,1,,,,,,,,,,,pending_review,,
FASN-00181,FASN,CCN1CCc2[nH]c(-c3cc(C(=O)N4CCC(c5ccc(C#N)cc5)CC4)c(C)cc3C)nc2C1,7.221848749616356,1,,,,,,,,,,,pending_review,,
FASN-00182,FASN,CCNC(=O)N[C@H]1CC[C@@H](C(=O)N(C)c2ccc(-c3ccccc3)cc2)C1,6.06246936830415,2,,,,,,,,,,,pending_review,,
FASN-00183,FASN,CCNC(=O)N[C@H]1CC[C@@H](C(=O)N(C)c2ccc(-c3nc4ccccc4[nH]3)cc2)C1,6.3979400086720375,1,,,,,,,,,,,pending_review,,
FASN-00184,FASN,CCNC(=O)N[C@H]1CC[C@@H](C(=O)N(C)c2ccc(-c3nc4ccccc4n3C)cc2)C1,6.0774509799928715,2,,,,,,,,,,,pending_review,,
FASN-00185,FASN,CCNC(=O)N[C@H]1CC[C@@H](C(=O)N(C)c2ccc(-c3nc4ccccc4o3)cc2)C1,6.2883770630315965,2,,,,,,,,,,,pending_review,,
FASN-00186,FASN,CCNC(=O)c1cc(C(=O)N2CCC(c3ccc(C#N)cc3)CC2)c(C)cc1C1CCC1,7.045757490560675,1,,,,,,,,,,,pending_review,,
FASN-00187,FASN,CCNC(=O)c1ccnc(Nc2cc(C(=O)N3CCC(c4ccc(C#N)cc4)CC3)ccc2C)c1,5.96657624451305,1,,,,,,,,,,,pending_review,,
FASN-00188,FASN,CCOC(=O)N1CCc2nc(-c3cc(C(=O)N4CCC(c5ccc(C#N)cc5)CC4)ccc3C3CCC3)[nH]c2C1,7.301029995663981,1,,,,,,,,,,,pending_review,,
FASN-00189,FASN,CCOCCOc1n[nH]c(-c2cc(C(=O)N3CC(c4ccc(C#N)cc4)C3)ccc2C)c1C,7.698970004336019,1,,,,,,,,,,,pending_review,,
FASN-00190,FASN,CCOCc1nnc(-c2cc(C(=O)N3CCC(F)(c4ccc(C#N)cc4)CC3)c(C)cc2CC)[nH]1,6.619788758288394,1,,,,,,,,,,,pending_review,,
FASN-00191,FASN,CCOc1ccc(C2CN(C(=O)c3ccc(C)c(-c4[nH]nc(OCCO)c4C)c3)C2)cc1,7.657577319177793,1,,,,,,,,,,,pending_review,,
FASN-00192,FASN,CCOc1nnc(-c2cc(C(=O)N3CCC(F)(c4ccc(C#N)cc4)CC3)c(C)cc2C2CCC2)[nH]1,7.259637310505756,1,,,,,,,,,,,pending_review,,
FASN-00193,FASN,CCOc1nnc(-c2cc(C(=O)N3CCC(F)(c4ccc(C#N)cc4)CC3)c(CC)cc2C2CC2)[nH]1,7.154901959985743,1,,,,,,,,,,,pending_review,,
FASN-00194,FASN,CCOc1nnc(-c2cc(C(=O)N3CCC(F)(c4ccc(C#N)cc4)CC3)c(CC)cc2C2CCC2)[nH]1,6.769551078621726,1,,,,,,,,,,,pending_review,,
FASN-00195,FASN,CCOc1nnc(-c2cc(C(=O)N3CCC(F)(c4ccc(C(F)(F)F)cc4)CC3)c(C)cc2C2CCC2)[nH]1,6.6020599913279625,1,,,,,,,,,,,pending_review,,
FASN-00196,FASN,CCOc1nnc(-c2cc(C(=O)N3CCC(c4ccc(C#N)cc4)CC3)c(C)cc2C)[nH]1,6.657577319177793,1,,,,,,,,,,,pending_review,,
FASN-00197,FASN,CCOc1nnc(-c2cc(C(=O)N3CCC(c4ccc(C#N)cc4)CC3)c(C)cc2C2CCC2)[nH]1,7.070581074285707,1,,,,,,,,,,,pending_review,,
FASN-00198,FASN,CCOc1nnc(-c2cc(C(=O)N3CCC(c4ccc(C#N)cc4)CC3)c(CC)cc2C)[nH]1,6.136677139879544,1,,,,,,,,,,,pending_review,,
FASN-00199,FASN,CCOc1nnc(-c2cc(C(=O)N3CCC(c4ccc(C#N)cc4)CC3)c(CC)cc2C2CC2)[nH]1,6.958607314841775,1,,,,,,,,,,,pending_review,,
FASN-00200,FASN,CCOc1nnc(-c2cc(C(=O)N3CCC(c4ccc(C#N)cc4)CC3)c(CC)cc2C2CCC2)[nH]1,7.096910013008056,1,,,,,,,,,,,pending_review,,
FASN-00201,FASN,CCOc1nnc(-c2cc(C(=O)N3CCC(c4ccc(C#N)cc4)CC3)c(CC)cc2CC)[nH]1,6.709965388637482,1,,,,,,,,,,,pending_review,,
FASN-00202,FASN,CCOc1nnc(-c2cc(C(=O)N3CCC(c4ccc(C#N)cc4)CC3)ccc2C)[nH]1,5.767003889607846,1,,,,,,,,,,,pending_review,,
FASN-00203,FASN,CC[C@@H](C)CC(=O)N[C@@H]1CC[C@@H](N(C)C(=O)c2ccc(-c3nc4ccccc4o3)cc2)C1,4.576754126063192,1,,,,,,,,,,,pending_review,,
FASN-00204,FASN,CC[C@H](C)[C@H](NC(=O)[C@@H](N)CCC(=O)O)C(=O)N[C@H](C(=O)N1CCC[C@H]1C(=O)N[C@@H](CCC(=O)O)C(=O)N[C@@H](CCCCN)C(=O)N[C@@H](CC(N)=O)C(=O)N1CCC[C@H]1C(=O)N[C@@H](CCC(N)=O)C(=O)N[C@@H](CC(C)C)C(=O)N[C@@H](CCCNC(=N)N)C(=O)O)[C@@H](C)O,5.0,1,,,,,,,,,,,pending_review,,
FASN-00205,FASN,CCc1c(F)n[nH]c1-c1cc(C(=O)N2CC(c3ccc(C#N)cc3)C2)c(C)cc1C,7.200659450546418,2,,,,,,,,,,,pending_review,,
FASN-00206,FASN,CCc1cc(-c2cc(C(=O)N3CCC(c4ccc(C#N)cc4)CC3)c(C)cc2C2CCC2)n[nH]1,6.309803919971486,1,,,,,,,,,,,pending_review,,
FASN-00207,FASN,CCc1cc(C)c(-c2nc3c([nH]2)COCC3)cc1C(=O)N1CCC(c2ccc(C#N)cc2)CC1,7.187086643357144,1,,,,,,,,,,,pending_review,,
FASN-00208,FASN,CCc1cc(C)c(-c2nc3c([nH]2)COCC3C)cc1C(=O)N1CCC(c2ccc(C#N)cc2)CC1,6.585026652029182,1,,,,,,,,,,,pending_review,,
FASN-00209,FASN,CCc1cc(C)c(-c2nnc(C(C)COC)[nH]2)cc1C(=O)N1CCC(c2ccc(C#N)cc2)CC1,6.356547323513812,1,,,,,,,,,,,pending_review,,
FASN-00210,FASN,CCc1cc(C)c(-c2nnc(C3CCOC3)[nH]2)cc1C(=O)N1CCC(c2ccc(C#N)cc2)CC1,6.522878745280337,1,,,,,,,,,,,pending_review,,
FASN-00211,FASN,CCc1cc(C)c(-c2nnc(CCOC)[nH]2)cc1C(=O)N1CCC(c2ccc(C#N)cc2)CC1,6.698970004336019,1,,,,,,,,,,,pending_review,,
FASN-00212,FASN,CCc1cc(C)c(-c2nnc(COC)[nH]2)cc1C(=O)N1CCC(c2ccc(C#N)cc2)CC1,6.3979400086720375,1,,,,,,,,,,,pending_review,,
FASN-00213,FASN,CCc1cc(C)c(-c2nnc(N3CCOCC3)[nH]2)cc1C(=O)N1CCC(c2ccc(C#N)cc2)CC1,6.080921907623926,1,,,,,,,,,,,pending_review,,
FASN-00214,FASN,CCc1cc(C)c(C(=O)N2CCC(F)(c3ccc(C#N)cc3)CC2)cc1-c1nc2c([nH]1)CN(C(C)=O)CC2,7.522878745280337,1,,,,,,,,,,,pending_review,,
FASN-00215,FASN,CCc1cc(C)c(C(=O)N2CCC(F)(c3ccc(C#N)cc3)CC2)cc1-c1nc2c([nH]1)COCC2,6.585026652029182,1,,,,,,,,,,,pending_review,,
FASN-00216,FASN,CCc1cc(C)c(C(=O)N2CCC(F)(c3ccc(C#N)cc3)CC2)cc1-c1nnc(CCOC)[nH]1,6.7447274948966935,1,,,,,,,,,,,pending_review,,
FASN-00217,FASN,CCc1cc(C)c(C(=O)N2CCC(F)(c3ccc(C#N)cc3)CC2)cc1-c1nnc(COC(C)C)[nH]1,6.376750709602099,1,,,,,,,,,,,pending_review,,
FASN-00218,FASN,CCc1cc(C)c(C(=O)N2CCC(F)(c3ccc(C#N)cc3)CC2)cc1NC(=O)NC[C@H]1CCCO1,7.455931955649724,1,,,,,,,,,,,pending_review,,
FASN-00219,FASN,CCc1cc(C)c(C(=O)N2CCC(F)(c3ccc(C#N)cc3)CC2)cc1NC(=O)N[C@@H]1CCOC1,6.309803919971486,1,,,,,,,,,,,pending_review,,
FASN-00220,FASN,CCc1cc(C)c(C(=O)N2CCC(F)(c3ccc(C#N)cc3)CC2)cc1NC(=O)c1ccc(N(C)CCOC)nc1,7.346787486224656,1,,,,,,,,,,,pending_review,,
FASN-00221,FASN,CCc1cc(C)c(C(=O)N2CCC(F)(c3ccc(C#N)cc3)CC2)cc1NC(=O)c1ccc(N2CCC2)nc1,7.096910013008056,1,,,,,,,,,,,pending_review,,
FASN-00222,FASN,CCc1cc(C)c(C(=O)N2CCC(F)(c3ccc(C#N)cc3)CC2)cc1NC(=O)c1ccc(N2CCOCC2)nc1,7.6020599913279625,1,,,,,,,,,,,pending_review,,
FASN-00223,FASN,CCc1cc(C)c(C(=O)N2CCC(F)(c3ccc(C#N)cc3)CC2)cc1NC(=O)c1ccc(NC(C)C)nc1,7.045757490560675,1,,,,,,,,,,,pending_review,,
FASN-00224,FASN,CCc1cc(C)c(C(=O)N2CCC(F)(c3ccc(C#N)cn3)CC2)cc1NC(=O)c1ccc(N2CCC2)nc1,6.638272163982407,1,,,,,,,,,,,pending_review,,
FASN-00225,FASN,CCc1cc(C)c(C(=O)N2CCC(F)(c3ccc(C#N)cn3)CC2)cc1NC(=O)c1ccc(N2CCOCC2)nc1,6.292429823902063,1,,,,,,,,,,,pending_review,,
FASN-00226,FASN,CCc1cc(C)c(C(=O)N2CCC(F)(c3ccc(C#N)cn3)CC2)cc1NC(=O)c1cnc(N2CCOCC2)nc1,7.031517051446065,1,,,,,,,,,,,pending_review,,
FASN-00227,FASN,CCc1cc(C)c(C(=O)N2CCC(c3ccc(C#N)cc3)CC2)cc1-c1nc2c([nH]1)CN(C(C)=O)CC2,7.455931955649724,1,,,,,,,,,,,pending_review,,
FASN-00228,FASN,CCc1cc(C)c(C(=O)N2CCC(c3ccc(C#N)cc3)CC2)cc1-c1nc2c([nH]1)COCC2,6.8696662315049934,1,,,,,,,,,,,pending_review,,
FASN-00229,FASN,CCc1cc(C)c(C(=O)N2CCC(c3ccc(C#N)cc3)CC2)cc1-c1nnc(C2CCOC2)[nH]1,6.522878745280337,1,,,,,,,,,,,pending_review,,
FASN-00230,FASN,CCc1cc(C)c(C(=O)N2CCC(c3ccc(C#N)cc3)CC2)cc1-c1nnc(CCOC)[nH]1,6.6020599913279625,1,,,,,,,,,,,pending_review,,
FASN-00231,FASN,CCc1cc(C)c(NC(=O)NC2CCCOC2)cc1C(=O)N1CCC(F)(c2ccc(C#N)cc2)CC1,7.0,1,,,,,,,,,,,pending_review,,
FASN-00232,FASN,CCc1cc(C)c(NC(=O)NC[C@H]2CCCO2)cc1C(=O)N1CCC(F)(c2ccc(C#N)cc2)CC1,7.045757490560675,1,,,,,,,,,,,pending_review,,
FASN-00233,FASN,CCc1cc(C)c(NC(=O)O[C@@H]2CCOC2)cc1C(=O)N1CCC(F)(c2ccc(C#N)cc2)CC1,6.6020599913279625,1,,,,,,,,,,,pending_review,,
FASN-00234,FASN,CCc1cc(C)c(NC(=O)O[C@H]2CCOC2)cc1C(=O)N1CCC(F)(c2ccc(C#N)cc2)CC1,6.853871964321762,1,,,,,,,,,,,pending_review,,
FASN-00235,FASN,CCc1cc(C)c(NC(=O)c2ccc(N(C)CCOC)nc2)cc1C(=O)N1CCC(F)(c2ccc(C#N)cc2)CC1,7.070581074285707,1,,,,,,,,,,,pending_review,,
FASN-00236,FASN,CCc1cc(C)c(NC(=O)c2ccc(NC(C)C)nc2)cc1C(=O)N1CCC(F)(c2ccc(C#N)cc2)CC1,6.769551078621726,1,,,,,,,,,,,pending_review,,
FASN-00237,FASN,CCc1cc(C2CC2)c(-c2nc3c([nH]2)CN(C(=O)OC)CC3)cc1C(=O)N1CCC(c2ccc(C#N)cc2)CC1,7.455931955649724,1,,,,,,,,,,,pending_review,,
FASN-00238,FASN,CCc1cc(C2CC2)c(-c2nc3c([nH]2)CN(C)CC3)cc1C(=O)N1CCC(c2ccc(C#N)cc2)CC1,7.455931955649724,1,,,,,,,,,,,pending_review,,
FASN-00239,FASN,CCc1cc(C2CC2)c(-c2nc3c([nH]2)COCC3)cc1C(=O)N1CCC(c2ccc(C#N)cc2)CC1,7.113509274827518,1,,,,,,,,,,,pending_review,,
FASN-00240,FASN,CCc1cc(C2CC2)c(-c2nnc(CCOC)[nH]2)cc1C(=O)N1CCC(c2ccc(C#N)cc2)CC1,6.838631997765026,1,,,,,,,,,,,pending_review,,
FASN-00241,FASN,CCc1cc(C2CC2)c(-c2nnc(COC)[nH]2)cc1C(=O)N1CCC(c2ccc(C#N)cc2)CC1,6.769551078621726,1,,,,,,,,,,,pending_review,,
FASN-00242,FASN,CCc1cc(C2CC2)c(-c2nnc(OC)[nH]2)cc1C(=O)N1CC(F)(c2ccc(C#N)cc2)C1,6.920818753952375,2,,,,,,,,,,,pending_review,,
FASN-00243,FASN,CCc1cc(C2CC2)c(-c2nnc(OC)[nH]2)cc1C(=O)N1CC(c2ccc(C#N)cc2)C1,6.978810700930062,2,,,,,,,,,,,pending_review,,
FASN-00244,FASN,CCc1cc(C2CC2)c(-c2nnc(OC)[nH]2)cc1C(=O)N1CCC(F)(c2ccc(C#N)cc2)CC1,7.259637310505756,1,,,,,,,,,,,pending_review,,
FASN-00245,FASN,CCc1cc(C2CC2)c(-c2nnc(OC)[nH]2)cc1C(=O)N1CCC(c2ccc(C#N)cc2)CC1,7.045757490560675,1,,,,,,,,,,,pending_review,,
FASN-00246,FASN,CCc1cc(C2CCC2)c(-c2nnc(CCOC)[nH]2)cc1C(=O)N1CCC(F)(c2ccc(C#N)cc2)CC1,7.187086643357144,1,,,,,,,,,,,pending_review,,
FASN-00247,FASN,CCc1cc(C2CCC2)c(-c2nnc(CCOC)[nH]2)cc1C(=O)N1CCC(c2ccc(C#N)cc2)CC1,7.154901959985743,1,,,,,,,,,,,pending_review,,
FASN-00248,FASN,CCc1cc(C2CCC2)c(-c2nnc(COC)[nH]2)cc1C(=O)N1CCC(F)(c2ccc(C#N)cc2)CC1,7.070581074285707,1,,,,,,,,,,,pending_review,,
FASN-00249,FASN,CCc1cc(C2CCC2)c(-c2nnc(COC)[nH]2)cc1C(=O)N1CCC(c2ccc(C#N)cc2)CC1,7.096910013008056,1,,,,,,,,,,,pending_review,,
FASN-00250,FASN,CCc1cc(C2CCC2)c(-c2nnc(OC)[nH]2)cc1C(=O)N1CCC(F)(c2ccc(C#N)cc2)CC1,7.0,1,,,,,,,,,,,pending_review,,
FASN-00251,FASN,CCc1cc(C2CCC2)c(-c2nnc(OC)[nH]2)cc1C(=O)N1CCC(c2ccc(C#N)cc2)CC1,7.045757490560675,1,,,,,,,,,,,pending_review,,
FASN-00252,FASN,CCc1cc(CC)c(-c2nc3c([nH]2)CN(C(C)=O)CC3)cc1C(=O)N1CCC(c2ccc(C#N)cc2)CC1,7.3979400086720375,1,,,,,,,,,,,pending_review,,
FASN-00253,FASN,CCc1cc(CC)c(-c2nc3c([nH]2)COCC3)cc1C(=O)N1CCC(F)(c2ccc(C#N)cc2)CC1,7.301029995663981,1,,,,,,,,,,,pending_review,,
FASN-00254,FASN,CCc1cc(CC)c(-c2nnc(C3CCOC3)[nH]2)cc1C(=O)N1CCC(c2ccc(C#N)cc2)CC1,6.508638306165727,1,,,,,,,,,,,pending_review,,
FASN-00255,FASN,CCc1cc(CC)c(-c2nnc(CCOC)[nH]2)cc1C(=O)N1CCC(c2ccc(C#N)cc2)CC1,6.978810700930062,1,,,,,,,,,,,pending_review,,
FASN-00256,FASN,CCc1cc(CC)c(-c2nnc(OC)[nH]2)cc1C(=O)N1CCC(c2ccc(C#N)cc2)CC1,7.0,1,,,,,,,,,,,pending_review,,
FASN-00257,FASN,CCc1cc(Cl)c(-c2nc3c([nH]2)CN(C(C)=O)CC3)cc1C(=O)N1CCC(c2ccc(C#N)cc2)CC1,6.958607314841775,1,,,,,,,,,,,pending_review,,
FASN-00258,FASN,CCc1cc(Cl)c(-c2nc3c([nH]2)COCC3)cc1C(=O)N1CCC(F)(c2ccc(C#N)cc2)CC1,6.638272163982407,1,,,,,,,,,,,pending_review,,
FASN-00259,FASN,CCc1cc(Cl)c(-c2nnc(C3CCOC3)[nH]2)cc1C(=O)N1CCC(c2ccc(C#N)cc2)CC1,5.899629454882437,1,,,,,,,,,,,pending_review,,
FASN-00260,FASN,CCc1cc(Cl)c(-c2nnc(CCOC)[nH]2)cc1C(=O)N1CCC(c2ccc(C#N)cc2)CC1,6.255707016877324,1,,,,,,,,,,,pending_review,,
FASN-00261,FASN,CCc1cc(Cl)c(NC(=O)NC[C@H]2CCCO2)cc1C(=O)N1CCC(F)(c2ccc(C#N)cc2)CC1,6.853871964321762,1,,,,,,,,,,,pending_review,,
FASN-00262,FASN,CCc1cc(Cl)c(NC(=O)NC[C@H]2CCCO2)cc1C(=O)N1CCC(F)(c2ccc(F)cc2)CC1,4.903785414653595,1,,,,,,,,,,,pending_review,,
FASN-00263,FASN,CCc1cc(F)c(-c2nc3c([nH]2)COCC3)cc1C(=O)N1CCC(F)(c2ccc(C#N)cc2)CC1,5.94692155651658,1,,,,,,,,,,,pending_review,,
FASN-00264,FASN,CCc1cc(F)c(C(=O)N2CCC(c3ccc(C#N)cc3)CC2)cc1-c1nnc(CCOC)[nH]1,5.08460016478773,1,,,,,,,,,,,pending_review,,
FASN-00265,FASN,CCc1ccc(C(=O)N2CC(c3ccc(C#N)cc3)C2)cc1-c1[nH]nc(OCCO)c1C,7.795880017344075,1,,,,,,,,,,,pending_review,,
FASN-00266,FASN,CCc1ccc(C(=O)N2CCC(F)(c3ccc(C#N)cc3)CC2)cc1NC(=O)NC1CCOC1,7.455931955649724,1,,,,,,,,,,,pending_review,,
FASN-00267,FASN,CCc1ccc(C(=O)N2CCC(F)(c3ccc(C#N)cc3)CC2)cc1NC(=O)c1ccc(N2CCC2)nc1,7.455931955649724,1,,,,,,,,,,,pending_review,,
FASN-00268,FASN,CCc1ccc(C(=O)N2CCC(c3ccc(C#N)cc3)CC2)cc1-c1[nH]c(COC)nc1C,7.522878745280337,2,,,,,,,,,,,pending_review,,
FASN-00269,FASN,CCc1cnc(-c2cc(C(=O)N3CCC(c4ccc(C#N)cc4)CC3)c(C)cc2C2CCC2)[nH]1,7.698970004336019,1,,,,,,,,,,,pending_review,,
FASN-00270,FASN,CCc1nc(C(F)(F)F)[nH]c1-c1cc(C(=O)N2CC(c3ccc(C#N)cc3)C2)ccc1C,7.6777807052660805,2,,,,,,,,,,,pending_review,,
FASN-00271,FASN,CCc1nc(COC)[nH]c1-c1cc(C(=O)N2CCC(c3ccc(C#N)cc3)CC2)ccc1C,7.346787486224656,2,,,,,,,,,,,pending_review,,
FASN-00272,FASN,CCc1ncc(-c2cc(C(=O)N3CCC(c4ccc(C#N)cc4)CC3)c(C)cc2C2CCC2)[nH]1,7.522878745280337,1,,,,,,,,,,,pending_review,,
FASN-00273,FASN,CCc1nnc(-c2cc(C(=O)N3CCC(F)(c4ccc(C#N)cc4)CC3)c(C)cc2C2CCC2)[nH]1,7.3979400086720375,1,,,,,,,,,,,pending_review,,
FASN-00274,FASN,CCc1nnc(-c2cc(C(=O)N3CCC(F)(c4ccc(C#N)cc4)CC3)c(CC)cc2C2CCC2)[nH]1,7.259637310505756,1,,,,,,,,,,,pending_review,,
FASN-00275,FASN,CCc1nnc(-c2cc(C(=O)N3CCC(F)(c4ccc(C#N)cc4)CC3)ccc2C2CCC2)[nH]1,7.221848749616356,1,,,,,,,,,,,pending_review,,
FASN-00276,FASN,CCc1nnc(-c2cc(C(=O)N3CCC(c4ccc(C#N)cc4)CC3)c(C)cc2C2CC(F)(F)C2)[nH]1,6.522878745280337,1,,,,,,,,,,,pending_review,,
FASN-00277,FASN,CCc1nnc(-c2cc(C(=O)N3CCC(c4ccc(C#N)cc4)CC3)c(C)cc2C2CCC2)[nH]1,7.041773025725037,2,,,,,,,,,,,pending_review,,
FASN-00278,FASN,CCc1nnc(-c2cc(C(=O)N3CCC(c4ccc(C#N)cc4)CC3)c(C)cc2C2CCC2)o1,4.508778423760717,1,,,,,,,,,,,pending_review,,
FASN-00279,FASN,CCc1nnc(-c2cc(C(=O)N3CCC(c4ccc(C#N)cc4)CC3)c(C)cc2CC2CCC2)[nH]1,6.568636235841012,1,,,,,,,,,,,pending_review,,
FASN-00280,FASN,CCc1nnc(-c2cc(C(=O)N3CCC(c4ccc(C#N)cc4)CC3)c(C)cc2SC)[nH]1,5.876148359032914,1,,,,,,,,,,,pending_review,,
FASN-00281,FASN,CCc1nnc(-c2cc(C(=O)N3CCC(c4ccc(C#N)cc4)CC3)ccc2C)[nH]1,5.648783654660658,1,,,,,,,,,,,pending_review,,
FASN-00282,FASN,CCc1nnc(-c2cc(C(=O)N3CCC(c4ccc(C#N)cc4)CC3)ccc2C2CCC2)[nH]1,7.045757490560675,1,,,,,,,,,,,pending_review,,
FASN-00283,FASN,CCc1nnc(-c2cc(C(=O)N3CCC(c4ccc(C#N)cc4)CC3C)c(C)cc2C2CCC2)[nH]1,5.2225731776106885,1,,,,,,,,,,,pending_review,,
FASN-00284,FASN,CCc1nnc(-c2cc(C(=O)N3CCC(c4ccc(C#N)cc4)CC3C)c(CC)cc2C2CCC2)[nH]1,6.939302159646388,1,,,,,,,,,,,pending_review,,
FASN-00285,FASN,CCc1nnc(Nc2cc(C(=O)N3CCC(c4ccc(C#N)cc4)CC3)ccc2C)[nH]1,5.488116639021126,1,,,,,,,,,,,pending_review,,
FASN-00286,FASN,CCc1nnc(Nc2cc(C(=O)N3CCC(c4ccc(C#N)cc4)CC3)ccc2C)o1,5.997833938243492,1,,,,,,,,,,,pending_review,,
FASN-00287,FASN,CN(C(=O)[C@@H]1CC[C@H](NC(=O)C(F)F)C1)c1ccc(-c2nc3ccccc3o2)cc1,6.568636235841012,1,,,,,,,,,,,pending_review,,
FASN-00288,FASN,CN(C(=O)c1ccc(-c2nc3ccc(Cl)cc3o2)nn1)[C@@H]1CC[C@H](NC(=O)[C@@H]2CCCO2)C1,5.756961951313706,1,,,,,,,,,,,pending_review,,
FASN-00289,FASN,CN(C(=O)c1ccc(-c2nc3cccc(F)c3o2)cc1)[C@@H]1CC[C@H](NC(=O)C2CC2)C1,5.756961951313706,1,,,,,,,,,,,pending_review,,
FASN-00290,FASN,CN(C(=O)c1ccc(-c2nc3ccccc3o2)cc1)C1CC[C@H](NC(=O)C[C@@H]2CCC(=O)N2)C1,4.576754126063192,1,,,,,,,,,,,pending_review,,
FASN-00291,FASN,CN(C(=O)c1ccc(-c2nc3ccccc3o2)cc1)[C@@H]1CC[C@@H](NC(=O)Cc2ccccc2)C1,4.576754126063192,1,,,,,,,,,,,pending_review,,
FASN-00292,FASN,CN(C(=O)c1ccc(-c2nc3ccccc3o2)cc1)[C@@H]1CC[C@H](NC(=O)C(F)(F)C(F)(F)F)C1,5.756961951313706,1,,,,,,,,,,,pending_review,,
FASN-00293,FASN,CN(C(=O)c1ccc(-c2nc3ccccc3o2)cc1)[C@@H]1CC[C@H](NC(=O)c2ccccc2)C1,5.756961951313706,1,,,,,,,,,,,pending_review,,
FASN-00294,FASN,CN(C(=O)c1ccc(-c2nc3ccccc3o2)cc1)[C@@H]1CC[C@H](NC(=O)c2ccncc2)C1,5.756961951313706,1,,,,,,,,,,,pending_review,,
FASN-00295,FASN,CN(C(=O)c1ncc(-c2nc3ccc(Cl)cc3o2)cn1)[C@@H]1CC[C@H](NC(=O)[C@@H]2CCCO2)C1,5.756961951313706,1,,,,,,,,,,,pending_review,,
FASN-00296,FASN,CN(C)C(=O)N[C@H]1CC[C@@H](C(=O)N(C)c2ccc(-c3nc4ccccc4o3)cc2)C1,6.552841968657781,1,,,,,,,,,,,pending_review,,
FASN-00297,FASN,CN(C)CC(=O)N[C@H]1CC[C@@H](N(C)C(=O)c2ccc(-c3nc4ccccc4o3)cc2)C1,5.756961951313706,1,,,,,,,,,,,pending_review,,
FASN-00298,FASN,CN(C)CCCCCC(=O)N[C@H]1CC[C@@H](C(=O)N(C)c2ccc(-c3ccccc3)cc2)C1,6.0,2,,,,,,,,,,,pending_review,,
FASN-00299,FASN,CN(C)CCCCCC(=O)N[C@H]1CC[C@@H](C(=O)N(C)c2ccc(-c3nc4ccccc4[nH]3)cc2)C1,6.227965977824862,2,,,,,,,,,,,pending_review,,
FASN-00300,FASN,CN(C)CCCCCC(=O)N[C@H]1CC[C@@H](C(=O)N(C)c2ccc(-c3nc4ccccc4n3C)cc2)C1,5.9604093769761874,2,,,,,,,,,,,pending_review,,
FASN-00301,FASN,CN(C)CCCCCC(=O)N[C@H]1CC[C@@H](C(=O)N(C)c2ccc(-c3nc4ccccc4o3)cc2)C1,6.236572006437063,1,,,,,,,,,,,pending_review,,
FASN-00302,FASN,CN(C)CCCCCNC(=O)N[C@H]1CC[C@@H](C(=O)N(C)c2ccc(-c3nc4ccccc4o3)cc2)C1,6.301029995663981,1,,,,,,,,,,,pending_review,,
FASN-00303,FASN,CN(C)Cc1ccc(-c2ccc(-n3c(C[C@@H]4CCN(C(=O)C5CC5)C4)n[nH]c3=O)cc2)cc1,6.698970004336019,1,,,,,,,,,,,pending_review,,
FASN-00304,FASN,CN(C[C@@H]1CCN(C(=O)C2CC2)C1)C(=O)c1ccc(-c2ccc3[nH]ccc3c2)cc1F,7.698970004336019,1,,,,,,,,,,,pending_review,,
FASN-00305,FASN,CN1CCc2nc(-c3cc(C(=O)N4CCC(F)(c5ccc(C#N)cc5)CC4)ccc3C3CCC3)[nH]c2C1,7.301029995663981,1,,,,,,,,,,,pending_review,,
FASN-00306,FASN,CN1CCc2nc(-c3cc(C(=O)N4CCC(F)(c5ccc(C#N)cc5)CC4)ccc3C3CCC3)[nH]c2CC1,7.301029995663981,1,,,,,,,,,,,pending_review,,
FASN-00307,FASN,CN1CCc2nc(-c3cc(C(=O)N4CCC(c5ccc(C#N)cc5)CC4)ccc3C3CCC3)[nH]c2C1,7.698970004336019,1,,,,,,,,,,,pending_review,,
FASN-00308,FASN,CN1CCc2nc(-c3cc(C(=O)N4CCC(c5ccc(C#N)cc5)CC4)ccc3C3CCC3)[nH]c2CC1,6.958607314841775,1,,,,,,,,,,,pending_review,,
FASN-00309,FASN,CNC(=O)C1CCc2nc(-c3cc(C(=O)N4CCC(c5ccc(C#N)cc5)CC4)c(C)cc3C)[nH]c2C1,7.3979400086720375,1,,,,,,,,,,,pending_review,,
FASN-00310,FASN,CNC(=O)C1Cc2nc(-c3cc(C(=O)N4CCC(c5ccc(C#N)cc5)CC4)c(C)cc3C)[nH]c2C1,6.585026652029182,1,,,,,,,,,,,pending_review,,
FASN-00311,FASN,CNC(=O)c1cc(C(=O)N2CCC(c3ccc(-n4cccn4)cc3)CC2)c(C)cc1C1CCC1,6.337242168318426,2,,,,,,,,,,,pending_review,,
FASN-00312,FASN,CNC(=O)c1cc(C(=O)N2CCC(c3ccc(-n4cnnc4)cc3)CC2)c(C)cc1C1CCC1,7.136677139879544,2,,,,,,,,,,,pending_review,,
FASN-00313,FASN,CNC(=O)c1cc(C(=O)N2CCC(c3ccc(C#N)cc3)CC2)c(C)cc1C1CCC1,7.045757490560675,1,,,,,,,,,,,pending_review,,
FASN-00314,FASN,CNC(=O)c1cc(C(=O)N2CCC(c3ccc4[nH]ncc4c3)CC2)c(C)cc1C1CCC1,6.187086643357144,2,,,,,,,,,,,pending_review,,
FASN-00315,FASN,CNC(=O)c1cc(C(=O)N2CCC(c3ccc4ccoc4c3)CC2)c(C)cc1C1CCC1,5.928117992693874,2,,,,,,,,,,,pending_review,,
FASN-00316,FASN,CNC(=O)c1cc(C(=O)N2CCC(c3ccc4nccn4c3)CC2)c(C)cc1C1CCC1,4.957818405484233,2,,,,,,,,,,,pending_review,,
FASN-00317,FASN,CNC(=O)c1cc(C(=O)N2CCC(c3cccc4ccoc34)CC2)c(C)cc1C1CCC1,4.301029995663981,2,,,,,,,,,,,pending_review,,
FASN-00318,FASN,CNC(=O)c1cc(C(=O)N2CCC(c3ccn4ccnc4c3)CC2)c(C)cc1C1CCC1,4.301029995663981,2,,,,,,,,,,,pending_review,,
FASN-00319,FASN,CNC(=O)c1cc(C(=O)N2CCC(c3ccn4cncc4c3)CC2)c(C)cc1C1CCC1,6.376750709602099,2,,,,,,,,,,,pending_review,,
FASN-00320,FASN,CNC(=O)c1cc(C(=O)N2CCC(c3ccn4nccc4c3)CC2)c(C)cc1C1CCC1,5.809668301829708,2,,,,,,,,,,,pending_review,,
FASN-00321,FASN,CNC(=O)c1nc(C)[nH]c1-c1cc(C(=O)N2CC(c3ccc(C#N)cc3)C2)ccc1C,6.086186147616283,2,,,,,,,,,,,pending_review,,
FASN-00322,FASN,CNC(=O)c1nnc(-c2cc(C(=O)N3CCC(c4ccc(C#N)cc4)CC3)c(C)cc2C)[nH]1,5.876148359032914,1,,,,,,,,,,,pending_review,,
FASN-00323,FASN,COC(=O)Cc1nnc(-c2cc(C(=O)N3CCC(c4ccc(C#N)cc4)CC3)c(C)cc2C2CCC2)[nH]1,7.086186147616283,2,,,,,,,,,,,pending_review,,
FASN-00324,FASN,COC(=O)N1CC(c2nc(C)c(-c3cc(C(=O)N4CC(c5ccc(C#N)cc5)C4)ccc3C)[nH]2)C1,8.096910013008056,2,,,,,,,,,,,pending_review,,
FASN-00325,FASN,COC(=O)N1CC2(C1)N=C(c1ccc(-c3ccc4c(cnn4C)c3)cc1)N(C[C@@H]1CCN(C(=O)C3CC3)C1)C2=O,6.522878745280337,1,,,,,,,,,,,pending_review,,
FASN-00326,FASN,COC(=O)N1CCC(C)(c2nc(C)c(-c3cc(C(=O)N4CC(F)(c5ccc(C#N)cc5)C4)ccc3C)[nH]2)CC1,7.180456064458131,2,,,,,,,,,,,pending_review,,
FASN-00327,FASN,COC(=O)N1CCC(C)(c2nc(C)c(-c3cc(C(=O)N4CC(c5ccc(C#N)cc5)C4)ccc3C)[nH]2)CC1,7.481486060122112,2,,,,,,,,,,,pending_review,,
FASN-00328,FASN,COC(=O)N1CCC(C)(c2nc(Cl)c(-c3cc(C(=O)N4CC(c5ccc(C#N)cc5)C4)ccc3C)[nH]2)CC1,7.853871964321762,2,,,,,,,,,,,pending_review,,
FASN-00329,FASN,COC(=O)N1CCC(O)(c2nc(C)c(-c3cc(C(=O)N4CC(c5ccc(C#N)cc5)C4)ccc3C)[nH]2)CC1,7.619788758288394,2,,,,,,,,,,,pending_review,,
FASN-00330,FASN,COC(=O)N1CCC(OC)(c2nc(C)c(-c3cc(C(=O)N4CC(c5ccc(C#N)cc5)C4)ccc3C)[nH]2)CC1,7.455931955649724,2,,,,,,,,,,,pending_review,,
FASN-00331,FASN,COC(=O)N1CCC(c2nc(C(F)(F)F)c(-c3cc(C(=O)N4CC(c5ccc(C#N)cc5)C4)ccc3C)[nH]2)CC1,7.698970004336019,2,,,,,,,,,,,pending_review,,
FASN-00332,FASN,COC(=O)N1CCC(c2nc(C)c(-c3cc(C(=O)N4CC(c5ccc(C#N)cc5)C4)ccc3C)[nH]2)CC1,8.045757490560675,2,,,,,,,,,,,pending_review,,
FASN-00333,FASN,COC(=O)N1CCc2nc(-c3cc(C(=O)N4CCC(F)(c5ccc(C#N)cc5)CC4)c(C)cc3C3CCC3)[nH]c2C1,8.0,1,,,,,,,,,,,pending_review,,
FASN-00334,FASN,COC(=O)N1CCc2nc(-c3cc(C(=O)N4CCC(F)(c5ccc(C#N)cc5)CC4)ccc3C3CCC3)[nH]c2C1,7.698970004336019,1,,,,,,,,,,,pending_review,,
FASN-00335,FASN,COC(=O)N1CCc2nc(-c3cc(C(=O)N4CCC(c5ccc(C#N)cc5)CC4)c(C)cc3C)[nH]c2C1,7.522878745280337,1,,,,,,,,,,,pending_review,,
FASN-00336,FASN,COC(=O)N1CCc2nc(-c3cc(C(=O)N4CCC(c5ccc(C#N)cc5)CC4)c(C)cc3C)[nH]c2C1C,7.113509274827518,1,,,,,,,,,,,pending_review,,
FASN-00337,FASN,COC(=O)N1CCc2nc(-c3cc(C(=O)N4CCC(c5ccc(C#N)cc5)CC4)c(C)cc3C)[nH]c2CC1,7.455931955649724,1,,,,,,,,,,,pending_review,,
FASN-00338,FASN,COC(=O)N1CCc2nc(-c3cc(C(=O)N4CCC(c5ccc(C#N)cc5)CC4)c(C)cc3C3CC3)[nH]c2C1,7.346787486224656,1,,,,,,,,,,,pending_review,,
FASN-00339,FASN,COC(=O)N1CCc2nc(-c3cc(C(=O)N4CCC(c5ccc(C#N)cc5)CC4)c(C)cc3C3CCC3)[nH]c2C1,7.698970004336019,1,,,,,,,,,,,pending_review,,
FASN-00340,FASN,COC(=O)N1CCc2nc(-c3cc(C(=O)N4CCC(c5ccc(C#N)cc5)CC4)ccc3C)[nH]c2C1,7.455931955649724,1,,,,,,,,,,,pending_review,,
FASN-00341,FASN,COC(=O)N1CCc2nc(-c3cc(C(=O)N4CCC(c5ccc(C#N)cc5)CC4)ccc3C3CC3)[nH]c2C1,7.698970004336019,1,,,,,,,,,,,pending_review,,
FASN-00342,FASN,COC(=O)N1CCc2nc(-c3cc(C(=O)N4CCC(c5ccc(C#N)cc5)CC4)ccc3C3CCC3)[nH]c2C1,8.0,1,,,,,,,,,,,pending_review,,
FASN-00343,FASN,COC(=O)N1Cc2[nH]c(-c3cc(C(=O)N4CCC(c5ccc(C#N)cc5)CC4)c(C)cc3C)nc2CC1C,7.154901959985743,1,,,,,,,,,,,pending_review,,
FASN-00344,FASN,COC(=O)[C@H](CC(=O)N[C@H]1CC[C@@H](N(C)C(=O)c2ccc(-c3nc4ccccc4o3)cc2)C1)NC(C)=O,5.756961951313706,1,,,,,,,,,,,pending_review,,
FASN-00345,FASN,COC1(c2nc(C#N)c(-c3cc(C(=O)N4CC(c5ccc(C#N)cc5)C4)ccc3C)[nH]2)CCOCC1,7.2839966563652006,2,,,,,,,,,,,pending_review,,
FASN-00346,FASN,COC1(c2nc(C)c(-c3cc(C(=O)N4CC(c5ccc(C#N)cc5)C4)ccc3C)[nH]2)CCCOC1,7.823908740944319,1,,,,,,,,,,,pending_review,,
FASN-00347,FASN,COC1(c2nc(C)c(-c3cc(C(=O)N4CC(c5ccc(C#N)cc5)C4)ccc3C)[nH]2)CCOCC1,7.823908740944319,1,,,,,,,,,,,pending_review,,
FASN-00348,FASN,COC1(c2nc(C)c(-c3cc(C(=O)N4CC(c5ccc(C#N)cc5)C4)ccc3C)[nH]2)COC1,7.6020599913279625,2,,,,,,,,,,,pending_review,,
FASN-00349,FASN,COC1CCC(c2nc(C)c(-c3cc(C(=O)N4CC(c5ccc(C#N)cc5)C4)ccc3C)[nH]2)CC1,7.602407705158788,4,,,,,,,,,,,pending_review,,
FASN-00350,FASN,COC1CCN(c2ccc(C(=O)N3CC(c4ccc(C#N)cc4)C3)cc2-c2[nH]c(C)nc2C)C1,7.3979400086720375,2,,,,,,,,,,,pending_review,,
FASN-00351,FASN,COC1CCc2nc(-c3cc(C(=O)N4CCC(c5ccc(C#N)cc5)CC4)c(C)cc3C)[nH]c2C1,6.508638306165727,1,,,,,,,,,,,pending_review,,
FASN-00352,FASN,COC1Cc2nc(-c3cc(C(=O)N4CCC(c5ccc(C#N)cc5)CC4)c(C)cc3C)[nH]c2C1,6.978810700930062,1,,,,,,,,,,,pending_review,,
FASN-00353,FASN,COCC(=O)N[C@H]1CC[C@@H](C(=O)N(C)c2ccc(-c3nc4ccccc4o3)cc2)C1,6.170994301671444,2,,,,,,,,,,,pending_review,,
FASN-00354,FASN,COCC1(C)N=C(c2ccc(-c3ccc4c(cnn4C)c3)cc2)N(C[C@@H]2CCN(C(=O)C3CC3)C2)C1=O,6.309803919971486,3,,,,,,,,,,,pending_review,,
FASN-00355,FASN,COCC1(C)N=C(c2ccc(-c3ccc4occc4c3)cc2)N(C[C@@H]2CCN(C(=O)C3CC3)C2)C1=O,6.619788758288394,2,,,,,,,,,,,pending_review,,
FASN-00356,FASN,COCCCOc1ccnc(C[S+]([O-])c2nc3ccccc3[nH]2)c1C,4.2839966563652006,1,,,,,,,,,,,pending_review,,
FASN-00357,FASN,COCCN(C)C(=O)Nc1cc(C(=O)N2CCC(F)(c3ccc(C#N)cc3)CC2)ccc1C,5.052076380168273,1,,,,,,,,,,,pending_review,,
FASN-00358,FASN,COCCN(C)c1cc2nc(-c3cc(C(=O)N4CCC(c5ccc(C#N)cc5)CC4)c(C)cc3C)[nH]c2cn1,7.22921037802671,2,,,,,,,,,,,pending_review,,
FASN-00359,FASN,COCCN(C)c1ccc(C(=O)Nc2cc(C(=O)N3CCC(F)(c4ccc(C#N)cc4)CC3)c(C)cc2C)cn1,6.7447274948966935,1,,,,,,,,,,,pending_review,,
FASN-00360,FASN,COCCN(C)c1ccc(C(=O)Nc2cc(C(=O)N3CCC4(CC3)OCc3cc(C#N)ccc34)ccc2C)cn1,6.978810700930062,1,,,,,,,,,,,pending_review,,
FASN-00361,FASN,COCCN(C)c1nnc(-c2cc(C(=O)N3CCC(c4ccc(C#N)cc4)CC3)c(C)cc2C)[nH]1,5.1432711096171175,1,,,,,,,,,,,pending_review,,
FASN-00362,FASN,COCCNC(=O)Nc1cc(-c2nnc3n2CCC(c2ccc(C#N)cc2)C3)ccc1C,5.446116973356125,1,,,,,,,,,,,pending_review,,
FASN-00363,FASN,COCCNC(=O)Nc1cc(C(=O)N2CCC(F)(c3ccc(C#N)cc3)CC2)ccc1C,7.346787486224656,1,,,,,,,,,,,pending_review,,
FASN-00364,FASN,COCCNC(=O)Nc1cc(C(=O)N2CCC(c3ccc(C#N)cc3)CC2)cnc1C,5.5934598195660445,1,,,,,,,,,,,pending_review,,
FASN-00365,FASN,COCCNC(=O)Nc1cc(C(=O)N2CCC3(CC2)OCc2cc(C#N)ccc23)ccc1C,6.42021640338319,1,,,,,,,,,,,pending_review,,
FASN-00366,FASN,COCCNC(=O)c1cc(C(=O)N2CCC(c3ccc(C#N)cc3)CC2)c(C)cc1C1CCC1,6.3872161432802645,1,,,,,,,,,,,pending_review,,
FASN-00367,FASN,COCCNc1ccc(C(=O)Nc2cc(C(=O)N3CCC4(CC3)OCc3cc(C#N)ccc34)ccc2C)cn1,6.552841968657781,1,,,,,,,,,,,pending_review,,
FASN-00368,FASN,COCCOc1n[nH]c(-c2cc(C(=O)N3CC(c4ccc(C#N)cc4)C3)c(C)cc2C)c1C,4.301029995663981,2,,,,,,,,,,,pending_review,,
FASN-00369,FASN,COCCOc1n[nH]c(-c2cc(C(=O)N3CC(c4ccc(C#N)cc4)C3)ccc2C)c1C,7.823908740944319,1,,,,,,,,,,,pending_review,,
FASN-00370,FASN,COCCOc1nnc(-c2cc(C(=O)N3CCC(c4ccc(C#N)cc4)CC3)c(C)cc2C)[nH]1,6.494850021680094,1,,,,,,,,,,,pending_review,,
FASN-00371,FASN,COCCOc1nnc(-c2cc(C(=O)N3CCC(c4ccc(C#N)cc4)CC3)c(C)cc2C2CCC2)[nH]1,7.346787486224656,2,,,,,,,,,,,pending_review,,
FASN-00372,FASN,COCCc1n[nH]c(-c2cc(C(=O)N3CC(c4ccc(C#N)cc4)C3)c(C)cc2C)c1C,7.107905397309519,2,,,,,,,,,,,pending_review,,
FASN-00373,FASN,COCCc1n[nH]c(-c2cc(C(=O)N3CC(c4ccc(C#N)cc4)C3)c(C)cc2C)c1Cl,7.251811972993799,2,,,,,,,,,,,pending_review,,
FASN-00374,FASN,COCCc1nc(C(F)(F)F)c(-c2cc(C(=O)N3CC(c4ccc(C#N)cc4)C3)ccc2C)[nH]1,7.958607314841775,2,,,,,,,,,,,pending_review,,
FASN-00375,FASN,COCCc1nc(Cl)c(-c2cc(C(=O)N3CC(c4ccc(C#N)cc4)C3)ccc2C)[nH]1,7.886056647693163,2,,,,,,,,,,,pending_review,,
FASN-00376,FASN,COCCc1ncc(-c2cc(C(=O)N3CCC(F)(c4ccc(C#N)cc4)CC3)c(C)cc2C2CCC2)[nH]1,7.096910013008056,1,,,,,,,,,,,pending_review,,
FASN-00377,FASN,COCCc1ncc(-c2cc(C(=O)N3CCC(F)(c4ccc(C#N)cc4)CC3)ccc2C2CCC2)[nH]1,6.920818753952375,1,,,,,,,,,,,pending_review,,
FASN-00378,FASN,COCCc1ncc(-c2cc(C(=O)N3CCC(c4ccc(C#N)cc4)CC3)c(C)cc2C2CCC2)[nH]1,7.0,1,,,,,,,,,,,pending_review,,
FASN-00379,FASN,COCCc1ncc(-c2cc(C(=O)N3CCC(c4ccc(C#N)cc4)CC3)ccc2C2CCC2)[nH]1,6.657577319177793,1,,,,,,,,,,,pending_review,,
FASN-00380,FASN,COCCc1nnc(-c2cc(C(=O)N3CC(F)(c4ccc(C#N)cc4)C3)c(C)cc2C2CCC2)[nH]1,7.2441251443275085,2,,,,,,,,,,,pending_review,,
FASN-00381,FASN,COCCc1nnc(-c2cc(C(=O)N3CC(c4ccc(C#N)cc4)C3)c(C)cc2C2CCC2)[nH]1,7.267606240177031,2,,,,,,,,,,,pending_review,,
FASN-00382,FASN,COCCc1nnc(-c2cc(C(=O)N3CCC(F)(c4ccc(C#N)cc4)CC3)c(C)cc2C2CCC2)[nH]1,7.522878745280337,1,,,,,,,,,,,pending_review,,
FASN-00383,FASN,COCCc1nnc(-c2cc(C(=O)N3CCC(F)(c4ccc(C#N)cc4)CC3)ccc2C2CCC2)[nH]1,7.154901959985743,1,,,,,,,,,,,pending_review,,
FASN-00384,FASN,COCCc1nnc(-c2cc(C(=O)N3CCC(c4ccc(C#N)cc4)CC3)c(C)cc2C(C)C)[nH]1,6.151810883008601,1,,,,,,,,,,,pending_review,,
FASN-00385,FASN,COCCc1nnc(-c2cc(C(=O)N3CCC(c4ccc(C#N)cc4)CC3)c(C)cc2C)[nH]1,6.657577319177793,1,,,,,,,,,,,pending_review,,
FASN-00386,FASN,COCCc1nnc(-c2cc(C(=O)N3CCC(c4ccc(C#N)cc4)CC3)c(C)cc2C2CC2)[nH]1,6.853871964321762,1,,,,,,,,,,,pending_review,,
FASN-00387,FASN,COCCc1nnc(-c2cc(C(=O)N3CCC(c4ccc(C#N)cc4)CC3)c(C)cc2C2CCC2)[nH]1,7.259637310505756,1,,,,,,,,,,,pending_review,,
FASN-00388,FASN,COCCc1nnc(-c2cc(C(=O)N3CCC(c4ccc(C#N)cc4)CC3)c(C)cc2Cl)[nH]1,5.675717544702307,1,,,,,,,,,,,pending_review,,
FASN-00389,FASN,COCCc1nnc(-c2cc(C(=O)N3CCC(c4ccc(C#N)cc4)CC3)ccc2C(C)C)[nH]1,4.869023308394383,1,,,,,,,,,,,pending_review,,
FASN-00390,FASN,COCCc1nnc(-c2cc(C(=O)N3CCC(c4ccc(C(F)(F)F)cc4)CC3)c(C)cc2C2CCC2)[nH]1,7.045757490560675,1,,,,,,,,,,,pending_review,,
FASN-00391,FASN,COCc1[nH]c(-c2cc(C(=O)N3CCC(F)(c4ccc(C#N)cc4)CC3)c(C)cc2C2CCC2)nc1C,7.221848749616356,1,,,,,,,,,,,pending_review,,
FASN-00392,FASN,COCc1c(C)n[nH]c1-c1cc(C(=O)N2CC(c3ccc(C#N)cc3)C2)c(C)cc1C,7.060480747381382,2,,,,,,,,,,,pending_review,,
FASN-00393,FASN,COCc1ccc(C(=O)N2CCC(c3ccc(C#N)cc3)CC2)cc1-c1[nH]c(C)nc1C,6.782516055786093,2,,,,,,,,,,,pending_review,,
FASN-00394,FASN,COCc1cnc(-c2cc(C(=O)N3CCC(F)(c4ccc(C#N)cc4)CC3)c(C)cc2C2CCC2)[nH]1,7.698970004336019,1,,,,,,,,,,,pending_review,,
FASN-00395,FASN,COCc1cnc(-c2cc(C(=O)N3CCC(c4ccc(C#N)cc4)CC3)c(C)cc2C2CCC2)[nH]1,7.301029995663981,1,,,,,,,,,,,pending_review,,
FASN-00396,FASN,COCc1n[nH]c(-c2cc(C(=O)N3CC(c4ccc(C#N)cc4)C3)c(C)cc2C)c1C,7.229147988357855,2,,,,,,,,,,,pending_review,,
FASN-00397,FASN,COCc1n[nH]c(-c2cc(C(=O)N3CC(c4ccc(C#N)cc4)C3)c(C)cc2C)c1Cl,7.142667503568731,2,,,,,,,,,,,pending_review,,
FASN-00398,FASN,COCc1nc(C(F)(F)F)[nH]c1-c1cc(C(=O)N2CC(c3ccc(C#N)cc3)C2)c(C)cc1C,7.7447274948966935,1,,,,,,,,,,,pending_review,,
FASN-00399,FASN,COCc1nc(C(F)(F)F)[nH]c1-c1cc(C(=O)N2CC(c3ccc(C#N)cc3)C2)ccc1C,7.3979400086720375,2,,,,,,,,,,,pending_review,,
FASN-00400,FASN,COCc1nc(C(F)(F)F)c(-c2cc(C(=O)N3CC(c4ccc(C#N)cc4)C3)ccc2C)[nH]1,7.920818753952375,2,,,,,,,,,,,pending_review,,
FASN-00401,FASN,COCc1nc(C)c(-c2cc(C(=O)N3CCC(c4ccc(C#N)cc4)CC3)c(C)cc2C)[nH]1,7.3872161432802645,2,,,,,,,,,,,pending_review,,
FASN-00402,FASN,COCc1nc(C)c(-c2cc(C(=O)N3CCC(c4ccc(C#N)cc4)CC3)ccc2C)[nH]1,7.443697499232712,2,,,,,,,,,,,pending_review,,
FASN-00403,FASN,COCc1nc(C)c(-c2cc(C(=O)N3CCC(c4ccc(C#N)cc4)CC3)ccc2C2CC2)[nH]1,7.568636235841012,2,,,,,,,,,,,pending_review,,
FASN-00404,FASN,COCc1nc(C)c(-c2cc(C(=O)N3CCC(c4ccc(C#N)cc4)CC3)ccc2C2CCC2)[nH]1,7.6020599913279625,2,,,,,,,,,,,pending_review,,
FASN-00405,FASN,COCc1nc(C)c(-c2cccc(C(=O)N3CCC(c4ccc(C#N)cc4)CC3)c2)[nH]1,5.825358807339551,2,,,,,,,,,,,pending_review,,
FASN-00406,FASN,COCc1nc(C2CC2)c(-c2cc(C(=O)N3CCC(c4ccc(C#N)cc4)CC3)ccc2C)[nH]1,7.275724130399211,2,,,,,,,,,,,pending_review,,
FASN-00407,FASN,COCc1nc(Cl)c(-c2cc(C(=O)N3CC(c4ccc(C#N)cc4)C3)ccc2C)[nH]1,7.853871964321762,2,,,,,,,,,,,pending_review,,
FASN-00408,FASN,COCc1nc(Cl)c(-c2cc(C(=O)N3CCC(c4ccc(C#N)cc4)CC3)ccc2C)[nH]1,8.045757490560675,2,,,,,,,,,,,pending_review,,
FASN-00409,FASN,COCc1ncc(-c2cc(C(=O)N3CCC(F)(c4ccc(C#N)cc4)CC3)c(C)cc2C2CCC2)[nH]1,7.301029995663981,1,,,,,,,,,,,pending_review,,
FASN-00410,FASN,COCc1ncc(-c2cc(C(=O)N3CCC(F)(c4ccc(C#N)cc4)CC3)ccc2C2CCC2)[nH]1,6.7447274948966935,1,,,,,,,,,,,pending_review,,
FASN-00411,FASN,COCc1ncc(-c2cc(C(=O)N3CCC(c4ccc(C#N)cc4)CC3)c(C)cc2C2CCC2)[nH]1,7.301029995663981,1,,,,,,,,,,,pending_review,,
FASN-00412,FASN,COCc1ncc(-c2cc(C(=O)N3CCC(c4ccc(C#N)cc4)CC3)ccc2C2CCC2)[nH]1,6.619788758288394,1,,,,,,,,,,,pending_review,,
FASN-00413,FASN,COCc1nnc(-c2cc(C(=O)N3CCC(F)(c4ccc(C#N)cc4)CC3)c(C)cc2C2CCC2)[nH]1,6.886056647693163,1,,,,,,,,,,,pending_review,,
FASN-00414,FASN,COCc1nnc(-c2cc(C(=O)N3CCC(c4ccc(C#N)cc4)CC3)c(C)cc2C(C)C)[nH]1,5.97469413473523,1,,,,,,,,,,,pending_review,,
FASN-00415,FASN,COCc1nnc(-c2cc(C(=O)N3CCC(c4ccc(C#N)cc4)CC3)c(C)cc2C)[nH]1,6.346787486224656,1,,,,,,,,,,,pending_review,,
FASN-00416,FASN,COCc1nnc(-c2cc(C(=O)N3CCC(c4ccc(C#N)cc4)CC3)c(C)cc2C2CC2)[nH]1,6.376750709602099,1,,,,,,,,,,,pending_review,,
FASN-00417,FASN,COCc1nnc(-c2cc(C(=O)N3CCC(c4ccc(C#N)cc4)CC3)c(C)cc2C2CCC2)[nH]1,6.978810700930062,1,,,,,,,,,,,pending_review,,
FASN-00418,FASN,COCc1nnc(-c2cc(C(=O)N3CCC(c4ccc(C#N)cc4)CC3)c(C3CC3)cc2C)[nH]1,5.2958494831602,1,,,,,,,,,,,pending_review,,
FASN-00419,FASN,COCc1nnc(-c2cc(C(=O)N3CCC(c4ccc(C#N)cc4)CC3)ccc2C(C)C)[nH]1,4.6356366453842694,1,,,,,,,,,,,pending_review,,
FASN-00420,FASN,COCc1nnc(-c2cc(C(=O)N3CCC(c4ccc(C#N)cc4)CC3)ccc2C)[nH]1,5.645891560852599,1,,,,,,,,,,,pending_review,,
FASN-00421,FASN,COCc1nnc(-c2ccc(C)c(C(=O)N3CCC(c4ccc(C#N)cc4)CC3)c2)[nH]1,4.6728454875905685,1,,,,,,,,,,,pending_review,,
FASN-00422,FASN,CO[C@@H]1CCN(c2cc(C)c(C(=O)N3CCC(c4ccc(C#N)cc4)CC3)cc2-c2nnc(C)[nH]2)C1,5.94692155651658,2,,,,,,,,,,,pending_review,,
FASN-00423,FASN,CO[C@H](C)C(=O)N[C@H]1CC[C@@H](N(C)C(=O)c2ccc(-c3nc4ccccc4o3)cc2)C1,5.756961951313706,1,,,,,,,,,,,pending_review,,
FASN-00424,FASN,CO[C@H]1CCN(c2cc(C)c(C(=O)N3CCC(c4ccc(C#N)cc4)CC3)cc2-c2nnc(C)[nH]2)C1,6.958607314841775,2,,,,,,,,,,,pending_review,,
FASN-00425,FASN,CO[C@H]1CC[C@@H](c2nc(C(F)(F)F)c(-c3cc(C(=O)N4CC(c5ccc(C#N)cc5)C4)ccc3C)[nH]2)CC1,7.886056647693163,2,,,,,,,,,,,pending_review,,
FASN-00426,FASN,CO[C@H]1CC[C@H](c2nc(C(F)(F)F)c(-c3cc(C(=O)N4CC(c5ccc(C#N)cc5)C4)ccc3C)[nH]2)CC1,8.045757490560675,2,,,,,,,,,,,pending_review,,
FASN-00427,FASN,CO[C@H]1C[C@@H](c2cc(C)c(C(=O)N3CCC(c4ccc(C#N)cc4)CC3)cc2-c2nnc(C)[nH]2)C1,6.568636235841012,2,,,,,,,,,,,pending_review,,
FASN-00428,FASN,CO[C@H]1C[C@H](c2cc(C)c(C(=O)N3CCC(c4ccc(C#N)cc4)CC3)cc2-c2nnc(C)[nH]2)C1,6.721246399047171,2,,,,,,,,,,,pending_review,,
FASN-00429,FASN,COc1c(C#N)n[nH]c1-c1cc(C(=O)N2CC(c3ccc(C#N)cc3)C2)c(C)cc1C,7.050609993355087,2,,,,,,,,,,,pending_review,,
FASN-00430,FASN,COc1c(C)n[nH]c1-c1cc(C(=O)N2CC(c3ccc(C#N)cc3)C2)ccc1C,7.1249387366083,2,,,,,,,,,,,pending_review,,
FASN-00431,FASN,COc1c(Cl)n[nH]c1-c1cc(C(=O)N2CC(c3ccc(C#N)cc3)C2)c(C)cc1C,6.958607314841775,2,,,,,,,,,,,pending_review,,
FASN-00432,FASN,COc1c(O)cc2oc3cc(O)c(CC=C(C)C)c(O)c3c(=O)c2c1CC=C(C)C,5.2564902352715706,1,,,,,,,,,,,pending_review,,
FASN-00433,FASN,COc1c(O)cc2oc3cc4c(c(O)c3c(=O)c2c1CC=C(C)C)C=CC(C)(C)O4,4.391046300724137,1,,,,,,,,,,,pending_review,,
FASN-00434,FASN,COc1cc(C#N)ccc1C1CCN(C(=O)c2cc(-c3nnc(C)[nH]3)c(C3CCC3)cc2C)CC1,5.3487219860018556,2,,,,,,,,,,,pending_review,,
FASN-00435,FASN,COc1cc(C)c(C(=O)N2CCC(c3ccc(C#N)cc3)CC2)cc1-c1nc2c([nH]1)COCC2,5.655607726314889,1,,,,,,,,,,,pending_review,,
FASN-00436,FASN,COc1cc(C2CCN(C(=O)c3cc(-c4nnc(C)[nH]4)c(C4CCC4)cc3C)CC2)ccc1C#N,5.886056647693163,2,,,,,,,,,,,pending_review,,
FASN-00437,FASN,COc1cc(CCCO)cc2cc(-c3ccc4c(c3)OCO4)oc12,4.040624663424157,1,,,,,,,,,,,pending_review,,
FASN-00438,FASN,COc1cc2oc3cc(O)c(OC)c(CC=C(C)C)c3c(=O)c2c(O)c1CC=C(C)C,4.605023280445436,1,,,,,,,,,,,pending_review,,
FASN-00439,FASN,COc1ccc(-c2ccc(-n3c(C[C@@H]4CCN(C(=O)C5CC5)C4)n[nH]c3=O)c(F)c2)cc1,7.3979400086720375,1,,,,,,,,,,,pending_review,,
FASN-00440,FASN,COc1ccc(-c2ccc(C(=O)N3CCN(C(=O)C4(O)CC4)CC3)cc2)c(Cl)c1,5.508638306165727,1,,,,,,,,,,,pending_review,,
FASN-00441,FASN,COc1ccc(-c2nc3cc(N4CCCC4)ncc3[nH]2)cc1C(=O)N1CCC(c2ccc(C#N)cc2)CC1,6.667561540084394,1,,,,,,,,,,,pending_review,,
FASN-00442,FASN,COc1ccc(C(=O)N2CCC(F)(c3ccc(C#N)cc3)CC2)cc1NC(=O)NC1CCOC1,6.920818753952375,1,,,,,,,,,,,pending_review,,
FASN-00443,FASN,COc1ccc(C(=O)N2CCC(F)(c3ccc(C#N)cc3)CC2)cc1NC(=O)c1ccc(N2CCC2)nc1,7.070581074285707,1,,,,,,,,,,,pending_review,,
FASN-00444,FASN,COc1ccc(C2(F)CCN(C(=O)c3ccc(C)c(NC(=O)NC4CCOC4)c3)CC2)nc1,5.9299621333922445,1,,,,,,,,,,,pending_review,,
FASN-00445,FASN,COc1ccc(C2(F)CCN(C(=O)c3ccc(C)c(NC(=O)c4ccc(N5CCC5)nc4)c3)CC2)nc1,5.552841968657781,1,,,,,,,,,,,pending_review,,
FASN-00446,FASN,COc1ccc(C2CCN(C(=O)c3cc(-c4nc5c([nH]4)COCC5)c(C)cc3C)CC2)cc1,6.508638306165727,1,,,,,,,,,,,pending_review,,
FASN-00447,FASN,COc1ccc(C2CCN(C(=O)c3ccc(C)c(-c4[nH]c(C)nc4C)c3)CC2)cc1,7.050609993355087,2,,,,,,,,,,,pending_review,,
FASN-00448,FASN,COc1ccc(C2CCN(C(=O)c3ccc(C)c(C(=O)Nc4ccc(N5CCCC5)nc4)c3)CC2)cc1,5.455931955649724,1,,,,,,,,,,,pending_review,,
FASN-00449,FASN,COc1ccc([C@H]2[C@@H]3CN(C(=O)c4ccc(C)c(NC(=O)NC5CCOC5)c4)C[C@@H]32)cc1,6.337242168318426,1,,,,,,,,,,,pending_review,,
FASN-00450,FASN,COc1ccc([C@H]2[C@@H]3CN(C(=O)c4ccc(C)c(NC(=O)c5ccc(NC(C)C)nc5)c4)C[C@@H]32)cc1,6.455931955649724,1,,,,,,,,,,,pending_review,,
FASN-00451,FASN,COc1ccc2[nH]c([S+]([O-])Cc3ncc(C)c(OC)c3C)nc2c1,4.528708288941061,1,,,,,,,,,,,pending_review,,
FASN-00452,FASN,COc1ccccc1-c1cccc(-c2c(O)nc3cc(Cl)c(C#N)cc3c2O)c1,7.721246399047171,1,,,,,,,,,,,pending_review,,
FASN-00453,FASN,COc1ccnc(C[S+]([O-])c2nc3cc(OC(F)F)ccc3[nH]2)c1OC,4.441291429466834,1,,,,,,,,,,,pending_review,,
FASN-00454,FASN,COc1cn[nH]c1-c1cc(C(=O)N2CC(F)(c3ccc(C#N)cc3)C2)ccc1C,6.468521082957745,2,,,,,,,,,,,pending_review,,
FASN-00455,FASN,COc1cn[nH]c1-c1cc(C(=O)N2CC(c3ccc(C#N)cc3)C2)c(C)cc1C,6.958607314841775,2,,,,,,,,,,,pending_review,,
FASN-00456,FASN,COc1cn[nH]c1-c1cc(C(=O)N2CC(c3ccc(C#N)cc3)C2)ccc1C,6.823908740944319,2,,,,,,,,,,,pending_review,,
FASN-00457,FASN,COc1cn[nH]c1-c1cc(C(=O)N2CCC(c3ccc(C#N)cc3)CC2)ccc1C,6.962573502059376,2,,,,,,,,,,,pending_review,,
FASN-00458,FASN,COc1n[nH]c(-c2cc(C(=O)N3CC(c4ccc(C#N)cc4)C3)c(C)cc2C)c1C,7.380666160604775,3,,,,,,,,,,,pending_review,,
FASN-00459,FASN,COc1nccc2nc(-c3cc(C(=O)N4CCC(c5ccc(C#N)cc5)CC4)c(C)cc3C)[nH]c12,6.886056647693163,1,,,,,,,,,,,pending_review,,
FASN-00460,FASN,COc1nnc(-c2cc(C(=O)N3CC(F)(c4ccc(C#N)cc4)C3)c(C)cc2C2CC2)[nH]1,6.853871964321762,2,,,,,,,,,,,pending_review,,
FASN-00461,FASN,COc1nnc(-c2cc(C(=O)N3CC(F)(c4ccc(C#N)cc4)C3)c(C)cc2C2CCC2)[nH]1,7.1487416512809245,2,,,,,,,,,,,pending_review,,
FASN-00462,FASN,COc1nnc(-c2cc(C(=O)N3CC(c4ccc(C#N)cc4)C3)c(C)cc2C2CC2)[nH]1,6.853871964321762,2,,,,,,,,,,,pending_review,,
FASN-00463,FASN,COc1nnc(-c2cc(C(=O)N3CC(c4ccc(C#N)cc4)C3)c(C)cc2C2CCC2)[nH]1,7.309803919971486,2,,,,,,,,,,,pending_review,,
FASN-00464,FASN,COc1nnc(-c2cc(C(=O)N3CCC(F)(c4ccc(C#N)cc4)CC3)c(C)cc2C2CC2)[nH]1,7.187086643357144,2,,,,,,,,,,,pending_review,,
FASN-00465,FASN,COc1nnc(-c2cc(C(=O)N3CCC(F)(c4ccc(C#N)cc4)CC3)c(C)cc2C2CCC2)[nH]1,7.522878745280337,1,,,,,,,,,,,pending_review,,
FASN-00466,FASN,COc1nnc(-c2cc(C(=O)N3CCC(F)(c4ccc(C(F)(F)F)cc4)CC3)c(C)cc2C2CCC2)[nH]1,6.853871964321762,1,,,,,,,,,,,pending_review,,
FASN-00467,FASN,COc1nnc(-c2cc(C(=O)N3CCC(c4ccc(C#N)cc4)CC3)c(C)cc2C2CC2)[nH]1,7.00436480540245,2,,,,,,,,,,,pending_review,,
FASN-00468,FASN,COc1nnc(-c2cc(C(=O)N3CCC(c4ccc(C#N)cc4)CC3)c(C)cc2C2CCC2)[nH]1,7.187086643357144,1,,,,,,,,,,,pending_review,,
FASN-00469,FASN,COc1nnc(-c2cc(C(=O)N3CCC(c4ccc(C(F)(F)F)cc4)CC3)c(C)cc2C2CCC2)[nH]1,6.795880017344075,1,,,,,,,,,,,pending_review,,
FASN-00470,FASN,CS(=O)(=O)Nc1cc(C(=O)N2CCC(c3ccc(C#N)cc3)CC2)ccc1C1CCC1,6.267606240177031,1,,,,,,,,,,,pending_review,,
FASN-00471,FASN,CS(=O)(=O)c1cccc(-c2c(O)nc3cc(Cl)c(C#N)cc3c2O)c1,5.380489279161502,1,,,,,,,,,,,pending_review,,
FASN-00472,FASN,C[C@@H]1O[C@@H](O[C@@H]2C(=O)c3c(O)cc(O)cc3O[C@H]2c2cc(O)cc(O)c2)[C@H](O)[C@H](O)[C@H]1O,4.308388125785584,1,,,,,,,,,,,pending_review,,
FASN-00473,FASN,Cc1c(OCC(F)(F)F)ccnc1C[S+]([O-])c1nc2ccccc2[nH]1,4.089592828572573,3,,,,,,,,,,,pending_review,,
FASN-00474,FASN,Cc1cc(-c2ccc(-c3cnn(C)c3)cc2)ccc1C1=NC(C)(C)C(=O)N1CC1CN(C(=O)C2(C)CC2)C1,7.11975822410452,2,,,,,,,,,,,pending_review,,
FASN-00475,FASN,Cc1cc(-c2ccc(-c3cnn(C)c3)cc2)ccc1C1=NC(C)(C)C(=O)N1C[C@@H]1CCN(C(=O)C2(C)CC2)C1,7.270025714300444,2,,,,,,,,,,,pending_review,,
FASN-00476,FASN,Cc1cc(-c2ccc3c(c2)ncn3C)ccc1C1=NC(C)(C)C(=O)N1CC1CN(C(=O)C2(C)CC2)C1,6.991399828238082,2,,,,,,,,,,,pending_review,,
FASN-00477,FASN,Cc1cc(-c2ccc3c(c2)ncn3C)ccc1C1=NC(C)(C)C(=O)N1CC1CN(C(=O)C2(O)CC2)C1,6.369572124974976,2,,,,,,,,,,,pending_review,,
FASN-00478,FASN,Cc1cc(-c2ccc3c(c2)ncn3C)ccc1C1=NC(C)(C)C(=O)N1C[C@@H]1CCN(C(=O)C2(C)CC2)C1,7.100179497572904,2,,,,,,,,,,,pending_review,,
FASN-00479,FASN,Cc1cc(-c2ccc3c(c2)ncn3C)ccc1C1=NC(C)(C)C(=O)N1C[C@@H]1CCN(C(=O)C2(O)CC2)C1,7.0400051616715835,2,,,,,,,,,,,pending_review,,
FASN-00480,FASN,Cc1cc(-c2ccc3c(cnn3C)c2)ccc1C1=NC(C)(C)C(=O)N1CC1CN(C(=O)C2(C)CC2)C1,6.821023052706831,2,,,,,,,,,,,pending_review,,
FASN-00481,FASN,Cc1cc(-c2ccc3c(cnn3C)c2)ccc1C1=NC(C)(C)C(=O)N1C[C@@H]1CCN(C(=O)C2(C)CC2)C1,7.199970640755866,2,,,,,,,,,,,pending_review,,
FASN-00482,FASN,Cc1cc(-c2ccc3c(cnn3C)c2)ccc1C1=NC2(CC2)C(=O)N1C[C@@H]1CCN(C(=O)C2CC2)C1,7.292429823902063,1,,,,,,,,,,,pending_review,,
FASN-00483,FASN,Cc1cc(-c2ccc3cc(C#N)ccc3c2)ccc1C1=NC(C)(C)C(=O)N1CC1CN(C(=O)C2CC2)C1,7.39040559077478,2,,,,,,,,,,,pending_review,,
FASN-00484,FASN,Cc1cc(-c2ccc3cc(F)ccc3c2)ccc1C1=NC(C)(C)C(=O)N1CC1CN(C(=O)C2(C)CC2)C1,7.4698003017969175,2,,,,,,,,,,,pending_review,,
FASN-00485,FASN,Cc1cc(-c2ccc3cc(F)ccc3c2)ccc1C1=NC(C)(C)C(=O)N1C[C@@H]1CCN(C(=O)C2(C)CC2)C1,7.369572124974976,2,,,,,,,,,,,pending_review,,
FASN-00486,FASN,Cc1cc(-c2ccc3cc[nH]c3c2)ccc1-n1c(C[C@@H]2CCN(C(=O)C3CC3)C2)n[nH]c1=O,8.301029995663981,1,,,,,,,,,,,pending_review,,
FASN-00487,FASN,Cc1cc(C)c(-c2[nH]c(C#N)nc2C)cc1C(=O)N1CC(F)(c2ccc(C#N)cc2)C1,7.568636235841012,2,,,,,,,,,,,pending_review,,
FASN-00488,FASN,Cc1cc(C)c(-c2[nH]c(C#N)nc2C)cc1C(=O)N1CC(c2ccc(C#N)cc2)C1,7.376750709602099,2,,,,,,,,,,,pending_review,,
FASN-00489,FASN,Cc1cc(C)c(-c2[nH]c(C(=O)N(C)C)nc2C)cc1C(=O)N1CC(c2ccc(C#N)cc2)C1,6.356547323513812,2,,,,,,,,,,,pending_review,,
FASN-00490,FASN,Cc1cc(C)c(-c2[nH]c(C(C)C)nc2C#N)cc1C(=O)N1CC(F)(c2ccc(C#N)cc2)C1,7.698970004336019,2,,,,,,,,,,,pending_review,,
FASN-00491,FASN,Cc1cc(C)c(-c2[nH]c(C(C)C)nc2C)cc1C(=O)N1CC(c2ccc(C#N)cc2)C1,7.6777807052660805,2,,,,,,,,,,,pending_review,,
FASN-00492,FASN,Cc1cc(C)c(-c2[nH]c(C(C)O)nc2C)cc1C(=O)N1CC(F)(c2ccc(C#N)cc2)C1,6.958607314841775,2,,,,,,,,,,,pending_review,,
FASN-00493,FASN,Cc1cc(C)c(-c2[nH]c(C(C)O)nc2C)cc1C(=O)N1CC(c2ccc(C#N)cc2)C1,7.267606240177031,2,,,,,,,,,,,pending_review,,
FASN-00494,FASN,Cc1cc(C)c(-c2[nH]c(C(F)(F)F)nc2C)cc1C(=O)N1CC(F)(c2ccc(C#N)cc2)C1,7.3979400086720375,2,,,,,,,,,,,pending_review,,
FASN-00495,FASN,Cc1cc(C)c(-c2[nH]c(C(F)(F)F)nc2C)cc1C(=O)N1CC(c2ccc(C#N)cc2)C1,7.657577319177793,2,,,,,,,,,,,pending_review,,
FASN-00496,FASN,Cc1cc(C)c(-c2[nH]c(C3(C)COC3)nc2C#N)cc1C(=O)N1CC(c2ccc(C#N)cc2)C1,7.455931955649724,2,,,,,,,,,,,pending_review,,
FASN-00497,FASN,Cc1cc(C)c(-c2[nH]c(C3(C)COC3)nc2C)cc1C(=O)N1CC(F)(c2ccc(C#N)cc2)C1,7.619788758288394,2,,,,,,,,,,,pending_review,,
FASN-00498,FASN,Cc1cc(C)c(-c2[nH]c(C3(C)COC3)nc2C)cc1C(=O)N1CC(c2ccc(C#N)cc2)C1,7.698970004336019,2,,,,,,,,,,,pending_review,,
FASN-00499,FASN,Cc1cc(C)c(-c2[nH]c(C3CC3)nc2C#N)cc1C(=O)N1CC(F)(c2ccc(C#N)cc2)C1,7.619788758288394,2,,,,,,,,,,,pending_review,,
FASN-00500,FASN,Cc1cc(C)c(-c2[nH]c(C3CC3)nc2C#N)cc1C(=O)N1CC(c2ccc(C#N)cc2)C1,7.455931955649724,2,,,,,,,,,,,pending_review,,
FASN-00501,FASN,Cc1cc(C)c(-c2[nH]c(C3CC3)nc2C)cc1C(=O)N1CC(F)(c2ccc(C#N)cc2)C1,7.585026652029182,2,,,,,,,,,,,pending_review,,
FASN-00502,FASN,Cc1cc(C)c(-c2[nH]c(C3CC3)nc2C)cc1C(=O)N1CC(c2ccc(C#N)cc2)C1,7.769551078621726,2,,,,,,,,,,,pending_review,,
FASN-00503,FASN,Cc1cc(C)c(-c2[nH]c(C3CCCO3)nc2C)cc1C(=O)N1CC(c2ccc(C#N)cc2)C1,7.455931955649724,2,,,,,,,,,,,pending_review,,
FASN-00504,FASN,Cc1cc(C)c(-c2[nH]c(C3CCOC3)nc2C)cc1C(=O)N1CC(c2ccc(C#N)cc2)C1,7.6777807052660805,2,,,,,,,,,,,pending_review,,
FASN-00505,FASN,Cc1cc(C)c(-c2[nH]c(C3CCOCC3)nc2C#N)cc1C(=O)N1CC(c2ccc(C#N)cc2)C1,7.7447274948966935,2,,,,,,,,,,,pending_review,,
FASN-00506,FASN,Cc1cc(C)c(-c2[nH]c(C3CCOCC3)nc2C)cc1C(=O)N1CC(F)(c2ccc(C#N)cc2)C1,7.214670164989233,2,,,,,,,,,,,pending_review,,
FASN-00507,FASN,Cc1cc(C)c(-c2[nH]c(C3CCOCC3)nc2C)cc1C(=O)N1CC(c2ccc(C#N)cc2)C1,7.721246399047171,2,,,,,,,,,,,pending_review,,
FASN-00508,FASN,Cc1cc(C)c(-c2[nH]c(C3CCOCC3)nc2C)cc1C(=O)N1CCC(F)(c2ccc(C#N)cc2)CC1,7.3979400086720375,2,,,,,,,,,,,pending_review,,
FASN-00509,FASN,Cc1cc(C)c(-c2[nH]c(C3CCOCC3)nc2C)cc1C(=O)N1CCC(c2ccc(C#N)cc2)CC1,7.42021640338319,2,,,,,,,,,,,pending_review,,
FASN-00510,FASN,Cc1cc(C)c(-c2[nH]c(C3COC3)nc2C)cc1C(=O)N1CC(F)(c2ccc(C#N)cc2)C1,7.167491087293763,2,,,,,,,,,,,pending_review,,
FASN-00511,FASN,Cc1cc(C)c(-c2[nH]c(C3COC3)nc2C)cc1C(=O)N1CC(c2ccc(C#N)cc2)C1,7.468521082957745,2,,,,,,,,,,,pending_review,,
FASN-00512,FASN,Cc1cc(C)c(-c2[nH]c(CC#N)nc2C)cc1C(=O)N1CC(F)(c2ccc(C#N)cc2)C1,7.275724130399211,2,,,,,,,,,,,pending_review,,
FASN-00513,FASN,Cc1cc(C)c(-c2[nH]c(CCC#N)nc2C)cc1C(=O)N1CC(F)(c2ccc(C#N)cc2)C1,7.698970004336019,2,,,,,,,,,,,pending_review,,
FASN-00514,FASN,Cc1cc(C)c(-c2[nH]c(CO)nc2C#N)cc1C(=O)N1CC(F)(c2ccc(C#N)cc2)C1,7.229147988357855,2,,,,,,,,,,,pending_review,,
FASN-00515,FASN,Cc1cc(C)c(-c2[nH]c(CO)nc2C#N)cc1C(=O)N1CC(c2ccc(C#N)cc2)C1,7.301029995663981,2,,,,,,,,,,,pending_review,,
FASN-00516,FASN,Cc1cc(C)c(-c2[nH]c(CO)nc2C)cc1C(=O)N1CC(F)(c2ccc(C#N)cc2)C1,7.229147988357855,2,,,,,,,,,,,pending_review,,
FASN-00517,FASN,Cc1cc(C)c(-c2[nH]c(CO)nc2C)cc1C(=O)N1CC(c2ccc(C#N)cc2)C1,7.508638306165727,2,,,,,,,,,,,pending_review,,
FASN-00518,FASN,Cc1cc(C)c(-c2[nH]c(CO)nc2C)cc1C(=O)N1CCC(c2ccc(C#N)cc2)CC1,7.494850021680094,2,,,,,,,,,,,pending_review,,
FASN-00519,FASN,Cc1cc(C)c(-c2[nH]c(CO)nc2Cl)cc1C(=O)N1CC(F)(c2ccc(C#N)cc2)C1,7.769551078621726,2,,,,,,,,,,,pending_review,,
FASN-00520,FASN,Cc1cc(C)c(-c2[nH]c(CO)nc2Cl)cc1C(=O)N1CC(c2ccc(C#N)cc2)C1,7.721246399047171,2,,,,,,,,,,,pending_review,,
FASN-00521,FASN,Cc1cc(C)c(-c2[nH]nc(C#N)c2C)cc1C(=O)N1CC(c2ccc(C#N)cc2)C1,6.853871964321762,2,,,,,,,,,,,pending_review,,
FASN-00522,FASN,Cc1cc(C)c(-c2[nH]nc(C(=O)N(C)C)c2C)cc1C(=O)N1CC(c2ccc(C#N)cc2)C1,7.619788758288394,1,,,,,,,,,,,pending_review,,
FASN-00523,FASN,Cc1cc(C)c(-c2[nH]nc(C(F)(F)F)c2C)cc1C(=O)N1CC(c2ccc(C#N)cc2)C1,6.721246399047171,2,,,,,,,,,,,pending_review,,
FASN-00524,FASN,Cc1cc(C)c(-c2[nH]nc(C)c2C(F)(F)F)cc1C(=O)N1CC(c2ccc(C#N)cc2)C1,6.853871964321762,2,,,,,,,,,,,pending_review,,
FASN-00525,FASN,Cc1cc(C)c(-c2[nH]nc(C)c2C)cc1C(=O)N1CC(F)(c2ccc(C#N)cc2)C1,6.769551078621726,2,,,,,,,,,,,pending_review,,
FASN-00526,FASN,Cc1cc(C)c(-c2[nH]nc(C)c2C)cc1C(=O)N1CC(c2ccc(C#N)cc2)C1,7.221848749616356,2,,,,,,,,,,,pending_review,,
FASN-00527,FASN,Cc1cc(C)c(-c2[nH]nc(C)c2C2CC2)cc1C(=O)N1CC(c2ccc(C#N)cc2)C1,6.698970004336019,2,,,,,,,,,,,pending_review,,
FASN-00528,FASN,Cc1cc(C)c(-c2[nH]nc(C)c2CC(F)(F)F)cc1C(=O)N1CC(c2ccc(C#N)cc2)C1,6.337242168318426,2,,,,,,,,,,,pending_review,,
FASN-00529,FASN,Cc1cc(C)c(-c2[nH]nc(C)c2Cl)cc1C(=O)N1CC(c2ccc(C#N)cc2)C1,7.585026652029182,2,,,,,,,,,,,pending_review,,
FASN-00530,FASN,Cc1cc(C)c(-c2[nH]nc(C3CC3)c2C)cc1C(=O)N1CC(c2ccc(C#N)cc2)C1,6.958607314841775,2,,,,,,,,,,,pending_review,,
FASN-00531,FASN,Cc1cc(C)c(-c2[nH]nc(C3CC3)c2Cl)cc1C(=O)N1CC(c2ccc(C#N)cc2)C1,7.1938200260161125,2,,,,,,,,,,,pending_review,,
FASN-00532,FASN,Cc1cc(C)c(-c2[nH]nc(C3CCCO3)c2C)cc1C(=O)N1CC(c2ccc(C#N)cc2)C1,7.292429823902063,2,,,,,,,,,,,pending_review,,
FASN-00533,FASN,Cc1cc(C)c(-c2[nH]nc(C3CCOC3)c2C)cc1C(=O)N1CC(c2ccc(C#N)cc2)C1,7.0,2,,,,,,,,,,,pending_review,,
FASN-00534,FASN,Cc1cc(C)c(-c2[nH]nc(C3CCOCC3)c2C)cc1C(=O)N1CC(c2ccc(C#N)cc2)C1,6.958607314841775,2,,,,,,,,,,,pending_review,,
FASN-00535,FASN,Cc1cc(C)c(-c2[nH]nc(C3CCOCC3)c2Cl)cc1C(=O)N1CC(c2ccc(C#N)cc2)C1,7.309803919971486,2,,,,,,,,,,,pending_review,,
FASN-00536,FASN,Cc1cc(C)c(-c2[nH]nc(CC(F)(F)F)c2C)cc1C(=O)N1CC(c2ccc(C#N)cc2)C1,7.0,2,,,,,,,,,,,pending_review,,
FASN-00537,FASN,Cc1cc(C)c(-c2[nH]nc(CO)c2C)cc1C(=O)N1CC(c2ccc(C#N)cc2)C1,7.214670164989233,2,,,,,,,,,,,pending_review,,
FASN-00538,FASN,Cc1cc(C)c(-c2[nH]nc(CO)c2Cl)cc1C(=O)N1CC(c2ccc(C#N)cc2)C1,7.6777807052660805,2,,,,,,,,,,,pending_review,,
FASN-00539,FASN,Cc1cc(C)c(-c2[nH]nc(COC(C)C)c2C)cc1C(=O)N1CC(c2ccc(C#N)cc2)C1,7.259637310505756,2,,,,,,,,,,,pending_review,,
FASN-00540,FASN,Cc1cc(C)c(-c2[nH]nc(COC3COC3)c2C)cc1C(=O)N1CC(c2ccc(C#N)cc2)C1,7.431798275933005,2,,,,,,,,,,,pending_review,,
FASN-00541,FASN,Cc1cc(C)c(-c2[nH]nc(COCC(F)(F)F)c2C)cc1C(=O)N1CC(c2ccc(C#N)cc2)C1,7.431798275933005,2,,,,,,,,,,,pending_review,,
FASN-00542,FASN,Cc1cc(C)c(-c2[nH]nc(COCC3CC3)c2C)cc1C(=O)N1CC(c2ccc(C#N)cc2)C1,7.2441251443275085,2,,,,,,,,,,,pending_review,,
FASN-00543,FASN,Cc1cc(C)c(-c2[nH]nc(Cl)c2C)cc1C(=O)N1CC(F)(c2ccc(C#N)cc2)C1,6.7495799976911055,2,,,,,,,,,,,pending_review,,
FASN-00544,FASN,Cc1cc(C)c(-c2[nH]nc(Cl)c2C)cc1C(=O)N1CC(c2ccc(C#N)cc2)C1,7.292429823902063,2,,,,,,,,,,,pending_review,,
FASN-00545,FASN,Cc1cc(C)c(-c2[nH]nc(OCC3CC3)c2C)cc1C(=O)N1CC(c2ccc(C#N)cc2)C1,4.301029995663981,2,,,,,,,,,,,pending_review,,
FASN-00546,FASN,Cc1cc(C)c(-c2[nH]nc(OCCO)c2C)cc1C(=O)N1CC(c2ccc(C#N)cc2)C1,7.721246399047171,1,,,,,,,,,,,pending_review,,
FASN-00547,FASN,Cc1cc(C)c(-c2[nH]ncc2C)cc1C(=O)N1CC(F)(c2ccc(C#N)cc2)C1,6.920818753952375,2,,,,,,,,,,,pending_review,,
FASN-00548,FASN,Cc1cc(C)c(-c2[nH]ncc2C)cc1C(=O)N1CC(c2ccc(C#N)cc2)C1,7.207608310501746,2,,,,,,,,,,,pending_review,,
FASN-00549,FASN,Cc1cc(C)c(-c2[nH]ncc2C)cc1C(=O)N1CCC(c2ccc(C#N)cc2)CC1,7.075720713938118,2,,,,,,,,,,,pending_review,,
FASN-00550,FASN,Cc1cc(C)c(-c2[nH]ncc2Cl)cc1C(=O)N1CC(F)(c2ccc(C#N)cc2)C1,7.537602002101044,2,,,,,,,,,,,pending_review,,
FASN-00551,FASN,Cc1cc(C)c(-c2[nH]ncc2Cl)cc1C(=O)N1CC(c2ccc(C#N)cc2)C1,7.619788758288394,2,,,,,,,,,,,pending_review,,
FASN-00552,FASN,Cc1cc(C)c(-c2nc3c([nH]2)C(C)N(C)CC3)cc1C(=O)N1CCC(c2ccc(C#N)cc2)CC1,6.8696662315049934,1,,,,,,,,,,,pending_review,,
FASN-00553,FASN,Cc1cc(C)c(-c2nc3c([nH]2)C(C)OCC3)cc1C(=O)N1CCC(c2ccc(C#N)cc2)CC1,6.356547323513812,1,,,,,,,,,,,pending_review,,
FASN-00554,FASN,Cc1cc(C)c(-c2nc3c([nH]2)CC(C#N)C3)cc1C(=O)N1CCC(c2ccc(C#N)cc2)CC1,7.301029995663981,1,,,,,,,,,,,pending_review,,
FASN-00555,FASN,Cc1cc(C)c(-c2nc3c([nH]2)CC(O)CC3)cc1C(=O)N1CCC(c2ccc(C#N)cc2)CC1,7.045757490560675,1,,,,,,,,,,,pending_review,,
FASN-00556,FASN,Cc1cc(C)c(-c2nc3c([nH]2)CCCC3)cc1C(=O)N1CCC(c2ccc(C#N)cc2)CC1,6.657577319177793,1,,,,,,,,,,,pending_review,,
FASN-00557,FASN,Cc1cc(C)c(-c2nc3c([nH]2)CCCOC3)cc1C(=O)N1CCC(c2ccc(C#N)cc2)CC1,6.437707135543525,1,,,,,,,,,,,pending_review,,
FASN-00558,FASN,Cc1cc(C)c(-c2nc3c([nH]2)CCN(C(C)C)CC3)cc1C(=O)N1CC(c2ccc(C#N)cc2)C1,7.207608310501746,2,,,,,,,,,,,pending_review,,
FASN-00559,FASN,Cc1cc(C)c(-c2nc3c([nH]2)CCN(C(C)C)CC3)cc1C(=O)N1CCC(c2ccc(C#N)cc2)CC1,7.6020599913279625,1,,,,,,,,,,,pending_review,,
FASN-00560,FASN,Cc1cc(C)c(-c2nc3c([nH]2)CCN(C)C3)cc1C(=O)N1CCC(c2ccc(C#N)cc2)CC1,7.1249387366083,1,,,,,,,,,,,pending_review,,
FASN-00561,FASN,Cc1cc(C)c(-c2nc3c([nH]2)CCN(C)CC3)cc1C(=O)N1CC(c2ccc(C#N)cc2)C1,7.048563032995715,3,,,,,,,,,,,pending_review,,
FASN-00562,FASN,Cc1cc(C)c(-c2nc3c([nH]2)CCN(C)CC3)cc1C(=O)N1CC(c2ccc(Cl)cc2)C1,7.2441251443275085,1,,,,,,,,,,,pending_review,,
FASN-00563,FASN,Cc1cc(C)c(-c2nc3c([nH]2)CCN(C2CC2)C3)cc1C(=O)N1CCC(c2ccc(C#N)cc2)CC1,6.782516055786093,1,,,,,,,,,,,pending_review,,
FASN-00564,FASN,Cc1cc(C)c(-c2nc3c([nH]2)CCN(C2COC2)C3)cc1C(=O)N1CCC(c2ccc(C#N)cc2)CC1,6.756961951313706,1,,,,,,,,,,,pending_review,,
FASN-00565,FASN,Cc1cc(C)c(-c2nc3c([nH]2)CCN(CCF)C3)cc1C(=O)N1CCC(F)(c2ccc(C#N)cc2)CC1,7.3979400086720375,1,,,,,,,,,,,pending_review,,
FASN-00566,FASN,Cc1cc(C)c(-c2nc3c([nH]2)CCN(CCF)C3)cc1C(=O)N1CCC(c2ccc(C#N)cc2)CC1,7.096910013008056,1,,,,,,,,,,,pending_review,,
FASN-00567,FASN,Cc1cc(C)c(-c2nc3c([nH]2)CCN(CCF)CC3)cc1C(=O)N1CCC(c2ccc(C#N)cc2)CC1,7.3979400086720375,1,,,,,,,,,,,pending_review,,
FASN-00568,FASN,Cc1cc(C)c(-c2nc3c([nH]2)CCNC3)cc1C(=O)N1CCC(c2ccc(C#N)cc2)CC1,6.221848749616356,1,,,,,,,,,,,pending_review,,
FASN-00569,FASN,Cc1cc(C)c(-c2nc3c([nH]2)CCOCC3)cc1C(=O)N1CCC(c2ccc(C#N)cc2)CC1,6.327902142064282,1,,,,,,,,,,,pending_review,,
FASN-00570,FASN,Cc1cc(C)c(-c2nc3c([nH]2)CN(C(=O)C(C)C)CC3)cc1C(=O)N1CCC(c2ccc(C#N)cc2)CC1,7.6020599913279625,1,,,,,,,,,,,pending_review,,
FASN-00571,FASN,Cc1cc(C)c(-c2nc3c([nH]2)CN(C(=O)C(C)C)CC3)cc1C(=O)N1CCC(c2ccc(F)cc2)CC1,6.259637310505756,1,,,,,,,,,,,pending_review,,
FASN-00572,FASN,Cc1cc(C)c(-c2nc3c([nH]2)CN(C(=O)C2CC2)CC3)cc1C(=O)N1CCC(c2ccc(C#N)cc2)CC1,7.522878745280337,1,,,,,,,,,,,pending_review,,
FASN-00573,FASN,Cc1cc(C)c(-c2nc3c([nH]2)CN(C(=O)N(C)C)CC3)cc1C(=O)N1CCC(c2ccc(C#N)cc2)CC1,7.045757490560675,1,,,,,,,,,,,pending_review,,
FASN-00574,FASN,Cc1cc(C)c(-c2nc3c([nH]2)CN(C(C)C)CC3(C)C)cc1C(=O)N1CCC(c2ccc(C#N)cc2)CC1,6.886056647693163,1,,,,,,,,,,,pending_review,,
FASN-00575,FASN,Cc1cc(C)c(-c2nc3c([nH]2)CN(C(C)C)CC3)cc1C(=O)N1CCC(c2ccc(C#N)cc2)CC1,7.187086643357144,1,,,,,,,,,,,pending_review,,
FASN-00576,FASN,Cc1cc(C)c(-c2nc3c([nH]2)CN(C)C(C)C3)cc1C(=O)N1CCC(c2ccc(C#N)cc2)CC1,6.886056647693163,1,,,,,,,,,,,pending_review,,
FASN-00577,FASN,Cc1cc(C)c(-c2nc3c([nH]2)CN(C)CC3)cc1C(=O)N1CCC(c2ccc(C(F)(F)F)cc2)CC1,6.886056647693163,1,,,,,,,,,,,pending_review,,
FASN-00578,FASN,Cc1cc(C)c(-c2nc3c([nH]2)CN(S(=O)(=O)C(C)C)CC3)cc1C(=O)N1CCC(c2ccc(C#N)cc2)CC1,7.259637310505756,1,,,,,,,,,,,pending_review,,
FASN-00579,FASN,Cc1cc(C)c(-c2nc3c([nH]2)CN(S(=O)(=O)C(C)C)CC3)cc1C(=O)N1CCC(c2ccc(F)cc2)CC1,6.026872146400301,1,,,,,,,,,,,pending_review,,
FASN-00580,FASN,Cc1cc(C)c(-c2nc3c([nH]2)CN(S(=O)(=O)N(C)C)CC3)cc1C(=O)N1CCC(c2ccc(C#N)cc2)CC1,7.301029995663981,1,,,,,,,,,,,pending_review,,
FASN-00581,FASN,Cc1cc(C)c(-c2nc3c([nH]2)COC(C)(C)C3)cc1C(=O)N1CCC(c2ccc(C#N)cc2)CC1,6.107905397309519,1,,,,,,,,,,,pending_review,,
FASN-00582,FASN,Cc1cc(C)c(-c2nc3c([nH]2)COC(C)C3)cc1C(=O)N1CCC(c2ccc(C#N)cc2)CC1,7.187086643357144,1,,,,,,,,,,,pending_review,,
FASN-00583,FASN,Cc1cc(C)c(-c2nc3c([nH]2)COC3)cc1C(=O)N1CCC(c2ccc(C#N)cc2)CC1,4.460046158343603,1,,,,,,,,,,,pending_review,,
FASN-00584,FASN,Cc1cc(C)c(-c2nc3c([nH]2)COCC3(C)C)cc1C(=O)N1CCC(c2ccc(C#N)cc2)CC1,6.8696662315049934,1,,,,,,,,,,,pending_review,,
FASN-00585,FASN,Cc1cc(C)c(-c2nc3c([nH]2)COCC3)cc1C(=O)N1CCC(F)(c2ccc(C#N)cc2)CC1,6.769551078621726,1,,,,,,,,,,,pending_review,,
FASN-00586,FASN,Cc1cc(C)c(-c2nc3c([nH]2)COCC3)cc1C(=O)N1CCC(c2ccc(C#N)c(F)c2)CC1,6.443697499232712,1,,,,,,,,,,,pending_review,,
FASN-00587,FASN,Cc1cc(C)c(-c2nc3c([nH]2)COCC3)cc1C(=O)N1CCC(c2ccc(C#N)cc2)CC1,6.580044251510242,1,,,,,,,,,,,pending_review,,
FASN-00588,FASN,Cc1cc(C)c(-c2nc3c([nH]2)COCC3)cc1C(=O)N1CCC(c2ccc(C(=O)N(C)C)cc2)CC1,5.274088367704952,1,,,,,,,,,,,pending_review,,
FASN-00589,FASN,Cc1cc(C)c(-c2nc3c([nH]2)COCC3)cc1C(=O)N1CCC(c2ccc(C(F)(F)F)cc2)CC1,6.903089986991944,1,,,,,,,,,,,pending_review,,
FASN-00590,FASN,Cc1cc(C)c(-c2nc3c([nH]2)COCC3)cc1C(=O)N1CCC(c2ccc(Cl)cc2)CC1,6.431798275933005,1,,,,,,,,,,,pending_review,,
FASN-00591,FASN,Cc1cc(C)c(-c2nc3c([nH]2)COCC3)cc1C(=O)N1CCC(c2ccc(F)cc2)CC1,5.838631997765026,1,,,,,,,,,,,pending_review,,
FASN-00592,FASN,Cc1cc(C)c(-c2nc3c([nH]2)COCC3)cc1C(=O)N1CCC(c2ccc(OC(F)(F)F)cc2)CC1,6.7447274948966935,1,,,,,,,,,,,pending_review,,
FASN-00593,FASN,Cc1cc(C)c(-c2nc3c([nH]2)COCC3)cc1C(=O)N1CCC(c2ccc(S(C)(=O)=O)cc2)CC1,5.266000713461613,1,,,,,,,,,,,pending_review,,
FASN-00594,FASN,Cc1cc(C)c(-c2nc3c([nH]2)COCC3)cc1C(=O)N1CCC(c2ccccc2)CC1,5.279014255846261,1,,,,,,,,,,,pending_review,,
FASN-00595,FASN,Cc1cc(C)c(-c2nc3c([nH]2)COCC3C)cc1C(=O)N1CCC(c2ccc(C#N)cc2)CC1,6.978810700930062,1,,,,,,,,,,,pending_review,,
FASN-00596,FASN,Cc1cc(C)c(-c2nc3c(s2)COCC3)cc1C(=O)N1CCC(c2ccc(C#N)cc2)CC1,4.974284616098659,1,,,,,,,,,,,pending_review,,
FASN-00597,FASN,Cc1cc(C)c(-c2nc3cc(C#N)ccc3[nH]2)cc1C(=O)N1CCC(c2ccc(C#N)cc2)CC1,6.8696662315049934,1,,,,,,,,,,,pending_review,,
FASN-00598,FASN,Cc1cc(C)c(-c2nc3cc(C(=O)N(C)C)ccc3[nH]2)cc1C(=O)N1CCC(c2ccc(C#N)cc2)CC1,6.6020599913279625,1,,,,,,,,,,,pending_review,,
FASN-00599,FASN,Cc1cc(C)c(-c2nc3cc(C(=O)O)ccc3[nH]2)cc1C(=O)N1CCC(c2ccc(C#N)cc2)CC1,5.826813731587726,1,,,,,,,,,,,pending_review,,
FASN-00600,FASN,Cc1cc(C)c(-c2nc3cc(C(N)=O)ccc3[nH]2)cc1C(=O)N1CCC(c2ccc(C#N)cc2)CC1,6.552841968657781,1,,,,,,,,,,,pending_review,,
FASN-00601,FASN,Cc1cc(C)c(-c2nc3cc(N4CCC4)ncc3[nH]2)cc1C(=O)N1CCC(F)(c2ccc(C#N)cc2)CC1,6.823908740944319,1,,,,,,,,,,,pending_review,,
FASN-00602,FASN,Cc1cc(C)c(-c2nc3cc(N4CCC4)ncc3[nH]2)cc1C(=O)N1CCC(F)(c2ccc(C#N)cn2)CC1,5.142969201727376,1,,,,,,,,,,,pending_review,,
FASN-00603,FASN,Cc1cc(C)c(-c2nc3cc(N4CCC4)ncc3[nH]2)cc1C(=O)N1CCC(c2ccc(C#N)cc2)CC1,7.346787486224656,1,,,,,,,,,,,pending_review,,
FASN-00604,FASN,Cc1cc(C)c(-c2nc3cc(N4CCCC4)ncc3[nH]2)cc1C(=O)N1CC(c2ccc(C#N)cc2)C1,7.443697499232712,2,,,,,,,,,,,pending_review,,
FASN-00605,FASN,Cc1cc(C)c(-c2nc3cc(N4CCCC4)ncc3[nH]2)cc1C(=O)N1CCC(F)(c2ccc(C#N)cc2)CC1,7.823908740944319,1,,,,,,,,,,,pending_review,,
FASN-00606,FASN,Cc1cc(C)c(-c2nc3cc(N4CCCC4)ncc3[nH]2)cc1C(=O)N1CCC(c2ccc(C#N)cc2)CC1,7.782649050583966,3,,,,,,,,,,,pending_review,,
FASN-00607,FASN,Cc1cc(C)c(-c2nc3cc(N4CCN(C)CC4)ncc3[nH]2)cc1C(=O)N1CCC(c2ccc(C#N)cc2)CC1,6.185448174911431,2,,,,,,,,,,,pending_review,,
FASN-00608,FASN,Cc1cc(C)c(-c2nc3cc(N4CCNCC4)ncc3[nH]2)cc1C(=O)N1CCC(c2ccc(C#N)cc2)CC1,6.060480747381382,2,,,,,,,,,,,pending_review,,
FASN-00609,FASN,Cc1cc(C)c(-c2nc3cc(N4CCOCC4)ncc3[nH]2)cc1C(=O)N1CC(c2ccc(C#N)cc2)C1,7.2441251443275085,2,,,,,,,,,,,pending_review,,
FASN-00610,FASN,Cc1cc(C)c(-c2nc3cc(N4CCOCC4)ncc3[nH]2)cc1C(=O)N1CCC(c2ccc(C#N)cc2)CC1,7.267308574275791,2,,,,,,,,,,,pending_review,,
FASN-00611,FASN,Cc1cc(C)c(-c2nc3cc(OC4COC4)ncc3[nH]2)cc1C(=O)N1CCC(c2ccc(C#N)cc2)CC1,7.045757490560675,1,,,,,,,,,,,pending_review,,
FASN-00612,FASN,Cc1cc(C)c(-c2nc3cc(S(C)(=O)=O)cnc3[nH]2)cc1C(=O)N1CCC(c2ccc(C#N)cc2)CC1,7.154901959985743,2,,,,,,,,,,,pending_review,,
FASN-00613,FASN,Cc1cc(C)c(-c2nc3cc(S(C)(=O)=O)ncc3[nH]2)cc1C(=O)N1CCC(c2ccc(C#N)cc2)CC1,7.070581074285707,2,,,,,,,,,,,pending_review,,
FASN-00614,FASN,Cc1cc(C)c(-c2nc3cc[nH]c(=O)c3[nH]2)cc1C(=O)N1CCC(c2ccc(C#N)cc2)CC1,6.610833915635467,1,,,,,,,,,,,pending_review,,
FASN-00615,FASN,Cc1cc(C)c(-c2nc3ccnc(C4COC4)c3[nH]2)cc1C(=O)N1CCC(c2ccc(C#N)cc2)CC1,5.887730231582729,1,,,,,,,,,,,pending_review,,
FASN-00616,FASN,Cc1cc(C)c(-c2nc3ccnc(N4CCC4)c3[nH]2)cc1C(=O)N1CCC(c2ccc(C#N)cc2)CC1,6.318758762624412,2,,,,,,,,,,,pending_review,,
FASN-00617,FASN,Cc1cc(C)c(-c2nc3ccnc(N4CCCC4)c3[nH]2)cc1C(=O)N1CCC(c2ccc(C#N)cc2)CC1,7.045757490560675,1,,,,,,,,,,,pending_review,,
FASN-00618,FASN,Cc1cc(C)c(-c2nc3ccncc3[nH]2)cc1C(=O)N1CCC(c2ccc(C#N)cc2)CC1,5.978810700930062,1,,,,,,,,,,,pending_review,,
FASN-00619,FASN,Cc1cc(C)c(-c2nc3nc(N4CCC4)ccc3[nH]2)cc1C(=O)N1CCC(c2ccc(C#N)cc2)CC1,7.154901959985743,2,,,,,,,,,,,pending_review,,
FASN-00620,FASN,Cc1cc(C)c(-c2ncc(C(=O)N(C)C)[nH]2)cc1C(=O)N1CCC(c2ccc(C#N)cc2)CC1,6.187086643357144,1,,,,,,,,,,,pending_review,,
FASN-00621,FASN,Cc1cc(C)c(-c2ncc(C(=O)N3CCOCC3)[nH]2)cc1C(=O)N1CCC(c2ccc(C#N)cc2)CC1,5.787812395596042,1,,,,,,,,,,,pending_review,,
FASN-00622,FASN,Cc1cc(C)c(-c2ncc([C@@H]3CCCO3)[nH]2)cc1C(=O)N1CCC(c2ccc(C#N)cc2)CC1,6.236572006437063,1,,,,,,,,,,,pending_review,,
FASN-00623,FASN,Cc1cc(C)c(-c2nnc(C(=O)N(C)C)[nH]2)cc1C(=O)N1CCC(c2ccc(C#N)cc2)CC1,5.690369832574101,1,,,,,,,,,,,pending_review,,
FASN-00624,FASN,Cc1cc(C)c(-c2nnc(C3CCOCC3)[nH]2)cc1C(=O)N1CCC(c2ccc(C#N)cc2)CC1,6.301029995663981,1,,,,,,,,,,,pending_review,,
FASN-00625,FASN,Cc1cc(C)c(-c2nnc(CC#N)[nH]2)cc1C(=O)N1CCC(c2ccc(C#N)cc2)CC1,5.917214629683549,1,,,,,,,,,,,pending_review,,
FASN-00626,FASN,Cc1cc(C)c(-c2nnc(CC3CCCO3)[nH]2)cc1C(=O)N1CCC(c2ccc(C#N)cc2)CC1,6.1938200260161125,1,,,,,,,,,,,pending_review,,
FASN-00627,FASN,Cc1cc(C)c(-c2nnc(CC3CCOC3)[nH]2)cc1C(=O)N1CCC(c2ccc(C#N)cc2)CC1,6.522878745280337,1,,,,,,,,,,,pending_review,,
FASN-00628,FASN,Cc1cc(C)c(-c2nnc(CCC#N)[nH]2)cc1C(=O)N1CCC(c2ccc(C#N)cc2)CC1,6.42021640338319,1,,,,,,,,,,,pending_review,,
FASN-00629,FASN,Cc1cc(C)c(-c2nnc(N3CCCC3)[nH]2)cc1C(=O)N1CCC(c2ccc(C#N)cc2)CC1,4.541211118289155,1,,,,,,,,,,,pending_review,,
FASN-00630,FASN,Cc1cc(C)c(-c2nnc(N3CCOCC3)[nH]2)cc1C(=O)N1CCC(c2ccc(C#N)cc2)CC1,6.102372908709558,1,,,,,,,,,,,pending_review,,
FASN-00631,FASN,Cc1cc(C)c(-c2nnc(NC3CCOC3)[nH]2)cc1C(=O)N1CCC(c2ccc(C#N)cc2)CC1,6.481486060122112,1,,,,,,,,,,,pending_review,,
FASN-00632,FASN,Cc1cc(C)c(-c2nnc(OC3CCOC3)[nH]2)cc1C(=O)N1CCC(c2ccc(C#N)cc2)CC1,6.522878745280337,1,,,,,,,,,,,pending_review,,
FASN-00633,FASN,Cc1cc(C)c(-c2nnc([C@@H]3CCCO3)[nH]2)cc1C(=O)N1CCC(c2ccc(C#N)cc2)CC1,6.619788758288394,1,,,,,,,,,,,pending_review,,
FASN-00634,FASN,Cc1cc(C)c(-c2nnc([C@H]3CCCO3)[nH]2)cc1C(=O)N1CCC(c2ccc(C#N)cc2)CC1,6.102372908709558,1,,,,,,,,,,,pending_review,,
FASN-00635,FASN,Cc1cc(C)c(C(=O)N2CCC(F)(c3ccc(C#N)cc3)CC2)cc1NC(=O)NC1CCCOC1,7.045757490560675,1,,,,,,,,,,,pending_review,,
FASN-00636,FASN,Cc1cc(C)c(C(=O)N2CCC(F)(c3ccc(C#N)cc3)CC2)cc1NC(=O)NC[C@H]1CCCO1,6.769551078621726,1,,,,,,,,,,,pending_review,,
FASN-00637,FASN,Cc1cc(C)c(C(=O)N2CCC(F)(c3ccc(C#N)cc3)CC2)cc1NC(=O)N[C@@H]1CCOC1,6.638272163982407,1,,,,,,,,,,,pending_review,,
FASN-00638,FASN,Cc1cc(C)c(C(=O)N2CCC(F)(c3ccc(C#N)cc3)CC2)cc1NC(=O)O[C@@H]1CCOC1,6.3979400086720375,1,,,,,,,,,,,pending_review,,
FASN-00639,FASN,Cc1cc(C)c(C(=O)N2CCC(F)(c3ccc(C#N)cc3)CC2)cc1NC(=O)c1ccc(N2CCC2)nc1,7.301029995663981,1,,,,,,,,,,,pending_review,,
FASN-00640,FASN,Cc1cc(C)c(C(=O)N2CCC(F)(c3ccc(C#N)cc3)CC2)cc1NC(=O)c1ccc(N2CCN(C)CC2)nc1,6.8326826652518236,1,,,,,,,,,,,pending_review,,
FASN-00641,FASN,Cc1cc(C)c(C(=O)N2CCC(F)(c3ccc(C#N)cc3)CC2)cc1NC(=O)c1ccc(N2CCNCC2)nc1,6.853871964321762,1,,,,,,,,,,,pending_review,,
FASN-00642,FASN,Cc1cc(C)c(C(=O)N2CCC(F)(c3ccc(C#N)cc3)CC2)cc1NC(=O)c1ccc(N2CCOCC2)nc1,6.958607314841775,1,,,,,,,,,,,pending_review,,
FASN-00643,FASN,Cc1cc(C)c(C(=O)N2CCC(F)(c3ccc(C#N)cc3)CC2)cc1NC(=O)c1ccc(NC(C)C)nc1,7.173925197299173,1,,,,,,,,,,,pending_review,,
FASN-00644,FASN,Cc1cc(C)c(C(=O)N2CCC(F)(c3ccc(C#N)cn3)CC2)cc1NC(=O)c1ccc(N2CCOCC2)nc1,6.221848749616356,1,,,,,,,,,,,pending_review,,
FASN-00645,FASN,Cc1cc(C)c(C(=O)N2CCC(F)(c3ccc(C#N)cn3)CC2)cc1NC(=O)c1cnc(N2CCOCC2)nc1,6.638272163982407,1,,,,,,,,,,,pending_review,,
FASN-00646,FASN,Cc1cc(C2=NC3(CC3)C(=O)N2C[C@@H]2CCN(C(=O)C3CC3)C2)ccc1-c1ccc2c(cnn2C)c1,6.522878745280337,1,,,,,,,,,,,pending_review,,
FASN-00647,FASN,Cc1cc(C2CC2)c(-c2[nH]nc(C)c2C)cc1C(=O)N1CC(c2ccc(C#N)cc2)C1,7.0,2,,,,,,,,,,,pending_review,,
FASN-00648,FASN,Cc1cc(C2CC2)c(-c2nc3c([nH]2)CCN(C)CC3)cc1C(=O)N1CC(c2ccc(C#N)cc2)C1,7.0655015487564325,2,,,,,,,,,,,pending_review,,
FASN-00649,FASN,Cc1cc(C2CC2)c(-c2nc3c([nH]2)CN(C(C)C)CC3)cc1C(=O)N1CCC(c2ccc(C#N)cc2)CC1,7.3979400086720375,1,,,,,,,,,,,pending_review,,
FASN-00650,FASN,Cc1cc(C2CC2)c(-c2nc3c([nH]2)CN(C)CC3)cc1C(=O)N1CC(c2ccc(C#N)cc2)C1,7.3979400086720375,2,,,,,,,,,,,pending_review,,
FASN-00651,FASN,Cc1cc(C2CC2)c(-c2nc3c([nH]2)COCC3)cc1C(=O)N1CCC(c2ccc(C#N)cc2)CC1,7.187086643357144,1,,,,,,,,,,,pending_review,,
FASN-00652,FASN,Cc1cc(C2CC2)c(-c2nnc(CC(=O)N(C)C)[nH]2)cc1C(=O)N1CCC(c2ccc(C#N)cc2)CC1,6.585026652029182,1,,,,,,,,,,,pending_review,,
FASN-00653,FASN,Cc1cc(C2CC2)c(-c2nnc(CCN(C)C)[nH]2)cc1C(=O)N1CCC(c2ccc(C#N)cc2)CC1,6.756961951313706,1,,,,,,,,,,,pending_review,,
FASN-00654,FASN,Cc1cc(C2CC2)c(-c2nnc(CN(C)C)[nH]2)cc1C(=O)N1CCC(c2ccc(C#N)cc2)CC1,6.494850021680094,1,,,,,,,,,,,pending_review,,
FASN-00655,FASN,Cc1cc(C2CC2)c(-c2nnc(CN3CCC3)[nH]2)cc1C(=O)N1CCC(c2ccc(C#N)cc2)CC1,6.086186147616283,1,,,,,,,,,,,pending_review,,
FASN-00656,FASN,Cc1cc(C2CCC2)c(-c2cn[nH]n2)cc1C(=O)N1CCC(c2ccc(C#N)cc2)CC1,6.4089353929735005,1,,,,,,,,,,,pending_review,,
FASN-00657,FASN,Cc1cc(C2CCC2)c(-c2nc(C)c(C)[nH]2)cc1C(=O)N1CCC(c2ccc(C#N)cc2)CC1,7.154901959985743,1,,,,,,,,,,,pending_review,,
FASN-00658,FASN,Cc1cc(C2CCC2)c(-c2nc3c([nH]2)CCN(C)CC3)cc1C(=O)N1CC(c2ccc(C#N)cc2)C1,7.698970004336019,2,,,,,,,,,,,pending_review,,
FASN-00659,FASN,Cc1cc(C2CCC2)c(-c2nc3c([nH]2)CCN(C)CC3)cc1C(=O)N1CCC(F)(c2ccc(C#N)cc2)CC1,7.221848749616356,1,,,,,,,,,,,pending_review,,
FASN-00660,FASN,Cc1cc(C2CCC2)c(-c2nc3c([nH]2)CCN(C)CC3)cc1C(=O)N1CCC(c2ccc(C#N)cc2)CC1,7.301029995663981,1,,,,,,,,,,,pending_review,,
FASN-00661,FASN,Cc1cc(C2CCC2)c(-c2nc3c([nH]2)CN(C)CC3)cc1C(=O)N1CC(c2ccc(C#N)cc2)C1,7.6777807052660805,2,,,,,,,,,,,pending_review,,
FASN-00662,FASN,Cc1cc(C2CCC2)c(-c2nc3c([nH]2)CN(C)CC3)cc1C(=O)N1CCC(F)(c2ccc(C#N)cc2)CC1,7.3979400086720375,1,,,,,,,,,,,pending_review,,
FASN-00663,FASN,Cc1cc(C2CCC2)c(-c2nc3c([nH]2)CN(C)CC3)cc1C(=O)N1CCC(c2ccc(C#N)cc2)CC1,7.698970004336019,1,,,,,,,,,,,pending_review,,
FASN-00664,FASN,Cc1cc(C2CCC2)c(-c2nc3c([nH]2)COCC3)cc1C(=O)N1CCC(F)(c2ccc(C#N)cc2)CC1,8.0,1,,,,,,,,,,,pending_review,,
FASN-00665,FASN,Cc1cc(C2CCC2)c(-c2nc3c([nH]2)COCC3)cc1C(=O)N1CCC(c2ccc(C#N)cc2)CC1,7.6020599913279625,1,,,,,,,,,,,pending_review,,
FASN-00666,FASN,Cc1cc(C2CCC2)c(-c2ncc(C#N)[nH]2)cc1C(=O)N1CCC(c2ccc(C#N)cc2)CC1,7.045757490560675,1,,,,,,,,,,,pending_review,,
FASN-00667,FASN,Cc1cc(C2CCC2)c(-c2ncc(C(F)(F)F)[nH]2)cc1C(=O)N1CCC(c2ccc(C#N)cc2)CC1,6.236572006437063,1,,,,,,,,,,,pending_review,,
FASN-00668,FASN,Cc1cc(C2CCC2)c(-c2ncc(Cl)[nH]2)cc1C(=O)N1CCC(c2ccc(C#N)cc2)CC1,6.7447274948966935,1,,,,,,,,,,,pending_review,,
FASN-00669,FASN,Cc1cc(C2CCC2)c(-c2nnc(C#N)[nH]2)cc1C(=O)N1CCC(c2ccc(C#N)cc2)CC1,5.430626090384954,2,,,,,,,,,,,pending_review,,
FASN-00670,FASN,Cc1cc(C2CCC2)c(-c2nnc(C(C)C)[nH]2)cc1C(=O)N1CCC(F)(c2ccc(C#N)cc2)CC1,6.8696662315049934,1,,,,,,,,,,,pending_review,,
FASN-00671,FASN,Cc1cc(C2CCC2)c(-c2nnc(C(C)C)[nH]2)cc1C(=O)N1CCC(c2ccc(C#N)cc2)CC1,6.939302159646388,1,,,,,,,,,,,pending_review,,
FASN-00672,FASN,Cc1cc(C2CCC2)c(-c2nnc(C(F)(F)F)[nH]2)cc1C(=O)N1CCC(c2ccc(C#N)cc2)CC1,6.0,1,,,,,,,,,,,pending_review,,
FASN-00673,FASN,Cc1cc(C2CCC2)c(-c2nnc(C(F)F)[nH]2)cc1C(=O)N1CCC(F)(c2ccc(C#N)cc2)CC1,6.903089986991944,1,,,,,,,,,,,pending_review,,
FASN-00674,FASN,Cc1cc(C2CCC2)c(-c2nnc(C(F)F)[nH]2)cc1C(=O)N1CCC(c2ccc(C#N)cc2)CC1,6.795880017344075,1,,,,,,,,,,,pending_review,,
FASN-00675,FASN,Cc1cc(C2CCC2)c(-c2nnc(CC(=O)O)[nH]2)cc1C(=O)N1CCC(c2ccc(C#N)cc2)CC1,6.732828271596986,2,,,,,,,,,,,pending_review,,
FASN-00676,FASN,Cc1cc(C2CCC2)c(-c2nnc(CCO)[nH]2)cc1C(=O)N1CCC(F)(c2ccc(C#N)cc2)CC1,7.154901959985743,1,,,,,,,,,,,pending_review,,
FASN-00677,FASN,Cc1cc(C2CCC2)c(-c2nnc(CO)[nH]2)cc1C(=O)N1CCC(F)(c2ccc(C#N)cc2)CC1,7.522878745280337,2,,,,,,,,,,,pending_review,,
FASN-00678,FASN,Cc1cc(C2CCC2)c(-c2nnc(CO)[nH]2)cc1C(=O)N1CCC(c2ccc(C#N)cc2)CC1,7.698970004336019,1,,,,,,,,,,,pending_review,,
FASN-00679,FASN,Cc1cc(C2CCC2)c(-c2nnc(OCCO)[nH]2)cc1C(=O)N1CCC(c2ccc(C#N)cc2)CC1,7.259637310505756,2,,,,,,,,,,,pending_review,,
FASN-00680,FASN,Cc1cc(C2CCC2)c(-c2nnc([C@@H]3CCCO3)[nH]2)cc1C(=O)N1CCC(F)(c2ccc(C#N)cc2)CC1,6.619788758288394,1,,,,,,,,,,,pending_review,,
FASN-00681,FASN,Cc1cc(C2CCC2)c(-c2nnc([C@@H]3CCCO3)[nH]2)cc1C(=O)N1CCC(c2ccc(C#N)cc2)CC1,6.853871964321762,1,,,,,,,,,,,pending_review,,
FASN-00682,FASN,Cc1cc(C2CCC2)c(-c2nnc([C@H]3CCCO3)[nH]2)cc1C(=O)N1CCC(c2ccc(C#N)cc2)CC1,6.698970004336019,1,,,,,,,,,,,pending_review,,
FASN-00683,FASN,Cc1cc(C2CCC2)c(-c2nnc[nH]2)cc1C(=O)N1CCC(F)(c2ccc(C#N)cc2)CC1,7.346787486224656,1,,,,,,,,,,,pending_review,,
FASN-00684,FASN,Cc1cc(C2CCC2)c(-c2nnc[nH]2)cc1C(=O)N1CCC(c2ccc(C#N)cc2)CC1,7.259637310505756,1,,,,,,,,,,,pending_review,,
FASN-00685,FASN,Cc1cc(C2CCC2)c(C(N)=O)cc1C(=O)N1CC(c2ccc(C#N)cc2)C1,6.978810700930062,2,,,,,,,,,,,pending_review,,
FASN-00686,FASN,Cc1cc(C2CCC2)c(C(N)=O)cc1C(=O)N1CCC(c2ccc(C#N)cc2)CC1,6.8696662315049934,2,,,,,,,,,,,pending_review,,
FASN-00687,FASN,Cc1cc(Cl)c(-c2nc3c([nH]2)COCC3)cc1C(=O)N1CCC(F)(c2ccc(C#N)cc2)CC1,6.346787486224656,1,,,,,,,,,,,pending_review,,
FASN-00688,FASN,Cc1cc(F)c(-c2nc3c([nH]2)COCC3)cc1C(=O)N1CCC(c2ccc(C#N)cc2)CC1,5.7423214251308154,1,,,,,,,,,,,pending_review,,
FASN-00689,FASN,Cc1cc(F)c(-c2nc3cc(N4CCC4)ncc3[nH]2)cc1C(=O)N1CCC(c2ccc(C#N)cc2)CC1,6.045757490560675,1,,,,,,,,,,,pending_review,,
FASN-00690,FASN,Cc1cc(N2CCC2)c(-c2[nH]nc(C)c2C)cc1C(=O)N1CC(c2ccc(C#N)cc2)C1,7.537602002101044,2,,,,,,,,,,,pending_review,,
FASN-00691,FASN,Cc1ccc(-c2nc3cc(N4CCCC4)ncc3[nH]2)cc1C(=O)N1CCC(c2ccc(C#N)cc2)CC1,7.221848749616356,2,,,,,,,,,,,pending_review,,
FASN-00692,FASN,Cc1ccc(-c2nnc3n2CCC(c2ccc(C#N)cc2)C3)cc1NC(=O)NCC(C)C,5.196542884351587,1,,,,,,,,,,,pending_review,,
FASN-00693,FASN,Cc1ccc(-c2nnc3n2CCC(c2ccc(C#N)cc2)C3)cc1NC(=O)c1ccc(NC(C)C)nc1,6.522878745280337,1,,,,,,,,,,,pending_review,,
FASN-00694,FASN,Cc1ccc(C(=O)N2CC(F)(c3ccc(C#N)cc3)C2)cc1-c1[nH]c(C(C)O)nc1C,6.886056647693163,2,,,,,,,,,,,pending_review,,
FASN-00695,FASN,Cc1ccc(C(=O)N2CC(F)(c3ccc(C#N)cc3)C2)cc1-c1[nH]c(C(F)(F)F)nc1C,6.958607314841775,2,,,,,,,,,,,pending_review,,
FASN-00696,FASN,Cc1ccc(C(=O)N2CC(F)(c3ccc(C#N)cc3)C2)cc1-c1[nH]c(C2(C)CCOCC2)nc1Cl,7.795880017344075,2,,,,,,,,,,,pending_review,,
FASN-00697,FASN,Cc1ccc(C(=O)N2CC(F)(c3ccc(C#N)cc3)C2)cc1-c1[nH]c(C2(C)COC2)nc1C,7.568636235841012,2,,,,,,,,,,,pending_review,,
FASN-00698,FASN,Cc1ccc(C(=O)N2CC(F)(c3ccc(C#N)cc3)C2)cc1-c1[nH]c(C2CC2)nc1Cl,7.920818753952375,2,,,,,,,,,,,pending_review,,
FASN-00699,FASN,Cc1ccc(C(=O)N2CC(F)(c3ccc(C#N)cc3)C2)cc1-c1[nH]c(C2CCOCC2)nc1C,7.3979400086720375,2,,,,,,,,,,,pending_review,,
FASN-00700,FASN,Cc1ccc(C(=O)N2CC(F)(c3ccc(C#N)cc3)C2)cc1-c1[nH]c(CCO)nc1Cl,7.7447274948966935,2,,,,,,,,,,,pending_review,,
FASN-00701,FASN,Cc1ccc(C(=O)N2CC(F)(c3ccc(C#N)cc3)C2)cc1-c1[nH]c(CO)nc1C(F)(F)F,7.318758762624412,2,,,,,,,,,,,pending_review,,
FASN-00702,FASN,Cc1ccc(C(=O)N2CC(F)(c3ccc(C#N)cc3)C2)cc1-c1[nH]c(CO)nc1Cl,7.795880017344075,2,,,,,,,,,,,pending_review,,
FASN-00703,FASN,Cc1ccc(C(=O)N2CC(F)(c3ccc(C#N)cc3)C2)cc1-c1[nH]nc(C)c1C,6.958607314841775,2,,,,,,,,,,,pending_review,,
FASN-00704,FASN,Cc1ccc(C(=O)N2CC(F)(c3ccc(C#N)cc3)C2)cc1-c1[nH]nc(C)c1Cl,7.0655015487564325,2,,,,,,,,,,,pending_review,,
FASN-00705,FASN,Cc1ccc(C(=O)N2CC(F)(c3ccc(C#N)cc3)C2)cc1-c1[nH]nc(Cl)c1C,7.022276394711152,2,,,,,,,,,,,pending_review,,
FASN-00706,FASN,Cc1ccc(C(=O)N2CC(F)(c3ccc(C#N)cc3)C2)cc1-c1[nH]ncc1C,6.991399828238082,2,,,,,,,,,,,pending_review,,
FASN-00707,FASN,Cc1ccc(C(=O)N2CC(c3ccc(C#N)cc3)C2)cc1-c1[nH]c(C#N)nc1C,7.568636235841012,2,,,,,,,,,,,pending_review,,
FASN-00708,FASN,Cc1ccc(C(=O)N2CC(c3ccc(C#N)cc3)C2)cc1-c1[nH]c(C#N)nc1Cl,7.4089353929735005,2,,,,,,,,,,,pending_review,,
FASN-00709,FASN,Cc1ccc(C(=O)N2CC(c3ccc(C#N)cc3)C2)cc1-c1[nH]c(C(C)(F)F)nc1C,7.086186147616283,2,,,,,,,,,,,pending_review,,
FASN-00710,FASN,Cc1ccc(C(=O)N2CC(c3ccc(C#N)cc3)C2)cc1-c1[nH]c(C(C)C)nc1C,7.721246399047171,2,,,,,,,,,,,pending_review,,
FASN-00711,FASN,Cc1ccc(C(=O)N2CC(c3ccc(C#N)cc3)C2)cc1-c1[nH]c(C(C)C)nc1Cl,8.045757490560675,2,,,,,,,,,,,pending_review,,
FASN-00712,FASN,Cc1ccc(C(=O)N2CC(c3ccc(C#N)cc3)C2)cc1-c1[nH]c(C(C)O)nc1C,7.568636235841012,2,,,,,,,,,,,pending_review,,
FASN-00713,FASN,Cc1ccc(C(=O)N2CC(c3ccc(C#N)cc3)C2)cc1-c1[nH]c(C(F)(F)F)nc1C,7.275724130399211,2,,,,,,,,,,,pending_review,,
FASN-00714,FASN,Cc1ccc(C(=O)N2CC(c3ccc(C#N)cc3)C2)cc1-c1[nH]c(C(F)(F)F)nc1C1CC1,7.638272163982407,2,,,,,,,,,,,pending_review,,
FASN-00715,FASN,Cc1ccc(C(=O)N2CC(c3ccc(C#N)cc3)C2)cc1-c1[nH]c(C2(C)CCOCC2)nc1C,7.2839966563652006,2,,,,,,,,,,,pending_review,,
FASN-00716,FASN,Cc1ccc(C(=O)N2CC(c3ccc(C#N)cc3)C2)cc1-c1[nH]c(C2(C)CCOCC2)nc1C#N,7.318758762624412,2,,,,,,,,,,,pending_review,,
FASN-00717,FASN,Cc1ccc(C(=O)N2CC(c3ccc(C#N)cc3)C2)cc1-c1[nH]c(C2(C)CCOCC2)nc1C(F)(F)F,7.585026652029182,2,,,,,,,,,,,pending_review,,
FASN-00718,FASN,Cc1ccc(C(=O)N2CC(c3ccc(C#N)cc3)C2)cc1-c1[nH]c(C2(C)CCOCC2)nc1Cl,7.7447274948966935,2,,,,,,,,,,,pending_review,,
FASN-00719,FASN,Cc1ccc(C(=O)N2CC(c3ccc(C#N)cc3)C2)cc1-c1[nH]c(C2(C)COC2)nc1C,7.958607314841775,2,,,,,,,,,,,pending_review,,
FASN-00720,FASN,Cc1ccc(C(=O)N2CC(c3ccc(C#N)cc3)C2)cc1-c1[nH]c(C2(C)COC2)nc1C#N,7.698970004336019,2,,,,,,,,,,,pending_review,,
FASN-00721,FASN,Cc1ccc(C(=O)N2CC(c3ccc(C#N)cc3)C2)cc1-c1[nH]c(C2(C)COC2)nc1C(F)(F)F,7.7447274948966935,2,,,,,,,,,,,pending_review,,
FASN-00722,FASN,Cc1ccc(C(=O)N2CC(c3ccc(C#N)cc3)C2)cc1-c1[nH]c(C2(F)COC2)nc1C,7.187086643357144,2,,,,,,,,,,,pending_review,,
FASN-00723,FASN,Cc1ccc(C(=O)N2CC(c3ccc(C#N)cc3)C2)cc1-c1[nH]c(C2(O)CCOCC2)nc1C,7.886056647693163,2,,,,,,,,,,,pending_review,,
FASN-00724,FASN,Cc1ccc(C(=O)N2CC(c3ccc(C#N)cc3)C2)cc1-c1[nH]c(C2(O)CCOCC2)nc1C#N,7.102372908709558,2,,,,,,,,,,,pending_review,,
FASN-00725,FASN,Cc1ccc(C(=O)N2CC(c3ccc(C#N)cc3)C2)cc1-c1[nH]c(C2(O)COC2)nc1C,7.619788758288394,2,,,,,,,,,,,pending_review,,
FASN-00726,FASN,Cc1ccc(C(=O)N2CC(c3ccc(C#N)cc3)C2)cc1-c1[nH]c(C2CC2)nc1C#N,8.0,2,,,,,,,,,,,pending_review,,
FASN-00727,FASN,Cc1ccc(C(=O)N2CC(c3ccc(C#N)cc3)C2)cc1-c1[nH]c(C2CC2)nc1CO,8.0,2,,,,,,,,,,,pending_review,,
FASN-00728,FASN,Cc1ccc(C(=O)N2CC(c3ccc(C#N)cc3)C2)cc1-c1[nH]c(C2CC2)nc1Cl,8.154901959985743,2,,,,,,,,,,,pending_review,,
FASN-00729,FASN,Cc1ccc(C(=O)N2CC(c3ccc(C#N)cc3)C2)cc1-c1[nH]c(C2CCC(O)CC2)nc1C,8.0,2,,,,,,,,,,,pending_review,,
FASN-00730,FASN,Cc1ccc(C(=O)N2CC(c3ccc(C#N)cc3)C2)cc1-c1[nH]c(C2CCCO2)nc1C,7.431798275933005,2,,,,,,,,,,,pending_review,,
FASN-00731,FASN,Cc1ccc(C(=O)N2CC(c3ccc(C#N)cc3)C2)cc1-c1[nH]c(C2CCCO2)nc1C#N,7.187086643357144,2,,,,,,,,,,,pending_review,,
FASN-00732,FASN,Cc1ccc(C(=O)N2CC(c3ccc(C#N)cc3)C2)cc1-c1[nH]c(C2CCN(C)C2)nc1C(F)(F)F,7.356547323513812,2,,,,,,,,,,,pending_review,,
FASN-00733,FASN,Cc1ccc(C(=O)N2CC(c3ccc(C#N)cc3)C2)cc1-c1[nH]c(C2CCN(C)CC2)nc1C,7.42021640338319,2,,,,,,,,,,,pending_review,,
FASN-00734,FASN,Cc1ccc(C(=O)N2CC(c3ccc(C#N)cc3)C2)cc1-c1[nH]c(C2CCN(C)CC2)nc1C(F)(F)F,7.6777807052660805,2,,,,,,,,,,,pending_review,,
FASN-00735,FASN,Cc1ccc(C(=O)N2CC(c3ccc(C#N)cc3)C2)cc1-c1[nH]c(C2CCOC2)nc1C,7.958607314841775,2,,,,,,,,,,,pending_review,,
FASN-00736,FASN,Cc1ccc(C(=O)N2CC(c3ccc(C#N)cc3)C2)cc1-c1[nH]c(C2CCOC2)nc1C#N,7.853871964321762,2,,,,,,,,,,,pending_review,,
FASN-00737,FASN,Cc1ccc(C(=O)N2CC(c3ccc(C#N)cc3)C2)cc1-c1[nH]c(C2CCOCC2)nc1C,7.958607314841775,2,,,,,,,,,,,pending_review,,
FASN-00738,FASN,Cc1ccc(C(=O)N2CC(c3ccc(C#N)cc3)C2)cc1-c1[nH]c(C2CCOCC2)nc1C#N,7.958607314841775,2,,,,,,,,,,,pending_review,,
FASN-00739,FASN,Cc1ccc(C(=O)N2CC(c3ccc(C#N)cc3)C2)cc1-c1[nH]c(C2CCOCC2)nc1C(F)(F)F,7.537602002101044,2,,,,,,,,,,,pending_review,,
FASN-00740,FASN,Cc1ccc(C(=O)N2CC(c3ccc(C#N)cc3)C2)cc1-c1[nH]c(C2CCOCC2)nc1Cl,8.045757490560675,2,,,,,,,,,,,pending_review,,
FASN-00741,FASN,Cc1ccc(C(=O)N2CC(c3ccc(C#N)cc3)C2)cc1-c1[nH]c(C2CN(C)C2)nc1C,7.187086643357144,2,,,,,,,,,,,pending_review,,
FASN-00742,FASN,Cc1ccc(C(=O)N2CC(c3ccc(C#N)cc3)C2)cc1-c1[nH]c(CC#N)nc1C,7.638272163982407,2,,,,,,,,,,,pending_review,,
FASN-00743,FASN,Cc1ccc(C(=O)N2CC(c3ccc(C#N)cc3)C2)cc1-c1[nH]c(CC#N)nc1Cl,7.6777807052660805,2,,,,,,,,,,,pending_review,,
FASN-00744,FASN,Cc1ccc(C(=O)N2CC(c3ccc(C#N)cc3)C2)cc1-c1[nH]c(CC2CCOCC2)nc1C,7.200659450546418,2,,,,,,,,,,,pending_review,,
FASN-00745,FASN,Cc1ccc(C(=O)N2CC(c3ccc(C#N)cc3)C2)cc1-c1[nH]c(CCC#N)nc1C,7.958607314841775,2,,,,,,,,,,,pending_review,,
FASN-00746,FASN,Cc1ccc(C(=O)N2CC(c3ccc(C#N)cc3)C2)cc1-c1[nH]c(CCC#N)nc1Cl,7.7447274948966935,2,,,,,,,,,,,pending_review,,
FASN-00747,FASN,Cc1ccc(C(=O)N2CC(c3ccc(C#N)cc3)C2)cc1-c1[nH]c(CCN2CCC2)nc1Cl,6.6777807052660805,2,,,,,,,,,,,pending_review,,
FASN-00748,FASN,Cc1ccc(C(=O)N2CC(c3ccc(C#N)cc3)C2)cc1-c1[nH]c(CCO)nc1C,7.920818753952375,2,,,,,,,,,,,pending_review,,
FASN-00749,FASN,Cc1ccc(C(=O)N2CC(c3ccc(C#N)cc3)C2)cc1-c1[nH]c(CCO)nc1C(F)(F)F,7.958607314841775,2,,,,,,,,,,,pending_review,,
FASN-00750,FASN,Cc1ccc(C(=O)N2CC(c3ccc(C#N)cc3)C2)cc1-c1[nH]c(CCO)nc1Cl,8.045757490560675,2,,,,,,,,,,,pending_review,,
FASN-00751,FASN,Cc1ccc(C(=O)N2CC(c3ccc(C#N)cc3)C2)cc1-c1[nH]c(CO)nc1C,7.055517327849831,2,,,,,,,,,,,pending_review,,
FASN-00752,FASN,Cc1ccc(C(=O)N2CC(c3ccc(C#N)cc3)C2)cc1-c1[nH]c(CO)nc1C#N,7.366531544420414,2,,,,,,,,,,,pending_review,,
FASN-00753,FASN,Cc1ccc(C(=O)N2CC(c3ccc(C#N)cc3)C2)cc1-c1[nH]c(CO)nc1C(F)(F)F,7.356547323513812,2,,,,,,,,,,,pending_review,,
FASN-00754,FASN,Cc1ccc(C(=O)N2CC(c3ccc(C#N)cc3)C2)cc1-c1[nH]c(CO)nc1Cl,7.318758762624412,2,,,,,,,,,,,pending_review,,
FASN-00755,FASN,Cc1ccc(C(=O)N2CC(c3ccc(C#N)cc3)C2)cc1-c1[nH]c(N2CCCC2)nc1C,6.060480747381382,2,,,,,,,,,,,pending_review,,
FASN-00756,FASN,Cc1ccc(C(=O)N2CC(c3ccc(C#N)cc3)C2)cc1-c1[nH]nc(C#N)c1C,7.236572006437063,2,,,,,,,,,,,pending_review,,
FASN-00757,FASN,Cc1ccc(C(=O)N2CC(c3ccc(C#N)cc3)C2)cc1-c1[nH]nc(C#N)c1Cl,7.173925197299173,2,,,,,,,,,,,pending_review,,
FASN-00758,FASN,Cc1ccc(C(=O)N2CC(c3ccc(C#N)cc3)C2)cc1-c1[nH]nc(C)c1C,7.481486060122112,2,,,,,,,,,,,pending_review,,
FASN-00759,FASN,Cc1ccc(C(=O)N2CC(c3ccc(C#N)cc3)C2)cc1-c1[nH]nc(C)c1C#N,6.356547323513812,2,,,,,,,,,,,pending_review,,
FASN-00760,FASN,Cc1ccc(C(=O)N2CC(c3ccc(C#N)cc3)C2)cc1-c1[nH]nc(C)c1Cl,7.698970004336019,2,,,,,,,,,,,pending_review,,
FASN-00761,FASN,Cc1ccc(C(=O)N2CC(c3ccc(C#N)cc3)C2)cc1-c1[nH]nc(C2CC2)c1C,7.251811972993799,2,,,,,,,,,,,pending_review,,
FASN-00762,FASN,Cc1ccc(C(=O)N2CC(c3ccc(C#N)cc3)C2)cc1-c1[nH]nc(C2CCOC2)c1C,7.026872146400302,1,,,,,,,,,,,pending_review,,
FASN-00763,FASN,Cc1ccc(C(=O)N2CC(c3ccc(C#N)cc3)C2)cc1-c1[nH]nc(Cl)c1C,7.380889167856243,3,,,,,,,,,,,pending_review,,
FASN-00764,FASN,Cc1ccc(C(=O)N2CC(c3ccc(C#N)cc3)C2)cc1-c1[nH]nc(OCCO)c1C,7.638272163982407,1,,,,,,,,,,,pending_review,,
FASN-00765,FASN,Cc1ccc(C(=O)N2CC(c3ccc(C#N)cc3)C2)cc1-c1[nH]ncc1C,7.6777807052660805,2,,,,,,,,,,,pending_review,,
FASN-00766,FASN,Cc1ccc(C(=O)N2CC(c3ccc(C#N)cc3)C2)cc1-c1[nH]ncc1C#N,6.6777807052660805,2,,,,,,,,,,,pending_review,,
FASN-00767,FASN,Cc1ccc(C(=O)N2CC(c3ccc(C#N)cc3)C2)cc1-c1[nH]ncc1Cl,7.721246399047171,2,,,,,,,,,,,pending_review,,
FASN-00768,FASN,Cc1ccc(C(=O)N2CC(c3ccc(C#N)cc3)C2)cc1-c1nc2cc(N3CCC3)ncc2[nH]1,6.229147988357855,2,,,,,,,,,,,pending_review,,
FASN-00769,FASN,Cc1ccc(C(=O)N2CC(c3ccc(C#N)cc3)C2)cc1-c1nc2cc(N3CCCC3)ncc2[nH]1,7.026872146400302,2,,,,,,,,,,,pending_review,,
FASN-00770,FASN,Cc1ccc(C(=O)N2CC(c3ccc(C#N)cc3)C2)cc1-c1nc2cc(N3CCOCC3)ncc2[nH]1,6.537602002101044,2,,,,,,,,,,,pending_review,,
FASN-00771,FASN,Cc1ccc(C(=O)N2CC(c3ccc(OC(C)C)cc3)C2)cc1-c1[nH]nc(OCCO)c1C,7.455931955649724,1,,,,,,,,,,,pending_review,,
FASN-00772,FASN,Cc1ccc(C(=O)N2CCC(F)(c3ccc(C#N)cc3)CC2)cc1-c1[nH]c(C2CC2)nc1Cl,8.045757490560675,2,,,,,,,,,,,pending_review,,
FASN-00773,FASN,Cc1ccc(C(=O)N2CCC(F)(c3ccc(C#N)cc3)CC2)cc1-c1[nH]cnc1Cl,7.337242168318426,1,,,,,,,,,,,pending_review,,
FASN-00774,FASN,Cc1ccc(C(=O)N2CCC(F)(c3ccc(C#N)cc3)CC2)cc1-c1[nH]nc(C)c1Cl,7.00436480540245,2,,,,,,,,,,,pending_review,,
FASN-00775,FASN,Cc1ccc(C(=O)N2CCC(F)(c3ccc(C#N)cc3)CC2)cc1-c1[nH]ncc1Cl,7.337242168318426,1,,,,,,,,,,,pending_review,,
FASN-00776,FASN,Cc1ccc(C(=O)N2CCC(F)(c3ccc(C#N)cc3)CC2)cc1-c1nnc(N[C@@H]2CCOC2)[nH]1,5.756961951313706,1,,,,,,,,,,,pending_review,,
FASN-00777,FASN,Cc1ccc(C(=O)N2CCC(F)(c3ccc(C#N)cc3)CC2)cc1NC(=O)NC1CCCC1,7.522878745280337,1,,,,,,,,,,,pending_review,,
FASN-00778,FASN,Cc1ccc(C(=O)N2CCC(F)(c3ccc(C#N)cc3)CC2)cc1NC(=O)NC1CCCOC1,7.431798275933005,1,,,,,,,,,,,pending_review,,
FASN-00779,FASN,Cc1ccc(C(=O)N2CCC(F)(c3ccc(C#N)cc3)CC2)cc1NC(=O)NC1CCOC1,7.431798275933005,1,,,,,,,,,,,pending_review,,
FASN-00780,FASN,Cc1ccc(C(=O)N2CCC(F)(c3ccc(C#N)cc3)CC2)cc1NC(=O)NC1CCOCC1,7.187086643357144,1,,,,,,,,,,,pending_review,,
FASN-00781,FASN,Cc1ccc(C(=O)N2CCC(F)(c3ccc(C#N)cc3)CC2)cc1NC(=O)NC1COC1,7.301029995663981,1,,,,,,,,,,,pending_review,,
FASN-00782,FASN,Cc1ccc(C(=O)N2CCC(F)(c3ccc(C#N)cc3)CC2)cc1NC(=O)NCC(C)C,7.6020599913279625,1,,,,,,,,,,,pending_review,,
FASN-00783,FASN,Cc1ccc(C(=O)N2CCC(F)(c3ccc(C#N)cc3)CC2)cc1NC(=O)NCC1CCN(C)CC1,6.468521082957745,1,,,,,,,,,,,pending_review,,
FASN-00784,FASN,Cc1ccc(C(=O)N2CCC(F)(c3ccc(C#N)cc3)CC2)cc1NC(=O)NCC1CCNCC1,6.214670164989233,1,,,,,,,,,,,pending_review,,
FASN-00785,FASN,Cc1ccc(C(=O)N2CCC(F)(c3ccc(C#N)cc3)CC2)cc1NC(=O)NC[C@@H]1CCCO1,7.301029995663981,1,,,,,,,,,,,pending_review,,
FASN-00786,FASN,Cc1ccc(C(=O)N2CCC(F)(c3ccc(C#N)cc3)CC2)cc1NC(=O)NC[C@H]1CCCO1,7.455931955649724,1,,,,,,,,,,,pending_review,,
FASN-00787,FASN,Cc1ccc(C(=O)N2CCC(F)(c3ccc(C#N)cc3)CC2)cc1NC(=O)N[C@@H]1CCOC1,7.3979400086720375,1,,,,,,,,,,,pending_review,,
FASN-00788,FASN,Cc1ccc(C(=O)N2CCC(F)(c3ccc(C#N)cc3)CC2)cc1NC(=O)N[C@H]1CCOC1,6.709965388637482,1,,,,,,,,,,,pending_review,,
FASN-00789,FASN,Cc1ccc(C(=O)N2CCC(F)(c3ccc(C#N)cc3)CC2)cc1NC(=O)OC1CCOC1,7.113509274827518,1,,,,,,,,,,,pending_review,,
FASN-00790,FASN,Cc1ccc(C(=O)N2CCC(F)(c3ccc(C#N)cc3)CC2)cc1NC(=O)O[C@H]1CCOC1,7.031517051446065,1,,,,,,,,,,,pending_review,,
FASN-00791,FASN,Cc1ccc(C(=O)N2CCC(F)(c3ccc(C#N)cc3)CC2)cc1NC(=O)c1ccc(N2CCC2)nc1,7.6020599913279625,1,,,,,,,,,,,pending_review,,
FASN-00792,FASN,Cc1ccc(C(=O)N2CCC(F)(c3ccc(C#N)cc3)CC2)cc1NC(=O)c1ccc(NC(C)C)nc1,7.3979400086720375,1,,,,,,,,,,,pending_review,,
FASN-00793,FASN,Cc1ccc(C(=O)N2CCC(F)(c3ccc(C#N)cc3)CC2)cc1NC(=O)c1cnc(N2CCC2)nc1,7.327902142064282,1,,,,,,,,,,,pending_review,,
FASN-00794,FASN,Cc1ccc(C(=O)N2CCC(F)(c3ccc(C#N)cn3)CC2)cc1NC(=O)NC1CCOC1,6.573488738635424,1,,,,,,,,,,,pending_review,,
FASN-00795,FASN,Cc1ccc(C(=O)N2CCC(F)(c3ccc(C#N)cn3)CC2)cc1NC(=O)NC1CCOCC1,5.931814138253838,1,,,,,,,,,,,pending_review,,
FASN-00796,FASN,Cc1ccc(C(=O)N2CCC(F)(c3ccc(C#N)cn3)CC2)cc1NC(=O)NC1COC1,5.991399828238082,1,,,,,,,,,,,pending_review,,
FASN-00797,FASN,Cc1ccc(C(=O)N2CCC(F)(c3ccc(C#N)cn3)CC2)cc1NC(=O)N[C@@H]1CCOC1,6.698970004336019,1,,,,,,,,,,,pending_review,,
FASN-00798,FASN,Cc1ccc(C(=O)N2CCC(F)(c3ccc(C#N)cn3)CC2)cc1NC(=O)N[C@H]1CCOC1,6.161150909262744,1,,,,,,,,,,,pending_review,,
FASN-00799,FASN,Cc1ccc(C(=O)N2CCC(F)(c3ccc(C#N)cn3)CC2)cc1NC(=O)c1ccc(N2CCC2)nc1,6.7447274948966935,1,,,,,,,,,,,pending_review,,
FASN-00800,FASN,Cc1ccc(C(=O)N2CCC(F)(c3ccc(C#N)cn3)CC2)cc1NC(=O)c1ccc(NC(C)C)nc1,6.443697499232712,1,,,,,,,,,,,pending_review,,
FASN-00801,FASN,Cc1ccc(C(=O)N2CCC(F)(c3ccc(C#N)cn3)CC2)cc1NC(=O)c1cnc(N2CCC2)nc1,6.508638306165727,1,,,,,,,,,,,pending_review,,
FASN-00802,FASN,Cc1ccc(C(=O)N2CCC(c3ccc(C#N)cc3)CC2)cc1-c1[nH]c(C#N)nc1C,7.585026652029182,2,,,,,,,,,,,pending_review,,
FASN-00803,FASN,Cc1ccc(C(=O)N2CCC(c3ccc(C#N)cc3)CC2)cc1-c1[nH]c(C#N)nc1Cl,7.275724130399211,2,,,,,,,,,,,pending_review,,
FASN-00804,FASN,Cc1ccc(C(=O)N2CCC(c3ccc(C#N)cc3)CC2)cc1-c1[nH]c(C(C)C)nc1C,7.431798275933005,2,,,,,,,,,,,pending_review,,
FASN-00805,FASN,Cc1ccc(C(=O)N2CCC(c3ccc(C#N)cc3)CC2)cc1-c1[nH]c(C(C)C)nc1Cl,8.045757490560675,2,,,,,,,,,,,pending_review,,
FASN-00806,FASN,Cc1ccc(C(=O)N2CCC(c3ccc(C#N)cc3)CC2)cc1-c1[nH]c(C2(C)COC2)nc1C,7.6020599913279625,2,,,,,,,,,,,pending_review,,
FASN-00807,FASN,Cc1ccc(C(=O)N2CCC(c3ccc(C#N)cc3)CC2)cc1-c1[nH]c(C2CC2)nc1C#N,7.795880017344075,2,,,,,,,,,,,pending_review,,
FASN-00808,FASN,Cc1ccc(C(=O)N2CCC(c3ccc(C#N)cc3)CC2)cc1-c1[nH]c(C2CC2)nc1Cl,8.154901959985743,2,,,,,,,,,,,pending_review,,
FASN-00809,FASN,Cc1ccc(C(=O)N2CCC(c3ccc(C#N)cc3)CC2)cc1-c1[nH]c(C2CCOCC2)nc1C,7.455931955649724,2,,,,,,,,,,,pending_review,,
FASN-00810,FASN,Cc1ccc(C(=O)N2CCC(c3ccc(C#N)cc3)CC2)cc1-c1[nH]c(CC#N)nc1Cl,7.468521082957745,2,,,,,,,,,,,pending_review,,
FASN-00811,FASN,Cc1ccc(C(=O)N2CCC(c3ccc(C#N)cc3)CC2)cc1-c1[nH]c(CCC#N)nc1Cl,7.698970004336019,2,,,,,,,,,,,pending_review,,
FASN-00812,FASN,Cc1ccc(C(=O)N2CCC(c3ccc(C#N)cc3)CC2)cc1-c1[nH]c(CCN(C)C)nc1C,7.3872161432802645,2,,,,,,,,,,,pending_review,,
FASN-00813,FASN,Cc1ccc(C(=O)N2CCC(c3ccc(C#N)cc3)CC2)cc1-c1[nH]c(CCO)nc1C,7.537602002101044,2,,,,,,,,,,,pending_review,,
FASN-00814,FASN,Cc1ccc(C(=O)N2CCC(c3ccc(C#N)cc3)CC2)cc1-c1[nH]c(CO)nc1C,7.443697499232712,2,,,,,,,,,,,pending_review,,
FASN-00815,FASN,Cc1ccc(C(=O)N2CCC(c3ccc(C#N)cc3)CC2)cc1-c1[nH]c(CO)nc1Cl,7.619788758288394,2,,,,,,,,,,,pending_review,,
FASN-00816,FASN,Cc1ccc(C(=O)N2CCC(c3ccc(C#N)cc3)CC2)cc1-c1[nH]cnc1C,6.684029654543082,2,,,,,,,,,,,pending_review,,
FASN-00817,FASN,Cc1ccc(C(=O)N2CCC(c3ccc(C#N)cc3)CC2)cc1-c1[nH]nc(C)c1Cl,7.096910013008056,2,,,,,,,,,,,pending_review,,
FASN-00818,FASN,Cc1ccc(C(=O)N2CCC(c3ccc(C#N)cc3)CC2)cc1-c1[nH]nc(Cl)c1C,7.096910013008056,1,,,,,,,,,,,pending_review,,
FASN-00819,FASN,Cc1ccc(C(=O)N2CCC(c3ccc(C#N)cc3)CC2)cc1-c1[nH]ncc1C,7.013228265733755,2,,,,,,,,,,,pending_review,,
FASN-00820,FASN,Cc1ccc(C(=O)N2CCC(c3ccc(C#N)cc3)CC2)cc1-c1[nH]ncc1Cl,7.481486060122112,2,,,,,,,,,,,pending_review,,
FASN-00821,FASN,Cc1ccc(C(=O)N2CCC(c3ccc(C#N)cc3)CC2)cc1-c1ccn[nH]1,5.66354026615147,2,,,,,,,,,,,pending_review,,
FASN-00822,FASN,Cc1ccc(C(=O)N2CCC(c3ccc(C#N)cc3)CC2)cc1-c1cn[nH]c1C,6.508638306165727,1,,,,,,,,,,,pending_review,,
FASN-00823,FASN,Cc1ccc(C(=O)N2CCC(c3ccc(C#N)cc3)CC2)cc1-c1nc2c([nH]1)CN(C(C)C)CC2,7.070581074285707,1,,,,,,,,,,,pending_review,,
FASN-00824,FASN,Cc1ccc(C(=O)N2CCC(c3ccc(C#N)cc3)CC2)cc1-c1nc2c([nH]1)CN(C)CC2,6.838631997765026,1,,,,,,,,,,,pending_review,,
FASN-00825,FASN,Cc1ccc(C(=O)N2CCC(c3ccc(C#N)cc3)CC2)cc1-c1nc2c([nH]1)CN(S(C)(=O)=O)CC2,6.698970004336019,1,,,,,,,,,,,pending_review,,
FASN-00826,FASN,Cc1ccc(C(=O)N2CCC(c3ccc(C#N)cc3)CC2)cc1-c1nc2c([nH]1)COCC2,6.638272163982407,1,,,,,,,,,,,pending_review,,
FASN-00827,FASN,Cc1ccc(C(=O)N2CCC(c3ccc(C#N)cc3)CC2)cc1-c1nc2cc(Cl)ncc2[nH]1,6.494850021680094,1,,,,,,,,,,,pending_review,,
FASN-00828,FASN,Cc1ccc(C(=O)N2CCC(c3ccc(C#N)cc3)CC2)cc1-c1nc2cc(N(C)CCO)ncc2[nH]1,7.221848749616356,1,,,,,,,,,,,pending_review,,
FASN-00829,FASN,Cc1ccc(C(=O)N2CCC(c3ccc(C#N)cc3)CC2)cc1-c1nc2cc(N3CC(O)C3)ncc2[nH]1,6.522878745280337,2,,,,,,,,,,,pending_review,,
FASN-00830,FASN,Cc1ccc(C(=O)N2CCC(c3ccc(C#N)cc3)CC2)cc1-c1nc2cc(N3CCC3)ncc2[nH]1,7.346787486224656,1,,,,,,,,,,,pending_review,,
FASN-00831,FASN,Cc1ccc(C(=O)N2CCC(c3ccc(C#N)cc3)CC2)cc1-c1nc2cc(N3CCCC3)ncc2[nH]1,6.97061622231479,2,,,,,,,,,,,pending_review,,
FASN-00832,FASN,Cc1ccc(C(=O)N2CCC(c3ccc(C#N)cc3)CC2)cc1-c1nc2cc(N3CCN(C)CC3)ncc2[nH]1,6.144180730883825,2,,,,,,,,,,,pending_review,,
FASN-00833,FASN,Cc1ccc(C(=O)N2CCC(c3ccc(C#N)cc3)CC2)cc1-c1nc2ccccc2[nH]1,6.008773924307505,2,,,,,,,,,,,pending_review,,
FASN-00834,FASN,Cc1ccc(C(=O)N2CCC(c3ccc(C#N)cc3)CC2)cc1-c1nc2ccncc2[nH]1,6.269475954164671,2,,,,,,,,,,,pending_review,,
FASN-00835,FASN,Cc1ccc(C(=O)N2CCC(c3ccc(C#N)cc3)CC2)cc1-c1nnc(C(C)C)[nH]1,5.629857152948897,1,,,,,,,,,,,pending_review,,
FASN-00836,FASN,Cc1ccc(C(=O)N2CCC(c3ccc(C#N)cc3)CC2)cc1-c1nnc(C2CCOC2)[nH]1,5.629857152948897,1,,,,,,,,,,,pending_review,,
FASN-00837,FASN,Cc1ccc(C(=O)N2CCC(c3ccc(C#N)cc3)CC2)cc1-c1nnc(N[C@@H]2CCOC2)[nH]1,4.932557157223619,1,,,,,,,,,,,pending_review,,
FASN-00838,FASN,Cc1ccc(C(=O)N2CCC(c3ccc(C#N)cc3)CC2)cc1-c1nnc(N[C@H]2CCOC2)[nH]1,5.042871802323187,1,,,,,,,,,,,pending_review,,
FASN-00839,FASN,Cc1ccc(C(=O)N2CCC(c3ccc(C#N)cc3)CC2)cc1C(=O)NC1CCOC1,5.272214825817095,1,,,,,,,,,,,pending_review,,
FASN-00840,FASN,Cc1ccc(C(=O)N2CCC(c3ccc(C#N)cc3)CC2)cc1C(=O)NCC1CCCO1,4.662540738709344,1,,,,,,,,,,,pending_review,,
FASN-00841,FASN,Cc1ccc(C(=O)N2CCC(c3ccc(C#N)cc3)CC2)cc1C(=O)Nc1ccc(N(C)CCO)nc1,6.4089353929735005,1,,,,,,,,,,,pending_review,,
FASN-00842,FASN,Cc1ccc(C(=O)N2CCC(c3ccc(C#N)cc3)CC2)cc1C(=O)Nc1ccc(N2CC(O)C2)nc1,5.8696662315049934,1,,,,,,,,,,,pending_review,,
FASN-00843,FASN,Cc1ccc(C(=O)N2CCC(c3ccc(C#N)cc3)CC2)cc1C(=O)Nc1ccc(N2CCCC2)nc1,7.455931955649724,2,,,,,,,,,,,pending_review,,
FASN-00844,FASN,Cc1ccc(C(=O)N2CCC(c3ccc(C#N)cc3)CC2)cc1C(=O)Nc1ccc(N2CCN(C)CC2)nc1,5.703334809738469,1,,,,,,,,,,,pending_review,,
FASN-00845,FASN,Cc1ccc(C(=O)N2CCC(c3ccc(C#N)cc3)CC2)cc1NC(=O)c1ccc(N2CCCC2)nc1,7.301029995663981,1,,,,,,,,,,,pending_review,,
FASN-00846,FASN,Cc1ccc(C(=O)N2CCC(c3ccc(C#N)cc3)CC2)cc1Nc1cc(C(=O)N2CCN(C)CC2)ccn1,5.417936637088291,1,,,,,,,,,,,pending_review,,
FASN-00847,FASN,Cc1ccc(C(=O)N2CCC(c3ccc(C#N)cc3)CC2)cc1Nc1cc(C(=O)NC2CC2)ccn1,6.431798275933005,1,,,,,,,,,,,pending_review,,
FASN-00848,FASN,Cc1ccc(C(=O)N2CCC(c3ccc(C#N)cc3)CC2)cc1Nc1ccc(C(=O)N2CCN(C)CC2)cn1,6.050609993355087,1,,,,,,,,,,,pending_review,,
FASN-00849,FASN,Cc1ccc(C(=O)N2CCC(c3ccc(C#N)cc3)CC2)cc1Nc1ccc(C(=O)NC(C)C)cn1,5.638272163982407,1,,,,,,,,,,,pending_review,,
FASN-00850,FASN,Cc1ccc(C(=O)N2CCC(c3ccc(C#N)cc3)CC2)cc1Nc1ccc(C(=O)NC2CC2)cn1,6.568636235841012,1,,,,,,,,,,,pending_review,,
FASN-00851,FASN,Cc1ccc(C(=O)N2CCC(c3ccc(C#N)cc3)CC2)cc1Nc1cncc(C(=O)NC(C)C)c1,6.327902142064282,1,,,,,,,,,,,pending_review,,
FASN-00852,FASN,Cc1ccc(C(=O)N2CCC(c3ccc(C#N)cc3)CC2)cc1Nc1nc2cnccc2[nH]1,4.373659632624958,1,,,,,,,,,,,pending_review,,
FASN-00853,FASN,Cc1ccc(C(=O)N2CCC(c3ccc(C#N)cc3)CC2)cc1Nc1nc2nc(NC(C)C)ccc2[nH]1,4.485014189505963,1,,,,,,,,,,,pending_review,,
FASN-00854,FASN,Cc1ccc(C(=O)N2CCC(c3ccc(C#N)cc3)CC2)cc1Nc1nnc(-c2cccnc2)o1,6.0,1,,,,,,,,,,,pending_review,,
FASN-00855,FASN,Cc1ccc(C(=O)N2CCC(c3ccc(C#N)cc3)CC2)cc1Nc1nnc(-c2ccncc2)o1,6.154901959985743,1,,,,,,,,,,,pending_review,,
FASN-00856,FASN,Cc1ccc(C(=O)N2CCC(c3ccc(C#N)cc3)CC2)cc1Nc1nnc(C(C)C)[nH]1,4.5215778122599195,1,,,,,,,,,,,pending_review,,
FASN-00857,FASN,Cc1ccc(C(=O)N2CCC(c3ccc(C#N)cc3)CC2)nc1NC(=O)c1ccc(NC(C)C)nc1,4.486782399932061,1,,,,,,,,,,,pending_review,,
FASN-00858,FASN,Cc1ccc(C(=O)N2CCC(c3ccc(C#N)cn3)CC2)cc1NC(=O)NC(C)C,5.537602002101044,1,,,,,,,,,,,pending_review,,
FASN-00859,FASN,Cc1ccc(C(=O)N2CCC(c3ccc(C#N)cn3)CC2)cc1NC(=O)NC1CCC1,5.270835210307229,1,,,,,,,,,,,pending_review,,
FASN-00860,FASN,Cc1ccc(C(=O)N2CCC(c3ccc(C#N)cn3)CC2)cc1NC(=O)NC1CCCC1,5.560667306169737,1,,,,,,,,,,,pending_review,,
FASN-00861,FASN,Cc1ccc(C(=O)N2CCC(c3ccc(C#N)cn3)CC2)cc1NC(=O)NC1CCOC1,5.787812395596042,1,,,,,,,,,,,pending_review,,
FASN-00862,FASN,Cc1ccc(C(=O)N2CCC(c3ccc(C#N)cn3)CC2)cc1NC(=O)NC1CCOCC1,5.056505484093897,1,,,,,,,,,,,pending_review,,
FASN-00863,FASN,Cc1ccc(C(=O)N2CCC(c3ccc(C#N)cn3)CC2)cc1NC(=O)c1ccc(N2CCC2)nc1,6.167491087293763,1,,,,,,,,,,,pending_review,,
FASN-00864,FASN,Cc1ccc(C(=O)N2CCC(c3ccc(C#N)cn3)CC2)cc1NC(=O)c1ccc(NC(C)C)nc1,6.2839966563652006,1,,,,,,,,,,,pending_review,,
FASN-00865,FASN,Cc1ccc(C(=O)N2CCC(c3ccc(C#N)cn3)CC2)cc1NC(=O)c1cnc(N2CCC2)nc1,5.7055337738384075,1,,,,,,,,,,,pending_review,,
FASN-00866,FASN,Cc1ccc(C(=O)N2CCC(c3ccc(C#N)nc3)CC2)cc1NC(=O)c1ccc(NC(C)C)nc1,5.769551078621726,1,,,,,,,,,,,pending_review,,
FASN-00867,FASN,Cc1ccc(C(=O)N2CCC(c3ccc4nncn4c3)CC2)cc1NC(=O)c1ccc(Cl)nc1,7.031517051446065,1,,,,,,,,,,,pending_review,,
FASN-00868,FASN,Cc1ccc(C(=O)N2CCC(c3ccncc3)CC2)cc1C(=O)Nc1ccc(N2CCCC2)nc1,4.519131076312832,1,,,,,,,,,,,pending_review,,
FASN-00869,FASN,Cc1ccc(C(=O)N2CCC(c3ccncc3)CC2)cc1NC(=O)c1ccc(N2CCC2)nc1,5.560667306169737,1,,,,,,,,,,,pending_review,,
FASN-00870,FASN,Cc1ccc(C(=O)N2CCC3(CC2)OCc2cc(C#N)ccc23)cc1NC(=O)N1CCCC1,4.732828271596986,1,,,,,,,,,,,pending_review,,
FASN-00871,FASN,Cc1ccc(C(=O)N2CCC3(CC2)OCc2cc(C#N)ccc23)cc1NC(=O)NC1CCN(C)CC1,6.508638306165727,1,,,,,,,,,,,pending_review,,
FASN-00872,FASN,Cc1ccc(C(=O)N2CCC3(CC2)OCc2cc(C#N)ccc23)cc1NC(=O)NC1CCNCC1,6.376750709602099,1,,,,,,,,,,,pending_review,,
FASN-00873,FASN,Cc1ccc(C(=O)N2CCC3(CC2)OCc2cc(C#N)ccc23)cc1NC(=O)NCC(C)C,6.055517327849831,1,,,,,,,,,,,pending_review,,
FASN-00874,FASN,Cc1ccc(C(=O)N2CCC3(CC2)OCc2cc(C#N)ccc23)cc1NC(=O)NCC1CCCO1,6.508638306165727,1,,,,,,,,,,,pending_review,,
FASN-00875,FASN,Cc1ccc(C(=O)N2CCC3(CC2)OCc2cc(C#N)ccc23)cc1NC(=O)NC[C@@H]1CCCO1,7.301029995663981,1,,,,,,,,,,,pending_review,,
FASN-00876,FASN,Cc1ccc(C(=O)N2CCC3(CC2)OCc2cc(C#N)ccc23)cc1NC(=O)NC[C@H]1CCCO1,6.7447274948966935,1,,,,,,,,,,,pending_review,,
FASN-00877,FASN,Cc1ccc(C(=O)N2CCC3(CC2)OCc2cc(C#N)ccc23)cc1NC(=O)c1ccc(N(C)CCO)nc1,6.607303046740334,1,,,,,,,,,,,pending_review,,
FASN-00878,FASN,Cc1ccc(C(=O)N2CCC3(CC2)OCc2cc(C#N)ccc23)cc1NC(=O)c1ccc(N2CCCC2)nc1,6.481486060122112,1,,,,,,,,,,,pending_review,,
FASN-00879,FASN,Cc1ccc(C(=O)N2CCC3(CC2)OCc2cc(C#N)ccc23)cc1NC(=O)c1ccc(N2CCN(C)CC2)nc1,6.638272163982407,1,,,,,,,,,,,pending_review,,
FASN-00880,FASN,Cc1ccc(C(=O)N2CCC3(CC2)OCc2cc(C#N)ccc23)cc1NC(=O)c1ccc(N2CCNCC2)nc1,6.094204119632131,1,,,,,,,,,,,pending_review,,
FASN-00881,FASN,Cc1ccc(C(=O)N2CCC3(CC2)OCc2cc(C#N)ccc23)cc1NC(=O)c1ccc(NC(C)C)nc1,6.853871964321762,1,,,,,,,,,,,pending_review,,
FASN-00882,FASN,Cc1ccc(C(=O)N2CCC3(CC2)OCc2cc(C#N)ccc23)cc1NC(=O)c1ccc(NCCO)nc1,6.443697499232712,1,,,,,,,,,,,pending_review,,
FASN-00883,FASN,Cc1ccc(C(=O)N2CCCC(c3ccc(C#N)cc3)CC2)cc1NC(=O)c1ccc(NC(C)C)nc1,7.301029995663981,1,,,,,,,,,,,pending_review,,
FASN-00884,FASN,Cc1ccc(C2CCN(C(=O)c3cc(-c4nc5c([nH]4)COCC5)c(C)cc3C)CC2)cc1,6.045757490560675,1,,,,,,,,,,,pending_review,,
FASN-00885,FASN,Cc1ccc(NC(=O)O[C@@H]2CCOC2)cc1C(=O)N1CCC(F)(c2ccc(C#N)cc2)CC1,6.376750709602099,1,,,,,,,,,,,pending_review,,
FASN-00886,FASN,Cc1ccnc(NS(=O)(=O)c2ccc(NC(=O)Nc3ccc(S(=O)(=O)Nc4nccc(C)n4)cc3)cc2)n1,7.801342913045577,1,,,,,,,,,,,pending_review,,
FASN-00887,FASN,Cc1cnc(-c2cc(C(=O)N3CCC(c4ccc(C#N)cc4)CC3)c(C)cc2C2CCC2)[nH]1,7.522878745280337,1,,,,,,,,,,,pending_review,,
FASN-00888,FASN,Cc1n[nH]c(C)c1-c1cccc(C(=O)N2CC(c3ccc(C#N)cc3)C2)c1,4.301029995663981,2,,,,,,,,,,,pending_review,,
FASN-00889,FASN,Cc1nc(-c2cc(C(=O)N3CCC(c4ccc(C#N)cc4)CC3)c(C)cc2C2CCC2)n[nH]1,7.014362075630947,2,,,,,,,,,,,pending_review,,
FASN-00890,FASN,Cc1nc(C#N)c(-c2cc(C(=O)N3CC(F)(c4ccc(C#N)cc4)C3)c(C)cc2C)[nH]1,7.443697499232712,2,,,,,,,,,,,pending_review,,
FASN-00891,FASN,Cc1nc(C#N)c(-c2cc(C(=O)N3CC(c4ccc(C#N)cc4)C3)c(C)cc2C)[nH]1,7.669709531732837,3,,,,,,,,,,,pending_review,,
FASN-00892,FASN,Cc1nc(C#N)c(-c2cc(C(=O)N3CC(c4ccc(C#N)cc4)C3)ccc2C)[nH]1,7.769551078621726,1,,,,,,,,,,,pending_review,,
FASN-00893,FASN,Cc1nc(C#N)c(-c2cc(C(=O)N3CCC(c4ccc(C#N)cc4)CC3)ccc2C)[nH]1,7.7447274948966935,2,,,,,,,,,,,pending_review,,
FASN-00894,FASN,Cc1nc(C(F)(F)F)[nH]c1-c1cc(C(=O)N2CC(c3ccc(C#N)cc3)C2)ccc1N1CCC1,7.7447274948966935,2,,,,,,,,,,,pending_review,,
FASN-00895,FASN,Cc1nc(C(F)(F)F)c(-c2cc(C(=O)N3CC(F)(c4ccc(C#N)cc4)C3)c(C)cc2C)[nH]1,7.920818753952375,2,,,,,,,,,,,pending_review,,
FASN-00896,FASN,Cc1nc(C(F)(F)F)c(-c2cc(C(=O)N3CC(F)(c4ccc(C#N)cc4)C3)ccc2C)[nH]1,7.920818753952375,2,,,,,,,,,,,pending_review,,
FASN-00897,FASN,Cc1nc(C(F)(F)F)c(-c2cc(C(=O)N3CC(c4ccc(C#N)cc4)C3)c(C)cc2C)[nH]1,7.853871964321762,2,,,,,,,,,,,pending_review,,
FASN-00898,FASN,Cc1nc(C(F)(F)F)c(-c2cc(C(=O)N3CC(c4ccc(C#N)cc4)C3)ccc2C)[nH]1,7.666273523555023,4,,,,,,,,,,,pending_review,,
FASN-00899,FASN,Cc1nc(C)c(-c2cc(C(=O)N3CC(c4ccc(C#N)cc4)C3)c(C)cc2C)[nH]1,7.7447274948966935,2,,,,,,,,,,,pending_review,,
FASN-00900,FASN,Cc1nc(C)c(-c2cc(C(=O)N3CC(c4ccc(C#N)cc4)C3)ccc2C(F)(F)F)[nH]1,7.229147988357855,2,,,,,,,,,,,pending_review,,
FASN-00901,FASN,Cc1nc(C)c(-c2cc(C(=O)N3CC(c4ccc(C#N)cc4)C3)ccc2C)[nH]1,8.0,2,,,,,,,,,,,pending_review,,
FASN-00902,FASN,Cc1nc(C)c(-c2cc(C(=O)N3CC(c4ccc(C#N)cc4)C3)ccc2Cl)[nH]1,7.142667503568731,2,,,,,,,,,,,pending_review,,
FASN-00903,FASN,Cc1nc(C)c(-c2cc(C(=O)N3CC(c4ccc(C#N)cc4)C3)ccc2N2CC(C)C2)[nH]1,7.619788758288394,2,,,,,,,,,,,pending_review,,
FASN-00904,FASN,Cc1nc(C)c(-c2cc(C(=O)N3CC(c4ccc(C#N)cc4)C3)ccc2N2CCC2)[nH]1,7.537602002101044,2,,,,,,,,,,,pending_review,,
FASN-00905,FASN,Cc1nc(C)c(-c2cc(C(=O)N3CC(c4ccc(C#N)cc4)C3)ccc2N2CCCC2)[nH]1,7.920818753952375,2,,,,,,,,,,,pending_review,,
FASN-00906,FASN,Cc1nc(C)c(-c2cc(C(=O)N3CCC(c4ccc(C#N)cc4)CC3)c(C)cc2C)[nH]1,7.619788758288394,2,,,,,,,,,,,pending_review,,
FASN-00907,FASN,Cc1nc(C)c(-c2cc(C(=O)N3CCC(c4ccc(C#N)cc4)CC3)ccc2C)[nH]1,7.494850021680094,2,,,,,,,,,,,pending_review,,
FASN-00908,FASN,Cc1nc(C)c(-c2cc(C(=O)N3CCC(c4ccc(C#N)cc4)CC3)ccc2Cl)[nH]1,6.838631997765026,2,,,,,,,,,,,pending_review,,
FASN-00909,FASN,Cc1nc(C)c(-c2cc(C(=O)N3CCC(c4ccc(Cl)cc4)C3)ccc2C)[nH]1,5.542118103266008,2,,,,,,,,,,,pending_review,,
FASN-00910,FASN,Cc1nc(C)c(-c2cc(C(=O)N3CCC(c4ccc(Cl)cc4)CC3)ccc2C)[nH]1,7.494850021680094,2,,,,,,,,,,,pending_review,,
FASN-00911,FASN,Cc1nc(C)c(-c2cc(C(=O)N3CCC(c4ccc5nncn5c4)CC3)ccc2C)[nH]1,5.036684488613888,2,,,,,,,,,,,pending_review,,
FASN-00912,FASN,Cc1nc(C)c(-c2cc(C(=O)N3CCC(c4ccn5c(C)ncc5c4)CC3)c(C)cc2C)[nH]1,5.603800652904264,2,,,,,,,,,,,pending_review,,
FASN-00913,FASN,Cc1nc(C)c(-c2cc(C(=O)N3CCC(c4ccn5c(C)ncc5c4)CC3)ccc2C2CC2)[nH]1,6.0,2,,,,,,,,,,,pending_review,,
FASN-00914,FASN,Cc1nc(C)c(-c2cc(C(=O)N3CCC(c4ccn5c(Cl)ncc5c4)CC3)c(C)cc2C)[nH]1,6.522878745280337,2,,,,,,,,,,,pending_review,,
FASN-00915,FASN,Cc1nc(C)c(-c2cc(C(=O)N3CCC(c4ccn5cnc(C)c5c4)CC3)c(C)cc2C)[nH]1,5.625251653989896,1,,,,,,,,,,,pending_review,,
FASN-00916,FASN,Cc1nc(C)c(-c2cc(C(=O)N3CCC(c4ccn5cnc(C)c5c4)CC3)ccc2C2CC2)[nH]1,6.376750709602099,2,,,,,,,,,,,pending_review,,
FASN-00917,FASN,Cc1nc(C)c(-c2cc(C(=O)N3CCC(c4ccn5cnc(Cl)c5c4)CC3)c(C)cc2C)[nH]1,6.823908740944319,2,,,,,,,,,,,pending_review,,
FASN-00918,FASN,Cc1nc(C)c(-c2cc(C(=O)N3CCC(c4ccn5cncc5c4)CC3)c(C)cc2C)[nH]1,6.688246138944246,2,,,,,,,,,,,pending_review,,
FASN-00919,FASN,Cc1nc(C)c(-c2cc(C(=O)N3CCC(c4ccn5cncc5c4)CC3)ccc2C)[nH]1,6.982966660701219,2,,,,,,,,,,,pending_review,,
FASN-00920,FASN,Cc1nc(C)c(-c2cc(C(=O)N3CCC(c4ccn5cncc5c4)CC3)ccc2C2CCC2)[nH]1,7.301029995663981,2,,,,,,,,,,,pending_review,,
FASN-00921,FASN,Cc1nc(C)c(-c2cc(C(=O)N3CCC(c4ccn5cnnc5c4)CC3)ccc2C)[nH]1,4.301029995663981,2,,,,,,,,,,,pending_review,,
FASN-00922,FASN,Cc1nc(C)c(-c2cc(C(=O)N3CCC(c4ccn5ncc(C)c5c4)CC3)c(C)cc2C)[nH]1,5.625251653989896,1,,,,,,,,,,,pending_review,,
FASN-00923,FASN,Cc1nc(C)c(-c2cc(C(=O)N3CCC(c4ccn5nncc5c4)CC3)ccc2C)[nH]1,6.207608310501746,2,,,,,,,,,,,pending_review,,
FASN-00924,FASN,Cc1nc(C)c(-c2ccc(C)c(C(=O)N3CCC(c4ccc(C#N)cc4)CC3)c2)[nH]1,6.267606240177031,2,,,,,,,,,,,pending_review,,
FASN-00925,FASN,Cc1nc(C)c(-c2cccc(C(=O)N3CCC(c4ccc(C#N)cc4)CC3)c2)[nH]1,5.772113295386326,2,,,,,,,,,,,pending_review,,
FASN-00926,FASN,Cc1nc(CC(F)(F)F)c(-c2cc(C(=O)N3CC(c4ccc(C#N)cc4)C3)c(C)cc2C)[nH]1,7.721246399047171,2,,,,,,,,,,,pending_review,,
FASN-00927,FASN,Cc1nc(CC(F)(F)F)c(-c2cc(C(=O)N3CC(c4ccc(C#N)cc4)C3)ccc2C)[nH]1,7.619788758288394,2,,,,,,,,,,,pending_review,,
FASN-00928,FASN,Cc1nc(CCO)c(-c2cc(C(=O)N3CC(c4ccc(C#N)cc4)C3)ccc2C)[nH]1,7.040958607678906,2,,,,,,,,,,,pending_review,,
FASN-00929,FASN,Cc1nc(CO)c(-c2cc(C(=O)N3CC(c4ccc(C#N)cc4)C3)c(C)cc2C)[nH]1,7.721246399047171,2,,,,,,,,,,,pending_review,,
FASN-00930,FASN,Cc1nc(CO)c(-c2cc(C(=O)N3CC(c4ccc(C#N)cc4)C3)ccc2C)[nH]1,7.795880017344075,2,,,,,,,,,,,pending_review,,
FASN-00931,FASN,Cc1nc(Cl)c(-c2cc(C(=O)N3CC(c4ccc(C#N)cc4)C3)c(C)cc2C)[nH]1,7.958607314841775,2,,,,,,,,,,,pending_review,,
FASN-00932,FASN,Cc1nc(Cl)c(-c2cc(C(=O)N3CC(c4ccc(C#N)cc4)C3)ccc2C)[nH]1,8.221848749616356,2,,,,,,,,,,,pending_review,,
FASN-00933,FASN,Cc1nc(Cl)c(-c2cc(C(=O)N3CCC(F)(c4ccc(C#N)cc4)CC3)ccc2C)[nH]1,8.221848749616356,2,,,,,,,,,,,pending_review,,
FASN-00934,FASN,Cc1nc(Cl)c(-c2cc(C(=O)N3CCC(c4ccc(C#N)cc4)CC3)c(C)cc2C)[nH]1,7.920818753952375,2,,,,,,,,,,,pending_review,,
FASN-00935,FASN,Cc1nc(Cl)c(-c2cc(C(=O)N3CCC(c4ccc(C#N)cc4)CC3)ccc2C)[nH]1,8.301029995663981,2,,,,,,,,,,,pending_review,,
FASN-00936,FASN,Cc1nc(Cl)c(-c2cccc(C(=O)N3CC(c4ccc(C#N)cc4)C3)c2)[nH]1,7.318758762624412,2,,,,,,,,,,,pending_review,,
FASN-00937,FASN,Cc1nc(Cl)c(-c2cccc(C(=O)N3CCC(c4ccc(C#N)cc4)CC3)c2)[nH]1,7.096910013008056,2,,,,,,,,,,,pending_review,,
FASN-00938,FASN,Cc1ncc(-c2cc(C(=O)N3CCC(F)(c4ccc(C#N)cc4)CC3)c(C)cc2C2CCC2)[nH]1,7.221848749616356,1,,,,,,,,,,,pending_review,,
FASN-00939,FASN,Cc1ncc(-c2cc(C(=O)N3CCC(F)(c4ccc(C#N)cc4)CC3)ccc2C2CCC2)[nH]1,7.0,1,,,,,,,,,,,pending_review,,
FASN-00940,FASN,Cc1ncc(-c2cc(C(=O)N3CCC(c4ccc(C#N)cc4)CC3)c(C)cc2C2CCC2)[nH]1,7.301029995663981,1,,,,,,,,,,,pending_review,,
FASN-00941,FASN,Cc1ncc(-c2cc(C(=O)N3CCC(c4ccc(C#N)cc4)CC3)ccc2C)[nH]1,6.610833915635467,2,,,,,,,,,,,pending_review,,
FASN-00942,FASN,Cc1ncc(-c2cc(C(=O)N3CCC(c4ccc(C#N)cc4)CC3)ccc2C2CCC2)[nH]1,6.920818753952375,1,,,,,,,,,,,pending_review,,
FASN-00943,FASN,Cc1ncc(-c2cc(C(=O)N3CCC(c4ccc(C#N)cc4)CC3)ccc2N2CCC2)[nH]1,6.6777807052660805,1,,,,,,,,,,,pending_review,,
FASN-00944,FASN,Cc1ncc(C(=O)N2CCC(c3ccc(C#N)cc3)CC2)cc1NC(=O)NCC(C)C,5.2168113089247425,1,,,,,,,,,,,pending_review,,
FASN-00945,FASN,Cc1ncc(C(=O)N2CCC(c3ccc(C#N)cc3)CC2)cc1NC(=O)c1ccc(N2CCCC2)nc1,6.341988603342887,1,,,,,,,,,,,pending_review,,
FASN-00946,FASN,Cc1ncc(C(=O)N2CCC(c3ccc(C#N)cc3)CC2)cc1NC(=O)c1ccc(NC(C)C)nc1,6.151810883008601,1,,,,,,,,,,,pending_review,,
FASN-00947,FASN,Cc1ncc(C(=O)N2CCC3(CC2)OCc2cc(C#N)ccc23)cc1NC(=O)NCC(C)C,4.431798275933005,1,,,,,,,,,,,pending_review,,
FASN-00948,FASN,Cc1ncc(C(=O)N2CCC3(CC2)OCc2cc(C#N)ccc23)cc1NC(=O)c1ccc(N2CCCC2)nc1,5.958607314841775,1,,,,,,,,,,,pending_review,,
FASN-00949,FASN,Cc1ncc(C(=O)N2CCC3(CC2)OCc2cc(C#N)ccc23)cc1NC(=O)c1ccc(NC(C)C)nc1,5.145693958198919,1,,,,,,,,,,,pending_review,,
FASN-00950,FASN,Cc1nnc(-c2cc(C(=O)N3CC(F)(c4ccc(C#N)cc4)C3)c(C)cc2C2CCC2)[nH]1,7.229147988357855,2,,,,,,,,,,,pending_review,,
FASN-00951,FASN,Cc1nnc(-c2cc(C(=O)N3CC(c4ccc(C#N)cc4)C3)c(C)cc2C2CCC2)[nH]1,7.3979400086720375,2,,,,,,,,,,,pending_review,,
FASN-00952,FASN,Cc1nnc(-c2cc(C(=O)N3CC(c4ccc(C#N)cc4)C3)ccc2C2CCC2)[nH]1,7.013228265733755,2,,,,,,,,,,,pending_review,,
FASN-00953,FASN,Cc1nnc(-c2cc(C(=O)N3CCC(F)(c4ccc(C#N)cc4)CC3)c(C)cc2C2CCC2)[nH]1,7.2441251443275085,1,,,,,,,,,,,pending_review,,
FASN-00954,FASN,Cc1nnc(-c2cc(C(=O)N3CCC(F)(c4ccc(C#N)cc4)CC3)ccc2C2CCC2)[nH]1,7.045757490560675,1,,,,,,,,,,,pending_review,,
FASN-00955,FASN,Cc1nnc(-c2cc(C(=O)N3CCC(c4ccc(C#N)c(C)c4)CC3)c(C)cc2C2CCC2)[nH]1,6.638272163982407,2,,,,,,,,,,,pending_review,,
FASN-00956,FASN,Cc1nnc(-c2cc(C(=O)N3CCC(c4ccc(C#N)c(Cl)c4)CC3)c(C)cc2C2CCC2)[nH]1,6.494850021680094,2,,,,,,,,,,,pending_review,,
FASN-00957,FASN,Cc1nnc(-c2cc(C(=O)N3CCC(c4ccc(C#N)c(F)c4)CC3)c(C)cc2C2CCC2)[nH]1,6.838631997765026,2,,,,,,,,,,,pending_review,,
FASN-00958,FASN,Cc1nnc(-c2cc(C(=O)N3CCC(c4ccc(C#N)cc4)CC3)c(C)cc2C2CCCC2)[nH]1,6.508638306165727,1,,,,,,,,,,,pending_review,,
FASN-00959,FASN,Cc1nnc(-c2cc(C(=O)N3CCC(c4ccc(C#N)cc4)CC3)c(C)cc2C2CCCO2)[nH]1,6.075720713938118,2,,,,,,,,,,,pending_review,,
FASN-00960,FASN,Cc1nnc(-c2cc(C(=O)N3CCC(c4ccc(C#N)cc4)CC3)c(C)cc2N(C)C)[nH]1,6.552841968657781,2,,,,,,,,,,,pending_review,,
FASN-00961,FASN,Cc1nnc(-c2cc(C(=O)N3CCC(c4ccc(C#N)cc4)CC3)c(C)cc2N2CC(C)C2)[nH]1,7.008773924307505,2,,,,,,,,,,,pending_review,,
FASN-00962,FASN,Cc1nnc(-c2cc(C(=O)N3CCC(c4ccc(C#N)cc4)CC3)c(C)cc2N2CCC(C)C2)[nH]1,7.154901959985743,2,,,,,,,,,,,pending_review,,
FASN-00963,FASN,Cc1nnc(-c2cc(C(=O)N3CCC(c4ccc(C#N)cc4)CC3)c(C)cc2N2CCCC2)[nH]1,6.886056647693163,1,,,,,,,,,,,pending_review,,
FASN-00964,FASN,Cc1nnc(-c2cc(C(=O)N3CCC(c4ccc(C#N)cc4)CC3)c(C)cc2N2CCCCC2)[nH]1,6.275724130399211,2,,,,,,,,,,,pending_review,,
FASN-00965,FASN,Cc1nnc(-c2cc(C(=O)N3CCC(c4ccc(C#N)cc4)CC3)c(C)cc2N2CCC[C@@H]2C)[nH]1,6.853871964321762,2,,,,,,,,,,,pending_review,,
FASN-00966,FASN,Cc1nnc(-c2cc(C(=O)N3CCC(c4ccc(C#N)cc4)CC3)c(C)cc2N2CCC[C@H]2C)[nH]1,5.485452247339714,2,,,,,,,,,,,pending_review,,
FASN-00967,FASN,Cc1nnc(-c2cc(C(=O)N3CCC(c4ccc(C#N)cc4)CC3)c(C)cc2N2CCN(C)CC2)[nH]1,5.46344155742847,2,,,,,,,,,,,pending_review,,
FASN-00968,FASN,Cc1nnc(-c2cc(C(=O)N3CCC(c4ccc(C#N)cc4)CC3)c(C)cc2N2CCOCC2)[nH]1,6.050609993355087,2,,,,,,,,,,,pending_review,,
FASN-00969,FASN,Cc1nnc(-c2cc(C(=O)N3CCC(c4ccc(C#N)cc4)CC3)c(C)cc2[C@H]2C[C@@H](F)C2)[nH]1,5.253365801062421,2,,,,,,,,,,,pending_review,,
FASN-00970,FASN,Cc1nnc(-c2cc(C(=O)N3CCC(c4ccc(C#N)cc4)CC3)c(C)cc2[C@H]2C[C@@H](O)C2)[nH]1,6.619788758288394,2,,,,,,,,,,,pending_review,,
FASN-00971,FASN,Cc1nnc(-c2cc(C(=O)N3CCC(c4ccc(C#N)cc4)CC3)c(C)cc2[C@H]2C[C@H](F)C2)[nH]1,5.647817481888637,2,,,,,,,,,,,pending_review,,
FASN-00972,FASN,Cc1nnc(-c2cc(C(=O)N3CCC(c4ccc(C#N)cc4)CC3)c(C)cc2[C@H]2C[C@H](O)C2)[nH]1,7.154901959985743,2,,,,,,,,,,,pending_review,,
FASN-00973,FASN,Cc1nnc(-c2cc(C(=O)N3CCC(c4ccc(C#N)cc4)CC3)ccc2N2CCC2)[nH]1,6.6777807052660805,1,,,,,,,,,,,pending_review,,
FASN-00974,FASN,Cc1nnc(-c2cc(C(=O)N3CCC(c4ccc(C#N)cc4C)CC3)c(C)cc2C2CCC2)[nH]1,6.008773924307505,2,,,,,,,,,,,pending_review,,
FASN-00975,FASN,Cc1nnc(-c2cc(C(=O)N3CCC(c4ccc(C#N)cc4Cl)CC3)c(C)cc2C2CCC2)[nH]1,6.167491087293763,2,,,,,,,,,,,pending_review,,
FASN-00976,FASN,Cc1nnc(-c2cc(C(=O)N3CCC(c4ccc(C#N)cc4F)CC3)c(C)cc2C2CCC2)[nH]1,6.698970004336019,2,,,,,,,,,,,pending_review,,
FASN-00977,FASN,Cc1nnc(-c2cc(C(=O)N3CCC(c4ccc(C(F)(F)F)cc4)CC3)c(C)cc2C2CCC2)[nH]1,7.154901959985743,1,,,,,,,,,,,pending_review,,
FASN-00978,FASN,Cc1nnc(-c2cc(C(=O)N3CCC(c4ccc(C(F)F)cc4)CC3)c(C)cc2C2CCC2)[nH]1,6.958607314841775,1,,,,,,,,,,,pending_review,,
FASN-00979,FASN,Cc1nnc(-c2cc(C(=O)N3CCC(c4ccc5nccn5c4)CC3)c(C)cc2C2CCC2)[nH]1,5.435333935747911,2,,,,,,,,,,,pending_review,,
FASN-00980,FASN,Cn1c(-c2ccc(C(=O)N3CCN(C(=O)C4(O)CC4)CC3)cc2)cc2ccccc21,7.318194010053928,2,,,,,,,,,,,pending_review,,
FASN-00981,FASN,Cn1cc(-c2ccc(-c3ccc(C4=NC(C)(C)C(=O)N4CC4CN(C(=O)C5(C)CC5)C4)c(F)c3)cc2)cn1,7.17979854051436,2,,,,,,,,,,,pending_review,,
FASN-00982,FASN,Cn1cc(-c2ccc(-c3ccc(C4=NC(C)(C)C(=O)N4CC4CN(C(=O)C5(O)CC5)C4)c(F)c3)cc2)cn1,6.279840696594043,2,,,,,,,,,,,pending_review,,
FASN-00983,FASN,Cn1cc(-c2ccc(-c3ccc(C4=NC(C)(C)C(=O)N4CC4CN(C(=O)C5CC5)C4)c(F)c3)cc2)cn1,6.739928612014925,2,,,,,,,,,,,pending_review,,
FASN-00984,FASN,Cn1cc(-c2ccc(-c3ccc(C4=NC(C)(C)C(=O)N4CC4CN(C(=O)C5CC5)C4)cc3)cc2)cn1,6.259637310505756,2,,,,,,,,,,,pending_review,,
FASN-00985,FASN,Cn1cc(-c2ccc(-c3ccc(C4=NC(C)(C)C(=O)N4C[C@@H]4CCN(C(=O)C5(C)CC5)C4)c(F)c3)cc2)cn1,7.259637310505756,2,,,,,,,,,,,pending_review,,
FASN-00986,FASN,Cn1cc(-c2ccc(-c3ccc(C4=NC(C)(C)C(=O)N4C[C@@H]4CCN(C(=O)C5(O)CC5)C4)c(F)c3)cc2)cn1,7.51999305704285,3,,,,,,,,,,,pending_review,,
FASN-00987,FASN,Cn1cc(-c2ccc(-c3ccc(C4=NC(C)(C)C(=O)N4C[C@@H]4CCN(C(=O)C5CC5)C4)c(F)c3)cc2)cn1,7.199970640755866,2,,,,,,,,,,,pending_review,,
FASN-00988,FASN,Cn1cc(-c2ccc(-c3ccc(C4=NC(C)(C)C(=O)N4C[C@@H]4CCN(C(=O)C5CC5)C4)cc3)cc2)cn1,6.991399828238082,2,,,,,,,,,,,pending_review,,
FASN-00989,FASN,Cn1cc(-c2ccc(-c3ccc(C4=NC5(CC5)C(=O)N4C[C@@H]4CCN(C(=O)C5CC5)C4)cc3)cc2)cn1,7.410224104417406,2,,,,,,,,,,,pending_review,,
FASN-00990,FASN,Cn1cc(-c2cccc(-c3c(O)nc4cc(Cl)c(C#N)cc4c3O)c2)cn1,6.13430394008393,1,,,,,,,,,,,pending_review,,
FASN-00991,FASN,Cn1ccc(C(=O)N2CC[C@@H](CN3C(=O)C4(CC4)N=C3c3ccc(-c4ccc5occc5c4)cc3)C2)n1,6.346787486224656,1,,,,,,,,,,,pending_review,,
FASN-00992,FASN,Cn1ccc2cc(-c3ccc(C(=O)N4CCN(C(=O)C5(O)CC5)CC4)cc3)ccc21,7.821032576499773,2,,,,,,,,,,,pending_review,,
FASN-00993,FASN,Cn1cnc2cc(-c3ccc(-n4c(C[C@@H]5CCN(C(=O)C6CC6)C5)n[nH]c4=O)cc3)ccc21,7.886056647693163,1,,,,,,,,,,,pending_review,,
FASN-00994,FASN,Cn1cnc2cc(-c3ccc(C4=NC(C)(C)C(=O)N4CC4CN(C(=O)C5(C)CC5)C4)c(F)c3)ccc21,7.0,2,,,,,,,,,,,pending_review,,
FASN-00995,FASN,Cn1cnc2cc(-c3ccc(C4=NC(C)(C)C(=O)N4CC4CN(C(=O)C5(O)CC5)C4)c(F)c3)ccc21,6.489454989793388,2,,,,,,,,,,,pending_review,,
FASN-00996,FASN,Cn1cnc2cc(-c3ccc(C4=NC(C)(C)C(=O)N4C[C@@H]4CCN(C(=O)C5(C)CC5)C4)c(F)c3)ccc21,7.100179497572904,2,,,,,,,,,,,pending_review,,
FASN-00997,FASN,Cn1cnc2cc(-c3ccc(C4=NC(C)(C)C(=O)N4C[C@@H]4CCN(C(=O)C5(O)CC5)C4)c(F)c3)ccc21,7.219682687859849,2,,,,,,,,,,,pending_review,,
FASN-00998,FASN,Cn1nc(C[C@@H]2CCN(C(=O)C3CC3)C2)n(-c2ccc(-c3ccc4occc4c3)cc2)c1=O,7.698970004336019,1,,,,,,,,,,,pending_review,,
FASN-00999,FASN,Cn1ncc2c(=O)n(C[C@@H]3CCN(C(=O)C4CC4)C3)c(-c3ccc(-c4ccc5[nH]ccc5c4)cc3)nc21,8.102372908709558,1,,,,,,,,,,,pending_review,,
FASN-01000,FASN,Cn1ncc2cc(-c3ccc(C4=NC(C)(C)C(=O)N4CC4CN(C(=O)C5(O)CC5)C4)c(F)c3)ccc21,6.610833915635467,2,,,,,,,,,,,pending_review,,
FASN-01001,FASN,Cn1ncc2cc(-c3ccc(C4=NC(C)(C)C(=O)N4CC4CN(C(=O)C5CC5)C4)c(F)c3)ccc21,6.624244974864979,4,,,,,,,,,,,pending_review,,
FASN-01002,FASN,Cn1ncc2cc(-c3ccc(C4=NC(C)(C)C(=O)N4C[C@@H]4CCN(C(=O)C5(C)CC5)C4)c(F)c3)ccc21,7.17979854051436,2,,,,,,,,,,,pending_review,,
FASN-01003,FASN,Cn1ncc2cc(-c3ccc(C4=NC(C)(C)C(=O)N4C[C@@H]4CCN(C(=O)C5(O)CC5)C4)c(F)c3)ccc21,7.070070439915412,2,,,,,,,,,,,pending_review,,
FASN-01004,FASN,Cn1ncc2cc(-c3ccc(C4=NC(C)(C)C(=O)N4C[C@@H]4CCN(C(=O)C5CC5)C4)c(F)c3)ccc21,6.895055088666309,4,,,,,,,,,,,pending_review,,
FASN-01005,FASN,Cn1ncc2cc(-c3ccc(C4=NC(C)(C)C(=O)N4C[C@@H]4CCN(C(=O)C5CC5)C4)cc3)ccc21,6.851811246337,3,,,,,,,,,,,pending_review,,
FASN-01006,FASN,Cn1ncc2cc(-c3ccc(C4=NC(C)(c5ccccc5)C(=O)N4C[C@@H]4CCN(C(=O)C5CC5)C4)cc3)ccc21,6.792283329419604,3,,,,,,,,,,,pending_review,,
FASN-01007,FASN,Cn1ncc2cc(-c3ccc(C4=NC5(CC5)C(=O)N4CC4CCN(C(=O)C5CC5)CC4)cc3)ccc21,5.860120913598763,1,,,,,,,,,,,pending_review,,
FASN-01008,FASN,Cn1ncc2cc(-c3ccc(C4=NC5(CC5)C(=O)N4CC4CN(C(=O)C5CC5)C4)cc3)ccc21,7.161150909262744,1,,,,,,,,,,,pending_review,,
FASN-01009,FASN,Cn1ncc2cc(-c3ccc(C4=NC5(CC5)C(=O)N4C[C@@H]4CCN(C(=O)C5CC5)C4)c(F)c3)ccc21,7.657577319177793,1,,,,,,,,,,,pending_review,,
FASN-01010,FASN,Cn1ncc2cc(-c3ccc(C4=NC5(CC5)C(=O)N4C[C@@H]4CCN(C(=O)C5CC5)C4)cc3)ccc21,7.522878745280337,1,,,,,,,,,,,pending_review,,
FASN-01011,FASN,Cn1ncc2cc(-c3ccc(C4=NC5(CC5)C(=O)N4C[C@@H]4CCN(C(=O)C5CC5)C4)cc3F)ccc21,6.886056647693163,1,,,,,,,,,,,pending_review,,
FASN-01012,FASN,Cn1ncc2cc(-c3ccc(C4=NC5(CC5)C(=O)N4C[C@@H]4CCN(C(=O)C5CC5)C4)cn3)ccc21,6.337242168318426,1,,,,,,,,,,,pending_review,,
FASN-01013,FASN,Cn1ncc2cc(-c3ccc(C4=NC5(CC5)C(=O)N4C[C@@H]4CCN(C(=O)C5CC5)C4)nc3)ccc21,6.102372908709558,1,,,,,,,,,,,pending_review,,
FASN-01014,FASN,Cn1ncc2cc(-c3ccc(C4=NC5(CC5)C(=O)N4C[C@@H]4CCN(C(=O)C5CC5)C4)s3)ccc21,5.050122295963125,1,,,,,,,,,,,pending_review,,
FASN-01015,FASN,Cn1ncc2cc(-c3ccc(C4=NC5(CC5)C(=O)N4C[C@H]4CCCN(C(=O)C5CC5)C4)cc3)ccc21,5.070070439915412,1,,,,,,,,,,,pending_review,,
FASN-01016,FASN,Cn1ncc2cc(-c3ccc(C4=NC5(CC5)C(=O)N4C[C@H]4CCN(C(=O)C5CC5)C4)cc3)ccc21,6.6020599913279625,1,,,,,,,,,,,pending_review,,
FASN-01017,FASN,Cn1ncc2cc(-c3ccc(C4=NC5(CCCC5)C(=O)N4C[C@@H]4CCN(C(=O)C5CC5)C4)cc3)ccc21,7.080921907623926,1,,,,,,,,,,,pending_review,,
FASN-01018,FASN,Cn1ncc2cc(-c3ccc(C4=NC5(CCOC5)C(=O)N4C[C@@H]4CCN(C(=O)C5CC5)C4)cc3)ccc21,6.259637310505756,1,,,,,,,,,,,pending_review,,
FASN-01019,FASN,Cn1ncc2cc(-c3ccc(C4=NC5(CCOCC5)C(=O)N4C[C@@H]4CCN(C(=O)C5CC5)C4)cc3)ccc21,6.337242168318426,1,,,,,,,,,,,pending_review,,
FASN-01020,FASN,Cn1ncc2cc(-c3cnc(C4=NC5(CC5)C(=O)N4C[C@@H]4CCN(C(=O)C5CC5)C4)nc3)ccc21,4.480172006224281,1,,,,,,,,,,,pending_review,,
FASN-01021,FASN,Cn1ncc2cc(-c3ncc(C4=NC5(CC5)C(=O)N4C[C@@H]4CCN(C(=O)C5CC5)C4)cn3)ccc21,5.059981844992336,1,,,,,,,,,,,pending_review,,
FASN-01022,FASN,Cn1ncc2ccc(-c3ccc(C(=O)N4CCN(C(=O)C5(O)CC5)CC4)cc3)cc21,7.585026652029182,1,,,,,,,,,,,pending_review,,
FASN-01023,FASN,N#CC1(C(=O)N2CC[C@@H](CN3C(=O)C4(CC4)N=C3c3ccc(-c4ccc5occc5c4)cc3)C2)CC1,6.229147988357855,1,,,,,,,,,,,pending_review,,
FASN-01024,FASN,N#Cc1cc(Cl)c2nc(O)c(-c3ccccc3)c(O)c2c1,6.39577394691553,1,,,,,,,,,,,pending_review,,
FASN-01025,FASN,N#Cc1cc2c(O)c(-c3cccc(-c4cc(F)cc(F)c4)c3)c(O)nc2cc1Cl,6.137868620686962,1,,,,,,,,,,,pending_review,,
FASN-01026,FASN,N#Cc1cc2c(O)c(-c3cccc(-c4ccc(F)c(F)c4)c3)c(O)nc2cc1Cl,7.167491087293763,1,,,,,,,,,,,pending_review,,
FASN-01027,FASN,N#Cc1cc2c(O)c(-c3cccc(-c4ccc(F)cc4)c3)c(O)nc2cc1Cl,7.267606240177031,1,,,,,,,,,,,pending_review,,
FASN-01028,FASN,N#Cc1cc2c(O)c(-c3cccc(-c4ccc5ccccc5c4)c3)c(O)nc2cc1Cl,6.896196279044043,1,,,,,,,,,,,pending_review,,
FASN-01029,FASN,N#Cc1cc2c(O)c(-c3cccc(-c4ccccc4)c3)c(O)nc2cc1Cl,7.2839966563652006,1,,,,,,,,,,,pending_review,,
FASN-01030,FASN,N#Cc1cc2c(O)c(-c3cccc(-c4cccnc4)c3)c(O)nc2cc1Cl,6.7121982700697735,1,,,,,,,,,,,pending_review,,
FASN-01031,FASN,N#Cc1cc2c(O)c(-c3cccc(-c4csc5ccccc45)c3)c(O)nc2cc1Cl,6.995678626217357,1,,,,,,,,,,,pending_review,,
FASN-01032,FASN,N#Cc1cc2c(O)c(-c3ccccc3)c(O)nc2cc1Cl,6.866461091629782,1,,,,,,,,,,,pending_review,,
FASN-01033,FASN,N#Cc1ccc(-c2ccc(-n3c(CC4CCN(C(=O)C5CC5)C4)n[nH]c3=O)cc2)cc1,6.899629454882437,1,,,,,,,,,,,pending_review,,
FASN-01034,FASN,N#Cc1ccc(C2(F)CCN(C(=O)c3ccc(C(F)(F)F)c(NC(=O)NC4CCOC4)c3)CC2)cc1,7.096910013008056,1,,,,,,,,,,,pending_review,,
FASN-01035,FASN,N#Cc1ccc(C2(F)CCN(C(=O)c3ccc(C(F)(F)F)c(NC(=O)c4ccc(N5CCC5)nc4)c3)CC2)cc1,6.920818753952375,1,,,,,,,,,,,pending_review,,
FASN-01036,FASN,N#Cc1ccc(C2(F)CCN(C(=O)c3ccc(C4CCC4)c(-c4nc5c([nH]4)COCC5)c3)CC2)cc1,7.481486060122112,1,,,,,,,,,,,pending_review,,
FASN-01037,FASN,N#Cc1ccc(C2(F)CCN(C(=O)c3ccc(C4CCC4)c(NC(=O)N[C@@H]4CCOC4)c3)CC2)cc1,7.221848749616356,1,,,,,,,,,,,pending_review,,
FASN-01038,FASN,N#Cc1ccc(C2(F)CCN(C(=O)c3ccc(C4CCC4)c(NC(=O)N[C@H]4CCOC4)c3)CC2)cc1,7.3979400086720375,1,,,,,,,,,,,pending_review,,
FASN-01039,FASN,N#Cc1ccc(C2(F)CCN(C(=O)c3ccc(Cl)c(NC(=O)NC4CCOC4)c3)CC2)cc1,7.522878745280337,1,,,,,,,,,,,pending_review,,
FASN-01040,FASN,N#Cc1ccc(C2(F)CCN(C(=O)c3ccc(Cl)c(NC(=O)c4ccc(N5CCC5)nc4)c3)CC2)cc1,7.522878745280337,1,,,,,,,,,,,pending_review,,
FASN-01041,FASN,N#Cc1ccc(C2(F)CCN(C(=O)c3ccc(F)c(NC(=O)NC4CCOC4)c3)CC2)cc1,6.886056647693163,1,,,,,,,,,,,pending_review,,
FASN-01042,FASN,N#Cc1ccc(C2(F)CCN(C(=O)c3ccc(F)c(NC(=O)c4ccc(N5CCC5)nc4)c3)CC2)cc1,6.657577319177793,1,,,,,,,,,,,pending_review,,
FASN-01043,FASN,N#Cc1ccc(C2CCN(C(=O)c3cc(-c4nc5cc(N6CCCC6)ncc5[nH]4)ccc3C#N)CC2)cc1,5.1249387366083,1,,,,,,,,,,,pending_review,,
FASN-01044,FASN,N#Cc1ccc(C2CCN(C(=O)c3cc(-c4nc5cc(N6CCCC6)ncc5[nH]4)ccc3Cl)CC2)cc1,7.096910013008056,1,,,,,,,,,,,pending_review,,
FASN-01045,FASN,N#Cc1ccc(C2CCN(C(=O)c3cc(-c4nc5cc(N6CCCC6)ncc5[nH]4)ccc3OC(F)(F)F)CC2)cc1,4.600620521847371,1,,,,,,,,,,,pending_review,,
FASN-01046,FASN,N#Cc1ccc(C2CCN(C(=O)c3ccc(C4CCC4)c(-c4nc5c([nH]4)COCC5)c3)CC2)cc1,7.187086643357144,1,,,,,,,,,,,pending_review,,
FASN-01047,FASN,N#Cc1ccc(C2CCN(C(=O)c3ccc(C4CCC4)c(NC(=O)NC[C@@H]4CCCO4)c3)CC2)cc1,7.045757490560675,1,,,,,,,,,,,pending_review,,
FASN-01048,FASN,N#Cc1ccc(C2CCN(C(=O)c3ccc(C4CCC4)c(NC(=O)NC[C@H]4CCCO4)c3)CC2)cc1,7.522878745280337,1,,,,,,,,,,,pending_review,,
FASN-01049,FASN,N#Cc1ccc(C2CCN(C(=O)c3ccc(C4CCC4)c(NC(=O)N[C@H]4CCOC4)c3)CC2)cc1,7.522878745280337,1,,,,,,,,,,,pending_review,,
FASN-01050,FASN,N#Cc1ccc(C2CCN(C(=O)c3ccc(C4CCC4)c(NC(=O)O[C@@H]4CCOC4)c3)CC2)cc1,7.045757490560675,1,,,,,,,,,,,pending_review,,
FASN-01051,FASN,N#Cc1ccc(C2CCN(C(=O)c3ccc(C4CCC4)c(NC(=O)O[C@H]4CCOC4)c3)CC2)cc1,7.154901959985743,1,,,,,,,,,,,pending_review,,
FASN-01052,FASN,N#Cc1ccc(C2CCN(C(=O)c3cccc(-c4nc5cc(N6CCCC6)ncc5[nH]4)c3)CC2)cc1,6.886056647693163,2,,,,,,,,,,,pending_review,,
FASN-01053,FASN,N#Cc1ccc(C2CCN(C(=O)c3cccc(C(=O)Nc4ccc(N5CCCC5)nc4)c3)CC2)cc1,6.6020599913279625,1,,,,,,,,,,,pending_review,,
FASN-01054,FASN,N#Cc1ccc(C2CCN(C(=O)c3ccnc(NC(=O)c4ccc(N5CCCC5)nc4)c3)CC2)cc1,6.161150909262744,1,,,,,,,,,,,pending_review,,
FASN-01055,FASN,N#Cc1ccc2cc(N3CCN(S(=O)(=O)N4CCC5(CC4)CN(C4CC4)C(=O)CO5)CC3)ccc2c1,8.0,1,,,,,,,,,,,pending_review,,
FASN-01056,FASN,N#Cc1ccc2nc(O)c(-c3ccccc3)c(O)c2c1,5.888065723667319,1,,,,,,,,,,,pending_review,,
FASN-01057,FASN,N=C(N)NCCC[C@H](NC(=O)[C@H](CCC(N)=O)NC(=O)[C@H](CCC(N)=O)NC(=O)[C@H](CCC(=O)O)NC(=O)[C@H](CCC(=O)O)NC(=O)[C@H](CC(=O)O)NC(=O)[C@H](CCC(=O)O)NC(=O)[C@H](CC(=O)O)NC(=O)[C@H](CCC(=O)O)NC(=O)[C@H](CCC(=O)O)NC(=O)[C@H](CCC(N)=O)NC(=O)[C@H](CCCCN)NC(=O)[C@@H](N)CCCNC(=N)N)C(=O)N[C@@H](CCC(=O)O)C(=O)O,4.958607314841775,1,,,,,,,,,,,pending_review,,
FASN-01058,FASN,O=C(C1CC1)N1CC(Cc2n[nH]c(=O)n2-c2ccc(-c3ccc4cc[nH]c4c3)cc2)C1,7.795880017344075,1,,,,,,,,,,,pending_review,,
FASN-01059,FASN,O=C(C1CC1)N1CC[C@@H](CN2C(=O)C3(CC3)N=C2c2ccc(-c3c[nH]c4ccccc34)cc2)C1,7.3872161432802645,1,,,,,,,,,,,pending_review,,
FASN-01060,FASN,O=C(C1CC1)N1CC[C@@H](CN2C(=O)C3(CC3)N=C2c2ccc(-c3ccc(-c4ccncc4)cc3)cc2)C1,7.638272163982407,1,,,,,,,,,,,pending_review,,
FASN-01061,FASN,O=C(C1CC1)N1CC[C@@H](CN2C(=O)C3(CC3)N=C2c2ccc(-c3ccc4[nH]ncc4c3)cc2)C1,7.494850021680094,1,,,,,,,,,,,pending_review,,
FASN-01062,FASN,O=C(C1CC1)N1CC[C@@H](CN2C(=O)C3(CC3)N=C2c2ccc(-c3ccc4cc(F)ccc4c3)cc2)C1,7.6020599913279625,1,,,,,,,,,,,pending_review,,
FASN-01063,FASN,O=C(C1CC1)N1CC[C@@H](CN2C(=O)C3(CC3)N=C2c2ccc(-c3ccc4cccnc4c3)cc2)C1,7.698970004336019,1,,,,,,,,,,,pending_review,,
FASN-01064,FASN,O=C(C1CC1)N1CC[C@@H](CN2C(=O)C3(CC3)N=C2c2ccc(-c3ccc4cnccc4c3)cc2)C1,7.698970004336019,1,,,,,,,,,,,pending_review,,
FASN-01065,FASN,O=C(C1CC1)N1CC[C@@H](CN2C(=O)C3(CC3)N=C2c2ccc(-c3ccc4ncccc4c3)cc2)C1,6.795880017344075,1,,,,,,,,,,,pending_review,,
FASN-01066,FASN,O=C(C1CC1)N1CC[C@@H](CN2C(=O)C3(CC3)N=C2c2ccc(-c3ccc4occc4c3)cc2)C1,7.337242168318426,1,,,,,,,,,,,pending_review,,
FASN-01067,FASN,O=C(C1CC1)N1CC[C@@H](CN2C(=O)C3(CC3)N=C2c2ccc(-c3ccc4scnc4c3)cc2)C1,7.376750709602099,1,,,,,,,,,,,pending_review,,
FASN-01068,FASN,O=C(C1CC1)N1CC[C@@H](CN2C(=O)C3(CC3)N=C2c2ccc(-c3cccc(Cl)c3)cc2)C1,7.301029995663981,1,,,,,,,,,,,pending_review,,
FASN-01069,FASN,O=C(C1CC1)N1CC[C@@H](CN2C(=O)C3(CC3)N=C2c2ccc(-c3cccc4[nH]ncc34)cc2)C1,7.481486060122112,1,,,,,,,,,,,pending_review,,
FASN-01070,FASN,O=C(C1CC1)N1CC[C@@H](CN2C(=O)C3(CC3)N=C2c2ccc(-c3cnc4ccccc4c3)cc2)C1,6.920818753952375,1,,,,,,,,,,,pending_review,,
FASN-01071,FASN,O=C(C1CC1)N1CC[C@@H](CN2C(=O)C3(CC3)N=C2c2ccc(-c3n[nH]c4ccccc34)cc2)C1,6.443697499232712,1,,,,,,,,,,,pending_review,,
FASN-01072,FASN,O=C(C1CC1)N1CC[C@@H](CN2C(=O)C3(CC3)N=C2c2ccc(-c3nc4ccccc4[nH]3)cc2)C1,6.229147988357855,1,,,,,,,,,,,pending_review,,
FASN-01073,FASN,O=C(C1CC1)N1CC[C@@H](Cc2n[nH]c(=O)n2-c2ccc(-c3ccc4c(c3)OCO4)cc2)C1,6.801342913045577,1,,,,,,,,,,,pending_review,,
FASN-01074,FASN,O=C(C1CC1)N1CC[C@@H](Cc2n[nH]c(=O)n2-c2ccc(-c3ccc4ccncc4c3)cc2F)C1,8.522878745280337,1,,,,,,,,,,,pending_review,,
FASN-01075,FASN,O=C(C1CC1)N1CC[C@@H](Cc2n[nH]c(=O)n2-c2ccc(-c3ccc4ccoc4c3)cc2)C1,8.221848749616356,1,,,,,,,,,,,pending_review,,
FASN-01076,FASN,O=C(C1CC1)N1CC[C@@H](Cc2n[nH]c(=O)n2-c2ccc(-c3ccc4cnccc4c3)cc2F)C1,8.522878745280337,1,,,,,,,,,,,pending_review,,
FASN-01077,FASN,O=C(C1CC1)N1CC[C@@H](Cc2n[nH]c(=O)n2-c2ccc(-c3ccc4occc4c3)cc2)C1,8.0,1,,,,,,,,,,,pending_review,,
FASN-01078,FASN,O=C(C1CC1)N1CC[C@@H](Cn2cnnc2-c2ccc(-c3ccc4[nH]ncc4c3)cc2)C1,7.886056647693163,1,,,,,,,,,,,pending_review,,
FASN-01079,FASN,O=C(CC(F)(F)F)N1CC[C@@H](CN2C(=O)C3(CC3)N=C2c2ccc(-c3ccc4occc4c3)cc2)C1,6.769551078621726,1,,,,,,,,,,,pending_review,,
FASN-01080,FASN,O=C(N1CC[C@@H](CN2C(=O)C3(CC3)N=C2c2ccc(-c3ccc4occc4c3)cc2)C1)C1(O)CC1,7.443697499232712,1,,,,,,,,,,,pending_review,,
FASN-01081,FASN,O=C([C@@H]1CCCO1)N1CC[C@@H](CN2C(=O)C3(CC3)N=C2c2ccc(-c3ccc4occc4c3)cc2)C1,7.102372908709558,1,,,,,,,,,,,pending_review,,
FASN-01082,FASN,O=C([C@H]1CCCO1)N1CC[C@@H](CN2C(=O)C3(CC3)N=C2c2ccc(-c3ccc4occc4c3)cc2)C1,6.522878745280337,1,,,,,,,,,,,pending_review,,
FASN-01083,FASN,O=C(c1cc(O)cc(O)c1)c1c(O)cc(O)cc1O,5.066006836168757,1,,,,,,,,,,,pending_review,,
FASN-01084,FASN,O=C(c1ccc(-c2cc(Cl)ccc2F)cc1)N1CCN(C(=O)C2(O)CC2)CC1,6.879975113943676,2,,,,,,,,,,,pending_review,,
FASN-01085,FASN,O=C(c1ccc(-c2ccc(Cl)cc2F)cc1)N1CCN(C(=O)C2(O)CC2)CC1,6.716134018725965,2,,,,,,,,,,,pending_review,,
FASN-01086,FASN,O=C(c1ccc(-c2ccc(F)cc2Cl)cc1)N1CCN(C(=O)C2(O)CC2)CC1,5.906578314837764,2,,,,,,,,,,,pending_review,,
FASN-01087,FASN,O=C(c1ccc(-c2ccc3[nH]ccc3c2)cc1)N1CCN(C(=O)C2(O)CC2)CC1,7.770303756120384,2,,,,,,,,,,,pending_review,,
FASN-01088,FASN,O=C(c1ccc(-c2ccc3ccccc3n2)cc1)N1CCN(C(=O)C2(O)CC2)CC1,7.245264323948725,2,,,,,,,,,,,pending_review,,
FASN-01089,FASN,O=C(c1ccc(-c2ccc3cnccc3c2)cc1)N1CCN(C(=O)C2(O)CC2)CC1,7.922331981267469,2,,,,,,,,,,,pending_review,,
FASN-01090,FASN,O=C(c1ccc(-c2ccc3ocnc3c2)cc1)N1CCN(C(=O)C2(O)CC2)CC1,6.718889266142825,2,,,,,,,,,,,pending_review,,
FASN-01091,FASN,O=C(c1ccc(-c2ccc3scnc3c2)cc1)N1CCN(C(=O)C2(O)CC2)CC1,7.726728668260934,2,,,,,,,,,,,pending_review,,
FASN-01092,FASN,O=C(c1ccc(-c2ccccc2)cc1)N1CCN(C(=O)C2(O)CC2)CC1,6.455931955649724,1,,,,,,,,,,,pending_review,,
FASN-01093,FASN,O=C(c1ccc(-c2ccccc2)cc1)N1CCN(C(=O)C2(O)CCC2)CC1,5.7447274948966935,1,,,,,,,,,,,pending_review,,
FASN-01094,FASN,O=C(c1ccc(-c2ccccc2)cc1)N1CCN(C(=O)C2(O)CCCC2)CC1,4.301029995663981,1,,,,,,,,,,,pending_review,,
FASN-01095,FASN,O=C(c1ccc(-c2ccccc2)cc1)N1CCN(C(=O)C2CCCC2)CC1,4.301029995663981,1,,,,,,,,,,,pending_review,,
FASN-01096,FASN,O=C(c1ccc(-c2ccccc2)cc1)N1CCN(C(=O)C2CCCO2)CC1,5.943095148663527,1,,,,,,,,,,,pending_review,,
FASN-01097,FASN,O=C(c1ccc(-c2ccccc2)cc1)N1CCN(C(=O)[C@H]2CCCO2)CC1,5.958607314841775,1,,,,,,,,,,,pending_review,,
FASN-01098,FASN,O=C(c1ccc(-c2cnc3ccccc3c2)cc1)N1CCN(C(=O)C2(O)CC2)CC1,7.9604093769761874,2,,,,,,,,,,,pending_review,,
FASN-01099,FASN,O=C(c1ccc(-c2nc3cc(Cl)ccc3o2)cc1)N1CCN(C(=O)C2(O)CC2)CC1,7.013806000446263,2,,,,,,,,,,,pending_review,,
FASN-01100,FASN,O=C(c1ccc(-c2nc3cc(F)ccc3o2)cc1)N1CCN(C(=O)C2(O)CC2)CC1,6.965684468142841,2,,,,,,,,,,,pending_review,,
FASN-01101,FASN,O=C(c1ccc(-c2nc3ccc(Cl)cc3o2)cc1)N1CCN(C(=O)C2(O)CC2)CC1,6.998097463217487,2,,,,,,,,,,,pending_review,,
FASN-01102,FASN,O=C(c1ccc(-c2nc3ccc(F)cc3o2)cc1)N1CCN(C(=O)C2(O)CC2)CC1,6.858688943560969,2,,,,,,,,,,,pending_review,,
FASN-01103,FASN,O=C(c1ccc(-c2nc3ccccc3o2)cc1)N1CCN(C(=O)C2(O)CC2)CC1,7.131642433197194,2,,,,,,,,,,,pending_review,,
FASN-01104,FASN,O=C(c1ccc(-c2nc3ccccc3s2)cc1)N1CCN(C(=O)C2(O)CC2)CC1,7.209025170813341,2,,,,,,,,,,,pending_review,,
FASN-01105,FASN,O=C1COC2(CCN(S(=O)(=O)c3ccc(-c4ccc5cccnc5c4)cc3)CC2)CN1C1CC1,8.0,1,,,,,,,,,,,pending_review,,
FASN-01106,FASN,O=C1COC2(CCN(S(=O)(=O)c3ccc(-c4ccc5cnccc5c4)cc3)CC2)CN1C1CC1,8.221848749616356,1,,,,,,,,,,,pending_review,,
FASN-01107,FASN,O=C1COC2(CCN(S(=O)(=O)c3ccc(-c4cccc5cnccc45)cc3)CC2)CN1C1CC1,8.221848749616356,1,,,,,,,,,,,pending_review,,
FASN-01108,FASN,O=[N+]([O-])c1cc2c(O)c(-c3ccccc3)c(O)nc2cc1Cl,6.684029654543082,1,,,,,,,,,,,pending_review,,
FASN-01109,FASN,O=[N+]([O-])c1ccc2nc(O)c(-c3ccccc3)c(O)c2c1,5.85294232897164,1,,,,,,,,,,,pending_review,,
FASN-01110,FASN,O=c1c2cc(O)ccc2oc2cc(O)cc(O)c12,4.387428045934824,1,,,,,,,,,,,pending_review,,
SCD1-00001,SCD1,C#Cc1cc(C(=O)Nc2cnn(Cc3cccc(F)c3)c2)no1,5.2839966563652006,1,,,,,,,,,,,pending_review,,
SCD1-00002,SCD1,C=C(C)c1cc(C(=O)N2CCC3(CCc4c(F)cccc4O3)CC2)no1,5.42021640338319,1,,,,,,,,,,,pending_review,,
SCD1-00003,SCD1,C=C(C)c1cc(C(=O)Nc2cnn(Cc3cccc(F)c3)c2)no1,6.040958607678906,1,,,,,,,,,,,pending_review,,
SCD1-00004,SCD1,C=C(C)c1cc(C(=O)Nc2cnn(Cc3ccccc3)c2)on1,5.154901959985743,1,,,,,,,,,,,pending_review,,
SCD1-00005,SCD1,C=C(C)c1cc(C(=O)Nc2cnn(Cc3cnccc3C(F)(F)F)c2)no1,5.4089353929735005,1,,,,,,,,,,,pending_review,,
SCD1-00006,SCD1,C=Cc1cc(C(=O)Nc2cnn(Cc3cccc(F)c3)c2)no1,5.721246399047171,1,,,,,,,,,,,pending_review,,
SCD1-00007,SCD1,CC(=O)c1cc(C(=O)Nc2cnn(Cc3cccc(F)c3)c2)no1,5.022276394711152,1,,,,,,,,,,,pending_review,,
SCD1-00008,SCD1,CC(C)(C)OC(=O)N1CCC2(CCN(C(=O)c3cc(-c4ccccc4)on3)C2)C1,4.532243948755967,1,,,,,,,,,,,pending_review,,
SCD1-00009,SCD1,CC(C)(C)OC(=O)N1CCN(C(=O)c2cc(-c3ccc4c(c3)OCO4)on2)CC1,4.688882157337495,1,,,,,,,,,,,pending_review,,
SCD1-00010,SCD1,CC(C)(C)OC(=O)N1CCN(c2cc(C(=O)Nc3cnn(Cc4ccccc4)c3)no2)CC1,7.2839966563652006,1,,,,,,,,,,,pending_review,,
SCD1-00011,SCD1,CC(C)(C)c1cc(C(=O)Nc2cnn(Cc3ccccc3)c2)no1,5.568636235841012,1,,,,,,,,,,,pending_review,,
SCD1-00012,SCD1,CC(C)c1cc(C(=O)N2CC(Cc3ccccc3)C2)no1,4.795880017344075,1,,,,,,,,,,,pending_review,,
SCD1-00013,SCD1,CC(C)c1cc(C(=O)N2CCC(c3cccc(F)c3)C2)no1,4.6777807052660805,1,,,,,,,,,,,pending_review,,
SCD1-00014,SCD1,CC(C)c1cc(C(=O)Nc2cnn(Cc3cccc(F)c3)c2)no1,6.113509274827518,1,,,,,,,,,,,pending_review,,
SCD1-00015,SCD1,CC(C)c1cc(C(=O)Nc2cnn(Cc3ccccc3)c2)no1,6.318758762624412,1,,,,,,,,,,,pending_review,,
SCD1-00016,SCD1,CC(C)c1cc(C(=O)Nc2cnn(Cc3ccccc3)c2)on1,5.7447274948966935,1,,,,,,,,,,,pending_review,,
SCD1-00017,SCD1,CC(C)c1cc(C(=O)Nc2cnn(Cc3cnccc3C(F)(F)F)c2)no1,5.853871964321762,1,,,,,,,,,,,pending_review,,
SCD1-00018,SCD1,CC1(c2cc(C(=O)Nc3cnn(Cc4ccccc4)c3)no2)COC1,4.721246399047171,1,,,,,,,,,,,pending_review,,
SCD1-00019,SCD1,CC1(c2ccccc2)CCN(C(=O)c2cc(-c3ccc4c(c3)OCO4)on2)CC1,5.531652669587842,1,,,,,,,,,,,pending_review,,
SCD1-00020,SCD1,CC1CN(c2ccccc2)CCN1C(=O)c1cc(-c2ccc3c(c2)OCO3)on1,5.3979400086720375,1,,,,,,,,,,,pending_review,,
SCD1-00021,SCD1,CCc1cc(C(=O)Nc2cnn(Cc3cccc(F)c3)c2)no1,6.0,1,,,,,,,,,,,pending_review,,
SCD1-00022,SCD1,CN(C)c1cc(C(=O)Nc2cnn(Cc3ccccc3)c2)no1,5.6020599913279625,1,,,,,,,,,,,pending_review,,
SCD1-00023,SCD1,CN(Cc1cccc(F)c1)C(=O)c1cc(-c2ccccc2)on1,4.80493100353141,1,,,,,,,,,,,pending_review,,
SCD1-00024,SCD1,CNC(=O)c1cc(C(=O)N2CCC(c3ccccc3)C2)no1,5.277366077466188,1,,,,,,,,,,,pending_review,,
SCD1-00025,SCD1,CNC(=O)c1ccc(-c2cc(C(=O)N3CC(c4ccccc4)C3)no2)cc1,5.229884705212898,1,,,,,,,,,,,pending_review,,
SCD1-00026,SCD1,CNC(=O)c1ccc(-c2cc(C(=O)N3CCC(F)(c4ccccc4)CC3)no2)cc1,4.795880017344075,1,,,,,,,,,,,pending_review,,
SCD1-00027,SCD1,CNC(=O)c1ccc(-c2cc(C(=O)N3CCC(c4ccccc4)CC3)no2)cc1,7.045757490560675,1,,,,,,,,,,,pending_review,,
SCD1-00028,SCD1,CNC(=O)c1ccccc1-c1cc(C(=O)N2CCC(c3ccccc3)CC2)no1,5.181774106386044,1,,,,,,,,,,,pending_review,,
SCD1-00029,SCD1,COC1(c2cc(C(=O)Nc3cnn(Cc4cccc(F)c4)c3)no2)CCC1,5.1938200260161125,1,,,,,,,,,,,pending_review,,
SCD1-00030,SCD1,COC1(c2cc(C(=O)Nc3cnn(Cc4ccccc4)c3)no2)CCC1,4.721246399047171,1,,,,,,,,,,,pending_review,,
SCD1-00031,SCD1,COC1(c2ccccc2)CCN(C(=O)c2cc(-c3ccccc3)on2)CC1,4.756218083906205,1,,,,,,,,,,,pending_review,,
SCD1-00032,SCD1,COC1CCN(c2cc(C(=O)N3CC(c4ccccc4)C3)no2)CC1,4.585026652029182,1,,,,,,,,,,,pending_review,,
SCD1-00033,SCD1,COCc1ncc(-c2cc(C(=O)Nc3cnn(Cc4ccccc4)c3)no2)s1,4.902326300550902,1,,,,,,,,,,,pending_review,,
SCD1-00034,SCD1,CO[C@@H]1CCN(c2cc(C(=O)Nc3cnn(Cc4ccccc4)c3)no2)C1,6.795880017344075,1,,,,,,,,,,,pending_review,,
SCD1-00035,SCD1,CO[C@H]1CCN(c2cc(C(=O)Nc3cnn(Cc4ccccc4)c3)no2)C1,6.462180904926726,1,,,,,,,,,,,pending_review,,
SCD1-00036,SCD1,COc1cc(F)ccc1C1CCCN1C(=O)c1cc(-c2ccc3c(c2)OCO3)on1,4.522878745280337,1,,,,,,,,,,,pending_review,,
SCD1-00037,SCD1,COc1ccc(-c2cc(C(=O)N3CC(Cc4ccccc4)C3)no2)nn1,4.769551078621726,1,,,,,,,,,,,pending_review,,
SCD1-00038,SCD1,COc1ccc(-c2cc(C(=O)N3CC(c4cccc(F)c4)C3)no2)cc1OC,5.809668301829708,1,,,,,,,,,,,pending_review,,
SCD1-00039,SCD1,COc1ccc(-c2cc(C(=O)N3CC(c4ccccc4)C3)no2)nc1,6.515700160653214,1,,,,,,,,,,,pending_review,,
SCD1-00040,SCD1,COc1ccc(-c2cc(C(=O)N3CC(c4ccccc4)C3)no2)nn1,5.7447274948966935,1,,,,,,,,,,,pending_review,,
SCD1-00041,SCD1,COc1ccc(-c2cc(C(=O)N3CCCC3c3ccccc3F)no2)nc1,4.7848914189469065,1,,,,,,,,,,,pending_review,,
SCD1-00042,SCD1,COc1ccc(-c2cc(C(=O)N3CCC[C@H]3c3ccccc3)no2)cn1,4.550830267834799,1,,,,,,,,,,,pending_review,,
SCD1-00043,SCD1,COc1ccc(-c2cc(C(=O)N3CCC[C@H]3c3ccccc3)no2)nc1,4.849857838151442,1,,,,,,,,,,,pending_review,,
SCD1-00044,SCD1,COc1ccc(-c2cc(C(=O)N3CCN(c4ccccc4)CC3)no2)cc1OC,4.458046525541763,1,,,,,,,,,,,pending_review,,
SCD1-00045,SCD1,COc1ccc(C2CCCN2C(=O)c2cc(-c3ccc(F)c(OC)c3)on2)cc1,4.641113795594131,1,,,,,,,,,,,pending_review,,
SCD1-00046,SCD1,COc1ccc(C2CCCN2C(=O)c2cc(-c3ccc(OC(F)(F)F)cc3)on2)cc1,4.47716468633947,1,,,,,,,,,,,pending_review,,
SCD1-00047,SCD1,COc1ccc(C2CCCN2C(=O)c2cc(-c3ccc4c(C)nn(C)c4c3)on2)cc1,4.747632485540101,1,,,,,,,,,,,pending_review,,
SCD1-00048,SCD1,COc1ccc(C2CCCN2C(=O)c2cc(-c3ccc4c(c3)OC(F)(F)O4)on2)cc1,4.380176499542722,1,,,,,,,,,,,pending_review,,
SCD1-00049,SCD1,COc1ccc(C2CCCN2C(=O)c2cc(-c3ccc4c(c3)OCO4)on2)c(F)c1,4.391902053674721,1,,,,,,,,,,,pending_review,,
SCD1-00050,SCD1,COc1ccc(C2CCCN2C(=O)c2cc(-c3ccc4nc(N(C)C)oc4c3)on2)cc1,5.539102157243452,1,,,,,,,,,,,pending_review,,
SCD1-00051,SCD1,COc1ccc(C2CCCN2C(=O)c2cc(-c3cccc(OC)c3)on2)cc1,4.402085528797472,1,,,,,,,,,,,pending_review,,
SCD1-00052,SCD1,COc1ccc(C2CCCN2C(=O)c2cc(-c3ccccc3OC)on2)cc1,4.801893001126598,1,,,,,,,,,,,pending_review,,
SCD1-00053,SCD1,COc1ccc([C@H]2CCCN2C(=O)c2cc(-c3ccc4c(c3)OCO4)on2)cc1,4.474825572164728,1,,,,,,,,,,,pending_review,,
SCD1-00054,SCD1,COc1cccc(C2CCCN2C(=O)c2cc(-c3ccc4c(c3)OCO4)on2)c1,4.606073993414163,1,,,,,,,,,,,pending_review,,
SCD1-00055,SCD1,COc1cccc(F)c1C1CCCN1C(=O)c1cc(-c2ccc3c(c2)OCO3)on1,4.862645888629267,1,,,,,,,,,,,pending_review,,
SCD1-00056,SCD1,COc1cccc(N2CCN(C(=O)c3cc(-c4ccc5c(c4)OCO5)on3)CC2)c1,5.326979092871104,1,,,,,,,,,,,pending_review,,
SCD1-00057,SCD1,COc1ccccc1C1CCCN1C(=O)c1cc(-c2ccc3c(c2)OCO3)on1,4.699404516110037,1,,,,,,,,,,,pending_review,,
SCD1-00058,SCD1,COc1ccccc1Cn1cc(NC(=O)c2cc(-c3ccccc3)on2)cn1,4.958607314841775,1,,,,,,,,,,,pending_review,,
SCD1-00059,SCD1,C[C@@H]1CCCN1C(=O)c1cc(-c2ccc3c(c2)OCO3)on1,4.702896349850744,1,,,,,,,,,,,pending_review,,
SCD1-00060,SCD1,C[C@H]1CCCN1C(=O)c1cc(-c2ccc3c(c2)OCO3)on1,4.509058794643213,1,,,,,,,,,,,pending_review,,
SCD1-00061,SCD1,Cc1cccc(C2CCCN2C(=O)c2cc(-c3ccc4c(c3)OCO4)on2)c1,4.363211310965625,1,,,,,,,,,,,pending_review,,
SCD1-00062,SCD1,Cc1cnccc1-c1cc(C(=O)Nc2cnn(Cc3ccccc3)c2)no1,4.468521082957745,1,,,,,,,,,,,pending_review,,
SCD1-00063,SCD1,Cc1ncc(-c2cc(C(=O)Nc3cnn(Cc4cccc(F)c4)c3)no2)o1,5.10292299679058,1,,,,,,,,,,,pending_review,,
SCD1-00064,SCD1,Cc1ncc(-c2cc(C(=O)Nc3cnn(Cc4ccccc4)c3)no2)o1,5.0,1,,,,,,,,,,,pending_review,,
SCD1-00065,SCD1,Cc1nn(C)c2cc(-c3cc(C(=O)N4COCC4c4ccccc4)no3)ccc12,4.550521600812635,1,,,,,,,,,,,pending_review,,
SCD1-00066,SCD1,Cc1nn(C)c2cc(-c3cc(CN4C(=O)OCC4c4ccccc4)no3)ccc12,4.4071573168689,1,,,,,,,,,,,pending_review,,
SCD1-00067,SCD1,Cc1nn(Cc2ccc(Cl)c(Cl)c2)c(C)c1NC(=O)c1cc(-c2ccco2)on1,5.145693958198919,1,,,,,,,,,,,pending_review,,
SCD1-00068,SCD1,Cc1nn(Cc2ccc(Cl)c(Cl)c2)cc1NC(=O)c1cc(-c2ccco2)on1,5.3124710387853655,1,,,,,,,,,,,pending_review,,
SCD1-00069,SCD1,Cc1nn(Cc2ccccc2)c(C)c1NC(=O)c1cc(-c2ccc3c(c2)OCO3)on1,4.823908740944319,1,,,,,,,,,,,pending_review,,
SCD1-00070,SCD1,Cc1nn(Cc2ccccc2)c(C)c1NC(=O)c1cc(-c2ccco2)on1,4.4129628822565445,1,,,,,,,,,,,pending_review,,
SCD1-00071,SCD1,Cn1c(=O)oc2ccc(-c3cc(C(=O)N4CCC[C@H]4c4ccccc4)no3)cc21,4.587035728003337,1,,,,,,,,,,,pending_review,,
SCD1-00072,SCD1,Cn1cc(-c2cc(C(=O)N3CCC[C@H]3c3ccccc3)no2)ccc1=O,4.390619055749293,1,,,,,,,,,,,pending_review,,
SCD1-00073,SCD1,Cn1cc2ccc(-c3cc(C(=O)N4CC(c5ccccc5)C4)no3)cc2n1,5.287350298372789,1,,,,,,,,,,,pending_review,,
SCD1-00074,SCD1,Cn1ccnc1C1CCCN1C(=O)c1cc(-c2ccc3c(c2)OCO3)on1,4.47716468633947,1,,,,,,,,,,,pending_review,,
SCD1-00075,SCD1,Cn1ncc2ccc(-c3cc(C(=O)N4CC(c5ccccc5)C4)no3)cc21,5.787812395596042,1,,,,,,,,,,,pending_review,,
SCD1-00076,SCD1,Cn1nccc1-c1ccc2c(C(=O)N3CCC[C@H]3c3ccccc3)noc2c1,4.640354207325457,1,,,,,,,,,,,pending_review,,
SCD1-00077,SCD1,N#Cc1ccc(-c2cc(C(=O)N3CCC(c4ccccc4)CC3)no2)c(F)c1,5.259637310505756,1,,,,,,,,,,,pending_review,,
SCD1-00078,SCD1,N#Cc1ccc(-c2cc(C(=O)N3CCC(c4ccccc4)CC3)no2)cc1,6.154901959985743,1,,,,,,,,,,,pending_review,,
SCD1-00079,SCD1,N#Cc1ccc(-c2cc(C(=O)N3CCC[C@H]3c3ccccc3)no2)nc1,4.380176499542722,1,,,,,,,,,,,pending_review,,
SCD1-00080,SCD1,N#Cc1ccc(C2CCCN2C(=O)c2cc(-c3ccc4c(c3)OCO4)on2)cc1,4.4805658050862975,1,,,,,,,,,,,pending_review,,
SCD1-00081,SCD1,N#Cc1ccc(C2CCN(C(=O)c3cc(-c4ccc5c(c4)OCO5)on3)CC2)cc1,5.323306390375134,1,,,,,,,,,,,pending_review,,
SCD1-00082,SCD1,N#Cc1cccc(-c2cc(C(=O)N3CCC[C@H]3c3ccccc3)no2)c1,4.696803942579511,1,,,,,,,,,,,pending_review,,
SCD1-00083,SCD1,N#Cc1cccc(C2CCCN2C(=O)c2cc(-c3ccc4c(c3)OCO4)on2)c1,4.648977147415876,1,,,,,,,,,,,pending_review,,
SCD1-00084,SCD1,N#Cc1ccccc1-c1cc(C(=O)N2CCC(c3ccccc3)CC2)no1,5.2441251443275085,1,,,,,,,,,,,pending_review,,
SCD1-00085,SCD1,N#Cc1ccccc1-c1cc(C(=O)N2CCC[C@H]2c2ccccc2)no1,4.434742656579786,1,,,,,,,,,,,pending_review,,
SCD1-00086,SCD1,O=C(NC1CCN(c2ccccc2)C1)c1cc(-c2ccco2)on1,4.5519123333076585,1,,,,,,,,,,,pending_review,,
SCD1-00087,SCD1,O=C(Nc1cc(-c2ccco2)on1)c1cnn(Cc2ccccc2)c1,5.576754126063192,1,,,,,,,,,,,pending_review,,
SCD1-00088,SCD1,O=C(Nc1cnn(CC2CCCCC2)c1)c1cc(-c2ccco2)on1,4.508638306165727,1,,,,,,,,,,,pending_review,,
SCD1-00089,SCD1,O=C(Nc1cnn(CCCC(F)(F)F)c1)c1cc(-c2ccco2)on1,5.192464971931146,1,,,,,,,,,,,pending_review,,
SCD1-00090,SCD1,O=C(Nc1cnn(Cc2cc(F)ccc2C(F)(F)F)c1)c1cc(-c2ccco2)on1,8.0,1,,,,,,,,,,,pending_review,,
SCD1-00091,SCD1,O=C(Nc1cnn(Cc2cc(F)ccc2Cl)c1)c1cc(-c2ccco2)on1,7.045757490560675,1,,,,,,,,,,,pending_review,,
SCD1-00092,SCD1,O=C(Nc1cnn(Cc2ccc(F)cc2)c1)c1cc(-c2ccco2)on1,7.096910013008056,1,,,,,,,,,,,pending_review,,
SCD1-00093,SCD1,O=C(Nc1cnn(Cc2cccc(C(F)(F)F)c2)c1)c1cc(-c2ccco2)on1,6.698970004336019,1,,,,,,,,,,,pending_review,,
SCD1-00094,SCD1,O=C(Nc1cnn(Cc2cccc(Cl)c2)c1)c1cc(-c2ccco2)on1,7.698970004336019,1,,,,,,,,,,,pending_review,,
SCD1-00095,SCD1,O=C(Nc1cnn(Cc2cccc(F)c2)c1)c1cc(-c2ccco2)on1,7.522878745280337,1,,,,,,,,,,,pending_review,,
SCD1-00096,SCD1,O=C(Nc1cnn(Cc2cccc(F)c2)c1)c1cc(-c2ccncc2)on1,5.570247719997592,1,,,,,,,,,,,pending_review,,
SCD1-00097,SCD1,O=C(Nc1cnn(Cc2cccc(F)c2)c1)c1cc(-c2ccncn2)on1,7.236572006437063,1,,,,,,,,,,,pending_review,,
SCD1-00098,SCD1,O=C(Nc1cnn(Cc2cccc(F)c2)c1)c1cc(-c2ccns2)on1,5.795880017344075,1,,,,,,,,,,,pending_review,,
SCD1-00099,SCD1,O=C(Nc1cnn(Cc2cccc(F)c2)c1)c1cc(-c2cnco2)on1,6.162411561764489,1,,,,,,,,,,,pending_review,,
SCD1-00100,SCD1,O=C(Nc1cnn(Cc2cccc(F)c2)c1)c1cc(-c2cncs2)on1,5.102372908709558,1,,,,,,,,,,,pending_review,,
SCD1-00101,SCD1,O=C(Nc1cnn(Cc2cccc(F)c2)c1)c1cc(-c2ncccc2F)on1,5.7447274948966935,1,,,,,,,,,,,pending_review,,
SCD1-00102,SCD1,O=C(Nc1cnn(Cc2cccc(F)c2)c1)c1cc(C2(O)CCC2)on1,4.698970004336019,1,,,,,,,,,,,pending_review,,
SCD1-00103,SCD1,O=C(Nc1cnn(Cc2cccc(F)c2)c1)c1cc(C2=CCCCC2)on1,6.485452247339714,1,,,,,,,,,,,pending_review,,
SCD1-00104,SCD1,O=C(Nc1cnn(Cc2cccc(F)c2)c1)c1cc(C2CCCCC2)on1,6.559090917934782,1,,,,,,,,,,,pending_review,,
SCD1-00105,SCD1,O=C(Nc1cnn(Cc2cccc(F)c2)c1)c1cc(C2COC2)on1,5.156891858000393,1,,,,,,,,,,,pending_review,,
SCD1-00106,SCD1,O=C(Nc1cnn(Cc2cccc(F)c2)c1)c1cc(Cl)on1,5.040958607678906,1,,,,,,,,,,,pending_review,,
SCD1-00107,SCD1,O=C(Nc1cnn(Cc2cccc(F)c2)c1)c1cc(N2CCCCC2)on1,7.136677139879544,1,,,,,,,,,,,pending_review,,
SCD1-00108,SCD1,O=C(Nc1cnn(Cc2cccc(F)c2)c1)c1cc(N2CCOCC2)on1,5.920818753952375,1,,,,,,,,,,,pending_review,,
SCD1-00109,SCD1,O=C(Nc1cnn(Cc2cccc(F)c2)c1)c1noc2c1CCCC2,7.327902142064282,1,,,,,,,,,,,pending_review,,
SCD1-00110,SCD1,O=C(Nc1cnn(Cc2ccccc2)c1)c1cc(-c2ccc3c(c2)OCO3)on1,7.522878745280337,1,,,,,,,,,,,pending_review,,
SCD1-00111,SCD1,O=C(Nc1cnn(Cc2ccccc2)c1)c1cc(-c2ccccc2)on1,7.045757490560675,1,,,,,,,,,,,pending_review,,
SCD1-00112,SCD1,O=C(Nc1cnn(Cc2ccccc2)c1)c1cc(-c2ccccc2F)on1,6.187086643357144,1,,,,,,,,,,,pending_review,,
SCD1-00113,SCD1,O=C(Nc1cnn(Cc2ccccc2)c1)c1cc(-c2ccccn2)on1,6.259637310505756,1,,,,,,,,,,,pending_review,,
SCD1-00114,SCD1,O=C(Nc1cnn(Cc2ccccc2)c1)c1cc(-c2ccco2)no1,7.522878745280337,1,,,,,,,,,,,pending_review,,
SCD1-00115,SCD1,O=C(Nc1cnn(Cc2ccccc2)c1)c1cc(-c2ccco2)on1,7.154901959985743,1,,,,,,,,,,,pending_review,,
SCD1-00116,SCD1,O=C(Nc1cnn(Cc2ccccc2)c1)c1cc(-c2ccncc2)on1,5.154901959985743,1,,,,,,,,,,,pending_review,,
SCD1-00117,SCD1,O=C(Nc1cnn(Cc2ccccc2)c1)c1cc(-c2ccncc2Cl)on1,5.304518323509802,1,,,,,,,,,,,pending_review,,
SCD1-00118,SCD1,O=C(Nc1cnn(Cc2ccccc2)c1)c1cc(-c2ccncc2F)on1,5.130768280269024,1,,,,,,,,,,,pending_review,,
SCD1-00119,SCD1,O=C(Nc1cnn(Cc2ccccc2)c1)c1cc(-c2ccncn2)on1,6.455931955649724,1,,,,,,,,,,,pending_review,,
SCD1-00120,SCD1,O=C(Nc1cnn(Cc2ccccc2)c1)c1cc(-c2cnco2)on1,5.1938200260161125,1,,,,,,,,,,,pending_review,,
SCD1-00121,SCD1,O=C(Nc1cnn(Cc2ccccc2)c1)c1cc(-c2cncs2)on1,6.236572006437063,1,,,,,,,,,,,pending_review,,
SCD1-00122,SCD1,O=C(Nc1cnn(Cc2ccccc2)c1)c1cc(-c2ncccc2F)on1,4.6777807052660805,1,,,,,,,,,,,pending_review,,
SCD1-00123,SCD1,O=C(Nc1cnn(Cc2ccccc2)c1)c1cc(-c2nccs2)on1,4.958607314841775,1,,,,,,,,,,,pending_review,,
SCD1-00124,SCD1,O=C(Nc1cnn(Cc2ccccc2)c1)c1cc(-c2nncs2)on1,6.318758762624412,1,,,,,,,,,,,pending_review,,
SCD1-00125,SCD1,O=C(Nc1cnn(Cc2ccccc2)c1)c1cc(C2CC2)on1,5.698970004336019,1,,,,,,,,,,,pending_review,,
SCD1-00126,SCD1,O=C(Nc1cnn(Cc2ccccc2)c1)c1cc(N2CCCC2)on1,7.301029995663981,1,,,,,,,,,,,pending_review,,
SCD1-00127,SCD1,O=C(Nc1cnn(Cc2ccccc2)c1)c1cc(N2CCCCC2)on1,6.413412695328245,1,,,,,,,,,,,pending_review,,
SCD1-00128,SCD1,O=C(Nc1cnn(Cc2ccccc2)c1)c1cc(N2CC[C@@H](O)C2)on1,5.119186407719209,1,,,,,,,,,,,pending_review,,
SCD1-00129,SCD1,O=C(Nc1cnn(Cc2ccccc2)c1)c1noc2c1CCCC2,6.1487416512809245,1,,,,,,,,,,,pending_review,,
SCD1-00130,SCD1,O=C(Nc1cnn(Cc2ccccc2C(F)(F)F)c1)c1cc(-c2ccco2)on1,7.3979400086720375,1,,,,,,,,,,,pending_review,,
SCD1-00131,SCD1,O=C(Nc1cnn(Cc2ccccc2Cl)c1)c1cc(-c2ccco2)on1,7.096910013008056,1,,,,,,,,,,,pending_review,,
SCD1-00132,SCD1,O=C(Nc1cnn(Cc2ccccc2F)c1)c1cc(-c2ccccc2)on1,4.795880017344075,1,,,,,,,,,,,pending_review,,
SCD1-00133,SCD1,O=C(Nc1cnn(Cc2ccccc2F)c1)c1cc(-c2ccco2)on1,6.309803919971486,1,,,,,,,,,,,pending_review,,
SCD1-00134,SCD1,O=C(Nc1cnn(Cc2cnccc2C(F)(F)F)c1)c1cc(-c2ccc3c(c2)OCO3)on1,5.221848749616356,1,,,,,,,,,,,pending_review,,
SCD1-00135,SCD1,O=C(Nc1cnn(Cc2cnccc2C(F)(F)F)c1)c1cc(-c2ccccc2)on1,5.638272163982407,1,,,,,,,,,,,pending_review,,
SCD1-00136,SCD1,O=C(Nc1cnn(Cc2cnccc2C(F)(F)F)c1)c1cc(-c2ccccc2F)on1,6.1487416512809245,1,,,,,,,,,,,pending_review,,
SCD1-00137,SCD1,O=C(Nc1cnn(Cc2cnccc2C(F)(F)F)c1)c1cc(-c2ccccn2)on1,4.853871964321762,1,,,,,,,,,,,pending_review,,
SCD1-00138,SCD1,O=C(Nc1cnn(Cc2cnccc2C(F)(F)F)c1)c1cc(-c2ccco2)on1,5.638272163982407,1,,,,,,,,,,,pending_review,,
SCD1-00139,SCD1,O=C(Nc1cnn(Cc2cnccc2C(F)(F)F)c1)c1cc(-c2ccncn2)on1,5.200659450546418,1,,,,,,,,,,,pending_review,,
SCD1-00140,SCD1,O=C(Nc1cnn(Cc2cnccc2C(F)(F)F)c1)c1cc(-c2cnco2)on1,5.0,1,,,,,,,,,,,pending_review,,
SCD1-00141,SCD1,O=C(Nc1cnn(Cc2cnccc2C(F)(F)F)c1)c1cc(N2CCCCC2)on1,6.376750709602099,1,,,,,,,,,,,pending_review,,
SCD1-00142,SCD1,O=C(Nc1cnn(Cc2cnccc2C(F)(F)F)c1)c1noc2c1CCCC2,6.157390760389438,1,,,,,,,,,,,pending_review,,
SCD1-00143,SCD1,O=C(O)Cn1nnc(-c2cc(N3CC4CN(c5cc(F)ccc5Cl)CC4C3)no2)n1,6.616184634019569,1,,,,,,,,,,,pending_review,,
SCD1-00144,SCD1,O=C(O)Cn1nnc(-c2cc(OCCCOc3cc(F)ccc3Br)no2)n1,7.494850021680094,1,,,,,,,,,,,pending_review,,
SCD1-00145,SCD1,O=C(O)c1cncc(-c2ccc(N3CCC(Oc4cc(F)ccc4Br)CC3)nn2)c1,8.397940008672037,1,,,,,,,,,,,pending_review,,
SCD1-00146,SCD1,O=C(c1cc(-c2ccc(Cl)cn2)on1)N1CC(Cc2ccccc2)C1,4.455931955649724,1,,,,,,,,,,,pending_review,,
SCD1-00147,SCD1,O=C(c1cc(-c2ccc(Cl)cn2)on1)N1CC(c2ccccc2)C1,6.201349354554731,1,,,,,,,,,,,pending_review,,
SCD1-00148,SCD1,O=C(c1cc(-c2ccc(F)cn2)on1)N1CC(c2ccccc2)C1,5.823908740944319,1,,,,,,,,,,,pending_review,,
SCD1-00149,SCD1,O=C(c1cc(-c2ccc3c(c2)OCO3)on1)N1CC(Cc2ccccc2)C1,5.94692155651658,1,,,,,,,,,,,pending_review,,
SCD1-00150,SCD1,O=C(c1cc(-c2ccc3c(c2)OCO3)on1)N1CC(c2cccc(F)c2)C1,5.71669877129645,1,,,,,,,,,,,pending_review,,
SCD1-00151,SCD1,O=C(c1cc(-c2ccc3c(c2)OCO3)on1)N1CC(c2ccccc2)C1,6.494850021680094,1,,,,,,,,,,,pending_review,,
SCD1-00152,SCD1,O=C(c1cc(-c2ccc3c(c2)OCO3)on1)N1CC2(C1)CC(O)(c1ccccc1)C2,6.022276394711152,1,,,,,,,,,,,pending_review,,
SCD1-00153,SCD1,O=C(c1cc(-c2ccc3c(c2)OCO3)on1)N1CC2(CC(c3ccccc3)C2)C1,4.730487055782084,1,,,,,,,,,,,pending_review,,
SCD1-00154,SCD1,O=C(c1cc(-c2ccc3c(c2)OCO3)on1)N1CC=C(c2cc(F)ccc2Cl)CC1,6.337242168318426,1,,,,,,,,,,,pending_review,,
SCD1-00155,SCD1,O=C(c1cc(-c2ccc3c(c2)OCO3)on1)N1CCC(O)(c2ccccc2)CC1,4.730954290342377,1,,,,,,,,,,,pending_review,,
SCD1-00156,SCD1,O=C(c1cc(-c2ccc3c(c2)OCO3)on1)N1CCC(Oc2ccccc2)CC1,5.534617148551582,1,,,,,,,,,,,pending_review,,
SCD1-00157,SCD1,O=C(c1cc(-c2ccc3c(c2)OCO3)on1)N1CCC(c2cc(F)ccc2Cl)CC1,5.324221658325914,1,,,,,,,,,,,pending_review,,
SCD1-00158,SCD1,O=C(c1cc(-c2ccc3c(c2)OCO3)on1)N1CCC(c2ccc(F)c(F)c2)CC1,5.739928612014925,1,,,,,,,,,,,pending_review,,
SCD1-00159,SCD1,O=C(c1cc(-c2ccc3c(c2)OCO3)on1)N1CCC(c2cccc(F)c2)CC1,5.995678626217357,1,,,,,,,,,,,pending_review,,
SCD1-00160,SCD1,O=C(c1cc(-c2ccc3c(c2)OCO3)on1)N1CCC(c2ccccc2)CC1,5.94692155651658,1,,,,,,,,,,,pending_review,,
SCD1-00161,SCD1,O=C(c1cc(-c2ccc3c(c2)OCO3)on1)N1CCC(c2ccccc2C(F)(F)F)CC1,5.59176003468815,1,,,,,,,,,,,pending_review,,
SCD1-00162,SCD1,O=C(c1cc(-c2ccc3c(c2)OCO3)on1)N1CCC1c1ccc(F)cc1,5.486782399932061,1,,,,,,,,,,,pending_review,,
SCD1-00163,SCD1,O=C(c1cc(-c2ccc3c(c2)OCO3)on1)N1CCC1c1cccc(F)c1,5.534617148551582,1,,,,,,,,,,,pending_review,,
SCD1-00164,SCD1,O=C(c1cc(-c2ccc3c(c2)OCO3)on1)N1CCC1c1ccccc1,5.455931955649724,1,,,,,,,,,,,pending_review,,
SCD1-00165,SCD1,O=C(c1cc(-c2ccc3c(c2)OCO3)on1)N1CCCC12CC2,5.308034897232639,1,,,,,,,,,,,pending_review,,
SCD1-00166,SCD1,O=C(c1cc(-c2ccc3c(c2)OCO3)on1)N1CCCC1C1CC1,4.988006885340743,1,,,,,,,,,,,pending_review,,
SCD1-00167,SCD1,O=C(c1cc(-c2ccc3c(c2)OCO3)on1)N1CCCC1C1CCOCC1,4.388382889445664,1,,,,,,,,,,,pending_review,,
SCD1-00168,SCD1,O=C(c1cc(-c2ccc3c(c2)OCO3)on1)N1CCCC1Cc1ccccc1,5.330683119433887,1,,,,,,,,,,,pending_review,,
SCD1-00169,SCD1,O=C(c1cc(-c2ccc3c(c2)OCO3)on1)N1CCCC1c1cc(Br)no1,4.489454989793388,1,,,,,,,,,,,pending_review,,
SCD1-00170,SCD1,O=C(c1cc(-c2ccc3c(c2)OCO3)on1)N1CCCC1c1ccc(Br)cc1,4.718285029972704,1,,,,,,,,,,,pending_review,,
SCD1-00171,SCD1,O=C(c1cc(-c2ccc3c(c2)OCO3)on1)N1CCCC1c1ccc(F)cc1,4.6777807052660805,1,,,,,,,,,,,pending_review,,
SCD1-00172,SCD1,O=C(c1cc(-c2ccc3c(c2)OCO3)on1)N1CCCC1c1cccc(Br)c1,4.687188173787912,1,,,,,,,,,,,pending_review,,
SCD1-00173,SCD1,O=C(c1cc(-c2ccc3c(c2)OCO3)on1)N1CCCC1c1cccc(F)c1,4.49254893909803,1,,,,,,,,,,,pending_review,,
SCD1-00174,SCD1,O=C(c1cc(-c2ccc3c(c2)OCO3)on1)N1CCCC1c1ccccc1Br,4.730954290342377,1,,,,,,,,,,,pending_review,,
SCD1-00175,SCD1,O=C(c1cc(-c2ccc3c(c2)OCO3)on1)N1CCCC1c1ccccc1C(F)F,5.209011524911184,1,,,,,,,,,,,pending_review,,
SCD1-00176,SCD1,O=C(c1cc(-c2ccc3c(c2)OCO3)on1)N1CCCC1c1ccnc(Br)c1F,4.634137784597445,1,,,,,,,,,,,pending_review,,
SCD1-00177,SCD1,O=C(c1cc(-c2ccc3c(c2)OCO3)on1)N1CCCC1c1ccncc1F,4.553773598221837,1,,,,,,,,,,,pending_review,,
SCD1-00178,SCD1,O=C(c1cc(-c2ccc3c(c2)OCO3)on1)N1CCCC1c1nc2ccccc2o1,4.558619115083489,1,,,,,,,,,,,pending_review,,
SCD1-00179,SCD1,O=C(c1cc(-c2ccc3c(c2)OCO3)on1)N1CCCC1c1ncco1,4.399789693590672,1,,,,,,,,,,,pending_review,,
SCD1-00180,SCD1,O=C(c1cc(-c2ccc3c(c2)OCO3)on1)N1CCC[C@@H]1C(F)(F)F,4.522734004575147,1,,,,,,,,,,,pending_review,,
SCD1-00181,SCD1,O=C(c1cc(-c2ccc3c(c2)OCO3)on1)N1CCC[C@@H]1c1ccccc1,4.512437439743622,1,,,,,,,,,,,pending_review,,
SCD1-00182,SCD1,O=C(c1cc(-c2ccc3c(c2)OCO3)on1)N1CCC[C@H]1c1ccccc1,5.211124884224583,1,,,,,,,,,,,pending_review,,
SCD1-00183,SCD1,O=C(c1cc(-c2ccc3c(c2)OCO3)on1)N1CCC[C@H]1c1ccon1,4.563678299860267,1,,,,,,,,,,,pending_review,,
SCD1-00184,SCD1,O=C(c1cc(-c2ccc3c(c2)OCO3)on1)N1CCCc2cccc(F)c21,4.513003111568177,1,,,,,,,,,,,pending_review,,
SCD1-00185,SCD1,O=C(c1cc(-c2ccc3c(c2)OCO3)on1)N1CCN(c2cc(F)ccc2Cl)CC1,5.0614802748235075,1,,,,,,,,,,,pending_review,,
SCD1-00186,SCD1,O=C(c1cc(-c2ccc3c(c2)OCO3)on1)N1CCN(c2ccccc2)C(=O)C1,4.950781977329818,1,,,,,,,,,,,pending_review,,
SCD1-00187,SCD1,O=C(c1cc(-c2ccc3c(c2)OCO3)on1)N1CCN(c2ccccc2)CC1,5.605548319173783,1,,,,,,,,,,,pending_review,,
SCD1-00188,SCD1,O=C(c1cc(-c2ccc3c(c2)OCO3)on1)N1CCN(c2ccccc2F)CC1,4.7942544590573375,1,,,,,,,,,,,pending_review,,
SCD1-00189,SCD1,O=C(c1cc(-c2ccc3c(c2)OCO3)on1)N1CCOCC1c1ccccc1,4.770830297460899,1,,,,,,,,,,,pending_review,,
SCD1-00190,SCD1,O=C(c1cc(-c2ccc3c(c2)OCO3)on1)N1CCOc2ccccc21,4.384260311380845,1,,,,,,,,,,,pending_review,,
SCD1-00191,SCD1,O=C(c1cc(-c2ccc3c(c2)OCO3)on1)N1C[C@@H](F)C[C@H]1c1ccccc1,4.706416486503883,1,,,,,,,,,,,pending_review,,
SCD1-00192,SCD1,O=C(c1cc(-c2ccc3c(c2)OCO3)on1)N1C[C@H](F)C[C@H]1c1ccccc1,4.438779321066057,1,,,,,,,,,,,pending_review,,
SCD1-00193,SCD1,O=C(c1cc(-c2ccccc2)on1)N1CC(CCl)(CNc2ccccc2)C1,5.866461091629782,1,,,,,,,,,,,pending_review,,
SCD1-00194,SCD1,O=C(c1cc(-c2ccccc2)on1)N1CC(Cc2ccccc2)C1,6.09151498112135,1,,,,,,,,,,,pending_review,,
SCD1-00195,SCD1,O=C(c1cc(-c2ccccc2)on1)N1CC(c2ccccc2)C1,5.790484985457369,1,,,,,,,,,,,pending_review,,
SCD1-00196,SCD1,O=C(c1cc(-c2ccccc2)on1)N1CC2(C1)CC(O)(c1ccccc1)C2,6.022276394711152,1,,,,,,,,,,,pending_review,,
SCD1-00197,SCD1,O=C(c1cc(-c2ccccc2)on1)N1CC2(C=C(c3ccccc3)C2)C1,5.193141970481182,1,,,,,,,,,,,pending_review,,
SCD1-00198,SCD1,O=C(c1cc(-c2ccccc2)on1)N1CC2(CC(c3ccccc3)C2)C1,5.052076380168273,1,,,,,,,,,,,pending_review,,
SCD1-00199,SCD1,O=C(c1cc(-c2ccccc2)on1)N1CC=C(c2cc(F)ccc2Cl)CC1,7.045757490560675,1,,,,,,,,,,,pending_review,,
SCD1-00200,SCD1,O=C(c1cc(-c2ccccc2)on1)N1CCC(Oc2ccccc2)CC1,5.380906669373257,1,,,,,,,,,,,pending_review,,
SCD1-00201,SCD1,O=C(c1cc(-c2ccccc2)on1)N1CCC(c2cc(F)ccc2Cl)CC1,5.978810700930062,1,,,,,,,,,,,pending_review,,
SCD1-00202,SCD1,O=C(c1cc(-c2ccccc2)on1)N1CCC(c2cccc(F)c2)C1,6.026872146400301,1,,,,,,,,,,,pending_review,,
SCD1-00203,SCD1,O=C(c1cc(-c2ccccc2)on1)N1CCC(c2cccc(F)c2)CC1,6.823908740944319,1,,,,,,,,,,,pending_review,,
SCD1-00204,SCD1,O=C(c1cc(-c2ccccc2)on1)N1CCC(c2ccccc2)C1,5.585026652029182,1,,,,,,,,,,,pending_review,,
SCD1-00205,SCD1,O=C(c1cc(-c2ccccc2)on1)N1CCC(c2ccccc2)CC1,5.787812395596042,1,,,,,,,,,,,pending_review,,
SCD1-00206,SCD1,O=C(c1cc(-c2ccccc2)on1)N1CCC(c2ccccc2C(F)(F)F)CC1,4.957818405484233,1,,,,,,,,,,,pending_review,,
SCD1-00207,SCD1,O=C(c1cc(-c2ccccc2)on1)N1CCC2(CCN(c3ccccc3)C2)C1,4.468521082957745,1,,,,,,,,,,,pending_review,,
SCD1-00208,SCD1,O=C(c1cc(-c2ccccc2)on1)N1CCCC1Cc1ccccc1,5.050609993355087,1,,,,,,,,,,,pending_review,,
SCD1-00209,SCD1,O=C(c1cc(-c2ccccc2)on1)N1CCCC1c1ccccc1,4.522444667801019,1,,,,,,,,,,,pending_review,,
SCD1-00210,SCD1,O=C(c1cc(-c2ccccc2)on1)N1CCC[C@@H]1c1ccccc1,4.9931062920521,1,,,,,,,,,,,pending_review,,
SCD1-00211,SCD1,O=C(c1cc(-c2ccccc2)on1)N1CCC[C@H]1c1ccccc1,4.7447274948966935,1,,,,,,,,,,,pending_review,,
SCD1-00212,SCD1,O=C(c1cc(-c2ccccc2)on1)N1CCN(c2cc(F)ccc2Cl)CC1,5.253365801062421,1,,,,,,,,,,,pending_review,,
SCD1-00213,SCD1,O=C(c1cc(-c2ccccc2)on1)N1CCN(c2ccccc2)CC1,4.877129077135565,1,,,,,,,,,,,pending_review,,
SCD1-00214,SCD1,O=C(c1cc(-c2ccccc2)on1)N1CCn2ccnc2C1,4.530325227448202,1,,,,,,,,,,,pending_review,,
SCD1-00215,SCD1,O=C(c1cc(-c2ccccc2C(F)(F)F)on1)N1CCC(c2ccccc2)C1,5.133712660915805,1,,,,,,,,,,,pending_review,,
SCD1-00216,SCD1,O=C(c1cc(-c2ccccc2Cl)on1)N1CCC(c2ccccc2)C1,4.864549300654486,1,,,,,,,,,,,pending_review,,
SCD1-00217,SCD1,O=C(c1cc(-c2ccccn2)on1)N(Cc1ccc(F)c(F)c1)c1cnn(Cc2ccc(F)c(F)c2)c1,4.4795164672592085,1,,,,,,,,,,,pending_review,,
SCD1-00218,SCD1,O=C(c1cc(-c2ccccn2)on1)N1CC(c2ccccc2)C1,5.505845405981557,1,,,,,,,,,,,pending_review,,
SCD1-00219,SCD1,O=C(c1cc(-c2ccccn2)on1)N1CCC(c2cccc(F)c2)C1,5.045757490560675,1,,,,,,,,,,,pending_review,,
SCD1-00220,SCD1,O=C(c1cc(-c2ccccn2)on1)N1CCC(c2ccccc2)C1,4.6777807052660805,1,,,,,,,,,,,pending_review,,
SCD1-00221,SCD1,O=C(c1cc(-c2ccccn2)on1)N1CCC(c2ccccc2)CC1,4.850165303284215,1,,,,,,,,,,,pending_review,,
SCD1-00222,SCD1,O=C(c1cc(-c2ccccn2)on1)N1CCC[C@H]1c1ccccc1,4.464705879957229,1,,,,,,,,,,,pending_review,,
SCD1-00223,SCD1,O=C(c1cc(-c2cccnc2)on1)N1CC(c2ccccc2)C1,5.29413628771608,1,,,,,,,,,,,pending_review,,
SCD1-00224,SCD1,O=C(c1cc(-c2cccnc2)on1)N1CCC(c2ccccc2)CC1,5.97469413473523,1,,,,,,,,,,,pending_review,,
SCD1-00225,SCD1,O=C(c1cc(-c2ccco2)on1)N1CC(Cc2ccccc2)C1,6.200659450546418,1,,,,,,,,,,,pending_review,,
SCD1-00226,SCD1,O=C(c1cc(-c2ccco2)on1)N1CC(Oc2ccccc2)C1,5.853871964321762,1,,,,,,,,,,,pending_review,,
SCD1-00227,SCD1,O=C(c1cc(-c2ccco2)on1)N1CC(c2ccccc2)C1,5.943095148663527,1,,,,,,,,,,,pending_review,,
SCD1-00228,SCD1,O=C(c1cc(-c2ccco2)on1)N1CC2(CCC2)C1,4.657577319177793,1,,,,,,,,,,,pending_review,,
SCD1-00229,SCD1,O=C(c1cc(-c2ccco2)on1)N1CCC(c2ccccc2)C1,5.554395796726403,1,,,,,,,,,,,pending_review,,
SCD1-00230,SCD1,O=C(c1cc(-c2ccncc2)on1)N1CC(c2ccccc2)C1,5.1444808443322,1,,,,,,,,,,,pending_review,,
SCD1-00231,SCD1,O=C(c1cc(-c2ccncc2)on1)N1CCC(c2ccccc2)CC1,5.8124792791635365,1,,,,,,,,,,,pending_review,,
SCD1-00232,SCD1,O=C(c1cc(-c2ccncn2)on1)N1CC(Cc2ccccc2)C1,6.0,1,,,,,,,,,,,pending_review,,
SCD1-00233,SCD1,O=C(c1cc(-c2ccncn2)on1)N1CC(c2ccccc2)C1,5.503070351926786,1,,,,,,,,,,,pending_review,,
SCD1-00234,SCD1,O=C(c1cc(-c2cnccn2)on1)N1CC(c2ccccc2)C1,5.301029995663981,1,,,,,,,,,,,pending_review,,
SCD1-00235,SCD1,O=C(c1cc(N2CCOCC2)on1)N1CC(c2ccccc2)C1,4.568636235841013,1,,,,,,,,,,,pending_review,,
SCD1-00236,SCD1,O=C(c1cc(N2CCOCC2)on1)N1CCC[C@H]1c1ccccc1,4.3979400086720375,1,,,,,,,,,,,pending_review,,
SCD1-00237,SCD1,O=C(c1noc2c1CCCC2)N1CC(Cc2ccccc2)C1,4.886056647693163,1,,,,,,,,,,,pending_review,,
SCD1-00238,SCD1,O=C(c1noc2c1CCCC2)N1CC(c2ccccc2)C1,5.1249387366083,1,,,,,,,,,,,pending_review,,
SCD1-00239,SCD1,O=C(c1noc2cc(Br)ccc12)N1CCC[C@H]1c1ccccc1,4.380176499542722,1,,,,,,,,,,,pending_review,,
